200
5 26 75 54 42 69 34 82 81 90 78 59 70 9 19 77 14 87 72 96 17 45 40 83 16 40 32 98 76 42 53 89 55 81 31 92 26 62 68 77 19 94 93 24 54 44 31 49 51 11 13 54 99 77 8 32 77 44 59 60 92 92 6 50 45 75 60 37 52 23 11 72 17 16 19 54 50 63 0 44 76 99 79 85 5 41 23 56 42 38 14 27 6 69 42 38 92 88 70 4 14 82 75 27 53 40 96 87 10 27 83 45 50 40 1 11 30 76 9 44 12 45 52 73 4 54 63 85 72 31 40 74 48 55 24 63 84 70 22 95 17 20 83 21 88 68 72 4 59 31 72 74 22 54 91 36 97 4 33 30 8 64 89 41 81 43 76 94 90 27 5 34 79 18 63 92 35 90 13 35 39 46 83 22 92 2 76 57 0 17 29 4 8 40 72 7 31 74 8 37 
44 58 9 66 4 41 36 85 37 68 58 80 54 29 34 23 77 1 87 33 21 9 13 46 0 53 90 35 20 90 95 5 79 15 68 25 86 90 42 75 41 40 17 56 61 15 21 62 88 89 46 65 19 85 54 57 68 23 94 41 75 79 67 22 86 67 75 49 74 14 20 34 22 39 61 41 35 99 48 88 97 21 40 42 74 21 53 90 66 52 26 83 65 96 75 61 81 37 10 21 30 38 95 63 40 71 55 12 96 95 19 0 19 27 21 38 88 94 5 60 76 11 33 77 10 99 33 9 24 78 15 64 54 33 61 85 16 38 75 94 61 92 17 81 89 62 5 42 60 22 12 19 23 33 43 72 60 55 57 76 44 42 24 60 94 91 82 42 79 88 85 15 14 46 32 80 59 59 23 88 9 98 6 68 6 7 87 22 84 95 75 93 44 59 49 63 19 75 61 22 
6 82 51 91 57 96 6 83 27 93 20 94 74 27 34 48 56 66 10 65 99 0 5 4 63 47 25 62 45 69 77 86 67 26 43 53 66 52 70 4 47 42 61 81 72 70 67 46 98 66 0 25 39 85 35 8 98 33 38 59 24 40 15 82 88 68 30 99 59 86 48 77 56 36 46 43 43 29 38 53 30 58 13 48 48 30 81 95 76 51 55 67 58 28 95 30 50 58 47 6 46 56 82 35 68 66 39 1 59 68 62 99 15 0 68 58 4 33 52 8 28 58 20 49 52 61 35 0 6 23 78 82 0 72 87 79 89 33 70 89 1 59 11 40 50 79 2 22 9 49 29 73 89 25 65 15 86 77 68 83 78 22 87 23 28 34 53 6 29 77 24 93 1 5 61 21 0 77 27 61 81 1 49 80 16 53 68 5 22 45 28 95 2 13 75 72 41 73 16 68 
86 12 24 91 85 6 85 67 73 76 14 35 93 52 52 81 51 43 84 17 65 80 99 97 77 94 10 25 68 24 55 98 4 29 34 87 99 17 7 46 37 72 55 58 60 93 22 76 77 88 44 74 71 73 56 75 48 23 98 5 72 25 79 61 64 29 31 47 51 37 6 32 55 86 47 94 93 3 47 78 47 28 5 34 18 86 89 79 82 12 73 19 92 74 93 99 62 4 71 7 63 53 54 34 16 72 93 27 8 57 51 93 74 43 66 97 91 83 17 38 2 41 58 37 44 11 68 83 39 92 68 88 95 74 59 95 17 45 16 8 7 10 74 22 47 26 60 71 80 10 65 92 70 76 67 5 40 63 12 24 67 35 35 46 81 69 1 75 88 80 59 40 37 93 32 99 47 69 9 68 56 33 50 67 6 55 92 96 96 16 0 84 85 78 23 78 74 48 45 51 
40 88 30 56 68 76 67 54 69 8 91 70 36 90 45 99 6 27 3 85 40 16 25 64 30 24 8 2 71 44 26 17 58 43 5 41 25 93 92 20 59 49 47 50 91 49 14 7 73 73 34 15 61 19 93 17 76 75 43 31 65 56 5 98 33 82 27 83 63 43 17 42 56 94 21 57 73 49 92 8 60 44 15 70 28 32 7 10 63 69 57 76 68 53 31 58 15 94 79 42 14 78 69 94 34 3 9 1 92 82 44 73 65 82 57 64 36 41 99 15 94 62 51 84 29 60 90 25 72 15 17 86 41 66 54 61 10 16 69 29 39 53 10 71 43 30 8 21 60 24 97 43 36 89 47 1 89 26 1 39 90 8 16 90 4 24 16 10 90 47 46 0 35 86 46 5 95 56 44 45 43 91 46 21 83 50 69 38 72 16 2 47 89 80 54 51 53 8 78 94 
25 93 84 61 33 92 94 13 9 68 57 69 41 8 47 3 43 7 36 1 19 70 85 20 57 76 9 38 2 69 45 18 1 36 76 27 77 48 14 86 19 26 56 29 32 84 76 76 93 10 1 7 48 12 94 5 70 8 12 50 55 63 91 44 29 61 95 10 22 99 38 67 8 16 68 73 53 65 24 35 42 48 8 64 83 55 24 94 56 30 40 63 62 92 55 2 5 83 80 72 4 39 31 7 62 44 14 13 75 18 99 77 73 79 7 48 31 40 44 36 76 27 93 23 13 68 52 89 33 54 61 48 58 29 55 63 72 44 55 32 50 38 16 17 12 64 72 83 86 54 91 41 1 88 33 77 35 49 11 79 28 79 10 35 35 48 0 33 33 65 60 74 35 20 71 43 54 19 27 4 35 33 88 72 32 50 97 43 2 17 80 10 88 61 43 44 66 45 76 99 
65 15 74 70 42 59 2 49 74 89 80 3 97 78 28 48 46 48 20 64 7 68 61 51 3 66 24 11 12 21 8 78 88 63 35 19 96 61 58 84 13 20 85 66 72 94 56 46 3 22 73 51 85 74 40 55 24 74 79 30 67 8 23 87 34 19 32 43 69 87 87 37 17 56 10 29 33 30 62 56 15 87 53 76 18 22 56 28 74 65 4 66 78 71 54 15 41 59 42 16 28 53 9 83 22 47 78 8 94 81 82 26 48 92 25 71 17 83 8 23 25 69 72 69 65 59 48 16 95 77 12 56 19 79 78 13 48 76 60 30 88 87 95 12 82 14 7 61 89 95 51 68 64 45 84 29 53 17 29 81 65 81 94 89 82 79 36 36 45 80 65 89 36 13 51 37 23 77 72 99 72 44 76 71 26 43 33 12 2 44 72 97 97 98 82 88 57 63 58 78 
68 24 29 64 59 22 95 13 27 58 81 84 53 24 38 4 32 39 63 74 97 29 25 38 22 72 84 66 89 82 37 25 43 72 53 5 4 15 86 20 84 84 92 59 89 40 64 29 7 76 82 23 58 54 31 2 69 77 61 34 12 52 44 76 85 8 71 95 7 36 27 81 6 55 77 81 46 22 27 35 33 32 24 99 70 0 95 61 73 14 3 41 94 66 15 94 67 37 82 95 13 82 60 27 92 83 87 81 6 36 32 63 64 82 83 45 25 74 85 79 14 75 45 66 79 4 84 49 51 85 23 59 73 63 30 90 36 78 48 84 72 22 99 44 9 52 21 36 20 51 76 36 46 82 35 9 82 30 96 17 18 36 75 87 70 59 25 67 96 58 31 76 40 63 33 95 71 63 81 69 5 7 64 15 58 47 59 78 33 79 73 42 44 15 86 47 46 64 32 46 
53 49 46 29 4 99 94 24 11 70 75 12 66 43 97 81 37 12 82 26 34 72 36 10 46 74 81 51 72 19 74 27 62 76 53 31 79 90 7 29 42 66 79 34 75 61 96 7 36 67 94 88 28 58 66 25 46 57 24 57 81 44 54 63 52 20 54 1 90 29 14 26 15 29 13 57 88 46 17 62 60 20 41 90 85 20 45 11 15 36 68 2 26 97 32 26 88 64 53 1 23 62 69 26 20 70 45 66 97 48 66 22 69 21 98 9 4 40 49 29 77 76 4 32 41 8 34 76 30 87 78 95 44 62 88 78 3 16 59 61 51 11 0 85 47 67 83 84 11 14 24 65 85 81 87 27 17 39 54 39 88 33 75 4 92 32 70 90 36 55 38 48 4 66 48 81 40 64 81 57 87 0 79 60 95 17 14 36 62 77 71 55 62 35 91 79 64 58 95 9 
23 14 27 42 20 80 98 46 70 6 66 82 22 16 52 49 72 11 66 29 36 24 69 57 10 9 74 23 27 19 35 41 26 75 30 59 94 8 98 44 77 8 33 70 48 94 56 41 20 65 9 96 55 74 97 58 39 62 15 31 56 70 23 33 97 34 55 9 45 26 61 14 44 96 98 68 80 33 42 13 75 50 98 45 78 31 99 64 86 34 28 93 62 76 26 82 82 13 11 88 79 25 58 0 68 80 13 80 23 32 58 36 6 79 15 73 34 6 67 0 41 35 55 3 55 26 96 22 79 79 7 21 63 53 15 15 41 55 32 52 59 12 56 4 96 0 25 59 65 67 3 24 14 32 79 62 81 0 80 87 87 57 19 54 80 22 40 77 69 96 60 69 99 13 4 9 87 34 48 58 53 62 62 89 9 59 63 39 92 62 7 42 99 20 95 60 51 33 79 78 
39 38 56 91 52 92 27 75 19 93 34 3 2 88 83 63 12 26 52 3 7 79 40 36 30 49 9 91 7 88 21 40 83 33 24 30 97 64 11 85 69 74 2 83 38 27 83 7 58 46 78 36 82 1 90 78 4 48 52 41 71 45 2 32 97 10 42 58 30 64 27 41 83 21 72 10 91 97 75 61 2 93 76 63 27 17 93 80 79 72 32 45 92 18 27 53 75 10 3 85 17 58 78 26 73 16 48 77 40 48 88 65 21 14 45 27 83 31 49 18 43 3 0 26 74 72 20 30 31 43 73 65 35 31 69 86 26 82 55 67 6 86 68 3 32 70 74 28 54 45 88 0 96 83 55 3 88 7 78 73 66 86 52 75 24 43 77 0 12 33 12 18 66 26 36 24 16 77 64 60 5 89 28 10 24 39 96 76 13 35 53 98 34 49 55 42 2 39 58 80 
14 60 53 59 14 36 58 71 8 19 4 79 10 18 51 34 90 43 35 76 28 62 33 76 50 17 81 68 40 45 0 67 9 1 11 75 47 65 58 90 69 14 4 18 22 48 23 92 10 17 91 88 70 76 72 93 8 74 5 35 7 31 7 60 8 91 27 13 90 54 54 60 91 57 64 40 6 81 77 56 61 65 82 16 94 92 64 75 93 73 14 46 20 26 85 76 28 76 87 46 29 80 69 44 11 52 88 89 62 69 83 56 71 67 40 16 44 57 7 0 57 80 58 68 3 79 16 47 31 47 36 83 10 85 15 17 56 89 1 91 11 66 65 13 78 59 22 23 47 58 16 27 17 63 27 24 41 26 28 0 34 65 17 35 75 90 20 48 32 45 81 34 76 40 71 93 66 11 43 31 38 17 11 53 67 27 28 25 61 21 9 68 46 80 42 35 62 87 94 52 
64 44 4 71 28 55 22 1 56 49 14 11 13 28 47 88 98 38 80 36 46 3 84 13 36 19 0 99 36 9 83 31 67 44 93 35 26 67 21 98 35 9 73 70 82 3 18 50 23 18 20 69 87 7 90 68 4 34 37 15 41 34 1 11 64 69 17 78 91 84 40 60 3 84 8 95 73 31 72 10 12 98 33 69 35 31 73 27 76 84 66 31 22 50 86 68 67 62 12 24 24 65 53 21 41 28 3 9 98 82 15 57 76 43 14 28 56 34 54 4 4 68 64 54 3 47 28 80 18 28 19 47 33 45 37 56 60 51 95 73 65 95 65 44 14 31 85 5 44 39 91 30 40 77 31 53 25 96 47 70 84 37 32 78 32 73 18 39 31 85 56 64 84 11 82 68 90 51 2 90 51 96 18 80 13 48 82 30 90 57 20 69 38 50 84 29 44 91 39 95 
16 53 86 79 8 44 42 31 87 15 86 63 42 58 88 32 46 53 80 71 80 22 89 37 35 81 91 6 96 60 93 62 51 41 14 10 94 85 22 55 83 2 97 22 8 10 55 68 1 60 94 64 98 15 91 14 42 90 72 63 53 20 28 44 82 45 17 77 76 60 64 50 30 13 92 34 19 79 10 56 66 60 99 17 38 46 4 92 93 81 79 10 97 75 71 71 49 15 66 96 44 86 36 80 23 10 71 67 91 71 14 69 37 31 44 83 42 97 80 45 92 42 58 61 53 35 36 82 89 92 52 53 9 47 49 75 27 77 40 85 9 20 99 17 77 11 40 5 14 10 94 23 31 85 42 97 33 15 73 18 47 95 83 66 33 87 89 18 49 34 4 9 16 71 83 14 8 2 93 81 82 83 77 50 77 88 72 53 39 91 62 3 80 33 45 65 23 87 97 40 
29 52 75 40 43 48 22 35 53 35 28 87 59 58 35 71 76 18 34 64 36 96 44 54 55 85 86 14 88 51 3 31 19 80 7 35 37 44 38 6 8 82 74 41 80 27 62 67 36 75 72 41 20 7 46 87 65 38 8 74 80 96 94 68 93 91 73 52 76 20 36 94 97 13 47 93 51 85 93 99 15 33 99 19 24 40 42 4 40 15 17 25 76 93 74 36 17 19 83 5 23 59 56 83 47 5 53 41 83 6 87 61 78 7 78 30 54 43 69 51 53 18 65 36 88 11 34 98 11 19 65 11 38 18 51 10 87 64 51 37 52 32 85 87 72 40 75 35 92 87 16 60 28 58 68 20 98 12 29 12 60 64 99 4 60 31 23 45 79 34 77 82 66 70 28 53 68 26 26 6 37 96 92 80 32 37 22 6 95 65 21 93 71 51 52 52 99 43 9 40 
53 2 10 55 97 54 97 26 25 40 66 44 10 39 82 65 55 77 37 91 68 77 41 62 70 59 92 43 18 21 96 28 7 58 56 22 59 21 20 13 17 86 40 99 54 19 53 32 91 62 46 71 79 14 13 16 43 92 3 77 0 72 8 23 62 39 13 1 71 63 6 20 36 77 98 7 69 45 82 90 68 10 25 39 91 6 36 94 65 34 16 97 46 54 12 39 85 18 93 45 35 34 57 7 71 77 63 59 71 69 88 56 73 74 45 81 25 82 5 65 56 44 32 80 83 3 63 86 45 15 1 11 38 6 31 89 97 23 23 75 12 42 50 73 2 71 14 67 10 4 83 69 53 58 80 58 21 87 33 69 18 56 64 94 14 94 4 89 21 7 61 60 86 0 22 71 4 94 67 15 63 18 71 21 68 91 91 27 81 69 89 45 61 6 17 40 81 68 26 82 
53 43 14 24 42 6 96 4 31 73 33 89 66 11 39 61 77 19 88 47 23 9 90 58 92 66 78 12 19 45 24 32 40 66 35 29 79 47 17 22 83 94 33 51 1 20 75 93 16 74 30 61 57 79 35 96 47 73 80 40 85 51 68 2 81 13 39 2 25 35 48 92 96 3 82 52 5 8 88 37 6 94 27 17 49 64 55 58 70 22 8 67 5 27 15 66 67 99 46 67 53 44 82 23 53 26 4 11 20 87 19 42 89 65 38 7 40 7 13 91 69 65 35 54 68 86 84 95 69 16 15 5 15 80 92 25 77 10 39 87 24 54 5 51 53 78 37 42 8 54 69 7 76 16 72 38 71 24 24 84 60 32 55 33 85 84 72 2 92 72 16 14 72 84 8 87 76 34 43 71 97 43 64 43 31 51 77 82 90 87 8 14 85 15 68 13 24 86 93 59 
22 92 97 7 47 51 78 34 9 14 94 50 22 69 88 26 70 4 45 22 22 28 59 15 11 25 10 79 58 48 78 97 69 58 3 53 5 63 85 38 85 72 88 3 99 91 97 65 26 11 62 28 1 9 86 14 29 35 54 17 38 71 66 91 2 41 26 42 23 88 41 63 21 59 63 78 80 83 51 51 5 40 68 96 32 80 92 40 79 60 72 51 75 69 17 18 21 44 8 78 83 99 13 58 56 41 74 29 93 61 62 17 54 1 20 45 85 45 32 82 39 74 37 16 71 31 11 94 3 81 97 66 23 9 92 56 8 12 18 95 53 32 96 29 97 73 59 13 80 80 12 56 53 99 85 17 30 8 25 23 34 39 26 80 59 10 53 83 60 99 28 19 90 91 10 6 50 47 93 21 17 35 92 69 5 58 66 21 5 98 59 83 11 37 97 17 18 5 47 52 
10 85 65 39 4 71 80 28 17 83 88 23 52 6 64 38 8 37 99 67 48 7 59 8 27 82 4 47 67 63 9 80 37 71 24 71 11 75 51 26 26 80 5 93 81 41 90 73 73 62 28 17 28 5 79 7 70 17 43 40 21 21 15 83 21 20 83 96 68 4 37 23 16 88 72 48 5 35 11 91 49 38 55 12 52 36 90 29 33 97 23 79 89 93 80 43 18 56 62 70 45 63 73 84 97 66 63 3 65 51 25 15 84 97 53 77 87 80 42 93 97 1 45 54 47 5 21 30 33 49 43 27 41 56 36 22 59 50 44 74 83 83 53 71 48 80 28 33 91 75 66 71 53 39 76 17 80 48 60 40 95 35 94 5 66 17 56 81 54 94 18 49 73 38 52 78 80 23 7 47 56 6 12 28 25 16 47 6 91 19 18 2 71 5 79 91 10 96 17 89 
49 47 55 13 92 36 75 97 95 28 71 48 19 92 62 1 71 46 84 81 14 24 23 61 15 26 56 91 6 88 59 60 75 6 16 90 19 63 88 29 82 54 52 67 9 72 1 22 42 35 46 18 98 45 74 77 65 29 22 6 8 99 97 37 97 77 53 36 69 85 3 29 45 60 63 3 13 51 23 91 14 17 82 12 54 90 58 50 98 35 3 23 45 54 66 27 98 8 87 31 95 81 12 10 7 83 81 4 63 76 78 32 4 32 60 14 6 31 12 27 89 85 31 65 43 56 68 88 20 98 87 45 19 44 90 90 42 50 78 69 74 0 86 83 94 45 56 74 85 78 48 77 53 64 77 90 32 27 28 23 45 70 22 63 85 20 60 76 63 80 50 23 40 50 82 63 67 23 96 62 48 61 63 2 81 51 37 29 86 52 49 11 65 31 10 50 81 47 16 97 
16 5 64 48 17 65 30 3 15 20 66 98 88 84 77 71 26 73 1 19 36 93 3 37 51 33 47 83 92 67 83 65 29 76 44 72 30 31 10 34 58 80 64 27 72 57 77 40 70 85 59 74 63 97 9 27 61 98 29 2 1 25 2 94 82 31 74 32 88 48 87 19 9 68 92 57 97 30 77 34 21 24 98 2 51 21 32 4 20 62 92 96 3 30 6 59 91 25 28 9 83 28 44 39 56 16 21 41 84 5 81 82 95 0 79 54 2 7 75 91 36 9 27 37 2 1 56 35 16 68 89 98 48 30 4 69 97 5 26 57 76 92 8 45 98 85 63 38 16 39 4 75 82 39 23 85 65 18 85 77 73 87 96 76 99 42 22 42 89 6 62 94 77 4 48 68 11 53 45 23 31 7 67 25 89 98 19 0 70 42 89 61 19 22 60 27 10 13 87 93 
3 60 24 56 75 5 28 72 63 65 38 74 30 96 18 11 62 44 7 46 2 17 88 53 37 16 57 91 98 32 87 34 32 74 21 38 41 74 19 70 2 46 76 67 67 36 13 46 59 47 20 91 93 50 17 97 77 90 34 86 84 32 53 69 85 17 8 65 52 3 80 14 95 75 95 81 59 47 73 67 33 75 5 85 62 39 3 72 10 84 83 89 68 22 51 67 36 37 2 10 16 37 4 68 12 10 53 14 55 67 93 77 49 92 1 79 27 34 63 35 56 95 46 98 83 11 58 75 64 1 67 92 24 99 48 5 51 54 47 18 89 20 29 38 73 33 23 42 35 99 40 64 90 69 97 39 38 61 10 3 58 58 13 62 52 14 19 41 90 72 98 5 82 24 36 21 25 96 6 51 81 26 15 36 84 91 23 22 25 14 2 95 20 98 58 99 67 85 92 29 
1 61 25 94 37 67 9 18 29 48 52 9 73 7 61 60 43 14 0 3 51 61 81 42 16 27 58 55 96 0 16 51 70 58 89 12 6 5 33 29 82 88 94 86 11 63 50 30 78 21 46 47 76 81 59 42 12 55 64 83 98 96 57 40 34 27 77 61 73 14 13 75 11 51 12 79 83 71 94 56 43 43 81 18 20 70 86 5 89 56 73 75 21 63 41 88 22 80 21 69 90 65 54 63 17 36 44 57 41 60 24 78 35 34 85 1 46 76 82 72 65 89 75 62 88 53 31 62 77 69 52 38 40 46 30 21 17 86 98 54 28 83 80 56 0 13 84 25 6 80 76 70 38 17 99 56 90 61 22 73 2 12 4 20 69 16 86 5 11 28 0 21 9 11 56 85 18 43 70 78 19 19 80 49 93 39 71 2 41 2 10 29 52 0 88 50 90 99 35 26 
9 85 82 19 48 80 35 50 1 22 82 12 50 36 41 66 39 63 88 44 65 27 1 75 13 19 30 74 97 60 63 94 71 32 0 21 5 93 67 46 94 29 59 30 74 59 94 11 14 41 72 34 30 84 9 1 27 63 96 95 95 46 17 55 82 25 26 67 78 21 5 41 13 34 84 71 49 52 88 68 3 90 26 20 18 6 33 5 40 50 70 79 4 48 77 45 19 81 34 63 3 50 44 78 40 68 68 46 15 64 50 96 79 76 14 73 34 98 84 13 76 94 0 19 22 87 50 59 89 47 87 45 68 11 45 59 19 58 87 59 95 8 93 6 41 32 16 60 14 51 91 7 1 35 50 1 10 45 29 55 37 32 44 16 37 26 50 98 20 25 32 16 29 14 21 16 75 41 27 90 96 74 69 62 78 50 72 67 32 47 88 74 28 46 12 64 20 76 58 49 
10 9 11 11 90 11 15 97 63 38 93 41 56 88 4 33 98 28 74 88 91 92 29 9 35 88 98 94 5 42 46 76 86 75 90 22 46 96 91 23 55 21 20 91 40 40 96 91 52 28 99 56 22 81 0 94 69 33 88 43 81 89 70 1 87 6 38 41 75 16 83 64 70 6 44 24 73 28 68 87 82 15 4 27 95 62 98 22 36 53 2 61 69 52 69 57 87 13 17 60 48 85 74 58 57 1 40 52 97 52 65 77 26 96 15 28 39 50 4 50 4 52 41 86 61 3 74 3 90 32 1 24 36 11 67 49 68 79 93 55 35 20 14 51 87 90 94 28 39 24 52 81 77 75 18 44 87 25 38 43 89 73 0 21 88 4 0 68 57 75 37 96 67 89 24 5 48 0 77 87 54 4 92 87 18 63 12 46 68 26 95 7 68 29 22 91 0 43 27 11 
72 32 39 78 27 85 92 79 95 10 58 56 61 17 59 46 56 59 40 20 28 17 30 14 44 25 75 6 23 60 15 16 13 43 71 4 38 57 25 1 63 31 48 47 97 67 34 69 90 68 91 30 80 94 76 22 28 87 15 61 54 37 19 87 19 87 18 25 25 40 56 62 11 56 94 55 80 3 25 92 46 89 27 15 79 18 64 83 48 4 70 31 46 81 97 13 62 70 19 51 95 20 30 20 24 53 5 87 72 23 82 78 81 11 7 58 24 61 12 97 15 69 93 49 82 19 74 70 73 4 83 53 43 67 19 99 38 63 62 2 7 87 76 54 14 90 89 50 38 3 24 55 86 1 54 80 57 38 43 5 98 62 6 40 10 24 2 49 75 33 37 30 12 30 27 43 66 67 45 39 69 50 7 19 64 85 93 85 45 12 21 40 89 12 76 21 57 94 64 19 
68 69 19 5 4 36 75 92 19 74 11 70 48 11 30 64 35 69 88 60 5 45 96 82 17 22 70 88 47 95 33 62 61 86 61 84 30 14 27 95 59 48 19 87 1 66 70 4 31 69 14 65 11 41 81 24 69 94 15 85 6 23 19 54 86 71 32 68 68 81 46 5 88 37 78 81 58 96 2 54 57 93 76 46 95 5 93 54 71 8 7 27 41 31 55 82 24 39 55 0 53 26 66 21 64 51 79 4 75 2 44 64 10 73 73 95 7 44 5 95 9 10 13 56 30 72 41 41 98 24 22 22 18 81 96 2 51 93 10 91 1 17 3 36 90 12 76 17 48 87 89 22 82 52 22 32 48 11 45 51 53 4 9 44 75 87 21 74 19 60 87 13 32 17 61 78 83 29 4 88 1 83 6 39 19 3 87 22 31 31 26 85 29 30 16 57 71 65 48 5 
83 61 60 79 72 1 15 95 8 4 96 1 76 96 16 51 26 51 39 81 56 1 55 27 98 8 59 76 36 18 10 46 67 36 7 64 23 65 53 31 94 52 86 81 30 18 73 90 44 46 72 71 7 50 79 44 80 96 83 70 21 21 9 84 24 73 75 10 27 23 9 11 60 59 42 36 94 90 53 84 42 66 38 17 1 56 67 32 22 10 84 14 8 49 11 94 46 56 57 98 24 22 81 48 33 51 20 11 6 56 31 9 63 11 52 81 67 58 21 80 78 15 35 50 17 97 54 4 65 39 95 88 58 57 36 56 99 94 50 5 14 17 24 55 29 28 83 37 35 86 73 67 4 42 72 64 4 62 82 52 63 84 96 56 10 15 62 68 63 78 91 46 99 94 37 3 68 98 69 35 69 96 75 78 1 16 19 21 47 96 30 34 37 53 68 50 8 68 29 64 
23 58 4 82 26 74 46 6 12 60 97 42 37 53 62 41 37 12 39 91 20 11 27 62 87 43 28 42 7 12 80 94 93 64 97 77 75 13 24 91 31 67 3 82 52 52 35 81 76 22 81 48 15 28 37 29 6 27 16 27 73 36 91 96 51 89 18 78 5 86 8 80 91 95 34 76 1 37 19 90 25 54 68 16 89 62 42 94 84 20 43 79 76 73 59 70 86 38 97 35 16 51 93 29 21 55 64 78 2 63 78 69 99 82 49 49 48 94 64 8 61 82 42 0 62 44 63 25 13 70 68 21 44 87 96 89 77 90 87 59 0 92 16 96 44 74 41 45 41 39 50 56 6 11 95 14 19 78 13 61 48 73 39 73 94 17 21 89 21 25 23 16 0 59 86 68 94 46 69 54 57 60 56 43 62 45 12 22 21 67 6 36 95 34 92 91 95 28 58 36 
4 76 35 98 63 22 21 39 44 65 57 55 90 83 15 62 67 13 71 19 8 84 23 37 72 57 22 48 47 44 0 48 97 19 56 68 44 9 87 92 59 93 81 39 90 48 32 84 86 14 8 25 89 52 99 23 4 97 90 63 2 80 57 0 20 74 55 53 55 6 18 26 41 24 72 68 11 53 35 58 1 41 52 68 54 67 63 58 37 58 51 63 76 71 77 84 72 3 15 60 85 36 75 97 53 32 23 85 66 60 68 32 73 42 52 80 59 49 10 88 22 45 6 77 12 22 56 39 14 45 29 49 67 58 77 72 62 15 32 81 93 11 59 35 68 49 74 97 67 19 75 63 75 64 91 75 40 52 92 25 71 87 92 22 63 50 96 42 39 60 28 12 95 49 13 9 33 39 37 47 75 86 38 10 86 38 6 74 85 51 9 3 34 69 6 60 14 98 45 16 
58 7 3 6 95 51 82 71 73 0 38 32 19 72 99 46 37 54 99 18 27 62 99 13 2 41 75 92 25 1 24 14 10 2 84 54 21 3 29 86 65 30 72 70 68 83 9 8 79 57 2 22 79 45 16 60 41 40 23 82 66 60 62 52 40 53 29 80 73 5 65 97 27 44 40 57 23 69 18 2 44 34 66 2 27 90 93 99 74 3 50 33 45 7 20 59 15 44 13 69 94 7 51 74 99 87 25 73 70 65 64 32 23 81 18 66 78 48 33 31 44 27 16 35 29 44 62 55 47 91 59 77 18 69 55 60 34 51 8 30 26 53 77 99 32 82 52 9 78 20 52 2 69 74 0 80 85 86 55 95 20 20 75 51 67 43 72 38 72 11 63 98 91 42 52 23 56 27 92 26 32 80 2 23 56 87 83 7 99 0 23 52 64 33 24 14 41 21 8 22 
10 56 19 40 30 7 10 9 97 81 82 64 11 43 43 21 85 40 85 1 52 21 84 72 5 80 40 98 73 40 77 76 5 28 5 83 10 60 34 62 15 72 89 33 54 33 81 21 78 66 65 49 19 95 78 43 20 44 45 78 61 3 17 75 34 47 82 54 6 36 81 63 21 33 61 80 53 19 17 72 11 68 46 66 75 51 2 76 66 76 60 22 87 73 66 18 6 10 75 36 6 42 70 34 0 26 78 93 56 55 91 20 36 42 56 91 57 74 62 17 92 25 54 52 76 51 97 24 74 24 88 45 84 47 51 21 83 62 37 9 71 97 15 40 70 73 38 88 26 6 12 42 50 60 97 0 74 56 29 42 51 11 55 90 18 76 60 52 0 73 41 60 25 47 3 86 81 1 60 2 62 68 11 54 32 51 20 78 32 41 51 98 37 71 84 22 21 80 86 41 
53 34 5 31 56 9 19 96 65 18 30 61 78 55 41 12 84 3 74 91 98 89 3 51 71 80 11 22 47 85 21 92 97 9 0 1 36 40 61 80 11 61 12 28 76 36 40 80 73 34 25 62 78 23 15 85 45 71 69 87 65 1 76 87 33 77 52 97 69 65 44 90 75 79 65 38 38 87 37 34 54 18 66 87 33 65 94 68 75 51 11 97 21 76 16 43 71 52 39 22 73 91 30 92 66 43 33 30 83 1 87 55 8 30 87 66 75 87 93 56 81 39 62 86 14 25 86 73 46 41 49 1 42 34 80 5 94 79 1 96 19 39 11 79 75 73 96 52 45 83 95 14 88 97 61 38 19 74 83 73 68 44 37 23 31 31 67 74 42 35 25 75 26 77 14 81 46 48 77 61 41 91 85 72 81 62 7 31 84 37 55 79 84 87 74 17 27 94 76 56 
23 39 70 88 73 45 74 45 86 48 62 24 29 27 11 1 87 87 64 72 39 98 85 37 70 75 32 70 74 41 44 15 49 78 4 41 17 51 49 76 45 79 21 75 66 15 30 81 9 93 28 97 30 99 18 67 45 36 15 66 67 81 74 52 99 1 45 95 64 29 26 21 18 65 4 50 77 85 92 91 88 1 53 15 31 20 46 78 9 27 16 95 29 59 74 66 77 37 8 7 61 37 81 97 45 99 92 33 6 3 60 97 88 29 55 23 13 70 11 53 85 99 92 45 76 96 55 91 57 51 43 32 44 53 45 28 33 86 3 45 15 96 68 56 76 62 50 65 55 91 98 36 70 43 86 22 5 42 26 26 0 71 97 69 82 17 51 26 69 63 67 37 93 26 42 17 23 36 99 3 81 91 26 45 8 68 4 2 29 35 78 31 50 93 30 67 24 17 62 10 
16 24 49 20 3 42 34 43 48 46 62 18 27 64 54 80 15 67 55 36 31 22 52 35 40 89 41 75 55 8 13 79 43 85 94 12 59 33 36 62 97 96 24 17 52 82 27 17 73 43 62 83 53 89 7 67 21 45 91 24 32 91 15 63 55 94 35 50 93 18 20 95 61 40 85 91 71 16 63 16 50 40 54 82 4 1 46 14 52 68 13 26 13 61 75 30 98 89 28 67 38 47 8 18 65 24 83 31 26 0 13 20 93 32 58 59 41 36 40 39 75 26 3 16 78 58 65 92 76 73 59 92 11 77 79 66 80 92 38 28 68 53 39 76 42 3 47 84 70 5 78 52 53 21 33 21 87 19 0 86 63 51 39 11 22 19 65 72 69 34 0 57 15 74 84 22 90 11 59 40 67 12 14 34 25 9 21 43 67 90 66 65 87 96 91 0 25 9 76 2 
32 3 20 70 73 4 47 63 14 58 44 75 83 2 59 85 2 64 56 92 69 76 42 12 17 11 26 23 25 10 44 43 6 61 53 80 2 65 10 9 10 65 56 39 27 86 43 88 96 33 35 62 26 39 25 76 36 8 1 72 78 65 84 38 74 37 93 45 35 46 52 19 11 4 5 75 28 8 36 16 51 64 44 42 0 18 0 92 40 87 41 15 51 31 1 20 58 51 33 91 25 75 94 64 33 36 86 75 53 48 71 97 83 75 75 13 88 91 62 82 65 26 63 69 21 37 22 6 21 26 8 82 79 47 46 35 88 30 37 20 57 53 74 66 4 54 43 3 50 50 85 68 51 8 54 99 26 36 88 47 5 26 26 59 55 35 51 50 25 17 97 92 12 29 6 41 82 60 9 41 77 54 66 23 46 91 30 42 33 87 97 72 82 0 50 96 88 5 35 59 
75 25 96 59 35 91 72 0 43 19 32 4 36 61 62 57 28 79 46 2 22 89 53 39 92 48 59 33 88 87 88 48 71 92 51 21 12 86 21 83 33 47 18 68 51 95 79 62 34 0 80 86 97 41 37 32 87 94 67 94 64 89 76 37 21 30 66 54 50 7 80 12 69 82 92 79 85 75 54 43 28 18 50 15 50 5 96 11 44 12 10 66 30 73 8 73 52 90 25 33 78 79 91 35 50 11 12 59 11 30 36 15 84 32 79 17 63 43 66 99 18 78 72 53 54 15 38 29 47 91 25 61 26 83 20 66 3 41 47 8 2 87 64 81 62 27 26 75 20 46 51 58 7 10 27 89 87 76 77 40 18 12 38 76 43 93 1 6 27 81 72 26 32 75 24 42 48 6 96 35 71 48 44 29 71 32 9 49 65 2 99 38 38 93 24 0 39 63 93 47 
28 45 15 76 71 63 83 45 19 46 99 96 46 97 71 75 88 22 22 10 41 45 68 27 98 37 38 31 74 75 15 87 28 7 37 10 41 19 10 47 67 55 28 97 97 3 78 75 28 13 95 46 68 8 20 91 27 5 19 49 59 12 75 98 5 39 89 12 30 30 80 92 52 35 0 35 10 46 99 52 21 94 70 5 57 39 69 78 71 85 63 38 99 79 42 63 44 68 92 3 25 87 17 83 17 67 94 45 59 48 96 76 22 35 13 5 67 56 95 32 19 70 90 55 64 4 19 39 55 47 46 91 42 62 1 2 13 47 83 3 58 92 39 43 77 44 34 32 41 16 14 5 78 46 6 83 52 51 82 15 8 17 95 22 29 63 27 32 20 76 53 74 71 32 66 71 76 46 68 87 67 35 71 22 86 2 59 75 96 18 7 78 14 22 96 96 24 21 60 85 
45 44 84 84 28 42 95 39 21 21 48 29 5 2 87 58 2 66 39 8 55 79 91 85 23 70 69 14 6 77 87 81 75 21 39 96 93 23 79 77 17 29 18 70 79 15 31 12 38 65 7 27 69 48 13 4 30 94 51 63 99 45 42 26 94 72 92 84 9 38 40 92 37 5 44 83 64 61 65 2 52 91 61 1 56 32 27 48 54 88 23 67 60 25 62 70 17 44 74 1 16 48 44 90 29 48 87 43 66 99 48 80 29 88 52 47 24 54 87 69 45 98 89 59 34 33 69 11 50 44 28 34 33 69 87 23 52 49 16 52 11 24 95 6 69 31 78 86 9 84 70 74 54 53 48 84 76 85 0 31 76 87 32 2 10 69 8 27 18 29 96 66 67 51 15 97 89 50 19 34 76 36 58 23 29 29 23 1 74 43 3 9 5 85 11 39 97 96 46 8 
21 42 24 55 30 68 86 31 46 67 75 2 87 43 5 49 48 19 97 23 89 51 56 83 64 91 16 83 98 57 76 90 5 96 13 85 90 40 10 74 48 95 75 44 42 90 61 4 33 20 21 55 81 79 8 9 54 8 13 18 15 80 64 2 8 8 27 68 36 12 1 6 5 89 41 78 40 75 19 5 7 59 11 83 40 26 15 59 19 47 59 45 70 10 57 23 26 47 21 30 22 27 28 21 50 83 63 45 13 76 85 82 70 33 13 75 10 95 32 5 30 87 90 91 55 99 71 81 56 28 73 5 8 47 51 35 89 81 99 68 24 42 15 95 71 49 80 16 24 29 25 26 47 35 48 9 38 30 77 42 13 48 81 29 12 90 34 67 72 47 73 81 28 43 56 29 97 23 18 42 17 21 35 52 47 99 60 46 22 30 43 10 58 55 2 83 5 70 99 22 
12 41 28 54 83 47 10 29 51 98 85 48 21 13 70 86 17 9 15 86 16 80 39 85 92 18 53 9 71 66 21 93 47 78 8 11 87 0 49 70 88 61 84 50 27 35 73 57 19 29 13 73 60 66 44 14 5 55 28 55 46 32 59 20 76 0 79 54 15 56 74 76 7 77 48 11 0 5 51 66 43 68 20 48 48 98 91 68 25 40 39 38 1 20 0 61 81 31 34 42 32 92 28 15 85 15 79 25 34 68 90 34 20 71 87 55 33 60 8 11 4 58 86 81 44 43 6 34 80 58 45 35 97 48 55 14 24 36 44 44 90 67 18 75 30 71 17 97 13 32 93 65 73 12 45 5 65 73 53 43 10 19 39 75 36 39 84 22 50 28 0 29 31 45 38 1 56 52 47 95 66 24 93 11 31 77 63 44 40 48 82 93 26 9 14 76 10 5 40 72 
19 62 79 8 75 17 99 8 53 15 41 26 28 2 71 16 88 36 62 97 65 65 95 59 66 13 83 95 46 95 8 36 56 43 64 69 16 25 80 53 86 96 50 47 89 35 56 53 17 82 50 83 15 47 36 58 96 38 27 27 15 20 29 8 99 73 52 18 34 86 17 94 55 35 93 35 31 3 97 51 41 15 64 5 0 23 38 24 42 18 56 81 22 3 94 85 46 30 54 32 45 99 85 95 16 46 78 14 52 42 40 56 41 16 33 38 26 3 87 36 24 3 62 53 94 34 31 42 54 49 79 45 33 31 91 88 49 22 87 18 39 90 84 23 48 17 68 78 53 42 92 45 82 84 98 56 45 54 41 20 84 1 80 2 98 84 69 94 39 72 79 42 98 5 66 87 11 87 65 78 0 59 90 43 49 22 40 89 9 62 12 12 89 42 97 40 95 82 49 45 
83 59 10 61 82 35 33 51 76 90 13 22 13 17 76 45 1 30 98 61 1 32 75 45 37 88 50 58 11 10 98 93 20 65 18 23 61 21 98 33 50 96 96 14 39 56 52 50 28 13 73 20 99 66 39 89 89 76 14 79 96 80 37 74 18 13 35 62 26 10 31 80 85 59 84 77 15 5 15 28 99 28 52 59 51 54 76 78 24 88 95 1 61 63 12 86 52 88 55 30 68 6 91 77 25 99 60 19 76 0 20 86 35 24 6 34 79 6 53 12 49 70 43 22 77 69 88 80 79 2 5 30 66 92 22 16 13 1 11 2 65 59 27 12 28 7 0 45 33 67 23 89 38 54 29 59 47 85 9 21 63 2 92 11 8 30 20 53 43 52 95 42 63 72 69 76 31 98 72 28 29 15 76 44 63 98 99 43 59 0 34 82 17 37 11 92 92 8 73 21 
82 54 68 20 34 92 82 10 80 15 45 19 41 58 52 15 85 69 39 76 12 82 5 74 98 8 60 26 96 37 90 47 39 90 50 79 90 22 87 44 13 99 72 99 22 1 99 95 73 50 91 50 98 16 89 19 14 11 4 65 83 26 59 19 75 2 66 6 50 75 98 12 81 33 32 33 23 18 18 18 4 47 63 25 5 27 85 50 15 77 50 11 22 15 59 1 75 54 73 35 65 82 18 29 35 45 59 48 77 45 30 82 9 47 3 24 35 69 70 89 69 43 19 30 21 95 3 89 21 96 96 80 80 65 77 44 74 93 44 79 44 74 72 88 62 59 82 96 70 4 47 33 81 65 91 5 6 95 76 93 43 87 52 43 3 62 14 40 54 8 75 54 48 57 91 21 91 61 29 60 73 40 9 74 48 71 93 20 8 17 94 88 79 39 84 13 41 93 80 41 
21 65 26 91 40 3 98 84 39 41 11 89 99 76 40 96 13 87 31 21 50 19 80 29 87 65 21 32 32 20 41 93 3 0 60 98 46 23 80 51 45 13 1 59 82 72 38 69 9 83 22 30 83 39 1 7 55 10 97 54 97 23 76 65 62 90 11 74 27 34 50 39 47 68 65 62 97 52 92 40 92 70 26 0 7 69 42 77 26 82 90 29 5 31 74 53 27 12 75 75 91 39 36 4 45 27 85 85 14 47 99 83 94 3 96 21 83 93 19 52 83 6 98 13 4 86 11 55 48 58 11 68 87 50 11 70 38 25 48 31 49 66 7 3 26 91 36 12 71 40 94 77 59 87 81 81 28 16 15 53 34 90 51 25 19 6 31 67 53 49 68 94 63 6 94 55 89 41 32 12 50 15 1 57 25 64 4 6 96 21 72 79 92 17 84 84 46 74 13 65 
25 77 13 58 13 87 4 8 97 48 41 73 87 79 69 70 30 57 84 88 23 33 70 18 95 25 9 32 34 90 70 3 61 92 41 77 74 60 77 48 66 47 48 13 15 66 12 14 57 1 26 12 2 78 31 61 14 64 54 46 61 6 7 18 32 50 39 89 13 72 35 63 74 36 81 44 66 92 93 62 86 85 64 54 56 82 64 63 89 63 83 24 44 26 82 37 43 28 36 40 57 38 56 80 14 27 20 11 37 17 57 45 29 79 72 1 61 52 43 22 7 8 9 30 99 84 71 1 0 34 0 15 36 18 91 76 11 56 1 93 0 76 51 25 54 28 12 29 2 33 29 98 72 4 54 7 59 8 14 32 63 97 40 45 37 95 48 22 57 70 97 17 16 70 68 75 38 52 99 59 88 60 67 79 60 12 30 8 17 43 30 5 88 1 35 23 12 88 95 74 
16 93 91 26 29 15 29 37 89 79 91 38 21 90 51 44 93 97 5 17 53 6 64 84 20 15 20 12 48 82 38 62 51 56 56 56 74 44 80 40 1 55 8 47 16 42 53 52 71 98 25 84 46 6 14 16 98 94 35 94 10 81 94 65 89 4 35 24 32 41 32 35 70 34 59 13 16 20 75 33 37 98 93 80 81 45 33 86 97 39 58 97 98 90 18 36 47 6 3 64 2 64 63 58 4 86 52 71 95 36 52 79 50 39 54 2 85 10 79 47 85 39 43 25 65 4 39 55 70 97 19 80 98 77 14 9 85 16 4 8 63 79 92 81 92 25 6 63 17 36 41 86 19 61 5 88 52 82 41 80 26 57 7 18 32 86 31 55 75 25 53 59 88 35 7 13 28 33 83 30 36 11 40 69 60 28 11 67 89 22 17 95 39 1 33 45 46 87 42 19 
20 48 2 91 65 13 40 92 27 72 39 5 61 69 86 24 88 51 99 2 77 27 27 93 20 27 17 48 95 78 9 54 5 73 28 87 49 81 27 95 33 28 62 8 8 91 41 37 47 36 65 47 24 4 67 40 54 97 89 18 20 81 34 96 23 70 41 70 50 73 24 57 54 88 1 85 26 29 38 98 9 70 69 95 58 45 13 43 64 70 0 49 29 60 92 88 24 51 36 95 1 38 11 41 69 29 70 20 71 25 81 56 82 55 39 25 15 56 53 11 62 9 29 65 23 0 94 0 68 24 31 94 64 84 84 45 27 80 26 40 2 36 22 69 71 45 89 38 48 36 10 20 50 30 79 3 98 54 12 81 10 52 81 75 42 6 7 61 25 65 39 46 86 97 63 14 23 50 86 47 23 0 21 61 2 3 22 24 38 55 56 59 92 39 33 58 23 62 60 75 
97 88 23 10 69 45 47 68 1 96 31 4 44 24 90 62 14 54 51 94 31 55 30 29 26 69 96 7 89 17 88 45 34 11 53 86 87 48 51 90 99 93 28 14 25 43 0 2 66 97 43 50 35 97 50 74 65 22 52 61 81 54 51 63 37 8 76 31 61 51 4 16 50 35 27 53 19 16 85 2 20 67 98 14 57 44 10 67 33 24 17 64 66 33 89 22 19 34 30 14 34 22 24 6 50 56 66 0 89 91 74 59 46 92 79 94 12 15 85 12 55 18 5 40 96 2 56 28 59 44 19 75 36 46 92 37 6 95 73 20 61 55 19 64 98 61 18 86 2 41 80 91 72 80 81 64 25 94 38 26 94 25 39 83 61 23 12 52 37 69 72 94 39 44 96 33 82 93 5 68 38 46 86 28 60 48 1 85 39 46 33 41 38 15 1 97 91 10 51 21 
62 49 28 84 1 22 51 46 9 92 31 70 2 2 5 72 14 72 62 18 27 44 13 18 91 64 30 59 52 4 86 8 7 33 35 55 1 19 69 33 39 94 29 99 92 41 79 57 25 1 9 62 91 8 34 99 34 29 9 15 59 25 92 47 58 99 6 26 11 0 76 80 14 90 80 19 34 32 41 25 37 85 55 35 64 0 41 92 9 8 70 21 32 85 36 18 36 5 98 0 45 50 77 36 17 8 61 76 90 96 54 52 67 7 82 91 16 15 39 87 4 63 54 7 29 51 72 82 55 55 43 5 14 33 66 21 70 30 96 27 5 60 13 46 98 21 92 71 31 71 66 77 17 70 29 62 85 17 21 20 57 19 71 55 27 55 70 39 40 91 12 94 62 8 85 25 28 1 8 75 99 25 79 45 60 81 73 14 65 64 97 47 26 61 41 36 78 82 90 77 
95 40 53 55 78 17 4 96 17 89 39 6 3 31 1 93 65 57 7 37 40 22 44 45 44 31 67 11 52 74 63 53 98 96 66 74 57 82 58 52 83 24 98 59 48 5 1 2 9 71 60 61 81 68 81 20 64 86 4 13 33 94 2 82 40 10 26 36 20 49 5 84 59 52 7 90 14 57 74 51 18 80 20 4 73 46 37 95 49 78 48 52 49 37 54 9 4 0 99 28 40 34 57 62 90 42 13 87 3 17 9 32 6 81 70 54 18 72 84 16 97 44 11 65 81 69 43 85 89 76 45 74 68 58 38 47 14 16 80 7 5 63 56 67 64 43 90 54 89 27 80 43 18 61 47 18 1 71 58 25 22 15 21 99 21 34 47 13 30 65 95 20 32 57 39 49 87 70 70 19 24 86 92 41 52 79 93 69 68 16 43 95 70 36 12 75 66 82 2 44 
64 60 47 95 62 63 47 36 8 21 96 11 64 82 82 49 45 27 17 48 52 82 77 83 30 27 22 9 92 33 15 25 5 23 9 34 88 36 34 45 44 64 26 99 50 48 12 28 66 14 54 52 70 41 59 42 40 16 72 27 79 47 24 42 24 48 3 41 29 66 98 84 89 87 87 52 85 70 43 97 39 8 71 32 46 43 33 1 22 21 99 96 59 79 95 16 31 97 60 46 46 59 79 3 47 13 33 12 37 70 58 58 4 71 47 11 56 93 50 41 34 92 26 2 79 18 34 22 49 26 26 41 34 11 57 88 36 92 58 77 65 52 82 40 32 77 50 55 38 81 69 98 62 4 59 43 47 16 8 7 74 98 14 61 27 52 39 39 8 63 82 2 33 35 44 34 37 15 64 54 0 5 44 97 54 49 68 77 43 76 10 6 90 31 12 2 52 70 14 95 
24 72 84 67 54 66 80 80 21 47 45 4 75 73 76 20 15 45 66 37 60 36 91 82 92 36 20 63 53 2 93 59 46 36 7 61 35 9 79 30 45 1 27 25 33 32 38 73 30 75 0 77 57 82 27 36 60 1 32 77 78 22 73 79 6 51 72 5 60 6 27 18 23 58 17 6 50 81 53 14 48 78 29 66 49 34 84 18 48 22 33 89 78 41 1 58 94 34 57 23 99 50 39 3 43 36 70 88 46 46 88 56 71 21 49 26 65 84 20 24 86 32 52 77 89 77 79 51 87 87 30 98 31 59 27 53 77 84 18 2 27 20 59 29 27 31 40 18 81 23 39 12 82 55 91 39 99 71 6 41 35 80 78 97 12 30 94 15 55 82 6 12 78 88 4 54 43 18 12 77 30 41 83 75 79 33 27 28 83 86 47 80 85 18 49 7 53 77 16 19 
32 84 73 61 86 87 97 49 70 55 12 49 12 57 70 98 70 96 65 28 40 29 2 27 1 28 11 99 52 60 16 34 65 97 10 47 62 32 62 12 99 2 1 44 80 16 77 21 81 32 46 40 37 57 73 74 40 98 48 68 51 83 80 27 6 11 84 35 65 10 41 82 40 53 72 75 5 39 92 23 2 15 2 85 49 40 22 56 20 68 33 13 93 95 88 9 46 29 21 51 71 55 84 40 50 2 22 69 34 15 77 78 26 31 34 91 17 77 81 50 78 69 47 25 49 3 42 12 52 19 61 20 68 52 41 12 45 71 36 90 81 53 57 89 60 17 90 66 85 73 36 54 37 14 26 17 51 57 61 92 79 12 9 63 95 2 21 23 37 28 94 72 89 48 18 78 89 75 83 0 13 66 94 25 45 33 93 26 63 18 2 83 51 42 86 38 60 95 35 77 
99 17 54 10 3 88 62 32 28 57 47 27 16 6 52 95 81 27 3 0 12 83 11 9 66 55 38 63 88 89 53 67 37 33 4 45 60 45 32 16 82 47 41 87 79 63 68 96 30 87 57 33 76 9 43 61 5 49 51 44 48 97 29 12 64 71 35 15 43 70 27 42 73 26 4 19 45 86 60 72 75 83 74 71 15 38 24 4 63 20 2 19 89 77 84 53 42 11 64 29 37 36 7 91 20 13 78 99 57 94 23 73 25 28 3 3 91 28 60 67 56 82 69 60 1 31 33 59 83 92 95 13 47 91 12 38 46 73 88 90 58 8 50 37 12 49 85 91 81 45 98 4 83 97 77 93 67 62 16 21 79 92 12 69 39 1 83 0 16 46 32 99 45 63 31 88 65 0 86 98 90 77 93 80 83 32 91 66 21 40 50 6 74 23 0 23 79 38 42 36 
13 50 59 56 93 26 20 88 86 0 65 47 95 84 30 19 52 64 1 64 22 73 12 46 20 77 33 39 36 75 51 37 63 1 93 36 86 59 35 55 29 43 78 49 55 53 96 90 40 63 3 37 44 75 35 5 94 61 4 91 0 38 58 29 9 2 83 84 76 19 20 51 67 59 4 60 38 50 95 58 18 49 34 66 49 50 89 60 95 31 54 53 61 74 36 30 93 29 24 51 28 2 67 39 18 63 21 63 25 84 30 93 43 50 11 15 13 56 47 24 73 53 89 70 66 14 7 74 97 48 72 20 43 15 85 31 96 84 74 69 27 92 35 92 36 79 44 37 97 16 38 28 68 16 38 70 40 9 48 44 58 91 3 4 58 49 78 56 40 83 9 32 89 79 81 21 64 57 12 45 74 55 39 91 67 4 74 19 95 46 58 58 14 82 99 62 6 48 47 75 
92 50 15 89 5 91 70 37 29 44 44 94 7 32 93 2 0 6 57 5 0 87 60 97 19 45 72 85 48 63 30 52 77 97 8 62 15 86 56 13 30 24 17 24 79 20 56 24 53 14 56 68 73 3 27 91 77 26 69 11 34 80 14 13 69 82 97 44 66 69 16 85 11 6 76 7 40 63 14 84 58 60 38 89 87 12 19 4 66 98 5 42 68 92 82 16 15 72 71 58 49 78 53 76 51 63 10 58 96 46 98 32 65 70 61 39 3 98 64 19 48 16 55 18 61 63 36 7 13 68 43 12 25 46 20 46 53 0 10 4 99 25 66 99 68 3 35 87 65 57 74 38 26 47 41 14 12 5 55 72 37 2 37 35 22 72 47 54 20 74 64 39 97 63 43 75 24 56 97 54 39 90 47 79 73 31 26 73 90 4 77 5 98 18 79 37 23 49 0 37 
61 34 50 43 92 4 24 28 3 92 22 61 86 21 27 54 71 46 36 0 50 80 93 83 66 24 48 7 17 80 47 26 97 26 13 70 82 23 37 76 64 45 86 55 18 64 47 20 52 67 12 63 24 93 42 67 20 88 20 27 63 1 80 64 40 57 9 98 59 57 43 58 61 82 11 81 55 44 6 55 0 61 57 71 7 94 99 86 89 49 24 3 53 65 50 2 1 44 43 51 88 24 49 41 48 40 12 8 90 33 22 9 27 49 57 84 55 98 32 50 86 13 83 66 55 65 16 89 35 83 65 43 4 4 87 95 71 25 53 25 34 66 14 59 71 18 59 33 55 25 42 70 86 21 97 57 68 47 11 99 7 27 58 47 5 56 23 30 88 12 8 53 90 64 65 51 25 1 79 30 10 70 31 28 67 12 75 28 0 74 0 63 31 13 67 3 85 14 7 69 
78 81 98 7 50 76 99 2 20 71 75 43 25 64 96 70 57 10 38 99 53 33 92 86 39 52 12 14 16 17 97 45 71 56 76 91 0 6 71 73 14 10 42 37 44 74 99 17 6 61 36 47 42 82 42 67 10 8 92 84 95 55 11 77 33 18 56 91 95 61 79 49 51 5 19 31 89 78 80 46 35 95 0 67 9 92 95 18 88 43 81 26 39 74 87 24 80 49 64 29 93 15 29 48 46 19 28 23 87 58 66 7 70 70 9 12 93 88 85 71 50 52 38 50 58 81 53 37 52 92 60 89 76 99 78 32 55 47 7 78 35 90 20 98 17 50 45 33 44 54 89 60 30 72 83 52 60 11 68 53 45 4 10 25 15 31 76 48 2 26 26 83 93 22 1 16 88 41 89 66 85 3 2 53 28 30 47 78 64 85 78 76 23 32 58 38 72 92 21 68 
27 40 72 69 13 44 18 33 18 12 32 63 71 46 92 92 73 27 85 3 99 74 48 88 94 57 99 41 32 48 78 22 56 90 74 34 51 25 61 43 84 85 70 61 4 84 22 42 57 71 85 57 43 98 2 60 8 11 27 19 24 40 38 8 86 47 76 13 9 66 44 94 58 86 18 96 46 28 25 55 91 86 91 77 22 81 58 75 93 33 22 93 17 20 24 41 38 25 65 54 53 66 43 50 9 88 54 82 52 92 2 46 2 21 2 83 30 23 41 6 97 72 60 68 9 53 71 97 48 24 19 56 46 69 40 73 98 49 86 11 11 12 62 69 59 46 58 52 84 98 43 25 10 79 97 25 3 0 37 15 46 13 47 25 32 67 42 12 29 11 89 45 62 93 62 93 76 45 43 4 12 81 76 55 78 99 31 85 79 32 19 73 86 99 79 16 95 65 86 79 
0 40 28 63 95 23 1 28 18 98 84 63 67 47 12 42 18 41 50 9 31 30 51 43 46 27 93 21 56 56 11 88 80 55 79 69 55 62 62 35 39 85 85 85 60 4 89 70 53 81 52 65 98 29 85 91 78 41 81 82 42 27 73 50 27 65 7 60 19 88 10 89 1 32 87 24 15 20 57 37 15 20 95 5 21 88 4 38 99 48 88 34 77 3 98 25 56 91 15 18 68 45 42 79 65 68 45 93 58 82 29 79 50 95 10 15 24 63 30 32 8 11 17 24 6 73 33 29 70 14 64 34 51 66 17 72 24 7 77 65 62 42 84 49 90 76 75 90 25 37 46 89 4 59 66 80 99 75 49 8 87 17 51 81 56 97 81 51 98 89 7 22 1 60 25 90 39 15 89 73 86 6 17 22 44 59 2 47 29 3 82 79 89 81 22 42 98 98 18 28 
0 35 24 75 29 16 38 36 22 58 22 83 48 10 73 8 61 92 61 68 36 66 36 3 27 6 18 63 48 31 81 16 28 8 6 80 51 14 18 39 76 86 29 55 13 2 8 32 36 35 8 73 77 79 63 89 49 81 14 60 71 72 31 37 53 51 41 47 46 97 6 57 37 7 5 53 60 76 83 40 89 76 47 45 98 40 31 26 54 29 55 19 87 45 23 62 73 1 73 40 12 51 54 54 46 20 26 56 6 62 6 82 11 18 70 92 28 54 24 70 53 78 44 26 1 1 37 60 18 92 18 63 95 72 44 61 25 51 14 12 94 0 85 27 44 42 0 46 95 47 87 78 64 65 54 31 96 85 59 45 79 83 5 42 35 80 15 12 80 5 66 67 15 0 13 39 7 29 18 63 46 11 61 87 63 95 95 13 97 17 53 29 17 34 83 32 22 94 9 56 
14 26 33 99 82 91 36 5 37 11 83 79 78 97 63 44 89 14 2 49 26 75 23 40 56 36 63 25 38 16 7 17 10 20 73 8 6 17 65 20 39 89 3 34 43 91 94 47 38 11 46 51 46 78 68 19 85 6 5 78 6 34 57 78 52 71 96 54 64 31 54 78 56 65 35 84 26 41 42 96 44 29 9 61 83 64 71 44 53 21 66 78 53 73 4 34 38 80 23 84 20 60 19 84 25 76 15 82 99 55 62 53 27 71 15 93 84 9 35 11 65 52 61 45 13 44 11 71 52 64 14 53 25 20 66 33 99 56 80 67 43 7 35 56 5 58 86 28 65 8 58 62 60 0 61 13 7 72 27 35 58 69 66 75 28 35 63 96 40 71 34 54 32 48 0 56 10 87 0 96 81 68 55 94 77 5 5 20 97 96 99 95 24 56 73 42 97 71 49 1 
22 68 96 15 2 12 17 36 16 34 42 37 84 65 52 8 30 92 76 82 50 18 98 95 26 13 31 53 32 33 6 10 35 7 57 11 33 73 88 37 55 98 90 64 25 40 67 89 95 92 60 15 51 93 82 5 39 57 37 47 41 94 36 60 0 4 29 75 80 13 35 46 52 96 89 16 9 23 98 72 70 92 83 42 53 18 61 95 40 70 12 98 37 58 34 89 24 23 71 69 77 3 51 23 62 74 98 37 70 91 57 83 69 83 40 0 13 51 92 31 49 17 32 39 58 26 5 45 74 97 42 93 58 53 41 78 16 83 34 49 65 39 46 46 8 83 2 21 20 13 15 33 56 92 29 36 57 42 21 38 52 81 41 31 73 11 46 71 13 38 56 94 27 68 76 88 92 10 78 53 41 20 4 91 80 61 34 75 16 63 35 31 97 3 83 98 86 41 2 79 
26 32 61 46 51 56 99 1 97 6 46 18 24 66 9 56 27 4 67 9 88 63 9 82 82 47 57 24 97 36 84 23 87 21 88 62 76 17 54 37 78 76 80 66 51 24 68 30 3 85 49 89 20 53 37 2 98 76 19 24 96 33 33 39 47 51 97 40 85 42 39 58 14 5 47 73 8 97 59 23 39 63 79 44 33 51 86 73 2 38 11 52 88 16 33 54 68 37 46 62 26 67 46 65 31 49 67 82 28 30 79 38 83 36 37 3 55 27 96 72 25 96 78 58 1 48 34 0 61 5 90 15 80 51 97 83 29 44 86 29 39 15 45 26 36 83 90 28 75 10 65 4 36 65 40 55 28 25 19 96 36 67 52 34 49 65 59 86 70 7 45 69 51 40 56 20 39 12 86 21 88 34 51 85 97 73 57 99 35 72 73 29 99 75 6 4 94 0 4 70 
65 89 19 58 56 82 54 18 16 88 24 5 12 64 31 71 78 14 36 25 29 48 36 3 62 77 59 25 57 2 16 37 90 2 45 36 64 14 17 80 73 93 64 32 62 69 42 27 24 63 22 93 27 5 85 7 77 59 12 38 14 94 54 85 87 46 16 31 7 85 69 20 56 53 7 19 59 97 55 13 86 47 61 52 72 25 55 80 68 66 96 15 83 53 35 18 41 88 0 55 62 32 20 30 11 32 55 21 90 74 14 61 63 65 63 47 2 78 7 93 51 44 70 84 96 48 90 93 64 49 91 64 26 22 54 23 46 84 78 97 19 32 71 41 33 98 51 2 44 67 32 90 14 1 34 15 37 57 93 71 37 75 47 67 53 7 24 40 55 78 13 87 67 24 39 2 33 27 23 96 79 57 16 21 62 71 34 11 12 25 87 14 56 77 66 50 76 63 63 43 
92 16 68 51 96 53 7 35 33 11 71 21 49 60 43 33 86 15 42 79 13 97 88 91 66 10 74 10 73 8 25 4 29 74 85 56 52 30 98 7 46 71 23 1 45 32 84 34 0 38 91 87 10 74 91 30 25 21 42 10 21 21 80 75 13 74 96 11 17 86 55 41 52 41 9 85 93 53 99 99 80 65 15 83 91 95 72 66 69 7 20 10 12 34 8 4 17 20 7 82 24 30 86 86 76 9 9 14 11 50 57 23 92 55 28 34 31 97 41 18 2 99 85 67 44 34 82 21 83 88 32 97 25 52 4 91 86 87 60 89 6 66 60 41 39 91 61 20 81 58 82 59 28 25 1 30 49 12 62 76 43 28 56 80 3 97 50 28 24 36 67 11 85 95 44 71 44 64 57 32 36 31 5 86 63 82 75 58 80 78 6 92 43 44 5 18 76 94 7 95 
53 71 50 59 14 47 26 13 96 80 56 17 46 32 65 44 10 95 56 54 42 7 48 52 82 65 87 69 35 39 72 36 77 6 40 81 53 50 76 39 33 13 48 77 51 58 47 30 96 4 95 62 6 25 43 33 66 27 96 39 0 17 94 81 1 67 95 69 87 95 31 43 49 58 73 38 46 47 3 56 93 5 43 72 94 24 77 4 68 8 74 45 9 12 62 34 23 43 19 4 16 83 4 52 16 16 52 71 16 56 31 75 98 62 15 26 65 22 58 15 50 69 30 19 64 0 89 54 41 10 70 71 60 63 39 51 57 9 15 19 34 10 66 70 61 76 50 57 84 81 92 55 30 5 67 67 9 49 34 59 31 23 61 25 3 74 53 6 98 98 73 54 58 92 17 37 84 58 94 73 43 11 27 14 25 57 81 2 17 51 57 48 63 96 49 1 67 25 61 60 
19 47 61 23 13 94 40 17 74 52 71 95 92 64 4 4 42 23 3 69 78 33 97 27 72 42 5 90 44 45 73 28 91 78 36 85 94 96 53 94 14 10 38 18 13 15 1 44 18 82 28 48 61 95 49 1 73 35 58 54 96 90 6 5 16 33 13 35 81 18 54 99 23 85 63 42 12 88 21 77 42 69 36 22 74 57 41 85 29 61 34 18 41 37 2 67 0 70 99 56 35 61 95 29 99 77 43 3 85 19 30 84 53 79 6 96 9 61 72 61 80 45 15 26 90 93 12 57 74 65 29 32 11 79 6 43 47 38 28 57 53 7 88 92 15 13 93 15 90 96 32 30 85 6 90 34 64 51 68 93 53 63 61 9 6 91 61 43 8 8 74 72 72 5 73 25 68 94 66 46 15 72 44 84 30 52 19 90 84 97 80 23 84 81 22 66 30 24 25 27 
61 28 57 88 39 99 75 33 87 41 80 42 26 5 80 51 56 4 45 56 71 25 16 78 88 80 37 65 81 26 79 96 79 46 59 76 82 7 11 61 76 57 23 72 46 3 87 61 41 58 29 40 77 79 43 65 59 1 6 54 37 33 49 91 32 71 25 96 32 91 49 12 47 13 70 87 46 72 49 83 73 51 19 12 58 38 63 70 45 70 40 49 1 43 71 40 2 99 40 12 71 20 97 27 43 35 95 32 34 17 55 68 41 44 62 23 21 88 91 26 12 49 37 59 16 83 55 19 7 70 67 62 11 15 9 71 54 98 40 40 86 43 60 64 42 68 12 94 44 4 45 48 90 77 40 63 37 78 24 76 67 90 25 43 6 38 34 34 48 41 95 79 1 76 2 94 88 87 29 78 66 10 60 74 79 10 84 4 25 87 15 68 67 39 11 47 56 81 33 12 
50 37 58 60 15 91 73 64 92 41 8 85 55 65 76 97 73 85 3 35 12 38 21 83 54 39 73 66 15 29 33 5 69 78 8 6 88 11 37 36 36 45 36 59 76 77 11 74 88 52 18 58 4 18 26 97 5 28 2 52 15 94 8 68 77 94 76 96 46 27 48 30 12 63 98 37 6 62 20 30 7 10 42 73 83 42 14 51 34 72 4 75 60 87 26 0 17 52 95 71 63 42 81 10 15 22 16 92 47 89 92 69 59 9 24 40 52 39 53 95 55 25 17 93 52 22 94 6 85 44 16 81 69 2 44 62 78 2 16 42 8 50 73 44 91 81 74 5 44 88 22 95 92 41 53 38 47 57 76 66 51 45 83 97 48 99 52 26 17 68 91 14 1 25 93 29 56 53 1 80 71 58 72 84 81 16 84 35 92 73 2 77 95 82 10 96 91 42 70 52 
33 55 49 83 76 50 84 1 10 8 21 93 50 31 75 70 63 79 84 8 18 66 4 73 66 14 52 18 18 70 52 92 71 49 60 77 11 68 71 51 83 16 74 77 17 76 5 53 89 38 77 84 45 7 62 74 17 7 63 82 75 7 80 70 49 46 91 5 84 83 54 61 98 29 93 18 49 8 99 51 56 59 99 32 68 94 64 51 63 62 64 31 6 63 25 57 10 19 54 4 38 10 4 0 36 62 55 89 1 16 19 90 27 28 50 26 42 78 58 29 73 27 59 47 68 73 10 17 95 59 38 52 16 49 56 65 91 34 51 88 38 67 88 48 6 54 99 92 26 10 24 28 25 24 84 38 21 67 61 12 10 77 99 85 24 88 54 49 60 62 53 85 59 91 12 6 48 66 2 25 25 30 50 68 60 19 6 84 41 38 32 4 16 62 93 37 89 76 56 33 
66 15 87 67 71 76 56 19 99 2 7 57 50 62 84 92 82 89 20 67 69 51 76 57 89 35 14 96 35 85 58 55 36 98 64 73 4 37 28 81 63 32 53 79 90 15 78 7 28 16 22 30 10 99 14 85 53 79 53 46 72 60 29 43 52 27 0 28 62 73 20 58 97 42 53 22 24 22 50 58 90 89 61 72 54 19 93 33 62 54 8 14 11 27 2 67 52 62 41 65 57 4 47 79 19 97 15 51 74 32 30 5 19 79 37 22 9 60 54 94 65 43 33 89 98 31 54 61 66 21 28 39 58 45 60 69 21 73 98 94 44 42 83 64 0 84 69 17 9 13 92 46 54 54 71 84 54 3 49 49 40 10 13 39 39 45 65 97 68 94 93 20 46 9 8 39 2 69 41 79 6 78 57 11 88 9 60 51 30 17 23 24 73 11 61 56 14 76 45 65 
44 32 79 78 66 94 88 64 38 87 2 85 21 30 47 20 63 96 67 12 37 33 11 25 60 2 75 89 5 99 52 27 64 53 13 4 10 12 36 89 64 41 17 89 95 54 73 28 2 84 41 48 37 49 1 35 69 98 93 56 50 49 62 75 59 98 34 18 78 58 76 10 57 26 19 92 55 11 36 80 81 43 85 2 0 33 34 57 5 64 3 62 45 68 1 19 84 8 12 36 61 28 62 26 15 14 2 12 16 44 9 22 79 3 74 6 58 38 26 59 37 59 1 52 62 90 51 15 57 96 14 43 76 66 91 9 52 99 87 85 74 25 14 47 29 87 56 5 31 30 79 33 78 18 48 13 65 91 3 16 49 29 47 71 62 99 50 55 75 29 46 51 35 68 83 65 41 31 36 3 81 74 79 35 87 81 53 41 39 93 56 8 64 61 4 93 98 96 64 74 
20 30 17 99 57 62 90 44 88 93 92 39 44 0 62 51 93 62 35 20 12 49 87 15 83 61 84 44 35 64 68 70 66 50 42 22 12 8 1 72 15 77 24 98 79 20 23 62 19 19 59 48 17 3 68 56 60 81 69 13 94 34 8 63 53 44 5 55 37 29 27 43 79 83 7 40 60 31 31 49 61 93 96 45 43 90 17 26 22 16 28 22 46 36 16 3 6 89 86 12 53 76 62 86 87 15 81 26 18 51 91 32 60 0 70 56 32 8 49 79 42 97 26 77 1 52 87 78 1 32 9 56 32 94 13 67 93 93 7 54 96 76 54 47 74 47 72 14 12 49 52 49 46 13 18 11 36 3 45 55 36 25 30 80 11 69 73 23 66 56 81 59 87 86 81 89 96 87 24 71 55 58 0 50 79 6 4 45 81 82 50 68 30 69 47 39 24 28 45 1 
81 0 46 61 77 90 85 16 1 53 38 18 72 59 37 27 51 62 21 45 13 6 16 67 79 26 98 91 47 42 61 34 79 84 20 57 53 90 49 5 34 49 19 39 55 53 96 48 72 18 47 44 72 76 77 25 74 81 63 48 92 18 83 17 57 99 99 91 9 85 53 3 62 35 18 90 78 6 54 54 27 71 7 52 41 4 17 87 22 61 67 43 29 0 23 52 26 66 53 10 80 76 92 56 79 36 62 1 81 33 96 84 34 98 63 72 11 72 85 30 60 46 33 20 52 62 84 90 46 22 0 21 9 61 99 24 4 37 89 33 35 99 88 10 87 17 99 57 64 19 47 75 62 86 9 4 77 25 70 3 3 11 62 19 4 86 85 45 92 33 92 28 18 14 29 49 90 24 55 30 3 70 82 74 39 15 7 7 75 28 56 63 38 4 8 8 12 77 14 25 
99 50 28 94 39 90 86 26 15 34 86 82 58 77 48 84 46 94 16 97 78 92 94 39 47 21 1 77 70 34 41 51 64 90 13 38 55 49 22 70 86 52 58 47 57 76 91 63 96 68 44 86 76 9 14 35 12 4 28 26 7 80 61 43 67 87 22 70 40 86 93 37 99 94 60 62 29 95 60 18 11 8 82 22 63 34 16 84 90 73 60 49 37 92 4 36 39 66 87 38 59 62 86 68 89 54 46 83 29 8 36 26 98 33 12 56 72 22 74 49 31 83 98 98 64 65 99 98 89 37 88 59 53 57 33 82 41 27 60 83 18 45 10 73 69 55 93 92 42 59 68 76 20 82 5 45 50 54 15 17 47 84 90 21 0 16 84 60 65 37 65 3 46 18 19 48 22 52 85 94 25 16 96 35 79 51 38 94 2 92 60 25 68 11 73 13 90 6 81 42 
74 63 21 85 31 50 82 69 42 32 55 82 44 72 49 17 17 38 60 3 39 60 89 49 75 80 75 77 20 15 76 25 13 77 11 85 55 84 93 13 50 64 95 56 56 36 72 8 80 43 44 59 54 28 63 58 92 48 6 74 68 1 33 72 97 75 50 7 97 43 9 27 52 30 73 33 85 51 62 11 1 35 14 22 80 54 78 75 26 81 32 61 87 60 94 79 73 10 8 37 67 21 37 96 39 76 95 85 7 44 29 61 97 97 44 98 62 71 65 21 84 50 98 94 2 1 59 78 24 39 93 42 43 62 67 92 82 75 26 19 12 76 93 37 83 14 79 30 93 73 60 25 70 17 78 41 81 65 36 68 1 65 0 31 62 28 10 22 37 99 13 24 74 33 57 89 17 67 61 42 59 66 9 19 23 49 99 94 10 32 20 21 31 61 45 98 35 50 53 10 
80 82 51 89 62 79 53 50 82 97 97 63 56 34 41 39 37 22 61 85 48 2 98 75 63 28 51 16 38 0 47 6 33 1 73 74 30 34 69 94 51 81 26 44 17 21 14 85 74 59 81 54 77 56 95 8 58 17 95 41 95 30 7 99 25 27 97 47 53 85 25 97 75 4 74 21 54 21 77 38 71 27 81 31 18 65 20 24 2 81 77 11 7 77 41 58 61 92 5 0 35 99 95 2 52 92 93 1 22 16 51 89 20 79 15 6 27 38 42 23 59 73 36 79 98 83 79 0 86 42 26 43 33 65 83 82 8 30 20 41 46 90 68 38 78 51 21 85 9 74 28 54 50 6 61 76 5 80 50 61 38 77 58 32 96 14 93 17 81 26 65 38 88 69 38 76 54 68 5 64 12 15 97 0 6 87 56 58 77 62 27 3 99 75 51 73 68 20 81 71 
95 24 45 42 56 13 33 42 49 13 60 83 72 18 17 32 3 56 14 30 44 98 39 34 52 96 93 86 14 12 60 94 29 14 34 21 7 11 13 2 71 9 73 18 32 21 57 29 66 70 36 65 4 29 82 58 68 46 27 80 52 34 61 18 52 7 66 34 9 63 35 19 84 78 31 94 4 72 7 75 14 28 33 10 17 66 5 97 26 85 38 13 7 52 22 76 69 16 6 28 62 57 33 92 12 6 32 87 61 33 60 56 50 0 59 24 16 31 29 20 70 8 44 84 22 84 53 35 45 59 7 41 30 12 21 87 10 52 68 74 77 90 42 82 0 99 49 25 22 18 72 72 67 7 76 49 11 32 33 32 73 44 70 3 75 79 45 23 31 90 33 3 27 91 93 29 37 64 77 54 16 68 77 32 22 2 92 68 87 39 8 56 59 56 45 57 96 35 65 96 
43 14 94 87 57 39 85 96 9 14 21 47 6 33 52 97 46 44 40 84 26 34 17 64 45 20 23 32 20 36 44 47 28 98 44 5 35 36 4 33 92 80 78 30 11 33 49 42 35 53 20 0 67 58 9 71 89 46 29 17 92 81 53 35 37 74 73 66 71 99 7 58 4 21 34 50 92 38 33 75 20 87 81 65 83 43 72 99 14 24 14 65 47 40 62 14 86 76 47 45 3 33 56 8 50 46 87 76 26 91 50 48 11 38 88 57 56 87 90 80 60 32 33 37 30 88 25 37 90 31 25 94 95 91 9 89 24 9 62 53 25 71 21 33 23 85 62 91 26 31 96 64 2 40 50 66 60 80 84 31 93 14 12 83 30 18 44 21 86 23 44 71 82 90 38 1 32 35 99 44 31 33 43 12 8 35 39 52 37 29 25 44 78 82 71 41 92 51 1 22 
5 96 77 83 78 32 73 86 62 35 21 6 21 0 46 57 88 10 28 3 98 87 60 48 70 82 65 78 20 83 34 30 30 38 90 85 50 79 68 61 59 64 4 52 85 38 42 40 34 37 36 93 95 0 97 63 6 37 78 66 71 96 20 65 60 51 3 58 29 39 88 82 40 92 5 48 31 65 52 60 87 81 85 45 95 23 82 23 87 16 8 7 4 49 82 93 76 19 52 96 39 25 81 33 6 32 48 0 89 17 37 46 62 10 83 77 57 11 41 35 65 86 42 33 2 92 43 75 74 88 57 53 52 90 21 14 23 48 20 92 36 2 10 66 39 83 72 78 6 33 33 11 32 5 26 88 28 63 37 85 90 2 46 12 35 24 51 9 64 93 13 43 73 59 92 81 23 89 66 92 0 93 76 77 38 52 30 31 36 44 77 85 45 77 92 68 0 16 92 14 
27 54 77 36 27 70 13 95 56 53 77 14 82 28 97 35 74 58 99 33 19 21 85 52 92 74 19 39 77 10 46 62 34 75 20 13 63 33 46 2 26 29 55 43 74 95 56 23 9 15 33 8 95 67 11 5 68 81 40 31 94 91 86 9 35 61 69 17 27 50 48 87 84 98 70 91 12 40 47 67 7 47 28 24 90 6 72 72 97 21 75 61 61 31 45 49 56 11 11 88 77 99 25 70 6 9 75 95 14 73 25 78 1 79 1 89 64 48 44 34 93 38 2 80 87 49 93 57 0 44 11 18 59 80 8 53 5 12 29 95 25 77 85 5 4 90 91 15 90 52 0 90 38 39 59 43 82 4 16 34 59 47 64 35 45 25 27 45 50 19 15 66 88 5 45 13 12 3 25 44 29 23 86 61 87 11 23 75 36 30 98 85 0 96 57 39 87 15 21 27 
24 62 52 78 7 53 42 25 55 73 46 81 74 10 21 20 47 51 12 11 28 93 26 65 31 31 60 0 49 76 93 43 96 19 71 61 69 81 4 72 7 6 14 47 12 97 69 54 71 99 6 1 78 75 79 67 61 99 11 2 95 93 78 43 79 16 80 34 7 95 91 99 5 55 23 8 28 85 86 9 6 59 95 79 70 12 52 92 17 25 94 24 70 27 33 61 61 95 10 46 98 59 79 39 93 60 42 97 54 41 65 46 4 33 68 98 21 23 30 58 63 62 60 86 42 34 32 68 40 41 31 35 68 9 51 93 45 75 80 65 53 81 3 88 12 75 37 97 47 13 83 86 84 70 95 86 37 22 10 72 27 42 43 83 87 23 94 74 70 57 37 74 50 86 89 18 96 56 59 7 89 8 63 85 75 62 61 58 50 75 98 56 37 52 62 63 58 55 83 74 
21 54 57 30 31 12 6 56 26 96 60 5 94 6 26 79 30 13 77 79 98 23 61 89 25 11 21 15 16 16 46 78 57 7 0 40 19 29 78 77 50 64 18 6 65 10 50 0 5 39 77 10 75 30 82 1 95 43 44 48 88 4 49 91 26 82 84 5 37 94 30 17 36 81 80 97 8 24 58 25 21 95 88 41 17 90 21 39 16 47 3 52 1 19 7 51 33 7 95 12 67 11 78 5 40 28 77 8 84 22 48 17 1 88 93 28 69 7 14 9 69 5 7 54 82 93 16 46 28 8 76 89 39 2 78 84 82 15 18 80 8 70 51 71 4 27 49 87 57 4 56 61 68 97 81 69 87 49 72 46 56 61 74 65 29 2 27 91 93 71 4 26 32 50 80 55 70 19 91 94 74 92 67 19 10 74 37 16 35 86 83 59 39 74 96 56 58 49 60 91 
18 97 8 36 74 68 26 96 27 39 16 56 13 8 61 29 6 14 35 54 80 80 4 54 59 67 68 97 7 36 50 64 79 28 93 79 62 25 1 94 25 19 55 58 64 80 53 82 24 36 28 42 94 5 86 10 71 35 26 9 18 4 49 12 25 86 33 20 49 92 16 94 32 89 75 1 0 15 69 66 57 30 53 47 9 39 41 30 10 94 53 70 6 24 87 55 38 4 82 3 24 41 59 67 48 66 77 75 66 90 49 64 18 83 70 32 10 99 59 81 49 2 26 18 51 8 60 49 10 7 9 81 61 14 23 78 73 59 61 28 87 27 98 50 17 38 0 11 55 89 1 46 83 12 80 8 36 38 24 45 62 17 39 79 0 24 25 82 31 49 8 28 82 55 62 99 18 33 49 90 59 53 64 43 79 71 10 19 84 83 65 28 45 71 39 77 67 87 63 68 
33 96 63 96 26 8 99 27 17 69 55 97 18 90 53 81 78 8 68 85 25 65 16 98 60 82 81 54 87 32 73 91 84 43 30 49 86 1 85 15 82 26 90 37 87 81 89 3 48 9 53 65 86 67 64 24 75 54 90 22 17 81 45 76 49 87 50 72 47 16 31 62 84 93 17 20 38 42 16 55 81 98 97 92 36 63 84 38 91 37 74 92 73 76 73 52 93 6 36 77 27 74 22 18 66 23 43 90 64 34 31 21 30 76 49 46 60 98 9 78 33 29 83 81 37 95 42 57 69 83 29 76 81 73 18 58 50 53 43 62 16 48 50 24 41 54 95 40 37 63 78 98 35 84 94 72 78 19 4 11 20 82 37 37 23 81 92 63 69 19 85 8 77 55 56 99 6 38 8 80 25 39 23 53 66 72 32 54 65 29 63 98 12 39 48 78 60 17 53 73 
38 86 98 28 64 49 40 37 6 19 29 99 43 19 91 57 21 76 59 93 56 17 19 7 23 4 70 57 47 94 28 81 26 47 29 81 71 12 16 52 83 58 77 82 54 71 31 83 37 51 31 94 79 46 8 55 5 54 97 26 84 50 61 6 77 41 63 92 60 14 7 84 82 40 91 1 38 95 46 47 46 18 48 21 84 83 45 53 73 44 27 12 53 23 54 82 51 69 85 52 18 36 18 33 99 39 39 82 15 4 63 1 88 43 30 46 89 24 20 16 94 72 12 92 55 50 37 21 3 43 93 9 63 29 68 80 78 13 59 20 67 43 42 25 61 99 60 53 87 43 2 12 49 3 77 88 51 3 78 69 65 76 49 13 37 77 59 40 49 39 74 4 93 72 36 18 51 41 97 95 75 75 6 48 99 50 23 23 33 98 86 73 19 88 89 70 7 69 65 75 
95 26 81 66 34 86 49 50 26 13 11 53 66 82 47 80 2 16 16 29 65 97 36 45 11 29 83 30 11 59 24 81 80 26 30 91 96 37 90 79 72 77 56 27 85 86 33 17 2 89 28 12 75 30 4 91 34 23 61 94 62 88 20 41 26 9 4 68 81 22 59 83 73 84 38 38 27 57 53 36 48 0 36 14 61 54 67 16 44 75 89 59 97 24 9 39 77 52 96 21 98 86 81 47 96 19 59 66 92 85 76 99 98 8 5 48 52 35 83 99 12 90 89 18 93 33 98 80 17 60 18 19 1 44 11 22 91 88 90 2 46 63 25 47 24 4 16 39 53 67 85 65 37 17 4 22 87 15 32 7 94 11 83 45 14 15 42 98 62 94 5 34 62 32 25 26 50 68 43 93 59 40 67 85 71 83 48 44 91 87 28 2 92 34 15 85 21 1 36 48 
21 78 72 63 78 92 37 16 98 87 17 12 25 65 88 16 13 11 49 53 66 3 77 22 1 80 63 57 10 24 28 79 12 20 43 38 86 27 45 35 50 10 2 92 75 87 88 45 93 76 47 14 48 58 48 30 3 70 98 53 61 32 36 72 52 80 54 15 73 52 77 95 9 18 77 58 63 21 64 58 25 85 3 67 88 25 63 97 2 35 44 68 27 49 88 54 5 36 56 83 59 22 48 57 46 63 33 77 67 64 27 11 81 11 90 93 68 40 98 14 32 89 56 82 36 11 24 62 93 17 23 96 93 56 19 46 77 74 48 80 73 10 77 76 83 63 7 4 50 66 94 65 4 49 35 74 50 41 45 80 34 78 16 57 95 91 50 46 25 75 95 56 16 38 22 70 11 76 88 5 39 69 97 75 87 5 77 82 94 44 3 61 88 18 45 3 16 55 94 84 
81 22 6 52 17 59 99 3 43 83 10 4 2 55 11 46 16 62 93 42 97 76 62 83 71 31 67 41 29 48 30 81 56 69 48 82 24 12 62 36 52 3 86 4 17 24 16 26 86 55 37 98 79 94 65 68 7 32 15 29 53 68 24 36 76 79 72 69 26 65 42 47 66 76 45 6 8 23 19 19 26 13 79 31 48 86 17 70 83 81 84 95 77 95 4 15 51 96 35 91 55 68 11 90 63 76 75 83 43 92 58 34 32 24 61 83 58 92 64 81 58 89 8 99 36 2 94 4 43 96 46 26 58 54 9 22 39 95 68 41 83 90 1 73 83 77 29 89 60 64 73 35 94 34 35 34 16 13 53 1 79 60 95 36 39 77 8 32 65 45 20 48 48 67 20 31 9 53 75 70 27 60 22 63 87 23 14 30 28 16 39 73 27 50 24 16 60 48 16 75 
92 60 54 46 13 46 76 58 29 20 16 48 36 20 92 25 32 34 33 92 63 6 52 56 84 96 97 81 40 72 64 40 24 80 29 44 51 7 97 3 80 40 3 64 37 64 68 12 2 55 76 35 9 9 8 57 32 85 86 31 33 8 26 62 48 35 92 15 77 1 73 75 98 3 62 33 40 20 6 47 21 68 75 4 81 95 2 55 91 14 63 35 80 22 28 92 2 93 39 84 26 60 9 60 64 27 47 68 62 90 64 0 17 56 50 62 93 88 98 97 98 76 65 97 71 17 85 45 1 8 90 65 83 64 89 6 91 95 4 0 55 28 25 66 64 99 5 55 47 9 62 20 3 45 4 24 64 13 1 25 88 21 4 93 94 46 4 82 50 10 91 78 65 2 97 71 18 94 62 11 53 56 24 25 11 38 72 24 11 21 18 85 61 37 63 6 66 62 97 63 
5 90 91 91 88 91 14 65 62 1 27 55 9 89 28 52 61 78 40 56 32 4 34 98 29 8 35 84 55 96 22 55 5 38 79 48 97 29 87 50 56 29 13 77 73 27 89 43 73 13 44 57 11 14 0 63 31 30 14 42 82 33 11 61 16 36 64 31 99 44 18 2 35 49 23 62 32 24 12 37 29 5 12 60 95 39 80 94 38 4 73 26 98 47 89 8 15 38 49 91 28 92 24 14 31 95 81 48 85 41 36 39 6 1 37 11 90 32 3 5 33 34 76 33 57 26 2 28 82 62 13 11 39 27 32 16 1 0 57 33 29 1 9 29 3 29 17 36 97 49 84 68 2 31 5 74 83 88 68 92 17 55 13 89 22 85 98 44 76 64 6 19 32 9 83 34 84 70 50 65 91 9 5 4 18 74 30 69 34 9 56 53 6 41 53 60 11 90 14 59 
17 12 95 64 81 82 14 42 85 80 38 58 12 57 86 50 26 76 24 76 48 72 89 8 44 21 89 27 79 61 24 80 70 88 78 60 36 38 35 21 79 71 18 79 63 62 91 92 22 42 12 13 89 46 24 10 43 51 42 23 58 46 76 64 21 17 79 66 52 44 4 94 60 72 81 99 78 61 5 91 43 99 63 4 10 53 64 36 19 44 19 24 78 4 83 47 97 16 0 85 74 97 10 31 95 84 92 99 50 72 23 32 78 17 34 83 40 70 8 22 7 64 27 75 8 33 72 42 81 24 77 97 61 25 99 70 3 35 96 37 19 8 53 67 99 98 35 24 78 56 66 20 49 3 15 54 63 50 95 86 91 31 28 67 96 72 89 23 34 33 92 90 33 42 13 41 21 3 34 3 24 74 90 22 48 10 94 9 28 95 16 30 7 86 45 56 96 51 49 35 
65 20 25 87 5 95 53 16 69 56 44 25 79 89 52 86 50 27 26 16 25 36 29 13 38 32 94 9 41 89 50 82 1 11 53 89 23 91 4 90 19 99 90 66 70 44 22 93 24 38 48 70 77 4 82 43 28 30 18 57 63 66 68 12 59 65 27 85 11 15 20 87 68 47 57 57 74 46 7 22 34 46 8 73 16 95 39 5 97 26 24 44 67 49 32 18 59 58 92 52 93 69 73 48 37 19 27 1 83 47 36 46 85 1 59 16 16 33 5 97 93 1 64 55 54 14 19 14 85 37 37 29 90 61 96 0 30 6 60 31 65 32 68 53 20 86 97 94 84 34 64 39 45 59 72 27 97 35 80 8 66 14 6 29 3 94 23 78 50 55 11 23 46 77 86 82 46 35 23 84 99 36 77 19 84 14 68 41 87 94 74 85 37 88 31 65 81 79 60 95 
69 15 1 97 1 30 95 11 61 26 80 16 84 98 93 6 88 13 33 53 77 75 38 41 16 74 92 31 42 77 95 50 86 60 48 7 13 77 0 43 50 2 67 48 99 30 40 46 71 86 95 14 44 14 31 1 32 49 27 42 25 23 13 6 86 11 82 18 62 77 10 97 56 44 76 96 60 86 40 79 51 48 48 70 42 7 97 39 0 16 11 63 25 47 93 93 18 30 84 64 56 93 71 56 21 1 41 61 62 60 40 85 79 14 41 70 77 31 95 78 33 80 40 83 84 48 81 66 24 63 33 28 76 13 1 74 75 75 69 19 82 29 79 78 91 54 6 37 88 85 52 78 0 61 71 82 40 17 42 7 84 15 8 30 2 66 71 77 4 15 53 76 38 87 6 5 7 44 87 56 78 55 2 10 85 96 9 27 31 46 0 16 3 3 8 46 7 77 54 44 
17 42 47 16 84 73 89 31 0 69 85 64 47 48 95 24 87 96 22 2 5 32 0 42 68 66 57 30 77 44 0 77 24 55 34 37 30 66 32 5 92 35 98 0 1 58 23 42 26 49 2 43 66 62 2 96 21 47 25 33 40 33 87 17 99 2 87 28 82 35 96 33 18 34 63 79 93 41 27 28 29 32 82 73 58 95 25 64 72 61 99 36 5 7 92 99 62 16 93 25 77 94 19 21 48 42 17 2 39 39 69 0 8 62 2 23 98 90 19 19 4 93 27 89 82 35 70 7 92 28 50 9 50 91 10 76 97 92 16 57 67 61 68 81 21 58 1 90 93 67 66 46 57 1 27 96 40 54 91 22 68 32 15 59 45 30 87 67 24 15 2 71 35 60 99 83 82 73 53 11 45 77 95 8 48 46 66 66 70 4 74 57 82 83 46 68 97 68 59 93 
27 65 54 20 65 89 48 21 61 44 32 30 65 30 4 30 49 70 18 49 53 95 18 43 31 34 12 23 78 13 25 70 13 47 50 23 59 69 74 65 7 99 90 3 26 43 41 95 50 53 5 60 20 88 13 69 20 80 4 44 24 20 48 49 97 31 21 72 85 65 21 71 69 18 23 91 29 56 97 87 49 64 41 30 36 92 58 96 25 3 35 61 48 47 22 58 11 3 31 28 61 30 52 74 67 79 84 39 89 86 17 90 87 94 29 70 14 71 62 34 86 41 72 29 1 0 2 91 99 28 88 46 62 8 78 50 45 31 26 56 88 43 51 32 39 25 14 71 46 64 44 75 5 29 38 66 61 88 61 23 41 88 99 80 41 52 38 89 48 97 52 3 94 90 79 18 61 70 8 72 88 37 53 91 99 75 36 70 44 37 50 87 11 18 27 13 25 98 72 70 
20 49 81 34 74 60 98 83 38 52 99 89 4 88 61 68 1 26 36 3 67 59 61 60 25 12 33 72 84 74 31 97 35 66 17 61 66 22 59 67 82 74 51 38 21 6 34 54 21 24 51 43 68 26 77 49 14 22 9 89 25 61 35 88 57 62 98 94 23 76 19 50 72 32 47 47 63 9 25 85 41 7 39 96 25 81 10 42 45 80 20 80 47 2 30 92 4 0 49 81 35 37 10 89 54 80 6 31 41 41 10 42 53 38 45 78 95 3 89 10 13 97 81 31 7 87 88 83 21 21 0 97 34 2 71 37 21 59 19 3 83 31 15 46 64 78 21 63 38 6 59 81 37 10 72 55 48 39 53 98 83 42 8 10 62 86 92 95 3 25 9 17 73 7 48 26 93 92 94 7 95 18 42 98 24 81 6 90 58 81 90 98 87 43 22 12 21 59 72 48 
69 7 32 80 84 29 0 4 93 64 23 55 1 93 24 35 66 89 49 46 85 74 45 32 45 74 53 41 66 17 79 91 34 40 54 84 78 51 11 15 57 57 86 11 34 78 57 31 34 2 33 29 6 0 5 30 59 44 0 67 33 59 81 61 47 30 47 97 50 46 68 42 37 75 32 0 26 68 28 48 65 88 30 11 98 11 86 11 15 40 7 28 49 52 22 84 40 70 19 20 92 80 4 92 97 33 25 15 92 55 9 68 24 85 6 81 75 24 66 32 22 3 18 82 33 53 7 82 94 19 60 30 69 42 94 45 4 52 71 74 55 22 55 82 87 67 53 87 41 5 59 96 27 2 55 99 54 61 48 40 29 38 68 59 37 51 40 28 27 32 89 79 90 68 88 6 66 24 63 9 23 16 83 62 25 97 81 5 68 68 23 62 54 65 81 77 67 75 55 6 
19 0 53 21 35 95 11 70 71 4 75 87 37 47 11 72 20 11 44 53 32 67 77 63 31 46 57 6 77 76 89 17 89 80 34 34 63 75 91 69 44 49 14 17 67 89 19 95 1 38 54 15 77 45 92 34 19 45 7 66 59 96 97 58 26 35 22 86 47 14 70 0 87 34 45 59 8 56 35 53 14 90 24 37 28 30 70 84 80 57 90 27 23 77 57 10 67 53 41 53 79 3 10 80 23 0 83 10 50 98 59 40 14 84 27 52 27 78 32 95 44 12 57 83 65 20 23 99 2 80 65 66 76 70 10 50 22 27 68 97 42 38 49 9 43 3 44 40 86 61 82 80 19 31 67 84 23 68 19 40 24 10 32 95 22 32 25 75 70 41 93 32 15 27 28 62 67 57 95 3 39 24 50 52 50 45 93 10 44 39 23 19 1 64 12 91 42 63 96 85 
79 58 92 96 94 63 49 64 81 38 4 53 57 20 33 28 67 69 43 84 8 28 2 78 9 59 75 82 31 96 24 72 87 79 81 69 14 37 95 63 74 2 78 56 73 49 32 79 59 68 92 56 58 66 45 82 49 24 53 2 56 51 95 15 38 97 90 49 17 31 34 68 54 34 54 63 3 35 74 83 70 23 3 90 68 42 16 1 69 91 36 70 63 46 58 25 27 95 60 51 37 23 22 62 24 47 87 16 81 59 18 51 93 44 25 79 83 64 95 10 14 70 99 75 56 64 27 27 24 65 57 53 10 64 96 13 89 8 93 29 24 79 57 88 24 14 50 14 65 29 11 24 76 55 45 84 61 27 90 79 80 79 8 50 42 68 85 92 75 40 18 44 89 40 21 82 93 25 97 5 49 5 45 71 52 22 65 92 45 23 96 98 66 79 3 73 69 48 38 85 
94 70 37 59 43 29 2 80 55 45 46 60 41 48 58 88 36 86 30 30 13 40 56 29 95 42 54 18 68 64 21 0 88 93 54 96 72 25 42 46 3 49 86 13 8 47 89 93 98 2 27 16 45 66 61 19 30 9 46 53 86 33 34 23 79 2 68 20 68 57 83 14 90 55 80 66 13 27 10 89 99 59 16 15 64 88 38 92 30 5 20 11 36 60 5 42 73 39 89 64 24 39 80 65 37 42 10 43 71 3 59 96 50 75 3 63 12 95 72 50 40 79 88 16 68 27 92 74 90 75 18 66 13 15 60 92 87 2 39 4 3 80 35 68 98 49 95 82 15 7 39 26 71 76 2 85 80 56 92 56 9 84 40 29 59 56 55 0 42 24 46 65 59 9 18 7 27 73 27 97 76 23 66 83 34 81 77 33 78 71 73 55 39 16 2 37 86 88 21 73 
70 40 38 55 36 47 69 77 72 93 20 83 9 6 17 26 69 20 60 73 21 86 30 65 81 92 80 47 47 0 21 37 91 33 55 42 53 54 81 94 93 32 62 30 50 1 68 63 35 51 78 68 88 71 91 49 29 52 17 45 14 95 43 64 26 79 69 84 60 15 33 70 27 5 91 79 97 51 12 79 26 84 29 75 73 17 41 11 73 62 51 7 73 55 1 19 48 36 73 61 13 92 77 23 35 29 97 11 19 85 79 65 50 7 77 80 29 66 82 13 23 69 31 24 99 44 71 91 73 97 0 32 33 89 69 40 81 2 47 47 81 18 98 1 0 6 89 40 73 38 46 32 65 35 79 15 96 6 71 32 84 57 41 4 21 93 74 4 8 54 51 34 94 94 45 46 14 77 31 21 81 55 80 15 53 64 5 67 26 33 54 13 74 76 9 98 99 76 92 95 
27 78 27 93 52 79 4 68 16 82 0 73 50 34 26 32 24 77 38 55 71 98 64 87 59 84 17 52 46 21 88 31 39 34 78 65 18 38 76 93 33 14 61 29 53 12 54 8 25 76 24 58 87 25 29 82 98 78 38 92 63 0 10 60 82 0 29 36 44 59 0 51 18 81 51 65 41 86 68 45 6 5 87 66 96 76 5 59 19 87 83 79 90 24 7 72 98 4 62 11 66 40 75 1 12 63 74 69 6 55 48 49 62 38 8 70 93 77 16 75 97 17 54 86 18 43 86 65 32 49 65 94 0 53 7 82 79 21 6 76 98 3 98 67 31 64 89 89 7 57 93 14 88 46 37 92 51 3 97 24 36 87 91 20 37 53 39 96 34 38 83 92 64 50 61 54 30 74 97 94 25 77 69 1 14 57 67 41 11 46 88 19 59 17 64 33 60 53 47 30 
64 34 33 56 21 43 82 22 22 95 43 59 79 93 37 55 77 96 78 46 44 85 16 91 23 60 95 56 75 91 55 67 56 24 5 4 6 99 3 86 37 93 96 62 79 92 28 45 17 43 53 63 59 17 33 52 89 77 37 80 14 52 42 9 15 65 78 88 49 20 39 53 42 28 40 26 95 55 36 17 45 44 13 78 31 72 1 52 13 48 93 64 48 55 60 39 29 53 28 63 48 12 25 13 4 79 29 32 25 86 89 80 78 87 73 26 76 71 88 99 62 49 50 33 64 85 66 19 99 54 35 20 37 3 84 89 46 15 99 16 7 21 55 95 14 65 83 55 14 64 70 96 24 53 41 78 38 37 99 6 50 63 69 21 62 45 16 95 66 66 89 74 25 20 8 25 86 68 12 9 94 1 81 28 59 23 53 69 32 92 10 89 40 89 4 32 69 38 70 13 
74 24 2 89 89 91 43 1 45 98 35 2 61 58 63 93 98 99 37 31 79 2 50 31 65 85 22 77 73 19 55 37 97 26 68 69 66 13 45 49 41 81 1 22 56 23 13 77 97 53 90 32 66 43 63 10 65 35 70 30 89 0 78 8 39 17 49 37 48 19 41 56 73 64 71 89 92 58 46 41 42 91 5 50 5 33 39 20 31 86 63 31 35 75 96 96 32 52 41 76 81 49 14 79 17 17 79 11 18 12 68 54 80 35 88 70 93 20 57 27 26 68 57 27 92 70 42 7 59 27 52 5 22 45 78 89 84 65 95 49 3 36 37 81 97 1 26 27 20 38 9 69 17 93 21 96 80 8 15 40 70 80 73 97 89 39 49 79 60 22 72 59 20 86 23 74 41 98 90 3 80 55 4 53 78 33 81 40 94 62 47 64 56 82 21 88 95 24 95 93 
80 11 54 94 21 9 16 11 28 79 81 31 75 1 99 78 46 84 74 61 64 93 29 66 3 91 88 49 65 48 95 22 96 26 5 5 86 61 72 20 67 42 56 67 22 9 22 40 76 12 43 50 89 42 70 16 77 91 74 31 45 16 49 45 90 56 45 80 10 51 29 8 85 81 68 76 15 75 66 4 8 77 43 16 21 75 96 50 52 31 32 90 76 41 74 67 3 37 17 69 67 64 82 54 7 25 72 76 58 84 59 22 50 82 16 47 55 96 70 59 41 25 12 55 69 15 33 63 12 40 73 42 70 62 40 82 82 59 37 84 88 95 34 38 46 28 44 66 83 59 79 36 54 81 63 91 37 13 17 1 25 95 75 20 40 43 68 68 90 73 33 66 33 37 7 46 43 53 5 97 25 4 83 46 56 33 7 37 25 1 56 90 36 18 82 58 30 4 61 35 
81 98 40 76 8 82 12 40 90 11 47 94 15 58 59 34 74 87 5 22 84 96 78 12 32 22 7 77 57 87 78 80 27 29 71 54 26 19 84 97 27 98 54 75 81 90 31 15 18 84 79 28 90 97 63 22 38 51 10 22 5 37 88 11 56 96 29 80 11 22 82 99 94 23 57 58 19 60 62 37 48 71 47 9 68 85 24 85 89 31 44 1 64 65 73 26 70 94 25 31 74 15 40 48 60 64 48 40 69 88 27 48 94 13 51 4 39 19 95 4 63 11 31 88 93 61 8 58 52 62 30 78 74 74 34 10 46 88 10 83 57 11 87 15 76 6 28 91 24 68 86 11 20 85 77 60 70 59 86 18 85 27 36 93 41 84 99 94 45 78 22 10 37 55 36 64 78 61 88 55 67 41 26 70 61 17 27 79 54 6 95 99 53 56 10 34 75 43 83 77 
19 8 7 35 68 44 79 14 99 3 88 45 53 45 38 94 92 35 74 97 27 58 49 52 92 14 83 39 96 4 34 32 90 87 0 54 0 35 1 47 84 59 88 66 49 30 55 29 79 53 62 54 91 11 31 54 88 24 99 8 96 69 51 33 67 76 21 37 66 0 9 85 20 30 24 98 77 78 95 62 12 62 74 21 20 47 13 22 37 56 44 35 32 24 66 38 97 95 79 65 46 98 0 41 92 99 96 92 16 11 28 9 97 96 84 46 35 55 67 22 3 36 13 57 95 81 39 33 79 97 96 11 93 16 74 55 1 91 50 35 69 46 95 45 77 23 46 87 67 51 53 92 30 23 20 97 31 89 88 2 9 38 25 1 96 82 63 99 49 38 69 4 98 27 90 49 39 27 98 82 78 73 66 3 4 36 7 46 66 74 33 21 64 11 81 47 18 45 1 71 
75 54 10 47 85 45 9 29 48 63 32 26 92 38 20 51 21 38 9 85 61 9 46 79 12 69 74 28 93 21 98 81 79 63 68 5 44 84 24 27 0 46 28 88 24 25 55 95 74 35 56 82 48 20 50 6 58 80 33 33 81 77 58 26 66 83 24 13 45 21 35 64 98 91 45 57 95 99 51 41 99 47 72 98 73 64 17 86 0 26 97 99 67 16 82 71 49 99 61 82 48 73 27 70 29 54 94 78 48 42 15 15 99 89 93 71 26 9 48 87 94 26 88 22 51 42 31 95 45 80 80 46 69 8 13 91 88 4 87 72 46 86 22 83 64 54 36 4 50 87 45 45 45 44 81 4 13 76 14 18 66 30 56 6 7 77 3 56 69 9 37 72 83 3 50 15 90 45 54 1 9 61 41 14 58 61 36 43 64 10 9 31 84 0 61 92 43 49 58 86 
42 53 96 10 14 42 87 29 91 5 75 56 10 34 84 11 80 37 65 58 94 2 26 21 8 58 54 24 63 68 83 48 63 89 0 82 14 38 45 74 37 69 97 66 11 32 46 84 60 57 53 79 17 16 96 98 38 12 74 56 78 56 8 44 17 88 1 58 85 86 15 39 34 48 50 10 35 31 60 1 90 88 40 3 41 98 36 38 41 67 77 23 15 93 13 53 84 40 17 73 35 43 24 68 64 59 99 87 91 80 55 29 53 72 19 63 34 67 22 42 6 10 14 73 86 39 88 99 29 21 51 59 64 87 81 20 8 93 64 29 45 74 77 72 0 36 19 27 53 0 93 31 99 45 87 1 60 90 30 83 57 15 51 62 30 25 75 87 52 40 71 64 84 11 69 32 8 30 36 56 35 11 48 44 56 68 66 67 48 23 80 71 18 49 5 53 60 28 54 28 
84 76 38 75 17 42 84 29 62 4 32 99 28 49 4 56 96 82 50 17 48 24 67 87 27 99 71 71 39 83 95 88 50 7 83 1 89 42 60 33 49 16 2 20 75 98 69 72 56 25 23 11 36 92 74 34 13 31 44 9 60 52 48 12 21 47 85 1 35 95 41 97 51 0 51 95 78 40 16 77 19 95 38 26 80 9 71 25 95 37 79 88 70 22 43 27 24 57 62 44 22 44 46 25 77 50 86 94 71 91 0 23 53 70 75 56 49 70 28 25 19 0 37 8 86 73 91 7 59 89 73 48 93 59 43 43 61 78 48 12 24 96 68 5 49 3 63 2 43 50 30 92 91 38 44 83 77 30 23 49 60 36 55 71 86 44 4 39 87 79 72 64 9 52 82 42 32 86 69 37 4 52 73 19 79 96 86 68 30 89 58 80 0 51 96 29 33 6 85 35 
36 40 66 1 83 97 95 21 25 25 35 74 29 44 83 85 91 15 82 51 96 10 41 98 62 48 11 56 38 74 23 94 34 53 62 57 42 59 96 82 8 50 38 81 6 52 59 41 40 34 88 10 84 63 52 81 82 27 59 54 16 15 73 68 10 41 20 94 99 79 14 61 21 5 78 6 85 80 85 82 42 44 32 9 31 97 47 44 60 15 95 32 86 1 32 13 12 69 41 42 48 25 67 46 2 28 86 65 55 62 5 56 61 86 18 1 51 23 89 41 64 67 47 95 86 13 57 8 96 86 98 80 37 98 45 9 54 41 17 12 49 98 40 42 90 66 51 34 70 12 87 10 63 39 81 34 99 53 94 20 5 85 36 12 1 33 38 96 58 58 53 6 92 66 27 63 23 84 3 29 85 27 74 95 66 94 48 5 48 73 88 45 24 90 68 7 24 23 34 42 
18 91 91 41 90 28 13 5 12 95 23 97 91 58 45 39 57 93 4 53 42 9 52 78 38 86 69 25 39 64 59 11 55 28 10 54 13 80 52 70 10 71 36 50 52 16 22 79 38 44 15 69 25 1 64 6 50 42 47 2 81 13 18 32 54 77 80 45 25 12 17 2 14 47 97 21 32 16 25 93 83 48 87 72 66 71 48 54 77 7 96 11 97 54 30 26 9 37 48 44 82 66 98 82 63 47 93 91 59 44 11 0 46 49 81 6 22 63 64 86 55 30 52 61 9 20 49 54 94 36 11 64 15 34 43 9 57 51 15 64 11 34 10 45 82 55 35 17 48 60 1 55 57 80 62 97 50 26 84 72 57 56 1 18 86 10 60 93 66 58 45 87 75 30 23 11 56 50 64 74 59 2 43 45 22 29 16 49 69 89 57 48 4 4 2 28 5 14 13 69 
87 6 27 22 96 13 7 85 85 69 42 34 97 79 41 41 44 19 27 74 84 73 92 21 46 69 8 80 81 92 51 90 63 54 74 19 13 35 78 71 10 5 89 39 66 32 77 91 73 33 81 59 55 5 7 92 99 19 76 62 12 84 51 53 90 14 45 64 13 62 4 39 58 52 90 73 62 10 22 69 58 84 99 51 6 62 50 45 8 94 19 17 59 90 43 8 82 63 53 8 29 77 78 93 30 94 96 73 45 0 99 81 21 58 60 56 67 42 82 90 33 28 55 66 85 5 13 99 5 96 41 42 68 25 73 67 25 7 40 54 64 34 3 33 18 71 97 95 29 54 61 9 40 95 47 81 0 88 66 1 16 51 79 9 25 42 92 37 61 85 41 58 86 81 18 47 15 36 34 41 31 36 3 36 22 32 65 28 61 18 43 98 26 52 70 62 4 39 71 26 
60 44 56 39 93 6 29 33 14 46 63 95 42 28 57 73 54 83 5 52 39 66 23 31 69 41 70 78 38 95 16 69 73 80 66 35 24 73 64 12 21 89 51 13 13 2 12 57 96 12 97 4 21 43 67 9 69 27 5 54 77 94 26 69 29 5 55 99 68 42 39 14 25 66 66 0 44 25 30 25 46 72 37 99 84 25 28 49 49 9 23 52 85 35 90 97 72 82 69 30 2 37 6 15 76 9 94 62 63 96 27 83 59 10 1 83 53 81 26 37 52 75 94 99 37 86 23 9 4 11 92 25 89 43 85 29 97 68 81 78 44 87 90 67 18 83 20 57 59 42 81 10 78 26 1 39 14 68 5 36 16 59 90 40 7 53 19 8 2 29 60 22 78 1 85 22 24 38 39 97 21 52 99 62 56 62 65 68 3 41 60 16 68 86 12 14 90 63 46 50 
94 81 11 25 85 9 64 35 32 58 3 88 1 8 76 60 95 7 11 32 69 60 65 64 49 58 35 75 60 41 86 42 45 40 70 18 86 64 41 22 3 49 82 54 9 26 2 37 76 7 77 28 60 57 59 49 5 37 85 54 15 57 80 88 92 11 25 71 52 94 37 97 90 54 92 32 14 12 7 11 31 60 17 33 43 64 79 20 71 76 57 82 93 30 82 12 19 29 55 55 77 13 38 17 78 89 31 19 71 36 64 60 89 13 71 70 0 92 97 82 50 94 99 27 33 86 61 32 1 32 80 88 5 80 95 89 5 72 41 19 49 12 2 61 35 71 92 95 69 7 63 89 16 25 66 65 65 34 2 96 22 72 35 96 51 97 77 2 27 53 35 69 11 11 54 71 35 15 79 8 54 18 98 92 41 49 12 69 92 78 42 3 84 18 48 42 64 70 91 40 
62 20 53 89 64 83 2 47 30 72 6 11 93 19 59 49 80 68 82 2 50 56 86 62 54 90 83 90 46 46 47 2 58 56 52 75 93 85 92 88 16 46 54 46 9 47 99 86 87 68 37 59 34 34 71 34 85 25 90 61 46 11 17 85 23 14 44 68 0 42 16 31 71 53 98 30 3 64 27 87 69 16 67 50 90 13 57 67 7 43 96 38 64 81 6 41 93 15 83 40 76 27 17 35 91 3 97 65 65 66 51 21 4 70 56 74 86 60 68 91 12 39 63 30 48 65 63 19 97 7 89 21 46 68 3 68 89 36 32 98 76 14 60 18 22 48 71 67 24 42 55 76 14 29 3 11 9 52 43 98 92 5 28 47 76 28 62 60 71 19 93 52 34 39 30 13 77 23 0 86 27 6 13 47 30 42 5 76 8 18 25 77 79 44 56 39 86 43 79 65 
85 19 83 87 94 31 45 94 17 8 36 86 86 38 15 33 49 60 67 69 61 67 13 1 42 67 81 45 21 62 53 4 25 27 95 83 84 58 98 17 64 33 31 72 4 89 4 31 90 7 67 51 80 97 23 37 68 46 93 11 28 99 67 19 62 48 0 78 0 90 28 11 30 40 6 69 42 37 20 99 60 44 30 85 41 75 70 66 86 45 1 55 99 0 49 62 90 14 18 47 37 14 31 21 24 4 67 47 32 3 70 62 91 20 69 72 41 9 99 6 38 60 20 48 38 18 66 19 79 75 4 17 31 96 67 83 31 39 58 68 75 87 52 11 44 63 16 34 10 93 11 65 40 9 27 29 13 26 99 31 39 56 1 71 75 53 8 93 35 90 73 10 61 26 58 86 20 56 10 51 4 89 7 63 74 37 93 1 18 95 84 45 20 92 48 60 29 40 76 24 
89 87 69 38 15 15 19 29 76 40 25 36 88 44 95 73 52 3 41 86 78 96 90 96 96 26 49 30 12 82 80 88 6 1 37 6 1 69 77 19 39 85 10 64 56 23 39 4 22 60 45 33 30 47 50 26 63 8 99 53 77 58 94 39 15 99 41 18 70 0 66 82 39 31 68 26 7 36 84 65 22 26 91 5 55 51 7 50 62 56 15 9 92 24 55 72 17 45 7 16 92 37 13 83 67 87 92 44 16 14 54 12 46 87 52 2 20 94 51 79 8 61 28 1 87 78 85 5 78 46 71 39 93 20 55 53 51 30 92 68 20 70 16 24 79 94 66 53 5 98 96 76 15 22 56 16 75 18 29 93 91 16 34 25 71 23 75 16 19 90 91 72 23 61 83 27 11 58 50 56 87 25 56 35 28 64 22 21 5 59 45 48 50 8 4 45 81 98 96 6 
88 63 87 39 12 51 5 72 96 19 47 47 36 72 31 57 10 34 97 9 83 34 80 16 83 43 21 50 48 31 76 27 99 58 99 21 34 13 85 68 71 10 46 18 72 39 23 48 40 64 62 99 19 78 67 20 34 67 87 81 68 23 31 94 65 80 16 33 32 84 32 60 10 3 33 86 10 58 29 6 25 22 60 67 65 27 10 3 70 86 99 58 88 42 56 85 7 6 40 71 15 83 48 44 24 38 53 37 15 20 97 89 96 63 13 97 95 77 44 92 54 60 40 25 43 53 62 58 32 67 54 60 0 64 63 39 82 37 77 6 42 76 59 88 47 46 88 11 6 60 85 89 10 56 38 17 90 93 34 82 44 29 71 56 66 83 28 46 64 56 58 70 9 82 67 24 30 98 1 35 60 85 89 80 92 38 69 22 44 28 32 21 68 5 90 67 51 12 19 55 
99 49 90 69 61 59 39 72 29 38 49 94 92 20 13 90 15 97 44 94 0 43 72 74 5 67 83 71 93 3 49 54 63 12 28 15 99 80 0 88 10 75 63 51 57 20 79 70 67 0 42 34 64 96 25 44 38 52 44 47 1 54 51 7 18 60 16 8 73 30 3 97 29 72 18 27 20 33 17 16 90 25 80 85 62 32 57 55 14 36 2 58 22 6 31 93 42 88 54 11 63 24 76 77 3 93 14 16 79 57 31 57 76 93 90 86 61 88 20 60 34 93 78 20 3 11 89 52 79 18 45 6 1 11 36 30 20 2 10 80 21 65 25 28 81 85 43 73 67 70 66 15 95 43 72 35 55 43 2 94 73 42 63 65 9 96 31 55 22 3 53 29 77 71 94 92 39 26 74 57 84 31 91 67 35 37 60 21 86 95 50 18 37 41 52 83 52 96 14 4 
49 0 77 1 38 71 25 56 9 28 66 39 93 56 19 2 14 30 73 91 60 74 88 70 44 4 35 1 21 64 59 14 93 52 73 32 91 19 86 98 34 75 44 23 32 86 77 11 8 91 74 84 94 37 19 8 48 29 42 77 21 35 72 37 62 49 92 18 15 92 48 28 18 41 91 17 95 6 65 51 6 43 29 71 71 30 12 4 16 28 95 98 80 55 86 2 9 13 97 2 99 59 60 48 31 14 66 89 56 48 87 93 36 53 32 93 38 87 51 17 33 42 83 42 52 29 28 48 82 41 31 75 72 14 23 75 12 16 2 27 13 93 55 60 14 37 62 88 52 97 79 21 37 86 18 47 6 93 64 39 21 74 59 40 22 77 91 60 95 78 86 37 88 23 20 69 75 90 14 57 30 44 26 46 65 87 66 75 89 61 76 70 55 68 19 9 81 21 85 62 
49 87 11 31 94 58 76 41 5 55 95 95 76 12 33 98 82 85 14 46 49 43 38 91 41 57 33 7 88 81 51 6 52 28 14 95 59 13 8 95 28 93 97 98 99 47 94 86 28 66 0 6 37 10 70 72 27 7 64 39 73 13 33 48 74 5 5 86 36 95 56 83 19 12 17 75 54 34 96 0 43 26 83 66 76 20 36 93 4 85 29 36 48 81 57 48 79 15 8 75 78 43 6 51 90 16 14 7 64 64 3 79 87 85 28 67 74 35 91 15 48 3 32 38 83 50 10 10 28 94 57 15 6 45 26 94 27 88 63 27 77 4 68 8 82 7 92 53 60 47 58 5 15 90 19 12 29 72 30 23 8 17 89 44 97 69 49 71 32 26 43 52 67 6 0 25 96 83 66 61 9 89 70 0 73 69 51 18 61 42 33 9 13 7 79 86 14 18 72 47 
40 8 3 95 94 69 41 96 98 22 47 99 40 43 34 5 18 12 16 3 95 41 97 4 86 71 77 74 17 83 35 34 74 27 14 5 38 30 18 85 97 63 72 87 1 90 72 81 26 89 20 15 20 68 89 47 34 97 22 7 4 92 79 90 90 67 28 53 93 40 95 94 67 71 13 61 54 69 67 11 82 4 42 63 2 72 59 28 14 74 19 1 48 99 55 59 93 53 23 65 64 46 25 96 79 36 46 38 67 78 20 27 99 18 94 24 21 51 33 95 48 59 91 78 46 73 84 30 21 44 4 16 36 29 23 80 78 88 33 57 81 29 55 42 23 6 26 12 62 74 85 46 35 44 18 21 40 32 50 79 63 83 43 68 2 58 5 21 89 47 60 58 99 10 22 14 52 55 33 54 14 97 13 45 44 64 94 89 69 35 6 41 91 20 73 4 82 9 93 38 
97 0 26 9 7 97 78 49 53 16 17 86 35 18 53 97 30 47 36 0 56 83 9 41 30 40 83 25 88 46 69 12 30 60 67 44 37 22 69 25 61 68 43 73 70 56 22 6 2 12 19 44 85 2 83 98 43 75 76 32 0 64 28 30 69 26 40 97 64 47 24 68 13 48 16 56 83 1 31 75 19 77 33 88 68 44 61 70 50 91 27 71 53 74 89 69 17 69 49 45 78 62 30 37 88 8 4 12 54 37 83 17 60 4 45 71 66 67 14 38 51 16 90 71 44 54 78 49 32 5 99 35 69 86 36 59 86 94 42 76 73 65 62 29 54 96 55 44 30 10 78 58 74 65 56 88 43 33 35 55 58 20 92 10 42 68 43 50 99 91 2 38 65 53 35 31 91 63 65 49 43 27 27 22 83 24 29 53 3 79 53 84 49 21 46 29 31 63 29 79 
52 35 65 34 1 38 74 92 58 62 1 46 1 85 25 93 26 26 39 83 80 32 96 55 85 60 40 74 8 31 3 77 84 3 79 34 34 92 61 68 70 31 14 73 31 86 97 73 24 66 36 66 96 63 1 6 97 54 38 2 43 99 97 90 52 9 89 86 99 69 74 86 36 36 92 66 70 15 91 36 23 50 98 98 26 43 78 77 34 34 38 34 21 45 29 34 53 19 30 69 54 91 64 0 23 98 60 15 53 71 81 83 55 55 2 36 3 69 5 32 75 27 87 68 25 10 80 70 26 76 83 91 87 93 78 19 24 57 76 30 19 33 73 66 26 69 75 39 18 22 8 38 48 81 48 0 25 19 55 50 78 54 81 4 39 13 16 15 69 90 98 29 32 80 83 15 19 3 1 31 86 61 9 54 93 49 17 19 94 56 44 2 7 74 56 18 17 8 15 31 
83 9 54 79 2 44 60 18 53 58 25 16 17 39 71 21 43 30 22 65 28 37 84 0 48 82 30 32 15 78 37 23 80 46 98 77 60 31 44 94 3 11 13 23 68 61 69 44 33 79 63 29 21 73 97 12 52 15 72 48 10 44 36 56 12 11 41 14 83 22 21 35 64 94 26 31 52 58 1 63 80 28 58 16 26 43 97 95 59 21 96 14 81 60 83 62 5 22 92 67 48 91 95 55 96 11 88 29 79 99 98 27 96 90 92 0 62 58 68 55 15 2 99 74 73 31 47 69 93 21 11 99 85 77 59 21 81 38 62 27 12 61 32 82 70 4 16 73 30 66 76 71 56 15 89 16 68 59 47 11 40 97 86 70 34 69 41 54 63 3 37 44 14 93 70 15 91 20 45 67 55 90 32 82 93 20 83 28 74 42 95 31 0 29 93 56 5 64 78 35 
26 34 7 61 96 30 25 20 74 93 17 12 63 0 74 89 28 23 21 36 34 23 94 97 77 84 98 2 4 52 71 46 97 3 26 62 15 7 46 57 21 12 94 75 20 69 4 84 39 24 4 32 99 48 57 30 74 23 70 89 79 18 60 12 33 72 64 49 35 71 65 58 30 66 64 48 81 72 27 97 65 52 99 56 96 3 96 24 35 4 19 16 79 0 96 5 61 14 48 80 25 88 26 54 7 10 32 87 80 20 99 53 72 70 36 46 16 26 23 67 28 87 87 98 62 91 65 63 1 4 35 68 32 67 32 94 64 62 88 64 9 99 14 63 84 21 13 13 80 58 37 15 76 76 77 4 67 76 40 0 34 40 43 68 79 8 52 5 73 2 60 78 99 22 55 59 37 53 50 42 84 44 54 30 86 13 49 88 0 69 19 50 70 6 1 35 46 7 49 66 
27 22 38 15 53 4 25 28 57 43 13 36 78 25 74 96 9 75 18 8 69 17 51 69 72 54 55 37 57 3 18 24 59 91 95 29 44 54 72 88 35 32 10 22 4 82 53 95 4 91 50 26 94 3 62 67 3 59 19 40 5 53 66 21 7 3 63 75 86 32 15 67 54 65 43 73 69 24 73 98 31 73 56 59 29 89 19 20 12 45 49 58 52 55 76 61 34 90 62 30 20 9 47 78 4 25 38 80 14 65 73 81 96 10 25 59 65 15 40 60 31 1 86 51 48 54 56 28 22 4 46 70 15 6 90 22 84 91 77 32 91 55 81 60 23 86 46 67 17 42 19 3 84 3 29 41 99 35 58 89 18 44 40 61 23 87 40 15 55 2 32 21 90 9 17 10 21 37 82 98 2 25 33 3 99 3 64 30 13 94 7 98 4 84 9 66 78 13 73 73 
73 92 38 77 25 2 45 51 78 7 58 89 28 35 30 39 19 45 19 82 56 5 64 35 22 79 24 20 53 35 79 83 22 55 43 22 7 95 25 19 34 0 27 37 22 28 32 53 12 47 90 70 13 41 87 71 99 33 95 66 92 8 37 14 49 23 97 29 89 37 55 70 56 23 39 47 60 37 22 94 16 68 0 32 59 87 14 73 50 2 30 84 94 73 98 25 78 61 76 80 20 50 47 76 4 61 12 79 8 32 98 48 61 5 62 34 15 48 21 68 65 78 54 7 65 63 92 7 37 88 94 51 98 46 21 29 45 72 8 88 43 57 92 55 15 62 49 15 87 79 9 67 36 1 63 45 54 79 65 34 16 68 10 19 27 10 76 59 45 58 70 70 79 5 45 24 89 54 0 17 50 60 20 2 43 92 82 84 48 33 5 74 65 52 53 72 80 21 90 96 
38 55 31 71 54 53 85 17 61 26 35 25 37 37 43 98 8 46 9 60 7 82 72 29 74 7 32 59 90 67 67 98 0 16 3 33 64 32 66 65 3 52 90 25 11 1 54 68 10 6 62 91 50 79 27 67 23 19 48 89 49 29 16 18 10 56 42 94 82 7 5 78 67 4 9 45 12 11 72 96 57 78 39 6 48 91 78 52 11 1 24 85 79 8 19 55 9 21 40 68 22 90 78 39 50 26 73 73 57 90 55 4 98 56 15 33 68 35 84 72 65 38 96 23 2 55 39 37 88 29 19 72 97 5 91 22 12 32 86 72 11 73 86 47 78 11 60 87 46 32 33 47 65 30 29 61 40 43 16 40 47 18 72 36 8 39 77 18 37 24 3 79 27 34 73 98 5 32 33 1 88 41 54 9 35 97 9 32 20 22 38 89 30 93 27 70 61 54 21 19 
19 9 33 91 54 37 16 25 0 80 67 85 3 50 41 70 95 99 81 88 92 43 89 50 84 16 28 84 59 27 49 22 88 38 87 59 60 90 56 66 82 92 77 37 43 83 64 70 55 64 24 56 6 50 96 59 24 15 13 73 19 26 44 71 75 27 29 86 64 76 26 79 65 60 26 17 53 38 39 37 45 5 19 37 83 87 77 87 51 94 92 99 88 9 84 70 92 40 78 91 29 61 81 92 4 36 2 45 47 6 18 5 41 88 90 67 62 23 32 2 17 97 77 13 84 20 67 54 20 58 14 81 92 7 52 27 58 28 59 38 93 30 16 6 24 81 79 42 72 37 33 75 93 87 53 75 51 63 24 55 38 88 81 94 93 72 83 89 10 71 92 70 37 5 90 30 4 15 13 48 25 4 73 95 7 80 21 78 83 29 32 80 43 77 35 50 0 15 70 62 
84 82 26 71 37 74 64 48 42 56 44 48 22 63 16 81 51 54 44 38 68 81 34 50 4 31 93 71 18 36 46 72 15 18 23 81 85 28 39 76 71 26 94 8 98 46 78 0 87 91 85 72 8 96 29 46 73 14 47 57 68 46 2 61 20 65 3 34 48 25 47 9 7 7 67 23 69 3 19 88 85 79 37 18 79 48 60 64 78 34 8 26 59 44 95 29 37 20 2 51 41 88 3 35 19 19 18 60 38 5 80 1 94 25 7 80 49 3 28 81 69 59 54 73 74 7 31 76 68 99 10 14 40 64 54 68 70 50 96 85 49 98 99 37 64 28 19 32 34 33 78 80 70 25 95 9 85 50 21 89 82 44 0 18 35 94 29 86 65 6 35 18 76 97 44 17 63 21 88 8 3 72 31 29 98 18 79 26 58 45 20 83 8 69 64 32 58 83 57 38 
64 97 51 92 28 96 94 87 1 4 17 28 26 85 56 81 49 28 86 21 46 97 47 3 43 93 13 89 92 12 72 93 29 20 15 58 53 34 18 55 74 78 42 3 61 71 70 60 22 61 44 30 0 27 64 76 69 22 9 20 5 14 50 78 92 80 5 47 49 82 26 19 66 25 45 4 15 30 44 8 60 66 20 63 62 39 89 86 4 60 15 9 34 32 43 66 96 45 48 13 64 92 69 86 12 75 54 43 89 36 84 45 26 2 21 14 71 3 0 65 77 33 80 31 68 81 68 64 67 72 11 30 2 20 25 44 53 92 60 48 81 46 11 49 81 34 64 67 19 78 13 84 7 64 45 8 8 44 1 94 80 20 60 65 11 5 92 88 80 0 8 84 28 98 1 39 50 7 49 61 29 9 9 2 15 27 0 63 19 27 81 47 62 67 87 87 56 93 67 99 
55 63 26 33 0 78 98 33 12 8 2 72 7 20 86 67 29 47 21 76 84 78 52 55 4 30 32 67 13 38 39 1 59 5 44 38 60 1 26 80 58 32 6 58 98 1 66 38 11 8 49 73 56 76 84 47 97 47 81 93 78 63 57 20 28 10 98 81 45 89 27 76 54 31 74 28 65 38 71 43 54 47 39 63 31 65 39 43 82 20 11 12 92 26 59 79 9 61 64 19 92 96 10 56 23 96 16 1 37 62 27 5 94 89 19 74 44 46 62 27 66 87 50 83 1 30 53 50 54 78 24 6 11 71 31 60 47 60 5 85 16 48 86 16 37 19 34 33 28 90 35 21 94 25 34 28 38 2 63 96 7 35 34 60 18 56 41 44 71 93 22 22 63 59 95 97 68 36 15 51 60 88 18 4 1 73 75 17 1 26 4 38 17 49 6 18 96 80 65 69 
69 95 28 7 4 27 90 21 58 6 54 82 52 14 44 96 31 20 66 88 77 49 38 33 39 33 7 7 8 66 46 79 67 92 76 18 69 14 46 18 67 83 60 84 27 10 0 66 39 28 94 87 91 53 17 31 74 59 90 9 6 59 25 13 74 64 43 40 17 62 21 85 54 41 66 46 33 82 63 78 13 23 88 45 20 14 40 63 70 80 28 60 18 36 8 65 62 19 21 20 20 75 77 92 66 69 50 47 16 25 16 91 86 5 44 85 72 58 23 66 21 27 39 88 1 62 94 47 76 9 62 22 29 22 98 88 41 63 42 45 24 46 35 93 97 26 28 5 50 22 34 86 15 14 2 41 16 21 86 91 63 99 82 56 15 45 28 8 62 94 63 90 49 78 33 52 57 8 33 50 26 52 66 98 54 82 75 78 66 44 76 14 14 31 11 14 36 84 15 13 
74 55 8 49 0 38 29 17 56 28 91 7 39 88 52 18 6 58 90 72 61 96 29 65 85 38 98 74 35 87 83 31 71 7 25 18 30 92 0 59 51 71 66 99 40 24 48 45 93 92 4 43 61 35 85 56 54 93 71 47 54 20 57 22 48 88 38 32 44 70 1 99 79 11 92 51 12 94 82 59 29 56 70 62 28 57 85 83 12 38 79 94 68 93 43 59 12 19 41 68 8 73 89 4 61 23 10 43 0 71 89 19 18 54 34 84 68 13 28 13 44 81 45 80 69 84 16 88 33 4 52 96 36 15 83 31 92 6 83 22 72 75 6 65 46 5 26 15 98 81 39 78 30 97 50 11 86 37 6 13 29 2 39 53 17 45 23 86 60 11 82 26 77 31 81 40 96 85 21 7 53 87 55 25 43 95 35 61 65 38 22 57 30 65 19 40 95 60 35 50 
88 90 36 39 61 16 1 92 65 22 94 3 21 49 26 84 67 9 26 44 20 49 57 94 21 20 43 38 65 16 46 82 12 57 72 33 12 61 37 74 59 91 37 37 20 59 77 59 69 57 31 34 38 39 41 52 86 70 92 83 28 79 55 83 71 69 85 72 0 74 7 70 20 50 5 53 54 12 36 98 20 4 88 83 50 89 19 71 93 84 50 25 85 88 13 9 3 20 50 77 23 20 73 87 17 32 94 23 10 49 46 65 17 56 46 98 35 7 60 91 76 27 68 93 82 55 93 79 47 28 44 25 4 39 3 80 55 58 99 88 82 30 45 55 67 15 44 19 5 69 19 86 84 97 10 55 35 64 9 97 78 20 74 21 11 95 62 83 68 42 91 35 98 24 84 66 18 31 81 6 7 77 5 78 25 78 37 69 30 41 44 7 49 30 6 38 39 27 3 15 
83 90 87 3 38 84 45 35 55 73 0 15 42 36 41 75 66 26 81 26 24 67 63 90 57 15 36 35 41 29 89 5 69 57 39 22 36 33 4 95 22 30 33 89 86 58 73 66 85 90 83 40 6 34 61 98 53 24 79 17 20 0 17 71 45 13 85 41 26 86 66 12 48 6 33 81 60 18 38 1 53 48 68 56 38 34 8 85 47 12 46 48 86 8 59 38 72 0 54 1 66 71 19 55 73 15 98 72 63 10 36 79 3 3 51 8 82 4 12 62 33 71 55 56 6 99 86 8 35 88 47 19 31 91 64 77 25 39 81 5 41 2 9 58 42 93 80 87 23 85 27 55 2 6 8 63 76 20 11 36 16 44 43 16 22 13 18 60 28 26 77 33 21 87 61 30 20 66 62 83 40 70 24 54 35 84 6 62 52 91 21 10 88 26 41 30 22 63 82 14 
37 4 28 39 24 6 48 93 57 35 89 7 31 19 30 48 15 84 41 66 21 14 64 72 28 66 54 4 73 21 63 32 93 85 53 21 48 50 28 70 69 64 6 94 8 48 42 50 32 76 41 42 50 23 40 69 39 81 2 36 41 42 29 27 44 56 62 99 38 54 19 13 41 81 94 91 14 53 24 59 98 41 76 95 5 67 89 38 41 89 17 75 59 40 75 22 17 1 99 39 51 85 38 13 81 24 46 98 49 75 12 87 71 98 70 78 41 5 32 90 86 49 26 65 17 55 80 10 92 0 87 68 63 66 43 29 82 1 37 40 83 51 76 74 11 9 68 0 16 12 30 27 10 4 71 31 82 69 65 12 73 20 1 15 35 78 18 45 72 90 51 17 62 72 43 26 16 32 77 23 20 52 63 15 40 19 18 81 29 26 94 69 70 71 73 19 46 20 23 41 
47 61 24 70 46 48 48 27 34 88 52 16 50 19 99 38 64 81 88 50 40 13 0 71 77 18 24 58 62 20 46 91 28 65 39 86 8 45 89 92 51 21 52 38 45 52 74 79 58 26 26 70 17 78 93 90 88 54 18 60 10 0 95 36 48 12 13 29 54 10 50 43 96 13 67 63 85 29 57 56 89 60 71 26 68 83 73 34 90 63 51 19 42 60 75 24 92 0 59 99 86 11 17 63 71 27 36 94 14 4 72 65 38 5 95 5 92 46 58 19 29 80 33 89 28 40 44 77 41 74 78 55 60 68 19 28 8 86 72 69 32 14 25 62 0 25 93 21 2 96 81 19 29 42 88 22 54 22 96 7 94 90 64 22 44 19 27 62 85 66 98 29 38 18 15 76 12 48 26 34 50 46 13 97 65 71 64 5 31 1 84 87 34 97 18 35 0 29 96 27 
96 94 55 3 25 52 68 34 56 16 91 31 30 67 99 53 50 10 28 8 6 1 38 44 29 60 54 32 15 11 81 61 52 97 93 4 59 66 16 18 62 71 69 37 11 3 23 65 6 23 11 79 21 67 78 73 15 36 73 78 37 93 31 72 26 90 97 35 95 6 64 75 41 15 45 49 40 58 5 76 55 27 20 31 59 31 6 25 62 89 74 2 1 39 67 78 14 67 8 32 8 38 46 90 37 82 42 58 92 75 34 91 87 94 70 35 86 5 35 0 61 61 99 88 97 11 37 96 31 92 67 7 53 26 48 49 3 24 82 6 82 74 56 97 89 29 37 91 25 47 36 22 12 3 97 0 20 73 94 72 99 92 65 25 73 88 72 79 60 55 74 99 38 79 13 7 3 71 51 1 36 44 44 40 54 40 12 57 55 21 61 20 16 45 40 77 76 28 57 89 
96 31 91 26 57 1 57 29 93 50 94 70 12 26 0 50 79 29 82 95 64 75 6 84 32 66 89 29 24 8 19 43 29 27 45 68 51 25 19 7 83 0 31 60 12 82 52 40 14 61 7 59 49 72 95 84 12 27 68 48 26 90 79 72 94 68 43 1 64 54 69 64 59 33 86 91 89 63 56 95 7 44 92 78 19 78 60 16 89 91 0 0 25 63 70 86 46 72 27 31 6 14 13 29 26 18 20 21 40 91 67 19 27 4 76 49 7 37 81 85 32 93 85 46 12 59 40 44 7 47 15 51 2 50 41 95 18 58 51 24 99 15 62 62 62 49 11 61 64 56 53 87 54 95 17 36 80 50 16 12 84 22 30 48 79 98 95 93 36 84 91 80 12 86 74 7 48 38 32 67 35 72 36 18 89 65 39 98 24 3 45 9 24 70 33 53 6 65 88 31 
42 83 31 41 35 93 9 85 37 95 8 41 40 4 25 88 53 28 25 52 99 91 20 72 73 42 83 82 33 50 44 32 30 8 87 81 83 34 70 65 98 21 64 82 20 55 70 79 28 1 8 89 36 24 17 83 99 14 12 19 49 1 60 99 45 28 62 10 5 46 97 14 25 94 17 87 91 91 38 96 41 9 67 53 73 74 6 32 44 69 35 0 97 99 86 53 31 84 42 90 93 28 69 97 59 18 27 71 28 92 71 79 93 13 14 55 49 95 54 56 71 40 24 23 98 68 88 27 71 76 46 26 10 75 29 64 1 40 82 13 67 76 67 78 56 23 4 36 78 82 55 60 37 79 7 88 24 35 29 12 66 92 85 60 64 98 27 54 78 60 95 90 18 7 79 59 76 88 89 6 98 91 73 23 8 62 62 36 24 44 29 51 50 55 27 70 7 73 46 12 
52 69 60 58 11 93 30 33 47 73 77 97 71 53 78 71 62 76 9 95 84 71 35 1 65 1 57 46 87 7 24 9 15 99 85 98 97 71 9 6 66 60 2 86 80 74 94 6 84 27 52 70 78 84 22 72 18 49 24 7 65 40 6 79 33 22 65 9 88 81 49 41 24 0 88 63 12 20 6 30 44 39 15 61 48 18 17 95 98 11 20 11 12 48 23 70 25 9 68 20 37 3 11 87 53 14 71 71 61 72 22 69 78 78 97 7 13 86 23 96 90 54 51 12 78 74 97 97 62 43 22 89 60 18 5 85 48 51 31 5 12 10 80 42 60 56 2 45 44 35 92 10 69 49 18 2 43 65 3 94 39 57 59 98 3 29 52 41 12 53 41 55 85 79 85 87 67 70 73 90 9 81 62 21 38 46 56 59 83 11 39 0 75 15 98 54 32 50 65 44 
55 92 64 63 5 66 60 1 44 77 6 31 49 59 69 62 24 22 57 73 18 21 88 0 58 12 58 34 68 10 33 3 69 86 49 97 67 97 3 86 62 62 94 62 17 76 55 28 78 66 90 15 51 22 82 19 39 65 88 48 93 30 50 61 95 60 18 44 23 9 35 28 53 76 10 62 24 9 8 35 42 19 47 13 8 95 51 61 56 34 28 49 45 30 92 9 82 16 4 47 41 74 6 87 42 83 50 78 77 46 78 41 3 86 51 79 75 88 35 60 50 39 54 44 29 98 56 89 5 85 76 62 24 21 58 39 54 22 60 79 93 98 78 17 34 95 46 59 80 0 55 6 79 17 99 83 6 86 54 89 74 21 25 24 36 67 87 10 2 28 26 59 58 91 88 69 90 6 12 97 49 8 14 45 11 36 9 49 2 91 22 13 2 5 80 48 69 58 49 40 
68 58 1 31 43 76 92 51 53 45 38 42 73 82 35 78 57 0 62 99 93 85 19 29 8 68 7 93 2 94 87 38 91 41 72 34 14 67 39 58 29 49 7 17 35 71 40 43 63 20 3 37 19 96 56 18 32 2 28 74 92 10 99 0 88 62 65 52 54 94 64 59 6 43 14 82 15 27 47 90 78 58 30 47 94 34 59 37 33 15 34 85 73 55 24 10 64 28 0 31 0 45 66 2 25 7 80 33 2 80 43 34 74 9 28 92 0 28 17 95 99 24 30 37 94 12 31 22 48 82 46 77 67 76 9 91 89 32 32 85 43 32 38 65 37 41 11 29 53 39 57 8 86 85 60 5 59 36 58 66 3 96 93 82 37 4 61 32 22 48 0 17 23 40 78 91 36 26 14 24 5 16 53 10 51 43 21 9 59 15 23 92 66 16 90 27 98 12 77 60 
70 87 19 55 59 31 15 54 11 43 36 20 9 31 39 72 6 93 80 64 35 22 55 31 85 69 1 71 23 98 58 43 51 44 12 64 73 86 22 28 14 12 49 88 73 45 90 39 93 10 56 47 82 27 0 83 71 98 85 66 3 44 76 68 18 93 58 3 15 57 98 20 40 55 47 15 96 69 31 92 54 40 38 72 78 40 26 47 24 79 3 48 35 27 34 15 86 97 76 28 19 22 28 17 95 97 57 37 75 16 27 71 67 0 16 46 38 57 14 13 52 20 78 77 34 93 5 75 14 16 16 28 98 77 37 39 76 3 31 48 89 27 5 0 55 1 24 97 2 51 88 0 97 92 67 32 77 43 11 73 1 15 43 50 64 13 60 19 11 15 68 84 71 26 36 19 33 39 33 20 62 48 24 53 29 37 78 40 73 31 36 81 94 99 33 95 54 89 16 29 
2 63 51 76 56 16 75 57 46 2 59 55 74 90 84 59 39 65 30 3 30 22 70 11 29 10 60 80 31 37 99 37 10 72 23 90 18 53 7 79 3 93 50 94 22 44 21 15 8 35 3 44 35 10 55 30 30 9 68 43 48 89 35 14 13 61 43 33 71 82 4 26 18 50 73 79 34 27 33 47 74 0 50 16 17 91 28 39 9 86 39 1 58 31 21 25 6 88 31 85 2 52 40 89 31 16 66 50 7 92 48 56 69 17 4 73 81 54 4 77 52 93 17 70 41 20 90 79 95 97 69 98 0 28 84 64 30 46 57 85 86 8 19 12 54 73 93 24 60 82 26 75 79 27 0 79 73 7 91 20 32 57 38 89 69 7 31 46 88 53 51 40 47 84 89 24 67 18 33 97 26 49 10 50 32 23 97 43 48 37 90 36 64 94 43 46 61 91 31 93 
13 30 3 57 26 55 80 4 32 27 38 59 30 7 21 5 0 21 95 73 72 1 35 77 85 17 84 58 38 91 64 61 59 28 72 60 45 42 88 89 43 12 89 53 45 65 13 22 29 30 59 40 88 44 82 90 3 40 45 10 72 99 7 63 77 24 69 58 56 77 97 58 68 88 80 45 53 88 7 70 47 45 21 89 33 19 40 70 32 90 77 22 98 38 62 55 2 64 3 14 35 76 0 49 90 13 48 41 58 86 25 18 22 39 41 19 39 59 14 13 22 25 61 5 88 33 44 99 24 77 31 16 3 80 73 26 66 65 26 45 58 61 60 65 29 27 87 74 17 31 53 2 41 80 96 77 77 79 8 75 45 31 96 70 87 21 41 17 89 2 41 23 45 74 79 47 84 58 63 64 48 55 47 82 59 27 74 46 47 38 79 55 51 98 44 59 34 23 39 67 
79 38 35 2 48 19 82 0 23 54 7 63 55 37 99 52 70 1 0 29 21 26 91 94 4 91 40 12 49 93 56 52 67 16 35 58 19 26 32 37 78 8 42 35 50 56 94 66 22 59 41 45 21 60 99 27 83 79 41 13 56 6 71 10 11 58 60 86 85 96 51 13 95 72 85 30 0 0 84 85 8 7 4 19 22 27 86 66 6 50 72 6 20 25 61 91 70 51 28 56 26 69 80 17 74 68 93 13 96 5 51 26 57 71 23 18 93 38 26 90 31 13 87 64 60 17 38 23 11 62 89 5 13 84 50 34 29 9 21 84 59 35 5 53 74 66 42 2 56 86 70 54 94 44 93 15 87 47 36 49 18 69 35 12 98 29 20 32 72 69 70 74 68 51 80 89 39 48 41 82 82 59 69 60 70 87 69 74 51 29 45 53 98 29 9 99 9 61 30 36 
60 1 30 72 27 90 46 96 36 75 59 6 96 23 90 77 63 21 90 33 54 93 13 38 89 25 92 84 13 95 63 97 42 25 50 86 12 52 53 59 29 65 32 42 5 13 44 8 29 18 0 6 83 1 98 37 70 1 45 61 16 15 19 29 81 81 40 40 17 38 42 7 2 53 98 88 70 47 28 80 38 9 33 50 18 41 85 26 18 36 75 23 47 25 32 69 55 11 63 30 62 22 63 81 21 22 75 58 34 34 66 35 96 39 60 97 40 75 87 26 91 38 19 35 33 59 95 12 99 55 55 24 12 3 53 78 35 29 56 14 78 49 64 99 94 19 53 78 17 53 13 11 47 26 57 12 44 97 58 47 92 12 63 84 9 71 30 45 96 9 13 41 26 98 35 79 82 85 88 23 29 45 29 99 19 13 12 61 34 62 87 24 46 69 34 32 24 30 20 60 
46 63 49 71 68 50 18 83 41 52 88 96 46 10 0 54 58 20 87 40 40 41 39 3 95 18 26 37 30 15 57 84 36 67 54 66 11 43 54 89 2 42 21 55 72 24 18 3 78 37 55 78 71 92 88 89 67 46 5 90 61 53 80 97 14 81 25 4 57 75 10 25 58 56 68 26 78 16 27 29 47 93 51 89 98 37 58 91 79 2 37 25 62 50 64 51 27 32 59 26 71 43 38 6 44 30 65 20 95 89 29 8 96 0 30 24 23 71 63 49 27 81 79 25 72 26 20 70 9 47 82 44 32 17 75 27 16 70 32 3 7 34 27 71 20 90 75 27 46 96 1 95 33 3 34 45 3 15 10 97 50 27 4 79 46 25 35 31 29 83 1 64 43 86 13 28 27 42 0 95 72 59 99 34 7 88 37 39 49 62 32 30 78 99 30 38 49 27 44 86 
4 37 54 23 15 73 72 32 5 89 58 36 9 39 83 16 44 85 21 54 95 39 55 1 5 86 60 59 84 30 45 50 71 92 45 94 36 7 91 65 63 21 2 74 14 72 35 95 38 37 40 90 7 11 87 11 85 89 83 63 68 34 29 92 14 32 41 35 15 41 33 70 53 86 50 84 61 14 86 77 29 97 16 13 67 37 52 68 6 8 3 85 54 86 62 76 5 6 99 7 34 51 1 11 82 32 43 5 57 61 18 84 72 39 19 64 32 15 54 69 16 53 87 97 31 32 3 5 64 0 87 44 35 45 8 4 69 24 93 40 8 16 84 19 81 36 73 51 71 41 73 61 48 24 82 21 31 98 66 82 46 50 35 90 50 9 10 57 73 36 56 63 41 21 27 44 7 32 59 68 90 37 78 90 33 5 99 69 49 50 44 85 93 46 20 38 32 57 38 15 
56 83 57 75 17 88 7 50 57 49 53 90 12 35 81 93 81 39 82 88 21 33 11 19 80 62 90 58 72 22 9 92 23 21 57 73 73 37 32 83 57 0 72 58 19 96 23 34 18 5 89 60 34 77 93 66 40 61 81 86 91 89 57 13 11 81 93 8 19 24 18 43 99 44 64 88 77 50 8 7 23 0 42 38 51 94 63 46 80 54 93 51 68 98 17 24 80 85 38 30 67 48 95 92 40 35 39 98 31 54 6 58 85 98 83 6 55 20 64 93 76 78 34 3 15 45 31 66 3 48 87 52 68 5 22 77 98 15 65 50 28 15 63 97 12 96 72 86 55 96 42 15 55 99 51 40 80 96 66 97 11 13 96 57 47 28 48 89 88 6 93 36 67 19 17 39 30 47 13 83 81 91 34 10 31 16 25 79 66 0 26 88 41 75 83 44 94 77 85 13 
78 20 4 17 18 98 35 62 6 33 74 78 42 21 87 79 96 57 32 13 35 36 60 80 33 11 35 29 53 18 81 63 16 57 94 94 53 5 66 68 76 25 44 32 83 78 82 91 27 70 32 53 73 64 81 59 55 0 24 67 17 60 39 40 79 99 89 79 10 64 73 19 42 36 86 42 53 83 2 6 53 32 64 56 22 29 12 48 73 19 17 14 51 47 30 21 95 95 92 51 62 59 2 47 91 3 83 44 87 67 4 94 54 33 78 49 94 88 30 40 35 9 51 98 80 26 33 52 38 99 31 57 12 9 54 98 10 79 0 62 99 94 68 39 17 30 33 97 14 51 99 64 24 54 45 19 61 12 2 35 20 88 3 2 83 63 88 89 39 57 48 53 11 79 81 40 10 33 61 73 7 89 24 70 54 12 70 88 78 93 99 85 35 70 59 28 62 87 88 76 
99 44 99 48 50 89 32 11 82 92 61 68 35 42 37 49 38 83 5 22 87 37 77 53 67 3 14 64 17 58 29 92 32 8 20 77 24 62 27 18 24 86 97 21 8 0 18 53 80 79 86 70 79 61 7 94 44 54 12 35 85 98 13 22 34 31 1 42 73 84 49 69 96 41 86 75 60 23 33 48 51 5 71 38 6 12 28 76 59 67 29 89 7 20 34 10 27 76 45 54 10 66 54 27 49 55 31 31 80 23 1 26 92 97 74 88 84 36 78 88 79 25 25 99 25 33 66 51 77 43 4 16 93 42 45 6 3 74 73 41 95 86 80 45 53 12 28 14 60 3 30 27 34 38 61 99 31 74 48 74 82 0 45 71 58 6 89 23 35 7 51 95 2 9 84 80 77 7 85 6 43 47 34 93 1 1 89 24 86 96 54 81 32 68 2 13 69 92 67 59 
11 43 44 60 41 25 31 91 24 32 47 3 54 30 33 39 51 96 22 2 69 74 14 20 13 72 44 19 50 80 33 94 91 27 5 30 76 67 88 18 93 98 14 97 54 20 65 91 4 39 35 16 92 76 12 79 35 24 45 67 76 27 9 89 98 30 14 18 20 71 52 25 71 92 60 28 8 37 15 3 87 76 99 8 29 27 27 2 75 46 97 89 29 92 10 98 45 9 78 8 41 29 18 97 74 75 56 77 11 27 85 3 1 10 34 73 71 5 49 21 39 53 96 40 20 83 73 21 38 96 98 10 61 57 33 58 88 36 83 86 93 61 35 90 93 53 6 93 46 25 59 88 54 54 36 22 39 58 6 82 21 94 18 17 55 11 77 90 23 80 75 43 23 35 24 97 44 53 95 65 57 43 78 85 97 56 59 22 38 64 62 87 24 72 77 96 17 23 43 86 
79 76 74 20 87 39 74 80 77 8 61 30 92 1 50 37 46 52 32 90 49 84 6 69 47 27 27 84 78 1 21 41 31 51 71 61 53 44 54 8 64 59 83 89 32 43 31 18 95 45 48 41 36 95 90 96 10 74 46 61 68 25 86 74 37 8 58 5 8 25 34 24 17 4 74 80 64 54 88 20 43 93 85 41 85 39 77 54 60 85 12 78 22 52 29 63 6 75 85 98 50 32 46 40 31 90 58 0 66 87 18 95 74 28 10 72 96 70 49 49 63 70 28 58 83 62 95 83 91 75 98 96 40 99 34 63 29 82 10 73 8 32 66 95 42 69 19 82 42 66 31 80 90 75 67 58 0 42 28 81 9 13 38 83 19 51 71 88 43 70 9 88 22 22 65 66 2 74 94 43 72 73 93 50 82 77 66 57 1 86 99 57 21 54 37 24 7 86 61 24 
9 44 25 71 28 40 65 45 20 58 53 11 66 74 21 4 94 82 91 99 53 41 54 17 98 2 92 52 68 70 71 64 77 44 33 4 30 16 22 24 15 70 35 83 76 79 60 67 57 83 39 93 62 67 94 55 55 5 26 13 16 79 7 68 2 69 80 96 39 76 14 35 18 60 54 64 6 98 17 81 28 89 42 92 6 59 99 23 17 28 67 3 74 84 84 37 80 48 29 29 12 23 76 53 57 70 79 39 12 49 57 7 66 22 75 34 59 10 49 90 41 64 9 13 74 40 93 89 42 71 43 96 17 9 24 24 52 54 47 72 35 31 92 64 64 50 40 92 42 9 55 93 52 72 69 65 48 0 34 4 84 99 69 96 2 83 42 38 77 79 31 56 81 93 7 52 72 28 79 89 96 77 29 42 33 76 44 9 97 56 86 96 52 62 19 22 86 48 49 3 
3 25 97 8 24 44 12 4 41 35 15 50 76 61 38 70 99 70 9 42 25 16 99 57 43 18 44 55 45 44 42 74 8 50 38 70 13 16 65 48 30 95 32 29 77 28 56 9 76 33 53 58 43 75 61 82 70 37 66 0 56 83 11 41 49 11 26 84 44 10 40 70 70 25 92 71 18 6 11 24 37 96 80 14 8 8 24 74 77 57 48 86 91 71 86 70 67 66 1 28 78 20 99 58 78 63 34 28 73 36 93 2 91 1 54 30 40 96 99 53 98 21 18 10 76 6 43 4 64 41 50 84 16 1 44 67 19 20 22 7 86 15 8 19 36 41 37 22 25 62 23 13 33 78 39 17 78 33 34 36 16 56 97 44 87 14 46 11 47 89 39 11 46 89 92 62 57 85 8 14 6 13 35 18 48 44 40 16 70 19 70 54 28 78 6 46 34 49 75 49 
70 3 36 36 61 63 39 38 50 91 30 98 6 51 4 40 61 65 6 6 59 57 6 37 8 50 9 25 10 46 29 82 58 56 30 20 39 13 9 35 36 44 83 9 66 17 70 91 9 3 57 47 58 51 78 57 68 55 80 52 48 62 36 80 77 48 95 92 77 61 93 4 7 71 3 46 0 78 3 38 92 29 99 52 42 10 50 60 54 84 72 49 46 22 62 17 24 0 2 71 40 92 81 40 93 27 8 67 94 74 63 64 85 80 26 62 88 55 40 63 74 60 92 74 91 50 46 87 44 72 65 85 50 13 99 49 35 5 17 4 48 54 49 21 96 77 97 34 52 57 59 52 26 2 52 32 36 55 66 47 1 1 56 88 53 75 95 41 79 9 37 83 15 92 44 31 52 36 56 61 4 36 64 26 30 32 29 89 58 1 8 39 61 47 15 93 31 39 54 30 
54 72 20 47 94 36 34 33 78 94 21 50 92 63 60 59 47 93 87 46 71 54 40 10 40 87 56 76 54 67 66 45 98 99 27 83 32 93 60 91 14 87 59 0 30 30 50 48 35 77 72 36 76 53 15 70 61 90 54 16 32 67 20 8 21 45 45 89 67 91 43 13 96 68 29 94 80 81 91 3 37 26 64 76 68 37 75 77 49 31 58 5 29 36 23 14 24 94 78 97 71 80 8 18 85 31 16 2 17 83 63 46 85 88 31 33 93 93 90 76 20 27 16 20 37 35 18 69 2 48 40 99 78 25 32 93 69 98 16 26 99 76 78 59 6 94 64 21 38 9 62 68 44 21 83 15 68 27 48 49 40 40 78 65 44 23 47 79 50 67 49 95 93 99 85 30 1 99 86 6 98 6 48 46 92 1 39 2 70 7 33 49 35 20 42 0 74 77 33 81 
43 90 22 27 67 94 85 6 82 10 44 77 54 72 41 89 10 52 28 19 71 26 61 84 51 20 76 45 35 84 81 70 47 61 64 19 13 23 88 78 50 63 9 58 29 98 35 11 63 94 92 99 29 79 41 14 53 64 86 50 94 97 34 11 17 88 37 78 18 85 1 48 71 59 83 85 52 35 59 3 75 92 86 44 42 15 95 25 7 81 36 13 61 30 36 66 1 85 20 84 90 4 28 84 76 96 81 85 73 25 94 65 24 8 94 87 49 64 96 24 21 69 0 20 89 32 28 44 69 28 91 62 45 74 0 48 11 36 19 20 26 42 79 51 8 3 0 12 38 44 83 77 18 39 91 22 24 74 99 97 57 30 84 71 84 59 21 21 89 86 35 44 15 3 59 91 50 49 2 29 44 34 20 85 1 1 66 52 39 83 78 37 71 85 7 36 63 43 2 51 
17 61 68 67 49 10 23 24 38 32 15 29 64 73 14 68 30 10 99 58 76 76 57 83 0 8 98 42 22 4 98 61 27 39 29 34 31 32 69 47 78 21 19 18 82 49 99 35 15 1 91 28 5 44 6 11 72 80 60 83 40 8 89 76 49 1 3 60 12 62 69 68 90 34 54 12 7 63 97 30 51 17 9 20 27 7 18 89 76 6 61 6 86 33 91 94 9 60 60 61 84 98 1 1 60 86 61 57 35 59 77 56 8 36 41 56 19 6 62 46 27 60 14 46 10 9 36 10 21 6 67 92 17 59 53 14 30 94 36 21 26 57 49 94 89 25 40 7 70 57 96 6 48 85 65 90 25 91 5 38 72 66 57 27 33 1 51 46 69 79 49 62 53 13 20 94 91 72 22 81 94 0 82 64 93 79 49 10 6 8 70 29 83 81 93 6 7 16 16 11 
80 21 34 83 56 52 14 79 91 91 8 8 16 94 67 43 13 70 78 72 92 10 83 22 78 68 11 89 0 76 32 45 59 92 26 23 43 55 55 91 68 64 44 49 29 99 46 25 33 6 28 91 68 56 96 54 32 26 23 2 54 48 83 75 49 26 11 39 12 99 88 87 82 19 29 60 54 17 3 7 54 82 0 32 3 23 66 43 25 50 11 28 6 57 13 74 29 17 21 33 21 2 92 90 15 47 34 7 71 47 80 78 81 27 53 37 66 8 27 47 34 42 46 78 86 2 74 78 81 12 85 61 19 66 61 99 29 7 18 60 50 57 75 31 67 23 71 88 65 80 17 52 38 18 42 0 7 44 26 58 35 49 83 86 49 93 12 59 86 86 50 52 8 47 19 7 87 36 54 12 65 20 73 27 8 41 83 93 64 29 8 53 46 56 94 97 0 96 98 33 
2 49 56 69 84 87 9 30 54 27 34 53 53 9 1 80 40 37 82 15 32 31 94 29 21 19 3 71 53 34 48 36 62 79 2 96 61 66 26 81 54 74 79 50 49 12 26 20 74 17 69 9 14 76 37 94 86 47 41 17 12 31 29 15 37 41 3 1 88 65 82 80 43 58 99 37 65 85 19 7 24 76 62 91 50 11 18 16 67 6 16 63 1 82 69 67 8 18 23 13 75 25 3 55 49 13 71 84 78 17 85 23 91 85 28 15 72 42 9 95 4 46 16 61 48 2 67 36 87 72 77 5 45 31 37 71 72 34 15 90 53 50 27 71 66 1 50 79 2 81 45 31 8 59 68 29 44 9 96 93 25 81 7 66 39 89 83 10 89 24 59 49 96 16 89 24 16 77 70 0 85 13 17 53 6 76 0 59 99 23 23 50 56 24 53 21 72 72 98 96 
68 23 42 78 76 41 36 37 62 72 27 27 70 94 70 12 1 5 91 28 30 10 9 95 14 0 70 87 83 83 49 59 70 30 62 4 10 85 49 37 48 2 41 55 68 24 40 35 92 93 47 18 82 54 35 34 49 64 18 51 45 24 74 15 96 96 51 85 44 23 17 3 93 35 44 29 32 32 73 29 69 9 22 86 79 65 85 86 13 67 70 43 74 99 8 12 97 76 61 96 4 48 12 27 53 75 33 94 86 48 1 32 87 96 44 96 54 32 71 31 71 37 34 60 35 67 61 82 50 94 9 92 5 15 74 82 23 82 33 44 44 67 45 4 62 35 30 67 13 15 62 86 50 73 7 69 45 40 22 92 68 5 73 34 64 1 3 96 77 97 31 2 23 73 81 74 6 10 30 36 77 43 60 1 92 99 99 48 3 92 49 6 27 37 11 16 19 24 10 0 
87 52 76 72 54 47 81 87 59 80 20 48 75 90 98 31 12 29 98 38 48 67 36 16 8 67 10 11 62 30 32 85 55 97 40 98 24 36 23 25 19 75 61 55 23 15 38 13 80 11 41 85 60 6 86 67 19 47 76 2 7 64 38 84 9 66 8 18 56 33 94 55 1 99 88 97 52 74 77 85 6 25 48 49 53 95 3 94 90 66 81 21 55 76 53 25 91 48 94 59 44 0 3 25 47 3 70 92 94 37 7 85 38 82 61 27 93 29 98 89 4 18 76 93 41 66 27 26 52 69 1 10 46 5 4 34 33 9 50 32 4 87 49 35 48 66 17 46 38 81 41 55 72 96 65 62 82 38 36 97 16 9 60 84 70 83 47 71 58 23 96 74 2 69 82 73 69 37 57 96 91 85 52 10 30 41 36 35 93 35 73 18 51 84 55 21 94 27 3 17 
34 59 52 90 69 54 12 83 16 63 89 64 25 87 64 40 67 31 28 16 20 11 19 11 26 99 89 59 66 69 5 71 8 2 0 50 43 33 42 4 2 38 51 28 62 60 15 10 96 57 58 12 36 83 72 58 85 7 49 47 94 39 81 60 79 97 76 45 80 25 94 39 59 47 69 88 49 7 4 80 6 64 49 97 75 80 16 80 89 0 52 83 50 57 89 95 95 91 89 32 35 88 16 17 84 32 64 0 58 83 80 51 44 54 6 1 9 25 17 95 57 6 43 47 87 91 48 78 6 68 82 82 72 88 82 2 0 22 57 39 13 40 9 64 56 37 88 42 28 64 82 29 60 61 31 20 23 21 21 94 82 30 42 95 81 98 44 6 10 95 46 49 1 61 74 69 42 96 32 5 39 81 38 61 70 35 10 53 17 26 89 3 28 80 73 66 1 50 10 42 
65 28 37 70 33 48 61 99 52 23 57 47 13 51 87 44 5 80 22 48 12 94 38 71 40 28 0 74 26 92 69 91 20 9 78 31 82 38 62 63 55 24 92 7 67 65 53 96 89 41 25 80 65 27 56 35 11 67 29 99 13 33 91 52 11 66 40 93 19 11 4 4 67 34 74 25 45 45 23 9 22 29 73 76 48 76 51 60 54 50 33 91 97 46 33 46 5 13 72 65 37 36 33 17 34 26 14 98 36 83 78 90 52 26 85 60 31 71 82 83 3 0 93 37 90 28 97 32 22 48 28 31 56 39 34 16 52 58 92 82 99 34 13 60 21 81 66 25 64 6 14 96 80 68 85 22 57 55 77 13 60 44 15 23 49 38 77 8 55 49 54 64 84 89 52 96 35 51 25 17 13 60 49 33 42 1 59 77 24 93 90 87 10 1 10 45 20 25 5 74 
86 22 89 3 37 55 66 76 35 9 92 69 61 75 32 99 74 14 84 74 5 30 1 72 28 64 44 88 57 59 55 53 60 31 81 2 49 40 90 93 79 49 99 73 49 83 56 14 73 31 8 61 47 48 37 61 77 79 4 65 58 51 72 74 2 47 9 63 32 43 68 51 31 66 55 31 90 92 22 37 15 77 33 91 76 82 43 12 74 72 13 38 50 31 92 74 56 5 28 91 99 32 24 69 84 13 18 24 78 66 55 52 50 78 91 86 23 63 41 15 79 51 37 98 70 9 96 53 56 40 78 43 39 11 74 81 89 19 24 13 1 71 37 70 59 33 62 81 82 37 28 36 27 25 26 14 35 93 55 61 29 39 77 55 93 50 32 4 21 20 14 0 79 84 70 81 15 65 70 81 22 57 60 87 87 32 77 30 9 74 84 28 20 65 90 15 51 63 53 75 
77 25 5 47 36 44 39 45 41 89 88 72 21 18 54 16 75 90 43 22 95 76 69 24 79 13 26 24 65 11 65 33 42 34 38 5 55 21 71 56 9 31 65 88 39 73 1 19 36 99 55 58 59 26 18 17 50 73 42 57 4 89 15 80 77 20 16 20 35 32 85 83 56 61 14 34 40 46 40 59 36 12 34 96 36 65 12 85 1 3 61 94 27 32 60 81 86 56 89 88 7 28 35 18 89 40 58 17 45 72 36 62 1 79 17 36 66 33 63 79 21 27 95 68 74 29 11 79 53 32 78 89 71 48 81 51 27 56 43 48 77 64 66 33 12 17 96 57 31 20 61 9 38 15 13 79 34 51 60 21 40 0 44 99 97 95 34 89 40 28 94 90 48 38 21 92 57 96 84 40 24 36 60 49 91 28 11 76 9 91 8 64 81 77 73 3 73 55 8 70 
2 78 83 74 62 87 95 29 22 32 5 27 54 75 66 70 54 6 20 5 37 9 29 37 43 50 97 27 49 43 6 48 46 73 91 60 86 47 59 33 48 48 63 80 94 65 51 29 88 0 19 16 42 64 80 83 63 85 69 5 94 11 21 89 16 53 46 51 7 70 30 6 55 34 87 54 50 36 75 13 45 89 39 31 25 62 5 63 65 8 7 64 14 26 89 58 85 46 64 87 98 34 41 99 55 89 30 93 77 29 14 81 56 73 22 34 0 33 19 73 97 57 30 79 12 0 72 67 79 7 26 39 33 86 85 99 65 88 30 84 1 58 19 43 88 14 30 31 13 77 90 64 28 90 93 44 22 27 67 36 74 18 43 3 24 36 9 37 89 49 46 26 22 21 0 11 40 87 6 93 36 52 22 3 57 20 41 74 88 40 99 74 73 7 94 63 3 39 39 21 
42 95 8 65 21 92 80 6 93 49 85 7 37 20 87 19 40 90 29 45 67 66 80 19 73 74 51 6 35 44 63 71 70 17 24 9 73 50 70 43 93 9 11 25 55 4 81 49 10 0 82 50 67 35 69 75 7 63 79 54 14 81 9 41 77 26 39 74 73 80 17 73 63 44 27 58 37 66 3 28 62 58 49 14 58 66 32 60 37 27 59 70 71 67 58 8 14 39 84 8 69 84 82 98 51 56 58 69 67 79 23 54 97 91 52 1 76 8 92 99 29 38 44 15 58 62 96 96 12 84 57 14 46 7 59 96 97 49 69 72 4 73 67 4 68 51 45 40 13 47 23 77 61 20 53 29 45 69 19 13 91 44 45 56 13 59 50 44 37 34 26 69 2 46 55 32 38 70 69 92 32 56 11 3 61 67 26 72 74 26 77 43 88 46 1 54 70 69 38 64 
42 32 67 50 64 15 60 75 55 53 54 47 96 45 47 7 80 77 30 64 43 75 50 81 15 18 39 91 76 31 39 93 82 80 99 63 16 68 41 49 7 73 1 81 49 90 19 3 72 80 95 5 83 69 55 28 57 51 20 70 89 95 44 86 78 53 42 20 53 45 67 46 19 56 77 89 12 79 67 75 49 93 64 4 51 12 71 94 90 98 35 15 37 38 50 11 15 49 82 13 62 76 24 27 79 3 90 20 72 43 91 72 45 43 33 80 0 39 69 85 24 43 10 47 6 15 53 29 63 0 11 97 19 17 20 13 12 20 66 8 82 55 15 38 82 29 40 12 79 32 4 70 46 61 12 79 77 47 87 7 13 2 68 83 52 60 90 65 43 4 97 90 86 17 41 37 55 44 96 67 81 1 69 29 28 35 34 38 96 72 41 96 67 86 69 98 80 43 9 36 
91 56 94 57 92 15 59 92 13 23 3 37 24 25 84 15 83 37 30 88 24 63 2 14 4 90 15 20 36 52 12 83 55 85 93 77 55 40 23 69 74 13 20 96 24 4 9 45 30 44 8 47 56 5 43 27 80 22 89 35 72 1 0 92 43 47 74 78 14 0 14 1 78 32 84 25 94 78 2 96 24 77 45 41 28 87 44 34 76 49 31 31 14 8 12 74 7 28 81 61 19 85 8 61 24 66 32 77 8 6 30 12 23 35 42 82 5 65 7 6 73 24 63 98 5 48 90 66 98 44 98 1 52 30 59 64 94 93 90 31 93 28 82 26 12 19 79 57 94 30 96 19 78 31 87 65 55 40 26 31 53 99 51 71 62 16 24 68 36 33 24 25 89 39 49 72 61 8 4 55 2 43 60 34 83 12 75 71 71 95 7 3 35 78 21 18 97 12 39 16 
30 83 54 97 79 31 84 73 91 55 60 46 99 80 9 23 66 15 32 82 11 86 26 60 24 38 47 35 69 18 76 81 95 53 82 73 11 93 19 95 91 32 4 83 52 70 66 44 35 85 45 79 27 57 66 80 96 61 69 53 3 51 93 96 0 55 19 19 12 25 74 74 38 24 21 94 59 34 67 97 90 78 45 57 80 96 39 89 8 63 64 52 66 29 3 46 79 17 20 94 13 95 14 63 21 43 96 16 63 32 22 26 65 74 50 60 97 97 54 46 18 63 71 14 81 95 86 40 12 42 61 82 93 30 47 98 39 75 30 85 97 63 79 5 79 13 39 74 5 46 84 80 73 83 49 25 85 60 80 5 8 28 92 54 26 87 22 83 40 8 35 67 80 88 6 65 98 18 84 4 69 57 63 32 96 28 22 94 10 14 31 29 85 31 38 95 71 0 20 26 
63 76 0 33 83 23 38 35 65 52 9 94 74 83 29 97 38 98 74 32 47 77 39 17 66 14 20 9 4 47 84 54 29 33 92 32 93 67 90 99 65 46 87 58 65 86 98 22 32 86 73 37 37 95 27 56 73 6 52 67 23 30 71 37 78 86 87 60 4 15 97 86 87 9 34 67 22 88 30 27 28 75 77 72 66 21 83 42 41 83 99 59 86 71 58 88 43 14 4 98 27 42 4 57 83 25 41 16 72 60 30 91 6 63 30 34 74 21 73 51 80 17 79 78 43 75 93 23 31 92 87 38 38 62 5 14 56 17 23 40 40 47 67 41 32 48 29 86 77 49 69 84 31 69 84 77 48 11 45 49 4 22 36 35 28 47 7 37 18 28 74 61 21 19 59 92 72 0 50 42 78 28 69 69 98 55 31 18 29 20 34 5 35 61 62 7 22 59 93 44 
8 23 64 40 62 47 59 97 69 37 13 74 45 84 82 46 66 90 37 70 75 15 74 94 40 78 41 69 87 83 76 84 61 56 95 18 11 76 90 86 16 18 97 39 93 84 50 93 15 19 15 3 73 4 63 14 48 34 35 55 90 23 52 98 80 93 22 77 28 65 37 56 75 28 89 6 9 13 20 19 3 40 64 19 67 46 33 79 23 43 59 9 52 56 42 82 45 52 80 88 83 42 95 53 4 66 97 65 90 88 56 73 8 91 31 84 51 65 82 4 87 0 85 79 7 22 36 98 54 22 76 75 16 45 78 52 72 58 43 5 1 1 78 25 0 87 48 2 12 73 69 23 5 63 8 47 45 36 69 18 5 63 1 73 14 91 43 37 55 37 50 17 0 12 7 5 24 57 5 25 53 31 44 89 38 12 13 19 73 84 43 56 40 60 11 25 20 86 67 26 
4 53 13 7 65 49 29 55 0 65 3 50 77 41 5 77 34 11 13 63 58 77 74 14 44 35 74 8 2 34 47 96 33 28 79 26 98 33 19 92 55 68 23 51 4 93 80 51 10 9 25 22 97 41 42 73 45 63 24 21 51 51 99 23 73 46 18 40 59 57 28 66 91 73 88 80 79 79 46 9 13 77 6 9 60 13 46 89 70 69 30 69 40 66 65 6 44 65 87 88 36 69 71 2 10 43 97 73 49 95 7 35 9 4 14 1 70 73 52 71 58 88 58 4 80 40 28 54 47 61 88 28 88 41 78 77 59 69 57 64 77 81 62 74 42 2 20 74 44 41 54 32 24 33 48 79 64 56 72 93 39 50 57 96 13 76 57 98 14 22 33 84 28 2 70 19 63 12 1 48 95 49 11 56 80 92 17 89 18 23 48 78 96 45 67 30 3 7 68 66 
52 76 31 59 95 36 96 65 69 68 62 51 91 61 47 0 47 76 17 11 31 75 93 88 88 9 23 74 81 16 26 76 10 42 68 45 55 23 76 62 83 97 7 19 53 57 88 44 5 63 5 10 43 22 66 11 71 5 29 72 4 9 79 99 60 81 31 2 77 38 63 69 48 39 89 7 95 24 76 35 8 0 97 61 14 9 23 22 94 60 8 4 97 42 35 4 1 13 36 58 58 66 15 17 57 3 95 6 73 71 35 66 41 74 47 60 71 77 81 59 17 52 83 97 80 53 98 72 69 97 38 98 39 32 39 61 37 81 70 38 72 20 93 96 84 10 16 29 93 56 70 90 94 74 68 78 83 75 42 39 22 15 92 15 65 26 62 61 92 43 7 16 78 28 75 22 66 57 40 55 47 91 63 91 66 30 32 6 94 44 41 8 35 60 2 67 55 31 5 85 
51 43 72 61 24 76 24 85 29 19 61 54 36 89 77 93 68 87 31 63 70 44 88 7 9 12 22 63 54 14 92 59 86 39 30 85 63 67 25 62 85 24 36 32 60 84 71 89 17 1 6 9 31 65 46 81 39 97 92 50 80 38 79 43 50 61 73 85 11 15 94 89 32 99 45 60 10 77 83 99 60 3 62 98 73 18 22 15 97 91 1 32 74 44 19 56 90 90 59 99 55 32 13 71 38 65 24 38 49 19 14 42 13 39 0 85 44 71 37 18 83 93 60 83 66 22 61 76 98 61 44 3 24 45 29 20 42 45 18 59 14 99 47 83 29 71 35 1 96 1 33 19 29 95 72 24 34 21 72 89 68 73 96 88 1 45 48 93 70 94 71 62 75 80 12 72 33 50 11 28 7 85 87 47 25 0 64 17 30 50 50 98 67 41 26 13 76 14 52 18 
58 36 5 16 47 60 75 12 32 64 88 26 99 52 65 15 93 24 96 20 89 55 46 68 77 50 58 54 63 71 72 24 20 68 72 28 32 72 49 91 30 74 62 19 24 26 29 17 53 40 42 46 65 20 54 55 46 93 54 6 96 53 9 7 29 15 39 50 21 97 42 16 59 21 21 6 52 97 77 93 24 90 89 56 9 74 20 16 87 74 49 27 54 42 8 84 45 55 14 3 75 43 30 97 49 53 29 78 54 45 28 14 49 37 52 62 50 43 99 59 81 14 68 4 98 69 36 33 47 68 55 24 56 38 46 71 28 2 78 90 71 95 67 56 17 14 49 15 21 16 62 48 7 4 99 65 4 60 31 99 97 7 26 85 74 50 50 98 64 61 83 27 14 0 96 89 3 49 12 57 7 81 45 78 41 70 61 18 98 15 72 78 77 79 47 86 80 64 46 51 
50 46 45 43 6 19 86 11 34 19 18 35 2 22 42 29 2 23 87 36 32 92 32 46 26 97 92 30 33 80 30 79 85 7 35 29 18 11 91 65 33 97 77 72 20 95 40 13 45 54 12 18 97 23 89 77 87 92 99 9 26 71 85 41 39 57 16 18 57 56 40 9 55 92 26 32 22 47 57 51 57 20 1 50 60 69 80 93 83 90 55 74 49 57 85 88 36 9 85 65 23 59 20 35 7 87 1 2 29 64 94 51 41 30 20 88 71 96 71 32 28 68 52 41 64 72 38 53 35 55 85 90 53 63 55 60 26 55 2 55 60 79 70 22 12 21 47 71 72 25 6 42 64 10 6 15 38 34 90 25 70 1 90 25 43 92 37 47 31 16 36 64 3 63 89 97 78 15 44 72 7 50 89 17 51 64 62 41 58 86 82 74 9 35 33 53 56 78 5 32 
83 40 67 52 1 19 73 83 66 2 59 87 35 94 58 59 24 8 32 66 28 85 53 32 53 67 26 64 64 59 93 34 58 92 5 82 38 27 82 71 60 54 87 9 1 77 19 38 88 3 47 78 50 39 70 93 28 90 97 7 60 44 68 53 91 8 23 1 63 20 37 81 78 21 89 65 33 37 43 71 7 86 4 53 35 57 35 54 7 48 17 6 54 31 72 89 68 65 36 54 13 33 56 34 6 9 15 24 66 73 46 71 57 16 72 59 31 65 16 49 8 35 21 42 57 83 31 23 58 31 90 53 16 75 96 85 96 60 61 32 16 21 33 77 1 31 64 31 4 44 83 63 27 26 88 91 83 87 2 5 91 97 51 92 87 13 24 58 34 49 94 19 11 39 71 37 50 40 63 69 75 59 17 88 18 10 47 3 0 6 31 38 6 60 88 45 40 39 17 80 
61 85 83 88 89 83 63 66 91 12 48 11 86 86 68 74 98 7 72 98 56 75 18 88 1 66 21 10 59 39 20 6 41 89 23 31 37 60 11 71 29 66 34 14 40 22 82 48 38 26 86 59 70 3 73 54 23 22 43 23 15 97 90 79 80 43 14 23 42 9 33 44 53 96 30 70 64 97 3 88 14 43 48 19 75 80 73 87 82 39 23 87 15 77 58 42 62 25 24 76 27 48 60 5 72 62 76 70 56 45 82 81 36 2 13 35 88 80 51 1 7 8 32 65 92 18 85 90 43 78 34 74 27 6 76 40 10 38 54 26 92 29 69 12 12 7 59 44 60 43 68 76 65 47 6 29 11 12 40 99 13 42 52 91 5 2 16 46 80 42 32 68 32 38 0 71 34 79 82 24 58 4 28 36 1 95 85 16 65 18 63 39 74 24 84 95 74 14 70 7 
64 39 87 73 77 95 80 99 97 48 46 40 91 37 71 48 78 64 69 6 70 68 99 35 41 24 82 71 11 57 63 33 29 41 71 36 80 33 66 24 93 49 61 23 32 29 37 55 89 45 77 67 58 55 9 40 41 72 50 72 56 66 89 29 54 79 15 61 58 87 49 23 15 12 30 9 5 15 18 3 83 3 50 15 88 53 78 72 81 20 56 29 13 31 30 91 3 61 73 86 8 77 90 63 81 85 33 42 40 20 30 15 79 84 11 7 27 66 50 30 10 6 65 0 82 29 64 22 32 89 62 69 30 60 76 77 26 33 13 92 25 87 27 4 30 24 61 60 27 16 28 39 94 83 50 2 9 10 21 95 0 86 96 62 40 2 29 55 20 32 53 25 54 5 62 44 67 87 37 95 91 67 20 77 18 76 64 0 10 3 88 8 8 30 14 20 94 83 36 45 
11 98 58 85 44 28 81 62 48 55 64 35 81 67 13 33 0 34 73 7 29 65 86 37 3 28 16 34 93 96 20 22 24 1 51 47 48 71 1 73 84 92 22 65 46 58 46 75 4 99 64 1 18 79 92 32 85 21 69 46 39 79 92 56 36 40 12 39 43 43 29 70 53 19 46 3 13 30 60 26 70 53 42 97 23 81 59 46 63 38 86 38 34 15 50 12 8 71 60 25 27 31 1 22 21 48 61 23 6 82 33 1 64 19 8 0 0 1 63 98 11 32 57 66 9 67 48 19 95 58 18 25 18 95 2 16 91 55 34 71 11 38 51 74 36 59 23 35 99 53 14 13 22 0 92 99 24 26 77 58 27 52 46 91 29 35 48 34 11 99 55 25 34 92 15 48 46 44 13 19 70 7 23 89 38 1 93 49 64 92 70 83 66 85 22 90 1 14 99 82 
3 67 79 5 55 49 74 90 77 68 7 57 30 2 39 33 38 95 68 77 33 83 25 95 67 66 35 92 21 19 74 3 82 9 30 72 88 10 18 60 25 97 54 64 77 89 62 51 65 49 96 20 71 30 15 55 30 87 62 88 84 5 2 26 78 78 36 46 51 74 90 60 46 4 65 20 3 32 25 18 33 21 68 71 8 4 91 26 19 47 33 46 64 76 50 75 54 50 72 54 37 94 55 46 22 10 90 17 21 98 27 89 19 10 4 27 31 30 16 80 94 13 54 44 61 90 11 93 74 78 52 83 57 82 23 70 19 0 54 89 38 11 57 82 49 66 23 83 88 5 0 61 38 42 46 81 8 90 2 50 33 17 62 23 45 93 48 76 77 9 69 13 37 51 24 13 76 58 2 91 55 90 62 49 29 5 87 0 50 41 99 5 52 99 34 71 76 89 42 66 
73 11 8 24 88 20 76 75 69 79 7 47 68 8 52 33 23 84 89 57 16 34 0 38 25 49 33 43 42 72 27 10 8 20 55 66 70 21 85 12 54 37 66 77 89 87 12 39 64 90 87 50 73 49 36 13 19 76 66 35 86 97 65 39 31 46 54 59 44 23 57 84 44 93 94 20 36 14 25 52 50 66 70 16 0 76 41 43 11 88 79 56 42 5 66 91 3 20 0 50 27 88 6 95 27 91 99 7 8 90 61 76 77 22 87 39 93 84 36 77 57 1 70 80 78 50 72 30 58 17 25 80 26 90 64 82 91 34 14 28 50 30 94 30 88 16 91 74 87 97 75 92 38 24 28 82 92 17 53 79 56 33 65 34 80 38 86 9 75 3 36 10 43 22 92 18 39 78 37 9 93 84 3 57 33 7 94 97 43 66 69 59 2 50 76 32 80 91 95 14 
98 40 8 55 7 11 79 63 12 12 62 9 19 17 96 35 66 10 35 62 61 6 68 75 35 27 48 61 75 60 64 20 82 73 31 43 97 62 44 49 76 96 42 40 22 19 30 46 61 73 20 89 99 81 78 90 2 19 73 8 67 44 43 27 14 56 85 9 47 68 58 25 69 77 52 65 87 82 55 94 56 16 33 4 87 18 10 38 45 32 45 56 36 74 17 43 35 49 45 26 46 18 35 16 57 58 69 22 17 22 88 2 3 51 83 95 80 5 46 34 13 75 95 43 63 15 22 2 48 74 50 99 89 24 38 76 6 48 26 57 80 41 21 43 99 26 21 29 20 96 30 99 75 72 29 20 69 26 83 91 86 85 39 24 38 85 11 72 55 9 3 13 87 77 73 78 38 47 84 4 61 0 34 98 41 45 5 99 97 36 67 39 24 34 74 43 48 59 52 62 
12 50 60 28 95 57 72 0 70 77 50 67 60 59 74 8 59 85 60 45 5 8 24 70 16 20 10 54 41 82 97 30 57 86 26 80 8 72 2 64 97 43 80 87 90 97 9 2 54 12 0 30 32 96 91 27 63 48 48 0 15 21 59 71 66 88 25 67 26 55 33 40 84 49 99 2 27 69 16 57 83 38 51 76 80 68 64 65 50 35 32 18 62 1 62 39 3 80 33 28 37 29 93 28 87 4 97 61 28 99 82 88 62 68 50 4 86 86 84 66 26 88 67 55 13 0 81 97 6 23 83 87 26 97 52 87 35 28 93 40 0 34 9 83 13 96 82 61 27 11 21 12 61 91 22 34 5 91 19 1 74 27 59 10 36 2 79 98 73 73 4 29 38 9 74 29 27 88 45 26 79 75 23 62 25 94 33 28 79 97 81 37 18 65 67 53 92 32 15 0 
39 22 66 81 68 71 31 63 15 25 0 1 12 65 84 33 39 13 1 0 66 22 82 59 37 15 77 20 71 43 20 0 96 91 23 19 75 75 93 29 23 78 0 96 95 38 72 81 76 38 40 47 15 78 20 52 24 15 6 99 67 81 54 75 83 4 5 87 45 27 0 1 36 30 84 51 46 52 65 19 29 74 90 92 19 15 3 91 6 21 87 5 45 65 23 31 93 56 61 55 28 61 50 65 19 78 90 89 46 87 78 62 42 62 95 60 91 32 79 20 0 18 27 84 77 8 39 59 43 32 6 29 27 19 50 27 46 31 81 96 15 31 68 29 42 50 29 91 64 42 59 83 99 52 56 28 62 28 31 45 17 78 82 67 56 1 21 63 79 3 65 21 89 45 69 69 2 42 71 9 6 50 49 97 27 11 69 3 3 31 1 11 30 23 50 97 81 63 90 38 
31 2 93 37 37 86 96 43 79 13 69 72 12 33 68 15 46 32 89 58 11 99 35 46 66 64 76 55 71 6 88 11 18 37 11 28 2 51 74 3 37 15 39 79 65 92 50 86 98 80 40 7 34 18 56 40 72 37 87 98 62 69 74 23 24 16 82 98 41 58 12 11 27 8 32 25 70 24 94 65 89 18 39 76 89 47 22 35 91 50 12 87 9 83 10 92 2 53 58 84 46 4 67 40 69 44 54 72 1 65 77 2 63 16 13 54 55 90 70 30 88 7 25 41 45 94 67 80 13 62 6 7 45 63 90 59 8 12 20 10 97 74 55 78 34 48 38 52 53 7 21 92 97 59 47 76 46 25 50 29 75 36 9 59 81 15 5 15 74 80 6 30 72 51 49 18 48 31 4 38 1 35 8 63 23 33 90 52 40 1 17 87 54 36 36 87 29 4 93 63 
93 5 29 47 23 29 34 45 15 86 40 82 44 65 36 15 30 53 13 75 89 70 84 68 86 62 24 63 8 77 83 70 94 22 11 28 27 56 84 58 20 47 22 31 44 64 84 9 99 61 93 64 93 71 81 58 99 67 76 31 2 13 48 43 34 58 45 72 10 2 89 42 30 59 43 73 84 19 88 29 39 74 58 82 61 26 5 88 53 49 11 14 89 50 86 72 98 71 29 93 29 20 33 99 0 7 77 20 87 72 22 34 2 28 65 93 61 58 86 3 7 68 56 47 31 78 7 14 1 17 39 58 66 39 44 13 66 72 55 6 83 98 38 95 67 73 59 58 44 66 71 89 56 46 71 92 10 22 84 14 64 80 44 84 86 87 11 29 13 58 55 7 27 97 0 66 32 86 45 45 57 23 30 98 85 12 44 4 88 45 79 57 3 63 52 93 71 67 6 54 
26 94 52 31 77 1 71 9 60 62 68 95 57 27 38 35 18 0 14 30 78 77 91 82 24 82 35 39 34 97 3 13 88 35 48 1 25 73 75 11 92 78 77 82 80 2 99 80 61 97 82 22 17 51 4 70 3 7 46 22 2 38 47 34 62 0 79 48 48 48 48 19 89 83 82 78 60 44 99 10 60 12 96 36 82 49 23 34 87 50 12 55 89 80 62 81 65 65 26 9 40 1 3 51 13 13 4 95 55 53 74 24 26 14 41 57 49 47 80 1 34 58 78 28 20 40 44 0 7 8 35 34 12 0 63 40 46 52 2 48 60 67 99 12 24 44 1 25 61 81 86 93 20 58 78 64 74 76 33 63 81 5 38 28 91 18 48 79 55 43 89 10 51 32 22 46 88 36 4 84 80 75 22 12 87 84 32 61 62 38 57 2 19 18 14 57 31 76 20 34 
52 80 14 41 76 47 69 56 33 40 60 4 6 8 87 0 92 12 48 12 42 57 24 22 90 58 1 96 5 44 34 44 62 20 73 91 85 55 90 60 45 1 20 48 77 94 6 24 9 70 51 75 75 89 72 18 37 19 44 88 6 67 40 87 45 44 45 29 99 41 76 14 66 85 85 74 12 76 72 54 99 99 81 0 38 69 28 24 4 54 1 18 87 86 39 75 89 95 19 30 16 0 35 62 31 57 72 62 12 90 59 6 64 99 38 23 25 1 25 23 13 40 31 11 19 85 96 28 61 83 14 55 11 77 54 46 61 15 5 1 99 93 55 34 14 63 48 80 59 25 10 14 66 29 39 44 76 9 92 69 79 70 28 14 8 74 99 89 44 75 12 25 50 33 11 4 99 8 71 18 73 44 66 50 46 70 66 33 64 11 5 94 29 6 63 33 37 23 8 32 
