500
66 73 89 79 31 88 27 15 19 21 36 35 97 31 90 69 19 64 6 97 18 21 18 63 23 23 67 91 34 54 37 23 51 50 81 93 57 42 10 16 35 27 56 86 36 15 84 13 72 56 72 72 26 26 50 87 86 51 12 87 83 44 97 71 23 58 97 89 72 79 57 75 35 22 66 27 25 65 70 48 30 88 45 96 34 6 82 37 88 31 77 43 69 28 10 60 26 78 98 7 43 93 90 78 96 89 20 85 15 70 10 84 87 90 45 53 32 96 93 90 93 68 73 48 86 21 84 60 57 39 72 2 1 82 84 94 86 9 80 10 18 32 23 21 35 97 48 38 38 51 32 41 31 91 41 33 22 93 54 56 71 87 50 3 36 44 28 96 68 96 75 30 20 82 20 36 52 22 74 43 60 65 16 99 32 89 77 14 10 51 66 73 65 21 77 16 18 58 70 64 69 16 20 66 44 52 30 72 81 66 59 94 95 22 83 26 10 7 91 49 89 34 25 14 59 59 24 90 64 66 17 31 29 52 60 38 22 62 57 26 8 41 39 41 75 89 8 99 92 82 97 20 35 22 39 33 54 60 13 34 6 47 39 30 67 81 97 43 24 79 62 41 28 6 33 48 74 30 90 56 4 8 21 10 2 59 52 76 59 2 33 45 43 55 74 91 99 81 14 20 79 3 25 92 17 22 32 54 97 41 25 98 65 75 70 11 44 50 7 51 72 25 10 63 34 11 50 28 90 84 97 85 27 21 41 52 61 7 40 88 89 92 9 82 64 89 78 94 40 36 53 43 92 38 76 78 97 4 32 66 71 52 25 90 42 85 66 36 45 49 61 72 63 74 46 12 16 18 87 77 44 55 38 53 67 43 97 78 49 15 5 53 77 20 42 16 25 33 13 9 13 78 85 1 38 49 58 67 37 95 87 47 59 81 31 90 71 7 10 1 65 90 43 95 63 35 31 24 29 11 16 74 65 73 36 57 51 38 37 78 38 73 70 25 81 22 13 39 44 89 22 90 38 1 79 95 0 41 88 84 35 22 54 34 82 1 7 53 23 44 36 90 14 14 88 3 80 74 60 36 38 25 46 80 51 17 46 65 44 24 72 0 37 65 30 33 83 29 64 2 
5 18 8 25 20 79 8 16 36 15 78 61 80 78 40 70 26 44 20 47 47 91 15 1 86 73 44 77 66 41 89 54 20 43 38 42 96 51 70 96 99 75 77 60 64 33 42 97 60 6 5 32 46 72 16 89 78 56 13 0 82 98 33 4 83 73 66 49 31 70 44 12 35 66 97 62 93 44 65 78 47 15 83 22 6 64 75 44 97 59 99 4 8 40 79 35 11 56 48 2 95 7 97 36 52 5 68 48 70 15 36 59 74 13 83 38 98 38 30 41 93 36 39 65 30 34 61 51 44 22 37 39 82 22 7 46 69 7 8 76 17 50 26 97 58 29 8 1 19 79 22 31 59 73 84 90 61 75 2 33 73 10 20 68 29 9 82 19 28 14 47 77 80 17 44 58 93 12 69 67 73 52 11 35 11 72 37 64 86 77 93 19 43 1 92 70 32 73 71 52 30 30 41 74 78 92 13 86 50 66 60 64 64 47 22 31 88 41 37 98 20 50 53 12 44 65 43 3 82 41 79 76 80 36 50 85 53 83 72 96 35 98 24 58 72 80 40 18 38 28 49 79 92 33 66 94 21 12 27 37 63 90 91 16 31 1 82 96 93 84 21 29 81 10 64 56 53 50 10 19 27 14 30 97 10 47 47 43 32 45 18 42 63 63 67 9 68 78 13 70 55 79 18 36 74 86 19 90 89 43 41 89 39 36 35 26 72 76 56 90 45 52 48 20 38 26 56 68 14 55 56 53 29 36 73 3 70 18 66 66 43 66 92 38 94 50 59 59 33 15 4 56 65 26 18 40 97 64 12 8 17 44 96 95 66 96 25 48 73 55 95 98 6 64 10 30 60 54 89 50 66 98 83 0 89 31 96 54 24 77 89 54 90 99 7 88 41 13 23 38 66 80 94 60 8 25 75 53 7 86 22 3 41 46 16 39 38 84 8 35 18 88 53 78 81 53 13 59 46 79 95 47 21 96 62 67 36 98 45 14 42 61 38 30 9 90 96 68 59 12 9 95 74 65 76 7 28 15 68 7 55 27 28 23 53 98 82 1 95 47 61 90 73 16 22 81 39 92 68 53 69 53 82 37 86 50 62 70 89 40 46 26 44 34 68 76 56 20 4 49 
94 63 31 25 92 60 78 2 90 6 98 48 98 92 59 63 17 0 11 44 15 98 2 69 36 29 95 88 28 26 43 36 84 49 61 60 58 28 19 24 37 55 54 91 62 32 3 70 74 64 69 29 67 4 22 73 52 19 65 29 86 31 81 47 72 97 91 76 83 75 93 15 64 20 39 29 83 9 10 26 12 32 80 74 31 33 36 45 74 24 6 67 65 68 79 18 11 88 24 72 93 99 72 84 62 40 3 5 10 95 20 88 17 57 6 10 7 94 45 95 34 25 82 47 94 46 82 50 12 54 44 14 54 28 70 17 0 19 61 39 79 98 25 5 22 72 14 79 48 91 91 80 5 49 39 86 71 22 89 56 68 24 38 57 61 0 14 72 75 54 4 57 38 18 37 68 52 68 8 64 45 32 42 98 1 33 53 28 82 57 3 46 78 69 31 38 88 78 94 35 93 15 7 72 15 5 93 1 28 41 34 13 32 69 37 2 81 72 22 55 71 96 62 96 43 6 2 92 73 46 72 22 0 55 47 99 37 61 53 61 13 71 70 44 42 95 30 81 8 67 58 83 21 66 86 80 90 45 47 56 7 73 98 94 21 78 28 47 56 54 76 80 31 69 49 65 40 83 41 85 32 9 77 9 11 71 96 13 75 55 10 84 76 39 66 1 39 93 95 12 57 83 1 27 3 27 11 67 8 96 96 6 68 87 16 34 75 30 87 94 34 38 83 13 21 86 89 43 26 28 86 20 48 74 11 83 98 52 30 49 24 23 33 11 85 41 20 48 54 81 69 4 98 7 64 61 91 22 33 58 32 3 43 61 46 22 44 3 3 93 3 55 80 93 44 19 80 6 50 62 89 20 1 45 25 31 13 80 11 65 17 55 24 76 72 11 59 24 82 95 23 12 7 42 78 68 82 27 90 74 24 15 6 27 0 25 39 66 32 98 46 91 83 78 32 6 36 82 66 6 2 41 81 28 49 9 17 91 86 2 4 3 58 85 42 71 82 91 79 41 84 76 70 86 13 38 4 62 31 21 69 53 79 35 86 74 78 50 36 43 16 38 64 49 50 97 78 39 12 29 45 97 3 82 0 2 25 33 74 59 92 74 59 47 69 85 41 59 85 25 
6 35 52 93 17 3 76 74 2 45 66 22 70 52 64 77 87 83 50 95 42 2 14 14 74 67 65 59 3 46 68 87 52 71 46 45 71 45 32 45 34 47 52 4 65 86 83 27 92 60 1 98 50 17 24 83 32 14 63 16 25 17 37 94 2 99 43 70 49 76 97 18 55 61 87 97 22 46 31 73 98 91 25 93 68 32 26 19 48 34 51 59 2 81 2 24 81 49 61 98 2 78 47 35 87 8 30 41 30 46 1 77 11 85 51 65 64 22 35 39 50 39 87 48 34 67 28 29 99 72 93 69 23 92 45 12 62 82 4 85 4 3 99 81 90 83 58 36 96 73 45 18 96 16 48 16 30 66 3 27 44 51 68 5 67 70 74 95 33 93 13 78 74 49 99 1 13 58 28 24 23 77 2 23 64 74 70 91 21 99 98 59 31 35 31 38 97 26 68 67 93 2 65 46 25 60 70 91 61 64 18 70 56 65 13 58 25 87 69 35 27 95 71 43 89 93 46 99 7 7 62 6 98 83 11 7 74 9 38 55 9 85 82 22 48 87 80 80 36 71 32 62 25 54 60 64 78 51 85 5 67 61 25 23 4 94 62 38 29 98 0 48 21 38 10 73 30 62 34 29 13 39 57 81 40 32 19 57 56 84 12 4 43 89 27 67 26 16 27 87 48 3 50 37 96 69 48 15 74 67 4 43 18 85 27 93 33 53 48 55 79 4 35 91 69 42 2 97 55 98 25 11 22 8 87 60 31 63 48 16 82 59 6 28 10 51 40 62 8 71 74 6 72 74 49 79 47 44 23 77 13 83 57 10 85 90 99 77 22 50 27 31 86 17 81 53 2 43 18 13 34 93 98 81 65 23 8 47 71 71 71 32 8 57 59 73 73 48 11 59 34 56 76 44 82 13 18 0 6 40 56 39 77 68 61 30 68 90 45 38 69 15 41 22 45 36 1 94 88 62 5 66 84 8 71 49 72 23 94 69 1 54 78 5 54 63 95 5 75 24 35 90 27 48 76 86 79 33 85 84 8 9 94 77 53 34 66 52 10 85 87 45 34 88 68 46 36 42 96 40 16 24 69 83 20 31 17 7 39 43 32 30 86 39 57 55 34 92 78 97 
65 11 26 69 72 82 14 75 49 38 51 41 0 49 58 72 16 80 24 89 83 85 68 14 48 3 12 41 97 97 61 71 22 96 64 57 23 92 29 8 49 7 37 47 69 74 31 33 11 35 0 23 31 74 58 99 54 81 59 55 62 71 68 9 10 82 24 81 89 46 59 97 15 94 50 99 24 22 58 37 32 65 56 6 46 49 73 70 32 2 14 97 43 64 51 5 90 28 26 59 9 22 73 4 44 6 86 42 65 84 70 81 55 1 80 69 40 26 11 35 51 72 79 86 6 10 39 68 37 39 52 53 81 84 19 98 83 10 94 15 46 72 53 15 77 21 11 26 6 22 0 58 16 57 44 99 50 1 24 85 40 17 13 31 20 99 48 64 67 56 86 95 91 34 52 90 73 40 90 31 47 40 76 65 97 49 78 75 88 45 94 54 18 14 17 26 1 35 28 46 86 20 82 6 13 91 0 81 43 25 31 10 15 67 74 70 11 52 99 2 96 88 61 1 82 98 42 79 95 24 18 43 33 80 82 99 34 94 47 9 2 55 24 5 73 13 77 31 11 52 99 24 63 23 26 69 32 72 87 58 43 3 28 74 84 5 74 48 51 43 38 40 77 91 55 95 32 79 30 53 37 18 55 88 11 51 97 17 50 52 20 11 30 0 49 79 93 96 94 41 55 27 42 29 23 13 60 21 47 81 63 71 90 20 7 45 72 55 43 35 74 67 79 5 77 12 23 19 57 87 36 63 28 34 56 89 57 3 84 93 29 59 88 90 92 60 52 47 15 88 98 61 91 98 71 8 23 70 40 83 95 26 64 19 96 37 54 83 56 72 3 3 47 44 14 10 45 64 80 56 18 60 82 97 54 14 35 25 77 92 10 73 49 51 82 62 0 98 59 92 89 90 41 41 8 88 35 76 79 25 1 61 79 53 27 30 39 98 29 85 14 99 12 50 35 24 63 89 16 55 47 51 22 37 63 17 22 61 91 47 35 75 49 87 59 76 44 30 98 70 45 83 60 7 39 4 51 76 18 34 37 6 12 39 76 83 86 21 69 26 52 46 58 60 6 92 44 71 20 1 11 80 41 79 41 17 75 12 24 69 98 36 31 63 99 74 68 1 59 85 
58 88 55 1 98 42 73 8 40 76 11 83 26 57 57 93 87 90 9 23 34 11 15 58 94 46 86 12 19 73 11 1 73 85 77 62 77 6 95 24 56 6 23 73 0 27 69 97 90 27 87 36 45 11 47 82 97 64 18 83 9 6 22 57 45 93 57 46 26 60 86 9 56 59 72 29 96 80 11 51 21 43 51 63 99 45 26 80 61 55 44 56 70 54 45 37 0 3 4 38 45 1 26 53 4 42 96 34 30 12 34 41 47 24 43 0 67 20 1 14 78 48 53 64 8 71 60 80 77 35 47 86 72 37 54 22 15 88 34 47 60 42 17 10 54 83 93 86 15 34 49 98 44 29 86 64 91 70 63 14 17 57 47 15 45 62 29 7 86 56 63 89 47 64 92 46 22 36 61 36 70 72 81 72 1 15 24 87 75 7 93 62 76 98 36 60 15 32 18 56 78 78 86 45 16 64 64 41 49 91 91 0 77 71 59 24 76 49 64 40 30 16 4 32 77 73 42 90 80 56 65 66 17 42 2 25 89 94 56 38 29 13 19 36 98 93 41 57 72 66 3 92 54 7 95 89 13 40 85 31 98 5 68 9 72 80 48 70 32 42 74 19 86 36 59 94 30 10 17 48 30 16 49 69 40 23 82 5 93 26 86 39 85 8 23 16 37 62 73 8 25 18 84 73 53 71 58 10 81 51 49 24 11 47 76 58 87 91 83 8 84 83 66 56 46 72 71 39 61 73 54 18 49 52 73 86 0 67 9 57 26 6 2 15 76 71 48 92 0 61 44 18 5 17 46 33 53 4 43 70 58 52 29 91 46 14 86 17 9 2 10 62 44 73 6 16 67 7 2 68 43 69 70 75 2 33 56 80 13 85 47 73 99 68 10 41 35 7 80 31 1 23 68 14 28 98 4 34 25 81 25 15 29 68 42 74 61 96 69 22 93 65 82 33 78 34 41 1 30 30 97 51 12 61 34 66 49 12 8 3 39 95 81 49 82 30 92 24 60 99 66 7 21 9 54 75 91 57 95 89 17 48 57 18 2 79 3 19 15 96 1 7 76 57 2 2 91 79 67 48 41 93 22 99 20 76 81 77 6 50 19 18 62 92 82 42 94 89 20 38 
88 57 45 12 33 73 59 78 55 96 54 63 19 16 65 14 88 57 42 90 25 70 9 49 60 32 45 17 82 43 9 13 63 73 29 39 25 37 56 17 73 23 89 64 29 1 19 15 37 82 41 22 21 27 78 85 97 27 73 53 11 46 29 3 26 70 99 87 94 62 47 15 9 24 76 80 52 78 69 83 89 93 44 43 65 25 90 5 4 44 37 72 56 53 25 32 62 46 7 80 5 9 25 22 9 28 64 58 32 87 78 2 77 13 90 47 50 97 40 40 29 0 21 29 78 18 27 55 42 90 84 77 75 3 48 79 38 93 42 97 25 22 46 74 6 80 9 73 73 13 51 97 96 88 54 70 39 37 1 86 0 42 84 65 91 34 41 38 27 88 3 59 58 62 31 66 58 6 8 63 52 43 71 41 35 89 2 35 14 84 74 66 34 98 6 31 29 66 88 72 41 7 89 13 40 40 61 60 29 73 35 42 76 33 43 87 7 64 7 50 47 32 16 10 80 49 34 52 9 76 40 51 87 40 84 10 27 47 59 85 80 40 57 28 26 0 90 51 54 90 90 42 31 90 44 81 94 38 35 74 54 81 1 12 36 41 50 93 21 66 30 11 13 59 9 79 34 47 15 37 92 74 4 59 83 66 82 49 34 72 10 78 6 99 56 3 7 9 23 9 95 87 83 21 45 49 48 47 45 46 9 67 83 91 38 30 2 96 77 19 20 91 23 93 42 34 96 17 76 5 92 81 23 10 45 51 8 64 52 42 33 75 19 13 73 38 30 4 52 59 66 58 79 87 34 10 1 85 57 45 31 39 23 97 98 5 64 21 76 0 37 75 25 68 81 58 69 92 83 28 49 81 24 79 98 67 42 82 49 11 54 64 97 0 31 12 55 83 76 92 13 3 93 33 16 75 87 86 88 19 36 3 59 79 28 63 3 15 73 12 86 90 15 55 27 22 50 90 17 35 95 10 20 55 4 49 16 79 47 3 58 99 84 61 12 71 97 35 22 27 70 44 64 80 87 37 5 49 31 23 61 84 20 9 41 30 36 8 37 25 13 29 63 15 73 21 85 15 53 9 58 89 50 19 59 38 67 60 17 62 79 30 88 51 8 50 53 41 92 51 
3 8 8 97 61 74 89 4 21 77 88 88 66 66 12 52 48 31 86 55 93 84 63 68 42 33 66 80 88 27 28 69 57 14 99 81 1 20 33 8 78 24 45 17 89 88 84 28 85 19 74 43 11 5 50 76 17 99 53 45 74 85 29 48 90 83 5 92 40 59 10 72 88 26 80 25 94 87 82 58 84 11 55 42 52 98 51 14 0 63 53 65 70 72 37 95 99 60 59 13 10 2 36 84 88 79 40 38 97 0 46 31 38 14 48 47 73 38 60 41 99 76 37 61 40 20 96 17 36 1 86 16 39 6 65 4 36 37 88 18 34 71 56 35 50 18 67 83 24 71 28 40 11 81 7 54 64 38 76 2 67 47 65 39 67 42 68 40 69 43 12 31 94 43 28 72 12 89 36 26 47 94 18 42 72 99 71 17 96 6 21 52 36 34 47 6 85 54 92 37 11 84 30 94 35 5 22 22 68 12 44 0 47 8 86 8 30 80 20 10 85 23 90 67 49 80 12 9 80 29 7 61 0 15 14 22 59 73 12 54 44 13 90 27 65 4 97 2 80 88 29 89 49 13 33 51 14 19 38 25 82 14 65 38 7 57 74 84 91 35 6 88 96 78 25 81 85 35 73 74 99 95 22 78 46 19 92 18 20 76 57 70 36 49 14 96 65 56 90 96 86 11 61 69 51 13 79 30 38 29 61 57 75 16 9 85 1 44 25 58 42 48 43 41 12 11 96 73 57 73 73 86 83 66 43 84 36 62 99 20 50 52 0 49 31 97 28 13 19 14 16 94 73 86 37 65 71 22 39 36 88 58 21 64 61 32 96 26 99 28 91 24 55 24 29 25 59 65 76 16 85 83 22 29 90 71 49 74 2 30 75 61 8 52 48 25 62 98 33 34 87 78 0 81 13 97 50 99 52 60 84 25 6 97 98 22 11 43 66 75 47 11 23 2 19 79 8 96 16 86 50 46 41 97 66 3 41 82 8 86 40 29 98 87 0 49 1 50 96 61 78 41 85 59 74 4 24 45 22 41 77 55 83 79 61 94 65 63 89 85 52 74 56 71 49 53 88 3 19 55 94 53 68 84 71 85 24 29 74 58 86 90 18 39 55 67 50 51 64 83 
11 91 43 90 53 17 5 55 84 96 48 52 89 31 68 80 80 5 43 12 84 50 4 1 1 10 60 58 29 33 52 17 7 89 51 43 39 34 16 11 90 80 42 57 67 35 57 80 47 5 51 30 66 49 99 8 90 6 91 93 75 6 83 83 29 91 43 82 46 35 92 11 20 70 11 51 42 93 36 89 15 70 96 37 93 11 43 52 12 91 7 88 89 54 34 98 13 13 87 39 59 70 47 82 62 62 10 92 55 63 33 46 0 37 24 30 39 77 38 3 21 18 61 37 68 99 21 3 11 84 78 46 51 42 93 15 55 23 7 88 34 64 51 31 14 18 98 42 87 21 26 44 69 73 74 33 66 11 18 37 77 13 72 78 53 80 41 47 18 73 52 45 95 11 38 35 95 55 11 33 99 53 49 25 13 62 74 42 5 69 59 17 11 73 93 68 15 78 52 20 13 17 7 11 13 21 2 55 9 39 43 84 21 61 25 77 31 42 78 16 49 18 56 30 84 92 70 43 63 43 97 81 16 40 28 5 26 91 47 70 59 21 19 74 92 83 41 91 11 62 26 34 46 70 23 6 44 71 31 97 10 91 83 31 67 75 94 3 77 83 56 56 56 99 57 58 60 19 20 23 55 27 16 76 84 77 87 62 74 48 18 48 77 2 58 32 76 96 48 55 90 37 90 8 81 2 71 47 82 13 33 82 31 59 20 56 24 97 65 85 70 80 86 66 91 46 42 99 30 1 97 83 58 92 70 86 10 30 57 83 7 69 17 45 33 88 86 15 18 74 95 91 75 89 73 71 56 76 48 7 51 38 84 44 46 1 62 0 28 70 10 30 96 65 21 31 74 50 41 83 99 69 51 36 85 61 67 97 39 29 3 39 27 21 71 41 76 17 99 71 1 92 53 86 92 10 15 91 79 32 43 95 4 43 78 23 49 8 7 27 53 81 72 13 85 1 90 66 6 5 58 52 33 24 26 13 62 95 39 50 68 73 17 27 65 98 1 39 64 4 61 57 6 65 79 6 60 72 45 15 5 74 56 31 30 12 88 68 42 77 71 16 64 86 90 9 3 80 9 54 8 14 35 7 31 19 34 37 79 67 80 43 64 50 69 91 71 51 12 13 
30 22 93 53 8 33 44 2 77 41 80 42 62 85 78 61 4 27 37 10 41 73 70 95 51 38 38 39 10 11 93 78 0 67 47 67 71 65 8 81 72 79 8 11 60 7 70 3 41 97 86 4 80 74 25 39 9 13 58 79 84 92 31 82 32 2 40 29 43 57 81 63 81 70 3 3 15 12 68 3 24 64 8 44 0 18 45 19 68 77 96 69 32 58 25 84 62 15 72 99 28 25 4 55 46 62 54 85 41 53 25 98 36 47 63 99 27 83 77 19 98 27 56 19 18 45 12 17 64 39 74 8 2 88 52 34 83 24 46 30 58 74 79 34 67 52 29 91 34 64 74 38 98 56 0 41 64 97 99 1 30 1 43 79 65 80 44 44 79 42 2 79 25 79 33 50 51 22 23 3 45 93 82 40 25 86 56 9 43 43 27 95 44 56 62 57 6 22 63 10 36 12 78 45 37 47 53 41 40 27 96 25 67 83 35 91 0 23 67 31 49 85 75 40 82 46 70 6 93 59 17 14 93 4 99 22 37 2 57 90 3 57 6 4 89 24 0 47 10 77 76 60 9 58 81 5 24 99 96 93 46 3 89 44 47 12 17 25 63 10 62 42 40 45 98 40 15 40 53 59 53 36 77 90 99 86 20 50 30 11 15 84 9 98 58 15 26 82 33 74 86 98 59 23 92 77 14 83 56 35 59 25 29 96 95 94 23 38 76 32 77 94 49 32 71 68 19 61 33 30 17 29 69 38 82 25 96 76 91 83 89 43 75 59 12 88 90 69 5 65 15 43 99 78 43 60 30 48 16 66 85 29 46 12 45 20 15 59 56 26 57 49 59 25 5 61 42 99 29 83 36 34 71 87 77 70 59 64 78 24 39 24 62 93 74 25 75 48 22 8 55 86 35 12 91 77 11 73 82 98 52 36 65 91 49 81 17 85 41 35 24 66 10 34 33 53 67 83 98 74 29 81 42 25 33 40 18 23 61 69 48 21 45 70 62 41 44 75 41 5 93 8 26 30 19 74 14 13 5 43 76 0 34 59 4 79 64 14 37 82 33 7 22 40 67 50 2 8 9 54 34 79 85 4 87 84 61 79 72 15 86 62 8 79 69 94 45 9 44 15 
13 80 68 11 54 89 53 57 72 59 40 51 71 96 73 85 41 1 14 90 54 66 89 98 84 83 73 2 37 83 23 25 0 78 10 28 11 20 72 99 40 50 63 42 85 83 60 65 55 11 73 12 35 40 14 98 3 71 68 53 27 20 31 45 58 21 68 19 7 21 16 38 55 65 0 22 63 72 17 27 64 21 8 69 82 80 81 11 71 25 54 60 51 59 76 27 25 21 22 64 2 70 14 18 50 83 23 25 54 54 87 5 65 34 75 27 83 6 98 19 89 37 6 71 34 91 79 23 59 29 35 47 25 17 29 62 43 13 88 31 84 2 73 78 50 79 47 94 41 50 78 91 88 2 28 42 23 10 57 52 68 85 62 41 88 43 71 98 65 94 90 7 87 16 19 31 43 28 93 43 93 70 54 10 5 17 70 51 64 7 3 82 11 22 35 66 22 82 40 28 88 11 35 60 43 75 45 50 0 86 39 22 2 14 78 35 85 93 39 58 94 19 75 4 4 77 28 74 70 47 62 71 15 19 67 43 15 57 53 77 62 32 66 98 27 92 46 18 26 18 27 94 25 95 57 29 36 38 76 67 45 2 58 94 64 69 12 9 57 76 62 13 31 11 79 90 72 22 45 14 88 40 90 52 92 63 81 91 84 83 63 61 76 42 59 91 22 53 88 98 38 36 82 81 47 8 61 77 49 81 39 14 1 86 44 7 66 99 36 18 19 52 19 75 8 5 87 31 65 79 4 48 55 15 9 97 2 59 35 82 54 29 12 69 48 95 16 45 51 22 84 49 84 47 86 77 11 93 93 73 20 5 98 79 20 70 81 8 88 31 65 98 35 27 30 9 67 78 21 96 81 81 26 30 48 95 11 69 7 20 9 34 7 49 45 34 14 49 76 89 51 32 52 59 43 74 79 31 41 58 34 90 79 80 7 75 93 50 17 0 45 85 85 91 31 20 20 30 56 95 87 79 32 73 93 97 76 1 89 54 12 64 86 92 26 58 9 64 77 67 60 28 44 43 91 83 14 74 67 39 55 11 51 72 31 12 83 13 93 6 97 35 84 39 65 81 35 20 64 78 29 11 1 36 7 12 96 84 25 49 84 9 0 25 5 4 10 83 27 77 
35 24 54 15 6 22 88 85 21 31 78 27 67 57 46 13 12 46 42 32 12 32 45 14 91 61 33 11 76 39 8 30 32 37 28 27 12 76 69 92 66 42 94 49 80 1 12 90 86 57 78 96 1 92 98 64 8 70 59 83 98 20 39 26 48 70 60 97 74 96 99 40 21 91 74 32 72 39 85 21 37 99 79 61 70 92 3 83 91 71 28 32 31 94 18 26 43 81 55 62 43 5 61 52 92 30 57 15 12 94 72 69 57 48 78 21 11 71 78 20 78 6 83 40 30 81 58 64 24 33 35 38 2 72 18 83 27 59 54 22 92 42 61 58 34 51 1 4 21 40 31 91 83 55 72 41 34 35 83 27 74 1 79 98 66 51 53 43 42 67 38 92 5 87 94 11 75 38 43 92 79 23 34 88 47 10 13 32 88 71 8 22 43 43 59 12 11 37 76 68 92 58 4 51 0 29 56 94 59 47 37 78 24 96 95 84 77 10 1 74 79 99 59 95 29 36 6 2 68 10 48 64 20 60 92 32 2 94 51 44 36 25 52 17 2 10 63 12 50 77 84 7 58 69 59 22 57 12 66 21 63 44 10 74 71 84 75 26 30 75 54 50 93 92 49 81 28 45 85 7 17 51 8 85 74 81 88 46 7 12 59 53 85 24 42 47 1 74 18 52 55 1 16 52 18 67 79 66 18 6 45 55 82 17 23 38 76 83 93 74 68 76 31 58 23 17 21 56 24 4 94 3 39 72 94 51 39 14 39 86 62 71 42 55 56 4 18 79 98 19 59 32 26 96 35 80 21 54 27 24 13 24 92 5 43 45 79 95 16 25 44 68 93 91 98 38 54 69 58 62 63 28 85 16 42 45 89 45 59 19 9 95 0 2 49 1 88 50 41 26 19 81 74 16 56 79 42 63 94 79 0 49 59 60 76 40 58 85 58 42 53 81 3 4 31 2 24 3 47 42 87 20 41 82 93 15 53 74 36 4 87 36 57 74 95 43 39 44 50 8 61 10 86 78 12 73 57 81 20 72 2 65 51 59 88 16 93 45 3 75 75 7 69 47 58 22 69 57 72 36 46 60 39 89 2 4 6 41 48 62 14 71 41 21 81 21 95 82 66 64 
83 27 84 2 16 46 70 87 60 57 64 77 97 76 79 28 54 83 96 49 55 83 15 10 69 93 89 9 35 20 92 81 28 71 40 5 70 70 62 95 76 75 35 99 7 37 33 97 67 52 17 59 85 93 69 32 45 3 53 56 17 79 75 90 69 4 36 13 71 36 32 5 93 5 67 9 88 85 0 53 62 76 44 82 38 28 62 59 2 95 45 99 29 54 66 85 77 43 6 92 26 2 5 20 1 36 43 62 6 83 53 62 98 57 12 65 73 9 14 29 58 59 3 51 94 82 89 24 46 7 1 94 17 35 24 61 76 34 83 50 52 2 91 11 85 8 66 82 85 43 80 56 12 17 95 38 49 56 48 89 40 60 24 46 33 96 84 36 48 20 53 77 39 7 33 95 46 22 64 84 50 52 38 33 84 75 43 64 55 51 77 8 68 81 72 92 70 47 82 71 94 66 63 29 57 0 7 26 59 24 35 74 33 63 62 83 33 91 27 84 83 71 12 98 46 26 97 20 72 90 93 66 54 65 67 89 14 27 8 7 2 48 2 95 67 88 11 31 25 25 88 75 81 82 89 61 90 57 42 14 24 70 21 93 52 21 69 99 94 13 25 6 76 74 97 52 80 31 22 2 18 66 90 82 73 13 37 82 61 23 92 93 94 55 49 6 99 25 72 82 12 11 83 3 13 81 26 63 69 6 29 76 27 13 57 5 25 6 27 11 5 20 9 39 7 58 33 11 64 6 98 32 48 82 79 37 50 62 2 16 87 60 28 65 72 36 15 2 17 54 41 74 28 44 92 45 31 56 71 31 86 1 34 80 82 62 18 4 26 89 58 57 46 81 63 75 58 43 98 85 50 50 37 10 18 52 12 27 41 9 77 32 42 96 78 55 84 4 53 98 60 13 27 83 14 28 92 49 5 6 71 37 0 25 23 43 6 54 3 81 65 65 64 18 21 78 78 85 20 54 18 36 42 81 86 1 33 0 96 87 1 17 96 52 92 7 46 11 66 45 68 39 14 92 35 37 96 73 31 89 83 10 94 39 4 2 93 23 92 49 62 25 60 55 80 0 88 2 20 87 77 39 91 68 16 88 97 64 58 21 65 70 97 47 62 28 81 77 41 31 
85 92 1 81 85 35 80 76 19 10 8 94 65 0 46 5 21 98 96 17 68 62 80 99 32 43 36 49 22 8 52 97 73 19 7 10 97 73 24 14 26 42 59 84 48 89 36 22 90 61 82 64 26 15 33 44 21 39 34 76 14 19 5 99 40 72 37 8 84 28 12 7 67 47 65 65 34 49 15 7 15 49 81 55 89 93 74 7 71 13 34 59 27 59 98 30 5 94 21 1 79 43 1 52 37 70 88 65 38 75 57 19 22 33 49 41 8 90 99 6 44 67 52 99 80 55 8 23 27 1 42 60 80 41 52 40 38 21 58 36 79 82 67 11 34 12 5 44 52 18 71 30 58 45 29 84 29 88 63 70 27 55 21 58 37 95 10 57 50 42 4 56 8 23 49 88 94 24 66 88 95 76 97 76 72 68 12 67 0 68 73 7 69 74 26 75 45 24 93 26 54 9 69 85 88 27 46 30 70 96 75 16 88 36 94 35 2 10 70 34 4 49 80 73 32 26 93 80 83 65 38 10 15 87 84 13 70 17 22 56 29 40 63 33 33 42 23 99 99 72 83 37 10 15 27 70 74 76 82 36 2 19 28 87 25 52 68 7 11 77 68 64 79 25 55 8 19 87 44 89 55 98 42 68 56 39 20 91 2 9 69 74 81 72 97 11 57 52 22 37 8 59 19 46 20 50 9 83 48 46 59 64 63 58 32 56 82 96 71 78 51 89 4 58 71 13 60 10 17 12 76 93 34 16 52 25 91 92 33 11 58 80 47 4 66 14 66 65 42 98 38 6 1 42 90 59 26 47 41 66 73 72 38 13 71 88 41 39 10 76 51 27 42 7 51 44 84 47 41 75 86 70 31 94 27 58 33 56 68 99 22 17 98 43 19 67 79 29 75 37 46 82 68 54 72 46 63 17 30 35 31 36 92 54 70 45 54 79 7 2 62 58 22 93 26 14 22 35 96 37 60 1 49 65 11 39 98 15 39 23 13 14 42 35 82 29 8 16 71 67 3 15 81 46 40 38 2 25 70 39 18 53 27 79 53 9 5 24 82 67 13 45 38 48 49 11 39 71 91 98 33 15 43 27 9 42 53 11 37 30 65 32 67 46 61 62 87 19 55 75 
82 92 82 62 51 84 35 66 99 49 2 62 16 97 61 4 48 5 40 69 85 62 37 97 56 77 54 79 47 4 24 24 55 66 48 34 5 43 46 1 81 16 34 13 40 29 0 44 70 88 1 93 21 58 40 6 95 6 23 23 37 44 90 90 76 58 38 15 36 60 76 31 12 91 40 83 84 59 71 57 77 82 69 54 5 71 57 39 77 46 75 96 53 26 96 29 62 11 0 61 87 86 46 35 18 84 67 13 32 90 76 42 74 48 61 84 7 48 16 20 3 98 17 75 2 87 49 16 43 15 92 24 26 70 1 47 66 6 62 17 26 62 16 98 44 56 8 14 76 2 35 67 53 86 29 72 92 6 95 97 33 68 69 15 15 29 77 44 53 68 46 82 82 95 34 5 91 22 90 73 62 38 57 29 77 67 15 98 53 31 72 53 31 27 66 81 34 31 62 39 37 57 40 37 16 3 18 80 10 78 87 62 54 92 46 72 80 45 72 64 63 48 73 46 57 92 71 68 81 55 43 93 9 84 12 44 43 67 18 54 30 80 58 56 77 79 33 60 21 49 93 63 46 77 83 65 52 25 86 99 69 93 94 61 45 11 92 66 95 69 40 64 5 30 45 96 29 14 47 79 75 0 29 94 38 96 16 37 24 64 55 92 7 71 75 72 11 55 39 65 8 26 13 93 22 86 5 48 52 46 62 54 45 44 99 56 17 92 25 42 64 27 77 86 95 78 39 38 45 15 61 3 79 43 67 28 86 78 66 9 31 60 60 74 76 38 13 96 14 49 46 44 43 8 80 34 82 64 67 95 85 34 62 94 66 9 39 83 22 21 12 81 40 2 2 0 90 14 99 40 60 57 11 10 11 88 77 96 27 99 85 56 88 36 5 51 57 60 47 45 40 2 53 68 74 23 24 98 60 81 13 16 43 95 9 6 28 55 66 59 20 17 6 98 86 88 40 20 53 16 90 0 29 93 72 92 11 30 4 76 78 46 16 64 77 13 45 12 72 61 99 82 73 96 30 89 76 20 0 61 17 43 98 89 22 31 62 80 86 43 24 16 58 69 21 79 85 70 66 94 49 53 40 97 38 25 83 40 30 17 82 24 44 4 13 99 44 12 34 71 
61 3 61 25 11 78 92 66 2 71 99 60 59 3 2 44 29 99 46 23 71 79 32 9 68 55 19 3 31 30 39 45 9 5 80 9 63 16 67 35 0 75 37 48 61 75 16 77 37 19 55 17 10 23 11 69 91 16 68 2 22 86 78 92 11 9 58 67 85 14 67 60 98 20 60 54 32 83 5 67 0 20 94 22 55 46 40 13 26 88 95 75 79 93 34 4 6 71 93 86 47 67 70 55 72 78 18 26 90 55 14 50 36 91 52 1 29 33 29 8 74 10 50 6 81 76 84 49 29 95 44 0 42 78 83 1 38 90 42 92 94 78 16 33 39 30 86 22 47 58 36 41 15 2 92 2 25 32 28 15 12 51 90 87 55 75 63 61 96 51 88 78 55 42 63 15 34 16 7 12 25 13 55 88 19 94 62 59 28 0 86 87 65 76 10 68 42 84 57 51 50 1 84 17 65 30 16 5 35 48 90 93 65 70 20 7 47 31 37 56 11 12 72 27 92 5 52 45 4 56 45 25 57 51 82 6 82 28 80 84 43 80 49 18 4 84 65 90 25 65 88 96 44 99 84 98 79 5 33 91 39 55 96 45 48 53 86 72 52 71 10 63 91 98 76 76 0 37 76 1 48 59 99 73 19 78 74 67 48 51 66 94 43 6 23 79 87 55 30 9 46 29 25 87 18 16 92 46 73 83 69 39 41 76 43 92 19 35 90 53 99 72 79 33 67 1 72 46 53 92 19 90 33 63 56 28 25 71 27 2 88 98 45 5 1 61 0 69 89 23 86 36 37 65 64 18 40 22 84 56 98 73 15 67 21 28 20 87 12 55 0 79 88 57 88 69 25 70 51 3 50 98 71 20 79 41 51 80 18 11 97 72 73 21 51 49 70 1 30 96 13 40 12 61 84 16 86 38 79 25 43 42 56 4 82 52 78 90 90 43 73 43 20 37 94 89 38 17 89 36 98 21 88 53 29 47 71 59 39 68 74 5 13 16 23 27 73 0 33 64 40 18 34 53 99 35 92 38 23 38 86 69 95 20 31 95 86 73 54 54 45 66 83 85 66 59 97 21 24 76 53 6 46 18 28 35 82 80 13 3 45 97 15 54 31 43 65 71 51 23 
5 43 17 46 84 65 81 13 99 19 39 38 91 80 83 53 54 63 37 41 23 38 10 23 41 78 97 68 16 1 40 61 29 16 31 98 56 44 23 62 57 59 67 82 88 7 70 24 90 71 52 99 85 37 15 33 29 10 13 46 60 67 16 37 55 74 67 6 67 11 82 40 23 92 66 3 85 20 92 97 22 48 42 2 66 84 52 93 64 76 49 12 87 70 16 28 55 88 50 40 38 6 68 15 29 80 58 19 4 32 52 52 30 5 38 55 38 51 44 50 19 73 24 16 70 13 76 92 18 64 79 32 17 48 40 21 78 27 72 52 16 9 68 73 60 26 32 10 38 85 19 40 0 61 33 94 33 50 21 8 36 73 79 81 66 61 79 57 63 58 99 27 21 32 62 35 87 31 88 76 21 73 67 33 49 75 35 89 87 6 2 3 86 30 54 45 67 37 80 47 46 74 40 60 65 33 65 96 60 82 69 60 25 89 38 84 71 81 38 61 10 75 72 5 70 42 75 54 93 25 36 38 15 3 92 27 21 71 98 97 84 23 23 43 82 55 24 50 4 58 78 29 85 99 63 76 43 77 42 1 64 88 68 22 87 34 16 31 21 80 53 33 61 27 69 48 11 54 68 55 92 24 38 37 98 62 18 16 99 97 2 36 95 12 98 43 78 51 47 13 88 73 7 78 49 39 54 99 48 28 19 68 27 4 15 27 84 36 24 9 70 69 29 3 48 7 9 39 20 49 87 35 18 8 65 53 59 65 33 57 55 1 68 91 61 91 32 5 7 43 70 29 51 82 63 42 94 75 45 56 60 6 27 68 64 24 35 42 26 80 44 29 39 78 97 79 27 31 38 60 16 6 64 58 55 86 62 42 6 74 20 6 12 78 80 52 6 40 12 64 45 48 79 3 35 12 12 9 0 11 64 61 85 2 81 38 50 97 57 86 9 39 52 80 33 12 80 99 40 55 8 51 7 80 55 70 50 62 89 34 5 21 42 52 16 82 28 98 17 64 80 64 22 88 62 61 52 99 39 37 56 6 67 79 41 13 68 63 8 23 92 82 73 29 85 87 76 22 2 4 43 49 97 29 19 95 52 24 23 81 53 29 17 44 81 77 64 56 99 54 
88 12 70 86 84 34 29 20 13 36 28 52 58 39 66 82 61 22 9 48 65 47 69 47 49 20 19 33 44 14 17 77 22 59 6 64 62 92 85 96 40 21 60 0 9 36 9 82 54 83 83 48 97 92 65 46 83 96 73 1 18 49 28 13 69 42 77 66 36 76 94 70 77 8 96 77 53 52 30 2 65 96 1 69 80 97 99 83 37 20 17 16 53 16 27 40 86 30 17 39 93 8 8 78 5 87 95 95 6 53 82 39 35 34 64 33 92 12 79 82 24 19 64 24 86 59 20 45 12 89 10 25 28 90 19 95 63 15 67 30 32 8 45 7 33 79 88 48 20 89 15 71 74 97 88 30 39 80 89 48 98 14 70 24 21 24 77 30 10 17 90 71 98 2 50 55 36 37 46 57 73 33 53 77 50 74 45 9 17 24 41 1 53 75 60 14 13 16 53 65 86 5 98 77 37 76 36 93 21 32 17 54 5 57 52 18 62 32 92 67 36 34 3 25 30 86 35 47 51 96 71 24 35 20 28 51 44 20 51 94 84 5 6 66 89 36 3 20 78 49 77 44 20 80 39 37 50 50 54 32 11 13 99 20 1 24 97 82 81 54 46 93 81 8 11 17 76 18 4 55 80 2 16 6 15 30 51 10 9 88 72 26 92 25 21 79 68 5 66 67 65 6 91 33 39 99 49 37 30 26 7 92 35 63 40 41 45 45 92 73 41 44 20 76 60 72 64 77 60 36 37 80 44 62 7 45 66 48 65 69 61 39 26 50 98 91 39 10 19 5 89 6 41 30 4 79 40 1 40 65 15 41 39 33 93 26 1 11 55 36 50 20 38 37 22 27 60 65 96 79 14 40 86 37 25 29 13 74 58 37 18 59 21 5 93 16 49 79 5 74 6 13 53 61 91 46 50 7 38 43 49 12 2 18 64 50 14 87 40 85 28 92 6 51 56 2 64 9 69 6 85 5 0 13 95 34 89 83 92 55 30 14 56 6 66 96 67 76 60 26 97 71 29 86 74 9 49 67 26 16 40 45 37 46 17 92 33 16 97 52 18 77 78 18 51 4 25 91 63 42 80 78 78 29 57 77 97 75 29 81 16 79 30 29 39 27 24 52 14 22 
59 66 22 98 41 7 95 12 91 46 87 53 90 65 68 89 70 7 59 62 60 97 81 79 49 91 74 81 39 11 93 85 38 16 52 23 8 52 7 32 4 75 94 41 91 70 21 50 25 62 59 28 94 28 74 13 54 94 3 85 12 32 74 5 5 41 47 75 60 50 22 86 96 72 91 76 46 42 56 95 2 16 43 62 28 47 91 9 52 11 40 54 16 93 22 13 95 58 7 91 11 44 57 42 90 3 53 69 74 65 59 47 3 7 22 72 38 39 62 89 57 68 58 39 48 10 62 70 88 68 64 32 41 89 17 51 48 70 33 86 1 67 41 73 10 44 99 58 13 37 35 56 63 40 17 27 48 97 66 81 81 85 78 25 65 69 44 14 6 14 81 49 34 52 34 95 3 23 43 37 19 40 87 48 29 18 38 20 52 86 67 24 67 95 48 39 1 58 27 58 55 29 62 52 27 91 50 72 46 75 9 78 63 62 5 86 99 78 88 60 47 52 89 29 32 82 7 92 30 91 49 50 56 63 79 10 51 82 0 39 0 49 51 45 81 51 14 70 5 12 75 72 84 6 82 9 14 67 41 98 36 65 32 35 55 46 32 47 85 59 71 19 67 66 83 24 47 90 97 12 69 31 35 29 71 97 11 57 15 91 23 78 7 32 1 20 47 42 34 72 11 68 32 55 46 78 60 56 9 99 89 95 60 36 81 78 45 21 23 50 2 45 55 37 9 24 87 10 36 58 96 83 72 85 59 54 66 97 92 0 3 31 74 43 4 52 73 64 70 50 62 43 20 4 57 20 28 66 67 40 62 93 72 50 18 23 60 33 23 58 75 64 71 54 2 9 27 54 70 88 4 43 53 59 65 22 25 13 54 14 46 35 52 89 38 80 45 42 1 48 15 11 76 87 65 99 63 95 85 98 32 82 17 29 85 19 45 29 10 35 44 99 32 22 26 73 49 53 50 91 33 53 67 58 24 79 55 11 84 48 28 57 54 12 23 96 66 11 12 38 62 31 51 50 74 18 14 62 52 44 84 56 29 35 85 84 33 58 83 92 54 9 88 75 77 84 20 85 57 24 39 61 39 3 64 32 25 38 42 34 89 24 70 78 57 56 81 35 50 43 
38 12 67 98 76 82 13 61 32 82 8 43 82 38 72 71 23 15 92 44 25 54 45 43 77 12 89 33 65 72 6 65 96 13 45 91 68 87 64 18 77 66 75 73 20 44 3 61 14 8 31 18 37 28 51 88 65 21 87 75 6 18 24 84 14 71 7 28 16 21 78 73 91 83 59 23 18 55 77 25 84 77 36 77 50 74 72 6 50 12 4 95 11 29 63 49 79 54 69 25 20 20 13 76 4 84 5 1 25 51 50 10 88 85 31 79 63 88 89 30 32 88 45 19 43 88 58 70 65 85 87 14 74 48 37 77 29 39 64 35 69 9 67 62 28 27 46 74 31 74 80 27 28 69 29 75 68 25 52 0 62 78 1 28 12 73 88 56 94 6 77 73 79 34 88 33 98 33 41 79 29 39 56 73 73 12 38 76 91 10 7 4 48 82 69 10 79 43 85 23 62 42 55 55 98 0 32 14 94 16 66 20 23 20 22 30 13 39 50 87 81 96 44 37 81 59 27 35 14 14 42 63 5 5 0 0 16 74 98 40 26 90 97 24 95 45 13 3 38 41 47 32 65 79 65 6 1 40 92 29 3 53 21 51 23 83 99 6 74 53 89 63 93 91 56 86 43 21 22 20 78 46 24 9 30 25 54 67 91 79 20 41 92 17 58 58 50 57 96 13 67 22 81 82 55 7 48 32 62 23 76 2 17 62 58 74 8 47 93 60 17 74 55 37 30 73 11 26 9 91 22 88 66 8 83 88 65 52 2 4 11 53 42 40 72 22 51 12 51 9 9 84 24 16 64 93 62 71 6 55 40 33 60 61 42 66 88 10 8 11 31 38 30 63 8 80 37 42 59 63 33 88 35 10 9 30 86 93 7 34 80 59 58 85 0 20 76 86 50 41 56 99 65 32 79 70 4 16 45 48 97 16 91 35 9 41 56 77 95 89 32 2 4 34 46 7 1 89 37 16 48 5 71 23 36 79 30 43 48 92 82 77 78 64 37 38 92 40 53 69 77 37 4 84 27 37 47 53 71 50 77 88 10 47 62 35 61 95 72 21 84 58 48 30 65 21 32 28 7 93 62 43 1 92 7 27 70 66 31 29 62 76 93 79 26 50 41 55 12 47 
48 73 48 61 3 95 88 3 77 93 5 56 44 72 45 2 61 28 48 66 26 71 71 95 3 59 74 86 42 52 67 93 37 55 92 38 32 50 95 96 26 8 72 85 61 26 6 43 21 14 27 42 87 10 12 96 5 26 90 11 87 79 96 9 37 25 67 47 5 3 80 18 61 6 54 85 62 23 5 82 24 33 33 36 62 5 23 3 15 67 56 75 70 5 20 52 5 68 34 85 36 90 68 38 54 16 60 19 4 1 82 52 81 45 12 99 74 86 86 79 17 6 59 74 39 67 65 51 33 95 25 72 53 49 73 48 24 16 90 57 47 11 37 74 3 79 15 75 20 61 62 89 24 12 99 97 30 14 62 17 36 97 73 3 32 40 68 84 89 7 62 14 97 3 7 88 29 94 97 35 27 78 42 89 14 96 80 58 16 21 52 19 96 76 3 28 37 64 39 0 94 76 49 94 32 29 18 92 16 18 48 63 70 55 91 79 11 21 68 24 45 97 11 74 64 53 65 97 28 74 36 50 59 92 36 33 43 56 67 60 11 75 69 25 48 45 5 48 85 8 87 20 55 20 24 86 50 59 93 36 86 82 3 38 73 45 82 65 26 16 52 51 20 45 19 88 72 6 66 43 86 65 10 88 53 62 66 34 16 30 98 6 27 91 67 93 18 27 90 10 98 16 53 78 6 72 53 97 43 88 12 10 3 49 78 46 24 20 9 37 31 68 69 33 49 46 5 84 24 90 51 59 14 10 36 88 91 86 99 29 8 95 9 46 59 13 90 12 22 66 35 31 50 37 99 1 79 23 85 93 23 76 53 63 21 92 98 48 86 8 70 56 0 31 10 79 75 56 61 74 97 47 26 75 0 19 12 31 38 32 22 84 96 4 42 95 91 84 3 58 46 55 57 15 11 24 98 45 35 16 78 45 54 11 66 31 69 14 6 75 70 72 35 75 22 14 7 24 59 48 7 1 2 94 47 39 79 89 76 18 60 39 24 68 11 39 43 59 97 58 6 60 84 52 16 46 0 94 51 29 67 84 65 4 7 5 22 90 0 66 66 91 99 9 28 82 88 32 0 81 26 75 5 15 52 99 69 75 50 25 18 70 44 85 86 7 0 38 58 16 
27 97 32 38 88 8 65 89 68 9 89 12 84 55 74 46 75 55 43 27 77 58 36 39 39 28 16 51 49 94 13 98 9 14 34 40 56 48 82 76 52 24 81 33 34 84 20 8 91 83 51 79 90 8 53 13 51 32 26 54 34 33 43 71 61 95 45 67 53 66 14 84 37 19 73 34 3 31 54 94 30 24 90 24 91 74 16 34 96 23 50 19 31 65 87 91 3 50 47 64 73 3 53 58 56 55 74 74 52 49 90 82 10 39 2 29 47 55 96 67 86 94 31 28 88 67 19 60 64 87 4 71 31 0 0 82 5 98 90 72 46 2 71 44 14 87 54 25 20 8 66 16 46 32 53 70 44 7 92 78 24 7 97 46 27 56 25 62 3 3 55 23 8 42 62 52 95 44 14 59 90 54 43 83 61 56 38 65 43 66 62 3 82 26 54 51 72 91 47 70 56 67 66 66 96 37 62 58 93 44 98 60 24 3 57 65 51 2 89 76 74 80 68 3 33 82 58 39 58 72 70 60 90 47 13 98 66 8 71 19 45 36 76 15 59 98 24 61 96 17 16 23 33 16 42 35 6 81 42 77 47 94 72 68 70 16 18 35 76 53 82 4 54 92 54 31 76 47 93 37 41 25 84 57 37 68 12 84 27 72 77 14 12 26 2 24 79 53 71 54 52 65 8 48 75 44 67 10 44 48 51 56 83 80 56 27 17 70 49 90 87 7 85 61 93 90 74 61 19 2 51 72 62 51 87 82 73 27 39 8 87 10 11 80 86 54 25 36 66 64 15 59 25 11 64 86 84 50 30 18 62 79 29 24 35 13 38 1 70 7 23 1 35 63 80 42 95 90 84 49 31 97 93 87 24 49 97 27 64 42 73 74 3 47 56 15 77 41 13 8 3 67 37 39 26 8 78 6 6 16 95 58 23 74 38 40 63 86 31 72 40 60 10 14 39 63 51 10 55 31 72 26 73 35 50 85 16 12 91 99 64 2 57 19 86 9 59 95 18 42 59 10 58 16 12 68 4 83 17 83 82 95 24 88 65 56 95 3 74 4 53 98 22 90 92 81 72 63 86 95 89 21 4 78 29 9 64 18 5 26 79 64 52 60 56 69 89 87 89 1 
17 40 49 54 40 28 96 60 93 73 46 2 28 90 70 70 98 23 94 71 88 83 83 11 96 44 5 17 33 43 57 74 46 63 27 59 84 1 73 64 69 92 8 69 3 70 15 28 37 65 29 41 37 62 22 80 42 61 43 43 0 52 67 48 63 46 77 5 27 79 78 76 50 17 78 4 33 64 9 2 80 88 55 71 57 47 56 24 20 13 40 4 88 86 94 69 65 77 61 31 45 61 37 91 56 0 18 20 81 54 33 11 75 68 33 0 98 60 20 84 99 51 77 48 46 95 72 40 92 78 1 42 81 88 57 1 26 87 36 17 81 71 53 95 54 46 99 44 2 86 24 44 58 38 68 60 55 67 33 54 84 93 91 89 14 55 16 85 7 15 53 15 6 49 82 1 62 53 80 98 20 6 12 32 76 83 63 6 26 91 28 4 44 49 18 47 46 12 67 91 77 29 35 88 49 20 73 8 69 63 30 86 92 35 88 10 28 68 17 67 20 19 59 9 77 15 43 48 89 91 46 70 68 91 20 67 25 27 48 16 15 42 12 57 12 1 54 62 90 97 66 87 75 97 82 47 56 55 48 56 37 65 20 71 76 39 9 57 1 58 18 11 94 1 8 46 79 81 55 8 20 45 33 86 24 28 64 20 74 23 27 66 71 54 66 97 13 43 67 25 67 3 68 64 6 38 45 29 67 15 55 44 30 0 0 70 24 0 48 27 77 20 53 94 2 68 16 47 81 78 11 96 30 34 14 25 6 72 4 47 43 45 50 38 84 62 52 14 26 48 66 79 67 79 69 0 57 78 22 97 49 83 42 80 68 5 51 86 93 91 81 0 53 2 45 63 10 53 84 98 29 41 28 17 67 85 66 72 25 67 29 29 70 71 43 5 54 61 38 75 70 26 9 20 37 17 38 15 80 12 49 24 95 23 92 5 1 4 61 69 63 97 87 90 96 79 56 82 27 22 97 4 97 1 63 93 1 73 18 47 64 40 24 43 29 55 66 17 77 83 79 2 48 87 97 67 60 13 9 15 46 57 88 94 54 18 38 88 37 74 30 35 80 99 0 31 35 71 19 29 23 26 10 83 20 11 71 7 70 66 51 32 63 46 61 84 62 46 38 24 
77 13 22 51 22 74 66 92 98 73 89 65 99 65 84 15 28 72 53 76 89 37 99 88 53 18 55 53 65 46 29 71 14 43 29 95 80 94 26 42 31 15 37 32 56 19 83 67 90 96 45 26 16 9 39 23 93 63 29 49 23 22 47 84 33 39 65 4 6 78 12 13 68 13 17 67 69 82 69 57 63 31 5 8 73 59 66 8 20 43 36 37 80 92 96 64 81 84 82 29 86 4 80 25 98 32 82 59 65 44 71 79 12 97 80 5 81 26 93 53 1 98 11 79 97 64 21 59 68 3 48 78 68 26 28 29 3 97 6 2 15 77 25 93 18 82 94 75 38 75 3 31 93 25 50 94 64 74 63 76 17 27 19 14 95 77 15 73 93 2 73 86 20 52 81 3 38 85 98 57 73 60 12 4 89 19 60 98 85 4 30 59 90 29 27 4 50 30 64 35 69 8 20 48 59 78 19 36 87 67 84 12 75 66 45 55 19 56 23 96 38 80 43 40 27 27 59 90 98 68 28 43 60 90 24 41 5 36 73 69 77 80 33 66 29 31 12 94 88 39 99 40 79 87 22 92 26 8 33 32 18 92 68 13 73 61 21 64 43 44 98 53 97 87 3 55 74 6 9 99 15 87 2 0 8 2 90 69 37 18 98 35 94 9 3 30 98 42 1 89 12 74 60 16 32 81 66 11 69 57 3 69 95 6 3 12 67 0 90 70 39 30 33 38 3 86 28 58 14 43 3 85 35 74 40 33 90 95 45 35 47 55 4 40 13 4 58 45 10 3 84 97 10 10 20 96 36 41 66 9 32 39 13 20 57 61 39 82 53 85 55 14 79 11 39 14 85 49 23 73 45 34 16 18 6 3 47 94 62 70 30 29 18 59 60 43 49 86 44 68 3 90 0 92 36 57 55 43 7 48 82 39 26 90 44 4 89 51 69 76 50 91 85 60 26 0 8 96 73 54 41 56 9 48 8 11 89 18 0 55 97 64 82 32 62 87 31 16 50 40 23 68 51 50 79 2 91 19 71 79 8 87 58 41 11 93 9 5 34 21 56 79 30 61 77 34 13 75 56 32 43 90 37 72 97 57 18 37 89 82 85 65 87 67 8 3 37 60 25 61 
77 30 63 5 75 41 4 95 61 85 85 49 24 72 14 55 87 56 81 51 17 53 62 25 29 11 65 91 92 68 35 51 77 44 10 54 18 99 27 88 49 85 69 85 31 18 89 46 30 75 29 92 89 55 34 49 4 44 46 29 62 45 33 38 52 58 25 70 31 57 73 70 3 87 80 35 66 32 81 39 69 67 65 96 80 59 89 11 52 41 23 83 90 69 37 91 45 60 91 38 24 83 65 89 92 31 5 71 60 28 71 65 69 89 47 91 97 70 26 54 20 7 86 80 3 25 16 16 12 98 70 72 42 96 16 99 93 27 84 34 72 71 32 59 1 9 58 38 8 34 64 82 25 49 83 11 2 54 60 8 88 9 19 74 40 37 28 44 45 39 88 20 6 63 98 7 78 0 12 91 70 64 68 31 12 17 7 58 31 70 10 4 86 51 13 52 90 98 96 2 44 61 17 42 29 79 12 31 96 35 63 14 13 56 74 4 41 49 77 29 53 31 34 60 36 27 12 99 17 94 87 99 33 76 39 57 23 50 76 68 57 56 65 12 20 33 49 41 71 71 4 94 16 39 2 51 87 68 85 24 78 87 25 24 41 33 49 87 3 53 55 86 69 48 0 81 65 86 74 75 58 90 38 14 73 90 41 73 96 60 94 39 90 92 77 75 58 34 55 14 88 10 35 72 73 80 7 76 53 13 88 41 67 8 80 41 71 10 79 59 43 4 10 56 2 22 46 56 84 89 55 38 5 59 88 55 80 91 39 99 35 84 41 36 30 63 31 89 6 34 44 57 31 73 79 10 24 27 20 25 46 22 16 88 91 86 69 55 6 86 93 54 92 5 80 26 68 51 80 22 59 27 20 80 61 61 97 44 83 89 72 14 30 52 47 29 40 15 66 46 80 6 30 84 4 61 6 42 76 64 16 25 66 60 29 82 32 62 46 31 94 49 79 14 93 49 43 99 14 65 33 18 31 94 65 44 21 27 81 6 94 11 69 28 67 53 58 14 31 8 99 96 50 51 73 79 94 6 83 89 49 41 61 11 83 21 44 43 60 5 85 66 51 95 73 96 27 73 29 96 29 84 85 65 87 97 33 53 31 56 10 35 65 54 22 55 98 62 87 94 
5 86 52 72 39 56 50 87 55 6 11 81 57 58 46 90 30 6 55 85 56 28 14 57 10 33 34 85 41 63 56 41 86 67 18 64 57 46 65 71 1 31 87 37 55 56 49 7 65 34 32 17 34 40 79 76 18 82 3 9 71 68 94 2 99 27 35 21 43 88 19 88 52 18 86 48 66 41 80 89 53 37 28 38 9 12 46 70 72 7 27 63 35 27 12 73 25 25 67 57 60 54 0 60 64 0 79 15 1 34 77 26 13 55 39 98 86 55 67 67 29 32 47 86 24 87 88 0 35 18 10 86 59 71 30 7 28 48 70 41 4 74 72 59 52 98 11 31 43 21 10 10 75 86 60 40 98 9 99 38 6 20 70 2 51 80 49 35 82 93 85 52 67 19 5 45 96 1 44 59 41 21 65 87 56 1 33 50 63 90 68 89 81 67 1 69 24 68 31 9 26 18 79 67 35 72 26 26 18 27 41 91 24 94 3 10 45 37 48 79 54 18 57 36 97 61 79 68 64 40 41 42 98 7 13 95 29 89 75 20 5 17 13 95 12 78 66 34 92 15 28 79 95 84 62 60 68 48 64 31 96 34 52 91 30 56 60 11 73 62 67 48 69 47 29 53 17 56 85 80 34 33 84 81 85 99 83 4 24 10 71 25 52 47 1 57 56 96 89 79 5 63 11 36 99 16 73 26 77 52 35 64 52 68 69 18 12 41 92 10 48 56 76 1 84 60 10 31 71 26 3 91 13 55 43 85 63 19 20 40 77 43 67 15 39 35 13 58 96 1 54 59 12 93 32 23 72 37 17 52 68 50 72 97 49 38 65 32 26 87 47 83 29 13 10 38 84 48 8 62 42 29 30 52 93 47 95 51 88 28 19 72 99 71 24 7 9 81 34 65 43 17 6 37 24 93 56 14 22 82 0 45 67 39 12 0 7 68 15 96 10 31 29 39 93 68 58 43 87 44 74 69 50 21 79 46 95 67 86 61 18 19 83 71 28 18 22 23 21 72 37 84 53 79 83 88 31 26 78 77 90 99 80 81 17 50 96 76 88 18 80 93 55 94 0 36 67 33 27 68 35 99 98 12 32 77 82 96 25 23 39 51 61 59 43 1 61 6 87 78 
63 41 61 90 95 49 1 81 74 2 23 68 10 6 72 60 57 42 78 72 79 71 72 23 77 60 76 24 48 88 5 22 73 57 30 41 44 17 30 21 49 76 19 53 24 20 18 27 18 68 72 96 5 31 27 15 58 53 2 74 32 84 9 4 14 14 89 48 28 39 86 33 98 1 23 75 72 95 75 8 86 84 77 77 32 12 80 30 54 41 63 28 79 11 63 51 65 77 82 77 28 5 93 46 2 86 39 61 8 10 96 93 55 99 4 16 62 98 85 54 56 0 72 51 20 82 73 78 47 6 73 37 84 46 9 71 52 74 9 76 8 80 23 92 52 90 39 61 54 58 15 75 84 64 75 77 56 86 37 16 16 83 20 50 35 20 74 0 2 54 89 6 17 72 50 52 21 45 59 90 57 15 97 54 98 51 74 86 74 28 55 2 84 67 87 20 73 0 40 48 93 12 9 11 79 8 29 32 52 89 24 1 87 37 38 20 52 26 98 43 41 31 99 30 40 98 82 6 85 44 93 73 36 15 13 1 50 64 21 41 7 94 59 24 76 91 40 84 65 73 80 62 28 77 58 80 97 25 97 80 38 86 34 39 41 0 54 75 16 88 16 75 42 6 24 65 91 47 66 56 48 62 87 18 75 31 79 37 54 97 25 74 63 27 75 53 4 46 1 68 95 0 90 1 23 72 42 42 88 28 21 24 51 4 61 52 45 61 88 65 67 46 87 40 3 42 99 49 20 78 82 33 18 31 59 94 93 58 7 15 31 4 86 82 16 78 97 59 19 11 26 86 65 69 30 60 28 69 92 96 9 10 7 79 0 12 60 49 43 38 45 67 18 47 6 19 93 17 53 13 84 2 23 49 33 67 14 21 61 51 91 64 93 33 34 20 9 22 60 96 7 59 30 91 56 98 80 5 54 16 18 49 68 38 27 0 41 89 44 28 68 71 7 64 26 80 67 56 81 51 74 90 49 12 98 9 21 88 0 40 36 37 2 91 25 34 94 6 68 61 77 60 23 85 72 35 73 93 92 98 75 27 61 27 65 29 11 24 67 48 25 63 27 76 0 12 2 25 17 55 50 52 72 95 88 51 41 69 15 73 94 75 2 51 18 89 48 89 91 71 
77 37 82 57 99 2 77 8 35 28 67 2 20 19 36 56 3 11 26 39 81 11 50 27 43 1 32 24 36 29 52 85 90 61 81 40 5 38 93 37 33 8 6 0 92 31 82 76 54 64 70 71 64 27 15 91 75 50 7 84 35 6 37 29 67 92 22 74 16 76 49 43 68 84 32 78 76 6 46 84 50 28 13 29 17 28 32 81 44 27 43 48 67 51 5 12 36 66 74 89 79 43 29 98 74 13 25 75 39 75 14 77 21 35 33 17 91 98 54 36 80 81 29 69 73 63 45 11 60 57 97 61 9 6 48 89 99 27 38 38 26 19 78 31 32 79 21 12 27 59 6 18 94 44 0 24 69 78 39 18 29 83 10 71 4 90 52 58 28 48 73 21 72 52 21 52 0 24 89 9 86 38 55 34 80 68 63 56 30 28 90 99 96 34 66 8 79 43 30 46 77 11 10 22 43 57 10 63 71 14 53 12 8 94 70 89 26 45 40 61 45 43 15 74 75 6 6 59 3 93 70 66 55 81 13 25 16 33 27 40 0 14 31 2 80 19 7 82 96 75 6 3 97 70 96 96 60 20 26 91 14 44 9 21 56 80 15 29 0 81 93 48 22 77 16 24 83 35 52 59 38 14 75 71 27 74 70 16 44 14 42 77 37 14 96 10 65 70 60 55 94 82 3 48 24 3 11 56 98 21 42 32 59 63 92 80 8 84 26 43 36 29 63 4 5 33 57 93 9 68 4 16 90 59 3 81 87 40 65 42 64 60 0 89 52 93 67 99 68 89 22 95 35 76 31 97 88 4 76 80 79 4 50 28 54 58 59 36 56 69 5 58 93 60 62 25 41 45 22 77 52 63 64 21 46 84 24 26 79 77 84 59 93 99 12 99 23 54 76 91 14 15 57 11 9 62 3 48 85 18 73 68 14 88 43 10 93 61 80 74 38 22 40 40 39 61 90 51 21 6 6 76 69 89 41 94 56 98 57 72 54 91 61 53 48 36 54 49 46 73 81 34 22 63 19 29 7 0 27 39 27 93 56 44 2 49 11 64 19 52 44 82 98 2 35 41 84 66 85 72 82 18 59 46 95 12 6 52 70 50 67 88 49 74 47 78 65 1 53 66 
81 89 46 6 87 85 72 10 27 23 98 60 10 80 73 29 64 23 40 82 74 73 74 30 95 4 66 82 89 7 20 3 45 67 61 90 85 91 34 10 16 36 29 20 4 32 79 74 92 43 78 67 87 33 98 51 82 9 47 70 32 82 69 44 80 32 53 66 75 92 91 46 68 70 78 0 84 16 98 31 93 13 65 15 17 1 71 21 36 10 78 1 65 98 48 16 23 3 28 65 87 67 56 49 32 35 90 64 9 51 41 64 12 21 23 40 51 35 94 75 27 37 6 68 20 2 26 56 87 74 29 43 79 84 86 87 92 34 72 7 29 19 91 99 15 72 96 37 80 40 9 78 60 58 61 25 38 70 57 46 27 40 43 89 48 62 39 62 1 32 35 65 27 78 90 44 3 31 82 3 43 54 42 44 12 93 97 88 76 99 99 64 95 30 89 2 60 5 95 9 85 86 2 21 29 70 81 25 73 82 35 33 73 97 67 0 81 31 82 17 69 71 13 63 94 96 59 1 50 32 47 41 74 76 17 39 16 5 34 15 29 40 15 4 48 22 46 54 56 75 96 22 34 38 17 73 2 32 31 22 26 26 80 4 91 89 87 1 48 96 98 57 68 44 22 86 85 92 35 48 43 14 91 96 32 68 8 76 82 72 11 71 29 16 6 55 44 56 90 23 46 38 40 86 71 76 42 31 28 29 77 93 26 39 80 0 18 46 20 38 89 31 47 82 25 42 53 94 37 39 34 59 59 82 38 83 36 62 30 94 27 46 90 83 84 12 52 92 68 94 40 23 1 74 35 91 31 11 3 78 29 43 13 23 23 80 23 48 80 47 50 83 4 42 23 43 59 5 90 65 15 47 91 81 51 70 59 21 55 95 22 20 1 40 63 43 6 90 75 6 55 19 4 87 49 82 93 0 60 72 23 71 45 46 72 70 2 18 84 52 56 17 80 14 3 28 60 31 44 72 23 0 46 66 12 31 14 54 55 86 56 68 18 12 67 61 96 98 95 21 51 8 97 0 61 79 63 90 81 47 32 86 1 56 88 62 49 98 6 88 0 9 0 35 39 62 98 80 63 98 86 68 39 80 8 33 54 6 26 9 66 89 24 17 8 28 96 22 19 81 
41 60 38 92 20 15 79 79 64 13 20 42 56 80 57 0 80 23 24 85 10 19 45 25 50 92 61 88 32 61 82 33 23 68 45 46 42 71 12 35 98 81 83 38 25 99 37 75 63 48 61 53 27 49 96 2 89 45 24 0 47 72 80 41 88 67 77 97 16 72 38 82 88 46 12 30 89 41 52 1 56 10 10 64 57 75 73 89 80 59 21 7 5 5 88 99 77 21 41 74 86 68 92 16 96 88 13 2 7 67 70 29 77 15 97 67 59 31 59 40 75 80 51 63 54 52 98 74 16 54 71 71 22 29 58 43 21 0 17 48 80 16 59 65 38 2 15 39 52 65 1 73 11 44 98 33 67 52 57 21 58 76 67 40 29 43 20 7 82 33 88 97 65 33 29 33 61 38 64 71 86 58 98 52 25 82 79 61 78 86 56 57 73 33 25 99 8 89 72 70 84 87 26 64 68 52 94 88 84 61 7 35 91 36 28 3 71 99 72 21 20 93 20 78 84 5 77 36 78 96 35 21 66 65 6 20 62 20 94 69 26 33 7 7 99 82 22 77 25 34 74 64 37 41 71 69 29 15 67 49 53 78 6 77 96 48 5 95 39 49 98 87 23 4 97 93 72 82 47 98 13 37 5 27 90 86 42 17 72 19 63 84 92 64 36 37 71 86 93 92 18 38 91 95 97 28 25 10 97 59 66 82 12 30 60 86 47 3 52 75 43 18 76 52 25 87 47 89 46 60 36 56 51 63 45 92 53 58 17 52 97 18 36 53 90 14 54 0 6 5 10 24 60 72 37 21 79 97 22 80 32 0 64 21 64 99 13 39 16 35 89 31 90 32 28 84 12 44 64 93 3 35 99 13 95 31 48 54 78 96 9 17 88 71 79 51 81 1 94 35 43 75 33 21 42 4 67 27 30 44 58 5 39 12 84 84 23 39 0 56 37 34 46 47 46 85 48 25 47 89 92 91 27 86 14 99 33 13 1 46 6 21 8 50 6 81 28 94 62 47 2 37 13 30 77 4 97 71 94 70 95 28 32 90 77 75 86 47 24 21 35 73 84 92 29 6 82 88 7 62 43 49 80 17 93 56 6 84 8 20 53 19 73 12 65 93 79 1 11 91 
25 60 19 24 76 46 62 7 12 71 43 72 66 83 14 99 71 44 96 41 67 39 95 17 23 98 83 39 48 99 10 27 9 58 77 50 81 7 90 15 82 20 65 99 33 30 13 73 9 82 10 36 82 71 83 29 54 69 63 81 26 18 99 88 20 32 15 2 5 73 35 97 81 61 39 30 87 18 95 45 7 91 71 85 9 24 49 90 31 83 2 96 92 70 73 91 85 74 88 21 8 38 48 24 96 7 28 31 54 70 45 16 28 82 46 59 45 53 27 70 31 29 32 43 86 84 11 74 4 73 35 95 37 99 32 45 38 63 97 5 22 85 79 73 9 67 41 51 74 67 96 82 81 83 15 46 87 40 10 40 35 77 9 94 86 85 1 17 59 65 3 55 45 70 91 18 72 62 29 92 65 41 92 57 83 16 30 31 45 23 35 51 95 83 14 54 31 38 54 69 39 13 18 96 73 80 26 93 3 66 10 39 43 86 13 21 78 97 61 84 80 83 87 24 89 77 73 6 8 44 8 89 70 55 83 16 62 64 38 93 8 96 96 0 72 24 69 89 56 91 15 41 97 93 65 17 90 39 67 94 80 74 11 32 5 81 13 44 90 66 35 36 29 85 89 2 88 41 11 31 62 30 37 49 28 56 1 7 60 68 27 18 30 38 36 71 31 1 49 7 84 41 18 55 10 52 86 81 10 3 66 99 50 81 76 2 91 35 84 50 79 89 56 3 99 73 75 9 84 68 27 8 10 97 30 46 6 90 5 22 74 13 32 21 78 15 12 30 39 37 2 58 49 16 28 50 30 46 4 83 24 69 33 6 22 93 90 56 94 21 1 44 40 1 84 65 40 74 82 78 71 46 56 51 74 56 87 49 28 50 83 27 27 71 18 83 44 88 24 67 33 15 23 69 56 88 83 46 92 2 66 16 66 21 67 82 70 55 31 39 78 64 40 46 44 89 38 69 74 73 34 5 77 72 23 48 18 29 96 15 62 99 93 67 97 69 72 64 1 21 92 35 54 52 61 55 60 36 42 63 71 82 76 55 61 26 3 67 26 50 81 16 50 2 38 2 31 96 0 86 35 68 81 13 27 53 66 72 64 49 74 56 48 42 11 66 85 59 64 52 
1 32 45 41 26 18 96 37 43 78 52 99 85 79 48 87 41 36 43 71 24 58 71 51 41 13 60 74 62 33 63 15 23 66 23 28 77 30 63 70 40 35 50 33 55 12 97 33 62 93 14 72 69 65 83 36 28 61 40 62 99 29 25 76 63 34 78 92 53 2 92 37 46 10 9 79 16 34 96 23 71 97 58 89 36 0 84 56 91 84 56 36 70 67 76 49 35 82 10 5 39 44 60 74 71 40 91 89 72 31 12 25 33 25 23 37 56 69 60 36 52 90 16 24 86 14 72 61 39 81 16 31 56 46 13 58 54 99 71 31 8 65 5 3 6 24 67 97 78 45 4 69 2 35 30 13 89 12 69 47 76 62 74 60 14 30 74 85 33 41 36 82 42 73 19 96 77 45 99 6 91 92 7 39 46 35 98 21 40 78 5 91 75 5 66 92 61 59 54 56 91 13 33 79 69 1 17 41 22 2 81 8 65 63 63 80 77 83 63 74 54 86 21 32 27 97 78 20 45 50 64 85 31 33 64 94 19 26 24 6 62 73 95 6 17 98 85 27 80 24 32 21 88 76 72 67 93 46 66 97 63 84 63 70 11 60 59 82 54 62 54 58 32 93 8 25 94 32 31 49 23 59 75 12 31 89 55 56 46 79 62 62 75 13 83 52 71 83 6 11 61 33 84 90 34 26 93 33 14 26 20 94 6 43 77 30 84 84 45 37 83 42 7 9 33 7 49 64 36 6 3 55 48 19 43 82 66 6 45 25 28 59 42 62 33 66 55 1 78 12 44 33 24 28 15 10 30 6 71 58 76 72 82 18 97 75 75 17 90 73 72 20 27 39 93 61 83 81 63 49 29 82 12 96 76 31 71 21 13 77 86 53 12 2 34 84 98 91 97 10 57 83 0 10 11 89 41 48 42 20 54 84 51 80 13 63 30 33 50 6 5 51 14 71 94 13 19 89 23 50 76 94 51 76 61 61 36 11 4 64 15 44 11 77 78 38 74 90 14 49 45 58 74 46 41 54 39 73 85 43 14 81 72 86 95 83 32 96 18 90 35 1 60 8 24 50 48 49 26 7 11 21 44 4 58 77 7 83 6 31 86 15 47 74 31 48 36 82 12 84 
94 96 12 18 67 0 64 51 34 40 29 80 87 12 38 4 1 0 29 35 29 85 32 46 81 13 43 95 43 5 52 39 94 97 62 4 5 42 78 33 82 88 95 38 65 62 41 37 66 65 34 62 50 57 92 79 58 27 1 39 23 36 78 55 54 79 36 78 1 93 53 43 24 5 95 92 37 12 27 73 78 34 50 23 28 7 12 0 6 22 50 1 44 78 81 94 91 41 85 84 84 91 84 20 79 19 34 30 38 49 38 68 27 34 65 57 15 97 73 69 68 14 37 16 40 32 8 8 13 9 31 28 61 1 59 26 73 99 55 32 13 65 61 44 64 19 42 57 27 38 47 62 67 33 98 39 70 89 80 67 74 51 2 21 76 16 73 43 49 27 78 52 87 66 65 73 67 26 42 87 54 22 6 6 63 67 95 55 8 1 77 49 91 73 25 11 62 73 84 99 42 25 34 58 68 85 82 79 2 27 28 34 46 30 31 7 69 84 99 12 81 56 83 30 35 1 1 85 24 94 13 61 95 83 59 38 14 40 76 12 52 99 11 14 97 0 9 18 59 58 8 12 58 21 74 66 99 42 83 95 16 58 23 51 48 46 87 14 37 64 2 74 68 13 44 69 26 8 9 98 73 6 26 69 99 71 46 49 51 64 19 33 81 77 22 81 69 11 53 5 41 79 89 57 65 69 96 5 2 2 38 74 57 69 59 84 7 82 72 51 24 7 81 11 63 75 52 7 43 46 7 34 15 48 12 80 70 0 97 92 61 64 9 31 92 91 1 60 71 96 35 34 51 75 81 91 93 86 3 4 92 44 45 2 9 46 66 52 79 95 78 43 9 3 31 53 43 76 11 37 40 40 3 8 67 86 48 38 98 94 3 43 97 45 34 63 65 3 9 72 83 52 33 62 88 49 88 85 82 74 22 90 25 48 3 66 46 35 45 85 31 74 52 17 46 7 2 61 89 8 75 60 11 81 6 27 42 50 54 65 97 85 10 44 67 18 66 36 2 3 89 1 16 19 75 5 61 37 4 40 93 73 61 66 36 55 29 55 42 63 48 99 90 61 78 37 4 90 41 61 42 13 86 4 55 28 95 44 57 42 2 35 21 85 14 48 37 34 19 91 
18 37 1 82 64 63 12 20 21 27 79 87 79 38 41 35 44 44 68 82 5 54 22 98 15 73 75 5 82 48 77 75 98 66 66 44 46 67 74 78 22 58 94 67 81 75 30 6 0 17 68 63 4 12 47 1 20 2 48 59 2 69 36 80 56 48 70 92 36 41 72 86 89 38 2 23 10 70 59 88 23 73 30 36 11 20 34 51 54 80 29 9 90 67 67 4 63 90 61 70 92 9 48 8 46 81 69 42 25 5 2 57 45 95 69 7 90 23 50 0 87 4 94 48 65 95 34 12 70 14 46 92 32 29 32 43 33 0 48 12 82 51 99 19 55 71 74 79 90 50 91 9 11 54 23 83 68 3 33 12 29 3 91 52 69 39 76 56 21 90 56 34 57 39 42 9 1 4 80 18 54 80 61 14 61 91 58 23 53 34 65 10 43 83 21 55 31 44 52 24 78 96 97 29 42 1 4 70 7 96 43 50 16 61 62 67 90 54 48 88 0 14 90 41 60 47 32 54 70 0 19 53 16 19 97 47 13 46 46 27 36 62 3 31 35 19 3 72 47 75 84 2 32 69 34 70 65 9 37 65 36 16 43 21 75 14 16 68 9 63 54 38 79 67 26 53 78 45 98 15 99 27 34 41 44 82 19 30 36 64 60 45 93 81 93 91 44 46 20 64 96 48 14 34 57 22 39 62 94 5 41 41 61 42 4 95 27 6 15 44 87 52 21 82 20 87 62 8 67 1 30 65 20 98 26 49 6 33 53 30 99 23 28 81 92 27 25 92 81 69 57 40 94 17 6 43 4 52 15 95 52 62 77 1 46 6 63 89 47 39 27 73 37 76 41 55 59 34 92 89 48 61 80 29 64 9 66 61 90 9 45 98 98 75 24 93 7 90 32 40 91 66 44 32 89 79 55 81 58 31 18 57 68 67 50 74 34 4 23 14 6 88 47 17 8 42 6 20 92 63 60 70 77 20 31 60 42 47 89 61 68 10 10 10 29 73 51 40 49 52 3 31 58 30 78 76 84 12 86 57 37 32 59 32 72 37 33 0 29 4 98 56 82 70 83 54 86 53 0 56 37 18 62 6 59 73 7 70 19 11 51 11 10 47 99 10 23 11 11 45 
62 73 6 63 61 68 97 67 59 26 39 53 61 49 11 95 66 56 59 99 44 36 34 74 35 53 56 57 22 73 8 73 70 26 28 67 52 69 17 10 78 32 83 19 0 92 71 6 66 4 8 18 59 27 44 20 81 44 19 60 33 32 59 56 64 48 48 95 66 21 24 89 79 86 22 1 34 52 32 91 26 82 79 63 50 27 32 26 43 91 76 95 71 45 10 87 83 47 5 26 93 79 77 52 28 45 19 10 97 97 28 82 40 28 7 11 33 30 32 16 3 5 42 28 98 24 97 84 14 51 62 53 67 68 26 89 37 90 99 56 48 34 54 3 83 62 68 82 54 67 97 13 40 29 24 20 21 25 27 93 50 17 35 60 56 79 49 40 85 20 41 96 40 80 40 41 79 15 85 4 38 66 47 32 60 89 17 71 82 10 72 50 73 60 80 84 75 58 19 95 91 85 76 10 96 65 11 7 7 93 89 34 94 49 97 13 8 60 28 67 34 53 72 74 48 21 76 41 50 31 27 97 38 23 64 59 90 6 63 3 57 27 84 96 89 68 85 50 94 9 50 26 18 73 95 54 17 25 59 87 66 76 93 51 83 44 44 12 52 71 55 44 60 6 27 55 1 91 98 1 62 96 11 16 19 76 98 57 69 2 49 1 93 20 3 56 68 34 19 24 4 5 9 4 3 87 4 42 24 72 13 64 43 28 19 9 14 27 68 35 3 81 45 44 25 68 29 18 62 23 21 15 91 36 28 9 12 94 38 10 66 91 34 52 90 69 91 30 26 8 18 56 30 60 30 54 16 44 8 47 1 39 46 17 73 69 54 31 76 4 91 41 28 83 5 78 24 65 99 75 54 83 20 59 39 63 72 85 36 72 30 22 94 87 28 79 28 5 57 50 20 15 0 46 23 37 92 55 11 64 32 34 53 49 81 72 50 58 50 3 86 21 77 20 37 64 14 53 34 1 2 83 8 0 92 96 79 53 88 28 71 5 71 86 30 56 5 41 65 26 87 3 64 31 81 76 47 64 59 7 29 59 38 65 95 54 71 47 19 92 92 91 39 18 7 9 28 88 18 97 16 34 18 28 74 11 33 83 5 22 53 58 79 20 48 27 77 45 97 47 
37 13 34 43 58 24 47 46 17 58 82 88 13 73 32 63 38 1 71 72 67 35 26 57 9 60 83 27 62 62 49 45 23 98 96 7 83 89 60 36 58 92 8 37 10 69 28 71 81 27 33 14 79 74 54 70 55 88 61 20 27 63 60 95 79 4 99 86 58 71 35 41 35 48 29 17 30 25 48 50 24 31 85 62 10 17 75 91 66 35 35 74 82 9 64 15 11 85 64 26 84 39 91 93 6 47 56 99 28 95 8 42 36 36 95 70 24 66 91 41 33 20 85 76 75 8 80 48 43 23 58 80 99 64 30 80 44 79 29 74 6 63 38 25 71 33 7 69 88 89 75 85 4 19 64 14 7 7 27 19 89 9 88 20 67 80 93 17 35 82 98 45 87 51 72 14 20 19 18 43 10 96 42 58 52 50 57 77 39 38 21 6 33 10 51 58 33 1 41 83 16 61 21 95 10 6 81 78 75 78 40 81 16 15 66 91 61 58 84 53 46 97 89 59 89 13 93 47 6 53 23 7 66 93 42 1 44 5 4 3 97 36 69 47 76 58 39 78 12 54 11 65 30 91 74 59 76 64 27 54 88 39 56 38 56 43 75 89 70 26 64 88 55 50 48 5 74 3 16 94 13 94 90 75 98 27 61 92 15 78 87 68 57 59 33 83 89 96 25 49 46 37 10 35 65 57 6 6 9 95 90 88 94 8 97 18 14 86 42 34 34 8 58 13 84 97 74 83 69 25 15 74 78 99 69 69 69 54 64 12 68 54 95 74 75 38 22 96 21 25 38 69 23 99 19 44 11 98 77 16 41 9 15 4 66 57 13 20 84 85 7 87 22 41 42 20 95 84 93 1 21 75 24 58 65 63 56 58 92 90 9 31 48 0 89 74 44 11 46 52 47 75 74 54 56 19 29 43 75 65 67 12 74 36 89 6 71 82 39 80 14 87 72 79 30 73 73 68 60 0 85 18 54 45 23 68 78 68 61 82 47 1 25 50 56 90 90 50 80 62 42 36 84 67 43 86 52 52 47 69 33 50 22 28 60 68 93 38 95 85 91 35 89 32 32 30 33 5 31 82 48 30 45 44 50 37 27 42 98 13 37 58 56 5 85 23 45 74 21 89 
6 21 38 22 51 93 22 60 47 40 65 78 2 96 28 28 0 23 22 37 89 68 63 15 6 22 80 50 19 7 66 90 27 92 70 47 39 53 57 21 37 5 19 56 65 14 98 65 51 42 9 72 94 22 96 59 36 61 47 74 5 48 51 45 89 37 49 57 57 65 90 24 40 11 29 25 14 57 67 71 7 89 70 84 65 74 93 10 46 34 91 9 2 66 46 19 74 31 68 54 79 8 71 89 66 93 88 1 36 98 77 8 0 72 99 80 24 70 22 70 36 24 18 0 4 20 24 64 77 53 83 15 97 71 23 7 72 69 85 13 58 73 69 85 2 51 17 27 29 3 67 67 96 92 47 88 89 86 66 84 70 98 82 94 41 56 1 17 64 19 50 9 52 87 65 90 34 14 23 55 79 42 4 60 61 73 98 71 57 28 79 78 0 33 80 85 40 99 10 88 9 98 16 94 73 64 95 31 15 9 18 79 73 59 46 33 8 72 91 15 70 20 74 25 70 21 93 2 72 20 46 81 9 70 57 23 63 40 58 78 93 98 49 12 43 4 69 48 23 37 20 54 51 61 33 77 49 11 57 35 41 61 62 34 96 42 7 97 31 50 47 15 0 90 63 17 39 21 18 19 51 22 95 61 58 49 40 86 67 49 77 56 75 32 64 38 42 97 47 43 1 60 59 73 6 90 11 54 34 88 68 13 15 74 4 54 3 13 8 73 61 44 15 10 71 20 14 56 96 42 2 8 73 82 22 15 66 25 66 52 80 97 22 55 77 70 79 0 35 65 52 67 10 45 97 22 14 86 68 13 38 98 96 34 40 84 40 86 97 71 34 12 39 18 10 34 77 15 13 60 1 61 40 84 91 98 2 21 83 15 83 28 84 87 37 65 8 24 40 78 51 30 50 58 22 50 15 40 45 44 67 71 7 40 39 15 49 86 2 10 42 52 65 21 74 8 96 43 5 86 32 10 9 91 53 65 68 89 20 13 83 96 56 0 32 79 42 73 19 37 5 45 59 91 17 81 86 30 19 52 23 71 35 96 42 24 33 9 70 81 37 91 43 25 57 26 19 96 55 72 15 98 25 81 12 89 65 96 65 70 76 29 29 17 14 45 86 62 75 23 
75 44 24 86 36 69 91 21 14 13 77 90 59 33 66 90 84 62 58 24 27 44 39 75 41 24 4 18 33 98 34 65 62 56 32 84 74 61 9 86 51 90 98 90 39 29 61 84 4 45 20 52 18 87 51 59 58 41 11 75 72 53 12 83 93 47 69 0 54 69 37 67 28 8 28 88 43 99 76 91 13 54 46 55 8 43 52 69 27 71 20 51 77 12 51 79 52 28 35 32 93 8 28 1 10 85 75 94 8 40 4 46 22 59 11 60 29 88 60 41 33 78 51 72 47 40 86 87 42 13 56 21 55 76 27 50 33 22 17 51 65 68 31 37 73 73 32 96 81 90 60 38 87 38 91 81 80 47 33 23 63 75 13 46 7 93 98 44 99 77 5 12 20 40 79 0 73 67 30 86 0 95 75 51 93 13 25 49 71 59 18 58 92 82 0 89 14 12 20 21 56 79 65 45 89 20 85 95 77 54 2 70 25 86 6 47 51 54 0 59 72 77 32 26 16 26 9 60 34 32 98 91 29 2 9 12 33 96 28 82 49 78 30 45 92 56 72 86 36 27 60 57 53 96 1 39 27 4 13 55 56 49 56 76 10 94 25 51 40 43 84 27 92 59 33 67 6 50 27 47 23 99 73 80 83 87 74 82 63 60 38 82 23 5 35 38 40 29 72 95 72 85 54 35 21 55 24 81 94 47 96 65 58 69 36 59 49 1 14 77 5 9 59 74 83 49 19 63 47 54 85 88 16 13 33 82 47 72 33 54 18 49 7 33 46 52 60 24 96 10 92 49 56 2 75 67 19 56 60 84 43 15 87 91 92 9 96 21 73 62 23 95 70 18 67 97 95 98 55 10 45 82 63 36 6 9 86 44 99 17 66 45 95 23 53 85 23 62 40 99 90 37 0 50 51 49 9 39 32 41 3 83 92 15 73 95 2 71 59 15 74 93 47 93 7 78 62 87 80 65 17 71 80 51 71 83 79 75 16 45 93 41 82 37 71 28 2 87 86 30 11 38 15 76 70 21 37 54 73 8 11 99 44 88 23 81 7 95 75 26 42 42 36 0 81 54 88 38 72 71 71 59 49 72 95 76 2 23 27 0 58 69 25 98 43 18 11 8 28 71 
27 92 17 34 88 84 15 27 69 29 79 46 88 95 28 2 96 73 47 38 46 33 16 64 57 96 33 32 67 91 57 45 68 50 70 10 95 19 96 33 24 6 31 0 9 55 63 45 51 26 3 92 42 99 74 36 29 34 61 52 84 95 3 55 29 89 74 49 83 23 76 79 56 46 22 34 73 55 50 87 70 72 74 86 23 67 20 95 74 25 90 64 20 39 45 99 93 58 58 28 56 1 7 89 75 36 80 20 99 54 38 72 10 92 81 98 87 90 81 51 31 3 15 31 29 60 61 52 52 21 95 52 6 79 95 18 27 19 98 69 20 28 60 45 21 64 80 94 33 29 49 83 15 96 56 89 38 0 96 17 36 0 4 45 40 66 36 66 4 32 81 48 38 70 29 51 78 31 79 56 15 5 19 81 56 30 58 60 33 9 29 41 55 51 97 33 71 97 20 95 58 17 27 76 45 67 83 68 41 29 51 12 3 7 9 40 21 72 75 5 61 88 29 9 11 39 36 88 6 1 35 2 25 12 26 84 82 2 67 69 39 60 45 24 22 52 26 96 68 18 49 5 89 83 50 31 29 94 50 27 30 99 13 89 65 92 77 61 76 19 33 55 48 81 8 9 24 14 89 30 69 88 0 51 34 39 92 15 31 51 48 21 54 58 48 65 60 1 43 99 46 25 22 94 37 17 96 38 39 79 83 91 58 29 63 39 11 57 64 64 29 25 42 12 80 37 86 48 34 60 29 3 23 50 12 67 91 68 13 21 20 79 54 66 97 45 90 72 25 71 27 20 41 1 40 21 45 7 95 57 64 5 10 96 30 69 65 58 69 90 18 70 96 14 91 1 88 41 86 73 85 73 12 60 22 10 10 31 26 30 18 29 27 55 99 21 15 14 44 65 87 18 42 93 84 76 61 31 86 10 32 79 22 54 9 34 13 13 87 53 93 50 81 37 98 78 58 19 13 70 43 56 40 82 20 14 36 92 5 10 58 1 66 81 36 85 4 47 99 47 32 88 81 15 82 8 69 15 94 39 53 90 14 70 74 80 79 27 50 52 69 23 29 50 62 20 5 38 59 2 34 60 73 4 16 34 7 59 46 17 43 90 99 54 88 59 0 0 4 67 
47 7 51 1 98 77 88 70 75 56 2 91 45 82 8 17 85 64 76 59 43 0 17 62 30 9 22 18 16 71 26 50 85 77 2 26 19 31 63 72 80 34 62 61 63 75 23 26 45 90 38 72 46 9 82 45 45 78 12 77 7 42 42 95 29 42 77 76 37 22 69 81 17 82 46 56 46 97 30 3 32 60 74 88 0 15 50 82 66 98 79 32 32 97 94 33 81 15 4 48 92 39 98 44 80 47 39 1 77 35 65 66 60 21 15 4 91 2 89 53 91 56 10 52 2 36 8 27 94 27 15 99 71 26 36 91 32 42 55 44 27 65 78 87 86 78 28 49 59 84 8 42 32 96 51 71 36 15 33 35 62 3 24 27 0 74 0 29 72 25 82 14 21 91 7 40 9 31 24 14 11 40 71 50 51 9 60 73 24 68 4 31 99 81 34 85 62 65 10 64 15 12 4 94 50 22 36 64 59 60 60 45 78 24 20 42 73 85 22 91 20 33 85 40 1 34 69 94 43 35 52 65 19 26 89 87 38 91 86 13 79 69 84 0 19 15 25 34 72 60 24 47 80 75 1 17 18 30 48 19 98 47 85 26 33 20 85 9 39 44 30 53 20 32 1 78 76 36 72 17 30 67 23 21 80 11 17 92 85 18 81 91 71 74 75 60 36 92 50 75 6 11 95 6 94 0 28 49 29 73 20 97 59 3 71 58 67 10 91 47 23 69 64 90 32 46 98 47 51 17 37 91 24 24 16 72 62 71 87 15 84 88 14 20 28 36 91 26 73 52 23 97 77 76 69 97 67 96 14 67 90 84 79 64 25 54 87 0 56 81 79 96 96 11 88 24 8 38 73 43 66 46 80 78 11 2 81 22 55 60 83 15 9 63 33 95 16 46 44 72 74 73 84 84 90 49 62 21 3 55 46 80 86 50 39 35 34 35 60 28 63 6 75 5 57 23 34 88 80 84 75 0 47 32 62 17 87 61 88 69 68 95 92 64 54 25 99 95 95 92 58 77 45 5 56 33 67 92 33 26 25 56 48 31 28 33 51 58 56 35 87 95 53 80 32 12 36 18 94 56 63 39 82 99 79 4 83 87 68 37 7 19 56 67 40 81 76 71 45 97 
80 8 27 93 29 87 84 75 52 13 69 28 61 98 73 59 5 52 37 72 1 66 46 70 65 77 93 79 32 41 7 74 4 53 60 90 53 9 99 11 79 17 33 85 2 46 32 17 1 95 8 3 94 32 50 28 38 78 64 29 68 50 87 45 55 90 10 58 73 48 66 36 71 65 68 96 39 1 8 37 9 13 35 88 78 60 65 79 81 35 56 67 29 95 72 98 39 60 8 22 14 41 56 55 30 82 51 0 11 2 74 80 20 19 82 73 38 69 57 15 2 51 14 28 8 92 33 98 84 86 99 58 39 38 5 94 91 27 15 73 26 6 64 14 10 77 16 3 33 71 13 8 12 47 8 7 94 44 34 80 80 78 64 0 8 16 32 87 91 39 0 88 14 2 28 98 99 92 18 39 6 63 5 44 23 34 68 33 59 46 95 51 44 75 83 40 95 72 23 86 67 5 45 92 77 41 82 58 15 31 76 99 33 8 56 54 31 81 78 85 55 78 36 49 39 51 17 24 48 68 78 42 51 59 94 92 69 40 61 23 43 88 72 69 84 51 43 60 4 76 34 24 18 80 57 77 76 36 59 9 61 24 41 22 69 41 19 94 30 36 7 96 48 69 19 19 78 23 26 77 65 56 24 28 85 46 49 5 85 23 2 88 54 69 64 98 86 38 14 47 1 0 13 13 0 80 68 17 9 32 6 87 15 98 56 43 34 64 97 46 6 32 49 82 4 93 19 43 65 31 0 80 81 37 7 72 52 94 21 94 31 8 82 99 25 97 46 52 83 66 44 86 50 26 34 96 36 13 40 2 34 76 49 9 45 73 6 40 39 40 20 91 58 62 61 43 58 80 69 79 26 67 55 93 7 63 20 74 79 69 30 94 70 36 29 63 88 71 33 40 80 31 53 7 53 67 8 25 84 73 39 22 19 10 31 8 92 75 66 58 26 45 31 84 33 37 28 49 74 63 62 27 16 27 75 99 4 36 8 75 6 66 66 20 20 1 88 57 24 7 3 76 14 86 67 47 9 13 34 31 54 6 84 76 99 76 30 39 67 25 35 98 90 94 11 12 8 71 65 38 79 85 81 65 3 21 99 12 89 65 22 35 74 9 67 70 52 32 36 29 
2 30 48 86 40 80 45 96 98 64 71 86 95 32 55 41 60 89 16 7 56 64 75 86 44 45 37 29 68 85 87 53 42 39 65 78 30 85 73 53 98 41 45 43 19 73 48 14 99 83 26 81 96 69 36 81 48 78 1 83 78 8 27 49 96 78 65 20 23 27 49 2 6 65 38 79 41 53 3 11 18 84 58 6 87 1 13 73 9 43 26 2 92 80 73 16 37 37 58 70 16 43 12 86 48 71 46 51 57 4 98 81 54 2 97 39 66 39 89 25 39 48 27 66 27 58 92 74 57 90 40 20 66 79 83 98 52 53 53 56 48 15 23 21 97 65 69 92 81 11 26 98 70 70 48 33 52 85 39 3 40 73 94 21 81 11 63 77 80 13 54 87 37 89 71 61 41 22 8 59 27 43 10 66 68 0 42 67 77 71 4 12 4 19 86 68 95 7 14 96 31 57 82 48 41 38 99 31 44 46 81 66 89 63 95 54 67 43 62 36 1 27 55 42 55 8 16 44 13 16 10 77 88 22 50 53 23 80 43 54 8 79 77 11 27 35 44 56 41 27 65 92 80 47 47 41 50 93 35 59 43 97 13 50 97 98 45 12 98 38 41 26 97 86 49 5 30 69 7 40 41 65 65 45 50 48 21 72 50 39 80 6 47 76 39 59 34 59 36 41 44 97 32 34 74 52 66 92 99 19 91 24 12 69 26 13 41 1 16 45 62 52 87 99 51 10 13 3 35 32 4 52 64 50 96 2 44 40 27 33 10 57 33 24 77 89 19 49 55 89 57 10 36 62 57 9 61 46 65 60 79 78 49 47 10 77 27 56 9 22 50 27 17 70 69 94 56 53 56 68 3 7 11 56 89 73 18 60 48 21 30 84 97 47 71 38 42 6 92 77 1 47 30 38 70 26 75 19 23 0 87 20 90 85 65 80 4 44 60 17 18 56 77 52 59 76 76 70 73 50 72 29 46 27 27 89 70 80 71 32 45 79 25 91 21 44 41 0 84 91 65 46 23 55 50 28 14 13 2 33 22 57 53 35 55 7 55 93 38 65 91 7 48 13 20 26 57 27 5 15 44 91 36 62 20 64 90 36 70 99 57 55 36 47 16 77 42 35 11 49 
36 53 14 83 25 24 26 93 21 7 82 4 61 44 16 79 23 6 74 43 52 23 67 7 74 37 40 51 39 88 37 74 63 36 19 1 80 71 43 71 40 95 23 74 16 28 42 80 39 18 43 66 30 58 87 45 42 21 83 96 13 27 55 60 21 61 36 25 25 92 12 9 91 70 64 92 28 91 64 31 4 75 5 55 35 49 73 44 12 47 38 27 31 22 11 0 39 82 54 20 44 82 64 89 46 23 44 58 88 22 36 13 30 21 2 7 62 78 74 67 47 24 28 57 42 74 93 97 19 41 1 65 75 29 3 0 64 53 30 96 33 64 39 57 27 89 21 57 69 8 54 42 58 37 73 51 58 77 28 5 78 48 69 10 99 75 33 40 0 26 0 53 17 41 96 13 12 78 51 86 99 0 27 54 80 7 99 99 20 90 27 90 48 82 91 2 29 6 92 86 89 62 7 97 73 8 42 58 82 64 44 49 59 9 66 12 14 52 30 21 56 65 80 6 31 16 1 99 75 20 79 40 8 55 34 33 2 58 44 32 92 85 88 15 87 45 52 99 21 29 2 11 40 3 42 49 93 25 65 31 83 97 61 75 53 22 89 94 60 87 10 98 21 27 53 52 90 35 26 87 30 62 24 97 68 6 61 78 58 73 17 49 41 74 78 45 77 37 66 43 69 87 5 74 48 40 29 85 5 67 99 74 72 39 2 81 59 46 29 26 49 90 93 48 4 92 52 5 2 44 96 95 53 25 98 92 39 71 93 43 72 18 51 39 56 21 6 97 81 72 41 90 11 62 97 86 44 92 9 69 57 24 61 88 0 73 11 68 15 12 48 7 87 63 54 59 35 46 65 5 70 67 4 10 97 53 76 97 26 81 49 85 22 52 96 19 92 11 49 49 46 45 72 83 4 48 32 94 78 24 21 2 74 23 42 45 3 56 76 76 22 56 6 22 17 9 97 86 66 84 79 6 22 27 12 12 75 96 89 39 19 92 55 82 8 41 48 45 5 58 45 91 84 55 47 76 31 56 48 49 6 8 90 30 62 34 82 60 48 41 19 33 86 75 12 39 33 53 21 78 0 32 62 58 92 91 2 11 42 92 86 35 82 41 10 19 21 2 79 8 
79 9 46 64 47 36 80 52 36 66 54 49 48 39 71 48 85 35 23 32 24 82 12 5 64 24 31 20 58 7 6 45 67 94 68 79 17 84 35 85 62 25 44 86 3 23 46 35 73 5 57 90 94 42 33 82 82 20 19 81 87 6 86 55 82 77 50 81 38 31 8 61 40 20 37 17 32 82 97 99 86 72 99 49 21 19 31 12 53 60 24 0 49 46 39 53 42 15 93 73 3 0 98 97 77 27 16 15 31 46 89 38 10 18 9 79 88 77 89 18 44 8 18 86 79 64 17 88 11 28 97 58 34 44 0 36 37 76 96 79 2 10 63 45 74 96 2 41 63 21 0 52 50 20 57 74 71 86 43 50 59 62 61 30 24 44 15 15 65 55 61 61 74 92 12 92 60 30 59 62 48 94 75 5 11 22 41 80 39 86 20 52 79 53 94 33 23 62 86 11 42 45 34 0 1 58 32 14 73 14 29 58 95 53 33 61 17 68 59 37 38 63 29 41 37 19 59 93 55 2 71 95 2 53 2 12 83 28 4 71 47 6 44 21 73 64 50 39 36 41 89 35 41 7 51 8 82 35 15 56 64 8 65 29 69 93 92 21 59 44 69 54 62 3 56 11 48 20 16 83 35 84 81 71 0 53 64 33 34 3 69 91 44 10 1 89 72 8 72 9 25 63 20 4 21 0 28 90 20 76 17 79 57 76 1 31 34 82 25 25 86 30 5 40 84 25 17 73 78 51 33 91 60 76 29 98 78 24 68 12 59 50 51 10 33 96 47 97 0 18 98 74 65 23 54 58 72 76 72 88 37 66 10 19 29 44 94 55 90 73 93 8 29 48 68 48 37 76 82 34 34 13 35 32 77 35 25 59 11 68 19 40 1 65 41 1 85 53 75 55 22 98 18 73 50 61 4 75 69 94 53 50 64 77 82 21 57 21 25 10 63 81 5 94 46 18 93 12 21 48 29 37 57 74 16 44 21 0 55 5 47 15 9 64 56 56 99 5 75 66 89 37 70 69 12 55 8 27 83 64 17 97 84 53 9 90 2 44 77 18 30 64 59 41 21 89 94 62 54 93 80 66 40 47 68 14 5 92 30 26 3 67 7 35 81 10 61 30 13 69 
76 70 78 36 18 89 28 97 86 96 70 76 96 98 27 92 86 6 55 76 80 12 41 57 81 83 26 2 98 23 76 83 33 59 2 25 91 55 31 68 88 30 26 0 51 2 89 28 31 12 56 21 76 21 1 11 63 38 41 85 88 9 57 42 33 96 80 47 81 96 51 13 7 70 62 89 6 32 26 20 74 90 66 69 88 34 2 65 63 47 96 94 85 24 94 81 99 43 77 23 66 84 83 86 9 66 5 41 42 85 98 12 21 41 63 14 18 59 87 36 98 85 39 13 80 6 83 65 17 40 26 70 40 57 64 98 63 21 53 21 67 34 15 60 14 95 91 8 59 41 29 62 66 40 58 29 57 7 87 58 8 30 69 16 51 51 77 26 7 9 43 43 28 26 90 7 59 27 34 9 49 89 53 7 45 39 96 98 93 58 69 29 19 42 94 25 93 32 80 6 0 66 46 12 86 18 23 32 52 6 88 16 61 45 0 64 93 73 44 57 32 61 48 58 43 71 84 69 61 71 31 83 17 21 97 35 4 94 41 63 23 40 91 32 23 47 48 60 87 78 95 37 54 68 58 57 54 77 29 61 99 87 1 65 70 23 44 92 46 38 75 84 28 96 45 54 96 86 10 7 2 41 77 23 31 47 66 60 40 13 37 73 90 53 48 87 60 49 60 32 40 11 20 68 57 97 40 16 65 76 86 57 46 8 74 16 29 90 63 34 98 53 28 90 67 33 51 97 13 72 93 29 64 0 45 0 7 36 33 45 5 72 31 92 14 25 57 35 82 92 84 12 4 90 87 42 74 4 14 51 25 72 69 86 67 6 8 52 26 69 24 22 51 71 7 51 16 43 55 36 60 69 3 89 95 26 49 43 79 62 13 4 67 8 76 4 36 44 47 94 76 94 81 77 40 22 63 14 39 69 15 19 27 30 8 81 99 84 98 92 84 53 60 79 66 99 54 5 97 82 49 55 36 41 12 66 29 57 19 53 54 89 5 30 63 31 32 54 24 53 32 43 73 1 71 97 12 49 24 69 7 12 87 22 42 1 35 22 1 81 45 25 21 68 22 7 8 77 19 78 39 54 57 72 17 86 46 77 58 50 30 74 79 51 16 11 26 49 59 3 
13 73 44 42 72 54 70 13 24 25 83 22 81 36 96 94 89 22 80 55 19 42 32 86 11 39 27 99 88 45 96 22 71 15 42 76 19 8 77 21 40 62 71 58 3 45 29 79 97 81 8 8 64 6 16 89 55 66 66 77 67 22 30 35 72 16 10 90 14 23 58 88 99 90 34 97 35 45 7 59 39 43 43 91 65 63 25 69 87 84 91 73 77 6 19 6 73 93 43 11 45 97 24 64 60 8 90 74 77 43 8 12 38 77 28 8 30 34 17 14 66 86 78 31 77 42 96 91 0 34 41 98 9 9 25 66 31 53 83 43 73 56 92 0 64 7 64 98 26 66 22 62 91 10 64 73 31 46 40 43 83 81 42 0 18 41 79 73 87 32 31 21 96 61 47 1 28 74 58 21 60 11 67 6 82 83 44 1 51 66 40 48 13 39 71 5 14 81 60 22 31 94 47 17 74 42 10 56 92 0 66 31 34 19 78 36 94 76 12 12 1 61 47 90 51 50 97 99 94 76 23 95 57 72 25 46 90 14 34 85 61 51 81 1 86 56 24 88 90 76 33 8 92 59 81 7 33 46 93 10 62 16 46 60 72 11 12 91 75 87 50 87 67 98 28 55 0 94 71 74 82 44 9 49 89 33 77 87 37 32 37 18 18 73 93 65 20 23 34 59 35 17 93 25 31 50 40 91 23 36 35 47 3 44 36 82 21 87 63 11 81 66 60 95 59 97 25 24 58 84 16 70 66 6 73 21 18 67 56 96 25 60 37 46 27 80 61 55 85 18 46 51 50 62 70 67 73 83 21 16 66 55 30 49 87 1 93 44 26 27 77 25 89 26 32 43 30 5 23 5 20 85 54 41 37 31 53 55 35 49 40 15 7 96 71 95 39 43 53 96 96 73 88 46 69 49 23 98 23 53 63 8 54 36 83 53 24 46 17 96 79 11 98 1 7 70 87 95 39 39 20 15 58 80 77 32 49 3 38 27 44 4 97 71 49 86 52 2 9 79 37 65 26 54 92 0 54 0 25 18 28 80 89 91 34 77 96 10 45 68 47 65 42 14 27 65 76 0 19 97 9 97 9 70 9 88 25 85 65 3 67 60 56 34 70 19 86 82 11 77 
4 65 86 68 58 31 11 59 85 42 81 76 90 73 61 25 25 6 0 89 76 69 81 20 20 39 6 9 70 22 63 79 66 14 22 21 51 16 31 79 35 10 7 57 19 4 11 86 58 53 74 84 57 49 75 54 72 26 35 41 84 91 0 38 7 21 12 43 86 67 57 77 37 32 16 29 16 0 23 63 37 74 6 7 51 86 22 96 50 21 16 36 40 95 44 20 71 76 16 79 36 25 58 19 55 8 43 13 90 80 21 19 27 30 46 70 89 13 5 57 73 17 95 36 58 14 86 60 37 51 15 88 7 45 21 41 64 20 45 65 40 27 38 48 51 73 87 88 59 60 13 5 48 82 13 51 87 76 7 79 12 39 32 35 77 38 51 65 62 13 57 92 7 77 43 6 90 22 84 91 53 92 2 75 93 92 6 53 14 77 96 25 12 34 22 43 33 74 39 98 98 6 16 83 76 99 84 83 21 93 69 58 92 2 30 91 38 37 79 79 73 5 2 32 0 62 82 77 82 74 61 75 5 98 62 8 25 19 93 84 44 34 34 31 87 59 51 82 14 1 60 52 35 48 52 8 88 91 62 56 33 75 4 3 8 20 96 87 59 88 76 63 17 76 10 97 42 12 50 22 1 70 75 10 27 90 96 65 97 98 54 36 8 66 97 66 1 94 87 79 75 12 17 61 85 61 76 2 22 11 99 75 23 17 10 96 45 42 88 31 68 2 65 20 25 56 60 73 54 45 68 82 9 45 9 83 30 74 53 38 41 86 79 25 98 61 42 51 85 83 69 32 63 64 62 54 42 76 19 8 85 51 73 57 43 97 9 69 90 81 87 34 24 13 57 24 29 85 29 65 30 36 12 78 66 58 55 72 92 41 90 33 11 92 34 18 44 21 69 38 5 57 80 50 73 55 75 94 50 45 69 99 53 11 15 76 14 68 77 39 78 82 73 78 41 90 37 85 67 12 15 1 97 64 32 19 68 55 0 88 28 29 17 12 11 88 49 83 33 50 23 73 21 59 37 62 50 67 97 54 84 22 45 69 5 62 60 31 57 19 94 42 7 13 76 90 11 3 90 33 29 46 50 48 88 35 43 23 59 12 44 43 47 85 78 53 81 25 2 17 
49 2 75 85 10 21 70 52 84 17 12 69 85 24 0 8 87 15 40 31 71 93 86 83 13 46 48 2 2 37 16 51 29 25 38 11 62 61 0 77 66 49 11 74 28 66 91 54 96 66 65 32 69 57 59 48 14 63 67 58 80 44 65 28 32 98 10 71 84 57 65 98 8 45 44 19 70 19 70 64 4 96 44 93 36 9 38 46 37 87 92 65 5 18 55 59 38 59 1 44 29 5 91 14 75 6 62 27 15 4 37 32 38 64 78 87 50 97 92 79 40 51 88 51 87 93 10 80 70 54 50 34 31 55 35 97 70 48 79 82 78 50 14 28 75 58 24 92 44 85 90 2 39 38 24 64 31 15 82 2 89 8 74 95 0 86 83 44 90 14 57 94 67 88 88 32 30 52 72 37 99 39 66 88 94 4 28 2 72 39 89 90 19 72 79 92 89 17 96 67 66 27 8 42 87 42 56 13 41 70 97 29 47 91 29 32 43 16 47 5 91 33 25 33 48 24 91 7 55 1 8 3 28 93 50 60 29 50 64 84 13 82 57 34 80 85 83 34 26 96 18 48 42 99 46 13 61 88 71 78 89 32 59 61 29 90 98 34 43 66 9 50 50 64 56 59 59 62 33 77 99 97 28 48 21 3 9 30 66 75 80 42 43 2 53 37 0 4 78 95 38 28 91 39 89 60 80 18 30 89 11 7 77 11 83 16 87 51 60 9 70 80 19 7 23 38 22 36 74 20 40 72 89 37 42 38 77 99 96 92 0 17 67 13 76 84 99 63 50 54 73 65 13 47 79 94 34 47 21 26 90 55 57 15 28 28 68 7 28 64 18 51 9 48 62 79 69 4 5 38 19 91 90 60 40 51 6 62 83 59 34 60 12 67 34 84 47 76 0 87 75 63 81 21 74 49 32 86 52 44 59 28 33 90 50 66 73 70 56 29 35 44 9 66 94 31 77 13 82 34 46 85 86 4 1 74 5 84 26 80 89 54 53 86 53 53 64 93 76 78 62 56 25 6 60 38 19 81 5 8 29 31 45 6 85 96 10 1 64 6 97 29 39 47 75 65 60 53 8 16 3 85 55 80 41 58 3 93 35 25 93 34 88 6 44 24 11 6 89 70 
35 57 99 84 43 52 89 89 39 16 80 78 32 99 2 27 6 5 31 56 40 80 72 82 85 42 83 2 18 32 66 86 54 4 96 29 76 53 89 37 22 24 48 75 69 22 21 2 98 80 96 10 34 65 22 44 43 83 39 21 55 44 88 99 98 67 87 17 70 38 82 11 53 15 53 22 50 81 15 55 21 80 56 15 81 6 48 31 13 86 37 92 44 88 83 51 28 85 14 84 5 29 98 37 68 0 28 59 87 57 21 39 10 97 1 42 42 84 8 15 45 53 92 96 50 21 26 24 91 7 76 70 79 11 83 79 3 78 13 33 34 34 31 91 27 2 43 95 77 15 41 0 83 7 81 62 57 54 47 77 36 28 68 2 95 71 60 79 64 84 84 32 30 63 80 22 31 98 30 56 61 27 61 9 9 30 72 5 97 39 8 81 30 41 98 10 7 28 41 49 47 78 55 59 30 30 65 55 22 52 68 42 44 86 93 31 35 68 12 51 69 29 9 93 16 51 76 38 36 44 47 2 36 40 50 82 46 10 87 50 10 49 9 86 58 47 85 71 81 10 77 66 37 17 87 62 38 97 78 86 65 91 96 4 43 33 32 44 61 77 20 15 93 53 30 71 24 7 22 31 89 78 99 28 79 75 4 38 82 98 89 21 95 34 19 43 83 8 48 64 16 60 2 54 2 76 97 71 79 63 52 52 40 12 70 70 81 14 66 93 75 9 14 54 51 13 46 1 31 39 35 41 51 32 48 42 92 8 1 51 92 4 59 1 51 70 28 92 44 18 88 67 55 85 56 62 71 97 67 48 54 20 42 65 6 55 3 32 75 8 97 57 52 47 98 32 42 85 9 4 62 44 43 15 51 80 21 41 94 88 80 75 92 23 59 41 51 67 31 90 5 45 82 97 53 90 91 34 99 27 66 3 74 56 3 85 44 74 26 0 94 64 10 31 74 6 22 99 27 14 95 37 80 98 13 22 71 95 76 92 52 84 89 77 60 40 25 91 23 68 83 7 94 86 27 19 97 92 93 44 63 33 68 74 43 75 93 65 67 16 63 87 91 20 35 64 58 77 37 60 14 7 58 70 50 70 81 97 3 52 32 62 91 66 2 46 59 79 91 73 
70 54 14 51 51 68 38 41 17 12 90 54 93 45 39 82 86 9 79 0 87 54 0 98 55 60 57 69 53 60 26 30 72 7 6 67 62 76 52 87 8 60 65 77 44 37 47 11 25 66 35 25 53 56 94 46 9 35 87 90 30 77 90 88 43 48 37 86 75 86 35 35 24 74 89 75 4 1 39 59 72 3 30 18 96 0 38 37 69 75 67 14 47 57 58 99 19 80 27 37 6 66 41 90 71 83 56 96 22 29 33 17 1 86 52 8 17 86 94 79 46 30 92 31 33 74 12 54 88 94 55 49 52 43 29 74 34 74 38 46 81 96 40 26 17 36 94 68 53 63 96 43 27 64 57 72 94 99 88 22 40 90 0 93 21 38 35 27 17 69 81 78 82 23 21 22 41 49 41 33 26 90 27 27 88 98 8 35 70 48 88 96 80 92 63 2 21 37 4 88 14 84 34 17 20 98 45 50 96 85 95 27 32 88 22 12 91 78 12 37 48 51 36 36 94 61 16 80 77 28 96 58 22 34 1 0 81 46 81 27 68 57 14 90 95 7 36 26 15 15 84 63 82 12 68 46 24 73 33 3 18 47 61 82 52 98 19 5 82 44 30 74 23 49 68 41 52 22 29 76 6 67 60 33 63 77 55 6 46 33 29 33 94 77 49 93 76 58 41 21 69 31 37 76 44 18 12 50 29 89 11 71 13 48 89 88 51 42 23 76 68 94 35 22 90 15 93 15 44 67 58 68 66 25 20 69 66 27 12 4 26 42 75 54 43 82 73 26 60 75 61 92 13 71 50 85 3 38 6 82 62 59 77 50 23 15 48 8 59 62 68 7 9 81 19 88 24 95 25 72 6 43 49 69 45 3 45 25 97 51 53 60 4 2 54 32 45 62 8 31 97 30 15 44 37 65 76 6 38 58 10 48 69 49 58 52 8 33 50 73 0 53 76 84 60 5 50 21 47 25 82 14 18 80 98 45 48 64 6 54 35 3 8 8 97 7 60 18 63 73 41 56 19 36 43 64 54 60 45 61 34 68 19 89 6 95 10 75 41 38 38 79 37 47 6 94 53 92 30 74 6 77 86 90 83 18 16 90 21 39 52 67 73 25 30 67 76 48 63 78 
19 36 1 68 60 10 11 35 54 30 47 27 29 98 66 26 88 87 21 2 75 87 88 61 91 49 96 23 74 36 76 89 81 21 39 50 62 41 92 82 84 45 88 96 90 39 68 21 16 24 61 53 38 8 52 86 91 7 9 65 89 27 42 24 15 29 48 39 91 37 56 23 99 49 3 0 33 4 38 10 3 72 32 73 28 90 23 99 85 92 22 82 2 81 35 75 27 28 89 80 18 94 44 62 83 48 81 85 22 91 78 15 4 39 31 10 68 17 68 99 27 52 58 11 3 58 56 0 48 10 60 54 85 0 13 82 21 22 58 15 64 64 45 57 58 67 80 24 53 31 31 27 58 47 83 52 70 68 47 79 55 66 69 14 26 18 13 11 19 50 93 52 54 32 33 74 66 39 61 13 77 79 21 94 92 55 48 60 41 26 63 71 81 23 81 40 71 81 75 12 62 82 75 84 71 16 86 68 58 48 94 19 17 98 7 64 28 63 79 1 71 47 79 33 66 82 63 98 39 16 22 91 37 62 92 74 50 47 97 28 24 99 71 27 48 18 48 45 62 10 49 92 5 83 23 37 31 7 28 92 43 75 83 6 64 11 42 44 10 4 68 76 29 56 92 21 18 18 27 17 81 53 63 36 80 35 30 75 82 64 59 61 90 78 45 61 36 41 75 5 70 2 80 41 88 35 94 72 97 4 21 66 9 78 77 92 43 42 33 64 72 36 67 16 0 41 44 21 72 8 71 54 30 23 3 23 83 21 35 61 85 48 99 26 25 34 62 33 5 8 81 29 55 16 44 73 21 81 44 34 29 61 12 67 44 5 14 30 3 29 70 52 42 84 39 70 39 27 68 19 2 78 89 47 16 90 54 10 8 57 5 63 54 83 60 13 49 32 88 54 47 72 49 65 1 74 20 48 17 6 27 30 36 40 20 95 74 74 9 66 16 52 94 77 75 4 62 49 63 89 22 49 19 13 88 18 84 31 47 99 3 39 5 32 55 18 23 7 63 40 88 77 67 79 28 19 57 76 95 47 69 62 16 96 12 14 50 47 21 71 37 77 45 0 35 51 70 38 84 24 56 38 60 1 52 55 79 48 34 37 19 61 55 62 10 57 57 28 92 35 
33 28 65 59 69 75 41 93 74 97 2 71 66 92 66 60 53 75 89 14 47 69 56 44 87 36 1 81 58 51 14 80 82 57 29 67 25 57 7 57 13 5 83 20 60 47 76 15 33 57 16 74 58 79 0 98 25 54 16 47 41 29 80 67 67 61 46 47 89 70 7 98 82 31 34 20 41 82 76 25 40 37 36 39 24 81 96 72 91 40 65 73 46 15 87 3 97 92 19 27 11 19 9 92 37 92 31 19 88 26 89 67 0 59 80 62 77 51 2 4 32 80 76 5 79 90 12 85 81 4 21 2 58 10 77 94 19 53 78 94 82 74 99 57 41 73 84 67 85 32 81 77 78 61 31 12 7 29 70 15 70 78 22 82 67 34 82 44 40 2 40 52 67 26 24 29 54 45 25 76 53 59 72 29 25 16 82 19 80 28 67 7 16 67 38 27 87 57 27 19 1 10 75 92 12 10 41 69 20 82 20 66 23 22 22 12 48 61 62 8 54 92 45 34 21 81 11 40 92 56 40 82 80 57 44 66 76 76 35 50 3 48 47 63 53 35 49 9 0 78 47 87 91 48 91 23 28 97 0 49 18 49 65 34 72 76 29 28 15 88 54 75 62 95 26 93 11 95 35 28 20 26 70 36 56 38 47 47 10 82 67 18 24 11 50 36 10 84 71 7 17 70 32 0 60 1 85 53 99 3 33 18 70 88 75 3 28 15 72 40 76 56 74 9 10 38 53 67 7 14 13 17 27 71 68 32 11 30 60 95 53 3 2 31 42 45 8 63 29 86 59 43 98 71 47 44 71 37 89 35 97 8 8 54 57 4 42 79 13 40 28 93 26 81 73 46 19 72 16 99 28 73 11 27 72 82 69 33 34 28 75 38 28 89 29 61 7 65 36 42 31 55 80 48 84 67 86 10 38 4 63 61 48 45 15 9 48 46 76 98 82 38 68 5 25 75 83 48 1 39 3 29 45 90 41 16 91 51 52 4 38 89 33 21 7 6 55 73 71 18 10 4 55 16 19 70 69 94 85 53 58 94 72 82 50 98 86 80 71 22 34 52 54 0 7 20 3 37 4 37 71 6 28 55 90 15 33 35 76 34 63 43 89 95 99 0 95 97 80 24 
47 72 29 51 73 29 31 13 84 93 73 1 85 28 99 6 96 88 61 32 10 78 45 71 56 28 25 92 43 54 45 58 95 9 30 73 82 54 25 44 94 69 71 12 96 64 15 32 64 8 89 94 14 11 46 16 55 43 85 76 45 39 10 46 73 15 88 54 47 52 65 83 52 1 56 57 63 45 80 79 74 2 37 49 44 34 18 41 99 35 76 24 66 40 44 22 16 27 72 45 94 77 39 17 89 95 93 5 73 66 25 70 86 5 83 34 83 35 27 10 3 97 71 91 88 35 33 54 29 94 48 72 12 56 77 57 84 8 99 13 46 37 39 47 29 41 69 6 66 54 96 53 99 83 54 94 42 30 89 36 63 23 95 49 4 21 0 53 40 51 20 37 21 83 70 97 68 90 30 42 41 38 7 73 8 3 85 28 39 77 31 63 71 68 53 83 42 10 51 83 48 25 38 75 37 75 60 20 19 88 36 39 43 56 56 55 54 16 49 80 29 95 4 36 55 72 50 60 94 67 50 28 49 53 76 76 94 5 82 34 31 77 84 35 68 93 8 20 33 53 4 4 49 61 14 63 37 49 64 12 20 80 36 60 88 51 83 8 51 51 72 90 78 93 89 64 1 83 14 60 98 27 48 53 7 35 1 93 94 4 30 32 78 54 22 21 96 33 5 4 20 23 85 82 55 54 75 61 45 20 37 88 13 46 66 54 19 34 96 60 24 64 33 67 65 34 10 9 24 90 50 5 57 39 74 69 40 67 74 4 91 98 93 0 0 2 67 46 85 66 64 15 86 51 58 67 29 97 99 23 25 2 52 2 14 26 45 1 56 91 87 64 45 28 83 89 64 16 98 69 42 77 91 51 92 82 43 6 59 59 96 40 47 67 42 50 32 92 6 43 6 14 32 78 61 31 32 40 69 38 94 60 3 75 11 77 81 3 66 22 34 98 78 19 29 11 11 94 64 37 90 71 12 95 40 78 14 8 79 45 48 29 42 75 9 3 88 34 80 78 60 95 35 72 2 32 41 16 91 17 17 79 94 74 12 45 32 66 21 49 52 93 23 70 20 60 11 26 3 68 88 0 98 18 65 89 19 50 82 88 66 67 8 37 77 4 42 16 11 52 
17 15 91 26 9 86 61 34 40 35 9 14 10 12 50 54 4 13 19 85 82 6 16 87 33 94 83 11 99 46 54 7 8 35 3 93 55 45 62 17 91 59 49 38 76 26 93 8 32 81 47 95 94 64 83 81 14 40 33 51 22 59 53 19 20 81 20 14 56 25 61 57 58 22 33 83 59 62 68 26 82 14 0 22 37 86 64 61 49 37 95 17 83 4 76 14 70 63 88 83 60 55 73 42 99 86 19 0 58 75 8 79 16 64 71 91 60 13 58 57 53 85 12 10 15 69 76 55 64 27 36 25 9 36 69 71 2 28 85 69 64 68 1 46 90 85 85 25 39 72 96 65 8 41 82 67 17 15 42 47 75 83 84 63 11 32 10 13 39 86 8 28 64 7 64 17 10 82 15 35 87 39 7 87 89 11 27 19 16 58 70 46 79 62 39 52 48 77 6 18 62 34 89 2 93 59 66 54 8 43 49 10 57 65 45 51 40 34 56 23 40 94 57 61 98 17 98 49 31 87 57 65 33 78 55 53 29 49 41 52 44 27 33 86 75 36 89 94 5 99 69 80 88 16 83 84 58 38 43 11 42 12 7 71 28 15 90 28 63 8 59 45 21 34 52 54 51 52 86 70 98 16 70 49 59 69 23 93 86 29 70 93 46 56 18 22 53 35 74 26 96 77 73 59 77 9 99 69 74 82 51 55 35 22 55 65 61 10 39 92 50 1 73 22 44 53 87 3 15 96 92 32 81 24 71 35 48 66 31 62 46 75 32 77 31 81 95 18 45 54 62 57 55 70 48 78 30 18 52 0 79 23 25 66 21 76 44 33 1 47 70 49 59 27 18 91 86 89 36 73 72 3 37 7 76 77 59 52 96 99 71 12 33 21 15 22 4 57 41 44 58 98 57 29 92 76 39 15 5 77 40 41 20 73 53 49 1 53 27 7 37 7 82 8 52 98 55 0 79 0 59 67 12 78 84 56 38 47 12 91 20 53 77 33 3 70 83 59 0 14 54 72 11 17 38 81 11 78 26 84 58 13 26 25 17 86 60 54 91 44 9 55 1 17 19 83 92 15 58 41 7 47 72 27 83 77 19 72 18 85 83 98 34 11 95 98 91 72 45 27 
83 15 75 15 91 10 34 65 56 71 59 33 86 27 85 66 41 26 6 33 27 7 69 36 30 72 19 68 41 56 23 23 82 29 9 20 32 8 19 13 62 27 4 20 8 45 63 49 30 75 77 51 74 28 71 52 6 91 82 90 2 7 53 97 34 11 98 46 64 96 93 70 88 8 13 95 91 94 64 3 16 11 51 47 19 20 74 88 50 13 15 35 42 61 83 44 92 7 66 91 5 74 29 6 6 73 94 77 81 61 15 57 33 64 39 4 88 59 52 32 89 59 86 75 7 63 25 3 48 51 34 2 96 73 92 63 2 67 40 19 42 51 73 48 10 30 85 31 82 53 90 11 71 58 85 34 8 52 67 59 97 16 48 31 4 48 88 78 10 30 16 35 25 73 30 25 83 75 50 36 98 81 53 23 59 5 7 16 72 21 68 37 66 89 82 73 17 88 26 28 57 19 46 9 85 60 70 60 65 62 67 48 33 40 12 80 61 26 70 66 37 86 58 19 67 64 95 70 31 67 79 85 62 33 13 73 27 27 51 80 17 47 33 99 76 89 34 28 32 63 86 26 72 56 43 59 26 10 8 95 48 65 83 14 56 24 99 14 65 76 69 41 1 78 23 89 13 24 46 32 39 89 51 57 35 7 34 65 78 15 28 19 92 71 26 29 51 62 3 66 69 65 56 84 45 20 76 28 76 53 71 17 49 77 37 81 48 52 87 6 67 30 95 91 26 51 24 11 1 76 60 85 61 25 53 79 8 37 51 58 85 4 76 28 31 66 64 88 51 91 40 20 88 26 72 87 66 28 49 75 19 52 10 79 10 99 63 46 75 11 62 36 42 34 98 10 86 52 34 48 87 95 99 84 21 47 80 12 63 12 78 62 27 23 40 95 32 52 92 28 89 76 47 5 26 7 67 92 74 33 69 58 61 71 51 72 16 22 56 31 65 79 81 89 93 84 94 84 67 16 95 22 8 10 33 17 98 20 25 67 21 44 90 95 68 91 33 90 70 81 89 50 20 16 54 84 79 62 77 22 74 50 61 86 53 33 26 94 24 28 96 63 99 65 53 16 68 60 21 89 51 84 20 63 42 34 28 89 20 55 83 89 69 3 97 19 25 72 7 96 
54 74 10 95 2 8 15 33 80 95 7 74 11 71 31 65 85 74 85 25 19 91 98 21 95 96 77 0 80 88 61 75 29 73 85 95 46 87 27 9 73 73 22 43 19 80 92 0 19 32 44 11 59 7 47 51 58 63 74 98 36 15 93 18 80 24 33 64 20 76 59 15 83 81 10 62 71 22 35 54 58 8 6 30 61 62 86 44 39 17 87 66 25 76 1 68 69 32 59 9 12 67 46 15 34 68 93 13 29 70 50 68 83 96 73 66 57 8 48 75 17 75 88 40 40 26 58 88 91 48 66 56 55 77 8 96 51 31 50 74 63 77 72 23 58 71 98 27 54 13 74 42 28 23 4 71 60 48 40 98 71 53 74 39 3 24 2 10 55 0 26 18 72 88 16 35 33 89 87 46 12 90 38 47 49 11 74 51 17 90 73 46 18 28 47 90 86 16 54 17 56 93 59 21 97 83 69 88 71 76 51 97 77 29 6 82 96 92 85 57 44 43 0 95 31 34 87 8 86 10 48 12 81 56 52 55 88 34 13 53 78 3 13 7 66 60 39 12 93 13 65 75 78 24 83 81 27 70 36 17 89 60 98 46 69 4 54 74 57 78 75 55 15 32 29 74 96 62 25 77 57 36 36 62 57 73 44 64 22 21 35 2 6 26 12 15 9 64 66 95 74 40 70 67 93 41 36 21 36 91 78 17 49 6 45 72 4 10 31 10 52 53 87 7 43 30 28 15 57 17 45 29 17 10 45 24 46 24 16 50 0 59 52 18 59 74 46 0 97 97 26 21 89 68 82 90 89 50 25 14 63 47 49 70 34 89 70 67 2 1 31 41 92 67 25 15 83 83 65 42 44 22 21 53 57 47 43 50 19 52 83 19 19 50 9 7 6 30 91 37 5 75 94 53 35 36 80 75 87 74 66 24 63 85 26 38 17 59 29 83 30 74 9 16 64 24 58 58 35 83 53 48 16 62 89 31 84 51 81 5 80 3 43 56 20 59 89 34 3 88 8 51 63 31 42 42 58 23 14 6 68 70 30 27 78 11 83 51 73 61 0 83 29 70 49 4 6 31 54 29 58 38 97 50 99 20 6 46 25 48 90 22 34 15 76 70 93 24 82 57 
77 48 69 40 33 66 41 14 80 57 99 62 39 84 62 24 89 63 45 96 74 32 99 99 86 91 38 89 72 10 42 66 35 71 81 82 4 77 40 14 26 21 75 27 46 22 47 55 1 29 12 45 71 32 66 71 40 31 42 22 16 8 87 11 96 44 1 7 93 68 79 78 31 7 17 19 98 81 93 79 56 99 38 96 29 54 58 10 97 24 9 93 27 37 49 16 50 74 63 28 81 15 99 64 77 74 19 83 70 81 13 6 47 82 60 33 76 65 50 24 14 72 34 24 7 52 45 75 83 45 48 22 47 89 83 31 66 46 38 1 3 87 25 67 72 56 38 36 19 95 36 91 36 70 3 48 2 73 14 73 77 56 98 7 76 93 17 83 41 40 51 33 72 78 99 76 87 96 14 16 97 45 81 76 15 12 55 17 7 52 51 99 20 56 23 59 16 35 64 4 47 92 21 34 25 22 40 60 13 76 40 20 46 43 84 5 22 15 43 74 54 93 18 83 7 87 65 13 3 88 47 13 60 38 28 69 58 21 87 79 10 49 19 89 49 60 3 55 67 9 83 33 75 71 6 19 43 97 81 55 29 23 7 14 69 57 28 27 39 28 88 78 78 10 91 89 59 86 64 29 87 34 10 85 58 58 53 29 21 25 23 11 32 16 16 83 72 90 24 26 99 29 14 42 33 2 61 69 68 75 64 6 77 77 89 22 15 32 6 84 38 20 19 64 16 46 84 24 79 12 27 41 54 10 32 33 8 97 70 77 66 80 22 34 40 94 58 60 3 50 86 59 31 50 6 99 46 44 69 49 96 29 9 57 59 93 73 51 18 8 25 35 60 77 42 20 85 36 60 87 70 53 96 16 0 60 52 23 97 88 60 84 95 59 48 86 19 69 46 42 22 14 1 85 78 4 74 21 82 29 73 47 18 45 68 10 52 90 3 93 88 97 18 26 5 52 8 73 44 47 39 71 82 76 12 86 71 46 7 92 69 49 65 84 82 15 99 55 54 11 57 42 1 14 54 35 63 34 49 14 99 5 63 16 88 17 46 42 48 21 42 63 76 99 76 48 55 49 20 48 10 8 57 18 38 23 89 83 70 86 22 91 73 15 77 24 6 31 7 78 
72 42 77 67 14 22 58 16 87 29 92 21 50 81 80 34 50 1 4 51 49 48 81 6 91 21 24 86 91 21 4 24 78 32 29 88 74 52 79 25 97 89 22 23 81 75 27 66 20 57 65 69 10 78 57 99 90 46 6 99 26 24 55 99 71 60 54 85 66 50 18 37 2 44 84 31 94 88 64 94 61 99 61 90 15 23 31 74 25 78 22 69 34 29 56 69 68 89 66 64 9 64 42 9 29 97 11 92 81 51 38 71 38 21 2 7 49 46 96 12 6 83 8 37 77 16 11 41 82 91 49 65 95 10 40 21 25 9 15 71 33 30 50 93 36 74 43 15 70 23 94 1 1 82 25 24 8 0 73 74 75 11 30 27 97 23 34 28 47 6 35 51 19 9 34 54 78 6 82 28 32 63 57 98 13 82 58 92 27 64 5 39 40 10 25 18 78 56 68 87 8 23 68 25 92 5 75 72 33 81 27 23 88 87 80 67 79 49 51 34 89 0 94 60 17 18 93 58 5 81 26 20 4 44 2 18 49 37 34 36 14 81 4 37 35 1 30 70 7 39 17 86 81 93 66 73 88 24 76 98 56 98 77 79 25 79 16 6 22 71 98 63 68 63 8 92 17 73 74 72 4 96 71 26 35 72 37 34 86 25 47 10 24 59 58 29 77 69 25 87 30 87 5 31 88 37 58 25 85 63 5 54 18 43 46 16 96 50 91 40 74 97 4 52 70 17 57 96 53 95 8 42 10 32 88 35 36 58 10 30 98 74 46 24 38 95 39 93 49 73 15 99 4 42 31 48 85 86 66 52 9 78 43 86 85 42 83 19 17 84 52 52 26 28 32 53 54 71 22 35 99 22 11 36 52 97 47 77 34 65 67 60 9 62 37 1 46 53 83 79 57 8 70 39 50 81 75 67 13 42 20 9 51 73 22 62 5 28 44 50 54 35 39 70 65 69 23 10 16 82 43 69 21 24 2 74 87 33 79 64 95 36 1 40 91 1 12 32 15 40 24 83 71 33 31 41 1 64 82 56 12 22 57 77 24 25 31 99 86 89 5 94 99 13 51 70 15 38 72 30 0 27 66 99 17 32 45 26 35 73 61 75 4 0 48 38 78 19 62 76 
14 6 39 24 9 3 44 38 88 72 44 48 69 70 17 13 12 13 10 76 27 12 27 48 88 74 99 85 75 40 99 42 34 36 58 58 59 76 21 90 4 87 22 16 68 70 27 89 80 35 49 91 74 83 86 57 47 40 90 26 20 30 82 10 47 55 46 10 86 24 25 69 8 17 47 89 8 49 43 93 29 47 91 90 28 38 70 91 66 70 41 1 34 27 33 92 57 91 54 41 38 94 11 47 69 56 81 25 72 90 74 55 11 98 58 5 42 48 51 74 43 36 71 61 99 57 18 44 13 47 33 52 68 29 78 6 10 75 74 60 87 24 37 90 12 39 59 92 59 5 1 72 64 42 69 30 21 79 53 49 48 21 36 9 80 28 67 34 20 21 21 97 22 55 78 54 60 4 24 6 1 34 46 77 99 71 50 32 47 82 4 90 81 12 65 17 44 51 90 39 62 10 72 30 52 8 55 18 98 66 46 38 72 67 71 89 55 80 88 23 16 38 44 89 1 92 90 17 96 41 12 96 55 60 55 55 26 71 67 60 31 55 71 55 73 34 26 14 26 69 23 47 50 37 23 17 90 76 4 68 71 98 98 23 45 96 97 70 18 18 76 76 75 89 75 36 86 27 35 42 96 38 97 51 49 98 82 25 32 52 60 7 3 27 45 62 59 57 96 53 80 13 2 79 19 2 41 20 45 25 84 1 5 77 52 97 11 41 2 41 67 77 39 3 50 45 35 54 13 31 62 95 68 13 73 89 18 74 40 1 0 20 47 87 69 22 21 12 4 5 88 46 71 60 38 82 18 67 18 95 66 58 77 42 86 80 24 28 11 19 40 3 23 88 47 75 29 33 76 21 69 95 18 92 1 37 59 47 33 30 23 57 13 13 19 86 31 40 73 78 50 64 81 12 37 18 94 5 35 61 97 71 60 77 82 95 87 64 70 22 80 61 26 64 43 21 12 81 91 33 28 78 24 22 66 96 42 29 27 90 25 43 61 74 74 95 76 47 44 36 32 5 52 33 53 20 1 95 36 19 65 49 26 97 84 15 42 90 90 17 99 0 8 90 73 47 96 52 27 5 37 11 87 94 31 17 58 11 55 89 81 63 11 17 41 46 22 5 3 52 
6 28 62 5 18 21 60 50 84 11 52 5 50 93 13 59 47 9 69 59 92 25 26 78 54 18 9 7 38 50 8 56 70 24 88 61 2 80 23 65 35 92 67 73 54 9 19 48 16 28 9 19 82 68 54 52 8 42 76 74 75 8 5 8 31 95 49 20 96 21 13 32 83 14 32 45 5 76 14 82 27 13 17 95 26 48 38 3 32 36 9 25 55 72 25 15 17 32 33 30 87 21 13 9 38 58 45 21 29 26 41 9 7 70 93 53 44 18 92 31 41 73 6 83 94 26 41 72 63 57 31 29 14 29 5 79 38 46 19 24 29 55 16 24 29 32 45 84 73 91 33 96 55 69 84 90 6 70 56 22 29 54 40 99 26 9 33 5 26 70 72 44 79 53 82 83 91 91 41 76 11 71 39 54 91 89 8 46 55 85 12 46 99 9 71 6 70 85 97 65 1 52 46 49 95 70 21 29 78 45 54 19 5 76 50 39 80 75 13 42 90 15 46 49 12 80 81 6 51 59 28 23 73 74 54 49 84 59 68 42 95 55 27 20 19 5 25 30 66 38 42 67 89 55 30 10 44 68 57 1 32 13 60 14 64 63 40 22 33 97 33 46 95 25 47 11 56 49 90 79 88 53 25 38 15 54 48 53 59 22 87 23 58 28 20 69 86 99 2 21 91 59 70 55 11 94 66 98 69 18 28 36 7 46 90 15 31 26 37 13 18 59 71 19 52 82 48 20 53 64 14 26 18 56 54 16 15 61 22 23 4 52 35 86 55 95 36 36 13 3 27 50 59 91 68 24 1 16 18 57 93 51 19 90 60 27 77 71 43 70 75 77 50 59 63 67 20 93 89 90 77 96 21 36 74 56 31 84 3 97 15 25 70 48 67 43 54 86 46 9 82 2 17 74 20 59 17 62 76 1 99 26 95 8 90 38 89 61 78 46 17 0 47 23 35 37 55 11 6 16 61 74 95 51 53 40 67 75 74 75 21 74 57 50 80 58 51 23 71 90 78 65 28 36 8 99 37 74 55 23 9 69 6 25 92 35 67 63 41 12 0 76 66 27 71 22 20 26 26 36 21 78 13 83 82 63 7 72 62 92 65 35 50 71 95 78 0 13 72 89 
97 20 31 38 87 39 93 49 69 57 21 71 60 80 30 11 77 18 13 26 15 82 26 62 84 77 10 12 43 72 46 62 20 84 41 6 35 8 68 80 56 57 31 37 80 35 15 47 3 50 51 56 4 94 98 7 59 38 88 32 25 90 22 24 58 31 58 75 80 33 14 21 7 5 65 41 3 79 46 34 63 66 41 95 41 85 32 85 69 29 57 64 89 5 72 62 44 80 7 10 71 63 5 90 40 79 19 36 7 14 97 0 88 89 97 82 64 19 85 15 95 5 17 46 41 96 89 67 45 89 40 97 92 81 63 53 6 24 48 52 24 43 93 60 58 66 82 22 63 82 52 32 0 63 33 22 75 59 11 56 89 85 63 56 45 1 48 38 2 14 31 70 11 57 82 11 15 42 47 17 91 96 27 44 21 19 46 62 28 68 40 43 84 4 78 78 56 26 38 18 44 75 16 65 74 93 24 96 68 63 37 76 49 83 91 91 78 82 45 62 40 24 69 86 73 95 63 97 7 24 19 7 53 81 68 14 28 11 93 59 51 51 20 86 91 32 7 76 22 22 69 65 72 81 55 3 39 21 2 49 75 89 74 74 19 24 16 25 14 44 92 42 5 82 99 5 77 12 69 24 39 91 5 28 49 36 36 19 0 76 20 93 16 42 84 14 66 42 28 15 61 96 32 55 37 62 12 19 88 45 18 0 87 94 35 58 53 31 70 96 81 96 81 77 0 7 86 33 46 67 84 57 26 51 75 16 22 63 90 66 86 3 1 64 54 57 39 90 20 2 9 39 61 7 57 5 0 20 60 95 60 78 96 17 77 40 65 80 25 34 31 30 73 0 0 10 17 74 48 73 68 39 54 84 60 7 49 9 34 35 61 35 44 21 22 12 56 6 29 83 16 55 27 26 21 26 54 48 88 55 98 17 16 19 39 39 44 79 98 18 75 22 51 90 36 9 25 58 88 98 17 54 85 33 52 64 75 46 2 23 70 16 17 91 89 18 42 67 10 86 40 40 10 94 20 86 58 65 84 65 9 59 96 48 99 28 72 75 28 3 0 8 51 82 35 30 63 28 56 52 39 71 96 95 1 62 75 27 21 94 65 92 60 19 18 20 14 76 8 33 
83 72 75 97 85 5 15 70 93 8 61 70 7 17 74 35 43 53 50 37 36 18 88 15 7 43 29 66 32 9 58 46 33 11 38 32 2 82 36 93 77 61 13 65 37 66 48 20 72 23 37 92 44 75 0 72 63 77 60 54 67 81 31 75 82 89 20 51 24 5 52 0 28 12 54 39 18 13 21 31 22 71 16 70 71 55 57 66 55 67 5 20 29 18 78 93 20 96 57 67 83 58 44 84 32 70 72 25 18 79 46 3 44 82 91 45 65 25 8 35 77 26 37 75 43 26 61 59 88 68 62 91 91 88 56 81 43 43 32 26 73 60 20 67 18 62 88 26 52 7 96 63 82 10 8 56 14 51 87 92 16 86 68 23 2 7 86 60 51 62 87 87 79 11 88 84 9 21 81 27 51 89 99 84 76 15 93 92 78 89 39 1 40 50 18 74 19 58 30 41 73 60 55 41 29 23 45 3 28 99 83 25 25 84 43 35 62 25 67 50 80 27 44 75 48 52 79 67 5 77 70 52 1 67 17 13 91 94 98 21 70 66 47 10 97 42 28 27 87 85 39 3 5 11 18 92 79 63 11 38 77 26 80 95 11 37 71 72 15 47 65 4 93 64 12 49 75 64 7 23 66 73 54 33 44 98 53 81 7 85 31 92 12 83 7 46 23 97 89 28 93 26 60 39 30 28 81 83 60 40 30 91 14 10 49 83 4 4 70 21 74 92 54 86 39 77 16 76 20 64 12 52 72 60 96 16 97 86 15 4 87 50 24 88 48 68 67 99 16 45 2 40 11 4 25 88 43 51 47 99 14 24 85 76 3 83 59 65 75 71 41 35 48 26 43 72 67 50 66 7 99 86 95 76 89 81 95 1 24 40 31 1 71 22 17 14 93 61 90 6 75 38 32 45 12 88 23 3 12 95 52 47 75 85 24 31 79 14 37 5 1 23 40 64 41 59 56 28 90 17 17 89 3 59 23 16 75 62 36 50 11 95 45 52 91 82 13 12 80 20 14 63 61 7 11 4 73 14 55 79 57 87 13 6 12 55 30 5 11 34 44 35 92 76 30 12 22 40 3 43 90 2 94 47 57 84 9 35 2 36 94 58 27 77 49 6 64 57 51 55 
1 47 82 39 87 99 54 64 37 21 45 39 68 37 32 18 61 6 30 62 23 41 14 4 73 77 52 53 58 89 59 14 44 51 0 16 93 4 32 94 95 60 97 21 98 65 17 68 8 3 60 11 48 27 54 53 82 57 52 65 88 6 64 77 45 25 16 32 98 4 95 28 52 67 12 25 54 33 78 22 72 89 11 30 32 27 15 59 97 85 4 78 6 74 59 0 86 28 57 98 77 82 11 84 20 45 33 81 40 22 20 64 45 52 66 9 60 17 31 14 29 50 24 28 9 22 37 98 41 26 33 93 76 90 71 34 19 29 16 28 85 93 4 15 49 55 43 4 45 40 38 30 23 57 17 93 71 41 45 36 88 5 51 50 10 68 86 3 10 8 55 52 12 37 54 49 66 74 63 49 53 4 10 64 86 77 59 62 84 31 23 85 22 82 21 60 33 86 2 39 96 16 93 71 15 55 90 77 55 13 27 85 63 15 3 75 60 96 37 33 86 80 74 29 15 83 15 99 65 30 97 13 48 69 75 80 36 1 21 58 55 62 38 52 19 4 20 29 74 84 93 59 82 46 77 80 24 39 3 83 1 79 5 36 37 62 4 38 35 10 4 22 91 84 47 70 33 63 63 61 38 75 4 40 65 57 91 22 81 61 1 54 79 63 67 76 30 77 74 87 52 89 8 62 81 31 71 28 58 45 69 68 85 64 16 93 67 95 26 63 76 40 63 49 28 79 59 48 52 51 44 73 29 85 10 8 49 11 71 62 38 27 22 38 76 97 72 63 78 50 18 62 75 90 63 24 56 44 94 11 49 46 51 84 9 94 18 0 65 5 23 23 85 54 56 65 25 71 89 35 44 23 98 66 3 83 86 45 19 19 48 22 13 61 9 41 52 68 92 55 50 3 82 67 50 28 89 52 25 14 58 96 56 80 6 2 94 21 91 94 68 5 32 6 61 4 33 59 20 99 29 93 29 45 8 97 90 32 49 48 66 38 86 4 99 17 38 14 89 18 99 54 9 20 85 48 23 31 49 9 88 14 35 72 45 44 89 88 97 28 41 26 55 48 52 10 10 52 61 2 5 4 78 11 36 48 27 37 59 32 99 4 54 93 13 53 48 99 64 79 
34 2 8 89 37 94 82 44 9 21 60 66 35 7 91 85 27 22 47 31 43 88 14 97 13 14 36 99 38 98 2 91 14 60 83 98 42 76 99 87 38 83 4 63 57 28 26 57 56 79 93 13 61 72 20 20 82 88 10 66 49 91 1 42 65 89 51 89 13 67 90 32 44 11 22 19 29 35 36 89 0 99 75 92 34 27 23 33 93 92 45 8 84 35 64 5 76 13 77 23 79 3 39 81 78 79 95 26 2 44 41 6 22 27 64 24 90 32 24 17 29 35 88 94 37 80 65 5 76 45 90 97 26 30 17 32 58 24 78 34 16 31 21 63 23 57 38 72 30 12 65 12 31 93 9 21 51 38 24 60 72 21 97 29 59 76 49 4 87 9 55 13 23 88 51 96 1 36 60 3 70 76 17 27 41 66 40 71 82 57 63 39 56 90 18 23 47 91 99 4 89 58 60 30 89 43 63 43 14 25 17 22 59 86 45 82 52 66 58 79 28 86 0 20 78 48 64 33 77 76 95 2 29 28 37 85 78 53 25 19 86 42 75 14 90 62 65 84 10 46 30 25 29 40 50 29 5 85 54 85 8 14 15 75 24 16 11 13 85 66 52 67 63 76 75 50 89 7 21 3 11 9 67 11 53 36 5 56 74 49 2 71 72 27 70 38 81 66 12 10 36 75 90 55 82 24 57 31 27 23 28 18 3 70 81 95 19 74 39 88 86 80 86 83 22 6 89 96 25 8 13 9 81 74 1 73 38 31 5 71 80 47 66 75 46 92 3 41 57 67 20 34 58 96 14 48 14 24 39 90 89 74 64 40 44 26 39 38 38 9 31 97 37 64 5 4 41 30 53 71 13 78 57 5 60 44 30 67 7 58 95 61 41 71 86 37 13 58 96 34 98 69 76 86 77 85 55 2 29 17 89 77 81 14 88 71 66 60 1 97 3 27 61 62 67 34 42 53 4 18 44 62 53 60 28 86 1 80 6 19 84 64 45 73 59 57 7 53 95 70 84 35 84 16 68 85 4 19 34 33 23 49 54 12 98 45 26 76 22 12 3 81 81 99 41 44 44 18 85 23 27 75 82 61 95 23 23 36 70 22 75 37 85 76 37 37 86 29 26 7 
89 74 82 48 29 98 94 67 60 80 80 50 60 44 62 87 23 91 59 57 16 4 86 13 98 76 27 85 37 18 10 1 5 97 86 94 33 43 0 73 30 74 3 69 74 77 52 29 75 18 41 99 88 90 88 87 93 77 34 42 26 64 30 9 14 58 44 32 11 67 89 2 18 28 87 91 1 15 53 81 22 55 64 52 13 81 68 44 57 77 72 58 34 66 89 61 21 10 30 23 46 71 13 74 51 24 95 69 6 31 86 99 46 61 17 90 82 77 11 35 59 96 23 89 5 71 73 64 17 47 56 0 14 62 36 40 43 27 13 58 9 93 25 76 92 60 35 12 22 51 62 6 10 13 78 12 90 68 62 19 96 1 93 48 95 46 52 93 8 86 85 92 54 71 27 5 14 74 55 48 61 26 26 25 89 49 35 29 67 10 95 30 85 98 49 85 5 89 13 88 39 41 2 25 56 6 91 46 28 0 93 64 4 69 95 77 48 0 42 61 53 18 99 96 0 42 76 84 30 98 16 18 31 93 39 16 27 55 55 77 98 74 5 40 38 52 22 24 86 38 83 25 71 44 79 65 65 84 62 90 48 69 64 87 69 4 95 48 89 26 10 68 45 60 72 75 39 67 20 16 80 65 34 16 61 18 97 70 71 12 42 81 32 65 41 44 92 43 84 84 54 89 20 89 68 25 33 98 9 49 4 6 5 0 88 9 74 63 28 28 82 98 53 9 43 14 60 94 48 1 90 58 44 52 40 92 77 86 31 21 59 20 39 46 63 2 59 17 77 63 8 64 7 13 22 47 83 59 62 6 37 62 10 49 1 66 61 73 38 9 22 12 74 44 14 17 32 96 71 26 98 42 99 88 35 29 39 32 52 5 42 69 49 13 23 59 48 8 37 57 1 77 27 12 86 6 30 35 87 1 82 44 20 71 39 57 15 58 75 71 42 43 88 24 61 60 19 27 39 83 67 34 81 89 9 45 51 17 38 31 24 36 31 82 29 16 65 68 50 47 14 36 31 48 94 4 78 60 6 87 12 6 21 71 74 35 87 72 67 27 14 76 51 62 57 52 85 34 32 43 48 66 27 6 93 75 19 39 49 5 75 38 64 60 38 90 65 51 73 18 
60 69 10 11 31 58 16 45 62 35 32 67 63 63 59 32 37 13 93 4 52 71 66 97 51 82 7 9 88 68 88 3 37 31 29 28 1 87 59 74 24 94 89 72 23 5 34 35 37 17 67 23 95 84 78 18 35 69 70 15 40 53 76 64 41 69 8 88 52 58 74 5 87 95 4 94 56 60 18 42 11 44 16 94 72 38 12 71 98 41 99 64 73 65 37 98 48 76 27 13 62 55 20 43 76 3 24 3 70 39 37 20 52 75 85 25 97 93 94 29 31 37 83 94 55 41 11 20 45 54 97 34 15 8 70 40 59 75 82 4 95 8 24 62 85 60 35 47 69 62 15 3 24 47 66 72 90 83 80 36 36 4 62 95 11 85 43 24 15 43 50 81 63 80 97 18 56 20 16 18 3 89 24 21 75 75 79 9 69 33 78 99 98 80 36 78 58 97 70 10 91 72 11 11 22 85 42 81 89 79 83 99 92 24 76 46 74 66 57 69 77 6 49 63 32 28 83 26 76 31 5 35 24 67 67 56 34 82 7 99 36 21 95 21 15 21 22 32 94 75 62 68 85 42 33 51 76 96 84 87 38 97 36 40 73 48 68 48 39 10 69 61 47 12 87 58 5 71 70 83 6 15 38 54 16 3 58 52 10 3 36 55 99 69 39 7 25 24 76 62 71 45 76 40 55 37 40 45 80 83 47 1 5 11 90 99 68 77 15 10 59 33 58 67 22 17 39 42 59 85 27 71 74 13 29 50 29 19 42 36 0 74 50 62 54 19 5 23 94 89 77 28 43 77 12 44 14 42 13 93 1 57 65 85 39 60 27 8 49 51 34 51 95 37 61 89 80 94 17 85 25 27 4 58 4 92 45 71 63 75 87 74 87 36 4 47 43 52 63 57 86 18 34 66 32 97 13 17 80 17 35 13 27 4 13 20 4 29 5 57 70 2 21 63 47 37 84 41 77 26 7 27 17 32 67 1 82 88 60 49 20 12 16 74 23 72 35 16 76 27 82 68 42 13 29 38 97 54 0 59 96 55 35 49 76 0 19 80 43 30 34 27 72 68 5 97 94 78 41 90 83 85 34 45 47 30 87 74 19 10 90 55 24 79 73 41 1 19 46 91 
62 0 31 65 36 29 57 87 78 55 19 67 79 29 86 2 60 6 32 72 20 80 24 76 13 18 53 72 10 16 84 81 93 57 75 86 17 71 22 12 12 28 28 92 70 49 17 40 91 48 5 86 74 2 13 45 41 16 64 50 57 30 73 69 74 20 5 63 49 66 87 98 95 69 65 57 86 10 0 29 87 37 81 38 80 41 42 26 60 63 88 32 47 7 18 71 91 88 88 4 5 62 60 89 81 71 17 76 65 15 35 83 94 8 28 35 0 68 25 98 69 7 95 86 72 83 67 75 64 6 5 38 32 78 67 36 23 75 72 14 78 10 35 81 67 77 13 82 5 39 11 27 50 95 72 51 50 8 54 28 74 15 57 69 39 88 75 10 88 13 71 70 43 11 80 0 22 59 20 17 59 56 12 42 6 45 86 35 8 91 19 27 56 33 2 50 89 86 47 78 51 2 77 17 78 39 91 99 52 24 80 27 41 76 59 7 63 58 48 72 10 33 79 86 96 68 74 73 97 7 45 86 68 72 36 13 96 66 31 18 7 32 88 43 23 0 51 52 84 3 60 35 54 62 6 12 93 66 17 37 44 1 58 50 82 84 68 25 23 51 45 62 79 54 29 55 2 16 89 43 55 78 33 36 74 53 76 68 97 99 91 31 61 70 67 43 25 4 2 61 68 42 58 33 54 1 77 72 24 93 15 76 40 40 51 43 24 33 64 36 17 7 51 8 51 97 97 52 26 97 83 27 22 43 39 37 3 51 83 24 48 78 5 73 61 61 27 78 90 24 18 73 48 96 14 38 34 94 74 18 93 52 10 20 7 6 34 63 85 89 31 39 71 22 51 21 40 45 56 88 1 89 50 2 39 78 29 46 60 1 97 79 66 17 29 6 87 17 24 26 77 14 81 67 66 14 29 17 88 53 19 41 45 69 96 44 39 58 94 63 0 56 35 60 33 42 65 73 77 85 79 16 31 27 30 75 28 78 92 22 18 9 71 67 76 95 79 9 41 10 34 80 95 60 69 11 55 18 82 30 10 99 43 52 80 49 54 73 87 91 20 58 73 91 78 67 29 52 15 64 4 51 80 24 82 99 24 90 33 10 89 17 1 61 61 50 25 68 12 17 
76 52 80 91 14 72 1 93 66 66 96 82 54 15 67 37 27 75 7 99 53 19 83 30 98 90 7 61 79 77 5 23 95 26 58 18 39 71 23 35 50 19 79 90 6 2 66 37 84 66 15 30 95 66 37 26 4 84 3 44 31 31 91 40 13 63 28 52 82 24 76 33 20 28 20 49 45 44 50 48 37 45 18 32 26 94 50 42 94 91 17 45 53 22 11 98 74 41 10 87 65 42 74 34 37 75 87 9 76 98 27 92 38 90 45 24 5 37 11 4 32 35 18 32 44 6 22 88 77 10 14 7 89 80 39 71 50 27 24 20 40 62 60 77 69 87 54 28 10 61 61 65 87 48 55 95 49 75 2 36 16 1 75 14 29 68 95 31 28 8 85 46 69 85 92 44 45 55 36 93 57 55 83 53 27 41 68 93 87 56 29 61 65 79 51 36 98 85 51 74 80 64 97 46 32 42 19 88 16 40 23 40 40 95 12 31 61 59 88 43 93 91 45 86 24 72 45 44 20 72 45 55 18 72 39 66 48 91 51 13 34 52 37 1 31 29 56 11 60 60 68 95 14 69 44 74 23 20 70 32 89 24 83 39 91 95 14 7 53 77 31 53 42 60 11 66 69 96 6 85 59 94 78 89 84 70 17 71 20 49 1 47 76 16 85 70 56 7 87 47 54 7 6 73 46 36 20 42 23 15 58 78 90 99 3 91 18 15 23 87 65 73 64 46 51 91 22 32 45 39 46 74 3 76 36 47 9 70 29 36 11 45 93 16 44 63 67 14 25 97 3 82 31 61 47 39 3 10 14 41 7 88 95 23 25 38 86 83 11 39 8 71 95 81 30 23 61 55 73 21 55 1 4 33 42 59 19 4 50 4 40 50 21 14 74 72 73 73 65 95 16 83 94 63 69 32 78 7 15 39 65 26 7 22 62 67 80 46 14 58 40 8 67 32 46 45 27 40 84 6 80 35 54 65 17 95 7 86 58 67 3 24 56 13 43 3 76 50 91 30 81 3 21 26 15 41 21 17 59 78 76 26 24 73 52 74 31 68 74 46 75 4 85 59 33 63 98 86 5 78 53 98 0 98 22 15 53 23 36 20 98 79 67 81 45 30 3 92 78 64 
56 13 96 10 70 39 65 78 49 39 50 64 44 22 53 6 83 59 86 52 56 86 41 30 87 47 53 55 36 9 20 37 79 13 94 23 28 65 53 38 35 60 39 93 92 71 19 83 31 11 36 18 78 76 33 49 38 68 21 2 91 0 70 94 79 58 39 4 91 99 15 68 67 50 87 54 85 14 96 52 17 28 17 59 29 42 23 20 63 16 14 61 25 33 35 53 65 73 39 33 95 96 64 74 80 46 17 90 51 21 66 7 74 0 85 35 94 18 1 68 61 30 33 11 82 89 35 9 33 66 43 0 87 52 63 85 46 72 49 81 24 65 28 30 43 28 19 16 69 93 53 43 39 41 2 97 14 93 23 49 49 40 14 18 54 66 78 16 31 35 76 61 6 49 1 56 82 75 4 26 4 75 8 90 79 1 84 36 94 96 9 37 79 85 97 48 60 19 57 5 34 67 99 41 57 5 8 33 7 52 70 64 45 9 1 25 60 52 35 39 93 42 67 79 86 7 92 94 90 46 75 22 59 3 85 96 85 10 24 70 99 23 65 24 22 84 52 24 92 66 39 92 99 44 22 96 40 50 92 24 87 43 67 36 27 47 16 82 32 68 33 94 73 35 80 95 85 24 25 51 72 53 79 97 95 52 71 48 89 22 10 26 41 92 7 85 99 17 7 89 81 6 81 2 37 80 60 27 14 65 73 9 14 29 38 57 84 22 3 44 11 98 89 40 5 69 21 64 45 61 9 5 52 60 88 61 4 78 64 57 81 90 2 50 36 99 7 34 51 45 34 7 72 44 92 20 69 8 74 98 26 26 92 68 74 45 3 91 21 5 55 21 89 56 88 40 89 28 14 57 81 70 98 32 5 32 14 87 91 79 76 15 17 44 47 20 25 72 10 25 26 75 77 74 48 40 63 36 13 51 12 48 30 39 2 91 29 79 0 46 60 52 17 89 63 4 53 29 83 52 49 75 12 9 62 28 71 53 21 19 13 69 52 75 45 21 1 34 1 63 70 92 89 0 92 70 82 77 14 15 63 78 59 42 47 20 98 71 35 21 59 37 26 15 55 86 31 82 53 0 1 1 61 6 7 80 99 13 93 98 1 52 88 22 15 62 7 87 16 68 
98 26 20 90 53 88 45 16 38 22 85 85 77 80 52 31 57 70 56 84 78 77 84 57 52 24 47 90 83 38 4 95 64 5 19 39 88 79 27 88 27 99 66 47 75 51 85 78 67 33 53 50 55 33 3 36 87 81 20 85 97 37 38 11 21 32 32 11 36 48 3 48 18 35 97 86 65 84 97 83 19 2 17 18 2 98 20 83 3 91 26 11 85 17 53 57 15 52 8 64 52 17 40 65 17 1 55 49 30 59 13 29 79 1 72 32 85 21 32 99 95 44 87 89 50 19 2 69 6 98 43 70 95 99 81 64 24 60 81 49 25 62 0 3 12 36 15 54 22 92 31 93 9 31 71 31 70 23 61 85 7 37 45 55 26 58 25 31 37 30 12 70 71 96 44 66 26 57 59 25 33 76 16 99 12 82 63 14 1 47 8 82 35 38 28 42 96 2 76 39 98 27 46 0 60 39 92 16 68 61 62 10 81 55 73 75 49 11 18 64 77 22 50 93 10 76 66 67 76 38 78 89 83 8 94 7 39 8 19 49 49 37 76 70 73 7 39 11 42 83 96 66 41 59 78 31 7 84 49 50 54 32 20 24 4 71 53 48 87 61 26 36 42 6 20 70 97 17 12 53 61 49 27 71 47 86 10 77 6 79 71 27 29 46 94 98 20 60 69 3 56 50 73 51 37 11 15 26 78 99 62 87 75 90 98 71 18 90 6 93 92 33 86 12 86 6 60 98 81 58 78 12 89 91 98 60 82 14 0 80 56 22 44 30 11 37 75 1 3 34 77 40 99 6 86 97 18 76 84 85 28 36 38 14 31 71 43 74 5 65 65 45 51 35 24 21 29 32 11 10 69 19 90 75 86 24 12 17 6 79 36 48 1 65 96 7 26 20 95 88 89 96 87 87 92 81 3 69 23 85 6 27 61 80 43 42 85 79 77 80 27 85 60 79 20 15 33 88 87 45 27 32 93 50 31 1 10 39 14 91 30 30 36 64 77 89 31 49 81 74 81 81 2 5 83 60 68 47 6 87 72 16 37 74 46 8 57 46 27 91 72 30 50 16 13 46 22 63 10 71 52 6 86 50 96 50 60 48 39 49 32 59 61 15 26 22 9 11 21 30 
19 63 44 52 10 43 86 12 55 6 44 54 36 62 7 81 78 41 66 34 19 73 10 70 86 22 88 60 38 63 86 72 63 55 55 1 0 69 12 78 89 31 9 50 30 39 42 29 13 58 44 14 95 64 2 39 20 61 77 84 51 34 38 48 47 45 3 56 68 3 70 13 58 23 27 26 10 32 64 91 61 97 17 25 33 44 10 46 98 37 62 90 21 30 79 77 57 80 17 35 54 79 91 88 55 37 47 56 47 22 84 26 85 54 69 45 75 74 59 64 12 34 94 57 16 63 4 86 37 83 39 88 5 27 53 14 33 1 88 65 82 84 79 13 56 16 14 65 92 40 5 77 48 39 81 6 54 58 66 37 66 45 41 69 30 67 65 9 86 38 45 33 31 70 62 34 21 90 83 18 83 57 83 41 35 88 48 95 83 85 88 96 22 49 64 70 25 31 19 5 34 76 49 27 6 12 20 7 45 46 58 81 31 12 7 5 7 84 44 24 29 56 96 15 60 99 18 77 17 1 75 7 57 38 55 78 34 6 27 49 45 53 41 53 89 50 24 83 89 80 90 15 80 40 33 70 61 16 68 22 79 10 43 38 99 96 38 20 57 78 70 94 51 69 27 45 64 40 47 60 35 14 24 17 7 41 27 81 17 38 13 42 25 2 33 9 99 33 10 93 79 60 92 90 80 81 88 34 92 59 5 88 85 58 0 78 71 76 42 72 58 88 24 59 45 82 6 39 86 34 25 32 74 83 74 6 35 62 25 76 36 65 31 0 39 14 77 78 1 33 3 2 6 23 85 37 65 75 43 17 88 93 26 50 87 86 9 16 94 77 58 61 64 15 47 9 79 42 8 75 91 20 98 52 52 49 66 71 11 83 85 55 58 48 3 90 51 20 67 19 93 31 71 74 85 27 90 78 51 44 44 89 21 5 86 36 49 5 32 54 32 36 88 21 49 21 62 54 85 3 28 89 43 28 17 16 98 50 70 40 38 83 33 59 73 27 90 72 0 51 36 53 76 30 43 46 18 1 4 33 57 34 8 12 99 48 29 29 58 37 23 29 44 19 38 10 29 51 92 10 7 54 40 98 80 3 61 18 46 20 79 40 51 43 31 74 20 5 41 3 
69 72 0 89 31 12 33 77 10 82 10 94 15 22 31 37 68 73 18 60 13 32 99 45 21 30 70 6 52 23 85 3 18 74 66 10 83 21 80 63 64 13 83 50 29 36 5 79 12 96 51 0 1 71 45 80 4 72 74 31 90 30 39 95 73 51 18 59 41 18 14 2 57 44 84 94 63 1 38 52 99 40 47 52 44 40 24 37 96 85 4 12 22 65 4 96 6 12 23 25 81 27 39 77 20 70 52 30 50 87 32 3 32 42 15 61 98 76 82 22 81 39 54 25 58 3 1 1 92 15 79 67 42 21 96 35 48 18 87 93 58 11 56 59 45 15 81 73 66 28 85 32 53 41 91 26 41 80 46 89 22 98 67 27 16 78 52 94 57 48 8 52 75 30 64 20 8 54 74 1 49 30 29 46 10 40 92 59 45 10 89 12 63 56 85 28 81 74 14 54 4 99 67 76 50 94 7 52 28 31 57 97 54 88 69 93 10 34 1 29 10 86 50 13 90 49 6 97 30 99 47 22 99 75 31 72 37 44 90 21 89 43 41 89 9 17 41 69 16 92 16 51 19 98 75 64 75 36 40 56 28 15 23 54 21 79 12 8 27 85 36 48 63 89 30 24 7 76 59 42 38 43 55 64 91 70 19 90 15 11 64 44 57 79 61 96 10 12 42 26 13 72 99 66 82 18 46 93 72 65 35 40 62 8 57 61 92 29 1 85 37 63 63 2 15 23 28 15 9 31 14 77 24 26 88 36 51 91 84 70 93 49 71 52 51 87 28 66 83 5 99 69 25 81 10 50 84 17 46 78 43 75 37 2 54 21 26 38 21 21 3 80 67 14 80 33 84 56 95 61 32 59 63 77 13 69 26 76 15 1 40 77 1 90 80 82 51 1 27 55 45 54 98 97 0 86 47 6 27 17 3 88 70 81 43 32 48 14 20 15 47 44 54 17 80 14 68 51 24 88 31 61 74 73 11 43 52 38 50 56 42 43 24 76 36 60 42 70 60 13 13 31 25 36 11 3 83 34 61 59 86 88 76 57 22 68 5 62 98 13 5 49 37 9 18 43 33 81 3 34 90 80 70 21 26 15 39 30 74 13 2 90 72 24 99 90 50 19 33 48 
9 76 87 41 48 37 5 2 99 3 28 5 98 34 36 48 72 85 74 63 76 57 41 96 73 37 94 88 89 77 90 82 72 30 92 58 75 52 20 62 71 48 82 78 61 61 13 76 61 31 41 67 4 52 17 66 76 9 4 44 21 88 88 67 76 92 86 97 55 51 98 35 81 60 77 27 39 67 73 85 77 33 98 32 68 47 31 38 1 52 15 48 56 65 9 11 79 14 30 67 18 91 52 72 66 52 79 44 73 45 93 55 89 39 73 33 37 65 17 70 4 46 6 55 94 64 2 23 6 93 35 65 34 61 38 40 63 91 77 51 99 76 13 49 76 63 55 15 25 86 13 30 57 81 55 82 61 13 85 30 80 1 82 4 80 67 99 99 99 3 31 29 83 56 28 57 66 57 50 14 69 89 68 9 28 37 64 27 19 90 85 7 64 39 72 13 29 63 95 97 84 10 75 89 55 75 35 31 35 93 15 32 17 5 11 18 31 82 94 60 81 24 84 7 2 29 96 2 72 34 63 49 42 29 35 63 67 94 92 74 27 26 52 89 29 38 77 47 14 91 83 49 91 31 31 76 84 81 53 58 64 39 63 17 5 39 25 13 55 67 25 71 65 94 47 78 76 59 9 44 66 83 41 24 1 74 84 25 26 90 92 62 55 72 22 5 4 91 87 54 87 97 33 33 32 93 71 69 34 17 28 78 85 10 47 21 50 53 25 64 43 63 96 57 21 59 37 51 63 37 34 75 50 55 2 34 30 85 0 47 8 41 30 20 81 76 78 12 42 31 38 88 9 47 87 97 83 63 0 42 12 18 48 18 40 58 45 49 15 7 14 68 11 64 37 5 67 87 54 62 49 13 44 93 32 34 33 99 75 81 29 12 33 27 66 42 70 68 37 61 89 90 6 49 11 34 8 22 82 33 58 32 33 92 19 29 87 54 58 55 27 24 80 3 39 96 48 91 6 15 77 14 77 32 45 23 15 54 27 60 44 8 93 61 24 16 41 75 56 94 17 90 46 68 35 11 58 34 26 59 88 72 0 91 40 33 5 23 13 73 14 62 31 77 20 98 6 85 21 87 39 96 55 12 60 11 29 81 76 81 50 88 20 51 64 76 0 71 34 58 
4 99 33 35 6 2 48 41 85 35 20 21 36 56 98 67 88 73 57 34 26 16 81 56 84 32 67 21 1 65 58 79 27 93 20 68 96 94 33 30 40 96 0 98 62 20 46 83 21 77 20 65 89 45 23 13 15 40 19 2 52 88 95 62 92 55 3 1 29 0 33 20 17 7 31 0 19 32 60 64 89 93 29 96 55 27 95 3 89 8 9 65 98 73 19 12 73 33 5 30 56 4 36 93 9 40 16 54 14 53 6 95 6 21 70 28 14 6 17 81 21 26 84 60 72 4 96 73 4 59 35 32 21 2 95 35 11 55 4 53 91 42 0 7 27 2 53 75 30 35 63 31 49 54 79 27 36 50 49 81 68 49 68 15 14 86 39 12 44 1 78 8 62 24 52 91 26 54 34 86 35 69 25 5 12 52 28 18 78 93 46 30 29 85 49 49 88 1 65 69 26 27 96 41 45 83 65 18 97 51 1 1 2 40 78 14 32 33 18 31 28 3 61 8 34 83 30 61 78 17 57 83 61 78 64 13 22 10 78 13 38 0 43 66 37 89 35 5 34 56 93 69 2 32 50 75 18 66 12 97 0 12 15 54 33 32 93 47 10 2 95 31 76 44 1 10 27 71 98 68 38 3 49 69 21 26 19 87 7 49 39 75 91 87 10 61 7 33 40 84 53 94 89 78 6 54 88 13 4 69 65 22 51 81 95 45 12 4 23 56 65 7 63 85 69 34 18 30 87 22 30 14 44 99 88 14 19 78 86 43 70 67 56 11 64 86 47 44 62 59 47 18 30 22 98 84 73 83 96 34 42 43 27 53 24 85 37 24 83 40 17 68 45 69 10 91 99 99 49 87 87 99 78 55 24 5 73 69 49 65 20 85 24 92 47 6 8 37 31 80 34 44 22 14 4 19 90 58 72 23 89 17 14 87 99 51 44 45 26 32 28 1 96 53 75 9 81 17 4 27 1 59 79 70 29 41 94 0 55 60 97 60 25 24 18 66 83 57 61 75 60 9 84 56 32 98 51 20 51 68 39 59 20 56 91 68 4 92 66 38 37 32 71 57 75 99 66 51 14 20 92 1 41 40 27 55 51 57 61 40 50 38 46 75 39 3 47 6 3 43 
90 92 56 10 16 57 97 64 59 16 33 71 16 5 53 12 94 75 40 50 41 69 45 82 52 87 55 73 35 68 9 76 79 17 66 66 78 5 85 40 38 39 0 94 43 93 7 59 84 52 73 97 94 73 98 78 30 62 95 10 35 60 6 46 66 52 36 25 9 35 99 9 37 77 56 75 73 15 77 30 93 7 60 23 20 72 15 36 14 45 92 22 83 57 21 83 8 98 59 22 51 2 94 1 85 4 29 13 35 3 65 75 59 95 74 4 56 41 1 33 37 62 29 82 45 36 50 11 84 42 20 48 34 49 58 88 44 57 91 6 16 41 26 97 18 88 30 11 38 68 0 15 52 2 37 7 56 3 57 66 45 35 11 39 90 76 48 26 63 55 64 20 10 70 65 84 82 62 86 0 18 79 95 46 50 7 94 36 66 70 4 39 18 56 13 80 90 19 15 81 24 80 87 47 46 51 14 40 42 6 71 98 9 11 76 17 33 75 98 92 39 51 50 91 29 49 26 69 61 61 20 86 28 78 62 22 67 6 90 36 32 90 85 36 49 54 31 23 25 43 45 42 44 87 10 70 90 60 15 31 15 8 70 15 52 93 67 62 80 43 82 33 32 97 41 12 49 53 28 87 5 14 54 20 28 78 16 19 67 63 74 40 58 69 42 24 89 36 19 85 74 25 68 47 55 48 66 21 9 25 2 19 73 38 20 21 49 69 13 40 90 13 51 99 86 38 28 10 66 35 23 96 30 83 34 2 64 31 56 20 92 28 65 1 39 91 59 46 81 31 73 50 6 58 8 10 53 20 13 74 42 75 11 3 17 12 21 29 76 85 73 11 53 79 88 86 94 51 95 79 11 40 8 59 50 93 8 2 22 32 24 12 83 93 0 95 96 50 63 0 20 14 57 71 67 87 28 37 1 5 99 9 1 79 9 74 62 59 25 61 6 30 86 42 17 51 35 75 78 98 2 74 1 38 51 97 63 47 5 31 86 71 15 47 72 31 64 17 1 46 37 91 74 64 93 74 70 89 95 6 81 24 25 54 1 24 9 4 46 95 88 18 55 41 88 30 54 58 52 7 3 80 94 78 42 33 30 95 25 43 96 98 48 69 18 39 59 85 22 16 
40 0 64 90 62 7 57 27 73 2 30 30 84 48 37 19 17 94 3 75 35 92 85 78 49 38 37 66 46 38 94 68 58 98 16 54 54 7 81 76 26 96 57 85 5 88 52 89 27 2 73 96 19 72 59 51 5 30 28 56 8 80 3 58 94 21 69 98 54 14 18 45 33 76 19 71 29 14 13 34 78 76 93 23 1 29 20 35 90 1 22 63 21 86 40 49 62 10 6 91 70 48 6 64 38 81 10 94 9 67 98 83 24 2 45 17 83 7 56 11 90 87 86 51 68 38 67 71 84 65 22 60 44 18 85 85 52 29 18 65 23 21 64 44 81 56 65 1 93 81 71 8 92 48 19 40 56 46 90 8 84 49 87 69 39 91 51 58 15 45 55 82 47 68 53 83 81 74 65 76 21 28 21 13 55 5 6 5 31 6 34 18 59 85 37 62 75 36 38 94 95 77 0 45 58 3 75 58 34 41 0 68 11 95 58 30 5 28 44 21 57 2 49 57 77 16 53 70 13 4 18 17 84 70 58 27 40 88 30 45 17 82 52 31 82 92 16 39 51 49 31 35 58 97 44 88 41 31 79 22 13 14 12 33 29 59 2 73 84 13 36 45 97 45 17 38 97 42 18 57 23 2 46 54 55 77 75 33 54 55 44 36 49 71 97 2 83 46 56 8 84 78 59 97 42 96 62 32 20 78 37 25 65 2 43 67 76 4 46 34 81 83 83 38 79 91 77 60 83 18 90 86 66 4 44 61 12 26 83 40 78 89 30 86 71 95 36 31 41 28 64 17 17 50 18 56 59 90 38 30 70 34 9 56 71 28 57 84 44 36 86 6 25 17 11 5 78 94 35 99 63 98 4 16 11 42 11 86 62 60 24 4 36 31 42 61 1 9 41 29 89 25 37 36 17 93 98 54 74 84 47 12 68 2 57 0 70 65 16 59 96 63 51 11 92 64 30 39 25 11 37 68 89 14 48 7 60 46 96 56 43 23 39 0 24 8 24 61 4 56 67 83 11 45 93 75 71 7 71 89 34 4 58 28 61 10 6 83 49 14 79 58 31 78 25 9 33 48 83 14 72 80 34 53 21 70 77 24 70 75 48 6 34 83 84 2 14 90 64 25 
96 62 0 22 19 73 27 36 2 95 18 70 28 49 11 44 41 62 23 27 49 79 42 61 6 80 57 78 21 2 54 26 54 60 94 22 17 97 41 76 4 1 58 44 85 13 5 72 78 36 39 52 98 70 65 89 48 23 23 65 43 40 26 9 27 92 13 60 44 63 13 24 15 53 70 56 56 7 51 78 19 39 59 41 39 35 46 1 79 2 4 15 51 79 21 93 58 81 73 11 87 9 27 61 27 36 36 80 81 22 28 99 55 74 2 21 60 99 41 85 14 81 93 9 1 52 48 3 13 48 32 91 94 1 98 12 75 61 44 94 90 84 29 90 73 69 83 39 77 19 50 14 22 41 2 56 59 34 89 97 6 78 8 55 22 77 80 35 21 63 40 74 90 46 34 64 6 87 40 32 29 78 4 89 23 95 20 74 62 28 90 66 38 68 66 60 50 14 31 53 39 79 48 3 47 89 90 83 83 27 38 41 82 49 46 11 54 61 38 43 53 26 98 94 71 60 25 44 1 25 73 6 17 86 44 99 89 48 81 1 46 72 15 2 2 27 23 64 9 42 18 56 56 89 96 32 38 70 62 31 78 72 16 50 8 53 95 85 46 37 89 51 10 21 32 98 6 66 95 35 66 75 65 28 1 27 82 73 75 78 76 4 83 92 37 59 45 84 14 90 7 17 12 66 72 96 66 39 98 86 32 31 63 4 17 64 47 92 59 45 41 31 97 95 77 89 1 95 61 2 3 66 70 48 78 8 86 40 64 37 61 68 77 10 31 12 4 96 60 39 42 75 85 71 4 7 65 91 0 32 48 12 9 90 78 97 63 88 36 41 40 50 53 98 17 81 31 58 47 80 34 84 50 71 52 52 70 80 91 63 28 91 88 34 63 90 13 19 13 22 23 42 58 25 59 58 39 84 13 1 29 31 40 69 16 72 2 28 36 89 8 57 18 99 25 99 37 70 33 66 75 73 83 73 12 60 75 26 39 13 53 58 69 1 56 56 11 72 42 28 94 50 56 24 86 64 10 3 26 19 58 33 71 23 67 0 2 35 5 43 79 9 54 37 10 2 37 84 48 89 16 85 24 91 77 43 50 58 50 16 11 14 57 6 96 62 22 76 34 55 
95 37 42 64 42 10 58 34 24 67 74 66 9 88 21 72 56 35 91 31 23 30 90 91 58 17 88 27 73 59 45 57 18 0 74 85 26 66 57 88 87 94 40 11 23 27 9 78 37 0 97 76 66 35 78 84 52 46 83 29 37 9 58 4 77 16 50 14 79 48 23 18 77 77 26 59 42 60 36 58 18 35 14 49 19 58 6 18 9 9 45 25 6 65 74 79 85 20 30 1 46 17 80 67 76 59 80 67 9 70 17 40 55 43 26 14 52 87 10 44 89 34 36 97 6 90 92 43 60 50 15 99 54 24 12 39 6 28 54 60 46 37 85 10 3 92 20 52 21 63 82 60 35 72 24 55 73 31 24 72 6 43 79 54 17 84 83 4 87 93 54 79 21 81 17 27 23 75 31 88 20 30 43 27 17 46 55 43 56 46 56 35 44 71 96 93 26 51 45 11 16 85 87 54 1 19 43 24 45 97 43 46 35 66 26 63 95 91 44 66 63 97 44 71 27 41 91 26 20 71 49 2 88 5 86 71 60 89 45 42 35 91 3 85 4 23 70 12 69 36 69 40 47 43 13 29 40 19 0 28 86 60 1 94 93 36 10 68 70 82 31 24 68 11 2 75 61 13 53 22 83 0 62 18 97 4 0 3 62 85 87 52 18 58 49 59 53 81 38 4 62 88 75 98 50 92 77 47 32 52 84 53 50 9 18 33 48 0 82 50 70 77 47 84 86 51 50 16 56 67 56 46 86 31 73 54 77 41 78 56 83 7 55 55 6 31 58 48 48 33 33 91 80 12 27 77 52 41 26 31 96 4 53 55 94 55 24 88 76 60 7 31 57 65 96 70 96 25 17 46 90 44 80 93 3 30 27 1 5 74 72 9 28 31 30 68 32 42 59 82 99 67 82 28 19 95 41 24 93 2 31 76 50 90 39 78 92 7 22 95 85 46 11 72 49 73 52 1 72 60 77 10 96 50 54 11 18 23 31 85 9 70 82 50 87 84 88 78 1 49 36 30 54 31 76 17 85 0 68 14 46 16 41 0 85 46 82 79 18 50 63 84 77 71 69 52 53 27 88 85 99 97 34 68 49 85 52 83 18 98 51 65 13 24 33 24 9 2 47 39 
28 53 13 75 36 92 82 22 8 68 26 35 43 2 91 91 14 46 48 55 91 40 22 90 10 79 32 82 51 74 13 48 20 24 51 85 36 71 94 19 63 2 91 80 89 4 36 70 18 8 44 34 1 72 16 98 57 25 82 45 68 50 49 40 3 11 61 33 85 72 52 12 93 24 61 4 48 7 24 73 28 84 43 28 27 39 83 65 23 86 97 96 53 37 58 64 67 59 28 5 43 91 10 69 51 8 69 69 14 1 5 88 6 30 89 55 58 20 33 42 26 22 76 81 28 21 4 81 24 8 37 91 57 17 3 7 72 18 37 25 28 9 92 41 24 54 39 59 12 67 19 64 72 66 99 87 22 96 80 64 40 12 41 54 11 2 47 19 67 61 87 79 16 0 27 86 33 49 20 13 36 86 74 20 37 51 65 89 94 53 23 68 19 41 13 60 60 94 57 36 66 31 75 36 14 96 17 98 76 86 67 21 29 15 51 85 83 2 37 87 63 44 45 88 39 83 31 32 67 77 84 14 47 89 92 77 83 86 97 13 9 67 70 42 22 73 47 4 21 91 88 41 4 68 37 42 40 81 1 2 13 39 52 30 98 77 99 82 38 43 67 28 94 21 27 72 74 41 62 0 39 0 9 3 72 7 38 8 15 53 52 95 8 6 88 57 78 74 41 79 19 3 9 6 70 25 35 78 23 74 87 59 86 57 54 25 30 28 34 98 65 97 65 59 19 21 25 48 95 37 36 8 5 83 43 65 20 89 74 45 0 71 76 95 68 80 31 9 86 40 86 0 1 5 80 28 11 70 36 94 56 34 88 27 96 61 40 74 10 50 22 15 99 40 16 43 35 72 29 45 5 78 8 2 85 19 55 32 5 17 83 28 39 30 92 3 13 71 90 5 56 74 83 58 11 89 58 26 18 18 87 65 88 80 33 38 52 51 54 69 66 64 40 74 62 39 55 12 56 59 68 20 81 21 77 63 27 12 78 99 8 30 19 26 17 98 58 44 93 59 60 66 81 1 41 46 2 27 73 77 82 85 27 88 60 19 6 48 18 93 31 94 75 91 7 56 26 90 84 91 66 18 94 12 34 12 91 0 29 76 27 41 93 3 53 4 4 50 23 37 
75 99 13 86 62 5 53 72 73 62 30 88 96 83 70 26 35 33 66 60 41 79 75 76 57 32 11 74 67 76 23 52 21 86 52 75 92 86 22 36 17 64 13 8 94 49 19 94 22 60 36 58 72 62 26 95 21 19 11 32 58 2 55 85 49 98 90 18 39 65 98 83 97 77 78 59 61 4 73 19 37 89 21 25 34 74 37 58 5 71 91 41 98 44 16 26 31 80 28 72 61 81 45 76 24 82 96 96 70 58 10 79 44 86 38 82 20 69 81 52 79 27 22 0 43 59 49 53 90 13 47 79 23 15 39 29 98 65 70 55 91 12 7 29 61 49 7 99 40 41 11 44 17 39 19 44 0 76 15 1 34 73 11 68 8 50 17 10 40 63 55 57 19 36 82 13 67 16 11 26 87 14 26 91 77 6 67 61 63 89 42 86 48 61 81 10 32 67 52 29 49 18 73 75 53 2 85 63 34 17 10 48 41 18 67 33 71 17 17 15 60 97 71 23 61 25 41 45 67 96 86 36 40 17 21 79 49 37 29 2 78 75 45 44 86 74 54 48 1 77 73 73 92 7 20 29 97 7 93 76 85 74 45 35 2 81 95 90 45 39 45 3 73 84 72 45 52 62 19 29 36 21 38 98 23 89 48 25 54 85 44 15 70 39 10 64 5 73 18 96 73 91 7 29 13 80 91 39 49 3 42 54 29 12 54 4 71 78 63 26 69 13 21 82 23 76 62 82 30 49 46 24 54 0 93 16 20 92 25 30 40 97 27 89 82 1 1 27 23 63 20 61 4 52 50 9 18 97 96 10 52 82 69 2 69 87 97 42 8 61 78 41 31 64 26 67 3 62 98 39 31 89 77 45 5 44 88 95 64 39 92 33 71 87 84 47 44 10 99 77 63 59 14 50 24 47 49 11 77 12 89 19 20 50 18 30 18 99 84 94 97 17 32 53 79 20 6 60 93 44 14 84 76 80 68 57 79 32 29 53 19 45 59 77 23 1 90 70 90 59 13 92 91 91 96 63 53 48 58 98 85 1 21 57 63 41 74 57 76 41 66 16 63 97 66 12 67 34 39 10 52 24 38 64 3 99 3 25 18 18 5 68 73 17 51 10 30 42 40 80 
2 92 60 26 80 42 76 96 66 50 46 15 68 29 81 22 97 75 50 9 84 49 93 59 31 44 63 55 88 92 64 29 97 89 61 11 85 80 94 20 25 52 19 80 38 76 81 2 69 72 18 48 21 27 36 87 77 17 61 41 49 14 94 76 78 49 32 98 30 24 68 10 39 34 18 7 41 24 53 61 15 11 7 69 68 80 84 58 1 16 70 66 78 32 93 73 96 48 82 39 78 90 49 88 70 77 7 28 56 52 62 18 46 61 91 57 16 96 95 89 56 86 77 50 53 75 28 31 45 98 67 70 18 71 4 83 73 25 94 7 51 93 61 70 36 12 46 55 93 28 8 80 39 63 76 90 28 78 4 60 10 36 61 44 32 51 32 47 49 46 0 39 16 99 82 4 38 6 75 66 84 56 35 21 18 70 71 31 20 64 3 46 58 51 69 59 65 38 16 93 69 72 38 47 49 52 15 77 85 8 52 59 0 74 88 56 93 36 66 4 8 76 81 12 90 1 33 93 76 97 22 15 60 17 53 62 3 90 3 3 28 5 26 28 10 16 26 62 55 39 76 72 37 71 73 24 54 31 62 57 17 46 21 84 44 74 31 68 86 65 2 31 77 35 43 35 72 88 4 13 62 71 40 30 45 58 98 4 99 16 59 86 57 53 3 42 62 13 16 75 51 97 6 77 20 8 51 57 30 28 3 70 17 32 28 60 50 41 93 29 62 98 4 5 37 30 72 73 56 40 74 54 37 22 11 0 86 14 67 89 5 74 72 20 36 8 91 34 13 31 58 41 31 97 33 52 1 32 2 39 12 69 16 21 18 52 96 64 91 5 34 0 70 62 69 23 19 9 95 16 60 80 4 81 68 14 43 3 81 5 77 67 69 95 28 30 10 73 98 99 76 81 37 68 0 71 39 73 73 23 50 88 49 39 51 82 44 0 69 29 39 9 38 63 43 80 59 21 75 8 21 16 69 18 44 21 84 35 93 55 33 76 75 90 6 29 14 66 34 29 70 65 77 70 96 11 76 35 48 1 74 67 86 73 24 84 32 93 83 35 54 92 47 98 81 37 28 53 94 96 70 80 35 6 57 41 6 25 41 6 18 81 98 14 90 7 79 22 11 84 
50 12 59 29 88 16 50 47 33 5 49 25 56 78 21 39 33 93 93 88 33 15 22 44 6 0 51 47 87 55 35 22 82 68 92 62 14 28 7 39 16 71 85 54 10 77 77 88 56 36 98 40 79 60 81 7 27 63 97 62 43 38 11 9 97 13 25 28 73 76 3 31 67 1 94 81 54 88 77 29 25 58 39 52 51 34 57 59 69 97 67 30 22 6 27 74 63 68 95 91 51 98 8 76 26 91 77 48 74 58 54 23 98 42 29 57 36 85 28 87 86 31 18 33 59 15 96 19 70 35 39 98 41 16 36 70 11 43 93 11 14 37 32 46 66 80 76 28 91 11 30 61 95 63 16 18 54 65 8 98 2 69 56 46 60 78 87 12 97 57 60 38 96 65 89 37 17 92 52 0 69 65 60 32 23 83 33 1 3 61 26 89 26 95 49 1 85 0 40 80 99 54 34 17 79 72 65 22 87 80 95 41 49 78 48 20 0 62 71 77 22 11 99 68 33 46 65 8 68 90 97 56 75 71 60 42 21 86 38 34 11 72 41 24 92 0 1 71 13 70 46 9 31 1 25 94 0 46 98 1 98 41 90 56 20 14 3 78 80 28 72 91 68 24 6 85 40 58 25 19 11 5 96 94 23 11 7 30 32 48 7 60 92 28 62 24 97 68 53 68 81 22 84 23 40 93 97 2 2 93 69 39 0 96 0 21 85 79 13 43 14 56 96 4 35 29 4 96 30 45 14 89 92 46 60 99 19 4 13 9 60 12 79 77 68 17 0 15 10 88 61 36 43 79 18 17 53 0 24 58 41 46 39 15 12 37 56 92 55 88 27 76 26 8 59 9 81 15 68 5 98 49 16 26 61 0 65 33 79 62 52 11 50 65 51 18 47 22 6 33 86 94 91 91 9 41 31 65 23 94 85 18 75 11 20 45 74 2 24 49 37 35 64 5 26 38 67 39 17 52 16 1 65 90 77 62 91 52 55 80 66 17 19 76 69 82 95 86 25 27 41 20 51 41 62 85 10 50 37 58 73 20 33 75 33 85 43 26 6 55 48 46 2 65 61 85 60 44 65 49 52 74 92 52 42 26 74 12 97 9 75 20 3 22 71 5 69 94 32 25 
51 58 73 36 55 10 12 46 37 87 19 46 47 47 28 25 18 20 22 6 86 62 24 28 58 73 96 19 55 50 7 42 21 19 29 0 15 40 86 8 51 25 15 25 49 10 2 49 23 32 54 76 99 0 76 42 56 44 85 64 4 9 22 86 34 45 11 62 85 34 94 26 19 52 44 70 92 65 58 5 25 59 66 13 56 72 50 43 56 21 86 85 78 29 85 5 68 6 46 95 30 89 5 73 83 92 98 44 87 21 37 32 53 77 9 29 74 18 19 26 73 24 59 87 9 10 92 42 6 44 88 99 73 94 3 53 42 7 88 56 58 62 48 54 37 19 48 11 1 6 26 99 91 86 24 26 39 17 21 18 23 88 58 11 69 52 1 81 43 96 29 63 31 31 88 47 14 28 49 98 28 24 97 57 25 2 36 42 8 24 81 86 85 47 72 68 68 19 99 71 23 84 95 13 33 5 17 8 81 6 46 41 18 59 4 35 42 2 52 53 23 87 11 37 91 79 25 16 65 82 4 3 60 6 5 86 67 19 0 8 60 89 9 98 27 75 93 71 52 23 12 60 88 6 62 78 91 13 47 54 53 74 49 42 75 33 10 35 41 1 2 63 10 15 39 86 0 97 12 22 32 8 29 30 98 27 20 93 33 65 53 86 82 29 58 81 68 17 12 56 99 36 99 40 52 55 43 64 91 20 81 78 2 79 63 61 64 41 72 26 93 22 5 25 50 44 86 72 19 97 93 21 0 3 18 83 53 84 40 0 92 15 91 98 42 64 11 13 50 70 96 40 65 59 5 80 63 85 46 32 89 99 80 25 65 94 10 97 36 88 13 45 25 60 33 70 57 89 77 96 60 73 19 44 50 34 53 57 63 89 33 7 28 92 45 72 90 1 87 61 42 45 16 24 76 64 66 14 36 71 68 24 34 17 44 93 41 67 53 43 11 15 13 34 38 20 87 96 57 58 8 38 59 86 78 60 10 11 47 0 26 80 5 41 70 95 69 77 13 40 85 3 81 98 73 55 2 27 2 7 44 18 20 94 82 47 69 89 74 32 75 54 6 24 29 78 24 88 46 45 99 10 13 91 82 58 52 25 88 11 99 84 79 31 55 99 1 94 8 77 
49 30 93 72 53 54 77 29 67 83 23 77 53 2 66 3 46 89 24 2 5 32 87 52 66 49 67 76 96 61 83 19 19 2 45 82 27 55 2 35 51 4 53 46 57 37 91 53 80 76 56 7 41 68 73 31 28 33 53 47 63 80 93 73 60 41 57 47 95 82 2 91 34 60 74 1 21 57 56 12 10 15 92 32 86 58 17 25 32 21 38 34 38 61 55 12 12 50 98 16 33 73 24 59 7 34 57 40 62 76 57 19 89 57 32 23 87 58 9 44 82 94 18 20 9 43 13 74 69 46 4 72 2 16 6 52 81 56 71 95 4 32 76 96 4 46 62 12 56 78 7 9 53 46 96 39 33 64 63 70 16 2 81 45 50 68 72 65 44 94 10 96 31 64 48 48 91 57 21 96 59 24 96 21 39 83 96 36 97 81 98 22 75 79 63 96 28 7 64 24 38 50 1 84 68 42 25 22 2 86 37 6 18 48 66 0 69 96 98 46 21 4 37 42 61 24 95 52 86 97 38 91 88 50 62 12 29 63 80 15 12 12 7 98 36 87 69 98 98 89 2 42 87 26 16 13 2 71 27 16 41 20 62 84 44 30 89 43 89 18 10 39 82 66 48 69 72 45 84 85 18 5 53 74 39 94 60 46 83 35 38 67 41 37 67 88 96 79 84 4 40 25 60 97 57 76 31 61 5 23 77 5 22 3 6 86 87 9 22 90 40 14 56 11 82 38 54 47 63 88 56 49 13 68 65 26 91 99 5 23 95 41 8 24 96 95 97 79 31 66 43 45 81 52 47 6 65 53 80 31 25 88 91 46 25 97 62 50 17 19 28 30 58 78 4 0 31 37 30 94 68 90 61 25 59 29 38 42 72 69 70 95 52 22 11 65 82 93 16 61 12 11 48 93 95 38 91 20 56 8 25 21 6 2 88 82 27 74 38 87 87 73 71 85 40 68 96 41 51 9 39 71 39 6 22 83 69 99 97 64 8 59 79 39 91 85 65 18 20 79 3 54 94 0 58 25 54 95 8 26 40 58 10 25 64 95 79 7 38 23 17 0 38 28 30 79 58 73 43 29 84 84 57 74 85 18 40 63 32 88 60 40 93 63 60 93 7 54 86 65 
67 29 93 43 2 44 77 28 44 64 76 40 75 38 43 16 74 5 45 44 10 48 67 35 20 97 50 84 11 32 37 11 26 26 20 39 4 9 33 1 7 54 93 60 54 97 55 36 52 57 25 2 40 12 66 89 25 8 93 99 1 25 82 23 85 7 0 19 5 28 6 58 74 57 60 92 34 62 4 27 79 11 92 56 77 81 30 39 32 63 1 36 48 38 28 41 61 29 40 77 68 3 91 9 42 8 79 0 19 64 0 54 46 30 75 54 90 70 59 2 72 6 36 28 32 61 54 80 91 60 82 63 55 10 38 65 73 17 84 26 77 27 67 57 10 88 25 43 39 79 38 49 31 66 55 22 28 50 72 44 74 41 46 19 54 83 79 39 26 91 88 69 49 50 35 13 23 65 90 42 16 48 62 14 44 94 58 26 97 37 32 0 71 59 11 96 15 44 80 22 74 28 88 13 54 42 86 19 66 58 76 37 31 15 27 22 89 79 50 73 94 57 9 39 30 2 30 35 30 41 73 62 93 18 27 31 98 37 73 65 6 31 1 4 87 45 94 75 84 75 53 15 75 78 75 7 81 93 65 11 79 47 73 23 1 36 55 66 84 4 42 98 0 23 27 80 28 89 63 21 79 82 22 66 56 67 76 93 11 74 63 75 3 53 42 89 73 85 10 21 90 28 54 35 31 52 95 24 39 86 71 91 69 40 30 34 40 29 17 30 39 60 94 88 3 45 69 39 81 92 85 17 5 11 17 60 91 89 77 90 31 54 35 43 47 59 70 23 72 18 77 76 66 28 2 34 50 53 23 96 34 8 23 13 63 86 53 41 52 97 88 30 44 89 46 40 68 49 41 16 63 65 72 39 53 61 88 3 18 45 70 74 32 38 26 65 0 59 19 65 51 23 85 99 11 10 62 67 9 34 27 99 65 23 42 9 12 62 28 19 55 15 23 46 70 66 28 23 59 51 25 15 46 9 33 15 74 31 32 44 75 35 39 85 94 83 88 37 75 95 52 77 71 56 57 47 65 46 7 95 94 99 32 28 29 80 6 9 74 87 39 73 85 53 85 74 37 42 39 19 19 82 69 65 22 14 12 5 52 89 48 40 57 26 4 72 88 10 44 25 
67 7 73 36 72 57 18 6 40 15 65 3 12 69 87 7 58 40 54 72 13 41 23 98 47 69 43 39 89 28 19 16 80 80 64 11 28 76 82 29 64 26 90 53 36 46 39 96 43 5 80 6 32 13 20 63 45 6 96 15 8 44 8 20 40 80 14 2 94 74 54 44 43 56 44 27 12 53 56 91 99 46 89 6 10 6 86 99 0 50 49 72 92 84 10 37 24 72 41 4 62 68 37 24 33 51 10 67 66 83 42 49 39 3 14 30 47 58 16 20 2 3 58 23 76 34 7 78 29 13 44 18 41 78 63 62 73 95 62 50 87 23 87 61 91 9 70 87 61 42 48 54 67 93 60 83 80 22 8 91 29 87 22 89 21 34 93 15 26 56 57 61 0 57 37 34 65 78 49 37 32 15 27 4 75 44 0 8 77 35 77 97 15 94 23 78 22 4 84 68 42 44 89 50 36 32 53 32 43 54 50 40 64 97 42 23 92 57 49 37 49 88 25 95 7 85 0 13 73 57 38 35 43 65 1 42 35 32 68 60 2 27 70 48 45 2 41 65 89 5 93 7 15 92 38 94 82 59 49 55 29 52 18 34 43 12 64 12 88 24 27 1 51 30 0 41 94 64 62 19 41 91 2 56 58 76 81 59 56 72 78 51 74 57 27 91 41 55 57 15 78 7 71 57 12 83 82 92 31 82 52 11 47 33 75 99 89 11 80 5 23 86 94 10 16 75 19 91 6 29 44 41 93 65 95 59 21 56 90 14 35 4 11 74 80 70 15 45 62 82 98 70 2 12 54 85 81 56 79 12 42 86 44 39 72 29 96 34 56 97 11 73 16 93 2 22 23 63 66 27 28 45 78 70 52 94 85 51 68 54 96 41 16 81 79 58 42 67 37 78 70 66 13 88 57 56 6 55 70 87 3 39 5 48 43 59 79 30 88 82 3 27 1 8 74 66 2 2 43 41 84 35 91 20 56 66 95 75 10 55 86 45 37 75 49 71 98 17 96 15 70 27 12 47 1 69 28 42 91 15 51 58 69 61 88 70 7 5 57 57 87 28 35 51 88 51 78 92 25 98 72 43 65 61 28 29 22 3 43 41 74 42 4 58 12 33 4 87 49 33 
81 1 14 74 46 55 69 48 11 32 93 95 33 59 56 27 17 57 48 22 60 18 94 57 97 77 24 47 56 7 91 31 59 45 64 15 8 83 37 73 49 34 67 75 22 89 33 22 96 94 12 67 53 17 41 4 74 35 14 84 96 20 91 11 88 44 81 50 65 17 83 46 85 61 68 81 58 28 19 47 76 19 38 34 22 3 58 10 78 99 13 38 85 68 90 65 69 44 20 73 4 72 50 42 62 98 29 94 30 66 52 3 57 95 34 4 19 43 51 68 50 28 78 29 66 12 49 94 63 58 43 85 79 76 42 8 22 98 41 25 74 76 10 11 88 92 0 10 77 40 51 47 86 43 38 18 76 10 45 82 82 34 61 67 15 0 51 49 25 22 37 68 30 2 13 56 68 34 59 4 11 71 65 97 31 11 94 13 13 51 99 15 45 79 57 20 67 7 87 20 16 9 91 9 28 22 47 6 70 80 81 51 62 70 34 64 87 15 83 4 91 33 3 90 52 96 60 30 55 79 17 98 93 23 52 10 34 4 3 49 76 38 19 36 51 64 94 8 6 99 85 81 3 12 43 32 8 2 1 5 1 86 29 27 52 17 0 44 11 16 55 59 42 54 40 76 29 29 69 15 95 91 57 20 36 0 92 24 19 9 35 54 41 99 21 1 22 92 3 89 13 88 72 8 33 24 14 33 54 5 23 62 50 55 87 36 93 8 28 12 32 73 14 58 20 9 93 77 60 53 99 35 60 58 25 22 60 30 33 55 74 37 13 3 78 38 67 11 95 40 34 65 4 37 68 68 62 65 41 52 49 59 62 89 86 14 58 59 38 16 18 12 76 80 0 63 29 14 37 99 38 29 58 5 73 5 73 78 15 21 11 53 90 98 79 6 45 75 88 85 4 23 17 73 47 54 41 75 21 9 85 45 99 80 57 14 44 91 89 89 23 55 76 14 69 48 62 28 71 0 40 99 20 4 64 99 70 12 19 72 47 82 81 56 54 31 73 61 59 68 23 85 70 5 32 43 57 80 96 51 78 63 76 63 67 6 92 79 31 68 43 60 24 46 3 67 13 28 42 41 22 7 21 13 2 58 44 20 59 73 94 29 17 60 27 99 67 1 51 42 
6 72 40 93 71 70 56 9 34 0 41 53 1 48 62 74 88 35 12 54 6 98 27 98 41 54 64 57 80 35 24 88 81 54 33 82 36 65 76 86 23 94 44 60 27 63 7 53 91 74 83 79 56 81 32 1 27 27 33 73 86 86 3 93 74 60 84 85 40 0 54 28 63 48 2 84 2 43 96 80 78 23 41 14 56 17 51 69 0 2 55 2 66 25 65 68 9 17 11 17 62 58 79 36 64 98 44 53 47 27 45 97 6 1 99 88 94 83 83 41 54 85 86 42 60 18 72 12 32 68 98 41 71 24 84 82 62 64 8 11 66 59 31 78 24 26 12 71 52 69 59 64 95 73 14 18 32 42 49 15 40 79 1 40 33 48 91 42 67 92 14 61 53 62 57 87 16 59 19 17 8 23 68 27 74 84 27 37 2 11 79 89 70 55 38 34 1 80 90 62 37 7 99 94 97 69 48 93 30 2 41 58 69 81 76 11 26 3 23 92 2 60 1 58 38 19 20 64 44 19 9 34 80 68 83 13 60 15 60 74 77 3 75 80 69 82 21 63 36 21 88 48 30 47 65 11 65 21 1 95 92 92 7 21 84 7 94 56 22 69 84 95 13 16 78 87 74 41 33 4 58 19 21 73 60 41 20 44 84 16 94 76 90 55 46 67 10 47 54 98 98 75 2 87 37 80 18 41 51 21 30 11 27 68 18 31 60 62 94 18 7 2 53 64 62 21 70 51 22 28 38 86 97 81 82 14 92 30 78 98 57 7 44 87 44 12 0 55 38 4 62 73 35 55 91 15 54 27 24 0 44 6 72 45 88 57 79 42 24 75 59 69 70 54 92 12 9 67 42 99 31 41 88 52 23 96 43 15 58 62 71 25 95 56 90 48 76 8 48 52 41 4 40 50 3 74 45 50 46 72 53 77 11 96 96 84 97 56 16 82 57 11 97 89 87 69 77 67 55 41 68 62 60 10 80 44 25 52 25 41 84 99 91 15 38 7 49 75 22 93 20 30 76 39 30 27 75 40 88 80 21 79 94 72 47 66 9 73 77 80 95 16 0 29 85 76 16 73 64 23 85 26 25 53 6 71 99 84 9 12 25 62 62 59 76 60 75 69 93 87 
78 23 57 89 91 24 24 85 79 99 27 73 21 52 25 5 12 66 48 98 39 48 21 62 35 55 61 49 10 37 51 47 63 50 35 77 7 35 71 20 49 81 83 56 0 57 81 53 60 25 81 60 34 24 51 10 8 49 18 40 41 97 31 80 13 73 97 55 58 79 52 62 35 51 74 84 11 14 9 41 85 94 0 13 26 85 16 37 96 6 81 45 73 6 76 51 51 15 4 56 40 27 36 18 77 48 63 76 22 68 62 58 28 59 41 58 34 25 79 81 27 0 93 92 79 86 18 57 17 4 54 15 70 80 96 84 73 41 69 77 85 72 25 90 71 95 24 9 22 2 46 91 62 73 72 55 93 75 56 70 72 65 48 98 74 87 87 81 40 50 75 63 78 40 99 41 40 57 74 59 24 85 38 93 27 27 69 40 70 9 39 70 91 22 48 68 16 45 66 2 47 18 69 69 79 5 48 56 5 24 42 39 48 17 45 34 30 83 15 36 20 61 41 67 26 74 62 73 45 98 77 92 52 58 56 7 80 3 95 51 57 63 41 92 27 31 29 7 12 77 29 30 59 54 73 64 5 76 48 71 12 36 19 64 74 17 36 26 2 44 34 13 93 2 93 61 78 17 50 24 66 72 3 40 41 94 51 2 1 38 35 44 28 24 85 76 34 28 37 75 51 75 72 44 80 82 81 54 94 7 72 65 34 0 98 75 1 13 21 2 39 70 65 13 57 64 62 50 17 64 64 3 87 43 75 86 6 76 55 83 58 58 65 92 81 60 84 15 49 9 85 52 50 22 12 70 78 93 65 20 95 22 12 90 68 35 87 82 4 30 55 17 72 26 38 99 11 22 16 89 4 7 12 25 68 29 72 38 22 22 50 87 53 89 61 53 7 15 92 21 62 50 41 43 50 17 65 33 78 64 83 48 40 88 96 46 74 93 89 28 52 51 37 35 71 8 26 9 7 32 99 35 68 44 96 67 25 66 69 49 71 59 25 16 37 81 31 66 19 10 40 54 46 2 20 42 35 43 57 9 80 30 69 89 22 96 83 24 26 13 56 67 19 53 96 37 84 48 55 93 32 43 27 32 38 94 58 33 93 70 74 14 57 44 63 26 54 54 10 76 
68 15 20 68 15 4 12 79 59 23 81 14 91 45 63 81 17 17 60 68 25 5 86 0 7 84 75 72 51 69 19 65 63 95 74 22 19 51 16 84 94 99 0 55 9 78 52 93 76 4 16 94 74 0 65 30 53 38 46 65 59 7 89 38 39 79 78 88 64 70 35 77 82 59 88 94 5 60 18 92 26 59 56 84 98 37 25 39 28 17 83 98 30 69 53 74 71 18 58 99 65 29 39 91 19 16 45 33 6 96 16 60 41 2 79 72 37 14 30 17 34 49 85 90 53 0 28 74 32 12 98 74 93 66 58 54 72 27 21 78 87 74 92 92 6 59 44 82 8 20 36 21 93 29 20 13 42 4 91 54 21 1 67 54 53 11 77 51 70 4 89 76 88 69 93 36 35 26 43 99 31 80 5 30 80 10 51 79 50 21 79 18 91 30 24 28 74 78 80 54 80 72 40 54 47 17 79 5 47 60 24 51 23 65 8 86 4 80 9 32 49 72 82 16 61 64 20 30 74 37 26 39 80 81 54 8 75 5 15 60 87 19 51 75 33 1 48 22 67 96 64 56 85 1 59 41 16 5 20 65 78 22 0 83 90 42 85 82 55 96 52 80 75 0 52 42 18 70 38 15 93 64 11 73 40 20 84 93 4 40 60 57 62 40 76 91 33 26 24 2 28 67 88 76 13 10 31 95 13 3 92 95 22 62 88 79 8 93 58 96 50 57 55 99 37 17 28 4 54 94 56 45 71 14 54 11 55 98 52 42 27 78 74 16 73 91 58 81 94 83 33 17 13 58 78 90 25 28 68 16 41 88 1 65 57 7 73 62 37 38 8 3 17 89 64 28 18 9 68 92 82 46 23 84 38 7 71 35 80 11 40 7 21 69 92 44 26 47 47 3 4 92 87 75 90 58 52 96 63 70 42 22 24 34 0 53 25 83 64 73 21 99 26 11 2 99 8 69 84 29 32 83 95 40 96 61 4 39 26 42 26 87 47 19 61 88 18 60 89 54 11 46 72 21 47 51 13 68 97 17 59 78 35 85 94 72 41 99 37 0 15 59 26 59 19 43 95 31 13 17 79 8 29 92 12 10 76 64 87 11 31 23 91 18 65 50 77 90 5 63 
13 48 70 50 38 44 86 37 72 3 77 87 71 17 60 33 27 64 70 65 35 29 79 12 78 70 46 93 95 69 10 51 34 93 26 2 99 1 13 10 93 1 70 15 11 41 79 66 94 0 93 68 65 89 35 9 99 42 56 40 59 75 42 72 79 75 89 31 72 85 9 30 55 36 17 34 77 42 98 87 83 56 83 40 97 30 90 77 71 3 53 87 70 66 61 12 94 28 55 9 68 71 13 76 87 49 30 86 31 17 95 63 45 51 49 15 73 24 39 99 16 7 82 61 65 19 32 27 29 20 17 64 22 14 83 16 52 24 88 8 24 21 13 21 90 8 17 7 53 47 4 30 18 7 92 61 55 15 23 52 51 75 48 65 73 51 27 45 39 49 42 86 62 54 17 8 14 28 14 11 34 27 56 54 72 12 91 21 91 40 0 77 96 76 67 55 62 51 7 76 72 53 71 91 86 8 65 41 52 4 11 1 57 62 14 23 86 13 45 91 24 58 70 93 28 27 12 7 80 57 51 41 52 4 91 30 56 45 61 47 75 35 53 83 10 82 52 29 37 86 46 36 37 37 78 90 77 81 82 66 88 19 40 61 83 90 97 86 95 58 98 8 27 43 88 60 96 63 84 61 81 14 95 52 80 15 76 98 82 24 70 85 13 20 37 80 49 3 61 76 15 50 56 39 95 37 66 13 16 8 23 97 98 45 63 61 98 81 41 5 79 10 15 30 78 69 28 92 30 7 44 81 67 48 60 71 0 7 99 41 27 75 60 55 78 9 47 3 78 94 93 80 19 32 37 1 34 34 44 50 14 45 51 78 53 45 6 61 82 85 30 55 28 65 79 89 45 92 27 97 89 64 38 48 70 5 34 10 12 86 30 69 12 34 51 11 92 73 53 69 7 94 69 87 50 75 85 59 6 77 90 76 63 2 66 75 44 20 55 45 91 44 30 60 18 38 6 84 96 23 83 22 98 92 79 34 92 98 64 53 5 6 44 29 51 9 79 1 54 63 57 75 51 59 13 47 18 34 0 32 97 48 20 73 70 39 82 96 96 31 23 64 69 17 75 93 17 82 32 31 43 9 46 52 12 97 48 38 75 0 54 66 6 53 48 20 56 91 58 14 
67 28 65 17 42 25 65 97 69 72 73 12 23 63 66 85 13 59 46 78 2 68 94 29 69 44 91 35 26 82 31 94 82 55 9 64 78 44 36 61 64 71 14 76 64 86 6 80 86 74 51 56 86 73 98 2 60 40 65 39 15 23 75 15 12 76 0 51 76 10 53 84 79 63 99 87 79 64 79 81 79 0 14 95 86 13 25 71 9 56 31 3 76 18 49 56 8 94 50 69 53 4 59 74 4 51 73 7 8 60 75 44 63 93 86 88 51 63 4 5 91 68 62 95 67 88 19 72 70 27 38 51 12 99 62 59 75 89 51 83 10 56 77 97 95 29 80 25 26 1 92 36 51 4 66 6 11 64 57 73 72 61 93 81 45 3 46 92 72 56 92 21 20 20 28 17 70 67 89 0 20 51 26 69 31 79 5 85 49 23 48 58 71 74 21 41 77 84 99 10 71 66 96 50 1 12 40 9 36 37 74 28 28 66 43 76 32 85 46 66 46 68 22 74 2 97 30 61 53 31 34 46 98 19 97 77 15 12 48 99 56 99 19 50 81 86 47 80 21 6 12 76 28 48 37 51 61 81 17 48 45 86 63 16 15 19 3 20 6 45 46 44 75 5 15 24 25 0 79 47 69 37 6 66 41 54 54 11 10 66 75 76 98 52 47 63 58 80 57 19 61 85 16 9 79 3 5 60 78 41 38 64 4 69 52 0 93 89 9 25 35 37 58 83 11 44 71 25 32 59 67 12 99 80 65 3 90 47 56 29 92 60 11 81 48 69 31 13 77 42 93 90 31 54 65 51 46 36 19 47 23 34 28 75 99 56 43 53 53 87 98 93 86 81 24 80 30 50 24 34 37 0 66 3 29 40 69 15 56 82 65 29 62 84 46 54 21 22 41 56 72 8 12 13 9 36 8 58 41 74 35 74 5 54 23 58 24 85 85 35 70 81 58 37 36 21 2 56 14 23 75 94 57 58 31 43 90 21 29 53 93 16 50 16 98 74 46 91 1 66 23 78 46 3 82 6 16 83 51 74 75 32 37 89 75 23 41 96 66 75 25 93 11 86 27 47 29 53 16 66 37 64 47 5 95 56 98 80 56 26 16 25 82 95 88 98 74 91 24 18 
15 22 74 10 39 47 1 86 37 81 86 85 39 74 45 99 9 66 92 65 91 15 91 18 75 26 67 20 83 83 60 29 31 15 66 99 50 87 91 25 13 49 59 20 81 28 29 22 32 66 45 10 97 4 21 91 48 79 45 72 56 37 74 36 68 80 89 30 59 40 74 98 32 73 62 41 78 1 47 95 88 32 26 91 63 7 28 66 95 56 73 0 24 6 41 60 74 66 89 37 9 54 12 91 92 20 29 15 66 67 71 61 63 57 74 66 14 90 24 94 70 40 58 13 70 7 4 19 88 67 4 78 23 35 71 47 35 65 74 40 21 15 1 25 33 71 24 68 93 13 43 28 68 5 51 9 62 87 8 2 79 34 49 22 41 52 41 11 55 25 9 85 16 76 35 76 25 63 41 32 69 26 42 94 30 25 12 91 99 85 83 41 0 28 50 13 88 41 95 28 68 35 26 62 12 92 88 17 8 98 92 30 35 67 94 78 91 5 50 26 37 32 7 89 23 39 12 44 59 96 45 54 52 82 39 67 64 11 97 8 22 68 64 54 35 97 27 14 79 12 20 35 40 26 48 52 34 22 34 53 88 36 50 3 45 34 71 37 88 98 37 75 9 81 8 54 39 91 14 74 46 39 19 81 20 90 46 62 45 18 12 71 37 64 69 37 20 14 87 56 64 89 10 94 83 48 99 96 65 43 70 57 17 67 33 47 95 38 7 64 61 51 23 40 43 41 81 16 97 80 70 66 37 77 44 51 64 20 10 98 27 51 31 54 65 35 26 66 84 32 96 70 76 30 3 16 29 19 50 5 48 13 6 2 20 20 32 65 88 53 94 43 9 66 13 29 75 57 34 90 50 94 83 88 83 82 20 68 55 83 21 54 12 44 49 83 48 6 42 39 48 55 78 73 17 84 33 30 18 54 17 31 51 53 27 90 27 99 5 20 68 66 63 9 10 27 27 2 62 16 99 8 5 70 96 98 42 19 74 55 96 98 96 3 56 29 94 13 43 81 77 49 55 4 75 17 74 32 39 3 80 50 94 30 52 39 71 73 28 3 86 34 97 70 29 46 21 3 22 68 27 47 60 77 5 12 59 72 86 15 13 30 17 43 31 58 32 19 11 66 
41 67 93 91 23 16 74 14 91 76 66 6 88 42 1 69 84 20 2 88 13 99 29 83 4 53 91 41 63 84 62 28 57 14 37 76 40 70 39 70 63 52 14 13 97 48 83 72 78 75 52 42 99 46 22 16 45 87 99 32 26 87 22 55 15 81 18 23 14 95 73 75 8 0 82 13 0 86 58 80 38 92 12 63 57 52 10 6 97 54 23 43 90 30 42 27 31 77 66 82 56 43 26 33 94 11 44 80 51 29 36 39 28 65 72 29 64 25 85 3 14 65 89 62 47 27 16 11 83 42 77 92 88 77 32 38 9 44 45 62 25 62 37 95 58 54 65 57 70 59 92 16 82 65 61 84 11 75 69 61 15 40 60 52 20 1 95 32 39 82 41 21 83 34 27 49 76 24 77 72 31 43 53 73 19 86 73 13 98 9 44 43 60 8 69 58 12 58 14 78 8 71 54 30 8 97 38 99 90 85 6 28 39 37 44 46 61 92 56 36 89 57 22 23 3 86 2 24 1 37 77 12 95 54 94 13 86 7 22 98 64 31 93 37 48 92 84 40 82 66 32 93 19 58 0 4 38 80 55 19 29 60 34 66 95 30 56 85 25 93 88 79 27 85 5 92 81 40 90 94 48 65 81 82 55 88 36 46 58 73 0 92 75 69 87 62 32 98 50 4 45 54 61 2 55 36 34 82 87 89 28 80 89 15 90 12 49 56 51 60 30 55 20 64 38 22 59 31 83 6 78 82 99 11 5 5 73 10 72 49 67 40 57 51 11 64 23 6 66 45 55 60 32 73 31 64 6 9 9 20 27 16 53 4 23 2 63 6 12 56 97 90 3 33 53 61 41 66 46 39 89 6 28 8 70 23 22 20 92 80 55 70 8 48 94 89 97 28 43 58 5 93 81 77 35 97 93 60 56 15 17 87 30 33 61 19 59 93 32 12 56 94 77 38 67 25 40 90 16 28 54 33 13 16 34 57 82 72 7 92 51 81 32 91 87 89 6 36 99 13 78 33 66 74 15 80 82 20 63 94 74 95 59 36 68 99 99 67 34 28 55 84 60 63 47 76 15 85 59 54 33 61 79 17 87 70 66 70 11 81 88 96 33 46 26 94 67 22 30 39 
11 0 7 50 38 74 57 74 53 4 10 50 50 23 23 35 27 10 92 35 6 89 6 79 55 52 38 49 70 40 6 91 90 40 33 25 84 12 72 53 73 93 11 13 40 99 15 43 32 37 75 36 94 53 35 58 97 67 9 23 73 16 83 13 13 82 44 5 69 10 3 45 29 30 62 13 36 54 32 96 74 76 61 87 35 71 14 14 3 81 8 87 23 53 45 6 41 20 23 55 50 78 90 27 37 4 20 55 44 92 48 24 91 66 78 40 74 8 25 48 6 25 55 59 60 69 11 78 69 17 78 2 26 35 39 8 46 61 45 49 42 86 85 0 32 88 90 77 11 2 48 42 48 87 80 47 13 32 27 87 61 60 34 33 39 96 71 81 36 44 90 89 45 19 32 9 15 48 45 75 87 0 54 48 95 18 4 43 95 65 79 46 34 18 80 54 99 90 54 76 34 88 19 8 30 17 85 3 59 14 93 56 45 35 49 80 59 87 61 67 71 57 88 98 89 17 8 38 22 12 0 58 53 32 55 27 89 6 31 49 24 84 13 47 75 79 85 12 81 72 3 99 30 65 88 68 59 46 7 30 73 30 59 36 56 33 1 69 4 85 63 98 24 59 48 42 97 31 68 31 79 46 31 11 16 16 66 47 47 27 30 90 40 60 88 36 6 27 77 52 70 55 99 80 58 10 72 77 60 36 31 87 49 86 60 30 64 18 16 27 51 98 19 47 89 70 86 40 2 65 11 99 54 96 17 49 20 23 74 29 87 53 70 25 43 78 78 19 69 61 26 61 48 96 27 87 40 88 44 71 80 36 6 82 69 55 48 57 37 63 77 76 72 37 26 42 70 61 51 61 6 56 29 40 73 5 63 53 13 32 8 90 59 61 31 40 73 84 83 1 63 20 63 75 38 4 24 43 95 68 47 60 81 23 32 34 52 6 77 92 28 7 7 52 60 5 53 4 43 57 66 24 69 55 65 94 18 30 7 30 71 83 59 79 66 58 30 25 43 56 30 69 65 94 91 65 24 59 25 87 85 45 99 33 73 99 60 9 49 32 38 24 93 53 37 40 61 99 28 47 5 94 47 63 48 53 9 45 19 63 53 86 39 95 12 99 80 30 44 12 
1 38 23 66 19 34 81 93 54 81 14 64 22 79 13 55 46 72 12 14 0 76 17 6 47 23 2 78 17 46 25 89 53 8 49 64 82 44 84 74 29 4 72 2 7 49 21 16 1 40 9 65 72 89 39 53 95 31 30 23 71 22 31 90 89 73 60 7 21 10 33 93 42 95 93 31 84 28 93 23 3 22 1 1 80 4 50 60 73 45 56 19 89 40 39 96 74 47 78 13 39 63 56 61 45 40 76 93 8 84 26 93 44 23 16 18 41 54 2 73 40 80 60 70 75 27 45 53 25 57 46 14 0 35 64 18 52 75 15 50 21 18 33 21 76 65 35 15 11 14 68 93 91 62 2 31 14 87 79 56 81 79 59 61 97 11 8 90 55 7 74 58 19 81 73 66 58 1 14 64 1 34 49 24 78 97 6 54 79 52 98 79 55 19 32 8 98 90 67 91 87 83 9 85 33 38 15 72 78 70 43 82 56 37 27 9 79 6 35 4 28 73 84 40 10 97 11 77 7 84 41 72 1 49 8 62 7 7 4 27 72 44 89 92 70 7 4 75 43 68 58 19 5 25 62 83 36 29 78 9 75 66 36 42 53 10 34 53 44 9 62 11 57 39 42 88 2 97 40 95 30 96 6 99 72 44 54 46 36 73 28 11 65 63 14 74 22 87 75 41 13 30 88 73 12 96 69 29 0 65 90 13 6 16 83 2 94 55 92 55 3 15 73 37 97 49 18 42 2 81 28 5 61 62 50 53 0 25 58 41 15 41 49 73 19 93 15 79 11 92 55 16 89 9 54 94 52 31 89 32 61 10 51 32 98 77 80 16 96 49 86 23 56 53 65 78 90 42 96 79 2 93 76 82 13 53 15 15 35 54 43 23 7 81 79 38 75 7 93 7 74 14 4 46 52 42 65 38 41 85 45 39 65 52 18 82 80 63 3 64 33 73 74 93 93 10 45 83 81 79 25 94 64 26 15 74 11 42 14 39 70 38 75 20 5 53 41 42 83 7 92 46 18 32 4 98 77 24 17 82 10 89 65 51 28 67 63 88 59 48 82 15 52 13 16 41 63 77 14 54 71 51 98 1 80 25 27 2 5 74 73 22 70 95 72 85 30 27 70 76 
66 43 45 51 20 52 16 36 94 49 89 45 94 17 50 2 1 77 68 51 91 61 57 43 1 2 58 14 8 98 21 77 27 62 37 36 8 28 70 24 81 34 70 5 22 26 74 14 16 73 40 93 44 72 60 61 64 99 13 8 10 73 57 93 80 94 24 2 80 4 7 17 17 28 2 44 15 89 41 42 81 50 6 41 54 0 12 60 4 18 87 25 15 33 8 98 55 20 23 55 71 55 48 2 25 22 13 70 14 49 35 24 39 31 57 53 99 86 82 97 98 51 6 19 82 78 75 11 28 57 29 41 2 42 98 80 73 28 24 41 78 47 90 54 7 46 91 25 92 45 19 59 13 78 49 5 94 21 33 1 2 14 41 87 40 66 24 1 47 17 96 77 91 74 27 74 23 40 85 75 66 38 10 53 11 20 23 20 70 38 94 71 23 3 68 73 72 95 59 69 41 96 37 94 79 15 40 61 16 85 78 34 18 40 73 7 31 99 85 68 32 19 53 78 91 78 30 31 4 26 59 61 12 41 38 96 52 70 59 7 16 48 77 32 50 95 32 62 50 86 15 75 2 97 67 83 10 86 20 25 90 75 58 26 27 55 23 0 20 70 40 30 10 49 25 19 10 52 11 49 91 88 75 49 12 0 47 90 16 84 81 84 37 86 34 90 89 59 33 6 1 73 67 16 1 47 2 6 71 3 9 40 82 50 27 99 34 93 8 57 1 91 47 15 26 32 39 74 4 4 87 68 55 96 17 74 71 82 93 21 36 26 45 18 85 36 44 29 23 36 5 73 49 96 31 40 86 93 70 88 36 84 65 92 2 90 9 30 24 49 16 40 94 61 71 21 34 56 42 10 30 85 36 99 35 90 6 70 85 92 29 27 9 92 54 46 92 31 23 37 42 14 77 70 12 83 55 87 41 65 20 36 59 81 95 50 32 59 21 44 50 95 36 18 39 9 88 25 77 95 13 82 18 54 59 5 18 45 66 44 9 1 25 10 59 47 98 7 58 45 47 34 90 99 46 67 30 69 54 90 0 84 86 16 31 98 36 6 15 60 93 4 33 77 91 49 2 17 63 11 53 95 83 42 53 24 89 29 95 6 8 60 60 57 36 14 36 52 45 27 
24 2 92 89 70 33 51 8 47 11 70 25 3 27 24 0 68 16 13 54 68 58 21 49 10 59 88 82 52 76 81 73 92 59 60 96 34 23 97 77 46 40 29 83 16 34 74 34 49 35 11 87 71 9 98 48 37 15 84 45 31 4 95 68 23 21 22 97 46 56 89 10 18 81 56 65 69 0 26 35 85 20 24 81 18 80 23 0 1 32 63 77 5 81 67 82 57 58 99 41 83 42 89 51 86 20 26 67 21 9 74 82 93 84 38 91 12 74 39 80 24 28 57 48 54 67 33 44 80 59 64 1 82 49 68 64 64 47 0 92 63 59 84 43 29 90 41 48 90 65 47 70 84 91 17 19 69 31 37 88 79 9 32 8 83 61 94 37 63 25 98 62 57 85 88 82 98 82 68 12 68 47 69 49 95 42 30 95 80 29 43 90 38 49 27 24 71 10 67 81 92 82 23 36 37 61 63 8 34 10 13 56 66 95 11 69 4 35 74 42 70 97 47 66 74 44 85 65 75 47 29 8 52 25 42 73 14 20 61 71 52 58 73 14 91 61 14 1 0 26 62 27 54 64 26 34 47 35 11 95 41 60 55 18 45 61 35 2 1 48 57 7 82 13 46 17 29 43 74 16 13 83 13 81 62 54 98 89 8 91 97 20 19 5 65 57 81 62 71 75 83 69 95 0 72 35 26 21 51 86 11 39 10 65 78 2 5 35 80 35 22 43 51 23 39 25 43 38 44 8 89 80 93 7 49 52 39 92 27 45 54 8 80 49 7 59 94 7 57 65 47 75 3 57 53 76 66 82 58 83 13 77 57 10 94 31 44 5 51 23 73 24 28 52 46 51 68 69 29 53 11 57 84 11 37 31 75 69 10 24 45 22 78 46 45 30 46 55 70 61 37 32 13 90 24 2 64 36 35 95 52 3 30 37 34 47 78 50 9 91 46 20 41 41 78 46 99 33 51 7 45 19 74 46 93 53 3 10 16 19 5 51 94 94 7 15 97 0 2 11 51 57 59 39 93 42 56 87 89 62 60 99 33 53 80 58 44 19 2 37 31 35 74 66 87 93 43 97 67 95 12 72 75 10 53 10 60 87 39 10 50 59 5 36 68 84 17 67 96 0 
31 78 36 6 26 66 8 27 11 78 67 7 6 6 99 94 40 70 66 26 47 74 97 97 57 99 25 34 78 5 59 53 43 82 19 33 98 93 33 71 19 26 72 81 62 17 85 17 78 65 45 75 52 94 7 79 80 37 81 76 76 38 67 23 71 66 68 45 96 0 5 79 1 22 97 83 86 40 6 45 38 36 58 15 76 85 94 30 45 37 41 97 66 93 38 23 56 80 38 0 8 9 69 13 48 77 78 95 71 77 66 53 9 51 9 8 3 5 12 32 54 41 41 67 77 69 2 36 43 64 72 17 76 86 73 94 68 28 83 4 76 86 68 7 92 61 70 82 91 99 67 2 10 32 67 96 45 80 17 60 19 68 71 16 4 15 58 26 66 7 33 83 84 8 88 71 6 15 76 22 84 92 55 77 88 31 63 19 27 5 38 97 46 72 80 11 82 33 75 56 84 82 71 87 93 74 57 6 76 65 46 33 94 51 27 32 53 60 72 58 51 44 57 67 0 58 22 6 77 8 68 90 88 18 55 52 32 12 31 88 3 5 38 51 48 42 88 16 6 87 68 63 61 93 13 4 67 57 96 45 65 33 80 58 98 82 51 50 40 6 69 57 4 14 21 74 89 7 61 73 12 32 41 24 39 65 25 86 61 48 63 93 80 18 33 20 59 36 95 70 86 54 16 35 1 86 90 44 92 0 29 65 86 46 32 8 59 33 76 26 51 59 75 46 2 1 70 11 89 83 79 4 10 49 78 79 62 4 92 72 55 48 13 82 37 49 16 40 33 19 65 5 75 60 80 63 78 91 44 97 14 5 19 72 81 99 0 28 71 60 84 47 50 36 73 99 6 74 64 93 21 91 84 18 23 39 40 13 28 84 49 7 73 90 44 59 28 65 59 58 35 70 17 62 8 16 75 4 90 14 17 28 43 38 43 13 14 24 78 83 74 72 66 79 9 3 42 13 77 60 59 13 75 26 25 51 95 63 49 22 1 25 94 1 22 33 14 46 95 87 31 93 89 71 79 94 69 94 51 68 67 74 83 19 18 45 10 80 22 62 76 89 66 98 75 48 44 54 20 11 13 92 12 9 9 42 6 33 0 72 0 92 12 39 87 87 65 41 17 83 
43 43 23 67 83 27 79 85 98 27 59 36 48 94 61 35 21 47 51 87 91 16 77 8 62 0 73 91 30 57 4 1 42 54 92 84 36 7 87 83 20 95 67 40 86 91 57 6 85 20 35 15 45 38 65 26 83 72 89 17 68 76 64 37 23 99 49 81 80 19 19 30 30 96 50 83 84 99 85 66 24 42 92 11 70 16 46 9 80 15 99 53 25 57 47 36 9 31 81 13 80 73 1 99 52 35 64 41 52 69 41 76 37 15 96 33 76 17 68 67 45 4 23 11 7 84 98 14 50 15 12 33 98 92 7 66 75 24 98 16 57 41 65 50 69 68 29 74 11 71 74 55 0 97 20 85 21 1 62 53 85 18 28 39 50 24 2 94 7 1 48 29 84 59 38 4 17 99 59 77 36 15 54 98 31 53 40 57 46 83 45 15 36 51 7 49 2 52 56 82 76 17 61 45 28 91 56 83 68 57 53 33 47 68 61 54 63 72 16 29 18 93 84 4 59 82 33 89 76 2 29 25 96 99 25 91 62 80 46 49 57 2 53 9 82 89 4 44 96 76 2 41 37 89 74 47 94 65 85 86 51 86 9 10 94 93 73 11 54 75 40 9 3 10 3 72 22 24 70 28 72 40 78 67 52 80 59 76 76 58 10 71 18 57 97 38 34 22 34 96 97 13 16 79 22 82 39 77 2 83 86 90 81 0 89 30 51 31 85 19 46 15 48 66 46 66 6 43 7 95 87 7 64 53 69 46 3 4 72 54 9 43 77 23 90 81 65 8 28 15 60 4 8 37 65 27 64 24 40 99 49 34 57 27 95 70 69 12 84 42 43 69 18 58 50 32 70 92 22 22 77 62 28 74 35 5 20 61 67 12 28 40 33 95 7 95 76 23 65 72 56 71 72 29 73 40 56 11 6 66 48 57 92 86 38 17 4 89 83 97 6 82 85 22 36 50 93 15 78 48 98 92 49 51 99 23 26 90 84 7 22 45 41 88 16 21 38 38 73 97 99 55 65 14 34 54 1 79 28 9 94 73 65 2 43 72 57 37 28 29 89 72 85 88 33 90 4 40 29 35 78 37 39 45 1 81 57 10 18 49 82 71 54 65 6 57 38 39 65 30 
46 93 55 45 2 24 35 8 99 81 68 71 73 71 53 26 72 84 76 15 68 26 90 34 16 22 22 0 40 68 13 29 12 51 72 58 90 25 30 39 55 55 88 6 55 63 77 1 24 79 44 54 99 47 10 65 23 4 68 56 39 68 69 52 34 31 72 34 48 82 4 61 4 77 68 32 30 14 58 63 37 40 48 77 1 15 71 63 42 35 94 99 12 37 97 82 68 36 90 34 72 69 23 6 63 84 4 24 2 35 15 75 26 95 88 71 80 84 1 71 19 12 91 60 64 16 52 42 52 17 88 39 31 36 80 46 92 53 36 55 97 69 27 3 84 84 67 97 54 14 74 77 70 66 21 47 29 35 62 31 92 66 11 53 70 47 2 44 16 49 31 17 10 4 86 92 2 4 87 79 93 18 5 67 7 33 2 84 17 41 38 56 87 68 78 65 67 25 24 60 28 19 92 65 75 78 37 37 37 90 27 93 62 42 14 2 70 98 37 68 23 46 99 18 85 60 94 46 85 99 81 79 18 64 95 70 27 67 32 80 74 85 29 52 93 92 38 72 85 78 54 68 71 61 93 69 53 2 28 50 49 18 32 26 8 45 78 53 29 75 93 16 77 8 46 58 89 2 19 32 29 1 45 84 46 53 13 30 67 21 74 82 68 38 99 13 17 28 72 65 57 43 31 22 97 45 56 79 33 43 18 9 49 29 37 70 83 93 56 31 28 31 96 42 0 9 97 93 14 43 12 71 46 96 41 73 78 37 51 27 41 40 74 68 82 0 35 76 82 52 92 42 3 20 60 81 40 77 23 96 34 76 39 45 47 57 70 72 38 26 78 88 44 77 64 24 4 65 42 70 81 73 1 43 36 56 61 58 51 90 68 12 8 91 89 64 45 68 24 12 22 43 53 90 12 90 19 33 58 81 16 70 21 61 24 76 95 52 23 44 54 53 47 49 90 15 95 97 71 16 19 56 98 1 29 84 69 14 67 34 95 76 56 87 72 42 8 79 19 91 55 30 96 64 71 85 4 43 26 68 77 25 63 57 1 62 44 4 39 67 48 24 62 72 27 96 66 37 28 81 20 13 81 2 42 57 45 69 89 36 89 77 77 45 52 34 68 0 63 42 
8 39 26 47 82 43 12 5 74 62 69 81 44 23 17 3 67 28 55 1 40 42 20 42 28 25 61 20 29 22 9 14 37 91 72 77 77 50 40 61 22 7 7 20 95 16 88 19 61 44 6 18 75 41 19 72 41 48 63 11 36 52 33 21 25 9 42 31 87 42 12 72 55 14 86 33 48 61 71 63 20 43 30 31 55 84 66 93 84 83 94 29 47 82 94 39 48 48 49 55 20 51 26 78 53 45 7 12 27 68 67 47 8 65 51 10 59 3 94 98 68 24 62 26 4 90 1 95 21 14 66 0 82 87 95 67 91 72 82 72 97 61 63 52 65 50 18 54 81 8 19 44 63 64 61 60 97 96 12 29 50 40 91 7 88 25 2 96 98 56 76 89 16 56 52 60 50 58 14 54 20 53 17 1 78 70 34 83 53 93 48 27 64 11 10 94 4 66 19 14 72 82 73 65 8 24 75 95 25 47 19 62 97 21 83 68 17 93 43 1 38 76 9 5 5 48 52 64 5 11 86 98 79 77 62 82 18 2 40 57 66 39 18 81 34 89 9 58 71 54 75 5 52 70 72 2 42 9 3 1 84 45 36 55 1 62 85 6 23 84 92 6 89 87 99 88 52 16 45 55 4 60 9 27 38 84 22 60 32 56 68 60 83 43 1 36 23 30 1 48 97 45 84 51 68 61 82 10 17 72 42 62 98 5 47 11 78 86 66 31 14 89 12 82 57 75 18 62 29 23 55 94 67 64 85 76 22 58 19 97 12 65 19 69 32 88 32 67 42 21 32 90 6 72 67 57 44 17 63 97 94 91 32 61 27 20 62 37 28 72 4 11 26 69 28 24 78 68 8 36 31 29 15 67 22 94 33 90 55 65 41 60 43 94 40 91 14 33 17 95 6 67 1 13 3 87 20 75 33 38 25 39 37 46 90 83 5 28 99 28 10 37 92 13 1 62 75 27 63 24 50 9 27 17 59 41 24 69 97 30 78 71 29 14 0 28 33 23 46 98 6 10 66 72 92 25 9 87 60 40 72 69 84 33 39 87 12 76 94 34 77 78 8 77 6 84 35 3 17 72 9 69 81 32 54 7 6 97 2 21 42 37 75 31 11 4 66 87 42 79 
27 8 38 21 36 55 40 47 7 10 6 25 33 61 51 80 43 81 54 70 47 41 49 74 32 19 56 42 21 66 61 47 91 84 26 75 9 25 93 84 84 85 58 3 14 79 15 73 8 95 67 21 50 26 88 58 70 92 7 65 57 21 15 4 61 11 41 25 74 84 22 84 24 4 23 20 84 45 63 88 21 52 58 31 38 92 75 66 65 99 48 80 89 55 46 91 15 19 34 83 62 97 26 45 16 94 5 80 30 92 69 29 38 72 33 62 19 45 71 9 72 60 36 35 84 99 36 65 22 3 62 32 73 83 85 66 60 8 79 27 33 48 20 79 66 13 58 49 18 57 52 30 82 7 71 70 1 78 95 95 34 52 78 91 99 96 2 44 35 18 23 31 97 9 32 51 38 52 31 28 82 20 82 96 11 16 88 28 92 47 72 48 5 66 45 78 7 45 39 32 86 97 85 36 77 77 91 84 79 6 9 31 4 82 97 35 93 11 46 22 98 64 51 45 34 31 6 98 64 29 8 92 89 91 96 90 35 63 83 49 60 45 30 39 28 68 73 2 66 14 42 53 48 29 12 85 89 32 96 24 91 74 47 87 0 16 56 87 55 99 8 43 97 43 25 78 5 26 34 62 12 45 29 41 44 61 81 48 3 88 54 85 43 17 25 5 90 72 19 20 90 41 30 81 24 35 87 32 94 69 13 77 38 11 3 56 86 28 46 49 12 9 72 63 0 94 21 16 47 6 11 45 0 35 74 28 20 19 62 36 56 36 95 44 42 53 93 19 3 89 74 37 93 53 4 74 99 17 99 49 12 86 72 15 20 45 0 50 16 54 4 46 67 71 55 22 26 62 47 16 1 21 50 79 95 95 19 16 50 28 24 11 51 9 77 90 64 74 49 8 91 74 62 57 78 33 6 82 36 53 41 7 63 56 54 72 46 17 61 46 51 61 60 83 21 90 87 97 4 25 83 97 59 96 32 8 44 6 77 59 64 1 41 53 80 29 55 80 40 72 36 14 20 52 17 89 72 30 59 40 34 62 98 56 76 4 26 33 41 89 56 84 88 25 95 84 91 84 71 25 44 54 2 62 77 94 65 19 58 11 54 95 45 12 67 74 85 12 49 41 
90 84 76 16 9 50 96 92 56 53 33 59 8 68 88 61 23 77 4 31 90 4 5 20 65 41 78 78 74 85 32 28 33 42 82 60 20 15 79 52 99 30 54 88 52 67 20 23 73 41 52 79 15 64 84 87 21 97 64 52 91 88 29 49 49 96 84 10 43 60 21 21 95 79 72 20 91 51 45 57 83 38 50 31 80 79 37 59 2 21 83 20 43 54 6 98 93 92 71 83 10 49 28 96 91 91 75 88 95 67 60 70 63 77 57 7 23 24 53 47 87 1 49 42 34 9 44 56 67 91 7 93 90 47 60 13 87 8 79 12 26 17 0 73 58 50 94 75 36 38 35 26 47 82 81 45 92 14 7 46 60 47 65 68 86 46 69 39 71 14 73 11 33 43 2 78 42 60 51 37 96 76 6 29 99 15 81 0 19 49 40 90 80 7 54 22 97 10 77 48 49 57 69 58 48 92 30 32 22 47 92 56 74 41 35 96 98 13 28 33 17 69 20 72 40 30 34 79 75 70 5 43 39 3 21 30 46 54 64 43 98 65 18 91 93 16 84 25 90 31 6 35 99 35 99 72 85 64 40 54 95 67 48 94 68 13 75 86 78 21 57 74 80 8 19 26 42 0 18 71 24 3 66 75 57 55 64 1 17 0 99 0 72 48 78 31 96 96 33 71 71 73 85 84 84 27 48 47 71 26 46 0 84 63 64 44 14 57 67 69 20 16 44 26 24 85 23 71 28 36 16 68 96 4 40 84 11 68 58 96 85 43 19 96 67 51 62 52 22 45 65 43 12 18 81 25 59 64 76 15 15 55 58 54 7 71 57 51 68 19 6 37 97 11 0 96 75 33 92 69 68 20 76 16 27 19 89 52 4 77 44 60 83 71 99 78 87 78 36 53 75 99 73 58 82 12 26 41 2 74 22 89 79 58 28 57 7 31 24 23 10 83 97 68 68 36 94 96 8 46 48 50 31 91 12 24 60 42 98 76 72 34 54 11 36 56 83 50 49 27 79 40 86 13 91 77 64 10 8 37 46 40 77 4 37 50 17 57 84 70 39 42 24 33 41 86 12 25 53 22 81 62 51 8 52 59 79 36 25 50 63 44 16 39 15 49 63 52 94 12 
87 72 50 73 85 44 30 57 50 68 40 93 48 93 78 30 9 9 18 0 20 52 60 61 21 98 95 36 57 43 79 91 85 88 16 1 4 17 19 56 92 87 57 99 50 76 82 59 5 69 50 80 55 27 8 39 61 66 30 73 39 83 40 80 0 56 99 57 91 8 39 35 97 18 13 99 76 83 43 72 11 45 91 4 68 97 61 59 66 73 31 95 73 53 18 15 21 37 98 97 86 59 87 56 48 16 60 66 11 62 22 84 78 55 71 21 93 33 82 59 68 78 22 46 64 77 53 68 12 44 7 50 17 16 59 64 17 45 40 84 87 7 85 21 27 14 8 81 84 89 83 56 34 20 77 61 8 11 88 63 2 2 87 43 54 82 20 13 45 44 15 95 4 66 5 9 54 67 3 43 85 94 29 29 75 86 41 5 13 96 61 32 37 63 84 47 2 42 69 60 22 74 15 48 34 34 50 92 25 35 7 86 89 69 19 50 61 42 38 58 40 65 25 92 56 12 92 76 88 49 6 22 9 79 77 82 5 25 26 79 45 53 42 97 61 0 70 87 2 41 28 97 49 54 57 87 19 32 17 13 30 96 78 24 51 59 23 59 35 26 53 38 36 64 67 79 69 7 80 78 47 75 67 41 59 45 77 57 95 78 87 30 81 11 83 75 11 19 32 3 8 9 79 70 20 18 31 31 79 7 78 46 40 56 43 60 65 13 1 34 84 66 26 83 72 47 61 3 88 57 49 19 23 45 32 21 84 12 20 97 46 84 49 7 4 56 49 16 13 99 93 31 55 28 29 33 63 96 93 39 63 30 15 51 60 89 28 97 10 93 26 29 67 96 71 9 42 42 45 63 64 18 76 60 91 71 91 79 61 62 98 49 93 55 80 67 1 48 2 12 88 36 24 50 5 71 65 73 1 27 82 10 57 65 10 35 21 50 47 91 21 19 13 94 39 85 8 2 48 95 20 98 63 67 68 31 87 21 98 42 37 49 8 87 27 21 90 38 73 77 53 61 65 12 38 14 8 96 87 78 41 92 7 87 5 22 80 38 35 6 48 18 36 0 25 95 35 24 10 80 92 55 31 94 39 75 90 3 42 93 76 5 87 57 17 4 4 61 28 44 
30 1 33 69 66 34 53 43 65 42 89 26 99 97 57 63 44 67 49 89 62 64 65 66 94 51 60 4 23 16 97 58 90 58 59 22 48 47 42 71 2 54 59 22 17 9 79 25 47 45 40 58 9 84 8 70 3 31 16 45 37 84 86 99 40 27 90 32 38 48 26 38 16 70 89 49 95 27 78 62 65 4 36 72 1 5 64 20 26 68 21 93 65 7 72 56 99 25 55 69 99 4 26 92 4 47 14 47 18 92 33 77 25 3 22 56 97 27 4 21 95 90 90 2 20 48 92 57 47 51 2 71 43 45 83 59 92 23 66 33 64 70 18 17 70 33 97 90 48 56 6 25 16 57 24 13 81 82 69 85 82 71 7 22 25 14 3 91 7 56 75 33 54 48 4 98 94 91 13 25 20 82 18 78 74 2 78 54 77 85 45 44 32 56 29 75 99 79 42 67 61 21 0 1 9 6 89 45 42 45 0 95 68 9 38 87 14 33 87 54 39 55 31 24 30 84 16 2 54 66 25 55 0 80 4 5 2 29 9 26 76 9 82 43 90 58 24 69 0 2 13 58 74 43 50 27 75 69 22 73 51 8 37 47 3 50 49 26 43 69 33 39 94 40 95 5 46 32 24 59 1 98 63 50 57 20 96 5 18 65 94 26 3 70 46 71 34 34 58 48 76 57 33 59 17 79 20 80 99 13 45 96 75 22 31 13 8 11 91 14 86 59 26 35 30 63 15 27 52 74 52 87 64 50 37 28 19 86 13 52 9 79 52 2 97 57 95 14 49 66 52 66 72 21 88 81 99 52 65 34 26 75 32 55 87 47 77 87 59 21 81 20 98 68 35 8 35 6 79 40 31 45 64 2 11 44 94 35 55 37 26 92 8 55 6 49 29 86 48 21 98 69 20 76 25 91 43 7 6 47 52 67 13 15 5 74 79 3 11 21 48 57 42 9 29 77 17 22 94 26 98 86 76 81 46 4 44 63 60 26 20 21 66 53 57 81 69 85 74 14 93 90 76 77 26 4 6 83 4 53 10 78 40 24 29 66 55 94 21 88 61 97 89 91 19 91 19 7 6 9 8 96 58 1 94 67 58 77 72 28 8 16 32 50 34 56 17 59 28 54 
38 87 40 37 58 89 58 63 42 28 0 89 19 63 58 98 14 94 6 73 87 48 66 8 28 71 99 48 41 19 94 94 4 84 18 26 40 91 95 60 63 95 96 68 36 1 55 75 51 99 36 2 23 87 2 28 56 38 6 38 70 57 29 73 45 10 34 63 23 89 50 60 93 43 11 60 45 75 96 29 75 99 39 88 73 89 24 39 28 27 59 72 50 15 94 20 98 91 7 80 77 21 61 40 65 7 45 88 87 40 29 15 14 1 24 0 46 70 78 29 38 55 51 79 43 81 46 32 45 1 78 25 79 57 42 4 94 64 5 67 94 84 87 79 80 83 99 46 93 59 44 52 39 13 83 24 42 63 27 14 83 1 21 42 54 5 93 95 26 86 64 4 9 28 75 92 35 18 94 39 7 42 7 79 63 22 36 91 26 38 93 16 69 99 39 91 89 47 76 7 92 67 63 55 1 28 63 81 96 18 93 27 64 45 4 98 32 27 83 92 60 98 36 68 7 60 75 38 32 92 10 24 17 92 31 60 51 94 67 19 74 78 46 54 43 21 65 62 41 40 8 18 91 93 38 2 98 70 61 59 58 91 6 25 9 48 26 21 41 43 44 14 13 2 35 23 94 5 81 26 7 36 62 24 35 24 13 38 68 29 87 55 56 83 82 97 1 84 63 30 8 80 45 61 48 70 98 22 64 68 56 78 82 62 48 60 16 23 23 44 98 90 61 23 85 25 16 96 55 87 6 62 70 87 43 66 18 82 13 24 77 27 15 39 97 94 74 46 19 40 85 24 35 74 94 88 31 21 46 64 68 78 78 79 0 54 29 43 32 81 97 96 18 61 4 2 82 65 35 81 19 34 38 11 41 69 18 85 41 30 78 42 97 11 52 24 90 12 53 77 48 50 37 88 61 42 11 74 18 85 38 39 36 29 32 91 15 30 63 24 96 80 9 30 34 22 72 56 60 10 36 69 36 27 66 74 77 84 76 9 64 59 58 93 27 43 67 88 51 17 75 71 52 34 33 10 3 7 69 6 20 19 49 42 91 78 93 8 21 14 87 97 46 84 17 42 69 47 11 16 25 31 18 49 81 84 14 84 34 70 14 73 19 66 45 32 77 59 42 35 
12 16 33 40 24 73 36 61 93 69 38 84 69 61 50 21 21 52 58 30 19 40 80 39 18 60 51 99 12 33 24 3 67 63 62 81 5 5 42 85 2 60 91 85 70 51 64 23 76 23 19 94 19 58 11 61 9 75 7 89 70 36 50 22 46 36 7 86 74 61 48 2 42 58 53 97 0 5 62 4 34 23 69 69 67 0 20 39 91 17 64 6 84 29 48 10 86 51 33 82 18 22 0 49 96 58 51 2 74 18 12 54 14 45 43 11 42 63 73 5 17 65 9 53 6 95 57 25 37 52 77 85 34 54 34 75 12 73 47 44 5 79 61 32 48 67 64 85 79 16 24 17 12 97 16 34 5 17 77 98 74 47 18 19 66 11 42 7 61 21 45 24 35 8 92 56 87 59 49 53 31 45 48 13 52 73 92 65 89 83 42 68 13 19 15 79 94 46 59 31 17 35 14 68 52 39 57 41 15 14 55 47 36 38 91 18 66 48 59 87 71 31 0 53 15 90 8 61 76 89 39 44 30 14 85 9 94 82 65 46 46 76 81 15 3 91 16 37 29 84 55 40 28 4 96 16 6 46 66 9 58 42 69 66 81 55 60 37 36 45 55 69 60 67 9 87 28 70 18 17 94 42 27 60 88 36 25 21 27 6 74 11 48 34 60 29 43 33 80 78 17 6 68 59 56 29 99 0 47 78 35 7 42 2 9 1 60 36 66 95 61 48 71 93 12 54 12 25 58 86 38 50 44 80 21 61 1 5 24 65 96 87 12 39 46 85 51 31 97 34 39 3 85 28 49 56 26 58 29 50 43 43 44 71 94 15 44 12 29 9 90 65 92 30 93 49 46 79 5 60 26 68 10 81 24 70 96 28 14 24 72 28 28 91 62 51 74 1 10 74 34 22 34 75 43 22 67 87 96 40 97 70 57 0 79 75 98 33 22 98 78 88 20 95 6 7 78 63 98 40 98 64 85 97 6 93 90 54 88 13 71 21 27 43 44 58 29 24 8 32 18 52 81 45 79 55 28 18 82 75 58 55 6 97 89 88 81 58 26 22 89 42 95 46 68 82 63 38 39 22 49 87 92 50 19 82 52 54 84 46 39 52 31 17 30 9 28 97 26 47 
90 20 3 57 54 43 5 68 44 90 86 9 66 19 64 72 43 49 70 61 50 50 47 11 33 0 46 32 94 19 55 35 80 89 90 40 71 47 54 76 16 6 59 6 93 24 29 67 58 61 27 55 7 63 7 54 17 75 19 63 93 11 48 96 45 50 15 20 5 21 41 89 3 34 45 84 64 55 22 97 11 20 50 93 23 83 76 33 41 26 69 63 88 36 4 44 94 57 34 64 6 41 68 89 13 28 17 1 28 63 69 6 33 90 55 51 57 34 26 30 21 44 30 0 18 90 42 67 74 19 75 93 68 50 95 0 68 10 54 88 68 27 83 18 81 23 68 7 96 92 79 99 80 68 19 47 87 39 93 12 59 32 30 18 23 89 54 88 66 6 50 92 63 12 82 33 15 85 76 79 0 84 15 29 91 84 1 30 11 14 79 35 12 63 28 12 30 43 88 73 25 59 95 21 0 63 46 59 1 84 42 74 35 88 57 87 21 97 94 55 49 10 46 35 96 29 43 90 34 32 21 76 13 76 33 76 2 7 8 66 81 32 52 26 53 88 33 68 14 53 70 80 21 7 48 70 65 75 33 52 34 3 45 39 80 75 81 8 54 14 31 66 25 95 11 33 46 39 56 70 36 87 85 10 24 30 17 5 96 82 9 5 11 46 35 40 40 18 19 56 86 3 6 95 28 59 54 50 91 75 73 22 15 10 58 49 2 96 56 92 89 38 62 66 18 12 31 90 43 56 86 14 47 56 76 42 39 80 48 28 34 21 70 93 89 92 96 46 88 35 89 27 46 20 2 92 41 51 62 46 58 21 20 51 63 55 70 80 9 6 76 40 44 17 35 91 58 4 76 20 59 2 95 97 64 9 22 16 57 29 2 77 87 47 33 37 39 88 11 96 77 63 55 88 89 99 81 52 34 3 58 11 90 25 97 65 92 89 88 69 32 81 88 63 7 81 74 10 6 76 80 16 6 98 87 45 68 23 11 54 20 32 85 9 64 46 70 1 32 67 54 40 41 30 13 5 51 42 56 8 49 49 98 34 76 62 65 58 91 65 21 86 49 59 34 27 17 33 99 89 11 48 65 81 49 12 3 55 90 74 23 14 12 53 34 29 67 49 12 69 
66 68 60 59 96 4 8 18 50 79 85 0 11 48 0 34 81 20 90 87 50 70 74 66 14 72 70 68 44 47 81 59 9 11 95 99 42 25 86 38 13 18 64 30 4 22 48 35 54 78 82 0 22 91 94 11 91 81 75 20 66 12 17 10 93 11 28 50 24 68 56 66 17 79 5 81 11 44 45 63 81 7 34 49 13 50 98 35 17 51 97 85 26 77 80 77 17 14 49 28 5 8 84 56 13 28 55 82 53 90 0 43 49 18 67 94 23 92 71 80 35 46 26 49 9 93 61 62 96 90 23 69 21 96 24 32 10 35 93 70 19 95 46 16 1 76 7 68 17 33 28 22 44 19 61 56 6 33 88 96 59 7 14 99 28 70 49 71 49 94 60 54 30 71 49 68 11 23 35 44 12 67 75 42 0 21 46 75 54 44 96 90 68 65 45 52 20 37 77 22 49 75 69 69 76 8 86 42 35 45 44 23 56 54 8 42 53 0 2 25 80 13 86 44 27 84 18 94 16 72 0 21 44 31 43 98 25 70 93 96 76 57 5 40 34 3 79 37 73 94 58 24 87 79 26 49 56 49 24 64 39 71 43 32 32 81 45 95 79 97 56 63 7 13 84 54 92 71 87 68 6 96 6 73 46 94 99 30 76 24 84 95 65 83 41 96 85 38 67 21 58 82 75 22 37 78 69 2 57 42 4 81 41 80 9 3 81 99 35 32 19 61 85 95 40 67 42 24 20 69 86 85 64 87 41 39 63 56 32 81 99 50 46 7 58 94 27 58 45 80 10 16 61 9 2 91 71 63 17 80 15 22 69 85 23 52 90 52 42 80 67 2 98 44 89 66 55 72 63 98 17 20 86 59 75 7 83 27 81 0 92 70 88 14 84 25 46 18 49 59 0 1 17 10 54 49 2 78 71 73 26 86 32 19 93 7 37 71 97 97 15 13 25 93 34 7 46 34 43 20 85 13 23 65 56 29 62 97 12 41 34 59 35 8 99 76 9 22 75 39 35 95 42 29 98 69 69 39 54 58 52 8 27 39 84 72 34 56 20 39 43 49 86 84 99 11 80 34 11 41 96 21 42 52 64 74 86 66 46 28 77 14 36 82 54 10 6 7 23 36 
65 84 83 27 2 28 48 28 49 39 99 13 93 9 87 33 62 7 35 47 31 69 89 80 31 64 60 9 24 69 2 56 26 20 13 10 15 36 27 5 46 49 11 43 54 84 66 29 43 10 6 21 72 83 83 63 34 46 53 15 27 10 44 20 74 87 50 75 55 3 87 44 8 88 2 47 76 55 56 48 69 39 92 72 21 22 90 96 45 45 71 28 13 75 44 99 71 20 94 7 59 41 10 71 43 22 66 48 67 84 91 64 24 79 57 66 84 51 3 94 16 35 37 45 79 34 55 35 78 57 93 8 7 90 5 59 93 81 31 38 25 23 50 95 15 43 2 18 25 68 71 21 67 82 87 62 77 96 61 18 6 5 84 10 75 26 38 57 89 76 98 97 98 51 9 2 6 34 46 51 12 42 89 4 83 93 6 39 58 99 98 23 95 26 58 16 51 43 43 65 37 0 59 25 48 1 16 1 40 30 41 16 89 67 74 93 84 91 15 59 7 14 65 44 72 56 95 51 53 59 0 20 56 71 79 8 38 48 39 54 19 13 89 60 53 76 47 54 50 40 65 28 93 5 86 41 8 64 31 49 49 30 27 27 67 73 59 94 92 17 58 3 94 63 65 23 35 4 56 16 57 74 71 94 64 58 52 10 55 74 15 71 47 79 70 93 5 79 45 66 96 21 66 68 98 98 45 49 79 18 40 58 50 43 89 82 49 84 62 61 92 39 10 62 1 95 28 36 14 33 91 0 3 96 50 39 45 70 39 27 21 56 90 33 93 16 61 5 87 42 2 63 33 48 75 55 95 48 37 22 72 3 65 83 49 4 78 55 41 97 42 33 15 5 50 57 1 12 41 90 26 80 85 82 36 6 68 83 68 3 21 75 52 40 99 31 5 92 61 97 37 86 0 64 85 67 87 85 91 82 18 39 32 66 26 32 1 88 58 44 19 8 84 75 51 48 17 30 79 6 46 41 71 79 22 22 98 78 61 17 69 76 17 60 9 74 8 46 20 13 81 25 96 54 7 5 94 68 37 92 62 5 91 12 42 86 39 74 31 44 44 72 58 86 12 14 8 37 15 29 18 5 35 28 93 22 32 56 50 30 38 55 49 67 96 75 93 64 73 45 
59 38 38 16 95 17 24 87 87 39 21 81 20 78 82 17 40 73 30 46 52 65 14 68 42 39 24 35 57 42 13 89 22 3 45 65 37 79 37 9 57 30 38 59 81 44 88 49 83 4 30 5 81 67 41 46 55 87 27 78 8 16 43 46 4 24 65 95 96 28 11 40 30 29 84 13 88 33 24 93 85 99 37 28 65 69 65 92 35 63 13 94 92 1 34 74 13 39 35 84 53 35 49 87 23 11 5 44 34 18 49 62 69 43 70 73 81 58 30 13 16 73 57 27 85 85 64 57 44 21 94 50 20 74 60 21 76 59 52 50 69 78 83 70 49 38 35 62 32 35 79 25 58 0 28 35 38 81 95 54 46 8 73 82 70 65 97 29 43 36 60 30 47 47 73 28 25 15 46 57 20 23 61 76 37 94 93 35 47 91 1 72 4 16 11 61 18 26 67 43 86 86 23 1 84 68 35 81 44 41 51 51 38 21 69 83 37 28 61 53 16 73 65 33 33 37 27 30 92 32 3 17 29 62 93 20 84 32 85 76 40 2 8 52 55 68 12 86 79 91 14 55 91 74 45 16 24 99 0 19 56 33 3 27 10 7 57 11 82 25 10 90 39 22 53 5 73 5 83 13 39 95 86 4 2 65 19 72 43 7 25 73 49 49 16 36 31 61 9 3 74 50 3 25 26 94 8 59 98 64 95 14 56 89 29 69 25 40 73 67 47 92 36 5 4 21 39 62 9 94 65 48 64 54 0 67 25 26 63 29 44 93 93 58 89 15 96 47 58 34 49 53 86 37 41 85 52 88 32 89 94 77 58 70 69 35 89 59 46 0 5 69 30 96 21 10 32 10 0 92 55 34 86 64 15 71 2 67 69 17 26 85 82 74 92 44 80 85 82 59 0 48 64 60 27 2 3 60 11 60 27 6 54 12 47 33 86 93 11 44 50 2 83 34 7 52 64 65 10 3 15 27 13 73 33 36 17 63 88 66 63 37 68 28 95 21 67 66 41 0 92 61 91 16 15 23 27 65 60 53 2 56 28 83 49 1 51 56 48 8 49 1 49 99 99 3 74 68 15 50 15 86 7 92 40 85 9 22 56 74 58 33 95 88 52 8 6 99 98 89 
28 62 2 54 29 73 89 85 35 70 8 81 96 72 50 59 97 12 16 99 4 7 59 7 13 69 72 41 28 74 3 85 48 71 97 3 51 89 10 60 28 25 86 74 58 3 66 92 43 87 12 21 3 10 85 6 95 75 46 15 41 95 15 45 77 12 91 74 65 87 50 14 10 89 87 28 42 52 39 85 5 18 14 51 47 38 28 64 0 75 88 69 93 52 9 73 14 43 16 87 95 86 33 88 27 29 85 7 62 48 72 6 68 2 16 14 43 76 16 77 41 87 88 77 14 71 52 34 70 24 57 58 99 69 58 50 41 47 82 67 11 96 48 90 22 4 0 28 3 48 8 30 19 13 70 55 43 54 88 27 14 1 8 0 42 1 90 92 69 1 80 31 30 5 9 25 64 67 87 26 31 27 22 32 7 98 57 14 52 66 96 63 92 97 25 19 24 78 57 2 78 12 17 46 49 82 72 67 59 75 0 93 34 86 99 73 44 4 36 57 15 47 7 27 99 87 54 41 10 26 83 25 9 98 26 98 15 9 86 40 88 93 41 73 37 51 44 88 29 14 59 59 92 40 58 48 23 90 63 51 25 77 81 15 30 49 69 87 72 5 1 83 6 47 66 40 9 89 48 79 60 20 0 93 42 69 69 79 53 57 87 72 31 28 76 94 27 23 49 68 2 22 60 94 15 14 83 48 24 25 37 50 86 41 49 81 88 80 26 57 84 1 77 32 44 63 35 75 56 3 50 56 60 19 36 50 79 57 52 5 22 64 10 80 71 87 10 74 38 97 92 94 62 34 28 89 22 2 64 14 10 8 64 42 23 21 79 4 47 17 77 21 7 61 90 22 15 41 97 99 81 40 21 97 24 52 77 11 54 23 24 88 77 73 66 66 33 72 83 62 20 22 75 43 66 83 89 4 64 24 6 31 82 60 72 53 3 90 10 18 4 12 91 8 73 74 34 61 62 25 52 81 42 55 12 78 15 14 53 88 78 73 59 6 66 57 18 28 78 82 60 6 47 36 87 53 44 37 84 55 64 47 37 99 49 15 51 56 79 65 87 18 13 53 84 87 10 76 14 3 25 16 30 62 33 32 43 36 80 93 23 79 46 4 44 69 8 36 42 46 
98 85 20 58 14 39 64 35 1 1 59 8 86 29 46 9 76 49 71 88 32 75 27 20 10 33 15 99 80 16 41 84 56 4 93 78 68 90 87 39 95 25 34 93 93 44 4 58 88 33 1 7 44 58 0 16 19 68 57 53 52 88 46 70 75 10 83 35 54 51 89 12 45 16 5 43 40 61 32 44 90 60 49 87 76 97 23 63 12 89 4 21 41 84 95 5 42 33 26 60 78 6 7 34 18 89 12 96 88 60 69 23 81 6 28 5 47 72 74 57 17 99 30 54 22 62 57 59 87 57 18 26 75 38 14 26 12 1 83 65 90 99 24 43 75 94 25 37 68 40 57 63 56 98 68 24 32 32 15 58 66 14 1 52 12 50 25 34 87 43 66 6 30 21 39 73 41 91 67 2 19 24 14 55 9 11 89 64 44 29 76 30 7 63 28 32 37 62 58 27 33 87 74 39 83 16 57 22 81 24 30 18 61 23 49 50 86 15 5 41 7 45 53 39 43 35 80 19 46 78 2 88 83 52 79 37 45 0 14 97 60 88 38 44 4 87 83 71 66 20 63 0 85 84 66 1 12 50 84 77 87 8 27 9 50 69 87 66 63 49 50 9 64 97 3 43 39 60 91 98 68 83 82 94 12 14 72 87 9 42 20 17 83 54 30 63 70 14 22 25 87 49 60 77 36 70 33 90 98 65 14 56 14 90 39 57 23 84 46 45 44 19 50 8 42 37 86 20 81 20 51 1 60 99 71 50 30 60 69 15 22 50 57 51 47 35 30 69 3 79 66 60 79 38 47 32 27 66 76 20 63 63 83 18 15 87 87 62 18 31 5 52 74 92 0 67 93 14 67 37 47 38 37 79 46 19 20 16 66 65 54 30 6 81 43 8 14 97 82 72 63 75 49 18 12 48 15 20 99 24 95 19 43 49 62 89 55 71 56 11 31 49 8 7 47 85 52 88 19 27 48 58 89 67 65 17 60 34 23 15 5 93 54 82 79 44 44 97 49 94 22 54 60 7 28 86 67 13 39 55 76 53 14 27 58 80 83 43 13 32 26 75 86 36 96 99 20 83 38 48 11 79 44 95 66 55 38 9 75 52 86 93 7 48 78 10 43 33 48 69 
57 10 57 35 43 68 77 30 26 64 24 1 17 89 44 46 80 71 18 42 60 65 85 94 14 88 84 72 72 87 1 11 46 0 85 71 20 23 67 76 93 62 43 37 64 43 9 58 72 48 77 79 3 51 66 24 94 36 56 93 17 52 83 47 16 44 71 98 6 98 25 12 30 83 20 84 84 75 40 53 21 85 98 79 87 42 82 26 4 46 73 64 99 43 71 8 36 78 7 24 42 46 6 51 53 75 51 18 95 98 21 56 99 4 37 76 66 27 31 2 99 47 65 35 68 77 33 6 33 24 33 95 86 7 14 30 84 94 16 27 44 70 40 66 2 26 36 3 74 24 2 36 51 85 90 68 50 16 72 12 62 8 82 61 66 35 76 92 55 81 82 25 77 32 8 54 80 33 85 73 66 30 42 64 53 13 29 2 22 80 73 10 72 30 37 24 91 27 57 26 31 43 13 78 76 92 95 5 66 67 28 83 45 21 60 70 29 61 29 47 44 48 85 95 15 38 50 20 72 47 46 89 28 37 7 21 97 25 74 37 51 86 11 3 42 84 74 85 8 84 93 54 87 61 5 45 40 67 11 57 93 43 14 21 2 78 42 98 8 69 72 94 37 36 90 31 67 37 79 57 15 72 15 81 67 37 37 72 25 25 87 64 74 91 41 25 64 13 23 55 88 26 97 34 74 18 47 21 9 31 12 63 68 10 11 0 6 53 1 77 30 56 12 65 37 94 32 82 52 38 34 56 16 56 31 56 71 53 18 90 87 67 92 47 55 47 84 22 30 55 53 80 79 67 37 74 61 48 94 4 30 85 89 39 10 28 68 42 10 85 0 78 14 30 67 70 10 68 73 24 18 83 32 4 6 19 13 67 44 78 68 65 98 89 97 14 42 75 42 4 41 84 34 15 43 47 91 68 59 23 0 5 77 75 11 21 77 92 70 64 61 16 67 95 86 16 35 11 59 86 92 12 70 45 94 89 21 68 42 57 21 99 96 79 50 36 88 37 15 97 71 30 72 62 83 10 44 69 7 73 56 45 77 53 93 44 68 64 40 5 34 18 40 40 75 31 14 61 95 18 28 4 87 42 2 77 52 86 1 94 71 36 83 57 58 24 34 8 70 30 
44 39 84 11 52 75 86 97 96 46 49 92 72 85 83 24 54 54 63 6 67 35 58 63 54 89 6 77 48 40 15 10 70 68 37 38 78 76 71 27 6 93 48 95 29 33 53 74 5 36 41 85 30 98 31 48 96 97 39 5 94 37 76 7 5 62 27 61 77 33 28 55 54 92 91 71 89 1 62 76 14 77 50 6 20 26 16 70 34 21 80 12 97 78 11 73 16 47 26 29 84 87 77 17 43 85 86 79 83 56 69 89 71 3 93 69 30 28 38 71 28 81 5 1 79 11 72 74 67 95 27 58 30 2 98 40 46 22 90 73 30 20 41 57 88 70 69 47 97 34 27 85 87 35 31 96 7 58 84 48 90 43 98 88 9 82 67 11 34 37 93 10 93 41 0 75 73 62 24 87 93 62 80 44 21 9 56 83 50 72 88 62 67 56 50 15 37 29 8 9 8 39 26 55 78 51 50 89 29 33 74 36 24 79 88 74 75 72 61 82 72 83 52 69 14 50 70 21 66 71 85 10 60 61 23 5 6 51 52 2 84 52 59 66 32 35 69 55 83 30 44 85 64 38 83 2 21 5 23 2 64 28 5 31 71 6 42 97 87 14 44 43 60 86 55 25 40 23 50 3 59 15 14 55 86 15 7 52 80 30 21 33 84 18 87 79 83 98 75 57 3 7 7 73 84 67 49 4 35 37 17 76 51 26 80 53 95 13 96 83 81 43 69 33 35 29 49 68 22 41 38 45 90 12 46 90 90 97 18 69 63 79 4 37 37 27 17 29 52 5 10 95 56 74 83 64 18 20 60 43 32 42 46 7 22 85 67 28 11 39 36 42 87 50 64 95 20 9 38 88 52 4 48 62 83 17 0 16 2 62 55 72 14 34 48 25 9 88 45 89 31 27 38 21 37 46 51 96 22 44 35 58 76 54 20 39 36 84 92 40 59 23 59 19 90 23 27 84 45 95 11 74 89 58 81 94 41 37 32 17 84 2 47 39 31 94 37 89 5 55 17 63 18 19 5 35 44 55 76 30 31 7 77 76 81 35 80 76 41 79 10 11 26 12 21 48 41 29 88 19 3 15 68 64 75 43 59 49 59 71 3 74 5 52 20 94 94 61 94 17 
31 5 80 44 73 38 72 28 59 16 46 19 10 15 80 96 84 28 64 93 82 87 14 93 87 29 66 99 99 17 56 74 93 89 18 87 54 8 10 99 28 16 66 90 76 49 39 72 26 72 69 57 56 15 54 37 35 80 83 53 26 66 92 64 76 93 88 73 69 5 39 90 56 48 99 29 13 11 19 36 36 13 9 80 20 46 35 63 24 11 31 53 46 82 78 23 22 46 97 31 49 90 14 70 65 81 43 6 11 47 33 67 20 33 21 29 85 10 43 40 58 83 20 38 25 81 55 39 82 76 24 53 6 68 80 40 28 95 37 75 33 44 3 68 87 41 1 5 56 52 43 72 82 43 87 2 93 64 95 52 32 59 38 95 60 43 74 72 29 34 35 64 77 26 35 90 58 7 17 92 54 76 43 37 65 53 21 24 69 45 13 89 45 74 29 4 22 24 11 97 85 89 74 92 9 55 15 32 83 11 68 87 31 42 13 23 6 97 78 16 47 86 68 84 33 53 20 61 17 15 89 18 3 90 25 11 74 36 81 13 91 77 59 82 77 11 98 45 37 40 75 95 16 17 3 37 94 25 89 5 93 3 81 0 53 82 22 73 10 90 80 57 49 30 69 15 63 65 75 82 37 57 51 46 58 83 2 49 2 70 36 63 30 11 86 42 90 4 34 38 59 65 24 69 84 65 33 97 34 45 76 73 63 92 93 74 95 31 15 75 85 57 26 10 73 95 84 49 47 20 0 51 32 61 22 71 77 89 20 87 66 87 2 68 21 96 43 48 18 25 27 84 5 0 6 97 17 13 52 54 99 79 24 73 73 2 75 49 59 79 80 37 49 11 70 73 48 43 50 42 50 50 47 25 67 97 16 65 23 11 12 80 29 17 79 43 30 10 6 46 14 96 18 97 27 41 96 32 16 53 27 67 69 61 26 49 80 96 48 50 71 9 78 91 28 18 42 92 2 97 45 71 15 20 30 82 30 52 30 27 34 86 84 13 14 0 47 13 83 90 18 34 19 28 93 13 70 46 18 25 30 51 42 85 71 79 41 77 33 91 79 11 67 43 63 78 42 86 49 53 41 44 29 66 70 56 90 39 28 70 45 85 19 77 40 68 86 33 37 6 
44 22 17 45 6 13 95 34 25 18 9 8 28 54 17 2 2 53 45 51 46 34 33 54 50 74 61 54 61 91 86 85 34 1 86 44 2 1 48 21 93 31 21 13 43 59 81 75 52 54 11 55 3 57 40 3 60 13 54 92 29 16 41 65 13 29 32 20 79 61 49 17 73 74 86 28 70 65 30 73 65 6 39 58 42 6 28 37 55 73 67 58 48 85 94 58 50 47 28 31 49 11 1 2 90 12 83 89 7 86 52 74 30 32 86 75 1 47 99 28 84 10 59 41 61 24 61 30 91 12 61 27 43 4 78 88 24 14 67 76 15 54 11 24 38 47 49 80 42 71 79 79 24 75 82 60 78 26 63 1 37 7 11 94 60 73 20 95 24 26 73 65 56 10 83 18 36 58 68 36 62 5 24 76 23 56 16 13 28 7 78 60 83 69 69 96 99 51 73 65 41 91 61 27 17 25 65 38 12 33 39 5 2 61 10 99 93 69 40 42 87 38 52 29 56 51 95 27 63 38 17 0 96 53 35 26 54 76 66 43 19 14 32 16 20 43 40 9 2 88 30 72 33 37 35 73 0 68 98 72 73 86 86 92 1 7 14 11 36 60 67 31 43 12 89 4 22 56 51 23 49 52 91 77 60 47 5 98 56 69 23 17 0 41 96 8 51 18 45 89 30 72 91 65 12 48 71 36 10 75 61 59 71 48 49 72 87 88 52 2 98 80 37 5 72 65 1 33 96 90 49 76 85 51 10 17 79 76 20 85 98 50 65 15 59 93 72 45 21 53 71 62 88 91 81 28 30 43 39 25 42 96 24 12 52 85 85 76 79 62 43 61 44 71 7 24 73 93 24 25 17 10 82 99 88 74 40 32 56 98 17 41 77 63 33 94 34 18 20 54 79 58 64 86 38 71 52 5 65 49 16 72 92 1 15 44 10 16 3 9 19 35 1 93 55 9 28 97 98 59 3 69 46 26 31 22 54 32 81 4 23 75 29 92 1 57 54 70 14 35 10 39 39 7 66 10 2 36 17 65 64 98 95 84 13 29 45 59 78 9 78 52 0 37 84 95 83 56 79 55 60 41 78 76 71 20 16 32 77 7 20 16 92 87 15 86 33 86 69 82 
79 64 12 80 34 13 88 91 71 17 94 56 76 7 47 92 60 76 36 50 71 49 68 97 60 41 58 80 63 53 86 7 44 91 99 81 9 75 20 42 78 82 79 92 21 2 5 83 47 25 67 11 93 24 41 10 70 79 53 57 35 13 65 81 66 92 96 56 60 61 56 2 14 37 79 1 4 2 29 71 9 46 69 94 45 16 42 58 44 25 59 18 44 37 28 29 30 85 97 62 93 79 51 71 76 32 72 6 87 27 79 83 19 92 40 10 44 40 53 28 23 14 2 50 36 45 73 81 12 65 9 85 25 8 70 1 83 98 98 75 84 46 74 36 93 60 77 69 34 72 15 40 92 72 70 37 16 9 48 92 87 40 53 22 90 13 97 29 73 3 38 98 73 81 33 51 87 25 48 2 84 8 74 97 84 24 71 28 20 66 29 57 57 37 10 88 68 90 5 38 92 69 59 41 51 47 85 57 81 61 97 51 91 84 31 63 82 74 43 33 34 29 97 27 70 10 77 60 31 66 85 62 64 25 45 0 64 36 49 65 81 69 23 83 47 56 33 94 50 18 45 81 87 77 63 58 37 55 3 55 24 1 74 32 27 91 74 0 75 8 28 73 58 67 55 95 18 60 33 24 91 29 47 79 39 59 72 12 51 43 45 82 58 1 10 90 32 15 9 40 32 8 98 95 72 73 63 73 92 51 64 69 69 85 24 32 47 64 37 37 97 68 2 3 55 39 47 81 64 38 31 49 51 95 19 11 64 6 42 1 41 94 12 41 24 80 68 79 43 55 1 40 7 11 66 95 70 17 54 73 11 28 24 10 82 70 12 54 84 65 21 25 79 74 67 32 88 85 97 66 40 73 11 79 77 21 96 98 66 47 52 12 30 16 95 92 81 2 81 52 26 18 28 9 40 27 46 64 89 5 20 2 28 60 3 18 80 94 59 62 23 50 21 41 79 63 77 12 37 31 95 83 96 85 39 42 79 15 53 55 96 81 83 70 22 88 77 23 52 30 0 91 51 62 72 62 12 48 26 61 44 19 0 22 7 97 6 51 26 27 1 0 24 81 9 36 7 3 73 22 21 83 0 16 17 40 76 26 54 28 50 60 58 34 22 45 2 16 56 39 
3 81 66 39 57 5 85 61 59 87 93 25 44 76 99 70 68 43 80 38 91 10 79 64 80 72 69 20 1 46 84 76 54 54 48 45 64 51 24 6 34 6 30 56 17 15 40 21 6 4 68 7 43 86 89 89 39 17 22 18 82 8 53 61 78 26 95 36 42 61 19 92 6 76 45 55 95 40 20 71 31 91 12 96 96 53 61 94 75 21 36 60 9 50 63 11 75 0 39 84 43 38 56 54 20 49 43 0 31 42 91 10 31 20 28 38 0 35 79 32 87 10 67 30 85 58 50 63 53 22 80 6 50 12 97 0 1 7 17 91 19 32 73 47 88 14 85 99 55 49 61 79 50 62 67 79 37 96 36 50 6 44 31 1 17 55 92 98 69 84 86 61 84 60 36 59 0 87 40 92 6 88 53 48 86 78 99 45 99 79 22 8 62 85 75 89 46 17 79 14 54 98 46 41 74 27 32 19 17 29 38 59 73 25 91 62 26 0 15 57 32 29 90 9 16 2 25 56 91 34 0 79 67 16 1 92 41 79 67 34 46 66 75 26 2 83 2 11 11 11 55 70 60 1 71 71 90 85 49 63 24 2 44 77 32 72 54 13 49 21 9 63 49 24 62 57 58 1 86 73 6 77 24 32 44 66 90 97 99 25 60 26 96 46 98 49 59 46 58 91 62 46 8 62 92 22 78 10 66 64 63 17 49 1 6 45 16 10 1 52 51 61 75 12 40 66 56 71 7 34 94 22 41 17 36 60 20 68 74 56 7 11 5 73 22 14 40 29 72 87 80 17 38 21 31 36 7 61 35 3 17 67 68 75 12 37 94 27 22 44 74 80 41 78 31 44 36 96 34 16 69 58 7 99 13 22 56 77 90 41 23 45 44 97 51 94 7 27 17 75 10 89 24 28 39 77 59 90 93 26 25 79 14 58 85 1 45 68 95 81 33 9 37 13 12 55 75 32 68 57 72 25 80 92 88 33 27 99 78 99 3 79 63 70 7 28 87 44 56 38 95 26 14 7 31 20 49 26 58 87 64 81 35 28 86 67 55 51 94 77 61 4 94 12 41 6 28 93 2 47 49 13 1 59 29 53 77 27 3 62 85 75 56 23 27 31 7 13 23 68 
78 93 97 11 31 19 3 8 70 43 3 73 57 52 33 80 6 38 57 76 68 87 96 12 76 1 7 52 2 33 46 6 76 12 67 46 69 64 42 16 77 86 11 41 75 28 52 24 13 14 80 98 40 46 52 3 66 36 95 85 15 35 9 95 35 26 67 95 27 78 12 42 53 15 39 31 4 73 36 44 88 61 57 24 2 14 14 4 21 87 61 97 93 25 80 34 51 45 51 74 97 41 23 15 70 5 37 60 77 90 93 81 78 95 36 64 12 84 81 37 64 17 14 53 34 27 14 77 37 51 21 3 48 59 43 11 61 48 44 44 90 52 6 97 72 78 58 68 53 38 12 43 68 44 92 93 92 5 80 1 75 53 66 15 6 42 41 41 45 49 66 18 69 4 6 55 80 80 52 30 17 36 2 89 65 50 84 48 44 93 83 30 19 68 93 60 19 68 7 87 41 96 76 41 73 80 10 75 3 20 44 5 58 95 3 71 51 98 47 35 16 23 10 82 16 17 58 51 18 86 63 47 26 71 7 10 8 60 37 48 55 5 19 31 39 17 34 13 87 73 38 66 28 53 42 29 76 77 11 64 25 69 39 73 96 17 30 66 13 23 29 57 35 6 45 2 11 43 64 66 54 65 79 62 52 82 64 39 23 17 10 74 14 37 30 50 88 4 60 13 63 87 56 98 39 61 39 10 31 28 78 50 44 33 29 40 38 77 59 20 22 46 86 80 7 73 33 97 26 9 75 57 98 87 12 83 15 39 9 75 69 70 7 95 88 49 33 58 19 16 7 19 74 63 33 49 92 11 71 50 52 65 0 21 38 31 1 12 90 70 17 46 27 41 12 3 14 22 52 89 14 48 48 48 7 36 72 93 70 98 72 9 44 45 88 41 14 41 70 36 67 96 9 76 58 0 50 54 8 70 24 11 58 12 19 16 12 77 70 35 50 30 27 20 5 24 69 40 67 31 69 26 76 18 40 13 80 46 76 93 31 29 86 9 35 68 11 20 82 61 58 29 86 83 91 54 89 33 11 76 43 0 70 98 99 13 88 0 49 15 77 33 73 80 83 1 37 41 68 87 95 79 77 82 98 68 7 67 14 86 70 22 7 93 8 68 59 4 99 56 
83 46 93 58 47 53 23 61 30 55 44 3 91 68 7 39 69 94 61 84 5 72 64 71 37 26 17 6 83 42 78 82 36 24 75 26 16 55 7 6 53 30 75 59 64 78 74 89 82 91 7 48 42 15 14 2 12 34 35 11 92 59 6 80 62 3 37 48 58 94 83 59 70 64 68 16 90 48 46 63 90 45 60 48 92 39 57 72 72 14 17 54 13 89 19 16 96 99 58 67 13 45 71 68 24 70 16 4 23 57 90 0 40 32 36 13 22 9 37 30 59 25 13 98 4 58 53 91 96 77 69 92 68 29 22 6 84 37 64 43 55 23 45 12 0 93 48 9 98 32 61 46 14 0 49 35 54 7 94 52 81 16 84 51 90 28 73 54 82 11 25 64 94 17 99 83 65 93 34 7 32 32 54 55 46 94 35 62 23 93 54 17 97 61 78 79 17 21 85 38 48 35 44 21 35 49 95 22 64 84 80 60 75 44 89 60 33 13 25 42 73 60 49 73 65 21 56 84 20 80 76 68 0 45 37 80 68 11 20 44 42 25 93 13 80 75 1 11 36 48 64 43 8 80 74 11 88 82 84 89 68 76 25 61 85 13 65 97 53 5 43 38 88 26 11 71 59 99 47 30 34 3 37 75 77 6 17 17 60 61 81 92 60 28 82 24 78 90 79 82 2 57 34 6 81 68 87 47 55 4 94 15 38 23 15 65 81 93 5 46 86 64 93 66 65 35 16 11 93 93 42 99 37 77 77 27 8 52 48 13 44 99 99 9 37 28 86 62 92 2 26 90 70 7 33 48 16 86 52 73 55 25 58 48 85 62 95 73 81 82 88 1 20 89 81 91 59 79 63 32 99 61 90 26 18 69 82 59 55 55 55 75 10 97 16 45 31 98 45 81 55 23 22 6 52 19 14 19 22 55 8 15 33 84 62 26 41 78 65 91 34 52 29 45 4 15 61 25 25 87 58 29 31 17 21 64 39 8 87 63 68 97 54 76 93 64 60 35 28 70 61 37 45 4 40 15 53 36 89 57 9 97 66 86 39 84 45 1 41 90 16 69 16 9 32 54 57 86 25 56 56 21 68 21 51 90 24 65 55 80 88 98 46 42 92 98 59 59 46 91 
41 3 93 13 11 33 75 13 29 14 2 39 71 9 74 65 11 63 54 89 45 7 52 98 41 38 37 73 28 69 57 80 92 75 45 29 13 18 5 69 76 36 89 87 94 79 43 39 91 32 35 55 21 92 53 13 38 14 91 77 8 91 51 14 24 74 32 95 43 33 66 20 57 40 12 65 32 68 32 36 79 44 18 13 78 91 7 34 80 26 48 19 58 65 81 45 34 45 33 5 22 18 63 21 21 84 17 29 51 1 12 3 12 46 45 69 65 21 62 82 74 31 17 45 30 5 28 30 68 55 89 45 0 6 88 90 3 98 36 60 57 43 47 49 43 13 78 49 29 70 15 72 74 32 57 1 63 18 48 67 23 19 13 30 8 80 17 72 42 5 67 13 87 20 45 67 18 51 19 99 9 31 73 72 55 33 70 13 73 59 72 84 97 2 68 33 57 47 9 44 34 71 58 2 22 32 62 69 54 79 43 50 47 54 66 91 28 77 59 25 53 30 44 99 18 81 59 27 90 77 47 47 19 41 18 52 9 92 59 85 60 76 60 36 16 3 53 41 91 46 19 32 59 28 72 14 72 22 93 74 69 74 59 61 0 77 39 18 89 11 74 7 59 75 67 17 9 71 99 96 44 58 17 60 44 27 10 26 87 73 33 95 16 50 32 9 39 29 35 77 78 38 91 56 58 64 88 13 51 63 28 98 55 61 67 4 23 48 41 89 10 7 3 1 47 26 62 33 83 95 88 47 81 38 69 35 64 34 87 98 86 5 31 99 48 51 99 16 79 9 67 6 90 46 98 72 97 85 36 83 12 17 89 69 82 24 37 84 44 83 46 25 15 13 3 87 66 38 78 35 99 58 19 80 68 51 91 2 68 24 7 74 81 28 36 81 22 15 53 71 65 5 39 86 45 33 52 67 61 75 5 12 95 58 79 14 61 51 88 38 70 53 13 40 60 27 85 52 91 91 61 31 86 13 18 18 6 51 36 3 68 7 26 91 49 88 86 51 98 14 19 69 21 7 12 62 46 50 71 77 96 18 32 10 66 73 49 21 95 75 18 35 68 88 37 97 73 7 91 8 8 98 88 7 3 3 74 54 56 11 97 7 11 92 43 52 2 43 35 77 
98 46 96 51 92 82 31 88 14 18 46 93 14 45 72 4 7 34 0 74 80 75 71 84 15 65 58 57 5 42 96 38 15 31 65 60 26 65 62 92 82 71 13 43 42 70 8 26 23 37 67 9 33 34 2 73 6 36 45 51 62 60 75 76 21 39 96 33 26 14 99 41 56 22 4 92 44 23 72 63 50 4 25 73 90 54 69 28 13 83 40 55 39 2 61 20 97 53 45 74 46 23 15 14 34 29 78 50 10 18 41 82 91 90 85 20 76 81 76 39 32 44 86 33 6 44 1 33 99 90 73 31 32 1 80 13 37 20 43 60 17 42 21 72 78 19 14 21 79 4 20 21 64 18 96 15 54 47 55 63 24 19 85 99 16 85 0 39 37 72 26 12 82 86 79 96 4 68 17 95 9 7 4 40 99 19 97 87 86 53 6 36 74 70 34 79 62 22 3 39 34 2 53 48 43 26 30 59 57 44 88 74 36 29 47 80 84 28 14 71 33 58 13 74 2 14 1 28 11 78 49 65 64 72 20 83 85 92 82 36 33 54 93 59 1 66 33 32 4 15 16 77 6 68 45 56 88 47 37 10 81 58 68 89 82 96 74 6 98 60 57 12 32 95 71 4 50 89 91 3 52 73 75 96 79 31 80 63 85 61 91 79 89 61 35 1 29 28 56 95 77 24 6 89 1 95 17 19 4 89 75 68 84 76 5 26 97 69 95 41 29 67 55 16 74 5 22 48 26 90 98 71 68 52 96 50 62 54 90 92 15 69 39 3 57 69 34 67 11 91 68 75 91 77 91 39 66 28 29 30 43 90 99 37 18 64 77 76 40 70 18 14 32 91 81 31 22 61 31 52 55 92 4 2 29 6 80 99 8 86 34 12 7 76 72 94 84 24 15 55 64 93 99 73 27 33 53 42 66 86 22 53 40 87 38 77 96 87 91 22 33 75 68 74 19 17 73 71 81 39 98 14 54 71 53 61 98 53 24 47 75 42 68 52 9 70 2 93 29 78 14 46 76 60 20 39 59 93 34 22 26 66 17 27 81 20 3 71 68 35 60 31 14 77 53 49 18 26 95 35 18 33 94 95 84 89 40 21 55 7 5 95 81 76 23 97 30 38 96 3 
77 61 92 20 82 14 30 99 36 3 62 44 42 43 40 24 37 62 49 40 83 57 87 2 50 76 93 45 2 62 7 80 52 59 1 46 23 12 68 59 32 75 92 75 92 37 71 39 15 8 18 96 42 58 33 96 95 84 11 15 87 13 23 7 30 34 5 71 59 51 85 8 66 83 54 0 57 26 87 17 38 50 52 81 24 6 54 94 36 38 51 31 83 58 13 42 68 3 96 2 12 48 90 17 39 46 95 98 33 36 53 41 39 89 43 7 29 22 29 44 70 55 64 22 3 21 65 98 52 43 49 9 19 96 27 67 63 6 71 78 24 4 66 87 38 1 70 58 57 89 44 56 64 77 41 40 44 21 98 25 96 36 95 18 12 19 35 40 88 31 72 72 84 90 45 41 41 54 68 81 64 24 59 92 88 0 90 42 77 84 8 7 85 29 13 78 34 49 35 46 8 24 49 12 2 8 3 31 66 41 30 6 54 95 16 1 8 73 81 28 21 7 0 64 6 5 91 96 70 11 84 26 61 98 46 56 59 35 60 11 89 39 82 98 38 82 7 99 72 65 49 77 15 43 28 18 57 86 66 87 33 13 31 35 39 7 21 33 25 73 62 29 72 84 38 6 67 98 84 13 75 7 57 33 28 51 93 87 0 7 75 83 65 84 86 4 5 63 66 36 35 83 27 17 29 28 90 3 35 91 72 43 35 85 13 25 50 65 70 90 60 12 69 69 76 61 84 77 74 22 62 21 4 29 5 80 51 64 13 26 62 93 12 30 61 92 8 88 10 73 64 10 70 46 49 82 33 82 88 28 24 34 85 90 88 17 90 17 84 2 57 24 35 20 88 95 29 7 38 36 67 42 6 88 63 54 58 46 80 18 20 20 56 25 52 59 39 95 24 4 72 60 97 89 95 74 71 3 47 24 86 53 56 85 3 34 88 5 95 90 87 17 99 48 77 8 18 82 13 6 27 88 42 68 69 51 27 19 72 6 24 66 16 13 0 93 43 31 98 69 81 41 18 91 32 68 58 2 14 65 55 41 0 3 34 62 57 97 83 61 26 99 81 41 64 91 80 75 97 21 35 86 19 78 56 38 21 84 54 34 57 13 56 44 98 77 53 0 60 83 
91 21 35 51 44 1 4 1 62 29 46 46 76 55 21 96 48 12 78 41 82 47 17 26 93 11 48 67 53 48 47 16 37 81 50 85 27 32 50 27 59 71 15 15 20 35 34 32 49 31 53 20 18 8 0 75 84 57 7 14 73 63 64 19 8 95 76 51 93 62 43 82 2 3 80 29 15 69 94 9 38 84 97 23 6 86 29 98 0 8 80 44 41 7 5 28 59 52 1 58 19 77 82 47 95 17 69 43 42 21 18 31 11 32 26 98 34 7 33 81 7 26 92 39 95 8 19 92 63 63 52 90 30 30 78 43 32 67 2 58 33 35 17 47 30 1 60 2 8 85 49 61 73 70 28 95 93 65 37 13 45 42 37 52 86 90 54 96 13 61 6 93 63 8 86 95 89 59 62 43 8 83 50 97 41 11 14 9 54 38 9 40 59 10 63 73 43 64 19 45 8 29 49 17 29 82 21 86 22 34 29 69 34 2 68 71 63 42 52 60 24 24 32 29 13 24 49 13 66 47 41 59 55 36 31 60 40 26 93 33 28 76 45 60 96 33 6 82 46 23 65 40 69 60 41 68 39 22 70 43 12 46 19 17 57 80 50 51 14 49 15 35 17 31 8 77 65 66 48 42 15 88 78 80 10 61 96 39 87 50 58 37 27 99 3 43 72 8 43 61 52 73 38 76 49 63 32 59 79 28 65 15 99 11 28 24 14 27 30 18 90 35 88 24 52 33 49 54 75 74 50 81 90 62 53 27 83 2 52 40 69 20 47 70 30 21 90 92 12 43 47 77 49 98 8 13 53 28 91 83 94 33 50 64 10 83 81 19 69 84 99 3 81 39 7 49 65 18 64 24 8 12 42 36 95 8 38 98 48 80 73 28 70 73 59 96 27 72 51 26 8 34 67 12 49 2 20 55 37 34 98 14 66 83 19 64 77 14 29 93 16 42 94 65 67 49 25 13 63 23 57 52 49 97 50 84 21 0 26 52 37 38 26 37 78 27 57 34 93 24 1 86 73 49 58 56 60 23 38 11 47 42 57 9 49 27 20 29 21 0 34 14 52 53 62 38 19 45 41 60 44 32 80 33 85 43 1 29 59 60 5 47 35 96 29 49 11 93 43 7 
41 3 58 35 81 60 44 6 92 66 89 41 6 30 60 61 97 12 38 1 19 42 17 29 96 80 80 15 62 83 67 80 43 34 14 53 47 49 5 43 12 42 35 69 93 35 75 75 15 60 5 98 24 22 76 49 11 62 55 23 5 2 67 77 81 52 24 1 34 17 9 83 38 70 58 42 48 13 67 27 80 2 59 57 23 31 62 3 28 97 52 11 34 78 3 25 72 29 46 5 11 2 52 88 62 13 96 26 31 75 98 86 66 21 25 63 56 24 94 87 80 93 71 88 97 83 33 73 16 26 42 41 77 65 65 17 84 85 81 76 49 40 74 66 43 90 25 34 65 86 27 65 94 55 6 75 99 28 15 1 14 60 13 67 61 57 5 57 85 32 3 73 0 30 71 74 48 96 33 7 61 78 96 82 62 87 98 25 66 78 67 46 39 70 61 32 1 44 66 94 11 35 80 91 28 28 54 23 27 92 65 59 74 11 69 89 44 26 21 79 15 55 23 39 94 66 71 34 61 70 25 86 76 22 12 1 49 22 90 34 63 12 9 64 39 10 18 0 46 11 28 77 62 25 50 87 14 87 48 38 49 4 31 70 77 76 91 90 80 65 24 82 67 18 37 81 74 78 70 32 58 34 9 87 5 53 54 4 60 85 83 69 24 26 98 31 36 42 61 86 76 28 45 73 17 81 22 45 71 89 5 49 70 61 20 7 90 96 44 13 35 60 47 36 24 6 61 74 24 87 13 98 38 65 78 55 79 12 47 21 34 46 36 68 3 21 83 85 67 96 63 9 61 52 47 62 13 29 28 68 31 73 74 99 96 91 74 10 57 95 4 5 73 74 1 73 51 29 37 94 2 84 54 77 43 4 55 95 66 50 59 77 90 80 25 63 41 58 63 19 70 67 86 73 66 47 78 19 13 11 3 93 26 70 28 68 32 23 74 70 93 31 99 0 56 38 42 47 69 72 26 28 21 9 38 88 74 46 53 53 19 94 47 8 85 76 71 58 21 68 4 82 6 78 6 86 17 39 51 75 29 7 81 38 55 48 75 76 54 13 78 14 93 72 24 0 18 59 70 12 71 72 31 88 49 30 75 12 41 99 53 95 15 96 68 94 81 93 78 54 
71 78 50 60 5 85 5 62 9 63 40 18 9 99 14 58 77 52 40 6 47 90 39 82 18 91 27 33 50 96 2 90 78 63 38 93 69 47 86 21 10 82 28 72 35 25 12 81 84 72 46 64 37 41 41 11 14 37 97 6 98 80 19 5 53 71 9 83 22 78 73 27 60 73 9 62 55 95 50 78 22 21 74 44 94 96 98 1 61 24 26 22 57 0 79 24 96 79 40 47 87 36 49 27 1 47 14 94 82 38 24 48 8 49 72 35 21 50 94 87 55 48 65 20 2 68 55 22 93 44 74 82 39 25 77 0 70 25 33 83 20 98 7 75 33 17 46 92 39 59 70 0 97 88 24 35 35 6 93 49 6 29 26 78 38 54 36 66 67 26 10 88 69 88 56 31 23 82 39 91 5 97 45 57 93 13 98 15 90 93 33 70 58 27 25 40 0 93 61 18 97 15 6 9 52 43 85 58 76 52 29 8 24 51 71 84 5 14 97 21 64 89 35 78 30 43 5 52 69 37 53 32 52 31 69 95 73 43 91 10 63 1 64 79 59 58 31 20 25 86 83 16 84 4 94 72 75 39 67 98 96 96 25 77 62 8 26 7 14 97 71 6 15 22 71 56 31 5 56 68 10 49 29 86 25 84 53 80 93 99 25 20 63 8 32 88 9 22 47 65 7 47 68 99 99 48 67 70 21 11 83 93 96 78 72 91 88 79 5 44 70 37 60 24 73 18 63 79 40 26 84 7 3 94 87 29 79 99 40 71 40 99 14 83 48 51 44 24 98 7 55 40 97 78 15 19 56 64 13 93 36 66 41 55 46 5 74 58 28 4 43 2 45 34 22 43 12 61 25 37 0 66 39 63 72 64 59 92 70 24 38 52 69 53 93 90 30 18 80 47 57 10 48 3 23 32 97 3 62 12 74 73 14 29 73 53 66 75 86 47 10 24 17 79 90 13 54 12 46 26 25 10 57 93 93 90 21 87 55 69 87 61 2 53 66 32 54 41 42 61 67 64 32 64 58 86 94 18 23 89 23 37 79 21 33 54 47 97 84 84 68 71 41 11 27 0 2 35 89 71 86 18 50 77 50 9 60 71 32 69 73 9 56 17 64 77 80 99 82 6 
76 59 90 48 38 10 28 73 18 88 55 65 10 3 88 16 70 71 87 69 15 41 93 8 83 73 31 53 40 73 57 78 35 94 73 70 89 55 54 98 42 97 55 14 83 56 25 44 75 55 20 21 65 37 82 92 49 69 43 70 23 9 72 69 71 82 91 6 8 6 53 10 72 53 66 16 80 85 49 26 64 1 72 19 96 28 40 70 73 39 81 57 2 90 74 41 3 16 78 26 98 81 94 63 16 69 7 88 96 68 20 25 44 82 23 39 0 65 98 84 50 19 76 88 8 3 41 40 9 57 40 4 66 92 24 39 10 11 41 85 27 50 26 94 33 88 47 56 64 81 84 41 69 74 5 44 43 17 60 43 22 37 89 42 46 86 29 2 59 93 15 57 54 46 29 64 67 46 28 45 0 24 51 67 6 35 17 45 0 0 17 40 42 35 46 23 41 5 78 23 12 32 82 85 10 67 74 8 23 6 97 35 71 11 10 34 48 74 3 15 69 48 16 4 21 34 35 0 45 3 55 91 51 40 60 89 39 0 80 91 1 29 92 26 44 81 44 61 30 78 84 14 40 92 80 60 33 29 42 79 43 82 13 16 53 26 78 86 3 99 90 0 36 5 38 78 31 93 93 26 33 49 54 62 3 18 29 23 45 23 84 88 43 73 28 35 81 91 83 76 0 74 98 48 73 4 52 0 13 73 1 67 18 5 18 52 76 48 99 70 20 34 48 58 73 43 31 30 33 58 34 14 53 3 76 90 63 15 9 59 86 91 31 66 46 23 38 37 85 6 4 17 45 35 29 11 79 33 1 76 45 13 36 86 13 1 91 68 87 24 23 70 94 97 95 89 55 82 10 31 83 50 88 24 17 98 85 92 78 62 93 37 42 64 15 83 96 32 89 66 1 0 68 50 20 47 94 41 53 61 37 3 56 25 98 8 9 49 55 46 87 57 66 25 68 28 12 21 84 73 2 20 24 28 58 45 54 25 68 45 8 56 16 23 58 93 54 87 48 78 91 15 0 32 41 17 20 52 85 72 50 51 9 33 12 72 82 11 79 34 64 92 67 42 5 18 77 55 14 37 58 43 42 25 22 72 68 64 23 47 30 81 10 27 45 43 0 22 59 8 
52 7 99 39 64 10 80 59 82 37 36 89 38 68 74 86 61 3 79 85 49 3 63 90 82 1 86 45 48 60 20 8 18 44 78 72 83 75 94 87 43 58 49 60 4 42 31 82 72 63 61 74 87 60 68 98 80 9 37 89 34 33 87 26 23 0 65 13 45 10 94 81 73 32 12 50 71 50 76 72 38 42 51 61 68 11 89 81 11 83 9 3 36 62 65 60 80 23 20 6 97 64 71 72 27 53 8 4 49 37 27 50 73 48 75 98 54 5 14 72 91 81 17 26 59 26 34 12 27 71 69 75 92 94 13 75 34 8 33 41 38 94 27 95 52 31 11 11 1 40 9 62 88 3 13 41 46 94 75 91 11 57 97 70 72 45 46 85 63 36 53 67 79 3 44 80 81 6 12 71 21 33 57 68 50 59 47 74 77 16 39 33 27 6 73 58 78 68 54 10 90 68 46 19 40 29 15 66 36 83 19 22 58 17 6 10 32 46 89 44 5 53 65 41 59 53 79 98 41 42 70 56 72 3 83 37 42 44 82 23 21 10 58 83 11 32 12 4 56 28 83 6 84 19 61 24 94 12 46 99 27 59 80 61 11 75 45 56 62 61 71 63 82 76 15 48 8 68 34 0 74 44 32 86 11 82 90 45 38 51 65 58 92 58 83 55 70 94 19 31 34 59 96 1 37 61 17 25 44 79 21 75 53 91 12 29 9 39 19 93 80 79 75 46 20 24 86 25 7 74 55 21 38 83 46 86 69 52 9 57 97 64 94 3 32 87 4 43 80 15 9 44 10 35 63 77 36 31 32 32 31 32 19 80 20 18 13 40 83 32 21 89 19 90 77 97 90 81 2 52 80 46 91 77 97 99 17 57 73 85 87 55 13 65 7 25 92 85 41 4 12 5 29 67 10 40 91 62 58 75 26 12 74 74 74 77 14 58 11 28 80 30 46 20 95 22 22 42 88 99 82 60 38 33 87 42 41 75 61 17 21 19 70 98 60 93 61 42 85 37 76 71 20 78 11 59 16 45 54 30 49 65 64 15 96 65 24 80 54 62 33 92 50 84 93 31 83 95 10 64 54 80 92 96 19 54 26 9 28 91 32 75 69 67 81 51 15 71 99 26 
45 12 66 32 94 40 79 69 28 59 54 67 15 35 60 44 81 64 34 77 53 91 95 3 19 49 94 77 12 41 52 62 52 3 30 91 8 73 92 23 29 16 79 64 1 15 48 61 61 4 48 51 94 13 54 24 11 23 36 50 65 52 40 89 75 62 69 17 37 21 0 85 95 35 46 39 11 2 39 74 67 43 36 71 86 69 2 18 14 71 66 2 80 20 9 25 46 42 17 47 88 57 0 16 10 35 36 47 28 7 62 71 38 93 35 56 35 1 99 33 55 45 41 48 6 76 23 19 59 74 67 17 41 60 62 9 28 39 27 3 54 12 30 26 12 71 74 27 34 43 62 75 50 55 70 29 71 50 88 39 74 37 32 97 32 31 92 1 43 53 0 71 86 53 29 24 27 75 48 3 7 97 93 16 12 42 51 68 99 30 58 5 43 11 78 73 97 61 49 96 48 50 48 74 37 2 21 54 36 49 98 15 32 41 75 61 12 37 48 39 92 32 88 99 81 9 8 91 98 32 61 18 64 42 5 84 43 87 37 74 97 9 10 9 25 61 39 25 73 78 89 3 73 91 39 17 26 92 42 68 65 1 86 0 52 78 28 95 82 58 17 83 24 78 54 82 95 5 90 48 1 49 52 69 73 99 10 18 29 56 80 66 17 75 63 16 18 86 62 51 97 3 34 76 58 13 36 28 30 96 42 38 7 50 55 8 30 79 62 61 82 22 44 77 43 43 15 14 40 72 17 52 35 53 37 42 90 79 74 75 65 6 51 62 81 72 70 47 52 31 29 20 30 27 73 74 40 62 13 85 42 36 63 97 48 23 92 59 81 33 86 24 97 62 50 78 99 87 46 16 61 44 37 97 52 58 42 77 93 28 91 74 90 97 3 14 90 35 56 94 37 32 2 78 59 30 14 46 17 92 11 77 24 61 86 9 3 74 79 39 41 67 74 84 95 17 0 78 15 75 90 70 93 72 87 21 52 31 58 26 0 70 93 56 32 73 90 24 1 11 79 74 97 39 50 92 44 24 6 40 96 48 41 69 32 47 51 99 29 24 54 87 49 28 53 3 61 36 76 70 42 94 88 85 55 82 52 47 74 44 21 31 54 33 47 34 95 28 69 53 
77 66 95 3 51 32 67 55 16 13 23 37 62 18 83 93 99 4 42 30 42 9 41 10 65 81 86 59 72 91 90 80 11 8 26 28 13 13 26 65 79 10 19 60 91 17 62 6 36 85 16 38 72 4 63 95 95 70 45 22 90 89 20 40 49 69 92 14 99 51 44 91 64 74 44 36 78 49 26 87 70 78 33 41 44 23 50 97 2 5 14 89 80 3 52 5 35 94 38 59 3 28 8 90 74 75 43 9 88 26 51 54 22 43 22 67 3 7 2 8 54 38 59 45 37 94 22 87 24 48 45 2 26 25 5 11 8 31 76 93 73 47 99 70 80 81 47 5 35 96 83 85 78 39 77 92 38 81 51 97 87 63 17 10 24 44 89 82 81 32 12 6 75 44 46 18 73 5 70 59 73 9 89 52 10 57 2 57 84 80 80 75 63 65 94 28 91 21 17 97 55 98 4 7 0 87 16 7 26 72 12 82 84 67 75 83 72 51 0 57 38 60 82 56 14 91 15 39 29 57 74 27 49 80 95 93 37 10 88 58 21 6 78 41 8 38 1 71 61 92 77 82 63 15 42 78 1 49 31 79 15 4 6 81 88 15 81 56 63 77 20 98 34 67 42 0 3 62 21 42 13 21 72 72 21 66 23 93 46 79 33 22 26 28 84 24 13 80 23 28 39 60 67 75 6 38 85 50 82 77 79 46 64 62 30 38 37 37 95 21 21 82 99 78 9 27 80 31 91 6 56 14 64 23 51 10 37 79 7 11 4 25 69 99 63 20 50 81 69 91 26 53 75 14 94 73 5 17 5 62 8 19 6 72 37 93 57 12 50 8 8 82 22 42 8 33 85 84 91 70 38 52 18 61 79 93 71 0 29 38 2 49 77 0 59 14 28 22 18 0 29 32 96 49 76 49 25 84 80 86 29 67 72 67 27 56 63 87 58 73 69 9 68 94 82 92 22 73 10 66 15 26 91 12 24 15 19 84 44 15 94 97 0 80 59 0 10 93 11 48 37 67 51 14 25 11 50 88 5 98 65 75 82 93 74 88 63 45 56 26 74 30 62 89 36 70 69 43 53 46 27 77 18 10 63 59 68 83 37 64 21 55 86 45 19 74 1 41 75 50 
41 41 63 62 56 82 99 34 69 35 13 17 37 46 90 40 43 41 96 67 11 28 85 14 28 12 74 5 8 60 81 67 8 33 83 1 15 5 28 5 45 19 50 11 78 33 47 87 65 67 33 86 26 1 9 43 6 82 38 74 81 51 95 99 70 34 99 94 8 9 99 85 93 90 48 22 54 27 67 45 95 99 6 82 31 15 65 53 47 44 73 67 61 52 91 34 54 50 31 59 79 5 98 27 80 81 21 21 67 65 76 95 94 51 10 49 89 4 92 7 59 87 25 11 40 18 92 78 83 38 77 35 31 53 72 87 2 52 84 58 39 46 87 8 67 61 34 24 6 66 5 18 86 9 18 42 4 8 63 5 97 51 89 63 29 19 2 14 44 20 60 31 69 69 3 4 92 5 46 80 85 14 16 93 92 19 21 63 64 59 73 28 68 75 66 50 18 82 77 81 2 9 24 82 62 40 63 25 19 19 25 89 24 59 42 13 5 26 54 26 16 73 3 91 34 19 97 12 2 75 22 64 97 53 77 11 82 83 43 66 53 43 66 8 80 6 50 26 36 42 4 70 45 10 85 10 47 49 65 91 8 39 76 61 54 30 48 52 25 19 14 92 58 6 88 55 34 62 9 89 29 88 62 99 4 7 34 52 58 89 60 53 12 84 17 34 22 71 91 37 13 54 87 98 30 92 19 20 22 96 34 23 7 67 48 83 99 19 94 80 42 93 31 80 41 64 14 86 98 68 3 9 95 43 98 34 91 51 84 63 43 38 5 28 84 53 77 72 80 39 57 89 36 74 78 70 25 64 3 48 42 96 16 29 95 40 52 12 18 23 63 38 75 48 42 58 12 92 70 4 64 37 48 84 11 17 57 53 56 16 48 85 39 80 41 6 23 11 62 59 54 81 58 45 47 23 76 9 3 12 56 78 83 50 7 54 83 4 78 43 38 71 87 44 14 82 13 86 44 53 55 86 92 81 40 75 64 55 38 11 59 10 30 92 39 14 72 32 6 70 33 51 8 47 62 25 75 74 45 44 68 85 89 1 12 84 59 0 9 30 3 13 2 33 90 92 47 78 68 95 34 80 32 74 66 18 83 22 72 99 71 48 15 59 4 6 58 1 68 41 
37 64 6 40 95 37 48 11 84 44 68 77 81 53 43 81 72 92 69 25 4 62 31 27 86 54 68 19 32 93 88 63 18 71 38 90 46 40 58 64 46 98 99 4 22 65 86 36 43 74 69 42 61 12 15 93 58 65 1 43 66 71 26 58 25 37 57 37 62 56 39 50 99 42 6 25 66 41 55 82 52 83 81 32 36 82 41 67 68 91 77 93 83 94 7 54 80 42 86 76 96 8 9 80 66 52 91 43 13 38 21 63 33 55 61 8 47 44 0 93 41 10 47 24 11 90 23 6 66 15 58 25 75 47 54 8 56 21 10 50 96 34 95 60 51 51 62 5 2 8 45 91 52 0 71 22 44 83 32 68 4 95 27 57 13 34 62 96 85 50 95 21 32 56 74 95 86 36 94 6 8 31 39 40 81 44 10 99 33 27 5 39 70 92 93 69 20 17 20 18 23 13 64 61 76 73 77 21 92 84 88 86 79 3 90 52 81 77 61 40 54 6 68 27 43 70 63 78 80 24 17 98 97 75 65 24 4 37 11 25 4 16 44 65 44 53 11 20 77 96 79 92 65 66 11 57 74 78 18 23 32 93 88 8 42 45 16 66 15 4 80 25 25 18 24 99 75 73 77 41 8 33 10 89 2 92 40 91 3 77 69 62 92 80 59 85 57 3 51 3 77 0 28 67 95 52 25 67 91 68 68 50 23 59 50 15 19 8 66 26 89 33 79 95 42 27 46 63 48 81 37 94 77 13 74 21 95 82 21 65 2 42 24 98 11 54 13 58 72 87 68 56 66 62 42 10 53 69 60 18 31 12 70 59 23 98 87 99 94 40 72 71 64 96 24 38 43 0 68 64 22 32 50 43 5 23 70 27 47 54 69 85 35 30 63 13 48 86 49 1 31 17 1 57 31 16 67 57 74 58 47 39 54 80 89 97 48 88 89 73 41 90 54 42 35 35 27 46 57 10 22 41 91 70 28 36 15 65 76 97 68 46 71 5 94 58 72 45 6 38 61 39 31 81 52 9 74 48 97 8 46 62 90 52 78 38 68 5 8 58 14 59 4 43 5 9 93 8 81 63 40 2 66 21 65 34 47 65 17 9 8 52 84 34 34 13 82 51 2 59 
11 30 24 59 15 13 13 7 25 85 35 32 61 13 50 77 97 18 26 16 26 33 76 50 43 92 13 21 92 82 39 1 73 12 98 57 22 22 53 80 6 72 42 37 39 4 83 3 32 37 23 3 25 46 24 16 52 81 45 14 31 87 54 37 38 64 48 33 11 69 64 70 80 79 3 88 46 35 63 5 50 91 52 68 33 1 37 53 83 58 90 9 0 68 36 30 86 73 41 7 21 73 14 40 58 83 68 1 78 97 84 33 56 58 86 49 38 66 93 86 66 11 28 93 84 60 5 79 20 88 86 54 34 41 13 55 49 24 63 82 50 68 81 27 13 68 74 21 74 8 76 39 48 11 27 89 33 11 80 26 76 94 2 15 83 96 70 60 86 1 66 6 17 82 16 35 53 93 19 50 61 32 79 14 74 5 72 52 66 88 7 96 86 73 9 42 41 50 45 94 80 44 94 56 52 21 49 85 57 89 83 10 43 33 31 78 79 60 54 73 72 10 30 45 52 62 96 12 4 7 28 26 44 67 42 6 92 99 10 4 60 0 21 78 81 6 4 56 61 52 64 63 73 2 5 85 45 26 9 25 63 44 1 72 95 49 90 10 32 83 51 11 37 11 32 58 71 11 0 42 28 55 43 2 91 55 78 59 98 72 55 93 53 72 57 28 37 31 28 78 97 69 50 91 73 15 42 86 68 3 55 49 34 34 83 61 43 29 32 61 4 17 95 92 17 18 69 81 83 27 84 39 90 1 15 51 83 7 54 84 58 74 63 63 38 92 12 69 42 1 42 13 19 28 18 12 66 50 87 13 24 23 72 86 68 41 91 2 30 48 84 45 71 45 49 57 34 25 99 69 68 92 1 66 33 43 77 65 65 16 34 56 34 40 56 24 37 89 57 70 37 88 43 75 90 33 98 84 60 45 16 20 48 33 68 23 79 96 48 29 55 9 59 41 3 98 71 73 69 37 86 74 36 1 58 59 29 5 72 19 73 40 3 39 44 54 31 82 3 31 63 72 72 25 66 88 29 60 67 72 61 15 63 2 46 80 57 1 78 38 59 30 31 58 2 41 96 14 56 54 16 29 92 96 47 9 65 52 94 81 89 47 55 67 96 24 15 29 8 55 
97 2 6 83 19 84 17 73 62 46 62 12 73 75 2 37 93 94 1 16 0 24 32 73 62 50 0 34 61 20 15 8 85 15 2 15 90 63 38 63 69 30 1 79 80 50 52 27 94 5 37 59 16 97 25 87 1 54 21 2 36 4 16 89 13 38 67 6 44 62 48 6 81 71 98 45 62 92 69 43 44 3 36 40 98 91 54 36 24 69 92 0 29 92 49 60 16 85 65 56 56 57 67 26 97 13 57 14 16 21 47 34 81 22 75 89 10 82 54 2 32 72 20 31 48 90 74 72 48 37 78 76 76 92 46 68 10 99 32 36 27 56 13 34 87 96 65 26 8 23 61 49 50 31 87 14 33 93 49 98 40 77 20 64 57 77 74 27 12 74 32 40 18 37 77 9 98 46 65 67 5 21 41 88 53 73 99 15 67 98 10 48 53 47 26 80 31 82 75 16 14 52 35 44 90 44 48 54 95 45 9 41 80 61 74 13 61 44 54 42 84 98 75 37 77 51 97 40 33 56 69 88 42 59 40 36 12 63 38 97 30 91 43 16 7 39 42 96 8 87 46 39 94 2 69 38 10 49 11 61 60 40 47 51 26 48 92 16 38 82 11 89 14 47 77 46 74 43 38 1 3 67 83 44 5 81 62 50 90 82 87 28 7 48 97 0 8 37 15 37 48 79 59 78 20 78 8 70 71 54 39 38 19 92 38 64 32 98 92 76 93 79 42 2 26 70 48 25 38 14 92 31 5 91 50 22 16 85 10 75 9 81 76 33 26 29 11 21 3 21 34 63 75 85 56 47 72 32 64 49 71 13 96 17 34 26 15 98 53 2 55 61 54 85 72 16 61 56 0 91 82 10 9 92 75 58 74 5 2 54 95 99 95 80 30 22 49 73 81 60 38 10 66 99 31 9 79 56 29 12 70 52 25 53 77 42 55 70 1 44 71 94 77 19 62 63 24 26 33 27 50 56 37 33 77 3 95 76 25 54 90 47 88 33 98 32 97 1 52 3 81 13 38 19 85 12 34 57 43 47 90 85 42 60 59 0 10 13 75 12 4 26 11 35 47 36 45 27 98 93 35 41 92 42 16 53 14 76 19 45 39 66 44 57 76 72 27 65 89 89 
71 96 29 4 22 48 18 46 74 19 81 30 71 63 99 79 17 5 38 96 11 72 25 20 97 54 35 66 26 44 66 43 24 19 74 30 25 65 6 57 20 59 82 79 92 88 15 38 59 12 11 46 16 36 53 20 63 27 99 30 30 52 13 77 67 60 54 11 88 9 98 50 4 19 72 35 24 87 43 69 61 27 84 52 80 8 49 70 52 85 57 18 73 98 60 54 82 83 52 57 65 26 46 32 70 23 83 39 74 38 51 23 48 28 85 31 12 13 94 3 91 78 63 61 49 89 53 1 72 92 16 40 18 32 78 98 52 74 5 45 43 68 38 33 16 31 75 88 91 21 55 25 23 23 12 97 52 74 88 57 50 77 31 59 61 34 30 93 73 14 99 32 77 87 65 40 8 16 2 16 81 35 36 0 7 59 65 32 37 60 47 36 11 68 65 96 60 65 71 94 58 40 16 44 26 2 86 93 9 8 21 76 78 38 34 47 26 78 0 43 52 20 34 81 68 93 10 17 68 55 60 71 29 13 26 23 80 90 65 76 82 75 15 82 54 85 1 34 79 15 54 2 17 80 85 87 26 2 8 55 20 60 62 5 65 86 65 92 98 34 36 64 58 20 61 19 26 94 60 57 93 26 31 64 66 62 98 55 31 3 1 96 68 55 56 92 22 53 13 22 63 4 86 85 21 84 87 65 81 83 4 99 66 87 35 15 87 99 12 43 44 11 75 8 83 11 99 27 23 5 83 17 70 67 52 17 35 52 61 76 36 62 35 21 48 72 87 26 98 96 38 82 72 80 17 24 18 5 20 9 47 59 91 46 46 21 43 80 81 16 26 71 44 17 54 75 22 45 26 51 83 61 56 83 48 88 72 57 99 56 11 36 58 79 4 20 0 75 48 89 19 25 93 69 52 66 31 33 86 9 98 64 30 72 52 47 40 66 7 19 38 53 12 96 25 41 74 66 75 71 59 0 64 74 79 4 60 16 91 65 31 17 70 69 3 44 94 67 14 30 19 94 5 62 32 45 48 33 32 70 56 13 42 43 29 72 28 23 68 75 37 98 28 65 55 38 61 11 50 60 32 59 57 20 47 15 48 70 37 39 21 18 52 65 71 58 21 13 70 59 
41 23 76 16 94 49 91 66 52 82 0 33 52 28 82 55 64 5 67 15 28 59 67 56 32 61 69 20 61 33 74 7 86 36 72 94 45 80 3 71 1 15 48 85 35 80 77 89 66 61 34 98 42 24 35 74 23 0 35 55 38 31 42 17 11 3 95 73 69 50 69 86 19 50 54 37 58 10 94 58 5 18 46 70 83 39 84 3 40 1 8 15 11 40 24 65 95 4 37 73 14 11 87 43 73 78 20 36 85 76 72 41 96 16 4 95 37 95 19 39 75 87 2 73 50 75 24 69 9 16 67 50 37 89 20 26 25 58 1 7 66 3 25 77 45 19 89 18 15 88 49 24 49 85 56 26 58 87 50 49 85 24 6 27 32 57 11 56 66 95 58 19 29 39 43 23 5 53 68 73 15 17 68 23 71 20 92 76 5 38 65 33 49 88 51 11 71 5 77 63 31 61 63 28 70 95 6 31 61 1 6 0 93 46 92 69 86 79 80 61 77 7 10 99 85 19 18 37 43 29 14 22 39 92 63 56 18 72 83 94 66 92 45 88 42 78 31 5 20 51 5 19 6 4 69 77 24 19 60 35 11 95 1 74 8 19 25 43 13 13 95 82 38 75 97 95 69 87 58 27 10 63 55 70 35 62 87 82 41 30 94 45 19 23 54 98 54 46 12 61 89 58 16 69 92 2 85 3 26 66 86 27 57 43 64 48 5 78 16 53 66 5 99 58 21 59 9 23 48 97 99 33 48 38 29 85 78 16 84 71 67 15 93 30 15 74 65 78 7 76 18 73 86 68 91 77 3 71 94 21 20 10 61 88 4 34 4 75 28 19 10 70 58 31 81 57 33 98 96 46 73 89 67 51 32 42 43 53 24 86 48 98 29 91 29 95 81 86 53 87 79 34 30 38 90 67 7 35 60 93 76 51 18 59 57 70 39 10 22 93 31 13 30 63 39 57 21 32 55 87 68 94 69 83 93 65 22 84 5 48 87 73 20 21 14 30 52 59 44 59 2 66 52 20 90 7 62 6 2 14 52 92 31 22 22 63 75 57 78 54 68 45 64 15 17 57 80 9 93 22 30 54 47 53 25 67 51 22 27 57 12 9 71 73 18 77 9 5 68 89 
8 53 67 19 74 32 68 94 91 73 89 65 47 89 39 71 0 79 88 23 67 3 0 97 14 74 2 48 54 83 8 59 73 63 6 40 21 61 25 6 74 39 92 74 94 40 66 94 19 18 4 5 1 86 79 5 28 55 78 88 74 86 67 60 21 99 16 75 52 29 48 37 46 75 51 1 45 80 1 32 68 83 59 4 46 91 22 5 96 48 60 20 84 0 63 78 13 42 47 89 82 54 34 59 17 42 18 56 85 41 71 21 95 17 38 34 80 1 90 93 78 68 43 2 49 49 63 50 11 46 60 55 95 87 88 92 23 48 79 84 72 55 18 94 28 93 80 70 28 54 1 85 37 69 4 81 79 71 12 19 69 42 8 87 9 36 35 72 82 82 80 76 28 15 9 61 26 47 51 63 59 66 23 96 19 18 25 24 64 60 63 94 30 2 27 90 49 4 40 11 27 20 6 48 86 22 42 19 51 72 54 46 37 70 28 65 79 53 38 51 17 56 28 14 98 93 12 69 14 78 70 53 14 77 53 34 74 53 8 33 87 44 66 22 14 61 74 95 62 72 9 49 10 61 42 98 69 61 14 58 82 36 51 0 72 74 28 68 26 27 62 40 56 19 97 69 12 37 49 16 44 90 20 31 57 50 22 73 81 98 62 32 57 71 2 27 26 70 14 74 89 73 19 68 9 13 45 52 31 57 82 61 48 35 57 93 45 52 24 99 56 31 37 12 85 24 83 19 56 18 82 33 12 2 7 21 63 93 59 44 46 60 36 86 31 37 79 72 85 59 71 26 94 39 67 46 20 54 3 83 4 98 29 41 11 34 19 32 66 54 8 81 92 93 84 22 59 44 56 0 1 47 42 9 79 47 94 69 33 79 11 89 3 14 59 53 20 8 27 72 2 18 63 39 69 44 43 36 71 42 98 67 83 72 13 18 64 73 73 20 58 48 68 42 55 14 78 2 18 27 13 63 20 12 90 32 15 38 34 55 47 86 96 26 37 67 82 6 47 78 5 47 51 73 49 76 13 87 82 62 52 99 74 4 39 9 71 7 81 46 15 12 94 28 80 53 57 67 60 40 63 85 0 84 12 4 83 76 31 40 87 76 97 99 46 48 75 31 74 30 
32 27 8 29 66 1 38 29 37 56 36 61 32 19 46 7 38 92 54 69 59 34 10 16 65 21 17 33 3 27 17 81 49 7 78 6 14 74 70 24 18 81 10 44 83 78 98 52 38 55 13 34 83 80 28 34 1 44 90 10 11 99 97 96 85 10 69 84 19 75 71 96 56 3 19 7 76 7 95 6 72 40 71 50 82 16 67 39 25 25 74 99 41 83 87 84 76 42 79 28 47 38 43 97 24 52 91 23 93 2 61 24 12 95 16 13 5 56 90 43 75 54 36 55 2 66 18 58 3 32 63 67 69 85 31 53 68 80 8 44 62 1 30 9 55 33 39 80 96 88 79 47 78 6 76 20 14 56 87 68 65 30 37 50 89 49 3 63 18 19 75 48 30 26 40 59 35 74 37 72 72 70 53 92 51 68 77 63 2 56 43 88 53 11 28 76 82 26 15 90 89 74 20 55 84 37 35 44 36 22 82 96 17 87 86 55 25 18 46 32 84 35 13 9 56 44 50 93 73 57 45 54 94 51 95 53 36 68 98 72 78 4 47 30 28 88 32 23 98 18 28 45 96 59 94 6 40 8 84 51 69 39 23 55 4 82 62 29 82 91 50 91 67 36 40 93 37 95 60 49 40 78 28 90 55 91 89 50 68 74 38 6 12 44 96 64 98 54 53 17 45 67 73 50 97 60 69 3 68 14 20 38 18 23 7 54 35 67 64 88 45 68 62 48 64 25 76 53 79 69 18 49 28 32 46 65 73 64 26 5 97 55 76 71 99 48 57 22 41 85 24 51 78 55 35 62 15 59 88 76 99 18 34 33 27 86 70 72 25 18 77 38 83 93 16 25 91 1 23 28 18 45 99 40 6 32 90 29 17 3 69 54 39 14 71 63 12 35 8 45 47 48 37 82 42 61 83 99 58 44 35 53 93 60 18 13 71 64 71 2 24 41 31 29 17 46 65 88 69 25 20 9 41 27 44 76 31 82 81 41 23 58 99 78 56 78 29 57 27 43 72 38 85 96 8 94 12 45 13 34 25 62 76 32 20 28 7 18 73 90 26 5 45 6 19 93 52 18 79 71 3 8 75 61 61 83 77 31 75 3 9 24 30 63 98 43 19 40 69 42 
14 30 27 67 96 41 48 33 41 91 58 22 88 66 85 83 22 19 14 14 80 39 71 9 79 25 14 45 58 41 35 46 92 18 72 89 8 73 14 65 71 85 2 60 65 68 75 37 17 49 23 62 28 34 40 13 52 55 14 91 28 50 29 79 21 6 63 74 19 69 30 69 4 12 33 23 57 24 60 8 84 46 30 46 83 15 53 63 13 90 31 63 49 21 2 37 71 88 98 96 85 82 86 18 45 3 83 32 8 22 81 53 40 38 54 64 93 60 78 62 8 48 8 79 53 72 42 60 97 66 0 76 92 35 5 32 97 27 36 23 99 3 93 58 1 54 25 5 55 70 71 20 14 88 19 67 11 96 28 45 78 34 35 41 10 65 4 29 7 7 38 13 61 99 44 11 4 53 98 18 11 27 98 72 23 42 98 82 52 88 73 0 38 30 39 13 10 11 42 37 45 71 46 61 96 52 9 53 29 38 96 15 79 52 6 84 19 89 85 70 88 67 79 86 37 96 40 33 31 34 82 4 86 41 7 84 21 89 50 11 7 23 6 11 60 59 58 53 57 66 0 40 43 37 50 50 53 47 77 73 80 40 63 81 8 54 62 91 95 74 53 70 27 50 63 69 4 7 95 13 65 39 86 1 62 38 77 88 56 8 80 28 28 18 17 12 30 86 38 80 36 70 36 83 2 57 88 42 58 48 12 20 57 50 3 54 80 94 90 79 66 98 75 50 21 76 54 53 22 9 11 28 17 8 4 84 83 31 97 24 10 10 5 12 49 37 13 74 44 68 81 23 30 65 44 52 49 18 46 27 78 82 11 25 2 61 30 87 84 29 29 25 25 34 60 74 89 22 29 55 16 12 66 38 33 38 11 56 62 60 6 51 58 24 21 76 50 62 75 20 96 3 43 6 30 20 40 82 28 5 66 34 24 47 59 88 79 89 2 23 14 70 41 64 25 7 52 78 26 14 65 39 36 36 45 58 48 74 94 76 14 61 10 79 46 50 30 64 87 60 2 5 73 86 33 33 79 11 11 47 26 79 94 27 40 99 60 25 39 31 14 5 57 72 57 49 78 93 98 69 67 91 29 96 16 56 76 58 59 89 12 62 79 17 19 95 59 67 79 85 
75 29 9 15 58 14 63 63 93 88 92 56 36 80 25 56 17 1 91 46 33 74 23 98 19 71 31 65 16 70 29 11 39 97 72 33 43 14 85 58 15 24 25 88 96 11 4 66 40 62 65 9 25 97 63 38 66 63 14 49 80 59 33 85 69 29 12 7 47 82 17 3 30 99 28 5 86 91 38 79 95 72 70 84 53 56 8 94 0 43 34 39 33 69 6 71 62 47 88 87 51 55 63 48 58 28 51 15 72 47 16 25 65 56 98 58 84 53 27 65 14 92 84 81 12 7 91 6 62 73 16 66 1 65 4 72 20 75 88 28 54 24 25 64 42 86 69 81 96 54 61 80 64 10 89 17 16 82 1 60 18 79 16 48 59 40 38 84 19 62 7 87 11 84 66 65 10 5 45 16 98 16 27 86 96 91 56 67 40 95 9 34 0 65 59 99 70 37 0 56 5 98 95 64 67 15 87 65 4 96 54 57 13 2 65 59 39 50 11 86 55 94 83 39 37 75 7 55 81 76 5 29 54 49 0 63 72 9 4 90 41 57 57 46 62 71 39 26 94 35 29 74 33 42 83 20 60 29 50 68 34 40 57 92 57 6 13 89 83 77 61 56 23 38 84 88 18 41 67 93 47 41 77 63 52 32 82 79 9 84 37 46 73 65 16 48 88 92 67 98 94 11 56 69 49 9 53 12 94 62 35 60 44 24 34 58 92 21 92 82 39 38 42 81 16 72 98 27 97 31 2 98 11 19 18 0 53 17 89 40 37 48 54 18 99 40 4 67 19 13 27 16 16 82 67 65 43 93 31 33 26 58 86 24 73 6 58 51 1 38 7 39 52 84 69 26 77 75 10 38 42 62 26 52 13 45 40 28 56 77 83 57 95 52 1 44 34 7 64 55 39 50 59 53 3 73 89 49 31 55 84 95 80 24 4 10 57 21 41 82 94 42 16 60 72 37 17 57 2 4 84 44 54 87 71 3 65 82 51 29 75 7 15 62 36 18 13 72 40 64 35 25 76 28 80 26 35 29 87 56 59 95 35 31 7 94 4 84 3 4 55 43 1 23 43 54 63 22 71 83 38 85 67 6 34 65 83 80 86 77 45 38 83 55 25 28 49 79 11 69 
40 90 45 70 34 39 47 58 23 7 6 86 51 31 42 12 59 37 58 32 94 19 38 68 99 84 32 75 1 63 26 2 2 64 86 25 25 5 63 82 51 12 29 70 7 19 93 65 70 78 93 38 70 61 73 65 73 98 87 8 1 96 9 19 20 70 15 4 77 96 43 99 84 19 66 74 62 75 45 22 61 76 78 7 51 63 99 58 10 87 9 91 53 44 42 71 63 51 95 42 39 45 44 18 1 23 65 52 47 2 53 65 15 31 93 87 64 64 59 20 86 6 53 0 78 36 79 38 62 76 4 74 88 6 97 96 21 6 74 85 21 61 71 93 70 99 78 81 1 48 66 75 82 51 53 58 77 95 38 47 51 88 93 85 22 60 93 82 20 70 80 68 21 54 44 55 69 14 74 45 32 87 20 13 8 84 10 59 0 75 21 13 80 69 36 88 69 57 0 47 38 33 93 45 1 72 18 97 5 47 38 17 91 52 43 56 51 64 49 45 83 13 61 0 18 17 72 69 25 20 65 1 84 19 87 11 13 88 1 5 80 6 74 91 49 61 76 74 71 27 84 8 17 25 78 14 65 7 53 17 80 51 28 64 5 55 72 8 74 27 28 55 82 14 60 78 94 69 54 21 3 37 42 99 73 66 25 41 55 59 39 62 66 35 29 89 26 46 83 34 18 21 12 98 4 59 18 8 61 93 79 56 62 36 88 34 74 21 40 69 34 47 82 87 60 84 90 32 68 19 83 7 68 50 88 98 45 32 33 31 8 44 89 19 39 82 13 93 88 54 55 31 61 12 77 22 28 44 33 66 83 68 22 40 2 9 30 51 4 36 40 20 38 2 32 25 97 59 41 62 70 4 39 66 32 97 8 79 37 94 34 57 59 29 59 54 48 59 26 69 5 21 44 65 9 51 54 7 46 67 45 93 11 66 95 94 30 40 59 57 73 17 79 13 27 7 23 3 58 68 63 51 4 71 9 61 89 36 94 34 70 66 81 40 9 36 2 68 87 33 18 46 97 27 70 57 21 48 5 94 17 34 95 80 33 37 32 76 42 77 64 8 11 20 84 90 62 13 82 36 91 29 44 23 52 76 12 75 40 48 23 74 44 57 31 52 67 45 22 99 
3 61 52 6 65 25 16 24 78 51 86 22 40 96 82 51 52 55 28 97 73 73 9 51 64 98 21 0 48 95 47 35 50 62 64 97 75 13 73 33 14 24 53 80 94 27 89 85 69 38 91 5 10 91 90 6 86 94 88 39 67 65 25 21 25 95 21 34 96 21 9 96 3 32 80 20 38 7 48 32 61 33 27 33 42 51 29 91 78 26 48 75 1 70 22 88 31 32 8 28 79 45 98 82 28 34 70 28 68 1 88 59 49 59 32 28 85 23 88 93 36 83 52 69 85 32 3 81 91 45 50 20 77 58 64 42 12 39 29 62 41 6 90 71 24 18 25 86 55 4 40 13 24 6 79 2 15 14 15 43 45 74 79 36 63 27 7 20 71 99 98 65 83 52 69 13 89 87 33 17 74 35 19 43 22 29 99 32 39 34 80 42 68 26 96 73 98 53 91 49 17 55 70 56 76 94 41 65 17 48 66 5 25 56 47 67 6 0 96 11 94 23 27 98 11 78 0 46 57 38 11 85 11 18 62 83 51 15 82 57 31 36 48 30 72 25 69 92 42 95 9 0 1 79 31 30 87 19 15 62 74 84 82 79 15 57 5 53 10 22 69 8 46 76 68 67 21 49 79 6 58 64 21 99 89 66 38 95 13 86 6 63 24 55 28 1 79 35 78 64 99 23 36 85 44 32 36 27 86 92 49 91 26 86 53 78 91 91 59 23 52 57 0 89 80 79 92 56 99 35 96 8 19 85 77 55 69 11 14 51 38 24 84 80 16 16 61 94 61 41 67 88 2 41 92 77 54 62 56 48 76 19 3 21 59 38 94 38 21 57 94 34 94 7 50 40 33 68 35 45 57 31 9 1 62 27 23 40 71 89 44 5 72 83 93 41 42 35 76 30 18 51 71 59 18 73 58 40 8 33 66 2 54 51 7 67 72 22 83 18 85 98 8 27 88 90 16 57 51 62 7 92 50 5 24 13 86 59 27 30 33 84 45 88 70 94 93 81 75 68 22 28 50 30 59 31 82 11 3 6 74 69 2 2 22 88 79 3 36 41 67 96 79 41 24 95 43 88 71 0 9 83 45 65 3 74 48 19 94 11 46 12 28 23 69 99 91 44 40 83 
27 59 60 56 16 77 80 20 68 21 87 84 71 31 71 33 4 36 32 89 7 69 75 31 86 21 4 58 72 47 6 46 10 93 34 83 53 42 91 53 8 17 31 5 26 20 20 28 55 46 47 33 80 40 47 2 97 43 26 6 59 72 33 66 0 39 30 88 21 69 1 4 37 73 75 72 91 18 20 66 47 96 75 42 14 69 19 50 65 8 22 0 66 47 20 5 23 59 65 73 42 91 6 63 69 35 14 58 72 23 47 75 38 74 19 92 6 73 30 28 36 88 42 69 67 8 89 18 55 3 44 42 15 87 83 98 2 31 52 57 1 38 88 54 71 66 61 52 19 76 46 26 57 37 73 82 18 21 0 5 47 47 9 98 30 51 56 62 16 40 2 79 75 96 39 76 52 97 25 79 27 82 65 46 57 55 57 31 90 44 13 36 72 95 34 78 11 93 42 92 47 16 22 31 35 42 28 91 65 44 36 88 85 3 24 24 5 75 74 93 8 95 92 43 78 47 28 35 61 56 3 10 93 90 10 69 30 17 75 1 37 29 14 13 24 5 11 77 87 72 3 5 87 25 22 25 81 44 73 82 7 92 32 14 57 68 83 54 49 6 91 87 36 85 94 64 1 12 0 99 88 64 39 99 84 14 98 24 43 8 59 71 80 89 33 56 51 37 43 9 90 36 34 46 41 29 37 64 52 62 99 34 84 94 97 93 75 17 5 20 7 62 26 39 6 34 85 48 77 11 91 7 30 44 46 18 69 85 29 51 45 97 22 83 24 7 92 7 60 1 36 2 42 4 87 39 76 21 4 61 50 8 27 2 85 42 2 82 22 52 57 75 92 16 79 31 55 4 79 28 94 2 24 20 29 13 58 39 14 23 15 71 22 42 80 74 96 77 28 98 29 25 53 10 58 7 15 71 20 10 45 16 91 6 43 18 16 20 30 22 18 93 90 38 47 53 62 12 63 79 4 35 6 63 5 68 36 59 99 3 30 14 51 82 66 80 57 95 50 91 11 49 15 65 59 48 65 61 36 9 58 23 23 23 45 66 44 40 79 21 11 73 16 58 21 30 15 53 37 89 86 49 73 67 29 28 60 37 42 42 88 57 59 31 69 59 27 50 95 20 
76 96 56 63 56 6 75 17 67 92 77 91 98 16 10 33 96 33 35 16 26 1 35 33 24 26 32 37 14 51 41 47 10 8 18 9 71 84 59 10 13 50 3 47 37 73 26 61 17 43 4 11 55 33 42 87 28 31 62 60 36 90 27 0 75 75 77 64 67 73 19 11 61 24 84 55 89 89 59 90 18 92 61 96 81 77 58 4 32 84 81 0 66 3 67 75 57 34 0 24 31 10 92 42 83 90 87 55 86 50 4 62 36 3 2 9 38 19 80 10 10 89 25 14 19 48 0 76 3 55 24 6 84 80 14 60 74 51 44 68 0 78 50 5 35 25 36 11 40 2 69 6 15 9 50 44 82 72 44 33 3 75 43 57 14 3 31 72 96 37 1 99 87 60 84 12 63 88 89 99 5 89 43 87 65 38 28 14 0 83 27 78 90 61 27 5 37 11 49 43 97 15 13 15 10 46 50 31 25 40 62 80 26 12 43 14 34 66 40 60 51 94 86 2 40 95 56 91 45 2 73 27 10 23 6 28 93 47 71 36 97 56 15 32 32 91 83 40 29 95 79 21 81 19 34 45 69 16 13 62 83 13 19 50 87 68 23 5 93 1 74 47 69 37 53 92 2 85 28 30 70 89 42 19 83 17 16 11 39 78 23 67 60 12 5 94 45 10 55 31 39 27 24 29 95 74 22 22 28 14 92 85 38 81 62 96 93 7 1 37 25 86 43 12 11 1 60 72 36 56 81 13 85 92 15 9 22 18 61 17 99 3 42 43 92 83 3 86 73 48 80 71 17 94 96 44 34 61 52 6 6 18 14 92 80 48 88 40 97 16 74 93 38 29 5 93 81 11 25 62 39 64 76 52 11 6 86 5 3 87 33 73 0 29 73 65 49 42 13 50 56 13 60 1 68 65 75 13 54 10 14 87 34 32 66 23 31 14 43 86 60 9 30 13 16 97 59 90 83 33 38 98 76 56 62 32 55 75 37 81 49 69 74 92 33 99 78 14 91 67 58 41 62 53 64 71 3 97 30 43 53 9 86 39 14 11 91 8 32 2 42 96 69 4 72 18 16 76 84 64 68 68 31 87 7 33 0 56 43 46 99 20 57 30 82 72 13 48 23 12 
2 69 72 64 72 10 86 38 1 51 48 69 42 41 7 63 31 91 63 19 37 83 11 91 34 92 2 59 6 7 67 12 75 83 85 74 0 4 19 21 48 63 71 10 97 48 42 72 8 86 37 60 36 76 66 46 14 46 33 57 10 81 66 23 37 48 33 68 3 51 9 71 92 93 39 12 71 23 94 64 26 92 71 24 11 57 16 48 75 39 71 20 8 60 62 80 49 49 30 2 43 99 53 35 68 88 40 62 73 87 20 23 39 33 85 49 41 71 40 68 89 40 72 98 14 52 24 53 35 87 6 47 88 35 12 20 82 9 91 44 81 68 70 29 35 42 55 82 79 58 12 13 34 15 2 36 53 91 39 45 97 76 19 90 52 5 38 63 39 9 2 96 79 88 35 43 52 45 39 44 52 63 37 67 57 1 81 32 59 79 74 57 68 13 54 74 24 21 96 17 68 95 57 36 95 16 23 67 50 42 99 88 98 36 50 70 24 82 77 81 52 46 58 65 30 9 89 92 86 0 10 87 53 71 21 76 8 27 82 27 42 13 83 36 21 65 39 63 6 21 33 1 34 30 25 45 61 44 90 63 83 75 99 63 92 84 5 15 24 56 36 83 69 90 69 66 74 64 56 85 45 7 80 19 60 88 69 63 34 37 88 17 47 9 51 66 94 88 48 67 37 58 76 68 4 7 62 52 19 40 84 32 82 20 69 58 36 66 0 67 14 7 33 73 52 7 92 99 29 21 77 41 72 65 87 59 78 95 51 11 74 49 58 39 16 90 37 76 62 60 53 6 19 33 32 63 92 89 30 31 29 27 17 76 64 80 65 38 37 47 81 60 16 38 73 21 1 90 98 61 17 1 24 98 79 69 42 29 27 68 27 67 37 20 71 80 42 79 78 51 13 65 69 95 91 43 43 2 20 26 85 97 12 51 10 72 18 46 48 68 0 82 19 57 50 98 3 85 21 59 41 36 47 49 57 89 58 20 85 84 95 67 41 59 67 14 7 70 36 85 97 83 67 30 23 76 34 67 50 30 51 4 70 94 9 61 0 43 96 90 95 69 45 80 10 75 42 24 34 83 19 71 22 37 14 35 44 4 61 23 58 60 47 59 77 16 85 5 8 43 
46 65 9 25 32 35 96 29 21 78 15 77 69 83 54 2 42 71 46 27 25 53 4 22 17 37 7 82 35 76 20 39 62 10 81 49 87 13 23 21 31 86 52 48 16 54 64 5 19 8 92 66 74 24 47 95 64 86 51 94 46 19 68 39 32 62 5 64 42 67 31 21 98 77 57 58 37 30 81 53 63 46 10 2 44 42 53 47 49 26 92 43 8 97 6 49 26 57 13 55 1 3 1 92 14 87 10 97 18 78 88 1 96 56 21 54 80 93 73 61 36 91 67 9 60 13 93 25 29 14 62 19 21 93 70 55 1 25 83 63 25 63 40 65 62 13 21 45 0 6 83 30 80 14 5 1 56 72 79 51 24 87 3 64 7 56 38 14 71 37 89 44 36 56 69 52 85 79 64 25 91 34 9 60 57 94 3 20 34 25 78 45 4 30 4 89 60 14 95 41 79 82 94 90 38 74 40 23 84 4 82 67 78 98 76 98 38 91 13 8 92 78 55 68 34 4 30 42 92 49 28 94 93 67 55 7 66 71 54 26 52 69 99 85 84 33 31 67 34 75 74 12 41 41 51 63 76 45 87 17 64 20 65 17 69 26 39 24 24 71 17 18 34 47 2 35 38 83 84 23 36 97 21 26 45 58 77 80 93 34 85 31 87 99 95 58 77 82 44 21 91 72 45 64 41 75 32 73 30 95 36 49 43 99 96 40 84 62 15 21 8 96 53 96 38 2 77 64 52 24 32 13 4 11 47 98 76 1 63 88 79 99 93 42 51 45 74 12 56 96 61 97 46 53 8 60 6 92 89 22 42 4 12 58 24 27 24 43 68 15 34 9 27 6 58 29 58 44 49 35 53 42 75 4 34 95 81 47 56 25 70 51 56 99 51 25 12 88 11 21 85 5 1 13 49 6 64 75 10 24 60 73 1 65 48 25 84 3 81 25 60 94 40 59 36 55 60 44 86 79 67 1 73 32 76 19 14 95 21 11 82 39 98 20 8 41 30 44 51 22 30 55 81 89 42 12 75 87 15 87 14 14 43 89 39 69 12 54 51 86 25 95 43 95 90 69 80 15 12 45 47 98 5 8 32 38 31 32 7 84 37 44 62 86 76 79 23 0 6 18 
71 49 69 71 86 53 50 74 70 4 89 26 95 36 67 91 56 20 34 59 79 60 30 35 14 32 98 84 73 79 31 36 34 23 55 59 88 18 2 63 64 51 1 37 36 73 75 14 92 45 29 73 3 1 39 97 8 32 40 28 39 56 50 56 59 31 68 12 37 68 1 54 16 54 74 1 54 94 63 73 60 6 25 40 54 23 46 71 0 52 51 69 56 71 82 63 24 73 10 51 86 87 52 3 1 19 3 44 76 34 16 88 93 6 84 76 48 86 28 1 69 92 38 52 11 60 91 11 56 65 63 7 54 65 86 36 25 87 57 81 99 85 6 62 47 62 32 0 79 92 64 81 24 69 12 20 20 21 59 85 53 84 99 90 2 69 67 86 59 42 43 23 70 33 10 0 57 11 61 34 64 79 34 98 0 55 91 70 4 88 21 70 11 98 64 59 60 84 28 64 52 19 81 71 55 85 14 80 89 39 69 59 2 45 64 59 69 91 46 34 79 40 66 77 20 55 44 24 52 94 28 40 54 50 68 94 78 27 44 25 62 72 47 23 55 3 57 8 4 4 70 99 92 89 37 89 98 58 88 73 6 34 34 22 6 46 61 80 68 56 57 25 20 18 74 79 3 6 8 40 64 22 92 97 68 22 46 44 19 83 35 13 95 84 85 92 92 7 45 9 38 92 91 44 36 52 89 77 94 98 15 2 84 5 94 97 63 24 83 12 8 64 15 18 94 30 23 90 93 29 93 23 38 3 17 26 53 93 88 14 14 14 48 15 93 93 6 37 32 37 20 83 69 74 51 51 0 34 24 58 78 40 58 51 88 38 63 45 97 20 75 5 64 25 57 98 37 96 85 21 24 88 16 85 19 65 37 78 17 28 83 4 10 32 87 61 44 6 57 31 73 81 9 41 37 51 54 86 24 34 64 72 45 27 6 88 1 98 85 7 68 41 94 28 40 52 92 71 56 8 53 29 95 19 50 63 45 15 78 28 43 28 12 68 81 57 33 72 91 35 15 86 0 26 96 87 21 73 78 79 10 4 48 28 99 46 68 64 95 60 35 41 8 5 32 23 87 96 46 86 59 15 18 59 60 22 63 61 34 61 83 59 87 7 9 2 62 55 16 11 
67 50 33 84 65 56 33 63 59 25 72 85 70 91 22 76 9 69 56 93 72 16 4 32 29 39 3 93 79 82 87 98 84 88 8 19 3 22 94 45 81 91 39 15 52 96 84 88 43 84 75 74 65 80 67 46 51 48 38 91 43 18 64 11 57 72 83 77 42 57 80 45 51 10 4 34 81 18 44 27 46 27 8 0 52 19 60 56 27 55 91 65 33 83 48 79 13 32 43 40 86 9 99 36 73 57 47 37 59 30 48 50 34 64 13 71 10 65 17 72 76 52 56 99 56 70 72 67 81 66 66 27 63 70 58 9 3 95 90 9 1 76 79 32 60 6 77 87 74 34 70 71 22 77 72 70 41 18 53 76 80 31 50 74 4 65 3 77 32 21 85 60 20 19 54 81 66 62 75 82 94 76 69 42 49 52 43 60 82 64 16 30 96 28 21 1 82 1 93 7 53 2 75 3 97 35 31 54 57 9 32 14 1 90 70 72 61 24 62 20 94 12 45 73 62 69 72 12 64 15 68 18 62 36 15 46 91 86 26 74 13 80 61 52 69 27 5 23 81 33 27 23 56 60 40 6 14 82 70 10 22 47 2 75 44 10 46 76 87 44 60 88 39 35 72 99 52 49 30 90 77 41 75 2 20 78 84 13 19 93 78 41 54 10 3 66 79 60 62 35 81 70 61 36 58 47 74 17 14 95 94 75 55 74 1 27 19 9 62 50 77 16 66 54 89 9 14 16 98 14 43 81 26 20 91 3 67 66 37 71 39 88 81 46 75 99 33 71 71 4 55 21 27 92 69 65 53 70 18 47 26 81 9 25 59 99 88 52 83 71 67 93 30 60 15 69 11 33 83 83 21 97 55 82 74 80 0 28 10 82 19 18 74 59 23 47 45 47 0 83 66 94 5 76 13 33 45 91 76 95 48 80 87 85 58 75 33 26 96 5 85 18 89 90 71 3 57 42 13 34 12 37 53 30 81 21 28 59 29 81 43 90 0 27 86 55 14 8 58 5 12 27 71 67 65 98 48 77 92 44 48 30 33 73 50 13 69 32 3 81 43 30 85 80 17 38 48 97 18 14 49 88 8 38 38 87 41 33 98 74 32 17 97 9 61 44 23 63 75 53 
65 77 71 85 60 86 77 34 15 96 35 29 66 49 7 16 17 21 32 21 13 99 76 42 86 25 24 33 24 42 62 49 30 31 98 7 1 43 75 4 21 87 17 23 16 46 29 15 31 28 39 17 52 10 48 23 11 18 47 31 97 86 59 12 47 30 46 42 13 36 15 59 71 75 39 21 34 95 66 10 93 49 56 71 72 40 33 11 88 19 40 3 25 32 12 69 79 32 27 97 32 85 31 67 41 82 31 85 26 85 8 14 76 83 92 41 12 44 41 4 10 42 62 47 82 64 96 42 10 85 28 28 15 12 25 87 42 94 87 7 67 13 5 71 68 32 66 18 57 75 73 96 61 33 15 38 85 49 91 50 4 34 87 18 65 59 35 38 9 87 79 0 27 40 36 22 40 73 33 7 63 95 6 62 82 85 53 75 96 9 28 5 77 53 59 76 5 19 43 71 13 63 83 46 48 28 31 3 61 99 96 33 2 79 5 75 26 36 92 82 21 64 21 99 52 69 28 85 97 7 75 3 46 68 38 23 94 72 89 31 85 55 49 77 70 33 40 37 95 33 73 2 31 83 34 42 46 8 68 10 77 65 76 54 95 42 90 88 15 46 59 68 43 35 20 97 7 37 9 55 89 81 27 17 22 49 49 61 47 39 75 70 42 17 15 58 59 43 30 59 36 23 36 26 3 54 11 37 93 4 81 75 34 35 18 27 55 69 55 0 84 42 65 5 24 18 27 50 64 13 17 4 66 82 16 45 24 62 10 79 51 75 62 90 71 77 82 93 66 17 63 27 93 94 74 0 81 16 27 9 64 78 86 78 83 44 38 18 38 57 25 7 36 35 69 90 63 92 4 31 9 64 91 73 53 2 40 82 26 16 52 34 39 44 64 89 91 34 9 14 80 80 48 96 52 79 56 39 84 38 81 48 57 26 68 31 13 12 37 4 94 86 6 0 31 80 88 82 4 26 77 63 16 14 34 43 54 40 71 71 19 19 75 20 91 33 45 32 4 69 87 34 35 84 33 66 87 72 47 96 29 77 57 6 86 66 59 4 39 11 49 13 70 11 33 94 17 39 80 56 19 6 89 83 50 74 7 17 48 90 40 57 25 19 31 46 59 95 2 73 
44 17 15 38 63 90 9 43 81 6 30 44 15 1 48 25 12 54 11 59 63 58 53 77 21 14 78 59 14 77 57 91 98 66 79 41 48 67 38 73 31 43 54 61 61 37 62 76 81 1 16 92 69 33 4 28 15 5 62 44 75 53 61 20 47 7 87 37 5 82 52 75 35 29 61 40 65 89 89 58 85 87 49 33 16 28 54 52 62 19 38 99 78 66 20 0 73 8 80 3 63 25 94 95 84 53 70 28 94 31 59 75 21 65 53 8 96 17 96 65 48 40 22 20 83 20 90 51 97 43 43 86 7 74 1 10 62 70 59 1 33 35 73 6 34 12 8 15 45 4 19 72 54 30 84 26 7 9 98 45 99 79 80 84 30 10 27 85 12 85 70 18 32 93 98 53 39 58 24 65 11 74 12 78 38 15 26 35 8 32 92 4 1 99 63 99 43 47 91 6 97 32 92 37 71 41 76 68 49 51 29 12 59 22 29 41 56 68 32 46 17 55 67 99 97 22 68 97 48 8 92 93 94 29 70 52 36 89 36 92 27 59 49 11 4 11 36 95 68 75 40 33 26 35 43 27 61 63 2 4 54 43 88 52 89 73 90 94 55 96 7 34 31 59 98 49 50 73 90 51 17 95 84 86 32 52 67 10 10 84 73 22 57 88 66 35 81 78 52 50 44 0 6 87 35 38 16 38 35 69 53 16 52 97 63 24 2 26 41 86 79 78 10 36 40 10 5 28 5 10 85 17 82 73 39 30 11 88 96 95 11 96 45 56 95 68 2 64 84 83 2 38 1 19 1 39 68 89 87 2 86 54 39 63 0 26 86 41 97 75 68 89 12 4 8 5 51 22 95 64 32 32 92 9 63 60 73 23 27 1 28 47 41 95 84 36 13 19 82 93 39 66 14 41 30 36 66 53 58 30 11 81 57 97 24 3 19 10 44 2 87 45 41 4 10 44 67 40 83 63 94 22 13 78 66 38 97 30 16 19 88 58 32 12 71 95 91 29 60 48 7 83 80 61 39 26 64 49 7 23 2 8 27 43 17 64 30 78 8 6 28 7 76 64 55 0 46 70 18 22 5 20 96 20 43 60 73 27 80 69 40 51 71 62 73 98 78 31 7 54 
25 79 53 7 86 60 80 33 60 1 40 27 75 76 94 76 39 77 75 62 96 54 1 59 6 97 18 51 83 50 50 59 18 46 18 54 5 60 11 16 6 99 34 15 57 54 85 41 71 53 64 64 43 25 93 58 62 97 85 58 3 58 67 51 8 96 44 2 31 2 33 8 78 44 34 63 87 21 12 88 99 16 69 80 38 19 52 24 36 40 89 3 52 56 26 19 39 34 21 54 49 6 6 62 58 10 15 49 45 75 27 65 12 94 44 88 48 80 76 7 94 72 15 11 75 45 24 13 55 93 70 4 47 69 84 8 1 36 2 2 61 26 52 95 22 94 48 55 58 65 1 39 4 76 26 26 76 49 13 24 7 11 87 63 45 98 20 50 30 50 4 72 81 65 97 23 47 90 88 53 97 2 56 5 75 66 47 5 27 25 2 30 66 64 38 4 14 80 58 26 89 98 49 82 56 59 8 82 84 29 17 0 7 36 22 18 91 18 85 70 25 8 76 44 50 21 80 91 0 29 41 77 87 85 61 5 42 80 62 84 74 78 70 68 27 49 41 53 91 96 8 77 22 39 60 70 6 7 59 13 89 28 3 75 74 44 34 63 51 86 81 52 6 45 91 1 72 53 92 31 2 7 12 4 99 52 78 43 68 35 98 68 80 49 28 26 66 26 21 0 79 76 88 1 96 42 14 49 54 62 21 6 75 51 82 91 63 84 27 94 57 37 63 15 24 70 11 60 76 60 22 92 65 14 11 6 12 11 58 87 68 31 65 90 93 69 39 65 55 39 84 24 9 32 86 1 47 73 79 63 42 80 4 37 74 26 64 35 78 58 71 91 44 61 14 93 26 16 41 93 28 67 73 33 3 79 30 0 60 91 99 20 12 92 56 62 79 19 56 34 67 67 78 0 43 63 24 73 82 38 52 67 37 48 86 83 67 26 44 7 98 36 41 65 66 83 95 86 96 51 92 3 48 0 34 71 73 60 63 14 68 41 32 86 67 33 26 84 0 95 23 30 97 20 66 81 37 10 6 7 71 72 2 76 33 71 79 10 99 52 92 99 73 48 94 69 16 45 31 38 72 53 39 75 26 10 82 92 88 10 75 19 68 55 12 52 90 1 31 99 
74 62 26 7 42 92 18 3 97 24 67 62 84 22 67 57 75 93 63 81 53 15 11 2 1 21 13 90 33 4 76 58 54 98 80 50 60 48 97 58 33 26 27 20 17 7 42 47 77 14 47 0 49 50 0 19 92 73 19 45 85 80 71 0 75 67 8 73 12 57 96 79 57 79 37 76 44 97 98 95 74 90 57 10 3 9 5 28 49 7 35 2 36 20 54 56 23 93 8 94 6 89 73 40 34 68 78 19 24 86 11 11 17 98 26 16 99 42 13 59 28 64 67 26 6 1 79 92 77 6 49 61 46 2 1 39 4 78 73 25 21 58 74 96 53 41 49 14 82 98 42 98 37 78 10 82 46 42 72 81 73 89 75 69 59 15 96 63 26 70 15 51 18 70 91 51 70 0 8 27 41 82 5 92 67 85 56 67 42 42 2 13 42 71 4 91 45 1 66 55 3 78 73 83 39 87 1 88 96 49 15 64 84 61 15 56 5 76 83 96 93 25 6 89 81 38 37 66 70 1 43 63 46 8 86 34 49 83 38 28 1 91 90 57 63 45 53 32 88 83 78 5 29 53 39 54 82 42 45 78 69 27 56 18 3 83 62 73 44 38 76 56 21 7 25 28 25 37 55 65 5 53 31 55 22 36 12 39 88 23 69 36 50 60 68 11 21 78 67 2 81 40 97 1 55 38 83 82 60 90 17 19 25 53 64 50 72 36 43 72 53 25 0 97 10 41 46 99 50 93 95 34 72 62 10 61 23 42 53 92 9 68 44 65 69 68 10 28 57 43 41 19 97 16 82 26 26 23 93 8 46 95 96 94 38 58 38 95 86 93 49 49 52 40 66 30 82 34 11 78 98 20 39 65 25 5 62 58 2 40 14 59 22 26 75 53 86 30 39 41 7 11 9 13 75 85 55 89 84 19 10 71 43 38 52 3 81 6 89 99 76 14 26 12 97 53 44 14 41 34 35 74 30 33 5 15 24 17 71 97 66 11 76 48 60 51 83 67 73 27 6 69 30 46 30 34 11 42 73 28 14 91 8 97 32 25 24 7 87 97 27 43 61 82 57 80 56 55 60 71 62 92 72 67 42 44 78 86 5 89 25 87 70 97 43 25 87 69 13 15 
21 68 88 50 28 60 29 59 82 96 57 98 55 69 47 13 48 83 43 55 72 85 3 36 24 15 54 41 65 19 78 95 9 4 73 46 20 54 40 90 67 3 92 63 75 18 25 59 82 66 96 63 71 51 87 61 90 89 30 65 40 90 32 71 65 12 92 11 52 45 22 36 76 81 29 43 73 2 41 18 11 27 10 57 27 38 84 29 3 98 51 58 0 42 85 13 26 67 68 37 24 54 9 7 78 10 85 82 32 4 62 78 65 75 86 14 68 92 28 71 8 81 58 2 34 25 20 19 96 89 32 12 72 59 58 83 40 98 47 73 69 13 88 43 21 49 22 44 46 16 49 83 69 75 19 92 91 39 73 79 39 72 63 35 78 27 85 69 4 14 60 59 63 69 23 67 73 59 25 69 79 66 25 22 95 8 73 87 22 10 47 56 54 7 58 85 13 11 71 92 33 91 66 75 36 65 83 39 92 25 92 58 2 3 70 11 64 8 70 12 48 25 30 15 68 63 90 82 22 16 93 61 68 32 93 45 9 40 12 89 55 11 69 65 90 31 25 56 90 50 70 15 11 21 42 75 11 19 47 37 15 19 20 17 56 23 75 95 9 99 62 30 72 76 14 46 56 17 22 60 43 45 47 40 29 3 44 66 11 11 16 49 69 85 47 21 72 57 61 85 63 58 18 40 55 8 60 27 37 36 30 46 10 66 17 33 0 51 43 30 4 76 47 10 3 53 70 89 84 18 73 55 57 82 94 19 93 16 14 35 46 67 55 42 23 81 7 88 30 58 58 87 41 64 6 36 33 1 8 96 31 78 44 85 16 68 54 67 68 22 94 98 63 15 76 44 2 0 61 40 10 92 77 70 60 7 42 86 86 76 79 0 42 79 99 94 84 5 43 14 83 36 57 16 50 3 99 85 50 15 50 41 76 66 53 76 41 44 25 78 65 55 85 75 85 39 15 58 49 0 62 17 36 11 31 15 29 72 19 20 53 34 35 90 89 10 10 42 12 54 46 35 19 23 70 45 33 92 74 51 57 33 6 83 61 53 52 91 5 52 6 98 86 86 61 25 89 52 23 56 10 30 39 1 61 11 37 11 79 16 59 91 5 92 16 84 75 52 46 49 
48 42 74 79 80 89 76 90 88 75 52 1 51 41 45 6 63 19 86 63 64 20 98 21 90 85 60 13 50 34 35 83 60 69 16 34 73 87 30 22 19 92 57 92 70 19 38 76 66 21 40 72 52 56 87 57 20 60 60 32 19 66 94 98 59 13 10 64 53 81 4 48 24 68 92 72 41 52 53 54 87 80 48 72 43 14 3 53 76 97 92 81 7 68 64 51 73 42 46 61 67 19 84 73 44 89 86 85 48 69 54 73 70 23 36 80 94 15 90 10 94 48 63 37 58 11 7 52 32 4 59 9 91 42 58 42 26 52 80 96 89 62 13 36 67 47 50 82 10 90 90 42 33 12 87 49 48 58 66 31 25 80 67 57 29 56 19 27 75 29 52 97 90 51 42 57 63 17 33 87 39 2 53 0 16 72 93 6 60 10 49 7 25 76 27 72 68 56 36 1 22 23 23 22 13 44 14 1 66 33 84 87 90 86 58 33 10 51 37 98 43 18 76 78 21 91 16 1 19 80 69 45 99 86 49 78 25 99 55 68 53 31 1 45 4 33 4 48 75 77 10 2 67 92 84 67 75 25 86 84 0 96 97 26 88 76 66 51 3 22 55 70 80 81 50 98 99 70 92 79 67 97 47 98 9 70 68 33 86 18 44 41 37 75 4 75 48 72 73 25 14 74 12 50 32 5 38 77 7 84 47 52 74 50 96 16 20 50 24 67 55 91 20 0 25 1 75 51 37 5 76 26 30 50 72 24 80 52 3 27 65 34 25 68 30 68 66 22 45 26 60 9 41 8 29 68 92 11 62 3 42 63 94 9 17 8 85 13 64 57 58 43 78 67 68 51 65 3 61 61 56 45 88 24 79 34 72 39 86 14 85 44 63 19 66 80 77 58 65 83 19 69 64 84 88 1 98 90 77 10 85 4 47 79 44 27 90 90 78 66 86 56 43 97 11 40 11 63 40 43 49 36 42 8 88 70 95 87 95 64 41 24 12 38 7 35 93 3 56 80 25 41 25 9 92 77 45 64 78 38 64 92 31 62 79 56 14 56 76 5 8 53 99 97 62 66 4 28 82 49 60 39 65 28 82 80 91 89 21 2 1 71 14 26 17 23 41 81 68 3 
81 82 28 91 61 75 98 63 78 36 66 70 48 6 36 23 93 89 59 93 37 85 14 17 70 32 83 34 76 83 6 25 55 31 13 58 88 43 0 95 44 89 38 81 69 45 16 62 72 80 9 34 5 9 63 5 39 87 81 52 7 71 6 39 63 12 69 72 17 74 69 68 35 49 84 48 14 12 48 97 93 90 49 53 54 84 27 47 79 47 83 32 10 9 84 89 87 35 89 96 44 12 19 9 63 55 65 57 0 52 35 6 67 71 6 73 8 42 89 65 96 63 42 63 61 57 34 81 2 50 24 69 95 25 86 1 94 29 43 26 31 67 74 32 75 83 76 5 78 45 13 40 59 15 31 96 2 76 95 91 14 54 99 86 54 69 81 75 78 43 59 47 89 92 30 91 8 42 25 56 5 10 31 54 8 50 74 48 69 63 81 23 9 20 53 74 98 13 55 78 20 76 15 60 42 89 95 1 69 42 44 75 26 34 17 56 2 28 24 27 21 84 13 46 83 38 47 13 44 32 46 25 0 56 15 6 69 4 86 68 31 84 8 54 12 66 64 55 52 16 24 68 91 79 15 57 7 50 89 57 12 61 2 34 21 23 47 28 20 35 30 12 58 12 1 19 58 56 16 43 90 48 5 52 18 85 38 39 16 83 29 32 49 62 27 54 60 12 89 80 44 68 7 18 86 30 22 74 97 10 92 77 62 20 98 2 93 37 6 27 57 36 76 55 22 32 11 66 27 34 30 35 68 17 38 44 2 31 64 92 18 72 61 54 94 95 15 33 69 10 58 30 23 80 22 5 2 23 4 14 35 53 35 0 90 43 25 90 52 39 43 72 75 55 84 63 9 4 48 79 81 53 75 31 27 97 41 21 44 28 64 95 95 58 49 90 2 16 29 11 16 8 78 11 89 73 83 93 3 9 94 70 15 67 35 50 10 96 99 7 66 38 74 18 54 14 98 28 8 83 56 5 91 2 42 30 7 26 53 43 68 42 67 40 70 65 64 46 95 17 60 54 65 93 9 58 86 8 81 36 30 76 20 71 13 35 91 14 27 94 57 27 42 31 72 6 79 39 6 44 64 30 55 27 43 65 59 13 32 13 19 33 60 61 89 96 64 70 49 78 
42 50 0 6 12 70 79 90 25 23 54 9 47 81 28 10 25 86 40 19 82 26 83 97 85 36 28 7 69 85 64 59 15 80 89 87 76 1 44 74 42 74 16 22 33 56 31 10 43 28 56 3 74 65 45 55 59 48 14 8 12 13 65 85 94 19 13 52 83 60 89 51 30 42 29 71 60 2 33 8 10 68 96 79 35 92 9 55 89 49 85 0 97 9 7 87 32 53 72 11 53 78 20 76 30 92 42 62 14 89 26 68 17 12 63 58 23 41 33 47 21 0 36 64 12 80 99 36 42 13 76 87 7 19 0 33 4 94 15 24 4 42 86 37 3 26 64 35 28 27 78 8 90 47 10 72 47 79 38 8 97 72 7 60 20 98 24 22 59 51 23 90 3 30 99 84 0 73 77 40 45 86 63 53 62 24 48 38 89 53 93 83 12 76 96 46 23 67 23 20 11 1 24 72 95 83 14 24 82 98 52 5 76 70 0 47 19 16 34 32 91 63 9 25 27 74 58 55 89 61 81 85 86 76 65 21 25 17 99 55 18 98 30 18 46 35 85 81 99 80 19 62 56 97 88 72 14 38 95 5 77 44 26 97 30 47 14 33 2 17 87 62 65 94 7 85 98 57 1 16 28 66 81 46 50 0 59 87 45 79 42 23 88 78 67 67 73 97 9 2 42 49 8 55 68 24 64 18 94 12 38 83 87 32 20 42 14 61 82 81 74 95 47 87 95 50 71 15 46 74 30 75 43 20 64 85 15 31 56 78 68 71 81 45 45 43 46 10 67 76 78 31 24 81 50 95 53 22 49 79 68 32 78 90 9 53 46 56 67 35 1 93 1 4 69 84 91 90 21 33 30 55 36 72 8 38 92 53 91 8 4 71 54 0 16 38 97 59 33 56 31 16 42 8 35 43 37 81 74 0 97 74 81 36 71 74 53 49 88 7 50 7 55 28 89 47 62 8 74 86 79 18 0 20 31 34 18 14 9 85 17 12 89 74 50 50 71 36 99 81 93 30 88 53 65 35 38 14 96 13 25 11 81 31 31 62 29 24 17 95 68 32 51 77 52 92 14 89 77 29 61 12 92 75 85 10 69 58 9 85 5 86 82 75 90 56 71 89 38 1 
18 49 39 7 84 96 81 82 60 41 10 56 90 22 57 37 21 87 43 54 33 26 69 55 42 35 54 85 81 36 77 65 57 83 84 31 27 29 86 62 88 36 12 90 89 96 5 54 42 5 94 55 84 18 9 82 9 85 50 1 58 16 9 21 28 92 71 70 63 39 15 72 35 75 45 95 59 96 57 55 45 98 64 37 84 69 16 69 61 99 46 79 23 10 23 43 22 40 57 72 28 42 7 60 87 80 62 75 91 61 4 87 54 13 5 12 37 53 71 85 35 36 94 97 28 2 69 67 54 2 75 63 52 6 78 97 24 23 25 73 58 1 44 19 55 27 31 60 71 45 98 2 84 92 55 62 8 96 55 86 96 47 60 56 57 94 99 14 67 63 96 68 52 81 54 86 94 8 55 69 23 86 56 59 66 99 29 14 49 48 30 82 61 94 23 18 19 55 6 68 94 87 87 70 93 20 86 27 46 18 20 85 92 80 41 73 92 70 67 11 36 41 53 77 98 7 15 68 2 41 77 80 70 37 62 97 25 42 66 90 11 11 46 60 82 58 28 29 32 44 97 25 30 22 63 46 87 28 9 54 17 21 10 27 48 78 74 98 85 59 57 23 45 17 38 24 49 73 44 6 62 45 67 26 67 33 7 56 48 39 9 47 80 30 38 29 34 9 82 33 81 24 20 53 78 77 31 80 72 91 40 90 76 73 28 67 99 24 1 32 81 63 83 63 81 34 84 34 79 47 72 25 33 73 56 77 28 97 91 23 56 0 53 87 99 76 99 34 83 99 75 74 46 40 79 91 60 21 41 90 82 49 57 15 26 44 13 21 31 2 20 93 14 21 54 15 28 5 55 53 64 44 82 28 19 73 3 97 98 73 15 24 93 0 92 16 23 45 26 85 84 53 47 67 13 23 31 70 37 76 70 23 37 55 10 17 31 12 12 78 4 53 40 87 25 10 17 86 1 25 67 44 25 20 67 88 11 99 84 87 49 22 20 39 84 28 36 98 3 8 20 64 29 4 83 97 99 0 88 84 80 49 15 6 88 35 46 89 95 41 53 15 10 19 95 29 47 89 2 9 68 27 20 20 10 90 89 40 99 94 57 37 30 92 81 41 77 94 64 90 
17 11 5 56 42 4 74 76 75 23 57 78 88 25 50 44 41 75 43 63 6 34 96 25 86 31 7 26 10 39 3 30 54 57 49 29 95 25 55 15 79 35 79 91 30 62 68 4 76 91 76 31 24 43 53 78 78 39 59 75 19 6 27 20 56 52 49 98 8 1 74 35 35 66 10 57 80 1 61 53 63 43 65 46 78 55 40 84 26 38 61 38 88 62 86 61 36 36 63 22 85 65 94 8 73 94 70 69 48 44 50 77 99 68 59 2 38 86 65 14 70 75 85 75 99 33 14 27 5 6 60 73 36 69 91 52 38 79 19 92 3 49 17 94 30 96 4 98 22 1 61 16 43 12 85 99 86 63 75 70 98 98 15 94 28 31 23 91 76 77 35 88 37 45 75 92 87 74 87 39 33 47 15 96 81 23 31 99 95 86 88 82 22 92 17 67 0 81 89 74 86 79 26 7 14 65 86 5 90 10 48 19 29 57 61 38 44 10 74 12 5 29 4 65 72 84 80 26 77 28 26 32 15 20 8 76 43 56 23 91 4 47 70 80 14 30 90 47 10 39 33 62 87 71 62 2 11 14 3 45 95 88 67 20 80 51 87 74 7 13 8 18 5 33 96 49 75 56 91 75 14 18 39 65 34 33 23 43 8 72 1 55 50 77 57 53 62 3 10 61 61 58 39 50 22 52 57 68 97 93 22 94 73 30 77 46 38 8 0 72 8 42 23 43 59 66 83 0 4 88 44 29 38 0 10 89 3 96 86 35 1 67 51 60 13 83 40 99 58 7 74 44 83 47 46 82 96 26 33 31 80 31 31 67 96 53 37 66 45 40 69 2 3 58 59 88 78 5 16 71 48 55 68 20 38 44 97 14 11 27 58 63 63 88 18 48 22 96 71 48 2 52 98 4 29 98 56 48 53 91 85 18 41 87 80 80 27 36 50 63 39 13 82 64 33 99 54 54 78 45 57 77 50 17 55 6 47 43 75 97 34 57 3 20 79 55 93 99 2 82 10 81 98 81 65 96 19 15 98 78 69 77 28 96 47 10 96 55 82 71 12 35 99 86 62 6 79 59 45 28 35 23 47 11 89 53 50 68 74 70 42 64 13 3 97 86 44 33 2 40 
36 15 24 2 58 9 51 22 51 92 79 81 97 79 73 23 23 39 57 16 88 84 44 1 87 82 9 69 53 53 70 79 92 74 88 25 80 57 6 85 30 95 94 88 25 95 58 90 30 35 90 6 19 39 10 96 88 22 2 11 44 6 55 29 84 92 5 36 82 58 38 45 4 12 42 63 2 50 67 37 18 49 65 49 42 91 66 46 14 89 57 11 90 96 76 65 85 33 95 10 89 15 86 87 67 70 80 92 63 94 44 15 2 90 87 94 56 89 41 59 70 97 87 0 71 57 29 7 98 33 79 42 84 76 53 31 62 9 86 82 30 76 84 2 17 35 69 29 40 64 82 21 22 4 86 93 50 66 12 26 47 31 5 57 88 80 49 99 15 27 16 30 39 80 41 13 33 94 6 0 57 78 61 87 38 72 71 2 75 45 1 37 53 77 23 27 21 25 20 47 33 51 99 83 3 0 64 25 65 35 15 97 9 98 92 87 17 54 93 20 91 12 2 93 82 5 19 65 86 71 51 80 73 44 86 5 1 9 40 49 29 94 73 47 47 20 76 39 57 16 99 95 29 26 75 14 49 8 4 50 95 85 71 16 74 84 19 47 18 34 24 34 29 8 28 45 49 75 86 32 53 94 97 67 25 39 23 24 14 41 26 58 96 81 98 51 46 77 90 22 30 90 85 80 66 31 79 28 0 33 46 90 1 32 42 35 15 93 95 59 74 52 6 46 20 74 8 31 96 49 48 83 66 99 77 87 57 7 70 80 40 14 61 22 54 54 78 19 80 37 77 42 16 78 92 81 7 37 56 63 67 62 82 69 57 2 71 66 80 90 97 38 44 97 32 36 68 0 56 4 43 18 20 76 25 37 30 13 70 38 57 0 47 51 80 89 52 31 8 29 32 21 66 27 19 61 84 97 68 93 70 70 7 46 91 20 98 34 53 88 47 25 5 28 1 35 84 67 68 54 42 56 43 7 70 99 25 53 10 78 32 40 6 78 69 58 81 25 27 25 19 24 43 69 28 34 73 12 6 57 14 44 11 1 23 93 18 84 40 8 90 54 69 38 31 38 60 52 96 25 95 35 17 36 8 90 41 19 2 41 85 70 24 76 69 95 64 8 74 84 
28 27 4 87 23 22 51 54 61 14 25 61 30 66 59 27 5 67 69 77 43 18 33 30 42 56 78 33 55 89 15 95 61 92 50 89 18 40 38 17 21 70 28 56 9 83 68 17 33 48 27 92 50 15 9 68 79 38 14 90 19 14 77 88 69 78 98 74 77 55 5 99 50 62 48 8 70 60 0 28 27 88 89 47 1 42 94 38 34 41 41 42 5 30 16 26 53 92 35 72 17 88 55 36 53 28 2 78 5 82 51 12 20 38 77 18 85 75 69 66 74 54 78 76 16 44 73 8 50 76 56 40 2 7 94 75 33 48 44 42 2 79 33 90 21 92 14 74 12 76 50 29 52 64 88 18 65 60 34 70 24 79 33 47 67 11 81 0 43 70 61 71 89 7 15 14 57 13 47 69 96 38 24 92 30 36 94 90 72 35 2 68 54 35 35 43 4 11 68 66 6 16 68 38 49 94 20 49 49 59 48 49 73 84 77 71 93 80 88 98 53 96 69 80 44 51 5 8 70 36 13 60 7 70 42 43 78 6 50 72 98 90 4 89 89 22 13 81 93 76 64 27 81 82 1 91 36 56 73 12 33 73 79 55 32 33 37 66 21 71 2 7 68 31 68 36 11 49 80 96 95 2 32 6 68 58 49 67 26 77 70 45 21 99 78 9 23 43 99 81 75 54 36 56 1 35 20 19 7 75 29 79 3 78 98 49 88 18 21 70 56 4 34 80 76 75 48 86 81 85 59 94 54 31 35 35 87 29 52 45 19 50 10 77 59 82 38 34 98 69 97 12 46 70 72 20 70 90 61 35 45 14 24 97 56 93 35 96 13 51 86 32 96 46 73 66 35 59 65 83 63 98 1 44 78 97 49 33 37 21 13 59 30 82 76 37 41 87 14 28 20 71 88 93 93 80 62 82 74 27 46 9 12 96 76 12 34 76 56 16 61 0 63 89 80 54 20 93 6 73 35 60 87 15 17 61 35 96 51 25 73 27 18 61 23 32 33 27 75 36 90 48 42 39 29 54 50 24 91 57 99 77 16 78 90 21 74 86 69 64 84 84 99 71 7 4 3 61 32 49 52 81 65 29 26 83 34 30 55 92 40 27 24 37 85 92 87 75 75 18 
71 72 57 13 32 47 55 89 3 41 10 91 99 52 32 69 1 47 11 28 51 94 0 0 10 49 74 98 74 89 42 82 10 42 13 40 6 3 2 68 91 95 18 22 79 76 75 23 85 58 39 27 24 21 28 1 16 82 4 71 7 19 99 29 60 45 78 20 73 51 14 29 10 91 33 1 17 55 18 30 46 95 20 92 77 94 16 12 8 44 45 98 20 96 58 76 82 42 38 93 42 53 25 51 19 17 8 15 81 98 68 25 57 76 23 44 14 0 94 73 54 12 41 58 89 32 77 68 69 3 80 50 85 26 9 48 30 48 79 62 45 12 77 45 94 48 74 73 56 61 1 76 89 17 99 31 79 16 79 55 31 63 58 39 88 49 42 40 71 36 28 44 39 13 59 79 65 72 57 95 31 29 7 30 72 44 66 51 25 52 46 62 61 92 28 60 72 71 55 71 1 70 29 35 29 61 70 17 87 91 4 55 28 54 10 90 99 73 48 79 37 63 43 29 28 5 96 5 35 87 19 64 12 57 52 63 68 36 64 56 31 46 9 99 90 47 8 80 51 10 0 9 49 98 28 72 93 50 33 69 90 56 50 39 72 29 9 91 69 31 50 66 10 54 87 86 51 3 6 67 14 67 13 10 79 15 77 15 30 60 90 60 82 76 29 60 91 66 89 63 53 91 91 93 83 15 58 41 81 76 1 39 52 71 11 65 58 73 91 87 73 17 69 64 63 19 6 29 67 76 42 42 29 89 3 50 62 64 46 81 47 34 43 10 40 80 34 21 31 30 7 36 51 43 91 74 23 31 3 23 60 92 61 41 22 19 31 25 80 22 68 44 48 97 85 55 78 14 52 20 81 63 18 18 2 72 36 91 91 75 62 53 70 28 66 16 53 58 69 96 87 20 96 53 75 83 32 94 84 40 80 39 89 47 79 82 67 34 42 81 20 23 30 72 90 80 7 37 69 25 62 31 83 18 41 43 88 42 34 88 66 55 60 50 14 21 21 49 90 75 40 83 9 43 89 58 20 42 53 46 42 26 96 26 56 60 62 92 35 34 21 47 42 99 28 73 58 82 10 94 42 12 3 7 6 58 47 18 34 3 23 23 7 39 62 55 74 32 35 39 
45 25 60 7 99 83 36 94 6 11 45 3 32 83 92 71 58 56 84 28 8 55 64 90 19 8 69 15 34 24 76 29 32 88 93 41 76 13 3 34 68 69 80 63 33 27 61 94 40 78 12 87 57 44 76 81 59 48 39 17 19 20 35 1 27 78 58 2 57 42 45 0 97 50 76 66 54 28 46 14 24 25 56 98 20 19 39 90 99 59 60 26 73 98 7 37 6 15 79 98 42 24 56 90 70 89 56 78 8 80 20 14 78 11 58 46 63 36 85 79 1 30 18 68 40 35 39 97 36 23 68 98 96 13 16 23 52 77 59 10 87 83 42 76 61 47 80 52 73 22 43 82 65 88 97 4 8 46 28 14 36 14 53 47 24 13 17 56 63 91 2 82 61 21 8 49 11 74 1 27 7 41 59 27 15 80 38 47 95 90 9 39 53 9 14 0 17 11 26 95 2 86 62 95 36 64 29 71 41 22 95 54 98 6 37 13 33 61 24 42 12 16 56 77 75 36 3 63 12 17 22 86 14 26 21 60 62 99 3 9 92 84 67 72 2 57 70 82 18 22 27 55 87 30 49 45 57 26 1 7 52 30 55 21 63 23 15 10 21 39 17 32 34 92 94 24 17 71 61 84 8 8 8 8 31 82 43 53 47 81 42 12 44 47 46 27 58 59 27 30 41 50 72 84 61 84 40 36 97 75 45 84 26 29 21 32 14 57 4 63 83 90 44 6 89 24 56 46 1 37 25 39 51 27 44 25 22 91 32 46 25 87 12 68 54 87 75 43 70 54 24 51 11 37 33 90 20 14 14 94 22 74 11 0 33 56 11 5 38 99 90 70 67 75 89 62 54 96 22 37 92 72 4 22 75 11 21 68 51 42 74 21 58 79 29 40 7 80 52 60 73 12 6 11 41 16 89 79 8 89 64 22 82 86 80 2 88 14 92 27 83 13 78 20 18 11 25 88 46 99 73 91 16 49 61 18 0 46 46 9 12 96 90 58 10 21 63 73 2 46 72 64 92 16 25 98 28 12 57 5 48 22 88 24 77 45 43 1 29 87 67 75 98 51 38 56 23 29 85 31 67 31 26 95 77 16 18 61 43 88 37 53 3 20 30 21 77 74 94 77 
15 53 25 21 89 85 70 57 68 33 53 97 20 79 62 69 22 32 36 26 46 57 85 74 67 43 93 67 78 42 48 18 44 43 56 2 0 29 8 67 42 31 40 13 7 98 81 33 94 16 69 80 84 18 96 99 50 64 45 95 75 65 54 31 37 81 35 60 67 80 28 49 59 19 62 2 54 23 36 95 83 50 15 97 35 12 30 29 48 55 72 59 38 36 26 40 58 84 0 44 42 74 58 47 33 78 90 97 0 37 4 6 20 7 10 21 90 48 58 3 35 82 48 47 16 15 6 64 46 86 39 73 41 19 34 17 1 18 30 82 71 17 13 35 81 46 97 84 14 84 70 7 99 11 36 8 26 49 47 14 82 44 67 6 4 10 26 95 14 89 26 95 35 72 22 36 60 72 4 64 37 78 76 51 13 61 28 56 42 88 70 48 52 5 14 6 96 30 89 33 81 9 58 34 12 30 45 60 83 75 34 98 4 66 56 21 38 1 97 19 52 98 41 12 67 10 39 29 91 23 58 47 81 48 3 79 26 46 42 37 86 56 77 40 57 38 33 85 70 4 78 20 68 88 11 38 98 24 80 48 40 85 6 35 0 9 31 59 90 50 31 99 4 4 96 82 80 62 15 24 99 86 6 54 46 27 26 66 4 94 22 77 61 83 83 78 64 32 73 61 6 2 55 84 13 29 85 16 77 73 84 51 68 55 71 4 36 45 26 91 47 26 62 62 47 96 23 58 87 1 18 93 97 21 56 11 82 71 7 70 75 23 11 60 46 97 66 89 29 47 15 87 42 71 2 55 36 22 58 50 84 11 19 77 57 15 23 15 40 71 89 26 20 29 17 54 39 31 32 22 6 23 3 94 73 9 37 65 28 13 57 42 32 78 41 60 42 0 99 27 4 8 10 31 48 99 90 52 65 69 12 41 34 78 39 3 84 92 99 14 37 92 58 88 44 65 80 82 29 15 78 37 89 62 73 77 8 40 20 97 11 1 52 27 48 33 43 84 44 31 30 15 43 13 53 84 54 31 97 5 75 22 45 32 85 70 24 33 35 31 53 17 34 86 77 50 59 73 10 86 10 66 29 38 44 90 28 80 83 96 6 32 92 2 93 36 71 21 28 95 
59 77 89 69 51 79 70 8 6 44 86 11 17 9 3 84 38 53 90 40 33 47 82 71 42 40 99 12 31 43 81 76 71 97 42 24 52 77 99 16 8 35 1 48 44 90 60 83 11 68 41 40 12 50 64 68 57 36 45 7 74 53 52 19 60 53 85 83 66 39 75 89 17 83 5 17 77 41 25 38 13 75 98 14 66 79 49 7 77 41 39 57 47 54 21 30 13 5 11 7 68 9 78 72 85 29 53 8 75 19 44 23 37 3 89 31 28 31 62 47 61 99 21 88 4 51 18 66 19 21 80 53 2 42 35 25 94 93 68 49 21 29 16 45 39 29 93 44 76 30 67 54 99 51 25 53 3 2 31 31 40 61 37 84 63 96 39 59 92 20 37 38 95 60 65 61 11 36 43 69 46 75 58 53 6 80 33 9 35 34 11 31 95 82 88 82 18 62 35 22 56 71 79 61 78 71 10 59 66 95 56 20 62 59 78 70 73 29 28 3 62 20 70 80 34 84 15 93 16 21 0 93 85 14 44 67 23 10 88 10 77 75 4 9 48 26 2 35 39 35 62 95 31 92 16 60 2 6 27 59 77 29 66 67 94 96 89 42 43 59 36 1 69 20 76 52 40 89 59 7 11 92 69 35 32 73 75 98 77 65 21 43 95 46 27 7 7 19 0 35 47 41 80 93 73 16 88 24 22 48 69 17 11 57 46 7 29 1 2 62 72 75 89 46 62 48 50 84 42 35 46 54 36 34 90 7 66 28 46 57 37 95 74 20 35 73 23 41 23 99 10 5 25 99 8 80 17 84 95 86 95 3 62 23 44 22 97 59 3 54 32 26 41 6 83 26 98 82 23 3 17 73 70 99 37 50 95 47 12 32 83 50 96 95 33 41 88 40 37 22 45 8 27 8 30 14 44 81 92 31 4 30 10 83 22 42 57 69 58 89 43 66 63 0 21 36 67 80 39 43 64 14 2 89 47 73 28 65 3 2 3 20 83 88 92 78 37 36 22 89 50 12 22 62 68 50 18 52 65 84 91 93 14 45 82 61 43 68 14 46 65 55 65 63 29 37 98 8 42 28 76 12 47 30 85 32 27 37 48 35 84 19 57 34 93 14 75 24 30 64 
94 80 60 30 30 42 2 62 25 76 24 55 54 48 49 74 2 81 20 62 35 27 40 91 88 47 63 52 51 38 39 75 19 16 21 19 36 56 28 80 43 84 91 47 49 0 41 44 45 91 41 60 39 71 10 29 35 60 69 61 13 65 24 99 50 64 53 27 50 25 54 48 44 54 42 22 74 58 29 57 81 3 79 75 98 65 87 32 88 18 88 68 51 70 52 64 70 20 12 59 25 55 98 1 99 80 47 49 3 47 86 63 35 93 94 54 86 94 95 50 4 79 74 97 25 39 58 25 48 6 99 27 9 74 58 30 14 14 60 21 37 27 88 44 12 38 27 30 40 34 50 14 80 30 70 35 11 77 31 46 56 45 98 0 0 76 56 61 12 74 52 7 61 10 88 71 4 84 0 52 30 82 66 35 2 66 36 49 79 45 31 17 18 10 26 40 1 37 0 36 76 8 5 98 68 72 96 5 33 40 47 13 29 33 2 89 56 30 3 99 22 43 20 82 81 31 50 62 6 42 96 32 79 50 45 25 76 11 55 11 44 37 31 13 60 43 9 56 8 51 55 83 4 19 13 12 31 96 23 48 1 65 41 18 33 18 1 35 64 7 22 3 4 10 77 81 85 3 73 43 71 62 77 62 88 79 90 87 35 37 74 69 21 87 16 62 21 65 30 8 41 20 22 93 88 86 44 62 66 48 7 44 57 87 44 48 87 67 82 96 75 79 12 78 34 16 69 76 84 61 58 46 19 83 2 46 45 69 67 28 45 7 19 44 19 5 23 98 32 14 81 36 69 82 44 78 37 50 3 42 17 71 89 8 50 91 76 78 80 3 87 22 72 47 36 80 24 13 76 5 93 17 52 76 36 67 44 40 74 5 49 74 21 5 49 66 67 95 80 23 71 95 72 57 42 12 53 90 83 91 28 97 65 67 62 83 95 88 8 28 25 61 90 78 50 34 48 76 74 25 61 45 46 20 81 79 90 64 8 91 24 48 88 75 56 77 46 55 21 46 61 16 30 0 91 47 13 84 74 17 28 42 71 37 92 67 5 52 77 97 95 65 82 47 93 44 13 49 80 15 83 77 64 30 16 10 62 81 41 39 98 36 95 95 90 35 38 97 7 80 
4 31 90 31 97 53 59 40 13 27 3 35 36 35 92 1 41 37 49 82 86 1 75 29 23 65 1 90 7 19 64 89 19 29 78 80 62 84 27 18 67 94 41 70 43 56 16 42 17 95 6 79 95 96 5 75 86 45 96 3 46 56 77 23 22 31 19 3 47 83 43 0 8 65 20 49 35 40 50 14 73 46 36 22 15 61 36 91 26 55 19 93 5 39 92 9 97 67 33 95 20 3 80 51 11 42 42 88 10 67 30 7 54 45 58 17 47 59 88 12 21 80 57 70 15 79 66 17 68 95 92 58 3 27 8 34 30 69 49 97 17 81 98 38 35 77 55 20 18 51 43 17 95 11 85 52 26 21 60 21 84 90 89 96 5 9 82 83 40 68 83 11 52 60 2 36 54 57 0 89 19 47 94 7 15 40 9 77 44 83 67 57 85 52 99 56 65 21 2 5 17 50 64 71 56 16 11 59 80 97 25 47 48 9 48 92 76 85 47 90 23 8 5 6 91 18 95 47 60 80 46 60 60 7 59 55 81 58 41 75 34 84 35 11 87 81 22 23 27 44 56 65 35 49 59 35 58 71 49 12 73 59 18 59 90 15 38 39 12 96 16 70 70 55 17 58 51 91 87 55 71 2 44 77 24 98 89 60 56 73 65 87 88 70 11 10 55 72 21 96 76 99 77 96 25 6 26 73 30 79 75 40 26 65 94 39 61 51 78 97 22 66 86 20 6 40 25 38 13 65 27 56 86 19 79 43 33 11 57 89 32 64 19 89 77 30 69 55 82 86 86 36 25 70 94 60 86 52 6 9 26 98 27 8 62 47 68 9 45 34 38 37 12 35 78 25 77 54 65 27 54 40 92 1 41 34 27 39 48 56 27 31 30 97 25 95 56 6 73 5 54 88 51 84 45 27 70 4 35 70 36 52 23 74 57 60 82 44 60 11 43 91 24 59 72 92 4 58 25 10 59 32 37 81 88 90 80 39 44 44 20 72 13 32 65 16 33 97 92 90 47 41 65 85 12 76 61 92 51 39 30 77 63 0 18 13 80 40 15 1 59 45 17 16 21 77 12 66 15 92 23 37 4 11 52 97 20 23 11 95 72 24 37 63 77 79 38 94 0 19 
31 98 94 86 90 88 26 16 9 72 19 46 0 81 89 75 11 47 46 4 69 67 92 52 91 2 92 20 60 22 64 10 90 3 96 64 12 32 84 63 1 29 46 72 99 47 42 13 72 78 30 36 50 95 26 74 54 60 99 20 83 67 20 91 55 70 81 73 51 1 98 6 39 53 8 68 31 33 70 32 18 67 27 8 16 85 6 45 57 9 4 72 39 76 92 48 83 93 34 29 0 69 37 17 15 30 23 67 18 64 81 56 18 28 35 58 9 42 61 79 58 68 45 32 60 56 85 24 26 2 83 35 18 0 57 16 98 54 0 68 16 56 67 44 29 61 79 23 7 60 0 91 34 72 15 92 33 83 52 97 95 77 53 19 12 91 61 92 82 82 33 52 21 91 93 51 89 9 82 58 58 48 76 66 83 65 7 18 45 58 3 7 13 55 95 27 79 1 82 63 11 21 44 18 44 19 41 67 88 85 55 58 93 45 26 28 53 27 89 41 41 8 56 21 3 90 91 54 69 97 62 60 88 77 16 37 99 33 81 57 56 2 45 47 84 29 97 13 39 20 5 94 31 44 18 1 41 45 40 30 32 82 1 43 17 60 86 13 59 48 21 62 10 50 65 12 78 26 78 27 24 31 59 66 6 95 27 27 89 62 14 78 90 46 20 6 69 14 59 57 88 89 70 9 50 66 17 31 9 85 37 13 6 5 20 91 96 18 30 21 83 90 69 23 64 38 34 38 37 3 99 32 41 5 5 31 79 4 5 4 14 95 24 13 48 96 2 41 5 2 34 42 9 3 61 49 69 43 24 47 61 71 8 20 76 21 11 74 35 86 58 68 76 34 85 31 60 62 82 83 2 80 23 56 3 2 95 29 47 85 20 4 73 96 87 54 95 22 93 13 12 15 15 89 4 67 89 4 26 44 43 0 22 36 99 51 67 78 87 10 33 63 23 21 35 56 92 43 98 81 94 37 19 45 24 73 47 27 16 4 52 23 59 14 34 53 7 58 63 25 17 94 86 33 41 65 99 70 2 27 86 74 19 72 77 62 62 93 76 42 56 91 81 89 7 24 45 75 67 89 2 17 25 90 10 5 86 49 69 84 10 85 89 40 56 63 12 84 77 42 
81 74 73 63 7 15 69 75 50 69 65 35 85 6 69 64 98 37 67 77 76 9 81 15 84 0 79 8 86 16 40 26 45 70 23 35 71 69 46 28 70 55 97 36 74 98 64 65 54 94 68 29 21 59 59 0 71 2 46 64 73 66 39 78 91 46 93 87 16 38 86 35 5 11 72 86 72 37 28 66 33 1 14 94 78 20 96 22 94 73 71 45 64 23 70 89 67 63 66 49 31 74 75 34 88 8 43 6 11 49 28 57 45 59 28 87 72 9 41 74 59 63 99 22 26 97 66 10 10 29 25 35 31 45 48 77 10 96 43 17 22 23 90 88 11 97 28 80 63 43 35 20 54 68 61 20 53 89 0 27 9 63 47 45 90 55 41 51 91 49 63 18 73 60 34 74 86 13 5 33 44 43 10 50 61 11 22 70 24 3 23 96 48 4 93 27 79 32 16 25 84 27 75 35 53 29 92 88 22 43 36 76 8 90 61 83 49 18 86 94 86 57 59 12 68 84 5 42 32 12 17 95 41 53 15 30 91 60 90 92 67 3 41 97 76 79 35 45 9 38 82 90 49 34 59 65 89 10 33 42 33 54 73 25 81 74 72 33 49 74 94 70 26 29 82 9 26 75 36 38 55 9 54 45 65 98 77 47 88 80 42 43 74 0 20 32 82 47 95 19 92 89 44 28 12 35 44 54 21 26 48 5 44 17 63 26 58 55 28 65 58 93 20 55 7 91 60 68 8 39 9 32 20 32 77 24 64 83 38 77 9 83 31 26 98 21 61 9 96 73 26 45 85 4 78 20 52 73 97 2 49 30 24 28 44 69 8 96 0 36 49 33 19 25 93 41 43 56 84 85 32 84 63 13 67 81 72 22 67 71 8 39 25 58 23 29 90 8 1 67 49 84 42 71 13 39 5 1 6 30 65 53 27 20 2 53 63 87 20 0 14 67 28 0 79 88 16 47 63 62 97 42 31 23 68 85 29 11 47 26 15 60 37 7 1 11 12 24 42 27 62 81 57 18 57 16 89 65 50 28 15 5 71 96 72 27 94 64 42 61 87 25 50 67 46 53 90 23 39 98 12 67 55 25 82 84 23 86 94 75 71 35 48 36 70 50 70 20 32 54 
78 90 87 39 61 11 92 29 52 54 50 62 14 38 69 98 10 88 84 14 67 23 82 15 24 51 13 71 87 44 47 90 0 49 50 36 18 15 66 80 13 60 26 14 47 47 76 28 31 84 8 9 43 3 17 39 32 76 3 21 26 71 24 73 46 31 41 21 47 76 56 40 86 84 52 49 20 44 45 52 35 98 22 91 49 31 95 89 71 71 22 70 28 50 20 23 98 79 99 80 29 24 89 24 88 5 70 13 61 12 34 46 61 95 16 6 66 47 13 98 17 71 51 79 96 51 60 75 83 55 31 72 77 82 42 83 51 2 75 1 85 44 96 53 8 32 46 16 60 76 17 66 6 28 4 5 93 92 43 79 94 68 84 70 42 1 72 82 24 46 78 44 71 98 25 62 56 33 64 14 34 93 82 81 54 84 62 60 91 48 8 37 59 37 28 31 75 67 35 2 28 52 13 48 52 24 11 77 93 88 0 0 0 18 82 32 21 24 15 11 78 86 55 21 40 90 66 70 16 46 99 48 65 55 12 56 99 25 37 57 38 18 68 67 23 6 46 84 61 18 74 77 62 28 85 58 22 67 23 60 12 75 48 95 88 46 5 64 70 31 33 65 23 76 75 76 33 7 5 28 93 87 5 34 93 44 17 21 96 59 99 4 7 19 80 50 50 14 10 96 50 18 78 0 39 16 95 3 95 77 22 61 86 22 34 61 59 33 32 74 35 35 15 4 96 90 83 34 89 43 24 94 75 23 49 93 81 67 68 85 54 47 69 44 17 48 14 51 30 29 65 81 4 23 93 34 47 26 36 28 49 22 56 3 56 35 57 97 60 31 22 10 15 15 83 23 39 16 85 93 24 42 12 98 77 63 5 46 62 11 8 54 62 37 73 13 78 90 87 62 23 29 33 45 52 19 48 74 18 41 61 37 6 96 50 30 5 19 81 15 89 64 65 93 90 67 90 57 19 44 63 97 31 57 2 6 2 83 19 27 65 61 60 34 19 43 45 92 67 2 70 53 98 4 27 86 20 15 13 9 67 14 33 13 5 1 54 87 73 94 12 63 57 59 47 46 2 38 49 14 82 82 78 92 42 24 84 20 44 6 45 76 88 89 42 99 81 69 82 7 
87 66 9 14 20 26 46 97 69 48 11 72 26 95 63 79 22 99 40 64 95 67 48 57 16 72 77 77 57 3 32 49 81 48 24 77 82 90 28 43 48 99 50 42 57 14 68 60 45 85 9 33 78 20 50 35 46 97 23 33 63 25 66 38 81 79 1 68 75 65 32 29 36 95 96 37 75 43 3 25 59 70 54 71 65 3 31 41 55 49 97 88 17 76 28 11 23 70 42 3 43 36 69 42 41 10 20 99 99 44 20 1 19 66 54 20 45 4 22 14 43 32 27 43 29 19 9 22 8 30 37 79 48 33 39 20 12 7 69 41 63 15 15 60 48 25 71 86 74 57 26 72 12 67 76 24 95 20 31 14 16 37 99 35 98 88 28 17 24 0 0 41 66 47 72 95 75 72 74 2 0 49 9 98 85 44 17 92 91 63 9 62 33 94 3 67 67 63 16 41 12 12 76 50 17 58 63 13 58 25 68 54 7 93 58 19 28 23 93 42 61 40 43 42 83 88 76 72 38 93 30 54 61 25 59 50 90 55 46 35 98 76 49 53 38 35 80 26 28 53 26 16 50 19 26 35 60 96 91 62 97 63 3 37 53 61 57 21 17 69 83 55 89 47 73 19 3 31 24 80 63 51 32 25 38 46 64 97 37 11 1 74 67 39 98 67 61 80 1 83 75 86 4 82 70 90 63 52 10 72 47 39 28 9 4 7 4 80 27 93 7 89 93 72 62 53 10 4 55 97 19 74 92 14 78 70 21 50 35 90 12 9 46 58 21 70 88 60 40 19 43 39 85 82 38 11 71 70 95 66 81 79 89 8 39 95 59 88 58 5 50 68 93 23 4 30 21 71 22 38 86 81 34 33 31 39 64 39 63 93 37 92 20 88 70 37 52 50 71 32 91 14 97 11 70 31 11 6 34 21 82 55 57 30 8 43 77 91 15 82 73 71 8 91 25 18 28 81 99 82 69 36 25 18 7 92 85 74 13 49 27 55 87 62 9 55 67 0 40 84 26 70 66 93 15 24 10 42 67 37 96 3 60 27 30 7 23 43 28 26 52 62 58 95 37 69 49 73 85 9 0 8 22 95 18 60 89 41 78 62 3 85 25 95 10 84 15 38 75 64 
94 28 94 2 69 76 69 84 92 99 92 19 64 73 58 3 9 43 89 24 31 63 18 44 44 18 89 18 19 84 0 76 24 64 48 20 70 2 46 60 65 22 17 26 28 79 61 19 41 39 85 53 41 67 58 39 56 31 69 94 98 70 75 1 86 2 90 64 10 48 84 70 69 38 3 15 68 31 5 17 95 68 30 83 78 26 91 54 9 50 69 67 54 53 83 13 97 86 44 47 72 32 75 24 19 33 30 2 24 42 81 44 14 94 74 96 70 17 70 66 27 5 12 85 92 97 0 91 22 41 36 55 18 27 3 2 67 84 95 87 56 24 20 75 29 60 55 54 89 98 99 0 93 98 2 86 4 70 32 30 33 52 8 9 85 28 63 11 84 97 48 3 75 68 29 7 63 38 36 89 37 73 71 9 70 71 16 0 59 43 12 24 52 62 77 85 38 66 72 57 34 89 29 24 87 33 62 14 75 3 41 46 27 36 87 87 19 32 83 79 14 23 42 84 14 1 27 89 5 96 88 10 53 73 98 81 96 91 85 47 98 72 64 51 57 90 68 67 45 13 37 11 50 5 98 36 14 29 92 72 31 98 96 22 82 21 35 11 62 25 77 17 46 34 72 18 57 81 41 98 6 75 0 38 0 70 29 26 48 86 22 27 98 34 69 16 34 13 84 71 48 49 69 86 21 10 63 39 17 84 28 24 26 28 25 23 17 65 93 25 49 34 67 88 0 75 39 67 53 40 6 78 98 39 69 66 91 72 87 7 18 19 73 41 10 64 29 56 27 2 32 15 9 8 75 56 4 90 42 92 71 83 79 58 32 19 35 66 10 59 68 12 49 93 45 73 54 14 26 99 65 79 32 88 94 16 88 58 92 73 50 56 93 89 21 1 7 9 2 15 53 5 18 35 99 79 97 21 74 34 10 87 51 61 15 36 43 23 92 91 6 11 79 20 89 17 6 36 32 51 92 0 93 99 98 15 21 3 91 80 68 43 42 78 4 48 61 39 21 10 56 59 13 90 72 5 34 18 9 90 67 97 13 67 45 88 17 32 91 93 72 56 42 55 14 41 77 57 24 14 50 71 57 17 35 20 98 16 39 69 48 83 4 97 77 6 82 32 11 87 
98 97 65 50 24 30 39 55 35 26 5 99 4 86 54 82 22 45 51 12 47 51 15 4 9 8 79 48 69 18 80 1 13 91 97 27 5 23 57 71 96 47 27 84 45 85 89 31 58 80 44 37 56 23 56 0 58 80 68 43 51 75 79 16 32 21 68 97 67 73 50 34 98 52 82 55 25 97 32 87 11 8 40 28 9 46 35 90 63 38 71 19 20 17 65 12 34 54 51 60 31 56 68 40 8 45 81 60 14 54 45 57 86 59 3 92 77 71 80 77 26 18 4 92 45 73 0 73 95 49 18 49 10 28 82 72 73 28 88 29 95 41 53 68 76 50 60 96 77 30 9 65 91 95 28 73 13 86 73 35 71 25 11 31 1 37 36 60 64 50 9 97 44 30 45 97 4 48 13 87 26 71 27 89 94 50 14 48 0 32 51 80 25 87 36 57 25 61 79 92 85 98 85 67 32 82 12 52 61 73 14 36 79 84 97 18 6 45 69 83 14 92 22 1 95 13 81 83 11 16 39 59 14 16 83 62 83 21 27 82 14 68 42 40 2 75 50 48 63 89 29 85 84 69 5 50 32 30 3 81 16 63 74 90 38 75 63 0 5 82 76 14 57 51 67 75 2 7 45 91 15 11 8 21 66 96 21 34 19 26 20 69 64 57 32 3 27 5 71 92 4 71 9 35 23 36 62 40 24 48 50 57 37 38 0 62 67 39 18 66 58 89 73 17 48 30 74 32 59 26 80 42 99 32 60 99 46 0 22 87 19 17 96 90 53 47 70 11 54 40 49 69 1 69 76 94 60 28 70 2 85 37 31 81 51 7 99 30 4 50 14 31 45 94 47 79 86 32 27 41 46 41 56 23 81 73 80 26 15 82 51 74 91 88 65 9 23 37 3 81 96 46 9 75 82 67 97 41 3 42 46 82 46 51 23 87 55 13 9 75 62 24 59 26 16 92 3 34 25 31 50 3 24 17 28 96 11 17 26 82 38 4 24 52 99 52 20 50 76 71 66 64 92 80 12 74 69 69 20 77 8 84 33 93 10 48 57 94 30 61 97 39 85 38 69 30 20 35 72 0 65 0 73 51 50 92 5 76 61 12 58 43 6 55 42 33 64 51 42 8 
2 99 10 33 47 72 31 37 88 42 42 33 22 56 40 66 33 11 81 55 18 79 49 23 45 57 67 80 7 53 83 16 82 55 10 83 64 51 69 30 15 83 11 45 38 23 7 59 46 92 75 20 36 22 58 68 59 99 52 87 8 88 27 45 53 7 48 91 33 57 84 50 12 44 83 8 87 86 35 22 39 69 7 72 9 23 38 34 92 54 1 32 71 35 72 24 59 5 84 43 40 2 75 83 6 72 1 64 37 98 0 56 93 29 94 17 52 96 44 40 22 10 47 34 96 98 50 28 84 50 58 30 28 91 41 91 98 62 88 65 40 65 51 37 44 76 11 47 43 4 12 93 20 30 51 36 99 73 15 22 40 6 55 75 69 55 75 15 67 53 14 41 69 6 35 93 62 75 68 0 57 74 54 57 23 15 12 61 84 76 74 35 54 2 46 25 51 73 64 25 28 27 69 42 6 88 82 48 62 74 71 92 86 31 3 96 73 54 91 39 27 83 15 96 26 44 20 88 63 85 71 42 26 40 13 3 12 40 50 63 79 23 55 84 2 25 14 65 16 93 25 92 3 15 64 93 27 92 64 44 84 65 21 26 20 63 8 97 0 56 32 60 1 34 6 54 20 15 31 78 28 13 47 91 91 58 94 8 54 17 78 92 81 93 46 70 96 84 72 18 68 20 11 63 22 69 54 11 20 79 24 32 79 76 9 81 96 29 65 14 41 98 18 94 28 74 18 90 26 55 2 54 82 76 20 72 54 89 83 42 68 28 55 32 74 92 45 0 48 20 12 58 68 36 92 45 25 76 95 22 91 72 10 65 11 77 32 87 32 82 43 6 40 74 70 95 90 76 0 15 61 89 23 74 17 23 48 29 74 95 65 45 79 79 95 76 43 27 42 67 0 81 9 18 43 16 78 57 28 24 46 74 42 80 95 22 37 3 50 19 80 98 69 83 94 87 10 81 24 33 82 15 31 93 69 41 54 54 42 93 78 21 36 47 62 54 91 80 35 57 16 37 31 12 87 21 15 45 92 18 87 94 51 42 83 70 63 76 73 3 83 39 96 62 39 62 9 64 0 73 47 98 64 50 9 81 87 82 82 20 12 42 24 79 70 30 67 98 97 48 
23 85 94 34 66 23 60 77 24 6 98 15 17 80 82 13 95 25 96 2 18 66 45 39 39 1 89 43 90 5 55 99 15 90 69 79 9 75 8 59 86 22 79 27 60 63 17 28 98 61 75 2 47 76 54 25 77 38 59 67 12 9 29 46 21 19 22 27 79 8 9 20 12 26 10 44 52 52 18 48 85 88 57 24 28 8 31 40 14 11 91 15 85 52 25 52 57 6 68 66 41 45 81 22 52 92 33 28 15 24 30 25 22 84 2 28 58 96 83 89 7 66 96 87 78 97 75 41 22 92 68 70 10 83 63 51 67 37 13 35 7 14 5 78 62 12 51 79 19 47 91 75 83 64 4 64 23 41 21 73 43 16 73 28 23 75 5 17 74 17 86 4 0 97 49 55 50 35 37 12 34 28 27 38 94 49 25 98 9 68 77 33 47 80 54 63 68 89 88 39 94 6 49 26 51 37 34 64 19 38 60 33 7 79 85 69 6 2 70 8 99 87 2 96 83 71 51 28 73 37 37 33 99 67 8 33 18 21 99 46 12 30 77 49 24 20 0 37 14 34 27 34 92 48 13 99 58 5 73 32 71 47 35 77 26 33 33 42 65 7 13 70 61 88 37 73 1 47 99 49 48 0 62 97 92 95 25 88 24 55 85 47 57 26 86 64 8 67 79 68 99 89 3 68 90 68 53 25 41 56 96 46 20 34 38 82 50 37 13 84 9 62 59 61 38 28 82 52 91 95 19 61 26 46 88 21 48 89 63 6 36 54 95 42 55 62 15 24 99 5 39 58 52 84 34 68 66 59 80 84 88 20 82 60 88 30 71 0 72 52 42 71 79 33 68 95 29 90 47 31 48 83 94 7 78 81 63 70 97 3 48 97 0 88 80 82 38 11 43 79 35 55 65 3 80 54 43 18 51 89 36 94 16 52 64 11 44 92 91 94 67 52 16 39 79 46 95 7 50 76 94 86 83 6 89 52 17 61 18 22 84 31 21 72 92 41 48 91 98 25 49 38 73 49 87 18 56 0 34 74 6 90 15 67 20 40 43 42 58 66 7 14 21 67 87 82 2 20 36 44 88 12 78 5 6 30 42 88 46 54 89 39 82 21 27 3 73 49 69 24 
8 57 10 3 21 79 35 91 30 38 71 87 6 2 5 81 2 4 6 72 77 84 67 26 99 14 72 93 59 48 44 62 63 17 22 48 79 93 56 92 27 38 82 79 71 58 63 98 22 94 83 12 65 52 73 91 90 50 99 28 8 79 49 68 23 55 81 17 98 23 75 83 66 35 19 85 88 61 32 29 67 7 22 70 51 27 25 84 37 29 18 16 93 11 98 72 15 47 71 49 99 2 61 62 48 44 8 25 90 11 7 91 5 5 19 65 96 17 69 45 88 8 89 28 16 0 49 63 13 10 42 48 14 86 62 78 7 38 33 97 39 35 22 1 71 74 13 53 37 82 33 98 61 35 55 68 82 33 25 45 3 80 38 50 71 68 14 86 70 69 51 71 95 39 96 99 16 64 18 23 83 84 11 54 63 90 69 20 78 71 75 96 81 35 26 11 20 75 96 8 33 59 10 99 9 51 91 46 10 97 39 39 74 7 23 13 20 30 29 78 38 61 27 66 47 17 18 94 73 39 82 10 95 6 64 45 38 14 83 94 89 14 39 64 4 69 53 51 21 11 2 16 60 84 54 58 0 21 80 97 10 78 65 27 46 3 4 51 46 5 96 29 18 98 70 77 77 27 35 21 40 43 87 44 35 15 90 21 3 83 21 67 53 97 52 59 42 35 85 57 56 64 62 89 85 82 51 86 44 1 78 26 46 4 14 36 25 73 3 41 10 43 54 18 61 67 93 33 28 30 64 1 77 79 60 12 85 88 76 59 56 86 34 8 98 39 74 71 95 91 71 18 30 15 32 14 74 49 93 27 30 42 90 20 52 78 60 36 17 11 91 76 72 59 92 45 50 84 93 73 82 64 70 58 15 52 24 6 61 66 42 58 60 73 53 83 95 25 73 33 94 3 5 80 12 56 70 11 37 0 9 69 90 33 87 43 9 30 44 90 12 62 38 12 7 6 5 61 33 6 4 97 95 15 51 77 88 64 55 39 2 20 99 42 11 69 15 97 85 36 32 8 6 4 18 18 2 86 69 75 15 89 94 65 87 31 27 70 24 97 84 45 63 72 51 29 91 74 76 26 96 69 0 16 95 85 90 76 17 53 35 8 35 95 95 74 83 31 40 72 
14 16 27 53 69 95 13 71 42 66 82 0 40 40 42 86 75 91 84 71 45 86 48 58 57 94 4 43 52 91 63 2 58 68 20 62 94 20 18 97 5 5 57 96 43 5 64 3 97 1 83 19 53 84 17 81 4 5 85 48 51 55 46 89 17 86 31 18 99 27 39 46 31 50 45 85 15 65 32 26 49 95 70 23 26 68 75 13 24 93 3 70 16 36 16 47 18 2 93 69 75 92 77 74 96 29 18 24 13 64 14 40 14 35 12 95 7 93 98 88 83 67 91 79 16 84 33 30 51 59 50 98 72 80 16 52 12 49 85 32 59 10 45 90 63 41 4 4 5 89 62 17 3 3 47 69 90 38 39 59 70 33 2 68 57 61 24 99 73 92 88 83 59 52 92 29 55 22 40 0 65 10 17 91 54 61 11 99 46 45 40 25 96 70 4 15 85 19 78 43 1 62 31 76 60 27 82 6 61 57 42 7 59 59 85 83 84 56 4 1 31 43 64 93 47 8 99 24 86 0 66 56 46 8 3 88 23 54 77 3 21 45 12 11 48 76 6 43 35 43 77 94 8 17 61 33 35 25 50 31 55 63 40 22 2 37 80 40 89 64 68 27 21 21 30 91 89 9 69 98 45 7 56 43 86 64 3 6 20 42 52 58 58 19 16 60 47 24 59 74 89 51 60 0 58 6 89 42 29 67 31 68 5 77 19 76 2 70 89 65 80 27 55 54 13 5 1 70 27 31 95 79 20 41 8 76 24 55 92 77 20 44 68 87 99 9 66 59 62 63 16 92 15 96 50 61 27 12 40 17 12 29 27 37 89 12 21 48 65 90 48 59 79 85 91 17 40 58 75 11 21 91 41 67 96 80 36 13 23 38 14 94 91 79 81 46 98 17 62 3 74 60 40 44 82 19 79 53 86 64 70 29 35 79 3 66 2 46 1 14 65 84 4 5 68 65 56 53 81 49 93 41 15 29 40 4 47 66 35 36 6 73 18 70 32 29 92 11 24 34 35 79 50 53 64 20 58 68 28 59 9 95 69 13 14 49 79 9 87 4 30 86 40 1 83 96 71 43 3 65 97 98 4 9 9 90 76 67 22 81 93 16 68 28 74 78 86 7 63 46 
81 65 98 16 60 70 21 58 2 83 67 74 43 0 20 67 44 73 20 73 41 42 76 26 89 27 82 48 71 5 28 82 65 63 4 35 11 74 23 72 24 86 51 18 17 8 37 72 67 26 74 9 57 21 56 19 85 88 86 27 31 95 46 17 9 31 92 20 19 78 92 51 37 56 40 3 42 5 97 1 19 94 60 3 22 6 12 20 39 59 31 50 84 44 8 57 94 64 39 94 75 55 28 80 97 10 15 23 9 21 37 44 3 47 16 81 0 28 55 81 36 63 52 52 77 70 80 62 63 50 76 54 87 13 28 78 67 48 29 52 19 83 55 86 31 39 36 21 44 96 1 11 20 68 47 94 47 20 52 61 70 3 28 54 83 55 25 52 1 78 50 37 19 23 59 58 62 77 59 58 10 94 2 98 52 85 76 15 4 92 12 71 85 14 39 67 86 60 75 71 50 50 20 16 1 42 61 96 91 72 39 35 44 66 4 69 25 18 74 58 18 90 73 51 43 43 65 55 95 23 52 31 34 64 15 43 19 86 9 48 87 56 54 67 93 70 54 50 21 95 92 17 94 29 85 65 99 74 10 74 18 32 29 34 28 25 93 37 90 92 94 68 32 6 35 11 85 28 56 6 23 93 46 78 87 15 99 42 63 18 83 67 44 16 26 45 69 24 55 24 49 51 35 77 63 1 94 7 86 30 46 86 67 91 21 0 46 82 74 21 7 54 75 18 63 26 84 0 66 7 4 38 69 20 22 32 44 71 34 26 48 28 43 12 5 98 57 53 29 27 3 95 24 59 58 86 96 96 78 9 16 72 18 41 52 4 26 99 65 72 18 52 66 45 12 98 94 38 55 4 15 33 42 25 56 65 68 18 71 6 59 42 68 59 69 4 41 33 45 25 20 49 41 1 85 16 61 14 29 4 89 38 50 14 19 18 14 86 73 73 84 81 49 81 4 55 56 33 28 32 76 15 58 54 57 56 31 15 30 16 35 11 84 56 25 95 25 71 12 14 6 62 41 99 11 96 62 55 59 19 59 65 70 0 36 0 25 4 14 9 23 72 0 50 95 16 87 53 83 56 14 8 74 72 69 94 87 67 98 30 43 49 89 5 71 66 21 88 59 64 
69 75 3 50 34 10 26 43 52 29 16 80 97 27 6 61 83 76 97 55 35 51 54 33 50 92 58 88 40 12 44 90 40 53 85 47 14 62 99 30 62 69 87 78 46 88 11 4 63 6 34 46 25 54 31 70 53 61 9 79 50 42 94 25 51 46 21 29 81 64 58 55 86 68 51 68 93 20 38 96 21 44 10 55 99 30 94 50 49 64 2 2 6 89 9 80 97 85 73 70 35 55 69 78 9 48 78 10 69 58 82 76 1 58 16 10 99 53 68 32 51 84 89 19 71 76 8 28 69 69 12 53 48 64 12 93 23 80 29 82 2 3 24 64 19 28 23 6 34 81 54 38 22 24 19 18 49 17 79 96 6 29 84 26 71 16 30 81 74 26 59 96 50 45 18 34 98 71 66 16 30 3 1 10 64 84 6 1 15 84 15 54 10 15 20 79 20 53 15 94 78 15 44 80 85 21 98 75 76 25 93 59 82 55 17 56 52 19 58 99 92 27 70 84 58 94 29 70 64 65 22 13 58 73 7 45 63 71 74 2 56 50 54 51 41 42 93 89 23 9 65 41 30 90 18 37 12 55 88 35 79 30 92 33 73 48 37 43 29 25 69 82 65 73 38 41 15 84 99 72 70 1 61 43 7 50 80 51 8 29 3 37 64 57 17 95 61 94 37 92 38 23 77 92 48 59 88 94 3 42 92 65 32 66 56 24 90 57 10 42 74 40 30 28 77 87 1 10 67 89 89 59 8 90 26 67 24 94 23 21 59 67 56 21 24 40 15 97 25 10 81 54 47 90 10 7 75 31 26 52 12 55 99 46 75 4 83 67 24 20 47 42 20 58 17 64 27 15 93 46 61 89 20 69 46 73 13 4 69 6 87 14 31 84 10 80 57 50 89 2 82 70 28 5 84 32 76 76 99 64 30 31 55 85 74 2 76 68 24 6 68 60 24 19 19 41 58 46 56 72 36 97 61 24 7 65 30 79 10 84 70 32 57 9 68 95 15 50 3 89 20 98 48 13 50 31 18 95 89 45 57 17 94 76 80 64 29 36 47 93 10 89 15 49 54 22 80 45 52 77 76 93 97 78 39 45 32 66 99 91 12 14 61 93 83 88 46 93 51 31 
24 26 18 27 67 12 2 82 65 62 7 14 59 49 18 13 65 97 26 78 59 2 81 68 15 70 56 7 2 63 11 21 33 55 34 90 0 34 57 34 97 72 5 30 47 84 54 25 17 15 39 63 44 71 10 92 82 27 76 59 36 61 78 13 65 6 72 91 31 12 91 92 68 44 46 46 64 72 97 17 71 69 1 93 44 19 71 25 68 17 26 68 22 0 70 74 21 41 50 49 81 32 27 52 23 81 85 58 24 88 52 13 92 15 66 95 86 98 98 73 99 5 54 39 44 55 63 94 91 56 22 38 79 7 96 12 26 71 87 81 83 55 61 51 39 41 63 30 86 33 37 76 38 39 77 42 77 23 71 66 97 91 84 79 99 42 73 96 97 46 87 90 45 88 43 8 40 21 25 22 52 32 71 65 87 79 66 54 84 88 21 92 9 35 88 54 80 65 26 85 56 76 47 95 73 81 21 29 54 41 8 86 34 93 95 52 7 1 40 64 17 92 24 8 47 3 36 83 22 53 48 87 86 87 76 62 48 22 67 11 14 5 34 33 32 73 44 52 47 59 53 80 97 26 21 27 2 85 79 17 23 98 24 89 6 38 32 97 38 70 67 36 21 63 28 72 28 31 65 50 32 20 15 93 52 45 48 88 33 43 1 33 71 10 90 20 42 71 5 59 85 35 30 4 8 34 29 62 23 81 78 30 62 25 16 53 73 46 6 45 46 37 31 77 73 74 30 53 10 44 67 64 85 40 13 46 53 35 54 54 25 14 24 6 50 67 59 78 61 72 5 71 53 15 96 95 82 23 46 26 68 15 7 34 84 28 61 39 15 65 37 68 76 44 54 51 34 96 49 42 65 9 45 15 33 6 69 66 97 43 72 23 20 85 61 60 97 19 81 3 74 16 65 15 94 24 6 97 4 35 95 27 62 58 91 20 58 64 42 89 87 18 79 98 42 16 86 72 93 95 45 7 65 60 97 68 60 91 13 34 30 10 13 61 93 60 22 45 94 0 18 96 3 6 91 98 97 30 51 33 43 27 16 56 60 91 88 53 25 61 37 95 1 89 56 10 41 88 35 63 13 98 91 24 76 85 57 65 30 61 96 1 6 83 70 38 14 37 52 36 
9 11 33 31 89 69 98 44 48 0 68 73 19 60 60 17 23 18 88 84 78 78 17 40 29 20 68 92 14 39 80 78 17 24 10 84 97 12 36 3 45 41 41 32 9 7 44 30 19 65 16 39 85 70 78 40 20 24 50 48 76 30 46 75 72 16 10 2 16 96 62 57 12 78 6 63 30 60 2 54 31 41 35 33 97 33 59 19 77 20 83 65 6 88 57 73 7 27 22 22 79 17 10 3 93 75 4 85 95 14 54 53 2 27 79 65 93 86 95 73 2 37 88 70 11 10 53 19 75 76 71 53 88 5 42 96 63 69 67 8 32 19 61 2 8 25 91 91 25 66 28 2 62 68 19 7 23 56 6 18 20 11 75 67 97 74 58 86 25 98 32 92 8 19 23 31 47 13 7 59 70 56 31 25 25 56 22 34 86 56 75 17 19 78 98 72 59 73 46 23 4 16 47 33 79 28 59 62 89 51 53 2 57 64 2 81 55 43 90 20 61 59 57 18 65 21 34 24 32 3 65 84 77 21 91 90 50 40 31 83 88 48 50 31 69 60 80 78 6 48 27 32 82 48 27 62 97 54 71 31 99 57 38 21 63 21 5 1 18 58 38 82 43 74 92 21 60 41 29 29 79 76 63 39 42 13 99 3 10 67 16 67 33 95 93 26 57 16 1 21 56 0 35 81 92 71 52 38 7 88 19 60 48 53 63 67 24 49 91 48 97 94 70 39 22 1 37 12 90 42 2 0 75 64 77 42 22 24 31 30 94 62 60 54 0 8 74 6 88 6 54 39 47 55 90 6 90 44 27 83 84 28 95 14 72 7 76 9 6 34 31 16 1 68 13 61 60 37 17 94 38 53 11 96 3 18 89 31 26 46 61 78 85 42 14 37 16 87 20 16 27 89 43 21 34 32 34 22 64 82 3 17 26 11 3 50 34 3 57 10 4 47 38 6 77 91 39 76 55 60 7 43 8 70 49 75 9 51 11 88 43 68 71 63 53 16 95 5 41 77 89 51 53 8 29 11 62 18 29 75 19 17 11 32 51 51 46 50 18 71 95 90 62 77 77 88 72 40 67 90 49 65 38 22 55 80 99 76 65 87 96 11 0 70 29 82 16 94 27 55 
20 28 31 31 42 93 82 58 3 89 81 87 61 43 75 49 98 98 98 22 25 48 4 55 43 48 63 28 82 63 79 82 56 63 65 1 74 62 48 28 90 52 47 2 12 43 30 86 51 18 70 86 95 54 64 75 16 20 13 72 23 47 99 44 98 34 23 57 51 47 80 90 96 69 22 48 82 24 30 54 0 13 45 3 43 1 25 65 24 44 11 16 68 59 71 87 40 12 74 10 70 75 77 81 94 22 80 10 47 9 14 55 88 42 76 37 83 59 44 11 15 46 44 78 66 4 17 92 64 7 1 59 57 58 23 87 7 24 99 64 52 21 91 12 1 26 58 73 72 59 27 62 66 13 87 96 53 46 0 90 98 99 19 73 15 24 26 68 66 9 10 85 69 98 37 90 41 68 65 3 59 98 71 71 33 22 18 13 92 47 63 90 93 85 47 6 52 1 51 61 74 13 22 4 4 81 16 89 82 8 52 90 54 92 61 93 3 59 99 3 46 69 54 59 13 83 87 99 27 74 40 10 24 60 91 80 60 70 51 67 45 56 31 55 78 21 90 95 48 77 64 92 93 33 79 21 13 20 52 4 48 4 12 9 4 59 8 2 15 1 87 94 83 57 12 59 45 72 39 83 15 10 2 19 8 21 89 49 67 82 66 22 63 30 79 63 27 76 72 3 69 47 19 99 68 8 35 50 29 42 41 31 79 21 54 89 5 38 35 22 25 36 48 32 32 48 43 5 52 25 71 68 4 89 57 84 44 8 62 40 33 66 74 11 19 99 36 20 54 0 8 28 95 92 47 11 77 3 12 11 60 56 17 79 16 97 23 91 36 5 80 93 63 0 96 17 52 98 79 86 76 42 71 3 99 18 33 9 48 22 62 91 77 91 64 64 53 77 39 9 30 35 15 70 92 24 58 2 57 58 9 31 44 25 48 70 99 97 79 98 45 33 37 43 16 81 27 92 11 67 80 43 98 92 93 84 78 98 31 6 59 69 38 73 86 34 66 32 72 15 62 42 31 88 93 66 69 44 82 66 70 59 43 77 25 0 33 81 36 89 45 10 21 54 96 10 95 39 58 86 85 71 37 98 43 23 89 22 67 95 23 34 21 26 64 51 90 25 43 56 
41 3 68 41 8 0 29 10 73 96 69 93 85 82 34 68 43 31 53 27 60 60 27 36 98 60 67 17 51 21 73 34 36 47 76 47 17 72 88 89 65 90 70 71 3 76 34 71 99 85 50 33 6 3 60 28 59 40 49 62 19 5 48 28 73 11 43 37 51 63 16 87 23 39 21 72 31 76 86 41 28 18 17 42 78 24 60 48 4 75 87 98 14 61 63 1 21 49 70 44 97 67 32 71 83 71 92 66 86 93 89 41 72 56 54 73 13 13 3 27 19 6 79 89 15 57 2 16 44 14 85 38 34 91 92 78 43 97 61 87 96 56 57 63 42 60 17 42 31 4 37 93 89 18 86 46 84 4 1 16 15 70 9 59 56 53 93 54 49 27 78 24 57 77 72 26 96 47 52 84 75 59 52 5 31 69 51 82 95 81 29 12 76 60 81 30 21 31 93 61 28 70 57 45 43 62 36 30 49 59 55 99 57 71 90 82 52 52 26 16 51 79 70 72 64 64 42 3 17 22 90 53 19 83 77 24 71 34 36 82 12 53 65 80 94 53 21 7 78 67 66 74 96 84 32 2 57 77 73 44 75 68 86 68 70 84 72 2 61 42 56 81 36 58 76 93 7 57 4 42 69 82 54 88 24 89 52 33 94 38 18 28 95 84 36 46 61 6 16 84 65 4 58 19 59 24 77 9 83 9 57 89 27 99 29 90 39 32 61 64 16 6 61 54 11 67 43 91 17 65 28 84 27 44 41 40 33 2 5 13 29 20 77 94 2 83 40 55 32 78 1 29 94 73 83 6 68 6 14 36 62 65 98 20 92 70 17 98 85 16 81 88 79 90 34 2 63 90 28 14 32 93 8 53 91 86 92 82 61 38 4 20 86 1 95 3 36 92 39 96 85 81 73 61 77 79 85 89 44 57 89 13 41 76 23 84 32 1 31 45 56 4 88 87 57 5 35 89 86 70 44 0 92 92 47 50 67 34 18 64 30 64 84 0 66 95 43 9 24 56 1 64 50 44 29 14 29 23 58 2 46 1 92 5 76 37 28 68 41 59 31 26 15 79 36 99 23 65 8 84 89 87 69 0 25 90 30 72 36 7 25 3 70 79 91 78 96 63 48 46 
0 13 93 95 98 48 41 32 47 50 52 91 76 17 80 66 89 92 63 51 39 20 8 33 37 0 86 37 0 54 85 75 68 8 23 96 35 51 66 70 26 51 90 41 90 53 95 49 26 63 74 52 93 55 71 95 70 2 50 84 37 66 62 8 90 94 80 5 63 51 77 97 38 12 30 87 2 64 90 56 1 35 64 69 51 75 65 9 36 73 3 69 34 85 84 63 16 57 78 43 99 34 14 34 18 53 58 2 84 14 70 60 21 76 92 44 77 25 9 53 37 27 5 27 73 9 11 38 31 33 91 91 98 37 0 0 92 38 54 84 68 40 72 26 48 81 55 86 89 32 8 0 76 65 90 24 96 40 38 17 76 61 73 25 52 1 17 91 73 57 11 72 11 84 73 92 68 77 11 84 69 49 45 31 24 43 68 72 15 20 20 93 81 63 19 69 78 58 98 56 90 92 25 69 72 96 74 57 26 23 70 35 32 54 26 15 57 11 69 97 85 29 57 86 16 64 61 46 90 35 52 51 90 79 27 39 66 39 1 46 59 15 81 8 5 48 87 62 41 57 8 23 56 56 36 11 46 61 13 79 18 3 27 23 90 30 35 75 40 26 2 26 60 22 43 82 81 62 60 50 79 34 61 7 74 91 86 75 44 41 46 91 33 88 74 87 90 59 76 56 95 28 28 15 32 88 86 19 41 26 26 22 51 66 51 71 5 57 79 47 4 84 24 57 91 67 22 53 5 68 93 21 92 87 27 62 20 62 43 68 79 15 72 63 45 85 57 5 39 71 16 18 72 53 16 21 5 39 57 80 4 93 3 4 28 42 88 70 21 18 85 47 40 51 92 2 89 44 30 76 76 89 50 41 17 68 59 15 38 46 83 0 47 99 33 99 91 82 0 15 34 9 96 38 17 51 11 44 82 92 96 93 12 62 37 80 96 45 35 81 4 89 69 13 80 91 66 54 79 92 59 79 39 45 88 28 1 48 18 55 83 72 63 0 56 55 17 55 20 7 31 19 66 39 35 26 82 3 63 98 26 67 19 90 91 1 75 84 68 58 98 54 96 59 62 76 82 73 98 72 68 21 0 68 10 52 50 51 39 33 76 62 60 22 0 75 13 29 91 14 
71 76 48 49 32 15 67 34 54 74 0 78 41 11 63 86 54 20 44 32 78 75 85 90 0 71 3 24 46 95 56 8 32 64 74 85 24 34 90 1 57 93 33 62 44 97 52 92 7 9 81 13 57 53 93 74 47 65 86 44 58 95 30 17 3 7 19 36 3 16 11 64 56 76 93 24 15 13 17 50 70 84 55 0 43 91 17 88 15 66 39 27 51 92 22 36 62 0 95 13 3 27 39 74 70 9 51 5 60 2 14 81 24 81 99 48 19 59 76 57 57 71 30 30 67 25 29 31 85 63 90 35 95 20 0 21 17 31 35 19 47 90 91 41 68 6 62 36 96 27 29 5 82 0 66 93 58 46 64 17 71 24 74 51 12 99 82 54 24 93 2 94 3 85 14 88 13 23 61 50 37 65 39 82 74 54 88 7 78 76 61 86 98 82 67 45 84 50 34 18 0 8 45 91 97 23 84 8 72 28 60 33 33 22 45 96 48 13 68 21 64 16 5 13 13 81 27 34 54 26 74 83 8 54 2 77 46 71 51 21 47 75 67 27 30 22 0 49 80 98 22 12 73 53 68 92 71 70 14 80 29 70 39 36 86 30 53 8 99 54 25 87 76 57 1 31 57 99 16 16 93 96 70 13 40 4 91 52 85 38 20 93 33 61 20 52 17 4 49 9 24 28 2 98 43 69 39 48 26 44 33 58 29 86 95 98 85 93 35 93 24 32 3 99 45 52 91 79 80 97 46 27 48 21 92 52 44 91 29 11 24 11 73 37 48 29 49 35 53 90 41 83 11 24 33 82 35 42 21 96 89 96 36 31 78 18 34 33 0 37 91 44 39 38 37 2 32 96 42 53 84 97 4 34 4 27 5 88 79 86 79 44 95 66 66 84 33 94 99 79 7 43 96 76 65 51 1 94 20 14 26 34 80 96 79 99 20 70 2 98 0 83 37 65 17 34 77 31 61 15 5 85 21 98 0 74 9 67 14 31 25 24 20 36 71 92 15 6 9 91 19 27 6 63 90 4 3 17 97 7 67 15 97 54 77 92 11 78 63 17 10 74 70 52 90 85 19 98 60 35 10 21 75 82 80 29 49 27 63 75 63 26 41 20 3 75 30 86 16 40 
34 45 52 87 20 87 33 33 93 86 57 92 26 38 16 60 65 38 61 7 82 72 39 12 48 89 84 80 73 5 7 9 40 1 74 30 87 81 68 70 49 29 66 23 25 23 90 88 36 77 58 42 72 62 23 46 12 47 18 89 19 73 78 5 86 81 81 29 31 88 42 53 16 40 87 83 65 49 77 51 55 89 2 34 1 8 19 91 35 18 30 49 68 51 58 28 72 28 31 27 37 57 19 84 72 97 24 76 72 72 10 99 7 93 20 3 34 97 15 61 4 43 44 0 79 3 14 78 49 1 4 94 25 96 63 96 85 67 38 93 53 75 44 40 74 38 26 55 5 25 96 84 15 27 4 86 83 37 68 64 73 94 84 36 1 21 34 32 77 16 66 0 4 49 69 47 67 14 87 43 78 43 67 65 69 13 25 24 57 14 44 48 52 34 99 91 91 72 54 22 74 64 4 60 0 19 79 19 60 64 55 46 11 10 74 55 11 21 36 63 40 8 81 84 15 35 96 66 86 4 27 60 25 17 96 24 87 13 42 52 43 38 99 88 24 47 77 79 29 66 59 21 6 60 69 69 44 10 10 18 47 53 82 65 63 91 84 66 54 81 54 98 85 49 52 63 5 59 90 37 48 37 73 73 68 95 81 93 52 64 63 57 94 9 42 99 87 17 78 11 70 85 67 18 13 73 63 36 88 75 61 43 87 75 12 39 62 11 98 48 14 59 33 35 56 27 10 21 45 5 24 74 7 14 73 38 50 71 16 33 3 82 5 36 41 9 48 81 50 34 99 37 61 54 34 23 5 88 69 78 56 44 6 22 88 16 6 22 34 45 3 23 46 0 72 9 91 68 25 58 41 8 93 67 28 72 38 21 80 24 5 90 12 60 28 12 98 51 9 18 40 98 54 87 56 6 45 58 22 95 64 2 52 41 6 83 92 69 0 97 30 71 32 28 85 87 74 38 59 17 37 50 29 54 43 70 65 35 25 46 97 19 39 96 77 92 50 12 60 86 66 42 58 7 24 94 77 18 79 99 73 50 36 25 47 32 8 31 88 51 59 15 81 13 61 0 91 24 76 6 20 91 65 10 38 2 93 99 13 48 90 84 3 77 73 60 79 99 20 63 
89 95 65 17 65 50 90 63 32 32 48 54 29 19 47 41 93 27 51 48 97 54 63 34 50 24 76 69 91 22 0 78 81 96 5 32 57 96 79 34 26 59 56 34 1 49 1 70 60 43 74 84 32 99 66 77 1 87 80 65 0 39 67 11 82 28 62 95 72 40 6 97 44 38 11 13 54 74 51 59 9 69 15 68 98 49 30 25 12 42 80 39 34 13 37 28 20 38 41 43 68 78 71 72 76 9 37 84 62 74 87 80 55 40 52 77 88 87 86 52 0 7 96 66 5 38 38 53 47 71 79 69 54 1 24 23 84 50 16 97 17 79 13 95 68 90 3 82 19 88 89 67 9 18 54 12 69 66 0 45 41 51 12 58 10 97 26 79 57 4 70 41 95 10 51 65 27 62 35 91 90 83 35 32 72 23 89 93 27 10 12 51 97 77 57 92 7 89 2 93 94 27 15 10 99 64 10 82 91 53 46 1 5 86 32 58 23 67 75 24 53 16 40 82 30 94 21 70 81 19 93 32 39 86 40 17 10 13 54 89 17 94 75 61 27 24 86 96 50 16 9 23 70 66 70 58 18 65 81 77 88 56 17 61 21 0 55 95 90 12 8 67 7 11 26 73 92 99 73 15 7 61 12 99 48 59 12 58 45 90 7 63 45 1 72 93 46 26 87 76 47 48 29 50 13 44 64 47 36 22 34 76 59 82 47 65 78 7 78 52 13 63 87 79 69 58 81 32 31 99 47 11 43 64 31 97 33 13 50 20 42 94 53 68 50 0 10 59 96 45 16 7 2 38 26 61 12 37 84 10 83 42 96 57 91 91 24 64 16 39 38 16 15 32 96 84 62 93 27 36 33 92 31 89 0 79 24 51 64 13 88 73 85 47 68 2 2 64 75 50 10 37 65 30 9 56 94 15 36 65 56 77 84 83 81 23 5 84 66 91 8 45 4 37 61 75 98 30 56 95 27 32 23 82 80 61 60 83 22 61 11 73 70 51 3 39 4 4 17 45 53 21 85 98 19 55 26 69 14 90 47 69 50 29 6 7 95 68 30 66 27 4 25 79 65 59 86 23 9 67 99 46 4 10 25 76 61 62 72 74 63 3 15 25 86 72 49 56 18 55 
90 48 52 75 66 23 94 78 7 1 17 40 7 56 62 55 23 92 73 38 4 66 1 95 3 36 84 1 80 17 89 25 38 80 9 36 44 18 73 22 63 93 42 64 10 13 97 5 62 84 53 26 99 13 66 51 14 43 21 80 20 95 55 30 12 87 36 1 26 20 85 91 83 66 47 54 70 71 15 41 5 76 67 94 58 23 56 51 65 74 4 85 63 3 14 87 69 31 77 83 14 10 17 37 59 85 24 38 64 47 98 92 39 67 89 30 0 38 99 46 18 26 41 51 16 80 16 46 34 0 9 90 37 98 39 8 81 25 37 70 82 57 18 33 72 59 22 10 37 68 66 83 12 29 4 43 16 40 79 67 29 95 3 21 3 97 49 69 52 71 10 74 38 8 24 22 32 12 54 69 12 45 73 1 41 40 6 80 74 58 29 1 86 92 39 94 9 42 46 46 45 33 53 5 85 27 12 71 88 92 36 17 34 97 44 25 56 66 48 79 59 50 46 84 86 59 20 48 2 21 15 94 26 90 40 81 39 43 90 4 67 42 58 34 74 83 50 71 53 71 26 58 57 21 46 82 97 4 14 35 88 88 1 93 41 69 30 67 77 3 49 55 81 45 65 3 22 29 22 92 55 29 74 70 84 2 64 35 96 83 42 88 16 18 31 63 63 99 47 45 0 63 22 0 27 52 47 88 22 86 49 76 32 33 51 17 80 45 93 92 18 40 21 68 71 57 4 26 62 71 17 0 36 29 23 8 26 57 15 52 36 96 49 71 79 62 94 23 32 56 69 55 68 47 49 22 8 95 85 60 58 97 43 87 43 80 79 67 64 29 93 45 98 64 78 52 64 72 2 1 90 99 14 90 66 20 66 19 69 4 15 90 91 14 61 45 81 76 11 17 22 0 49 12 43 65 12 88 8 69 93 31 50 38 13 57 61 83 55 6 26 66 52 25 68 63 4 93 68 59 43 83 75 79 65 45 97 95 73 85 8 25 88 74 36 63 3 65 24 74 5 49 60 21 8 61 73 90 73 47 21 37 75 74 99 55 43 88 33 41 80 81 94 77 94 41 84 53 94 7 63 14 82 22 0 79 85 74 86 88 72 93 95 57 94 15 77 30 61 69 
16 31 11 93 0 63 65 85 85 21 16 89 28 57 70 71 1 46 23 54 92 3 46 48 38 44 48 39 36 15 99 28 79 72 92 51 80 29 63 69 24 52 70 71 84 38 93 44 52 53 33 79 64 90 42 99 31 96 92 71 12 81 92 60 79 11 4 7 72 12 95 76 88 88 17 23 54 24 91 23 13 68 30 12 56 22 39 60 98 95 55 78 78 94 58 66 0 23 45 14 93 96 40 79 44 53 61 10 94 65 73 33 6 1 98 90 18 64 41 7 17 97 92 6 30 22 84 58 34 37 97 18 65 21 43 58 86 54 65 74 7 66 59 52 1 52 2 5 13 7 70 88 72 73 83 52 57 96 59 57 92 48 54 99 89 23 56 0 1 23 88 32 92 22 6 35 23 84 50 72 14 94 11 57 34 64 15 41 20 98 33 34 19 41 20 24 85 59 5 39 4 95 31 95 68 55 20 57 76 19 9 33 87 5 45 85 41 46 70 51 22 25 46 7 58 0 71 64 69 15 53 24 92 98 0 59 61 63 41 5 78 48 19 6 84 21 68 65 38 14 74 25 31 72 88 27 30 77 2 99 45 84 51 15 82 67 97 72 85 83 70 93 69 91 34 85 17 22 63 1 21 7 48 0 11 53 31 80 4 57 79 70 3 31 52 21 24 2 78 4 63 91 73 13 48 62 33 90 91 1 93 44 28 88 53 83 54 44 68 11 27 4 46 65 67 66 23 61 15 88 79 38 47 59 46 11 12 71 34 61 47 57 67 98 61 34 36 76 83 80 40 40 47 28 3 40 3 23 37 93 78 55 17 72 56 44 37 39 95 89 46 5 44 25 63 86 15 90 61 54 62 80 64 88 60 2 96 16 38 65 87 29 43 91 11 5 18 48 98 83 88 24 70 93 52 32 74 25 7 14 31 61 45 77 14 32 64 29 2 82 22 0 60 11 25 90 79 59 76 50 59 48 24 71 81 56 26 40 59 50 69 10 15 12 47 69 15 50 23 26 5 46 71 2 66 60 61 26 20 78 45 37 63 19 42 47 96 63 86 48 71 78 16 55 75 22 33 91 4 13 84 69 74 49 93 22 4 18 99 19 89 99 7 43 33 87 89 95 57 19 
14 35 4 85 38 33 99 1 19 99 92 15 91 77 90 90 22 47 19 77 21 52 33 68 1 73 3 74 93 86 54 99 83 68 93 46 10 21 52 1 66 93 69 98 70 86 97 39 56 37 22 9 15 68 7 20 88 23 75 65 26 38 63 70 97 63 2 36 1 16 84 79 26 68 23 68 73 82 62 43 60 98 70 57 64 84 99 21 58 72 30 54 30 73 57 6 40 96 18 30 86 22 19 28 60 16 2 80 48 9 20 64 22 41 68 34 59 42 35 41 49 76 52 10 31 78 89 41 87 93 1 2 96 53 34 20 15 25 86 35 37 42 1 3 99 9 92 83 83 81 3 27 51 94 42 43 8 41 68 9 68 44 64 20 63 24 13 53 27 47 31 98 61 19 16 15 39 2 60 62 25 40 86 21 58 64 81 81 80 12 71 68 48 31 63 83 76 18 18 53 39 77 11 86 50 93 97 74 79 94 10 3 75 29 96 56 90 85 26 90 94 48 68 16 85 35 54 26 66 43 88 95 67 72 93 55 13 18 24 97 17 52 11 20 44 61 3 22 9 14 83 55 15 89 86 28 77 74 58 25 96 69 10 22 24 19 94 96 43 85 28 53 78 80 0 61 23 22 5 18 0 18 47 0 8 60 36 11 48 98 89 64 46 56 42 32 96 78 42 45 91 31 42 11 36 18 83 27 0 78 61 87 34 85 93 77 61 61 34 79 51 13 25 38 48 33 14 83 54 71 66 9 17 11 28 29 76 35 99 60 6 53 36 24 66 21 26 2 91 66 74 29 27 22 14 37 69 78 47 40 21 64 6 28 81 83 55 49 3 53 19 42 6 77 32 61 63 82 88 53 11 79 39 84 74 70 29 30 23 9 60 96 98 46 0 29 94 95 54 69 39 2 99 36 16 89 5 31 24 66 51 83 32 12 17 69 70 35 62 4 53 64 61 60 68 85 26 23 64 38 28 61 42 31 27 24 99 68 83 19 46 90 66 24 80 93 12 78 47 99 81 91 77 13 86 11 69 29 26 19 59 63 82 71 13 74 46 71 4 97 47 72 67 36 28 71 95 20 74 54 35 51 93 78 68 98 33 84 66 11 12 36 19 94 2 35 88 44 69 32 
87 92 88 40 50 37 55 70 59 40 21 9 37 47 21 96 73 37 70 94 40 39 98 54 67 44 65 16 26 36 96 50 19 43 3 24 11 65 34 97 56 5 27 74 21 51 16 51 67 62 99 45 0 66 42 52 14 87 26 73 19 56 6 40 85 29 87 94 91 35 20 44 42 20 19 47 21 87 74 83 10 36 11 83 31 99 2 41 25 46 21 27 74 55 9 30 81 86 33 27 36 2 58 46 13 41 61 61 51 5 70 52 70 69 92 64 87 74 23 84 22 71 82 11 14 16 26 18 35 22 67 6 93 53 75 55 63 54 80 55 15 80 52 76 50 4 63 42 70 94 45 75 0 8 34 16 86 28 4 48 20 2 74 92 65 38 22 74 76 76 87 56 80 54 35 38 62 25 46 76 34 26 94 11 56 59 92 80 29 38 72 8 32 8 21 84 74 91 46 65 12 49 52 41 9 56 74 1 90 70 60 15 84 39 97 61 54 89 9 36 41 29 43 27 38 17 81 91 58 37 32 75 34 9 40 41 29 12 24 80 53 45 89 35 62 49 84 21 5 49 2 51 70 7 50 35 29 43 69 14 94 53 32 9 60 4 16 17 62 80 50 90 68 95 1 78 78 41 63 92 68 49 12 75 84 62 37 69 3 41 5 12 47 34 0 1 61 84 59 42 43 4 94 95 98 19 60 43 2 39 42 33 22 70 90 38 90 3 15 51 40 82 49 31 3 13 14 96 43 97 7 44 18 50 38 95 31 68 2 47 47 42 91 94 74 9 19 69 35 56 44 77 78 5 90 79 17 87 82 82 12 17 72 62 33 74 64 97 48 77 34 46 89 73 93 33 44 10 27 44 89 37 76 63 98 77 50 46 84 41 56 69 97 38 11 74 63 80 75 72 43 82 16 11 56 9 33 21 64 57 75 35 58 46 64 97 65 99 64 50 35 66 17 12 14 42 56 37 90 5 19 90 88 95 76 58 93 65 36 32 34 14 10 27 11 74 46 22 96 21 92 65 77 49 51 3 17 0 56 74 2 35 83 41 70 62 30 67 50 35 58 21 98 47 38 13 76 55 83 89 20 81 8 88 85 84 52 85 86 50 88 45 12 65 56 71 27 85 20 34 
52 75 61 91 68 36 4 88 64 19 92 27 24 12 90 13 37 35 7 99 13 63 83 2 72 61 40 18 68 38 1 32 22 0 4 55 24 31 26 45 80 68 45 21 99 78 27 21 66 57 63 58 77 11 7 24 21 73 19 53 21 14 20 77 87 19 83 63 30 17 52 39 66 28 33 53 17 38 42 20 24 35 36 11 50 79 47 65 31 20 26 37 15 95 50 84 26 9 16 91 76 34 31 58 45 98 39 73 15 17 62 34 15 57 12 68 89 38 47 73 16 69 64 12 73 76 89 2 47 19 81 49 82 75 28 69 48 48 95 18 48 74 64 50 26 53 11 33 36 35 0 8 87 47 79 44 21 7 98 81 80 38 12 70 5 35 57 57 10 44 10 72 43 95 34 90 4 84 49 57 45 72 25 28 37 88 20 17 20 43 69 94 26 37 24 31 67 51 82 7 71 62 40 11 65 32 48 69 33 16 14 5 27 33 19 34 59 40 15 40 28 40 97 5 94 6 25 71 9 53 66 40 38 31 55 78 50 32 76 59 81 55 55 54 11 24 92 76 73 70 19 52 58 49 69 59 92 65 20 35 49 42 41 26 2 74 25 46 95 21 33 5 16 28 75 19 11 26 26 27 48 33 97 1 76 44 73 47 28 75 56 63 88 66 65 88 13 88 83 44 22 94 86 60 82 20 79 95 56 46 15 80 64 0 27 84 21 28 75 43 47 61 25 30 55 69 67 33 20 81 77 43 14 91 55 0 20 11 4 62 98 70 38 12 46 95 49 27 27 20 19 41 91 21 1 85 84 33 5 46 67 54 3 56 50 98 81 88 56 96 70 67 35 85 23 88 5 12 80 39 12 41 6 97 22 56 26 49 30 43 96 68 82 37 88 49 20 68 61 15 24 99 8 49 95 87 4 17 80 70 69 52 25 72 86 19 78 32 57 80 92 77 66 53 19 74 22 92 7 50 32 78 27 64 24 58 97 31 77 29 60 50 28 33 12 41 93 64 63 66 49 25 54 99 27 83 4 39 4 32 94 77 68 99 43 7 74 68 66 98 27 26 70 81 8 26 68 14 27 1 0 61 26 16 95 57 25 95 29 29 52 82 35 57 49 92 60 60 46 38 
96 9 48 96 70 95 77 73 82 69 22 38 40 86 25 51 59 30 14 26 42 21 38 78 14 34 30 73 32 96 61 4 2 82 28 30 56 85 11 37 36 57 43 42 34 82 96 32 98 97 91 97 59 99 0 48 20 61 73 65 59 63 70 31 45 6 42 62 88 79 57 18 21 77 55 97 8 49 47 87 64 43 50 88 23 67 25 4 20 88 89 12 98 29 84 53 60 67 49 19 14 12 93 33 77 53 90 6 26 38 1 60 34 97 32 2 58 23 41 64 47 71 0 44 13 57 10 36 88 28 53 47 84 88 99 74 61 64 83 34 27 36 10 85 49 37 80 43 84 44 41 84 95 31 62 56 57 63 44 30 80 40 43 1 55 21 52 45 99 62 69 92 70 67 21 56 82 46 58 44 55 78 11 83 37 47 43 64 93 6 16 73 93 57 46 21 3 85 54 92 49 80 77 68 79 48 1 3 20 75 46 88 99 77 41 16 42 31 94 97 84 10 34 1 53 95 55 58 16 53 95 29 62 39 55 27 0 87 83 70 80 93 6 69 34 19 28 64 72 94 0 44 82 94 5 4 72 53 51 62 81 11 31 84 41 92 38 64 36 78 29 80 86 36 27 4 73 23 6 50 91 62 26 86 26 3 38 23 35 90 19 21 23 21 23 40 48 99 32 42 65 70 20 0 86 70 33 74 25 51 15 27 37 15 2 63 9 5 94 11 28 38 81 23 68 59 12 44 49 42 41 52 78 75 43 92 79 16 48 79 63 70 91 79 0 77 67 19 66 39 50 13 10 95 94 23 80 97 15 44 74 35 17 6 91 93 99 26 70 53 57 62 94 89 7 57 51 29 77 19 30 40 28 90 75 39 90 47 12 14 9 15 16 48 69 43 92 62 39 91 12 16 44 92 88 58 68 67 40 80 16 89 50 97 99 6 95 7 71 27 94 71 80 13 26 62 23 79 66 6 7 48 24 71 66 23 17 46 19 71 7 6 45 67 5 37 89 82 24 39 11 82 26 16 77 13 97 11 43 50 77 32 59 17 25 28 7 36 33 4 46 32 47 24 2 37 35 41 35 92 75 87 77 34 60 80 74 14 79 51 52 37 70 43 73 20 2 67 75 71 
56 71 39 40 6 24 60 19 7 7 73 37 59 11 83 33 97 23 98 98 57 21 64 69 25 62 45 82 4 13 10 41 58 76 7 95 14 3 11 69 78 20 61 20 63 3 15 70 47 88 65 67 42 74 6 64 1 65 30 29 0 75 72 9 66 30 85 97 8 91 24 66 27 24 97 19 8 92 52 73 6 71 59 28 52 6 46 17 25 84 64 11 82 63 10 34 7 49 48 42 83 94 1 41 24 1 56 90 97 37 32 25 27 82 85 72 47 77 86 14 67 55 1 82 2 83 33 39 97 59 63 60 84 9 10 74 35 95 1 62 34 34 11 99 17 9 41 70 50 53 52 0 75 81 76 65 62 50 66 3 35 98 28 91 90 43 30 62 56 28 95 19 75 90 25 31 4 8 5 24 88 59 6 30 65 64 53 5 73 74 37 14 89 15 39 92 19 88 3 43 84 30 82 51 6 6 97 35 14 74 81 14 65 5 82 40 78 0 42 43 22 34 76 20 48 20 71 63 70 19 61 16 58 28 57 28 73 84 69 2 38 37 65 54 83 58 53 26 63 81 29 4 81 31 49 70 51 9 5 77 65 40 91 18 29 20 94 79 1 82 74 10 36 48 29 72 34 30 33 99 27 0 96 2 72 1 30 41 68 91 93 98 44 72 25 58 12 13 31 76 27 91 10 65 40 91 49 99 64 20 9 14 78 3 80 77 26 70 84 79 49 81 83 21 4 87 28 64 60 84 43 92 83 76 86 10 47 7 75 0 38 67 97 63 62 67 95 80 52 33 25 39 83 89 32 91 60 59 84 19 27 1 27 9 43 70 96 92 41 25 48 83 21 61 84 37 40 72 75 93 71 88 73 31 31 83 44 31 52 83 16 22 84 58 29 58 12 22 36 62 66 33 19 75 49 39 74 68 77 24 47 12 81 46 36 73 99 8 61 4 47 10 20 51 60 7 93 47 57 52 59 4 74 33 98 20 98 84 86 57 30 59 8 61 49 78 71 96 33 7 1 35 24 63 49 15 4 75 54 69 89 28 68 24 72 26 38 15 32 64 57 87 13 34 46 30 92 36 36 74 44 10 28 97 43 55 7 72 76 76 9 65 17 60 80 22 63 37 20 21 
33 22 13 4 91 37 89 0 63 63 82 39 78 88 21 25 49 34 75 34 73 43 97 87 22 74 21 45 9 79 34 75 30 51 89 71 82 15 93 67 65 4 28 56 62 47 11 85 11 47 11 60 5 6 57 54 50 24 95 19 27 87 93 28 5 85 10 31 47 28 70 68 89 73 56 78 35 48 8 4 10 81 6 96 29 0 11 25 49 3 42 58 84 60 84 97 14 11 88 99 9 29 64 29 73 36 21 4 93 5 62 98 28 8 54 62 89 10 8 22 84 72 70 80 35 61 76 21 90 46 26 90 47 26 82 82 47 77 68 15 78 68 53 72 98 54 82 56 74 30 73 59 64 78 74 17 95 77 16 24 84 86 86 46 45 76 29 47 54 31 75 44 13 29 49 79 36 88 46 25 77 24 85 82 20 73 65 12 95 16 82 43 97 84 97 95 89 54 5 9 43 97 93 99 23 75 66 80 99 32 3 23 38 56 96 15 19 18 35 82 32 88 24 44 19 76 1 47 73 15 84 93 68 10 84 63 88 60 78 43 48 91 49 68 28 60 4 51 87 57 87 32 84 48 17 47 93 7 73 70 4 74 74 2 16 59 56 48 88 76 97 54 13 19 24 77 15 61 52 59 67 66 75 75 12 29 7 11 15 14 61 50 53 47 6 48 86 9 95 49 11 50 12 35 34 22 29 97 52 51 48 55 87 12 76 35 77 25 40 98 52 65 72 32 81 93 47 49 14 33 67 26 95 3 86 35 79 56 31 41 15 22 91 51 20 84 47 50 13 78 11 53 62 62 91 91 63 71 81 71 17 46 99 6 61 9 15 55 17 67 12 51 82 46 51 45 83 69 57 53 43 8 5 90 55 67 54 25 62 66 14 4 69 22 71 69 26 60 8 21 39 75 36 13 78 37 80 69 83 97 20 72 25 26 0 75 3 40 93 20 48 2 90 61 78 48 42 57 56 35 19 67 89 35 80 2 12 18 63 49 51 70 41 39 50 5 2 3 87 20 15 33 38 5 69 50 32 95 14 38 31 66 35 71 58 71 67 35 29 11 67 1 6 61 30 46 30 46 58 64 43 28 20 86 31 72 12 73 79 70 97 6 23 28 5 40 88 50 48 6 
20 62 3 77 38 64 43 90 89 81 40 84 33 74 82 50 53 2 3 4 91 63 92 60 38 72 48 70 29 50 97 88 8 39 92 61 68 20 45 17 16 58 10 0 19 0 13 33 74 77 96 71 78 40 57 95 67 61 32 18 30 50 40 12 50 11 84 31 0 12 81 41 17 31 34 72 19 81 85 44 24 11 13 2 78 66 52 43 35 13 32 29 85 97 49 64 76 68 38 51 47 74 88 55 22 78 65 58 43 40 37 17 92 53 49 90 79 47 52 65 21 64 47 71 61 98 8 27 53 68 94 64 62 95 3 88 77 84 69 81 80 6 41 40 38 63 36 59 91 59 29 90 71 49 58 0 31 32 9 62 52 31 85 8 81 87 97 99 57 42 67 44 60 7 42 30 46 22 83 14 36 67 94 93 57 61 36 11 35 0 47 51 64 16 38 30 93 4 72 48 58 61 81 20 92 27 73 64 7 47 31 16 81 0 34 63 40 20 78 37 84 38 6 85 82 17 67 86 38 97 83 11 34 84 10 21 20 85 83 15 23 40 77 30 14 22 59 40 83 66 83 62 51 84 91 23 55 60 74 42 61 54 18 90 12 15 70 67 60 29 15 56 39 87 32 53 36 26 42 62 44 3 62 47 42 23 41 26 91 49 9 94 35 20 79 4 30 91 42 41 10 7 85 61 25 19 44 0 78 34 91 59 89 80 71 18 46 6 53 92 99 53 59 5 40 90 85 93 79 13 12 91 54 22 57 60 59 36 26 18 30 14 76 31 32 66 6 91 18 94 92 11 97 0 85 31 41 22 88 49 12 47 39 67 26 48 2 75 86 25 53 71 21 41 31 56 43 68 36 99 52 61 65 32 53 71 85 75 57 74 26 11 10 40 4 83 21 46 63 14 72 63 66 9 31 59 94 84 28 27 57 42 12 42 34 11 20 93 8 75 30 9 43 54 79 61 13 43 44 1 23 95 7 63 77 49 61 19 56 92 89 19 67 34 41 24 72 77 92 23 59 24 62 41 2 64 9 83 27 6 36 28 17 75 29 20 12 98 29 36 87 54 30 90 7 22 23 8 86 27 75 78 57 78 17 76 61 19 61 31 84 99 73 69 3 59 49 72 7 61 
8 72 30 1 99 25 74 74 16 65 61 58 32 37 1 81 18 4 96 99 12 99 66 52 17 40 33 33 41 36 18 96 96 54 9 68 91 73 12 35 39 30 65 80 36 23 60 51 60 94 5 52 64 44 46 21 41 14 42 54 48 87 43 27 54 91 64 66 9 30 30 97 88 86 93 49 96 86 93 8 92 94 79 36 45 75 92 31 72 52 1 4 13 47 75 94 21 2 97 98 20 8 19 94 39 41 51 75 56 13 68 79 98 27 40 84 74 24 78 87 91 2 55 58 40 55 51 60 0 79 52 85 83 72 45 55 33 21 53 35 73 7 34 40 86 69 8 80 97 41 29 6 52 2 3 43 23 9 68 64 42 72 52 10 56 89 79 95 1 3 94 98 7 59 38 41 15 45 12 66 52 94 99 65 96 71 37 65 36 32 13 99 18 92 25 75 70 36 26 53 31 62 44 59 35 60 67 88 71 16 98 21 86 82 17 78 88 44 49 56 86 60 95 42 12 56 65 34 0 29 77 35 69 69 21 73 0 1 47 51 52 73 74 53 53 82 18 20 70 15 23 93 24 33 0 36 7 74 10 78 28 13 52 76 37 45 63 80 54 3 95 61 99 86 89 93 48 31 99 86 49 21 59 78 17 87 47 57 82 44 50 29 10 93 49 43 5 70 57 39 80 71 43 63 50 49 56 68 48 52 43 77 31 22 23 29 86 15 48 73 9 52 87 79 77 72 17 64 2 10 33 85 54 37 42 30 39 58 28 54 34 26 25 31 73 59 69 26 40 33 18 29 99 71 83 22 47 82 90 56 95 40 69 86 5 73 79 75 70 16 15 38 64 93 82 79 17 52 12 27 93 19 80 47 39 17 19 81 18 71 43 67 51 40 44 74 43 64 94 36 22 13 2 14 9 95 63 96 75 65 68 11 97 97 50 90 38 72 72 86 94 27 3 5 96 22 64 92 1 17 26 64 56 69 73 57 90 33 89 8 30 59 19 44 19 29 19 41 86 29 35 27 77 38 65 53 52 43 53 60 62 21 61 41 23 29 85 93 72 73 38 69 13 82 34 10 33 73 60 78 21 11 24 1 62 32 34 86 1 67 5 83 90 47 86 53 5 38 61 9 
69 8 66 65 2 87 31 53 64 70 71 25 41 16 58 15 56 23 42 10 29 1 99 61 84 15 0 85 66 11 50 12 71 80 6 44 25 94 30 47 89 84 1 84 87 22 16 27 57 59 84 0 4 28 0 62 65 81 18 71 85 96 6 4 7 16 36 37 80 65 74 94 29 48 20 9 20 32 91 32 79 48 13 10 0 72 73 93 87 70 89 71 89 69 65 55 50 74 47 47 48 31 8 86 15 77 94 36 31 91 10 63 26 48 68 22 36 31 24 26 39 91 24 21 53 15 79 90 28 84 21 56 47 90 14 58 68 59 18 11 1 2 27 80 69 45 58 73 18 40 2 90 10 37 51 73 90 26 25 93 42 60 45 71 55 71 56 90 9 46 24 14 8 84 99 66 72 48 33 32 9 87 63 50 50 32 76 79 6 91 38 51 65 85 92 36 29 21 59 69 30 89 23 69 72 56 83 52 96 84 95 46 72 95 37 92 67 94 7 67 53 70 56 61 8 18 62 8 11 67 13 13 20 32 89 5 6 65 79 45 76 15 7 7 70 28 45 19 69 54 93 1 26 60 31 35 48 49 4 46 97 55 56 16 30 9 82 80 54 22 69 37 1 11 96 85 30 0 86 34 5 79 96 41 77 60 14 57 94 16 61 53 49 51 12 35 85 61 99 14 80 71 5 2 34 0 60 34 69 35 99 89 66 97 31 59 97 32 85 70 90 47 92 48 54 48 8 11 31 33 31 1 6 92 5 92 9 46 19 40 85 11 98 59 56 10 3 35 20 63 72 49 10 48 96 34 10 58 8 70 91 83 67 27 73 30 53 32 3 80 16 44 9 70 94 50 35 74 23 47 78 21 20 51 65 70 76 75 82 87 80 80 73 85 45 44 20 37 68 61 46 5 6 53 1 9 68 8 86 25 81 51 67 75 51 71 39 62 97 4 81 48 88 63 42 66 30 27 73 91 12 89 62 21 28 51 14 51 88 41 78 54 27 39 95 69 32 1 77 75 0 84 25 20 51 81 81 3 68 29 3 98 14 38 52 0 74 3 85 12 93 9 29 83 42 30 83 0 69 28 21 4 68 63 25 50 79 3 93 59 2 63 2 83 58 97 39 13 12 39 
42 7 12 65 93 0 72 78 97 94 77 3 57 18 0 26 66 63 37 29 19 81 16 12 9 68 85 32 10 56 41 22 6 27 66 31 83 2 83 58 20 70 36 6 3 76 36 29 11 64 12 38 58 20 66 24 30 39 17 95 7 2 73 96 96 56 80 43 76 80 12 23 79 59 43 7 85 24 60 67 1 63 50 64 92 69 12 78 36 95 93 26 46 52 95 12 53 1 62 82 70 98 88 36 71 99 66 16 66 89 71 41 40 11 68 22 46 32 91 16 31 6 44 62 28 93 58 68 64 5 36 28 39 32 7 59 83 90 45 40 11 14 70 20 46 50 68 91 98 70 46 62 69 32 98 12 94 39 6 60 43 91 59 56 4 96 99 60 14 72 58 42 30 66 41 87 4 29 42 72 32 63 13 20 96 19 83 88 71 17 25 34 47 0 24 82 62 22 67 50 71 29 82 73 79 91 55 70 10 58 63 42 85 93 9 92 54 15 65 84 48 81 21 53 99 15 22 58 52 6 17 67 51 6 47 78 11 36 4 67 63 96 1 93 90 85 25 18 33 46 52 26 45 18 80 28 25 91 62 20 22 10 46 99 24 62 65 66 97 1 84 77 23 95 34 98 15 84 68 95 45 39 65 11 4 55 12 50 78 2 0 94 19 72 61 31 2 1 25 56 2 65 47 30 36 30 8 89 49 80 94 97 93 48 49 78 25 83 14 16 55 61 53 67 85 24 62 87 44 93 19 67 79 46 72 86 28 95 77 67 90 67 20 15 74 37 6 77 31 80 9 73 30 15 79 21 87 52 16 51 85 67 32 12 77 10 89 8 94 79 21 17 20 87 91 59 92 76 54 99 53 30 62 4 38 81 33 18 30 32 37 34 90 35 78 51 84 34 91 64 49 27 35 57 38 41 19 81 96 78 0 44 33 70 54 57 57 83 78 79 69 0 51 77 45 67 25 97 51 33 74 75 74 97 87 58 94 29 15 43 19 78 77 17 80 96 25 24 20 59 75 79 87 48 26 53 42 64 45 22 26 57 91 68 14 31 12 27 28 17 69 29 26 84 20 62 38 20 3 13 17 25 35 72 72 83 53 5 65 21 45 68 88 36 71 78 47 56 43 11 
60 25 12 87 36 48 35 75 24 69 87 78 95 56 24 59 35 61 43 63 91 33 60 62 58 91 86 35 27 18 8 96 25 79 32 86 39 94 20 29 76 65 37 92 55 32 60 83 77 90 19 19 3 5 19 78 46 72 2 21 62 63 27 89 22 28 18 98 0 84 94 64 19 72 82 90 19 30 37 10 50 28 84 93 45 82 36 74 28 6 62 55 62 60 60 14 20 38 84 72 78 70 4 65 20 37 17 39 84 85 17 20 16 69 75 59 40 53 25 86 78 35 43 52 99 71 54 53 56 61 71 10 39 35 20 81 81 61 49 51 20 16 73 22 97 84 76 47 90 11 95 50 63 96 62 86 89 72 95 81 78 54 19 55 97 97 63 6 55 60 93 33 37 13 69 22 62 60 20 48 64 48 3 1 50 40 24 99 82 33 81 82 56 83 23 23 25 1 41 5 18 41 47 54 55 97 6 78 24 16 62 69 10 51 17 13 83 91 31 13 51 60 84 92 40 59 56 99 35 26 17 90 59 10 69 98 84 80 47 13 73 23 84 8 58 24 96 16 43 98 34 84 78 36 22 52 12 48 9 65 67 75 47 47 77 71 53 60 18 32 51 56 9 47 11 91 62 89 97 77 66 51 22 39 47 13 67 2 87 49 45 28 63 15 42 18 70 20 88 3 46 63 44 67 18 6 98 96 56 94 92 3 17 75 92 59 6 78 53 20 25 20 83 22 16 13 6 79 13 54 6 51 4 74 98 75 52 12 86 64 12 94 47 44 32 35 20 16 18 71 31 84 47 64 35 62 62 66 61 92 6 5 72 26 14 41 68 44 47 61 65 37 50 84 38 77 62 41 92 56 21 34 17 45 38 30 66 43 90 64 36 45 15 91 36 59 94 3 95 2 13 96 1 54 63 90 47 29 55 73 14 56 36 24 44 73 77 45 60 8 37 98 59 81 68 65 46 63 5 56 13 0 73 52 46 93 28 65 43 38 97 69 94 76 47 34 29 40 93 87 80 50 5 92 24 55 75 48 85 38 78 26 89 12 72 64 59 91 45 8 52 35 4 12 26 53 55 31 75 39 62 68 67 49 57 46 65 25 39 39 80 26 41 76 39 11 20 90 24 56 
77 52 9 43 19 76 21 91 60 45 63 57 92 22 60 3 21 50 62 87 18 68 15 61 60 1 37 59 54 99 52 38 86 96 44 27 62 51 52 44 29 62 95 13 83 52 94 0 79 97 61 13 87 92 19 53 16 1 74 15 4 88 68 76 94 74 3 7 43 47 26 47 9 11 8 99 72 23 87 7 16 22 21 44 70 29 66 19 15 47 89 92 39 87 96 40 78 94 75 7 8 62 94 5 66 71 90 39 61 23 74 5 77 93 69 60 91 79 76 40 68 67 39 26 38 45 63 59 13 20 95 79 49 81 87 15 5 43 12 61 19 1 7 25 60 82 41 25 48 18 17 32 53 72 92 21 46 47 30 23 33 37 4 6 64 9 43 57 83 46 95 31 40 73 64 28 46 54 54 67 7 93 28 16 82 6 55 82 83 44 31 73 67 10 64 87 32 18 17 7 92 51 45 68 99 60 6 70 44 32 55 97 40 44 26 19 66 33 64 71 8 23 38 6 84 2 53 14 97 99 66 16 80 61 26 8 19 45 40 78 10 12 89 11 39 64 13 0 59 19 86 87 7 51 98 96 20 68 52 99 5 63 41 65 91 18 49 41 79 96 27 35 23 91 27 79 76 12 72 70 98 62 37 26 28 64 69 76 61 87 59 39 69 99 82 48 38 77 52 29 5 9 57 16 40 13 38 57 54 33 67 25 0 8 20 94 34 51 0 47 33 33 99 94 15 13 29 2 2 70 80 45 62 83 51 84 31 62 65 56 43 73 55 2 14 53 50 78 77 71 79 63 85 82 92 57 63 90 77 25 30 63 37 52 26 24 62 53 6 81 59 12 37 8 69 81 63 34 73 34 50 8 88 54 4 25 44 35 11 19 79 40 9 66 28 53 84 92 84 77 54 59 79 59 86 19 54 85 37 82 2 94 73 41 39 4 54 97 16 43 76 47 27 79 40 18 26 15 78 33 78 10 54 63 2 50 50 56 31 23 88 7 29 11 46 88 20 92 22 58 2 3 46 71 95 50 10 95 80 35 76 54 90 76 81 53 16 24 15 1 55 10 75 85 56 99 39 26 46 90 11 25 27 22 84 22 79 86 43 54 59 26 86 78 55 27 99 54 10 19 
26 4 81 55 10 20 87 40 22 21 93 84 76 33 6 17 1 60 58 44 31 29 4 44 56 63 56 84 61 84 13 53 62 94 79 23 49 19 57 72 87 20 59 66 29 98 63 51 79 51 72 47 59 80 59 6 48 59 84 51 41 62 33 96 88 27 1 74 23 37 24 41 41 22 23 54 46 10 66 81 33 22 86 9 72 16 83 99 30 79 46 74 69 79 28 54 38 26 65 47 66 36 5 75 34 86 23 5 65 19 63 0 47 61 62 94 65 27 3 11 72 37 26 24 73 63 30 86 99 77 43 4 71 47 73 77 92 55 46 50 90 87 2 84 2 4 49 38 69 25 71 45 71 96 77 52 5 98 25 37 65 26 63 28 80 32 42 70 20 19 82 48 51 15 56 45 27 37 14 0 77 41 28 52 5 27 88 52 58 85 52 15 64 37 75 74 85 88 7 23 94 39 24 43 44 78 19 71 39 54 62 24 58 50 29 66 41 32 27 5 86 38 66 92 99 3 94 98 30 35 27 61 5 62 38 39 89 44 35 0 97 1 10 67 38 73 15 53 30 65 90 27 41 41 51 58 98 34 83 42 59 90 31 59 9 88 30 68 89 77 75 15 15 24 64 82 82 72 48 74 69 10 18 44 97 48 89 18 38 42 87 32 61 63 37 14 66 25 9 6 74 42 92 56 14 43 85 9 71 24 71 85 80 8 11 5 99 53 64 36 71 20 61 1 99 15 86 65 1 32 1 48 71 20 50 53 35 56 8 13 9 4 94 77 92 37 44 55 1 0 6 63 37 45 91 53 12 34 41 83 96 3 82 30 38 67 4 0 71 7 79 36 27 41 52 26 4 53 89 66 33 22 74 19 7 14 25 92 25 72 51 85 44 25 14 76 19 17 16 53 86 18 54 46 13 78 76 27 82 69 62 43 28 92 17 49 40 64 3 74 52 18 50 92 45 10 61 85 70 32 97 79 34 11 0 52 92 98 9 81 52 61 93 70 70 38 50 86 82 89 73 91 18 26 62 18 85 79 24 6 71 49 19 65 13 39 26 6 63 14 14 5 12 12 73 91 2 90 35 9 72 32 16 39 83 92 70 80 49 30 11 96 1 58 72 0 87 88 74 27 
27 84 22 64 88 68 4 33 10 38 84 11 69 99 93 85 26 84 55 50 65 43 87 59 89 85 83 61 39 68 38 33 61 33 20 84 52 27 21 81 86 28 16 33 49 42 1 7 61 50 51 45 64 89 54 13 17 4 53 85 48 17 83 26 93 62 53 79 71 29 68 71 94 9 86 48 26 52 93 4 46 32 88 82 81 2 11 86 47 26 83 57 72 74 40 28 48 76 31 76 27 82 49 33 29 16 81 90 66 78 16 74 5 83 52 53 79 23 67 60 79 72 67 10 15 82 93 86 93 5 81 77 14 87 30 15 14 93 42 97 54 49 16 49 51 28 89 12 28 19 15 29 10 50 93 90 28 95 90 50 51 95 32 40 57 71 47 72 43 35 99 92 90 15 5 0 11 10 42 70 81 74 71 45 34 25 56 99 64 72 73 25 11 90 89 64 97 48 88 37 94 56 5 24 2 60 68 62 21 71 67 21 4 50 94 74 35 51 98 48 66 9 47 66 48 2 58 33 86 70 2 8 99 6 34 92 71 62 1 25 78 75 55 82 94 41 99 84 89 10 0 76 6 57 67 3 80 14 0 46 9 42 73 70 68 93 43 63 65 77 46 8 40 57 54 80 5 90 17 74 68 40 28 14 28 64 53 99 11 32 6 50 76 78 88 62 95 3 60 25 87 79 46 84 53 40 35 53 75 89 23 2 50 4 25 49 18 47 76 90 80 33 72 99 21 16 48 35 34 42 93 65 46 3 38 71 30 81 16 19 51 23 6 44 26 12 10 45 18 55 11 11 26 47 80 38 39 53 49 97 26 2 19 74 92 27 78 34 59 36 72 65 4 53 51 67 80 27 49 25 71 64 0 15 59 20 68 70 21 76 79 36 88 11 28 38 12 4 19 17 21 16 92 64 31 48 1 20 11 71 39 90 23 35 97 24 3 79 59 6 35 96 20 31 49 20 91 44 26 6 37 20 53 72 60 31 52 57 1 55 7 44 89 82 82 2 32 0 22 72 44 73 10 88 30 41 79 50 32 27 5 67 59 24 95 7 51 13 14 50 8 59 25 55 76 1 21 62 6 64 27 28 61 66 0 8 90 11 60 33 33 12 1 15 20 38 34 48 82 10 
35 32 70 87 60 73 60 24 53 63 19 8 32 28 47 79 15 43 83 83 92 42 63 47 82 2 18 50 46 96 63 98 60 55 78 89 63 24 47 11 2 54 76 65 11 0 76 98 65 33 70 49 50 67 39 24 4 88 37 10 20 31 11 93 97 53 85 42 58 33 20 43 59 61 19 61 77 61 4 23 89 76 81 13 1 6 59 85 87 23 99 81 92 37 79 75 48 35 60 33 12 3 73 90 37 21 13 87 79 9 15 68 1 74 76 42 46 71 51 10 70 60 43 98 64 80 46 95 33 42 87 2 32 67 17 61 49 15 45 33 50 90 16 24 56 38 25 16 78 80 38 78 77 60 73 15 72 17 49 67 24 54 34 96 42 95 39 90 78 78 29 30 59 26 26 71 40 80 63 57 6 27 14 68 24 96 79 95 11 64 51 72 66 4 61 57 60 33 55 7 17 69 77 89 3 71 75 73 56 12 49 31 65 50 49 64 30 23 87 72 60 87 79 33 24 74 66 46 90 37 94 18 43 13 72 9 24 62 10 35 99 49 66 58 93 4 35 5 77 85 62 29 66 25 37 65 28 43 91 43 96 9 30 39 48 21 1 21 80 31 34 85 93 14 41 7 15 13 20 80 42 59 15 15 62 20 22 57 64 78 67 65 89 70 98 27 69 11 44 10 37 5 74 66 24 62 89 73 35 15 4 60 92 97 56 42 22 57 65 37 25 46 37 8 15 21 41 1 9 96 57 84 16 36 98 26 45 37 93 45 20 3 78 82 69 84 82 84 59 78 12 83 34 54 65 41 22 2 20 97 63 37 10 12 63 46 17 52 31 77 72 99 9 85 82 19 84 24 61 16 46 57 65 9 40 3 14 53 47 25 56 38 95 99 89 21 80 61 81 95 36 55 37 49 49 84 28 38 43 74 70 55 7 64 13 65 8 68 29 61 28 80 90 7 38 61 74 1 66 27 31 7 4 95 53 17 78 34 2 11 48 32 15 35 13 72 78 2 83 62 44 5 62 25 31 71 73 28 30 74 57 76 45 57 96 1 86 5 46 46 53 71 74 55 37 84 89 32 99 33 96 10 0 73 20 43 81 23 83 86 10 95 59 78 53 16 69 96 30 0 
52 91 55 14 6 93 94 51 97 61 10 44 1 49 39 52 49 4 10 87 76 2 92 21 45 46 38 34 69 27 62 98 80 96 9 74 44 43 53 3 83 97 87 25 95 0 6 96 0 8 83 46 16 20 63 69 65 55 80 27 96 86 76 73 10 15 92 90 64 77 28 85 80 43 84 18 22 86 54 70 7 52 11 75 21 12 40 69 92 57 42 83 19 15 82 4 26 75 43 4 20 90 1 99 30 45 24 82 99 43 9 96 98 15 73 79 36 75 81 40 35 69 58 55 87 88 8 89 48 71 65 68 17 89 9 19 16 78 52 45 26 58 78 36 20 99 47 33 52 77 83 19 46 47 95 28 23 92 97 95 16 31 38 22 94 3 42 21 86 14 96 91 85 50 57 67 70 61 98 25 57 72 2 93 30 12 41 74 17 55 89 66 96 15 30 68 82 89 90 71 77 19 76 79 82 51 29 8 68 98 73 15 82 61 78 20 90 8 96 19 82 8 42 24 8 59 74 10 12 20 75 55 7 41 96 63 86 94 53 7 42 33 3 46 42 4 27 96 8 44 33 49 14 63 58 21 71 32 5 8 15 49 36 12 78 96 11 9 19 51 49 49 6 93 3 8 50 37 67 35 76 16 21 86 1 1 83 3 66 98 60 6 77 35 92 24 95 87 18 12 21 55 62 62 42 48 60 95 24 39 36 68 44 96 62 91 97 3 60 11 63 21 76 79 54 68 45 66 37 95 55 54 60 46 44 66 61 14 65 72 82 88 13 88 41 28 30 91 72 30 3 7 72 43 70 14 48 8 53 88 78 54 8 54 34 55 52 98 70 75 78 33 37 50 54 9 79 15 99 69 74 94 4 82 95 24 48 55 16 7 67 66 45 7 15 79 28 1 51 50 51 84 13 78 14 74 45 64 20 66 8 47 46 31 59 9 46 47 55 66 68 34 71 90 13 82 91 98 64 82 72 65 48 45 67 28 59 50 30 19 0 62 58 74 44 21 78 61 63 20 1 52 49 61 1 38 46 71 77 48 29 68 59 89 62 0 95 15 89 51 41 9 27 90 30 75 11 44 55 58 9 99 17 75 91 50 99 68 16 19 5 20 84 66 4 0 36 63 54 56 
89 92 39 62 13 96 77 29 17 85 37 59 34 75 37 46 36 49 55 13 62 87 4 81 49 50 65 72 61 10 83 63 94 34 41 84 50 42 86 54 85 3 38 72 87 45 10 52 42 45 78 79 60 90 42 21 21 56 45 76 98 6 72 4 75 57 92 6 85 92 73 14 0 62 38 91 86 44 95 50 82 26 77 2 19 57 37 37 31 55 55 96 49 84 30 19 24 94 5 82 85 49 0 46 46 49 83 0 78 83 23 47 27 49 42 81 32 79 23 51 26 58 41 10 42 44 80 43 38 17 37 16 86 52 59 85 17 47 61 96 80 32 15 5 27 55 56 61 64 92 30 42 68 15 77 80 5 68 1 20 13 43 49 37 90 58 78 70 83 52 51 83 29 86 49 7 89 98 18 64 38 18 71 51 43 32 75 59 9 30 26 13 63 93 83 87 82 26 44 97 30 36 64 31 40 45 14 67 75 68 23 11 36 15 33 52 39 29 50 86 76 95 58 27 95 3 15 30 60 76 37 89 65 54 20 15 48 32 96 54 47 19 77 78 51 89 23 73 51 69 63 37 20 39 18 90 39 91 55 75 46 46 66 43 61 98 60 56 1 21 40 40 54 42 80 77 7 36 20 21 20 5 18 56 21 88 88 46 55 99 43 26 56 61 24 64 88 65 64 75 77 45 29 4 56 31 75 78 49 6 55 77 10 83 13 18 55 50 62 22 63 82 81 52 1 70 93 44 83 73 62 98 67 12 93 60 63 45 11 30 94 24 44 72 88 51 31 23 36 61 28 72 64 36 36 84 97 55 77 31 51 94 88 55 94 49 51 56 95 28 95 90 13 75 10 7 18 10 39 30 93 22 18 88 70 73 38 41 12 77 92 60 24 33 21 98 42 20 59 31 46 58 40 33 68 57 65 68 65 66 65 54 36 61 71 34 29 1 78 27 2 81 54 83 34 87 80 71 13 17 3 98 57 96 83 92 29 61 48 29 15 93 66 64 6 62 42 84 0 6 87 61 79 94 8 47 93 76 55 71 92 5 24 34 96 49 98 46 81 30 94 98 96 86 70 57 46 32 84 38 53 41 64 79 10 18 16 81 34 38 67 90 12 95 21 52 9 96 69 34 
64 37 73 52 64 39 61 40 98 79 49 52 34 92 4 21 8 43 89 96 26 55 91 26 10 69 32 95 30 1 83 4 0 29 5 5 42 72 13 7 35 91 16 66 29 39 63 92 31 44 82 59 96 19 13 72 35 75 3 16 65 42 61 34 60 37 59 84 82 18 75 19 97 96 9 66 88 8 36 16 87 30 17 80 15 13 78 3 73 73 47 22 34 82 28 61 80 13 44 89 81 59 23 79 89 3 52 6 29 87 36 9 62 26 17 27 28 92 21 76 70 13 3 25 90 68 57 97 72 30 85 39 9 89 23 39 44 40 32 6 68 85 33 15 51 76 66 65 62 37 97 76 36 32 94 14 2 67 27 0 63 10 73 99 2 0 0 45 5 20 79 80 11 47 15 96 28 61 14 10 30 58 42 26 46 51 45 76 3 19 63 64 37 76 91 94 69 60 55 67 95 44 76 26 45 53 80 89 28 93 35 34 26 83 23 6 17 22 97 98 87 63 11 25 39 70 45 39 39 90 60 34 85 37 66 30 18 57 85 61 25 51 60 60 30 72 95 47 48 14 59 89 38 14 34 3 88 83 91 47 51 97 31 73 23 51 60 52 42 5 10 34 94 96 13 73 47 27 33 54 66 82 14 92 48 59 63 26 16 79 14 24 11 71 30 1 2 83 66 47 89 49 20 29 7 45 42 55 34 39 30 74 24 64 50 54 25 21 18 88 20 28 59 98 12 37 8 50 33 63 31 18 52 47 14 35 80 55 66 6 64 28 74 58 31 38 25 27 22 7 14 72 99 79 33 58 83 9 95 78 11 85 83 16 70 9 42 28 28 29 42 42 30 69 22 97 74 24 81 49 18 80 57 14 30 54 70 52 74 18 49 67 45 72 0 83 22 56 36 90 68 13 56 1 93 88 5 49 53 5 54 7 89 35 11 9 81 81 75 65 3 80 68 72 21 4 80 25 92 52 81 51 15 42 21 97 18 72 72 66 3 90 25 9 35 9 19 98 53 75 65 93 90 92 54 48 16 30 19 48 63 60 1 62 15 38 10 5 85 27 7 45 92 91 40 79 44 68 0 70 14 27 40 70 6 9 66 28 17 49 68 75 39 45 49 44 17 57 66 81 
13 63 71 82 23 99 1 94 90 2 74 97 37 79 10 43 2 40 6 20 86 89 40 36 30 25 97 81 58 13 7 93 1 46 21 6 18 29 62 3 5 72 82 25 10 35 12 10 11 22 82 80 9 19 41 62 32 89 53 56 16 89 95 18 5 50 91 61 79 95 70 49 74 42 23 63 16 44 87 68 68 51 5 93 24 28 62 54 57 68 47 5 15 39 17 35 94 29 52 3 13 36 19 83 34 24 30 36 6 25 96 16 7 97 15 28 33 43 65 83 20 41 75 51 72 2 9 41 63 80 94 61 91 99 46 0 14 73 40 92 33 71 98 48 25 21 68 77 44 4 61 64 90 54 1 57 32 31 57 60 43 32 92 24 13 61 95 32 30 89 55 84 90 39 82 28 36 36 40 97 69 14 54 39 38 22 98 99 44 17 13 29 52 78 87 64 41 13 5 84 60 87 87 36 39 24 52 14 33 39 43 85 43 82 30 84 77 13 72 20 4 48 22 32 23 76 18 63 46 71 63 6 38 13 13 23 96 80 80 9 55 68 47 51 92 94 41 56 23 58 78 79 88 22 65 1 36 71 93 5 62 33 91 30 32 49 67 79 37 96 72 28 77 95 56 63 46 46 1 14 49 97 10 63 38 88 15 39 42 27 69 61 58 65 6 2 53 85 19 31 58 94 14 84 7 28 93 79 3 94 76 91 6 34 89 73 7 70 1 44 78 93 45 42 67 40 38 16 26 86 69 47 30 55 89 2 98 80 63 69 88 78 34 22 62 31 46 6 48 73 60 5 76 71 82 16 99 63 50 26 77 89 36 66 11 2 73 72 85 94 80 46 20 42 99 41 63 10 85 40 72 6 91 37 4 72 88 6 30 10 7 92 88 97 14 79 71 41 7 17 61 55 67 35 91 94 10 54 26 68 62 67 1 89 0 37 46 50 9 85 2 10 57 55 48 34 6 9 3 78 40 4 35 37 98 51 27 76 9 52 3 46 67 33 48 13 1 56 98 92 13 67 50 78 17 65 40 92 58 76 79 81 11 61 58 5 32 62 51 6 31 88 30 70 78 97 37 56 65 0 24 53 14 10 35 26 42 58 5 0 96 27 27 34 38 94 9 79 79 88 
36 9 79 64 93 3 63 2 77 44 61 37 76 41 36 16 43 24 60 42 44 36 99 72 2 58 98 17 21 1 72 39 72 80 54 55 45 70 0 39 91 96 27 37 17 58 32 77 47 65 19 19 14 47 22 34 61 12 98 34 35 53 75 59 60 16 23 68 94 19 33 48 37 5 62 19 55 57 45 86 12 77 33 42 22 18 97 95 2 51 66 83 62 79 18 19 88 20 33 65 3 9 38 86 60 49 47 24 33 40 6 48 19 67 41 95 2 70 98 69 19 20 55 33 26 72 98 72 94 77 84 76 34 24 74 34 13 92 99 40 33 46 2 32 48 74 71 31 26 84 63 12 61 30 44 95 92 96 47 75 67 81 36 47 29 41 58 64 70 2 98 58 41 7 80 46 74 25 39 52 14 67 56 95 89 50 40 18 96 91 72 36 52 64 48 14 55 69 78 89 81 96 87 80 39 41 61 36 30 55 12 15 67 85 71 4 34 98 45 7 44 48 35 65 47 62 88 94 0 80 15 97 74 96 30 22 29 39 19 36 78 83 7 45 29 32 84 72 4 56 81 65 0 42 79 30 46 18 93 62 68 53 21 27 24 79 9 65 49 85 25 91 38 74 76 76 46 82 79 20 59 74 37 5 55 52 83 37 37 63 11 14 65 81 7 61 94 34 84 2 61 60 81 18 1 86 98 87 22 89 57 99 21 70 0 40 34 52 59 20 46 99 94 34 98 82 55 72 35 19 37 27 77 36 14 42 35 24 7 5 28 95 58 66 39 77 18 86 0 96 77 73 42 8 68 12 95 19 2 44 56 15 14 11 45 9 52 30 16 52 87 83 84 14 44 75 46 69 74 63 77 37 19 26 91 1 16 78 70 75 58 77 95 8 29 74 88 7 95 63 6 40 55 18 4 32 87 78 10 35 59 63 65 91 89 68 60 32 0 18 80 48 41 77 72 48 74 17 66 85 57 93 83 13 94 54 31 75 23 69 25 97 68 87 94 25 62 85 20 56 94 26 29 4 71 29 56 19 97 4 53 15 56 89 21 62 54 47 4 17 64 24 89 97 6 70 20 14 38 59 68 35 97 82 44 50 32 81 39 48 73 52 75 88 7 68 9 28 25 48 
63 3 55 4 38 31 59 14 36 9 82 68 23 82 82 6 1 62 81 67 79 90 66 13 15 59 32 35 65 84 92 72 75 87 92 37 35 85 42 32 26 42 63 6 41 5 26 19 73 44 31 3 29 85 39 63 12 28 69 98 49 19 5 69 96 31 6 61 80 56 52 34 12 14 48 77 3 20 32 76 1 69 16 27 1 0 18 60 49 78 76 77 24 61 78 29 90 64 49 21 72 68 49 35 38 18 41 82 39 20 26 78 48 53 24 78 46 79 72 0 42 26 68 76 22 24 4 37 37 9 63 45 90 58 16 91 86 29 97 46 67 81 34 83 14 28 84 20 3 64 95 87 23 78 93 90 71 2 5 84 58 75 30 54 15 27 43 81 17 27 66 44 46 95 75 84 2 54 97 40 80 57 77 67 76 56 85 18 37 30 19 68 1 62 87 19 49 68 31 87 13 52 46 91 88 49 97 77 65 65 25 9 21 43 73 61 44 73 67 8 19 65 41 74 46 20 46 98 89 64 11 65 89 89 5 21 42 67 99 65 90 4 63 6 36 54 47 39 30 74 83 29 88 78 70 53 95 12 45 79 97 75 17 68 12 33 63 95 41 56 58 1 36 20 20 89 76 17 77 86 22 36 39 86 17 49 38 7 14 77 92 10 49 57 23 15 1 58 42 18 28 70 30 26 99 19 42 90 45 66 33 92 81 94 55 65 38 72 73 90 97 97 73 93 49 12 6 67 74 0 79 24 9 99 70 88 98 79 10 15 30 53 63 47 94 28 99 24 92 53 79 63 76 60 91 73 28 33 20 44 60 64 24 38 77 14 13 93 49 29 76 4 62 36 48 19 28 46 26 4 6 79 46 40 17 30 85 73 85 53 0 56 51 32 33 63 7 22 25 43 3 10 93 71 40 89 0 4 69 29 16 14 44 94 92 50 34 0 82 76 94 10 56 77 34 59 53 68 57 30 65 59 24 91 85 74 9 4 53 75 40 9 29 70 48 44 48 72 14 6 87 33 41 61 21 35 60 27 27 42 92 97 67 80 99 25 36 70 45 4 79 3 28 88 41 66 97 45 84 37 10 76 43 71 79 98 7 38 91 55 11 99 22 24 62 69 24 14 93 7 
8 4 66 42 25 77 46 26 8 64 1 15 39 66 72 7 7 77 41 24 43 73 18 50 20 14 88 20 51 91 7 96 83 73 63 97 78 53 59 55 25 68 51 59 6 0 32 30 11 71 48 33 52 22 90 57 75 89 96 0 80 64 50 77 88 13 81 19 65 84 45 39 75 24 91 77 66 26 92 67 14 5 94 6 2 67 86 8 64 6 16 36 88 40 88 62 89 36 56 44 39 99 71 41 92 27 49 27 10 78 36 20 98 41 50 79 79 60 2 42 42 85 56 33 62 21 85 84 87 9 27 10 87 40 99 59 13 49 67 62 87 78 99 8 90 55 67 28 13 80 72 57 86 48 81 34 31 54 24 86 81 47 13 51 55 71 22 98 71 33 58 33 18 94 12 65 32 99 77 4 74 68 85 15 54 99 42 75 28 96 45 82 60 94 76 25 76 86 14 61 72 48 18 11 10 75 80 62 61 43 86 61 64 67 99 15 24 83 98 24 61 81 77 28 87 44 40 7 50 95 85 99 44 5 67 75 5 30 74 91 53 51 10 6 41 56 12 5 56 99 99 13 5 74 57 41 8 92 87 5 52 74 60 48 46 40 42 70 99 13 90 27 24 33 45 75 6 20 38 8 15 47 45 66 80 76 36 78 99 96 71 10 32 85 57 50 38 83 5 76 89 91 25 1 0 4 42 24 12 17 67 55 53 19 56 43 25 20 73 88 94 74 15 78 60 77 71 28 33 7 95 12 1 4 54 30 3 18 1 47 11 86 66 79 44 73 55 94 69 37 34 24 68 5 0 39 15 10 61 73 75 76 16 62 4 78 17 81 54 25 67 85 42 18 27 47 24 81 0 42 5 54 73 68 40 1 4 30 67 93 99 58 68 23 75 80 68 81 63 68 27 41 76 86 61 30 77 7 29 99 76 29 44 92 98 51 67 63 71 60 89 10 47 15 55 63 62 75 72 21 31 66 72 57 58 83 2 98 28 65 18 88 14 10 96 65 68 73 44 75 93 21 26 27 29 60 44 50 50 71 88 6 35 29 45 16 16 60 86 21 1 75 95 96 7 84 40 35 92 42 11 53 7 26 25 61 10 33 32 72 66 93 24 28 4 1 72 8 94 46 
21 10 19 64 7 49 91 3 57 56 15 32 67 91 45 75 71 29 73 61 61 34 44 28 32 90 90 0 9 81 25 22 20 78 10 88 81 71 76 5 57 74 5 85 32 87 31 93 69 29 36 14 24 56 26 25 80 49 98 34 54 71 20 81 24 7 24 26 23 10 59 77 62 18 87 81 11 97 52 94 92 40 82 54 42 89 44 69 37 19 87 35 93 96 23 58 95 59 55 95 97 37 88 98 29 58 29 26 56 98 54 90 26 90 50 75 26 99 29 24 86 7 52 87 70 76 58 1 68 3 62 33 9 47 77 91 81 42 74 77 19 75 47 33 18 52 15 30 34 14 3 7 44 68 37 50 97 23 74 53 77 42 21 1 91 65 11 46 91 34 53 17 42 76 68 21 69 87 27 67 0 96 89 92 43 61 85 56 83 91 68 57 8 47 24 1 92 71 14 69 21 83 66 26 6 41 19 37 7 8 40 41 25 77 59 2 44 33 79 65 3 27 61 35 55 23 53 92 76 76 53 63 59 77 61 31 32 63 93 18 92 86 20 79 13 32 53 90 37 91 51 1 35 73 49 97 66 33 1 81 95 72 56 13 57 21 24 48 91 35 18 59 7 23 66 93 23 28 94 60 99 12 53 76 9 22 98 2 76 58 75 37 4 99 71 89 96 96 84 21 25 17 81 89 28 92 46 79 20 55 76 30 65 25 26 28 51 78 23 23 43 46 14 14 42 41 10 35 71 83 10 79 85 29 94 41 66 1 19 66 56 40 67 37 94 14 6 66 28 72 3 6 97 77 30 94 44 92 89 54 44 60 95 52 50 34 80 96 42 9 32 66 60 74 37 70 14 98 24 92 62 78 54 55 94 87 88 44 67 10 17 72 81 52 33 43 30 45 6 71 18 13 84 6 12 50 80 24 68 67 56 49 0 87 2 71 66 96 99 34 22 40 90 91 31 5 90 0 9 7 16 19 53 4 17 32 84 88 92 47 23 60 84 32 46 50 86 41 89 41 55 80 87 81 89 28 20 6 82 47 82 26 34 10 42 63 58 7 29 55 54 81 50 1 28 47 22 34 34 16 13 50 28 59 8 97 30 1 39 17 89 77 86 22 93 6 95 7 78 87 
12 89 3 31 47 97 46 79 50 99 93 44 89 64 94 73 63 88 94 3 66 32 48 17 11 38 51 75 0 75 96 60 6 33 87 8 11 16 71 96 43 47 42 83 50 31 10 9 60 40 56 97 56 71 11 91 10 97 56 76 10 78 54 26 75 42 26 93 7 73 89 68 22 18 90 81 18 42 37 88 29 68 12 96 56 31 91 97 58 40 1 71 19 32 89 94 96 3 26 93 45 95 50 97 15 33 92 81 43 82 20 67 35 10 47 16 49 37 41 67 91 94 0 28 73 64 9 82 78 83 40 81 63 77 97 35 34 90 66 20 56 43 43 1 88 34 42 20 22 42 17 17 57 34 67 6 10 7 5 52 27 88 89 58 27 93 11 61 13 74 46 95 19 36 14 32 47 36 84 56 8 48 11 26 40 92 2 41 27 29 51 26 21 39 94 31 62 19 57 40 65 88 97 7 24 67 33 46 68 90 66 27 59 32 58 48 69 72 15 84 79 92 74 20 9 95 38 60 70 5 31 47 69 45 0 8 20 62 77 0 12 14 99 89 9 46 68 92 23 36 88 81 43 65 23 14 6 52 4 92 19 81 5 92 8 59 17 82 41 42 9 52 25 7 85 14 78 82 59 33 91 98 95 99 32 96 73 90 20 79 25 1 0 7 90 39 61 54 18 44 48 60 88 18 21 59 66 4 16 30 48 68 45 6 3 69 99 39 63 4 79 23 0 87 33 82 72 8 83 39 19 22 66 85 48 12 31 65 4 15 64 81 68 98 24 19 36 97 3 57 75 83 12 65 72 28 55 89 66 75 80 14 1 56 11 72 57 77 57 94 68 22 31 23 85 26 70 69 61 36 59 38 19 36 82 50 0 70 63 23 20 22 68 12 43 97 53 22 63 57 23 24 21 27 52 96 15 6 13 85 79 78 84 43 70 75 33 16 23 16 32 47 24 38 14 45 68 94 76 29 46 61 66 48 9 27 99 94 57 84 56 88 16 94 68 26 6 35 86 65 12 39 8 80 46 12 11 71 91 40 38 81 46 28 97 55 82 66 85 0 14 65 89 14 18 50 44 3 64 89 1 91 34 48 52 69 98 27 63 59 85 34 15 82 71 54 32 85 88 68 
27 84 66 84 85 14 45 6 25 69 29 77 35 29 66 72 59 23 83 77 46 83 35 10 33 28 57 25 16 58 45 64 4 64 12 5 31 19 43 67 11 63 44 21 91 54 85 55 52 1 16 75 23 29 19 16 15 73 77 87 8 75 62 47 58 62 66 57 39 30 17 13 33 42 53 28 32 21 69 87 51 51 50 63 79 26 20 10 30 8 67 88 71 23 61 41 98 71 34 73 43 1 45 60 28 70 82 74 2 38 31 42 15 88 58 21 83 69 8 70 54 34 27 75 16 71 24 39 72 87 99 74 42 71 46 50 24 38 0 37 49 34 54 34 52 59 56 0 54 70 15 76 33 45 71 25 3 60 48 65 17 86 89 79 99 75 79 47 18 49 13 84 4 98 45 59 93 63 13 97 68 11 17 5 4 3 83 63 26 81 92 74 9 18 79 66 12 69 25 12 46 5 41 15 62 40 6 36 8 49 57 31 3 7 94 9 22 46 74 18 28 38 85 20 3 57 40 66 56 81 17 42 92 54 22 24 45 37 54 63 25 33 87 20 40 91 91 71 76 45 81 35 52 7 23 79 87 95 62 99 58 88 83 46 96 80 88 42 37 7 15 26 92 11 50 84 92 50 72 67 97 26 91 18 10 59 36 79 59 47 68 63 62 40 80 7 36 90 30 57 41 84 86 96 40 51 61 52 20 34 3 63 61 21 29 82 23 51 57 40 28 49 76 83 44 5 53 51 77 64 54 35 42 64 63 41 95 4 4 13 89 18 16 9 75 46 5 27 28 70 90 65 53 58 79 83 20 56 75 72 71 8 80 22 46 62 13 78 6 61 91 61 12 3 3 6 79 94 90 10 65 66 59 75 21 93 33 74 84 89 15 3 51 28 14 17 59 93 23 49 14 82 97 93 94 54 44 85 10 67 38 59 49 63 26 11 85 79 87 22 13 22 17 91 21 28 11 96 72 42 94 88 80 33 28 85 97 22 85 55 92 3 54 32 2 33 44 92 52 67 2 89 51 77 57 23 26 54 51 45 96 26 84 76 55 27 11 89 46 45 1 23 11 57 74 72 87 63 24 96 64 93 80 29 52 54 61 16 80 6 94 99 74 81 22 24 13 70 7 62 
59 67 8 67 24 98 63 5 55 40 58 73 78 12 98 40 67 98 24 21 19 11 66 2 84 9 39 86 51 75 87 49 86 54 85 37 45 86 35 11 82 24 75 90 83 47 11 69 43 49 94 5 72 79 10 5 35 74 85 71 55 24 64 72 98 34 64 4 53 30 77 99 52 65 22 57 9 76 4 93 30 51 32 86 38 29 57 40 89 64 98 32 57 44 25 23 8 24 27 6 83 70 71 58 88 7 4 80 95 61 72 84 86 78 27 78 2 5 75 0 94 49 67 81 9 16 39 12 84 28 19 95 22 92 61 77 42 57 98 33 34 38 35 18 36 93 21 89 41 49 98 39 81 18 99 67 70 21 86 99 45 9 56 79 98 93 78 82 67 23 33 32 15 91 23 36 15 54 16 94 88 80 39 87 61 14 41 90 78 16 70 88 58 30 89 32 1 73 97 21 63 37 72 28 21 86 9 12 56 50 98 68 40 1 2 78 73 45 94 25 30 60 85 73 58 16 42 94 40 62 15 15 30 58 85 47 39 31 63 60 87 74 3 65 23 38 27 43 34 21 23 61 81 76 85 47 45 13 9 62 9 49 88 73 47 88 70 46 73 29 1 15 39 93 16 45 14 69 75 57 99 78 33 94 10 96 14 42 49 9 39 45 84 86 21 42 72 49 18 82 76 53 29 50 35 36 2 45 97 65 10 62 42 72 46 47 18 23 26 95 35 64 10 30 82 28 36 81 9 73 87 90 4 39 67 12 68 12 87 71 90 83 70 47 20 19 6 54 12 94 4 31 79 19 59 12 51 25 78 54 55 26 60 94 64 8 55 78 49 65 63 55 7 36 79 32 19 83 9 76 20 9 6 81 48 7 26 82 41 63 47 46 35 41 28 13 45 48 55 80 98 66 25 3 65 83 94 73 27 44 97 44 13 39 49 19 65 77 4 67 63 24 20 39 45 4 26 87 61 61 40 9 66 20 9 10 47 39 26 40 12 50 70 75 7 26 38 51 32 50 86 30 3 47 77 20 67 25 2 81 90 78 42 9 42 11 17 14 44 47 34 1 97 52 17 49 18 42 66 78 14 62 24 24 29 64 15 20 16 46 89 29 65 91 44 1 30 41 66 26 
4 17 26 48 31 93 28 19 95 42 83 48 60 92 84 33 34 75 61 77 65 39 95 38 47 95 77 53 46 67 32 12 95 60 93 47 56 83 35 43 59 29 84 38 23 84 53 43 58 6 4 14 50 45 27 22 79 97 76 22 58 90 5 95 84 32 33 29 72 77 8 36 57 89 31 55 41 52 43 28 41 34 56 54 19 68 45 26 70 79 96 31 25 38 58 59 2 58 5 9 63 90 54 80 24 19 90 5 94 33 78 6 84 86 88 3 51 56 43 25 66 46 24 76 0 83 52 67 48 56 52 66 37 47 19 45 1 28 92 55 13 57 26 82 13 38 85 0 8 64 14 64 26 76 25 21 36 2 69 10 73 56 43 26 43 58 96 67 57 62 23 56 53 91 86 33 79 31 48 81 95 75 36 39 0 64 52 20 1 30 54 15 69 66 2 20 22 33 37 62 40 79 96 56 77 96 21 80 89 63 92 85 18 79 0 94 98 48 70 7 49 22 47 95 70 94 10 45 35 77 40 47 47 28 93 63 99 0 72 39 45 50 7 80 83 28 84 2 1 84 75 36 43 17 61 65 71 59 87 81 9 57 71 27 88 57 6 26 41 89 19 87 97 28 37 16 12 14 39 84 30 83 60 88 53 39 6 12 51 97 88 99 16 9 90 11 20 24 7 23 35 89 20 19 50 40 56 50 51 54 1 90 18 8 2 40 84 85 67 93 74 39 65 63 60 51 55 66 93 16 40 69 57 30 14 42 42 12 28 58 49 42 1 9 28 69 79 37 82 48 70 1 71 17 97 15 91 20 83 23 8 53 33 83 13 1 91 47 21 13 34 82 52 5 5 98 60 90 86 18 36 67 5 13 31 63 9 57 88 79 55 94 62 6 41 65 50 26 12 82 42 60 4 90 51 1 40 74 67 46 1 34 3 43 92 35 3 69 24 63 12 36 62 88 8 44 78 73 68 83 23 66 49 93 0 95 48 3 89 98 26 55 73 37 69 81 0 55 54 71 78 27 87 85 68 87 65 13 10 95 1 48 38 32 33 90 76 4 63 83 81 40 63 76 11 15 48 2 88 71 53 60 80 14 47 85 77 76 31 70 81 99 24 67 99 5 28 6 42 42 
76 53 28 13 55 96 18 42 38 77 21 23 8 27 74 56 35 63 47 95 39 74 94 12 32 20 92 34 63 22 29 34 25 31 28 95 34 37 53 94 83 72 53 65 5 33 77 82 37 25 9 54 97 4 30 86 17 43 87 30 70 43 38 51 48 49 59 8 69 34 79 49 95 27 20 18 27 10 40 62 56 97 8 94 5 9 27 25 50 99 39 22 69 53 93 88 56 72 1 0 94 91 96 0 17 48 98 86 90 9 50 83 24 97 45 97 9 67 71 21 60 81 20 68 36 96 54 10 22 20 12 77 10 85 48 77 10 19 89 45 26 58 75 98 0 65 7 72 33 80 17 58 88 34 34 5 14 88 94 50 49 80 57 38 79 47 67 2 72 10 20 53 36 12 36 75 41 43 96 85 72 27 7 25 50 68 82 53 77 96 29 56 35 19 35 14 12 2 47 88 80 39 91 6 77 95 21 21 5 2 50 75 25 56 51 99 34 64 40 11 27 80 15 71 67 48 56 54 74 44 92 92 70 18 26 47 42 32 29 67 23 78 22 25 78 35 58 17 48 24 28 81 81 31 53 62 99 86 1 63 65 62 92 11 53 61 96 54 41 93 85 43 33 36 46 42 81 62 85 50 28 64 35 13 77 71 2 49 5 47 60 11 53 17 7 44 57 44 12 14 90 37 28 50 16 30 29 84 38 72 65 62 54 69 26 70 24 64 67 66 18 96 33 52 96 22 74 66 5 10 18 55 83 31 74 99 69 69 42 73 67 97 80 37 51 65 29 76 92 59 29 93 24 27 89 19 68 92 71 67 21 18 45 38 97 96 14 24 1 47 52 32 1 68 42 58 77 24 27 14 82 55 13 66 24 72 70 54 99 30 35 26 97 7 65 4 9 72 17 52 25 24 44 14 19 86 34 22 63 14 12 48 86 26 30 98 76 67 82 79 8 85 76 95 15 81 10 82 90 50 9 19 23 60 89 35 8 5 27 34 49 5 65 49 89 12 42 70 60 26 79 72 3 58 99 29 90 23 58 63 33 91 37 65 90 32 69 95 20 61 67 78 67 83 78 53 40 96 43 29 53 56 66 28 72 54 84 64 20 27 58 60 91 86 78 35 36 72 54 76 
95 29 13 24 58 12 24 27 73 54 78 17 68 17 6 61 61 19 73 41 8 28 70 63 53 43 65 55 41 28 57 94 85 36 98 16 21 53 44 25 33 17 13 18 38 73 58 20 90 38 23 4 99 76 75 25 43 49 26 98 0 94 2 78 65 8 70 60 12 56 56 73 66 85 59 37 34 96 62 67 77 73 41 85 11 81 44 32 0 81 58 45 12 14 29 23 87 4 78 15 16 3 87 31 41 75 81 82 68 56 29 34 58 77 36 79 71 57 12 61 35 33 4 12 7 37 32 79 12 6 44 20 61 40 27 82 49 93 52 76 90 11 22 52 90 1 3 27 19 17 84 64 68 11 9 98 32 89 82 87 23 6 29 83 65 25 54 1 9 41 42 62 96 25 23 49 16 40 37 95 45 36 67 92 74 56 33 82 73 97 81 82 55 7 35 16 54 35 51 21 5 31 17 29 31 43 23 85 49 58 76 5 32 49 93 95 98 82 17 91 2 39 36 70 43 28 32 3 13 69 86 59 1 92 37 18 35 29 20 24 58 8 9 88 33 23 42 36 34 60 16 96 83 72 6 12 12 66 80 46 17 72 6 57 15 11 88 20 61 97 86 36 17 41 30 21 76 33 11 94 78 88 89 80 75 5 27 48 88 43 78 79 10 61 9 58 35 56 60 5 1 83 35 51 13 68 98 11 17 9 58 38 74 99 26 81 0 88 96 65 7 40 44 60 33 21 69 47 62 30 13 90 13 37 63 35 22 57 82 79 38 74 52 28 37 43 26 28 97 60 96 42 85 56 61 79 24 73 40 16 92 94 4 87 36 37 31 83 46 58 5 93 50 52 43 46 61 27 31 53 33 59 39 83 35 95 72 31 15 20 9 86 97 83 96 78 28 96 82 91 44 66 56 44 80 1 57 88 89 73 65 60 97 82 32 14 52 37 49 55 63 88 91 14 37 65 41 78 20 3 1 33 60 89 94 45 34 40 97 30 98 9 44 66 74 19 29 37 33 46 10 55 50 46 58 9 26 37 79 19 3 59 64 82 39 55 47 89 11 73 54 36 44 8 34 79 24 77 27 71 79 79 96 56 67 82 98 69 28 16 12 2 65 9 41 3 87 47 37 67 
32 58 7 55 9 56 69 7 17 91 97 2 32 69 44 96 16 82 96 15 95 65 96 29 29 18 37 92 20 73 59 53 36 86 67 97 70 79 27 39 30 47 12 22 16 5 82 97 70 74 76 32 93 97 51 67 67 96 41 75 20 5 31 66 88 5 37 7 78 91 49 20 14 6 86 90 78 19 82 25 48 64 46 82 98 11 47 4 64 9 11 90 8 82 36 23 0 70 68 16 14 32 34 16 12 85 75 31 86 58 33 62 91 58 73 23 48 74 3 92 49 71 63 68 76 69 2 98 72 36 99 21 28 97 89 12 9 69 64 46 65 14 79 45 18 44 80 78 47 31 89 62 69 43 21 61 95 2 47 30 88 95 91 41 88 97 14 19 5 19 14 81 2 70 90 73 7 15 98 41 82 24 23 68 66 19 18 74 32 85 24 44 48 28 22 36 80 78 40 86 12 14 61 18 59 98 38 41 37 25 1 17 77 7 13 3 81 18 3 40 85 55 51 36 19 79 18 94 31 44 47 14 3 98 44 76 75 64 69 83 93 31 96 26 6 83 72 81 84 49 62 52 56 79 35 64 82 46 44 7 83 61 18 86 20 72 43 14 42 71 72 97 16 61 42 74 9 62 63 36 42 80 78 26 22 12 93 98 95 10 44 58 14 3 95 18 77 39 79 22 42 9 18 60 95 62 53 52 90 34 90 62 60 13 82 11 32 61 12 8 8 14 76 87 80 75 36 36 95 33 66 24 3 37 93 88 96 70 83 57 62 5 18 51 23 8 18 26 58 27 19 10 24 19 47 75 22 57 22 75 68 22 84 9 80 19 14 15 21 51 55 31 84 58 44 31 52 1 17 95 88 98 1 46 96 85 24 33 63 54 70 71 94 22 95 23 53 64 6 11 1 96 15 81 4 34 78 19 86 38 3 68 81 72 62 98 1 26 90 49 11 40 46 1 78 20 66 55 5 77 80 36 38 71 78 82 77 76 74 22 89 64 66 47 49 61 20 88 43 91 89 20 46 54 7 47 21 78 58 15 82 55 98 11 6 88 14 57 29 61 87 20 64 86 1 12 7 6 53 11 51 38 26 50 60 58 26 15 17 8 65 22 72 94 99 31 70 39 32 80 
96 59 73 29 33 26 59 45 43 25 27 80 31 82 44 69 40 87 81 74 15 58 29 19 64 41 76 19 7 74 19 8 54 45 9 14 69 17 56 32 43 15 57 5 83 54 83 2 41 48 99 99 48 64 59 51 35 4 40 39 51 39 76 4 66 91 41 13 17 16 45 66 91 53 3 12 21 78 73 21 69 0 68 46 73 59 98 88 11 58 89 47 45 87 29 12 72 43 70 2 33 6 84 2 77 98 84 38 9 57 8 58 49 25 72 35 87 97 14 15 53 24 25 90 51 28 26 94 48 10 99 27 35 82 60 4 73 51 90 93 91 60 0 60 93 51 48 83 96 52 39 16 97 9 5 49 18 38 63 81 64 17 96 86 6 95 61 72 73 1 54 50 6 33 18 77 90 41 33 41 67 51 71 89 28 35 65 45 27 83 17 1 83 11 1 83 67 89 91 94 52 40 0 58 75 35 52 37 58 85 98 43 10 89 32 14 2 3 4 95 77 12 18 57 83 86 66 49 69 8 28 29 8 30 37 86 19 40 81 35 15 86 73 15 19 1 44 96 76 2 58 28 8 5 38 66 75 67 76 92 26 23 30 50 66 62 87 36 86 21 81 22 96 4 81 43 7 72 47 51 24 98 22 23 33 97 49 7 88 97 11 42 25 18 38 87 81 34 80 30 32 39 39 31 56 6 3 61 18 21 0 92 88 38 39 60 44 89 57 58 95 75 60 91 29 16 24 58 76 3 87 99 16 61 49 26 18 6 36 97 34 90 26 57 87 34 50 15 98 39 42 27 22 6 73 35 73 67 55 37 22 53 20 72 41 26 59 72 41 4 35 39 18 21 57 69 85 96 24 66 41 5 88 1 26 11 21 76 80 41 1 47 88 51 47 7 4 39 40 85 67 41 81 32 72 78 24 37 11 8 47 51 6 31 71 65 58 0 47 21 68 44 90 44 43 59 54 64 70 33 67 35 57 11 68 2 4 95 84 28 21 50 43 26 16 96 73 86 77 56 92 35 40 86 59 29 33 37 47 0 7 11 45 18 70 60 7 8 96 11 83 85 60 35 90 71 14 32 38 26 40 80 61 72 7 66 18 99 62 86 29 61 9 59 36 44 86 50 92 52 
13 69 9 24 73 93 79 27 54 63 60 22 69 75 12 5 38 75 46 62 41 77 11 76 72 89 28 60 72 96 67 23 45 67 63 54 17 50 13 20 29 39 25 0 33 34 47 87 3 11 40 53 77 52 91 78 15 82 91 49 51 48 32 75 82 9 0 47 26 60 16 47 47 89 58 11 72 31 72 30 90 51 85 62 48 34 9 94 44 98 32 78 10 81 64 4 25 2 54 16 5 84 3 99 30 78 29 17 15 30 24 11 71 80 58 80 56 79 72 28 58 20 81 17 56 45 39 47 25 28 94 9 1 95 3 64 78 68 33 49 47 85 32 23 72 5 40 36 36 19 65 69 34 78 18 78 17 95 97 96 9 72 74 43 36 40 17 53 24 30 50 96 99 87 5 73 77 53 84 39 73 47 4 53 25 87 78 9 94 8 89 61 7 70 22 87 17 47 94 89 66 37 74 17 30 84 76 94 19 77 69 34 37 53 80 92 28 10 75 4 93 9 52 98 80 74 43 39 36 81 19 50 6 21 32 60 35 96 92 95 87 51 56 38 59 18 55 36 96 50 37 2 60 85 18 55 12 98 71 28 28 84 4 97 58 90 86 25 94 76 25 88 23 73 12 52 65 20 12 31 26 54 49 28 40 46 3 70 29 8 50 62 56 93 35 91 49 63 6 57 6 80 50 35 57 61 52 64 77 57 53 86 38 40 66 58 34 90 69 5 61 80 88 11 45 33 85 90 14 83 62 86 0 26 33 20 47 15 96 4 57 10 0 32 79 47 38 13 2 38 71 54 45 97 88 15 56 54 63 17 75 37 5 85 90 97 5 79 17 79 97 65 70 86 49 53 81 37 20 76 11 54 1 15 84 70 6 92 53 57 16 39 3 57 20 22 54 31 59 21 63 47 68 50 24 78 2 57 11 86 90 69 45 10 60 1 69 7 75 28 76 32 18 85 0 80 38 90 69 24 53 43 80 46 7 0 38 19 64 32 42 43 37 66 71 23 99 96 76 54 29 72 90 3 5 35 28 91 4 75 84 37 14 19 12 36 75 5 46 89 3 8 75 96 41 51 2 42 34 46 77 57 39 65 60 25 60 91 21 33 42 86 40 45 74 0 41 44 6 65 
42 54 64 9 78 33 63 48 32 23 63 42 33 21 81 14 37 43 1 79 3 88 83 64 63 85 92 59 30 73 57 11 4 55 13 97 73 63 99 77 26 80 9 20 72 8 41 78 17 43 3 38 99 45 19 45 7 52 4 67 16 51 7 52 47 29 62 71 27 61 18 27 61 31 17 73 87 17 57 17 73 62 50 47 77 36 6 46 22 58 74 63 62 75 49 6 43 73 85 70 29 88 46 39 15 10 50 84 5 20 49 5 58 93 63 50 46 22 8 16 37 89 37 49 22 16 95 55 73 43 61 68 60 42 12 20 37 96 68 54 27 36 6 62 46 2 98 48 38 56 40 18 14 52 46 88 23 83 57 10 66 93 48 93 42 17 75 97 0 78 2 6 98 9 85 25 63 82 12 16 29 90 11 86 2 78 73 95 55 33 43 17 76 77 87 24 66 47 81 43 53 6 42 52 35 44 86 70 52 8 65 18 71 38 73 13 23 12 88 79 77 49 80 94 8 10 27 9 3 31 89 54 36 18 61 7 97 58 65 9 87 44 8 5 14 20 19 59 86 30 2 82 62 93 4 9 75 6 99 70 6 98 83 21 48 17 72 40 97 32 85 58 75 82 42 42 26 59 78 27 56 75 60 85 87 97 30 56 77 71 47 64 2 39 72 93 36 73 5 88 14 13 10 15 20 63 49 16 37 46 45 63 83 56 73 48 80 16 62 28 37 56 4 70 44 89 39 22 62 32 7 71 65 79 48 64 34 52 90 84 14 3 6 9 98 12 2 8 24 34 37 45 95 76 78 47 32 95 83 61 87 13 63 84 45 55 51 91 62 6 0 65 46 48 99 69 6 18 80 11 83 78 21 91 3 87 46 79 27 19 46 17 9 38 30 20 12 15 93 45 98 9 43 12 24 44 22 75 49 37 11 40 69 92 52 90 59 94 98 45 54 61 28 40 14 5 47 82 65 9 5 15 89 60 77 46 50 16 69 47 22 53 99 55 20 15 3 54 93 87 18 88 68 34 61 42 71 81 20 48 57 11 33 59 55 58 49 90 17 10 31 23 54 49 71 14 79 1 44 92 99 64 23 19 77 37 42 25 35 66 27 46 22 32 88 66 42 77 5 1 
32 1 2 87 26 77 25 46 85 0 80 59 99 58 43 76 68 6 78 22 3 8 41 59 35 97 51 72 52 8 10 10 81 68 57 92 83 78 99 28 56 15 34 47 90 64 79 87 78 48 50 14 77 4 47 88 15 22 58 61 61 8 0 90 45 78 73 96 84 73 8 37 60 15 23 17 46 8 11 64 38 41 52 24 91 59 16 81 74 75 17 26 90 71 90 65 21 93 64 34 66 45 29 75 64 95 86 89 76 32 20 43 29 85 87 12 92 43 67 80 54 98 28 87 36 73 94 8 9 92 2 55 8 39 73 24 59 1 93 29 23 28 98 69 74 13 20 45 34 87 0 34 98 85 67 53 99 72 91 44 36 0 40 84 64 27 19 31 96 76 1 80 63 87 34 87 5 27 69 20 18 95 76 83 71 89 73 64 33 32 14 27 15 59 78 17 4 12 92 56 4 34 25 28 30 35 55 54 8 60 60 13 88 78 76 88 80 87 5 21 33 74 72 80 57 47 14 36 42 39 0 43 83 90 62 69 30 8 42 96 7 28 2 52 80 26 48 80 41 57 4 28 7 74 30 28 24 69 80 80 38 43 84 16 67 84 92 85 66 7 54 10 93 42 92 16 39 31 41 42 74 13 4 28 99 83 70 73 10 52 38 66 42 28 59 91 96 86 15 21 88 87 81 68 44 2 45 59 12 83 10 39 12 75 2 3 52 63 24 59 3 59 16 9 59 13 68 40 94 96 34 91 2 83 25 18 72 83 61 17 98 48 23 80 48 97 95 22 36 85 21 88 16 88 95 79 93 83 45 55 82 41 8 4 56 53 62 3 56 28 86 9 5 29 98 29 61 63 3 3 58 33 9 86 54 1 27 59 91 48 30 65 90 66 44 24 78 33 61 86 38 84 70 31 28 3 95 93 97 95 5 78 90 62 58 20 67 14 33 26 8 80 88 14 55 74 67 12 40 69 78 60 93 33 94 51 21 59 5 45 97 42 83 8 11 38 4 65 49 35 94 21 89 29 70 36 15 93 75 87 57 82 45 69 32 70 90 27 44 25 69 47 35 78 70 72 93 25 45 45 67 40 94 17 14 36 67 81 6 20 91 1 89 93 41 56 39 27 53 68 
96 85 78 22 98 39 73 5 9 99 56 96 74 48 31 64 64 42 36 85 56 1 53 92 38 80 79 30 12 69 41 12 28 67 40 0 88 69 43 84 82 81 81 68 17 82 33 89 74 34 96 57 92 29 56 5 87 57 34 8 62 9 25 54 22 80 81 73 42 45 88 75 32 24 99 8 72 66 29 41 68 71 27 35 53 9 23 46 14 2 27 16 54 12 67 29 82 6 33 41 1 46 81 46 2 83 31 81 19 50 89 56 30 50 51 77 74 69 16 49 42 16 55 54 18 98 99 58 26 34 51 0 12 12 83 53 69 2 61 70 20 85 46 39 12 49 26 4 33 20 67 51 78 92 9 59 85 54 39 59 78 86 77 53 89 4 75 80 28 7 55 77 87 15 65 39 55 5 37 41 77 47 13 31 77 12 50 21 17 23 33 54 24 4 24 4 81 3 78 53 95 96 23 70 49 19 9 70 93 39 2 12 54 78 54 97 33 5 40 23 85 73 62 17 97 79 54 57 7 17 20 42 58 42 81 45 34 51 0 13 41 21 11 59 2 50 5 43 76 52 83 36 99 75 90 69 1 66 41 7 79 60 45 82 76 28 67 30 80 21 38 52 68 7 8 2 92 56 38 94 78 25 95 73 4 0 65 92 24 65 79 40 57 27 30 74 22 94 0 50 36 69 71 36 34 37 27 82 48 35 49 86 84 23 83 58 10 10 30 45 68 9 12 46 76 4 12 89 18 20 56 67 55 77 49 56 93 83 80 40 38 64 96 83 36 29 33 54 80 3 34 38 74 19 12 20 35 67 91 77 87 35 39 95 89 38 98 2 48 86 80 10 13 91 99 58 18 48 60 3 33 85 9 52 54 72 98 99 68 82 31 48 11 60 40 0 47 2 13 30 27 67 18 18 35 49 77 25 91 2 82 28 53 55 8 70 40 29 70 50 38 33 15 19 72 6 38 29 16 33 58 39 18 63 1 64 77 37 89 8 36 33 61 1 22 1 63 82 43 34 72 79 92 68 10 77 68 40 40 62 76 95 65 13 11 75 16 9 11 85 94 13 4 2 93 61 31 53 48 71 54 2 88 47 2 20 97 97 20 96 3 21 53 32 45 79 90 57 95 73 
78 73 2 22 32 8 99 55 7 15 87 0 12 98 37 88 11 58 38 7 64 55 74 17 67 53 11 4 30 51 12 80 86 46 52 87 55 22 70 47 7 86 73 60 45 78 91 45 33 67 82 81 33 43 88 73 33 16 46 47 17 40 8 92 63 95 66 45 87 92 56 26 95 33 49 34 13 4 3 66 68 53 86 47 40 95 68 7 92 25 7 45 83 81 42 4 37 73 28 33 27 26 22 4 96 39 90 53 86 34 7 46 56 92 49 20 86 41 35 81 63 93 48 66 41 1 4 94 32 47 58 95 83 98 66 79 57 87 19 50 78 10 37 92 16 97 56 95 94 95 13 3 3 59 15 32 30 61 27 52 6 2 91 80 7 27 78 52 10 47 91 4 41 27 54 79 63 97 95 2 1 27 6 37 56 84 38 91 95 40 31 81 91 27 42 35 54 34 42 16 46 10 46 90 88 39 74 95 52 95 94 57 33 83 76 90 23 54 41 92 96 7 19 62 51 64 90 80 66 73 71 88 34 14 70 70 20 90 14 1 44 99 7 9 58 7 3 27 24 71 14 61 84 14 13 75 46 88 11 73 58 63 29 69 91 14 36 91 35 35 59 51 25 83 94 32 8 89 57 30 76 38 11 37 17 83 23 56 15 16 5 62 2 19 96 80 17 37 35 36 35 96 96 15 39 23 25 42 2 29 9 36 45 13 65 84 4 24 96 43 87 43 91 21 51 54 54 25 2 40 40 42 42 33 99 43 0 77 36 71 47 17 43 49 72 37 11 19 22 53 65 13 35 0 70 58 81 45 77 45 85 4 23 38 10 17 27 12 52 97 69 8 72 27 66 32 21 89 90 48 77 77 54 23 70 59 60 83 50 52 79 32 90 97 14 8 49 39 43 24 13 32 8 15 12 49 35 48 74 97 8 66 89 77 53 63 42 64 91 39 66 70 9 58 93 34 0 73 83 64 0 22 6 30 39 58 6 23 36 12 51 80 81 96 29 63 81 21 33 71 95 8 88 79 81 93 87 22 57 43 92 85 3 94 6 91 18 80 5 37 12 82 16 22 48 84 1 69 60 35 46 99 42 84 85 58 39 52 41 21 10 79 1 86 37 55 69 2 44 65 
44 64 60 90 86 45 30 89 37 99 82 72 9 38 18 98 98 56 81 41 23 68 6 81 69 10 24 81 87 76 24 49 39 27 6 50 53 67 8 25 72 24 83 95 85 41 44 66 13 38 9 66 56 84 87 6 32 7 2 64 83 17 65 79 74 59 18 81 74 33 1 83 1 27 30 14 59 82 28 12 39 88 46 31 96 22 59 73 32 79 93 20 41 10 87 9 23 46 99 5 23 21 83 93 47 39 10 38 44 14 50 18 79 5 72 62 56 77 99 39 92 82 66 28 96 63 36 62 62 61 73 38 7 82 13 57 15 7 97 77 56 53 93 17 23 66 88 20 73 8 9 14 3 3 99 60 92 19 82 79 39 70 2 77 98 6 74 74 2 53 2 63 71 70 40 69 67 9 96 69 78 50 12 28 47 64 33 89 28 78 24 88 44 10 99 15 3 70 25 34 18 52 58 45 65 64 70 5 37 91 5 9 65 97 53 3 88 15 36 39 28 78 30 39 41 81 84 60 48 40 15 76 35 9 7 28 13 2 23 94 43 49 16 4 80 84 11 26 28 91 29 45 0 35 8 83 49 80 41 82 93 87 88 8 31 43 78 58 1 69 25 2 59 59 50 43 85 68 49 20 43 24 22 15 3 72 98 77 34 32 32 59 18 52 70 8 35 94 15 14 25 70 52 83 13 69 94 51 77 22 82 14 54 43 60 14 53 80 58 67 53 51 23 54 70 98 36 81 51 33 67 44 76 52 47 19 19 54 64 31 60 73 19 49 19 21 4 27 6 34 10 12 2 38 95 16 45 43 30 53 71 74 39 11 85 95 64 94 70 95 47 50 65 92 38 80 6 52 27 92 63 33 49 79 58 0 24 76 34 76 34 71 4 61 13 80 95 77 7 69 46 26 29 2 76 2 51 46 86 0 4 40 44 73 42 81 44 85 24 88 19 13 24 93 89 53 60 22 32 30 4 71 23 16 31 26 68 80 84 63 12 53 41 76 89 99 69 87 82 53 58 66 62 12 24 55 55 30 29 51 1 53 10 72 0 49 87 68 92 37 16 51 50 42 51 35 60 65 53 24 5 48 89 61 22 72 55 20 51 4 98 74 44 19 22 32 80 97 98 39 
45 23 35 11 52 26 6 62 99 11 49 86 34 60 55 27 16 27 99 71 50 79 96 30 39 32 30 50 50 55 66 76 0 6 46 41 49 30 24 28 49 79 75 46 18 93 62 23 78 40 33 54 86 88 46 32 92 84 21 25 56 25 97 69 50 56 10 82 86 5 91 38 16 57 42 58 38 19 45 20 32 68 32 21 37 6 91 57 76 84 33 69 14 86 50 96 97 19 12 88 71 51 75 88 64 89 70 17 68 58 96 40 16 56 8 69 81 59 20 11 67 74 35 77 2 28 16 26 67 14 52 76 49 17 23 16 59 44 34 68 38 61 24 56 88 77 5 17 50 76 45 97 75 31 50 33 75 54 15 30 69 52 87 93 10 64 63 17 16 63 17 7 14 85 72 33 29 96 27 23 69 44 55 91 25 24 97 71 12 60 31 43 93 25 31 18 39 47 80 23 44 30 38 79 94 3 43 37 86 43 66 64 55 27 33 7 49 99 50 22 23 31 64 95 34 75 85 91 62 94 9 92 48 72 0 74 60 91 86 30 20 25 88 7 71 18 32 28 40 30 17 78 48 45 24 67 81 98 7 14 15 41 78 47 24 13 31 18 81 80 99 67 25 67 84 49 97 82 39 54 67 23 76 9 20 5 88 52 86 55 29 34 31 54 96 50 41 14 29 85 12 95 78 46 51 67 62 8 61 95 7 21 99 26 95 31 65 0 71 12 99 9 62 51 75 65 16 93 53 6 77 71 11 35 10 40 51 27 6 58 18 70 6 47 67 30 54 56 52 51 78 19 13 44 42 99 43 95 21 83 49 16 58 61 67 15 9 93 9 12 61 53 16 61 85 41 36 19 27 93 36 28 66 22 57 90 18 26 33 74 94 52 25 51 69 91 98 72 60 86 23 50 13 52 60 69 95 22 54 99 81 67 53 87 65 99 93 90 58 44 49 80 60 57 31 87 21 5 23 29 12 3 75 78 44 31 96 9 88 27 97 50 91 5 33 24 73 91 18 44 8 36 86 98 96 51 38 69 61 59 95 18 61 78 85 63 14 90 37 49 13 41 51 47 12 44 62 50 96 38 97 0 80 57 36 56 58 14 35 7 42 41 14 13 27 19 56 17 39 9 
71 51 75 70 27 95 82 31 61 90 51 1 11 1 16 94 15 77 61 32 10 72 37 15 60 39 97 60 93 97 80 27 34 88 6 80 97 46 47 88 84 67 80 30 49 22 76 92 23 31 19 34 79 71 84 86 50 41 9 37 77 53 90 38 11 5 30 19 69 89 47 72 87 28 97 99 49 58 17 72 48 96 20 30 58 15 16 47 9 49 56 4 86 77 18 57 96 72 78 57 78 1 34 23 49 44 51 52 98 82 82 33 53 60 5 47 61 51 51 58 1 84 24 38 76 37 8 31 86 85 8 83 65 30 51 63 86 94 70 4 16 52 54 35 42 20 97 91 83 74 67 29 86 68 74 59 75 89 88 12 29 24 74 67 41 58 53 22 71 78 62 96 39 30 86 6 25 92 31 28 93 10 68 77 19 60 76 30 94 56 39 98 60 88 52 97 72 22 35 77 47 85 83 37 91 86 3 92 66 57 19 51 47 46 3 74 28 3 69 97 75 19 49 28 73 54 21 56 99 42 70 41 11 66 31 99 29 88 0 52 33 27 69 94 74 31 0 72 25 16 30 53 77 50 15 44 3 84 82 15 72 28 28 96 4 11 13 28 89 47 41 67 58 2 58 39 33 13 70 35 63 61 89 78 9 82 13 27 17 51 48 80 23 12 78 10 28 12 67 92 5 15 20 95 93 42 12 76 5 43 73 46 21 52 72 79 22 73 88 63 47 95 75 45 20 94 68 75 13 81 65 6 30 79 35 55 65 51 15 73 82 31 95 44 68 0 36 9 11 25 96 3 54 35 65 90 28 28 55 89 56 29 46 83 4 91 39 46 71 14 81 15 57 66 42 8 42 45 96 11 4 0 9 88 64 61 20 55 33 23 35 93 66 56 44 23 9 75 58 6 67 58 9 60 44 95 92 93 44 79 41 21 4 7 44 89 89 40 64 8 29 48 10 12 77 67 53 27 70 41 71 75 68 17 64 73 29 87 67 96 37 12 67 24 0 75 21 72 13 75 70 89 17 70 56 25 96 98 61 28 79 98 64 28 32 18 58 94 34 37 36 56 59 68 80 84 64 89 1 32 54 23 5 5 62 0 6 90 53 14 96 32 12 37 83 26 45 27 29 3 
77 7 70 65 22 34 19 43 94 43 59 68 41 42 28 62 79 83 15 26 42 28 84 60 13 58 58 6 32 2 80 28 37 32 34 79 25 54 46 90 18 22 84 95 35 9 78 34 48 4 3 53 90 10 54 82 15 51 15 94 0 91 71 33 35 59 80 26 97 13 14 23 28 27 50 35 73 71 36 48 93 4 85 83 66 40 41 98 51 97 50 93 44 29 88 12 76 87 3 83 72 11 20 87 98 15 36 84 40 27 83 5 90 53 2 8 93 77 34 55 36 55 73 54 64 39 53 11 40 13 97 64 50 96 23 70 67 85 43 41 44 35 88 53 24 95 18 50 53 20 50 6 20 37 37 25 9 80 50 84 39 63 1 9 27 19 41 31 16 81 86 82 59 87 41 72 67 72 93 18 30 56 97 48 34 52 34 36 46 33 74 28 28 3 71 27 53 74 57 63 63 29 74 67 28 92 96 32 58 8 97 29 65 94 46 15 98 90 58 27 30 97 37 31 64 79 30 56 1 20 49 80 67 3 90 31 1 93 16 4 76 5 99 61 95 20 62 19 11 98 14 26 26 18 85 45 48 12 81 21 66 75 8 70 7 91 53 35 31 48 82 42 12 36 43 19 68 52 43 56 32 22 84 14 6 56 90 48 52 86 0 16 52 29 11 65 42 36 37 0 47 4 8 81 54 41 10 59 85 34 86 19 79 16 59 61 0 98 27 89 58 20 50 70 6 95 27 5 40 69 10 29 60 1 30 34 65 61 11 96 4 53 63 46 96 45 58 66 45 37 11 41 15 64 37 99 63 53 44 20 52 94 89 28 51 25 57 25 24 55 1 50 86 98 28 12 82 20 64 10 78 77 51 68 27 19 80 35 88 69 0 30 62 16 81 83 57 29 28 42 69 23 79 49 57 51 88 20 78 44 33 9 51 15 16 1 1 55 96 30 37 76 5 63 29 42 70 81 30 6 93 69 88 87 66 63 61 56 33 71 19 19 90 51 61 38 38 72 65 24 68 31 18 35 80 0 42 77 36 79 67 93 95 84 50 82 25 53 71 7 39 39 87 33 32 83 81 90 71 10 34 89 59 71 6 36 46 0 5 78 72 11 23 0 28 76 92 63 14 31 
19 48 31 69 29 78 71 90 42 47 77 97 3 24 96 45 12 98 47 2 89 92 5 34 4 25 8 61 55 35 59 51 6 76 26 10 3 52 94 52 84 68 80 92 47 95 74 54 70 68 26 21 32 6 39 44 89 39 50 75 37 92 90 58 46 55 13 19 35 74 25 61 8 53 0 67 55 96 79 5 66 63 51 20 86 46 84 75 75 79 59 12 41 13 63 32 12 75 68 76 90 2 3 69 74 41 20 91 9 4 63 36 1 40 27 61 74 17 0 19 57 36 72 60 31 49 36 4 0 75 40 86 0 26 46 52 83 71 79 65 51 30 20 19 34 64 99 90 95 23 79 62 0 69 47 27 39 52 89 97 14 67 82 98 10 25 32 81 61 0 76 84 43 38 17 61 95 40 69 32 29 51 9 64 27 46 77 34 94 31 30 39 95 88 53 0 2 45 82 65 53 73 87 19 35 88 28 42 91 30 1 55 32 51 85 65 88 76 67 68 74 50 66 1 92 91 51 27 76 81 25 94 57 60 13 73 75 35 54 10 46 90 27 76 35 75 83 17 81 32 42 82 79 7 87 74 58 14 67 47 5 19 61 44 83 3 5 95 37 61 14 18 85 59 31 63 49 16 57 97 36 40 48 17 73 66 54 30 33 84 26 52 78 4 21 32 66 40 47 64 87 10 91 52 79 97 20 25 25 35 59 12 78 66 55 57 43 77 63 66 6 7 43 68 80 14 52 58 94 43 58 16 6 89 54 32 26 28 50 24 38 56 39 67 24 48 67 10 56 3 36 66 55 32 57 13 86 24 30 84 12 58 58 85 78 27 44 9 28 14 90 6 38 91 90 37 13 6 18 42 10 12 79 3 10 98 44 57 21 5 96 20 89 15 80 74 55 5 57 88 70 30 37 84 97 7 8 35 14 91 78 71 62 5 21 96 46 25 8 85 18 54 29 53 78 29 13 7 36 86 80 2 14 53 72 18 89 96 23 62 99 41 36 13 68 1 76 76 3 98 13 28 98 74 19 45 31 54 3 85 43 61 72 43 11 72 10 64 70 50 0 71 46 99 20 4 49 78 46 38 93 71 8 39 86 8 73 19 34 58 97 49 62 63 8 43 65 84 39 8 
67 55 11 6 42 96 38 31 89 91 68 33 85 94 62 14 54 66 28 1 34 45 22 82 58 42 50 99 49 30 5 18 91 55 54 54 12 70 80 11 95 90 9 83 72 98 34 53 24 15 22 45 67 11 46 60 55 34 90 76 14 52 56 85 25 74 91 76 98 6 26 60 35 3 47 30 56 60 70 42 89 5 42 97 51 24 39 71 50 73 37 97 23 88 83 57 91 71 60 37 33 54 87 4 2 93 28 70 16 83 86 52 62 0 52 1 17 0 18 92 9 90 38 22 35 84 27 90 40 41 30 70 19 72 57 8 90 96 99 78 72 56 17 68 47 49 36 86 60 21 22 93 17 11 50 16 47 24 78 13 87 39 53 24 41 64 82 37 86 43 98 94 40 95 81 74 8 63 82 83 57 25 35 5 21 36 60 76 94 58 37 69 91 60 3 86 64 40 89 80 23 52 83 13 13 77 48 14 9 88 45 25 78 96 57 27 60 60 11 64 3 97 42 31 67 74 53 41 53 54 40 89 89 77 59 90 2 45 85 40 47 38 15 23 71 98 51 58 20 93 68 84 19 98 69 75 78 51 37 82 67 65 99 0 96 53 31 73 66 65 1 81 79 29 33 88 88 61 71 28 17 28 98 90 68 73 43 31 67 77 55 44 5 21 11 56 30 45 79 87 39 22 90 52 26 53 63 85 56 60 85 56 91 81 14 58 62 8 39 26 9 95 60 97 82 95 8 62 35 17 61 29 3 60 39 77 3 48 94 29 86 60 91 60 71 5 75 14 13 2 33 73 43 15 68 77 49 23 51 26 62 96 9 42 37 67 14 78 81 26 89 48 47 83 6 27 81 27 46 83 34 29 32 48 77 21 82 92 23 1 24 86 65 96 83 3 57 90 85 65 35 84 22 96 48 26 41 7 26 43 27 76 44 26 9 17 29 73 96 3 84 35 15 30 14 49 41 4 67 47 19 25 87 30 54 16 69 99 41 41 68 23 70 36 92 99 71 53 70 9 1 96 11 81 99 87 19 69 77 26 36 36 56 62 15 27 53 74 5 7 19 6 81 43 57 45 53 30 44 16 38 87 99 22 32 60 47 60 90 93 35 57 2 25 0 79 19 76 9 91 
55 49 2 31 13 55 21 92 12 64 51 64 84 44 90 36 5 5 62 10 43 19 56 0 98 26 61 10 99 66 89 2 44 74 26 79 89 0 58 37 22 91 91 98 87 11 0 74 44 42 67 67 84 40 61 75 41 85 31 22 18 59 29 98 34 65 24 39 53 41 41 58 8 26 52 56 77 53 67 39 71 73 69 32 72 48 15 6 96 66 1 5 59 71 5 71 69 27 21 41 66 12 4 93 14 85 60 60 10 15 86 85 38 51 15 61 7 17 94 51 86 29 74 21 88 57 86 94 20 68 84 72 92 44 6 66 95 95 23 54 11 70 83 31 27 7 22 1 3 34 3 51 50 64 73 18 57 81 45 38 35 68 40 53 4 28 70 91 98 32 15 58 31 36 30 80 24 89 35 8 49 60 63 84 6 9 67 24 92 56 97 18 20 56 70 90 48 38 69 25 77 42 41 35 37 81 94 43 70 88 8 58 19 57 65 5 72 31 13 59 18 1 25 0 12 56 36 36 41 13 9 94 86 1 14 69 99 9 99 97 19 6 26 73 6 86 96 12 95 36 76 2 61 64 90 76 43 52 77 11 46 14 10 7 41 64 53 54 91 7 58 86 34 15 69 5 70 39 28 23 94 57 22 98 65 83 42 18 68 57 59 9 77 91 75 39 41 92 40 32 31 80 18 50 24 51 28 71 29 79 11 55 79 7 73 37 46 53 62 31 78 25 66 47 32 18 46 76 13 40 97 17 76 58 67 32 12 58 48 60 12 68 72 77 10 54 32 4 26 53 54 7 44 43 9 51 12 29 52 64 77 29 16 11 4 96 66 79 40 39 24 61 69 9 26 12 46 68 90 77 23 70 24 58 55 92 11 55 59 86 65 67 18 36 98 16 82 81 84 45 27 48 6 80 20 75 83 19 93 92 14 3 43 10 71 40 50 24 12 46 61 25 21 56 34 72 82 87 27 18 15 88 22 95 76 61 83 20 67 77 62 8 65 37 5 46 18 71 75 68 88 88 14 36 8 62 63 75 10 1 15 50 12 24 72 95 80 43 78 19 86 28 16 78 35 85 47 60 33 12 81 92 91 60 41 17 18 48 64 61 4 70 19 88 20 56 57 12 35 45 
50 45 86 83 29 51 80 69 97 0 64 33 89 85 91 78 66 49 57 31 27 69 7 38 52 47 38 80 33 70 4 63 56 2 68 92 3 84 89 13 15 92 60 30 48 74 19 12 36 74 21 99 63 37 54 79 82 60 0 20 69 53 49 20 96 43 58 38 44 83 50 80 86 64 64 5 65 89 68 67 47 5 77 5 50 74 3 65 83 32 12 96 86 25 8 35 7 77 50 81 94 92 26 73 37 99 78 9 22 82 56 86 55 21 46 60 1 98 22 85 79 60 49 4 99 8 57 51 24 15 29 9 62 80 66 21 45 83 29 45 45 32 68 41 99 71 59 95 56 84 1 73 68 15 24 93 87 34 60 72 6 42 37 44 96 59 92 65 2 71 98 56 52 33 96 38 61 89 84 27 54 71 71 56 66 21 26 42 69 92 34 10 54 62 28 83 57 11 93 3 91 39 55 45 21 65 35 9 30 2 44 30 4 98 57 36 96 12 86 26 64 52 36 23 52 5 17 74 60 12 65 96 67 15 69 98 88 27 23 95 2 21 88 16 9 87 7 56 31 48 90 10 96 48 68 7 65 4 24 24 46 91 15 15 47 57 5 13 79 86 64 56 27 39 58 70 20 59 74 82 2 14 90 93 2 5 57 88 3 10 35 19 31 58 24 11 96 69 83 0 42 26 57 64 83 76 16 99 72 15 12 19 13 18 50 13 94 87 88 24 61 23 45 17 22 40 12 70 60 69 7 73 13 81 50 2 26 27 21 90 70 31 2 89 65 81 77 14 44 98 20 59 19 77 59 0 39 23 35 9 33 34 48 8 94 53 70 69 11 12 16 43 24 68 74 56 96 35 86 34 80 97 95 56 37 3 53 96 66 18 68 21 95 68 67 65 59 7 44 65 23 17 94 19 9 13 90 17 39 6 9 77 76 84 51 44 10 59 25 10 75 50 14 23 87 7 11 87 64 40 72 44 69 78 15 53 69 44 81 30 34 34 41 0 16 53 42 14 66 83 11 82 28 23 39 30 67 64 34 64 40 49 75 92 23 79 80 70 40 75 84 2 71 75 94 29 97 81 84 74 71 81 32 85 54 69 43 10 47 55 3 79 20 42 11 58 9 44 4 32 
70 22 41 96 45 30 2 22 29 13 13 90 43 67 45 28 0 55 94 58 57 89 90 39 3 30 1 66 34 80 14 62 71 9 33 79 9 11 52 37 85 30 35 43 26 33 32 25 92 85 25 85 41 95 37 81 12 69 63 90 89 40 3 56 9 68 18 28 77 20 88 20 84 12 34 30 39 22 76 23 79 40 22 62 6 96 35 60 25 93 34 73 37 15 13 64 43 12 74 36 59 79 2 52 39 32 40 89 36 62 6 58 73 43 35 8 69 2 4 51 89 32 83 28 9 44 0 46 81 94 56 29 58 65 79 65 91 28 59 87 2 20 42 86 72 60 27 14 52 28 32 91 29 15 78 83 85 40 5 22 3 55 38 56 51 24 62 78 9 24 40 32 15 46 84 85 18 31 16 84 60 79 41 99 65 35 67 56 19 8 23 31 19 10 50 84 76 80 43 14 17 76 79 89 19 76 2 54 86 27 22 13 56 52 67 58 43 31 5 71 97 11 39 10 49 1 71 15 94 10 6 50 7 97 9 36 30 97 25 76 25 14 79 45 37 86 58 13 16 77 72 62 29 25 41 54 76 18 55 37 62 24 39 77 54 70 5 33 9 42 27 57 73 93 82 36 53 50 78 35 49 41 73 96 39 25 98 40 66 69 35 13 77 98 55 39 51 92 64 19 20 61 18 23 54 80 61 65 67 62 91 45 62 79 97 6 85 32 48 69 50 79 44 39 10 74 96 42 95 20 7 64 92 3 43 14 48 20 89 50 25 26 36 16 56 25 73 79 17 45 12 68 55 87 4 97 97 80 50 74 64 89 47 35 23 62 94 48 21 65 6 17 62 75 11 32 34 55 74 61 30 20 60 89 29 51 7 96 5 52 37 69 64 69 22 94 36 46 99 79 40 21 32 41 26 46 81 9 16 78 70 28 54 90 59 32 40 55 18 27 85 31 38 69 40 37 76 61 29 52 84 78 27 97 38 36 49 0 86 85 21 64 97 74 61 90 44 77 82 85 82 69 5 71 30 62 90 69 47 5 9 36 55 86 58 82 56 79 98 10 2 47 63 21 37 61 54 42 92 30 17 31 90 21 64 17 90 61 62 6 35 30 44 38 0 48 83 32 57 60 
95 28 37 37 9 92 59 68 76 59 0 24 58 5 40 39 96 3 80 74 8 59 45 91 72 67 52 11 51 54 36 50 89 87 86 31 61 6 92 40 84 17 55 10 16 21 84 24 1 26 2 96 18 52 61 45 29 35 1 81 46 92 26 1 97 36 41 95 36 4 53 56 85 29 35 4 37 33 82 25 17 51 54 2 6 60 43 52 92 55 84 4 84 39 28 19 87 76 48 81 67 56 15 63 18 25 57 11 42 16 56 1 84 15 10 35 38 4 23 83 64 47 96 66 10 79 10 88 30 1 91 51 48 27 49 61 73 19 30 51 72 21 60 99 23 90 75 6 87 41 83 8 9 71 43 45 86 5 37 68 44 62 45 17 41 24 11 40 92 7 62 2 74 58 78 50 68 0 57 36 7 69 27 63 45 84 62 93 99 35 44 15 55 27 71 4 60 54 1 79 84 12 25 7 49 95 38 34 59 20 51 39 97 15 75 27 60 99 62 20 55 69 7 81 41 16 49 21 43 57 13 5 72 73 72 19 21 88 7 30 62 78 57 28 91 88 2 23 86 79 16 12 70 10 36 22 40 22 73 28 26 61 84 41 98 93 86 35 35 97 38 71 81 81 48 52 54 15 32 48 65 9 29 69 78 61 45 43 83 86 67 8 2 46 98 40 66 14 7 39 11 43 65 14 15 17 76 16 35 81 71 67 73 2 64 1 17 68 90 36 66 32 74 55 21 35 81 79 47 63 79 98 21 36 3 21 75 48 56 89 98 87 81 43 50 44 24 23 71 38 81 53 51 6 38 70 68 33 39 92 99 87 90 97 97 42 4 68 45 92 63 48 56 37 76 11 37 81 41 31 22 95 80 12 87 58 91 49 28 3 83 35 61 19 72 86 48 77 28 3 37 3 23 91 66 92 9 13 38 22 58 87 6 12 65 67 49 36 27 95 48 63 79 99 58 44 88 1 84 67 68 80 51 69 97 88 29 65 74 58 74 29 8 41 39 67 74 82 97 75 87 22 17 62 15 28 9 6 62 65 15 49 92 46 12 17 42 87 87 72 53 37 68 61 7 51 70 43 63 22 40 18 1 15 27 94 56 95 98 60 73 86 39 71 19 84 85 18 80 58 
22 21 36 45 23 14 71 65 88 73 39 74 67 58 65 49 90 91 49 35 31 73 92 60 45 39 6 85 28 84 70 57 22 24 17 12 1 60 52 22 33 51 5 47 53 11 5 23 1 93 72 39 49 99 87 27 31 44 39 35 75 5 10 24 14 32 78 48 84 93 96 90 40 20 44 17 42 31 30 63 75 90 74 68 76 54 33 0 80 90 45 19 26 46 4 4 54 79 34 66 2 38 48 29 64 57 5 7 40 82 64 73 69 68 26 49 77 35 37 40 80 20 49 10 67 75 93 63 34 60 8 18 27 8 51 81 29 39 14 76 66 41 71 45 76 64 7 82 90 62 11 21 76 33 17 65 7 99 80 41 80 31 17 9 78 43 10 18 49 5 30 64 68 72 48 55 44 40 19 65 7 33 96 90 51 65 66 3 37 54 77 85 37 77 56 90 75 14 80 52 22 67 25 43 76 90 90 44 55 25 37 21 93 53 48 66 31 1 64 89 42 22 15 6 3 43 43 78 9 96 39 53 2 74 95 92 56 36 25 33 67 31 72 79 58 12 93 44 45 87 81 84 61 14 4 51 63 95 13 67 84 94 63 13 68 9 44 35 39 25 18 66 44 34 9 25 83 59 85 33 68 20 79 85 88 61 86 32 25 50 42 21 46 36 81 3 41 78 94 58 8 43 84 66 86 33 81 11 82 72 48 97 95 9 52 84 4 82 44 37 16 0 6 7 56 46 3 67 50 12 52 7 48 3 55 61 27 13 97 14 4 19 47 90 44 32 74 59 63 47 31 59 10 90 88 47 85 25 2 74 29 71 15 51 21 4 92 11 41 23 29 63 17 58 76 30 72 13 39 38 14 82 54 19 15 80 45 19 50 55 87 9 38 80 82 37 84 35 82 73 38 57 59 26 44 53 66 98 67 40 51 67 40 19 26 67 24 45 51 40 72 21 26 22 21 38 69 16 99 58 50 13 11 68 7 30 73 56 44 95 16 57 9 43 72 29 49 0 30 54 6 29 66 72 58 49 77 44 47 83 41 16 23 98 58 64 20 31 50 55 60 36 5 77 32 23 9 16 78 45 0 68 28 57 11 49 84 49 16 32 70 20 97 32 3 3 93 64 95 7 
72 40 92 96 84 3 83 32 66 65 20 95 48 0 2 44 95 65 9 78 23 99 63 96 34 23 12 50 91 16 22 37 84 65 17 0 39 21 7 86 48 79 78 97 16 45 74 47 36 51 12 65 33 99 37 3 4 66 41 45 87 42 63 7 95 91 68 31 91 22 61 63 79 41 73 38 52 86 86 77 53 14 62 21 70 88 76 68 97 67 10 28 97 65 29 92 86 42 55 43 96 64 13 6 37 77 25 30 75 23 99 33 32 89 25 67 3 80 4 55 53 53 63 13 56 55 97 49 31 76 85 56 9 87 69 14 50 82 58 23 49 37 55 56 81 57 55 79 43 2 23 88 65 85 65 96 96 11 9 20 12 88 74 62 92 30 72 3 95 60 35 15 15 31 22 24 46 29 99 81 35 21 43 67 82 30 8 68 77 45 24 77 49 68 24 75 6 48 67 40 6 16 78 18 37 72 41 26 43 46 74 29 27 65 1 70 6 63 98 18 78 30 3 93 12 7 52 66 33 97 14 44 74 26 0 44 15 11 33 6 46 37 72 33 33 96 84 58 36 16 12 53 83 67 95 39 92 82 39 17 41 83 88 52 1 98 34 10 56 70 74 95 70 23 78 26 33 55 74 30 78 29 5 49 42 19 31 46 78 92 39 48 37 22 72 86 22 46 84 82 63 32 15 6 29 67 98 84 1 61 57 3 22 32 95 95 35 47 65 3 91 94 55 33 3 68 62 98 20 27 62 54 51 30 8 29 35 26 64 32 35 73 73 39 92 21 32 49 6 13 24 17 85 42 18 24 86 51 85 79 64 98 73 49 84 7 24 11 59 83 84 58 98 38 58 22 62 97 55 67 78 93 35 28 5 77 18 83 72 65 37 16 16 58 97 37 34 50 70 65 58 33 24 49 15 96 97 67 26 61 34 51 29 17 50 7 30 19 61 22 19 53 42 93 42 15 13 30 78 97 77 53 30 18 80 73 87 14 21 23 94 88 69 15 55 19 91 40 19 15 67 16 80 6 39 15 32 71 90 48 72 75 86 52 68 95 10 78 23 2 95 98 15 94 18 10 62 57 64 14 61 58 72 71 82 46 31 99 19 0 40 50 49 97 48 42 2 10 94 22 
47 92 50 16 19 64 27 63 42 3 68 29 18 84 76 71 93 55 14 61 17 21 73 9 87 14 42 87 3 79 48 44 89 36 50 48 81 24 61 33 20 73 83 88 85 66 46 41 33 3 9 84 49 28 47 90 9 11 99 88 0 14 54 82 94 97 38 35 14 69 57 68 42 77 78 43 23 2 23 68 21 12 37 79 54 44 29 15 32 78 61 71 21 40 23 14 46 67 36 72 63 7 37 48 70 16 53 67 68 46 31 59 25 79 87 88 89 60 27 18 31 64 65 29 7 63 26 51 5 89 44 14 37 51 31 34 52 29 38 39 38 40 93 9 70 30 11 11 28 59 63 13 29 11 67 34 57 13 84 65 38 39 63 20 44 97 35 50 11 66 94 71 95 52 76 59 12 52 36 24 0 20 83 53 18 63 41 19 40 54 83 87 32 51 84 19 31 73 14 59 11 43 70 63 41 11 5 26 40 81 55 64 6 99 73 18 20 90 42 75 7 25 72 36 4 46 85 72 25 83 84 54 15 97 30 4 83 6 78 97 80 45 2 83 79 12 15 77 97 6 12 46 77 24 25 22 99 62 52 35 5 5 77 3 19 97 12 46 31 76 81 55 24 51 92 80 33 52 82 74 45 4 15 95 4 35 41 52 96 71 29 58 94 13 36 52 92 25 82 23 98 94 88 26 46 73 82 24 63 5 22 50 1 50 43 52 30 7 90 6 13 77 99 49 68 95 30 14 37 79 39 64 50 20 5 5 18 62 77 63 79 22 65 57 25 78 97 9 14 86 64 31 94 77 28 63 95 48 57 62 61 12 98 31 59 13 31 19 80 76 68 32 67 74 50 74 1 30 95 60 60 79 36 92 96 80 8 19 55 46 68 78 87 20 90 19 77 79 10 43 1 4 44 94 0 35 70 32 93 11 60 69 10 3 65 23 50 60 32 81 46 97 78 38 50 73 95 69 30 8 7 84 89 56 8 50 54 72 92 25 49 0 28 66 52 71 56 39 0 96 48 4 17 38 97 17 65 27 51 64 24 45 62 33 60 93 77 34 58 5 98 54 99 92 36 0 85 55 4 70 84 58 3 99 29 19 68 62 85 85 49 33 55 16 72 91 93 45 97 14 
12 8 7 23 31 61 57 25 3 46 59 96 53 45 19 4 10 61 66 27 29 25 87 97 8 43 40 45 63 23 48 59 81 23 48 88 28 76 11 97 96 44 11 46 96 9 69 31 27 22 46 91 80 54 46 11 75 11 23 0 83 62 74 10 2 79 85 76 38 82 87 41 68 58 37 81 64 86 81 74 42 41 25 32 82 11 16 13 92 52 51 14 10 62 64 84 15 87 39 46 42 23 63 30 56 86 58 21 51 81 70 23 83 8 43 16 76 16 76 96 65 60 6 42 31 7 78 3 84 73 38 85 49 36 95 44 91 58 91 93 19 89 63 63 31 68 32 72 96 68 94 33 74 94 25 49 97 27 83 74 68 18 57 3 63 47 94 35 0 56 57 32 58 43 22 1 4 3 0 84 80 29 52 49 81 78 55 43 65 75 85 93 87 93 6 10 18 25 23 32 50 96 99 73 96 46 62 12 60 40 93 66 9 23 61 27 0 48 62 24 74 46 40 80 6 79 96 17 4 38 55 76 68 79 41 41 31 7 86 54 83 34 69 61 13 10 95 21 47 54 79 91 60 81 84 63 91 15 68 94 71 65 9 32 50 66 43 53 9 14 72 10 71 6 93 40 34 50 31 26 82 87 60 98 5 18 35 50 86 30 79 51 67 19 2 94 36 49 19 85 47 21 2 9 50 6 52 13 62 25 41 43 53 20 98 17 27 48 3 47 30 18 47 23 39 92 48 24 77 72 12 84 49 56 83 24 52 56 9 26 92 94 33 80 81 28 36 77 3 10 8 34 40 0 99 36 69 68 56 9 47 23 15 82 89 29 28 73 11 32 0 72 37 0 37 6 6 43 11 98 94 4 50 32 0 4 35 72 0 65 1 71 16 80 7 38 9 10 27 45 29 3 38 89 14 46 93 84 63 6 78 77 4 23 11 15 10 37 68 17 96 88 78 88 77 38 86 69 20 15 79 40 13 46 46 23 0 83 95 70 67 12 32 10 1 84 95 32 88 56 73 85 71 44 49 80 84 70 7 82 23 85 76 48 74 0 65 83 14 7 12 22 66 63 8 17 69 91 60 9 45 81 82 58 3 91 69 49 14 23 68 20 35 17 26 41 16 99 49 60 
44 86 39 41 9 84 58 91 8 37 37 43 78 71 11 9 38 26 51 31 55 58 97 53 99 44 26 95 14 24 27 14 83 46 81 24 43 19 64 56 84 62 13 28 23 66 29 59 50 28 83 69 64 59 55 38 17 92 24 0 55 65 1 73 29 62 71 36 57 96 84 16 87 43 26 46 40 51 69 38 30 53 97 58 35 86 5 97 55 90 61 25 75 90 77 68 54 94 24 90 72 14 23 50 72 27 24 4 34 72 1 73 22 5 61 28 28 70 24 96 18 88 66 72 39 21 28 86 0 71 63 40 50 93 33 64 72 81 5 88 51 6 7 95 83 54 99 20 44 9 98 85 74 57 4 89 38 52 75 65 66 45 33 75 50 30 81 63 84 90 99 95 50 58 18 96 53 35 38 33 70 36 76 64 33 45 48 51 71 76 41 14 14 14 79 65 9 59 19 72 99 79 22 63 25 60 35 71 69 78 46 38 26 78 42 69 86 17 84 20 78 54 60 88 54 92 87 63 85 80 81 32 26 66 21 14 40 79 78 55 37 28 51 62 2 46 71 53 2 24 94 39 2 11 96 80 43 11 13 26 3 67 23 54 36 65 87 9 56 75 8 41 52 64 60 35 32 98 3 27 81 31 24 91 26 37 87 22 26 59 30 33 88 9 85 95 84 55 18 86 9 36 83 45 23 81 64 22 29 78 13 8 54 2 87 62 93 90 29 7 11 50 18 18 78 35 92 3 41 69 87 80 92 2 67 63 57 26 75 38 59 24 74 27 65 81 37 76 78 7 13 55 7 13 86 15 80 13 48 56 31 44 0 42 7 10 60 43 15 2 18 23 30 61 98 17 73 20 77 15 23 81 63 80 98 26 88 35 58 52 9 82 59 48 27 75 85 89 79 62 62 24 55 29 52 70 18 19 93 66 25 31 45 40 6 65 25 16 25 12 96 3 55 54 35 35 84 75 86 34 72 32 51 30 87 97 53 64 49 51 26 59 93 10 22 87 30 8 44 86 3 88 46 71 95 74 8 78 75 2 59 70 24 32 38 74 5 44 17 41 2 85 97 89 51 39 72 75 51 32 71 82 67 35 66 37 82 11 47 0 94 92 61 33 32 46 30 95 95 43 
6 65 30 30 90 37 34 31 0 82 93 80 62 57 0 51 36 35 53 95 40 66 27 64 77 45 12 44 49 17 57 46 49 46 86 52 66 23 76 79 13 42 30 23 73 46 42 9 6 41 43 19 7 17 28 14 59 35 37 89 18 99 70 99 77 34 45 36 93 93 12 94 74 16 98 1 56 83 72 13 74 84 59 90 37 14 36 40 60 25 67 93 38 42 43 42 44 68 56 43 39 50 92 1 92 78 67 84 13 98 92 92 7 93 75 25 6 55 67 28 17 59 62 95 70 45 30 9 3 27 77 62 0 94 12 9 83 36 52 79 59 81 76 63 1 28 46 25 22 27 50 22 96 85 55 69 62 23 46 25 44 11 95 91 40 41 97 82 91 2 99 51 54 8 10 1 76 15 54 73 1 60 71 23 94 59 49 93 66 10 49 35 22 87 87 81 23 71 67 43 19 57 23 5 48 90 68 75 52 30 40 98 70 72 74 90 62 77 33 18 16 94 1 84 54 64 73 58 23 0 70 78 99 27 43 74 15 56 39 12 49 31 66 14 3 70 6 97 38 43 77 86 64 33 84 50 35 52 0 72 55 96 91 2 42 43 1 31 71 33 2 48 75 29 71 75 13 98 30 83 91 11 12 84 70 45 71 38 75 84 51 20 33 81 84 39 89 35 77 45 48 75 75 62 79 66 48 71 46 69 49 81 89 52 16 61 97 51 11 97 86 20 66 36 6 56 96 62 10 93 83 29 21 16 31 81 14 53 12 0 50 65 7 20 59 12 18 94 91 73 28 70 81 39 3 74 18 80 35 14 77 76 41 27 26 73 95 58 77 74 2 82 43 61 40 23 46 54 23 11 14 87 54 26 51 78 22 61 83 30 55 52 33 78 12 6 1 73 6 68 58 31 46 9 64 47 58 68 76 8 92 91 88 82 87 40 32 13 67 68 16 13 94 20 65 37 77 41 35 73 64 36 81 4 56 61 45 18 66 78 60 36 51 68 56 46 71 17 60 82 81 52 52 39 87 42 65 26 7 93 11 39 71 44 6 0 33 89 1 47 40 37 80 24 23 99 65 51 1 91 53 70 83 17 77 50 68 68 39 14 50 74 49 96 6 87 18 73 95 45 
3 47 90 53 5 92 86 38 92 92 26 31 77 78 46 42 59 83 5 35 85 96 81 73 4 78 51 97 36 21 96 54 90 38 89 32 10 74 4 38 1 78 72 91 34 7 28 6 79 81 53 53 49 64 29 71 8 60 75 85 83 12 83 85 27 85 96 59 3 23 35 7 52 25 69 11 14 95 53 81 27 85 50 54 53 9 72 40 29 14 29 87 63 46 8 19 12 53 12 42 57 38 12 82 24 17 96 64 73 59 86 31 55 58 2 10 2 66 67 80 46 81 77 12 38 88 54 49 32 34 79 30 99 67 33 36 93 53 68 18 92 80 72 28 4 90 24 78 16 39 0 94 71 81 61 73 64 98 29 19 65 49 43 32 35 20 20 45 50 6 23 12 97 7 9 81 71 96 16 26 92 82 35 28 67 10 72 37 12 46 78 92 58 20 63 44 13 13 0 35 60 48 83 11 18 42 33 24 11 84 12 75 27 79 21 1 8 97 76 42 81 9 28 34 72 45 76 82 37 5 24 85 50 23 41 98 98 59 40 71 84 93 5 31 23 23 17 82 67 14 66 78 2 39 12 25 52 13 62 53 21 74 93 77 68 25 61 31 63 14 65 15 12 76 97 39 3 47 35 73 21 33 44 23 84 81 72 46 99 38 93 16 0 45 48 88 70 61 44 10 89 10 82 46 54 26 18 90 59 6 5 93 97 7 4 69 7 37 15 40 38 65 31 61 37 39 58 70 19 91 80 42 25 78 37 89 48 87 19 99 64 62 99 89 86 96 93 38 97 36 29 83 54 42 42 53 37 26 86 10 57 65 40 74 93 12 18 43 38 14 77 88 32 19 14 89 56 61 99 40 14 84 25 96 94 2 6 73 80 32 29 1 54 22 57 20 94 47 72 60 39 55 9 40 43 69 93 97 29 28 54 92 45 99 73 52 74 99 28 68 82 60 48 12 99 79 76 40 38 17 46 8 77 51 19 60 16 96 77 96 53 73 50 55 2 43 40 99 1 65 29 62 25 84 28 4 71 18 93 52 92 81 75 93 27 96 83 96 64 69 74 83 84 72 37 6 37 57 7 93 5 15 77 59 46 38 86 58 21 42 77 22 89 20 76 93 81 47 31 27 
89 8 14 56 82 14 61 71 58 38 94 27 68 34 75 9 22 76 30 20 17 47 87 54 33 37 95 36 37 83 6 48 20 75 73 96 57 78 7 95 40 93 53 23 76 30 94 39 36 2 93 94 43 87 16 75 46 49 82 67 98 84 78 42 14 22 22 35 26 7 83 49 70 65 37 39 24 72 50 38 82 39 36 94 59 80 67 33 52 16 60 92 79 98 93 73 40 71 51 21 5 25 88 61 0 67 38 93 62 2 95 44 68 31 89 97 29 93 3 95 5 91 50 40 47 0 40 32 76 94 10 92 36 2 74 30 53 14 45 61 98 93 7 23 53 12 47 83 14 80 29 98 18 68 79 71 36 89 37 22 76 15 73 24 39 99 26 66 0 59 99 73 42 50 67 97 92 29 35 5 21 33 15 81 93 91 98 83 71 78 49 39 8 19 72 15 33 98 22 3 3 30 37 91 49 9 11 20 64 95 29 50 28 18 47 38 64 94 62 85 53 13 6 63 58 22 64 51 98 18 38 56 39 48 66 42 10 6 16 6 91 9 47 75 90 50 5 28 17 31 5 23 67 95 36 25 63 74 16 39 38 15 88 59 15 17 34 76 47 94 4 55 26 98 20 49 4 16 43 26 94 51 22 33 91 35 62 74 1 43 43 65 44 37 34 79 40 4 0 27 67 11 62 73 42 6 41 11 35 0 3 61 74 23 47 65 1 55 68 6 94 43 86 96 21 28 35 78 19 19 10 18 25 40 37 8 52 10 20 92 47 35 81 32 66 53 45 97 19 45 20 78 56 10 4 87 74 44 60 4 58 70 90 26 27 68 94 99 56 4 99 69 37 44 73 66 50 54 34 44 48 8 66 30 11 9 52 75 82 49 66 42 91 96 25 52 91 36 11 35 10 21 60 41 37 69 4 15 42 25 21 97 38 14 42 20 11 72 97 40 13 62 52 71 12 72 53 97 6 71 51 8 24 57 38 73 19 18 86 61 72 19 44 34 82 57 64 57 69 63 95 58 71 93 67 76 32 6 3 29 95 59 47 55 95 26 1 12 18 31 71 53 34 25 57 42 11 38 54 46 63 51 30 46 15 91 83 63 22 38 27 48 21 38 66 71 24 41 47 4 
40 57 5 84 40 45 69 73 63 63 2 17 50 75 10 66 74 29 18 39 0 78 46 80 91 85 31 30 96 3 92 92 25 19 46 70 38 86 70 53 36 56 88 15 26 40 87 78 34 92 18 13 96 36 43 17 92 75 15 41 0 62 18 56 54 11 4 73 31 70 42 55 37 9 75 97 80 1 14 40 67 6 65 34 76 56 43 86 36 23 71 13 23 83 72 33 48 32 86 49 24 41 14 95 78 88 15 76 75 86 22 50 38 6 29 94 71 65 52 57 78 86 14 77 21 11 84 37 96 70 20 68 17 61 53 85 52 49 29 53 28 29 46 53 29 77 51 23 28 29 21 78 43 1 35 57 57 73 15 73 57 97 40 32 68 13 61 56 54 60 3 24 3 54 4 2 76 68 92 46 93 28 93 65 4 84 75 27 87 95 64 94 83 61 90 28 35 55 61 60 19 52 54 69 38 79 19 32 85 25 12 39 0 73 52 2 78 39 26 80 36 71 50 22 69 4 55 35 74 38 89 67 39 96 80 30 98 89 49 20 65 19 7 69 13 75 86 57 68 7 19 19 19 74 8 21 24 5 59 87 56 52 5 78 85 26 36 31 28 25 43 88 55 46 6 24 1 77 30 71 23 95 97 42 27 0 32 50 36 65 50 95 34 94 72 21 65 68 44 64 15 37 24 30 19 44 26 0 13 24 57 92 3 47 62 94 65 68 43 88 66 81 81 2 76 6 67 45 84 19 75 99 86 28 74 64 32 35 39 69 52 16 59 80 56 90 32 99 42 59 0 40 93 73 8 13 48 8 69 46 48 87 14 30 88 5 64 61 57 26 24 6 48 24 63 0 65 86 65 68 68 67 96 38 99 46 74 16 8 92 97 52 39 49 4 1 5 50 95 94 54 72 31 82 96 66 63 45 47 65 69 77 42 98 32 1 58 24 80 28 96 2 68 20 16 41 30 88 24 47 58 97 42 1 29 58 2 23 95 31 3 62 23 21 7 96 66 64 97 37 1 30 13 63 17 50 64 87 62 97 13 31 42 1 47 39 38 23 78 45 12 73 41 97 98 19 10 43 17 49 70 49 5 40 9 39 21 74 76 52 70 91 23 22 77 14 95 2 17 85 
17 80 8 79 13 84 86 15 10 57 55 69 16 19 43 84 77 59 70 18 97 16 4 46 88 46 22 16 60 32 28 14 77 78 29 18 69 17 54 58 89 7 36 88 98 19 59 34 61 89 46 58 96 63 56 1 23 79 2 10 67 68 1 88 6 15 40 47 10 84 9 94 61 66 39 8 89 75 13 28 87 29 84 49 49 87 53 20 81 12 16 55 21 19 7 15 94 74 63 65 11 42 39 50 61 49 6 65 60 62 59 21 96 19 81 71 27 1 54 17 19 49 83 36 40 18 97 40 76 12 10 44 3 72 50 41 62 45 62 3 86 34 78 22 74 69 18 67 18 29 27 62 14 21 51 44 67 56 62 12 94 23 25 4 71 72 9 83 43 42 32 47 38 68 87 41 79 13 83 23 42 38 50 3 72 88 58 10 47 41 52 92 73 30 75 70 82 64 69 66 17 78 22 45 47 35 2 75 55 51 97 51 4 6 57 19 80 97 28 6 67 4 39 78 29 13 20 39 99 66 80 58 51 37 42 21 35 39 67 36 90 36 5 98 74 31 1 52 91 30 10 90 84 71 35 69 81 58 51 78 57 76 62 99 91 68 69 44 71 12 82 47 33 58 15 51 93 23 66 73 30 39 15 51 49 88 64 25 89 34 6 8 29 28 14 49 73 38 90 85 50 63 42 83 49 2 80 72 12 49 98 57 51 38 97 56 23 16 19 68 45 0 6 55 25 47 99 88 80 53 20 49 24 18 24 20 22 73 51 1 94 89 37 65 3 17 40 68 81 13 75 51 93 3 29 40 45 85 64 83 79 32 86 24 48 37 82 1 83 70 43 61 59 72 23 10 66 18 20 44 81 29 44 17 18 25 52 24 4 53 64 44 48 25 40 28 62 31 50 47 76 42 3 16 29 49 21 68 71 83 29 87 91 63 65 24 73 30 65 90 47 91 19 18 42 48 14 3 78 1 14 29 52 88 57 42 14 45 57 49 9 89 7 14 30 28 39 36 13 3 25 15 61 2 16 20 68 13 88 53 13 2 41 73 67 35 16 88 12 66 69 90 65 51 65 66 88 3 88 45 60 83 76 86 26 12 38 72 67 20 42 11 42 66 36 72 82 12 9 7 
51 56 25 55 54 25 77 79 0 55 47 30 77 11 11 86 57 44 54 96 98 69 23 59 25 52 62 61 0 36 18 15 42 49 22 73 99 54 14 57 52 73 15 89 20 24 66 88 79 44 74 70 30 3 83 74 93 23 39 2 9 59 90 41 63 90 59 94 35 43 8 6 46 61 80 25 9 2 17 77 49 72 14 37 1 48 41 7 66 59 57 79 28 5 53 30 90 71 71 73 46 39 50 54 35 96 18 23 96 94 47 79 43 17 99 46 13 92 75 86 32 7 9 33 77 5 37 99 59 7 80 58 58 21 84 55 61 47 36 46 77 38 19 20 35 66 53 44 72 38 78 78 5 34 87 34 21 33 47 79 83 79 7 48 90 61 85 84 71 85 15 96 67 77 13 83 43 85 6 18 0 51 73 25 55 66 41 10 38 22 69 30 26 48 1 87 49 36 77 47 95 43 7 48 47 40 33 49 59 30 81 46 73 74 65 61 21 6 90 21 27 87 75 48 59 77 62 51 90 90 5 82 12 63 38 80 48 20 79 55 76 98 7 32 3 20 80 98 77 43 11 75 99 68 99 32 36 10 91 28 93 48 61 87 0 35 45 94 90 11 7 30 71 55 23 3 41 18 44 31 59 93 73 59 79 42 82 6 43 63 87 49 79 77 82 8 82 51 40 83 15 30 24 16 14 25 47 65 65 1 30 99 89 10 21 63 28 39 61 29 56 67 71 20 84 5 93 48 63 99 47 38 49 10 21 40 5 11 64 72 96 29 41 22 95 91 72 30 62 33 94 83 5 39 29 97 35 28 39 75 14 30 97 51 97 29 56 17 0 9 48 56 83 82 33 96 75 55 33 23 25 44 62 20 28 93 4 61 7 50 45 73 42 50 52 47 49 62 36 56 63 60 42 71 24 31 77 97 30 38 26 25 62 20 3 14 14 59 81 53 19 65 99 24 48 41 16 79 64 74 92 12 8 81 69 21 0 18 65 50 86 47 36 3 13 11 68 42 20 9 67 20 11 20 80 17 40 54 94 40 26 93 69 36 23 44 12 41 72 75 18 33 23 19 73 78 8 42 77 74 9 88 20 17 18 65 40 33 87 84 30 53 65 18 37 2 22 20 85 16 
59 8 75 45 88 83 90 59 78 91 91 32 63 14 13 69 15 15 69 41 92 21 65 85 83 94 97 93 66 95 1 69 73 33 79 71 12 5 98 95 28 81 48 48 65 26 65 89 3 75 97 35 58 49 9 26 87 52 0 87 6 82 94 89 7 53 31 25 66 37 87 14 32 9 28 55 40 85 21 75 64 26 58 75 91 28 81 48 95 28 43 84 25 13 82 70 48 40 22 84 47 25 88 5 35 68 36 49 34 35 87 74 65 64 93 76 2 61 85 57 45 68 4 65 12 54 41 97 2 88 40 12 36 60 64 73 90 23 11 81 95 13 59 43 19 25 75 22 22 54 9 62 68 40 7 19 93 95 14 35 27 96 27 27 16 56 9 93 44 53 8 56 61 43 79 1 25 69 28 57 84 96 9 40 13 72 7 97 5 50 24 27 78 18 55 95 14 42 57 4 51 34 26 74 81 63 77 47 18 52 73 30 93 61 37 89 54 81 12 26 64 73 89 36 68 83 59 48 31 23 36 56 83 74 52 63 30 43 23 78 26 69 10 9 86 60 30 28 21 27 34 53 67 68 53 63 37 86 91 81 91 83 68 66 24 31 42 29 53 47 96 43 60 83 33 56 83 8 29 93 59 23 59 8 54 13 82 29 62 33 23 93 44 87 6 47 17 53 30 20 87 91 22 57 79 22 40 64 18 45 77 68 40 49 40 69 77 29 49 47 73 86 83 1 20 90 20 28 11 49 74 18 24 43 53 96 28 8 25 38 16 65 47 72 82 55 36 11 16 27 82 75 32 77 8 93 68 28 18 38 68 27 6 35 12 85 17 34 46 69 74 88 15 25 46 93 93 92 96 6 45 39 81 49 89 78 72 50 0 7 92 10 11 29 5 30 44 76 59 58 37 72 56 14 82 8 93 72 59 53 43 44 57 96 76 57 83 70 34 41 63 46 67 83 67 58 4 90 16 9 40 90 92 86 64 77 36 0 42 64 5 21 57 41 13 11 19 41 97 2 58 37 80 35 49 81 37 98 37 14 14 85 99 33 25 41 46 51 88 75 39 96 86 41 25 22 44 12 19 70 19 68 97 83 2 91 49 9 88 37 81 54 84 57 11 35 28 90 11 43 
52 71 5 3 78 84 42 91 53 89 95 53 63 19 98 34 84 79 99 39 68 8 81 12 60 60 1 36 42 54 96 33 90 73 61 71 90 39 9 90 52 85 44 41 17 3 34 72 86 41 58 62 51 72 78 49 71 74 84 16 46 70 31 46 2 31 61 36 81 9 49 78 44 96 34 20 14 8 23 4 80 12 65 23 64 2 82 2 95 87 90 70 58 52 79 92 7 85 99 61 16 66 86 54 6 3 79 9 94 16 25 8 90 54 5 32 78 66 53 82 26 79 15 55 63 99 91 86 87 85 38 48 82 34 79 62 79 92 67 61 90 72 82 0 49 23 49 73 26 79 34 57 14 41 34 61 19 84 43 7 21 72 91 52 0 1 49 98 93 76 25 70 75 87 75 5 37 25 31 14 69 76 83 53 50 67 90 89 35 51 29 48 7 62 37 96 28 40 23 89 23 34 82 88 46 17 14 71 72 22 30 24 11 16 84 3 54 10 5 46 99 2 5 92 45 62 1 67 28 63 99 75 80 92 18 7 8 68 76 83 4 85 58 35 78 73 6 69 45 29 86 28 35 1 68 20 18 67 47 42 79 74 22 59 80 10 48 3 46 88 85 51 8 16 25 8 12 19 78 98 17 12 82 51 34 4 83 5 34 0 49 61 86 84 7 34 17 74 34 93 88 10 60 43 14 58 56 23 90 14 1 27 33 20 93 68 89 39 9 21 59 27 0 32 93 59 93 19 75 74 60 51 86 83 31 56 55 58 83 33 47 80 33 54 25 51 31 62 72 74 19 62 19 35 4 47 41 49 21 98 41 60 11 45 66 47 67 56 12 97 19 28 95 80 21 64 75 31 47 41 3 96 24 98 0 0 15 76 1 9 75 11 59 22 7 48 53 89 59 76 76 95 78 70 68 27 70 76 2 85 59 50 45 48 81 85 34 77 2 16 89 4 20 20 38 50 43 77 76 76 12 44 75 98 47 50 12 6 30 36 47 59 0 50 40 80 87 13 43 15 66 17 90 30 93 85 91 39 44 78 36 84 23 71 38 97 7 69 77 58 17 83 19 76 26 66 58 46 90 29 63 28 66 66 26 84 31 47 80 28 97 25 49 99 4 66 21 44 89 49 
92 76 58 27 9 97 14 14 52 46 52 83 91 82 29 93 43 29 36 90 44 35 8 65 58 12 6 61 50 4 63 10 3 26 99 24 54 56 8 71 18 11 45 97 5 49 82 92 82 73 64 3 24 20 82 59 17 36 34 11 12 25 97 70 69 31 47 89 15 60 74 63 4 87 11 55 49 2 13 66 81 39 64 18 28 30 89 66 89 38 75 83 42 93 52 57 67 60 65 98 87 48 91 61 31 92 93 38 25 43 20 30 54 13 50 96 16 62 89 72 42 58 82 83 25 78 41 25 98 71 41 76 71 22 36 61 23 52 86 34 28 14 16 34 63 77 93 2 98 41 80 66 98 24 51 23 9 7 52 67 10 95 1 77 9 30 85 34 16 31 52 86 42 81 24 50 97 37 93 21 40 41 79 34 14 17 36 99 47 54 20 33 99 30 89 19 57 35 11 87 96 90 25 35 1 45 56 82 42 70 63 3 15 28 21 72 80 23 70 31 64 81 35 28 90 61 25 70 78 0 83 3 93 1 54 38 18 18 68 14 71 62 24 75 26 72 90 49 29 25 88 77 73 63 25 25 73 84 15 36 76 10 99 21 56 63 34 48 19 50 89 10 85 9 23 62 87 62 35 4 1 38 64 7 76 92 3 96 8 18 20 87 87 35 94 96 74 98 85 11 59 90 52 37 3 51 27 31 63 13 65 43 7 64 48 45 94 34 95 62 85 39 18 3 54 31 70 34 98 93 5 49 43 89 21 97 5 37 68 20 98 26 96 25 21 2 33 46 62 97 65 74 55 23 72 32 57 65 43 97 53 55 3 33 72 3 21 76 91 95 23 46 13 53 14 58 79 86 51 40 47 66 99 57 42 4 46 55 41 66 33 62 58 8 15 25 93 10 57 38 34 36 35 39 70 6 89 40 71 21 49 42 8 72 4 46 29 82 29 32 57 27 61 72 69 95 11 44 20 66 70 76 47 37 26 61 15 18 54 96 91 4 49 11 81 74 48 87 39 5 31 71 87 69 11 76 23 68 62 40 53 70 68 47 1 79 81 10 14 36 23 25 9 23 37 98 71 76 8 27 99 36 55 48 0 76 89 3 48 61 26 59 89 65 74 33 65 55 49 88 
12 71 19 38 63 96 66 89 75 91 83 77 0 83 44 67 56 76 24 0 62 30 87 32 98 49 54 0 3 15 17 67 84 61 45 21 9 56 47 52 19 37 66 19 21 69 97 54 20 93 98 64 17 23 68 10 60 12 42 32 40 34 82 2 39 69 60 86 92 19 51 75 36 5 93 48 10 29 47 71 14 86 78 91 78 34 31 48 10 6 56 36 78 3 38 2 29 63 96 92 25 80 59 71 5 29 3 16 28 28 25 62 67 60 76 8 87 44 45 60 79 67 99 88 53 62 74 47 98 69 1 24 30 78 34 8 80 34 14 36 8 83 7 74 87 63 35 1 73 77 74 28 54 0 32 33 77 86 17 10 36 38 64 7 45 30 3 86 54 86 3 27 5 47 37 8 55 47 38 86 45 48 73 26 10 82 73 60 22 87 50 9 62 96 25 77 87 59 96 97 55 65 1 17 17 94 34 41 27 55 91 13 38 4 97 27 7 31 35 72 21 36 27 36 36 24 31 57 63 60 15 86 61 38 22 86 3 23 29 53 95 70 29 18 3 73 57 13 88 13 31 73 75 2 42 83 76 46 44 59 82 30 76 6 35 22 1 20 43 79 39 78 29 1 91 49 58 34 9 81 30 10 42 84 93 32 6 53 7 75 74 56 99 4 78 25 32 74 18 47 35 93 68 39 24 10 89 61 42 23 37 61 74 47 43 0 84 48 85 75 87 70 75 51 55 74 69 58 64 51 56 57 75 80 75 38 47 77 9 85 70 93 43 27 88 4 83 80 85 27 47 83 22 58 69 26 34 14 36 9 5 63 52 71 67 12 66 57 71 56 67 57 90 59 82 22 58 11 18 70 30 87 70 66 61 14 99 40 16 13 92 81 28 54 44 11 66 62 31 44 69 49 72 44 2 0 35 76 41 28 53 83 26 76 80 30 13 23 79 13 4 5 33 24 15 19 4 12 96 4 40 73 2 53 3 95 47 82 14 83 4 87 31 98 33 72 99 26 7 3 36 77 21 10 94 10 22 63 37 32 84 4 84 89 36 84 12 28 84 25 58 92 13 20 84 61 60 58 43 35 83 58 23 47 87 35 38 37 71 32 26 18 98 8 90 30 98 9 1 69 
21 97 62 72 55 96 29 49 88 63 40 38 85 79 34 22 11 63 38 94 21 52 43 5 83 5 27 49 61 13 26 61 66 49 89 11 97 19 50 31 12 59 6 2 94 1 19 17 35 48 2 73 9 87 34 66 85 82 6 88 83 2 7 73 74 78 55 91 54 91 18 64 58 37 21 53 18 67 29 85 44 9 62 55 73 32 38 96 86 67 40 68 37 72 21 7 53 51 58 88 53 2 35 83 43 70 0 82 26 58 16 87 77 59 64 55 82 48 84 72 38 1 7 71 48 46 69 11 50 59 71 89 48 60 88 47 69 84 13 25 77 17 2 95 34 16 7 32 61 66 13 37 69 97 27 77 96 35 72 65 82 16 10 10 51 34 82 66 43 98 98 17 5 73 90 2 38 34 95 91 30 24 22 84 58 92 60 43 38 48 2 88 88 88 12 69 27 5 71 75 4 75 9 37 62 59 78 41 72 99 76 62 83 90 81 94 13 44 17 49 59 40 20 46 38 84 21 69 52 55 64 91 35 74 82 12 88 52 35 8 30 76 20 35 35 90 98 26 84 16 72 67 20 80 2 73 66 32 69 62 70 3 16 69 91 95 64 28 7 59 89 21 6 21 10 28 54 61 50 39 90 32 81 99 81 48 53 42 14 63 48 74 91 43 51 33 84 73 86 95 23 5 56 17 78 42 92 88 42 11 22 65 13 17 84 3 28 39 49 81 63 39 11 80 15 52 72 60 53 94 69 61 59 43 94 13 25 40 98 45 29 33 49 2 48 52 36 70 80 91 7 36 70 68 65 83 82 95 70 5 43 3 12 64 45 58 23 22 93 94 19 63 53 74 36 55 87 22 64 93 95 73 72 6 28 52 24 91 51 85 11 48 9 98 91 71 27 25 78 86 89 70 38 96 81 36 46 86 70 50 47 85 69 16 65 71 70 17 35 12 89 44 51 27 24 89 68 87 38 63 9 72 53 26 95 63 42 12 53 44 30 51 72 10 37 27 28 55 22 89 44 60 22 20 65 5 1 3 19 96 32 4 71 82 43 35 57 46 32 18 45 21 90 84 19 62 48 41 67 21 31 34 67 22 26 78 49 85 51 99 81 25 30 44 49 66 78 16 69 36 
91 55 8 74 59 98 81 27 20 52 69 70 63 14 91 62 93 80 39 50 42 85 22 39 96 97 45 31 64 36 86 32 88 70 46 24 6 25 14 20 88 19 62 30 16 46 69 73 34 93 53 57 98 44 7 50 1 33 41 18 6 87 75 57 87 87 29 77 33 26 12 59 35 16 42 12 60 32 57 71 89 1 79 30 26 17 19 73 86 3 38 50 85 21 62 47 52 60 60 50 53 66 19 90 81 61 40 72 94 9 97 68 32 2 64 13 84 53 0 74 83 81 88 93 55 20 88 99 80 60 14 52 81 62 55 80 34 1 59 50 25 46 56 23 42 85 2 72 46 46 11 56 3 99 83 32 7 9 21 17 33 69 67 41 15 98 90 2 74 60 25 80 75 84 20 21 62 45 3 65 23 13 36 44 91 50 49 67 70 93 62 78 82 56 22 82 20 34 86 65 29 4 90 36 43 76 56 97 49 5 3 43 50 30 48 16 84 9 87 79 17 29 33 35 10 96 59 99 78 96 36 86 65 62 9 22 52 64 33 83 71 8 1 73 44 77 66 89 96 19 80 75 89 83 94 12 94 95 41 5 15 38 97 94 38 73 16 69 74 95 18 10 56 16 54 39 73 17 22 26 18 29 35 76 33 23 46 7 5 23 59 38 86 64 84 16 56 50 82 43 11 99 41 20 83 97 46 26 81 47 57 88 12 42 82 30 70 96 12 48 76 48 50 90 5 51 36 54 69 53 79 87 97 76 65 23 5 35 76 4 54 43 51 67 73 10 79 53 16 3 21 41 88 13 99 21 35 41 31 17 96 49 49 16 91 10 12 62 41 75 1 37 65 15 51 10 46 97 45 73 63 27 37 27 46 89 33 48 27 73 97 12 47 48 75 16 38 0 82 44 80 43 99 4 2 40 91 97 84 43 5 51 88 47 69 21 59 4 83 36 34 19 90 18 5 77 55 58 34 7 19 44 86 10 17 23 92 81 32 69 70 70 4 96 79 35 59 83 56 33 34 53 93 47 83 80 64 57 99 89 76 13 83 92 1 48 86 83 72 2 59 47 40 46 57 3 93 36 47 80 33 90 39 4 35 2 68 70 56 48 28 76 55 94 28 26 69 48 88 3 
7 80 12 97 30 79 86 35 60 30 83 69 30 1 49 22 74 97 88 23 82 1 82 41 87 97 38 68 20 17 60 90 6 3 37 2 39 60 93 7 66 99 80 16 44 43 98 66 86 17 53 41 53 34 44 62 7 94 21 77 98 89 16 42 32 22 56 53 29 34 79 23 3 56 88 47 97 8 96 24 85 29 81 23 69 87 72 69 10 96 5 9 46 10 54 64 58 0 94 10 48 49 48 7 62 92 0 43 12 38 4 92 95 35 90 82 47 66 13 90 27 60 60 73 87 86 13 94 71 65 65 78 57 46 99 70 13 68 33 32 66 31 75 75 63 47 30 26 34 71 94 2 27 48 43 17 84 3 88 40 14 83 14 93 84 92 74 82 60 88 24 7 56 61 20 56 23 28 10 35 56 88 91 56 49 3 75 75 85 75 41 71 85 45 75 11 41 50 66 64 36 14 58 46 92 13 18 58 89 65 16 77 48 7 72 66 39 71 49 9 88 6 4 38 23 9 34 58 90 65 17 71 50 24 40 58 80 30 15 4 47 4 75 65 45 24 3 87 18 51 47 72 67 33 73 40 67 25 53 29 5 1 79 99 86 33 89 53 27 14 74 41 42 56 4 7 11 10 70 58 43 55 77 97 87 75 90 27 85 89 76 73 93 60 62 33 57 99 4 44 16 53 40 10 28 11 64 7 27 62 18 11 52 33 12 61 61 7 98 47 3 35 7 84 4 51 86 67 91 86 69 64 18 19 8 2 98 64 29 66 10 49 98 74 71 11 55 67 9 50 28 51 88 57 90 15 7 57 22 9 5 93 18 0 23 38 81 23 26 76 24 1 13 49 67 35 41 24 10 9 78 88 24 57 19 71 14 93 11 39 35 19 47 16 20 38 21 11 90 68 91 83 67 11 38 51 57 79 27 96 96 56 7 65 3 37 82 23 80 49 73 32 98 29 62 51 33 48 42 80 52 22 73 81 81 75 78 3 51 45 99 78 12 48 72 29 13 37 64 67 46 93 59 22 71 3 78 82 20 39 70 93 88 8 76 86 9 68 12 98 8 50 80 76 32 79 87 40 22 54 31 14 50 86 11 18 72 24 47 4 89 80 8 96 70 31 34 57 47 80 
92 46 5 77 99 71 67 62 86 68 59 62 41 26 81 10 95 64 66 58 38 84 75 80 20 21 1 85 40 70 29 26 24 93 87 92 44 88 39 39 15 38 48 96 28 64 59 51 67 74 88 45 25 57 40 99 63 60 19 89 86 79 90 25 44 59 99 11 1 23 25 7 42 82 93 79 35 85 68 46 71 46 66 73 81 69 9 74 83 27 23 35 26 40 35 32 55 51 31 97 25 55 50 62 46 70 33 52 40 89 13 21 0 16 1 4 58 21 47 72 27 73 95 57 22 87 50 7 2 39 77 82 93 18 24 71 53 42 34 58 83 13 8 0 39 25 77 62 37 25 94 28 6 50 16 35 98 53 17 86 46 3 40 27 16 59 22 55 77 43 92 23 23 73 5 24 77 6 62 54 81 94 93 99 59 97 56 35 32 79 81 84 59 11 24 73 47 62 28 67 14 55 55 32 77 41 30 11 48 81 50 19 75 6 54 93 87 37 65 25 13 48 38 5 50 23 19 25 48 77 7 76 6 27 39 0 0 16 56 78 38 21 36 12 43 3 59 29 73 52 65 47 72 36 14 48 90 2 39 68 20 50 7 59 58 85 62 74 53 74 38 77 15 74 74 95 31 23 63 89 93 48 60 92 63 50 26 32 74 27 19 88 41 57 14 59 80 11 80 31 88 20 10 54 11 99 84 88 66 16 92 74 67 24 63 39 55 0 94 49 19 5 19 53 38 47 17 59 96 6 38 81 57 0 19 52 71 64 0 35 78 60 55 20 67 42 36 45 15 98 15 59 25 26 20 45 66 68 60 36 10 77 61 49 44 23 16 9 61 86 60 62 56 35 36 61 52 23 99 69 24 92 43 8 5 93 83 68 70 46 97 73 67 34 61 70 40 63 25 24 3 34 14 13 4 43 89 93 90 0 4 72 56 57 6 38 37 81 11 10 79 82 30 11 60 65 64 65 69 86 72 53 7 88 7 40 44 19 95 66 12 30 59 8 92 3 37 71 26 88 13 9 80 54 27 72 11 80 84 49 15 71 19 58 63 63 24 89 6 93 54 18 11 75 43 93 33 2 55 63 72 83 22 10 79 79 71 86 1 47 15 15 82 5 64 17 35 81 33 75 
36 25 6 91 27 1 29 57 74 18 60 9 92 18 69 34 49 7 58 40 70 8 3 30 85 64 87 40 24 44 23 21 96 43 35 23 9 68 57 9 14 65 72 27 54 37 20 44 4 90 26 4 92 52 1 21 32 69 69 68 40 54 22 57 37 85 87 18 74 75 91 7 34 44 57 91 27 62 35 84 67 81 98 3 34 32 61 53 3 67 61 63 98 29 55 81 70 80 98 27 95 82 84 55 76 59 53 20 36 33 48 43 26 40 88 86 38 61 90 95 15 88 69 89 4 14 79 68 50 99 63 37 18 61 52 64 7 15 51 42 99 29 97 24 50 86 5 18 99 32 38 76 24 65 35 45 1 15 78 30 4 39 18 89 55 64 97 53 52 42 46 8 27 51 4 65 65 91 45 3 32 85 42 66 79 57 82 35 51 70 81 90 25 33 52 48 65 39 41 7 29 54 58 45 87 90 88 41 59 25 39 15 86 27 78 41 94 78 73 11 45 59 40 64 59 54 74 47 57 41 30 40 26 54 50 48 67 31 4 71 57 43 63 70 76 72 84 26 42 56 37 97 12 77 40 17 30 25 79 74 30 29 51 94 69 22 1 96 22 79 82 89 11 90 12 58 22 86 33 6 82 61 24 28 65 58 87 25 0 16 81 34 71 92 4 67 99 55 96 96 44 71 10 22 21 68 80 4 43 3 42 92 0 16 0 2 93 27 96 6 64 21 25 65 13 53 30 71 7 28 12 37 72 49 71 1 62 16 80 45 8 59 65 18 97 64 9 75 32 19 84 20 49 13 1 39 37 75 54 73 89 68 12 99 4 63 74 74 80 16 33 63 87 39 27 50 98 52 32 57 68 97 61 82 87 31 90 77 95 92 9 50 19 64 37 47 89 48 24 82 67 40 44 38 37 85 47 26 79 1 74 69 73 87 20 77 4 0 57 28 62 47 97 56 5 96 51 71 92 48 64 39 70 70 62 39 44 38 8 73 22 78 39 90 32 33 97 8 43 84 74 57 78 27 84 19 79 10 27 14 78 66 70 15 3 80 45 48 16 72 9 29 74 72 25 51 39 98 45 70 8 69 21 25 30 37 95 51 44 82 58 26 9 10 12 14 30 75 43 77 
94 94 54 60 36 92 9 62 82 45 24 24 80 41 75 64 30 38 37 14 69 66 23 91 6 51 53 22 24 61 34 26 32 8 30 79 40 92 28 51 27 6 35 52 61 68 96 9 94 39 31 63 44 43 18 86 23 39 64 29 17 88 96 85 70 1 22 39 48 1 86 65 56 89 61 66 80 54 33 33 9 76 38 4 68 56 25 4 33 7 90 20 10 17 7 69 74 61 63 1 47 61 13 59 80 57 3 60 24 6 90 62 7 67 9 30 77 11 17 92 83 26 2 37 6 75 78 31 62 91 81 58 80 45 64 21 58 31 5 99 26 34 74 57 18 80 87 37 47 23 55 78 68 93 7 32 40 39 44 13 92 95 94 53 13 89 85 5 78 24 21 50 2 12 20 5 7 77 99 68 3 48 77 29 71 25 59 58 63 48 60 59 62 62 1 70 27 50 85 76 32 58 83 32 93 96 47 79 38 54 44 23 96 46 26 59 45 31 31 7 35 15 91 2 71 14 44 8 23 3 16 55 13 69 68 56 8 77 81 22 27 78 43 33 44 50 14 19 20 2 20 43 21 36 5 55 9 29 49 18 87 92 47 41 90 86 9 34 8 41 19 44 13 49 52 10 82 57 69 20 47 40 19 38 36 57 79 93 21 18 82 40 90 34 10 68 13 94 32 94 37 64 58 16 70 68 96 68 31 88 52 32 12 53 8 21 12 76 26 30 13 55 56 76 95 11 39 43 63 65 83 59 86 32 13 55 56 46 70 74 21 19 56 41 0 51 28 87 56 88 84 16 60 55 87 56 97 42 72 0 48 64 25 90 29 32 1 64 4 26 81 67 79 71 56 63 93 20 83 92 60 14 54 13 0 65 30 45 11 5 27 56 91 52 69 34 90 61 41 61 38 87 82 10 58 53 77 25 74 26 80 59 10 4 70 46 34 16 49 91 54 7 36 31 55 11 98 78 77 80 50 46 98 81 31 60 35 14 8 67 66 65 18 68 54 65 69 83 88 22 73 39 56 14 11 93 45 3 16 0 83 18 97 31 35 94 83 42 60 90 9 27 57 76 57 0 25 31 82 0 1 56 53 93 4 78 49 46 95 8 61 78 27 19 52 94 2 28 77 64 
18 9 38 54 45 8 45 67 88 20 24 2 1 27 53 81 42 79 90 65 59 11 0 50 70 83 85 12 4 35 84 87 24 88 61 8 38 49 93 66 54 91 34 65 19 61 41 71 56 56 42 12 16 75 27 31 8 81 33 40 80 39 80 95 8 63 23 70 16 84 9 29 97 87 1 47 14 45 63 11 17 68 45 31 70 37 96 80 63 52 18 76 63 27 81 12 6 5 60 10 11 39 52 55 29 9 80 52 25 8 81 57 89 43 13 56 4 7 52 0 53 90 67 9 86 24 43 86 20 48 15 0 84 84 50 0 16 95 45 25 92 37 18 63 8 15 77 95 78 47 29 89 26 1 97 61 58 35 8 48 39 3 30 43 45 58 59 6 37 16 25 24 39 94 85 69 93 86 37 26 2 28 91 35 45 27 29 31 27 40 88 63 73 81 14 92 32 38 18 19 87 66 80 80 20 24 86 62 76 29 39 79 70 30 37 16 71 9 66 74 9 30 64 38 43 55 41 83 60 95 37 20 1 64 70 15 78 80 84 15 71 45 19 30 67 33 68 1 75 46 64 98 40 69 6 21 76 16 20 46 61 3 44 27 27 45 23 3 95 73 51 68 4 75 36 2 36 89 51 77 90 96 43 58 80 3 6 37 54 86 58 61 11 53 47 51 88 24 66 35 91 24 69 18 38 2 18 97 30 44 10 83 81 45 24 53 75 15 96 19 24 50 23 93 50 59 18 90 31 95 7 85 73 45 54 60 3 95 90 85 59 73 90 51 88 56 12 28 25 82 91 87 2 30 5 35 49 65 25 19 61 80 3 11 54 59 71 33 36 79 62 40 15 74 33 96 3 27 87 85 70 16 90 14 73 54 41 72 96 58 3 33 12 87 25 0 33 68 7 84 59 49 87 26 76 80 89 97 64 66 37 17 27 78 77 74 82 75 64 36 34 62 6 96 87 37 83 15 31 40 8 36 91 90 97 83 50 4 38 2 87 48 83 9 19 71 63 70 80 25 77 99 12 52 80 18 88 48 88 21 87 29 42 62 17 57 45 45 93 28 87 2 71 91 57 62 74 5 77 4 49 50 27 26 56 76 23 32 62 42 75 14 67 67 58 84 78 13 99 50 
42 26 16 74 92 90 41 55 82 86 8 33 33 91 50 84 51 64 91 56 2 67 4 14 59 84 78 28 22 50 53 43 25 69 26 92 95 86 79 90 94 60 56 32 99 84 21 14 90 95 70 11 61 90 89 97 34 39 1 78 69 68 33 74 55 19 54 10 78 40 40 53 18 95 70 52 98 24 97 43 59 96 99 81 92 31 43 59 69 66 42 27 41 37 87 99 0 96 42 34 35 75 86 92 63 20 54 25 46 1 39 62 96 70 94 90 48 31 67 23 44 38 10 93 33 73 39 28 74 19 42 32 68 93 45 28 68 57 16 31 90 56 71 68 36 14 48 77 96 74 13 24 35 31 57 18 15 86 0 33 14 75 39 89 50 72 14 3 91 82 90 92 55 33 50 10 31 74 45 75 32 26 61 78 71 90 67 76 15 44 98 95 95 35 76 71 72 90 70 53 47 65 29 94 98 87 54 33 50 99 16 98 36 54 1 29 39 24 68 30 33 55 74 75 27 73 60 85 76 91 36 89 57 77 49 52 73 34 78 39 76 27 86 70 4 52 32 64 80 35 99 17 28 92 74 54 45 48 89 28 88 12 96 98 40 69 49 17 20 49 49 75 64 72 65 76 15 4 49 97 71 57 37 82 58 31 75 86 59 52 39 35 53 11 46 19 45 57 43 37 84 77 82 34 95 84 68 7 44 34 24 41 35 29 46 77 52 7 89 55 6 36 27 60 94 16 34 98 42 31 94 26 80 9 27 42 55 43 56 58 97 83 93 90 67 90 96 55 44 60 3 68 55 8 8 61 37 93 18 61 40 83 51 71 46 41 53 78 45 4 27 53 16 78 28 19 92 54 68 63 55 43 65 33 23 57 26 25 73 0 10 94 52 41 43 66 46 11 43 60 25 10 67 62 16 51 4 24 52 98 5 78 80 8 28 79 67 70 9 11 92 68 59 74 70 59 4 47 43 26 4 11 0 51 10 62 46 59 67 93 29 16 78 45 70 66 67 52 75 83 78 15 52 44 39 35 43 31 0 83 72 8 20 38 3 40 44 41 44 45 61 94 9 70 87 42 98 2 77 94 84 84 26 61 33 52 34 41 99 43 49 72 71 89 35 76 5 9 6 39 
8 91 99 97 39 13 14 48 50 15 34 81 93 26 69 33 24 59 47 96 5 99 95 90 32 32 73 64 98 57 39 90 1 67 10 0 0 47 11 4 65 52 78 41 40 68 99 35 91 83 60 51 68 53 83 13 87 48 59 8 66 77 87 79 29 82 68 84 96 24 8 35 28 6 18 62 59 55 44 65 33 64 64 17 77 51 34 78 93 60 43 74 6 77 72 46 57 7 90 29 50 24 43 88 37 58 23 78 53 84 55 93 40 14 0 27 49 35 22 55 50 23 44 99 58 59 72 82 42 33 90 62 25 39 58 18 89 64 17 73 87 4 95 38 13 49 84 75 66 97 71 91 71 76 59 42 93 0 71 95 29 49 36 65 92 51 2 69 84 2 2 49 32 3 44 25 68 63 92 29 68 28 83 47 87 9 43 71 7 22 35 38 3 25 7 65 11 19 25 93 89 98 36 17 90 63 16 61 34 10 0 54 34 40 7 19 51 87 88 75 52 57 83 7 37 42 37 9 69 51 5 74 63 42 7 16 19 84 46 47 27 77 73 5 14 45 94 12 35 4 92 37 47 33 78 82 25 37 59 15 92 47 18 75 42 77 33 23 2 5 57 98 29 84 56 48 73 99 64 60 36 88 40 41 58 17 58 18 41 21 30 98 41 88 37 53 75 22 65 36 45 89 71 50 1 82 46 9 75 20 76 70 23 54 75 23 94 96 26 13 40 81 20 48 55 99 13 70 55 57 52 50 64 88 97 41 41 4 10 62 35 75 50 82 93 10 10 93 0 42 85 41 55 15 80 55 88 75 94 58 52 89 73 70 5 22 54 11 46 2 42 67 5 3 81 77 40 66 10 24 67 81 11 52 70 71 36 9 63 74 94 68 47 12 90 19 20 5 36 20 41 7 97 16 52 34 55 8 62 51 51 11 89 35 59 88 29 45 32 95 57 33 7 17 63 78 59 27 89 38 79 10 88 10 63 73 58 12 49 70 86 40 36 9 5 36 15 79 28 23 83 73 96 59 59 1 74 49 56 98 88 30 74 96 89 2 26 24 50 11 9 67 17 80 62 98 48 77 16 82 8 69 18 8 2 25 71 38 7 48 81 33 1 17 36 97 39 79 83 87 
56 91 11 58 85 87 51 54 35 81 98 52 48 27 29 26 11 97 49 81 1 96 47 9 81 59 32 96 91 56 81 62 57 57 85 7 3 93 12 61 12 18 54 25 4 8 42 81 48 36 39 0 97 62 82 40 64 52 51 24 20 23 50 3 34 57 80 92 59 47 0 66 13 3 21 60 82 30 89 41 60 47 11 27 23 44 0 37 4 95 83 0 52 0 14 53 1 54 86 21 79 62 0 60 47 95 9 93 53 42 89 90 67 92 74 1 21 24 28 85 74 49 99 4 89 26 46 69 79 88 48 69 28 53 99 48 94 53 52 67 63 52 35 47 0 57 94 63 29 99 51 38 3 54 74 75 82 72 14 3 35 80 49 7 47 2 80 55 75 33 0 7 41 67 71 9 61 30 93 93 81 2 91 3 88 14 79 20 53 91 84 41 1 85 42 42 79 58 32 50 98 78 97 82 9 99 3 98 63 30 53 57 63 56 0 61 74 62 80 30 14 25 59 96 28 25 20 92 13 87 49 94 17 69 61 27 79 66 71 46 22 55 15 70 73 1 83 65 57 94 28 31 15 12 22 35 16 17 42 48 2 37 28 6 11 83 49 59 17 44 36 61 48 45 95 25 3 84 39 11 61 85 71 87 60 93 66 31 39 93 48 88 48 75 25 48 45 56 94 82 69 83 40 81 98 76 8 99 79 86 31 57 35 30 0 62 73 3 19 91 10 47 74 32 70 68 42 22 23 70 84 89 9 63 40 44 57 57 2 2 87 28 46 18 91 23 73 15 91 63 6 54 35 27 14 29 95 46 61 48 42 74 3 94 8 40 32 19 35 1 57 9 82 75 62 32 46 44 82 2 69 22 92 90 81 74 91 86 71 7 2 62 53 76 91 88 96 40 69 26 14 0 81 81 53 37 34 47 74 89 77 15 85 59 24 93 21 80 99 43 32 91 37 19 95 9 29 29 51 68 90 97 76 38 70 65 48 77 72 48 92 65 48 7 94 40 54 44 13 78 47 27 69 7 55 89 87 41 11 98 3 90 1 68 1 57 89 96 97 47 53 68 86 26 96 79 8 31 69 10 54 2 0 21 65 63 95 81 46 63 68 86 6 20 28 16 46 94 70 35 
16 6 3 70 39 91 38 23 35 65 69 12 88 95 33 78 96 32 76 41 95 80 97 81 70 79 79 56 2 23 67 62 8 17 1 7 2 58 56 89 66 90 52 57 10 85 71 92 9 93 83 80 88 36 16 34 20 62 33 8 38 92 61 75 97 36 55 10 55 2 52 26 47 90 66 74 64 79 39 36 81 35 48 66 30 95 40 48 57 86 75 34 24 93 35 94 43 24 20 11 86 8 53 29 94 17 71 81 56 70 32 37 1 19 24 34 65 47 24 32 55 36 59 18 51 88 25 17 29 86 94 64 11 48 82 19 43 20 69 40 63 40 40 30 24 8 88 24 18 83 33 36 74 55 2 0 18 54 51 24 48 99 94 78 57 57 58 29 43 78 77 37 68 45 94 13 75 75 87 38 72 68 82 18 64 20 64 41 86 28 12 92 25 27 78 64 99 77 36 31 50 53 25 94 27 57 25 20 5 95 67 22 88 75 94 22 85 58 85 3 48 1 98 71 13 97 56 40 20 0 41 12 69 62 65 89 45 80 70 10 61 49 28 79 90 67 72 85 13 6 99 36 28 10 4 79 6 51 86 18 3 26 15 88 98 73 26 8 30 89 24 68 76 69 86 27 22 49 5 53 11 11 89 60 42 65 82 95 58 58 56 78 82 87 44 5 29 53 73 58 23 47 39 15 45 8 40 92 36 37 95 59 34 35 70 78 92 41 27 39 63 24 36 23 9 16 10 98 92 70 97 39 49 48 46 47 70 64 39 22 65 46 65 37 17 44 96 97 8 22 48 40 46 3 9 10 57 49 69 82 43 81 41 6 32 64 92 7 5 86 99 26 62 43 71 97 97 66 41 49 69 14 85 14 84 8 10 96 90 97 87 52 38 19 96 16 1 79 27 42 36 36 47 81 2 98 98 62 39 97 68 98 87 69 21 60 16 4 62 44 31 81 2 87 1 38 37 9 4 98 61 42 64 9 0 92 90 91 32 50 47 50 84 88 10 86 22 79 36 24 58 71 25 74 98 91 71 93 65 81 14 75 63 54 19 82 14 44 43 40 40 61 65 98 56 73 10 12 88 59 90 86 44 40 65 14 46 14 3 40 84 0 92 77 10 8 75 87 80 58 
12 83 2 58 39 20 47 8 13 39 55 84 74 96 29 69 63 5 75 41 11 74 98 3 12 70 67 41 31 93 4 27 24 17 15 61 5 59 63 5 14 34 58 90 30 81 80 45 49 32 83 58 25 37 87 15 47 18 49 5 95 46 91 76 23 30 72 75 74 92 90 10 65 24 13 22 18 53 94 68 14 26 3 65 49 40 6 39 73 25 54 44 20 66 18 1 89 45 40 32 40 89 89 2 1 49 55 47 1 87 83 55 30 92 20 70 35 47 6 5 18 56 54 74 10 26 49 69 17 76 45 9 65 58 3 60 39 40 97 23 83 30 31 42 85 66 50 79 13 61 97 75 44 67 57 54 33 35 10 42 36 73 58 20 69 48 49 17 77 41 21 56 32 34 67 56 41 15 86 44 43 76 70 48 61 48 74 67 58 81 79 74 70 23 18 95 63 53 96 81 71 77 99 7 2 50 31 26 35 25 35 23 91 81 49 13 54 95 24 51 35 48 30 45 62 95 11 82 88 50 18 27 97 79 33 7 86 15 22 25 31 56 98 62 34 51 7 25 71 49 67 25 93 72 2 2 57 56 30 50 7 60 8 81 34 2 21 28 74 62 85 18 17 95 40 27 50 37 71 70 88 12 91 48 82 63 11 45 87 40 55 33 57 8 9 49 26 45 98 33 53 59 72 48 12 43 59 48 46 13 80 23 71 92 52 94 82 62 0 31 83 33 26 89 62 77 64 86 1 0 18 87 74 45 20 50 40 30 30 52 18 49 34 58 43 51 49 18 39 25 22 51 42 72 47 53 6 16 52 55 57 41 83 25 87 35 28 93 46 19 8 22 99 54 40 13 88 14 27 13 43 59 29 87 26 37 35 51 94 57 14 36 33 41 6 39 78 38 51 11 85 34 65 59 26 67 28 84 78 48 62 68 4 84 76 24 95 1 12 0 74 2 78 1 16 0 55 27 90 38 10 11 13 85 31 78 66 80 54 93 69 88 75 95 35 88 73 23 38 76 20 66 75 14 91 73 97 56 17 75 13 2 10 2 46 75 76 98 71 2 35 66 11 76 79 83 36 34 1 71 2 83 21 43 55 48 90 82 25 30 9 76 65 37 55 57 85 43 20 33 
51 93 87 65 81 39 1 24 76 38 94 85 66 11 65 5 79 54 72 93 30 22 58 32 47 61 68 44 28 85 0 96 8 77 20 57 73 91 97 64 72 5 71 12 94 97 13 5 50 8 40 50 2 23 48 99 42 82 12 82 4 66 8 14 18 17 76 57 15 99 33 67 43 81 25 56 88 89 31 47 81 0 53 44 11 63 16 9 83 21 82 31 85 43 55 39 19 66 68 19 87 51 8 99 36 98 28 56 8 29 95 42 67 73 28 7 22 85 44 57 80 4 51 80 90 98 77 86 22 44 78 49 95 30 3 64 75 87 55 5 45 88 14 63 9 9 82 72 28 40 19 70 80 19 69 46 20 82 77 9 93 76 48 68 75 3 31 59 0 67 37 10 0 33 91 25 1 94 26 90 31 3 62 47 53 18 27 40 80 86 42 80 46 87 42 99 77 15 43 54 26 44 32 45 38 41 36 96 84 88 76 10 24 6 4 36 5 40 90 57 63 78 36 85 51 54 11 46 93 39 0 38 13 78 37 28 6 44 62 23 15 46 67 69 10 36 83 17 63 58 90 12 54 53 84 19 59 22 8 4 26 99 56 69 79 49 63 58 91 61 87 79 9 7 41 2 0 98 82 29 65 24 53 11 64 84 65 15 43 24 63 92 78 37 47 15 55 56 75 75 58 99 19 1 38 14 54 3 9 72 70 48 98 31 98 89 19 90 31 3 3 66 79 93 8 9 48 11 34 21 52 56 41 89 27 59 19 68 40 72 99 14 89 4 53 93 68 2 35 29 71 41 33 92 24 30 10 7 42 48 94 8 49 35 63 95 11 8 61 41 7 41 9 60 19 79 23 88 86 59 26 71 85 0 29 82 59 96 78 50 40 73 53 22 39 22 13 36 71 86 78 75 34 8 90 84 49 30 78 82 43 34 55 19 0 3 57 11 29 45 57 67 65 50 45 56 4 44 29 58 61 97 48 72 26 50 33 66 97 8 57 67 57 87 81 92 59 64 16 68 4 68 19 72 80 24 0 42 19 38 96 81 29 60 75 33 15 58 49 43 8 6 77 69 18 83 25 13 57 4 86 63 15 95 18 72 3 52 28 99 84 99 69 81 66 36 39 13 85 32 
21 69 77 56 1 53 44 0 20 87 85 91 4 89 20 36 41 61 68 42 15 83 74 88 38 18 57 17 13 3 32 40 54 56 6 84 41 17 83 98 3 39 35 86 19 44 15 17 81 47 53 43 62 97 69 80 76 80 51 4 75 19 94 24 17 35 37 46 41 8 95 49 14 67 90 71 40 12 63 74 9 54 90 48 12 79 67 37 74 82 34 12 34 72 68 31 37 30 24 62 50 48 79 68 9 30 45 74 6 46 43 0 91 99 55 32 31 38 66 76 49 66 96 79 88 90 47 19 10 21 29 1 13 68 89 73 95 26 94 98 91 27 49 22 65 99 49 68 24 99 3 11 88 58 48 59 57 24 31 34 57 25 2 44 14 64 56 30 52 15 43 99 81 70 97 46 46 72 76 3 10 39 46 27 31 2 11 38 25 67 88 17 74 17 39 34 81 31 20 53 24 64 34 17 57 73 17 49 3 8 87 59 89 57 97 0 22 55 50 54 26 48 75 22 52 26 60 5 59 4 81 53 88 29 90 9 61 62 17 81 40 50 30 81 14 69 44 21 31 99 5 66 48 48 54 48 84 95 71 47 84 57 25 67 45 86 83 73 58 96 40 86 47 83 14 47 8 65 78 20 39 33 87 81 86 80 90 38 49 49 88 9 24 91 48 88 67 63 34 47 46 93 10 9 77 13 82 11 83 69 32 46 7 41 85 34 34 57 64 80 70 90 37 65 83 84 11 30 96 12 50 49 49 71 64 98 37 24 56 99 13 19 60 98 14 63 39 32 32 70 60 49 8 2 40 85 3 61 13 8 74 55 78 3 42 24 66 74 91 50 52 54 57 79 57 77 48 36 22 86 67 85 0 43 12 26 88 59 4 89 2 22 67 73 62 99 18 78 81 76 30 10 88 54 40 0 71 49 3 93 1 46 66 28 92 30 15 20 26 3 3 72 32 59 9 88 68 59 89 26 76 43 62 51 17 12 12 68 99 50 89 72 69 0 54 30 53 85 29 61 4 89 28 83 71 43 48 98 62 27 40 52 76 78 84 14 87 60 92 4 51 57 26 63 50 17 85 39 58 34 29 50 81 85 97 64 90 17 98 99 36 93 60 53 75 1 50 46 96 32 
53 55 74 0 47 64 97 75 4 12 59 5 64 92 60 91 42 91 83 42 90 98 72 71 33 61 25 37 42 38 52 21 39 57 55 36 23 40 0 0 93 5 38 67 95 30 89 15 49 2 19 41 4 74 74 14 18 34 68 9 41 53 2 30 91 31 31 0 24 15 18 24 83 96 50 30 7 23 17 67 50 65 57 31 14 76 5 87 33 51 4 62 55 60 75 0 46 90 75 98 58 78 62 60 32 49 9 44 17 47 51 29 24 35 15 89 95 44 65 11 19 94 95 37 27 12 62 44 39 67 83 80 16 89 38 54 20 7 33 50 84 22 28 17 20 84 48 93 48 55 29 27 44 59 68 55 65 44 19 75 64 12 1 67 73 84 81 38 76 22 50 20 26 89 73 73 1 94 43 47 56 90 39 63 26 14 58 17 10 19 4 37 50 1 19 16 26 14 59 3 77 91 35 98 94 9 5 68 48 89 46 39 67 36 44 80 17 38 19 72 49 81 86 38 84 45 74 39 61 87 17 40 37 25 78 69 7 19 96 96 70 28 22 92 37 82 56 39 41 5 34 57 28 16 60 85 20 38 59 71 41 63 0 97 71 76 71 35 90 13 65 67 77 80 31 73 76 7 44 23 73 90 94 86 2 27 31 66 25 60 36 49 28 17 42 61 14 3 93 96 82 66 15 7 57 3 5 37 0 40 10 69 47 49 11 67 24 52 9 8 33 78 9 10 46 87 12 23 0 98 9 87 53 79 20 14 82 83 19 37 0 63 83 38 45 10 51 11 49 6 27 33 33 79 7 68 82 97 87 94 32 41 84 79 30 30 27 19 93 16 60 82 87 99 24 31 35 53 87 59 98 45 82 3 52 36 80 55 12 2 29 76 84 76 48 3 59 13 29 34 38 21 4 59 28 80 70 6 28 82 81 21 11 12 52 52 42 55 56 9 47 45 98 1 40 98 23 16 24 96 19 72 28 47 27 63 11 22 44 34 33 77 11 53 55 69 95 56 41 81 95 60 52 20 20 27 2 56 87 82 1 34 63 39 15 6 10 16 64 55 85 46 2 56 64 19 70 3 54 24 31 38 46 1 96 21 53 24 13 72 84 71 54 64 3 4 57 61 0 23 
71 55 97 32 24 93 63 65 21 7 11 75 65 3 34 41 95 56 82 52 58 42 23 84 58 83 60 90 29 78 89 31 37 10 54 71 4 0 55 59 13 64 90 17 6 24 63 49 62 66 99 79 34 13 76 78 53 88 97 42 53 37 41 29 87 92 95 22 77 96 99 86 30 40 70 8 43 92 76 81 16 30 12 34 11 6 45 91 43 15 70 66 82 39 0 88 4 16 36 70 61 96 40 61 78 23 67 51 98 99 59 73 32 66 6 4 83 23 64 12 71 87 12 94 10 59 82 89 42 30 0 53 29 22 93 13 94 16 28 32 51 22 6 52 52 65 48 15 19 18 50 0 68 81 95 57 19 38 47 95 71 70 69 74 49 96 32 95 33 3 79 15 53 78 99 2 30 4 49 80 2 91 73 91 8 59 72 66 81 61 19 62 65 60 71 39 48 63 92 4 29 4 52 69 66 93 98 74 13 3 48 58 57 78 28 67 15 74 60 7 14 2 29 36 29 40 67 63 32 36 56 70 76 58 15 24 78 18 69 56 78 22 2 51 36 29 23 11 23 11 24 20 29 45 79 2 43 92 34 82 64 81 37 54 64 68 71 71 14 38 75 94 89 52 68 86 91 47 70 79 93 56 92 38 98 24 74 74 74 27 98 27 21 20 84 80 82 64 40 48 46 6 16 69 78 3 34 24 26 68 60 73 25 28 44 97 97 5 9 4 39 71 69 17 4 79 5 94 47 94 79 16 35 86 18 9 89 19 96 42 44 60 93 15 5 88 91 38 98 60 8 36 16 59 55 29 71 23 50 87 0 51 2 34 85 16 39 94 70 21 46 32 38 26 18 85 22 48 7 70 5 38 19 57 27 61 27 99 41 71 8 95 67 91 76 68 28 70 40 63 28 23 32 14 49 65 85 66 39 38 77 95 26 97 45 49 10 77 72 83 89 55 39 45 28 12 75 94 8 62 51 57 98 73 14 92 42 62 96 2 88 88 35 86 18 58 67 61 58 41 7 36 65 67 1 60 19 57 92 0 33 2 15 46 45 87 1 59 0 98 64 19 70 59 78 66 96 98 21 33 33 60 47 82 10 16 36 79 33 82 66 53 43 73 3 47 27 33 47 67 
51 24 71 52 51 69 6 29 23 47 7 76 72 31 3 6 79 30 99 59 96 92 77 91 1 78 99 91 42 50 26 60 97 94 82 70 52 12 7 79 13 50 26 82 68 8 41 18 40 49 48 43 58 56 95 38 36 37 53 55 23 94 6 42 38 41 9 75 35 47 77 69 81 47 33 15 85 43 61 24 81 4 49 0 52 72 98 50 96 61 54 53 58 94 75 39 13 83 62 52 37 74 3 78 56 88 38 34 78 45 84 41 38 50 81 32 34 94 52 73 20 75 38 32 41 29 7 76 38 50 35 34 13 0 30 79 32 54 58 22 42 5 79 60 26 4 60 12 46 0 96 54 82 81 33 20 36 16 30 0 83 50 87 41 30 79 12 77 14 31 68 28 51 33 55 51 30 42 20 61 12 23 3 46 31 96 30 35 77 27 56 5 84 14 2 37 81 9 36 40 99 57 75 89 90 68 34 20 40 55 45 73 74 69 97 21 74 70 67 23 99 89 27 97 12 57 96 13 20 69 97 17 78 46 8 75 23 12 30 43 86 68 9 53 54 51 7 27 15 33 98 96 60 43 26 21 42 39 99 50 30 98 49 73 19 40 18 3 59 41 73 42 51 17 91 96 2 65 19 43 36 38 62 25 90 61 56 54 73 35 86 47 39 74 99 59 71 58 46 90 73 82 80 98 2 46 53 91 3 25 31 79 26 71 73 36 34 61 41 17 35 83 20 58 15 56 85 29 33 5 25 87 62 49 12 34 92 28 76 34 63 54 22 69 16 66 37 33 21 43 66 93 5 65 46 31 88 66 21 39 23 46 38 94 78 96 48 89 10 3 49 5 21 29 85 98 47 24 17 10 13 23 69 16 43 11 1 0 64 14 65 53 72 96 76 1 39 50 15 90 67 99 57 14 11 64 79 98 72 4 89 92 75 42 51 58 53 75 71 90 17 60 59 4 34 10 5 75 82 79 86 56 21 66 48 46 27 2 44 96 41 84 74 43 90 54 28 90 71 27 39 26 5 81 50 76 33 18 15 59 72 67 89 87 54 8 29 2 99 30 32 29 56 80 17 94 68 24 56 84 49 86 58 23 11 95 11 18 0 66 98 10 15 71 3 24 87 71 16 80 
99 71 51 94 58 83 62 44 84 10 42 77 32 48 56 66 63 64 81 70 62 45 78 74 9 23 9 89 97 70 11 44 44 66 89 6 40 41 28 90 49 56 85 87 80 76 20 39 15 72 69 4 44 5 80 52 4 3 93 10 60 29 90 45 9 31 53 23 97 31 42 34 18 6 6 57 10 37 9 26 28 42 2 57 78 78 70 25 45 35 66 8 56 0 60 0 65 26 77 5 95 53 53 20 87 42 24 69 67 91 51 45 99 24 83 32 15 39 29 87 91 62 71 55 1 95 61 93 96 6 29 31 21 29 66 66 55 17 92 10 55 95 36 48 23 77 91 65 36 14 65 21 50 70 84 51 46 81 73 76 38 66 62 4 49 37 4 61 30 81 13 4 84 96 44 5 87 64 19 34 48 26 1 20 22 80 12 5 74 12 58 15 25 92 67 34 36 50 2 69 92 34 56 25 21 58 94 71 51 18 98 82 84 16 18 67 49 50 90 31 70 36 93 13 66 36 12 19 72 37 6 94 67 75 19 67 70 99 58 18 43 83 8 8 19 71 89 79 86 98 28 13 3 1 75 4 37 46 64 71 5 28 26 38 6 69 4 57 56 41 60 73 18 10 62 41 95 95 26 97 96 37 55 86 64 70 56 87 9 13 81 4 0 5 23 26 22 14 34 61 7 11 18 11 91 70 46 50 92 41 74 14 65 35 35 21 2 80 60 20 66 13 36 12 44 77 5 0 12 12 73 29 47 84 12 35 93 7 81 78 27 20 22 10 49 41 16 34 8 11 92 22 91 35 43 85 42 72 14 71 1 63 64 66 57 39 90 73 35 79 87 95 85 20 45 24 55 13 75 35 41 89 65 60 25 27 8 72 28 69 11 2 96 75 29 91 10 72 68 59 0 58 34 37 5 85 45 80 13 78 20 38 1 21 7 30 42 54 36 10 13 23 53 41 95 54 80 19 12 48 83 94 27 50 94 80 19 38 16 37 72 75 12 79 50 8 80 29 18 55 87 21 15 83 25 36 59 93 24 83 23 45 59 78 55 61 70 33 83 27 93 56 44 95 48 27 79 39 20 18 39 31 64 76 97 29 34 1 90 12 22 93 47 16 48 22 33 38 35 21 
19 35 53 30 94 92 3 47 99 86 68 48 8 72 11 65 86 59 99 5 97 91 82 40 68 34 84 25 47 40 69 7 12 15 80 64 71 8 31 38 20 71 56 24 58 18 89 9 49 2 92 64 44 69 93 99 25 40 76 8 37 18 98 67 2 44 41 26 38 85 1 88 97 92 55 82 99 40 78 63 36 37 3 13 5 76 17 10 2 57 64 35 56 99 37 41 17 73 84 25 35 37 43 80 68 78 59 33 76 73 99 13 34 84 18 24 88 64 98 26 95 60 34 95 55 78 53 51 66 36 55 6 1 50 51 95 67 59 84 57 24 58 28 60 53 86 33 98 50 23 34 28 95 80 22 85 62 10 59 80 40 96 54 11 52 61 89 84 4 60 95 30 63 20 29 44 56 31 68 94 56 54 65 75 95 54 21 97 22 55 32 21 80 86 72 60 45 72 8 19 53 18 81 69 28 21 61 15 77 33 40 5 42 81 23 38 6 77 6 20 57 43 71 4 77 2 95 38 3 12 39 59 87 5 31 96 23 87 11 40 89 93 87 38 2 15 39 55 5 17 81 4 90 9 42 30 69 73 80 3 23 39 0 42 37 82 17 71 97 96 17 95 21 77 18 34 70 25 7 58 7 0 36 8 15 93 4 43 95 99 91 60 63 3 0 89 26 94 94 39 39 57 6 38 5 83 50 30 46 42 48 71 24 42 68 56 37 61 3 57 29 16 51 36 5 53 17 88 30 94 62 11 84 92 35 87 34 32 91 1 34 89 0 21 57 41 75 12 57 95 28 77 8 89 63 65 63 20 80 34 1 95 62 27 22 6 23 45 83 75 66 77 27 70 91 71 40 88 89 75 73 31 70 71 69 38 72 83 44 13 47 87 22 88 42 92 10 80 34 56 80 40 1 18 16 45 18 65 40 17 11 11 60 78 58 10 92 15 28 57 91 86 71 15 58 70 50 48 98 30 98 67 23 46 92 72 57 28 22 42 96 47 26 12 46 60 99 49 46 84 10 56 54 60 94 57 90 71 6 65 95 65 22 95 53 79 33 24 41 90 33 56 38 17 9 12 86 85 54 37 87 94 73 70 30 77 71 17 96 52 56 81 5 79 61 9 74 0 67 40 
24 95 6 56 27 57 95 59 57 55 83 57 19 1 87 64 60 51 13 89 82 57 96 92 87 14 41 52 12 55 48 65 75 4 55 52 60 26 96 2 8 9 99 51 70 96 44 92 22 83 60 55 8 7 46 99 0 36 64 88 7 14 36 74 1 64 20 59 52 69 25 46 76 50 51 60 45 12 81 55 16 67 46 64 79 12 23 90 79 82 31 85 78 57 69 98 92 33 40 82 79 38 40 15 30 14 85 46 95 64 21 46 44 55 64 17 9 86 42 7 39 66 50 28 15 46 17 70 55 31 86 11 48 16 50 58 23 14 50 21 95 88 96 47 26 73 85 16 54 41 10 50 9 2 36 80 7 20 66 42 35 88 65 78 12 94 44 70 71 74 77 52 25 55 16 56 8 26 90 86 63 4 22 41 32 89 84 10 20 99 55 39 56 68 1 96 50 99 25 90 51 36 42 37 75 50 91 73 87 52 97 1 3 19 64 82 70 60 53 35 35 69 29 38 32 30 24 21 64 39 67 3 34 56 29 89 59 32 36 30 88 65 55 95 71 23 20 7 73 94 65 36 99 97 78 28 89 68 31 12 41 52 79 16 67 92 10 54 9 45 35 72 13 45 33 21 46 60 3 66 96 72 71 77 77 36 76 96 78 59 53 9 29 75 38 35 27 94 25 81 37 12 7 75 98 75 54 33 26 54 25 68 64 78 20 0 38 81 94 87 97 58 98 78 38 98 1 23 38 78 37 70 98 2 28 8 3 17 36 46 79 65 2 96 12 8 82 99 83 52 42 64 34 69 45 50 9 56 85 53 23 2 36 37 60 90 10 43 63 55 4 61 7 4 22 25 45 34 2 24 49 38 74 84 21 39 83 98 49 14 32 26 77 6 26 20 94 11 90 42 0 34 3 67 3 74 19 91 68 61 35 85 2 93 62 93 70 44 50 86 78 28 85 69 82 47 50 13 46 32 72 85 89 64 62 45 22 10 85 47 1 88 1 39 2 67 14 16 10 59 69 86 23 22 84 37 5 47 67 5 1 35 63 57 43 71 88 89 12 44 57 68 5 31 41 82 15 2 62 4 30 23 56 3 37 35 96 81 63 31 47 8 0 74 42 11 62 39 39 86 
47 74 68 27 79 5 57 24 69 55 29 77 74 86 98 84 14 33 27 35 6 45 31 85 79 48 11 71 35 12 20 2 26 90 49 48 77 76 67 82 52 40 25 55 56 30 40 2 17 81 98 37 96 27 7 96 38 76 55 82 73 45 15 27 69 44 93 6 34 46 70 94 44 85 9 10 33 48 20 35 64 14 56 66 8 98 37 41 70 92 43 39 48 66 6 22 19 18 1 37 62 11 76 7 47 63 45 80 69 69 85 49 85 93 16 48 82 7 62 65 62 20 7 68 91 89 54 30 89 98 95 14 62 94 75 69 36 17 12 80 37 83 86 1 45 26 95 61 87 85 45 38 59 36 56 97 45 17 31 25 8 62 87 63 66 73 89 66 41 36 33 1 16 7 82 43 70 38 10 44 67 49 87 40 43 87 44 0 11 92 57 88 61 69 38 69 27 3 97 45 30 81 0 74 6 13 53 84 70 46 64 95 57 58 66 14 82 80 53 68 76 46 12 28 29 47 24 83 91 51 74 22 82 24 80 47 40 35 40 49 68 18 29 46 37 26 0 36 36 70 82 82 70 38 46 28 74 55 60 77 7 58 19 21 42 84 65 9 8 42 38 89 41 93 13 34 72 7 37 3 78 68 94 36 57 63 73 44 56 71 31 69 58 77 98 25 15 86 37 22 74 12 20 94 22 46 20 1 97 72 17 44 16 56 98 90 89 43 33 67 78 82 5 96 65 69 19 19 4 72 61 98 41 55 25 54 29 26 7 79 82 77 54 2 21 86 57 55 13 65 87 35 97 7 8 46 31 84 85 0 46 91 11 99 97 46 15 44 1 39 43 33 15 79 4 67 67 10 55 64 79 96 39 62 98 14 97 4 6 7 47 23 9 74 96 27 89 0 6 54 97 26 11 21 30 37 25 41 46 75 26 96 88 31 4 93 52 31 67 52 98 0 41 28 18 99 4 61 55 14 52 81 96 34 24 53 20 61 79 48 90 44 95 46 9 16 58 73 88 6 71 22 66 60 82 27 5 26 62 48 40 83 41 41 83 67 25 43 33 89 1 54 29 71 49 32 70 88 0 1 69 24 2 82 87 18 71 42 11 70 30 61 19 67 32 92 84 69 46 58 
69 77 94 55 25 15 67 30 90 38 99 63 92 91 5 72 96 81 76 96 71 96 32 11 28 83 4 56 73 12 12 62 60 4 2 65 15 15 41 19 70 27 50 84 80 13 95 18 65 75 34 87 82 86 27 26 90 29 90 52 89 68 62 56 72 3 61 65 92 88 14 87 1 59 62 22 76 14 27 16 89 30 88 93 87 83 81 26 25 58 13 95 31 52 32 87 7 31 38 44 43 58 19 64 32 50 7 8 76 21 61 96 2 56 10 59 4 90 31 19 18 82 58 66 10 60 46 88 46 54 80 41 51 28 7 44 30 92 36 1 26 65 20 75 4 90 59 65 9 91 3 71 48 66 46 65 89 3 37 4 42 75 85 68 69 90 44 54 50 6 86 97 99 23 44 26 5 2 59 51 11 25 21 25 6 57 48 52 28 93 25 24 76 1 45 44 31 51 77 47 50 48 4 92 15 67 75 38 80 49 84 50 58 24 2 40 76 72 16 4 46 55 7 23 92 9 56 9 67 13 43 10 76 48 87 96 10 17 2 78 37 94 40 18 28 30 41 24 14 98 71 73 10 91 29 94 77 21 79 93 24 24 15 60 84 66 21 65 39 72 93 14 37 83 60 95 46 61 2 98 18 44 10 91 22 15 22 50 58 22 28 15 36 11 29 80 35 94 27 57 42 10 55 40 72 41 55 67 91 88 31 84 32 65 36 63 52 99 12 45 44 82 89 77 60 9 62 55 33 94 19 17 39 33 57 24 69 72 60 22 38 58 36 0 32 43 37 93 51 76 50 92 89 22 90 54 18 36 10 80 14 3 48 53 49 81 72 4 23 32 10 83 61 14 45 71 31 89 11 20 64 89 69 91 43 64 21 14 20 17 75 63 4 7 45 36 41 69 97 31 41 48 63 6 9 0 85 39 33 19 13 39 57 94 83 62 28 95 27 13 47 94 29 52 76 96 95 91 46 52 60 13 47 74 8 93 35 14 29 75 95 20 98 75 34 71 0 59 50 0 81 8 23 53 82 99 82 85 82 35 56 94 79 21 36 8 41 27 65 91 3 12 75 72 9 48 75 10 23 32 80 90 92 41 50 31 20 59 15 77 52 6 86 64 35 92 50 50 6 48 
80 93 63 59 82 1 38 22 91 48 11 77 11 61 14 4 77 75 17 99 31 96 90 86 29 47 37 72 26 45 16 72 69 76 7 76 28 81 60 48 91 38 28 18 7 40 49 48 33 87 9 89 61 18 24 38 64 0 79 20 39 49 81 11 1 95 64 40 69 73 53 47 47 71 30 39 60 74 99 68 20 90 8 84 50 14 75 80 53 61 20 96 78 34 28 93 50 10 88 88 45 87 93 65 76 48 1 86 79 41 94 97 47 10 84 15 47 67 97 58 91 7 60 94 40 52 16 35 71 24 96 97 63 25 69 80 37 85 15 51 60 36 72 52 74 1 15 70 66 51 76 54 58 83 46 58 59 58 24 2 25 34 57 81 20 52 72 83 52 98 73 83 22 78 98 2 93 47 74 56 14 25 3 65 52 84 6 73 48 17 95 92 38 57 94 18 62 51 75 50 37 72 98 31 42 39 4 92 91 68 24 37 78 15 14 41 79 74 34 20 0 41 1 54 54 92 26 67 92 88 43 16 72 6 40 67 16 60 8 98 67 7 97 86 92 98 35 96 9 50 50 2 72 90 88 77 66 18 76 44 95 10 28 75 14 85 93 27 40 42 70 28 24 51 94 1 38 1 67 1 27 16 99 83 24 16 76 54 91 11 14 5 94 21 70 2 83 9 98 98 54 31 50 85 33 41 15 73 8 96 68 22 63 75 6 90 90 6 85 52 54 18 82 1 22 68 87 90 19 62 53 70 12 41 99 0 42 48 51 76 47 37 87 23 64 46 59 34 71 44 37 41 96 97 25 23 7 66 28 92 36 12 31 33 89 46 30 28 4 10 10 19 5 30 20 24 5 18 16 63 75 37 18 68 50 13 39 0 45 38 97 97 28 14 41 18 52 40 67 52 86 80 63 86 12 30 67 19 83 99 0 46 35 47 34 85 61 0 95 31 96 86 6 38 82 83 66 30 44 99 44 96 23 56 81 29 0 89 3 80 26 74 56 33 85 7 25 10 94 66 4 33 48 41 39 75 40 26 68 4 46 5 62 95 64 41 35 77 43 8 82 90 55 10 68 73 83 81 53 27 38 12 77 33 69 88 63 3 87 93 67 42 20 77 95 38 72 96 74 0 
50 52 45 63 73 0 23 37 2 69 27 75 16 38 87 77 23 80 48 70 66 67 67 42 27 99 34 49 61 78 2 96 50 80 71 75 42 5 47 69 53 24 33 8 96 30 77 38 64 75 44 75 13 18 38 96 4 27 96 47 48 44 27 52 15 53 36 83 13 39 23 99 6 59 58 48 28 95 84 28 60 65 83 37 39 12 92 46 33 87 54 22 43 43 50 90 77 29 71 76 27 52 9 19 45 31 39 32 51 23 83 42 92 46 26 55 94 26 69 73 53 60 4 11 92 20 15 12 75 49 3 11 60 68 14 87 59 17 58 35 12 37 99 11 21 17 25 56 49 84 87 37 57 15 73 21 42 94 31 45 16 3 79 74 61 12 85 50 90 22 76 10 37 85 50 38 20 50 81 91 5 95 37 46 90 18 15 26 23 30 18 87 45 31 35 96 31 89 82 37 59 97 35 64 30 17 29 48 47 81 81 2 24 98 2 95 64 44 4 64 87 50 85 50 32 82 93 82 12 90 88 15 45 36 76 16 66 69 87 20 19 53 46 38 94 75 12 43 9 70 11 52 46 60 28 77 90 10 63 33 55 78 90 31 50 54 42 25 43 8 28 77 79 35 20 64 3 91 10 18 31 59 44 23 10 53 81 84 54 99 16 77 50 61 33 0 6 48 16 62 99 6 60 99 40 23 64 57 11 99 28 34 84 76 15 50 77 42 4 2 11 86 50 0 56 10 83 31 53 24 55 7 21 29 51 90 24 19 17 46 82 90 73 18 96 80 90 38 88 12 67 10 2 99 16 69 14 80 60 63 54 82 23 39 32 76 98 47 98 88 15 60 25 85 8 48 85 2 81 52 16 11 40 75 27 19 91 22 30 9 1 49 42 8 81 85 41 17 3 78 79 91 2 53 17 46 83 7 40 86 63 65 79 87 87 73 66 29 98 19 82 42 52 36 94 87 63 95 87 45 12 68 13 40 98 4 84 85 62 37 56 62 74 91 99 12 9 7 28 84 51 27 2 20 5 63 68 91 99 14 40 70 92 67 15 70 7 18 75 74 90 85 92 9 2 94 35 49 54 61 18 2 84 78 37 98 17 89 36 43 80 76 97 41 56 6 52 94 99 30 
22 86 16 68 90 64 50 3 90 81 22 33 52 46 36 93 35 80 27 12 19 70 73 73 47 80 7 7 16 25 55 54 32 64 81 79 80 81 37 42 60 2 83 66 41 91 55 59 10 98 40 20 87 43 7 34 9 2 32 48 22 62 43 74 90 50 22 72 60 43 2 80 72 24 43 79 44 62 4 48 97 52 66 82 18 17 81 55 31 33 86 46 82 87 9 82 77 37 27 93 8 79 69 46 23 63 58 21 23 20 61 80 69 14 46 21 1 68 19 55 73 82 6 94 11 0 42 65 51 12 26 78 34 72 45 55 77 52 61 61 19 94 52 78 11 63 69 49 45 62 21 48 49 31 14 93 69 2 1 97 7 13 26 41 70 85 31 8 84 15 82 88 73 13 23 33 18 49 50 26 33 35 11 33 68 79 49 87 94 6 23 83 96 92 29 3 1 30 41 20 44 62 2 85 38 70 9 40 99 27 25 70 85 10 13 67 25 62 1 12 6 92 58 18 74 32 72 55 0 90 8 88 89 61 24 49 30 53 25 44 47 61 19 53 27 84 14 22 28 62 8 30 89 3 20 10 27 63 86 99 65 34 45 65 70 25 6 44 37 8 23 24 9 35 54 39 76 26 51 20 25 12 36 25 40 14 1 53 60 69 80 31 8 84 91 83 15 19 9 51 55 10 58 14 56 55 83 74 90 34 87 89 3 59 57 38 8 8 97 0 82 23 87 49 43 58 45 66 50 19 67 9 13 24 26 54 25 83 51 98 36 93 7 70 33 15 80 45 87 57 55 30 12 8 8 92 51 6 67 8 68 33 93 99 57 17 99 43 67 32 7 56 95 6 91 41 22 89 10 13 7 23 32 91 20 34 92 88 65 6 58 93 22 68 22 8 56 35 87 19 13 23 90 36 80 4 92 43 17 31 26 0 78 34 8 65 22 64 34 20 68 56 31 87 33 78 46 33 11 39 78 21 29 13 20 42 47 57 71 94 97 51 68 68 44 43 66 38 18 89 24 44 19 68 98 91 97 44 99 28 56 11 27 16 5 93 60 76 61 7 60 67 44 0 92 18 41 56 91 72 81 52 34 52 40 34 84 76 69 31 29 42 33 61 36 91 33 57 5 45 
16 23 83 58 67 89 75 95 44 72 47 60 7 8 79 54 1 44 24 35 44 42 50 39 69 13 44 54 94 94 30 69 46 85 47 33 17 75 9 63 83 52 58 75 42 80 76 87 73 10 69 91 46 89 75 89 72 79 38 56 66 50 18 57 69 23 97 88 77 14 60 69 53 4 29 52 29 57 79 36 37 60 58 12 31 1 56 40 56 55 72 6 60 63 57 77 18 10 14 53 82 20 96 83 0 16 47 44 18 47 32 35 48 95 62 48 41 63 46 48 26 94 15 58 70 31 88 29 32 69 95 14 77 75 13 17 43 64 86 35 9 83 33 14 87 13 77 91 39 47 40 12 10 72 25 50 50 81 32 71 27 98 86 39 77 97 96 70 7 52 47 49 22 58 57 4 47 7 63 93 83 76 92 46 4 4 62 58 61 46 78 53 35 92 70 55 97 57 67 91 40 27 98 46 40 21 8 45 92 48 29 67 92 8 97 42 84 85 61 19 40 66 48 47 45 39 22 58 10 48 15 97 43 6 6 73 79 96 49 8 13 39 52 63 82 27 22 85 93 5 28 75 70 38 3 12 6 24 62 70 39 26 82 83 89 71 63 61 90 66 17 41 28 94 36 85 61 46 72 28 96 58 73 45 88 95 51 51 81 27 33 29 7 89 57 99 0 38 1 24 3 47 70 4 66 42 99 64 0 74 88 86 72 24 33 53 28 24 99 82 46 52 69 80 70 4 94 18 63 50 45 47 11 74 67 36 18 79 52 10 33 79 78 98 51 93 21 89 57 50 14 87 73 13 16 46 34 8 66 43 13 38 4 7 7 82 72 18 77 30 42 99 84 40 98 94 58 27 33 38 17 94 49 3 3 4 64 88 31 68 78 20 58 41 41 90 62 17 99 22 20 96 91 61 93 33 2 68 38 23 54 55 15 65 59 42 77 95 80 75 76 93 91 19 76 25 11 36 10 31 4 80 81 44 87 82 39 4 51 50 65 10 67 9 45 52 80 26 38 18 61 56 93 82 83 35 70 32 26 46 64 93 85 73 94 46 8 27 51 29 36 74 54 7 85 52 63 23 27 21 66 33 23 83 86 26 80 45 46 10 1 45 1 86 78 97 12 92 10 2 
36 8 37 10 66 27 51 16 76 57 58 70 57 62 42 14 49 78 62 84 94 3 64 31 4 75 20 35 75 76 99 78 54 93 44 68 70 80 32 21 83 45 75 60 18 71 20 94 53 95 63 29 76 43 12 83 54 38 68 97 41 31 52 66 40 13 81 10 42 48 37 58 41 7 36 10 11 11 14 95 74 53 92 44 74 45 59 63 98 16 63 25 1 29 24 62 18 77 38 94 98 20 26 27 45 94 8 9 20 93 26 31 93 9 2 10 5 57 43 93 90 81 64 2 97 73 5 62 14 31 82 29 39 8 93 27 10 56 46 21 58 31 11 28 72 47 17 14 93 75 55 49 29 72 33 33 20 29 76 88 97 39 55 24 41 89 4 78 51 98 48 79 41 91 23 54 29 52 86 37 68 47 15 41 70 57 61 83 8 45 24 12 50 46 56 44 89 48 62 71 3 39 46 39 32 24 64 74 60 60 73 63 11 10 33 23 85 74 98 14 57 75 86 86 67 74 1 25 27 82 89 72 15 47 60 52 63 54 88 53 28 81 87 11 93 76 6 25 77 64 57 66 8 57 46 9 41 72 69 63 51 84 45 84 33 68 83 30 64 32 16 42 67 82 82 60 40 50 83 92 43 83 91 25 88 7 40 89 6 42 11 66 92 43 7 79 89 43 26 48 64 52 7 33 79 10 14 46 15 57 97 88 46 26 67 30 47 49 13 66 16 74 27 87 68 15 22 49 12 46 6 83 17 99 51 7 69 91 72 9 56 43 78 46 14 15 73 47 36 96 79 75 89 91 58 63 16 99 64 64 64 33 9 89 65 2 54 64 75 2 85 44 34 49 45 81 96 59 41 12 79 11 7 88 71 31 36 34 77 23 28 19 94 29 7 14 23 99 33 89 73 8 35 55 31 90 74 22 66 17 49 64 91 16 53 11 28 98 37 95 66 8 86 90 41 68 39 47 88 89 36 96 73 96 69 62 14 4 80 13 53 48 50 8 35 53 17 82 89 35 25 18 70 53 95 69 0 69 59 82 87 73 34 28 50 95 50 0 67 68 53 32 99 5 71 72 15 5 71 83 27 70 9 36 42 58 38 59 82 47 68 27 96 70 47 79 47 93 7 21 
31 15 3 73 99 48 75 64 4 75 63 65 66 48 73 46 88 93 49 38 50 95 57 49 26 14 21 99 14 29 62 6 83 2 40 32 7 18 86 68 62 48 83 42 26 99 44 56 40 49 96 73 55 1 4 13 21 83 74 29 99 85 98 32 75 3 28 72 66 24 48 35 36 39 66 9 95 22 61 44 78 88 94 74 36 28 64 72 18 79 87 77 17 13 63 51 26 42 16 94 24 79 2 91 4 30 62 40 48 72 81 0 39 38 64 78 98 59 42 45 68 77 93 70 24 44 23 17 52 9 63 88 96 78 2 22 57 44 94 99 94 90 82 27 24 79 22 35 81 7 65 68 47 67 36 48 62 36 71 92 31 11 9 11 65 63 21 81 88 84 19 21 30 27 64 40 61 23 43 24 15 13 47 39 71 4 86 64 67 74 27 48 29 77 42 4 60 26 36 94 8 9 53 29 49 97 8 14 76 23 7 66 34 23 40 82 78 57 80 21 27 57 31 96 87 75 29 77 22 27 32 26 37 42 42 17 92 38 14 81 15 50 75 67 27 30 41 36 3 22 15 25 76 91 19 18 97 84 14 59 1 89 35 70 43 95 23 55 39 80 80 7 52 27 60 88 31 83 76 68 35 47 90 38 49 42 63 47 67 23 74 61 57 63 9 4 74 57 73 2 51 81 86 64 78 79 39 81 26 0 55 54 8 81 48 33 25 97 81 42 53 21 33 4 67 41 77 2 88 93 49 4 61 39 82 66 85 45 74 62 0 21 14 50 59 6 98 82 58 2 88 46 96 63 79 59 46 83 64 91 61 71 94 79 34 48 27 47 0 40 1 98 90 97 43 34 62 98 25 78 29 15 14 1 83 27 62 14 41 78 8 11 70 99 34 87 31 21 94 40 94 24 7 7 8 47 59 87 13 42 11 51 46 27 20 96 21 78 77 66 57 30 94 54 23 14 13 89 98 59 4 9 59 67 58 9 1 81 51 95 36 22 64 93 12 78 59 92 58 95 32 48 56 55 26 53 48 63 5 14 4 48 62 43 92 31 0 42 59 67 32 94 50 60 4 63 76 73 37 4 54 27 33 77 29 69 68 7 67 9 58 99 78 68 82 34 0 1 43 22 
17 88 39 72 48 92 35 44 57 79 26 30 6 53 27 20 30 21 61 83 85 49 51 97 71 8 86 63 74 70 62 81 18 11 7 0 80 96 52 93 66 77 92 44 11 33 91 37 25 54 94 64 18 22 39 68 38 45 86 88 68 74 67 68 15 2 32 59 20 46 76 69 53 48 29 19 17 33 64 85 58 6 55 18 71 34 46 54 65 1 44 89 76 75 93 90 80 79 39 58 81 47 21 8 87 50 96 6 58 52 21 58 0 8 46 31 80 54 76 84 24 85 98 32 40 70 63 38 53 49 10 26 25 22 77 38 81 13 23 78 31 23 41 2 56 10 79 91 31 11 2 79 75 71 35 29 31 72 67 30 49 84 75 70 62 61 71 87 21 94 5 26 88 61 53 8 25 69 90 13 8 97 7 51 75 80 91 28 11 36 63 84 50 74 2 33 77 78 95 93 60 81 81 23 14 97 55 46 82 54 2 68 35 41 59 91 21 71 91 62 44 3 34 99 78 88 61 41 51 80 92 92 92 14 73 46 93 12 57 11 50 97 46 73 93 35 68 66 26 5 72 32 83 56 25 79 7 93 5 87 81 10 64 90 37 0 51 9 64 73 85 36 33 84 23 63 71 55 12 4 34 47 20 75 90 87 59 43 50 25 4 32 86 77 94 37 94 61 60 39 15 4 99 0 65 77 65 60 93 9 95 1 98 12 12 12 25 12 23 27 77 44 46 88 35 31 30 39 71 45 74 34 29 11 43 95 96 96 29 60 68 93 65 6 12 4 50 54 13 51 65 82 12 87 41 15 67 30 66 0 75 93 64 66 58 25 21 48 20 79 25 90 79 61 77 98 81 4 29 50 45 44 41 51 12 73 80 90 35 51 53 62 9 84 99 49 68 82 84 95 80 14 15 91 20 85 12 39 66 17 2 63 41 34 94 58 31 67 19 19 6 31 69 10 65 74 56 20 52 42 51 48 98 44 81 34 36 99 81 30 0 94 90 46 32 28 74 91 48 89 63 93 31 0 83 17 85 37 57 16 47 41 68 59 31 85 23 8 47 0 22 7 57 79 77 78 35 65 14 29 64 65 61 41 33 55 95 52 74 32 16 48 35 14 25 39 64 47 18 53 
55 54 75 59 3 89 83 37 1 56 9 3 70 4 54 44 66 27 73 6 69 35 25 89 33 29 25 50 53 40 76 1 22 68 84 99 65 21 48 35 81 64 95 0 42 22 36 34 92 58 35 53 54 64 56 88 75 23 62 74 8 73 75 71 24 14 25 20 74 76 20 33 23 79 42 14 13 15 47 88 15 29 89 8 98 83 33 90 64 21 41 40 24 36 47 59 28 85 39 86 25 12 42 30 85 32 70 21 15 49 84 67 95 86 51 79 80 77 80 52 42 95 7 47 56 32 11 4 87 37 60 38 46 70 99 50 26 30 98 21 92 86 51 12 98 41 48 63 65 98 78 87 51 23 23 81 73 44 6 4 74 24 82 76 47 28 20 64 49 3 36 47 63 77 78 37 40 95 49 54 51 24 43 32 37 41 38 99 26 88 1 29 84 66 42 52 3 82 86 14 59 42 99 44 25 42 92 81 36 44 89 26 92 57 11 26 45 70 34 97 28 10 67 95 24 78 1 14 36 10 59 15 67 2 40 72 39 17 61 96 87 42 86 19 65 60 31 15 68 60 84 54 22 72 53 70 35 3 20 17 83 68 14 26 93 58 46 96 79 68 18 77 3 46 73 33 23 81 37 24 49 79 47 16 68 3 28 93 33 9 95 52 38 33 44 33 40 30 23 86 25 97 92 30 90 79 89 36 64 26 62 23 71 34 23 92 77 21 63 53 49 47 87 89 98 46 73 9 73 42 5 87 26 94 74 50 30 40 33 96 15 89 21 71 56 86 71 13 31 7 22 0 90 22 37 26 47 48 54 8 37 17 2 88 47 20 97 59 52 89 92 24 41 0 59 76 50 47 90 73 48 22 72 23 47 21 88 19 83 48 67 83 69 82 9 46 66 25 41 94 50 80 94 17 62 31 46 0 96 2 52 52 98 59 77 50 24 80 69 34 90 6 21 73 60 99 86 41 92 0 72 85 71 29 1 23 74 44 73 32 23 34 98 31 73 31 84 79 77 30 68 57 46 59 93 26 4 44 77 65 9 67 81 98 87 16 64 3 23 93 27 68 59 99 43 71 58 42 84 12 80 23 7 81 0 28 92 34 46 41 19 3 34 22 60 17 5 97 49 3 
26 52 4 67 81 3 71 93 5 3 18 85 35 77 48 79 63 4 79 46 48 33 87 75 22 80 56 94 34 89 87 27 85 83 48 46 74 72 16 99 68 90 10 18 75 7 7 43 2 47 11 8 19 42 37 52 56 70 87 43 42 20 57 25 65 30 41 7 90 35 33 32 37 99 60 43 69 26 34 60 15 59 72 74 47 83 68 63 16 63 88 62 46 67 64 98 3 64 80 99 38 41 81 64 57 29 66 43 27 74 9 25 39 28 3 22 56 55 6 97 81 6 62 95 16 68 50 40 61 11 50 70 67 34 8 58 89 56 21 3 93 63 38 37 25 70 4 26 90 12 73 37 60 83 27 58 50 17 40 15 0 74 22 87 58 10 20 95 41 11 63 3 69 27 9 30 21 63 63 9 82 65 48 41 79 63 69 37 5 48 64 47 33 98 78 89 85 20 65 57 3 48 65 43 84 86 19 52 75 47 58 50 17 25 12 30 65 87 66 91 35 73 44 92 81 15 75 83 2 4 77 96 39 92 80 2 63 18 27 49 0 51 98 80 71 64 45 8 68 89 81 5 73 40 35 94 86 2 31 69 34 79 9 99 53 25 9 99 27 3 82 19 92 25 10 46 18 20 20 92 3 75 1 61 51 8 99 37 49 52 75 64 7 45 23 58 81 51 3 44 57 90 35 45 40 31 40 33 20 2 94 49 71 2 86 71 94 23 11 99 11 33 28 17 74 60 64 84 49 80 37 1 1 38 75 95 20 92 50 26 44 86 79 62 65 18 46 68 16 85 73 29 26 32 58 22 55 76 29 41 43 3 94 10 73 47 51 55 35 8 18 4 96 20 17 74 33 74 50 85 93 57 77 36 44 11 7 73 13 24 80 55 58 7 77 47 73 49 87 57 93 62 34 32 83 73 33 12 64 81 45 5 88 65 95 13 16 52 71 39 8 84 38 59 49 79 56 69 78 78 78 62 13 75 72 5 30 30 32 89 56 75 88 50 92 84 67 44 54 53 57 34 69 4 99 33 34 47 99 5 31 46 30 0 40 57 62 96 79 43 97 6 61 40 65 53 85 41 34 8 5 34 94 2 99 94 46 95 59 47 33 24 39 15 12 88 49 16 13 95 
1 79 39 39 65 51 73 55 46 46 45 28 8 8 93 86 53 43 60 9 28 46 27 85 29 97 66 50 87 27 27 69 96 17 64 18 70 40 39 46 20 28 37 57 22 91 29 76 66 62 77 85 93 43 79 41 28 11 52 78 99 58 50 97 76 72 0 62 3 96 39 55 94 72 51 68 73 3 66 30 67 92 3 30 9 61 33 28 87 70 36 96 45 52 43 29 31 5 19 31 9 8 51 39 76 51 80 97 46 80 1 31 61 74 95 64 25 82 81 4 12 76 16 25 69 75 15 51 48 95 50 14 88 74 27 79 67 93 6 91 57 22 21 94 58 6 43 46 84 19 34 80 95 57 94 79 41 50 83 16 64 52 48 8 68 32 17 68 6 58 43 27 94 86 31 25 45 81 99 3 14 42 70 27 7 87 32 16 22 24 82 21 9 48 98 96 17 24 55 96 4 51 71 8 20 97 32 77 92 34 61 16 23 48 96 19 96 70 21 15 60 15 57 81 38 48 60 25 16 27 67 33 7 69 91 85 98 32 80 7 89 4 95 55 91 69 74 44 24 11 11 8 10 6 29 90 28 46 43 52 41 38 97 35 82 14 40 76 53 99 71 30 82 7 34 68 66 29 26 62 44 11 53 83 45 89 66 67 49 61 98 8 71 18 56 28 84 2 76 18 43 81 24 83 46 96 82 40 34 27 98 74 93 94 86 53 73 18 64 21 66 68 33 64 65 59 65 97 44 86 99 0 28 80 11 4 59 18 61 81 39 12 56 31 93 78 51 35 73 21 54 11 79 88 34 77 45 87 95 6 98 51 16 70 56 37 39 60 66 10 12 96 75 69 10 86 43 22 8 99 71 75 11 13 19 58 7 12 71 15 71 97 96 42 46 78 82 98 21 43 14 27 50 75 69 8 0 27 30 80 91 89 44 1 55 79 71 50 92 28 97 83 68 63 18 39 57 61 26 38 14 88 56 6 32 53 73 70 34 44 12 77 6 76 9 40 16 29 78 72 41 78 32 79 65 61 71 1 97 22 33 28 73 51 66 48 86 19 41 45 89 48 68 97 92 64 58 17 83 94 37 68 49 91 8 51 6 37 3 76 28 44 47 17 49 0 77 75 48 39 
29 32 92 99 38 43 11 57 0 3 52 71 96 70 35 87 67 89 60 46 79 94 59 22 24 83 68 29 5 18 56 61 47 50 39 3 94 50 65 13 26 27 15 70 24 45 58 53 99 75 22 44 60 86 92 58 53 58 59 81 98 39 50 63 74 90 79 58 73 72 9 97 69 28 87 50 41 92 85 61 16 28 0 80 65 8 17 47 43 50 22 77 85 62 38 82 49 39 32 88 20 17 25 72 12 41 55 88 32 81 81 29 55 48 95 92 5 99 64 87 36 74 17 60 29 73 7 38 88 72 5 35 22 16 41 36 79 89 20 46 37 13 61 97 13 32 43 98 2 66 90 42 50 91 9 2 32 23 79 3 95 70 68 22 52 85 70 85 41 12 44 61 33 45 23 36 80 38 68 54 96 98 5 6 96 19 82 91 80 57 8 78 71 45 82 59 8 7 52 43 39 57 82 31 1 48 69 59 94 18 40 24 73 74 34 36 36 34 92 55 41 14 1 41 74 66 9 4 37 98 49 77 96 33 42 22 26 83 81 37 20 59 25 5 31 47 22 18 68 59 43 87 31 2 95 26 6 90 31 86 98 88 19 74 8 67 17 14 93 24 47 47 91 4 9 25 84 87 20 10 93 7 60 42 72 0 84 88 74 71 32 92 56 61 26 8 79 45 2 2 32 66 0 17 2 81 84 48 51 84 13 46 40 23 65 48 25 16 73 11 50 94 58 65 87 56 10 60 47 4 59 18 84 77 34 54 18 82 59 54 67 28 60 31 59 73 74 77 51 11 37 44 39 61 47 4 17 59 35 84 21 13 68 27 98 56 33 29 13 17 4 50 66 30 32 47 3 31 71 55 57 17 96 11 30 13 36 67 41 50 93 72 34 9 80 53 69 21 16 42 72 24 37 27 68 98 5 98 5 54 3 54 91 94 29 75 19 78 23 10 81 21 84 46 38 20 3 68 78 36 20 7 50 12 39 13 68 6 71 86 59 93 42 46 55 17 28 75 73 81 4 76 78 93 5 47 2 84 36 7 98 4 40 7 51 77 6 19 27 94 26 98 13 93 23 30 82 52 69 55 81 28 26 13 64 9 85 61 31 12 78 96 27 43 40 73 32 1 6 38 
22 27 14 7 11 75 78 75 93 5 10 90 72 0 44 4 54 74 98 19 45 35 3 23 15 60 97 4 65 71 89 66 96 12 62 68 43 58 37 91 29 56 12 19 55 58 96 50 86 58 28 23 19 73 49 37 31 18 9 36 49 63 16 12 96 12 31 32 85 34 37 2 88 80 27 83 54 62 61 50 58 57 26 24 90 57 57 19 53 20 84 98 62 15 59 8 51 66 6 22 82 89 37 97 4 75 75 2 4 65 31 6 23 19 85 24 88 71 1 48 99 84 15 44 41 90 95 15 76 66 16 54 1 85 2 89 31 37 47 96 56 41 31 28 40 93 75 13 25 72 24 61 78 45 40 70 41 52 22 54 26 7 25 63 99 32 80 7 26 74 24 29 32 19 94 4 29 86 52 14 93 12 69 7 65 77 73 77 84 24 49 75 30 16 45 43 4 51 4 81 12 9 52 11 52 97 81 68 56 91 49 58 71 88 38 1 74 35 96 48 34 25 26 63 14 74 94 81 37 21 28 97 42 77 55 96 39 49 58 49 17 85 40 12 57 23 65 74 3 51 4 51 87 96 51 58 20 43 84 67 57 88 95 73 44 49 37 9 79 95 78 97 11 42 43 81 3 98 60 62 46 51 65 50 48 84 90 68 91 57 61 73 24 9 30 49 33 50 90 13 74 26 52 17 54 22 26 17 97 47 47 65 22 42 62 3 10 35 64 30 38 72 38 60 55 62 0 20 18 38 56 46 68 21 59 24 27 24 33 72 83 83 16 49 22 6 13 35 64 57 27 24 5 41 23 42 13 90 12 21 48 50 65 47 40 42 70 12 9 68 80 77 18 83 72 20 15 93 94 78 22 66 97 18 50 32 51 56 32 98 18 56 77 47 52 79 6 18 55 60 29 52 98 41 4 41 95 98 13 11 50 88 38 68 78 85 46 62 42 3 23 71 55 98 63 94 10 94 94 48 89 35 18 95 39 86 67 63 57 97 60 88 27 98 58 7 94 29 98 41 64 54 48 22 68 72 79 5 93 73 57 17 83 34 11 33 15 59 9 47 26 95 41 94 72 24 42 81 41 7 99 46 32 50 4 12 70 19 73 15 59 51 70 23 23 31 5 32 17 92 
30 0 60 76 63 53 48 26 33 8 13 41 97 73 36 93 75 68 32 2 85 71 43 95 43 33 77 31 27 24 62 96 77 76 5 39 58 30 58 98 41 46 18 9 95 13 54 84 92 33 15 42 22 50 36 71 97 72 36 89 72 73 7 46 56 60 84 15 78 41 59 98 51 86 15 99 3 48 96 76 55 10 44 23 31 24 38 59 65 44 8 94 22 3 69 67 92 67 11 59 24 39 1 1 80 57 15 66 39 48 93 34 10 45 14 60 29 88 37 81 24 80 77 5 65 75 60 89 30 2 40 71 73 30 97 4 85 11 96 84 9 73 59 43 79 93 18 67 40 97 65 26 38 8 72 70 55 78 1 36 65 10 75 56 92 88 30 30 32 63 31 57 73 60 56 12 70 97 69 52 14 89 36 36 14 58 5 16 38 13 5 38 44 82 56 10 93 41 62 15 81 56 32 89 14 83 2 4 16 55 80 31 13 93 4 33 59 86 20 37 98 95 47 29 18 32 72 13 12 52 72 44 4 66 82 58 27 80 13 3 0 9 44 32 45 87 30 44 85 91 63 93 79 76 92 36 95 75 79 19 41 22 57 71 11 29 45 91 84 50 80 97 9 30 82 84 55 26 63 21 0 63 33 29 78 52 62 30 91 42 38 15 63 13 94 66 52 76 24 20 28 48 87 66 34 23 96 20 10 26 39 59 40 70 62 34 9 80 37 58 1 17 8 57 99 71 8 84 20 20 66 34 4 28 49 25 27 10 5 58 44 21 75 30 95 75 47 40 61 70 75 5 14 3 67 70 4 64 42 44 7 42 43 2 23 1 11 12 72 99 74 94 85 72 27 15 26 55 58 17 28 92 58 77 9 32 81 29 52 27 20 6 19 69 31 37 45 8 62 31 57 48 83 27 94 37 4 83 78 15 72 31 99 73 1 85 36 69 96 25 97 2 95 99 46 33 37 80 76 16 5 3 12 13 95 20 24 85 13 71 80 32 39 91 30 3 24 5 38 59 2 0 67 49 75 0 3 94 5 89 33 93 94 46 99 93 80 75 72 90 86 23 28 54 4 78 49 43 16 57 2 69 23 75 52 76 83 39 48 5 5 83 4 20 19 3 81 60 7 34 
24 67 3 32 30 86 46 40 45 24 79 73 6 31 91 85 66 70 13 64 62 2 28 94 90 80 8 72 68 43 12 45 46 2 39 87 4 15 95 5 6 52 99 27 31 1 32 83 43 74 52 59 70 44 19 45 64 90 34 42 20 70 99 32 52 32 33 88 80 66 55 27 89 38 90 27 40 74 86 45 82 47 3 47 89 30 10 1 55 97 9 25 9 44 73 98 29 55 78 91 61 15 64 28 14 17 74 56 38 98 37 19 27 92 39 37 95 53 93 73 66 30 57 77 52 36 10 9 36 92 55 9 73 9 86 44 40 34 36 43 3 87 83 81 86 73 61 15 55 95 24 45 37 1 36 47 75 59 17 87 28 57 77 55 61 6 18 16 32 63 87 64 59 24 33 36 10 80 18 61 78 93 65 64 16 97 40 67 5 52 98 25 27 53 2 45 67 79 17 49 32 23 66 3 61 87 8 5 58 11 59 25 79 72 79 41 32 22 54 73 84 18 64 50 3 32 55 44 95 46 27 80 56 21 45 30 50 24 23 6 31 97 13 45 69 59 11 71 25 11 60 0 79 90 87 43 62 11 74 71 76 9 15 6 55 34 82 73 5 0 41 78 71 59 1 82 29 28 53 98 16 61 55 5 8 89 17 97 63 87 59 70 76 40 72 81 15 2 87 62 87 95 12 24 80 42 78 79 10 28 70 78 66 17 92 45 27 85 88 39 40 51 65 56 79 96 27 87 91 64 2 90 1 24 45 79 24 75 8 17 59 76 85 56 65 37 53 21 46 26 38 99 17 81 36 23 6 7 66 6 91 13 66 76 70 23 15 61 32 19 56 61 40 73 31 54 67 68 0 97 12 21 10 41 48 78 52 71 72 39 42 34 75 50 67 54 14 1 31 20 88 87 93 36 15 51 83 88 17 59 60 64 54 57 43 60 24 24 25 33 1 38 76 71 88 94 91 3 1 38 86 38 33 76 91 77 15 9 39 35 87 39 39 76 18 43 28 26 44 86 97 64 13 10 96 23 91 90 10 46 31 83 79 70 69 64 82 80 96 59 20 27 58 23 14 11 29 71 70 66 78 9 31 85 38 47 38 46 64 8 35 65 47 76 83 28 94 73 52 27 
65 7 66 35 31 69 69 98 89 25 39 32 37 27 12 91 32 83 57 8 6 25 86 88 87 3 47 86 99 53 69 87 7 59 72 13 71 48 81 88 4 61 40 22 43 74 92 11 59 65 6 49 94 48 7 85 32 23 54 89 5 49 91 73 16 74 72 30 26 53 18 59 47 61 61 58 86 46 12 2 57 63 4 25 57 64 98 52 67 87 29 84 69 80 12 25 1 40 36 9 19 27 10 73 84 82 2 1 67 71 62 38 21 82 9 46 30 81 24 44 30 73 27 52 21 58 17 1 37 8 83 41 71 71 56 5 92 65 83 89 40 71 37 5 29 74 91 20 9 46 62 36 61 67 0 39 51 65 15 63 70 61 74 29 35 19 13 26 34 15 31 17 63 55 40 27 44 12 1 9 79 14 52 87 36 48 61 23 99 39 70 88 97 39 16 91 45 45 98 66 31 12 98 59 44 41 68 22 9 36 38 12 24 28 30 56 28 34 18 53 43 68 92 21 71 97 93 45 81 77 54 15 20 3 1 88 8 13 87 4 64 85 36 5 44 76 81 41 21 66 31 33 49 58 50 60 98 66 32 67 99 66 45 91 3 7 33 76 10 19 54 14 65 1 36 27 61 55 33 44 59 14 18 20 43 88 54 6 24 87 19 26 79 46 54 67 40 97 95 25 97 14 2 90 10 28 23 90 11 60 81 50 69 2 63 68 0 45 41 15 63 53 42 20 40 8 63 95 75 34 2 95 28 7 5 79 6 92 22 43 46 50 66 93 62 83 55 68 78 80 90 80 85 26 50 46 85 76 94 93 23 35 16 83 89 83 65 15 28 80 35 83 27 30 50 32 81 49 50 25 91 78 41 1 23 2 88 8 47 63 71 79 33 63 69 76 70 19 85 87 59 3 58 51 6 81 87 82 26 59 61 4 28 37 20 56 69 2 4 7 36 5 63 88 74 3 45 1 83 16 41 51 54 66 33 35 31 56 9 9 67 44 19 87 76 77 76 70 41 30 54 98 67 47 48 76 66 97 78 46 23 45 8 83 3 32 66 17 68 10 0 28 9 1 46 65 65 91 66 49 8 50 37 39 89 70 91 8 16 87 70 23 11 26 56 88 52 74 53 35 
0 98 2 78 7 73 46 29 51 12 76 50 56 33 52 85 20 27 50 12 92 62 67 8 6 98 19 96 30 38 11 57 94 30 57 70 94 58 8 19 25 45 34 34 11 54 32 42 19 46 28 29 38 26 17 29 39 19 83 60 93 40 89 7 15 65 21 48 46 61 95 78 96 84 40 60 6 7 0 22 17 53 55 26 46 21 11 7 19 43 38 79 22 61 98 59 48 51 52 99 37 53 33 11 33 25 76 27 85 30 38 68 37 76 85 81 47 65 40 13 32 0 60 83 20 51 42 50 95 61 35 31 80 53 91 67 74 64 58 73 11 76 83 60 91 71 76 57 62 63 95 59 99 89 4 68 42 42 73 3 93 22 19 86 44 34 18 56 76 26 95 94 13 98 75 72 87 69 15 3 4 55 25 25 76 83 51 99 13 3 74 55 72 59 64 39 79 36 30 78 17 44 37 68 89 90 79 13 40 47 54 27 59 18 21 80 2 8 77 96 36 24 12 64 18 76 29 73 85 70 75 33 40 18 49 31 35 50 66 38 38 67 25 61 14 86 88 0 13 39 20 49 4 89 11 43 68 75 63 95 32 86 16 11 23 29 73 14 94 60 89 48 71 44 67 73 63 49 5 81 3 39 94 98 55 52 96 23 29 25 74 49 72 34 74 6 0 24 43 38 27 83 16 70 44 32 60 69 90 97 66 73 55 84 12 30 31 47 18 35 24 17 5 65 47 97 52 7 80 18 56 46 52 24 90 47 1 87 31 53 0 90 1 55 3 93 40 85 32 57 33 84 76 20 54 8 7 50 34 84 42 13 43 33 26 73 78 83 69 31 54 38 95 0 68 5 72 72 62 17 94 14 53 90 41 44 51 6 27 14 90 5 65 91 60 33 31 53 16 72 62 67 71 40 81 79 95 75 19 85 97 20 85 86 62 96 85 44 57 58 66 10 4 71 26 86 2 90 14 66 18 98 64 24 90 83 51 42 40 70 60 30 9 27 22 53 18 38 1 14 52 17 45 77 50 36 14 72 21 58 16 73 9 12 56 22 74 83 37 31 88 33 54 29 44 56 2 70 99 88 14 21 1 89 88 49 59 47 25 90 7 7 68 25 23 76 23 28 13 74 
44 45 18 65 63 52 77 72 90 13 90 25 83 89 29 48 52 1 38 64 43 29 41 23 12 84 34 44 9 97 31 48 69 46 45 97 35 24 9 85 94 0 85 13 49 30 57 43 52 19 97 35 30 27 35 31 5 44 83 50 48 58 68 80 41 71 17 95 18 21 95 72 71 12 1 68 30 56 69 74 65 84 70 51 42 37 58 67 55 12 14 92 6 47 44 96 67 31 95 56 73 36 0 71 70 91 33 62 54 31 48 36 46 94 77 21 90 8 74 41 64 29 13 20 51 5 24 11 81 34 65 7 90 57 72 12 84 5 12 94 33 89 87 42 16 16 18 69 52 22 90 3 12 48 9 25 51 91 14 78 11 31 12 8 3 9 91 46 39 65 16 28 75 59 69 98 19 33 99 67 57 62 6 55 15 4 41 83 6 63 43 26 95 48 55 76 60 89 40 10 13 64 99 5 58 49 58 33 29 8 98 4 29 95 78 77 58 39 42 31 17 91 3 11 64 4 76 13 10 24 8 42 59 73 32 71 92 5 70 51 6 72 26 26 91 73 32 49 6 44 40 21 39 80 97 4 82 23 2 27 58 37 18 31 34 62 52 21 71 73 42 60 7 17 15 58 26 96 39 11 7 14 28 7 67 26 95 65 55 4 17 4 99 44 38 21 77 17 18 9 6 46 47 50 10 48 23 6 23 88 7 11 37 77 58 50 33 69 10 62 12 21 61 45 60 16 34 44 85 87 92 51 78 64 73 26 19 61 34 84 32 63 63 85 99 54 47 39 3 88 8 57 15 24 9 36 16 73 52 25 74 60 54 15 12 75 86 21 8 94 95 75 3 14 15 77 96 77 78 20 30 90 53 60 93 97 5 84 89 11 35 14 23 48 71 78 16 2 99 51 40 45 92 24 22 0 40 78 20 38 4 52 1 34 27 16 9 39 46 56 98 36 61 23 0 71 20 92 13 60 97 81 77 19 31 8 43 31 35 70 17 83 92 85 27 81 8 87 43 87 98 79 63 66 6 69 28 84 51 96 10 38 57 49 75 24 34 60 21 81 62 91 49 10 77 83 0 38 39 27 0 51 63 56 5 63 67 24 73 52 21 17 99 25 63 62 11 43 73 81 
13 85 61 70 80 90 42 44 53 65 94 38 95 9 56 9 2 42 67 92 21 30 89 14 64 52 57 87 43 10 12 68 33 27 79 12 39 70 14 44 62 63 63 36 16 73 50 75 55 15 65 64 79 64 82 11 52 96 2 64 18 50 39 62 87 66 70 16 97 71 64 58 36 23 76 47 79 35 75 15 73 68 62 99 38 10 82 31 36 19 89 52 23 5 46 71 57 17 99 21 51 7 31 83 20 48 43 46 4 29 78 53 74 14 91 77 62 52 26 52 9 50 13 13 77 96 88 71 96 97 18 65 90 95 15 10 28 84 51 4 69 12 93 92 87 44 13 35 80 16 36 35 21 10 59 22 82 75 45 96 66 48 82 3 42 89 4 77 33 61 57 22 12 55 8 75 58 35 76 62 10 91 16 40 7 37 56 18 98 93 11 90 29 24 20 12 93 26 25 48 41 96 75 81 15 48 58 54 92 18 56 6 36 17 40 75 74 85 17 79 41 68 99 19 3 31 31 96 29 74 63 93 65 7 32 71 92 97 71 56 75 43 14 14 95 60 53 98 71 69 39 38 12 59 15 58 77 54 25 98 6 22 49 30 49 61 98 21 11 17 31 44 57 88 67 46 99 34 24 36 11 2 45 8 62 63 91 96 93 63 87 33 28 69 46 21 93 37 62 77 71 21 92 24 97 15 26 18 34 84 30 72 54 96 10 55 21 57 96 96 36 96 19 38 84 92 90 95 32 97 2 4 50 61 99 21 89 41 22 86 49 11 4 92 10 88 37 91 26 3 78 17 83 49 15 41 23 36 3 63 38 26 35 64 36 23 15 33 72 13 44 66 13 15 21 57 8 84 11 73 48 49 99 99 24 19 51 64 94 52 60 92 50 27 30 49 6 39 35 60 10 53 74 80 23 49 54 90 84 42 48 4 40 44 63 15 21 26 32 88 89 86 46 18 36 44 90 99 19 76 60 41 47 92 4 7 8 35 54 57 38 3 57 22 65 61 39 71 11 70 24 68 74 16 93 56 0 98 52 66 49 72 28 77 89 1 76 72 51 17 5 60 41 91 0 45 74 39 76 5 91 54 1 52 5 20 71 35 80 43 3 62 45 77 73 85 43 89 28 23 
71 8 30 78 18 74 37 46 14 84 42 43 43 43 23 40 70 44 81 81 32 64 49 61 45 45 55 20 6 59 42 18 85 14 35 21 36 65 47 61 3 1 29 91 85 78 17 43 34 6 90 29 14 32 16 50 14 75 39 6 33 97 54 79 32 46 51 61 81 10 21 37 94 66 9 41 16 3 25 23 7 20 1 22 27 95 49 96 46 52 6 98 88 54 57 45 53 28 17 73 20 57 74 62 79 15 62 76 79 13 43 68 8 66 59 89 62 88 74 80 56 67 96 1 57 30 27 6 86 71 42 72 22 38 55 2 44 91 26 98 46 46 29 99 24 84 81 60 95 34 86 37 32 76 92 76 43 72 14 77 26 91 8 74 71 94 72 95 69 19 28 95 27 1 18 12 29 22 46 86 72 77 40 45 42 38 39 15 12 56 18 44 40 78 87 82 7 91 48 65 29 36 43 53 92 44 77 60 33 19 70 37 24 26 90 65 91 21 92 29 20 42 51 87 65 68 37 30 45 96 3 0 21 68 91 75 53 53 45 6 61 58 70 48 25 7 10 36 10 83 17 22 8 37 66 53 87 11 25 72 89 4 17 8 36 48 13 71 18 97 32 7 11 73 43 10 51 1 88 53 38 5 28 7 73 87 83 63 6 25 68 89 80 77 34 89 44 25 47 84 14 66 90 19 5 64 32 73 66 43 74 60 33 86 40 52 75 66 48 54 32 76 80 72 40 78 85 47 39 83 9 81 53 4 40 11 32 96 52 40 51 3 20 62 23 97 68 82 31 19 25 14 65 99 61 10 48 53 72 42 49 61 16 5 71 71 66 44 60 55 10 23 91 98 49 31 55 26 64 49 34 69 11 49 25 1 4 55 80 98 92 90 33 65 24 9 46 86 88 62 69 73 55 66 90 18 29 21 70 37 6 72 72 62 83 53 92 70 59 85 55 84 3 74 21 81 58 57 64 16 64 46 33 99 28 14 21 34 8 23 59 4 75 2 83 95 48 79 72 90 4 59 44 33 99 70 37 66 6 30 91 33 79 51 40 73 84 68 67 43 59 77 95 56 40 17 77 59 15 37 31 58 36 71 65 28 69 63 54 76 55 91 69 24 3 31 65 19 57 1 
88 81 60 18 19 64 24 11 25 94 72 67 75 50 35 20 6 8 88 46 36 29 74 67 91 8 36 74 33 73 0 49 81 69 63 48 80 68 66 33 8 31 93 38 39 24 62 87 33 69 85 92 9 78 90 36 30 0 6 64 78 5 45 68 5 94 74 92 15 15 49 47 15 87 95 44 83 52 85 45 36 86 48 10 12 5 26 91 37 8 31 58 53 49 49 52 12 34 25 72 62 90 10 36 19 29 7 20 49 55 16 83 43 67 77 58 71 15 4 29 18 81 92 49 5 65 64 21 0 13 43 44 89 80 56 69 88 43 83 86 31 19 98 2 6 15 79 13 19 54 79 94 68 85 2 70 13 16 79 9 55 70 4 98 78 64 1 17 35 17 54 86 26 20 37 50 36 22 91 66 5 28 38 75 48 61 72 5 48 12 32 73 41 79 5 39 79 64 52 76 88 77 34 21 35 5 40 34 30 60 90 4 83 90 51 93 8 18 65 36 16 51 96 65 2 92 72 70 61 84 92 65 96 34 54 17 23 43 42 72 24 67 31 20 96 46 74 97 21 94 67 97 20 91 92 37 8 31 62 83 42 70 22 88 11 78 0 92 10 45 82 55 49 97 72 6 61 96 39 49 55 69 6 40 69 5 84 86 95 54 45 14 11 15 21 57 30 12 21 62 59 5 40 6 94 92 38 71 29 78 61 14 51 96 61 75 7 83 47 15 74 70 11 29 76 27 92 78 51 26 18 55 53 67 21 95 85 60 17 63 95 12 48 91 67 26 81 70 74 65 54 78 39 83 49 63 48 75 3 66 87 24 17 94 88 1 13 17 88 17 68 36 16 96 44 39 54 64 48 1 95 47 57 51 13 77 60 32 3 31 34 21 96 56 84 35 44 7 64 20 70 81 33 65 16 72 66 49 96 45 78 52 78 60 56 60 55 56 5 48 90 39 43 36 66 19 54 48 44 88 57 61 93 86 33 26 29 58 14 55 79 29 30 50 99 52 38 90 14 51 24 72 28 27 20 99 17 38 4 26 47 53 25 68 20 16 87 85 39 22 21 35 32 14 19 35 41 75 97 91 43 76 20 32 83 63 69 10 43 3 87 54 80 83 74 42 67 76 44 50 
11 4 52 8 37 42 45 16 82 18 3 60 37 40 73 33 35 86 27 39 16 75 13 60 57 89 15 29 62 6 3 86 79 94 6 56 10 38 8 25 18 87 88 82 84 22 5 91 28 45 1 98 35 89 94 52 14 9 99 26 47 83 43 37 33 27 51 1 58 11 83 77 30 69 25 80 74 70 61 3 74 15 68 37 18 91 72 53 59 50 90 99 6 81 13 51 89 59 65 52 98 51 67 81 36 28 0 32 10 45 3 63 95 26 28 91 55 36 83 23 41 70 24 92 21 27 11 91 28 34 16 56 16 39 32 65 87 32 0 57 11 21 78 75 1 73 50 69 62 58 65 86 32 51 9 35 86 53 88 76 70 29 15 70 10 90 43 25 96 24 15 90 80 55 90 37 15 51 68 15 52 46 66 75 62 45 48 81 67 95 59 13 35 55 23 15 20 71 44 40 39 98 46 77 17 58 91 19 41 72 43 72 77 73 72 39 76 83 21 1 14 72 41 52 40 46 59 62 59 97 36 24 5 42 71 69 90 65 53 61 19 25 43 48 81 51 53 40 8 79 54 91 78 21 22 94 75 68 34 0 72 26 44 30 59 23 61 33 25 98 46 97 46 28 74 99 90 75 91 0 58 13 72 24 7 69 7 26 51 69 38 43 15 9 49 39 62 3 69 75 59 19 67 0 31 68 70 20 56 14 19 21 12 67 27 52 33 25 75 19 83 21 35 67 48 84 53 2 76 0 71 46 33 39 96 67 87 88 92 87 96 95 9 20 64 17 45 98 44 90 28 59 76 5 68 77 28 69 23 0 74 50 24 30 6 49 31 37 57 67 29 81 57 95 97 75 2 92 60 39 98 34 2 6 62 4 8 46 86 52 54 16 6 19 47 30 16 43 23 70 33 34 58 65 82 86 34 32 12 70 59 84 59 19 72 31 23 58 90 70 26 69 71 46 76 46 2 55 64 69 67 77 51 95 13 77 83 67 85 98 66 12 74 21 28 5 5 30 12 54 19 10 60 8 85 54 63 14 57 40 90 70 21 19 99 58 69 24 4 98 10 52 61 74 81 94 56 99 65 48 15 42 42 55 33 51 91 90 8 29 45 9 5 52 35 72 87 72 54 33 
82 51 8 57 7 67 22 83 60 69 45 46 10 46 44 96 86 50 0 29 28 61 93 96 60 24 4 49 0 53 42 71 21 86 23 20 18 31 50 3 32 75 47 40 7 99 66 70 11 79 86 25 14 51 11 46 52 92 3 38 70 10 94 88 15 78 36 99 86 29 62 46 73 38 58 60 95 64 33 99 84 42 23 69 75 58 75 67 88 75 61 96 60 65 51 28 60 16 63 43 39 65 94 52 18 82 72 52 1 82 43 88 22 74 38 39 16 77 34 52 28 51 10 50 14 32 13 0 52 59 19 2 7 70 3 99 3 24 59 80 23 70 75 62 42 4 2 5 65 14 58 33 22 58 54 44 54 87 13 3 48 99 78 15 46 7 73 78 22 9 70 41 19 63 41 8 63 90 58 80 84 33 88 21 79 35 33 58 40 93 95 97 80 67 11 97 87 25 11 13 75 64 15 56 32 50 28 51 35 13 65 49 48 14 86 6 56 18 72 91 52 46 54 85 37 19 85 94 31 36 38 23 33 31 12 58 61 65 94 75 18 84 14 56 18 8 14 26 19 56 88 20 44 26 56 89 15 29 95 18 91 96 25 82 30 46 1 39 57 77 36 9 85 1 56 84 9 11 92 83 20 76 11 47 82 69 92 52 84 75 23 40 60 56 96 39 48 86 21 22 52 52 53 43 37 69 55 22 51 99 79 64 75 36 40 57 25 30 86 13 44 90 11 63 7 87 30 14 23 90 34 28 55 71 70 5 71 82 93 36 84 48 9 35 44 36 14 45 52 84 27 18 98 68 4 43 3 46 44 82 47 72 44 60 25 12 25 48 92 32 55 54 31 11 92 68 16 87 13 79 42 55 12 1 22 47 71 0 79 19 95 32 16 84 48 29 0 59 38 55 2 38 76 10 82 39 82 29 11 51 51 79 90 26 85 98 65 87 20 8 83 96 14 82 50 18 25 86 26 93 46 2 58 84 29 25 10 17 12 8 19 36 45 13 84 4 51 94 3 30 92 79 33 81 89 38 84 36 36 48 72 60 0 63 18 21 29 7 98 90 20 46 98 92 74 86 96 34 28 58 45 37 4 11 29 83 1 50 22 82 38 72 46 28 87 10 51 40 58 12 
89 53 40 1 40 82 32 78 17 72 93 57 27 8 85 38 26 0 98 59 69 27 62 13 75 49 48 57 99 54 12 14 49 16 38 95 47 21 92 30 62 87 61 39 67 35 87 31 67 75 42 60 32 20 41 54 56 19 60 63 51 87 1 4 35 27 23 66 40 53 24 92 42 75 59 8 30 85 60 37 10 82 13 63 94 45 86 88 61 74 47 46 47 34 90 30 30 30 20 36 27 29 97 7 45 23 52 15 49 40 74 55 47 68 97 10 31 64 52 10 25 26 55 67 32 96 72 98 31 93 15 98 21 47 72 50 27 30 22 79 30 7 51 78 2 31 55 28 30 2 68 26 76 64 57 15 69 74 54 2 46 8 28 79 0 6 4 92 64 28 84 84 98 54 0 63 31 78 88 13 49 88 36 34 73 57 95 73 22 29 61 2 78 5 34 11 67 65 60 1 69 32 30 86 58 61 93 76 99 89 44 39 30 83 50 96 17 36 77 41 34 4 66 12 58 69 32 14 77 93 92 59 86 5 62 26 60 29 66 59 42 19 31 99 35 45 55 81 6 99 29 9 50 16 71 78 10 39 64 87 32 43 70 63 51 70 64 89 23 30 2 7 83 35 40 43 53 7 52 31 2 20 60 76 78 50 23 41 73 73 67 22 91 60 7 28 69 37 31 95 74 14 48 40 91 45 3 33 43 6 39 23 83 36 97 2 47 24 38 48 90 20 39 88 21 25 50 9 78 79 73 70 96 93 61 33 70 87 90 28 40 51 34 56 92 65 58 45 22 40 14 70 8 61 92 19 5 62 32 71 83 28 61 49 86 22 54 1 44 36 24 17 39 86 40 25 38 72 38 71 39 55 5 0 96 25 64 88 83 63 98 36 71 55 78 5 8 25 28 24 88 0 96 15 45 37 66 3 65 86 98 63 13 13 67 78 62 70 28 5 92 85 1 49 4 17 1 42 56 67 73 42 73 84 42 28 40 56 27 71 86 37 83 79 16 45 65 58 67 73 95 29 76 6 61 33 69 66 94 43 97 94 31 70 71 23 26 94 75 36 64 32 57 18 0 54 88 21 28 85 93 91 24 27 69 33 87 50 25 46 82 32 30 72 51 9 16 14 49 35 
14 36 88 39 53 87 12 95 86 89 34 72 49 60 48 91 11 16 56 58 27 22 49 13 95 36 53 24 20 91 82 69 48 16 57 86 67 58 89 85 93 75 60 98 54 28 61 82 16 35 47 72 90 83 45 51 87 63 21 62 42 85 88 82 52 68 84 75 48 35 20 62 7 40 39 58 28 30 95 8 38 32 42 97 60 47 85 70 67 2 65 76 69 49 78 3 79 60 20 25 62 39 87 56 72 15 56 45 19 42 32 56 93 36 81 20 75 69 10 60 31 56 44 99 3 89 7 27 6 79 84 96 96 84 91 13 3 39 57 0 31 42 1 69 17 17 81 69 65 36 16 86 73 54 29 44 25 41 86 40 50 76 44 16 96 47 73 96 12 21 53 7 18 98 97 73 55 39 20 86 14 69 17 39 6 24 79 81 90 35 75 88 70 70 73 73 96 32 11 43 92 44 61 56 70 54 25 52 23 73 92 87 59 78 98 15 20 3 6 14 3 85 92 85 88 68 88 42 45 18 52 92 97 56 7 4 83 73 27 72 52 56 95 25 58 24 34 25 85 39 32 97 82 4 69 57 86 93 17 14 55 46 85 10 50 18 4 93 99 38 38 69 98 7 7 25 20 34 51 79 49 97 58 44 48 12 19 23 80 50 30 46 72 67 20 35 66 5 21 76 28 76 89 70 49 29 32 60 32 77 46 60 17 73 50 44 96 54 84 71 3 42 49 31 55 32 35 20 53 70 92 52 57 94 43 5 39 66 75 99 92 10 57 84 24 48 87 89 66 93 32 67 33 57 6 8 76 1 71 90 19 77 59 96 18 49 94 55 15 18 32 42 4 35 89 55 38 89 98 70 47 99 53 33 63 54 74 83 5 55 78 96 34 56 94 71 39 92 18 4 0 92 47 86 19 77 82 16 61 10 38 87 96 24 39 72 1 6 95 81 0 93 54 51 23 37 25 91 15 58 14 80 76 13 41 72 0 63 64 4 33 24 42 17 70 47 87 16 87 9 19 16 57 35 36 60 74 58 18 70 82 18 58 89 39 3 70 87 55 22 50 46 7 66 82 1 19 58 10 27 99 6 39 70 98 54 32 96 78 88 35 82 38 49 39 93 30 89 27 9 
50 52 18 9 82 41 73 43 88 67 75 39 40 85 71 27 8 20 4 41 89 48 44 37 79 30 48 59 38 44 88 64 77 18 94 33 98 10 38 88 55 42 21 21 26 7 83 75 42 62 44 79 41 76 2 90 93 18 27 42 79 60 70 17 84 23 36 20 47 57 54 90 95 89 64 32 50 23 65 90 2 69 40 34 97 62 73 28 9 34 45 67 92 81 69 21 98 68 39 51 1 10 81 38 7 75 9 60 73 51 0 28 94 82 30 82 17 43 44 32 65 95 40 35 66 71 82 83 49 10 29 30 63 70 57 72 94 32 54 6 74 44 33 91 87 0 15 85 8 16 17 95 43 18 46 29 7 29 26 52 47 10 97 56 23 53 61 53 75 25 77 62 70 37 70 11 18 26 15 69 64 49 84 71 85 25 28 55 34 24 14 17 11 18 47 17 77 12 69 71 36 12 72 72 82 86 6 61 38 12 54 89 31 64 81 1 32 55 99 0 38 82 48 45 28 33 92 18 87 39 73 1 6 12 90 44 13 44 5 22 76 34 40 31 58 46 74 83 4 74 72 33 39 33 12 55 93 94 68 92 20 60 52 36 85 6 52 44 52 23 79 14 5 86 21 36 45 60 2 49 52 13 21 48 63 7 40 97 89 99 17 78 87 35 94 46 4 19 91 8 63 38 4 97 71 43 11 87 86 66 11 10 98 69 6 87 62 18 55 37 1 92 85 67 75 14 0 79 66 51 84 93 75 5 95 69 77 19 76 38 85 56 50 49 85 38 97 38 76 12 4 85 98 22 36 75 33 9 0 35 95 9 79 71 24 70 54 23 76 62 48 17 85 18 35 23 94 17 94 26 34 18 8 23 3 40 45 83 99 8 38 53 96 44 99 86 40 52 9 79 88 66 12 14 79 76 94 6 91 43 42 86 5 64 51 77 90 98 37 13 34 90 70 61 77 60 81 35 31 50 71 3 62 50 12 20 36 87 48 70 71 7 45 49 19 85 7 38 66 33 69 11 71 92 14 98 83 75 14 86 76 76 60 49 72 88 74 24 69 24 8 47 51 13 84 12 63 2 28 48 12 86 9 39 55 88 27 99 57 31 80 74 98 49 57 70 26 63 41 13 
60 21 97 72 16 74 67 94 34 24 82 8 50 59 88 82 36 11 62 34 85 85 36 71 23 6 59 6 49 10 3 84 62 88 65 30 4 6 93 62 38 29 90 15 33 40 88 67 86 68 59 64 9 90 27 15 7 79 51 48 46 9 70 53 77 97 79 87 17 28 56 72 60 65 8 77 26 89 19 6 75 24 47 82 62 83 39 82 30 1 38 82 43 20 10 15 47 39 94 1 76 58 24 25 67 71 60 59 29 14 43 87 36 24 15 47 35 34 83 40 71 65 69 34 53 9 91 69 48 53 15 64 23 30 41 28 85 28 87 29 19 84 19 9 80 99 66 21 80 86 99 31 57 65 91 37 4 57 0 53 53 86 27 21 79 84 5 84 96 53 43 94 54 38 33 14 6 5 46 59 2 94 44 13 86 25 83 70 38 61 55 56 76 94 62 75 69 20 76 40 55 91 27 1 71 55 39 27 88 48 20 18 69 5 49 69 60 18 3 1 79 63 90 65 42 79 49 90 52 57 45 50 35 80 74 18 47 11 22 89 7 75 11 27 21 10 53 88 94 86 96 73 20 81 55 66 35 6 4 10 37 1 55 93 29 87 32 72 84 35 4 72 74 24 79 83 50 99 92 85 50 63 52 92 23 18 13 68 43 63 26 27 26 49 33 8 31 76 80 87 78 10 79 93 17 66 83 78 10 67 97 69 4 90 93 89 65 89 71 70 68 36 32 30 39 89 59 80 89 20 16 86 67 86 71 22 95 60 58 8 7 67 66 94 66 15 33 49 98 0 9 97 61 88 58 37 90 52 0 13 55 45 28 90 79 27 83 35 56 29 2 19 15 41 49 77 52 59 53 48 30 81 2 38 91 38 59 65 64 18 89 27 60 59 74 11 76 81 3 21 61 89 72 17 27 30 8 70 99 50 44 29 22 74 47 36 31 20 90 16 62 64 59 14 1 35 93 38 55 75 93 63 39 69 46 54 13 82 86 99 49 58 48 84 51 3 26 47 45 66 58 31 89 92 77 1 68 32 71 23 69 76 88 79 37 16 22 18 92 6 55 19 43 62 23 0 3 67 38 52 81 34 26 54 4 20 14 21 8 1 69 52 62 73 98 34 49 89 9 73 
66 35 95 36 96 8 80 73 85 81 15 85 7 70 3 15 80 37 99 48 51 14 90 51 2 27 79 93 62 87 89 57 8 26 39 41 70 29 8 77 13 6 7 13 64 46 14 87 53 3 7 85 66 65 22 65 5 41 27 6 16 74 88 77 30 48 21 59 45 31 22 45 2 6 9 48 13 58 45 71 71 53 12 27 54 23 16 41 25 4 28 85 5 35 67 99 48 13 32 59 51 93 26 53 27 98 11 60 7 9 45 74 1 79 73 13 29 20 60 73 23 82 19 68 79 29 90 24 37 6 4 60 72 24 86 52 40 67 3 30 92 14 54 99 64 64 4 40 68 26 34 68 41 13 89 84 64 74 54 14 48 43 3 29 70 63 0 56 98 65 29 45 22 60 47 73 64 55 29 15 9 52 78 86 23 47 56 76 65 49 74 73 53 47 26 13 88 94 45 19 14 34 82 78 24 0 64 82 28 33 43 50 98 46 50 66 0 35 95 69 65 67 1 91 6 70 82 54 8 23 5 74 55 40 84 42 76 7 91 0 12 90 33 81 38 35 86 51 52 35 16 9 31 68 18 84 84 41 62 36 18 51 5 86 90 41 60 97 40 88 74 54 37 58 61 70 51 26 35 53 4 73 78 51 48 45 39 69 8 40 99 91 98 64 59 78 14 54 42 55 51 74 98 17 11 12 80 99 70 12 26 86 98 23 76 33 36 66 12 81 39 46 48 54 89 24 12 0 52 30 23 3 73 12 57 18 60 11 22 74 3 7 76 37 97 99 91 99 85 32 20 29 91 46 86 7 52 99 4 24 96 48 43 14 27 30 84 78 14 69 59 35 60 1 13 93 44 6 38 92 83 12 61 52 49 82 4 66 2 88 74 91 57 10 30 33 57 4 65 30 97 1 73 95 45 78 47 34 12 78 71 58 21 51 20 70 19 24 66 63 83 7 2 60 87 33 46 95 6 86 45 95 6 19 78 41 9 55 40 86 90 48 68 6 1 87 12 55 29 39 77 74 16 68 41 8 57 11 46 32 78 46 18 79 55 74 25 72 32 87 89 19 67 10 5 48 80 18 65 18 98 86 63 1 99 21 86 34 17 39 34 98 8 40 16 25 92 67 33 60 
64 6 46 70 82 59 51 88 18 36 37 83 26 54 58 96 34 31 54 60 31 56 51 34 8 90 43 88 46 21 84 5 78 15 99 40 87 86 90 47 51 35 31 51 89 76 9 9 68 78 36 78 2 69 89 50 65 85 47 48 39 85 70 42 13 20 49 95 58 70 42 29 84 2 71 36 17 63 75 26 64 80 12 93 40 94 54 62 43 57 20 1 17 35 39 61 61 14 55 64 94 64 75 17 90 77 23 82 20 74 54 97 85 14 55 85 45 51 37 15 9 37 38 28 3 86 9 52 48 17 9 33 81 29 77 97 21 58 19 15 81 46 3 3 55 50 18 74 13 19 64 89 61 24 66 17 51 18 77 65 19 85 95 69 57 11 65 34 80 76 24 39 0 79 27 2 5 63 98 49 2 30 23 24 35 82 44 35 61 92 13 37 91 25 1 67 27 77 4 12 70 62 82 38 50 86 39 40 99 84 1 97 59 7 86 99 47 48 68 94 90 67 66 5 75 83 31 65 14 52 21 0 98 38 32 12 5 91 72 37 62 91 49 59 97 23 6 34 88 21 94 66 95 78 90 94 59 20 23 82 96 95 49 51 45 57 12 45 2 55 92 52 30 74 55 75 77 99 14 45 40 20 35 86 86 44 11 20 70 85 41 44 78 55 92 39 4 91 88 83 33 95 24 46 65 3 8 12 59 38 74 21 41 29 18 47 96 85 84 96 97 35 27 31 44 28 37 63 17 44 17 83 76 59 61 93 7 50 38 51 56 26 48 65 41 29 59 76 29 76 39 79 54 25 28 75 98 28 81 62 54 58 44 29 62 41 15 48 13 63 84 69 65 5 80 2 30 52 24 21 80 12 95 11 43 63 55 16 80 47 87 37 76 61 99 54 86 71 56 55 21 53 9 62 68 74 98 90 75 34 80 23 63 70 62 84 96 42 36 11 17 72 75 26 22 84 8 85 68 27 64 40 37 86 14 74 45 51 53 94 61 68 54 21 63 26 93 41 64 66 74 62 96 19 75 72 91 15 31 43 42 21 11 65 45 87 87 20 60 97 65 45 95 67 22 96 23 8 22 21 41 39 12 23 38 1 16 56 19 26 89 67 66 23 86 28 80 18 5 12 
25 92 20 8 22 81 95 98 85 95 10 44 30 6 3 43 7 3 47 84 27 48 97 80 11 14 42 97 19 4 9 71 70 95 64 17 49 51 35 99 95 37 71 18 12 68 89 75 83 53 64 71 82 69 62 71 21 86 48 33 95 27 85 0 17 49 50 4 58 22 79 20 96 14 76 26 2 78 36 50 85 26 6 73 40 15 37 84 52 21 82 16 12 67 94 99 76 48 62 94 40 75 21 99 33 76 11 58 35 26 66 23 90 24 20 63 55 24 82 63 64 89 13 49 86 82 73 36 87 3 4 30 59 24 19 1 51 95 60 57 88 72 21 0 61 52 31 79 94 44 31 54 62 31 42 61 2 56 5 47 66 79 1 45 19 99 67 90 31 92 89 12 73 29 72 66 31 62 2 68 85 46 20 73 62 34 32 70 31 21 47 55 17 37 78 68 20 54 97 72 92 78 3 80 24 45 4 85 94 0 29 45 73 16 56 14 87 32 98 20 10 46 61 72 70 74 59 9 66 95 45 82 31 59 98 66 11 57 69 82 34 95 95 99 22 85 70 5 20 37 37 22 1 68 12 82 67 93 92 87 19 88 89 16 89 11 46 68 94 72 94 28 91 48 98 65 75 84 70 5 37 60 22 58 12 39 7 47 74 67 98 14 67 5 50 8 17 2 71 60 99 23 90 5 12 63 19 32 9 57 69 68 43 36 14 47 63 14 73 65 81 13 95 53 26 83 56 55 43 61 93 8 70 13 46 90 34 77 30 57 51 98 4 90 30 99 48 27 51 84 15 49 73 23 83 5 18 30 72 64 36 31 59 99 17 16 42 14 78 22 98 76 82 84 20 90 46 34 92 24 19 76 12 56 82 85 85 34 76 27 65 2 80 47 28 16 47 81 26 14 42 18 72 2 4 60 82 6 83 48 28 72 98 17 36 31 37 54 29 26 29 1 96 53 6 81 46 50 73 36 0 82 80 49 76 45 49 82 91 14 22 34 69 94 87 31 17 76 82 95 71 56 88 67 31 55 17 95 1 86 21 42 63 35 71 5 98 8 84 68 86 29 97 39 19 52 25 88 92 50 43 89 85 35 63 59 24 38 15 55 28 94 76 98 61 37 75 69 40 6 
82 93 80 10 65 61 77 18 22 74 68 94 15 9 81 86 51 62 4 75 81 32 72 39 59 50 47 78 49 78 60 23 64 64 7 72 18 39 8 85 53 71 1 30 63 6 89 9 89 29 79 17 9 64 4 39 28 58 73 30 21 78 5 67 63 61 32 88 43 23 45 36 37 97 28 53 44 49 9 61 35 27 93 52 23 27 64 68 88 76 76 81 0 22 84 72 58 14 77 43 82 10 66 31 93 58 77 76 88 37 4 73 10 99 94 4 14 54 11 20 48 93 22 50 52 53 61 55 10 42 22 87 88 37 89 13 15 91 46 8 47 6 45 93 83 62 53 96 8 61 78 33 3 62 4 61 97 18 61 26 18 75 72 47 55 36 50 35 66 86 28 83 67 40 53 27 2 24 90 29 89 25 75 77 99 8 78 44 20 47 69 83 45 63 14 11 43 89 9 57 1 38 54 72 67 30 15 98 56 59 2 39 61 89 60 40 56 13 24 7 87 26 17 31 15 22 8 28 38 79 66 95 82 46 90 48 96 36 26 47 58 70 51 39 59 96 51 5 3 31 8 65 23 95 79 62 23 83 24 70 16 92 42 31 62 55 19 33 5 70 40 23 42 2 98 14 37 37 89 38 69 1 37 91 4 45 28 38 58 21 63 5 7 53 71 91 30 21 21 60 13 76 69 18 90 65 72 8 2 2 15 73 46 22 87 28 52 38 53 30 64 9 2 76 67 27 4 72 30 75 73 63 38 77 12 8 99 74 58 19 74 19 36 53 53 53 71 43 19 94 98 64 37 63 85 61 11 69 62 99 6 30 99 28 21 23 53 18 49 47 4 20 19 26 61 52 0 56 51 88 76 77 59 85 4 43 92 59 81 88 79 11 70 51 31 0 88 99 61 67 46 17 69 18 28 50 96 1 61 55 51 90 73 84 40 33 98 31 63 47 19 41 11 10 69 10 52 55 18 46 73 12 43 16 16 13 81 38 34 84 66 15 95 94 77 21 10 35 35 76 87 29 90 13 5 54 93 79 13 88 70 51 59 82 94 4 30 27 1 23 97 61 60 77 52 3 37 8 47 55 55 33 25 62 68 97 49 51 83 56 17 66 54 74 0 67 57 0 14 58 
89 10 94 38 64 7 90 94 81 34 73 73 56 99 48 47 46 35 59 73 50 30 38 3 98 34 43 82 50 91 26 2 70 93 74 1 39 50 29 75 70 72 52 38 12 13 3 49 74 67 96 69 75 56 14 16 43 10 30 82 88 64 80 82 14 15 91 69 43 21 22 26 32 85 86 66 99 14 30 7 25 41 19 57 5 47 28 62 67 15 69 0 91 66 36 74 37 68 30 33 73 62 64 98 54 83 45 25 20 8 0 99 13 12 76 30 57 93 85 92 25 37 81 98 58 51 61 93 97 80 43 61 60 35 65 1 86 72 41 39 88 95 13 48 32 82 51 41 69 54 64 61 54 95 64 33 26 2 75 8 86 21 50 74 57 37 18 58 13 26 1 1 41 19 66 41 67 69 4 44 6 38 7 70 38 20 25 35 20 18 11 74 90 49 82 37 99 32 16 38 39 21 15 60 94 44 5 26 97 15 76 25 19 14 94 90 56 5 9 46 52 56 18 47 41 91 75 11 17 90 15 21 74 82 31 9 0 41 14 3 97 4 88 54 16 75 38 57 52 75 90 10 56 76 51 72 58 83 92 19 76 58 99 6 5 40 5 34 48 92 26 66 44 86 91 25 57 40 39 35 82 69 4 91 95 84 82 68 3 48 62 46 59 14 28 48 21 62 33 11 74 77 36 68 28 64 94 21 1 33 53 34 25 66 61 50 85 81 93 9 44 55 19 21 0 13 33 39 42 86 8 28 30 35 59 72 79 80 84 65 92 62 85 24 81 35 89 50 11 91 73 0 78 74 73 82 33 19 18 53 1 3 82 75 89 61 53 8 18 72 23 81 45 42 0 9 23 15 49 81 23 30 16 86 53 26 28 66 99 62 68 61 77 23 88 95 42 28 11 88 14 94 84 54 39 31 30 94 15 37 79 54 64 86 52 19 93 53 26 4 62 31 70 28 15 78 8 6 31 60 47 77 75 74 71 77 38 6 87 40 73 56 67 62 64 20 72 88 91 37 3 83 59 88 82 27 59 26 92 31 3 18 15 5 88 8 85 11 90 12 38 37 78 44 67 73 73 39 60 30 13 59 81 87 27 34 85 18 70 88 97 57 45 41 58 16 52 69 63 97 
11 71 98 26 21 49 11 26 96 92 16 12 89 80 45 95 88 51 21 76 37 73 56 61 15 49 46 40 42 7 12 96 47 99 82 8 83 62 25 64 82 12 87 97 56 78 51 67 47 61 89 58 8 94 65 38 53 54 86 43 13 33 81 89 11 81 37 12 78 85 5 72 61 44 42 19 18 39 76 92 5 30 55 25 8 33 34 84 35 8 54 43 15 18 99 88 10 82 21 50 30 12 65 33 63 20 26 58 78 46 13 94 47 87 99 11 45 42 52 37 78 90 61 29 52 66 15 92 72 19 5 6 77 57 15 17 76 63 46 23 55 45 77 0 49 82 28 55 75 10 24 91 89 25 81 60 49 18 66 12 26 49 4 33 9 29 12 99 87 66 58 8 30 41 39 63 59 65 94 80 5 83 5 99 11 58 7 50 94 66 96 54 38 13 50 90 83 23 66 11 88 88 99 70 50 97 95 57 31 28 14 41 67 91 7 54 1 28 15 50 90 36 14 5 39 43 5 8 34 91 87 12 81 35 59 5 78 72 54 96 57 66 46 30 66 9 63 41 75 79 71 90 9 17 3 20 40 6 85 20 87 56 35 66 35 68 65 35 19 52 81 69 93 95 67 98 16 66 74 47 20 55 93 59 68 63 39 1 59 93 16 99 17 54 96 84 87 20 10 68 63 96 78 24 67 92 98 85 57 0 35 95 77 10 73 53 69 53 41 72 65 78 97 10 50 69 87 93 72 68 60 71 9 95 24 64 78 62 40 72 44 84 19 38 38 36 39 37 58 45 87 35 78 50 24 40 50 64 24 50 6 67 2 0 79 42 70 98 59 70 86 46 83 63 41 78 23 13 85 95 87 25 95 38 34 4 22 39 40 76 60 49 72 78 40 43 42 99 38 74 3 89 40 23 97 75 90 21 37 10 81 99 81 38 67 32 45 89 49 59 26 3 42 98 44 27 75 39 91 31 43 17 9 16 30 12 65 91 51 84 23 61 75 23 82 56 29 30 97 19 15 0 18 89 14 19 44 17 11 29 37 1 14 88 73 61 11 35 12 44 60 92 36 41 38 10 32 98 30 60 72 22 59 46 7 82 76 45 46 95 38 51 9 38 72 3 97 70 49 43 
31 58 55 43 96 42 51 8 39 15 24 41 6 68 16 70 8 50 78 5 1 10 88 94 13 78 36 8 22 53 61 17 35 6 78 51 12 45 83 82 12 37 58 68 51 70 40 98 87 73 83 29 46 49 25 76 33 22 98 31 66 82 44 48 82 68 38 60 19 78 8 98 7 34 21 11 97 70 56 47 39 32 23 4 82 16 66 40 66 87 28 21 24 63 73 32 8 30 43 23 23 19 10 66 70 98 31 44 47 22 35 61 61 64 55 7 55 0 16 5 89 64 38 48 76 58 8 40 49 54 72 79 61 97 64 30 2 40 9 61 4 37 71 70 38 7 58 16 26 78 93 43 92 52 21 36 23 34 52 69 25 60 42 39 39 10 8 82 50 35 73 92 99 84 79 11 94 56 5 73 91 77 19 16 47 80 16 82 18 36 97 98 33 59 22 24 71 80 36 33 42 15 18 22 17 38 47 10 48 93 24 1 35 57 89 32 91 36 93 28 16 84 27 47 67 58 80 81 95 15 71 79 79 88 3 80 22 57 55 78 5 34 43 16 77 51 99 22 9 3 95 0 50 79 78 10 58 85 73 72 83 61 30 68 82 82 55 56 29 54 96 61 20 56 8 81 8 32 49 74 72 81 13 48 53 78 15 27 14 73 79 2 36 27 54 55 29 46 96 59 19 21 20 38 91 25 93 84 58 79 31 54 0 5 94 33 92 62 2 6 34 44 9 41 71 88 41 30 99 76 17 20 22 71 4 32 85 94 20 48 68 21 75 12 55 97 37 37 65 85 12 74 38 86 66 75 70 41 98 97 59 44 34 53 81 37 93 78 36 90 10 35 10 0 11 66 13 33 45 18 85 61 95 75 40 30 56 2 43 92 25 97 60 67 31 21 28 57 58 2 87 72 52 94 56 87 87 41 86 38 1 11 69 17 6 39 89 13 25 84 60 49 20 11 56 18 41 13 4 33 29 41 10 49 57 47 62 14 66 73 38 72 77 6 3 60 21 89 1 36 59 27 20 23 71 6 64 48 25 81 82 5 18 63 36 51 38 34 3 81 55 7 32 78 26 46 15 75 51 93 91 56 93 86 88 22 90 95 26 57 86 49 69 59 49 7 73 79 95 21 
83 46 10 41 65 62 8 82 25 66 23 72 6 91 71 62 44 32 1 70 70 63 53 58 5 8 17 78 18 90 96 13 81 13 2 5 48 4 56 54 99 56 90 73 14 26 30 39 92 64 93 85 61 37 62 60 94 17 91 99 89 33 67 5 2 45 65 88 15 24 61 64 71 31 99 51 36 36 34 73 23 79 0 88 2 51 0 67 89 5 38 28 56 7 29 87 98 26 77 53 37 52 76 53 81 54 12 41 25 8 28 44 22 34 99 34 77 88 78 70 5 4 81 58 80 87 24 93 45 31 80 5 15 94 46 9 84 76 49 78 61 62 33 98 84 52 3 69 51 55 66 31 63 54 56 8 13 88 85 94 32 44 99 40 13 85 95 79 21 25 76 98 9 57 33 31 91 50 5 10 96 94 53 1 85 28 67 11 61 48 1 38 96 43 30 16 45 15 23 28 75 47 43 50 28 6 51 15 74 63 90 11 46 49 65 29 23 13 74 64 90 28 64 30 69 66 1 91 96 77 45 73 60 38 64 42 65 22 95 0 71 18 49 70 18 72 65 2 36 88 39 75 64 54 6 96 69 88 89 10 94 97 17 3 17 2 12 93 8 90 74 56 83 57 72 9 55 5 58 3 89 6 87 63 65 98 19 51 53 91 91 45 21 59 92 60 28 20 73 60 96 79 49 91 1 13 72 0 24 77 94 62 89 85 60 15 48 86 74 88 47 46 24 4 21 44 57 40 75 97 63 33 53 64 98 19 52 96 21 82 91 65 40 41 67 40 34 91 69 69 97 14 47 88 44 73 11 63 60 94 95 37 1 76 95 77 80 48 12 35 11 70 26 91 84 67 42 91 26 5 73 8 80 40 89 77 92 80 94 32 46 10 28 39 27 82 36 64 66 75 84 91 94 65 91 75 76 64 53 2 64 39 75 78 15 29 91 17 45 93 54 66 78 61 38 19 98 95 21 46 97 57 66 60 78 96 47 32 17 92 69 77 16 59 79 39 88 32 34 43 27 63 68 67 8 98 84 47 70 74 98 64 60 32 71 95 55 57 68 2 97 11 53 9 9 26 13 12 80 56 94 79 15 8 7 86 24 1 81 2 62 85 5 93 94 15 78 72 71 67 
53 63 86 27 15 67 78 1 77 44 55 22 31 48 69 1 5 12 95 38 51 84 44 93 8 36 99 3 16 70 73 16 74 12 94 57 72 41 0 81 79 84 96 69 79 24 5 61 65 93 88 68 15 42 81 91 88 99 19 57 0 44 24 81 38 7 59 35 58 59 49 51 63 44 21 51 51 88 33 33 67 80 17 76 26 88 52 12 89 92 12 94 20 7 73 44 98 29 39 40 3 66 66 20 45 18 31 6 69 94 14 44 29 48 10 99 17 65 69 14 49 91 22 67 98 22 68 9 44 27 98 68 4 18 27 18 3 95 18 44 68 82 14 25 66 65 97 65 31 56 53 43 50 24 90 62 45 30 56 41 4 44 60 36 37 19 38 5 30 97 88 87 68 12 97 90 58 66 96 98 30 20 6 28 57 87 86 34 25 98 98 70 23 59 28 63 20 29 9 85 95 29 12 60 74 76 56 22 70 55 0 43 43 93 89 40 18 4 79 61 4 90 99 27 85 33 61 41 34 47 14 68 33 32 85 37 65 49 53 2 79 25 54 62 4 96 48 79 39 88 79 98 28 66 86 59 67 89 84 97 66 50 64 49 54 54 79 12 73 96 53 51 20 19 35 31 44 33 72 60 72 99 63 2 71 14 31 91 24 22 14 1 4 2 60 45 65 97 97 27 11 14 32 69 38 42 90 6 93 92 73 98 11 68 20 47 98 86 10 38 7 59 96 0 58 1 19 98 0 98 99 92 69 49 49 83 62 54 3 57 18 23 86 54 71 16 50 37 81 20 18 0 49 52 19 57 99 27 80 42 15 22 30 97 22 18 83 69 86 31 78 88 42 76 4 3 78 91 23 17 25 99 78 42 90 35 43 82 24 78 33 47 47 90 72 91 59 96 10 19 10 46 44 24 13 98 50 36 23 4 83 75 87 43 45 15 73 58 97 92 78 81 53 22 96 58 89 74 4 79 23 48 89 15 78 17 97 38 75 25 28 34 1 75 74 49 66 77 24 83 15 49 20 71 25 11 66 48 53 4 26 45 34 51 22 93 16 84 2 59 50 13 59 67 73 22 93 85 45 12 7 10 33 45 16 37 49 40 48 79 12 52 33 54 13 96 73 40 94 81 
28 93 44 48 32 28 94 71 29 95 61 77 72 24 47 94 80 76 46 66 57 99 34 22 46 42 36 13 90 80 93 42 8 11 5 80 54 4 23 97 99 20 78 84 34 65 22 7 32 10 95 18 4 14 5 84 66 28 47 10 69 14 73 55 16 19 87 43 55 39 55 73 29 72 55 43 34 89 37 82 89 24 16 82 62 15 63 28 40 89 16 48 29 18 56 81 55 22 47 6 7 48 85 84 69 2 13 26 80 51 76 80 68 58 71 46 40 64 98 87 92 93 20 64 1 9 41 54 45 27 2 70 34 95 39 47 58 34 91 75 96 65 88 95 21 21 51 48 13 74 75 66 98 39 92 1 40 23 22 4 76 29 34 24 68 53 98 94 60 51 37 83 40 42 43 78 81 86 25 58 93 44 46 50 36 13 62 48 86 94 1 31 56 63 38 21 57 17 39 91 81 65 49 65 65 82 12 55 9 22 4 60 76 70 5 4 19 70 88 89 81 86 54 60 9 33 53 57 28 63 49 52 23 7 71 45 6 67 49 60 33 24 89 67 23 60 87 58 26 42 73 25 37 75 51 15 39 61 44 92 5 27 21 55 47 45 4 1 81 47 39 59 83 44 14 79 5 87 44 60 35 15 30 29 21 43 49 75 81 96 23 71 57 56 51 72 94 17 81 22 50 66 34 24 28 47 46 36 61 22 57 42 53 47 89 76 39 5 84 68 55 69 51 87 82 76 51 35 5 90 18 12 32 55 34 95 54 83 57 37 67 31 12 21 65 47 39 40 87 85 88 76 21 52 24 35 81 20 73 20 57 80 36 58 21 78 87 55 8 27 60 65 76 90 31 92 93 87 81 74 9 56 96 89 94 81 84 25 45 36 4 41 63 84 61 12 1 55 96 68 73 19 28 82 29 12 77 98 48 88 79 39 76 28 12 81 72 70 11 19 49 9 7 56 92 88 79 40 80 45 58 73 37 75 40 7 38 32 27 71 61 6 93 81 77 17 56 16 39 69 73 56 15 44 70 11 13 92 46 78 80 92 50 65 73 20 58 24 98 77 27 75 9 26 12 58 96 15 36 16 83 61 95 76 28 98 35 66 13 93 5 24 78 42 89 96 17 60 65 19 
39 98 98 9 69 26 29 60 21 95 0 70 11 65 54 76 13 36 47 81 18 86 65 12 80 11 41 50 57 83 44 74 54 91 17 26 37 58 11 44 84 3 62 79 88 36 19 99 28 21 14 60 25 19 99 41 28 62 60 65 87 86 17 36 86 75 3 47 28 16 55 9 50 71 78 55 33 62 22 76 45 31 74 59 68 28 35 83 81 47 67 50 83 69 75 31 55 16 40 79 9 47 58 94 3 2 34 9 54 6 84 34 4 2 58 67 31 61 84 49 4 13 35 36 41 6 22 39 64 12 87 83 65 17 11 32 33 60 31 20 95 0 59 76 86 99 56 44 20 76 20 74 83 36 71 35 65 13 89 40 29 69 58 71 19 16 9 44 94 97 39 12 19 46 40 79 86 55 17 83 16 14 12 94 74 34 22 74 79 67 0 2 57 62 17 90 26 57 25 50 19 61 2 91 25 75 46 80 91 38 82 36 3 60 93 84 18 24 92 8 77 94 73 48 66 99 24 38 56 87 29 66 81 97 72 43 36 18 13 44 12 32 79 14 23 31 69 46 40 73 92 76 18 4 88 33 96 79 68 25 48 23 80 6 23 78 96 30 18 6 84 87 78 34 97 77 38 3 11 39 42 12 76 50 67 25 82 13 22 20 82 63 5 37 62 41 16 19 31 64 0 14 2 56 47 1 21 72 70 84 67 68 19 51 8 3 67 33 19 31 48 76 20 57 25 11 75 61 65 83 56 1 2 18 25 21 89 93 29 81 23 3 49 56 73 14 76 25 7 52 36 94 24 12 56 75 94 30 22 70 46 10 55 16 63 99 73 75 7 16 39 37 80 18 64 69 13 77 83 11 65 47 69 40 81 43 13 52 27 86 68 92 11 11 28 74 47 37 45 4 65 74 34 97 13 99 89 28 72 17 84 17 65 49 36 44 47 53 5 52 52 30 46 31 76 56 31 88 60 85 3 94 12 96 3 1 36 81 10 3 32 49 30 18 65 38 29 40 13 1 45 43 56 77 39 9 61 31 69 34 46 80 31 16 53 69 66 47 4 84 76 91 49 64 59 87 27 72 41 44 11 12 27 84 38 86 4 77 73 71 12 78 37 83 41 6 86 70 25 34 
20 93 78 30 93 39 37 5 60 97 66 64 49 64 70 66 57 28 41 23 22 68 9 27 3 99 63 3 86 20 86 26 94 58 46 35 77 87 61 83 21 91 63 17 90 72 63 86 0 43 66 47 57 0 41 74 84 7 70 62 25 8 5 31 67 3 13 16 29 10 53 44 96 41 22 35 99 56 61 65 1 16 2 29 3 43 76 94 57 75 78 95 78 21 51 54 34 44 7 94 56 15 27 74 51 88 98 41 67 64 99 42 14 92 90 80 26 85 22 56 43 54 67 25 83 92 13 19 40 86 38 90 15 27 4 75 29 74 32 64 65 55 86 2 94 43 64 40 97 97 30 74 97 11 84 12 34 50 45 7 70 57 1 10 35 27 77 28 43 56 25 76 55 83 90 8 94 36 46 87 2 37 82 96 47 64 49 55 42 69 36 20 36 88 68 69 90 87 94 23 6 63 58 60 6 55 55 92 54 77 52 20 46 61 18 75 96 76 94 27 37 29 38 81 1 59 24 7 5 57 55 87 81 57 44 10 72 19 19 56 95 2 98 90 43 15 60 95 59 11 12 16 24 42 94 98 19 65 84 24 29 86 68 91 6 25 6 89 37 4 9 92 62 3 97 68 97 13 82 49 3 14 40 54 65 74 64 16 63 42 41 30 24 54 94 91 86 62 9 57 13 25 99 12 80 24 92 7 30 7 54 67 15 92 21 64 2 43 78 52 89 48 87 70 79 34 20 49 6 88 99 16 8 20 8 75 19 51 18 41 39 32 91 63 56 86 34 12 39 22 16 49 99 14 5 62 17 43 55 84 92 20 85 24 87 23 78 48 58 77 82 81 75 89 81 77 86 0 36 79 90 51 35 43 31 35 40 85 59 4 12 36 43 62 1 31 8 2 13 33 97 1 57 98 21 19 80 17 62 3 32 22 39 23 29 7 59 64 91 12 74 89 2 30 92 48 37 52 84 92 28 10 19 66 5 3 80 67 6 24 28 48 71 22 23 18 50 91 23 20 89 61 12 12 72 52 88 44 77 33 80 88 70 7 47 79 82 95 69 21 33 51 55 88 23 22 21 4 33 89 4 4 71 11 32 88 45 63 25 72 14 71 75 91 56 49 11 6 47 22 
63 81 74 97 48 27 33 94 96 81 87 94 3 49 79 44 24 72 65 49 79 84 79 43 69 44 56 89 63 43 41 65 19 69 61 76 95 61 44 5 42 0 4 91 66 88 99 33 48 15 40 0 79 11 1 94 76 55 12 94 25 25 83 39 61 21 75 15 92 40 43 23 33 56 14 46 97 19 68 74 69 56 30 64 11 80 35 86 42 74 98 86 28 86 91 90 45 36 87 1 99 52 98 90 23 78 56 93 32 83 4 52 54 57 32 25 24 49 10 17 51 93 15 52 58 50 50 70 27 57 48 2 58 45 84 91 58 57 22 54 75 10 19 77 70 83 30 21 94 70 62 41 59 40 69 38 2 26 67 67 28 44 90 26 59 73 21 94 62 66 29 14 28 94 34 12 44 16 26 47 83 0 20 6 64 77 78 14 49 30 88 89 29 15 76 74 27 26 10 14 73 48 22 10 12 8 84 96 58 50 6 91 6 8 13 30 45 70 76 88 35 52 31 34 55 66 97 14 81 56 29 5 23 4 91 83 80 25 47 85 80 17 93 84 76 0 10 72 59 67 60 95 55 1 29 96 45 75 81 21 22 30 49 63 64 93 77 32 81 14 33 43 97 66 1 30 63 8 54 64 36 58 6 97 0 73 42 32 70 75 20 93 19 21 61 22 52 49 93 20 29 88 74 51 32 60 11 25 27 3 67 32 60 4 23 73 20 90 95 46 92 76 99 37 53 17 70 97 91 12 70 1 84 31 75 94 39 89 4 70 10 36 26 55 71 67 21 92 23 73 14 56 40 26 37 61 70 95 96 70 76 89 8 9 70 41 94 39 21 75 43 6 8 14 1 98 2 95 96 70 29 25 84 50 44 76 84 87 78 58 31 9 27 86 76 20 76 1 12 90 85 69 90 41 10 69 25 29 34 75 33 85 72 91 65 11 73 86 10 2 83 17 94 32 98 26 85 76 46 14 0 2 39 0 65 30 64 81 90 31 11 38 51 84 49 99 21 87 61 84 83 28 55 7 66 43 1 79 12 82 37 46 25 60 47 36 97 27 46 98 36 52 75 42 60 5 34 17 32 14 26 88 14 48 49 18 8 96 1 28 4 54 41 82 66 21 90 38 38 61 
82 64 52 81 15 36 15 86 96 41 59 51 8 82 0 47 34 74 97 46 89 62 26 81 25 6 82 1 75 22 55 11 54 40 13 78 63 20 3 45 78 12 10 87 14 16 90 74 88 49 56 40 95 98 25 67 82 34 21 32 21 91 79 36 94 51 78 11 25 80 9 87 48 96 35 77 9 98 80 21 86 17 40 57 38 70 77 87 50 4 51 47 4 50 7 27 98 71 78 74 49 93 89 40 65 44 18 42 73 26 72 10 31 9 94 6 3 1 97 57 74 34 3 54 8 57 66 10 37 76 17 15 68 52 56 68 16 34 32 15 42 55 28 94 94 50 22 81 65 88 25 51 83 43 95 15 6 5 64 51 42 10 27 15 0 93 9 36 32 17 36 68 62 59 14 48 58 58 64 18 22 70 39 85 41 73 76 40 19 61 86 12 72 94 72 60 11 30 22 93 69 73 20 27 40 31 93 0 86 96 94 52 24 96 40 69 7 58 14 74 5 19 28 65 30 58 10 67 76 76 22 60 43 85 93 47 40 47 0 1 87 94 19 58 75 47 17 15 46 98 54 87 58 33 80 96 79 10 60 41 37 36 67 34 77 91 69 41 65 36 69 7 32 13 30 99 11 95 5 40 90 22 29 94 20 82 68 0 17 32 94 30 20 65 56 73 68 17 62 48 13 45 77 74 60 78 5 36 17 57 9 40 49 99 67 39 30 97 20 80 70 83 65 68 50 92 76 68 60 23 23 34 84 72 2 19 14 27 27 76 33 14 34 40 51 59 63 10 19 27 33 23 7 71 58 27 58 82 11 82 26 0 58 37 0 12 2 87 67 18 57 12 34 39 1 15 91 88 39 14 55 41 1 64 30 62 13 66 71 33 55 36 62 25 35 92 86 71 86 96 79 31 8 87 61 35 82 13 31 94 96 15 87 62 78 17 27 52 16 88 70 60 26 67 47 31 25 76 62 31 33 81 10 18 46 30 44 10 20 62 15 93 80 24 62 16 57 75 66 89 70 0 35 58 62 32 63 43 85 92 78 60 62 85 30 51 86 81 28 82 92 92 25 72 47 50 38 1 75 69 31 73 91 39 28 47 91 9 96 65 93 78 94 21 70 98 98 88 88 3 
14 27 62 2 26 64 9 64 15 81 59 97 64 31 41 70 33 37 76 13 9 89 98 7 88 15 41 78 97 72 24 61 88 82 73 75 17 93 85 61 82 4 71 74 57 53 51 80 80 62 31 81 80 82 50 82 77 18 13 3 51 24 81 3 39 62 61 18 61 37 68 79 86 68 89 19 33 43 54 48 1 0 17 68 51 70 40 29 80 90 72 42 87 63 20 79 39 54 41 52 75 90 81 66 49 54 95 58 5 48 32 73 75 97 16 48 21 28 68 34 36 69 88 36 43 81 31 97 5 20 75 86 78 21 96 23 59 44 70 2 26 66 11 68 45 42 87 52 27 1 25 70 76 17 90 17 91 63 48 68 52 61 9 23 48 95 93 78 14 73 75 69 58 11 44 7 19 43 66 89 52 30 62 42 62 21 35 74 30 64 74 21 69 62 91 21 74 57 35 2 0 82 66 94 40 19 23 81 30 81 94 47 82 44 96 39 53 19 98 57 33 88 56 15 7 56 78 20 1 58 75 96 44 9 6 4 90 35 40 86 48 33 40 48 12 18 76 39 12 85 62 19 89 6 89 10 17 83 99 56 9 30 67 13 43 89 83 36 11 84 90 80 68 5 11 32 80 52 52 52 54 28 83 47 19 71 82 85 26 50 64 80 43 32 66 22 30 54 66 59 30 23 95 52 18 61 13 61 68 1 88 45 96 12 4 17 78 57 9 42 30 34 79 29 2 66 72 69 2 30 68 43 7 51 45 4 11 66 43 37 63 6 65 89 70 28 78 50 75 21 17 62 56 57 27 90 36 76 37 10 45 99 34 19 51 45 37 90 44 65 27 30 48 48 6 35 9 73 10 35 77 89 84 23 26 8 83 63 88 82 29 4 98 23 41 88 5 20 8 39 32 67 66 84 17 17 37 11 70 70 63 85 38 84 26 72 24 90 11 37 97 62 60 24 87 67 83 57 28 87 82 44 15 74 23 11 39 48 62 56 25 83 8 5 98 21 43 44 95 24 27 57 3 28 87 25 70 17 40 33 0 45 11 73 4 86 4 79 39 17 10 26 81 35 61 41 50 6 48 83 99 24 23 36 20 72 70 50 99 79 29 10 55 52 4 21 81 41 30 25 
39 46 35 96 15 82 63 95 36 93 72 28 29 15 70 74 25 40 5 65 49 49 41 84 85 29 40 38 45 99 14 67 51 58 20 81 60 2 91 11 3 51 65 93 56 4 81 62 86 86 95 68 98 5 55 95 68 49 18 57 88 35 84 28 51 8 24 23 17 64 9 52 3 0 96 3 87 49 5 39 15 57 89 81 12 77 17 8 25 79 66 61 35 25 10 10 88 87 94 20 47 10 73 80 19 99 90 26 30 9 69 32 42 55 75 11 53 54 16 40 76 93 58 19 66 77 88 20 60 39 94 35 51 43 14 93 17 20 92 38 54 21 2 74 7 33 51 29 41 0 25 52 33 51 54 98 18 9 46 70 55 63 44 96 36 72 73 6 34 22 29 35 27 2 14 48 39 51 34 30 0 41 53 28 7 10 21 20 79 90 79 85 44 88 68 89 98 38 0 50 41 63 52 2 99 14 13 80 55 83 84 3 73 77 75 28 99 83 73 91 10 77 82 81 89 53 73 72 5 68 71 90 82 92 93 84 96 30 51 60 85 19 23 94 1 52 91 8 35 60 73 85 53 12 29 3 30 84 76 21 95 52 36 17 46 3 67 73 55 51 62 98 22 2 0 19 89 6 41 38 11 75 58 0 31 50 11 86 52 21 26 43 57 77 72 68 78 55 37 2 1 77 49 34 30 10 68 68 10 8 56 12 65 56 40 53 12 15 23 99 41 58 68 51 11 32 51 11 42 98 53 41 93 23 72 95 53 12 1 95 51 59 6 42 23 10 77 56 6 91 8 48 42 50 74 12 2 76 66 36 54 55 38 83 92 18 87 88 54 70 48 97 39 16 41 99 53 85 10 58 69 33 63 31 78 66 69 1 27 10 68 72 90 30 9 0 36 36 15 35 70 22 67 55 83 39 73 64 28 25 98 27 45 39 6 8 79 47 9 20 18 84 2 16 80 88 17 52 43 96 78 61 27 79 15 3 77 33 92 56 51 58 35 69 27 80 92 20 27 6 86 61 95 24 86 96 64 34 25 56 87 99 29 44 43 85 71 83 6 48 49 12 63 51 94 56 52 79 33 55 27 18 46 75 19 74 70 76 84 54 10 13 38 59 50 94 88 43 60 18 
67 52 7 80 91 49 97 5 42 30 10 4 97 9 42 73 69 11 15 45 18 56 92 75 17 41 49 6 96 77 26 42 84 96 62 1 36 18 15 84 93 6 68 73 6 66 76 26 42 63 29 7 86 60 70 89 97 10 5 69 7 79 27 64 36 94 22 25 62 0 98 46 61 65 88 79 38 64 13 14 1 68 20 78 96 86 78 94 78 29 43 38 3 74 63 32 31 1 31 94 94 16 69 5 13 89 33 14 13 87 27 12 25 14 44 59 4 4 79 51 82 83 23 83 93 41 84 61 18 43 25 95 35 38 60 83 92 30 34 69 48 63 73 41 41 30 34 16 11 40 91 27 71 54 45 6 4 73 51 10 21 47 16 13 62 62 53 80 17 1 39 92 55 89 33 41 51 33 25 64 91 54 7 34 90 49 24 58 2 70 7 13 43 17 44 71 26 59 28 89 48 53 13 94 68 86 75 89 8 62 14 6 90 29 63 68 87 63 80 17 84 44 8 81 51 86 23 51 62 68 92 36 67 50 5 83 19 47 42 39 51 31 72 23 84 62 27 78 79 80 90 68 54 27 56 97 9 32 13 70 74 58 79 60 92 29 73 3 72 29 84 0 45 97 75 58 43 22 44 70 1 63 77 48 58 2 2 86 37 95 26 19 78 65 63 92 3 84 90 56 58 96 37 64 59 88 41 94 27 65 53 6 41 84 17 29 21 62 62 82 74 76 55 78 18 94 0 74 48 21 36 67 21 98 89 90 1 61 88 1 89 45 75 24 58 13 80 38 49 40 37 7 93 90 28 50 72 9 86 88 53 20 80 47 64 90 39 30 13 56 49 2 86 61 72 31 72 83 74 77 7 71 78 10 7 42 48 22 33 58 0 47 65 8 57 99 28 59 72 70 50 56 92 19 96 19 41 61 2 4 92 90 41 92 1 27 36 55 90 91 4 99 2 35 13 3 31 66 61 69 67 24 12 5 41 0 81 82 85 51 22 32 4 69 15 68 96 69 93 49 39 66 92 24 32 33 22 90 75 23 18 59 98 24 14 64 30 74 24 75 44 30 25 12 4 62 36 5 18 62 77 65 28 55 11 58 74 56 82 44 2 76 22 71 10 87 33 91 84 31 
6 60 17 25 60 37 57 62 3 11 96 84 40 66 65 35 85 53 65 62 27 52 82 61 94 48 52 88 39 46 83 58 1 75 80 67 35 58 50 13 81 87 23 67 74 36 46 55 51 57 43 9 26 43 88 96 57 5 61 22 70 55 96 90 34 74 35 77 79 97 49 34 43 60 60 34 39 51 29 92 32 62 72 88 10 48 63 63 52 30 61 87 56 54 62 51 8 91 24 81 78 22 44 89 76 9 70 51 19 32 4 93 90 23 12 97 22 66 68 54 61 27 57 27 87 19 98 86 36 89 46 39 62 60 98 22 97 56 93 28 13 28 90 11 92 98 81 42 64 35 67 65 29 36 2 12 41 77 78 69 93 20 33 72 97 24 76 11 91 73 95 38 49 68 85 88 31 92 44 57 45 89 16 13 38 85 4 21 44 56 21 26 69 51 28 84 76 90 10 64 94 12 14 23 18 61 38 92 67 61 59 66 10 13 50 85 9 46 76 50 83 10 51 81 83 46 14 21 93 8 16 19 27 17 56 15 77 24 36 88 53 15 19 33 97 81 91 59 69 39 62 45 6 20 15 67 98 23 64 21 35 18 95 66 0 94 43 11 10 14 83 11 18 11 27 64 55 43 25 96 67 58 75 29 63 97 78 19 92 93 57 68 29 70 20 35 54 85 75 11 83 48 97 56 92 35 99 31 52 26 4 95 10 31 93 5 2 21 5 39 86 46 81 45 7 55 30 14 24 65 41 80 70 18 43 13 64 95 31 41 38 63 89 23 35 35 71 80 12 46 47 93 11 94 49 0 19 37 64 69 4 86 67 12 37 8 44 98 13 67 71 23 13 91 75 52 71 7 37 51 97 87 81 44 37 98 58 82 5 32 36 74 2 10 1 24 47 27 11 17 15 74 9 99 9 7 51 38 34 31 36 32 4 7 26 40 77 82 79 67 72 13 95 98 98 4 75 22 20 45 49 28 96 90 65 23 44 62 31 45 51 76 68 20 19 29 46 41 99 57 4 3 71 29 24 1 93 84 79 49 97 99 10 55 61 66 24 26 92 26 48 29 37 6 30 32 36 42 23 71 32 57 78 0 79 62 99 45 0 62 47 48 93 6 33 13 24 41 46 36 
58 80 89 70 15 99 75 42 56 65 6 96 99 31 50 59 8 28 57 62 13 3 69 16 41 72 30 4 61 97 0 93 33 15 51 95 86 65 74 55 72 17 59 99 99 92 67 85 44 4 58 76 46 63 43 53 15 33 3 75 11 74 54 72 40 44 41 69 54 29 48 47 23 72 59 29 53 96 61 31 94 52 95 76 18 41 42 64 28 29 65 68 59 32 37 40 86 67 75 43 84 7 79 26 56 74 38 84 76 60 85 4 29 90 95 48 91 45 10 94 60 42 23 48 22 98 8 40 38 99 15 73 67 40 90 24 78 30 97 2 38 87 77 66 61 25 21 98 7 34 2 42 20 18 35 29 79 6 23 14 25 91 61 59 43 91 98 50 51 16 70 28 24 94 14 87 48 72 74 1 60 25 44 3 30 12 0 37 54 23 43 29 26 56 79 10 31 32 93 50 55 9 73 10 26 81 22 29 81 47 53 25 17 36 66 75 30 35 77 97 55 68 51 22 3 82 16 18 26 92 39 29 69 92 17 72 21 14 28 90 83 0 93 11 57 34 86 22 18 74 30 63 33 67 26 80 32 45 7 53 6 52 98 6 52 70 23 86 66 31 65 66 73 58 85 68 6 39 25 8 73 93 69 4 82 0 28 59 6 63 5 95 58 22 65 84 76 22 62 28 76 53 31 47 51 61 3 36 60 97 79 8 38 58 97 71 53 66 82 77 64 70 95 42 97 43 74 24 44 55 8 7 68 20 79 95 33 59 54 78 58 61 38 36 13 37 40 61 77 80 8 21 91 88 63 32 74 3 46 41 80 85 57 35 18 98 40 13 51 26 44 41 75 42 65 91 51 45 6 17 60 26 6 96 65 85 13 50 83 49 56 20 19 88 20 87 3 72 5 26 18 34 75 41 12 43 65 63 79 58 48 57 38 5 1 45 46 67 59 46 6 78 44 54 33 51 87 33 43 18 13 89 16 67 63 32 82 65 54 18 24 99 58 23 73 5 57 56 73 25 3 56 13 36 30 91 83 11 55 29 42 49 32 35 38 39 37 67 30 42 40 3 64 85 98 22 13 29 92 62 75 21 84 14 43 47 29 25 35 77 77 65 13 35 26 16 63 22 74 41 
88 20 6 93 53 56 86 95 34 1 51 33 17 20 58 73 35 22 93 70 98 89 99 34 76 65 78 8 49 45 34 38 71 92 18 78 53 68 89 5 81 27 89 29 81 94 84 15 51 2 21 57 61 69 94 30 29 44 30 80 7 11 93 23 90 22 51 1 97 7 59 64 48 18 0 66 20 65 72 46 73 72 50 86 26 70 0 3 45 50 68 91 20 84 53 25 39 72 0 98 12 76 40 29 8 58 48 14 32 28 59 10 38 87 85 84 15 77 55 81 99 3 84 76 93 55 1 97 1 18 63 28 31 5 95 33 44 81 36 26 62 61 82 44 56 81 11 25 73 37 34 80 50 25 45 51 92 91 83 32 98 49 36 42 11 2 13 38 80 93 6 73 24 22 75 63 77 66 2 63 24 46 43 68 36 82 1 87 26 26 88 62 3 60 75 41 52 49 30 96 29 70 16 63 21 0 55 66 78 11 41 89 63 97 41 77 4 17 54 94 99 91 4 38 47 54 11 58 34 48 14 80 66 50 8 86 12 71 66 82 25 3 9 20 29 17 54 28 68 53 55 21 38 59 72 9 71 87 93 6 23 57 21 54 48 95 99 56 3 42 58 74 68 40 47 8 75 26 14 69 45 70 69 73 31 69 95 38 20 5 0 32 20 62 23 7 66 18 96 57 27 95 97 61 35 2 82 56 85 76 84 4 7 52 78 87 37 35 48 54 26 26 37 96 45 2 65 89 58 1 53 1 3 98 59 33 57 40 34 47 10 78 61 66 64 40 94 97 45 78 71 98 96 58 88 74 72 24 18 72 91 96 59 24 8 89 37 4 41 2 99 75 24 4 1 76 98 73 57 53 70 28 66 26 46 29 6 55 99 90 95 66 59 52 21 75 36 90 29 11 12 86 19 57 57 58 78 86 27 23 13 15 76 83 12 8 24 53 90 59 79 65 21 43 40 93 4 34 66 61 31 94 42 57 73 12 5 65 70 15 88 17 36 57 87 4 61 0 41 97 95 50 11 65 59 16 13 17 9 75 81 96 24 98 35 97 5 83 39 8 84 80 39 22 85 88 98 66 35 53 78 29 84 33 47 7 69 60 41 4 6 88 85 46 32 27 82 29 92 68 
25 41 19 89 28 80 65 66 27 50 6 14 92 1 23 59 55 9 68 75 73 96 8 70 15 88 74 33 40 70 61 43 90 18 74 59 23 82 18 50 56 44 68 45 91 41 70 46 83 37 75 17 33 7 26 24 94 59 3 86 40 25 91 59 9 93 15 41 18 0 39 59 79 89 34 57 6 63 82 73 45 43 21 1 40 75 45 88 90 79 24 54 61 49 17 75 59 4 20 72 80 14 23 77 89 56 16 16 95 28 57 45 2 0 24 14 53 64 72 89 23 90 58 30 95 57 93 84 10 4 4 1 61 71 19 47 12 2 49 2 34 51 66 39 75 68 12 58 24 42 67 73 36 91 74 83 8 95 42 91 65 75 65 69 95 56 32 15 51 20 90 4 40 30 27 79 45 15 27 43 79 64 29 84 58 73 28 3 80 96 66 10 75 56 79 9 65 53 8 44 18 58 43 96 89 19 32 52 84 46 90 12 58 56 77 3 21 80 12 84 75 24 59 29 81 84 53 0 24 89 64 90 89 37 73 25 8 51 29 15 92 16 33 66 19 20 66 81 14 12 31 69 31 39 6 7 60 43 59 13 21 34 58 5 57 89 5 78 6 70 35 94 59 24 24 89 91 70 56 40 41 91 43 46 45 97 4 6 78 87 89 24 97 65 88 43 36 15 58 98 72 21 24 53 26 4 43 90 98 99 56 76 69 66 17 90 58 7 62 97 66 95 69 36 63 5 42 78 35 2 46 61 7 60 62 8 5 67 62 79 4 81 36 78 59 43 64 22 60 16 0 21 6 58 26 95 7 15 42 81 22 70 85 28 30 27 11 65 45 36 4 42 32 99 53 34 56 54 61 4 79 85 23 87 32 90 48 78 71 29 31 69 76 8 8 53 26 10 40 60 69 84 18 90 56 68 23 27 98 49 69 36 29 59 93 71 10 28 84 68 30 7 20 36 73 30 48 64 12 87 98 48 18 61 21 73 40 44 46 32 3 70 4 16 93 6 93 59 69 35 46 94 1 9 30 46 61 66 28 39 55 56 94 77 18 44 87 45 14 85 26 68 98 18 91 92 85 78 17 90 29 80 11 96 77 13 36 46 27 72 96 15 63 64 43 70 97 77 34 98 
63 18 49 44 19 16 23 13 51 52 14 71 88 41 11 5 18 47 40 67 41 67 42 55 28 73 87 98 11 20 57 78 1 57 71 12 23 11 16 12 95 12 29 35 27 49 38 70 42 91 12 51 32 93 95 30 91 64 98 45 48 75 73 30 10 52 82 29 49 48 88 7 43 82 33 78 88 10 0 78 50 69 90 1 36 4 63 99 56 24 41 0 38 43 3 5 93 9 82 95 37 6 73 23 94 25 89 93 81 29 64 77 44 52 14 89 85 73 35 26 98 17 70 53 3 75 8 25 93 81 83 4 75 6 17 2 41 39 55 7 59 10 2 21 41 38 73 36 18 2 91 46 21 36 33 46 32 46 22 63 40 76 30 19 0 44 92 76 41 83 82 94 3 42 31 72 17 61 27 67 35 53 66 95 92 57 62 28 72 68 54 47 6 59 27 9 32 97 5 70 40 92 87 3 51 84 93 38 56 99 48 30 78 20 29 5 26 44 56 81 15 86 12 2 62 90 53 49 77 46 92 44 80 22 38 41 48 20 66 63 17 29 58 32 89 29 40 81 57 17 27 3 93 68 2 90 69 6 28 45 78 81 96 22 81 0 30 68 57 85 99 87 94 24 52 19 64 98 23 14 45 28 70 54 4 59 63 42 0 1 65 93 37 80 59 38 37 8 67 72 5 63 60 47 85 73 37 47 55 2 63 17 52 79 61 81 50 40 74 80 31 25 78 9 98 54 97 89 6 66 7 41 8 17 25 92 87 5 38 94 99 99 13 77 17 53 17 9 30 14 42 76 71 0 14 26 38 22 82 99 92 45 11 80 68 16 9 87 74 85 69 55 81 16 2 36 12 69 98 31 70 55 70 8 86 31 8 93 38 94 30 90 83 42 17 38 22 79 80 53 94 2 32 91 90 20 65 26 61 96 82 97 17 59 82 60 34 9 30 74 36 0 91 39 6 13 34 56 62 57 10 37 42 95 37 37 16 46 15 16 14 2 76 62 86 41 57 55 63 3 11 1 46 63 70 75 74 35 17 99 90 85 26 54 12 51 90 55 30 91 3 72 30 33 91 55 48 61 81 76 99 4 95 94 51 53 46 12 95 95 40 94 35 2 47 95 20 40 45 87 
48 66 26 31 2 3 43 53 1 51 55 76 55 51 1 86 12 79 8 43 87 58 25 68 29 71 64 74 51 86 69 85 94 95 60 8 55 97 24 73 5 50 70 47 43 52 25 19 93 69 95 44 20 24 88 98 7 48 67 9 91 89 22 1 43 13 25 41 59 67 62 74 55 9 97 19 72 46 78 81 47 35 58 14 93 82 83 39 8 90 97 30 36 79 27 1 87 82 16 65 19 90 65 24 27 40 3 54 88 6 41 73 11 71 53 96 72 86 53 42 23 45 77 91 31 98 66 98 68 5 92 14 48 78 83 5 54 50 31 25 69 79 49 31 42 11 46 97 31 93 34 61 77 34 24 61 67 99 23 35 62 69 96 89 56 37 10 27 25 19 50 93 0 71 49 82 46 8 94 3 10 54 70 36 21 66 67 2 38 5 77 22 2 82 31 0 59 75 5 72 16 88 35 57 93 0 86 33 60 32 26 88 89 76 10 9 41 14 95 22 65 4 98 35 45 40 88 71 3 59 21 88 70 77 25 28 47 5 8 5 11 2 73 72 29 83 27 15 93 57 15 59 41 3 70 11 50 14 37 15 94 2 30 97 32 94 39 1 60 76 43 48 88 14 24 96 32 63 41 33 61 11 39 9 28 23 28 98 23 2 51 88 53 22 81 83 78 29 4 69 93 35 67 24 26 6 69 67 18 63 94 46 32 91 3 3 85 19 80 69 55 39 46 22 6 38 54 63 56 11 61 72 98 66 93 72 76 94 12 52 3 45 1 6 54 70 52 61 56 23 9 9 88 54 99 93 12 80 62 83 3 34 7 36 51 62 79 40 36 70 37 54 35 87 29 30 74 42 94 42 70 46 53 23 64 31 16 35 39 93 32 42 14 2 24 24 67 0 94 26 17 8 45 99 86 71 88 23 26 62 27 66 39 34 40 81 87 95 88 82 56 21 97 80 70 22 45 6 36 37 13 56 96 35 37 57 78 53 0 95 40 80 14 85 30 25 42 86 26 68 99 5 26 84 49 9 87 14 18 84 1 64 9 37 65 75 28 68 66 57 11 88 49 65 89 88 99 11 55 43 36 94 37 73 71 16 15 4 72 25 39 97 40 22 85 85 84 50 68 58 
53 48 65 91 1 89 48 22 22 7 7 13 99 3 35 2 70 46 91 65 88 76 74 84 24 80 2 41 34 0 72 84 10 5 25 40 82 22 31 41 25 64 61 49 83 6 60 73 83 83 71 63 65 10 52 6 63 21 34 40 30 31 40 45 10 47 95 76 40 70 66 67 25 8 32 83 38 67 25 79 38 70 82 83 34 76 43 0 0 92 58 49 8 72 0 21 27 16 40 79 41 94 16 80 77 67 35 90 52 83 54 82 52 52 74 71 82 17 96 30 54 27 11 16 54 67 18 69 57 27 24 73 96 67 59 58 78 90 85 97 98 55 70 24 90 40 90 42 31 70 5 79 26 34 57 8 15 29 33 87 37 46 7 2 87 78 67 89 0 28 95 28 82 33 62 41 58 72 37 52 92 75 7 84 17 71 31 6 92 56 50 59 39 22 66 88 52 18 90 3 14 68 35 6 69 49 66 9 59 54 59 95 59 89 86 70 22 55 61 32 51 97 74 41 58 10 80 82 25 21 40 10 83 3 64 21 43 64 59 52 29 11 23 90 16 56 66 16 61 50 69 15 92 14 98 63 73 77 0 50 82 56 26 93 75 19 42 74 23 54 33 49 59 97 92 27 95 36 51 27 89 42 2 91 19 2 17 40 1 1 51 15 88 47 21 33 5 52 4 45 14 93 23 61 65 79 41 95 96 26 45 80 6 34 93 88 27 65 56 99 74 26 17 28 6 5 30 22 46 87 17 10 21 59 42 37 87 20 68 30 48 72 36 19 23 39 47 91 71 50 91 3 51 75 48 25 56 27 19 32 91 70 63 21 18 11 34 37 71 47 43 58 49 74 35 3 20 33 85 48 86 29 14 72 35 5 76 38 20 69 87 0 72 63 94 68 86 92 58 24 57 24 56 84 56 20 44 57 0 45 25 45 22 48 43 62 92 84 61 57 20 96 30 77 68 14 39 74 1 18 79 80 83 25 57 8 71 89 83 94 45 85 26 39 26 16 48 6 90 85 45 85 46 29 9 55 12 15 56 88 80 63 36 5 4 39 6 14 16 42 17 10 10 8 19 82 56 44 40 29 25 70 93 3 82 33 6 76 23 90 27 16 38 23 58 42 34 71 68 97 
60 53 77 7 75 66 18 14 17 79 28 56 24 44 12 58 38 41 28 86 98 75 63 69 69 15 5 81 28 90 97 1 68 79 45 80 45 0 72 3 58 45 93 0 84 36 67 52 20 83 51 58 65 13 87 71 63 56 7 63 0 60 64 38 33 90 15 1 84 43 38 17 27 49 14 62 78 52 99 69 1 34 95 36 93 51 93 61 52 26 10 2 69 11 22 37 62 94 22 4 90 46 47 9 83 64 34 89 74 11 13 36 86 77 56 22 10 45 15 39 49 15 48 92 8 14 61 51 55 6 20 64 5 19 33 94 66 56 7 38 84 21 30 78 27 44 56 74 23 98 79 60 25 73 42 0 52 42 53 99 98 42 54 64 22 21 60 7 34 63 7 83 1 37 97 93 88 65 83 16 20 88 67 53 69 13 72 30 62 81 40 12 18 98 9 84 77 23 70 70 61 30 66 74 84 53 65 71 64 23 35 16 19 24 65 67 68 83 17 97 96 44 25 50 32 56 79 34 58 27 16 13 98 6 59 24 17 80 78 19 85 60 88 65 42 59 23 52 40 2 78 57 31 88 45 0 92 81 81 51 10 88 62 71 7 78 1 19 94 3 33 64 43 33 12 16 55 97 97 47 45 53 36 12 4 69 49 3 11 77 64 69 9 39 79 45 9 81 27 66 58 93 49 78 5 20 22 23 46 58 6 20 17 27 81 83 27 48 55 82 52 20 72 6 72 48 8 10 39 96 8 32 70 95 65 7 91 20 15 94 21 25 31 83 9 44 40 39 6 12 3 30 17 41 65 95 6 17 53 20 71 41 9 31 14 90 5 88 61 42 56 28 72 68 35 79 89 3 37 4 35 81 74 41 21 82 74 31 20 51 27 90 39 54 20 59 1 54 1 8 84 49 87 69 10 59 82 69 80 79 70 50 78 18 21 72 89 64 19 89 46 56 98 30 94 67 37 81 2 58 30 4 96 52 11 27 45 62 54 79 19 44 93 56 74 94 29 20 93 50 8 57 65 4 73 47 66 1 24 88 93 44 17 35 89 61 23 71 39 10 32 58 35 16 39 58 85 33 39 13 21 53 46 12 48 98 73 96 53 30 96 62 62 75 84 3 48 25 48 84 
48 80 68 33 96 38 33 30 97 57 93 42 37 65 58 28 53 47 4 70 57 77 56 17 95 25 87 93 28 8 52 61 6 57 88 34 40 97 69 79 12 34 27 11 19 80 89 41 64 4 39 11 59 88 34 65 92 15 36 92 93 76 72 38 53 52 44 34 23 12 19 82 2 44 25 44 91 9 78 45 32 98 55 11 66 1 20 84 32 68 73 59 7 15 25 42 95 0 21 49 31 35 84 60 44 64 40 20 92 77 52 61 84 2 11 54 45 54 93 11 9 34 6 23 19 49 44 14 91 68 20 1 64 36 69 67 17 79 21 54 95 67 76 27 6 75 63 71 82 10 20 49 11 44 36 78 77 49 55 70 6 68 80 76 26 83 78 7 53 20 26 47 22 18 32 46 10 27 98 63 85 43 67 4 98 12 87 39 89 69 95 29 68 12 2 39 34 36 91 8 21 39 86 42 61 38 33 19 58 52 35 97 27 63 14 17 19 83 24 1 0 97 27 97 74 95 42 46 73 13 91 88 35 18 84 44 33 37 70 78 58 37 38 31 87 82 20 56 80 62 56 30 14 11 89 26 49 96 13 36 60 43 33 0 91 3 72 96 73 85 92 24 96 17 69 50 76 22 77 7 65 34 56 31 86 80 72 98 59 47 6 52 2 94 94 44 19 14 96 51 77 27 87 68 54 61 27 2 51 31 58 7 17 2 47 73 34 90 29 90 94 60 96 64 68 66 93 79 81 93 82 6 66 39 85 42 41 29 53 67 4 38 31 57 85 28 14 41 54 23 25 13 25 18 18 44 48 72 12 10 94 61 52 59 14 26 43 40 85 35 36 63 94 87 10 82 87 75 45 11 83 20 17 85 11 0 1 13 13 15 37 45 85 3 9 90 50 55 61 82 58 74 88 21 29 85 0 28 30 59 85 48 69 56 29 17 32 65 91 35 62 16 89 14 53 88 84 73 37 5 10 40 33 33 70 99 32 8 21 94 92 7 88 22 93 59 53 21 24 49 84 4 96 72 83 96 60 37 82 81 50 95 18 94 11 77 42 66 67 61 95 57 80 62 43 95 91 94 90 10 92 61 52 62 82 56 1 91 99 19 73 99 18 28 62 7 37 99 14 79 
27 53 44 7 21 33 55 53 40 26 23 20 57 12 24 5 66 13 54 43 89 38 91 89 7 40 99 79 72 32 14 19 18 99 43 78 84 95 96 92 51 14 93 72 22 89 34 90 30 31 19 14 84 76 6 34 51 48 32 38 2 7 36 77 23 50 45 40 76 62 53 36 75 84 59 3 70 50 64 84 58 24 58 49 23 92 14 20 92 89 93 80 65 64 18 34 86 18 53 94 44 15 17 78 15 56 70 74 29 41 71 59 16 81 88 25 69 83 19 1 51 32 12 55 96 70 2 59 0 19 43 50 89 26 27 91 69 19 31 53 73 82 40 82 19 81 81 33 68 98 16 10 80 29 60 64 30 18 27 47 65 57 35 69 73 11 82 10 5 15 81 32 8 35 56 84 86 64 27 50 30 4 14 11 5 28 73 50 24 82 8 17 42 57 87 78 73 35 31 25 64 67 23 91 95 21 41 3 67 73 13 6 78 84 67 1 26 42 37 84 65 89 93 35 17 89 2 16 4 96 49 63 8 92 12 88 37 81 40 41 37 38 18 23 93 47 98 31 75 70 82 91 74 81 94 18 30 80 36 29 43 13 5 31 84 39 30 86 90 78 15 97 29 37 69 66 21 37 99 27 82 46 66 21 65 29 8 34 59 91 5 9 52 46 89 61 27 39 65 49 88 2 66 60 15 62 14 41 50 59 32 19 97 0 74 20 46 37 6 44 53 76 39 82 75 60 3 97 59 17 11 17 60 88 92 88 61 77 50 81 88 36 38 74 5 25 79 55 74 4 27 85 52 78 2 11 10 31 81 11 77 63 93 44 51 17 95 81 35 28 93 43 71 79 59 92 68 1 79 49 78 86 1 26 50 60 50 74 88 46 22 98 83 13 21 54 59 30 66 53 68 19 13 3 61 7 28 71 21 74 73 38 85 91 78 85 97 65 89 24 33 62 89 52 25 88 46 56 57 50 3 78 77 40 86 11 29 38 39 0 6 55 78 54 18 2 13 86 92 16 1 17 88 40 42 55 78 83 56 20 64 57 53 56 80 88 30 60 99 76 38 24 64 37 45 4 84 75 9 78 92 45 72 38 62 47 26 46 61 10 99 30 68 19 33 54 34 24 26 33 
89 41 57 88 0 80 77 82 57 62 77 48 87 75 52 99 52 7 65 70 6 62 83 26 35 46 6 33 67 64 54 68 3 86 25 68 73 54 65 32 21 9 32 87 0 33 70 41 58 33 18 69 68 16 51 2 74 35 76 74 48 86 9 26 85 26 33 40 86 30 17 14 81 82 88 48 56 82 50 86 66 37 3 69 0 74 79 91 30 37 34 49 39 86 70 40 22 85 29 98 53 38 35 94 85 55 30 10 77 85 55 59 12 64 9 37 50 38 42 6 28 16 38 39 35 23 39 11 38 40 0 98 87 60 2 63 6 77 54 5 39 8 88 88 79 59 65 92 88 77 2 92 8 57 73 15 4 95 25 62 76 11 97 80 93 46 14 19 70 73 98 20 72 49 85 16 12 6 27 98 61 92 69 48 76 95 39 33 25 64 95 27 82 32 32 67 71 12 51 70 12 25 99 82 7 63 78 54 28 99 99 97 14 52 25 69 62 92 27 42 16 55 22 40 15 11 46 24 5 0 56 71 74 72 42 48 9 41 89 31 15 23 61 81 53 63 72 38 53 59 98 81 39 15 84 10 7 40 68 70 23 93 1 67 11 14 56 70 6 31 57 26 70 27 71 0 9 7 49 55 29 94 7 26 83 28 61 89 56 14 43 88 11 58 55 79 71 60 70 18 23 2 42 88 83 89 57 62 16 28 10 15 63 76 23 86 30 25 35 53 63 6 28 51 24 26 37 64 37 94 66 71 1 51 5 13 56 65 45 6 63 22 12 92 14 80 21 41 68 28 73 37 33 52 4 56 30 67 20 47 3 2 32 38 67 45 22 34 87 16 20 98 83 63 64 3 99 64 25 55 3 14 7 37 87 33 88 87 99 71 17 37 62 49 71 20 14 8 9 51 53 45 13 77 19 23 87 71 20 26 5 32 18 28 12 10 92 90 18 89 21 59 81 41 87 59 35 37 62 35 89 77 21 56 43 48 34 41 73 49 68 82 82 62 89 35 4 84 58 51 93 63 49 46 52 94 28 86 86 41 85 79 70 56 42 65 30 81 25 89 86 73 74 25 67 79 54 51 31 29 57 53 35 96 33 55 85 25 65 47 46 42 96 1 59 42 10 5 35 18 
86 98 19 13 50 71 62 25 69 42 65 17 12 89 7 3 34 90 14 2 2 21 95 38 24 87 46 99 19 20 35 64 15 93 26 53 45 9 48 64 46 34 32 51 45 62 71 9 91 47 41 26 29 50 82 92 65 80 23 43 62 78 81 35 62 17 89 70 38 17 55 46 96 24 92 40 80 8 55 37 19 18 99 72 99 7 91 20 7 27 13 9 13 56 93 84 16 91 39 77 49 76 30 7 80 42 95 19 11 39 47 94 57 2 81 39 96 84 64 60 38 33 55 90 0 39 2 88 47 36 10 66 53 61 1 79 77 68 93 2 36 33 73 30 4 39 93 8 77 6 92 31 1 94 92 60 0 70 90 34 2 93 64 26 44 51 48 64 35 49 98 64 15 72 13 8 7 30 4 18 25 33 56 19 7 49 44 82 8 68 72 30 24 48 40 1 61 20 54 2 50 97 33 38 3 75 26 31 7 73 20 5 15 89 94 78 93 19 58 2 99 75 24 43 53 87 68 54 33 88 38 85 93 4 61 50 15 65 78 49 41 48 96 69 67 10 43 45 32 41 35 84 20 68 94 95 6 34 51 42 93 55 85 67 77 97 81 61 68 85 96 91 62 37 81 4 68 15 35 88 11 79 79 45 43 44 71 71 71 98 24 37 62 6 71 30 78 59 98 2 17 44 97 40 67 70 62 78 89 2 51 2 1 50 48 31 63 74 28 82 64 0 42 45 43 62 79 1 75 34 11 4 24 6 96 51 77 82 6 28 84 93 82 31 96 70 90 34 2 7 80 80 72 34 62 84 79 76 25 11 57 76 5 65 11 96 80 39 33 58 11 82 13 63 83 70 97 1 99 99 6 79 40 51 0 73 91 85 18 54 76 90 80 9 97 2 88 49 18 83 33 92 15 97 51 88 89 61 42 56 95 5 91 94 23 23 74 49 70 15 26 80 0 72 43 74 45 90 3 93 26 69 50 29 9 12 57 65 5 91 4 54 54 64 99 71 52 94 84 19 72 24 32 1 68 17 69 53 70 17 87 7 62 71 44 17 53 18 49 76 22 38 41 70 31 82 44 40 17 23 19 66 77 19 55 52 38 4 20 34 56 42 39 5 7 69 47 68 33 29 
49 92 80 27 20 67 9 30 4 99 76 35 38 24 26 10 59 81 48 22 50 87 24 74 82 53 68 22 41 33 14 95 65 56 71 77 35 22 48 56 94 32 67 94 79 85 18 92 61 80 34 93 92 15 54 1 20 78 24 76 65 72 82 67 66 99 35 70 93 52 82 57 45 17 85 23 42 4 39 0 99 47 2 69 29 94 85 25 16 69 11 77 33 98 9 27 46 48 85 99 17 60 0 54 69 63 79 36 75 19 12 4 4 6 70 71 54 33 2 17 65 17 70 31 57 25 56 2 74 94 75 74 45 33 80 61 31 6 40 61 82 78 14 60 78 99 56 60 88 58 56 6 79 12 88 44 92 92 21 3 76 12 14 33 91 18 38 5 61 64 24 90 24 21 18 92 87 18 86 35 46 63 71 5 88 30 48 10 59 57 50 4 62 11 68 14 58 2 29 18 42 36 25 13 11 82 88 22 67 11 19 24 72 37 82 1 58 37 65 27 74 54 96 32 41 56 47 34 52 36 33 59 38 40 47 33 57 46 39 58 61 33 82 35 57 74 39 63 59 86 12 51 86 82 95 54 85 6 84 65 81 50 88 26 89 48 67 10 25 77 72 26 53 73 89 7 78 95 96 53 94 12 56 37 89 44 23 59 68 4 27 12 38 15 18 90 60 23 5 79 50 82 93 96 2 85 91 37 59 15 93 4 94 9 17 82 48 34 69 82 21 24 67 37 48 13 56 16 26 16 20 92 8 7 55 83 50 59 67 22 12 43 80 33 5 91 92 35 99 20 19 21 35 69 60 69 75 85 85 23 21 59 97 11 67 8 56 39 71 21 38 56 91 71 56 25 35 75 49 14 45 39 7 57 95 23 86 95 99 4 7 57 53 67 49 71 78 33 78 52 74 14 56 81 36 94 66 33 15 58 13 67 39 92 52 19 40 55 33 15 76 98 8 73 37 90 23 1 83 56 3 12 80 81 15 98 46 74 86 86 79 65 79 78 78 23 59 72 21 5 9 59 12 18 21 15 64 67 10 95 92 76 49 81 14 65 0 48 94 1 63 14 67 5 47 18 75 61 7 75 94 81 38 75 29 76 22 23 24 84 51 4 85 52 37 18 88 5 12 40 
10 99 26 71 17 87 50 2 9 25 49 14 75 42 98 36 35 20 26 93 44 89 57 56 89 73 63 91 98 61 69 32 75 70 55 8 82 61 61 75 67 39 64 46 87 43 29 56 15 82 72 2 44 67 56 36 82 18 60 86 4 92 37 93 7 20 57 2 40 10 94 96 95 39 41 29 80 79 2 56 36 39 66 87 43 59 80 34 9 29 90 70 95 17 17 96 96 20 20 79 39 26 89 27 69 34 91 84 34 72 84 21 2 24 33 31 65 80 44 62 59 96 48 5 41 88 49 83 39 45 89 12 37 9 8 87 81 87 47 15 53 15 10 71 66 41 84 68 66 99 24 17 89 47 57 57 62 8 55 66 83 88 97 57 32 82 13 66 4 61 83 36 36 99 12 23 28 42 11 45 56 54 7 19 35 2 85 65 52 98 71 2 78 55 91 15 85 30 56 92 68 22 51 80 66 13 94 55 51 73 91 44 49 64 61 42 53 18 43 76 80 41 82 22 33 18 61 80 15 48 2 70 88 5 7 16 37 55 70 71 68 26 33 37 87 33 27 31 67 76 87 17 8 41 5 37 31 26 89 2 30 81 62 4 42 70 30 62 70 82 71 69 26 75 31 82 17 88 29 63 70 11 68 23 25 46 82 92 25 65 23 65 12 80 27 5 95 1 39 86 75 58 90 41 87 38 5 6 97 83 22 28 74 6 84 65 42 22 42 3 79 50 79 97 11 59 53 44 31 90 13 69 39 42 85 60 24 88 45 93 2 18 19 75 6 43 24 80 73 22 23 80 54 86 65 70 47 81 72 0 90 77 22 79 14 2 87 79 82 35 68 65 2 82 74 64 28 35 67 45 81 66 51 0 90 86 19 69 34 86 76 9 80 4 92 48 59 24 39 55 85 2 68 39 27 50 42 44 74 90 95 33 82 89 93 15 14 81 62 29 97 13 66 77 42 55 2 24 33 37 96 31 46 56 77 62 25 48 37 77 11 32 89 21 14 47 14 13 31 89 34 3 58 41 34 29 39 62 78 46 24 0 74 31 38 50 44 63 0 91 47 38 1 91 34 86 84 4 11 28 6 47 11 32 19 17 72 24 95 32 35 33 63 19 18 65 83 20 83 51 
30 4 11 0 27 16 94 91 16 85 68 2 91 71 20 69 60 97 70 11 12 88 3 39 62 64 56 17 84 33 7 66 65 22 68 85 64 35 31 78 92 92 54 64 2 72 23 4 54 48 5 28 90 75 78 97 58 72 87 75 3 48 95 3 20 51 84 59 6 96 47 62 81 96 33 18 2 48 74 39 77 86 17 99 25 38 24 50 43 22 96 99 69 93 93 55 71 30 94 68 73 50 34 0 11 12 32 93 6 39 92 47 23 47 39 33 53 4 44 52 50 23 60 16 56 28 15 11 29 84 39 2 63 52 66 63 92 90 89 11 96 65 29 62 63 9 30 76 64 3 11 22 22 0 49 73 31 27 80 46 87 82 63 35 12 21 45 71 24 44 43 7 57 51 7 18 50 43 11 27 80 34 0 40 84 28 31 32 59 16 21 72 92 66 51 2 48 71 26 25 45 9 4 90 85 5 19 60 55 22 48 60 96 98 43 62 12 24 14 50 96 51 9 77 30 45 43 30 66 6 83 52 26 56 30 17 34 95 96 64 8 41 27 70 17 67 55 73 83 67 39 67 23 76 2 38 9 16 18 44 70 22 14 93 65 72 27 95 49 30 6 23 8 98 80 12 19 71 87 51 91 51 42 34 41 77 73 37 36 92 37 96 40 55 46 95 71 76 83 23 94 58 9 84 52 2 65 77 8 38 50 32 94 71 38 33 20 64 61 29 32 47 8 49 76 61 86 12 66 0 25 5 14 96 6 61 56 49 5 40 15 11 31 92 44 79 48 15 12 18 64 72 31 2 43 5 65 49 14 71 24 90 76 44 60 14 15 59 5 75 1 76 21 26 5 70 75 29 74 38 96 93 28 28 5 41 51 92 23 91 15 83 74 7 49 24 42 30 1 88 21 51 82 62 84 84 0 33 46 98 0 92 62 18 96 86 71 98 92 31 87 81 20 9 90 73 17 65 59 84 52 55 27 45 13 52 7 36 50 87 5 14 4 48 62 30 29 67 82 73 54 50 93 71 59 35 0 51 79 79 97 52 82 13 83 43 82 16 27 12 16 66 80 54 36 11 77 52 98 59 13 71 47 34 37 5 19 90 95 91 95 16 82 35 75 38 80 45 34 39 
31 70 70 47 6 92 62 46 46 53 46 43 88 4 3 41 40 88 48 93 78 81 91 0 91 5 5 91 49 60 23 22 35 76 93 80 70 97 28 19 65 56 27 18 53 16 46 23 82 62 90 15 59 81 58 97 64 24 22 3 84 82 64 4 96 96 85 30 77 32 55 39 91 75 53 52 26 75 99 60 43 44 28 2 1 96 92 97 75 96 10 70 90 41 81 63 16 35 50 70 98 3 42 4 13 54 6 99 52 56 73 18 25 17 63 88 8 66 32 57 64 87 43 9 98 49 96 1 45 74 7 85 62 40 52 91 20 79 66 98 52 90 22 5 95 8 29 68 97 16 47 59 94 20 75 43 23 61 37 78 36 58 6 27 13 71 89 84 97 66 66 50 83 0 67 2 28 83 6 15 13 54 78 66 63 26 51 84 20 91 61 45 46 93 43 29 66 90 57 52 2 6 16 1 69 71 49 9 99 77 46 62 8 64 84 35 30 2 21 46 95 22 48 65 83 94 63 60 30 51 79 88 15 61 52 9 98 31 51 41 52 29 50 32 43 17 95 87 77 60 17 33 53 84 52 18 14 0 59 66 31 22 47 98 92 44 66 61 88 23 51 4 85 21 84 61 54 50 7 91 10 39 35 51 62 81 15 22 26 55 6 59 94 2 53 59 62 83 89 87 81 30 71 83 27 60 99 87 41 41 25 40 29 24 24 17 79 54 88 65 28 21 11 92 26 82 68 55 36 67 82 92 75 34 99 33 74 5 74 43 57 35 32 94 34 1 52 39 31 7 94 35 86 55 83 40 13 83 56 19 46 29 36 19 39 96 14 40 19 1 95 28 72 1 37 56 89 52 17 67 7 2 70 2 41 49 32 66 96 22 99 30 9 56 38 30 76 75 36 8 38 28 35 32 86 23 34 53 56 64 21 22 87 97 48 87 93 28 70 33 24 73 71 40 87 36 64 91 0 88 13 97 13 90 74 8 10 90 47 64 83 16 74 15 69 25 66 84 52 37 24 5 64 47 28 45 87 81 44 92 58 98 29 44 82 83 86 38 17 52 55 86 56 82 12 20 28 18 98 81 86 65 51 91 3 47 98 75 20 94 70 24 38 78 86 37 55 77 69 32 
91 59 33 68 98 44 57 69 43 86 71 2 23 79 3 13 58 11 28 37 23 68 39 85 62 2 4 60 29 25 52 77 44 97 43 5 34 37 0 56 59 58 91 80 42 64 95 5 22 18 31 17 70 69 64 24 48 58 67 52 55 46 32 9 78 1 83 22 91 25 28 76 2 65 54 16 65 19 41 90 9 76 1 52 89 54 80 71 23 28 97 35 48 59 12 31 68 55 55 95 33 73 89 88 76 9 9 26 56 9 36 47 36 63 33 9 91 27 36 93 68 10 1 6 86 5 36 11 39 20 19 8 60 78 7 37 32 13 46 98 7 8 50 16 26 65 66 20 26 4 21 87 91 25 30 7 62 92 97 89 42 83 30 91 84 55 9 30 77 37 8 23 55 40 9 42 61 97 67 2 76 46 32 98 16 51 4 89 21 13 23 40 67 53 64 83 74 58 5 80 10 56 22 82 55 92 85 37 94 2 45 56 68 92 2 82 22 0 3 32 28 25 14 83 79 60 46 98 88 8 19 44 87 82 43 95 27 49 72 21 25 79 29 69 32 49 31 31 4 12 43 97 66 51 28 76 92 14 5 98 77 42 37 49 40 41 38 87 79 46 7 38 32 56 71 10 89 88 29 76 61 7 76 22 5 79 50 38 31 25 21 43 42 23 11 52 70 35 56 52 79 7 35 98 6 46 4 34 98 78 98 76 77 4 27 90 86 65 21 37 11 1 67 68 18 50 21 53 64 64 33 2 71 4 94 21 84 51 23 73 29 54 84 99 5 61 74 41 84 57 39 88 37 35 37 21 78 64 20 61 57 9 9 77 33 1 89 32 73 46 0 64 71 54 99 92 15 15 52 84 52 98 29 79 91 90 71 56 46 50 33 90 92 22 66 25 54 42 91 62 90 19 92 58 32 90 82 54 97 68 78 61 90 71 85 51 31 64 24 0 60 69 73 12 56 90 45 57 74 93 97 94 22 83 8 13 73 35 32 58 22 81 30 63 88 98 79 23 45 94 45 33 89 59 70 31 9 85 43 8 29 75 44 58 99 63 34 8 8 35 44 58 49 16 64 83 43 46 38 31 84 79 68 10 34 54 12 65 20 68 51 57 63 56 37 76 58 97 76 93 
37 98 38 47 67 82 76 95 13 10 83 13 69 95 36 84 57 87 7 28 41 30 90 73 62 20 4 54 92 69 13 97 27 83 33 4 91 10 77 32 34 64 95 0 84 71 20 96 77 55 25 53 84 37 68 95 86 38 15 37 75 61 52 59 73 84 52 36 31 16 34 96 3 86 41 15 16 57 2 36 23 58 26 76 70 49 29 1 88 43 12 55 95 4 68 67 93 42 63 86 83 32 16 49 37 83 93 95 35 60 23 68 65 56 5 67 7 57 85 49 16 76 6 20 82 30 42 22 66 94 59 51 61 26 94 0 26 77 93 73 0 49 20 77 72 75 11 38 14 48 5 72 23 94 6 55 29 38 2 49 35 17 21 24 78 34 49 69 46 73 87 57 81 20 43 37 70 80 68 2 37 5 25 46 98 89 83 75 58 66 82 42 99 16 17 51 34 67 69 62 21 91 15 99 33 10 51 54 81 76 24 4 10 75 87 77 24 68 14 31 5 16 33 47 87 81 11 8 39 19 23 23 47 93 50 55 54 67 4 23 6 75 80 58 51 62 77 13 68 55 94 92 93 52 16 69 65 81 63 15 80 74 63 72 99 47 41 6 19 98 99 43 71 77 5 30 30 93 30 87 71 4 0 31 44 66 83 31 12 67 47 89 56 67 28 73 46 38 31 67 75 79 40 11 82 17 56 98 78 85 52 69 34 38 27 78 83 97 28 88 59 38 20 70 40 12 82 52 8 68 34 83 46 39 10 49 52 70 14 16 18 35 36 93 82 13 64 7 18 71 98 70 55 15 0 99 30 23 5 63 43 8 66 38 32 26 68 87 23 83 33 32 28 90 36 92 33 66 12 79 12 37 30 31 36 62 88 96 23 30 66 40 54 32 86 62 30 78 79 8 13 28 49 81 75 20 10 34 15 46 49 68 51 90 12 10 81 43 50 54 72 37 36 96 12 11 49 71 86 28 7 93 37 28 46 54 81 7 44 32 95 8 2 97 85 42 19 7 97 55 43 43 29 27 38 56 88 99 62 23 33 34 84 37 32 71 86 23 0 4 48 4 75 14 67 40 80 74 33 62 68 99 88 5 25 76 73 26 74 93 80 77 78 66 62 39 71 52 88 17 
10 95 80 41 76 89 32 74 32 2 70 7 77 36 0 64 24 54 88 73 62 66 71 37 53 81 90 25 82 40 69 95 10 90 0 53 42 80 43 11 57 9 18 83 55 44 50 72 37 35 38 25 54 6 8 17 39 63 7 10 5 11 49 78 91 26 14 88 20 83 94 91 5 20 89 48 1 22 8 18 89 95 90 53 93 63 87 46 5 28 26 95 88 55 20 58 58 8 59 79 2 23 47 30 6 59 16 77 90 30 15 80 35 68 82 72 43 84 23 24 92 63 36 64 32 5 1 39 72 29 38 56 57 49 70 66 30 60 71 71 6 54 47 52 75 34 59 82 37 46 46 87 99 88 93 18 42 41 53 17 77 69 51 48 51 89 10 51 41 65 72 33 29 88 60 80 91 31 89 33 64 24 62 56 53 39 50 42 14 14 68 44 67 17 18 21 79 86 35 22 56 11 74 48 96 38 5 52 85 20 60 2 46 96 19 80 78 72 34 37 9 79 4 91 22 43 35 69 11 77 63 46 18 11 75 44 71 25 65 84 92 52 65 99 46 86 16 30 81 11 5 56 54 31 36 9 14 94 55 96 55 19 15 51 84 45 1 3 90 1 81 10 34 3 42 24 61 87 11 53 16 64 22 50 61 59 79 63 20 8 7 72 65 6 32 56 47 14 75 62 20 48 28 47 47 46 36 73 60 99 45 68 27 41 24 94 97 31 22 99 19 69 5 3 77 80 66 81 26 22 73 6 71 2 94 15 40 15 51 43 71 81 56 15 2 74 94 77 26 12 26 9 5 97 63 38 23 43 73 51 68 37 89 25 98 18 25 42 94 46 5 83 57 54 17 31 39 56 53 17 13 21 7 89 61 35 70 64 18 34 56 47 0 70 41 82 60 21 39 15 23 68 99 84 48 94 55 67 8 19 40 36 74 0 19 59 53 78 67 13 24 8 48 57 54 30 3 8 89 55 22 80 53 31 93 29 37 18 25 21 17 11 32 19 22 32 21 12 11 91 1 79 74 26 6 11 74 76 72 61 61 71 86 17 96 21 81 32 66 36 51 73 66 74 97 65 62 19 5 1 41 34 50 58 66 30 38 27 34 89 21 41 96 89 54 49 76 43 16 21 
7 10 78 20 65 20 84 2 68 66 8 91 85 0 78 34 15 5 80 56 95 63 0 19 50 13 8 13 4 78 78 46 38 89 40 31 88 67 30 37 61 24 81 73 90 44 99 62 22 17 9 64 24 7 7 94 14 68 65 3 89 11 78 46 82 45 63 3 45 45 2 6 20 26 60 44 46 86 71 89 20 17 36 50 38 6 23 81 31 99 77 75 30 21 55 21 82 43 10 11 94 88 42 94 41 51 1 16 29 22 82 90 71 12 55 36 30 51 85 33 83 13 40 13 82 52 81 1 65 74 35 71 43 48 46 15 64 93 56 56 32 5 75 7 15 47 36 43 75 23 29 6 68 44 60 87 98 42 15 36 14 42 35 53 29 70 48 52 29 73 32 95 26 66 4 22 25 90 52 81 58 55 82 4 59 95 88 43 28 87 22 69 23 81 6 77 83 56 97 90 91 33 63 40 2 0 21 54 53 55 85 82 62 34 34 18 98 1 89 90 63 60 43 17 82 12 81 16 99 73 80 31 64 34 19 51 34 33 20 2 42 82 20 10 74 23 23 15 50 73 68 1 35 32 0 79 2 15 69 78 62 77 48 84 65 4 77 42 32 58 48 67 28 76 32 78 99 4 93 91 79 27 69 22 4 56 89 17 64 22 10 14 59 47 86 78 76 53 72 30 1 93 64 54 94 0 78 19 24 57 76 48 52 49 88 60 90 3 96 81 14 49 90 55 52 79 37 91 85 70 6 28 16 33 57 81 28 99 45 15 29 33 21 57 73 63 49 95 75 9 82 30 29 45 41 64 47 55 16 46 49 84 35 96 48 59 51 70 47 24 83 9 74 3 84 68 84 76 15 5 30 22 36 59 85 55 34 9 97 1 99 26 18 1 9 91 54 62 48 95 78 91 89 29 48 49 35 67 62 84 54 14 26 21 8 79 90 29 25 90 94 47 26 61 71 10 79 79 0 96 20 88 75 22 62 78 14 60 76 27 93 49 70 74 82 14 58 96 8 25 7 29 52 87 57 97 27 71 27 72 13 43 45 18 27 16 87 44 64 44 54 73 82 72 20 98 83 31 53 42 76 68 73 93 70 36 61 1 47 10 92 18 40 53 37 45 97 58 94 61 
63 82 65 66 61 19 0 18 36 87 0 93 59 47 42 53 62 17 19 24 69 12 47 78 26 34 74 40 51 68 36 81 56 33 51 93 12 29 77 76 79 78 3 44 18 6 46 2 67 28 18 54 42 6 95 51 70 1 36 98 55 30 70 17 78 72 33 79 34 0 65 8 64 38 0 49 44 87 85 50 54 9 13 33 30 9 41 88 31 39 42 70 72 48 4 20 69 49 86 65 12 87 64 65 13 35 72 56 73 16 26 23 40 62 41 17 57 22 89 66 3 42 49 90 54 14 28 4 5 42 56 59 14 80 39 90 63 23 75 86 96 94 10 6 78 93 5 82 44 25 28 87 49 60 25 21 33 73 64 27 97 38 55 21 95 87 56 73 51 1 61 38 3 25 23 67 99 11 88 2 95 90 43 60 97 32 33 64 33 85 73 52 43 46 11 66 87 13 53 81 19 74 66 86 67 86 67 53 10 16 3 21 63 32 35 27 24 65 40 12 81 6 51 33 34 98 23 36 50 2 62 2 44 80 1 50 17 11 42 60 48 47 96 81 90 98 84 2 31 45 11 37 63 50 61 40 27 89 67 82 11 81 70 72 98 16 63 81 89 43 27 95 6 27 12 82 56 49 88 56 31 25 80 10 68 6 27 70 79 16 24 12 5 83 97 47 17 54 78 68 57 32 55 25 51 91 89 77 15 14 85 88 51 54 75 59 40 94 69 14 66 72 60 40 24 23 11 73 86 63 30 48 68 57 30 67 81 65 97 33 1 86 96 71 95 22 88 78 52 59 22 47 17 19 5 4 69 14 12 36 18 48 12 62 31 17 73 38 53 99 99 85 12 43 10 3 85 65 56 53 23 13 51 18 37 99 91 8 8 74 6 62 19 72 76 32 62 61 23 15 22 1 3 40 10 61 31 7 45 39 63 35 15 87 9 68 83 31 64 71 99 5 51 63 32 45 13 87 72 58 56 34 77 42 74 41 0 93 27 13 53 93 53 61 92 52 68 6 36 61 23 39 63 72 30 57 64 97 16 13 13 92 93 45 28 31 80 73 8 89 63 63 72 5 92 97 64 83 11 83 69 2 44 70 43 85 52 48 79 60 7 7 11 67 1 13 77 4 65 38 
5 6 91 59 91 95 77 57 64 4 3 94 85 19 33 80 81 13 11 27 79 16 68 26 44 75 8 41 73 9 43 58 88 76 76 32 39 91 92 28 93 14 34 20 74 76 32 68 96 40 2 67 66 5 94 40 4 38 67 7 78 37 54 23 58 71 95 56 20 53 18 38 20 77 43 39 80 19 61 68 4 54 69 24 41 2 35 15 58 13 81 80 67 17 62 80 55 77 7 73 76 71 62 98 26 20 95 22 3 10 20 70 44 25 57 34 35 0 81 65 94 38 29 55 76 46 85 1 94 25 46 7 44 42 4 51 57 38 66 7 76 58 33 41 86 7 0 42 98 66 43 78 20 85 77 12 63 64 18 53 25 93 17 91 16 90 59 84 29 12 50 51 72 28 61 11 54 41 51 90 69 71 41 65 92 48 11 64 95 56 87 5 71 62 58 52 46 13 47 50 34 49 23 71 97 98 88 15 97 48 51 6 14 15 55 14 5 87 18 26 14 12 96 67 62 97 53 75 37 6 78 92 93 70 82 59 34 0 38 16 74 65 47 44 64 10 54 42 37 63 61 27 85 16 2 19 23 28 19 39 85 98 24 8 17 47 17 30 71 20 91 81 43 96 85 46 62 91 58 26 83 65 71 10 95 46 84 91 92 25 89 10 44 65 83 26 72 94 37 89 23 74 81 3 0 85 65 43 67 90 62 21 61 82 40 41 21 50 85 87 6 3 41 48 86 1 68 5 59 95 68 70 27 72 47 15 98 2 52 8 40 57 38 5 50 65 1 94 43 36 89 16 25 78 82 59 61 82 73 38 16 85 86 50 90 81 87 35 84 39 76 28 49 16 57 91 77 1 67 83 63 53 99 67 56 10 2 5 40 38 38 87 93 21 78 81 49 34 74 14 60 81 84 80 80 90 13 8 23 67 49 92 52 64 45 44 18 53 82 61 42 78 24 49 94 71 41 17 36 24 40 8 38 70 57 13 60 49 87 33 13 67 13 35 11 83 12 87 62 58 6 10 39 78 13 13 11 61 5 21 2 7 9 51 40 0 61 40 3 57 28 72 12 85 76 91 37 70 91 74 98 20 66 45 80 9 20 78 33 46 49 27 52 23 27 76 56 69 29 42 
86 87 16 94 18 75 12 74 25 14 5 28 15 65 87 44 71 82 0 59 75 14 85 89 69 47 68 53 44 40 32 43 10 12 70 89 98 82 62 20 43 48 45 92 15 25 15 14 19 22 32 68 50 75 64 71 38 29 55 78 80 92 25 68 52 75 39 30 51 47 86 25 92 38 86 54 34 18 43 19 67 49 55 53 79 98 18 38 59 8 59 85 80 44 46 49 18 11 3 14 68 78 58 86 69 2 19 53 3 87 45 96 78 75 36 62 32 91 86 71 12 14 38 69 14 62 88 24 71 47 12 92 49 12 94 43 13 9 48 9 10 3 64 32 72 69 88 4 75 99 18 29 60 69 76 3 31 78 47 77 63 30 88 98 50 42 0 33 15 11 7 94 85 70 98 42 7 8 4 52 4 0 15 53 34 70 76 15 19 15 39 99 9 11 68 60 76 38 35 97 64 36 39 99 61 92 21 58 95 6 33 59 34 41 85 32 76 61 60 55 16 83 68 15 18 51 56 8 99 79 44 38 45 91 52 49 0 41 22 40 81 96 97 99 89 33 0 32 8 56 63 81 95 35 77 40 29 64 89 8 8 66 36 97 8 70 6 34 96 97 51 3 22 45 85 22 53 81 54 37 3 79 60 19 28 4 86 52 69 59 37 22 14 28 95 6 67 12 67 95 50 33 23 2 1 29 85 96 57 81 66 72 30 82 79 16 95 34 74 31 25 97 77 32 46 14 5 53 65 81 60 63 94 39 7 43 47 52 85 9 0 33 59 73 49 18 91 77 66 3 87 56 97 50 1 86 34 23 54 42 7 43 4 30 79 70 18 17 71 85 32 19 63 47 14 56 6 19 63 78 75 92 29 25 44 32 59 52 58 35 91 35 3 70 77 33 97 52 4 43 53 82 4 40 23 38 85 26 46 35 58 50 88 35 79 33 65 0 0 46 25 38 80 46 77 89 69 59 13 61 54 8 6 21 90 44 93 26 3 74 92 20 16 53 9 88 88 56 91 47 31 26 59 52 47 65 20 97 97 11 65 13 0 6 64 45 57 80 89 62 50 81 50 11 92 61 45 72 76 26 20 35 97 17 93 0 33 63 96 13 6 96 10 67 25 46 22 84 79 75 
34 99 79 47 37 56 15 77 48 30 79 2 89 20 99 58 81 86 39 47 7 5 77 39 80 22 14 26 16 67 87 92 40 43 82 47 20 6 74 6 92 27 55 20 24 7 46 69 31 84 40 96 92 28 46 64 98 49 58 22 97 75 68 2 96 65 68 11 47 18 19 92 15 51 27 17 24 92 92 52 3 0 51 14 4 72 19 21 26 82 3 65 9 33 46 88 26 8 27 26 16 12 74 87 5 98 52 23 71 85 8 68 8 51 8 81 40 94 36 43 92 8 14 53 41 25 21 16 97 84 2 5 25 9 21 70 48 88 71 9 54 14 67 32 12 48 52 4 71 30 84 15 4 94 24 6 77 20 45 48 93 69 37 1 52 11 71 61 87 27 18 35 57 6 21 0 12 1 40 48 55 0 0 8 42 40 60 42 57 18 18 22 55 24 12 79 35 1 31 91 81 46 67 52 75 64 33 25 25 49 47 86 10 57 46 46 65 12 7 4 99 13 92 96 22 72 44 89 46 59 91 97 14 20 16 40 53 73 81 30 22 39 14 95 40 89 36 97 74 27 96 58 71 58 19 91 86 70 78 14 57 3 50 75 12 60 42 78 24 41 96 53 50 46 96 13 60 75 13 9 96 81 25 28 86 61 21 82 14 97 72 20 66 72 8 11 17 47 82 10 70 70 19 91 57 11 82 90 42 16 12 51 86 72 22 4 26 33 79 77 87 50 75 74 60 52 28 17 15 35 18 47 34 96 9 75 11 13 9 50 56 71 40 47 67 33 54 1 74 62 63 39 16 9 14 7 29 50 54 40 31 7 33 36 45 7 70 33 98 86 89 90 45 33 96 23 39 96 12 38 51 53 19 11 15 2 59 67 66 62 95 49 77 36 71 69 39 29 63 4 17 79 88 27 66 18 83 48 29 60 27 38 65 74 9 54 9 16 77 51 3 30 55 27 19 15 87 6 39 85 21 38 30 92 56 95 75 25 67 54 38 8 71 15 61 66 69 45 30 52 25 7 66 42 74 84 71 58 47 24 42 60 97 87 42 57 18 61 92 33 60 12 2 40 74 19 70 18 72 78 91 74 74 8 32 1 91 18 43 1 41 49 95 33 66 37 69 58 98 22 
55 95 54 42 75 93 58 85 13 27 12 21 90 2 42 12 70 24 2 37 96 51 28 95 7 25 33 81 32 71 65 42 5 22 37 52 64 96 59 17 78 0 81 39 55 94 17 59 77 7 25 88 23 78 5 6 7 77 29 62 8 54 62 57 21 77 85 37 37 6 42 53 86 65 31 24 10 14 62 80 0 26 82 28 85 5 39 77 67 35 10 36 5 50 12 9 56 75 58 52 41 9 18 58 41 63 74 27 77 65 76 70 45 46 6 82 18 16 89 40 12 44 60 46 89 84 7 89 47 16 67 30 29 1 4 69 82 88 73 91 45 7 41 59 10 6 86 98 89 61 36 69 82 31 92 90 48 13 54 70 37 18 26 80 89 1 16 25 49 45 38 40 52 24 23 57 56 44 82 27 74 33 72 48 53 50 69 67 5 78 27 43 30 64 76 3 22 78 98 70 73 8 90 60 94 47 8 44 37 31 88 2 24 24 96 7 31 62 24 46 64 15 0 16 10 12 28 96 15 80 92 38 60 91 19 39 35 85 35 38 18 22 54 4 97 94 83 5 59 70 20 39 12 12 89 14 30 8 93 60 67 94 65 56 71 7 87 97 7 85 5 18 13 79 68 2 55 83 92 76 59 40 2 68 88 51 42 70 20 44 84 38 54 45 13 15 64 47 74 4 23 59 81 28 14 38 50 55 19 1 32 1 99 68 96 3 1 82 96 29 8 77 78 78 44 52 41 26 86 86 75 59 19 13 97 15 55 79 33 22 23 14 97 35 45 59 17 21 49 40 72 4 20 72 83 96 69 71 63 59 23 89 82 95 25 70 31 45 53 63 56 58 3 29 60 91 69 74 70 9 74 11 1 56 3 49 71 12 52 57 1 89 63 10 25 4 45 80 1 15 9 48 72 94 72 27 81 7 39 3 88 96 72 27 47 52 60 18 20 47 47 14 83 96 87 79 72 76 11 36 4 23 32 98 24 70 76 89 39 38 47 81 74 30 99 93 4 70 13 49 94 9 2 39 4 37 8 74 0 55 26 70 95 78 5 31 59 12 27 97 33 54 15 95 72 90 5 81 37 66 62 56 31 4 29 95 38 69 69 37 49 77 78 70 75 75 78 60 43 83 
83 68 51 20 55 87 39 33 61 14 7 33 41 82 65 65 86 96 59 15 60 87 28 72 33 31 59 54 36 29 18 21 60 64 23 12 16 81 31 58 10 85 47 32 72 99 17 91 7 66 64 51 30 60 32 49 50 45 5 64 70 48 87 65 74 41 76 33 81 7 72 5 94 26 67 64 75 16 27 91 93 48 14 48 67 66 66 22 85 65 70 22 88 86 77 84 76 7 16 75 18 96 73 2 97 27 70 80 55 5 8 46 10 59 45 45 32 62 58 41 33 18 43 29 45 24 29 33 56 81 79 57 4 35 71 20 76 69 36 91 63 48 41 65 66 78 36 99 57 52 16 56 96 8 45 37 51 59 91 7 0 80 88 44 49 11 32 83 51 10 56 23 32 85 8 95 80 13 51 72 45 71 21 26 85 48 28 3 80 8 68 58 14 26 64 89 51 99 56 89 95 74 79 87 80 74 32 79 51 91 92 12 22 60 77 2 44 65 21 90 64 69 3 17 30 39 71 43 92 54 36 59 18 60 41 78 83 32 9 52 97 46 37 65 11 5 37 3 33 94 96 96 40 46 11 12 96 32 68 69 57 75 13 21 70 83 89 21 49 97 42 52 45 30 43 98 10 57 80 26 28 39 6 51 72 19 9 3 3 11 95 71 85 38 45 88 68 11 45 2 29 39 57 28 83 7 84 71 56 14 8 2 43 71 67 47 3 50 22 69 60 51 21 93 13 94 91 3 54 36 98 49 12 64 0 1 75 90 57 28 77 73 8 61 41 81 79 25 37 62 59 54 51 63 66 98 19 83 86 93 30 46 19 51 64 24 46 16 76 68 40 51 8 10 84 23 27 46 33 89 15 21 94 23 61 89 66 9 64 64 77 11 61 59 78 70 22 65 97 92 82 76 17 24 15 47 36 43 34 80 90 51 6 51 61 93 20 36 92 68 94 20 6 75 8 77 26 23 43 94 52 42 4 52 20 83 85 84 62 43 45 55 38 38 0 34 14 1 40 47 43 8 26 30 0 17 12 93 11 79 73 41 48 99 72 96 43 61 85 67 26 39 61 14 84 39 25 5 74 62 93 85 21 66 75 78 80 91 95 16 59 1 63 54 60 73 98 37 11 84 
60 57 40 70 5 6 35 79 70 34 54 79 49 46 9 97 44 88 23 45 13 61 60 78 10 21 54 1 24 36 42 43 28 25 47 94 54 40 5 35 90 69 52 23 16 98 0 6 27 60 58 71 52 93 84 33 95 27 9 8 69 32 29 11 55 62 73 90 49 26 66 2 95 76 79 72 66 56 51 38 46 90 24 0 27 83 32 11 85 23 82 24 14 55 21 97 33 50 8 18 76 42 78 58 70 71 37 32 72 36 36 81 2 47 84 48 57 75 27 10 65 53 80 93 85 16 31 30 24 24 62 95 25 79 77 69 21 26 83 69 4 80 98 79 51 37 61 73 66 7 4 26 9 83 28 67 34 69 90 36 16 79 86 88 84 54 96 0 68 88 37 81 58 11 67 44 74 5 8 70 64 43 27 0 54 9 21 62 49 7 51 34 91 17 52 28 33 21 36 11 1 74 42 98 22 4 87 85 34 77 53 70 73 96 0 64 72 38 57 11 75 91 72 47 70 5 16 87 11 66 50 65 87 24 36 36 96 25 80 45 11 0 43 67 18 77 48 72 30 19 93 25 80 20 17 34 92 84 1 9 10 77 70 49 61 13 29 68 16 56 46 96 33 70 31 71 6 59 25 96 91 78 64 94 30 28 91 16 42 22 21 30 79 98 72 10 62 25 78 91 5 8 8 3 45 55 68 66 81 68 51 37 69 73 85 96 6 0 71 10 38 8 99 49 88 86 1 88 7 93 5 22 72 24 4 83 85 36 27 11 18 12 51 93 80 63 97 86 31 83 51 92 49 91 6 65 46 3 15 73 52 61 73 72 47 8 68 49 97 0 17 89 45 14 38 55 19 18 3 19 23 86 63 98 97 85 56 39 22 33 74 37 51 31 21 53 34 34 47 73 79 39 38 11 65 51 77 63 91 64 52 94 90 18 94 24 76 99 96 19 11 37 14 70 82 51 7 56 66 31 76 40 41 7 32 93 69 56 65 33 16 76 16 8 3 38 25 96 58 84 24 72 18 17 57 94 1 26 75 81 31 33 28 79 6 14 36 92 69 45 41 51 88 61 55 8 90 69 90 21 34 17 38 45 80 91 30 61 96 30 99 64 65 53 7 60 95 55 0 96 
44 95 37 91 67 98 94 54 50 23 0 5 89 79 75 52 21 62 49 65 86 78 52 66 76 37 6 66 18 82 67 46 62 80 71 6 25 73 38 88 53 27 34 63 84 63 83 88 93 2 37 37 63 60 60 93 9 16 59 3 4 94 71 12 39 4 84 90 95 11 3 8 77 43 64 57 49 33 39 4 11 47 22 37 77 16 35 38 7 73 80 11 87 31 68 64 30 42 23 94 40 21 94 8 42 32 90 71 53 67 5 83 17 74 60 32 16 60 0 42 17 29 70 78 98 12 29 11 63 3 99 28 2 54 45 33 39 58 40 28 37 17 67 80 27 84 44 91 36 95 46 0 79 63 13 1 16 23 23 20 13 69 97 58 15 1 65 99 92 71 9 52 24 55 11 95 65 4 98 99 35 38 62 64 87 67 33 66 55 73 34 35 89 41 93 23 1 41 5 53 17 30 98 85 76 34 54 73 65 9 26 29 75 74 1 41 67 73 48 39 90 3 95 52 1 13 85 32 85 56 51 69 8 8 32 4 88 46 42 10 77 1 1 80 60 87 53 45 43 98 37 85 34 89 62 39 43 19 56 44 67 73 74 23 34 86 39 93 2 82 89 39 54 0 59 48 4 9 12 62 93 98 95 68 40 24 95 68 37 68 0 8 36 98 98 51 15 76 51 4 73 43 21 83 41 7 94 30 34 35 14 85 15 79 90 54 4 98 17 0 94 95 37 74 72 61 75 94 27 43 45 19 72 14 26 80 26 65 68 96 78 94 41 11 15 33 59 44 97 70 75 56 39 61 7 0 72 26 45 68 11 57 24 38 84 34 41 25 89 24 87 29 4 56 35 76 89 91 67 31 94 44 5 6 80 3 37 68 19 81 39 44 18 24 79 35 31 88 18 59 16 41 33 26 36 43 40 42 85 75 91 88 40 8 78 7 29 57 18 47 39 45 94 13 90 58 69 77 70 36 74 12 84 12 4 70 51 27 61 27 24 18 19 53 96 8 55 46 75 76 66 98 21 79 88 69 15 65 74 16 40 27 42 82 55 36 79 93 25 94 69 4 33 51 43 50 14 13 7 16 70 43 16 53 53 81 7 29 31 69 18 57 17 44 16 88 22 61 60 5 
17 50 16 55 52 38 16 91 21 86 4 83 75 29 43 39 35 65 95 39 54 64 81 48 35 49 11 82 38 2 77 87 62 92 71 26 68 50 49 53 1 25 34 9 71 40 41 86 13 53 17 74 2 0 88 15 26 56 95 56 54 75 37 85 98 17 3 12 15 57 92 85 86 41 15 22 74 11 16 89 18 70 89 27 67 13 87 96 63 9 59 72 12 85 83 51 81 43 55 57 88 12 34 27 73 23 37 89 84 94 54 36 30 77 53 88 2 6 50 90 38 10 39 47 5 10 40 70 39 38 24 19 7 48 53 74 47 91 64 5 1 93 50 52 82 34 51 5 72 69 83 69 45 1 19 31 9 44 69 91 69 74 64 9 13 5 77 25 40 73 56 71 36 74 27 7 88 6 16 45 81 80 28 58 80 64 25 27 31 72 31 68 77 19 94 11 63 24 37 35 19 39 11 29 10 31 7 42 3 28 90 7 81 60 7 67 15 80 98 7 28 2 29 2 59 61 73 10 20 94 63 14 1 18 38 98 72 4 82 55 10 68 15 36 12 46 28 23 88 50 7 78 21 59 86 3 36 59 65 64 58 67 50 32 19 30 6 70 77 58 54 81 43 50 69 41 85 17 40 61 22 39 5 38 54 13 89 92 59 59 66 49 49 52 29 67 3 99 63 91 56 22 7 33 35 56 25 7 27 26 49 18 38 25 30 4 24 13 93 31 7 82 94 10 53 65 7 4 13 44 80 18 20 31 91 82 66 27 76 69 56 39 27 12 22 51 86 85 6 8 62 15 65 4 49 50 27 71 53 67 46 62 3 64 68 92 14 37 96 46 27 41 28 91 69 1 91 55 65 40 97 27 28 74 56 97 32 14 85 86 86 47 86 42 0 73 30 10 76 33 56 89 77 34 47 53 80 93 55 2 99 23 52 8 79 73 59 35 25 41 7 93 97 81 54 48 93 93 3 15 58 11 78 5 34 71 56 94 50 3 16 17 90 46 56 2 46 92 96 52 48 29 54 40 53 22 47 5 42 46 79 93 8 46 50 64 15 27 56 43 42 93 62 50 81 49 80 91 39 33 6 12 88 65 82 91 90 91 59 19 7 63 59 58 0 99 1 89 87 19 
21 52 55 30 97 75 20 45 78 8 37 42 64 73 30 77 41 48 43 79 62 6 90 3 65 97 37 99 81 83 54 76 60 37 17 49 82 9 94 99 11 49 37 45 27 92 39 93 9 24 73 14 49 42 53 21 54 83 84 92 29 72 0 9 22 56 0 72 77 71 42 24 74 63 29 17 60 4 82 6 67 35 69 98 35 50 9 44 47 27 46 34 1 53 67 59 61 25 36 98 91 2 86 32 4 0 30 25 67 85 65 21 59 33 2 0 96 61 61 76 14 9 42 33 42 67 84 72 76 20 39 29 84 42 37 74 44 70 36 16 52 19 20 48 33 46 66 90 41 78 16 66 52 73 43 53 30 92 85 46 65 98 79 41 51 14 9 68 19 92 15 71 10 52 34 62 48 71 53 77 35 96 62 6 97 67 69 9 29 65 34 18 80 55 6 76 23 29 10 60 94 66 14 91 27 14 29 54 62 62 13 68 28 28 23 98 52 37 23 70 53 39 52 83 94 97 38 88 84 90 74 39 44 25 57 12 47 64 68 57 30 17 73 48 85 80 55 86 95 30 48 51 11 62 90 99 21 99 70 74 51 93 71 73 48 97 16 13 56 1 65 6 47 0 64 37 61 43 96 77 81 33 48 45 42 99 8 72 88 19 35 95 42 13 29 1 76 92 50 75 37 28 64 55 36 11 43 69 73 72 84 96 49 48 74 88 6 21 97 45 68 55 44 20 85 48 79 25 99 35 75 90 22 24 13 10 33 3 42 96 28 29 31 24 49 45 40 88 57 73 95 4 95 27 90 83 63 45 31 44 18 70 69 37 71 27 49 67 98 29 39 91 36 25 44 29 36 15 74 55 35 42 74 33 52 65 15 99 40 58 55 20 13 58 16 19 12 53 9 81 73 67 49 82 86 8 98 87 92 78 43 95 82 65 46 42 64 39 55 1 33 48 81 93 53 16 59 23 0 51 58 19 0 94 28 65 2 82 60 85 33 39 96 68 55 56 9 85 70 18 10 31 33 16 91 55 18 74 30 26 14 31 95 73 37 88 27 27 86 58 14 2 56 88 55 67 48 63 98 20 72 57 49 56 48 94 97 13 41 36 92 49 82 15 24 77 83 40 30 21 
3 1 37 58 7 99 82 4 81 44 57 29 58 80 59 53 98 8 29 94 60 66 26 58 79 5 65 9 71 37 25 76 72 96 93 27 94 56 97 19 13 84 87 88 81 30 52 47 11 31 81 43 32 32 93 15 25 31 2 75 87 22 15 89 58 0 32 17 17 4 63 55 41 94 60 80 60 70 98 67 34 27 85 9 59 54 42 23 27 17 48 1 58 39 6 30 1 41 17 89 79 66 73 21 51 40 92 38 82 4 91 95 87 66 77 74 62 28 67 95 64 77 79 0 74 66 1 37 57 80 5 37 99 78 18 20 87 78 18 24 64 4 50 78 22 88 56 36 45 36 24 30 32 2 45 19 18 67 5 71 69 40 11 90 13 92 20 97 89 84 20 3 36 8 34 89 84 86 80 98 78 9 73 5 73 95 12 69 33 51 82 80 27 95 95 71 90 56 0 89 83 52 63 45 48 35 87 75 24 21 31 11 21 29 69 54 6 68 89 97 97 73 98 95 50 1 19 75 94 56 50 95 49 98 66 61 91 75 88 41 57 65 36 18 68 52 76 49 56 73 3 83 64 67 40 55 72 57 6 27 81 83 85 98 68 53 36 16 44 4 32 39 86 76 33 38 81 61 99 84 90 68 91 24 63 33 36 33 94 34 46 27 11 68 96 55 87 95 13 43 45 44 67 50 33 61 37 18 95 77 85 62 10 79 19 28 41 99 68 79 93 43 37 71 13 43 93 79 57 18 35 85 99 3 70 8 76 68 57 68 66 1 34 80 3 81 79 3 88 63 55 95 85 44 76 23 14 36 49 11 51 73 79 14 62 82 80 57 82 38 56 86 65 19 38 75 98 53 62 66 99 48 63 88 63 30 7 69 82 7 79 31 72 84 6 65 41 1 47 7 3 75 95 17 42 5 85 49 94 14 39 14 26 94 21 43 96 19 60 23 95 75 16 83 61 13 67 36 54 55 3 54 2 22 20 17 5 88 19 48 93 27 90 80 94 56 59 97 50 93 17 27 43 82 66 20 13 92 70 4 28 86 35 65 37 82 23 81 73 71 70 36 2 30 55 32 31 85 35 69 88 87 96 53 97 87 67 62 41 99 93 40 94 84 4 68 45 38 81 66 
21 43 49 21 15 57 48 80 54 23 74 4 84 26 88 15 3 31 51 20 52 4 12 29 69 56 53 97 99 93 51 4 69 3 19 35 35 47 83 97 40 10 54 12 78 78 60 62 44 55 5 4 16 11 22 78 58 57 52 32 42 94 48 78 10 85 20 1 5 32 2 34 41 88 94 78 32 69 61 75 88 7 64 59 47 49 83 37 20 78 62 46 37 25 66 49 28 2 30 7 16 44 18 49 13 77 2 82 31 35 68 51 16 83 0 45 64 88 78 29 36 95 22 57 3 96 54 43 87 59 19 81 85 75 97 32 17 56 22 66 19 82 35 27 60 30 63 9 7 66 89 27 93 67 77 59 50 96 37 17 57 91 38 76 57 21 80 37 17 13 7 99 23 12 57 12 99 69 26 84 63 67 14 59 76 22 52 87 69 83 90 72 80 23 26 17 24 27 32 11 73 69 79 9 41 24 22 34 40 70 25 65 73 84 87 77 13 4 54 49 95 67 1 34 71 41 38 23 72 8 23 49 37 78 8 98 35 60 18 64 44 86 27 8 40 5 21 80 56 29 58 97 52 0 94 44 94 3 66 50 25 12 48 20 88 14 13 48 96 48 39 18 77 72 7 28 37 41 64 13 86 69 95 13 78 6 95 9 35 33 33 45 4 9 78 5 86 76 59 96 98 24 29 94 39 89 38 53 11 38 96 78 97 69 26 73 14 17 92 40 96 1 15 99 17 80 10 78 47 41 19 54 69 22 36 90 8 39 47 6 72 97 40 20 84 12 18 18 13 33 60 33 85 36 14 93 92 46 81 74 28 62 2 23 0 6 51 50 65 35 58 0 39 8 78 94 86 18 66 97 14 3 74 8 44 95 27 31 38 31 16 93 16 63 30 77 89 15 15 75 28 16 83 63 42 7 68 93 55 72 35 13 50 2 54 11 90 79 86 97 85 34 93 53 97 69 29 40 63 52 30 62 36 48 40 81 61 70 33 96 3 83 30 80 9 92 48 9 6 70 97 92 54 50 20 8 25 11 28 12 96 67 74 68 51 30 7 5 50 45 7 99 44 57 51 46 57 48 26 97 71 0 73 39 41 17 15 91 40 4 19 17 97 93 72 60 78 18 53 45 
77 78 60 27 33 72 18 41 7 76 56 44 45 36 63 91 6 30 25 53 59 48 18 26 45 28 82 83 62 95 57 7 35 40 84 25 48 1 46 0 15 25 10 82 54 58 12 17 1 21 16 51 42 53 81 37 12 50 40 64 73 95 40 30 70 64 25 90 62 3 91 27 51 19 23 24 52 53 64 4 54 68 55 91 61 60 25 32 19 57 14 69 27 98 96 12 2 45 88 96 31 22 53 15 25 83 99 1 39 57 61 46 93 63 74 26 87 20 20 48 35 82 19 18 1 70 58 79 82 32 24 54 17 1 79 4 74 87 58 98 78 99 72 65 35 36 77 54 70 43 91 52 32 29 42 3 56 39 68 23 4 61 30 40 24 52 48 0 78 96 67 44 71 36 32 43 83 99 70 71 98 87 61 93 73 11 46 13 22 25 21 61 53 8 77 73 25 22 35 42 8 37 61 97 78 33 1 9 80 0 6 97 77 34 12 4 42 47 63 86 73 97 90 29 69 13 16 20 96 42 98 19 93 80 39 32 89 33 3 31 45 77 63 9 21 80 98 86 11 68 57 85 63 30 11 19 40 31 16 10 43 91 72 0 96 67 45 42 98 38 39 50 46 18 38 85 48 98 71 33 7 83 92 10 12 3 30 49 49 47 85 77 4 97 13 75 33 87 19 17 58 91 61 58 44 31 43 80 6 86 63 73 0 49 25 16 35 38 76 40 29 26 32 4 16 37 75 95 52 98 4 7 20 56 15 23 96 21 18 48 3 59 16 74 33 91 25 66 30 33 36 25 87 65 89 30 98 67 18 75 47 90 48 9 68 72 84 65 84 26 44 23 33 62 38 42 70 28 5 13 69 17 35 85 99 90 62 73 59 29 77 40 93 98 27 71 13 5 48 12 6 54 7 37 54 67 55 43 81 66 79 18 67 49 57 88 37 18 94 62 54 84 57 17 7 57 45 51 37 33 93 62 35 35 41 48 89 79 44 53 16 31 50 5 38 69 10 39 7 9 55 71 10 84 1 67 15 81 45 17 48 29 12 59 29 60 62 25 48 63 16 89 51 34 29 41 91 44 1 97 11 16 65 34 83 65 87 58 44 20 21 39 53 73 68 28 53 40 71 19 
92 39 89 92 70 14 75 21 50 10 34 8 4 16 80 93 21 57 26 73 48 25 14 20 11 19 88 47 17 96 93 49 7 54 6 10 76 46 98 12 63 87 86 81 38 55 83 65 84 96 3 35 10 49 51 65 46 26 72 54 66 33 21 98 57 68 4 14 64 17 13 76 19 35 53 6 63 13 6 53 83 62 10 6 14 85 81 53 93 61 14 95 89 37 12 52 94 97 68 44 54 94 56 67 36 47 8 4 1 19 54 43 27 34 45 0 67 85 94 42 57 41 57 48 41 15 32 80 63 42 41 77 25 29 20 39 70 4 65 71 44 41 71 44 22 46 53 38 56 33 44 11 80 83 65 96 66 48 52 15 78 62 26 5 86 13 21 52 62 21 29 5 4 11 12 97 37 98 77 91 85 57 25 61 95 24 24 43 61 85 83 88 11 71 41 60 6 24 13 92 28 65 27 23 40 79 77 88 71 41 27 3 42 23 82 15 79 45 48 7 33 18 32 57 29 37 16 76 20 74 67 56 15 4 65 52 34 46 56 50 83 33 22 62 70 0 79 10 47 43 92 59 72 75 29 80 35 14 23 55 80 35 28 17 96 53 16 75 4 4 47 87 97 65 37 97 48 57 17 85 39 22 46 71 66 66 53 8 50 2 97 39 24 21 41 48 73 73 81 43 35 41 5 16 34 35 43 80 88 6 82 55 42 59 44 0 83 53 96 77 8 27 52 92 61 89 42 37 43 40 51 85 64 47 74 39 91 58 90 38 64 18 66 27 12 12 96 90 15 42 97 13 99 18 36 49 74 29 93 65 0 48 31 76 19 13 6 76 20 51 49 80 77 12 34 11 25 28 72 93 95 43 80 2 34 24 6 16 41 0 48 61 38 98 52 27 93 25 12 25 70 65 62 96 32 68 27 48 1 16 82 60 17 32 19 29 18 52 14 19 30 17 51 98 33 66 78 85 11 49 84 31 38 38 70 26 60 80 65 14 35 10 18 20 84 74 37 63 78 77 52 92 13 37 6 43 74 51 34 65 11 51 8 16 60 49 50 2 9 87 33 9 95 98 29 16 73 97 57 78 75 13 68 10 40 12 88 46 33 99 89 15 90 71 82 37 69 8 94 45 
27 47 31 70 18 40 51 63 65 92 62 40 89 77 56 93 46 73 78 36 63 88 91 5 12 79 96 73 22 48 40 21 20 15 75 7 71 16 27 68 93 72 89 24 21 2 91 17 57 65 94 56 4 38 82 9 19 2 80 61 36 21 26 55 27 99 93 28 10 10 91 39 91 53 65 71 95 40 51 17 51 58 30 27 39 80 39 60 75 54 30 40 28 28 20 88 27 89 91 23 24 21 75 96 55 19 24 51 2 0 79 4 58 24 63 89 64 35 24 81 61 18 24 94 9 67 70 96 24 96 99 70 20 9 33 93 25 66 21 60 42 74 12 39 72 42 48 17 60 39 77 29 39 6 58 18 97 2 49 53 27 6 66 44 53 18 39 77 22 41 2 62 49 57 66 46 83 78 99 41 26 26 87 75 40 15 70 99 50 48 68 61 76 37 33 62 85 32 87 71 88 19 19 46 21 64 72 23 8 7 92 46 26 86 17 8 98 15 74 33 69 36 53 18 50 63 60 82 58 75 77 29 87 87 22 59 74 47 99 36 54 34 15 32 99 5 64 41 79 95 85 2 79 21 29 90 95 54 63 56 71 8 92 1 12 12 34 23 90 52 17 63 12 83 58 49 22 91 16 49 4 18 51 30 93 29 81 40 83 90 18 69 88 65 6 91 8 70 68 30 84 23 84 42 14 17 8 44 81 27 39 32 85 50 53 63 96 99 88 74 93 98 84 30 83 52 50 54 54 50 52 42 82 40 91 59 94 53 45 29 16 70 37 70 77 31 76 44 37 13 84 81 56 97 73 64 96 68 3 86 36 53 39 14 32 43 40 61 41 4 85 89 81 12 39 65 75 91 14 81 35 38 23 8 13 68 27 89 12 49 8 54 5 68 21 53 19 73 15 43 44 43 75 24 52 51 8 17 35 1 85 83 73 91 74 96 37 8 75 58 55 9 72 61 20 85 80 8 52 46 49 14 90 83 45 77 16 8 56 50 97 3 33 15 97 87 12 29 84 87 15 58 73 6 83 45 93 39 4 50 63 21 32 5 28 58 63 25 9 7 77 97 81 62 11 28 13 81 7 92 91 89 18 85 53 20 10 89 16 23 41 67 41 95 33 97 96 28 17 72 
42 74 5 60 94 22 73 84 9 18 90 92 45 86 46 63 47 15 98 16 61 82 14 34 53 9 72 4 12 41 94 24 20 87 87 59 47 6 58 59 79 2 55 62 6 16 81 20 77 63 45 41 72 75 88 98 84 60 11 75 32 75 56 80 61 47 8 6 88 75 99 72 13 26 96 42 22 12 5 13 79 65 81 32 21 92 60 80 41 41 4 5 37 10 32 73 39 9 88 34 21 75 52 45 69 2 37 5 5 15 31 12 2 92 71 98 4 43 83 51 29 3 66 4 89 89 42 12 29 94 25 27 76 0 80 54 81 4 82 91 75 90 5 67 43 3 22 26 64 98 77 50 21 16 85 43 4 20 53 92 41 53 86 26 42 73 26 63 8 48 53 91 89 60 56 18 88 24 0 19 82 31 81 11 93 33 50 24 83 0 80 46 36 77 9 10 96 57 66 75 70 38 68 90 20 94 40 79 37 71 73 53 93 99 77 21 3 29 29 82 13 58 70 85 65 98 36 4 54 53 55 51 40 41 45 45 39 38 92 3 59 33 45 18 98 60 79 99 59 4 76 61 67 65 52 61 16 35 65 43 27 82 48 1 25 25 56 93 9 31 20 0 55 88 15 4 43 33 18 30 57 6 0 10 55 95 73 32 5 39 98 40 12 63 23 26 88 57 81 9 74 54 86 18 50 1 78 12 52 0 43 10 68 18 60 30 30 88 79 8 38 91 24 34 28 46 60 17 48 51 11 1 6 95 21 91 23 31 18 19 60 9 85 58 66 93 49 68 99 9 42 19 38 2 80 1 37 30 16 40 18 95 0 15 73 12 45 34 78 33 89 18 56 76 86 24 77 62 91 59 68 16 88 10 8 46 4 55 20 78 67 76 45 15 78 11 96 65 33 6 93 73 39 42 65 69 84 60 42 61 97 69 18 15 57 19 40 49 68 20 0 76 80 91 4 96 83 70 68 52 30 75 32 15 81 68 89 56 30 10 3 25 35 0 73 53 49 4 62 88 92 46 21 15 49 45 25 49 24 64 72 34 24 1 79 26 13 36 85 93 18 48 28 3 72 97 67 10 70 22 58 28 13 2 81 76 24 40 84 0 10 17 86 43 65 75 64 78 23 72 
47 64 48 79 33 80 12 9 77 69 73 19 9 32 13 22 12 93 21 90 45 2 94 66 51 99 63 49 19 80 36 16 65 48 30 97 77 89 0 24 69 25 92 65 23 16 92 30 85 42 19 40 79 36 83 90 33 67 65 37 97 98 62 60 30 58 24 82 24 83 77 40 22 7 36 7 87 85 2 68 41 46 13 78 14 54 0 10 65 15 91 50 59 81 3 94 14 67 42 59 84 2 39 11 25 39 53 91 51 64 86 53 44 92 78 40 76 43 16 35 61 70 50 89 86 48 84 83 94 73 90 63 91 72 59 55 83 82 66 63 43 94 25 61 7 28 50 8 64 71 36 49 22 5 89 36 51 4 44 22 84 13 53 26 56 99 18 59 85 89 80 48 49 20 85 21 18 47 44 62 28 25 94 68 15 22 91 11 26 77 57 0 45 70 61 58 98 10 28 70 19 1 36 18 98 0 2 4 56 21 80 19 10 47 56 86 9 60 72 26 17 24 70 15 13 84 4 15 43 8 78 12 19 76 59 95 21 91 66 4 97 67 95 29 28 29 73 15 14 39 20 67 89 4 64 20 19 43 41 13 97 21 81 56 95 45 70 88 54 90 52 15 80 75 23 71 51 14 2 34 8 86 71 7 94 83 32 62 33 60 40 74 77 85 63 78 57 16 87 89 10 53 83 4 82 80 9 54 10 19 47 80 45 2 67 76 37 9 18 16 68 44 38 26 29 82 45 4 48 13 64 21 29 66 58 27 49 99 91 38 23 80 8 20 99 60 62 25 55 89 35 59 72 74 47 44 88 58 39 54 25 91 12 2 99 57 91 46 59 20 54 11 22 3 72 84 43 8 96 51 2 78 39 95 64 41 95 18 94 46 85 52 79 0 10 48 64 19 52 25 85 4 79 12 21 7 84 14 15 36 75 79 52 71 46 8 45 63 20 49 30 22 70 6 94 96 38 86 87 51 84 42 67 77 7 40 57 64 13 83 38 41 59 88 76 47 14 27 18 33 27 40 69 40 83 62 49 27 64 39 38 93 39 55 59 49 38 36 22 28 62 11 33 70 31 28 38 4 2 34 74 29 24 69 83 5 66 27 35 43 67 75 29 50 26 69 99 87 10 69 
78 86 56 23 18 11 77 47 54 50 55 51 31 57 76 37 58 78 53 65 25 13 21 92 44 85 91 64 51 31 75 4 5 12 28 57 24 97 43 67 86 81 65 50 71 52 73 59 37 60 62 88 90 37 17 74 41 92 43 17 27 42 95 10 28 79 1 42 34 76 93 58 68 91 32 76 89 59 88 69 68 18 22 83 27 11 46 4 95 43 82 4 94 98 52 1 44 7 56 29 64 61 29 74 87 97 24 37 65 36 75 71 84 14 80 39 47 20 31 88 22 50 79 61 50 22 56 33 59 3 76 0 70 11 99 15 31 58 11 26 35 29 77 72 65 49 80 35 37 86 99 81 45 45 23 90 41 58 82 47 38 68 70 76 65 28 55 56 75 38 79 89 48 81 37 81 92 71 81 64 28 28 77 41 9 72 20 9 72 48 63 5 29 2 78 66 70 60 32 96 19 23 88 58 0 61 44 11 32 76 7 0 36 82 98 18 2 63 16 47 49 90 74 52 42 29 72 63 18 8 43 56 5 36 80 8 8 95 38 42 46 5 50 5 1 45 12 49 1 17 29 25 53 78 65 92 13 75 84 26 78 69 85 43 35 91 52 70 40 76 45 12 51 31 90 24 52 32 1 74 12 41 38 11 6 78 2 17 91 84 25 99 60 80 41 25 91 34 67 7 34 76 34 46 50 19 20 4 30 49 44 33 40 79 61 46 60 61 9 88 93 0 50 3 40 31 21 12 7 80 99 5 10 9 21 51 12 61 65 16 1 11 16 1 36 1 29 92 74 49 21 80 69 71 74 28 33 84 47 59 57 97 34 3 52 89 73 93 35 0 73 36 15 82 61 13 19 99 94 1 16 90 22 36 88 53 51 35 18 47 48 58 58 11 47 51 90 72 56 46 81 34 94 10 95 94 87 37 82 80 64 87 63 68 24 76 0 60 29 50 19 2 49 17 24 24 67 72 46 48 82 25 68 54 13 14 14 88 10 41 69 92 57 14 62 60 92 96 97 41 12 49 44 14 8 74 34 58 99 52 26 32 92 1 64 1 64 17 49 96 32 78 82 35 38 68 12 12 31 68 76 49 41 28 97 40 0 87 30 46 20 7 94 17 36 0 15 92 7 75 
88 60 8 73 78 36 18 6 39 57 46 63 12 43 46 45 73 70 49 84 50 62 67 29 3 69 94 75 11 56 5 66 58 38 40 25 59 99 87 66 82 9 2 28 35 88 72 78 61 26 76 35 99 38 50 81 63 52 44 74 4 85 39 19 30 67 16 80 69 81 18 66 73 82 12 60 43 37 73 1 15 61 23 11 26 10 24 53 57 95 14 7 18 93 97 36 57 61 43 68 98 39 87 81 69 69 55 22 12 34 35 51 9 67 34 89 68 2 21 21 52 46 46 50 71 80 26 52 42 28 90 12 55 73 0 33 92 97 36 50 77 99 73 37 5 25 42 35 65 70 74 43 27 51 44 31 71 74 30 94 17 80 36 87 78 31 91 36 39 15 70 98 7 27 63 7 33 81 21 74 31 53 60 32 22 67 69 78 9 21 9 76 6 96 77 60 17 87 42 18 30 68 85 68 23 73 67 98 1 15 1 13 78 36 16 25 15 18 61 61 69 98 78 69 40 15 89 90 33 94 87 96 61 68 9 83 67 47 11 73 24 17 54 79 59 97 58 59 36 71 2 88 23 81 15 91 64 43 85 80 21 77 65 21 4 77 34 45 36 65 70 92 75 87 37 49 59 67 42 25 95 59 94 74 53 30 63 84 85 95 70 27 94 35 63 73 82 31 30 6 19 9 8 12 73 2 75 80 61 60 87 42 90 92 89 63 70 55 8 24 87 93 0 68 85 99 22 50 7 8 43 34 93 43 56 0 68 29 16 99 35 73 48 82 86 94 68 86 93 71 53 99 12 80 87 50 79 80 19 53 44 92 20 95 56 82 62 9 37 61 1 32 86 57 68 85 74 48 93 77 32 63 99 39 4 73 69 5 82 16 0 2 73 16 91 54 44 89 85 60 98 94 30 84 16 82 29 23 90 98 46 99 36 26 79 16 3 24 9 43 4 36 21 90 95 66 33 16 2 5 82 22 17 71 32 0 90 30 10 54 40 90 30 55 5 96 33 2 47 37 77 48 31 22 97 11 95 99 12 39 89 62 29 85 38 50 78 68 96 86 16 84 83 36 66 55 1 47 57 37 17 22 13 32 41 11 85 6 77 57 15 61 55 33 66 52 74 97 4 61 
55 86 74 95 81 94 79 89 70 81 1 90 32 42 31 37 10 17 77 19 12 4 73 20 20 29 52 47 90 34 34 35 42 91 21 37 66 43 84 49 57 0 39 27 34 32 81 46 66 87 54 10 14 92 85 13 66 55 29 83 66 84 17 99 15 28 85 80 84 15 80 50 51 64 99 12 38 11 85 92 29 16 31 6 63 40 77 16 5 91 35 90 6 55 52 94 29 67 55 72 16 1 29 63 83 42 29 18 45 82 95 82 70 74 45 86 13 42 68 95 47 65 45 48 18 73 74 40 72 89 84 43 22 4 82 24 98 90 6 97 86 11 97 18 27 79 94 31 67 91 52 27 96 65 34 76 17 20 69 94 80 42 92 72 39 12 9 22 64 91 56 43 96 44 24 94 87 51 11 41 98 69 60 67 32 1 39 84 8 78 55 53 89 65 69 88 32 27 87 71 34 59 34 2 6 95 4 81 65 6 1 37 15 9 31 1 82 67 1 5 3 29 14 38 92 63 31 50 1 19 78 31 94 31 84 75 34 9 78 4 24 90 33 54 61 89 49 75 91 68 4 72 29 41 11 38 68 82 7 29 85 8 6 51 21 87 13 17 58 13 69 14 47 36 69 35 47 90 92 76 9 58 9 3 85 52 11 27 69 60 79 83 10 76 15 39 62 61 85 89 92 8 27 49 26 79 57 64 85 65 95 42 23 30 78 10 59 81 20 42 55 24 37 68 63 55 49 17 52 80 87 46 78 7 31 5 38 71 34 84 73 84 95 8 42 82 71 42 76 92 9 84 13 39 86 73 70 63 38 47 72 28 64 86 8 68 69 96 86 51 83 94 21 92 12 68 29 43 90 97 69 79 55 76 6 17 48 30 78 0 16 55 63 41 44 92 73 14 91 16 52 63 79 68 31 88 56 58 38 23 92 21 31 32 34 50 80 74 62 33 93 95 40 74 57 38 92 5 24 83 29 82 28 40 14 52 27 42 67 89 50 14 35 75 38 15 19 75 58 62 64 87 10 41 28 42 96 99 25 39 70 31 45 44 47 6 19 78 14 90 76 12 59 98 0 72 40 75 91 8 45 31 73 15 51 71 48 87 64 30 48 85 33 59 74 9 67 25 94 18 
90 99 98 38 34 40 18 45 23 60 16 84 80 35 82 78 28 73 85 33 86 64 2 18 74 59 16 41 74 38 68 7 21 10 93 54 67 56 25 97 94 4 20 96 76 21 55 48 26 62 62 64 0 39 39 51 63 3 0 76 66 69 23 65 70 67 50 88 66 66 24 62 3 88 56 31 34 39 67 76 27 28 10 65 48 97 30 48 21 15 10 67 60 97 33 39 32 99 83 9 43 15 72 96 83 62 27 28 33 98 37 6 13 13 21 11 78 31 47 24 11 7 70 49 80 29 14 3 96 8 28 87 14 7 81 11 60 7 98 75 43 89 20 6 27 90 27 25 56 85 50 94 31 65 54 30 90 53 62 75 73 89 75 46 52 28 86 65 60 40 47 80 57 91 88 85 24 66 88 37 10 24 95 74 46 59 22 80 97 86 55 30 26 81 31 99 38 95 24 99 14 10 58 76 11 1 0 84 40 6 95 40 37 99 92 94 63 63 52 62 44 12 18 27 92 40 20 5 53 30 0 57 73 63 42 1 95 49 57 36 87 10 21 62 96 6 75 1 15 84 82 90 39 47 15 16 59 98 66 2 82 92 68 74 4 92 60 24 37 39 79 11 18 93 55 47 97 3 12 46 89 5 56 53 72 58 66 27 98 20 41 15 52 27 88 36 24 59 41 15 80 29 42 61 9 65 79 20 70 2 12 25 23 93 78 6 7 85 90 59 35 26 31 5 61 29 80 49 94 8 33 37 62 41 13 61 27 64 45 73 69 13 0 17 2 10 77 73 74 58 40 30 43 74 65 42 0 17 46 83 7 30 87 8 45 85 97 28 96 89 69 69 39 91 23 80 41 89 27 18 75 13 92 96 92 75 37 25 21 74 48 84 97 83 0 10 12 72 70 86 25 2 1 7 89 13 37 87 60 68 43 85 27 65 63 25 2 58 62 39 73 14 75 65 60 49 69 96 34 8 60 89 5 59 63 89 52 53 52 7 64 69 98 15 35 10 43 27 7 28 29 79 42 76 49 82 7 50 45 70 9 0 82 96 52 37 7 31 96 39 14 62 92 78 31 24 52 85 90 83 96 37 5 4 83 27 34 7 7 66 71 66 15 30 23 3 99 33 74 48 
58 20 47 33 63 53 11 39 83 98 64 11 27 19 56 0 37 21 21 71 70 42 42 31 55 30 43 3 91 14 75 81 5 96 27 72 39 9 31 99 37 20 6 47 7 34 85 42 1 89 19 26 58 20 53 77 73 22 92 49 43 77 35 27 68 82 21 15 42 53 73 77 81 25 18 43 81 14 35 52 2 61 97 39 80 92 87 49 25 45 78 40 86 17 62 69 64 35 13 32 92 31 13 88 87 42 27 25 51 34 43 33 73 22 28 36 61 7 42 2 94 72 26 22 93 92 42 4 53 8 38 72 78 65 94 36 57 43 19 27 60 55 59 14 74 75 80 34 11 91 90 71 92 73 20 78 98 3 79 79 82 61 68 85 71 13 67 13 45 0 39 42 77 80 92 76 84 81 10 23 25 83 3 80 69 77 64 35 11 45 40 7 17 79 34 83 45 55 48 94 72 6 20 9 61 31 97 52 14 64 56 67 57 79 6 50 29 92 0 10 2 24 25 70 29 99 24 96 85 76 55 64 18 31 21 16 7 37 54 31 25 81 65 95 0 8 98 10 79 62 47 82 65 33 6 38 26 72 54 16 59 63 31 17 41 52 21 46 25 29 56 23 72 61 1 56 50 84 11 76 6 90 86 80 15 70 52 39 42 46 14 52 28 19 45 71 39 29 54 27 15 14 67 76 94 37 31 19 62 74 24 74 37 2 18 63 14 54 61 57 16 34 37 60 91 62 11 24 63 69 86 49 40 1 40 7 18 68 83 43 41 25 85 29 35 13 91 1 6 73 39 52 91 53 77 53 28 50 55 91 89 43 2 43 52 38 62 86 98 12 97 33 67 12 92 64 41 51 22 2 21 90 4 33 75 67 53 49 38 30 53 35 12 66 41 45 69 31 78 96 37 17 37 37 37 1 84 12 90 56 24 0 26 4 81 86 0 98 51 86 9 35 83 69 95 75 10 93 50 54 56 3 30 89 68 44 92 6 18 41 66 88 59 24 44 10 33 28 38 50 58 79 33 84 42 54 80 54 89 97 36 3 39 56 61 24 70 79 2 55 47 89 38 41 17 1 85 32 74 4 92 49 86 34 93 95 38 70 77 40 63 12 34 16 5 73 57 3 1 90 
25 50 76 95 10 65 93 28 44 40 87 95 17 89 76 37 85 44 60 3 34 38 70 19 70 30 97 33 60 28 47 10 54 41 25 49 64 39 61 62 25 71 42 71 83 55 90 35 22 93 95 34 21 87 3 72 74 75 12 12 51 50 31 2 12 56 82 67 89 21 66 51 2 16 54 9 64 44 87 95 40 53 55 90 52 33 48 30 51 41 41 87 59 20 10 9 51 60 58 18 25 60 0 13 59 90 91 64 70 34 54 9 9 51 92 32 58 45 53 31 95 21 40 56 94 76 87 21 71 58 4 58 42 63 86 39 91 82 24 9 69 71 85 16 32 43 4 79 66 4 21 59 6 64 35 27 55 23 85 57 13 46 62 63 63 62 31 8 49 93 94 68 23 29 79 96 78 85 18 31 90 14 10 33 49 32 91 13 19 69 66 23 0 48 75 84 2 16 30 70 72 39 2 86 48 7 18 14 99 5 57 58 55 51 46 33 73 57 69 69 22 80 23 83 77 65 45 39 10 54 74 34 68 97 68 62 18 73 6 82 66 88 53 86 10 1 52 45 71 27 52 95 25 25 38 56 29 24 69 78 89 87 24 37 3 73 33 2 6 3 54 61 96 78 92 4 20 25 67 21 64 26 66 10 99 85 64 85 31 33 49 2 17 99 46 60 80 80 36 14 63 87 10 60 57 92 48 17 90 43 32 76 3 11 49 9 72 42 64 47 52 40 83 39 27 93 74 2 88 77 31 25 45 63 2 59 11 26 35 71 57 16 75 15 45 82 89 59 58 84 86 49 96 60 74 69 65 21 79 71 49 31 40 0 38 32 70 76 42 85 66 80 75 97 31 69 48 14 66 81 37 26 45 58 24 24 36 19 94 57 15 21 59 24 8 23 77 16 25 50 9 78 24 3 69 87 28 1 34 6 93 18 97 32 59 61 4 4 87 84 24 95 63 97 1 82 48 94 68 11 12 20 24 4 14 83 91 69 24 6 93 14 96 15 83 60 16 51 76 88 33 52 49 15 72 94 88 19 92 50 25 12 6 12 62 39 67 33 1 95 78 18 27 85 79 7 69 47 34 75 48 73 60 56 18 86 10 55 9 17 37 0 73 49 16 72 81 89 50 64 
63 64 36 79 64 27 60 91 15 1 16 77 88 32 69 48 14 22 97 41 0 56 44 41 69 69 44 58 26 78 22 20 92 85 9 11 80 47 67 69 50 6 99 93 45 91 34 99 88 74 93 24 43 52 30 13 59 48 56 67 99 18 48 92 58 39 92 25 98 34 67 60 24 89 7 2 80 56 85 46 84 32 89 26 28 35 61 40 42 35 9 6 72 46 34 72 57 47 67 12 51 16 63 4 89 54 36 33 75 51 22 71 15 87 70 23 47 31 36 82 12 21 52 36 68 23 88 52 98 16 95 56 77 88 24 81 42 6 58 58 96 40 76 96 21 58 28 15 56 78 9 55 30 87 32 18 11 46 69 42 84 97 93 37 92 17 68 55 27 46 53 42 57 67 96 80 8 27 97 41 28 78 4 4 1 10 54 82 42 35 7 67 29 3 25 92 19 90 89 42 29 75 58 59 13 21 82 85 19 77 52 72 21 27 22 33 12 93 48 81 91 79 84 62 44 52 22 42 34 98 89 16 92 30 11 11 70 37 21 49 43 87 71 66 69 80 81 8 28 11 62 25 42 31 50 26 26 54 75 44 93 8 6 93 44 78 68 55 33 2 17 52 12 99 42 68 64 7 31 75 27 35 59 16 78 0 46 25 49 58 59 2 62 77 6 50 70 40 11 31 62 26 10 90 20 22 20 30 85 48 15 13 11 77 62 88 13 8 74 35 57 89 77 32 33 14 67 83 30 86 49 25 12 0 58 51 28 65 67 78 18 2 63 61 90 36 91 51 72 82 51 20 72 59 71 26 19 64 46 45 12 29 96 25 99 84 60 77 63 32 57 32 83 96 40 58 2 68 96 29 25 27 84 48 71 39 16 16 27 36 65 29 24 83 81 71 43 90 92 93 65 43 6 5 49 92 18 9 77 74 11 1 29 3 19 60 37 40 17 40 4 5 29 23 55 59 5 33 65 34 14 72 24 99 68 44 87 62 41 95 1 17 54 97 92 53 65 63 96 77 90 51 80 59 56 29 80 72 31 21 52 97 78 63 45 27 90 38 35 44 74 93 39 35 81 50 14 37 2 36 75 84 23 39 90 82 17 57 15 9 85 12 55 80 59 4 98 32 93 10 
15 79 34 71 47 84 77 4 49 63 92 37 22 76 15 67 31 78 34 75 14 10 62 73 1 10 94 26 55 7 87 34 98 81 91 84 96 84 49 16 76 41 37 47 55 66 27 75 93 33 64 7 68 55 50 70 70 81 42 42 20 77 6 69 85 34 28 95 92 46 84 12 69 1 2 35 52 92 45 43 10 71 17 67 88 26 35 16 45 44 72 43 49 90 77 21 62 71 99 9 11 48 25 22 7 30 75 22 1 54 57 31 51 99 66 34 59 69 53 86 22 31 76 10 37 62 68 99 58 42 79 2 61 21 33 54 6 26 46 74 47 14 34 36 2 86 43 49 7 54 62 77 62 76 74 67 68 89 52 29 25 76 41 42 2 86 21 96 70 98 59 34 3 76 37 92 80 44 48 82 47 95 74 19 85 37 43 41 78 3 87 34 63 61 33 14 71 82 21 42 16 97 72 9 26 12 57 74 36 97 82 43 58 76 71 22 17 9 22 45 68 20 30 81 92 16 15 94 70 56 42 15 12 75 79 26 39 30 89 50 10 96 98 90 72 63 73 10 49 18 6 21 78 25 27 54 71 0 77 0 86 70 83 98 45 46 60 36 69 98 89 71 9 51 48 9 35 3 13 5 99 17 19 44 29 24 9 27 85 88 74 90 81 74 52 19 21 70 90 36 19 28 79 65 55 89 8 73 86 75 23 80 38 32 1 51 1 61 66 80 62 8 16 41 67 8 32 31 65 13 65 62 61 10 82 78 29 49 49 18 68 61 41 53 65 40 60 58 52 48 35 49 52 78 34 77 64 10 66 45 23 85 96 18 26 13 6 50 37 12 49 46 30 45 92 41 38 52 47 55 7 11 25 14 28 34 77 61 40 58 88 18 55 71 21 44 11 0 79 6 56 63 42 81 87 22 49 55 83 17 82 13 44 62 89 43 84 70 73 90 89 98 13 10 62 33 86 97 92 41 38 23 10 1 14 25 60 74 52 74 47 47 28 71 80 91 70 90 60 37 5 31 67 94 23 98 14 80 81 93 66 54 72 20 79 70 1 4 54 74 72 13 17 65 50 4 82 26 59 80 90 2 90 22 65 96 30 96 85 21 34 58 86 49 5 9 69 52 50 86 
67 67 43 91 17 63 95 64 78 12 3 89 83 54 87 82 79 64 3 95 69 45 85 15 39 54 95 26 71 80 97 17 62 33 32 72 88 88 16 93 3 30 57 84 47 45 94 6 84 35 26 92 98 33 61 41 2 78 82 65 34 79 98 70 73 36 6 8 27 59 14 17 6 21 30 21 20 30 24 47 59 46 14 68 50 22 9 29 19 92 56 81 42 19 71 43 25 51 9 24 91 88 97 46 27 57 21 3 10 67 89 21 68 86 89 22 5 46 15 30 97 79 70 82 77 24 87 32 12 82 48 75 29 3 52 21 31 77 62 50 11 49 38 82 30 86 95 87 65 23 63 8 70 54 78 55 50 82 9 96 87 45 23 71 38 38 48 86 80 34 89 86 0 39 14 12 62 90 76 17 46 3 29 13 5 62 62 73 60 8 53 74 26 49 9 19 15 78 97 25 72 82 85 78 20 34 0 99 46 27 15 42 21 38 50 73 59 61 95 1 64 6 97 35 71 89 54 45 18 50 32 1 43 94 41 63 77 43 39 86 60 34 87 84 54 94 30 37 6 50 46 2 50 9 68 20 56 13 37 64 12 53 12 37 18 87 85 35 34 90 1 35 38 32 95 32 86 78 12 93 89 94 88 20 78 41 1 33 41 93 56 52 25 52 12 74 31 81 78 87 86 41 74 64 34 11 85 69 99 90 93 55 39 64 24 67 3 27 8 46 21 40 25 30 40 76 44 71 48 54 0 76 75 62 26 36 48 61 32 30 1 80 91 84 68 99 85 54 88 48 98 23 13 68 72 62 8 69 86 87 89 57 79 25 60 53 17 1 86 56 40 93 68 62 49 85 83 11 23 15 16 39 40 59 7 39 74 70 13 4 34 17 97 61 68 9 69 24 72 75 84 68 85 99 44 55 22 9 54 70 9 1 93 21 24 18 19 54 38 48 95 53 62 53 81 64 18 24 85 96 74 24 75 99 87 15 50 68 90 45 54 50 89 80 74 75 33 87 4 94 4 17 10 94 73 68 3 9 83 66 79 49 98 23 89 82 78 35 24 85 12 81 20 89 47 82 13 98 94 7 36 22 65 10 63 29 76 17 85 17 83 47 8 78 12 20 8 64 43 41 
53 40 69 30 0 55 95 40 23 16 49 70 4 2 11 50 48 88 71 41 30 48 35 95 52 22 24 37 37 30 15 54 44 69 34 19 62 5 21 83 88 22 96 66 38 84 62 57 77 53 22 92 30 50 44 56 10 92 49 32 48 35 91 3 35 78 6 16 40 20 22 62 98 79 48 72 88 38 45 25 40 79 33 72 51 6 82 20 99 34 64 93 23 23 48 3 26 4 96 87 42 17 33 7 98 46 90 55 59 23 19 77 22 90 12 55 42 66 71 6 81 79 6 58 13 72 31 22 84 35 74 79 56 52 5 52 92 82 91 98 37 36 4 40 54 78 87 58 4 43 76 29 82 83 86 19 0 24 75 55 34 32 81 40 58 1 32 68 74 8 12 5 89 86 1 91 22 67 44 39 24 64 63 95 95 72 49 21 5 76 12 15 63 96 38 67 76 43 7 69 12 83 36 36 60 22 85 69 51 25 62 38 45 5 99 20 88 59 5 43 59 32 6 76 77 60 98 22 88 3 76 62 23 38 24 83 71 82 99 35 76 25 67 38 62 94 75 68 28 68 27 31 37 82 22 24 90 13 33 75 84 62 60 9 70 56 44 9 26 62 23 80 31 16 73 33 44 67 79 50 61 61 81 19 69 53 50 72 1 29 72 57 55 65 61 46 91 23 42 98 33 34 45 5 66 46 2 67 93 89 48 41 3 51 20 33 26 62 63 99 70 37 36 55 75 55 41 82 64 58 68 96 89 17 22 83 82 88 67 53 23 98 77 75 57 75 83 44 88 84 52 41 22 43 13 21 7 64 78 45 29 83 45 5 80 38 58 89 49 59 3 29 6 51 81 26 67 2 45 26 21 30 38 4 32 62 98 83 23 45 89 25 78 1 50 6 23 43 15 40 13 69 9 76 1 91 54 85 88 7 60 90 90 33 57 65 42 81 65 26 28 5 66 84 69 38 64 36 34 13 42 80 4 51 2 85 73 93 69 81 94 31 35 7 2 99 9 51 31 92 1 20 21 31 62 90 62 42 44 84 38 52 48 22 43 40 93 51 66 76 60 81 97 91 0 96 54 91 28 10 72 1 21 29 38 93 5 47 80 74 31 8 58 71 20 5 16 76 27 45 
41 36 84 87 99 28 84 30 55 4 63 88 77 8 96 79 78 52 48 57 16 79 67 60 33 86 3 50 58 57 82 99 53 35 13 71 86 99 78 98 96 7 9 72 8 83 10 96 29 93 48 8 51 12 27 45 88 76 94 97 28 53 37 19 70 32 31 21 61 82 6 54 72 91 16 34 91 72 30 9 39 23 13 91 81 47 68 26 3 96 68 47 45 75 33 34 11 59 44 12 10 79 82 10 73 2 54 56 10 77 74 34 37 34 79 77 94 61 17 63 22 75 94 97 77 95 56 42 72 33 79 13 72 4 50 13 5 76 23 2 20 60 91 82 84 82 13 28 75 64 40 80 40 61 54 92 14 50 8 0 94 72 87 77 3 71 67 99 58 52 36 90 89 3 68 17 19 25 1 75 89 47 51 62 68 41 44 22 95 7 57 16 62 3 74 38 79 68 60 79 7 37 72 88 48 2 28 61 67 99 96 64 28 35 4 31 38 72 71 20 93 35 58 63 85 61 92 34 73 10 11 96 50 91 76 28 78 86 33 93 68 5 19 27 26 60 47 14 17 35 10 2 40 59 64 49 66 85 20 99 3 49 42 27 82 62 13 58 42 70 41 35 94 1 34 18 98 53 27 49 74 86 61 69 7 97 54 98 42 82 33 29 21 15 52 19 50 81 20 8 28 88 84 6 62 44 50 91 26 13 26 77 52 77 15 16 41 18 69 83 46 81 9 73 39 59 4 3 66 49 24 79 63 12 11 45 81 70 22 24 49 61 42 38 4 91 34 99 72 64 96 66 66 79 96 80 33 14 87 99 54 97 61 33 6 72 89 98 34 11 27 10 48 62 87 99 42 51 41 92 57 26 87 55 39 64 12 32 34 30 22 18 95 43 61 88 34 22 30 94 47 78 67 80 81 30 25 67 37 70 5 57 24 56 70 73 25 29 55 73 70 68 91 14 93 93 30 45 63 21 11 42 59 45 90 81 2 71 16 91 42 19 43 17 13 34 31 2 85 87 13 47 96 39 12 17 68 83 68 45 93 34 19 23 22 30 81 91 19 32 79 35 9 64 51 90 68 73 2 87 61 20 71 18 53 20 63 86 83 51 48 95 13 24 72 96 51 12 20 20 
5 47 35 81 6 19 57 24 38 99 61 22 22 28 77 47 32 13 50 47 47 47 63 26 16 14 4 25 17 34 13 58 63 47 58 3 30 76 42 1 95 73 22 27 79 72 57 27 99 52 61 67 42 46 3 15 49 23 53 80 86 78 99 59 62 83 67 99 67 82 91 48 63 10 97 69 80 79 10 48 84 49 62 93 71 50 75 92 13 4 94 18 26 29 89 97 0 83 63 90 4 80 49 3 97 9 59 98 31 35 63 25 65 33 54 95 95 87 56 27 6 46 76 56 98 37 21 34 7 39 67 34 72 78 72 49 90 70 94 10 44 93 47 15 15 40 2 11 82 70 51 82 70 43 86 87 19 22 46 25 33 43 93 61 93 18 42 27 25 15 20 19 14 0 11 47 38 64 8 18 33 99 78 81 54 84 46 15 54 36 56 86 35 40 82 79 36 52 12 61 69 11 33 35 14 62 30 89 65 70 50 5 58 23 9 19 87 47 31 70 40 79 32 0 12 40 83 86 67 95 19 49 10 69 30 33 61 38 1 27 86 3 86 67 55 22 36 77 49 98 92 91 44 65 93 87 94 76 54 58 22 92 0 71 57 34 78 81 18 6 56 75 89 57 53 96 31 7 30 50 66 28 69 74 14 58 46 38 72 77 41 52 69 53 83 35 34 9 54 51 9 57 3 38 63 0 85 48 26 37 10 58 86 8 62 46 12 86 78 23 3 77 25 42 82 24 76 81 23 44 88 38 74 31 18 99 86 54 60 17 62 60 86 5 26 47 69 28 21 40 12 54 66 81 0 70 37 12 78 98 70 11 19 4 0 67 32 64 85 16 33 43 44 18 14 94 97 74 53 12 0 88 4 22 71 10 49 92 43 63 17 57 30 64 2 11 79 36 62 46 17 90 81 45 58 53 70 39 95 16 38 38 6 49 9 56 91 37 97 8 28 68 68 2 97 58 86 17 62 36 20 53 75 80 11 10 3 63 39 28 89 5 82 56 15 2 83 88 32 11 77 51 97 6 3 88 66 16 88 44 75 77 35 99 29 14 19 36 60 0 9 96 96 58 30 71 99 56 0 82 89 53 50 15 74 19 62 97 41 12 6 17 65 32 63 61 45 95 8 80 
76 74 89 99 41 47 87 37 48 56 37 23 45 40 60 94 10 1 7 6 96 48 82 84 98 12 80 32 50 90 40 48 36 32 65 52 96 94 61 31 10 35 41 98 85 49 34 16 85 49 49 7 82 24 5 31 65 80 63 42 87 7 29 27 25 9 83 46 90 74 79 94 50 22 38 15 21 8 98 14 73 89 24 15 3 60 83 95 31 82 0 77 73 0 72 25 40 65 22 35 22 67 42 99 53 51 96 2 54 90 67 68 94 42 21 1 97 9 27 97 58 37 79 64 21 44 47 60 2 42 89 94 55 14 35 24 82 70 71 97 44 47 2 67 92 39 5 92 36 50 95 81 36 67 32 17 98 56 75 12 39 81 45 13 79 56 90 69 35 77 4 91 53 63 25 36 8 95 70 1 47 46 55 35 70 79 22 64 67 59 78 37 51 36 72 82 70 49 13 72 4 8 4 90 21 43 41 56 37 76 26 50 45 54 86 29 69 25 3 59 20 21 97 40 91 38 5 7 3 73 68 67 71 56 43 43 42 48 9 1 52 70 47 19 73 52 32 36 71 45 65 5 6 21 78 84 42 6 88 50 81 98 81 67 21 60 13 0 59 90 52 71 48 55 15 34 37 45 72 14 79 18 12 3 69 8 36 67 97 60 7 30 41 4 9 7 86 36 92 98 10 21 85 74 74 15 33 78 37 13 7 43 8 62 71 38 66 74 82 20 20 29 80 10 33 57 45 17 41 41 55 71 96 69 92 80 33 1 36 77 67 50 92 12 35 21 46 57 79 18 58 97 75 24 47 61 34 63 9 10 44 43 40 61 82 2 47 90 66 92 88 30 97 6 82 37 44 6 18 67 31 12 25 39 15 38 58 92 77 91 41 68 21 99 73 29 67 89 68 5 48 32 84 75 63 64 4 11 61 5 44 42 76 22 99 30 47 35 80 36 99 69 62 84 18 85 2 41 19 20 72 97 65 20 43 84 52 34 74 75 8 89 29 5 68 7 86 41 71 55 4 73 76 21 32 62 38 75 10 95 45 9 36 71 72 7 32 91 36 7 54 73 55 8 87 29 13 9 69 4 89 42 98 22 6 6 32 96 94 12 89 82 23 64 57 6 52 98 69 65 
55 57 1 48 37 97 36 11 58 51 98 42 77 54 51 43 88 50 40 85 75 99 60 8 3 57 46 25 67 77 73 33 22 59 39 0 27 8 3 39 9 18 38 22 89 38 19 78 43 42 83 91 55 0 27 60 86 29 27 40 32 37 5 45 31 35 91 4 17 51 55 88 90 86 33 90 60 99 80 28 5 38 94 48 68 90 39 66 22 83 79 93 69 69 63 22 16 41 89 91 57 59 77 77 60 61 81 13 84 79 7 25 89 68 80 27 91 49 44 94 27 23 72 30 19 98 70 60 65 67 85 39 47 70 74 40 19 34 27 68 37 66 98 3 3 16 46 36 78 77 56 11 20 95 40 32 8 69 77 60 66 18 89 6 15 69 43 26 37 91 28 3 33 91 12 45 71 46 91 50 37 92 12 32 61 63 31 66 87 44 13 75 27 84 92 20 28 60 40 61 6 89 72 14 51 23 43 88 74 75 2 4 29 51 7 64 70 60 96 89 49 77 24 34 97 66 19 22 17 58 72 18 74 21 87 28 28 72 22 76 88 48 97 41 38 80 93 56 7 15 21 78 23 77 54 54 52 71 18 49 31 22 76 49 7 86 24 0 32 42 24 70 56 67 26 23 88 87 81 15 45 78 17 0 32 72 79 35 51 39 47 10 56 11 92 44 51 81 49 26 44 65 56 78 71 24 96 73 11 10 28 17 11 9 41 20 28 68 59 82 2 33 47 62 31 98 78 91 97 70 84 53 52 95 69 86 66 18 73 95 25 15 88 15 55 98 59 62 18 95 55 52 71 11 32 61 11 2 65 73 0 2 78 62 14 31 74 67 94 71 26 35 21 51 3 63 74 37 14 48 68 57 14 91 98 77 98 54 38 97 75 96 4 89 1 96 42 46 67 3 43 93 29 13 60 26 6 77 81 48 68 74 80 33 46 18 54 69 0 11 45 91 35 45 65 71 38 47 95 58 57 49 98 22 21 93 98 11 28 80 9 29 19 44 80 18 22 38 62 35 10 26 30 17 22 99 60 13 57 6 17 98 97 86 44 76 83 55 74 9 86 83 78 56 59 74 81 3 64 28 44 10 33 21 77 33 73 58 40 95 39 11 47 10 12 42 31 32 21 40 
15 76 98 68 8 59 61 33 85 68 7 76 11 94 15 71 70 44 14 64 69 93 31 28 12 9 35 42 38 59 96 41 19 73 24 13 42 6 13 84 57 92 46 66 92 31 80 85 25 42 15 75 7 19 88 15 39 9 95 4 84 54 67 33 33 18 45 14 13 72 48 67 78 14 56 88 63 33 7 39 31 90 25 40 28 17 32 45 74 11 78 75 6 19 68 49 69 64 74 54 25 65 94 18 45 4 88 40 21 93 49 79 65 77 97 51 56 8 14 94 14 59 88 54 94 21 33 26 30 9 42 90 99 59 0 80 91 75 0 57 97 2 29 87 92 39 63 26 13 48 41 0 3 95 10 62 37 30 63 93 17 53 75 69 9 54 67 78 35 14 65 60 51 35 15 79 26 71 39 16 51 59 31 47 93 20 62 49 23 91 22 0 88 89 92 7 87 27 37 84 79 78 68 66 17 93 9 60 60 49 88 84 33 18 33 6 22 60 55 45 3 95 26 79 53 53 89 68 21 10 68 35 63 28 85 23 4 40 57 63 79 9 39 8 99 56 45 98 41 14 57 31 38 77 30 84 53 50 51 12 49 24 89 63 46 36 23 20 9 32 41 38 63 92 74 44 32 30 15 77 97 29 51 90 50 49 51 36 25 38 67 87 54 94 57 11 68 44 46 12 35 79 79 77 93 38 83 16 31 79 42 18 43 48 65 7 15 4 3 53 74 45 39 34 48 40 2 56 70 79 36 92 76 6 62 0 34 44 80 33 40 24 23 34 26 90 60 17 58 32 67 30 44 6 97 19 6 51 68 10 68 56 59 6 80 11 11 42 35 55 63 47 23 15 96 91 92 36 69 4 92 69 77 63 21 70 9 88 74 84 32 32 59 30 89 3 32 45 50 40 80 46 69 49 31 9 89 82 63 89 23 69 10 56 26 18 51 68 39 14 81 54 70 64 45 22 54 25 21 74 97 15 3 15 16 70 79 67 85 69 11 2 90 11 36 51 94 8 72 98 15 59 24 60 89 65 38 83 49 23 55 65 45 66 50 8 1 0 90 19 30 80 60 44 73 53 55 53 49 15 5 84 52 92 40 37 31 75 80 23 91 28 9 87 46 55 93 39 82 67 
46 16 57 16 27 67 41 83 82 56 57 71 95 91 88 95 39 16 83 43 73 58 9 79 10 50 18 77 46 91 68 95 12 5 65 67 28 89 99 37 54 94 87 17 33 49 63 0 54 67 81 84 39 34 39 1 19 66 53 36 86 65 38 25 70 23 24 99 71 24 71 87 42 18 72 8 48 54 20 73 68 47 50 67 48 11 47 46 24 9 22 30 17 46 26 33 69 13 16 73 88 85 24 87 1 70 60 33 80 49 88 82 37 11 57 62 56 43 55 9 48 47 65 27 35 51 44 12 10 41 20 27 26 23 79 69 34 91 35 75 82 24 66 59 35 51 65 96 68 0 69 89 43 88 37 54 99 68 48 65 2 98 63 76 96 62 54 33 45 53 49 10 58 44 13 60 75 71 81 7 3 60 43 25 21 77 98 22 11 37 67 77 24 94 93 49 74 29 67 47 74 55 40 46 27 61 14 46 45 45 76 2 18 59 43 2 9 21 70 39 71 35 29 70 86 6 24 46 82 47 67 61 58 15 4 64 46 77 19 14 65 36 21 74 22 30 19 83 88 53 42 29 14 33 58 6 22 27 41 42 85 93 34 53 48 77 72 30 28 65 90 40 5 84 64 44 99 4 23 45 42 10 25 8 40 86 71 44 31 51 51 67 25 41 4 94 52 16 99 59 17 61 90 33 63 27 33 13 95 53 17 15 28 94 7 72 72 22 4 28 8 64 57 98 69 99 2 97 70 49 32 68 81 62 85 83 73 46 63 15 31 83 6 69 19 85 11 50 44 85 37 76 89 75 23 32 22 62 14 67 63 85 75 10 17 73 15 71 46 76 42 72 7 34 82 81 37 6 97 33 32 46 13 15 1 40 81 62 43 76 64 13 93 80 35 3 67 46 82 99 39 82 19 22 4 71 70 29 6 76 41 33 18 25 27 27 89 14 38 12 90 32 27 22 32 41 51 89 72 68 41 89 1 65 51 30 47 63 37 3 90 37 77 43 16 9 80 84 39 60 9 71 61 42 91 92 97 59 28 68 27 54 32 40 5 3 61 6 20 3 76 21 20 82 19 54 67 1 9 42 72 2 44 67 87 73 33 5 17 79 61 5 75 68 80 45 85 82 7 79 
79 36 15 5 99 20 1 56 92 14 42 36 97 43 60 13 2 64 48 75 84 85 33 65 49 79 41 22 7 54 93 34 88 88 61 9 92 6 80 51 31 15 88 94 51 59 30 83 7 78 64 16 88 51 36 82 52 51 17 80 52 58 7 13 63 51 1 6 15 6 28 45 32 22 1 75 85 22 96 95 86 20 34 80 67 73 71 92 80 39 77 91 1 46 23 63 25 76 8 70 64 3 36 50 3 27 64 58 17 73 65 11 34 13 85 20 69 50 0 11 27 67 93 68 39 63 69 56 71 61 80 72 73 64 41 62 44 32 47 67 90 92 91 38 70 10 5 23 4 78 92 89 44 76 56 64 84 33 84 18 85 12 23 2 17 93 49 59 98 91 57 8 1 17 81 24 14 36 95 82 51 48 61 66 84 78 46 65 73 69 94 70 33 45 74 48 91 48 36 89 71 57 18 73 1 29 51 17 46 5 58 25 98 49 77 2 45 68 10 39 71 91 38 88 28 57 53 71 95 78 84 19 45 40 19 75 10 12 93 35 66 81 42 42 13 34 82 74 77 49 79 18 47 92 42 8 75 38 13 6 19 32 67 89 73 54 53 47 41 5 54 52 91 50 55 60 87 31 14 79 13 39 40 4 35 38 96 43 56 68 85 75 70 28 96 50 47 76 18 22 52 34 48 79 76 19 66 9 16 9 90 30 46 63 12 59 24 12 88 88 14 31 99 16 89 63 46 58 69 21 69 23 30 79 70 24 36 55 6 19 2 45 44 48 50 45 84 11 65 12 39 9 48 85 36 65 29 30 73 74 15 24 59 28 39 42 53 1 65 91 21 86 99 17 72 28 9 57 35 88 34 63 45 94 68 84 73 68 99 91 80 92 46 55 46 6 71 97 45 13 97 91 81 56 68 2 49 18 12 79 86 92 80 34 84 92 25 78 1 2 33 33 61 32 12 84 99 7 6 83 55 59 33 50 85 25 67 18 66 74 68 8 54 7 4 16 97 93 33 81 65 53 23 32 24 13 42 79 17 66 19 32 81 53 70 21 34 32 62 32 62 10 97 77 90 98 32 45 26 47 33 10 36 66 26 67 87 22 41 28 16 73 70 42 43 79 8 48 5 6 
99 60 15 58 2 78 25 94 71 49 53 72 18 35 94 79 13 69 44 44 94 82 78 30 91 43 97 61 89 35 96 66 3 37 75 79 73 50 89 87 52 74 24 1 31 72 53 68 94 52 97 34 20 48 52 79 93 59 3 74 57 21 50 17 76 7 29 49 44 85 77 96 40 15 69 55 21 92 87 5 73 22 40 77 93 72 48 9 68 67 1 20 21 47 92 87 30 73 24 39 42 18 76 21 75 2 38 82 20 93 13 10 27 90 62 60 69 97 65 91 79 62 91 78 55 53 79 49 4 72 24 46 10 57 3 50 68 73 46 43 46 23 59 17 67 22 62 19 18 34 78 14 62 71 45 65 83 24 19 33 2 7 17 91 16 84 26 9 79 87 37 17 56 72 63 21 3 37 94 40 49 39 79 47 68 7 64 39 81 88 92 71 30 79 42 86 99 51 22 21 87 58 40 0 52 47 6 90 51 20 32 60 8 43 64 6 72 40 41 6 50 89 63 71 27 94 87 94 4 50 80 86 43 84 5 79 29 39 70 44 69 0 10 21 6 58 91 70 60 18 5 77 22 24 15 29 54 22 20 83 21 98 71 4 80 62 84 97 89 49 65 77 47 72 8 57 12 16 55 15 74 58 34 69 96 61 68 64 46 24 60 87 67 44 2 8 9 65 13 53 89 91 27 67 58 13 47 69 68 27 12 77 47 43 37 38 99 7 59 6 59 23 22 46 94 84 98 69 41 86 51 13 39 16 50 13 18 27 69 46 61 72 20 28 36 94 68 47 83 22 79 22 27 72 73 60 24 17 81 34 95 8 16 30 94 17 91 65 57 36 63 94 30 25 94 86 88 77 4 25 82 30 34 31 70 84 23 15 34 80 66 9 56 94 7 87 62 12 94 26 49 49 41 9 55 44 87 78 36 40 0 92 93 20 39 56 92 53 10 5 24 57 80 67 56 77 80 23 65 99 50 4 9 2 32 88 48 24 76 98 39 10 15 88 41 65 1 74 96 34 35 87 73 61 50 43 98 36 84 73 48 35 82 81 1 70 86 59 71 89 19 69 15 34 26 84 34 90 54 60 20 98 5 12 41 76 10 62 93 93 16 57 47 66 70 7 30 99 76 16 
23 25 7 29 42 44 13 58 85 86 55 99 40 32 32 7 80 58 22 18 66 96 38 70 43 0 41 68 27 37 30 40 97 14 70 66 13 86 96 27 85 81 20 45 66 96 4 92 10 37 31 81 1 61 78 93 4 88 31 34 44 16 97 45 86 50 91 47 56 51 47 25 20 29 89 76 23 25 80 44 57 58 4 14 42 95 21 38 68 25 70 3 95 67 29 48 21 79 73 66 2 43 54 60 39 73 73 92 74 85 76 86 0 92 35 86 8 86 87 55 57 32 69 48 16 79 24 16 53 61 31 11 56 2 48 44 80 5 99 31 53 24 21 65 29 28 46 60 32 70 37 79 34 62 35 50 64 52 89 1 79 43 52 29 65 68 79 86 12 26 51 2 49 49 75 57 98 25 49 86 23 12 44 88 73 30 27 13 59 78 24 96 96 76 1 55 17 20 16 74 95 64 28 36 29 84 79 39 1 86 93 60 60 35 15 72 93 59 83 86 75 13 52 36 65 46 88 64 7 75 64 97 1 54 57 11 13 66 64 35 8 28 44 4 21 78 25 24 36 11 17 27 31 78 40 11 96 42 81 85 73 1 46 49 85 54 58 54 10 78 84 28 29 46 83 83 31 18 67 62 91 84 52 76 89 5 7 55 20 14 12 60 76 80 77 80 89 56 99 91 92 70 40 35 54 23 18 59 29 14 0 83 4 63 95 98 12 68 93 19 37 89 59 9 13 89 31 85 81 6 10 41 81 43 82 57 75 91 53 65 28 84 83 64 48 4 39 15 70 42 17 63 61 60 0 17 31 73 1 80 57 91 29 63 86 89 20 36 60 74 15 57 99 34 97 28 6 93 3 48 44 51 82 21 71 87 74 99 70 9 57 29 3 46 39 78 85 75 24 82 46 57 17 23 19 12 38 10 42 1 1 51 24 55 97 12 32 54 33 92 82 97 1 32 72 14 58 18 74 16 12 11 85 49 31 2 3 78 56 89 38 52 18 19 8 33 97 10 56 94 62 37 77 52 88 76 5 6 68 65 63 71 92 50 29 95 53 69 84 64 93 36 56 48 46 87 30 3 27 46 23 37 20 86 99 77 83 94 53 24 59 53 45 55 34 4 76 59 34 58 
72 22 65 17 73 20 86 29 4 64 43 68 50 95 53 67 35 72 22 14 62 86 2 33 39 47 13 8 51 92 87 80 91 76 76 38 20 23 34 43 68 56 46 9 14 53 23 61 57 90 26 37 83 66 34 37 16 53 51 80 89 88 91 8 60 13 41 54 43 71 15 89 4 31 45 44 14 75 20 31 63 71 37 53 32 77 14 85 4 82 52 54 21 20 61 43 5 19 86 10 48 61 22 6 69 2 45 19 49 53 16 1 78 60 27 23 12 55 19 8 27 95 79 32 27 30 29 44 7 89 0 86 71 85 20 55 13 2 12 8 56 73 36 67 60 52 38 56 62 52 10 76 17 17 92 3 4 76 62 48 4 38 6 79 60 83 66 91 90 96 1 69 22 89 80 0 20 40 94 50 4 20 20 16 16 11 39 75 38 17 50 76 47 13 56 84 32 29 63 93 10 42 87 88 38 45 49 72 13 14 96 1 29 90 28 81 3 21 58 53 33 68 49 89 48 2 48 99 49 84 83 80 39 40 3 44 11 54 47 80 80 10 14 74 95 67 93 2 7 94 50 56 50 85 27 22 86 76 86 35 24 80 78 76 86 23 5 32 50 17 90 35 58 9 93 1 12 22 20 28 55 94 51 87 58 27 32 66 9 15 46 76 39 4 72 82 55 16 46 3 68 94 72 11 85 17 91 20 25 16 96 39 52 12 96 64 63 94 77 62 20 88 15 56 71 42 75 91 3 93 28 47 43 88 63 98 55 82 73 18 80 47 44 24 51 19 59 0 21 18 66 53 91 67 60 64 37 32 40 11 13 49 3 58 42 84 99 2 36 91 92 18 33 62 96 16 11 77 9 38 63 95 84 46 81 54 29 14 43 10 11 57 98 60 67 27 82 60 71 64 94 13 14 35 45 85 49 92 85 35 40 99 16 36 93 11 92 14 81 61 24 89 5 26 83 49 64 62 1 95 20 78 1 64 19 8 60 35 70 79 64 1 30 61 94 95 63 6 79 46 81 10 15 24 31 74 82 3 40 91 70 63 85 63 9 14 32 87 18 84 96 49 99 1 1 36 39 60 20 70 33 88 97 18 71 44 28 8 79 21 96 65 94 14 58 15 14 84 34 4 
34 12 37 60 94 28 23 49 15 50 60 94 78 0 51 73 54 11 3 83 3 21 4 5 63 48 17 30 6 96 39 31 30 5 79 77 29 64 34 71 67 61 73 58 8 28 11 59 89 56 92 0 83 26 54 60 20 24 79 77 8 44 54 28 2 21 77 35 9 32 53 31 4 7 98 55 56 8 82 82 30 43 30 22 9 26 5 42 71 41 53 38 24 9 81 31 18 83 39 87 22 36 78 94 51 14 90 46 75 5 52 4 53 76 65 88 5 62 91 17 36 41 88 70 72 36 91 75 93 81 34 17 66 46 74 24 48 83 73 67 43 45 48 52 2 64 3 59 91 62 3 59 99 17 1 13 60 28 49 96 0 2 57 1 41 24 50 5 40 13 82 73 83 96 77 38 98 97 35 28 6 19 60 20 15 97 25 85 62 84 34 43 63 16 53 33 14 97 43 4 62 62 64 69 79 67 94 25 19 11 16 23 28 79 65 31 91 37 27 48 98 12 24 49 47 65 82 4 47 10 29 53 9 54 43 88 84 33 93 64 59 0 39 52 79 0 90 70 35 48 77 36 15 74 64 9 75 34 40 76 65 58 6 61 38 46 1 23 5 23 9 61 37 29 98 54 29 0 84 23 86 83 61 36 74 54 68 88 92 55 65 97 16 12 64 21 38 2 91 12 69 17 21 19 55 45 75 16 2 30 77 1 5 90 72 29 77 50 56 33 47 45 52 4 28 61 97 79 80 38 88 89 11 26 99 91 90 44 64 9 37 67 81 29 12 93 67 85 62 30 80 68 24 21 27 91 50 11 94 80 77 64 52 17 44 91 12 39 32 76 51 44 36 43 66 77 20 68 45 85 86 85 81 21 62 20 15 53 20 42 44 73 73 86 34 80 93 92 36 18 6 6 84 84 59 77 78 17 14 83 8 59 38 43 1 21 73 13 80 15 22 41 55 18 95 77 9 63 74 12 75 87 75 72 78 33 42 15 90 50 41 62 99 93 73 85 29 84 94 74 74 12 88 41 50 58 86 58 57 1 49 72 13 99 73 30 23 95 50 22 55 88 18 27 48 59 98 91 40 99 51 56 98 32 15 5 45 44 6 79 99 71 82 78 0 77 99 60 20 70 
89 25 0 84 19 7 76 28 51 10 21 47 78 96 33 44 51 47 18 87 17 39 72 9 16 74 72 7 95 36 77 56 23 57 52 77 11 6 5 65 14 89 76 22 52 70 4 35 56 38 0 52 42 68 53 39 23 93 91 12 43 22 79 7 20 25 47 9 35 78 97 20 49 53 26 45 42 16 50 18 73 71 5 57 25 15 98 38 30 88 6 24 34 33 46 1 80 64 10 22 41 40 34 3 71 17 54 81 95 32 30 48 36 92 30 27 74 59 90 45 46 76 94 86 61 9 3 32 73 56 67 39 39 4 83 53 52 71 50 24 24 44 96 17 9 18 94 95 52 15 72 64 26 84 5 63 47 91 86 53 70 71 69 97 81 70 82 98 30 78 39 56 82 61 8 90 36 45 91 43 97 91 46 97 49 87 93 90 52 78 93 70 4 50 60 75 56 16 92 87 62 6 21 19 12 4 46 73 95 36 39 19 30 93 2 87 32 56 25 59 1 5 14 58 94 83 98 31 88 58 23 1 75 43 48 95 53 4 54 55 21 77 17 90 57 50 19 9 87 69 69 66 48 88 57 68 62 93 14 81 78 83 66 3 4 25 51 88 14 55 53 99 12 31 58 23 84 57 93 19 1 13 27 24 95 97 7 13 27 0 93 4 56 74 42 0 12 52 41 47 67 68 38 86 5 60 82 86 50 99 22 34 14 38 62 69 5 13 8 96 68 60 36 96 14 76 62 21 38 67 46 72 48 4 42 13 70 80 53 76 99 90 40 4 97 29 95 24 29 5 84 86 18 81 62 42 7 47 20 82 77 5 13 23 88 32 26 28 19 37 70 39 67 4 24 18 36 90 94 75 96 90 7 49 84 65 46 25 83 7 11 43 85 15 34 28 72 81 30 97 21 96 88 98 25 61 28 25 2 38 72 88 57 97 58 87 96 76 34 20 8 32 1 30 73 39 83 40 21 42 54 46 92 48 5 11 58 54 74 48 49 96 90 38 79 4 95 74 42 82 12 82 23 10 69 70 88 54 86 20 25 57 30 95 52 30 69 39 66 15 16 85 30 4 25 97 22 59 39 30 7 65 76 62 77 79 75 72 21 32 19 47 96 27 94 85 1 73 45 49 
98 1 12 62 4 81 98 56 59 63 34 12 40 59 6 98 59 22 31 95 38 12 70 65 7 46 37 59 40 45 42 3 44 62 90 44 13 2 22 81 94 52 25 90 50 46 94 16 61 25 27 79 20 30 14 99 86 32 17 98 89 57 62 27 16 74 16 42 98 37 53 63 37 95 80 15 27 14 91 41 72 87 39 97 0 54 31 45 29 62 24 39 1 82 71 14 51 18 24 81 36 39 11 46 55 50 95 94 85 46 44 12 26 26 33 45 44 55 92 63 82 63 91 64 16 31 51 15 23 43 30 25 2 97 28 22 15 51 12 50 97 89 3 67 86 27 26 25 70 79 71 79 37 89 9 76 72 62 45 19 25 7 74 85 74 16 41 22 52 89 88 70 8 18 84 10 66 89 75 67 74 33 67 82 16 0 4 78 64 92 15 69 49 78 70 82 37 97 89 86 99 81 78 56 86 63 69 93 31 47 8 27 93 48 69 25 31 43 78 9 69 63 98 92 10 16 92 48 13 41 14 60 50 4 85 57 64 48 43 69 48 79 7 30 64 50 64 8 24 81 78 42 36 94 81 16 78 32 99 96 53 9 0 52 74 7 37 19 41 6 1 12 20 24 67 30 35 96 92 34 83 47 9 65 46 96 47 80 9 58 53 31 75 48 90 19 41 53 67 42 17 66 36 35 43 58 34 72 64 3 36 26 78 32 12 68 33 45 61 56 70 77 21 99 81 34 3 37 96 66 69 34 2 28 42 54 41 46 64 65 49 1 3 56 74 23 73 46 34 2 50 27 96 92 76 59 44 12 24 5 9 60 79 88 81 47 77 92 6 17 53 0 96 46 23 1 57 63 7 34 78 40 48 0 42 65 10 67 83 35 35 31 12 52 3 13 4 45 95 57 3 5 87 58 89 26 74 76 56 28 59 70 62 88 68 40 66 95 35 55 79 81 35 2 34 7 63 46 83 77 59 63 65 45 67 34 52 93 63 60 42 43 25 55 58 90 71 37 41 61 33 27 2 76 76 98 47 77 48 14 71 87 22 87 33 41 29 11 93 52 74 34 13 46 69 36 52 57 43 21 93 27 69 11 0 80 32 23 60 39 73 88 90 95 26 11 40 22 68 91 
24 26 45 16 9 0 87 63 81 34 54 30 35 22 5 92 4 39 55 16 25 99 70 29 16 63 6 28 9 46 11 98 33 24 63 38 13 57 84 17 14 17 35 79 92 22 92 93 18 87 99 8 80 31 63 2 14 99 10 74 57 4 70 91 68 65 59 51 20 58 90 47 83 88 15 82 65 36 65 45 39 47 93 63 3 12 77 65 57 32 81 86 22 17 18 29 35 38 11 76 76 77 14 49 77 79 98 21 28 4 85 63 31 75 6 8 72 4 50 31 64 13 83 57 95 43 67 94 24 93 15 83 92 68 69 93 93 87 74 13 96 62 25 9 37 80 99 12 40 91 50 54 71 27 92 61 68 24 56 84 5 41 37 17 77 58 23 25 44 40 80 71 0 61 77 22 69 61 25 39 19 23 73 50 12 33 61 65 44 21 67 29 64 69 71 34 68 93 15 14 42 25 44 87 9 94 87 2 93 75 94 0 28 71 33 78 28 88 30 73 20 71 16 42 69 42 65 54 11 84 55 4 79 7 57 62 50 24 89 68 67 53 50 34 77 13 69 37 48 64 23 44 80 92 4 14 50 67 42 40 62 67 57 46 26 24 45 82 70 29 65 87 39 66 39 55 91 58 24 48 37 37 97 94 0 59 91 95 41 7 17 66 7 53 2 71 63 74 33 31 84 69 40 20 64 93 19 82 85 9 2 55 55 97 32 13 52 1 21 51 0 53 65 32 25 13 20 45 32 95 97 20 26 59 34 11 33 22 75 51 86 39 96 23 80 1 88 80 74 30 46 38 69 4 59 36 1 12 64 46 72 65 81 43 39 51 27 77 69 98 5 86 76 13 7 31 52 70 36 9 9 37 12 78 89 69 65 95 98 39 23 77 63 62 12 55 39 52 22 27 37 52 92 40 24 48 62 98 60 40 66 28 30 16 91 19 90 51 40 39 28 54 18 95 17 54 11 40 83 87 30 66 39 93 53 13 71 87 45 55 72 84 30 80 49 69 43 2 54 55 96 97 6 2 70 20 55 97 6 63 64 40 34 71 8 85 6 99 28 13 29 12 57 20 67 55 40 2 73 95 66 87 90 88 33 41 45 35 20 52 52 55 67 41 7 12 5 20 4 0 
93 10 81 30 17 99 75 35 36 20 20 94 41 87 90 71 66 88 13 90 9 50 32 2 11 30 7 43 87 20 30 8 78 3 39 82 11 28 7 87 27 72 23 48 61 42 67 67 70 1 69 14 99 82 74 58 91 55 36 84 73 75 25 41 66 17 74 62 17 9 37 1 31 51 5 84 99 11 70 2 63 42 13 34 19 55 62 38 11 99 87 11 32 9 76 59 61 25 99 96 58 67 85 65 64 80 55 75 99 11 39 77 57 95 60 70 63 15 20 41 1 78 65 34 18 57 15 0 14 75 70 8 26 35 84 82 31 2 74 89 58 26 21 78 45 10 90 93 12 17 90 99 87 94 31 53 6 99 39 5 59 4 19 1 15 70 88 66 42 42 60 17 68 35 74 96 36 30 44 59 89 27 67 58 29 68 38 53 54 40 6 44 25 34 1 25 16 15 28 17 20 9 82 41 93 45 22 8 56 86 29 75 79 21 89 63 51 16 27 14 71 24 48 9 48 6 93 27 59 32 63 99 45 7 89 84 78 57 68 18 35 14 3 74 94 87 38 52 72 79 68 85 80 66 23 18 32 83 99 81 18 30 21 73 12 60 71 53 83 50 22 71 0 89 67 77 39 57 75 41 82 4 37 75 28 62 94 56 53 77 93 92 29 3 74 60 23 85 57 44 60 94 91 20 43 70 66 26 54 42 91 15 33 30 63 7 80 26 70 36 53 34 53 31 10 84 36 47 32 38 51 41 28 50 13 32 47 89 92 55 2 30 84 12 59 92 19 42 20 99 70 53 93 25 39 57 73 97 75 16 31 57 21 55 83 66 33 7 58 40 91 44 51 63 40 65 89 80 70 53 46 31 88 78 57 79 25 5 51 76 20 57 85 92 3 90 94 75 39 41 5 2 14 14 67 85 24 29 44 79 41 96 0 26 62 58 94 92 36 8 65 22 87 27 38 21 46 46 82 12 28 2 73 70 25 90 33 70 4 78 21 90 62 24 79 47 29 53 85 65 14 72 14 69 79 4 52 51 12 62 19 70 42 14 27 3 6 16 65 56 34 93 23 94 72 5 33 83 33 19 61 16 26 48 41 9 37 72 62 93 73 23 14 86 94 66 64 2 81 53 
32 75 96 28 62 5 0 27 47 21 42 71 6 19 74 88 40 6 38 90 6 2 76 1 58 16 58 31 40 33 48 78 21 75 89 27 45 23 48 42 7 65 93 10 28 19 34 51 27 12 26 39 83 94 80 18 78 93 31 43 89 59 47 81 97 57 2 98 20 25 60 34 28 93 33 49 30 46 0 24 12 87 25 91 78 15 73 29 85 17 71 99 66 26 95 60 70 57 2 56 47 44 44 15 97 65 58 44 88 0 88 33 12 13 59 80 53 7 56 49 64 20 80 29 70 6 11 65 59 52 98 7 86 76 98 4 17 96 16 9 18 17 11 51 10 92 10 40 21 77 54 12 54 0 19 9 79 87 90 80 62 67 26 82 52 88 80 4 20 53 59 3 30 60 31 54 42 90 35 6 50 85 22 35 19 55 87 49 51 32 45 79 4 91 90 80 21 28 99 40 19 64 81 66 68 52 66 69 81 58 35 36 78 35 66 66 47 26 35 96 30 27 84 71 67 22 6 83 79 63 67 6 41 34 62 54 82 58 7 64 54 84 23 47 87 5 86 92 7 12 41 12 89 53 36 8 90 62 76 25 11 15 77 8 60 32 36 48 93 7 10 74 29 77 98 43 2 48 18 20 84 1 63 70 7 99 18 27 78 55 63 12 3 98 83 24 32 55 29 82 26 46 89 5 50 8 22 0 52 34 52 49 77 32 69 18 23 50 88 81 54 63 53 34 69 81 30 17 18 33 77 31 48 58 11 99 16 34 37 15 28 50 44 55 26 60 11 36 92 81 45 74 29 91 1 59 91 40 21 27 98 20 3 33 43 80 68 36 54 26 79 69 11 39 36 33 19 36 71 52 3 18 73 40 69 89 87 71 91 95 22 8 48 63 37 14 97 40 73 98 68 38 57 71 53 4 28 32 54 58 66 4 83 61 64 11 27 74 38 81 17 89 11 79 94 46 20 3 87 9 67 33 11 10 36 78 24 64 58 55 19 33 35 94 13 33 49 87 15 6 80 67 2 80 89 52 19 92 18 31 17 82 92 37 75 82 58 97 90 63 60 11 78 68 64 99 13 2 63 85 73 93 42 65 22 31 84 26 17 67 5 31 5 11 19 70 54 83 33 66 
29 88 26 56 78 26 40 7 11 37 91 12 48 91 82 83 0 62 49 95 54 92 15 24 34 91 84 98 48 37 93 14 71 7 19 88 39 72 70 9 85 17 63 45 60 52 23 54 5 69 87 14 18 81 50 73 67 38 16 36 0 26 70 46 8 82 41 93 40 92 46 47 96 45 54 42 2 43 78 14 85 2 75 91 11 5 71 16 55 58 27 42 67 61 14 59 2 32 76 32 58 51 99 0 28 67 85 46 34 91 88 3 70 15 51 81 95 83 52 60 32 65 68 14 82 43 26 87 39 90 35 62 72 41 98 95 93 66 26 15 11 71 73 51 57 80 6 38 8 65 55 26 71 81 29 52 99 80 62 49 57 10 95 15 48 50 27 90 48 71 11 75 42 41 38 34 85 82 62 64 89 75 42 79 28 59 50 13 24 80 67 36 6 54 65 72 86 40 80 40 22 2 10 43 72 45 83 41 39 15 60 54 31 26 60 18 26 77 70 24 90 17 27 29 73 79 61 38 1 95 5 83 33 4 0 77 91 50 4 90 56 84 75 8 25 93 48 97 0 49 8 83 77 50 71 38 81 64 16 47 88 3 0 47 65 86 83 56 96 45 97 3 23 59 84 12 48 60 54 85 48 28 44 69 97 72 55 12 96 55 53 82 96 32 16 69 83 96 77 97 47 80 74 81 25 40 47 39 93 97 41 74 47 8 95 14 56 15 99 94 24 74 42 62 18 91 28 60 75 82 65 82 51 55 33 57 36 30 85 55 41 79 64 93 8 51 88 41 13 30 18 25 76 10 48 39 39 9 18 39 81 30 88 52 88 9 91 96 17 0 64 6 0 28 11 33 34 3 70 17 94 51 24 73 75 84 15 25 68 43 82 27 49 20 85 6 32 71 20 39 54 41 22 75 46 70 16 88 40 96 75 88 35 79 23 90 44 80 28 45 71 71 54 92 52 27 55 43 95 6 93 59 99 67 67 82 59 8 65 68 0 99 57 48 24 82 19 78 8 51 95 54 70 23 52 24 5 12 68 98 69 61 81 42 17 76 49 15 92 15 63 86 34 45 35 67 44 7 51 50 45 91 70 44 56 62 31 30 73 48 93 93 30 98 36 58 41 89 38 15 
48 2 77 26 35 14 83 32 67 44 91 54 60 29 42 52 51 4 39 68 14 64 23 28 43 65 79 81 79 6 93 90 3 58 31 36 45 92 19 73 54 57 32 71 27 99 63 62 78 62 63 94 86 81 18 74 73 16 58 67 55 2 0 12 51 25 7 76 34 88 20 54 44 66 0 65 25 8 93 30 33 33 12 66 67 5 45 11 26 38 67 95 9 91 71 88 4 63 29 13 36 51 89 19 14 24 50 28 31 73 98 32 18 38 80 74 47 17 79 74 22 22 95 34 61 2 64 20 16 14 75 62 6 92 86 72 35 5 31 8 94 6 19 39 91 43 74 23 47 96 40 72 1 75 64 47 79 63 67 0 87 57 56 20 36 48 72 50 76 81 77 70 15 81 86 8 82 33 30 6 50 30 23 99 58 65 37 6 77 48 26 16 32 72 47 54 94 56 6 23 82 89 74 33 50 41 14 72 61 85 21 35 94 60 20 55 11 20 58 14 67 6 80 57 9 82 56 96 33 2 70 72 86 23 45 90 16 58 1 19 42 60 78 59 67 67 77 1 6 68 77 90 69 86 19 29 70 99 24 21 13 38 47 39 57 48 62 0 3 18 13 56 63 16 47 38 72 33 31 83 79 45 29 26 41 27 61 13 27 18 57 25 64 0 40 28 56 33 30 19 93 62 57 90 3 15 72 77 45 7 26 89 21 55 14 48 82 40 66 34 63 82 16 42 20 47 8 78 17 43 46 50 23 32 67 93 84 28 75 26 49 29 8 33 5 37 94 46 62 69 9 82 72 11 87 81 87 76 26 53 90 71 16 43 52 85 56 86 8 55 95 91 73 52 42 17 28 68 89 4 45 66 45 93 9 27 14 89 94 17 26 54 61 24 46 5 60 1 71 77 57 76 83 78 55 13 79 24 14 7 91 97 45 62 43 45 9 89 40 33 95 98 19 54 73 7 7 37 60 14 72 93 31 43 70 31 62 38 93 85 93 32 94 41 86 22 69 75 73 98 25 63 39 80 46 48 64 85 8 22 47 96 99 63 93 44 5 60 14 23 60 24 12 99 31 24 9 16 91 38 54 6 44 71 61 19 80 56 71 68 33 78 50 35 83 24 75 36 73 18 
27 7 49 43 80 41 85 29 69 92 34 84 81 47 73 99 30 42 66 93 35 58 37 0 69 44 70 56 2 2 15 98 6 27 67 73 52 77 26 67 58 52 93 81 42 29 29 85 44 21 66 71 63 89 43 12 59 74 69 84 0 12 62 72 46 71 91 3 16 29 69 26 44 10 72 12 76 62 79 30 53 90 29 23 1 66 16 56 94 86 45 42 50 13 94 16 19 21 12 12 29 16 47 44 72 86 65 3 60 2 89 9 40 84 72 23 34 10 74 45 44 48 29 70 51 37 87 85 57 86 98 14 7 22 75 86 85 4 38 81 91 74 78 18 65 3 11 50 4 15 27 35 87 32 60 80 96 85 60 63 11 70 17 23 92 95 93 29 88 3 23 74 1 16 36 76 39 82 42 43 65 52 42 70 69 11 2 68 65 79 3 94 4 70 33 45 37 23 85 22 61 56 71 84 58 77 59 33 66 0 76 73 87 56 38 97 12 33 28 9 32 73 53 63 14 55 27 13 14 88 68 39 18 9 46 97 83 27 92 52 14 54 22 29 7 67 31 64 56 80 84 13 56 31 34 16 50 22 34 72 8 69 92 39 49 17 77 26 12 44 14 0 72 97 32 94 99 6 10 81 35 12 98 31 47 13 21 16 25 12 93 8 41 3 55 96 93 17 57 74 73 16 51 36 70 12 60 46 49 23 64 49 57 75 6 64 97 41 45 44 40 3 35 60 78 2 99 71 7 19 82 34 61 48 40 42 33 61 8 89 72 25 9 10 29 50 86 11 63 20 26 21 80 52 49 95 43 78 7 57 33 10 94 94 43 86 26 88 36 69 32 25 61 65 87 15 59 17 71 44 67 36 93 53 29 82 39 56 23 91 60 0 70 43 93 42 13 6 79 83 69 49 10 97 0 96 45 42 0 62 45 65 42 80 93 11 11 80 3 59 69 42 86 89 28 81 85 99 16 79 84 76 73 20 34 35 38 10 91 61 92 56 89 38 60 96 20 46 27 49 0 93 31 59 64 75 10 9 64 11 78 99 87 78 52 65 41 42 32 9 45 18 55 9 60 43 7 93 58 63 91 14 53 4 31 90 36 28 73 58 17 84 93 23 20 19 58 33 79 46 
13 13 7 50 76 1 15 33 55 10 63 90 68 78 88 98 29 87 60 37 35 25 67 87 64 19 66 14 16 98 86 30 53 43 83 69 74 92 13 60 48 67 68 88 77 59 88 37 8 59 70 8 78 8 56 65 37 48 71 46 6 14 37 3 25 2 35 82 58 69 92 24 11 97 30 10 96 75 36 67 18 60 88 47 5 56 58 74 74 73 46 66 44 58 82 46 8 25 46 79 5 49 96 16 91 92 96 4 33 20 69 35 46 5 10 4 36 55 15 37 93 86 95 2 87 95 11 74 24 48 6 75 82 57 52 99 80 6 91 28 16 32 74 50 43 10 74 84 94 44 62 90 62 29 16 11 72 1 66 70 82 81 75 48 35 88 22 76 24 56 1 15 85 48 94 54 2 40 45 69 68 1 69 73 52 10 2 44 40 75 32 19 15 0 26 76 6 24 92 9 14 72 77 69 26 6 79 22 51 30 28 66 79 10 38 50 94 76 2 18 79 31 7 50 50 66 6 0 29 48 30 35 4 31 86 23 87 25 57 36 83 52 43 2 52 48 38 88 87 81 57 76 12 17 91 86 73 44 49 48 44 92 1 55 37 27 94 61 54 72 69 51 15 96 39 37 45 9 27 12 94 65 33 26 44 35 69 38 85 25 20 17 58 8 78 61 7 60 64 72 12 67 75 29 96 40 17 57 95 14 97 18 66 69 51 85 78 93 51 10 37 31 88 27 90 1 51 83 29 19 57 54 61 97 80 55 83 37 35 6 51 74 21 58 79 49 39 90 81 85 89 11 21 93 33 3 43 24 88 2 35 91 38 26 60 46 65 46 27 64 60 88 17 24 77 79 5 33 40 95 65 57 5 78 32 77 0 88 41 90 60 70 48 86 27 79 85 29 57 4 39 83 48 39 7 39 26 87 55 59 5 7 62 18 8 10 22 54 77 28 46 41 72 49 53 56 58 73 99 98 5 45 77 35 95 52 10 69 64 63 75 25 19 47 10 7 22 66 93 38 7 73 98 97 43 13 49 89 77 26 43 25 61 69 53 93 32 99 48 18 26 3 57 9 68 26 96 90 66 39 1 57 91 10 4 45 29 17 54 2 91 32 2 52 30 25 15 69 93 74 
43 76 10 95 45 25 50 9 33 89 73 80 31 33 22 15 12 82 46 70 90 37 72 32 56 5 17 38 36 50 50 7 42 62 33 24 32 12 26 55 56 96 36 29 57 60 31 81 7 56 69 67 97 46 84 42 76 85 19 20 96 19 46 99 82 13 29 7 54 32 25 12 74 88 67 39 75 20 3 0 10 16 1 69 27 57 99 54 94 3 59 29 77 24 40 8 30 16 57 73 76 63 44 28 79 16 95 28 8 86 29 41 99 47 98 59 77 52 70 25 53 58 72 93 12 79 98 61 70 82 16 59 29 4 74 75 47 75 83 78 5 13 85 90 69 66 43 80 81 73 79 37 78 94 75 57 45 56 47 4 0 2 74 89 14 62 22 95 73 39 17 1 38 47 74 80 98 13 97 13 97 31 27 58 37 95 77 29 31 85 95 46 20 28 41 19 2 40 85 94 24 89 73 62 74 61 35 13 20 45 36 29 21 73 87 63 59 8 68 1 64 13 72 60 35 23 18 45 83 42 6 23 23 58 84 9 46 35 34 34 12 86 28 97 64 70 43 97 45 70 62 72 63 34 31 23 19 19 88 80 74 70 39 51 40 47 97 15 21 61 36 40 8 90 43 84 70 50 79 49 65 30 88 30 50 6 75 24 76 87 68 16 25 8 62 70 98 56 83 99 27 24 80 88 79 84 33 41 69 80 74 43 0 98 92 49 34 3 22 39 73 29 92 47 36 39 31 73 84 48 1 51 81 57 13 53 24 83 93 51 11 32 81 49 73 63 6 21 1 51 48 53 75 1 67 37 85 63 6 72 37 25 66 91 96 43 87 38 51 22 24 0 71 79 67 28 41 47 47 96 23 81 62 58 50 77 51 75 48 98 58 22 36 52 50 64 2 87 22 95 37 69 79 59 62 30 42 68 64 36 62 93 18 59 25 66 85 4 95 44 54 8 6 53 40 0 73 75 10 12 16 32 59 62 66 61 74 29 8 60 58 19 46 21 95 19 82 26 83 17 36 47 38 84 71 21 44 41 35 11 39 80 27 34 2 49 66 22 92 75 23 35 83 96 62 62 31 17 89 58 37 97 51 60 32 54 71 75 21 82 22 66 87 99 61 54 70 37 61 43 
89 20 51 80 22 63 75 62 36 16 57 74 11 43 55 24 52 3 56 87 73 85 94 47 3 48 57 58 21 99 15 36 97 51 29 31 1 51 80 10 54 96 66 50 25 58 89 52 54 65 52 71 8 91 41 34 6 14 63 3 41 0 20 76 5 93 62 52 57 83 75 27 23 70 68 70 52 3 92 52 57 9 49 45 1 51 90 33 30 77 96 74 46 88 57 76 60 79 46 65 68 48 68 25 24 24 17 34 88 46 78 3 68 11 89 43 23 86 5 40 17 40 82 23 39 99 12 90 5 18 35 72 4 38 17 33 34 17 66 73 22 40 59 1 85 34 93 82 3 59 57 42 1 96 21 15 49 59 67 94 77 7 8 69 89 49 64 73 15 41 86 47 20 50 88 96 3 21 88 7 63 39 21 60 33 38 19 27 79 7 48 68 41 72 81 14 56 37 38 38 0 90 24 66 90 9 37 60 38 14 52 50 33 35 14 17 40 3 13 99 95 96 70 89 37 75 10 28 53 17 67 21 38 34 41 55 87 11 9 1 16 66 77 34 94 27 86 30 33 5 19 37 12 51 1 81 70 76 33 58 96 80 52 11 49 37 34 93 34 49 37 5 54 49 73 17 27 25 88 30 60 39 92 74 40 43 20 83 89 60 96 3 9 46 24 48 40 29 58 44 59 20 29 86 26 61 31 3 34 48 79 78 82 67 12 45 45 88 86 69 88 59 47 23 53 55 0 69 35 53 79 98 46 53 36 28 83 17 95 40 74 15 74 40 61 62 5 99 5 95 78 91 57 54 49 66 29 40 64 57 29 60 96 55 40 51 86 58 83 76 94 22 96 1 7 14 93 11 67 33 16 7 3 54 14 66 64 73 90 70 1 51 22 5 98 99 47 84 4 24 0 11 82 36 65 29 71 9 25 38 76 51 89 41 21 25 0 36 27 31 32 90 28 54 59 37 69 27 40 19 45 98 3 24 80 1 95 32 28 90 52 88 58 99 51 63 86 53 33 54 50 7 41 70 5 60 63 25 5 13 39 32 92 92 46 22 12 34 45 1 32 51 98 29 4 81 9 61 39 1 6 56 97 11 50 30 70 66 17 35 96 32 12 46 46 97 82 82 27 43 
27 88 91 52 99 16 72 75 13 5 3 65 67 30 4 43 74 13 41 99 50 96 63 17 17 51 68 27 35 25 80 38 9 7 36 54 78 62 65 71 50 33 47 63 80 57 37 59 27 1 20 66 72 96 11 28 27 23 24 33 54 90 99 26 48 77 67 84 87 2 90 4 33 72 22 37 15 37 38 28 68 25 24 57 78 20 57 49 36 41 95 13 9 35 18 81 40 80 4 16 19 17 97 82 17 87 47 46 42 47 17 8 23 11 16 71 49 65 2 27 41 86 38 40 53 46 66 0 34 90 36 20 79 80 25 3 39 54 28 91 31 20 34 82 99 6 18 2 43 56 88 81 81 88 67 41 19 57 9 78 2 82 51 80 0 95 25 47 10 77 62 26 51 33 0 54 73 15 58 32 17 93 68 10 61 56 3 20 49 58 4 85 94 40 65 58 97 2 0 99 11 63 21 42 32 73 63 76 36 88 13 23 48 82 61 74 10 49 15 89 24 43 41 97 84 94 17 15 8 87 52 7 92 22 43 80 91 82 21 93 49 84 77 5 80 94 84 88 99 28 76 34 24 14 75 70 45 35 45 11 82 68 14 58 10 86 86 7 46 22 99 78 51 11 40 85 73 84 24 97 7 57 96 16 92 57 22 60 85 59 59 97 37 5 75 70 67 13 57 22 85 22 20 49 51 82 27 80 41 20 96 77 98 74 60 29 65 31 10 17 8 57 10 98 84 91 75 89 75 30 43 60 33 46 15 6 53 42 17 20 20 3 44 14 63 54 98 90 78 77 90 11 31 55 20 97 66 0 0 80 14 63 58 20 68 37 43 5 37 11 65 93 71 5 50 6 88 19 50 18 15 65 7 53 42 0 97 57 33 72 70 13 89 17 85 11 59 91 64 85 88 16 61 0 17 10 60 82 35 91 99 89 34 98 56 31 56 49 97 9 1 7 2 65 95 14 39 28 16 2 70 88 26 9 4 9 4 2 3 49 28 80 59 86 74 91 8 96 63 83 48 46 87 14 76 27 4 97 57 47 44 76 73 2 69 20 33 52 64 1 86 37 86 10 42 43 23 39 61 93 57 98 94 83 35 0 90 43 19 98 55 46 28 54 86 16 49 6 44 50 
84 16 78 99 98 85 4 71 84 32 7 70 44 99 2 33 65 41 72 54 68 11 25 76 96 76 87 92 83 28 5 65 27 61 4 42 24 45 33 71 2 90 4 20 83 11 47 85 19 81 56 44 41 18 37 21 78 34 20 17 94 33 83 58 43 59 90 41 27 92 37 4 11 13 67 25 81 70 87 93 36 51 29 67 11 63 74 87 64 26 13 58 53 81 78 19 43 62 58 67 46 47 22 59 85 67 63 41 57 54 40 3 31 3 82 34 42 94 30 86 20 97 71 55 30 81 82 25 94 1 62 25 52 48 33 66 50 42 56 95 52 1 21 73 9 16 39 45 25 40 98 15 29 2 50 93 62 12 41 73 86 23 46 52 57 19 44 24 42 94 80 67 41 40 32 67 81 61 92 4 93 33 62 66 46 71 9 88 57 1 60 63 38 17 8 13 6 7 80 72 64 17 56 10 64 54 18 67 81 75 28 25 64 5 4 29 40 61 71 95 23 6 97 78 12 1 41 2 17 79 90 31 0 64 66 64 76 81 33 8 92 96 61 17 58 19 38 13 79 78 70 16 35 80 26 55 63 88 76 52 24 89 51 68 2 18 46 64 77 26 18 84 28 74 91 30 83 83 61 9 65 37 35 89 22 13 45 55 93 32 39 81 82 24 71 22 34 43 51 66 25 0 98 35 66 21 27 99 22 36 44 13 56 18 3 6 6 91 34 38 51 77 84 86 94 50 7 96 6 8 35 75 28 64 92 42 63 99 89 66 54 53 31 18 74 69 42 59 43 91 13 15 1 36 5 84 80 95 23 42 25 30 7 35 87 78 66 38 58 92 90 66 47 9 55 99 85 53 95 39 51 46 62 65 89 58 65 42 76 58 0 51 74 15 56 90 15 53 99 20 15 5 85 23 67 21 86 38 23 42 76 94 79 28 54 42 21 38 53 65 19 93 98 36 81 13 73 21 64 38 90 64 81 69 63 55 23 53 17 84 79 50 14 26 66 83 95 41 96 79 76 45 21 8 92 63 53 7 92 73 56 46 54 93 21 54 17 95 90 0 63 17 84 24 45 54 94 86 43 18 46 44 25 31 2 46 87 5 25 7 76 90 34 0 3 78 28 2 80 45 
90 10 60 26 85 47 75 48 84 51 88 21 0 79 18 56 9 79 69 15 50 84 53 77 71 3 46 77 48 2 74 12 64 7 35 17 72 62 99 67 42 90 62 46 56 24 69 25 62 85 20 17 35 75 38 93 26 2 9 87 87 64 46 90 21 21 99 98 80 95 92 81 25 18 20 56 16 2 11 4 93 31 85 99 19 87 60 66 16 3 45 44 50 92 49 13 77 28 84 4 18 19 7 95 51 41 44 3 7 43 32 78 31 91 97 38 5 81 25 62 68 0 24 7 21 90 88 48 62 42 81 80 89 5 48 0 35 17 53 10 12 56 88 84 75 26 72 18 12 58 68 11 31 33 10 30 18 20 12 3 55 55 6 35 55 60 87 20 32 37 5 97 82 53 61 22 28 98 93 53 88 13 82 20 71 35 13 30 64 89 92 88 16 44 1 79 8 96 86 11 84 36 59 7 39 23 93 76 53 16 41 25 87 7 62 15 40 3 82 26 94 26 38 59 74 35 64 88 45 99 4 86 0 20 51 4 45 23 16 40 51 75 78 7 89 19 19 30 55 89 97 85 76 58 43 6 19 57 76 95 22 31 1 82 20 17 28 76 99 29 33 88 52 1 46 71 32 80 39 91 90 44 32 39 9 44 34 25 29 45 98 82 0 41 43 96 93 42 63 87 84 43 2 39 40 33 32 50 4 37 51 79 50 64 4 83 53 2 45 67 63 92 88 86 24 73 12 20 28 94 92 88 74 74 81 6 86 84 97 90 90 78 2 0 89 7 23 27 93 58 6 45 58 14 21 26 8 96 44 14 55 8 81 86 38 68 79 81 51 25 93 43 27 40 42 82 60 65 83 95 56 52 46 76 72 65 76 46 11 28 73 48 5 88 36 94 44 12 17 87 32 35 37 33 81 15 36 38 71 66 27 79 18 79 3 83 14 49 94 45 13 76 69 23 10 3 1 77 1 75 38 22 54 53 84 32 45 24 18 35 78 96 86 36 11 87 79 44 44 87 73 41 87 8 75 71 99 93 40 57 89 39 40 92 45 69 23 19 31 13 17 95 26 91 32 73 95 37 92 95 67 78 75 85 43 65 57 82 84 77 72 42 89 83 20 67 48 37 19 61 
34 81 73 65 87 95 77 57 39 78 94 68 89 87 37 50 90 9 77 79 99 71 89 96 89 78 58 98 69 5 29 5 42 88 5 92 81 49 39 15 70 70 41 62 99 30 19 44 96 69 81 39 99 29 63 1 97 41 69 23 63 51 31 29 49 85 50 92 68 55 56 53 54 55 27 81 76 67 45 97 52 79 90 35 35 15 19 38 31 42 43 54 8 44 17 68 90 90 14 87 12 81 70 65 76 78 58 18 11 83 15 21 58 6 21 44 30 94 46 70 2 2 73 73 33 80 47 29 80 95 91 18 40 27 57 71 85 72 43 99 99 22 27 36 68 95 92 94 40 71 7 54 18 67 6 18 48 21 53 89 46 3 70 39 72 21 9 83 96 74 85 33 64 9 5 31 2 44 61 85 85 86 61 73 87 65 1 3 64 81 25 92 34 85 91 39 60 2 59 45 74 15 88 42 41 5 2 68 20 91 22 60 20 89 54 92 40 79 95 76 15 64 38 15 15 10 28 44 61 64 73 10 93 47 78 8 45 57 58 13 9 56 39 79 41 66 26 6 42 88 40 57 91 11 47 73 83 51 54 88 95 70 47 57 96 38 95 47 33 7 43 77 7 98 60 25 15 95 5 74 91 41 51 57 4 48 94 33 49 32 89 72 96 85 95 0 73 17 54 2 45 55 83 20 51 61 69 58 33 28 36 11 29 57 64 94 42 68 84 79 45 26 3 97 88 52 53 19 27 14 87 55 89 9 19 19 88 66 96 87 43 84 90 67 90 42 14 93 96 54 58 18 25 50 62 65 89 78 90 8 50 36 93 6 43 68 77 1 67 66 15 2 9 8 26 5 18 77 93 57 28 58 19 8 3 99 73 48 81 98 17 60 68 15 15 74 16 65 74 18 81 63 12 6 76 43 93 73 92 77 56 48 76 95 85 46 38 94 97 39 79 20 27 33 35 3 43 69 94 54 72 21 74 4 82 4 16 99 28 7 30 20 66 98 52 31 65 11 65 30 11 66 31 58 52 80 40 83 80 93 70 29 70 51 41 86 14 31 81 75 71 54 83 60 40 81 87 84 88 65 0 19 73 5 3 73 35 51 27 39 16 33 42 2 99 15 66 55 92 93 
70 15 90 73 33 68 10 92 6 28 55 7 52 0 33 31 42 60 72 53 35 38 96 81 76 76 95 43 76 1 20 89 10 88 86 48 97 82 60 89 60 78 70 99 93 56 36 42 58 13 21 90 51 7 10 52 58 93 64 66 72 61 65 8 50 36 19 66 99 95 91 17 55 57 69 31 69 49 16 30 58 56 24 67 88 38 49 47 4 39 75 8 27 49 19 48 17 64 69 98 98 72 76 12 64 56 43 44 17 83 77 17 60 62 44 53 63 7 12 17 81 64 78 14 9 39 77 88 20 66 91 4 95 51 29 65 26 88 82 10 61 20 28 15 44 1 13 3 37 95 95 76 2 93 10 87 83 89 82 75 9 89 59 57 66 87 93 23 3 48 45 42 79 80 80 13 99 35 74 84 61 79 45 60 4 24 78 8 33 16 83 37 0 75 64 35 82 99 51 54 65 18 53 79 7 69 14 30 67 73 16 20 39 5 99 49 75 56 49 67 21 70 60 57 41 73 46 40 84 95 40 20 15 29 27 91 75 64 97 96 9 3 0 98 3 30 40 64 51 25 18 60 49 7 81 52 45 60 31 13 4 29 78 64 1 28 63 45 22 90 74 55 42 44 85 16 17 8 81 87 90 6 22 68 48 85 44 69 73 40 65 74 99 91 86 37 42 91 34 70 1 46 71 71 36 73 23 82 30 82 66 10 22 24 9 75 93 24 78 57 24 91 82 60 73 38 81 50 93 6 24 41 37 56 0 54 8 15 95 37 58 58 59 86 72 81 36 55 62 96 24 72 50 48 36 92 93 52 45 76 49 25 29 1 63 38 68 90 70 31 33 76 90 9 83 22 46 33 59 93 21 45 18 80 71 43 9 4 2 65 24 59 91 99 40 25 77 18 0 9 10 17 26 51 72 6 52 86 59 6 91 96 88 42 28 0 93 94 79 54 9 82 41 10 89 56 50 40 46 59 19 5 48 41 97 47 54 39 65 45 82 95 73 37 16 0 75 81 36 80 74 1 67 17 27 43 79 99 90 1 47 33 34 52 39 52 43 83 28 19 86 3 36 62 13 24 52 60 24 75 63 18 44 25 31 89 39 4 8 41 45 50 1 46 95 49 81 88 34 16 
17 36 29 73 86 8 55 87 77 99 23 41 63 4 26 61 3 16 37 82 34 45 37 86 11 89 77 38 51 7 15 45 82 60 19 63 39 16 19 72 42 20 92 81 5 40 20 31 22 21 72 54 51 76 90 72 44 52 80 81 39 2 71 50 78 75 91 43 68 82 38 81 87 13 24 51 87 17 66 60 35 45 46 53 23 48 99 88 36 3 82 20 87 21 2 42 54 22 58 75 20 62 92 49 0 81 87 97 58 4 15 62 87 70 24 29 85 98 26 22 20 36 12 99 20 1 12 75 66 56 64 79 41 56 56 50 67 55 34 4 85 56 56 49 27 23 95 56 99 86 81 50 49 35 24 16 92 23 25 80 23 7 6 60 4 0 14 4 48 93 88 42 51 25 33 3 60 41 86 51 98 65 11 34 68 25 31 54 45 10 51 87 23 86 75 96 4 38 20 87 88 97 66 93 55 40 74 47 96 61 15 17 22 88 32 51 70 41 21 46 16 41 25 32 50 6 33 31 89 24 55 79 27 21 26 67 71 54 85 30 63 77 43 94 98 99 53 39 74 3 53 57 67 25 88 43 17 28 57 96 67 98 96 60 57 52 57 88 78 22 61 14 39 10 84 11 2 70 73 27 2 30 70 89 2 73 75 3 15 82 53 85 52 58 58 31 19 70 31 58 76 61 16 96 71 16 65 66 24 63 91 40 62 79 70 96 11 8 90 63 63 79 76 34 26 46 39 64 50 2 50 19 67 30 89 12 48 39 85 4 95 5 23 75 92 30 87 18 47 73 56 40 14 0 91 72 34 85 7 13 57 10 91 80 34 2 9 97 42 75 92 32 45 69 10 4 67 20 17 54 37 18 57 57 40 3 7 75 95 9 64 22 89 38 65 52 45 79 70 42 67 24 31 16 58 2 38 59 20 72 90 46 15 3 21 67 96 52 82 98 50 36 2 41 90 99 48 88 46 4 87 24 82 54 32 51 94 24 82 16 79 78 53 53 36 9 38 75 15 79 24 49 91 95 86 51 12 97 62 35 11 90 71 75 27 3 65 23 21 53 35 57 63 37 17 31 70 14 62 64 71 45 95 8 99 85 91 45 96 42 18 63 31 21 52 30 82 40 11 90 
82 59 56 15 55 52 55 66 4 23 63 16 2 59 90 58 82 34 38 25 95 70 25 47 98 57 97 46 79 52 7 38 76 69 65 35 26 65 48 78 48 42 56 95 78 16 86 7 95 33 39 24 79 70 27 49 37 98 80 53 69 72 50 53 96 26 34 77 17 19 29 4 63 52 22 76 15 75 50 74 74 80 50 25 19 71 82 15 39 59 72 98 72 92 10 75 19 95 55 4 35 0 76 12 13 42 21 25 98 19 72 25 77 75 37 95 35 12 51 8 60 1 63 10 81 2 91 78 60 57 31 56 8 25 89 13 69 11 3 16 95 77 10 92 32 33 46 9 85 70 76 58 37 56 52 21 30 53 67 46 88 85 23 40 19 0 87 0 36 27 82 94 59 15 35 95 27 90 57 90 76 67 19 26 20 11 73 65 89 60 14 67 24 22 42 81 54 63 74 68 1 86 13 53 33 63 22 34 17 69 92 93 55 37 44 23 84 58 22 93 71 93 5 26 0 66 91 38 11 59 87 67 63 4 13 81 16 97 47 1 29 86 5 44 0 20 46 24 3 15 90 58 46 78 4 48 27 72 88 41 69 72 71 54 53 86 42 24 52 66 51 51 86 31 28 88 12 55 94 36 30 33 9 85 89 60 31 28 35 12 33 6 62 95 44 6 37 90 65 20 32 30 17 96 88 25 31 2 72 63 16 79 13 62 90 16 18 37 73 16 70 85 99 82 22 45 11 21 75 57 30 97 97 45 62 79 29 49 94 94 15 25 59 91 40 83 4 66 39 99 23 8 19 74 58 16 23 51 51 42 72 37 51 3 99 99 30 34 66 18 72 41 7 28 70 16 94 85 43 31 55 68 0 67 88 8 48 94 27 14 76 75 11 76 20 50 63 64 28 58 55 63 97 49 68 27 93 93 87 63 70 14 68 5 2 7 7 38 89 62 57 42 91 72 20 82 8 66 95 64 82 98 1 46 13 51 7 45 90 73 92 45 93 71 56 59 3 65 84 60 61 60 74 38 33 52 86 78 17 19 76 34 82 14 56 67 62 79 65 97 70 36 18 51 89 82 4 96 29 84 58 93 88 33 59 55 60 52 85 98 84 82 66 19 73 80 53 30 26 43 
30 45 78 96 24 63 6 53 9 75 92 41 52 49 43 56 4 26 78 52 40 67 46 69 82 24 15 19 14 30 36 1 42 98 16 4 47 90 13 49 99 95 56 33 55 51 1 22 58 95 46 19 46 0 90 34 37 28 19 66 82 66 41 21 62 67 43 83 61 87 89 13 49 69 36 81 8 95 27 62 50 28 57 16 97 32 34 22 90 20 57 19 88 97 39 22 44 34 5 67 53 97 16 54 0 65 39 46 69 11 82 38 91 2 22 20 54 94 57 37 81 93 55 28 3 91 48 10 7 70 68 92 64 51 79 19 59 62 12 38 62 8 65 16 62 38 97 98 39 49 89 91 65 17 70 97 97 77 91 64 66 81 56 80 51 62 64 86 95 84 59 44 85 87 96 32 69 20 78 56 39 86 4 47 87 32 37 89 28 23 96 4 74 47 29 8 88 26 16 99 61 44 80 36 95 73 3 15 50 65 2 28 60 68 19 80 51 82 14 89 26 39 43 17 8 14 3 20 41 5 95 17 15 43 84 77 83 50 22 12 89 88 88 64 31 81 65 52 38 96 65 41 49 31 9 77 43 76 5 52 91 67 60 30 88 4 76 45 96 34 49 45 73 73 73 19 60 78 3 80 7 55 94 53 11 32 98 57 59 60 20 98 35 98 19 93 2 25 57 28 25 61 52 23 58 54 9 11 4 46 27 89 16 63 58 79 88 80 52 60 34 46 10 86 42 86 26 56 29 69 35 84 13 99 75 35 32 43 78 90 82 47 93 89 78 18 74 90 6 62 77 28 40 72 72 21 9 48 5 63 35 73 88 57 39 32 77 59 11 4 0 6 48 40 33 43 29 60 99 44 65 76 63 43 55 28 64 37 22 17 70 30 54 95 25 32 8 2 26 77 64 90 5 27 19 85 86 42 7 38 99 22 5 34 71 25 80 85 62 91 62 61 99 3 99 10 64 68 57 61 30 73 68 73 77 22 89 44 34 24 22 72 16 98 99 95 94 44 86 37 71 0 40 6 28 11 40 50 73 91 92 23 75 90 68 9 88 81 46 70 95 9 23 9 65 62 67 55 92 62 83 65 83 86 51 75 29 96 86 69 0 9 92 56 69 79 30 4 52 65 
40 94 19 23 87 62 14 73 7 86 6 41 14 53 20 89 4 94 2 69 34 12 12 19 37 25 90 84 58 62 12 29 91 33 74 22 4 74 76 38 45 72 11 71 52 2 66 54 15 47 37 90 6 81 34 71 43 8 49 31 19 85 25 74 44 83 79 40 9 26 59 29 88 40 51 89 30 58 49 16 24 59 70 89 47 37 0 25 74 36 79 32 53 27 73 52 72 2 68 35 2 20 60 90 62 2 66 55 37 11 28 14 86 84 40 11 34 81 8 66 71 88 53 87 94 16 1 60 56 55 87 31 75 50 52 0 81 65 45 13 36 89 9 60 10 93 21 97 74 44 32 2 57 90 74 77 2 22 21 48 42 39 68 69 54 4 38 47 69 48 76 86 78 28 72 8 7 47 84 94 14 81 92 4 8 20 52 46 67 4 16 80 20 66 19 34 39 9 14 54 96 67 47 98 11 41 3 42 41 36 15 61 80 87 38 96 94 54 53 72 74 44 32 36 17 75 97 75 93 80 13 45 79 79 87 85 29 35 13 28 3 24 58 74 19 1 94 44 71 11 2 11 54 64 75 42 77 55 7 46 8 1 93 37 88 94 14 30 76 96 64 68 38 8 28 22 80 69 80 96 2 93 55 50 77 11 31 62 1 65 20 6 70 49 18 10 84 67 92 51 54 79 17 82 22 35 10 10 24 50 97 21 81 85 28 11 14 86 17 90 14 60 88 26 42 9 25 91 96 31 24 71 46 57 93 34 30 74 32 50 89 74 95 87 63 48 61 6 6 75 6 11 65 88 89 69 27 58 23 89 60 63 52 65 25 88 13 96 23 58 38 67 75 38 3 74 79 14 69 56 69 55 31 68 13 78 58 79 1 68 50 36 25 30 40 11 64 15 0 92 49 21 31 57 32 61 60 82 31 56 6 20 78 36 17 78 55 87 75 59 20 95 74 42 61 34 70 71 96 37 72 27 28 93 18 11 46 63 10 2 79 18 47 93 10 24 85 53 94 74 71 87 49 17 35 10 19 16 44 67 74 37 75 47 68 28 66 53 75 41 53 36 71 13 54 31 74 59 63 98 0 35 94 9 12 82 83 27 30 28 9 67 78 78 82 23 23 27 57 69 
46 31 7 25 46 56 97 19 75 24 42 24 19 65 15 87 33 48 6 60 83 18 5 4 26 11 14 29 36 49 69 43 83 82 61 60 12 18 16 58 73 96 83 87 3 20 77 91 99 53 30 5 57 16 91 38 50 36 76 66 14 83 28 76 77 15 7 17 3 17 26 7 3 57 61 32 90 19 82 63 90 92 13 97 27 57 97 45 67 69 8 90 5 69 53 5 85 36 30 48 23 63 32 78 5 2 18 16 2 91 79 44 75 95 7 91 62 75 93 28 12 31 19 91 9 18 54 87 86 80 20 50 97 94 67 31 39 68 4 48 77 60 83 0 43 58 2 11 79 98 91 70 88 28 61 76 44 26 98 27 6 57 6 33 45 54 24 38 50 85 58 9 23 55 8 3 60 28 43 78 21 27 55 9 23 60 32 29 92 59 20 55 1 57 51 65 40 48 70 52 62 88 97 80 81 28 90 62 87 80 2 0 52 44 41 8 9 52 59 74 12 69 17 12 63 13 98 61 1 39 72 77 55 60 75 36 22 58 54 52 80 5 67 85 58 80 5 74 3 58 35 2 81 34 94 7 56 95 24 22 53 68 92 36 54 94 19 77 86 89 29 42 4 84 78 41 20 36 94 96 66 3 92 68 37 20 97 16 37 38 94 36 87 38 38 3 12 71 75 60 88 2 84 63 80 5 63 20 16 1 94 44 37 77 38 78 15 28 1 65 87 90 79 65 81 61 61 68 35 43 91 3 83 13 25 7 50 34 64 68 16 79 16 31 47 2 52 48 42 1 85 65 39 96 45 37 88 71 30 25 74 20 53 67 6 24 9 23 64 10 22 31 8 42 85 60 5 80 22 94 46 96 22 98 18 24 15 48 0 66 93 14 90 95 76 98 41 4 49 43 4 22 89 1 65 69 96 84 30 35 88 65 51 44 19 78 37 55 99 80 7 34 83 20 59 45 21 9 7 95 82 23 32 40 57 72 93 16 97 2 43 93 92 23 31 28 46 3 66 28 76 95 25 13 46 61 19 13 72 27 99 16 62 29 56 78 28 67 33 82 51 9 14 58 64 32 96 53 32 68 50 68 39 70 62 70 75 56 73 17 2 43 77 45 2 69 15 5 14 13 
8 38 37 46 85 88 6 5 16 13 59 26 30 71 6 38 6 43 7 25 64 61 2 38 94 50 70 95 4 51 10 63 89 50 64 94 61 27 1 58 19 29 87 98 97 5 23 34 25 65 64 48 3 24 80 60 27 48 21 13 20 30 81 73 51 94 10 24 62 64 98 2 82 28 66 13 98 4 58 96 10 78 62 0 3 35 42 59 42 66 51 1 22 79 87 71 56 38 92 24 45 36 64 93 18 44 80 27 48 98 41 17 87 11 42 78 78 94 12 90 64 5 3 78 13 38 5 14 91 57 32 5 31 7 60 28 99 23 7 51 78 89 86 28 28 4 62 43 91 26 39 22 67 69 67 17 52 65 85 62 25 86 1 59 37 71 38 80 35 88 1 67 83 68 0 46 6 30 93 49 60 1 95 24 71 22 81 2 46 48 72 43 25 26 6 6 89 0 62 96 14 83 46 20 47 64 30 48 55 37 41 52 46 13 73 88 32 72 36 55 94 86 53 57 70 91 31 8 24 66 10 69 30 32 18 76 4 17 61 25 32 43 54 16 70 34 73 29 96 70 33 73 4 93 91 73 47 30 99 10 25 10 43 35 6 86 97 95 98 38 53 63 5 55 89 32 62 12 87 98 48 84 72 94 21 37 91 96 67 3 36 23 33 66 6 14 80 94 97 5 46 56 23 51 85 54 35 65 46 58 56 72 40 71 43 33 13 83 45 93 94 24 17 97 5 14 0 18 9 68 59 95 18 97 98 98 24 40 48 99 19 67 96 18 27 14 18 63 17 40 11 31 67 34 89 36 35 41 50 78 38 79 36 15 31 98 31 39 24 95 8 53 44 71 41 39 45 55 45 2 15 76 42 14 6 0 78 89 11 27 53 43 41 36 22 68 40 12 23 85 33 21 15 90 99 90 50 36 54 70 57 6 43 5 71 26 93 5 11 97 79 11 62 72 13 37 21 66 43 51 97 94 73 58 34 3 71 60 38 20 62 39 15 24 27 55 27 60 87 76 49 85 45 79 8 99 39 27 25 55 55 80 30 13 68 55 69 63 25 62 15 67 33 10 41 82 76 28 49 11 41 58 34 60 98 98 50 59 54 92 41 18 15 69 53 89 77 87 36 82 
61 39 46 25 11 50 83 67 48 73 9 41 57 57 85 3 55 85 81 67 58 35 66 8 80 29 41 21 89 38 89 77 88 20 14 56 3 99 59 60 25 76 11 40 27 58 42 84 10 44 37 67 87 5 71 27 97 50 72 88 6 44 26 35 7 46 72 14 83 2 62 54 59 93 68 76 88 40 95 15 3 48 72 7 48 89 85 31 32 13 81 52 73 11 97 92 32 91 21 89 29 11 70 39 41 40 88 4 56 30 2 77 92 77 73 92 77 57 16 68 71 85 62 38 31 26 55 14 30 59 34 99 93 40 7 18 95 71 89 4 5 77 82 43 25 51 6 78 39 39 30 6 82 10 7 53 74 29 42 56 60 98 18 83 8 19 3 21 8 29 92 24 19 59 7 87 88 95 30 87 29 65 23 42 11 42 21 7 62 92 82 51 73 28 67 50 41 56 76 56 81 17 70 76 2 45 57 84 20 14 19 33 38 16 86 63 74 77 67 52 29 93 53 22 26 74 19 14 21 46 78 80 39 95 29 65 3 32 30 62 97 79 50 77 96 60 36 58 2 69 98 73 54 38 60 15 48 21 56 14 78 15 78 4 95 66 9 20 71 40 16 13 74 48 17 99 85 36 64 65 46 22 61 20 77 30 67 38 95 8 18 87 73 10 39 71 53 74 20 23 44 1 62 38 28 25 51 72 99 43 20 56 97 1 74 86 58 93 17 97 78 82 95 18 92 35 10 67 51 33 59 93 51 23 22 58 55 89 79 4 7 29 98 69 39 93 99 57 33 88 67 5 95 19 89 84 7 22 32 45 38 54 57 99 96 49 25 70 12 9 46 27 98 47 98 28 49 58 92 8 74 15 30 16 80 99 30 13 8 46 59 52 20 6 7 21 81 84 70 85 93 18 65 25 96 99 20 83 44 28 95 97 1 97 13 72 76 5 25 16 50 57 99 61 85 68 93 17 66 56 32 91 3 52 57 13 67 12 2 88 48 22 26 63 17 60 9 98 94 20 38 28 31 25 50 2 38 52 42 53 40 64 65 33 77 59 45 64 81 32 68 35 14 57 42 87 85 29 81 10 45 46 1 13 67 56 81 47 95 17 72 24 56 99 76 50 3 80 59 48 
80 74 45 59 39 46 93 27 88 38 94 55 94 91 7 30 20 28 14 88 7 9 81 62 33 41 21 2 0 51 87 30 49 10 61 74 34 82 24 12 3 77 31 22 4 37 50 88 33 7 30 58 98 98 99 29 83 29 42 0 97 28 90 42 74 85 76 99 93 82 73 15 4 56 19 60 11 28 48 37 20 91 32 65 50 40 72 54 11 36 6 53 64 27 71 23 39 12 13 21 57 33 70 30 75 61 78 20 93 86 14 94 89 91 60 94 50 1 61 68 32 8 15 14 12 53 21 57 92 35 49 77 33 34 55 73 34 36 91 82 58 86 92 36 98 7 65 35 59 78 94 26 86 23 77 32 75 31 33 51 31 28 93 88 28 81 11 31 29 94 32 5 3 79 23 13 44 97 0 70 10 90 21 84 32 56 70 77 24 27 90 81 47 65 43 41 28 19 20 54 19 45 93 43 18 57 14 72 15 1 31 65 48 8 85 18 54 64 14 86 50 40 33 9 65 24 34 57 60 36 27 23 60 92 90 52 91 33 51 11 39 41 20 44 97 99 65 98 90 83 73 96 68 20 1 28 45 97 40 8 92 13 6 73 78 71 53 74 45 76 32 69 48 29 49 65 63 89 7 14 84 32 24 55 53 50 11 73 87 15 34 28 83 40 57 98 28 94 95 82 9 8 59 38 45 44 29 76 9 74 42 67 16 66 33 10 56 28 67 16 23 8 26 93 4 32 23 52 90 48 96 2 14 69 36 55 48 28 5 98 12 44 30 67 30 56 23 17 64 67 36 14 87 66 5 24 39 54 8 88 10 98 49 15 68 55 43 78 93 0 7 86 67 34 70 70 64 12 65 95 11 81 73 6 91 95 30 85 25 91 90 6 21 53 27 1 67 78 25 39 75 67 80 87 70 91 18 33 33 51 10 88 65 29 86 66 81 15 57 4 50 14 98 31 70 4 96 90 40 0 80 88 66 26 3 15 10 40 57 55 95 52 81 33 88 4 85 81 57 26 1 62 94 62 4 69 55 95 20 16 31 97 81 71 36 78 67 65 47 53 71 91 92 29 15 19 68 40 81 71 27 7 35 24 13 20 83 50 69 49 23 45 64 44 77 71 57 22 13 35 
84 37 12 38 37 45 22 37 98 36 80 88 17 33 58 6 88 18 80 89 43 39 51 12 28 39 95 75 92 14 32 16 39 62 84 17 34 6 55 49 6 5 17 27 2 81 77 98 64 99 10 66 96 71 18 23 9 95 41 85 42 48 64 36 0 4 31 31 66 32 72 6 55 45 71 28 54 2 14 66 12 20 59 94 44 27 7 87 43 92 87 52 39 44 3 48 57 54 93 88 12 70 65 19 33 21 21 3 18 96 52 53 72 23 30 56 31 89 45 15 84 87 66 54 45 88 94 37 94 74 24 48 89 95 57 79 43 69 4 51 54 41 2 70 19 80 98 64 9 15 7 15 67 9 26 50 88 65 56 64 70 75 50 29 22 58 62 79 53 95 94 71 10 21 66 52 24 24 92 69 89 85 90 50 2 69 41 69 40 29 43 46 24 67 99 56 5 47 28 64 85 45 22 46 34 10 68 53 38 75 60 39 18 56 26 19 13 99 86 45 48 32 59 50 72 71 69 12 61 89 91 94 55 59 72 8 40 90 27 52 75 35 33 89 59 13 59 56 8 13 5 88 98 32 28 84 86 6 2 46 54 57 74 21 42 46 54 54 79 74 35 94 75 3 48 54 74 27 15 36 43 41 69 97 31 42 86 62 50 63 41 58 18 67 90 95 41 63 77 49 55 45 2 53 42 92 79 51 3 56 93 9 74 90 69 83 45 66 48 16 2 84 26 47 44 89 56 79 28 92 94 2 72 69 83 42 21 16 84 61 89 25 54 58 52 93 91 53 47 3 33 39 60 84 92 4 27 35 74 11 13 56 69 81 21 85 76 57 63 9 18 17 6 77 44 72 36 23 79 94 57 74 89 24 1 84 99 46 79 57 14 40 83 12 35 97 52 91 1 36 95 71 26 57 64 63 11 45 73 80 54 85 74 24 84 94 20 72 6 19 63 42 49 83 31 57 33 89 16 5 96 70 8 74 62 95 67 65 66 99 86 49 92 45 93 34 16 64 9 37 21 38 2 14 14 26 19 32 99 98 40 68 87 77 84 57 67 64 73 97 81 66 46 14 24 1 86 90 82 91 1 99 25 84 94 72 98 55 6 48 22 15 42 51 3 27 11 37 35 58 
96 29 34 67 43 74 8 37 65 38 60 3 55 55 89 58 78 44 30 29 27 23 41 98 47 23 21 54 96 86 28 59 35 78 64 18 61 45 4 76 45 81 44 81 56 69 84 20 83 3 84 68 98 6 69 88 20 73 6 70 2 13 21 49 12 69 67 14 94 67 41 28 96 46 66 70 29 97 12 48 58 76 16 2 68 73 48 76 91 71 1 46 0 88 23 12 44 36 9 32 80 54 99 27 3 78 84 19 83 93 34 3 90 79 20 38 27 22 4 67 6 72 97 61 9 39 54 32 43 40 35 75 6 58 25 17 42 94 45 55 79 53 56 57 8 35 45 42 40 82 24 42 31 26 29 40 36 94 58 96 37 56 20 85 6 71 40 96 70 17 71 42 17 40 42 73 65 67 93 99 20 31 25 98 82 27 71 24 39 80 39 95 62 55 91 11 20 57 93 69 27 63 31 37 87 21 62 1 99 39 2 10 50 84 89 19 88 6 93 82 87 2 40 31 18 47 25 36 32 53 86 78 76 84 65 8 65 61 24 5 95 13 99 32 54 96 17 67 64 1 96 57 6 76 76 41 98 9 60 98 39 22 90 60 25 50 13 79 26 93 34 84 46 57 15 17 36 81 65 3 90 55 56 27 11 45 30 60 97 54 91 94 35 14 90 5 86 67 62 79 92 15 72 26 16 28 38 82 11 40 50 65 23 40 15 8 25 54 73 99 15 53 29 54 2 62 93 33 72 86 66 15 84 15 50 92 77 2 91 23 25 87 7 6 84 51 30 12 8 20 14 86 35 76 78 87 13 10 2 48 18 63 37 8 39 34 31 59 19 97 61 75 94 97 88 6 25 76 64 52 14 96 16 11 10 60 18 42 71 42 41 43 30 11 74 21 12 50 86 64 81 27 91 59 74 71 34 55 53 81 44 31 90 84 20 30 8 31 92 50 73 65 92 15 28 17 90 51 80 54 84 32 70 31 40 63 97 18 60 30 16 37 63 16 43 47 69 90 21 86 30 14 4 30 17 41 79 57 97 26 23 0 27 61 13 23 41 88 22 97 26 41 30 54 2 37 70 21 91 24 63 76 53 47 82 51 80 63 24 5 20 43 12 30 88 7 83 40 70 32 
62 17 53 36 9 14 48 8 38 59 94 38 20 80 63 24 82 50 56 49 80 34 44 9 55 51 82 4 82 52 38 39 96 46 92 12 4 78 99 40 51 10 83 90 32 98 67 21 62 51 38 36 18 87 67 81 42 73 22 15 77 41 60 91 7 83 0 99 85 49 60 30 82 40 5 39 74 2 95 43 10 70 49 6 20 37 80 18 53 92 19 78 89 8 44 92 73 8 68 53 85 73 9 34 85 48 77 15 11 71 91 64 29 77 38 8 42 76 87 36 78 74 44 46 18 39 51 42 54 66 75 75 80 80 79 81 22 59 21 38 38 78 78 99 20 20 43 13 47 60 54 82 84 86 32 58 84 23 11 15 37 41 73 99 46 66 98 34 35 77 3 36 93 34 79 52 50 68 46 63 17 11 77 6 82 89 65 97 13 90 60 43 59 30 75 70 79 61 32 61 27 64 6 73 52 11 22 98 81 24 35 78 54 51 93 1 80 9 94 29 54 39 1 37 88 30 90 39 60 66 42 55 3 47 99 22 6 76 85 21 37 22 22 37 86 8 38 99 3 41 22 6 35 42 32 29 23 19 27 61 73 82 63 11 82 54 22 54 43 52 88 57 28 7 0 34 13 85 70 10 44 64 18 99 85 40 5 82 5 80 1 67 75 26 29 39 1 18 29 56 96 96 5 93 84 88 10 83 24 97 3 99 89 67 15 5 64 30 95 68 5 33 10 45 92 15 2 98 66 83 70 19 43 84 16 15 2 52 35 24 61 11 20 19 29 53 95 38 99 41 57 69 94 6 65 71 98 7 66 75 8 43 60 48 12 14 81 0 6 49 36 37 96 23 97 98 50 42 29 68 61 98 59 2 78 92 16 7 37 77 49 0 5 84 43 4 91 49 15 22 61 78 39 40 89 40 52 4 53 37 28 52 66 14 28 34 73 62 25 93 16 94 56 50 70 3 56 42 99 72 47 13 82 35 37 82 14 65 70 39 64 74 16 58 56 22 42 2 82 60 11 41 47 81 57 15 97 47 70 56 94 74 85 37 57 13 82 93 71 38 12 76 91 96 84 69 22 29 72 79 10 50 3 26 84 49 3 35 63 38 91 70 2 78 44 69 23 5 81 28 
14 69 34 33 81 14 17 53 82 35 55 46 0 19 90 32 10 59 62 55 1 3 44 46 46 55 10 70 46 38 30 41 0 62 22 19 79 77 83 47 92 76 75 25 15 34 26 81 46 59 60 6 26 94 47 46 64 15 84 44 8 10 37 18 63 36 31 30 4 88 85 84 65 19 34 98 79 35 79 56 32 58 58 74 3 52 17 65 63 76 77 18 60 15 0 4 45 70 68 43 2 89 59 21 5 8 16 38 12 34 43 88 63 55 9 54 48 56 3 17 0 9 24 96 25 12 31 92 28 62 92 64 22 94 85 53 60 88 69 13 50 43 45 40 11 90 87 97 19 39 59 28 67 6 12 77 39 93 54 42 63 31 51 50 7 27 75 71 52 74 17 1 85 50 53 91 82 6 49 75 44 50 0 72 20 41 39 9 49 84 52 75 20 46 91 99 24 5 38 29 7 60 8 91 77 80 40 53 76 92 56 33 21 49 41 31 9 60 16 2 43 48 40 46 22 48 20 8 95 25 60 57 71 56 55 2 72 45 44 50 63 11 37 48 37 75 55 21 48 90 74 77 16 8 87 36 15 68 89 1 39 61 6 64 31 89 91 29 60 8 73 95 94 0 49 94 38 73 40 80 99 11 70 51 18 9 14 52 20 54 59 4 86 20 28 25 29 1 39 78 68 34 95 39 31 75 76 83 54 79 94 81 19 50 55 86 59 12 80 64 55 96 31 17 48 34 84 29 86 66 89 43 24 19 74 40 20 96 19 78 89 10 96 5 48 65 77 98 37 28 65 43 86 21 75 5 59 73 26 45 98 93 12 71 25 47 31 10 48 40 36 57 95 92 84 12 44 17 79 75 92 84 77 80 20 81 29 1 68 6 10 63 13 94 3 26 85 87 35 83 1 54 60 81 52 59 53 39 92 76 16 93 32 11 24 5 77 40 25 71 50 33 84 97 14 36 62 48 66 28 99 64 20 82 37 11 23 76 96 6 17 35 36 50 76 6 48 93 62 75 17 37 10 24 88 63 88 60 63 31 2 23 78 53 56 60 61 60 72 70 89 56 52 53 38 0 86 64 30 70 6 93 62 9 38 44 9 59 46 10 38 29 80 11 59 31 65 69 73 86 
77 48 98 34 22 83 7 91 11 97 61 91 99 75 66 93 26 15 7 68 45 41 32 73 40 24 24 71 34 17 11 7 39 97 60 45 8 17 7 47 66 1 36 18 76 6 53 91 54 85 79 23 37 28 48 15 43 1 63 26 69 90 87 75 48 33 65 10 0 54 51 50 75 52 97 70 37 45 11 60 7 95 12 57 22 81 98 60 73 36 95 76 74 44 53 24 9 26 5 56 74 43 49 97 12 91 17 1 57 28 72 92 30 75 11 63 54 58 86 6 42 13 70 58 71 47 91 85 56 88 22 46 41 74 51 8 20 9 39 79 59 36 51 76 9 58 76 81 66 33 97 83 89 22 70 5 96 9 16 15 5 28 51 10 90 12 76 72 90 70 85 48 26 87 8 44 47 85 26 0 12 97 60 93 16 87 93 96 24 19 84 36 82 13 52 2 38 89 86 40 87 97 77 19 75 31 54 11 54 86 40 48 65 66 73 38 76 6 89 45 71 34 71 18 21 86 85 48 60 13 69 18 85 89 74 21 33 21 57 5 85 18 30 88 27 70 13 38 17 36 31 29 91 8 8 10 92 4 12 3 4 9 36 85 82 18 14 44 43 94 71 71 44 81 1 27 38 22 48 93 67 79 40 85 72 0 32 32 51 82 54 10 87 72 24 12 99 38 75 4 76 28 68 4 93 5 36 90 8 57 67 34 47 65 74 18 38 82 17 62 17 97 86 87 23 29 74 5 89 49 73 63 44 95 27 91 55 27 56 31 89 64 48 82 41 8 49 65 64 1 52 83 42 3 26 57 79 61 61 29 42 92 74 27 25 23 93 24 79 79 73 65 17 26 87 69 95 18 62 8 22 49 83 39 53 50 32 94 20 75 22 6 22 50 81 72 14 0 28 89 0 84 11 35 53 25 3 97 89 21 70 54 99 74 94 42 27 89 13 5 23 67 21 56 90 1 85 16 74 60 26 31 40 62 38 99 59 65 18 78 99 54 99 30 77 8 19 6 51 84 70 74 21 33 72 57 61 76 29 95 14 28 36 56 71 64 91 56 58 58 62 30 85 0 79 32 41 64 58 15 75 2 51 6 7 28 92 23 49 40 12 69 35 58 65 21 76 11 61 38 
55 67 50 83 86 56 59 23 5 22 72 19 94 76 73 17 58 25 38 89 93 34 80 76 21 88 20 82 96 76 73 64 6 31 46 42 84 32 94 67 2 2 66 38 5 90 38 58 42 14 64 47 38 2 81 87 71 65 53 94 16 98 86 78 10 63 75 85 3 43 84 29 81 84 6 23 85 37 47 86 7 70 4 52 61 12 4 10 15 32 10 3 57 85 36 41 40 85 83 85 83 81 12 39 91 28 3 21 56 97 1 36 82 55 1 29 13 73 24 98 44 10 22 66 84 68 24 86 62 44 57 75 60 47 73 18 97 90 62 23 85 76 11 66 35 27 93 68 54 63 30 51 87 9 33 8 46 60 63 72 88 63 80 19 61 0 49 40 92 22 85 25 0 41 80 12 15 95 73 94 66 11 6 83 72 38 89 82 34 8 59 62 9 22 29 11 3 40 33 17 22 82 73 67 57 81 63 59 36 92 27 27 48 39 34 49 58 28 67 99 2 75 40 34 18 41 50 12 86 38 4 70 84 19 35 11 48 0 18 48 19 83 59 90 73 41 29 67 17 55 51 62 18 96 7 62 44 24 23 99 0 58 57 8 86 52 54 36 16 25 47 10 61 19 1 43 51 29 21 72 32 25 91 43 47 24 75 49 41 62 79 68 44 48 38 8 24 52 20 19 59 85 87 69 80 26 26 88 46 18 2 72 46 17 76 54 80 43 32 60 4 52 42 61 84 44 82 29 43 30 54 5 89 89 87 95 0 94 66 65 60 4 18 39 14 44 42 71 11 66 88 97 59 66 60 11 96 67 20 48 18 70 4 42 32 49 40 80 34 67 7 73 61 55 54 66 37 54 13 10 38 67 57 58 26 81 41 84 63 62 47 40 83 79 15 62 26 8 88 87 40 18 4 40 46 27 71 3 49 5 97 21 9 89 0 36 76 18 68 69 67 6 25 44 54 83 93 92 64 62 16 92 23 51 91 41 37 31 66 91 15 32 15 51 97 40 30 11 6 50 48 7 48 65 6 39 26 59 75 0 15 18 81 36 93 52 98 88 58 91 75 54 68 56 94 23 57 84 70 20 33 63 81 25 2 98 82 4 67 54 91 87 77 63 48 37 61 96 0 55 
5 12 55 78 5 70 61 88 5 87 90 1 44 25 52 66 43 97 2 45 54 7 83 22 66 14 9 43 17 19 35 22 77 14 6 82 56 17 29 69 6 93 54 89 56 19 31 31 30 5 4 77 8 6 6 70 23 35 79 59 90 15 72 68 46 36 25 14 84 86 15 35 76 87 41 67 27 13 85 98 53 72 71 42 17 5 98 42 85 57 95 67 63 12 93 24 3 59 26 58 15 52 59 11 57 81 34 84 66 65 45 87 31 53 66 98 54 13 43 45 75 23 67 5 30 52 40 28 47 20 86 12 73 32 41 97 71 15 34 22 12 21 42 50 0 90 56 60 24 62 36 7 19 87 28 93 86 68 97 61 66 6 8 64 17 78 51 93 7 64 17 45 42 29 93 94 55 3 32 97 86 21 70 37 57 15 4 90 24 80 14 18 17 16 17 27 45 98 39 78 18 87 46 86 70 23 36 90 91 3 53 52 54 83 20 68 75 38 29 69 75 90 88 79 64 74 34 37 46 5 76 67 49 41 54 26 48 45 36 11 88 40 60 20 58 68 0 81 84 26 61 9 33 52 61 92 12 51 6 72 47 88 23 30 39 7 56 69 29 41 59 72 64 55 3 97 69 99 76 42 52 82 59 48 99 90 39 77 90 52 46 5 58 75 38 5 24 58 57 0 22 38 85 0 25 39 18 38 72 98 42 62 38 64 4 75 72 9 87 94 93 47 70 36 52 62 49 3 36 81 26 86 84 90 30 95 67 65 61 36 51 12 87 91 10 43 46 5 9 36 22 95 47 64 6 70 86 51 16 99 69 76 85 95 71 78 76 0 5 29 77 25 57 69 73 11 37 37 75 92 64 87 66 49 61 37 27 65 1 88 52 13 91 65 16 31 57 52 80 70 47 98 1 20 1 17 51 33 12 42 5 57 21 45 29 24 67 63 70 85 17 19 64 9 0 24 29 91 41 67 42 1 29 66 18 9 78 98 31 1 61 63 32 98 68 95 2 76 7 36 7 32 9 40 51 43 49 64 64 98 0 21 84 81 32 91 71 88 69 43 42 44 88 36 70 38 43 54 99 66 31 24 29 50 26 62 47 12 42 3 80 89 25 88 49 89 81 73 43 67 
95 86 27 5 45 82 7 32 64 32 10 3 60 93 75 84 32 52 21 99 9 57 6 92 18 9 31 59 70 15 10 46 92 83 17 77 41 6 42 62 84 79 36 51 1 14 59 27 87 73 41 66 32 69 72 86 64 85 72 9 49 64 52 14 10 22 42 1 28 74 15 24 83 44 80 59 78 64 71 8 67 97 44 71 63 17 83 6 50 60 9 51 77 50 48 13 19 16 36 71 43 50 52 58 11 12 19 2 91 24 25 79 38 43 3 32 81 23 29 84 84 43 64 30 72 55 27 25 49 39 92 80 61 62 46 77 58 54 35 40 62 88 0 83 28 84 23 25 1 38 86 32 95 16 99 53 7 49 78 47 98 2 39 45 47 55 11 57 83 8 76 59 86 64 70 52 85 10 54 75 6 91 33 41 81 44 90 90 98 35 20 87 56 37 41 49 41 5 85 7 20 32 6 36 9 70 75 2 31 57 71 49 7 4 89 0 11 38 77 61 59 91 67 49 60 12 40 48 68 30 81 66 8 60 49 88 4 42 95 65 12 85 26 99 73 92 63 41 14 19 73 89 13 11 76 85 20 76 79 24 3 39 28 32 41 1 2 79 47 51 1 77 11 86 94 84 96 95 4 87 81 24 0 83 99 14 36 73 24 70 13 83 56 56 50 71 76 98 86 87 78 52 55 20 35 53 11 56 17 39 55 72 13 3 29 25 11 45 38 96 74 22 12 67 48 85 94 57 25 57 55 36 67 55 59 57 40 59 77 23 23 82 77 34 13 20 68 30 55 30 96 36 91 39 18 32 40 6 50 56 72 32 18 83 4 59 41 15 62 50 13 5 38 50 59 89 7 77 76 10 76 76 30 2 69 55 74 95 39 4 91 48 86 32 91 77 69 30 97 13 98 53 22 97 56 22 86 95 57 90 86 40 12 93 54 21 34 32 82 55 3 32 12 23 35 22 33 96 55 56 71 63 13 26 96 92 34 69 63 74 91 40 8 98 95 54 60 51 67 28 29 95 2 53 41 31 97 81 62 43 55 69 56 79 26 7 42 20 46 94 28 95 87 17 95 20 48 20 79 36 77 35 86 93 68 85 48 55 26 18 75 85 80 31 25 34 12 21 95 71 
62 57 12 33 46 29 21 26 65 98 30 96 12 58 53 31 33 10 3 99 99 51 11 76 16 11 98 41 95 1 19 32 99 74 70 1 91 83 39 38 57 17 65 37 20 8 49 78 0 60 37 53 69 24 94 35 23 34 41 87 19 27 71 64 96 82 1 44 20 11 9 85 28 10 8 95 56 37 43 81 83 81 83 71 97 85 61 20 55 60 46 87 94 52 62 5 89 74 2 8 59 48 3 88 19 41 48 51 13 79 79 60 15 58 42 48 42 43 1 28 76 83 31 19 5 37 94 57 79 66 33 43 78 13 15 79 6 98 10 50 13 76 3 45 99 2 83 62 22 65 34 29 66 30 64 23 95 27 92 83 14 49 14 70 16 89 95 49 85 58 30 86 75 98 48 58 56 13 59 5 98 83 66 32 59 31 59 66 28 21 35 3 3 41 37 85 55 69 26 33 42 94 1 78 90 94 59 79 41 81 17 93 82 94 82 79 6 30 57 72 32 29 29 95 82 40 14 41 83 88 1 34 31 26 35 50 14 21 16 89 70 45 9 48 30 53 74 17 6 97 99 71 19 16 83 5 37 54 26 76 65 94 47 40 11 49 62 83 60 50 58 14 26 60 55 93 98 1 67 58 4 56 25 20 79 44 64 40 30 49 76 91 91 21 58 22 73 97 69 9 73 56 63 37 4 95 81 82 88 48 94 35 13 21 89 61 17 91 60 93 99 83 17 33 78 99 83 64 62 27 79 51 77 83 6 37 52 9 63 84 52 15 52 12 72 65 78 9 84 43 13 92 99 63 3 51 28 48 33 94 57 59 88 93 75 97 5 44 47 73 35 20 41 72 34 7 2 80 99 33 50 24 84 2 75 62 52 1 53 89 50 16 89 55 51 55 25 66 14 78 12 24 11 95 66 35 9 12 14 94 21 75 25 70 49 77 10 0 11 32 87 81 56 35 77 16 79 66 81 95 50 93 77 27 12 36 16 84 24 11 60 67 30 32 63 33 35 68 31 13 28 31 67 69 74 42 51 88 78 11 63 25 63 98 35 77 12 99 99 68 50 44 89 4 94 25 87 91 14 79 63 84 57 7 77 10 67 36 90 52 24 65 48 51 66 19 71 47 76 61 
17 6 22 95 84 65 76 30 62 10 85 13 59 52 72 51 36 42 63 68 80 55 61 66 33 52 8 56 38 85 99 62 69 3 82 41 67 70 26 99 3 47 80 66 81 41 1 97 12 88 78 62 58 3 72 4 61 49 70 49 3 76 78 62 75 66 11 65 42 77 16 98 33 84 51 40 97 61 77 83 91 84 25 83 23 54 6 53 56 49 92 72 86 9 67 34 19 54 26 5 63 4 22 33 1 44 92 90 7 7 96 32 28 73 78 75 84 1 74 52 62 58 64 43 13 85 74 88 35 80 89 89 5 54 61 78 72 56 36 72 40 34 67 10 83 9 90 16 54 87 3 6 96 87 43 44 98 85 31 23 6 16 55 4 97 55 52 15 35 70 19 87 13 37 94 27 69 24 14 74 16 62 24 82 3 85 12 76 24 67 54 53 5 63 38 29 70 46 50 18 88 60 26 93 69 7 5 46 88 43 48 59 75 27 50 19 27 64 80 34 99 11 19 50 0 24 32 91 33 66 85 68 13 49 29 23 22 75 90 10 67 6 62 32 20 74 83 63 61 25 82 31 46 30 18 37 82 5 83 99 66 91 74 14 85 96 27 13 92 5 45 30 81 97 79 77 88 11 79 86 31 55 74 34 55 1 97 82 22 78 28 19 4 27 16 61 28 9 59 4 14 25 92 86 82 63 75 27 87 9 66 16 56 75 94 38 28 10 81 66 71 81 19 44 35 92 15 41 26 20 30 28 12 85 27 17 74 3 61 79 26 21 32 30 43 79 99 61 53 99 56 51 11 60 24 66 94 20 55 66 69 47 17 26 20 22 20 45 26 55 41 50 90 5 64 36 95 84 70 86 50 18 16 66 62 91 35 90 87 94 18 14 84 32 87 26 50 37 47 85 39 65 90 18 34 69 39 79 56 57 89 98 64 54 98 3 59 95 88 5 64 82 74 53 69 82 89 31 12 43 14 72 42 95 7 21 1 43 4 62 16 51 1 78 29 53 4 48 31 62 75 52 92 88 16 13 13 6 48 42 21 58 12 77 3 92 25 82 89 34 44 59 44 71 70 64 36 13 19 77 46 9 60 63 30 61 6 89 44 39 75 53 78 36 72 6 72 42 9 54 
11 39 29 37 65 94 64 59 7 87 33 5 93 31 97 41 65 72 41 51 79 94 96 65 0 87 8 67 54 97 5 13 88 56 57 97 41 6 62 1 32 21 0 79 17 79 92 93 83 90 42 3 29 82 13 61 13 96 5 58 74 79 46 77 16 69 5 66 78 52 60 61 3 7 98 37 92 93 51 60 40 47 66 35 46 87 22 75 70 41 53 98 10 51 87 4 98 74 79 20 19 65 32 87 59 63 70 6 95 99 98 64 72 65 3 87 6 79 86 33 34 27 64 64 46 14 38 41 3 50 35 77 13 65 11 8 63 14 58 88 1 32 67 38 32 97 47 23 53 37 35 89 62 60 79 54 87 58 8 99 80 63 95 15 22 51 97 76 27 63 12 4 70 26 48 54 39 10 41 86 81 63 48 10 24 83 18 55 54 66 42 94 30 83 98 58 29 59 89 91 55 50 31 65 0 5 36 68 18 88 2 65 73 40 71 66 53 18 89 19 72 7 72 19 66 98 84 28 76 66 39 63 83 17 10 13 43 27 30 41 6 75 63 4 13 18 83 25 64 98 61 99 41 49 67 62 43 41 3 13 52 44 54 76 60 19 40 88 11 27 95 6 8 88 46 72 97 11 5 55 44 49 80 0 42 57 5 26 9 94 63 96 27 3 9 23 38 61 81 4 72 12 0 9 29 55 63 49 99 44 92 17 33 89 89 8 96 68 73 93 8 54 99 85 9 20 15 74 98 23 95 78 31 31 23 84 58 33 46 37 7 73 20 31 61 54 73 3 6 75 39 33 41 65 92 17 45 86 27 94 43 69 59 17 68 37 88 80 21 70 22 31 40 89 87 8 84 85 46 84 57 31 42 79 87 89 27 32 42 22 7 81 38 84 40 15 9 25 86 14 93 15 39 83 17 99 17 3 97 33 11 55 98 97 17 48 88 68 98 51 40 34 63 54 9 99 75 71 9 6 92 31 68 52 56 88 43 43 83 27 68 58 31 0 24 29 5 79 17 84 94 75 47 20 8 57 43 34 4 42 17 10 28 31 61 83 67 32 98 80 81 27 70 23 64 95 50 97 26 82 3 50 41 75 40 39 16 54 10 97 64 33 42 77 63 53 7 83 39 98 
67 85 94 87 85 5 39 76 17 88 79 24 41 43 73 27 41 66 31 43 66 26 42 71 74 7 73 61 56 95 75 53 42 63 2 49 62 65 95 64 81 43 48 55 9 27 48 46 9 29 10 64 24 62 72 96 6 94 90 60 80 57 24 29 34 99 17 42 94 75 36 4 86 29 44 4 97 65 55 15 12 55 94 3 88 41 63 71 64 48 28 69 37 51 2 73 12 30 72 79 43 84 50 25 59 81 75 10 96 47 5 37 89 12 41 8 90 83 56 2 68 75 63 87 89 62 14 15 57 53 37 40 26 95 4 26 8 79 36 69 94 88 63 41 75 84 9 54 6 76 90 77 97 16 7 69 82 40 27 89 52 90 59 92 50 63 50 19 53 65 18 55 11 83 93 67 88 76 33 63 51 17 98 71 37 79 4 35 50 57 22 12 2 75 14 56 40 3 19 51 95 76 4 92 79 27 50 47 66 89 63 9 93 25 96 84 5 3 83 8 15 34 59 85 59 37 3 91 24 78 96 89 68 54 8 81 74 52 65 75 76 25 97 31 80 93 81 53 78 87 14 68 88 48 67 96 62 49 29 11 96 72 98 52 62 44 96 39 44 24 60 34 30 29 90 55 15 30 42 51 82 2 19 53 36 59 42 27 26 13 36 29 75 93 43 5 94 99 35 81 96 67 56 97 92 94 65 49 35 45 75 96 80 64 1 96 81 16 99 4 46 39 90 33 99 5 15 31 24 29 30 19 17 43 54 68 73 31 73 53 33 70 54 86 11 52 74 22 74 70 29 73 46 52 7 84 53 60 54 36 6 9 4 0 32 8 48 73 17 72 99 51 12 24 36 46 9 50 30 9 5 10 88 92 61 67 47 93 63 68 62 81 6 57 6 36 57 56 73 68 87 5 83 52 33 22 70 34 98 55 40 54 98 13 52 97 68 46 15 0 18 29 58 9 89 19 46 81 9 7 92 77 76 37 12 13 72 83 77 81 43 34 16 51 75 10 95 84 68 73 24 6 14 28 25 10 88 70 74 65 42 1 30 5 77 92 44 20 13 9 35 43 36 68 80 9 18 88 85 11 4 67 50 61 78 53 58 10 85 4 82 42 76 64 24 10 33 65 56 60 
53 47 73 67 85 43 14 44 67 43 4 35 77 94 17 18 57 21 38 91 82 67 18 2 5 4 25 80 36 75 40 32 69 78 49 52 41 90 27 65 47 7 35 1 53 78 52 15 2 65 9 20 41 96 50 79 63 20 29 40 38 1 84 76 57 91 4 42 79 57 25 52 63 99 71 20 5 30 86 83 79 97 67 8 76 18 81 71 7 70 37 2 43 55 81 87 91 92 41 70 95 83 31 77 25 2 84 98 32 28 96 86 35 66 39 98 34 3 57 92 88 66 66 63 50 54 45 83 31 5 11 5 56 97 80 7 46 26 90 90 37 21 14 99 6 22 86 94 81 51 86 95 91 43 53 0 3 2 61 86 2 70 84 84 14 11 7 13 98 18 12 38 4 52 54 21 97 36 93 95 39 51 68 15 20 4 62 59 34 67 22 46 3 70 30 92 58 73 82 35 97 33 59 97 93 26 55 71 16 17 44 14 40 6 22 65 13 60 54 72 25 49 17 75 30 79 89 70 38 80 45 44 73 53 32 32 67 70 13 39 47 52 8 80 75 97 78 87 34 51 58 48 56 54 98 22 84 5 16 69 16 83 87 80 9 10 23 4 48 17 14 41 52 45 19 10 8 41 43 87 22 24 8 27 97 38 57 36 37 54 26 5 49 28 74 81 60 23 34 18 35 37 42 30 92 90 44 68 56 87 34 52 49 9 54 74 49 99 97 14 33 94 44 28 18 87 5 19 88 90 84 86 85 73 74 40 98 79 25 0 37 28 5 70 53 80 34 76 20 60 4 17 82 25 27 16 86 88 24 21 43 73 18 75 81 48 23 21 64 28 71 22 67 2 25 79 92 37 50 94 19 4 54 94 24 34 55 69 3 98 11 97 40 80 58 18 53 76 52 66 51 1 28 46 46 21 96 35 39 78 39 17 62 74 74 71 96 98 50 66 58 82 97 19 14 59 1 7 37 97 4 78 32 61 56 72 40 15 8 23 89 56 40 10 57 97 69 52 96 47 9 85 54 82 14 15 99 87 11 5 76 45 57 91 81 54 23 85 99 28 85 73 51 42 24 90 3 70 43 23 98 57 66 49 30 73 95 32 64 72 63 60 19 99 93 36 77 4 75 92 
16 22 35 77 36 15 81 44 67 51 69 74 37 8 30 72 59 9 13 71 22 9 4 16 85 66 77 36 21 62 82 37 76 34 21 70 76 48 11 3 17 44 74 51 47 45 90 29 5 94 95 18 40 19 46 80 48 50 21 54 74 9 40 6 71 87 90 74 10 48 99 64 61 13 9 42 64 71 11 18 67 33 50 47 80 37 0 85 3 83 37 59 21 50 81 7 38 20 47 65 96 18 60 62 90 43 31 68 58 68 63 4 77 76 75 78 21 43 83 45 68 22 27 63 47 20 50 99 25 48 48 66 44 7 64 15 76 73 36 2 6 87 49 70 85 57 75 44 15 29 69 11 23 28 69 33 41 27 17 14 61 87 60 63 82 77 51 10 38 13 74 34 42 73 9 40 5 24 79 13 84 81 62 34 89 93 13 98 16 91 71 7 11 81 88 6 78 19 94 66 24 65 1 28 0 46 93 28 13 89 71 82 71 3 35 26 37 78 41 11 29 91 86 45 71 77 70 8 78 97 23 93 44 58 2 5 45 72 37 48 28 77 19 72 6 52 14 7 53 73 30 15 97 50 95 65 90 49 16 89 51 48 89 52 27 40 38 42 3 2 15 13 52 49 36 24 77 80 99 21 80 35 61 6 21 13 94 39 43 63 5 84 10 63 40 28 16 90 88 63 94 86 29 29 36 93 40 94 62 43 37 82 50 38 98 93 28 30 38 19 18 82 55 97 26 53 97 69 32 16 66 16 44 15 40 51 18 72 94 11 15 18 92 10 76 89 40 72 95 61 77 97 28 21 77 62 44 90 84 76 48 25 83 68 57 66 72 61 23 87 88 48 66 75 21 51 24 70 92 17 40 40 67 23 98 42 96 14 92 18 1 88 70 20 36 87 41 18 9 33 89 73 16 22 52 74 1 37 82 98 30 7 55 70 15 93 90 6 56 77 28 89 1 14 36 47 31 45 9 81 27 5 26 80 76 1 59 66 7 17 29 71 49 48 96 25 81 69 7 1 82 80 60 96 47 92 1 11 77 3 25 17 38 33 79 63 14 83 81 10 54 17 89 88 62 63 18 21 52 33 21 79 51 32 48 69 10 69 7 14 81 59 80 6 51 54 63 42 67 90 
24 89 37 39 50 79 34 31 81 78 80 65 25 78 33 20 75 10 5 57 99 9 56 72 86 41 8 69 18 32 43 99 84 30 94 54 97 62 72 72 31 6 8 35 31 0 85 96 5 21 97 24 99 91 73 66 73 8 52 90 92 91 23 69 34 83 93 0 81 15 40 39 71 11 86 24 72 70 43 44 97 19 4 17 67 52 80 80 86 74 80 66 83 90 24 50 15 65 73 91 64 91 14 21 68 30 14 65 28 30 97 82 99 84 32 3 99 69 51 99 32 25 6 77 95 66 87 70 89 38 37 78 0 51 2 34 79 69 37 83 54 74 29 75 49 21 24 22 25 11 24 40 8 74 93 16 0 96 54 63 29 53 26 70 20 4 60 33 82 8 43 84 6 83 83 26 23 46 60 95 11 39 46 36 44 48 57 5 33 69 22 95 89 40 60 44 10 9 1 51 58 8 12 0 58 16 15 7 86 4 11 81 39 3 21 7 12 58 41 34 18 24 53 51 54 0 41 14 30 32 28 70 60 79 94 47 30 10 62 32 79 12 46 61 94 44 44 10 19 76 75 19 30 12 81 62 42 93 99 77 24 85 36 46 90 83 98 64 4 23 66 12 32 27 84 6 67 46 20 18 18 18 28 71 98 74 34 59 6 96 9 5 96 91 89 0 52 73 2 48 29 93 18 34 30 72 87 97 38 61 47 60 40 92 0 30 43 83 15 86 15 39 29 58 1 60 55 99 52 50 58 20 75 70 87 48 45 0 83 16 16 65 38 83 91 88 90 97 30 23 73 96 97 44 62 65 31 61 13 49 10 91 14 28 6 76 84 89 59 29 99 73 73 78 50 44 73 48 16 67 67 29 17 74 60 89 40 58 21 62 12 97 11 42 27 32 42 62 56 33 29 95 92 34 19 43 27 93 86 53 31 42 2 39 73 62 85 99 25 28 67 50 11 36 58 67 35 57 73 52 64 55 34 15 96 68 93 98 57 58 61 72 96 92 28 32 4 29 80 86 79 13 25 58 11 39 1 29 53 94 85 18 21 32 14 36 27 91 29 44 21 64 5 51 9 21 10 62 99 15 36 32 60 17 8 93 83 47 13 74 90 58 50 87 85 19 6 59 69 26 
61 75 14 13 29 71 87 35 21 93 11 46 39 79 45 45 4 13 51 17 24 34 33 70 3 43 20 26 31 46 50 49 13 32 60 37 51 34 51 47 11 92 77 18 80 82 9 57 96 46 56 1 44 93 91 96 3 27 66 11 55 73 74 28 19 67 13 20 18 61 90 87 73 24 1 20 50 57 18 20 68 30 60 84 36 48 23 31 61 31 78 61 62 6 94 69 98 42 26 58 46 12 91 93 55 14 59 69 86 27 77 23 74 79 71 3 37 68 57 25 66 83 91 53 85 34 43 18 78 13 53 19 39 4 37 48 51 54 90 51 41 96 57 85 99 79 5 49 58 46 95 67 74 41 23 17 92 91 62 55 21 7 4 90 60 67 95 27 29 17 74 62 73 55 70 54 72 64 53 85 25 33 92 68 17 25 15 67 48 53 66 30 59 96 20 83 7 73 87 45 35 68 10 74 44 30 69 86 14 83 70 18 83 2 38 22 61 18 38 64 97 85 30 92 21 39 40 71 68 15 48 47 66 49 87 58 58 71 1 95 6 72 14 17 44 27 39 33 75 11 19 16 64 19 51 26 14 58 86 89 93 53 0 24 75 19 60 64 72 40 66 82 74 26 70 80 16 76 20 47 38 71 3 67 46 63 65 95 41 82 96 0 20 49 24 26 71 56 68 86 23 52 93 1 34 81 91 3 35 73 41 46 23 84 32 32 17 55 20 29 40 54 9 83 96 89 69 8 28 89 44 32 6 87 71 69 40 69 49 36 59 46 5 90 52 21 60 10 5 1 40 84 27 12 84 51 44 95 12 51 69 98 86 51 42 26 41 18 67 37 55 85 86 74 4 59 34 43 30 2 5 59 93 22 17 83 24 1 40 50 25 73 49 38 50 1 33 88 19 17 55 75 76 23 2 34 41 87 37 54 6 95 92 87 45 81 98 31 25 32 61 28 81 79 83 7 98 63 0 28 14 90 69 2 13 16 59 11 13 28 67 33 4 40 68 90 42 81 53 50 44 74 40 36 19 71 68 23 78 33 33 75 28 64 85 67 88 11 90 44 24 64 5 83 23 38 79 91 40 23 1 91 35 86 47 77 44 12 85 56 70 99 95 3 7 97 44 47 29 1 
6 72 26 9 15 71 79 49 28 59 96 96 44 90 62 36 42 12 23 88 59 74 0 47 95 36 41 58 86 60 93 89 48 76 97 40 90 39 67 46 61 43 81 45 36 61 20 7 29 25 54 96 9 1 25 6 6 74 91 64 99 19 95 21 5 40 57 64 65 87 7 93 73 57 31 88 7 47 46 45 79 49 34 68 20 94 4 13 10 60 99 48 5 21 31 80 12 93 0 28 17 22 31 88 70 18 33 3 84 49 59 26 10 24 32 44 58 68 47 63 1 82 70 81 71 66 3 60 8 47 58 43 47 85 38 75 19 76 9 87 72 31 63 78 7 62 90 57 4 0 10 67 21 65 65 17 92 77 69 71 8 35 39 13 5 43 4 77 12 4 7 16 71 45 86 10 93 41 22 83 5 86 67 68 73 46 26 44 88 50 88 1 66 73 18 23 20 0 40 76 6 61 27 1 8 74 9 59 1 69 60 38 94 73 37 6 12 40 98 76 95 60 7 20 27 69 54 21 51 98 78 34 32 53 97 35 92 50 55 65 70 34 44 5 0 81 75 16 55 19 91 16 69 10 26 0 45 74 63 94 71 23 71 45 76 76 30 11 98 55 64 30 17 60 57 28 14 7 75 71 91 54 59 84 11 17 30 92 82 88 44 75 57 18 50 99 84 97 26 50 18 35 99 36 68 69 8 26 4 59 14 31 7 7 79 59 4 0 43 98 20 86 59 11 22 26 31 14 32 53 52 9 56 18 24 54 8 72 72 94 10 11 27 5 1 26 7 79 26 94 41 20 85 80 56 48 46 40 71 52 71 88 21 41 36 1 91 65 58 76 18 30 76 0 54 69 70 56 84 9 47 98 91 68 9 25 90 13 99 11 38 42 44 72 6 97 31 75 64 5 21 34 95 92 4 68 11 31 95 99 87 81 67 58 88 71 27 6 82 45 96 25 24 30 91 57 44 6 88 20 79 41 57 36 82 1 9 98 37 46 3 28 56 60 54 84 59 41 89 66 81 65 2 65 69 5 19 60 56 92 81 91 52 67 49 18 95 43 70 75 7 8 96 33 24 81 5 6 36 34 8 70 13 70 43 91 43 60 21 28 12 24 99 87 59 40 24 87 68 51 
2 27 59 52 44 43 94 77 45 28 10 95 75 55 82 99 65 46 72 54 39 51 99 39 43 61 95 94 65 99 29 71 89 14 14 51 38 22 50 39 67 92 49 31 61 9 2 67 40 46 15 86 60 33 97 60 45 54 6 72 57 98 60 12 7 23 99 67 65 54 97 86 97 42 45 9 95 31 39 97 77 21 87 20 7 19 3 73 5 66 1 73 44 41 21 84 30 96 47 83 6 39 9 15 6 39 71 65 85 15 41 1 26 70 39 4 12 28 65 88 54 37 59 22 80 80 81 32 73 42 10 21 60 20 0 14 44 34 4 82 56 6 78 2 35 93 69 9 66 45 74 91 93 44 69 92 20 67 55 74 72 47 60 46 66 80 15 39 71 90 46 87 63 79 18 29 38 82 23 7 86 41 46 99 12 56 41 10 40 53 81 76 79 92 58 34 34 48 11 82 64 71 12 33 16 82 96 37 38 87 47 56 76 47 48 67 64 19 89 11 99 75 63 57 85 4 52 83 49 53 8 0 93 78 1 96 58 56 1 80 16 12 22 96 37 16 7 35 48 49 95 83 7 89 86 27 16 12 34 99 2 64 70 31 84 51 30 70 19 84 40 64 64 43 72 21 25 76 77 7 70 15 46 6 96 26 88 99 30 24 83 65 43 25 78 51 87 72 4 6 5 16 55 70 40 67 38 75 0 25 12 2 97 58 42 37 46 58 24 18 82 84 88 74 37 28 78 19 62 56 25 25 10 46 17 95 68 51 4 67 92 67 28 99 72 97 29 70 56 61 59 50 31 30 38 74 42 47 94 62 39 72 57 86 11 92 74 69 7 35 88 38 83 24 47 24 89 14 42 82 72 19 61 69 60 34 96 46 39 85 77 90 31 98 15 7 35 82 61 38 9 81 77 86 57 42 42 33 60 67 80 16 6 19 33 13 39 8 49 34 7 60 50 64 91 96 74 47 92 58 97 75 5 97 77 6 72 17 82 8 0 48 58 69 1 61 19 22 78 31 16 0 25 49 32 83 93 94 17 31 45 80 35 32 14 84 45 20 78 17 1 8 53 11 66 54 79 96 54 61 59 33 45 77 78 14 9 83 87 26 88 71 21 8 88 59 16 80 91 85 
58 12 53 79 58 56 70 2 74 85 31 41 86 38 72 65 14 26 71 83 64 64 74 37 87 71 32 38 15 0 31 27 76 28 84 28 63 96 1 31 87 14 95 26 56 23 60 76 8 46 11 92 34 24 66 13 67 68 20 66 40 46 85 39 42 10 14 50 84 9 23 99 64 46 48 64 25 74 87 8 88 57 35 57 60 83 31 18 5 88 74 87 98 80 43 83 31 34 79 86 95 71 27 45 51 87 60 46 31 87 73 56 81 48 87 17 62 41 76 77 54 39 68 48 7 40 18 43 13 52 76 73 58 11 77 13 94 96 8 50 83 8 41 65 31 2 14 37 52 22 12 16 48 40 22 33 6 46 25 0 90 47 63 78 56 66 30 11 49 70 43 27 76 92 25 54 16 66 87 24 40 99 90 60 6 99 78 55 35 16 69 40 70 52 74 26 32 80 66 95 38 37 56 17 18 15 2 31 75 9 27 74 15 89 75 0 60 14 85 27 82 55 10 55 31 46 5 43 72 90 48 17 34 50 11 95 91 87 20 32 96 94 81 46 36 16 24 88 11 77 26 13 70 18 44 34 73 91 52 16 87 39 73 36 56 24 37 61 51 6 47 65 92 18 51 92 51 26 80 89 75 98 78 59 42 12 53 88 60 54 18 87 85 75 74 10 5 89 17 72 90 25 68 84 2 45 69 20 41 45 28 82 31 2 54 85 8 77 68 25 44 48 84 6 78 76 32 80 19 73 26 19 58 64 83 84 24 98 91 19 62 22 69 52 5 77 48 30 40 66 70 32 56 63 10 24 7 70 49 90 7 46 85 11 18 55 73 69 96 38 37 34 93 87 65 96 55 16 71 36 6 19 86 85 44 36 38 0 46 31 14 94 99 56 98 75 59 53 28 52 55 82 2 45 77 38 61 11 26 61 80 51 33 2 8 76 30 87 12 83 11 9 53 91 27 5 71 92 50 60 40 3 45 26 13 49 90 55 57 0 63 88 6 23 83 88 63 41 17 73 95 15 21 41 57 92 88 64 83 28 98 47 41 63 73 26 20 80 79 75 2 92 26 78 51 48 19 23 42 50 93 75 79 26 32 70 73 26 35 4 34 22 88 55 99 28 17 1 29 96 
18 94 19 5 0 57 89 97 79 44 22 79 53 89 83 27 62 47 91 90 6 49 82 91 36 3 65 39 45 73 43 62 34 62 63 2 91 51 67 68 82 12 35 80 97 90 45 46 79 48 39 36 72 85 21 60 52 43 91 85 59 54 78 80 74 69 65 43 62 71 1 11 47 70 85 73 7 52 83 15 83 32 79 73 0 44 79 58 22 91 77 84 40 33 96 61 95 31 16 73 78 74 23 25 77 70 96 78 81 72 65 80 51 41 29 29 34 56 89 64 10 45 6 92 5 77 88 85 75 13 12 5 54 37 62 41 74 97 96 89 58 10 30 58 6 90 56 8 29 31 82 79 12 42 84 77 42 26 82 31 17 55 72 74 74 86 42 86 82 85 68 44 6 3 23 44 2 7 14 50 68 98 43 45 74 84 54 81 47 87 92 36 58 97 56 26 25 58 1 44 60 61 36 24 80 93 76 97 13 1 53 94 33 72 10 71 8 18 49 46 96 66 5 9 67 25 44 17 27 83 88 62 95 80 80 39 20 88 39 20 46 57 39 63 78 31 68 60 22 86 14 38 2 61 14 62 68 15 66 89 90 92 33 1 15 7 77 25 69 6 99 18 39 61 42 89 25 53 56 22 84 1 79 85 37 75 13 78 45 91 3 48 38 14 13 80 3 71 41 16 22 11 34 54 61 80 59 64 61 1 40 39 11 96 48 56 87 2 71 27 75 34 94 99 53 55 50 75 89 56 91 50 9 38 9 53 40 59 92 95 80 39 78 3 77 97 46 23 97 55 6 58 31 56 51 25 39 34 22 68 27 9 4 64 43 43 80 30 6 72 90 75 19 86 63 77 42 40 20 70 46 83 40 95 7 40 60 32 18 7 91 97 0 8 47 82 18 34 95 28 25 82 45 19 10 19 61 27 20 33 16 86 72 4 24 59 32 36 52 0 42 40 50 22 41 27 98 51 21 84 80 98 83 99 69 70 58 96 39 52 99 62 72 59 5 62 62 15 57 81 1 72 96 46 66 87 73 58 29 69 52 84 10 7 82 97 64 2 45 77 45 53 96 96 59 45 83 16 48 54 30 42 87 90 36 5 35 19 6 95 35 26 57 80 20 55 92 72 20 47 
94 72 68 14 46 91 51 17 92 66 85 91 80 6 77 50 86 52 71 42 23 11 19 17 9 81 33 92 6 48 25 62 62 79 22 88 38 14 52 86 13 22 74 30 65 82 28 45 34 8 85 87 6 19 49 54 25 0 25 25 50 5 14 22 25 7 99 38 71 40 33 87 37 90 49 73 21 1 24 28 13 24 96 72 13 46 74 60 94 74 67 11 53 41 34 56 93 49 21 38 20 2 55 15 60 98 70 67 23 90 39 1 92 31 87 67 79 78 45 57 43 84 69 82 96 21 14 79 59 58 32 60 40 73 70 34 21 12 87 60 43 66 80 15 60 0 29 27 92 58 52 7 65 13 78 50 66 46 28 48 96 62 16 56 47 99 77 36 68 70 35 39 38 52 46 37 63 18 25 82 48 27 70 81 54 9 98 1 32 55 2 85 59 42 82 18 73 85 11 29 29 29 46 19 15 42 25 79 9 61 31 94 26 68 34 35 30 90 48 22 86 17 98 9 14 92 33 74 31 59 24 5 11 42 60 35 16 2 42 5 36 4 66 5 65 29 83 20 72 34 3 24 2 75 19 6 0 57 16 74 34 84 55 22 78 99 43 70 50 45 32 25 74 45 45 47 17 17 89 59 31 20 46 84 19 12 86 1 5 29 34 49 53 56 67 74 46 18 30 72 63 37 53 33 21 52 77 27 40 81 2 71 40 54 42 3 4 7 86 31 32 72 98 27 44 35 97 71 28 68 7 57 48 46 74 85 54 79 82 85 29 40 52 7 75 7 81 90 48 74 61 2 96 26 21 83 31 77 78 13 93 41 20 31 75 65 40 98 0 55 6 15 94 75 31 2 86 73 98 89 62 16 31 40 51 71 80 85 31 6 78 79 1 6 46 32 39 96 2 94 10 72 61 84 51 36 21 94 63 36 47 78 74 58 8 49 84 47 87 85 31 97 1 52 91 88 19 75 64 49 55 83 65 41 94 8 90 82 17 80 82 43 33 32 6 93 83 78 21 88 34 90 56 46 10 48 18 68 48 99 87 45 12 97 30 54 70 46 26 64 41 43 51 25 63 30 25 48 57 72 49 68 58 70 66 32 45 8 8 69 51 20 73 42 6 78 40 66 42 81 
26 49 15 79 99 24 42 23 96 48 30 42 87 63 84 53 71 31 30 48 93 58 47 59 51 25 19 2 22 57 28 51 77 94 79 70 39 55 49 19 12 62 94 98 60 0 36 75 27 94 31 67 74 36 45 91 62 60 32 3 67 3 83 79 55 27 96 98 16 12 44 66 5 37 90 59 43 66 43 12 41 44 57 72 90 76 43 95 48 41 41 26 26 5 23 27 88 61 54 9 16 94 52 71 50 37 94 44 60 68 6 3 75 43 25 0 42 71 17 82 61 42 87 19 44 11 62 83 18 36 83 86 80 39 28 96 0 41 32 44 73 7 71 16 98 91 17 92 59 12 81 71 68 11 69 31 85 53 9 8 47 45 11 85 19 77 15 93 60 52 67 38 22 0 82 65 55 0 74 69 0 28 69 7 46 98 95 28 8 78 34 59 74 81 36 52 37 51 33 44 28 5 84 8 45 58 2 75 35 64 76 51 45 74 35 46 22 66 85 26 62 28 55 36 60 92 78 50 43 7 24 45 4 36 5 17 47 95 20 37 94 81 24 24 12 29 99 58 5 84 86 14 23 77 76 59 64 60 34 44 72 73 8 42 55 23 19 98 95 17 71 43 93 16 80 44 40 87 44 62 45 41 83 8 71 34 32 96 38 19 13 9 33 20 66 54 53 86 50 3 70 53 65 15 90 86 58 30 38 4 58 88 40 86 36 83 90 49 5 39 62 67 44 23 16 32 25 3 6 99 36 82 79 90 34 24 63 61 61 45 66 74 26 91 21 42 95 66 85 11 91 19 56 22 24 23 55 85 80 19 33 96 77 94 41 40 8 39 64 22 80 4 66 65 89 58 62 34 99 67 30 53 53 55 27 92 35 71 59 11 41 32 67 63 5 56 98 24 32 31 79 99 20 4 12 91 98 7 31 40 57 3 97 31 92 5 62 3 2 42 45 51 12 88 15 97 18 5 57 82 13 95 81 24 13 78 29 87 23 52 66 67 98 29 32 2 51 88 59 78 5 47 97 12 69 31 63 11 28 96 3 50 66 91 59 25 26 11 5 26 73 68 45 84 0 25 33 87 76 20 88 15 72 16 67 94 44 80 80 49 64 97 16 96 91 71 40 52 31 57 
76 7 72 31 8 5 5 32 73 99 14 65 99 97 48 55 22 9 46 37 0 69 48 82 23 52 88 71 82 51 42 90 22 4 1 3 90 16 90 46 72 80 78 11 25 86 93 5 96 54 45 74 62 58 44 70 23 75 79 25 49 67 79 50 69 7 89 11 30 17 25 52 92 63 13 15 98 41 24 13 54 31 54 60 62 2 40 98 83 63 87 90 7 54 37 0 44 36 44 0 93 28 90 87 72 53 56 17 19 26 6 4 46 64 80 99 33 11 81 14 60 84 70 48 32 4 32 6 66 60 18 63 71 2 17 46 78 99 55 49 51 22 52 25 43 56 29 36 17 9 15 39 50 69 63 96 96 59 50 16 32 78 14 11 8 6 37 78 67 30 85 66 85 37 53 66 52 87 71 62 65 38 99 49 16 16 72 67 2 48 54 49 2 98 63 52 14 39 44 51 60 80 7 15 58 9 52 10 72 49 6 52 41 6 29 68 36 0 90 4 20 63 14 26 32 8 82 26 86 0 77 25 98 12 0 86 6 39 67 74 51 39 41 53 46 44 3 64 33 4 46 11 81 37 75 18 63 56 23 79 60 98 57 53 23 2 77 73 42 9 84 59 23 38 84 28 84 24 62 72 23 3 7 9 38 56 56 92 36 84 4 9 28 5 59 86 0 41 90 93 49 92 29 81 76 44 84 66 20 2 10 22 15 0 62 71 91 20 16 76 44 76 43 54 19 28 96 28 13 88 34 27 54 50 86 24 22 82 98 53 27 76 98 38 53 77 86 91 48 84 0 35 47 13 10 27 70 95 6 45 26 75 3 18 7 98 84 44 28 24 19 5 82 51 20 14 57 7 53 87 0 53 55 58 13 58 20 85 75 42 92 19 87 3 99 66 79 95 82 14 60 77 54 50 94 79 38 97 21 99 36 37 37 80 24 42 65 74 46 31 39 44 5 37 46 76 57 66 35 19 73 19 61 56 28 50 83 98 44 39 53 16 81 63 94 71 10 93 53 67 33 32 37 60 96 70 14 63 55 46 41 75 85 32 51 3 24 11 48 49 32 81 42 56 5 49 78 89 70 20 35 64 77 9 35 96 51 32 36 12 35 74 40 43 78 40 26 70 49 97 
4 97 7 98 57 31 82 31 50 39 48 68 61 30 77 5 39 71 28 33 59 59 34 39 41 62 63 98 20 77 62 66 72 84 94 13 68 45 93 6 10 30 93 72 44 59 61 98 63 63 88 44 55 17 15 86 47 80 67 48 83 3 2 69 36 51 66 21 96 83 14 96 48 24 26 76 76 21 41 23 35 67 22 0 56 50 86 83 44 93 29 95 47 86 73 76 9 79 62 63 19 33 87 44 19 68 89 42 46 29 19 54 83 40 66 93 44 41 80 29 88 8 17 2 8 0 16 13 14 49 43 60 30 22 89 85 3 36 53 88 77 76 44 57 66 30 16 39 48 71 15 1 22 95 70 53 15 41 38 17 45 68 67 10 63 11 1 73 68 97 47 45 92 23 53 75 41 45 44 93 46 76 78 66 40 65 61 93 57 40 23 18 4 1 92 73 50 35 34 34 67 69 17 24 36 0 89 24 49 90 35 12 4 92 80 85 56 63 27 72 29 29 64 47 50 54 72 7 91 51 25 99 16 79 57 62 15 22 4 12 72 17 59 99 67 45 75 11 19 94 82 64 22 26 31 48 72 84 74 59 82 54 21 81 62 24 78 90 84 70 94 51 38 49 93 73 47 31 99 95 78 17 70 38 39 78 68 48 91 36 36 79 11 88 26 17 91 98 69 69 43 78 57 99 98 76 5 93 46 76 36 16 27 96 4 43 13 73 39 50 9 80 68 9 65 26 13 73 32 81 5 26 70 41 47 94 36 53 67 62 84 17 8 94 43 38 58 17 32 28 16 31 88 75 22 22 13 36 56 92 22 30 47 46 33 67 4 35 21 2 48 61 60 84 73 75 26 48 96 75 55 37 11 5 84 70 34 62 68 17 54 0 80 87 49 77 90 37 17 17 66 61 73 53 6 85 69 69 1 54 43 95 82 29 31 38 24 18 73 98 44 63 62 53 75 89 95 17 77 19 53 81 44 32 86 38 7 24 49 35 43 53 90 0 81 1 25 8 6 27 53 33 72 27 33 4 98 89 1 93 75 56 72 59 33 16 83 63 11 15 58 91 55 25 62 29 39 19 47 42 18 21 37 16 73 89 84 44 98 72 5 0 84 23 32 50 60 3 98 54 
3 94 6 78 56 14 47 9 44 21 74 25 42 41 1 5 46 34 64 55 46 39 1 77 95 25 9 57 1 54 14 79 36 48 16 24 86 61 34 88 5 25 10 72 16 9 54 65 12 62 55 5 65 77 44 72 82 9 53 89 4 47 87 16 94 77 17 82 74 86 3 32 47 76 5 97 89 40 78 93 35 48 73 33 49 27 96 29 19 35 10 80 84 19 78 97 5 26 48 72 92 94 66 14 36 62 17 89 48 32 21 15 99 31 8 61 96 74 53 47 25 55 60 26 41 67 58 14 2 39 43 94 9 5 12 90 7 8 54 27 8 46 65 11 88 6 76 28 6 21 74 64 95 76 21 46 76 85 44 4 36 60 43 28 99 10 11 12 49 73 16 21 72 97 88 60 68 47 52 94 37 71 55 53 80 60 71 82 23 67 1 0 31 90 71 38 47 12 0 45 66 25 58 57 94 48 42 94 68 4 67 20 96 23 43 79 43 67 69 52 31 46 88 5 91 15 23 76 30 73 72 50 11 35 0 77 97 1 90 6 82 88 78 43 21 64 97 84 51 3 60 40 68 0 4 26 51 43 10 69 22 74 73 74 23 91 43 84 4 65 75 30 77 15 24 45 50 27 74 11 32 42 69 47 27 52 93 27 71 83 1 94 32 80 40 26 51 71 90 62 91 34 1 39 26 61 76 4 99 35 39 26 33 57 24 35 78 96 65 48 29 94 62 22 43 17 81 57 2 89 73 41 85 4 57 33 43 36 31 91 26 69 68 21 98 41 26 44 80 55 87 15 77 98 36 9 96 66 37 59 67 90 49 10 11 26 42 50 5 33 63 15 81 56 97 62 82 1 1 14 17 23 57 33 39 48 34 12 84 61 99 29 34 92 77 56 56 45 70 47 23 41 92 23 61 74 85 43 15 71 10 65 49 45 5 73 89 84 59 23 43 80 17 73 35 64 72 18 50 20 7 28 74 44 5 74 3 10 97 84 37 76 33 96 11 86 26 8 58 60 97 88 77 12 80 99 55 39 19 77 28 86 38 29 38 69 42 84 92 91 0 33 9 6 13 94 22 80 20 13 93 95 99 56 48 71 22 91 50 88 53 93 11 61 54 3 30 52 5 39 
63 4 59 98 53 47 82 49 0 96 35 35 64 79 23 60 54 78 60 32 36 96 49 62 73 11 93 71 14 30 49 57 40 99 15 72 0 28 45 3 75 70 24 4 5 55 60 22 52 82 44 65 28 92 56 88 72 68 99 11 85 9 49 7 51 55 86 77 94 38 37 27 72 11 21 55 3 71 16 35 83 96 1 8 28 50 1 56 96 22 45 62 53 94 64 28 54 4 40 8 98 63 59 82 43 53 42 2 26 28 36 12 88 57 29 41 60 54 10 24 99 37 24 64 26 90 94 7 45 67 4 4 43 17 34 95 0 79 90 6 42 12 4 55 83 73 96 72 71 64 74 31 34 58 89 8 56 36 46 51 86 90 80 44 56 41 27 72 71 62 90 92 39 73 3 2 94 64 93 63 59 58 86 21 52 94 66 9 59 27 59 3 58 69 32 41 84 29 41 39 35 17 0 70 52 94 82 27 26 12 20 60 48 48 13 41 65 82 94 50 60 85 11 79 99 35 38 23 78 85 86 10 3 84 59 36 40 19 49 33 90 92 55 14 83 30 90 45 61 80 55 89 51 52 60 77 14 82 66 47 91 23 89 93 87 73 12 52 94 4 33 81 46 35 40 64 49 5 54 86 11 61 9 48 44 63 98 92 59 41 45 67 22 74 3 3 34 6 60 38 50 26 38 81 85 10 77 23 91 4 86 40 28 80 98 65 89 43 23 12 51 24 47 34 35 45 77 38 44 30 63 69 70 70 72 8 89 16 12 31 56 87 59 43 83 79 95 94 66 14 78 50 91 70 76 58 49 90 97 79 19 34 53 85 27 59 24 74 61 93 70 83 68 80 2 73 19 95 83 68 60 40 50 94 42 55 26 47 52 91 58 4 1 45 66 69 78 82 39 49 60 23 26 18 34 80 65 33 50 73 57 58 24 87 81 59 77 7 86 23 32 26 67 16 61 78 12 2 95 17 40 60 37 27 69 17 22 26 65 21 95 57 79 55 16 87 44 59 49 15 97 70 15 21 61 52 44 16 54 31 23 16 99 2 92 13 20 32 70 73 34 37 28 19 75 64 38 57 47 73 21 66 68 39 14 74 63 15 80 75 70 82 38 12 93 27 36 68 80 78 
97 81 38 51 62 48 23 14 86 3 98 77 11 4 21 34 56 29 81 50 6 51 86 0 58 62 50 34 82 72 45 18 3 66 39 96 9 78 44 53 62 11 67 20 43 29 21 85 52 9 81 97 19 77 98 22 62 13 29 29 9 78 28 90 63 86 88 49 78 87 59 13 67 72 83 68 52 5 1 36 37 51 38 47 22 27 80 20 93 68 41 76 37 65 89 54 65 63 58 17 90 26 21 71 26 84 9 13 1 73 6 47 33 1 53 29 22 98 42 52 84 43 30 16 1 35 60 24 10 74 89 6 55 26 8 22 93 85 91 9 75 71 88 15 69 39 59 0 45 86 5 10 11 85 33 52 47 15 25 51 54 36 29 31 26 29 88 95 70 98 42 0 49 77 52 64 36 10 40 89 10 87 43 22 17 99 99 32 92 59 11 12 86 68 71 8 31 2 70 27 92 80 43 30 6 12 57 47 2 28 41 16 37 37 49 86 1 32 84 84 84 11 63 30 79 91 28 40 47 59 60 60 24 62 4 62 68 94 48 71 36 56 98 50 40 16 99 40 21 17 19 83 38 4 17 22 38 76 12 5 79 45 96 10 56 63 17 17 67 37 86 56 84 53 18 68 56 2 46 9 7 1 73 5 81 99 69 44 97 29 2 61 95 23 93 6 21 12 42 3 34 89 74 96 76 80 90 18 0 29 15 6 22 9 25 97 22 27 39 96 48 86 27 90 41 54 12 47 23 5 14 30 15 61 30 12 2 68 75 64 45 92 54 24 18 17 33 65 1 78 96 44 84 57 21 88 22 34 14 66 37 42 76 82 69 62 11 30 37 78 49 66 81 26 73 24 10 4 21 62 33 44 12 5 11 63 26 42 23 20 82 83 35 81 8 53 5 90 24 77 60 42 23 98 31 44 57 2 42 13 16 54 26 60 2 18 72 31 54 9 62 9 19 94 11 54 64 51 7 30 82 40 50 66 71 17 86 66 10 17 79 98 65 50 9 78 41 30 25 31 71 52 56 19 7 89 14 51 54 52 7 8 7 59 77 65 38 4 99 64 70 85 51 65 82 13 43 16 55 60 27 46 3 19 53 93 15 86 6 65 42 54 84 73 71 95 27 25 53 65 
41 65 23 12 30 65 99 38 35 3 91 65 92 5 82 47 92 15 7 92 95 34 2 28 19 20 67 23 84 65 15 82 37 92 11 62 12 80 98 89 23 80 94 66 72 81 7 36 86 10 4 16 27 33 64 7 19 57 61 1 88 34 36 10 69 41 76 70 91 14 84 15 91 30 94 22 25 24 92 55 24 24 38 5 95 22 85 7 71 70 47 88 30 2 41 38 22 84 75 69 85 69 22 99 53 98 46 57 7 45 14 70 50 91 40 88 51 27 78 74 97 38 13 96 63 50 67 46 34 77 21 73 95 79 8 50 75 54 56 77 19 34 22 64 72 19 51 58 87 45 31 81 15 72 88 16 25 92 5 84 20 53 45 75 87 2 20 54 89 26 16 56 31 66 74 70 41 18 59 2 37 68 21 19 91 35 88 54 63 82 27 70 38 11 91 12 90 44 29 51 51 36 99 57 67 5 56 4 52 5 6 51 27 59 79 52 14 28 66 83 10 27 69 3 61 58 43 74 77 90 83 4 20 37 97 17 1 34 35 66 90 55 71 19 57 6 13 32 69 49 7 3 87 67 77 0 10 34 12 97 9 53 89 16 54 54 57 93 62 34 19 26 31 86 77 23 26 17 64 52 7 39 34 51 79 53 41 6 7 19 57 79 53 81 75 88 71 84 19 65 86 54 24 47 56 48 79 51 63 67 87 66 73 92 75 96 86 95 82 60 3 55 73 53 17 54 44 16 36 11 46 2 65 93 68 66 72 61 47 98 26 51 62 14 46 41 12 35 70 58 89 31 19 41 34 39 38 31 12 56 51 38 32 12 83 44 70 77 15 40 88 73 94 88 16 39 16 7 4 21 54 18 16 27 88 82 5 77 17 21 13 82 54 41 46 84 69 15 2 75 5 50 37 43 33 96 91 74 43 24 73 95 50 2 26 35 70 21 37 11 10 46 30 79 92 1 22 10 63 49 92 75 65 4 40 56 30 39 39 72 91 62 73 69 51 61 57 20 32 41 8 84 3 62 71 77 12 0 48 3 49 90 25 92 39 83 42 6 11 43 44 80 90 22 37 63 38 40 24 68 37 14 99 69 34 51 7 35 10 64 70 24 64 86 53 71 59 39 54 28 
15 35 29 54 76 65 73 98 59 93 37 39 53 21 16 16 45 19 64 56 42 3 6 46 26 40 78 46 42 1 52 16 42 48 21 27 20 52 62 78 99 30 61 3 53 44 13 6 11 36 71 53 44 88 71 56 61 35 69 89 6 13 54 12 27 39 6 77 95 21 4 18 99 5 83 47 0 1 4 1 76 58 18 63 5 8 41 46 55 75 38 49 98 82 29 2 27 39 33 72 58 3 60 40 94 59 35 46 40 22 52 60 12 77 19 93 35 33 44 26 59 42 38 83 53 79 43 45 66 25 74 67 89 53 48 42 7 46 4 32 52 10 66 69 67 79 18 9 38 76 39 15 25 74 95 54 30 31 78 15 58 2 79 13 27 18 75 73 6 5 43 13 19 76 64 33 6 64 45 73 85 99 45 74 88 19 37 33 24 22 78 69 30 81 36 36 47 49 45 33 57 87 47 79 84 19 8 92 14 4 57 41 40 22 11 96 91 84 14 88 23 32 85 51 38 3 23 95 13 43 26 58 69 97 73 27 43 14 88 38 58 39 8 36 55 39 59 87 85 27 48 76 9 85 90 2 41 17 14 12 88 29 12 77 67 42 1 36 78 61 39 8 57 22 22 53 76 53 93 87 71 93 24 89 1 43 83 20 33 45 2 67 71 44 57 42 15 10 94 26 48 4 91 15 4 19 2 40 73 85 6 45 41 18 56 30 76 13 89 62 66 1 64 75 79 28 4 68 64 32 38 8 67 66 95 0 58 36 56 36 34 89 74 64 14 80 39 86 93 80 10 70 44 52 13 60 98 1 33 27 50 95 43 31 58 60 38 88 13 52 42 51 1 46 39 8 46 61 34 2 79 85 90 94 36 41 94 88 98 74 0 18 69 5 24 67 93 85 14 41 79 6 89 42 19 71 10 75 22 43 62 96 64 67 99 22 31 14 0 92 11 60 38 80 68 5 5 73 53 29 38 84 44 76 15 60 32 20 50 70 81 70 78 54 63 8 52 63 39 52 76 62 41 6 64 15 41 93 99 0 18 10 28 84 79 97 99 77 62 12 49 90 26 5 20 3 99 42 68 94 23 86 53 46 41 72 24 75 22 76 84 90 49 56 67 71 76 14 12 47 
17 15 29 38 65 27 32 23 86 62 45 78 55 3 46 6 88 96 61 3 80 90 62 89 89 2 52 66 45 80 61 50 22 9 72 92 75 82 90 80 38 27 6 44 37 1 64 98 55 46 64 58 98 41 45 92 8 60 49 53 77 78 28 86 39 41 1 48 8 32 32 90 57 69 27 61 33 86 22 34 98 70 11 19 85 12 58 87 96 67 3 86 97 12 96 48 67 36 70 61 90 77 78 44 2 0 24 34 15 63 52 0 58 41 22 60 66 36 80 8 6 55 4 78 16 6 61 82 42 0 13 91 10 10 2 76 26 79 23 70 82 84 18 70 77 78 32 83 88 65 87 16 49 30 75 12 56 79 32 38 36 94 1 68 71 76 74 98 4 89 5 11 41 16 88 19 8 27 57 81 92 52 8 92 41 10 89 33 96 18 2 23 27 76 3 85 57 39 40 38 69 38 52 33 85 76 56 19 88 54 2 35 58 79 26 85 65 8 63 0 24 38 82 15 57 62 92 80 37 79 26 81 88 96 43 2 19 98 93 23 99 2 76 10 38 29 60 16 85 78 85 72 38 28 61 66 53 50 17 35 65 72 99 88 59 30 27 97 23 41 24 50 42 93 33 93 47 76 98 12 24 95 82 63 40 40 11 41 8 5 76 38 75 33 69 72 49 67 38 25 92 93 79 29 90 59 53 66 58 89 37 86 76 91 93 46 78 53 68 37 41 10 8 61 26 94 97 46 56 21 93 30 23 26 46 42 41 22 85 45 91 35 65 60 15 65 55 15 23 33 26 49 59 19 15 81 55 99 18 80 94 58 76 72 41 43 20 5 82 38 39 14 60 98 12 47 47 99 0 55 9 44 9 27 36 43 25 85 52 82 94 87 19 76 33 89 69 91 31 38 16 18 12 14 38 10 80 49 45 31 43 72 59 55 17 56 18 35 50 26 82 74 84 4 63 19 16 4 31 27 53 97 1 80 10 63 57 67 87 95 19 91 35 27 82 46 51 88 69 76 30 52 94 10 81 88 7 26 31 49 5 35 79 20 31 96 72 33 13 22 23 87 0 93 94 13 26 94 32 20 86 96 36 75 82 54 12 43 86 38 64 22 20 49 47 34 27 88 3 98 
5 52 20 68 6 73 70 79 28 14 82 56 12 17 52 83 22 49 85 57 24 42 65 98 58 83 18 49 99 53 65 90 26 70 93 75 77 44 33 85 22 99 73 10 87 50 43 9 8 87 40 3 38 59 46 47 58 59 27 11 77 50 86 11 6 85 92 48 81 7 94 49 90 49 75 81 50 81 46 82 43 3 15 52 82 24 72 74 38 93 74 15 62 23 90 87 39 69 0 33 93 87 27 55 73 63 22 93 14 67 80 93 86 17 88 33 10 15 31 36 71 74 84 45 93 24 20 33 58 52 31 45 25 42 92 68 46 25 78 6 76 59 54 4 69 89 18 11 29 74 63 52 33 50 8 20 75 10 26 85 67 31 28 22 57 11 39 71 98 54 16 10 21 73 55 36 75 40 71 90 84 99 84 20 5 9 85 44 82 28 20 58 63 24 70 79 43 50 72 45 34 92 83 27 29 63 89 44 24 5 24 22 33 59 19 43 73 3 68 87 20 75 91 40 68 12 57 95 52 44 44 96 36 60 53 52 29 76 59 56 14 98 96 99 40 15 78 55 42 51 72 80 72 0 10 89 97 59 52 74 79 14 73 97 24 92 77 77 82 27 86 36 15 72 56 76 29 67 11 18 54 94 55 30 73 28 39 36 82 12 55 53 89 18 54 10 61 16 97 47 64 84 69 94 69 94 30 91 86 37 43 31 29 86 82 6 29 19 95 39 34 27 22 45 18 51 35 84 88 11 41 70 33 5 91 96 78 25 15 51 70 53 1 60 41 10 1 56 49 24 32 16 67 8 82 93 99 75 81 70 99 1 40 79 19 61 79 18 16 51 62 9 76 55 80 56 64 77 51 65 13 13 74 44 71 42 6 62 96 7 30 76 98 50 92 68 93 26 43 38 95 14 11 7 11 82 69 97 13 15 91 57 91 34 60 35 93 76 53 12 82 24 0 38 88 34 24 64 17 77 20 31 15 45 40 48 60 88 41 21 46 94 79 41 27 1 79 84 82 82 4 63 92 72 37 58 54 11 9 99 88 80 14 23 20 13 51 53 16 45 79 58 95 85 26 3 61 38 60 93 47 36 64 95 10 53 49 54 76 96 68 45 73 76 36 25 0 19 96 38 
61 46 5 73 73 97 56 23 98 58 5 6 20 87 81 24 83 80 20 50 83 1 45 22 77 95 15 40 80 45 0 74 42 41 28 43 98 69 93 82 59 76 96 89 40 69 19 9 52 44 7 36 12 15 43 66 61 28 95 35 48 17 46 85 65 15 32 96 49 45 14 1 15 80 30 63 43 11 6 38 33 37 91 43 69 53 61 91 67 35 64 5 9 54 36 95 58 86 87 48 88 95 98 41 91 47 25 39 33 54 32 81 4 65 90 49 56 63 28 42 88 2 15 66 96 57 32 86 3 94 14 42 26 66 11 12 97 11 52 54 13 90 93 20 25 95 69 78 16 40 87 45 34 79 27 76 71 21 74 63 56 55 5 17 67 25 87 81 32 93 50 71 53 80 42 30 60 8 85 23 84 98 91 14 9 0 29 79 96 40 2 7 50 83 76 27 14 86 18 72 68 85 74 33 28 58 20 16 64 61 2 46 62 64 22 48 7 65 97 29 61 46 99 49 40 5 94 89 54 26 52 48 33 15 22 20 92 74 23 27 21 86 10 18 45 4 99 89 60 11 13 93 84 21 57 83 14 14 50 83 92 4 95 48 54 88 28 90 84 94 78 7 31 50 50 41 58 5 75 97 0 8 65 41 11 31 79 19 83 42 48 2 16 25 10 88 91 44 58 65 4 47 26 33 56 98 42 64 44 46 67 71 61 40 17 9 66 28 1 85 24 2 45 80 40 53 80 78 50 77 87 19 83 63 30 90 67 90 67 53 22 87 52 55 43 42 38 77 7 59 13 94 84 15 3 97 37 6 46 76 84 52 63 96 40 56 12 29 58 6 16 10 86 88 79 48 6 48 42 68 90 42 97 91 94 53 54 1 12 51 90 0 22 96 7 77 75 27 73 83 56 43 80 80 85 39 79 16 19 34 70 49 26 35 26 57 99 66 0 36 86 46 38 55 39 93 35 41 63 76 40 47 60 56 60 8 15 20 30 82 73 23 5 12 55 39 59 57 57 3 0 9 46 31 65 2 11 22 79 97 80 95 53 77 13 49 88 59 49 10 36 55 8 50 51 62 45 93 1 80 41 23 2 14 7 75 31 83 23 53 98 72 80 86 36 51 4 13 46 60 
80 23 98 57 51 37 8 68 86 16 71 17 19 68 60 69 86 30 49 30 52 81 39 4 30 62 87 31 77 17 20 24 36 12 35 65 76 60 99 68 32 56 7 17 13 14 92 15 91 84 3 32 11 64 0 17 52 87 32 15 66 28 82 0 63 4 37 52 21 28 47 28 81 24 94 94 50 79 26 14 79 5 84 54 99 21 0 69 62 11 66 30 83 52 71 45 95 56 12 82 72 60 29 17 66 82 66 5 88 46 96 42 71 59 63 33 46 20 37 94 50 45 41 19 45 39 23 5 27 77 92 5 98 87 80 11 73 67 22 98 9 31 54 44 68 84 13 13 82 18 57 7 19 72 88 90 75 16 57 48 92 49 97 55 58 29 9 66 70 58 38 99 20 0 67 52 49 84 6 79 47 49 63 77 21 23 30 14 6 99 4 16 29 87 1 94 61 86 3 8 2 42 20 66 29 52 93 43 18 82 89 1 97 71 99 98 19 29 68 17 62 53 65 28 83 90 91 35 81 10 28 91 60 10 29 29 99 9 64 76 73 28 33 46 87 85 47 99 72 34 79 97 89 39 56 98 31 60 79 27 36 65 92 13 63 24 94 39 90 89 4 26 94 88 9 89 48 15 77 15 29 19 85 58 47 32 90 81 45 13 28 61 46 37 66 83 1 41 72 22 75 43 58 91 53 39 8 86 5 97 89 20 25 92 81 96 26 61 67 47 80 76 41 74 67 90 61 10 20 28 53 7 95 61 53 99 68 61 47 69 79 38 50 36 88 70 28 47 49 70 32 3 8 97 91 52 43 87 94 8 52 33 23 87 93 57 95 21 4 3 47 1 3 75 21 68 85 2 7 44 38 37 16 8 97 51 99 83 30 49 2 88 24 32 1 79 50 37 85 7 91 78 51 0 50 65 30 91 69 37 98 36 62 40 82 97 65 91 29 73 17 88 2 89 99 59 98 67 82 13 43 27 73 70 86 38 55 28 90 45 99 57 49 49 45 44 58 93 2 89 28 42 6 90 18 37 31 66 82 19 82 61 45 32 0 23 39 53 88 44 96 56 8 46 70 25 25 70 82 20 47 12 7 74 56 47 33 80 97 98 93 74 47 89 77 95 76 76 93 57 
76 4 19 45 10 21 64 86 46 88 46 76 75 37 11 23 67 22 41 47 30 78 40 89 13 53 7 74 59 59 29 0 7 66 95 32 70 31 63 29 38 17 51 16 43 35 57 22 61 6 81 62 73 49 38 17 48 15 20 51 8 45 22 29 80 80 8 92 51 58 31 21 80 74 92 42 31 21 51 29 4 71 55 79 18 11 94 67 17 38 24 42 3 92 31 2 36 86 36 32 62 72 77 8 56 13 85 5 65 0 16 74 50 91 88 35 3 62 6 42 86 43 91 54 80 12 52 24 37 4 73 40 30 45 60 95 91 22 50 67 2 43 49 33 98 64 6 40 99 35 58 35 71 44 20 14 72 36 66 77 48 50 79 7 23 86 94 57 83 30 1 49 1 16 78 5 25 69 67 7 99 84 58 14 24 69 85 3 27 39 60 72 72 70 7 3 17 72 80 17 31 79 47 76 4 13 85 27 61 98 60 33 7 4 91 59 14 75 27 66 23 53 38 37 13 44 0 15 56 43 87 10 19 35 37 12 48 67 56 18 70 14 34 64 87 96 45 54 23 35 75 55 23 77 9 31 22 25 28 86 69 64 5 54 52 56 57 35 66 46 37 19 99 14 63 12 86 67 56 81 60 30 97 34 44 72 25 31 51 43 93 57 84 86 84 70 84 71 78 44 95 53 34 38 94 77 37 63 10 7 91 68 73 99 14 33 35 7 2 11 48 45 63 96 50 28 45 17 86 94 84 66 9 73 41 84 13 43 51 56 31 36 90 27 92 82 39 54 21 54 14 36 72 86 32 47 20 63 27 29 89 52 63 91 59 68 15 92 62 57 33 22 63 38 58 8 13 12 69 49 71 87 66 88 45 64 40 28 70 77 32 24 95 89 35 29 55 92 18 34 18 73 9 50 8 5 21 31 13 24 27 43 83 9 20 35 27 7 80 95 70 74 4 59 55 52 51 96 41 95 60 36 75 66 71 15 87 71 16 45 99 29 84 85 58 45 8 51 99 96 65 59 49 96 95 65 81 4 2 45 87 1 1 89 44 52 13 77 6 67 72 12 45 81 63 55 88 78 55 75 53 71 38 61 66 16 10 1 77 10 70 65 67 49 7 85 77 2 60 75 
5 25 78 43 20 8 40 93 38 73 33 43 43 67 98 27 42 1 52 99 60 49 50 54 37 8 7 98 99 44 9 92 63 24 29 88 88 64 63 54 99 60 49 63 93 68 36 6 60 10 2 1 46 92 39 55 86 49 17 72 52 49 24 60 77 58 49 23 26 43 47 68 66 99 1 54 93 79 11 63 2 61 81 50 51 26 61 80 61 19 72 92 48 15 98 30 62 63 47 84 62 53 99 91 65 37 16 35 53 98 99 10 92 67 85 62 55 80 38 7 71 64 74 8 2 36 31 72 11 66 74 97 65 38 56 20 19 75 33 33 76 67 36 81 4 4 32 64 12 52 12 12 71 62 23 37 32 63 84 9 57 20 1 12 29 44 89 14 95 14 21 1 19 26 58 57 3 52 7 80 82 7 69 90 70 90 78 20 7 58 60 83 40 31 43 81 14 38 47 95 33 70 79 34 5 74 71 50 38 83 89 31 33 24 65 31 26 83 8 44 59 79 97 4 20 44 9 73 90 77 72 29 90 84 46 81 16 24 6 76 26 30 68 93 64 72 5 25 24 56 93 64 92 23 70 94 74 72 75 23 30 63 85 94 29 99 28 80 27 12 11 99 25 89 17 14 49 58 72 74 41 93 28 50 62 21 6 87 1 63 92 47 12 98 38 51 8 89 31 52 12 37 60 23 17 40 49 56 40 5 30 5 68 62 6 54 4 21 65 88 36 83 10 88 67 8 8 69 57 21 22 43 87 39 14 81 49 59 68 92 66 70 23 29 5 55 89 3 99 18 81 25 62 38 5 70 2 53 98 42 74 62 85 90 15 72 68 15 28 52 65 34 63 84 45 47 44 40 28 81 72 58 3 26 80 16 61 43 74 48 63 22 47 59 40 31 17 50 40 33 22 65 28 37 36 36 54 31 2 67 79 56 61 45 14 50 28 40 57 20 70 87 45 18 78 52 58 37 59 50 10 61 97 66 56 85 83 5 21 73 25 11 31 89 87 73 91 2 95 84 55 38 40 65 44 52 59 28 52 31 28 30 68 0 31 38 17 31 69 28 90 33 31 45 10 7 71 35 65 52 89 42 52 47 58 42 61 83 8 36 59 14 31 8 45 54 83 54 66 84 
77 67 36 57 62 54 32 62 0 80 16 32 16 67 35 64 30 78 96 4 18 26 97 6 7 39 55 22 38 89 50 1 2 48 90 73 5 43 69 75 23 58 52 58 90 2 18 76 37 16 20 53 49 19 90 74 13 62 93 85 36 52 69 97 47 73 57 76 13 37 49 39 49 27 81 25 98 3 30 42 62 39 38 73 3 30 49 27 65 45 6 11 79 21 21 15 83 92 57 55 48 58 31 55 87 49 46 44 41 43 43 16 4 4 26 85 75 7 56 50 82 74 36 68 98 76 49 66 85 30 59 7 29 98 20 4 68 63 0 36 72 93 98 10 0 60 21 66 87 57 94 83 16 18 55 12 68 42 45 19 89 20 17 47 55 12 66 55 2 15 71 58 45 80 12 51 63 60 36 87 28 88 15 92 55 67 30 89 10 88 79 70 20 55 0 18 55 86 36 42 93 39 39 16 31 53 81 7 5 13 14 71 41 71 78 72 20 99 14 33 52 86 52 59 63 82 55 19 9 65 1 76 8 13 25 69 12 21 46 31 30 0 48 46 43 43 8 98 94 84 72 50 22 13 93 91 94 84 38 46 75 4 86 56 51 26 61 5 47 46 23 21 51 68 42 3 30 15 79 41 19 72 33 69 35 2 89 98 62 74 60 36 98 64 40 5 93 56 98 48 1 51 25 40 5 1 1 23 73 36 27 23 10 88 63 46 79 20 75 66 27 56 0 6 29 54 33 40 32 84 16 14 73 86 38 34 71 16 6 3 53 22 4 1 27 68 61 51 49 65 16 14 95 47 88 9 23 15 87 31 30 51 80 81 82 48 84 39 14 77 62 68 54 77 60 86 14 4 92 36 69 91 53 68 47 85 50 3 64 42 71 92 43 1 8 96 10 32 28 63 45 24 87 62 62 80 42 26 86 99 43 0 61 94 7 89 46 38 33 8 9 85 42 37 78 41 14 13 62 48 31 20 75 48 49 56 70 44 50 79 59 99 16 3 33 73 27 18 57 77 43 11 67 19 10 34 86 28 66 40 97 5 58 48 77 26 62 65 11 32 37 24 52 76 82 29 32 81 72 32 58 63 7 23 78 27 3 15 93 28 44 70 61 36 26 48 96 29 16 78 
53 75 19 24 37 14 42 1 62 37 38 34 54 26 26 63 8 57 47 17 57 24 86 3 81 17 98 76 44 31 51 59 66 79 76 85 82 40 92 43 54 85 52 83 5 97 17 7 71 8 3 90 18 56 52 89 78 91 46 23 96 70 36 78 93 4 35 95 48 61 28 97 57 46 44 22 4 17 80 17 21 35 26 34 47 12 92 85 18 62 30 23 90 99 50 9 56 49 13 0 67 92 43 73 67 61 39 87 48 88 94 2 24 20 66 94 46 76 14 82 75 6 19 22 88 15 35 33 33 50 69 0 60 0 34 24 31 11 65 96 78 28 88 64 9 26 39 26 1 51 52 12 79 64 13 66 13 12 22 30 20 25 48 98 70 46 35 43 45 73 19 41 22 13 6 28 19 33 75 87 47 84 94 48 67 29 28 12 30 40 97 50 13 41 17 22 30 1 73 65 65 46 16 44 35 19 90 78 77 23 49 89 83 97 63 52 88 81 95 0 53 13 45 47 14 43 64 71 19 1 87 42 23 42 35 76 6 93 30 88 31 28 43 74 38 6 88 95 54 4 22 6 18 66 89 7 27 71 38 78 25 88 56 50 8 94 35 28 9 13 3 95 15 72 20 7 81 25 98 98 85 32 10 7 25 24 31 39 79 76 85 7 26 43 34 49 87 71 80 49 92 60 16 84 87 19 87 75 64 94 7 91 48 71 38 91 23 95 54 38 6 97 30 54 67 19 46 76 40 62 32 68 76 99 61 59 47 13 87 53 30 15 10 40 5 51 56 98 26 44 34 95 99 62 10 57 4 69 63 74 19 58 99 11 69 2 34 72 8 83 6 61 93 38 83 9 24 56 59 70 84 20 6 83 94 92 11 94 89 62 10 78 31 11 68 51 3 44 0 34 1 86 0 4 65 4 32 87 50 81 22 26 24 85 65 13 49 1 60 91 16 24 33 17 95 40 61 34 72 32 25 96 85 70 98 71 47 1 18 85 67 85 62 7 45 92 10 39 98 22 48 59 64 48 69 13 60 18 18 46 4 67 15 51 74 16 69 80 22 94 5 71 64 97 92 43 74 94 64 10 75 41 94 21 74 53 14 61 71 16 36 19 93 67 23 38 27 46 48 84 
31 98 47 48 10 74 23 90 26 85 84 6 27 98 48 37 27 76 64 83 74 35 1 74 35 17 13 58 90 15 73 17 62 70 89 56 23 15 99 64 97 73 87 2 85 95 61 32 41 61 89 20 94 14 32 3 29 16 51 95 99 27 78 24 98 27 63 64 23 82 30 5 44 39 18 14 4 57 72 48 32 40 84 49 74 19 96 52 42 55 72 23 17 37 98 61 23 89 13 89 59 42 96 76 92 11 46 46 90 96 81 99 42 2 18 17 5 63 85 64 66 84 36 17 51 52 58 34 71 86 72 93 49 52 49 11 7 21 24 97 21 77 60 8 90 73 40 14 95 26 79 91 67 34 33 48 34 14 52 24 80 20 20 47 82 53 79 92 62 2 68 68 94 29 32 88 76 46 41 43 22 47 97 57 64 32 62 14 37 44 50 31 18 48 54 70 58 38 18 68 29 60 15 77 88 8 23 64 42 33 24 68 26 49 29 7 68 7 30 15 48 29 7 58 21 89 57 16 21 0 65 92 14 0 96 21 84 51 21 96 0 76 8 64 38 13 82 8 18 88 42 76 9 23 16 59 10 27 7 8 28 19 2 62 65 21 12 11 5 37 24 9 14 50 40 74 73 60 73 59 69 28 55 76 77 72 23 28 45 72 7 28 78 67 2 47 44 28 11 95 36 89 90 87 92 24 73 56 65 95 33 48 63 30 3 5 94 86 95 0 63 4 58 6 87 95 55 63 59 63 39 12 29 79 94 78 28 88 83 45 80 8 91 79 65 34 46 45 36 5 56 98 1 95 40 86 66 65 81 12 17 76 76 24 82 41 27 83 10 95 60 94 99 81 73 38 9 74 45 11 72 86 86 84 19 24 23 10 1 60 41 32 18 65 37 91 8 93 11 30 17 39 73 2 32 84 24 31 61 21 56 74 74 8 88 56 90 4 20 9 92 65 13 83 75 50 80 58 91 47 21 12 74 18 26 52 51 18 87 76 42 33 47 77 8 19 81 21 0 42 8 68 59 46 22 73 44 49 54 9 26 66 89 36 90 70 36 8 40 55 2 75 1 71 36 19 19 20 39 96 26 44 27 54 99 33 31 64 44 79 91 61 5 68 67 75 17 33 48 44 
29 9 64 18 0 68 65 56 24 20 16 11 16 13 77 90 49 90 93 95 5 71 98 90 63 41 50 57 26 17 93 15 7 7 98 59 47 58 28 65 8 14 65 80 3 4 84 30 31 66 19 66 46 80 14 7 66 69 86 42 39 10 5 51 31 75 37 44 19 41 97 95 12 16 93 11 87 23 21 55 32 38 67 34 31 83 27 30 82 19 75 21 35 23 5 19 71 44 81 87 2 46 20 66 66 13 35 40 95 77 55 37 77 9 96 67 20 86 44 9 78 34 89 20 53 7 72 77 91 48 95 32 65 97 56 85 18 45 48 7 91 17 42 26 63 3 19 73 44 87 17 81 50 36 80 24 99 8 48 43 17 95 37 81 84 15 98 38 52 78 74 65 55 27 3 77 22 65 72 70 22 84 82 24 60 73 95 88 70 47 79 3 23 26 55 10 46 56 4 39 17 30 76 36 63 16 93 28 84 90 29 0 80 66 28 96 8 93 99 22 89 97 71 52 73 98 76 85 59 92 86 82 58 91 11 58 75 76 50 13 21 54 41 13 30 52 98 44 84 72 64 66 77 62 9 82 14 79 54 10 30 50 21 96 11 53 73 48 34 61 35 58 90 29 7 69 21 70 48 90 6 79 15 86 40 46 46 58 57 72 7 30 50 91 9 43 18 58 76 50 22 47 3 58 22 40 42 77 97 21 57 61 27 69 27 49 28 94 74 39 69 52 80 43 73 28 26 76 49 93 61 29 9 44 93 51 47 89 41 94 90 79 10 47 47 4 84 54 82 75 6 72 73 80 99 32 99 95 79 59 13 15 25 25 59 94 52 90 46 29 58 60 68 77 92 9 66 36 52 81 85 84 65 49 62 54 76 81 56 20 31 42 19 58 59 94 78 69 34 16 45 68 95 96 77 56 48 5 67 54 44 22 84 93 52 48 94 97 90 76 3 48 31 78 3 5 77 87 46 42 20 53 95 63 28 61 59 46 73 70 36 28 94 35 14 46 63 67 10 17 98 39 27 48 48 25 45 81 55 30 35 38 51 15 99 16 72 0 26 66 20 32 20 59 28 58 45 12 30 90 99 84 48 34 84 60 35 48 47 93 57 40 48 82 4 30 31 39 99 10 
26 32 54 58 44 76 8 61 21 22 94 39 80 4 18 78 53 19 72 33 36 33 59 88 9 26 3 55 21 65 25 29 77 23 16 95 59 58 2 95 83 42 22 47 18 13 97 48 71 83 56 98 20 71 56 21 86 38 79 82 58 21 62 9 2 76 0 79 25 34 95 50 31 83 96 0 86 88 73 60 4 18 94 98 53 34 19 80 81 40 41 28 85 59 42 73 11 89 73 66 71 52 20 2 48 22 48 22 59 91 6 37 13 73 83 41 32 91 12 77 30 55 7 30 77 68 57 43 76 52 17 26 0 46 68 95 42 87 67 83 25 28 98 65 77 95 71 98 31 23 71 11 72 26 57 59 19 25 97 46 70 78 1 51 26 71 67 81 35 33 10 84 67 14 14 82 54 45 36 32 15 36 98 89 46 7 6 42 91 81 93 35 46 48 77 66 38 75 83 88 29 11 26 73 25 37 67 1 26 80 16 33 4 22 15 71 89 78 27 28 7 6 61 11 17 65 60 27 27 42 20 0 81 71 27 24 61 88 62 19 91 15 6 25 81 97 20 14 73 58 50 77 92 8 79 53 37 86 79 75 11 59 11 65 18 49 5 43 7 71 48 28 28 7 67 45 36 56 13 41 47 80 48 36 73 87 36 71 86 78 80 39 77 47 98 86 75 69 58 88 69 42 99 83 15 63 19 24 4 79 44 8 41 14 28 75 99 73 62 50 26 9 86 52 73 63 15 28 90 82 20 73 72 60 31 42 69 13 68 78 54 45 22 10 14 56 67 19 64 35 51 25 31 29 94 87 60 36 50 28 91 52 26 96 60 70 75 29 58 35 66 16 19 99 75 94 55 71 23 94 61 51 65 91 71 20 56 46 72 8 16 95 70 45 23 0 27 78 14 10 61 83 76 45 87 41 54 86 5 54 66 60 64 54 57 87 44 20 64 88 50 3 74 76 90 89 3 48 61 40 98 57 47 50 6 62 54 34 39 92 78 42 82 80 75 94 13 57 73 24 4 34 64 61 87 47 6 82 63 1 92 13 0 38 4 29 24 89 80 33 54 32 9 91 11 65 67 54 3 67 96 98 18 65 94 10 97 76 54 23 65 64 47 4 88 22 75 19 79 22 
12 67 99 27 8 69 23 49 39 36 19 36 54 34 30 13 63 53 80 84 55 59 71 62 43 66 21 72 53 29 4 37 37 85 0 44 11 23 35 75 37 94 29 38 89 74 29 35 23 0 51 54 75 23 98 94 22 68 99 60 31 16 99 85 38 99 63 52 67 49 33 53 50 49 56 14 24 73 40 0 19 26 87 43 87 47 78 15 80 99 67 26 12 42 43 7 47 72 3 6 5 92 18 6 48 8 48 9 47 91 43 33 83 99 40 80 50 14 26 14 92 99 1 52 80 20 34 98 60 62 7 90 72 93 99 71 18 94 9 24 46 43 33 99 16 89 84 37 0 27 53 14 12 5 2 94 35 57 47 88 70 37 81 10 73 36 83 93 55 55 36 54 43 8 79 31 64 14 25 71 84 82 58 12 64 45 89 14 83 30 14 59 81 47 83 39 87 87 34 52 10 25 79 1 92 35 14 61 72 72 19 57 63 71 41 71 59 96 40 87 44 46 83 98 13 41 11 47 64 25 15 39 32 43 83 34 71 40 81 97 9 60 78 13 97 48 4 53 7 10 6 15 12 5 80 39 31 54 2 13 95 67 69 61 12 30 53 88 50 8 10 82 34 30 35 49 7 5 40 17 21 45 56 17 2 16 75 42 4 3 30 74 95 26 89 41 92 51 3 93 72 28 35 50 34 84 11 8 32 77 76 47 13 87 89 54 99 58 16 17 94 87 18 70 36 39 20 57 61 66 24 88 46 74 74 32 60 18 87 63 93 25 27 30 82 20 3 8 98 27 28 90 68 91 87 69 86 40 29 2 83 90 45 9 54 92 23 81 53 55 39 23 14 41 7 35 25 51 82 94 21 45 82 74 69 82 74 85 30 61 86 89 13 92 60 65 26 24 20 6 2 48 48 65 70 41 30 67 3 1 81 68 58 92 7 85 48 51 10 55 18 17 81 0 68 80 7 19 81 0 15 91 80 86 18 65 44 43 9 67 51 46 3 27 30 24 4 74 53 53 91 29 50 6 76 9 35 33 69 50 83 43 29 42 97 95 22 68 64 24 77 10 84 88 76 45 56 80 72 83 9 3 53 87 73 91 94 4 97 76 96 24 76 55 63 0 74 21 39 60 
72 60 3 25 60 34 76 97 11 58 49 55 5 99 68 40 63 45 80 26 32 47 52 93 17 46 42 21 15 60 52 39 39 86 53 65 9 7 0 51 40 99 11 12 51 19 87 1 65 62 38 23 44 97 54 38 55 30 11 8 48 84 50 50 22 1 75 69 60 71 45 35 39 16 25 21 67 96 65 88 90 83 24 94 42 72 98 42 28 60 11 5 69 49 21 0 1 16 36 62 22 13 48 92 6 70 67 42 25 17 32 82 23 2 92 67 81 49 7 67 13 70 6 55 24 29 46 51 50 81 89 51 84 28 32 87 1 45 65 0 47 40 1 29 6 97 98 55 62 72 68 57 82 43 77 59 48 95 43 50 78 26 31 70 71 91 62 9 98 75 50 78 21 4 58 59 7 91 9 31 20 67 5 65 85 11 39 20 64 92 85 70 49 87 35 35 14 0 29 20 82 98 25 39 25 47 31 52 5 57 82 81 21 77 17 30 16 98 6 20 68 32 33 57 82 13 9 63 12 91 2 78 26 77 54 96 57 53 82 17 51 38 66 24 37 18 14 72 4 73 71 55 40 59 75 85 39 68 18 0 76 10 87 24 63 16 72 11 35 17 99 40 84 79 59 61 83 45 72 41 59 77 45 32 99 67 61 11 31 6 25 18 10 24 16 14 83 95 12 71 97 62 78 75 23 20 69 81 63 79 0 92 35 89 1 30 19 56 23 86 74 56 69 4 43 30 90 66 76 35 30 54 10 10 47 32 0 39 60 50 17 83 0 34 35 99 37 8 91 90 60 0 14 44 64 70 57 17 92 23 54 5 83 90 44 65 24 14 9 96 79 80 53 48 15 47 92 91 29 45 45 57 86 71 28 58 73 73 0 31 21 79 31 95 92 23 89 14 57 42 16 33 39 62 4 85 18 56 68 11 95 84 23 56 29 15 67 76 22 31 77 15 51 72 87 53 42 51 16 87 64 90 23 92 76 90 40 66 34 38 41 51 17 18 61 83 46 37 7 22 51 65 64 9 62 67 73 35 75 83 77 22 80 30 30 12 89 39 52 84 26 20 15 2 30 57 46 33 58 50 8 84 90 32 9 59 85 40 23 2 33 44 20 58 10 4 89 17 16 44 
64 16 75 0 74 77 31 84 79 25 61 13 24 81 10 5 81 60 84 20 26 68 63 79 90 7 34 25 80 16 46 92 52 11 94 1 67 12 0 69 26 41 6 31 25 57 96 20 14 3 16 57 47 70 25 36 48 47 45 6 93 49 70 57 76 0 68 11 46 79 58 35 32 48 13 68 57 50 36 39 12 16 84 36 58 45 81 82 4 52 57 18 37 26 24 27 97 13 51 8 56 75 21 38 77 68 69 64 9 37 24 14 53 11 16 74 63 29 4 73 16 31 43 26 35 12 12 28 63 58 35 35 72 31 65 31 97 42 4 11 84 3 51 51 68 55 4 88 68 37 64 40 35 19 32 90 41 35 24 72 84 88 34 55 72 94 83 6 61 98 28 63 12 31 52 21 63 49 99 87 49 51 90 59 90 38 94 64 67 5 63 77 38 31 24 79 66 79 81 4 89 79 91 99 63 35 88 45 58 30 50 20 35 76 32 51 31 55 28 59 18 13 33 33 55 97 62 24 83 28 44 30 93 50 28 5 40 33 83 64 78 75 4 81 72 2 81 43 72 19 2 62 96 3 18 92 88 71 80 26 9 36 83 72 68 88 39 99 88 43 40 67 96 74 86 63 1 48 37 64 87 90 86 81 83 39 31 63 67 44 31 21 46 30 44 13 77 55 0 0 51 25 96 91 60 97 85 60 27 95 68 74 66 48 72 56 96 16 9 75 95 87 6 93 30 9 56 69 52 66 73 34 80 29 38 80 55 42 14 40 31 46 64 17 26 39 37 51 70 30 38 11 83 18 71 53 16 49 7 41 23 11 58 95 74 51 93 97 0 95 15 61 85 70 20 92 10 86 12 27 29 90 0 79 18 0 88 47 5 66 38 82 11 74 95 84 99 2 66 83 43 95 48 63 69 5 9 49 20 28 38 56 34 68 4 79 94 25 77 1 10 9 90 5 33 32 63 47 9 70 65 41 77 83 65 46 5 6 36 10 0 19 84 19 80 27 18 59 69 10 82 65 99 57 29 30 84 25 98 20 94 10 64 3 94 36 20 1 61 86 19 31 82 38 3 33 56 80 48 98 15 65 11 22 44 96 61 8 25 94 85 11 20 73 34 68 61 85 28 38 
7 0 84 4 85 49 9 5 70 43 91 9 78 77 80 15 6 8 83 90 67 82 18 73 64 11 28 49 98 35 95 90 31 56 88 93 43 71 38 56 30 8 98 58 16 43 38 13 29 66 82 37 92 85 14 89 81 65 69 61 25 81 52 39 36 87 52 14 35 24 77 1 65 81 59 25 22 96 47 45 18 92 19 59 60 72 74 20 53 93 42 73 95 99 9 37 11 55 18 22 12 63 47 30 2 42 33 57 99 4 67 21 19 97 28 31 83 58 65 0 25 62 27 22 15 48 8 3 14 39 24 1 71 93 39 57 21 58 77 88 22 97 81 49 22 58 78 73 36 45 76 29 96 83 69 62 0 0 26 84 97 79 8 51 47 14 12 26 71 20 11 34 13 57 72 16 56 83 53 58 63 6 2 19 25 92 29 48 90 59 50 71 10 9 22 92 84 22 59 82 53 54 83 57 47 11 74 22 16 96 28 41 60 22 98 26 62 9 1 37 18 68 56 35 91 60 26 41 75 51 97 56 6 97 60 26 19 27 58 96 23 43 98 26 29 83 56 45 74 44 79 4 22 35 66 81 97 57 85 84 40 93 38 90 82 4 37 3 32 3 88 41 60 54 51 97 53 11 34 56 51 22 4 26 6 62 85 31 99 7 6 26 36 34 43 70 99 18 17 4 32 59 20 41 57 34 68 32 64 27 43 97 20 3 15 29 43 87 82 93 69 8 74 35 22 3 6 37 64 79 19 82 58 29 8 4 23 61 79 17 9 27 85 63 19 95 26 90 73 1 89 78 78 94 30 87 64 84 83 88 32 94 6 14 2 62 97 62 35 55 4 2 57 68 2 90 51 45 65 32 1 15 59 52 20 72 88 19 51 49 79 37 41 83 31 16 41 20 83 82 23 56 48 91 81 56 90 55 20 90 83 46 39 29 86 83 63 8 64 58 50 39 57 84 94 0 29 77 60 96 88 98 67 46 47 60 13 20 72 36 6 72 14 98 91 46 67 66 91 92 52 16 67 67 98 95 77 54 14 17 35 11 47 83 68 35 20 5 88 97 47 69 22 37 37 65 42 37 4 16 79 59 56 10 15 93 90 29 71 66 94 4 93 77 18 12 67 62 88 27 
75 81 85 41 70 83 55 66 71 67 64 75 32 7 93 52 22 95 78 81 10 86 34 2 71 18 38 18 82 84 86 83 8 17 24 90 61 84 58 88 31 57 63 0 49 45 56 80 0 53 54 30 41 73 18 88 83 9 60 96 58 66 50 51 22 49 69 27 56 81 81 78 70 56 76 63 61 83 29 95 20 47 27 56 32 18 97 14 70 59 57 36 87 71 47 50 98 55 74 18 66 60 9 64 4 17 77 50 9 62 50 44 94 95 96 21 11 60 24 53 55 49 34 88 25 47 72 18 71 99 38 23 74 50 15 6 81 99 36 58 44 82 85 91 47 36 4 45 28 16 73 88 74 29 83 71 10 26 69 89 95 16 30 67 4 66 48 91 31 93 5 55 68 28 19 85 14 53 34 60 81 47 38 15 71 42 53 89 84 47 25 62 9 23 82 55 52 7 89 11 33 81 52 68 37 25 62 56 21 79 83 90 82 39 46 82 92 45 98 0 98 95 62 2 59 7 77 47 15 48 44 91 56 21 82 5 55 90 55 59 48 98 74 75 46 56 17 86 74 38 37 62 28 81 92 22 74 58 34 66 1 93 61 34 50 28 9 9 11 13 32 33 3 47 7 76 0 66 0 89 84 45 71 1 19 38 9 61 73 19 53 59 3 1 4 94 27 70 44 30 75 39 59 92 70 73 40 39 22 13 55 87 43 50 77 50 75 31 3 12 1 61 10 35 31 4 99 56 53 87 7 27 1 15 11 30 43 63 2 54 9 16 17 97 25 96 41 45 24 64 15 56 2 94 31 59 23 29 87 40 12 64 55 17 95 24 30 5 24 70 6 11 58 65 42 30 86 99 94 96 61 23 63 20 88 98 85 62 90 73 74 18 3 98 0 54 49 88 12 71 89 26 95 17 48 99 98 38 39 14 52 22 83 24 76 39 71 89 9 46 65 85 27 26 8 22 81 48 77 22 93 4 20 40 28 28 31 54 65 70 59 69 68 56 61 38 91 72 30 84 51 96 62 42 54 34 33 12 8 69 85 68 94 70 30 99 70 58 16 35 40 55 36 14 71 65 12 17 66 57 12 26 45 51 85 85 56 28 80 0 75 85 67 64 13 79 97 18 23 23 
31 27 45 20 5 92 22 30 36 39 63 78 38 97 16 8 52 52 70 73 41 40 19 69 10 73 76 97 40 95 32 38 55 57 95 89 1 75 35 17 94 37 48 94 23 30 15 85 97 80 50 95 43 63 59 68 73 86 30 61 92 59 55 72 38 64 57 70 54 35 48 92 29 83 13 98 98 50 39 30 43 72 33 73 63 5 22 18 81 31 89 1 34 88 64 61 44 26 84 99 73 3 86 98 8 88 90 60 82 52 83 80 64 28 48 14 23 70 9 36 84 32 2 78 92 75 17 80 69 89 16 29 60 94 57 67 13 8 9 89 80 78 68 52 22 92 67 44 0 82 75 98 14 68 83 97 94 81 99 64 92 51 6 78 42 53 57 88 64 80 31 15 73 22 41 67 73 17 0 2 27 41 40 41 62 43 1 41 46 17 74 34 31 51 12 44 40 89 35 16 41 25 1 18 81 21 69 12 41 58 81 76 54 60 25 99 15 95 72 94 84 1 54 93 65 70 16 25 5 87 85 66 30 59 75 96 44 9 63 22 5 67 68 84 54 30 47 88 31 5 92 59 18 70 11 52 82 34 95 66 53 86 28 44 9 63 77 32 21 30 96 71 84 87 23 87 61 92 90 82 33 73 43 78 84 43 2 97 72 79 56 60 7 48 0 77 6 89 67 44 80 22 97 22 28 6 43 25 2 34 41 45 53 49 47 6 59 11 66 49 87 36 79 97 15 36 52 40 80 3 63 37 49 80 27 40 26 91 95 9 2 72 52 43 79 49 90 8 79 25 47 89 45 53 0 40 18 80 65 30 82 0 50 46 78 57 44 80 98 33 66 76 22 57 18 96 43 57 24 48 82 54 91 22 42 54 41 47 36 51 52 34 66 79 87 72 66 99 31 22 0 96 60 64 41 55 41 3 77 66 26 60 10 2 31 78 73 7 63 97 41 98 42 88 60 50 60 55 91 14 14 13 86 42 61 52 46 15 48 90 77 58 27 45 24 93 93 56 19 80 99 22 2 71 62 12 48 47 68 16 10 97 18 2 87 30 88 67 16 88 22 45 43 3 70 96 82 71 72 24 52 65 98 38 44 43 44 1 57 85 9 74 22 41 96 88 30 7 11 21 
36 31 70 3 44 52 97 96 19 10 15 91 38 8 40 78 63 65 47 87 74 43 70 77 18 9 50 82 10 51 57 69 4 66 94 2 87 99 99 6 36 5 13 98 81 37 59 21 42 18 82 87 13 80 1 75 88 10 23 85 53 37 74 58 54 79 46 38 85 71 36 86 66 68 31 68 97 16 48 64 79 96 59 49 44 27 72 43 39 77 47 44 77 28 97 99 31 81 67 62 69 50 16 81 86 5 69 92 39 73 57 84 87 51 43 29 85 78 42 10 1 92 78 52 70 35 7 27 76 99 74 35 91 63 1 1 40 53 78 58 20 51 21 58 69 86 91 55 39 12 26 40 76 47 27 27 47 92 60 85 38 79 15 70 29 52 85 5 39 71 9 16 47 34 12 30 95 9 36 64 84 33 56 53 90 96 69 45 36 91 0 60 51 86 2 57 66 87 91 76 82 80 9 21 44 90 79 31 21 35 40 57 91 81 60 66 41 29 33 24 9 3 66 59 76 69 11 22 12 89 20 43 41 80 39 36 2 20 3 64 74 72 88 20 30 32 65 80 50 80 37 84 45 1 10 74 59 88 63 47 43 45 96 80 6 76 95 13 47 42 40 24 64 17 67 16 69 13 56 29 54 80 17 52 85 18 86 70 46 19 95 15 71 15 91 50 18 5 69 45 9 21 9 70 61 31 92 50 28 71 35 19 85 35 98 88 8 19 76 45 51 8 44 27 92 13 23 17 85 7 18 13 64 16 90 7 69 75 78 70 45 83 88 81 85 43 60 10 65 66 85 92 46 51 37 78 36 27 11 25 75 17 10 96 1 80 72 91 63 12 47 50 28 86 26 34 66 71 86 41 56 4 13 12 28 46 90 2 39 68 56 79 45 89 44 3 88 21 72 89 25 29 22 92 33 77 24 43 39 71 17 94 50 68 6 53 56 95 86 37 50 26 62 87 79 19 76 89 73 73 52 30 40 86 85 56 17 67 73 90 42 53 84 18 16 68 72 67 0 61 6 22 69 4 24 83 89 14 9 57 50 6 54 17 54 51 73 45 60 3 23 58 78 2 98 98 91 26 91 87 71 84 22 57 57 58 5 95 20 59 31 21 98 97 21 69 36 98 51 74 
98 69 82 40 76 79 5 98 98 2 78 81 86 93 93 51 43 86 80 53 6 63 51 47 49 65 11 9 79 37 55 93 5 11 21 68 48 31 71 6 4 14 11 0 12 47 51 89 75 81 72 99 24 54 87 66 28 66 45 64 65 1 91 78 12 41 95 37 18 27 41 90 76 96 69 72 44 84 86 7 36 46 58 10 75 76 66 61 20 92 52 95 22 71 37 80 1 41 69 37 91 43 66 1 71 27 36 21 86 3 75 19 38 51 59 48 56 95 39 19 29 1 56 84 82 42 80 20 94 77 48 12 49 64 86 42 88 57 32 28 4 97 14 51 40 36 52 53 20 77 20 20 28 35 82 44 32 32 14 6 13 35 80 57 99 33 40 53 65 1 58 56 85 85 32 67 7 54 51 2 35 73 71 61 26 92 65 24 41 54 60 40 19 92 36 20 40 27 56 45 16 96 77 14 57 74 13 80 95 95 66 26 25 95 83 5 57 44 15 21 38 90 38 15 80 62 13 79 48 28 96 1 74 76 2 78 50 66 88 48 67 42 99 82 77 64 28 57 71 39 59 35 99 18 57 49 79 76 93 34 78 84 58 13 82 12 4 76 51 39 49 63 29 53 26 45 32 63 41 25 4 98 93 88 90 5 82 74 10 62 69 76 67 74 49 82 66 95 74 17 38 55 20 9 61 55 52 27 41 76 54 84 68 60 33 73 31 13 52 81 23 52 26 61 68 90 16 83 12 16 6 23 9 48 91 76 70 63 86 18 65 29 99 32 52 22 90 26 76 85 56 60 70 16 97 55 5 64 79 50 11 67 2 51 86 48 30 17 6 7 21 92 60 29 57 31 70 91 45 94 97 45 19 23 33 30 35 95 69 33 32 12 18 18 23 37 67 16 51 86 45 40 80 69 5 52 36 4 92 11 43 63 99 88 5 2 51 7 31 95 20 69 1 98 13 33 41 59 71 0 82 0 38 93 58 41 79 77 94 22 77 10 75 13 8 27 16 97 78 1 25 10 84 4 19 59 43 65 98 31 65 74 35 85 47 84 19 61 86 18 82 43 66 94 94 42 57 1 92 64 76 5 98 37 59 15 30 11 37 68 5 91 61 92 16 30 44 99 93 77 
58 86 92 24 92 16 44 70 93 60 36 63 83 49 42 36 87 64 77 30 92 0 4 52 98 59 22 13 5 62 6 18 47 14 55 32 49 42 37 85 77 39 39 59 0 20 95 56 97 1 12 38 55 33 82 18 99 32 58 53 41 59 11 90 20 46 58 52 77 63 44 0 87 3 65 26 3 13 37 79 50 19 31 53 90 73 84 55 29 15 20 71 43 2 27 67 7 7 39 27 83 18 32 21 56 30 48 85 9 31 17 86 73 50 94 40 20 21 58 94 80 58 79 74 77 27 27 92 0 38 30 31 95 72 46 0 13 54 80 99 40 19 45 4 33 31 84 99 67 11 26 42 91 28 48 12 34 69 47 5 42 85 21 21 9 21 31 83 16 16 70 92 53 65 44 60 29 99 86 45 5 82 41 59 21 42 5 58 96 89 97 10 61 46 46 54 67 64 29 48 64 71 82 94 61 46 62 7 25 58 80 9 3 32 33 62 38 61 21 14 46 97 76 77 65 82 95 27 99 31 16 80 91 36 67 90 75 90 47 45 33 51 78 75 77 16 29 22 90 3 69 26 74 76 50 74 30 67 6 70 25 85 78 82 24 89 8 91 50 42 78 90 88 41 46 34 22 71 81 44 6 47 26 70 4 0 56 64 15 35 82 28 74 36 68 40 79 46 73 10 31 77 80 96 34 81 41 64 51 12 82 53 25 97 17 0 64 23 96 5 58 12 12 0 63 77 51 26 14 71 32 56 29 33 35 85 26 26 39 6 90 69 22 17 28 56 15 81 18 79 17 12 39 65 58 42 6 45 26 90 37 72 64 14 71 17 16 94 71 95 76 99 11 99 26 48 0 58 72 6 56 23 0 5 27 32 4 24 66 29 1 90 24 37 52 94 49 77 44 4 37 90 39 11 60 80 19 25 44 59 42 32 33 54 85 54 17 75 80 78 13 12 72 6 73 48 60 39 69 16 90 62 52 97 52 51 44 43 54 87 53 53 20 17 68 1 99 3 0 4 2 19 10 26 86 99 93 24 30 38 10 77 67 1 1 65 9 29 62 41 16 88 65 38 74 1 75 91 5 63 43 12 96 23 41 66 36 6 89 17 79 61 26 96 96 62 87 93 86 99 
72 56 68 14 32 34 31 20 54 57 55 89 28 79 99 5 47 96 9 89 50 70 69 0 10 33 90 83 31 35 61 81 5 17 39 31 77 83 25 39 49 9 78 99 84 45 59 99 77 98 84 19 0 30 31 42 91 98 44 41 96 43 15 24 56 91 47 51 59 63 14 53 94 25 48 9 83 63 46 23 41 77 72 83 41 18 3 81 51 69 82 50 57 60 21 30 95 74 52 35 9 47 86 69 49 41 93 46 79 36 89 83 56 59 58 93 5 71 77 60 29 2 37 29 2 11 84 49 82 94 50 32 95 29 30 61 46 8 63 11 62 16 98 62 29 75 21 90 33 17 34 81 31 54 81 96 75 38 78 33 86 19 21 28 96 40 82 36 12 25 20 96 57 44 9 43 44 57 39 92 79 0 72 5 37 2 74 20 69 16 46 97 78 88 88 70 52 64 39 59 33 99 12 10 97 29 93 31 24 99 66 99 56 84 35 54 6 75 50 68 93 25 5 30 68 80 3 37 93 42 28 61 16 69 8 87 44 29 53 42 13 48 87 73 53 8 80 91 82 63 4 45 27 81 1 57 4 24 80 43 59 12 4 40 21 82 10 54 56 11 15 97 71 28 85 30 20 9 9 68 92 12 28 10 94 94 23 15 85 59 39 88 22 86 93 48 11 27 37 79 15 30 93 14 82 86 55 54 47 76 58 66 86 89 30 70 71 92 82 50 93 73 54 16 60 3 88 89 50 9 62 58 23 36 31 6 97 76 5 62 86 9 42 72 78 12 42 74 23 34 52 88 79 90 35 24 91 54 58 91 80 29 63 92 72 9 74 76 26 97 49 31 42 9 47 72 44 26 0 22 14 79 86 31 53 57 31 90 34 74 64 97 97 13 79 29 0 43 93 53 33 43 82 8 72 0 72 72 89 80 29 6 64 31 75 95 79 18 59 29 37 8 98 99 35 65 47 34 27 97 46 82 72 55 0 38 74 39 54 64 6 51 37 26 75 43 81 12 32 24 72 34 80 56 85 48 76 82 26 88 88 75 11 98 94 49 85 3 43 5 20 45 38 83 81 7 4 87 31 77 50 64 90 15 86 56 38 22 67 39 5 39 79 64 32 27 98 92 83 84 
35 80 38 22 22 22 47 88 81 54 29 59 1 77 95 47 24 0 18 84 95 94 40 39 98 17 28 98 73 44 17 18 48 99 0 2 96 22 66 17 42 38 9 84 48 57 21 42 72 49 86 11 81 72 83 95 23 89 89 49 45 45 65 77 49 59 3 55 10 75 6 32 32 43 11 94 92 37 32 5 54 25 27 50 90 48 28 6 89 58 58 56 84 26 49 15 34 14 12 34 53 40 66 20 74 41 89 46 75 99 53 4 15 94 41 70 99 82 28 26 54 22 22 1 19 58 23 22 29 49 86 60 54 55 86 10 16 9 7 21 61 74 93 60 37 66 12 45 8 85 76 63 0 96 53 67 83 99 46 43 98 71 51 80 62 31 93 6 34 99 18 85 34 1 2 30 75 60 10 37 65 31 47 5 34 25 78 11 91 21 85 5 8 25 85 27 11 26 89 44 19 90 39 67 51 7 76 84 93 67 33 29 51 92 92 96 82 11 51 29 21 5 67 78 86 45 14 20 83 46 57 30 87 32 63 10 31 4 21 61 70 33 25 65 44 43 35 91 4 62 88 17 82 9 32 14 9 24 45 33 27 61 57 20 26 34 84 19 84 22 72 5 26 81 59 38 15 78 44 16 46 93 87 20 76 68 19 38 92 29 28 81 22 46 55 97 34 96 52 54 96 86 34 65 27 28 34 72 67 70 30 59 47 87 85 60 21 92 36 61 89 98 7 38 73 62 26 65 74 79 60 78 2 87 39 27 57 88 40 43 94 95 33 24 29 13 74 18 6 43 1 39 44 62 41 72 61 87 85 96 61 86 64 17 85 33 31 0 21 57 2 55 57 26 56 45 16 43 81 92 29 15 90 24 70 48 40 78 42 75 62 23 96 66 58 7 97 79 51 76 25 46 51 11 14 20 29 84 8 78 82 74 20 59 10 0 6 45 69 61 44 7 40 51 2 15 72 97 42 74 78 36 67 17 99 24 50 63 39 60 43 96 56 45 96 87 91 99 82 21 18 11 91 80 12 91 83 18 15 47 50 25 4 88 46 28 48 75 56 60 80 11 62 29 8 15 36 25 25 10 96 18 65 70 28 25 99 49 89 32 15 62 43 10 68 8 87 84 26 35 
37 50 25 81 6 18 49 24 43 24 50 76 14 42 1 55 82 17 45 77 32 92 47 95 51 62 84 23 32 1 68 81 34 42 23 64 2 73 16 56 38 16 94 69 17 41 73 42 21 18 81 26 56 34 49 28 7 68 13 3 29 46 93 61 67 46 93 10 3 15 90 41 60 25 16 63 2 77 71 93 80 47 77 63 42 73 1 38 92 85 75 75 69 38 68 53 63 85 46 51 26 74 4 20 87 10 61 47 22 92 92 33 72 69 69 12 10 20 26 3 62 38 42 86 72 39 63 93 35 67 73 60 64 51 68 87 31 23 88 64 61 73 69 4 68 16 2 17 17 22 97 66 30 59 80 60 92 2 53 76 69 83 48 47 60 93 5 22 87 54 44 61 87 7 87 81 18 10 59 51 29 24 64 28 74 99 18 69 84 91 82 61 91 67 22 35 95 24 7 95 28 85 42 88 85 63 72 29 81 47 10 50 73 35 69 34 3 27 75 4 90 84 42 53 10 35 67 2 36 38 33 83 11 17 31 45 64 41 84 74 49 78 11 12 55 37 7 66 17 26 75 47 2 12 50 53 38 91 53 60 90 87 13 44 42 67 32 34 72 91 46 39 86 55 5 75 67 59 57 75 13 17 20 24 17 70 40 75 20 34 84 24 86 86 14 15 44 72 33 5 19 67 68 84 90 79 7 81 13 66 37 86 95 7 59 93 41 2 22 87 86 27 29 91 73 6 39 68 86 23 59 82 79 1 33 42 11 49 71 29 63 50 25 84 49 36 21 68 10 92 76 2 48 70 1 31 60 22 72 38 90 1 20 95 3 86 78 71 91 5 81 57 40 45 27 71 86 8 78 91 24 11 87 16 4 75 34 52 43 52 85 22 28 83 54 37 93 98 16 63 88 60 77 53 70 60 65 58 90 95 42 69 15 43 60 1 72 73 34 68 91 46 2 6 63 96 97 76 84 0 98 39 56 27 80 55 35 10 4 44 8 28 38 13 92 19 55 40 85 20 12 97 83 5 18 51 75 52 93 82 14 14 78 62 26 55 44 98 6 20 91 91 18 81 51 19 55 52 71 99 86 13 85 88 20 7 43 21 18 36 71 94 42 87 54 76 87 63 72 93 
70 41 77 30 2 49 25 69 70 6 6 54 59 11 44 61 92 17 94 27 85 54 39 10 74 33 83 72 38 29 39 53 77 27 49 61 66 26 82 24 39 74 49 95 30 43 62 1 2 92 43 9 44 20 57 32 62 14 50 93 93 4 87 49 53 83 37 38 37 69 11 62 29 79 86 40 0 26 79 23 25 91 16 23 48 82 72 49 68 69 83 32 40 76 56 65 8 28 70 55 48 36 72 38 92 86 97 92 79 66 37 68 28 84 81 12 95 88 22 67 88 19 9 30 0 80 93 60 7 33 11 46 45 39 80 16 21 59 86 92 42 58 53 0 58 67 43 47 86 63 26 65 27 17 48 62 14 34 64 88 0 59 62 49 19 99 49 91 97 6 26 97 65 40 41 23 54 87 6 29 41 63 50 44 97 33 11 42 45 76 63 32 11 34 67 15 78 34 7 26 65 95 75 97 6 86 33 18 2 68 24 90 44 65 72 28 28 99 35 68 87 99 85 35 42 55 36 84 9 86 9 32 28 35 78 62 47 81 40 96 54 95 20 24 5 86 39 50 14 5 99 48 35 71 45 87 70 34 25 83 31 6 31 62 20 64 37 35 49 78 36 98 55 90 63 77 38 60 62 43 29 16 61 32 2 76 94 14 74 45 5 13 90 23 1 89 75 45 64 34 77 97 0 35 12 74 43 50 49 29 3 22 51 94 5 49 51 38 12 67 37 89 94 86 65 14 44 79 67 98 93 4 33 76 5 79 91 37 44 36 82 28 39 2 35 13 29 53 13 7 56 8 15 83 40 79 96 71 0 71 22 37 88 63 85 67 19 79 70 2 67 67 48 13 47 35 75 63 88 0 30 10 24 18 11 76 31 97 74 49 65 81 48 76 53 54 22 28 10 53 57 40 27 25 99 65 81 91 55 20 16 86 22 45 54 54 7 64 91 59 1 73 53 70 79 39 90 55 19 94 88 37 85 99 3 37 92 30 25 79 35 59 17 30 89 53 51 65 40 80 45 41 6 22 26 34 25 43 39 42 40 14 33 59 55 30 19 40 7 31 84 96 49 10 32 69 82 36 25 45 85 16 20 57 94 4 77 98 18 69 25 46 74 48 70 34 38 53 33 88 
61 98 73 26 14 34 88 94 25 69 98 21 3 49 15 54 95 63 43 22 51 31 31 17 46 48 8 70 22 21 45 72 19 96 37 52 70 92 60 92 71 78 72 32 2 80 78 72 21 54 23 42 32 57 48 23 4 91 58 45 96 95 98 33 24 85 53 1 52 49 15 78 58 43 49 28 81 47 79 61 14 59 11 9 73 43 33 75 6 82 1 93 74 4 98 35 77 72 51 56 56 56 62 78 98 82 96 19 22 0 97 32 73 4 73 7 48 46 11 78 90 33 0 38 22 68 66 78 85 79 36 13 23 88 61 10 82 84 72 2 19 87 10 50 14 39 37 83 8 2 80 10 17 13 32 8 48 98 95 11 33 60 22 61 52 53 36 28 14 82 86 98 49 37 51 44 48 25 31 88 31 81 32 0 10 45 12 33 10 29 88 41 51 87 90 85 94 63 44 46 32 73 42 53 95 64 1 24 66 71 66 45 45 93 50 65 16 25 34 77 41 79 49 28 20 66 21 58 4 99 81 22 98 59 79 6 12 86 33 77 63 78 14 70 23 23 35 58 54 95 9 37 82 16 89 75 53 20 23 23 43 74 27 20 64 78 36 96 38 53 44 4 43 73 38 73 67 32 64 4 90 60 5 47 63 17 88 43 73 42 64 37 9 82 83 24 5 99 71 47 77 38 83 42 86 34 45 15 3 61 10 57 0 41 31 54 36 98 9 25 35 73 47 67 75 54 84 16 48 56 7 3 34 20 58 35 44 49 54 63 58 25 77 15 55 6 82 42 4 83 12 59 85 93 17 4 78 0 9 45 43 61 68 84 34 9 59 34 10 60 47 3 60 65 78 93 95 70 67 23 91 90 81 70 35 9 34 87 73 36 34 6 10 36 11 12 56 57 69 24 43 1 61 80 23 2 48 40 25 93 21 24 17 83 69 10 99 5 6 55 28 48 62 25 42 65 32 8 67 57 24 33 77 70 34 55 70 80 85 88 78 71 78 53 2 4 65 1 92 61 36 32 53 24 54 16 75 62 27 53 76 95 73 4 3 61 81 80 8 73 34 62 12 32 76 19 51 94 99 35 29 78 56 3 12 42 71 22 46 68 56 74 29 50 3 17 6 7 96 32 
3 40 47 1 59 85 86 5 53 88 73 24 71 29 18 2 35 19 4 37 43 89 57 14 11 92 73 17 46 36 8 72 84 50 14 45 23 51 53 69 82 48 19 57 40 82 24 67 0 66 58 61 97 12 40 68 49 47 85 27 89 61 20 56 5 90 32 27 43 4 95 92 45 63 75 33 98 37 72 45 28 4 75 39 17 82 64 62 30 48 32 0 5 22 40 20 7 59 85 25 65 6 63 46 11 37 67 31 34 96 99 11 0 13 76 66 32 53 65 80 79 67 4 12 10 25 71 81 8 90 90 22 3 18 69 74 65 77 11 98 66 36 77 87 99 93 96 84 5 27 86 62 32 0 14 80 52 86 81 30 83 37 69 96 97 97 83 32 23 26 51 47 55 95 0 17 74 53 34 37 36 65 55 93 23 34 14 86 24 33 69 0 33 67 23 36 16 56 44 75 34 60 16 31 85 85 75 7 53 66 49 29 35 9 83 81 17 99 68 11 96 39 5 4 13 87 1 47 64 29 21 8 8 22 23 92 89 88 20 21 20 48 9 87 88 77 0 48 63 92 54 78 83 16 64 12 24 73 53 54 20 62 88 54 91 20 96 27 28 65 2 22 38 50 40 62 1 83 91 32 74 25 55 20 91 44 91 14 84 60 59 14 46 26 22 50 87 90 42 15 17 30 28 41 8 2 28 31 27 74 4 98 88 5 55 14 0 54 8 82 77 70 32 16 23 81 27 9 28 85 71 87 69 80 75 33 62 66 34 72 83 13 9 96 41 80 51 62 52 75 93 60 97 12 76 53 16 4 89 41 72 87 44 11 37 96 23 93 31 24 6 73 10 96 71 9 91 81 75 73 37 81 39 39 74 67 43 10 77 95 84 37 78 64 38 54 74 14 17 30 95 83 83 59 75 6 74 97 75 58 47 54 50 34 92 12 57 66 40 76 67 65 36 60 11 16 97 38 9 98 0 66 5 76 69 89 33 53 71 83 36 1 54 38 11 58 39 75 42 36 37 26 34 41 31 90 20 93 17 93 50 14 49 6 92 79 57 18 88 2 78 85 6 54 88 47 90 64 85 64 72 69 69 79 27 93 17 17 34 37 49 73 96 27 77 96 49 55 15 66 
57 95 38 35 41 49 41 74 97 95 28 22 10 32 84 6 78 35 26 39 21 7 27 88 92 97 58 89 84 97 83 50 90 87 98 49 70 39 9 96 21 15 73 55 2 0 70 44 34 15 60 34 46 3 90 83 25 70 2 82 47 31 62 61 78 18 46 92 66 40 50 2 1 85 53 41 75 3 13 88 1 58 48 17 83 36 74 68 38 99 18 55 32 56 67 91 27 27 74 54 15 84 95 3 65 16 19 74 79 8 22 14 30 9 23 60 97 67 22 14 18 0 44 69 32 53 99 61 73 91 41 7 16 26 56 94 77 69 9 71 65 57 84 9 78 71 51 21 40 48 58 32 69 8 8 15 66 71 58 40 21 93 0 18 45 85 50 27 4 84 14 14 28 73 41 70 95 43 72 79 12 38 54 25 71 18 7 70 59 54 24 92 48 77 99 19 67 50 19 11 6 44 50 29 24 59 35 73 35 85 40 62 26 54 32 20 57 35 28 1 57 27 73 31 61 80 16 22 53 79 65 5 44 34 43 50 53 10 8 89 23 21 31 18 54 91 32 77 20 11 54 68 43 76 72 76 90 20 79 66 80 16 54 18 85 48 56 55 62 6 63 18 3 38 51 25 98 48 14 17 15 66 69 28 37 42 10 73 40 72 10 33 95 70 81 97 52 63 40 85 62 54 63 74 87 65 73 15 22 1 10 37 80 41 98 91 77 79 68 2 5 76 37 75 39 3 38 25 69 63 19 25 78 99 67 41 60 20 90 97 24 15 3 28 27 40 4 9 0 39 52 79 79 1 58 30 87 8 65 21 88 88 4 80 86 78 93 30 69 97 72 48 15 47 93 93 20 95 55 28 38 61 83 2 18 99 21 46 10 91 75 32 8 32 42 92 90 72 62 20 79 13 75 10 3 57 24 38 78 79 37 36 49 19 8 30 27 26 47 57 11 90 67 22 42 71 87 21 98 90 70 57 86 40 74 3 18 35 91 24 99 79 43 21 32 66 83 82 50 41 8 24 11 56 40 53 69 72 43 89 17 57 54 46 29 63 6 99 11 99 32 31 42 88 83 45 96 71 35 34 12 60 20 45 55 49 43 84 52 55 72 43 49 92 10 5 30 70 95 69 
35 65 79 18 8 2 87 59 42 97 59 7 83 9 49 30 29 68 91 70 50 32 29 77 43 15 55 0 62 42 15 38 43 90 56 87 30 88 81 95 36 58 50 82 58 67 38 61 72 42 10 59 69 43 49 46 8 69 90 11 1 69 34 68 69 91 3 92 84 34 99 58 8 34 30 15 52 5 47 28 89 47 71 48 59 89 92 46 34 59 77 50 31 12 98 96 22 67 80 6 84 88 80 23 69 38 55 33 1 22 95 6 69 29 28 36 1 31 61 37 70 82 34 32 11 66 68 39 65 54 27 34 34 6 70 93 86 84 66 38 85 95 89 64 36 37 89 25 44 78 55 33 50 69 26 57 41 31 7 3 22 98 83 15 0 28 48 99 54 93 78 28 9 7 68 59 32 5 17 92 52 98 4 93 60 36 12 25 23 4 5 66 42 89 20 20 70 16 43 73 83 19 39 67 68 89 38 14 90 93 19 68 11 15 96 27 35 28 26 13 6 82 76 38 24 10 52 92 33 13 87 87 96 0 27 2 55 14 79 22 48 24 53 66 29 50 8 85 98 25 34 24 73 52 63 88 32 91 58 70 91 88 7 91 65 35 38 17 46 81 77 23 15 35 61 65 2 65 99 38 10 34 11 75 15 93 36 66 76 85 64 29 13 54 44 69 60 99 71 75 80 67 51 72 38 65 72 77 26 57 73 70 72 44 44 85 13 90 34 77 79 1 39 51 76 84 0 14 51 83 67 65 20 12 13 75 51 75 94 35 41 19 50 53 53 39 72 62 12 11 11 53 41 87 3 99 43 62 94 29 29 35 89 71 42 33 45 7 20 77 52 15 58 76 57 16 93 67 86 22 55 73 37 90 80 89 28 41 52 83 62 7 47 40 94 3 47 81 86 32 39 60 52 18 48 86 55 91 76 74 50 27 87 7 30 84 36 26 91 86 16 35 32 85 73 25 14 0 62 9 32 66 40 36 90 99 91 50 27 52 8 92 32 9 10 92 24 71 45 51 61 99 76 51 75 21 89 84 13 1 21 68 85 15 65 45 68 64 83 18 76 2 3 59 61 69 44 97 87 43 51 88 99 36 66 30 51 0 93 68 52 61 5 98 31 9 84 23 49 35 
43 7 19 50 49 69 33 57 83 28 99 69 30 47 0 27 53 62 64 10 84 82 71 52 27 71 56 74 57 7 4 48 88 5 80 56 48 11 67 87 72 85 52 24 54 58 66 79 86 62 99 35 93 84 29 69 34 40 88 93 39 30 69 45 54 32 48 35 77 23 8 0 8 45 72 19 4 21 38 16 67 45 83 52 9 64 4 41 14 26 3 95 12 71 99 88 46 89 73 15 94 46 52 54 61 27 6 50 47 57 53 10 67 93 96 16 80 78 19 38 40 44 16 66 78 79 16 14 72 78 44 61 94 50 70 44 27 93 5 28 87 16 15 73 86 92 32 84 80 62 32 16 55 74 8 88 1 52 54 5 96 44 15 70 52 47 53 64 63 70 76 36 27 81 7 62 54 63 62 15 78 79 13 44 44 53 58 81 61 97 31 1 27 85 80 48 65 21 18 36 15 71 49 38 58 46 91 79 3 84 91 64 65 59 92 49 8 1 27 67 55 5 96 59 81 85 70 0 24 99 57 41 80 63 76 97 6 78 63 92 59 81 77 62 20 58 27 37 26 66 29 30 5 51 68 92 55 6 76 99 96 99 15 98 18 25 2 72 75 42 92 40 82 99 30 31 43 52 51 69 28 85 60 57 99 77 69 29 99 64 76 89 31 5 24 45 66 16 30 79 93 7 95 70 52 54 87 56 50 2 86 18 61 59 19 40 69 18 12 39 89 27 76 23 33 99 98 78 78 21 94 25 65 44 75 8 95 6 23 81 47 12 48 70 58 66 3 75 64 21 62 90 97 3 26 11 39 88 87 78 92 38 46 97 46 66 44 68 61 68 75 66 74 18 35 73 59 34 96 63 7 61 28 93 6 30 72 94 44 8 63 21 36 43 24 97 25 45 7 9 58 22 93 34 3 34 23 61 39 51 53 37 74 67 24 4 43 84 68 62 21 56 36 80 21 55 79 11 4 63 40 34 29 40 72 80 6 22 56 69 33 16 67 92 96 34 48 32 37 79 10 35 26 75 43 90 73 85 85 82 70 73 59 85 95 82 91 78 38 62 86 76 47 22 31 77 43 76 23 78 63 45 54 3 73 54 75 90 19 86 7 69 29 16 18 16 18 4 47 93 
24 30 23 88 72 36 35 94 66 9 59 82 8 27 29 52 0 87 67 42 5 72 20 74 44 83 45 72 20 31 55 11 82 3 66 56 94 90 50 93 62 85 94 0 50 63 91 24 98 45 36 9 19 97 37 55 31 25 93 77 33 36 77 49 46 15 7 0 98 22 74 90 38 63 26 83 2 89 18 91 41 42 3 53 34 37 78 56 57 32 6 62 65 77 54 42 84 56 5 12 87 18 21 66 59 86 76 19 4 40 39 37 95 4 53 55 10 43 54 69 53 35 67 62 42 57 59 72 94 48 32 65 80 83 80 76 42 92 15 7 75 96 44 16 71 92 45 6 22 94 12 99 18 40 45 84 74 14 92 55 55 35 32 10 51 96 99 96 55 24 35 22 42 7 55 27 29 7 9 98 39 26 28 91 55 52 3 85 74 19 20 15 99 9 28 5 80 21 26 19 18 24 7 11 26 38 4 14 89 52 52 23 22 70 90 71 1 2 53 7 90 2 72 46 97 1 27 21 35 60 8 18 69 18 88 87 48 10 35 31 32 75 42 73 50 12 32 13 15 45 16 2 5 31 27 49 70 16 51 71 8 10 40 91 35 28 91 75 56 80 82 54 42 43 40 80 3 40 60 38 48 1 65 28 16 32 68 75 40 53 40 28 67 29 52 56 79 11 16 41 89 46 69 26 69 92 71 69 78 75 28 14 92 26 22 93 17 63 43 96 74 90 94 74 76 2 73 92 30 78 20 83 44 49 51 52 29 54 7 40 26 84 41 1 39 86 86 37 46 57 65 49 85 93 15 71 12 56 31 53 74 10 45 2 90 34 31 91 52 75 11 53 32 4 6 46 26 90 23 0 39 54 45 8 33 55 90 42 86 22 24 76 16 21 8 25 19 77 93 99 98 17 89 92 0 5 48 29 32 95 50 17 74 86 67 69 90 72 6 33 57 66 93 25 22 65 74 64 18 56 40 70 29 54 26 44 74 31 69 79 7 96 66 74 38 6 54 51 54 52 81 68 59 18 82 1 45 89 80 71 31 96 83 91 6 45 64 84 36 77 65 77 53 23 45 9 23 24 36 46 30 63 33 29 81 72 17 54 52 7 0 26 6 8 23 10 69 73 58 6 
48 61 44 72 83 52 59 87 11 75 82 4 69 9 14 1 57 37 50 67 88 7 58 30 60 86 5 66 38 23 68 32 43 86 56 12 38 75 2 82 73 73 72 64 78 24 88 22 67 57 83 70 70 71 38 38 68 21 93 96 5 85 1 79 88 73 77 8 78 54 97 60 32 72 77 44 40 97 58 11 14 69 85 87 41 72 11 20 14 58 69 73 68 40 35 37 45 4 97 18 16 76 15 45 13 89 68 52 57 17 78 92 26 85 90 17 34 19 52 26 28 27 95 57 54 63 24 64 16 21 22 77 2 2 76 54 52 68 85 26 85 88 50 99 48 91 91 37 77 95 9 15 63 13 67 55 46 21 12 94 59 22 8 15 27 81 23 25 37 35 34 18 27 32 1 98 3 75 8 50 73 18 38 3 47 91 38 6 87 59 30 97 28 1 3 10 37 99 43 30 16 98 90 53 27 82 39 18 10 99 38 17 30 39 2 22 12 67 96 50 5 30 36 86 18 38 73 1 63 8 52 80 38 94 31 98 53 19 92 43 34 13 83 47 19 78 82 95 38 54 2 31 54 52 4 20 64 93 17 64 33 7 93 23 29 14 98 80 73 1 81 85 73 66 79 78 42 62 43 15 11 43 8 48 56 29 74 26 86 83 7 43 36 57 62 31 33 8 57 46 49 81 7 16 41 79 70 6 33 57 97 20 17 25 82 41 57 36 15 13 41 1 97 96 17 92 58 79 99 67 63 92 45 1 49 85 21 30 70 8 8 7 24 22 16 61 13 59 80 7 67 68 71 83 34 23 57 91 54 97 41 86 93 88 82 71 8 2 24 26 69 59 3 14 73 39 41 45 53 75 55 6 50 70 19 18 67 99 21 40 86 31 49 47 63 84 73 18 9 50 9 22 59 52 92 3 53 58 11 27 19 27 98 0 12 42 35 79 69 88 31 72 87 99 98 85 41 95 70 92 73 35 19 87 67 94 2 27 33 31 31 2 99 72 55 64 87 12 75 71 77 66 61 66 25 48 78 70 29 0 85 35 54 11 84 42 30 58 19 74 9 72 55 45 23 36 66 1 21 48 80 44 77 11 11 15 3 60 69 97 21 70 80 97 78 28 92 95 37 77 
21 51 33 8 48 76 26 52 10 1 90 22 66 79 64 68 34 61 85 95 83 39 45 13 82 91 16 52 21 47 50 57 86 78 40 84 71 12 34 80 19 66 19 93 71 66 99 85 67 97 16 83 46 79 59 99 68 2 44 27 82 1 89 28 87 54 70 55 19 34 94 4 31 38 64 57 59 65 6 71 43 58 10 84 1 77 44 20 35 92 67 92 55 61 47 97 94 11 61 47 6 33 81 53 21 65 95 9 80 82 33 69 40 30 34 17 23 45 30 45 98 45 56 40 29 80 88 94 73 57 88 34 85 14 37 70 62 2 35 60 68 91 22 35 18 62 2 84 14 20 11 74 91 24 63 50 54 3 8 54 9 38 57 79 38 32 10 48 70 8 40 15 52 1 50 17 65 57 9 96 47 85 84 24 15 48 76 26 99 41 89 34 43 48 67 45 78 49 29 29 68 34 43 71 94 5 94 5 11 67 74 30 83 55 47 70 25 23 40 18 3 25 38 53 1 65 0 78 35 75 60 29 61 28 20 66 86 35 84 30 68 69 21 70 73 85 43 64 35 40 88 68 63 89 15 8 87 2 75 67 65 22 34 23 69 24 33 63 46 35 49 27 63 89 44 65 50 32 47 13 8 27 13 42 2 15 48 78 66 78 62 21 23 34 19 73 94 30 77 17 96 14 70 10 37 57 44 24 21 72 92 92 17 19 99 8 62 84 22 21 91 69 78 79 94 91 14 7 72 50 90 38 84 20 10 99 2 78 28 84 84 10 10 11 79 88 94 2 42 74 60 73 55 13 0 80 41 38 12 5 87 74 19 2 81 90 5 68 62 84 10 91 53 32 30 92 50 6 31 53 98 61 72 66 25 4 18 82 56 14 45 27 31 39 68 38 83 4 22 88 29 30 10 83 64 23 53 38 44 73 32 77 84 53 31 63 16 3 32 40 20 79 72 39 32 43 17 49 93 32 14 19 88 39 77 1 30 8 35 17 31 10 53 53 37 59 98 72 91 80 38 7 39 48 69 61 38 66 81 32 64 75 46 82 65 17 88 98 66 15 38 65 30 52 34 12 89 16 76 22 28 72 20 94 7 22 80 85 13 64 69 63 67 6 19 73 48 47 39 73 
71 94 28 83 80 90 16 39 81 16 8 13 8 91 88 60 4 7 8 63 13 34 82 64 90 67 83 41 38 13 32 4 11 52 7 35 78 48 77 66 80 62 30 61 81 35 4 14 25 88 66 2 4 12 85 78 36 42 85 32 50 2 38 74 56 6 57 69 74 66 34 39 91 68 29 60 19 91 75 31 8 50 95 27 11 59 72 90 65 88 11 46 17 61 28 90 79 59 75 69 40 68 46 45 29 61 95 0 20 84 13 11 54 76 27 27 15 7 40 45 13 32 36 52 39 77 14 56 94 10 63 43 23 71 35 7 79 93 93 40 6 16 23 46 31 53 3 21 99 11 49 50 10 77 99 27 45 33 95 43 66 0 28 9 53 83 71 78 62 22 21 46 92 89 60 7 6 84 91 0 57 33 0 91 14 28 18 17 56 81 66 90 86 47 32 67 10 38 57 43 23 34 77 28 65 70 90 59 87 12 14 76 62 61 9 7 49 50 78 1 33 59 14 42 57 12 13 42 35 83 59 79 14 96 91 37 53 95 0 54 66 36 9 83 87 72 82 63 67 93 97 40 72 34 28 19 40 89 71 49 14 59 50 76 53 3 34 20 87 14 42 72 18 3 46 69 64 58 82 5 25 98 97 43 60 38 45 30 21 34 39 77 61 67 55 26 85 29 0 56 72 16 18 66 95 27 1 6 3 62 74 5 94 69 63 26 55 14 12 79 66 98 77 41 4 65 82 83 9 33 21 53 25 73 49 80 92 75 82 14 99 71 47 33 48 66 71 50 34 50 23 83 8 8 62 91 24 29 54 24 60 61 5 15 3 44 60 0 90 82 78 72 27 40 44 74 24 42 11 74 6 32 76 13 97 11 34 46 19 47 34 7 81 27 7 39 10 66 61 8 32 23 86 40 76 92 0 18 65 92 33 62 32 65 60 13 32 6 65 18 49 56 38 84 30 96 43 41 36 67 92 60 42 11 63 6 42 17 82 10 11 94 44 58 89 31 0 18 6 17 56 41 29 98 4 71 88 24 12 4 15 27 60 18 16 46 54 88 16 29 12 73 49 23 7 16 91 26 85 71 37 85 81 63 7 11 44 16 49 48 8 18 14 72 16 50 23 95 41 3 
4 48 75 58 30 49 21 39 36 50 21 51 81 37 1 16 30 15 15 68 29 17 15 37 79 27 15 99 61 72 55 13 98 0 76 0 82 36 41 36 84 86 66 78 25 70 27 58 78 50 95 53 74 39 61 45 39 84 83 83 85 92 49 43 63 92 43 59 36 49 3 92 75 94 47 28 43 58 58 35 10 53 53 81 53 91 17 52 40 78 72 6 52 52 66 75 46 60 8 38 6 74 85 64 28 33 33 92 73 32 92 66 18 79 31 39 34 56 91 66 44 50 12 95 12 60 31 46 33 20 49 33 9 34 4 67 47 40 84 0 68 16 32 28 71 7 37 88 60 37 43 52 94 85 32 81 62 37 23 84 75 21 30 93 30 67 25 53 17 97 76 13 87 75 52 50 70 19 1 93 62 3 12 95 35 79 25 34 7 12 55 90 62 5 63 69 90 68 83 11 53 73 18 68 29 55 75 35 82 79 61 48 52 43 82 9 19 87 96 38 12 9 51 28 90 52 1 14 47 79 37 44 57 53 72 46 59 76 93 78 5 37 25 74 89 76 40 40 81 62 15 4 13 57 31 74 68 85 26 51 12 92 94 54 88 31 66 87 11 83 36 34 77 60 83 90 76 11 25 51 87 53 55 70 48 69 46 26 11 90 57 6 69 14 72 73 79 10 95 22 88 68 48 35 18 53 84 32 87 28 43 95 64 68 98 79 72 51 84 88 57 25 90 61 1 35 82 58 32 24 95 65 62 2 51 99 56 79 80 62 55 25 0 87 29 42 23 66 28 96 21 13 4 81 76 83 11 82 28 74 83 54 26 39 75 23 37 35 3 69 32 25 51 32 41 39 89 91 6 78 25 8 77 94 50 22 2 38 65 91 18 16 97 48 20 95 63 97 8 96 38 96 98 51 63 1 62 58 86 75 18 51 16 73 98 82 82 72 63 94 43 61 36 93 71 2 80 98 5 3 90 9 36 30 53 11 58 94 42 31 41 60 15 63 36 28 31 59 68 5 65 82 55 6 39 14 58 89 83 36 76 16 43 50 94 95 83 64 8 23 88 17 48 83 21 25 10 9 88 24 61 19 42 6 23 16 30 87 71 87 38 32 47 7 44 40 59 38 90 36 
99 45 79 75 47 30 88 73 88 34 44 77 26 24 18 6 14 25 37 26 23 28 73 95 38 43 61 94 18 95 19 20 1 5 90 91 53 59 41 33 39 23 50 41 47 61 1 27 27 44 68 68 20 56 49 68 47 59 64 76 91 6 2 36 62 28 24 58 3 9 32 44 5 81 45 14 2 75 61 81 87 66 68 89 80 17 20 68 46 27 61 12 54 0 84 9 87 0 79 55 27 66 51 75 50 3 33 13 87 28 31 11 89 64 9 11 81 13 84 84 1 7 18 69 67 95 89 70 21 44 95 60 95 35 32 5 2 53 28 43 93 54 33 74 92 67 83 42 77 22 90 94 90 89 68 4 10 31 62 31 80 0 52 87 17 47 69 86 73 38 84 42 26 2 86 67 74 68 37 98 95 85 37 50 35 83 4 40 82 92 27 70 76 47 42 30 6 53 51 60 84 69 75 16 39 74 11 27 70 81 27 42 28 4 58 58 65 71 32 25 23 75 78 63 57 51 72 72 20 33 77 30 21 55 9 98 56 57 20 83 56 52 98 69 47 72 16 61 60 47 1 79 75 15 99 73 31 65 36 82 47 10 10 94 73 76 23 84 68 95 21 34 63 96 83 33 67 78 33 63 59 51 28 0 50 30 40 72 9 2 81 35 37 59 20 82 73 59 86 68 29 3 92 29 97 11 30 38 19 83 16 52 28 14 11 85 94 97 89 79 96 15 51 51 38 80 28 4 92 31 48 8 91 42 39 46 77 49 23 73 66 94 35 46 59 35 84 23 54 75 10 52 41 10 87 8 80 39 64 64 35 75 24 19 11 60 30 73 75 33 15 12 69 51 81 54 30 59 96 37 99 88 4 93 24 10 44 83 19 89 36 73 54 53 23 66 12 28 31 25 41 46 5 19 71 53 15 28 31 93 82 4 28 56 16 61 51 17 65 75 1 28 92 57 36 41 55 88 28 54 17 78 93 80 86 30 89 53 94 85 74 80 38 41 71 74 6 12 2 1 86 87 37 63 54 66 24 28 10 16 17 63 78 72 1 66 52 91 83 99 25 49 54 6 74 79 39 48 4 97 7 83 63 30 97 20 39 34 48 56 29 72 38 29 79 98 23 90 4 3 
93 5 59 84 30 60 23 33 16 24 63 68 37 71 24 27 62 36 4 72 70 99 99 56 50 81 25 31 99 60 8 98 73 11 89 71 92 68 18 32 98 97 17 2 52 51 6 0 79 91 37 32 86 43 74 78 9 12 86 81 5 54 2 64 6 83 24 78 57 80 63 55 3 92 5 71 82 10 78 13 5 22 60 29 75 6 51 94 36 46 60 59 33 2 42 3 97 16 20 74 31 1 91 40 77 13 56 55 26 69 98 32 92 79 31 42 29 96 40 60 0 72 55 43 33 74 73 41 14 99 24 12 83 48 44 66 18 98 33 21 9 93 56 53 71 86 12 14 71 58 25 23 81 39 80 74 41 19 86 90 88 9 54 73 3 73 65 58 20 39 2 9 93 45 67 23 49 95 88 86 56 31 43 46 81 2 41 69 21 89 25 51 57 7 57 70 97 93 27 75 55 81 69 54 61 79 90 71 36 90 67 35 66 18 28 43 54 24 46 54 8 46 91 81 52 12 50 43 54 92 96 7 96 65 29 24 62 11 44 75 18 99 20 57 94 18 91 0 74 95 10 69 21 64 14 96 5 31 48 52 36 43 82 9 60 78 38 26 9 61 70 85 44 89 12 33 85 24 29 92 85 42 98 0 19 60 27 97 63 79 56 9 86 99 67 95 7 34 94 17 15 56 13 43 69 93 68 54 14 83 22 20 13 61 58 15 33 77 6 2 0 93 4 79 39 57 78 69 10 20 88 92 29 38 77 6 33 20 41 96 6 50 28 28 37 16 25 25 78 34 94 31 10 19 24 56 33 70 3 95 30 14 54 77 43 30 95 67 72 81 0 38 30 27 16 56 97 53 77 52 34 75 16 92 52 66 88 13 11 6 12 89 35 4 3 37 37 82 95 69 19 94 74 71 55 9 1 79 33 13 79 57 96 90 47 96 75 20 74 59 74 20 92 19 41 57 14 26 38 99 49 26 31 85 69 32 63 71 44 51 3 64 85 20 79 5 59 12 21 90 0 96 17 72 88 76 91 52 53 82 78 19 40 49 50 18 26 22 90 1 43 41 57 0 64 2 5 54 21 77 21 1 92 27 32 91 95 86 15 86 38 40 3 15 23 72 3 45 91 82 
7 2 57 34 27 18 85 88 22 40 75 67 78 79 49 16 31 80 3 19 2 46 78 70 68 41 50 89 95 16 87 47 26 23 46 40 94 90 85 53 29 58 53 51 76 58 80 78 34 64 78 46 99 30 61 97 93 30 38 47 67 51 24 72 42 12 14 80 49 5 5 74 63 76 22 8 45 98 75 77 4 90 97 6 66 46 17 85 16 41 43 65 20 63 67 3 3 89 91 97 34 25 49 64 21 97 17 52 93 43 95 96 68 17 54 5 64 47 15 22 98 11 74 94 19 63 34 25 57 35 79 76 79 12 20 54 31 78 33 5 65 34 31 99 23 61 97 6 30 92 72 3 68 76 45 21 38 73 93 3 80 48 75 78 81 59 9 98 78 2 95 26 19 59 46 65 28 76 82 6 49 53 56 35 53 44 24 36 32 69 77 75 13 52 20 88 7 38 93 93 67 95 90 38 80 17 75 18 23 68 86 92 88 63 32 71 88 17 14 54 1 12 31 81 99 21 34 82 15 7 64 97 92 43 67 9 83 4 83 38 64 92 77 56 3 84 61 2 25 72 47 83 78 54 2 24 69 59 58 25 58 94 61 59 49 23 72 14 75 13 4 72 84 99 78 2 4 45 31 26 33 98 57 38 35 98 46 62 96 38 37 12 11 51 95 54 51 21 56 15 98 56 17 10 58 90 62 8 47 42 75 72 63 46 29 44 32 87 62 51 44 55 28 30 50 18 68 26 4 41 1 15 55 60 29 81 30 43 73 47 58 88 6 18 45 7 98 22 62 12 21 15 17 83 92 3 95 8 37 52 98 14 55 40 27 17 80 84 40 14 32 98 52 27 56 44 12 87 77 69 69 89 63 58 56 4 75 66 91 90 78 37 98 30 37 95 55 76 26 34 42 13 3 59 46 98 34 77 80 11 9 39 97 74 81 38 25 84 24 26 17 51 91 88 90 66 63 79 35 85 48 48 85 57 7 42 34 91 21 56 72 85 86 8 37 45 46 17 54 84 43 61 47 14 61 28 11 69 82 62 62 28 93 16 85 6 15 8 71 36 80 72 68 56 9 12 10 33 3 65 9 0 50 89 78 22 36 47 28 59 82 38 61 86 42 72 3 28 64 44 
29 75 27 44 30 45 61 45 37 37 43 28 27 52 39 39 40 20 10 1 53 86 98 75 0 9 48 50 62 45 10 21 93 11 17 79 75 25 94 9 95 69 5 51 55 78 71 60 23 59 3 28 31 32 41 79 23 72 73 75 7 72 2 55 48 31 67 56 65 61 29 94 98 78 29 83 68 21 35 21 68 18 97 66 30 54 84 12 6 6 21 60 55 50 5 2 69 32 25 68 80 34 99 97 78 1 66 35 71 28 45 43 57 37 28 5 32 34 17 39 86 34 70 36 12 7 10 96 68 23 57 91 34 93 33 51 48 43 10 64 75 91 48 92 36 4 43 45 17 49 80 14 6 37 19 72 46 67 28 76 72 21 37 35 18 58 24 83 54 70 45 21 42 22 24 46 70 38 84 99 74 68 82 47 53 50 26 31 30 23 53 6 83 18 49 23 95 8 0 95 42 3 53 26 44 3 59 89 1 29 63 87 58 93 86 58 75 62 66 88 90 36 64 22 82 54 27 53 61 83 24 26 21 38 51 5 44 51 99 14 13 70 89 48 57 91 92 28 69 59 5 78 45 8 42 5 53 21 15 5 57 47 65 50 95 17 50 69 61 41 97 94 89 82 58 80 16 62 45 56 25 86 96 43 33 55 15 50 15 61 5 21 85 26 83 63 7 74 72 78 16 62 13 45 18 61 2 91 50 52 61 56 62 79 25 38 70 49 58 49 6 64 47 92 4 3 45 73 6 10 50 10 17 95 53 25 8 4 70 23 71 77 76 91 37 73 69 37 22 21 49 64 74 3 71 71 53 77 61 8 95 27 17 69 43 53 89 94 32 76 24 52 35 56 16 46 27 9 81 61 91 48 62 26 98 82 82 68 79 70 84 11 8 12 71 82 78 77 38 20 52 69 90 88 72 52 22 98 30 70 86 41 7 9 91 84 18 55 39 64 33 60 81 96 69 25 46 1 34 61 17 21 35 52 16 6 77 88 86 2 51 25 55 54 71 85 27 41 83 53 56 18 79 41 82 77 8 44 84 54 88 12 8 7 3 43 51 34 65 8 5 15 51 66 16 77 27 51 18 12 24 60 31 65 16 3 48 47 96 16 99 64 59 30 94 57 54 56 43 6 
16 33 5 11 67 6 97 13 73 50 95 10 17 33 82 86 60 79 31 95 20 65 51 21 14 40 14 58 52 78 43 20 24 45 21 68 45 92 63 31 14 59 92 43 23 50 75 58 64 14 66 57 32 13 18 16 16 83 48 98 81 27 1 61 17 87 23 76 79 97 24 55 5 55 10 62 79 25 82 72 30 21 48 90 62 5 23 5 87 16 73 68 36 7 8 94 42 64 50 67 33 41 64 69 55 72 37 59 6 38 72 88 69 40 80 49 80 33 62 50 86 51 63 86 71 31 67 39 2 93 82 54 93 58 71 16 15 98 67 32 60 55 1 28 72 67 61 70 36 25 47 47 80 60 35 54 49 17 92 74 42 80 53 11 61 70 48 40 2 71 83 85 64 53 69 37 91 99 59 9 91 21 29 10 62 41 34 98 61 68 62 2 37 20 77 35 55 90 46 76 99 15 17 57 49 17 18 51 66 93 61 47 6 28 34 1 75 25 38 9 1 16 24 11 18 87 67 39 58 11 81 59 94 51 13 41 27 80 66 66 15 53 66 85 51 2 99 84 31 57 34 1 83 68 7 50 12 84 38 5 51 12 18 39 33 3 25 84 63 34 22 96 18 84 99 28 56 61 69 49 18 90 47 19 33 87 33 0 54 80 60 58 28 78 96 7 6 24 34 1 31 25 73 99 15 80 8 9 75 73 74 39 22 29 16 64 29 24 58 42 7 72 64 41 33 3 26 1 44 27 67 19 56 4 30 6 5 97 58 71 12 98 18 54 85 10 39 42 29 58 45 90 15 97 50 24 60 16 17 78 55 42 3 87 82 51 78 38 75 71 8 28 30 24 73 77 19 28 47 62 20 26 98 0 29 76 96 43 19 14 94 12 21 9 3 46 38 62 78 46 57 16 12 29 14 34 94 15 19 34 28 2 50 26 47 71 27 75 22 78 39 92 36 66 93 32 32 80 84 66 68 34 59 91 11 47 47 49 65 91 15 81 2 42 65 1 13 97 73 96 5 36 72 33 62 32 76 5 55 98 66 37 63 31 9 88 76 69 44 44 97 48 31 75 97 69 68 0 47 47 9 15 81 44 83 2 98 11 34 54 10 84 85 34 51 66 56 79 18 36 
87 25 81 89 5 85 99 79 4 16 3 12 41 81 11 8 15 75 82 99 42 59 10 35 65 24 65 67 49 20 36 47 97 70 63 66 99 42 83 11 58 74 89 52 46 83 34 38 37 54 4 47 70 95 67 43 10 55 7 17 51 82 5 95 15 73 95 81 39 62 10 73 36 17 77 10 68 3 49 80 97 56 11 83 13 97 93 33 8 16 86 66 73 40 3 41 22 70 12 70 68 28 54 51 5 2 99 29 55 80 10 19 55 61 52 4 71 6 40 82 8 64 5 13 15 40 58 35 99 51 44 87 97 17 26 64 62 19 35 73 48 99 55 95 42 18 87 22 47 15 51 56 89 17 75 18 49 99 66 93 15 57 62 92 57 75 49 98 87 73 29 43 61 13 72 90 40 79 84 30 1 17 27 92 29 16 55 44 23 33 34 55 43 41 33 18 27 49 97 65 17 95 77 12 14 45 73 83 75 1 84 33 47 8 97 9 20 31 91 77 35 76 92 86 83 73 17 74 44 4 72 49 72 11 89 62 21 88 86 80 13 29 86 90 96 10 83 41 12 88 51 57 17 86 4 17 36 86 37 27 93 76 69 65 75 62 81 77 46 10 17 33 47 13 80 23 72 77 6 45 46 97 88 96 2 18 91 4 79 14 8 45 85 23 17 2 2 38 32 27 59 29 46 97 46 12 58 72 48 62 45 14 81 5 47 11 45 60 2 99 10 13 57 55 97 69 76 90 82 24 43 35 85 65 68 14 66 62 40 47 46 16 9 47 82 73 15 99 9 70 70 81 94 18 80 20 56 74 20 59 6 87 3 6 95 57 62 41 46 7 75 84 98 2 69 24 32 43 96 35 57 50 48 14 41 36 47 9 12 2 77 51 69 75 72 42 26 94 98 6 50 42 57 60 22 3 43 98 3 86 22 47 47 55 32 97 73 91 94 58 1 19 94 32 96 98 74 73 29 40 81 21 75 73 87 36 1 5 74 46 59 76 88 64 50 79 76 82 8 36 1 9 78 61 72 80 77 84 15 61 65 6 14 17 33 21 16 65 6 71 69 20 91 23 57 82 60 76 92 3 21 34 36 0 21 57 87 20 25 32 83 24 57 67 95 42 9 77 97 80 
77 63 24 74 50 67 7 80 86 68 77 54 86 57 86 13 30 17 75 98 75 60 18 40 45 96 4 68 84 87 6 72 14 24 32 65 73 28 68 36 82 23 10 43 0 94 7 5 28 94 89 44 23 98 25 50 43 6 18 6 35 99 88 5 4 8 35 36 82 79 32 76 98 11 86 22 85 92 36 48 6 2 80 45 40 30 88 39 89 37 21 66 48 96 22 21 47 24 33 93 93 3 32 17 0 77 88 45 81 46 1 36 22 49 71 90 73 92 16 86 65 30 25 45 19 5 13 15 17 2 95 41 56 37 7 39 39 28 30 25 1 47 57 92 4 70 55 81 29 95 4 75 0 94 9 35 19 10 68 51 7 51 5 82 47 16 52 78 53 71 63 64 32 0 70 90 22 66 5 63 80 48 55 4 42 24 13 86 34 20 53 38 77 83 30 6 89 63 9 13 59 98 98 98 34 33 18 52 32 12 90 37 0 23 97 78 24 21 75 65 56 50 9 68 14 49 58 73 81 6 8 21 45 51 56 40 56 20 32 99 98 67 91 93 21 30 91 13 38 5 63 77 71 66 80 29 94 9 44 20 7 90 68 41 15 13 77 74 83 97 66 44 4 84 70 70 53 51 83 44 97 70 27 34 43 63 1 33 47 29 18 60 96 96 66 55 2 76 91 20 67 84 45 3 59 52 99 1 93 81 5 70 45 25 73 48 24 97 12 98 27 90 90 25 36 56 71 59 63 72 17 22 76 28 90 58 68 88 14 90 84 7 66 43 8 7 85 78 71 39 21 13 94 50 6 79 41 19 92 80 82 35 77 46 14 21 74 88 72 75 25 22 95 97 97 19 8 50 36 16 97 79 34 22 28 32 12 38 8 62 58 88 14 35 68 44 37 84 0 23 99 7 69 92 37 33 2 48 55 90 49 30 53 95 11 73 15 6 50 60 34 64 34 57 80 51 99 32 45 42 39 10 7 3 34 76 64 7 76 16 96 69 13 1 38 48 64 83 45 84 89 2 83 98 18 37 83 47 58 11 81 83 80 17 15 7 82 80 56 66 99 72 53 14 4 81 57 80 92 83 46 36 77 96 27 6 17 97 24 24 55 45 1 97 56 56 21 91 17 33 
47 65 22 61 65 54 77 38 12 7 75 53 14 47 98 98 81 33 12 48 24 16 14 51 60 17 74 33 52 88 60 39 72 13 51 98 96 91 66 80 12 89 92 2 4 19 32 79 35 74 62 0 5 51 23 97 67 81 93 72 53 90 92 17 43 57 60 91 5 48 89 56 97 2 31 11 15 22 76 78 7 28 92 5 57 77 40 87 42 11 61 34 25 63 91 59 12 63 14 86 55 70 55 27 46 70 81 70 74 47 58 35 77 43 23 0 18 20 92 95 43 84 89 7 29 56 96 32 50 90 27 39 4 10 85 41 70 52 60 38 96 26 17 43 66 23 69 91 20 17 99 41 73 76 89 99 17 61 44 29 1 91 4 56 88 75 83 54 2 64 86 64 49 53 56 58 64 27 58 10 54 92 88 83 13 96 87 83 26 75 42 65 46 72 67 73 10 74 50 65 5 41 24 24 10 7 25 31 56 60 60 34 56 7 4 64 42 32 61 35 86 40 4 73 82 50 10 30 63 49 36 62 96 92 70 17 31 0 60 7 85 41 3 31 33 2 26 20 34 66 99 50 50 15 79 81 44 5 8 25 29 14 38 41 79 28 86 8 78 71 69 3 33 9 10 54 19 34 2 95 13 90 1 97 16 3 50 68 84 46 22 43 11 6 71 25 5 92 26 95 50 93 86 60 79 72 40 61 20 23 30 60 57 85 78 64 0 97 48 20 88 49 33 28 88 76 17 13 33 24 43 37 37 94 75 41 80 27 26 42 51 5 95 94 63 75 58 42 86 65 52 46 13 68 16 55 18 98 53 20 60 77 10 41 70 15 71 34 63 26 7 18 88 69 72 85 99 36 44 91 46 51 45 83 76 53 1 79 45 60 9 18 86 15 95 55 16 33 19 91 47 20 64 46 30 48 73 27 27 36 47 35 88 71 44 45 43 15 62 43 18 88 4 42 32 85 76 35 76 99 56 72 53 19 17 81 3 55 8 0 12 41 49 39 74 98 99 54 52 38 72 70 58 79 10 77 68 4 90 91 23 30 44 88 45 98 54 11 39 59 57 90 6 63 57 19 32 3 29 45 76 42 64 18 37 52 64 91 59 86 55 0 52 11 33 3 66 58 41 53 
97 41 25 64 13 65 16 88 62 67 85 66 74 47 76 54 59 33 2 65 77 3 96 57 86 39 82 37 45 39 10 38 37 91 89 33 32 21 85 91 46 58 7 43 68 20 4 28 30 90 48 37 88 21 13 93 71 66 20 53 51 95 99 63 11 10 19 89 28 72 66 94 13 16 8 57 73 7 54 20 60 76 64 95 97 98 8 65 67 31 8 0 3 26 70 57 44 88 43 24 60 59 34 95 45 34 8 96 36 77 29 96 56 62 59 33 86 37 30 3 14 57 98 6 61 54 73 41 0 25 20 3 18 5 20 87 27 29 44 16 9 61 37 37 94 60 6 63 31 67 42 34 22 27 53 77 91 1 69 22 19 50 42 54 20 6 27 44 26 21 52 23 52 2 83 46 5 14 19 2 96 9 10 74 11 16 49 24 18 21 18 18 18 9 74 84 22 64 93 79 90 83 26 79 39 64 58 19 93 16 29 11 62 17 88 99 19 91 28 14 63 65 27 41 7 22 13 31 2 82 92 73 31 9 16 92 37 2 38 72 37 85 73 39 97 39 0 48 76 59 99 49 10 42 58 65 52 14 25 34 60 51 47 8 31 60 19 79 95 27 69 24 50 94 85 93 38 10 92 3 6 89 62 53 49 50 64 97 91 26 2 80 28 56 95 10 34 37 38 56 88 37 97 38 99 78 78 21 52 63 89 6 4 29 84 59 44 0 35 67 77 91 89 42 57 87 87 23 35 53 0 4 8 6 2 5 99 55 29 85 47 63 67 22 33 65 97 7 52 28 73 30 23 5 86 41 27 98 80 25 67 68 62 75 32 40 72 50 61 31 61 15 8 90 69 76 30 16 33 31 66 16 72 69 70 1 36 18 31 35 10 12 91 90 97 8 59 30 44 80 64 40 66 41 3 80 8 53 63 6 25 66 9 85 6 47 48 6 53 31 95 50 87 33 11 42 78 40 65 20 15 71 38 34 52 65 63 34 52 71 87 95 74 92 21 75 91 99 52 13 81 43 87 75 15 85 57 20 55 89 66 81 9 57 1 70 9 97 52 64 31 39 1 57 76 72 4 44 78 5 1 42 85 18 53 5 11 45 35 38 5 90 96 6 97 54 75 42 2 47 
93 9 37 73 52 64 57 14 81 74 51 47 76 18 87 7 26 57 93 4 19 88 49 50 91 44 1 72 58 99 40 80 66 5 88 12 58 45 26 46 16 80 84 86 22 91 59 89 1 13 78 85 90 85 28 66 68 12 70 10 1 86 18 83 40 32 44 67 21 25 87 24 90 23 50 42 72 69 16 33 33 8 70 81 91 87 67 18 20 85 36 60 4 97 88 82 52 81 25 7 47 77 16 29 1 49 57 79 93 54 45 29 12 58 49 35 97 83 5 93 90 98 79 40 86 57 73 93 68 42 42 21 29 47 51 32 74 96 89 35 5 85 48 52 35 5 71 73 8 64 32 23 95 87 91 40 3 89 35 8 80 96 73 77 78 47 79 46 53 7 8 8 22 1 64 17 59 76 79 64 80 5 69 89 10 19 24 37 81 50 0 32 79 20 1 8 43 28 86 77 50 80 25 93 88 92 14 18 51 51 78 1 70 82 99 70 67 17 3 45 64 50 31 1 20 32 60 28 85 40 92 92 32 67 45 16 20 79 37 50 97 30 44 82 45 61 79 27 8 31 51 87 20 83 94 55 39 58 58 20 37 74 43 40 53 73 48 50 81 62 16 1 27 0 92 98 27 66 56 13 7 14 40 92 47 31 52 88 68 59 64 87 3 32 99 99 3 57 10 25 57 94 17 94 94 62 32 60 81 34 2 85 91 17 42 96 22 13 79 71 50 61 27 61 83 38 6 25 46 73 91 93 59 90 23 74 47 14 41 88 26 50 95 75 51 30 16 19 89 7 39 61 55 30 45 8 82 65 94 61 22 34 74 36 1 56 14 36 23 56 87 92 66 20 84 39 62 1 73 49 22 45 13 90 75 33 6 98 90 14 73 95 38 73 39 88 46 25 36 9 14 46 91 38 38 74 57 67 83 98 46 93 10 0 25 95 63 10 85 91 45 36 76 46 8 26 96 18 4 63 28 52 6 52 67 84 61 99 62 52 4 45 41 93 48 21 61 46 68 9 59 90 86 82 59 2 14 46 80 65 87 49 65 39 99 94 93 56 87 58 57 83 29 92 61 50 36 25 88 77 50 48 42 98 88 34 95 70 68 31 60 49 69 88 2 93 88 57 36 57 
66 89 35 11 81 10 39 85 26 41 82 5 43 11 14 24 7 89 73 74 62 69 10 18 55 68 63 51 42 38 70 96 72 65 30 84 83 3 73 59 79 90 60 9 88 25 49 93 21 41 54 16 94 6 20 51 37 68 11 98 37 87 60 26 39 94 16 68 88 83 17 89 0 11 31 76 29 28 20 15 40 24 67 76 40 66 87 56 87 45 18 55 55 48 72 89 64 53 81 54 36 99 37 35 42 51 46 60 53 80 15 22 48 74 31 31 12 42 88 44 35 6 21 58 45 22 33 43 12 93 2 72 92 21 18 17 22 53 80 86 94 6 8 64 82 55 36 46 46 26 57 64 44 46 23 12 53 29 45 47 33 62 82 48 39 97 1 72 81 47 79 90 36 74 10 85 7 55 84 47 22 44 25 8 74 89 53 72 17 17 6 37 16 34 41 23 44 58 56 53 98 78 64 53 5 7 9 62 92 14 49 5 19 43 5 61 8 43 32 48 87 33 98 63 91 5 36 46 62 23 57 16 90 3 43 58 31 70 82 30 95 88 7 78 47 5 78 58 26 49 41 71 83 15 27 86 60 41 36 29 33 87 50 48 64 14 9 67 90 6 90 50 19 26 59 11 19 8 11 76 83 41 89 35 7 77 82 4 93 98 82 23 70 96 8 86 43 52 47 88 38 31 86 91 5 56 67 28 1 88 18 74 76 64 43 3 14 93 28 92 2 65 81 77 74 50 60 29 97 78 90 94 49 94 69 70 5 18 82 66 41 52 54 39 93 59 14 63 83 63 34 61 37 38 51 15 53 62 52 79 60 31 44 15 30 4 42 23 43 52 66 93 79 57 42 41 29 91 53 18 34 30 37 55 88 59 32 53 26 95 37 82 23 4 63 42 98 47 80 38 3 61 39 90 98 19 42 70 19 28 80 51 44 96 14 82 54 9 84 54 10 85 47 19 78 21 39 30 75 35 52 21 64 98 89 28 87 3 61 36 42 14 50 17 52 94 2 10 23 47 30 99 70 78 77 13 33 4 85 68 13 65 47 80 57 38 30 34 84 3 65 56 91 70 5 52 44 30 23 69 1 23 80 55 43 58 0 42 15 55 30 28 96 62 49 92 89 91 39 40 
46 92 20 0 79 88 36 72 14 4 45 20 35 88 99 51 40 1 69 42 76 53 99 15 29 36 35 27 45 45 58 96 95 20 76 99 5 25 22 45 54 69 74 8 56 87 51 30 22 90 84 69 31 84 29 6 75 84 32 81 2 91 97 33 67 71 56 43 59 40 65 22 29 70 77 92 96 18 66 7 33 75 6 87 35 31 57 42 95 63 95 45 67 40 55 55 93 62 51 20 37 73 68 63 1 70 35 89 70 89 26 13 40 55 19 48 74 91 15 56 38 62 39 24 17 31 20 33 23 57 42 34 97 65 28 44 91 89 34 30 3 58 29 98 70 51 87 94 37 64 26 23 0 83 72 98 31 37 31 88 50 1 86 62 15 64 60 91 46 54 63 85 98 29 69 13 91 74 62 2 20 53 94 19 61 8 94 12 63 97 43 30 37 37 86 13 99 90 12 33 88 86 35 76 19 94 37 60 23 29 79 22 24 23 11 24 17 81 25 90 77 73 44 90 53 31 91 16 80 93 14 11 95 92 80 67 7 10 77 4 50 64 2 64 69 8 49 99 56 41 30 93 21 56 13 72 91 7 33 34 35 85 52 68 13 76 89 59 60 69 28 92 91 64 71 77 41 3 43 69 20 18 8 74 37 92 1 57 10 61 14 76 98 46 55 12 21 77 2 71 95 76 50 62 72 54 66 57 92 84 99 16 97 69 29 98 98 16 64 32 32 83 26 27 5 17 67 13 59 48 41 39 99 4 83 68 17 10 65 75 17 58 97 82 59 44 95 24 71 51 23 19 80 51 97 80 69 23 95 14 99 98 49 48 25 51 50 21 44 84 25 15 70 69 63 14 82 43 62 32 27 39 86 38 47 84 6 59 66 96 11 49 81 20 21 91 37 16 5 34 84 96 81 49 89 60 91 48 31 84 32 10 33 36 64 5 31 58 59 58 5 69 84 75 70 2 42 44 50 74 50 91 68 80 35 90 27 89 62 72 10 57 57 46 27 3 11 38 2 37 11 28 13 60 32 91 81 42 19 99 40 99 80 98 4 7 67 48 71 11 91 17 99 16 89 59 58 43 16 82 77 99 89 72 96 17 83 45 92 51 15 3 27 39 16 81 1 63 58 75 
13 55 82 69 54 68 95 14 20 74 68 44 62 52 47 3 30 25 95 88 65 4 74 17 95 56 47 86 18 90 78 10 2 63 5 44 41 68 51 60 43 63 24 36 6 78 11 22 1 68 3 6 64 30 93 79 15 66 94 77 39 73 32 68 5 59 11 94 38 66 85 56 16 71 49 93 2 29 32 16 97 16 46 61 20 99 0 29 51 15 86 53 53 32 87 42 54 49 28 35 81 24 92 1 83 47 49 43 48 78 35 87 90 81 57 51 79 59 96 86 95 44 35 38 16 86 17 44 51 99 34 81 54 34 92 89 17 71 92 3 36 34 95 93 24 23 23 12 80 32 98 4 22 72 82 48 69 59 24 59 79 88 75 20 72 8 98 53 16 65 65 38 15 52 58 71 25 44 38 56 91 88 96 72 2 14 45 89 41 15 14 82 54 78 85 54 70 45 44 31 71 47 74 79 47 37 59 18 69 46 60 42 88 30 74 59 14 7 49 76 57 33 39 55 69 97 4 36 6 52 52 66 84 50 70 14 82 17 62 51 88 18 55 29 55 40 54 72 9 87 85 65 29 69 96 12 77 20 95 32 64 71 5 34 95 13 94 74 19 62 46 17 22 91 84 57 47 41 8 59 35 9 80 76 43 40 21 86 15 27 94 35 78 60 67 93 57 28 61 91 18 79 93 85 43 7 71 69 69 52 39 62 86 82 0 26 90 15 50 86 52 49 80 93 49 94 80 75 93 68 60 95 37 93 41 6 11 6 59 74 42 35 54 79 36 68 57 86 82 98 52 76 9 47 65 74 75 64 87 67 88 80 37 28 55 51 32 35 62 1 36 47 19 54 51 23 18 77 57 9 79 92 84 82 25 78 90 55 5 48 73 4 81 52 47 0 98 24 36 37 80 15 77 3 15 64 56 23 62 40 88 51 99 63 49 6 78 61 16 31 18 6 38 15 45 58 37 55 94 55 43 55 29 71 89 47 19 77 86 37 53 50 69 18 24 61 79 1 99 40 39 14 0 61 55 23 31 0 18 66 68 62 31 21 1 47 86 8 31 31 65 97 0 40 24 82 19 53 37 37 96 42 25 99 15 76 4 59 66 45 54 26 90 4 9 97 15 77 28 1 
66 77 10 42 3 86 90 46 18 53 97 54 49 68 4 52 95 66 22 28 63 66 8 29 27 18 36 54 39 48 65 90 70 34 30 4 25 65 66 5 28 4 50 10 89 96 74 46 94 62 58 25 53 15 3 10 90 83 43 46 3 44 22 57 95 15 79 11 14 53 15 38 35 27 95 30 61 78 49 14 93 16 25 2 80 41 42 70 29 11 63 17 45 56 65 15 95 25 62 30 64 76 84 49 7 57 7 94 92 88 32 56 15 60 56 36 42 60 98 45 85 90 22 48 21 82 88 46 93 14 25 65 57 3 79 65 44 43 79 12 6 39 16 29 14 8 49 43 24 48 17 94 47 15 33 34 98 23 93 52 51 12 28 21 1 94 42 30 42 62 20 89 55 64 61 59 95 69 20 37 83 13 99 38 35 47 19 92 81 58 4 92 67 12 32 26 64 46 24 54 76 82 20 47 54 40 4 26 33 1 17 75 52 23 97 15 77 5 41 22 57 74 61 83 24 53 64 56 66 22 27 13 55 91 62 98 51 60 62 12 50 75 30 70 20 29 4 97 38 82 67 19 98 89 66 37 33 61 84 38 1 96 8 9 94 77 14 23 52 97 28 16 47 7 23 54 32 5 81 43 35 39 63 2 3 54 92 38 90 76 4 80 38 56 4 10 83 3 34 10 3 26 94 24 40 44 82 87 95 73 40 86 58 41 55 3 21 95 9 39 23 73 25 94 50 62 62 29 48 39 18 59 65 86 31 2 47 88 83 33 12 70 32 11 66 41 0 21 42 59 28 97 4 28 14 79 89 58 93 42 37 48 63 54 77 61 57 69 36 18 24 52 16 8 94 2 11 35 82 2 59 57 96 91 92 53 73 37 12 4 34 24 70 71 98 23 19 38 11 7 51 31 59 47 90 80 75 63 37 43 64 20 49 77 38 0 58 51 31 87 34 61 15 24 38 26 19 44 44 27 63 77 35 0 33 61 68 25 97 73 23 88 33 53 7 26 35 11 57 54 32 40 0 88 98 4 32 36 49 83 62 45 94 10 99 6 42 79 54 54 74 28 84 36 41 71 54 73 36 52 73 52 91 7 77 30 26 70 37 52 2 57 14 51 50 82 55 91 47 78 
4 25 6 48 57 79 47 63 90 88 94 81 27 79 48 4 95 92 23 0 97 92 3 75 0 47 65 37 67 59 67 36 45 36 35 13 80 57 22 18 57 0 45 50 96 87 56 4 24 43 22 56 50 55 90 36 16 11 12 88 90 32 85 47 86 64 8 87 76 33 22 8 45 37 28 86 62 34 62 72 54 57 15 29 33 27 12 35 60 70 12 99 47 9 69 88 68 3 77 69 7 6 79 28 40 41 7 78 41 89 54 55 1 95 18 73 77 19 28 22 81 39 20 21 3 37 93 55 29 18 11 78 69 65 42 43 21 59 29 55 5 8 75 80 1 84 96 15 30 44 5 26 76 19 18 15 34 34 8 56 43 89 20 67 13 29 77 82 74 58 18 4 4 91 3 50 64 62 0 30 33 43 88 36 16 62 77 8 0 91 46 17 12 97 21 55 81 85 37 64 99 29 99 35 43 45 69 38 43 49 37 57 30 32 82 39 20 29 43 50 22 41 26 0 44 34 87 15 5 73 3 97 38 93 34 91 31 26 88 65 28 30 96 97 76 47 90 52 51 9 46 23 54 2 92 52 2 15 61 51 41 12 48 52 8 0 6 59 55 93 26 18 97 97 72 36 42 17 97 20 19 92 0 29 84 96 55 49 58 41 54 36 65 61 73 87 72 2 12 4 64 30 1 47 67 85 32 2 98 12 39 88 33 45 20 95 4 50 65 73 94 37 49 16 4 90 74 94 70 16 9 79 84 70 98 74 75 90 9 2 56 67 57 79 98 56 77 55 46 5 18 99 34 68 81 8 73 19 42 86 17 94 63 92 64 41 24 95 2 59 32 51 36 83 64 41 15 89 1 85 2 91 29 51 74 96 31 69 16 36 25 65 10 88 1 13 65 22 50 36 81 84 90 85 51 76 23 22 87 86 7 71 8 54 69 36 76 4 59 32 13 9 34 97 94 3 31 93 43 16 61 36 63 31 1 5 92 67 60 61 96 66 45 4 82 18 24 23 96 10 33 95 8 91 97 85 69 17 42 89 86 11 26 87 34 90 0 2 35 73 67 0 55 96 73 70 53 90 99 50 43 27 21 43 19 49 71 58 80 87 81 41 85 48 52 66 3 25 54 65 
51 16 16 19 45 88 27 44 19 58 87 57 29 71 29 50 12 47 73 71 69 90 15 55 31 29 83 7 28 46 16 85 73 37 2 97 45 64 50 80 61 1 16 16 15 37 37 73 77 23 20 16 4 9 37 66 97 56 38 6 42 73 78 12 58 2 25 23 35 33 90 66 75 99 57 73 94 77 19 81 49 63 52 55 43 75 42 24 52 54 65 93 25 75 79 19 86 2 18 50 97 54 54 41 32 74 38 60 29 3 44 11 19 68 96 35 88 70 94 19 52 20 40 54 63 98 6 50 99 23 62 25 22 92 0 80 50 82 90 1 61 66 47 69 11 6 60 44 19 75 57 93 62 67 97 56 4 39 62 83 96 5 42 71 75 27 56 5 51 14 74 53 53 92 53 48 44 12 76 88 25 33 18 4 17 54 0 6 48 8 37 82 12 57 11 29 37 97 38 46 4 20 6 90 97 56 90 48 45 47 4 14 50 47 24 35 77 7 9 32 17 70 67 9 90 35 29 95 18 82 5 24 48 91 61 92 91 44 59 33 37 58 86 8 51 92 65 8 9 78 11 58 91 26 15 84 65 61 89 58 3 32 56 56 98 59 86 37 16 19 20 79 79 7 38 1 90 28 71 73 58 9 57 4 60 77 95 99 39 68 85 94 26 92 55 18 5 73 7 98 81 93 9 84 43 53 64 49 37 16 98 66 89 4 78 57 61 70 93 46 91 30 55 98 39 35 65 30 3 70 91 70 5 20 86 13 78 55 56 8 61 72 92 23 4 55 18 72 70 22 96 96 17 56 13 36 98 3 60 48 36 91 25 55 33 19 72 29 47 6 29 99 43 21 25 42 58 81 24 37 12 32 15 57 34 10 92 16 43 89 24 93 11 6 6 41 64 87 30 91 95 48 95 33 56 31 27 88 88 69 90 22 79 15 2 81 63 90 59 77 55 9 83 23 0 19 66 72 4 20 2 57 74 66 2 76 49 7 28 0 82 20 37 16 89 33 90 50 36 68 3 37 99 44 25 52 23 28 5 31 96 45 13 79 76 25 81 65 96 68 62 99 31 74 84 47 57 83 55 33 62 41 82 84 85 3 11 78 13 45 96 41 29 82 54 19 72 5 73 79 
50 46 6 88 23 63 37 78 60 75 73 11 71 77 27 9 65 28 24 44 84 60 66 88 89 42 19 42 33 7 44 62 87 82 10 49 68 80 44 19 76 17 50 35 18 89 51 19 74 55 9 35 36 58 73 3 60 65 48 23 71 37 46 80 91 68 80 52 40 61 25 18 6 96 79 26 13 70 92 43 57 36 39 53 6 25 21 8 96 40 88 67 13 8 11 76 26 24 46 40 13 42 71 3 10 12 82 36 61 59 83 94 12 32 78 22 87 81 8 14 84 61 66 22 93 69 1 11 10 55 15 95 0 77 17 81 26 59 59 7 73 43 91 35 40 78 77 46 17 92 94 75 37 76 89 74 5 55 96 98 59 12 76 20 85 55 46 94 96 45 37 3 8 60 46 66 86 82 42 98 97 15 30 26 37 67 83 39 1 80 41 37 39 18 4 1 41 50 49 22 13 35 90 84 87 8 29 68 98 93 51 10 48 38 77 80 36 43 96 9 62 7 63 71 81 53 87 18 58 9 56 26 82 66 36 53 33 2 53 61 69 37 18 51 58 21 82 78 83 58 95 8 4 13 7 6 24 94 12 28 4 43 99 67 46 57 35 75 92 57 88 79 45 12 75 53 4 20 52 32 81 33 60 42 9 73 7 15 7 12 84 0 44 94 30 29 60 55 29 42 95 9 60 43 23 90 27 21 42 6 18 20 54 58 75 52 17 20 77 87 77 96 81 56 59 57 36 84 46 46 92 9 51 27 83 47 76 62 40 88 54 26 25 98 84 45 68 92 16 92 6 11 82 33 64 86 70 84 22 2 13 16 8 21 34 80 22 63 81 90 30 85 87 32 3 46 96 12 41 33 34 72 59 1 67 62 74 45 14 89 20 77 21 3 7 21 6 93 13 30 28 54 5 97 82 54 17 9 73 3 89 26 23 35 32 62 38 58 19 94 38 23 23 4 50 72 83 66 94 25 72 76 15 34 55 85 90 0 15 99 58 87 17 38 0 44 14 98 56 61 42 35 64 25 5 55 17 23 43 19 9 19 46 90 30 96 35 64 9 44 73 1 68 44 41 75 41 83 84 28 11 33 74 79 36 20 92 78 37 65 23 65 84 89 98 46 89 76 68 27 
2 99 11 4 17 23 57 23 89 99 87 24 71 24 46 82 5 6 49 61 54 89 95 24 66 72 8 80 35 69 95 68 5 15 28 88 80 4 15 71 91 47 97 48 22 24 38 18 22 27 65 88 85 45 89 22 54 89 42 38 27 77 1 7 84 70 63 84 5 66 96 93 40 9 40 84 37 15 33 70 14 12 58 99 15 51 64 86 25 47 60 52 66 38 81 18 38 5 77 7 84 33 48 0 88 62 55 60 37 38 95 68 21 26 90 23 35 4 75 59 59 70 92 75 50 71 86 52 21 10 69 92 9 46 18 1 14 74 89 92 4 81 40 43 17 13 35 81 49 47 3 28 69 28 93 83 72 8 61 11 88 89 7 27 37 33 69 87 44 39 71 37 13 45 76 82 74 31 39 72 6 8 77 76 8 80 79 70 63 52 55 46 34 93 30 58 3 89 49 35 81 43 46 75 52 90 86 93 57 17 61 61 40 92 79 96 32 69 42 34 27 56 62 89 92 28 48 70 7 53 5 78 60 84 56 5 73 9 18 86 52 5 78 94 15 77 7 63 33 27 48 13 87 89 66 56 83 32 41 75 32 90 42 67 44 80 65 88 43 82 43 83 41 80 2 13 55 28 9 17 96 62 7 92 58 35 53 10 33 92 71 47 92 54 30 92 30 27 31 40 41 92 86 89 66 40 32 43 99 78 41 65 14 33 92 98 88 55 81 31 19 67 39 56 55 43 11 92 47 91 22 49 38 45 66 31 55 95 0 71 76 49 77 9 85 39 83 82 45 98 14 28 99 54 99 15 76 10 34 42 64 92 81 13 75 13 33 15 67 40 91 93 38 9 66 95 55 65 65 58 77 57 82 16 75 83 9 54 38 79 71 94 82 14 97 61 46 95 80 18 26 48 91 31 55 71 68 81 90 89 63 21 97 3 65 54 61 79 24 25 99 51 30 97 10 12 38 26 59 5 52 32 18 34 41 29 21 69 72 58 51 83 14 2 67 42 64 68 30 80 56 36 43 55 98 69 79 79 9 69 72 13 33 75 70 40 45 79 91 40 23 75 33 35 30 2 42 97 93 41 70 52 30 67 65 67 94 28 46 94 54 4 60 99 95 0 76 74 44 81 
57 26 60 6 21 65 24 85 68 64 85 28 87 83 13 57 21 87 23 29 75 67 79 10 99 72 7 8 41 19 23 59 83 38 37 62 38 96 21 31 70 62 66 11 72 47 99 40 85 94 83 87 64 17 76 67 82 93 84 46 95 84 86 49 21 39 44 78 73 32 4 45 1 66 28 43 26 31 32 28 76 92 54 36 61 62 33 71 91 50 62 6 24 19 58 83 27 17 3 3 82 68 44 43 78 26 21 60 29 77 13 95 28 97 82 94 35 57 11 19 0 71 94 35 14 85 21 96 77 59 49 85 68 47 30 98 82 4 87 15 1 19 49 26 65 76 17 4 58 78 79 45 16 99 8 11 69 73 37 96 52 52 50 88 36 18 32 9 79 85 40 18 43 33 59 5 57 63 20 90 52 34 91 46 99 12 39 20 46 41 58 88 56 52 20 68 16 37 61 98 77 18 88 31 76 65 32 88 9 43 21 36 28 12 21 11 9 97 14 84 78 35 35 78 0 89 81 64 93 89 12 5 28 3 22 19 44 77 36 52 3 90 83 88 29 5 7 97 47 10 59 12 88 62 66 43 41 75 29 85 22 62 23 16 50 47 48 74 77 82 16 12 69 42 4 5 26 85 66 21 9 89 80 83 40 6 11 92 78 82 53 46 89 57 13 47 34 55 92 39 63 73 49 3 50 13 23 71 72 18 0 39 77 98 45 52 35 70 66 29 95 68 18 38 80 76 89 8 57 88 62 93 39 30 31 52 70 20 18 3 86 0 14 85 86 16 27 79 56 22 44 90 33 12 22 57 92 68 85 7 66 6 62 15 67 64 65 19 52 16 18 14 39 37 25 77 78 36 54 90 28 48 66 38 44 61 60 62 70 46 63 5 70 67 70 37 49 32 5 87 69 77 0 84 91 88 1 52 73 21 56 34 58 48 36 45 81 51 29 40 71 15 93 71 95 70 46 15 25 41 28 13 71 77 50 41 90 33 67 72 12 5 48 36 22 75 48 52 10 19 74 46 41 27 47 37 10 52 93 79 9 78 10 64 38 33 1 47 68 86 18 76 19 17 59 62 55 3 88 87 83 40 4 31 55 89 54 3 83 5 62 91 45 33 80 67 79 5 54 41 
84 16 50 18 42 65 98 90 79 32 39 71 78 65 24 41 33 88 52 96 21 93 18 29 19 9 54 90 33 3 77 79 27 1 80 46 12 81 4 56 93 90 20 98 20 46 6 38 16 83 63 29 6 89 96 19 21 12 4 62 45 13 24 62 54 10 4 6 60 21 9 17 32 72 14 95 40 66 7 72 16 42 40 95 15 86 6 81 35 78 67 59 85 68 51 8 52 76 68 36 93 21 47 50 74 13 77 39 60 84 90 99 69 63 0 43 26 83 31 83 76 96 24 28 15 0 67 44 36 17 1 65 55 18 88 2 14 14 67 39 84 85 81 77 38 68 0 44 13 45 49 33 73 11 35 26 59 80 66 67 53 35 25 3 34 37 81 46 22 71 52 59 71 96 86 27 81 40 95 84 8 95 3 1 99 2 44 39 32 7 66 35 85 43 92 97 99 15 62 53 26 67 84 1 67 22 62 46 59 93 98 23 61 87 87 82 16 12 90 59 27 70 7 9 96 23 53 75 33 59 58 55 75 97 0 59 63 96 50 49 51 61 21 67 8 48 3 3 42 18 89 61 64 16 98 13 56 93 9 61 76 72 68 5 4 5 48 74 16 87 53 58 49 51 17 89 24 50 7 54 97 81 64 45 97 55 18 15 2 62 41 33 17 84 71 77 30 51 80 16 99 8 32 2 31 55 84 20 3 30 39 72 15 32 73 0 71 23 61 32 61 21 35 45 92 79 63 75 4 91 56 18 34 47 51 7 73 84 33 96 73 39 85 92 65 4 20 20 0 56 89 19 66 44 49 13 46 67 34 37 54 27 26 70 58 95 62 60 85 77 41 98 57 85 17 31 84 2 6 79 99 94 79 42 1 94 49 69 10 92 87 36 93 66 85 81 58 7 70 44 70 92 11 36 45 73 9 3 19 59 23 37 1 9 31 35 54 93 53 32 56 65 10 73 25 23 86 62 30 69 72 55 66 50 64 21 41 10 62 71 63 59 55 3 35 72 93 95 79 23 71 17 85 28 32 50 32 13 14 82 26 68 86 32 24 81 32 64 35 46 46 95 93 98 46 24 4 72 92 72 56 46 64 85 62 51 79 12 42 29 70 32 74 37 64 91 41 4 70 19 
53 29 69 45 13 18 81 26 46 67 95 95 46 24 31 40 94 82 88 97 77 14 76 30 10 5 75 98 93 23 84 36 33 64 2 47 86 25 19 31 77 24 23 24 31 83 97 67 62 20 76 77 39 12 11 25 80 91 39 51 9 42 16 88 79 90 68 18 46 29 14 17 83 82 78 13 49 65 37 26 68 49 75 90 78 73 6 96 0 37 72 10 77 3 68 62 67 28 58 27 8 22 54 28 26 83 27 45 30 0 91 5 84 45 63 80 39 62 77 75 97 81 1 24 48 29 78 4 41 52 98 17 79 64 13 66 44 48 18 13 49 6 59 22 39 74 57 70 53 45 0 54 27 68 48 81 87 82 4 24 54 94 51 42 85 80 76 92 45 58 36 13 45 82 43 59 3 59 1 13 54 70 63 44 42 66 51 73 6 77 29 90 7 40 81 80 2 52 69 60 88 37 69 53 36 51 59 62 67 23 99 20 14 81 6 69 70 18 78 90 92 72 35 0 56 6 11 34 9 75 13 3 51 4 5 44 61 26 45 62 33 42 4 49 76 13 65 72 10 9 84 74 91 74 48 86 46 50 15 22 84 75 85 62 50 45 95 61 46 43 30 2 14 26 51 29 44 63 41 20 9 5 72 1 31 39 92 8 76 84 3 90 36 39 78 0 58 30 8 58 31 57 3 90 31 5 46 93 59 61 71 85 99 43 59 94 49 31 26 71 45 26 2 4 50 56 87 91 63 31 93 5 84 50 6 74 43 96 4 80 75 29 44 3 24 22 27 3 71 5 84 76 95 50 50 91 20 66 28 89 40 16 64 88 78 61 85 14 13 97 5 56 26 12 96 56 98 9 51 70 92 5 52 45 6 65 91 37 74 71 48 63 71 95 18 87 88 67 67 15 85 76 26 41 74 97 42 50 75 97 75 36 83 39 20 65 45 58 91 36 84 32 61 30 75 34 92 98 47 42 84 50 96 89 35 4 69 11 53 89 27 98 28 49 16 72 6 90 7 34 8 46 37 7 55 90 95 95 55 22 73 3 51 19 87 51 56 52 2 70 15 76 76 3 15 27 28 28 31 49 74 92 4 76 99 12 78 33 37 94 86 35 6 4 19 44 23 25 67 70 
21 91 21 2 71 86 61 50 59 64 33 52 88 3 93 10 65 34 54 97 83 7 82 3 88 64 48 33 24 92 66 12 92 26 72 98 95 25 99 95 89 86 31 34 98 79 5 57 39 63 9 99 32 58 45 34 86 87 79 99 83 20 86 81 60 51 65 27 62 78 56 35 51 55 37 68 42 7 56 95 0 10 84 18 32 36 13 98 24 18 12 94 57 3 17 34 4 86 62 74 64 37 94 27 9 79 64 60 75 81 14 71 76 28 1 42 41 9 29 27 57 37 11 2 39 63 72 47 59 70 64 77 90 4 98 20 68 73 77 69 7 70 88 87 1 25 89 57 14 31 14 21 66 4 88 78 40 72 89 6 26 48 40 34 39 72 21 15 4 19 76 56 55 89 92 63 77 18 22 22 68 75 24 21 75 82 44 27 2 36 3 30 2 34 96 15 28 65 68 67 8 41 62 60 62 27 87 20 49 69 38 57 78 22 88 86 1 87 43 38 8 71 86 1 68 90 55 31 2 96 72 41 74 3 84 89 98 48 20 38 7 10 35 13 52 56 46 81 32 23 5 93 95 52 61 22 0 69 29 32 10 66 46 65 15 40 80 15 53 44 55 57 14 5 5 25 97 40 2 94 60 19 90 28 83 83 55 25 71 45 43 19 1 24 86 53 13 55 19 70 96 49 47 4 94 42 62 73 96 22 27 59 37 27 17 92 52 31 2 68 39 14 75 15 29 92 1 92 78 23 18 73 75 21 25 45 12 92 20 89 52 35 86 83 56 20 7 71 50 15 24 43 68 2 27 27 53 8 44 42 1 14 87 63 86 39 1 13 23 63 81 44 72 35 22 91 82 77 9 86 96 2 21 57 11 51 5 76 4 55 24 47 7 42 71 85 33 23 78 91 52 61 52 57 2 86 77 21 97 41 10 33 26 50 78 69 20 57 36 16 75 78 29 18 39 71 28 8 31 51 49 90 66 22 70 1 95 47 91 93 33 84 71 41 87 46 78 7 25 72 76 88 97 60 22 12 85 33 34 56 1 78 41 57 26 74 74 78 33 75 26 19 3 65 96 30 83 28 72 5 22 20 56 57 11 29 16 42 19 35 76 81 98 37 48 26 85 61 65 45 
81 77 88 33 7 17 20 66 46 41 14 22 58 1 44 39 50 57 36 8 21 92 27 77 93 21 98 93 66 83 67 74 94 91 19 86 98 26 83 94 58 8 9 66 21 77 28 50 97 68 69 95 69 36 75 77 44 88 93 52 42 17 7 4 70 10 48 42 91 17 52 31 78 40 12 16 38 60 34 17 1 70 82 5 38 84 45 7 89 67 78 12 1 73 75 31 77 82 21 74 83 68 55 71 15 5 39 71 72 49 64 30 1 71 22 94 70 20 93 51 71 8 6 94 33 37 71 49 27 96 34 96 44 48 42 28 71 23 64 60 76 62 46 9 1 11 67 64 96 52 40 41 9 50 91 93 32 60 50 61 92 48 49 12 85 7 5 81 90 23 26 68 59 16 28 0 82 63 92 2 59 99 37 47 12 3 31 3 86 38 48 91 35 56 77 41 29 46 34 35 60 96 39 85 35 99 90 40 29 22 72 42 71 56 58 6 1 2 49 26 69 90 17 34 5 24 16 10 12 60 56 71 87 32 85 57 31 80 80 72 81 76 18 95 97 29 64 87 86 22 4 48 62 85 17 52 37 47 65 37 21 47 85 2 79 80 91 60 91 39 9 49 90 17 47 2 4 89 13 52 52 96 31 67 81 75 64 56 89 52 21 34 81 98 78 12 60 43 6 65 1 46 95 46 1 48 45 21 74 58 44 37 13 8 26 26 71 42 10 75 22 76 68 49 9 57 9 52 56 88 86 58 80 71 91 85 21 8 20 25 53 9 48 56 44 72 91 24 69 35 14 48 53 9 44 4 8 98 83 92 28 75 92 87 38 15 68 0 1 27 32 63 8 98 36 40 88 27 38 33 18 23 40 7 51 81 95 7 12 17 97 98 24 76 31 85 92 98 74 97 22 19 2 96 77 85 78 77 30 47 13 33 99 12 77 27 30 0 70 30 42 18 8 35 46 61 6 77 78 96 49 52 24 96 25 1 22 83 97 1 4 38 84 18 52 13 35 75 17 7 5 75 84 2 46 22 44 56 27 46 17 68 58 99 41 28 99 48 32 47 59 94 65 1 6 55 69 45 5 79 68 74 95 61 9 65 38 84 97 16 58 40 40 89 10 18 99 57 64 31 
86 79 59 36 55 55 99 27 75 99 40 4 31 38 9 50 92 20 83 97 50 63 80 6 79 19 26 19 75 50 1 18 20 55 47 78 47 39 46 75 2 94 71 56 92 69 78 33 84 33 99 29 82 74 39 40 39 53 89 57 56 28 13 66 6 89 19 78 99 95 30 75 18 87 61 46 48 14 96 23 51 73 9 53 6 54 56 49 46 12 83 20 14 85 18 68 31 55 78 11 33 62 71 67 62 62 34 85 27 6 80 50 26 29 67 20 14 23 71 10 5 94 76 42 23 74 88 64 70 1 73 75 12 69 68 31 37 79 5 2 55 30 7 53 2 60 57 74 76 56 74 58 11 92 22 57 39 22 32 52 74 50 80 95 16 84 0 25 65 35 60 99 63 97 69 32 0 15 74 38 49 73 49 86 81 20 73 91 87 85 45 68 38 13 45 40 35 55 30 15 52 28 21 15 49 60 75 85 75 15 61 71 82 52 11 72 38 12 19 99 35 7 6 78 69 60 84 3 64 73 40 2 9 9 57 15 33 49 21 27 6 19 39 70 85 0 99 70 4 71 14 84 27 37 23 59 56 15 21 97 22 51 26 55 8 3 5 19 68 24 5 38 2 12 23 21 30 67 75 37 41 70 86 31 94 52 88 28 82 30 41 92 79 68 49 34 18 31 87 29 38 93 81 27 31 64 17 2 96 21 64 8 80 16 58 64 59 98 66 25 68 98 84 57 40 65 5 5 42 79 53 16 26 10 35 95 66 78 85 14 97 23 38 93 86 13 90 24 81 71 23 67 48 54 4 15 1 80 98 27 47 74 91 25 68 87 89 11 32 11 81 73 34 14 10 62 41 75 61 69 1 27 35 88 22 74 49 20 80 38 85 39 5 62 23 26 17 41 48 6 93 8 73 79 72 98 83 14 54 41 85 58 36 39 68 7 31 9 37 98 84 15 53 35 49 8 83 66 37 25 83 75 22 94 82 70 58 23 12 9 99 92 67 74 46 7 29 79 64 28 52 15 44 1 73 22 85 5 52 45 6 90 41 86 22 64 88 41 23 39 30 59 97 69 82 40 77 65 76 41 60 77 18 36 99 17 99 86 8 5 97 32 82 89 47 56 27 57 91 97 
51 6 79 35 78 71 44 36 82 40 7 41 86 21 30 94 41 30 0 67 23 24 50 11 27 55 35 5 90 54 86 24 83 26 56 85 68 67 16 82 91 35 30 94 86 27 4 67 23 16 61 74 11 41 39 74 27 8 50 92 40 88 1 62 31 69 26 21 51 57 74 35 49 57 13 88 61 3 92 93 49 52 66 33 74 88 39 31 75 40 79 93 24 51 27 80 46 83 68 84 35 12 90 22 78 56 41 40 68 69 76 88 84 20 98 17 53 47 3 68 45 27 10 18 39 17 32 27 17 64 84 11 93 49 88 64 23 21 14 71 35 54 97 48 77 80 73 0 52 58 74 57 26 9 24 93 14 12 56 3 86 72 68 61 73 56 75 80 45 60 12 31 29 16 21 69 92 84 21 28 51 46 54 14 98 51 57 75 79 55 79 26 30 88 62 28 4 70 34 24 28 69 59 67 51 74 21 96 59 55 62 50 95 53 39 6 39 85 73 12 57 69 92 7 19 79 95 63 36 76 36 78 98 8 79 44 59 99 1 84 18 65 75 22 88 1 93 93 52 63 93 82 50 0 19 16 42 46 87 38 2 57 59 8 84 10 73 94 4 75 95 40 31 19 1 33 99 43 68 40 75 12 88 78 94 18 32 90 17 94 79 5 2 47 95 11 79 19 3 7 59 82 37 8 13 0 53 88 34 66 39 18 35 37 18 61 15 63 45 53 20 68 71 69 43 63 83 10 44 42 40 56 7 46 72 29 37 97 87 76 88 11 51 26 68 80 57 67 25 47 94 88 41 39 30 59 99 23 74 69 60 79 48 98 52 59 69 68 34 64 62 97 98 68 82 98 46 9 22 85 25 28 34 31 74 98 58 3 12 89 96 47 98 89 33 37 18 24 53 41 24 40 85 67 38 70 59 18 16 29 66 44 34 65 97 38 98 67 40 27 23 14 43 18 66 33 44 88 60 41 15 16 81 70 61 61 27 67 79 7 33 2 45 42 80 35 31 43 49 15 77 12 79 16 58 20 47 73 2 69 26 29 10 22 69 5 85 48 55 4 81 63 7 31 40 62 79 79 89 44 11 64 61 7 68 38 72 99 26 89 11 25 38 64 65 28 10 76 90 43 
61 5 82 27 69 19 53 0 0 37 61 41 40 37 52 14 2 59 99 85 35 8 46 5 70 24 97 13 48 4 19 30 93 5 82 77 68 20 13 75 88 98 87 9 82 55 76 48 35 50 10 43 76 14 40 65 26 83 77 10 79 42 49 73 88 8 70 30 65 27 62 57 79 96 65 38 93 91 84 83 19 24 74 7 65 40 60 21 52 6 92 79 34 70 60 77 92 72 56 70 62 21 8 84 62 5 85 9 77 51 74 37 87 42 65 42 35 29 86 87 35 44 85 51 70 97 32 96 82 49 45 75 22 44 47 39 86 90 42 38 93 47 87 50 1 41 21 47 19 61 45 85 15 62 53 10 86 10 22 84 29 52 14 32 98 52 8 5 56 25 47 56 79 58 19 92 79 83 69 61 1 49 83 9 38 86 64 39 15 92 34 51 47 31 74 65 86 42 99 31 94 32 34 71 6 55 59 50 0 46 91 43 33 20 73 53 56 13 1 23 47 1 77 5 32 5 56 61 67 19 34 33 30 30 63 46 77 72 94 23 29 83 88 34 91 53 68 22 16 83 7 11 12 20 64 64 20 82 19 47 70 88 5 44 73 75 96 27 65 38 94 76 34 9 83 80 6 34 69 91 83 32 34 56 54 71 38 3 49 89 27 6 63 58 37 67 61 74 31 86 41 99 50 41 13 12 83 81 75 51 14 83 53 56 50 17 53 46 21 68 91 98 24 7 12 82 69 28 36 9 20 93 15 35 90 65 25 86 21 26 43 66 16 88 68 36 71 21 80 61 70 86 0 51 34 1 26 67 62 64 55 75 71 31 75 80 71 45 77 17 73 55 27 81 59 10 64 14 87 84 85 57 46 38 35 18 86 91 93 35 42 78 3 40 65 18 2 77 84 66 87 8 91 9 6 42 86 50 62 66 90 8 93 35 60 39 68 63 89 47 97 84 8 69 74 52 5 73 22 73 95 87 2 10 27 28 94 11 15 10 53 75 10 52 27 61 52 68 13 57 93 40 61 68 76 53 93 89 41 66 58 61 60 62 46 13 18 69 23 77 48 34 5 40 47 75 47 76 42 47 78 20 75 32 57 99 72 62 8 89 73 47 39 9 61 58 14 54 18 72 
26 98 14 86 46 37 13 55 56 10 77 6 68 89 54 61 7 88 53 38 43 43 86 88 51 32 53 21 21 62 12 35 34 90 75 64 15 67 75 81 67 67 68 45 93 50 5 23 53 88 21 38 27 2 16 66 68 4 75 45 46 75 40 22 31 55 81 47 16 75 9 23 19 79 67 34 33 36 58 98 5 85 81 62 28 99 55 95 72 49 95 65 75 76 37 45 92 7 38 41 19 39 29 62 13 71 43 50 17 54 50 71 10 50 24 89 83 49 18 57 59 77 89 0 53 24 5 32 63 33 98 3 78 18 54 86 35 96 5 96 37 38 66 34 14 93 51 57 76 93 13 51 37 61 6 3 48 30 25 9 10 84 77 64 7 26 5 65 74 38 28 80 57 61 89 36 59 93 92 51 62 43 6 91 60 88 57 5 57 2 30 20 99 73 16 27 13 29 1 21 74 61 14 61 24 71 70 84 29 4 81 65 72 65 61 19 15 99 14 47 15 55 23 28 36 88 47 47 91 85 0 98 95 10 95 10 76 17 44 38 6 25 29 25 71 3 89 1 74 16 3 13 17 99 23 6 12 83 47 7 64 15 33 44 47 70 79 93 52 44 44 3 71 27 51 11 19 77 27 32 79 86 78 5 50 47 55 84 99 17 54 93 74 85 42 7 67 18 35 8 85 61 73 0 4 53 38 93 91 68 41 39 24 15 66 74 27 49 22 76 64 83 41 14 42 50 68 48 36 50 49 83 97 89 7 23 40 60 20 22 96 8 92 58 41 71 66 10 41 32 66 11 83 18 16 65 79 66 20 6 53 9 63 69 6 47 35 70 3 55 84 37 1 95 13 93 93 30 46 75 98 84 22 44 77 35 15 56 23 45 52 54 13 41 91 33 30 68 76 52 96 83 59 34 50 0 90 79 96 97 84 43 27 58 62 5 55 6 77 5 12 64 5 67 67 43 79 58 49 75 72 64 7 26 24 68 24 10 87 15 51 44 84 73 1 1 74 18 33 67 31 14 62 70 65 58 86 19 74 32 23 75 65 78 96 6 94 93 98 81 28 75 2 37 66 82 81 49 57 88 95 93 41 1 78 79 74 98 73 31 42 55 85 97 8 31 33 57 97 40 
1 2 5 78 31 50 78 70 91 77 4 31 97 24 69 69 19 43 20 84 23 91 87 72 27 23 7 21 74 15 16 90 24 54 29 31 62 92 73 40 1 5 69 49 86 52 73 2 56 27 56 22 85 15 92 5 40 26 86 16 31 38 95 57 16 61 79 86 8 48 38 49 49 88 43 34 17 90 17 3 80 71 70 71 38 68 15 10 67 58 15 71 60 27 76 17 5 59 31 90 64 24 55 54 19 55 1 80 8 15 29 57 92 86 58 67 56 58 25 18 11 5 6 92 86 33 87 36 61 70 17 57 5 52 37 24 24 12 52 5 30 11 63 95 31 77 75 21 11 65 15 64 58 99 77 65 85 76 93 50 89 82 21 3 3 92 24 38 44 27 43 44 1 67 98 6 2 98 88 86 58 62 67 19 12 3 95 93 51 38 48 39 26 91 51 54 50 1 47 80 36 36 86 85 86 71 20 25 63 8 32 53 17 95 70 86 72 91 68 41 46 51 26 20 61 98 1 81 47 19 55 70 12 37 94 38 47 94 23 88 18 43 88 45 95 16 21 37 20 73 99 71 82 53 34 44 4 35 33 52 94 10 7 71 97 41 96 15 22 85 61 84 64 2 49 7 96 57 56 39 48 29 35 31 89 39 86 99 75 62 24 56 75 69 86 75 13 12 20 53 16 23 69 3 99 50 63 23 5 84 40 51 25 27 28 57 25 36 8 32 34 91 1 24 79 10 51 15 5 36 98 58 21 21 62 3 83 9 62 95 42 72 83 29 17 48 80 14 16 43 81 66 55 0 17 60 91 31 94 14 82 84 91 87 88 4 88 66 90 5 44 67 62 61 3 53 27 72 65 16 93 63 59 9 40 69 59 43 95 83 59 77 3 45 95 81 51 69 74 38 12 52 7 20 52 22 10 40 65 54 29 24 19 81 32 51 19 65 58 1 87 5 68 96 9 55 59 96 9 74 55 16 38 51 36 94 23 44 5 16 52 69 71 93 62 65 69 10 70 15 40 84 61 68 19 25 46 9 90 7 67 12 5 51 24 57 2 9 23 79 58 34 4 83 18 53 99 75 0 47 72 49 94 13 36 5 69 87 16 47 24 89 75 41 90 59 41 63 6 34 
94 62 42 42 9 61 51 79 91 45 9 84 98 58 30 52 6 99 57 24 45 52 7 29 50 28 70 16 41 67 51 89 34 86 50 41 70 21 60 47 7 40 23 85 35 8 34 2 69 15 54 91 59 89 83 23 62 3 59 49 91 93 18 8 99 30 49 68 23 77 74 72 96 88 83 61 27 10 26 24 71 27 87 51 1 6 84 85 18 41 35 79 70 40 96 17 65 60 13 73 21 55 64 3 82 18 66 64 79 72 65 54 48 68 9 39 9 32 56 14 25 52 16 97 57 19 99 73 82 94 26 86 94 38 41 91 6 47 29 9 54 6 79 30 20 33 18 24 62 52 80 88 41 83 96 55 14 23 6 72 54 57 89 98 91 45 77 75 44 73 67 14 38 12 23 35 52 99 85 19 5 20 10 9 85 68 57 3 93 33 17 1 32 64 66 1 20 47 81 13 91 26 55 7 83 7 62 46 56 47 1 47 82 51 24 18 13 42 84 47 4 17 52 67 7 79 72 22 60 94 10 57 51 87 68 79 13 52 68 96 3 28 14 17 42 68 2 77 45 99 84 78 4 12 62 44 39 36 62 91 65 46 59 94 96 31 14 45 72 77 46 90 44 45 57 6 60 19 59 10 60 3 37 35 40 60 15 24 76 63 30 26 78 47 61 63 93 99 22 94 35 26 0 1 36 2 33 0 19 29 58 18 42 20 22 79 35 53 59 14 57 94 82 94 38 94 2 88 92 82 81 73 1 34 28 1 62 36 18 76 31 84 43 93 84 28 17 0 16 53 77 33 38 62 59 22 21 84 8 54 79 2 14 86 29 34 61 42 64 95 68 21 52 83 37 0 5 66 4 3 71 89 46 27 28 75 38 99 10 39 32 42 81 82 26 7 58 2 91 48 76 5 49 78 36 36 63 42 94 82 0 79 41 10 13 88 26 54 6 93 91 18 66 89 62 37 90 69 76 39 46 70 15 23 58 30 33 35 44 44 17 67 91 15 72 77 26 41 0 27 83 19 42 43 91 17 82 80 58 21 84 1 15 60 75 40 54 81 8 98 66 10 4 75 19 44 28 84 19 56 73 72 21 73 74 4 61 23 10 24 30 48 77 0 9 2 83 5 37 10 
45 36 11 12 33 88 1 0 60 30 1 54 11 32 49 86 76 85 83 76 5 26 92 87 4 28 8 52 98 57 95 95 88 10 26 47 75 93 53 10 6 61 11 98 34 55 2 43 79 61 44 7 92 36 98 75 24 83 75 16 43 60 40 88 79 2 2 59 28 76 50 92 36 99 63 88 38 49 45 81 5 93 94 91 72 16 14 10 52 39 8 6 71 70 19 62 52 80 3 0 0 29 93 24 84 79 41 63 79 60 95 81 48 65 91 65 37 95 47 22 41 71 16 14 14 34 13 91 43 17 39 22 62 13 49 61 20 84 46 74 79 56 96 60 22 82 86 43 20 10 21 99 96 77 85 93 99 83 53 89 72 63 80 11 66 53 52 45 37 24 27 33 84 75 32 70 23 99 61 81 17 22 78 32 46 30 66 35 13 98 1 92 42 52 11 82 25 25 43 62 99 46 93 56 87 62 91 32 52 26 52 35 45 83 59 88 84 99 80 5 3 44 80 0 67 54 8 87 55 52 37 34 58 16 27 89 18 55 77 44 76 69 34 88 10 92 23 56 84 44 2 88 53 92 87 58 35 63 32 49 4 39 29 32 67 63 26 84 72 62 17 39 22 40 21 60 42 1 81 13 50 30 8 91 70 94 84 85 62 62 34 28 40 63 79 5 36 93 98 6 69 49 76 86 97 65 67 15 88 29 95 86 89 66 64 96 60 94 19 17 32 82 60 12 39 25 32 19 8 96 42 69 90 65 42 83 15 72 7 6 84 67 63 86 70 58 47 56 89 7 84 13 87 50 7 89 17 30 80 58 22 84 90 90 56 10 91 61 20 16 2 94 43 55 97 6 39 25 97 12 52 66 25 49 79 67 53 31 81 27 13 20 9 94 68 41 27 28 76 75 40 99 70 42 75 78 76 26 99 54 28 80 78 60 50 96 24 86 73 49 12 92 16 61 87 50 80 19 53 12 6 50 30 41 6 86 72 40 0 23 37 74 40 32 67 50 90 23 71 63 61 75 35 80 91 39 23 2 2 60 90 6 25 40 84 75 23 78 25 9 77 38 36 33 22 70 0 56 19 93 65 80 57 12 60 80 63 58 46 7 67 49 45 29 82 17 62 67 88 22 
71 26 21 57 47 53 28 31 48 81 24 44 65 65 68 80 3 23 95 98 22 77 58 99 29 58 64 19 25 71 19 52 83 95 67 72 56 81 75 36 58 99 80 42 40 1 35 3 71 8 29 9 75 70 7 94 45 29 37 46 63 27 85 45 72 22 87 27 90 52 98 52 7 59 16 35 89 30 69 77 29 73 37 76 11 45 11 80 37 58 37 80 92 21 39 30 54 69 92 79 98 53 0 81 41 86 70 70 8 50 77 37 5 50 42 41 88 22 16 64 86 39 7 12 83 54 62 13 12 43 94 25 46 33 51 96 75 32 71 84 65 28 73 12 34 87 39 21 41 30 18 12 66 78 74 80 29 45 78 97 7 2 64 62 20 5 17 86 60 96 29 97 97 77 6 16 71 58 19 97 72 90 13 96 40 18 52 10 5 45 48 97 21 90 93 97 98 82 13 91 38 90 49 87 92 76 37 27 76 34 96 21 70 65 55 84 63 6 80 92 98 15 43 3 12 16 27 30 64 30 69 72 55 5 79 96 98 20 24 83 78 38 96 15 29 4 91 54 45 61 50 40 53 58 39 49 2 11 27 41 11 13 34 3 27 87 30 11 96 29 73 35 33 40 17 76 60 37 8 26 69 84 36 62 10 40 10 71 12 26 48 70 46 81 54 96 39 36 76 71 42 17 46 90 29 53 28 99 44 81 81 54 59 23 48 10 69 24 95 26 45 15 29 53 16 24 84 29 23 92 85 33 24 7 47 86 30 10 49 51 74 52 45 74 85 5 22 23 23 80 13 3 97 82 74 62 85 33 38 15 84 37 45 78 2 30 3 68 56 9 2 97 24 2 92 83 76 45 99 23 64 30 59 78 64 57 1 51 8 78 43 25 63 4 58 35 19 4 17 24 22 53 50 90 9 22 11 53 25 18 53 36 27 34 7 53 64 86 83 48 55 81 22 2 37 87 97 69 92 43 75 70 79 51 42 58 26 31 41 84 55 81 87 55 34 24 21 52 3 95 78 75 95 31 78 12 59 80 75 64 50 14 83 19 90 28 57 32 32 7 36 70 26 0 54 6 89 91 92 17 26 22 99 23 16 10 29 33 16 30 30 54 18 42 20 59 83 77 91 54 
33 92 17 59 55 20 82 11 29 99 25 54 79 84 8 79 11 69 0 24 75 77 66 76 34 72 35 47 15 51 88 26 59 73 71 82 78 34 95 40 49 29 21 6 94 51 2 71 46 49 77 65 29 78 86 86 3 70 57 0 61 4 61 97 21 74 52 67 78 94 8 52 12 62 69 9 29 55 3 93 68 12 62 27 94 89 44 33 68 50 72 92 47 28 20 58 21 24 70 49 66 84 63 2 9 33 79 75 61 19 40 56 67 43 22 77 37 19 5 22 70 89 20 55 95 49 66 47 31 42 95 54 5 97 41 42 0 42 2 50 46 72 38 53 39 97 99 34 5 24 50 96 76 52 96 98 47 32 18 74 13 89 51 79 26 21 45 2 75 82 29 44 42 57 33 10 29 64 63 77 83 96 97 94 13 97 41 52 29 73 16 65 83 57 37 46 41 69 94 47 24 50 30 79 51 13 73 77 48 35 3 74 68 35 60 4 61 65 91 24 54 0 41 41 69 9 10 82 68 24 63 98 93 86 89 87 94 68 88 60 62 50 46 59 63 59 32 93 81 13 0 69 42 45 62 42 29 47 3 88 27 91 41 13 89 54 57 28 59 67 31 43 88 85 90 64 97 85 26 20 10 36 56 66 55 55 6 99 29 50 10 0 28 79 33 43 25 66 2 33 93 27 59 80 7 70 13 2 10 70 94 58 76 92 5 81 24 3 2 23 87 23 39 23 85 42 22 67 69 38 59 78 94 49 62 37 70 75 72 90 68 87 8 27 14 60 75 27 19 18 50 90 31 70 68 79 54 63 34 49 50 46 26 91 85 32 97 13 94 61 66 42 25 66 20 46 26 88 3 41 47 71 76 85 97 8 18 78 11 29 21 71 17 75 50 78 60 42 53 81 15 43 90 77 18 90 55 24 23 15 29 16 47 56 60 2 32 47 36 33 36 54 62 6 38 94 16 62 46 80 60 70 54 39 80 52 63 99 65 14 17 0 61 4 27 24 1 72 97 87 28 31 40 96 47 57 99 89 22 86 12 50 73 73 23 19 18 91 41 15 83 25 20 96 3 50 40 81 21 98 77 66 42 72 32 32 87 92 68 17 54 61 46 26 41 68 11 67 93 23 
60 15 10 16 68 73 74 91 58 2 94 94 82 34 13 80 94 33 84 18 5 65 1 59 55 59 38 96 9 39 13 58 90 97 62 80 63 1 12 14 25 70 41 85 6 80 98 0 45 99 33 3 71 76 27 74 34 6 28 2 56 27 89 81 79 92 49 0 57 88 44 38 8 75 1 17 21 6 88 58 56 24 90 77 76 39 61 29 9 97 19 78 37 75 83 47 58 77 37 12 23 80 56 89 70 0 47 94 49 3 20 20 30 91 91 30 89 16 48 33 79 34 17 91 32 55 33 27 56 64 58 48 42 56 57 94 98 42 34 78 63 36 19 78 17 27 86 64 51 37 92 70 85 69 71 44 57 0 56 35 79 91 42 56 0 82 63 16 3 80 62 83 69 5 17 57 13 30 62 29 52 73 48 23 76 33 58 15 72 30 44 19 3 85 90 68 5 23 86 4 99 1 95 29 64 2 94 76 7 65 31 25 51 96 0 56 35 24 83 81 93 17 95 46 29 20 58 90 8 3 34 44 94 7 16 54 24 30 24 2 42 70 83 5 57 94 44 79 63 16 56 63 27 83 97 82 95 99 14 26 48 68 96 98 54 6 48 42 79 51 84 81 80 36 29 22 27 18 80 25 42 61 43 20 49 85 6 34 38 48 35 27 19 3 7 31 7 21 78 15 4 53 48 4 44 81 67 79 82 58 78 38 98 11 72 69 52 49 61 78 10 3 21 23 92 18 15 76 30 20 29 27 70 50 98 58 79 26 32 91 87 68 71 39 62 86 16 1 49 29 72 50 90 79 95 54 33 63 45 41 79 95 61 8 16 59 44 63 5 89 1 11 78 21 49 2 63 16 45 66 46 14 57 38 75 90 36 25 78 58 19 13 64 4 89 91 23 89 15 6 15 11 86 25 65 15 76 69 75 48 60 97 13 28 39 61 23 49 64 0 0 51 98 68 41 73 73 2 7 19 64 99 94 44 68 15 72 45 22 24 64 13 78 34 15 49 79 43 19 15 56 97 25 49 22 14 77 67 22 81 5 23 36 55 92 80 93 85 16 78 33 14 1 99 96 17 80 37 41 42 30 85 17 36 47 83 14 77 70 30 89 23 37 61 18 82 83 69 60 36 
86 83 87 82 2 53 32 25 67 70 91 11 99 31 41 80 17 70 81 77 28 14 48 22 27 31 35 33 51 71 54 23 92 31 57 13 7 42 64 94 92 58 27 68 33 92 38 69 17 33 33 29 17 87 45 72 93 86 2 96 81 69 63 80 23 36 37 11 17 93 81 44 18 11 84 99 51 19 8 73 94 1 43 72 34 25 37 37 21 24 60 23 19 48 85 43 9 13 87 29 94 44 84 5 70 12 51 32 99 6 52 43 74 3 49 35 53 86 92 26 18 75 37 6 54 51 88 93 15 4 21 19 53 68 33 93 0 53 39 99 97 73 16 39 89 50 75 72 47 24 47 33 27 75 41 5 10 34 58 42 68 5 52 40 9 23 53 91 4 8 57 7 72 25 45 27 54 39 46 45 64 5 48 58 28 55 20 81 33 5 86 20 33 7 53 86 49 35 17 62 35 81 59 52 57 39 4 76 59 39 86 41 60 47 97 47 85 87 92 67 97 62 41 9 29 20 67 51 55 66 21 78 20 23 13 0 42 95 94 95 66 89 78 37 51 40 32 83 2 55 15 48 15 58 63 34 61 37 60 65 40 21 23 24 44 29 99 35 53 79 71 82 6 31 66 71 68 41 63 67 69 44 60 51 86 3 46 40 33 52 64 69 5 15 68 68 64 4 35 43 58 23 33 31 23 73 46 6 12 57 95 29 65 81 50 25 21 19 11 18 25 10 92 87 46 43 27 85 37 68 71 25 0 25 94 97 6 11 83 95 90 23 43 39 51 79 71 71 99 20 35 43 35 15 32 50 84 70 3 43 43 60 47 10 58 24 45 66 38 77 21 32 47 44 33 17 99 7 58 47 3 83 11 84 42 2 82 33 90 28 75 4 50 27 60 37 1 61 18 85 41 59 55 47 90 19 2 63 94 83 54 82 83 36 12 36 91 20 53 26 58 81 27 87 19 43 92 4 84 41 94 52 96 2 93 47 18 62 12 30 4 83 40 88 48 96 54 23 76 92 28 99 70 41 10 97 36 95 16 75 30 5 7 46 34 96 92 93 25 2 74 73 40 28 67 52 78 17 26 48 63 61 6 61 4 21 45 76 18 88 27 32 66 8 51 8 88 49 76 73 
32 43 61 14 17 35 31 51 88 96 76 0 84 38 24 99 24 96 42 5 37 46 15 27 51 55 64 96 54 73 48 80 64 71 16 66 81 67 89 54 13 92 32 52 65 44 48 92 51 57 39 40 21 48 47 69 23 82 78 44 39 85 41 58 73 85 50 42 72 13 25 3 42 94 16 11 86 84 27 1 13 70 19 0 52 48 48 3 30 43 1 55 27 61 2 15 56 59 60 49 19 80 6 17 30 21 10 46 74 6 18 21 74 28 58 18 10 97 99 84 62 11 12 78 74 94 65 72 82 25 52 13 71 61 50 34 96 5 5 4 39 26 96 34 4 87 39 97 46 51 52 41 88 33 67 12 71 26 82 10 89 44 84 95 50 0 66 33 34 4 56 52 57 64 46 54 42 8 29 55 48 90 22 9 93 49 39 14 64 97 37 0 42 75 69 23 53 66 30 27 21 68 24 19 7 85 21 17 71 5 89 37 30 23 87 50 89 31 24 71 18 42 57 91 28 87 59 42 42 39 49 77 58 39 18 4 53 86 25 88 49 72 68 37 66 8 99 53 92 71 85 72 57 27 78 86 56 70 25 81 81 49 21 79 46 2 73 36 37 98 56 22 53 42 88 53 15 56 58 4 12 88 83 92 26 69 87 33 59 88 91 37 93 67 46 49 74 18 37 21 11 59 17 6 76 38 55 7 75 31 66 82 44 33 96 85 17 43 64 57 73 79 57 77 41 55 39 34 67 69 99 71 30 59 7 2 11 24 80 88 49 83 46 17 35 22 22 70 55 96 25 39 13 42 19 39 7 31 12 46 51 4 55 78 80 6 33 79 39 88 80 41 0 53 87 81 73 19 48 79 60 73 62 9 31 47 63 45 43 51 65 17 28 4 38 25 14 25 27 35 8 17 15 21 60 34 42 46 78 11 93 84 17 3 88 78 9 66 87 98 84 0 40 95 25 34 0 44 68 8 96 82 64 66 95 67 83 35 4 32 56 3 19 69 43 88 13 53 72 48 85 36 19 72 7 98 25 40 17 71 61 81 45 92 72 62 47 36 25 69 47 9 9 29 31 4 65 15 2 60 61 54 22 10 39 96 0 69 25 82 71 9 61 48 70 48 41 89 96 16 
29 83 55 73 2 19 54 90 78 67 53 33 31 1 80 66 79 91 27 61 6 23 39 46 28 25 42 96 88 59 55 72 31 80 90 56 98 41 53 39 72 83 29 73 94 8 4 5 67 0 28 24 98 94 29 71 31 65 49 32 85 97 7 30 34 24 18 28 58 52 34 23 35 10 26 34 26 50 10 39 39 95 31 56 27 28 46 40 69 57 49 87 62 81 7 31 25 35 84 46 33 42 11 33 70 40 82 67 34 73 97 1 65 84 61 95 85 44 26 50 63 20 64 31 37 7 46 80 98 3 89 63 20 36 23 25 20 22 30 91 60 81 91 15 83 51 34 3 34 11 83 35 43 32 55 33 82 67 75 42 80 26 7 50 76 50 54 60 31 82 91 77 65 74 67 47 29 71 45 76 23 25 56 13 9 66 61 4 16 67 85 76 6 12 3 31 8 70 7 72 20 8 85 28 11 17 64 18 33 20 47 9 41 68 70 74 26 7 49 46 19 35 44 59 16 99 81 54 7 85 51 14 96 56 62 72 48 9 92 34 60 67 58 2 92 9 91 23 75 72 23 35 24 42 10 43 77 21 85 41 44 97 26 29 31 2 72 1 93 15 12 95 75 69 44 91 33 57 48 27 7 5 72 15 62 41 79 64 16 42 19 99 43 66 21 27 52 30 93 45 70 18 30 72 37 32 64 78 68 90 69 60 10 63 74 27 33 24 13 71 17 71 91 51 41 76 94 24 94 79 32 84 98 42 72 1 50 71 65 91 63 72 60 64 75 75 38 16 36 33 99 5 80 57 36 4 81 96 41 65 90 0 66 98 62 7 52 66 13 57 7 97 1 58 68 66 14 69 24 90 40 76 68 31 60 97 81 99 52 71 99 93 83 74 73 80 22 34 84 2 19 6 92 98 87 17 93 37 27 59 51 36 52 74 15 70 48 10 69 9 23 5 20 72 98 8 88 84 31 49 31 43 26 2 16 84 68 0 50 85 3 16 30 38 51 31 36 41 62 54 20 1 87 60 9 75 41 33 62 46 25 79 79 47 44 52 54 35 53 85 15 16 2 14 63 63 94 70 39 37 18 94 40 14 1 37 71 91 45 58 50 17 7 73 7 21 39 59 79 57 
68 75 34 92 94 5 40 62 69 35 7 1 0 87 3 37 99 94 99 25 67 93 93 14 92 5 64 39 4 39 40 30 54 98 68 63 67 36 20 14 17 57 57 26 60 97 71 53 23 38 13 60 97 95 17 20 59 11 2 52 72 44 67 24 86 43 79 67 95 38 12 33 66 65 88 11 3 48 91 45 71 70 38 44 29 14 86 12 77 17 19 87 11 4 28 45 43 58 55 9 92 22 26 40 28 62 97 78 74 57 99 11 36 39 46 1 92 4 34 21 94 55 40 28 10 63 84 33 63 8 33 63 84 40 20 3 96 89 84 43 55 34 34 75 90 17 59 63 10 1 20 18 86 80 69 60 5 26 60 33 25 57 8 52 80 35 26 63 44 74 48 8 41 14 1 15 35 13 41 47 2 62 62 71 84 54 51 60 30 49 8 74 40 2 35 43 24 65 77 69 57 42 45 96 54 63 82 79 98 82 6 93 48 63 55 25 24 50 41 2 36 4 11 51 8 32 20 73 78 84 78 82 38 0 8 57 45 59 25 54 75 16 83 1 67 53 42 99 15 51 16 76 95 50 37 17 19 58 94 35 45 73 18 87 94 78 61 73 47 79 4 6 30 59 38 32 14 9 38 37 8 7 92 60 66 98 91 16 4 39 82 25 26 64 83 69 28 39 26 15 96 67 23 19 61 87 59 52 88 77 92 98 99 1 8 23 87 57 34 58 12 22 63 49 9 13 33 92 42 40 49 63 40 72 32 32 5 43 86 86 10 27 37 73 32 3 85 98 45 77 95 20 64 67 37 34 65 13 71 28 84 58 26 61 1 96 50 4 42 32 12 59 64 73 35 83 95 0 24 45 74 93 30 52 43 62 34 32 26 86 83 37 53 44 93 85 71 67 41 34 6 2 95 29 59 24 0 11 93 12 93 26 3 83 7 55 10 92 75 22 49 0 1 20 33 57 92 19 47 59 37 55 94 7 13 6 21 45 56 18 6 12 90 58 92 33 44 50 13 35 97 33 16 87 31 9 57 37 50 19 97 8 64 65 29 98 28 7 75 74 4 63 94 94 7 60 21 25 35 8 44 97 9 6 7 10 87 25 68 48 20 71 29 0 28 37 87 41 17 6 
88 76 19 73 47 95 78 71 64 3 86 97 5 48 37 39 50 77 9 45 56 40 28 60 59 7 50 28 93 15 16 19 70 82 64 34 59 6 7 99 77 53 54 38 60 7 61 50 73 15 33 51 84 93 99 78 85 5 71 37 74 0 4 57 7 37 58 95 87 32 91 46 14 92 55 35 18 52 93 0 85 46 10 89 42 60 86 59 2 60 99 16 3 99 88 13 86 27 97 31 83 67 97 85 59 21 86 2 0 74 14 15 71 69 25 20 50 67 92 6 49 80 53 90 78 40 44 83 97 82 80 34 65 77 99 51 53 4 71 46 15 91 75 7 55 50 38 5 34 93 80 57 99 96 47 45 35 31 76 96 8 86 97 30 33 23 9 20 10 48 61 25 50 77 85 21 46 92 53 18 55 86 49 12 2 68 21 52 98 30 52 14 56 90 31 79 8 66 57 18 27 70 87 6 6 86 91 51 70 84 63 67 53 64 77 5 56 39 32 44 80 46 28 27 51 37 29 59 93 76 62 86 27 86 84 26 97 65 3 63 80 84 96 8 87 94 34 57 74 64 74 76 87 50 47 14 17 20 62 91 98 62 17 65 99 6 64 28 55 7 8 25 36 48 79 60 92 13 36 70 3 54 11 31 38 45 55 18 32 19 1 12 47 39 72 78 13 75 2 91 27 62 52 28 30 67 98 4 80 70 97 50 96 93 48 31 3 94 38 72 3 61 22 12 81 9 12 66 66 82 45 27 21 37 21 49 61 81 57 10 29 22 30 75 58 31 76 29 20 94 81 17 59 95 96 65 4 25 11 57 11 10 41 30 69 53 20 99 83 22 94 70 63 32 87 51 51 49 21 60 20 84 72 63 18 79 48 35 58 59 97 91 11 25 15 51 48 25 73 1 14 39 4 3 60 6 1 9 24 57 2 81 48 60 89 98 41 92 28 60 26 61 73 94 97 12 38 65 95 41 20 91 27 73 63 39 70 82 83 94 85 19 49 87 92 7 15 9 56 92 79 54 98 41 35 90 77 0 37 84 57 60 86 73 29 80 28 96 47 8 70 99 40 59 25 72 80 57 54 7 41 52 64 0 75 24 16 91 42 87 53 98 95 6 18 53 30 88 41 36 
91 89 27 12 73 10 58 32 81 57 18 4 13 72 55 60 49 61 69 9 81 88 47 49 65 90 84 55 28 98 23 3 60 16 43 76 24 46 7 97 17 53 54 1 60 83 91 12 19 54 82 94 96 17 11 19 84 86 81 19 12 88 84 99 99 12 78 55 75 31 4 74 39 67 0 90 63 81 15 74 0 57 96 1 87 11 62 98 8 21 30 85 64 85 32 59 22 95 33 65 56 88 55 8 33 60 38 69 81 8 69 80 16 61 79 42 52 65 35 2 23 82 59 32 56 30 3 60 34 41 32 24 7 46 38 42 78 79 58 19 39 43 13 74 13 96 52 65 43 80 45 1 30 52 24 97 52 13 12 37 71 37 45 48 33 61 97 17 34 44 17 97 56 84 1 45 90 6 77 33 51 61 97 29 5 56 60 26 47 83 69 87 52 27 43 32 3 93 37 26 15 94 8 53 93 57 15 4 3 87 76 99 76 51 38 84 66 95 21 99 84 2 36 55 93 64 67 56 2 89 75 56 19 73 70 51 81 69 9 80 39 13 41 33 79 22 70 81 34 13 12 11 31 43 12 63 28 66 55 35 53 17 92 20 54 87 34 94 58 1 71 50 48 55 18 71 74 43 69 78 74 62 79 90 21 72 87 16 62 52 23 77 62 4 72 47 67 29 24 80 78 88 42 46 44 10 89 82 97 49 20 84 51 83 48 24 12 78 33 61 11 63 77 30 77 32 7 66 50 21 49 80 21 32 54 7 87 89 73 55 61 86 24 19 42 26 72 55 90 22 16 47 26 88 97 86 82 21 85 17 53 14 59 89 99 39 69 69 51 60 55 89 79 18 40 5 79 75 82 93 95 62 3 77 58 27 18 17 35 17 93 12 43 59 48 26 42 44 81 25 84 48 38 80 14 62 36 6 94 1 88 84 34 37 63 24 90 87 96 23 77 73 98 73 56 66 20 5 79 90 14 6 99 77 37 66 69 24 51 44 35 30 21 99 8 70 57 98 96 60 59 91 8 95 5 8 12 92 27 60 66 56 58 53 37 66 88 18 62 59 83 25 14 72 58 39 12 49 54 86 81 26 85 20 24 76 4 65 61 44 30 42 99 29 2 34 48 64 49 40 
