300
77 71 73 59 3 83 20 55 63 71 67 1 82 99 87 30 25 23 82 56 43 84 36 65 33 75 85 20 57 73 91 6 68 61 91 18 60 37 41 17 77 60 62 31 45 29 49 7 67 36 22 6 75 66 7 48 20 42 90 22 46 94 34 28 97 23 44 64 96 67 67 17 38 91 96 12 3 90 53 91 86 76 80 33 38 56 60 6 70 39 81 49 13 87 85 13 18 8 97 25 30 51 46 55 28 22 14 24 76 63 90 99 34 40 21 30 47 68 28 43 79 14 49 22 24 96 3 49 53 0 14 57 63 0 49 30 87 74 2 39 61 57 4 38 87 32 11 91 89 9 93 81 44 31 54 45 16 66 91 47 52 27 30 66 9 67 71 26 95 31 18 76 82 84 44 99 41 90 72 45 92 85 92 93 18 90 95 23 15 55 91 94 22 77 63 62 79 76 77 36 58 94 15 67 2 20 10 37 23 73 41 73 66 68 96 74 17 2 71 19 63 52 8 98 47 12 16 7 89 55 11 48 20 47 84 33 29 7 75 4 80 95 19 22 21 26 14 30 13 15 23 32 40 69 23 68 8 15 16 17 66 38 31 46 86 61 86 13 9 12 29 91 22 76 80 51 75 61 80 30 67 41 11 55 50 95 99 89 51 22 22 62 2 37 71 68 47 9 30 67 
78 39 13 51 13 41 91 19 44 16 38 60 31 30 72 46 5 89 26 44 54 4 96 77 17 16 82 55 75 18 64 48 79 61 43 23 86 50 91 5 21 37 16 41 73 92 45 49 96 51 60 56 37 26 47 56 29 32 17 85 17 50 49 88 7 43 76 59 94 28 99 86 77 73 21 55 53 5 90 11 91 33 32 37 39 18 30 22 73 5 4 52 84 64 28 40 92 96 47 32 37 39 62 13 55 98 95 44 6 5 64 95 3 98 62 31 76 68 91 78 89 8 72 52 25 66 72 15 52 59 49 66 45 61 74 46 48 67 91 20 12 89 73 14 93 6 31 33 1 62 55 36 26 55 3 35 94 59 97 77 33 87 81 22 39 3 2 59 99 89 49 42 93 0 42 20 13 97 37 92 5 26 3 39 24 75 4 1 82 80 70 46 75 38 3 44 98 56 96 70 91 41 49 17 26 98 66 64 84 26 50 16 96 23 42 14 45 72 78 46 99 48 66 69 32 49 61 78 27 61 45 61 74 42 9 0 27 24 7 59 27 13 95 56 0 24 73 15 80 12 53 23 96 85 15 7 34 52 58 5 72 79 6 36 79 5 97 95 50 74 72 53 16 70 24 46 8 5 89 72 4 80 91 37 60 35 95 68 68 71 24 25 3 58 62 27 3 77 83 61 
77 6 48 3 95 66 70 87 87 87 87 64 33 27 95 70 53 64 52 34 39 8 89 90 61 52 37 3 17 62 96 61 16 22 2 92 96 77 54 98 65 15 89 23 98 78 65 42 16 36 31 71 58 11 7 80 69 35 62 34 47 34 80 13 5 94 59 71 35 76 33 70 38 71 87 93 99 42 16 31 86 45 44 79 53 99 76 0 50 30 53 14 16 1 94 3 80 47 65 86 55 66 79 18 70 49 14 40 83 53 96 47 66 57 19 48 59 91 25 90 16 52 98 88 30 47 76 12 8 40 78 50 22 18 15 12 37 74 3 74 28 27 46 58 91 23 80 61 74 10 77 27 37 75 62 48 79 21 37 35 82 18 15 13 33 36 90 5 3 9 45 31 63 99 77 55 51 91 96 54 50 70 82 31 36 41 94 45 25 84 75 36 22 13 35 40 51 19 81 51 61 1 41 28 98 15 8 23 14 18 90 80 38 92 55 4 70 6 36 25 30 13 97 40 9 23 90 27 11 86 35 25 20 28 7 77 3 20 49 69 59 47 90 76 87 7 94 77 36 40 74 73 99 73 80 6 77 37 78 66 50 46 20 89 10 18 49 82 23 72 40 49 35 25 13 97 43 10 7 14 54 72 27 83 79 87 77 7 64 44 42 35 18 10 40 80 51 40 87 5 
2 50 2 59 9 93 41 42 28 28 11 20 46 37 28 50 85 98 11 94 59 4 19 10 1 0 40 12 90 75 25 15 97 14 7 45 28 71 48 70 25 84 82 63 50 12 84 62 4 27 97 16 41 41 81 33 69 69 22 56 67 50 28 39 80 90 37 90 99 25 95 33 52 33 40 35 85 11 25 84 8 38 5 13 11 35 29 42 28 39 84 27 66 28 85 22 82 84 87 70 18 4 36 14 22 84 57 31 81 46 86 83 94 61 62 60 40 97 68 71 34 63 52 68 9 70 30 98 4 28 15 71 20 33 49 43 66 52 2 8 29 99 23 23 36 3 96 23 11 27 60 76 82 9 5 41 17 14 56 34 16 46 47 33 47 5 75 65 34 88 6 14 90 29 68 40 17 23 18 74 85 3 39 37 33 61 5 66 87 20 7 33 51 93 68 64 14 66 48 39 86 79 69 33 65 56 78 33 46 7 6 22 51 61 35 33 25 71 24 22 25 2 86 41 79 61 17 61 81 86 71 64 30 37 5 24 12 40 90 18 12 54 69 78 10 63 73 48 35 69 68 32 76 83 30 29 17 63 5 76 22 70 67 15 0 67 6 97 16 39 19 7 25 74 43 53 56 96 2 22 53 75 77 7 26 34 68 79 12 50 90 56 70 51 31 67 79 36 2 78 
57 90 24 17 33 58 76 41 66 38 20 10 43 76 27 42 83 58 16 5 11 17 89 78 79 77 42 69 10 4 29 62 49 67 93 6 4 34 47 39 88 55 92 28 33 70 26 95 27 11 42 39 24 52 14 44 12 76 28 62 41 51 99 1 74 69 74 40 72 34 74 38 63 54 39 93 41 36 66 49 3 91 22 50 58 88 42 22 45 41 95 44 30 25 42 69 20 27 31 9 83 31 68 88 89 78 91 14 76 31 69 6 34 59 35 53 0 77 65 88 44 57 77 6 43 81 48 31 37 57 10 70 13 78 12 35 47 21 34 35 54 41 50 99 60 26 94 98 43 83 92 75 94 23 14 16 55 91 73 51 39 53 52 28 43 68 12 44 74 83 74 29 91 66 0 44 89 93 94 27 17 53 75 58 60 43 22 3 75 4 80 89 78 30 35 67 34 45 3 45 77 27 0 36 35 16 73 78 20 42 53 27 4 72 71 42 93 20 96 48 6 85 3 92 32 23 27 49 40 24 40 99 64 78 68 40 30 79 23 54 53 75 33 29 65 68 48 42 48 34 33 14 84 94 1 50 60 15 23 22 15 82 41 55 26 90 26 25 32 79 74 10 97 29 31 2 41 67 26 19 14 23 41 25 80 19 32 15 88 0 39 65 65 27 0 63 22 81 46 20 
28 13 77 93 0 22 86 16 88 92 0 50 92 44 38 63 99 45 88 5 9 76 55 83 72 34 37 85 62 34 10 70 55 75 62 46 39 36 95 69 4 65 39 47 37 4 69 25 3 69 44 17 27 38 84 42 16 75 15 30 47 17 62 34 86 12 41 57 82 40 76 45 93 76 17 94 43 13 34 28 70 24 82 21 15 9 10 52 48 57 84 81 53 92 53 30 17 39 66 6 27 5 38 13 29 74 70 79 63 31 34 31 52 68 66 53 64 48 71 77 0 76 9 96 17 51 95 15 80 27 17 56 7 39 23 82 35 47 14 3 53 10 42 84 42 57 91 6 81 19 69 14 40 55 97 21 34 80 91 84 49 86 97 61 79 33 94 81 58 50 28 1 19 12 26 73 53 7 44 17 35 52 64 71 82 8 46 25 36 11 92 79 52 52 34 28 97 83 37 57 73 59 1 12 17 38 25 67 44 94 39 33 19 42 55 55 58 82 23 20 41 29 9 24 24 76 31 11 89 33 52 69 34 9 92 12 98 21 86 88 51 74 43 0 10 88 88 63 42 92 62 0 82 28 76 51 19 89 19 86 89 5 36 28 91 37 41 14 50 19 0 92 43 85 79 58 51 61 11 12 20 99 56 49 47 42 22 75 86 97 27 42 11 25 26 79 79 44 11 11 
18 32 75 5 21 7 6 90 89 62 6 62 31 40 97 16 5 69 61 2 9 69 15 97 81 68 15 12 38 4 87 0 45 8 35 13 6 75 32 85 50 21 95 91 67 76 26 2 97 8 53 6 26 38 49 72 2 26 67 64 98 49 73 31 40 32 4 0 49 99 61 83 14 38 7 69 42 57 90 73 29 71 14 29 15 95 24 0 32 92 44 58 58 79 85 12 28 17 4 32 95 97 60 85 68 88 46 33 98 25 31 1 54 20 65 95 8 27 1 50 4 10 20 43 3 1 61 92 53 34 71 61 99 81 75 99 53 82 79 6 68 54 4 91 57 13 92 26 39 93 35 71 26 73 77 50 93 47 51 0 45 30 95 28 98 98 71 65 83 28 83 97 14 7 29 77 57 26 78 95 35 23 14 56 7 27 30 55 6 98 11 30 49 45 11 30 56 20 20 82 31 92 82 62 72 46 71 35 95 43 64 7 92 11 62 26 25 32 97 35 23 79 52 90 22 62 52 44 45 22 11 27 81 21 13 34 60 96 2 11 37 53 33 31 14 35 52 72 28 3 73 34 81 39 94 11 59 92 58 64 17 70 27 96 64 19 10 50 28 27 57 1 76 47 25 47 32 91 25 92 49 24 65 39 90 75 84 38 66 13 78 78 24 95 35 39 65 75 86 65 
69 95 15 98 68 49 66 75 66 61 51 52 91 76 79 13 12 63 90 14 36 43 84 46 11 77 75 24 46 58 86 59 15 41 42 34 96 48 46 15 41 37 28 18 31 49 82 87 99 74 72 23 59 81 67 69 2 56 63 25 26 31 68 45 86 55 87 39 1 69 17 72 61 77 23 59 82 35 65 83 43 99 23 93 61 90 67 66 41 56 17 29 16 99 26 48 57 53 71 29 44 87 94 22 67 27 19 23 26 41 74 86 77 99 62 72 41 5 1 58 58 16 71 90 72 77 30 3 87 85 29 57 8 48 17 82 99 51 61 21 63 87 23 29 56 58 4 61 13 9 23 73 9 55 9 19 55 34 60 98 26 5 0 61 36 64 52 48 90 99 95 93 7 89 21 66 68 50 41 43 17 94 63 26 27 7 96 88 13 27 92 44 19 24 46 70 35 63 78 8 57 10 20 99 42 42 25 79 73 92 74 50 10 45 63 44 29 56 25 20 10 45 70 82 34 99 72 65 62 24 30 51 23 77 70 0 31 61 62 31 1 79 48 59 16 92 12 61 40 65 27 7 95 61 73 19 69 36 23 45 92 81 61 43 71 86 4 43 84 27 49 68 85 35 54 62 84 4 19 8 27 46 4 31 65 29 66 98 86 98 34 93 61 64 67 71 33 63 26 82 
82 96 45 47 52 77 83 14 33 47 20 79 78 71 23 38 43 38 33 8 83 16 65 40 3 55 90 12 43 88 60 45 52 18 66 42 33 15 89 15 78 99 54 59 51 89 30 56 18 91 75 87 38 94 11 76 11 34 73 73 28 9 12 46 1 9 56 89 22 43 45 52 12 59 51 63 39 52 73 77 8 39 94 82 48 88 98 38 81 22 22 39 71 56 0 3 63 71 53 82 41 13 12 4 10 39 4 73 75 74 98 86 4 69 51 75 77 76 81 71 68 6 0 59 80 67 27 61 96 41 99 71 98 45 50 26 64 53 56 51 96 90 16 26 64 59 93 17 96 88 4 19 28 0 80 39 32 37 29 7 90 25 60 35 40 3 96 78 13 16 76 9 96 75 36 52 25 86 71 3 30 21 18 11 87 62 48 18 92 9 61 47 17 80 60 52 41 50 55 18 17 15 92 68 59 28 34 72 73 65 63 5 91 8 59 7 45 93 67 42 1 26 5 28 39 57 91 18 69 61 2 36 91 71 89 85 11 49 9 54 67 77 25 73 71 44 70 27 73 91 50 16 44 50 83 74 19 97 50 33 56 34 62 81 16 33 8 10 92 92 62 66 90 75 12 32 69 53 52 75 24 79 56 74 56 5 25 27 59 32 14 89 19 61 2 58 99 19 86 87 
99 69 4 93 72 21 92 18 53 16 78 76 67 14 19 72 88 69 4 0 5 98 41 33 96 61 59 46 89 85 54 35 88 58 31 10 32 75 49 26 83 95 11 57 90 36 2 39 52 53 46 92 71 90 64 5 5 95 21 34 78 23 77 62 43 75 25 22 88 57 89 90 75 52 98 5 89 59 12 22 90 98 67 67 12 42 83 75 48 23 98 74 64 39 16 22 38 73 97 48 30 94 7 0 12 43 34 36 74 76 31 55 9 29 84 18 38 29 21 4 26 46 74 0 77 47 82 79 43 3 19 14 55 13 72 79 9 88 97 39 64 51 21 74 74 95 21 66 54 32 82 75 0 38 21 84 28 2 27 14 44 16 13 78 36 4 95 38 84 73 34 16 51 64 25 22 57 79 80 62 49 73 96 34 71 5 33 94 68 11 10 1 64 7 52 26 39 46 62 96 14 42 92 82 78 99 45 87 5 20 8 76 10 5 44 63 62 5 60 33 81 55 48 19 16 85 39 44 26 27 9 51 96 13 6 38 42 37 7 18 63 39 0 68 79 25 12 4 55 74 26 25 52 1 50 70 51 41 20 48 71 22 27 70 47 87 57 12 18 88 90 73 12 82 68 45 19 24 56 82 88 96 55 87 36 76 49 77 37 42 23 78 59 62 51 32 77 14 25 77 
42 74 89 73 88 6 18 86 81 51 21 54 63 39 50 85 8 17 39 27 59 27 10 27 90 67 29 65 68 11 46 42 6 83 96 40 45 86 4 7 42 36 67 77 41 24 74 60 49 95 54 13 63 40 63 97 78 33 29 84 4 30 50 90 87 13 80 68 0 11 38 40 59 85 38 28 78 37 53 88 86 24 53 33 57 10 58 58 50 90 11 28 10 74 98 91 10 69 12 79 28 43 99 36 53 2 25 6 41 7 67 26 80 4 72 72 0 90 10 6 4 56 9 69 40 43 30 56 95 62 42 78 8 38 65 81 55 24 58 41 26 14 93 18 78 73 9 52 7 49 35 4 29 56 42 25 69 70 82 85 70 63 73 93 57 66 11 61 31 49 36 90 29 51 93 38 40 25 85 31 6 58 54 82 92 46 97 8 94 59 94 18 87 76 43 9 7 86 68 63 28 45 90 10 84 80 1 15 73 9 47 46 66 29 44 56 81 0 70 66 42 36 83 90 24 38 18 22 47 24 45 77 17 91 80 51 86 43 22 79 92 20 64 84 93 5 51 39 95 57 91 39 94 28 44 93 67 53 13 82 84 11 46 70 70 94 25 27 3 86 49 28 40 54 47 24 78 92 89 37 71 28 84 78 51 39 69 51 51 22 69 79 12 32 99 70 52 91 20 9 
3 9 26 42 49 41 16 80 45 6 38 63 89 52 0 82 59 41 11 14 65 54 0 79 7 33 33 49 95 99 75 22 41 97 60 2 80 44 2 37 78 47 18 73 76 94 3 98 99 52 60 74 6 42 34 80 9 44 16 11 71 6 96 24 51 75 47 41 94 36 83 31 30 16 84 67 5 98 24 99 25 21 14 28 12 56 87 81 32 82 90 67 65 63 73 67 82 18 87 61 43 53 66 51 36 11 47 26 78 76 36 31 74 60 99 77 40 94 98 39 32 36 31 18 35 60 67 73 64 19 3 66 57 29 8 85 27 36 75 5 30 14 47 13 74 24 71 1 13 26 41 16 22 27 29 39 27 37 28 43 11 70 39 9 77 45 98 64 47 22 94 24 2 40 45 38 22 85 19 67 15 62 57 28 22 28 78 28 29 6 72 75 20 92 66 48 83 86 20 87 12 29 82 49 33 0 47 72 41 79 71 58 83 97 87 14 72 22 30 37 27 43 66 31 76 72 71 2 86 51 99 75 57 8 71 75 83 64 95 30 55 46 58 79 81 86 12 35 74 70 48 96 57 52 19 67 10 81 82 54 67 27 4 20 81 67 9 32 86 68 18 45 51 76 32 58 29 54 32 25 87 2 0 51 86 73 86 99 19 62 76 10 31 95 74 22 91 6 77 97 
48 61 16 9 84 34 90 56 54 34 4 93 69 43 35 94 33 84 76 98 50 38 14 63 47 13 92 1 51 1 78 83 30 39 13 34 76 27 45 65 95 11 60 76 68 88 6 7 13 39 83 34 21 74 90 97 37 54 12 22 96 71 53 10 30 77 68 93 36 70 31 67 66 0 66 64 91 8 11 19 35 44 28 85 4 46 27 84 95 22 20 66 33 5 62 78 54 55 32 48 1 93 54 9 0 12 89 53 15 72 16 67 43 48 76 61 64 79 45 67 66 71 28 82 46 79 0 88 79 55 99 82 64 71 17 47 31 13 1 43 64 27 39 39 36 67 80 92 17 86 34 0 7 53 50 79 61 43 83 88 79 89 60 57 25 6 99 43 17 24 23 38 89 47 59 1 39 84 34 57 23 48 5 74 31 54 96 87 36 21 93 16 73 19 55 35 5 64 69 56 68 48 60 66 58 37 33 95 6 13 73 95 92 14 60 92 42 33 20 95 35 95 13 92 67 62 27 6 99 28 89 12 21 17 92 52 62 94 92 87 97 63 12 86 50 96 0 75 64 7 47 96 16 79 40 92 2 44 80 32 6 62 35 58 19 13 57 62 47 44 81 68 99 47 15 73 8 86 90 16 39 39 34 7 66 17 91 45 33 83 90 21 53 98 18 93 79 78 34 26 
17 6 42 26 71 14 19 62 38 49 3 75 74 76 96 74 35 84 5 25 73 64 5 0 3 4 11 70 92 37 19 73 72 91 95 25 43 72 59 62 82 36 13 24 46 99 76 58 83 1 95 80 39 28 51 30 31 13 98 66 92 64 74 17 89 44 78 93 19 70 42 32 77 38 72 66 47 57 53 14 56 56 40 47 7 79 9 78 0 39 12 48 13 62 20 28 66 81 70 49 0 43 98 74 58 70 52 67 7 33 40 1 48 28 95 34 18 33 2 86 1 33 94 47 31 76 34 43 99 68 74 10 38 32 53 71 9 41 34 85 69 27 34 5 99 27 71 59 84 36 35 83 18 96 44 48 63 59 17 5 53 17 69 78 13 97 32 5 85 22 70 63 26 85 44 93 35 36 47 98 35 60 45 31 73 46 28 29 48 35 82 97 6 42 95 87 50 2 9 7 27 2 15 15 3 17 76 94 76 45 83 48 6 69 10 13 75 17 69 98 71 29 77 27 67 94 96 19 57 24 79 28 52 33 86 67 20 16 80 70 0 56 74 45 0 82 33 5 58 7 81 62 82 30 7 18 78 61 30 46 28 13 47 57 8 23 41 80 3 70 16 68 53 27 11 7 70 55 21 81 18 58 86 61 88 40 32 87 37 65 72 3 66 47 76 0 18 75 86 16 
28 30 44 11 5 21 20 79 4 20 73 73 16 61 41 74 63 35 64 85 91 25 12 71 6 9 1 88 47 4 24 56 85 69 10 73 32 58 73 29 72 19 29 98 6 23 96 45 92 74 11 33 88 59 50 24 66 30 93 63 78 13 23 54 54 18 29 9 47 90 95 10 84 64 66 90 67 90 3 21 58 80 27 13 80 51 44 69 67 27 85 15 29 48 76 6 69 4 71 8 12 73 70 65 97 5 69 99 76 18 83 79 99 57 44 51 40 42 28 51 17 10 64 37 28 30 46 47 21 76 24 33 42 11 63 76 77 36 33 10 92 26 74 98 4 60 44 26 30 98 6 85 36 21 58 22 83 5 6 72 77 69 30 61 54 76 12 90 47 27 31 96 67 55 0 11 54 27 68 89 40 26 12 11 38 10 50 3 62 13 96 12 95 11 18 33 6 29 10 15 63 79 25 73 27 66 29 10 39 42 56 17 61 1 78 12 86 95 90 5 83 19 4 32 10 90 88 82 33 92 28 14 50 12 64 27 10 5 89 90 46 21 98 26 48 62 71 3 39 95 50 96 8 44 48 30 13 36 50 93 51 7 0 13 10 76 55 64 35 3 17 6 75 97 18 59 31 74 62 45 71 34 2 8 62 67 43 83 41 37 80 23 9 85 19 4 19 66 77 61 
61 38 53 89 80 74 67 82 18 28 78 34 32 10 21 89 60 24 74 16 42 91 88 14 38 39 59 83 72 54 56 32 67 35 94 40 59 8 98 20 78 97 6 43 89 47 93 59 77 8 19 54 23 78 54 75 59 6 52 34 4 36 32 23 62 19 33 65 37 89 92 62 23 21 98 43 79 70 13 86 88 32 99 88 2 74 10 20 74 3 81 4 43 80 26 21 88 28 54 72 52 13 67 93 32 63 42 76 96 93 70 58 23 37 3 55 8 58 38 0 40 12 10 83 63 28 80 45 33 45 69 13 93 43 60 96 57 27 2 97 54 65 19 84 10 5 13 54 68 99 87 90 30 51 91 32 45 5 21 21 85 10 72 77 64 50 45 98 15 7 41 72 71 65 98 25 69 60 48 36 0 94 95 21 18 77 89 82 40 94 13 10 33 71 54 36 73 13 28 66 94 1 92 18 14 81 79 82 76 33 53 12 9 76 9 45 51 78 65 41 10 63 51 20 78 5 12 68 16 12 7 4 25 86 17 44 41 93 8 94 97 92 96 0 92 8 52 8 56 8 71 52 91 25 10 85 32 38 45 79 16 25 82 16 33 36 57 31 53 10 41 47 7 10 8 3 85 55 50 68 27 31 88 28 33 75 64 45 45 1 86 93 45 61 67 38 87 40 57 28 
81 14 2 41 1 58 54 5 4 98 29 54 44 88 32 76 79 20 65 47 20 13 72 73 79 2 69 42 68 25 11 23 57 94 48 28 23 61 86 76 47 10 15 78 42 24 37 52 90 64 82 89 3 91 47 35 88 34 43 80 39 97 78 3 75 65 54 6 49 52 5 6 96 16 4 69 68 92 39 77 59 33 67 28 62 14 13 40 42 48 2 19 85 48 72 21 3 62 96 90 16 17 74 32 53 1 62 80 74 72 59 72 53 80 42 89 74 28 44 75 23 24 29 62 78 79 72 77 4 79 67 34 39 62 80 95 17 51 66 86 7 18 98 89 79 74 42 40 9 71 92 78 74 94 10 63 66 25 24 33 14 35 25 78 5 52 31 34 27 21 31 9 31 6 95 84 8 62 63 20 65 8 5 16 38 48 68 63 76 38 66 78 34 45 21 19 55 54 12 42 19 50 30 20 68 81 53 57 57 75 56 21 43 53 25 37 37 91 91 79 60 54 76 6 6 55 66 19 39 30 32 96 67 77 12 93 93 36 51 19 35 77 28 84 67 19 71 9 34 30 84 6 63 95 50 18 80 66 55 40 53 2 7 2 33 99 20 11 68 47 28 24 63 92 88 75 99 37 45 89 53 16 8 12 14 86 11 55 57 2 31 76 75 38 20 99 13 30 7 95 
44 1 51 5 11 55 14 9 61 62 29 97 60 82 22 91 68 10 41 5 32 94 70 69 88 73 34 26 12 32 94 15 10 0 55 97 97 5 57 15 29 59 85 28 74 50 14 49 96 82 61 25 60 45 43 62 65 66 58 49 18 1 6 56 96 64 95 24 24 29 62 78 35 55 74 12 94 91 15 15 51 92 29 80 61 33 70 16 13 61 13 27 3 89 9 15 92 70 62 31 97 10 12 62 74 50 82 20 49 7 91 88 35 4 55 88 3 48 38 0 10 52 27 84 50 87 38 63 60 68 29 67 99 7 51 65 95 60 9 9 18 23 7 48 72 63 50 31 83 7 44 34 96 72 28 20 10 68 19 32 52 27 90 60 32 6 74 94 88 40 14 29 38 90 56 79 88 30 2 54 78 78 16 74 69 76 56 90 22 57 31 61 95 44 34 97 38 77 36 13 89 16 12 32 1 46 14 87 83 61 74 56 38 85 54 13 30 28 7 57 20 70 12 70 93 8 85 80 69 32 88 94 58 38 85 62 5 95 95 70 24 39 3 3 61 29 61 55 92 34 93 69 24 76 80 89 34 72 77 96 18 26 4 97 43 3 88 68 66 12 91 26 28 22 48 89 49 53 72 6 27 48 44 96 14 62 47 90 3 44 10 85 32 67 21 61 59 17 61 78 
6 43 71 71 51 69 87 41 35 7 23 90 99 5 25 44 15 69 83 64 82 12 18 80 18 62 71 83 93 53 46 18 65 39 57 6 54 80 24 42 79 31 64 12 52 62 92 44 28 44 44 46 25 69 45 62 67 39 67 71 61 14 56 93 85 81 21 11 93 39 68 37 35 87 6 32 88 71 35 17 13 1 60 16 24 77 52 89 30 45 50 13 84 84 9 31 28 50 10 85 10 15 31 99 83 8 6 75 20 68 57 0 76 0 62 60 38 42 70 69 80 57 53 67 94 80 29 47 23 6 75 5 33 84 55 29 86 62 93 26 64 38 29 14 10 63 87 30 44 45 48 77 53 19 20 13 29 56 50 97 30 89 31 4 18 12 25 57 42 44 21 49 49 89 97 12 83 28 30 78 47 56 19 70 32 83 29 49 11 15 59 7 25 20 60 66 53 11 28 91 47 32 12 58 95 47 71 60 24 42 67 27 54 33 50 76 27 65 9 51 10 3 6 72 9 10 96 91 2 0 29 64 23 41 70 92 38 27 18 52 37 64 58 80 97 55 21 17 21 88 56 48 50 31 42 89 9 20 93 34 78 45 3 14 17 17 99 49 7 70 37 25 65 44 89 95 5 26 35 22 49 48 24 17 81 92 48 51 92 97 34 62 15 68 62 30 37 25 48 18 
2 68 94 96 19 17 16 98 48 42 24 39 0 97 50 34 68 15 36 39 39 10 66 67 50 22 60 8 88 37 10 24 53 10 51 34 34 76 7 30 28 87 67 8 99 31 35 17 57 31 93 93 18 36 35 97 26 65 55 79 77 45 36 54 25 18 24 75 58 58 33 23 52 60 0 51 47 67 35 93 52 96 64 31 53 58 17 90 28 86 21 87 59 72 32 38 99 66 5 68 68 12 29 69 98 77 92 69 98 29 95 4 28 1 71 23 85 55 67 47 10 70 35 94 99 75 13 79 49 87 49 30 80 78 39 42 20 21 25 8 6 46 23 71 4 3 22 9 92 13 2 88 98 53 20 55 65 59 75 86 89 56 16 2 44 17 66 73 32 76 97 4 47 99 73 41 78 11 77 69 1 8 44 81 18 39 38 18 23 53 19 79 50 23 27 76 4 71 92 43 37 25 40 23 6 56 27 30 0 29 60 30 78 36 33 93 60 47 58 47 78 14 25 78 52 39 56 85 98 65 70 63 68 30 67 24 74 19 74 25 66 29 39 18 59 29 33 79 46 23 92 27 10 20 76 52 15 30 8 83 48 34 2 99 3 42 68 88 2 11 13 48 41 47 96 78 49 90 44 59 51 85 98 89 73 72 78 83 59 3 75 11 61 80 44 19 35 97 33 99 
99 90 57 91 55 37 81 7 17 23 51 77 82 85 29 16 72 30 14 93 83 8 36 77 77 10 83 6 19 97 46 91 98 25 71 48 86 62 37 58 43 28 39 81 87 82 44 56 48 62 44 65 16 78 80 54 46 90 17 1 59 14 82 91 44 30 31 51 79 9 60 31 83 43 49 93 89 8 71 40 79 6 58 99 54 73 0 75 24 39 43 65 9 63 4 42 44 65 73 44 91 89 44 33 41 23 24 46 95 20 42 87 5 81 86 82 49 66 88 97 57 12 36 16 60 25 28 64 43 53 96 71 97 65 82 50 14 68 23 22 35 7 10 28 73 7 4 71 0 75 43 11 51 93 47 57 35 29 28 64 50 26 31 42 97 2 5 62 4 62 9 6 69 60 75 65 1 15 14 66 5 29 45 21 37 97 36 34 37 31 61 24 66 39 98 43 57 74 8 70 11 12 28 81 69 61 85 8 53 58 46 53 46 61 29 83 9 22 46 64 69 13 41 53 54 64 74 16 55 81 29 51 98 71 29 6 53 67 90 35 14 50 69 5 70 19 50 68 99 1 14 38 96 25 43 5 26 83 7 30 91 98 90 41 14 97 8 83 68 76 20 52 19 40 69 34 52 60 34 77 51 88 86 7 4 80 41 94 95 26 50 72 59 40 8 68 4 19 62 97 
35 48 65 20 95 54 20 36 34 59 54 52 67 65 21 90 24 9 59 22 10 66 25 7 58 63 7 82 22 66 30 96 99 29 3 33 28 48 40 42 38 1 24 60 33 38 68 20 40 68 84 95 50 2 37 5 62 89 5 83 94 63 37 33 9 91 52 73 11 64 9 66 3 63 98 37 36 53 37 42 51 13 37 57 90 30 58 66 50 93 73 23 95 34 86 10 26 73 99 58 69 29 12 28 58 64 90 84 21 57 30 49 45 20 38 38 91 75 93 64 33 70 26 60 50 2 23 9 87 58 20 32 36 21 7 84 60 88 36 92 79 36 76 96 91 30 97 49 75 47 70 94 91 95 70 10 88 75 90 94 60 61 86 72 70 41 44 93 13 99 49 94 22 66 86 58 64 46 40 24 45 43 54 31 6 21 84 2 28 90 93 71 43 36 69 13 51 29 13 6 18 7 77 2 33 74 99 30 96 87 47 11 51 59 14 80 99 65 39 83 29 40 1 25 28 71 73 53 55 15 43 2 8 12 42 49 46 94 50 72 57 25 79 64 90 28 56 75 79 3 99 67 48 48 92 66 84 76 35 73 42 9 14 86 93 62 84 34 15 42 91 11 72 33 60 40 36 85 82 65 31 61 98 75 62 62 79 24 98 38 14 11 60 15 77 5 15 71 43 53 
86 63 83 91 2 43 8 55 39 79 95 33 26 18 35 44 34 34 42 32 82 97 79 52 18 80 90 51 93 48 76 90 97 42 14 92 84 10 25 33 16 86 65 73 63 16 10 78 56 58 64 54 85 40 58 8 64 89 83 50 36 67 81 32 0 93 30 62 57 64 68 39 33 16 32 54 41 50 84 1 3 82 35 83 4 19 84 75 80 4 27 4 14 98 35 48 40 93 34 44 56 26 7 36 72 10 48 23 76 33 75 11 84 66 40 29 49 58 25 37 61 53 99 43 99 53 47 57 39 83 78 1 91 90 88 63 15 55 84 15 39 85 85 57 44 19 54 90 44 30 93 56 70 4 27 95 37 50 79 10 53 88 45 10 5 13 86 2 10 91 74 58 55 29 9 92 60 83 22 36 91 3 80 98 84 84 54 86 21 98 49 72 45 70 34 65 57 87 22 43 33 52 91 34 89 22 67 6 0 31 60 6 89 30 10 73 38 51 63 76 48 3 82 80 25 75 19 37 74 67 42 49 25 24 68 16 15 79 78 26 90 63 61 30 48 76 95 62 31 70 16 30 11 20 92 30 14 36 47 66 86 51 34 2 58 70 11 28 29 22 31 27 54 31 78 87 21 92 11 74 89 50 44 12 38 11 57 15 4 35 32 93 28 50 41 14 82 2 29 50 
31 69 34 14 45 64 61 50 13 92 41 20 36 89 13 52 74 68 48 66 58 28 4 33 21 56 7 47 56 29 71 62 57 8 8 80 68 99 18 98 42 78 30 25 32 48 78 2 48 90 4 44 26 62 35 37 31 14 3 51 51 53 49 84 48 12 71 7 86 77 25 83 11 0 33 77 2 76 23 91 95 70 63 3 36 63 73 41 4 13 61 58 54 2 2 37 36 12 63 91 91 79 18 91 24 45 88 75 64 32 85 87 76 73 42 30 78 61 62 27 52 93 29 12 83 77 61 70 67 63 89 79 58 49 96 2 9 75 53 20 95 10 27 22 10 35 5 15 9 86 79 98 54 73 48 99 15 5 50 47 63 33 79 38 35 34 3 71 59 94 64 90 3 29 18 39 87 33 58 26 36 74 50 23 72 87 66 42 17 53 77 3 37 8 29 67 37 52 75 77 24 99 76 34 31 48 68 5 3 15 63 63 25 59 44 49 73 23 82 72 87 0 3 1 79 6 46 52 79 7 61 25 86 59 60 58 95 87 14 28 90 45 49 39 42 24 1 84 80 23 96 85 7 65 17 18 91 13 43 7 67 11 62 32 6 95 14 25 43 11 49 61 99 91 61 77 10 81 20 58 16 99 15 0 96 13 76 22 76 74 8 76 52 6 75 10 92 53 38 75 
99 80 92 75 82 32 32 73 66 6 80 29 46 0 43 52 53 50 25 90 1 70 43 81 81 42 75 77 36 10 70 69 85 78 99 36 92 10 16 3 22 38 81 2 0 79 8 71 38 38 92 45 97 13 15 35 24 50 58 18 44 47 52 94 49 17 21 29 84 11 53 55 42 44 24 42 60 76 83 58 90 46 5 37 44 29 71 74 6 69 59 32 20 23 53 41 14 77 49 48 55 57 11 80 12 52 14 27 58 7 99 59 55 11 31 35 86 35 94 21 77 4 90 24 91 20 60 28 13 18 16 73 64 2 88 39 75 66 30 28 8 47 9 81 56 41 86 21 4 57 9 50 20 69 76 65 35 47 17 77 12 21 49 79 16 5 58 7 60 61 37 83 22 90 19 6 45 16 90 43 4 24 48 20 37 96 84 31 12 86 48 20 41 85 68 50 84 0 62 59 26 63 34 97 10 15 5 54 91 50 98 15 8 33 43 73 52 3 41 81 41 94 67 95 32 97 50 67 72 90 25 9 4 3 25 48 50 12 66 49 20 88 49 11 27 93 95 72 74 13 90 57 49 27 48 27 19 34 4 85 33 57 69 10 67 68 47 73 18 49 86 6 44 28 51 83 3 46 61 96 11 27 54 1 1 61 2 95 44 28 5 59 87 7 16 5 73 64 20 56 
14 82 51 87 65 34 89 18 55 19 59 11 77 56 60 81 24 94 35 46 62 89 52 39 17 36 31 68 62 54 66 93 63 64 0 39 63 70 35 82 45 64 92 32 88 95 11 30 86 92 2 44 77 24 70 59 23 14 57 72 18 71 79 38 84 11 29 25 17 11 2 17 42 61 27 11 87 69 61 83 10 42 82 89 64 38 2 2 43 85 13 3 37 5 33 44 78 44 27 52 51 25 11 22 91 8 16 65 66 4 46 89 33 12 32 62 21 76 2 14 78 47 38 97 23 66 76 90 95 4 23 85 4 12 50 68 5 49 47 38 4 51 40 78 9 81 95 25 21 63 56 42 0 29 12 75 92 76 46 69 45 71 96 14 54 70 45 93 81 36 46 76 89 83 75 47 84 36 54 97 3 76 13 60 99 41 36 63 90 78 64 82 54 49 82 95 58 62 17 62 9 91 23 36 90 4 8 72 81 26 65 20 37 52 15 16 24 93 89 95 46 98 67 75 52 14 36 35 9 6 10 35 3 15 97 70 13 51 35 43 78 71 75 91 14 36 95 39 59 58 42 26 56 92 93 4 29 87 43 85 66 12 20 96 31 9 30 39 62 10 40 70 88 48 50 32 68 10 18 44 76 61 8 8 34 0 17 4 14 77 22 74 85 58 42 89 24 6 82 40 
95 42 98 69 63 5 22 42 77 70 83 8 26 6 74 6 80 70 30 27 72 32 55 95 18 19 26 76 69 49 99 60 4 37 79 20 98 4 74 38 27 80 98 51 49 78 92 37 77 12 69 14 90 69 52 86 80 79 42 47 26 40 45 39 76 58 5 90 30 50 79 64 41 21 98 50 72 2 56 50 78 55 77 40 89 75 73 0 71 71 50 52 58 45 62 25 44 85 90 70 30 75 86 1 42 54 90 67 73 66 5 82 21 47 98 30 88 52 45 12 10 65 17 78 24 63 49 3 87 19 46 16 40 86 12 5 45 75 99 32 0 8 50 57 17 97 3 58 9 54 15 2 33 74 90 37 11 91 19 40 17 86 18 58 84 5 3 32 39 62 31 65 47 61 83 11 45 46 79 68 20 53 47 27 95 55 60 15 38 31 57 43 10 3 33 28 25 16 44 56 32 19 25 87 13 62 24 22 91 12 42 39 10 69 92 88 54 99 93 21 77 23 6 92 75 23 29 76 6 80 5 77 19 1 60 54 48 69 41 23 3 88 3 36 12 84 84 25 41 3 49 51 91 85 78 44 9 37 44 1 8 97 94 32 20 32 88 20 15 34 77 54 84 44 47 26 88 44 5 94 45 68 66 11 60 80 19 63 96 29 0 21 74 94 89 8 44 54 73 80 
48 2 79 40 36 79 45 89 48 68 24 30 49 1 1 39 23 2 25 79 55 10 77 94 45 37 57 71 37 94 41 50 52 6 71 35 78 53 47 86 77 2 13 69 77 49 7 28 71 60 30 72 58 78 56 48 72 87 88 21 57 67 75 35 55 27 66 17 97 59 89 28 96 88 53 62 78 93 93 86 30 99 45 73 68 62 92 48 72 13 0 14 67 14 60 51 16 21 29 59 91 57 25 26 86 48 80 65 17 72 35 97 54 43 46 66 60 44 78 2 56 30 41 38 22 14 15 55 39 55 49 91 16 15 89 25 28 72 3 12 89 26 50 61 62 94 65 18 64 55 71 29 80 76 24 10 70 37 62 17 91 12 15 94 16 41 34 53 39 88 49 10 15 17 36 99 86 13 10 86 80 25 78 43 60 81 37 13 36 77 96 83 21 44 55 71 92 80 95 25 77 38 70 26 10 32 77 36 78 14 44 93 20 64 1 42 0 29 40 15 30 47 81 3 52 38 7 94 97 42 75 37 50 67 58 51 36 88 97 20 6 9 85 23 96 82 73 58 71 80 5 5 16 49 15 23 99 78 54 38 56 67 44 5 21 2 25 28 35 48 19 58 75 85 63 75 96 8 64 5 21 63 18 87 68 15 26 14 12 5 50 12 75 44 74 40 99 91 48 64 
60 50 38 10 7 81 33 84 35 53 78 11 1 8 65 66 76 77 60 16 4 10 75 0 41 98 82 84 36 31 77 56 31 47 54 13 48 34 17 80 24 33 53 16 46 18 15 29 54 38 75 87 66 65 93 34 59 58 86 36 50 75 12 51 65 26 60 49 49 12 44 70 80 93 19 25 0 58 49 12 79 71 0 29 49 60 73 81 24 84 82 80 53 94 45 8 68 13 62 62 6 90 85 95 49 99 39 32 48 71 17 75 72 14 64 57 18 26 71 17 93 37 64 27 17 47 67 51 60 97 64 14 97 95 76 7 44 59 49 51 87 85 64 94 55 6 29 21 28 38 33 70 45 34 95 48 25 91 6 47 97 45 40 29 11 92 46 10 47 92 65 51 86 65 39 15 8 82 95 32 86 63 33 4 77 9 72 85 73 16 7 6 16 89 72 12 48 58 12 86 82 41 76 96 23 87 94 84 64 98 43 73 17 42 73 45 47 9 36 35 18 95 41 90 76 27 62 37 27 43 61 77 58 15 87 27 83 30 29 80 52 70 34 99 99 81 23 74 69 56 39 53 53 45 41 62 22 39 71 29 85 93 17 64 99 28 95 8 29 96 47 8 8 64 65 71 15 40 88 75 50 27 79 3 76 19 84 12 99 0 89 55 51 65 49 20 79 73 48 76 
42 72 47 59 60 5 96 70 7 29 11 79 65 32 91 96 59 75 94 15 50 57 83 90 85 22 97 30 15 95 14 9 74 43 67 59 24 11 31 30 80 90 45 71 36 60 24 46 11 42 4 25 54 46 90 32 37 94 98 98 33 41 94 36 12 30 16 98 95 24 29 98 41 13 54 23 38 62 15 23 86 4 17 84 67 29 16 63 9 4 11 36 1 54 77 56 67 48 78 51 36 69 54 8 15 42 22 38 5 57 19 87 29 64 87 6 91 41 66 97 74 72 63 16 96 10 32 82 40 95 14 75 87 80 44 83 17 38 16 61 29 63 38 47 41 85 87 37 70 65 52 86 85 48 1 39 96 23 69 78 86 85 26 82 42 60 91 13 28 28 96 97 81 59 33 38 17 5 15 12 96 39 6 60 34 69 26 97 84 86 88 3 66 26 2 72 36 28 47 78 81 40 48 99 48 64 13 95 93 97 29 32 30 36 58 39 27 41 64 76 34 14 22 71 91 27 46 37 15 58 33 37 7 26 36 17 3 44 40 71 62 5 63 84 75 31 35 59 30 98 54 55 93 98 71 43 86 64 19 47 65 49 13 86 32 35 86 99 25 34 98 48 69 23 8 39 48 62 68 52 12 65 27 0 71 74 36 75 67 36 44 79 13 47 19 89 94 35 41 47 
81 0 46 73 84 11 69 41 39 88 40 96 63 1 48 27 56 7 91 87 18 38 63 49 12 2 72 20 64 14 16 46 23 95 12 2 83 91 99 29 51 54 99 95 73 74 27 47 83 66 47 27 95 55 87 72 47 52 26 67 95 86 48 68 19 72 10 2 70 12 62 44 95 66 93 9 12 81 14 78 20 29 66 42 34 85 13 31 26 59 84 46 19 29 84 44 89 23 26 44 98 78 32 91 42 77 57 40 93 10 65 9 79 9 20 32 39 2 50 40 83 85 3 59 54 32 66 74 82 69 79 8 56 51 99 36 48 48 27 24 28 80 51 42 39 9 23 9 97 53 84 58 24 12 32 77 97 21 3 95 40 63 36 21 80 82 91 58 73 82 41 91 30 31 73 1 92 39 66 94 25 85 96 59 29 21 72 94 4 94 30 10 66 78 79 50 39 5 61 73 20 37 54 92 5 3 20 36 3 8 45 48 54 37 64 27 2 92 66 0 29 83 75 30 21 10 9 53 35 1 5 87 58 14 33 43 34 13 47 72 1 88 35 44 47 74 6 63 98 95 72 80 7 83 76 55 61 82 38 98 90 3 5 12 48 25 14 8 56 96 67 7 96 18 65 76 77 86 57 42 42 30 57 68 34 18 36 12 65 66 43 24 32 54 14 51 6 96 49 66 
64 65 1 82 76 51 27 39 49 8 32 30 47 81 79 54 81 62 48 93 91 54 50 98 45 35 71 80 13 0 30 43 96 6 91 18 70 60 26 47 44 18 54 69 31 95 20 29 70 4 67 90 42 62 39 37 23 65 28 46 73 94 74 41 56 64 9 36 57 66 93 83 45 74 2 9 94 14 12 6 85 77 2 53 2 2 28 75 5 26 36 4 93 21 25 46 58 66 52 60 21 86 80 62 5 48 69 55 2 79 98 47 82 68 9 60 35 80 16 83 63 85 51 92 93 30 19 35 38 20 78 40 39 99 12 19 10 68 89 97 39 85 10 94 50 38 30 27 37 76 69 90 5 93 92 52 13 26 97 30 70 20 7 4 48 86 50 55 71 4 25 58 57 52 15 99 81 50 78 57 94 1 23 43 55 67 71 76 59 77 41 85 27 99 89 31 3 33 89 58 54 87 31 53 44 83 48 71 38 26 86 13 37 9 77 20 28 50 64 16 92 71 4 10 36 28 43 77 74 77 36 6 71 57 18 52 99 2 28 61 94 39 33 33 85 43 91 35 23 79 61 51 3 12 45 6 16 98 94 44 18 59 75 36 27 61 58 14 48 86 72 63 50 2 16 23 82 30 39 78 71 82 45 16 93 99 4 4 76 13 20 25 64 66 59 7 33 25 16 69 
18 17 32 83 59 68 15 66 77 72 14 71 50 12 74 17 29 24 3 63 72 62 5 65 87 99 82 42 79 83 93 65 54 3 67 59 81 9 42 53 9 88 90 65 31 16 31 58 0 41 3 64 35 57 63 26 79 31 43 73 85 49 66 22 54 84 12 85 84 57 94 74 4 77 3 54 51 23 23 4 88 38 60 93 45 54 93 67 51 58 29 62 50 61 34 93 46 31 65 42 86 8 83 97 71 41 76 31 38 53 97 43 16 5 52 27 69 86 71 55 76 62 69 33 39 5 53 1 70 44 32 25 91 85 50 28 24 64 55 66 58 34 71 33 11 99 36 83 3 87 40 23 12 31 68 91 65 89 4 64 13 97 3 41 98 81 55 87 79 1 64 65 50 69 82 72 97 33 77 70 57 89 76 70 80 63 36 52 36 33 23 93 12 70 15 72 89 67 84 30 67 40 49 7 95 35 21 1 87 50 23 5 98 58 33 56 69 15 97 25 41 98 50 74 1 46 20 22 42 70 16 95 26 51 91 31 92 48 27 23 51 33 61 25 83 1 41 14 39 81 1 39 62 49 69 87 91 41 64 3 80 60 93 98 77 36 5 66 86 72 72 31 75 27 24 58 41 4 36 35 29 82 66 31 2 2 77 51 17 61 61 32 71 62 22 87 37 29 4 24 
3 53 95 94 49 90 90 6 48 91 1 21 39 26 65 2 50 1 5 3 99 5 87 56 88 61 54 59 70 40 83 62 85 68 34 66 97 82 10 34 92 33 56 11 74 23 9 28 44 40 84 8 96 95 64 86 51 27 30 82 42 43 46 59 45 89 93 43 20 40 65 85 75 2 90 35 92 45 66 59 56 62 91 0 39 56 14 66 70 89 18 9 22 12 6 99 0 11 46 59 53 4 23 26 54 2 15 92 45 0 18 67 25 45 16 15 39 45 56 54 14 72 93 68 87 46 36 66 42 31 68 38 7 69 71 25 63 89 3 58 43 19 91 40 83 48 93 73 56 4 60 58 78 77 45 75 16 26 29 76 44 18 76 30 0 56 26 32 93 45 48 3 80 28 95 78 91 79 35 95 91 15 62 6 63 39 8 26 69 37 17 10 29 2 86 37 39 77 28 56 31 87 16 90 84 8 69 25 47 54 87 71 15 34 36 59 28 58 68 37 55 6 55 47 70 10 36 26 85 43 49 21 80 58 92 80 70 26 4 7 52 99 62 58 68 75 43 16 78 22 30 28 19 75 15 60 46 71 62 97 2 84 88 17 42 5 61 96 71 33 95 78 97 6 5 22 84 15 2 78 71 2 76 15 48 4 36 33 2 50 13 35 66 83 13 74 84 62 76 84 
9 48 72 17 21 11 20 53 64 36 9 11 82 0 81 5 79 71 2 88 28 92 65 13 55 14 62 95 69 0 21 1 68 71 49 29 35 81 16 91 90 34 43 14 78 20 28 48 14 86 18 94 97 91 49 73 78 32 27 57 43 1 81 43 40 96 82 34 40 70 44 22 76 99 85 78 57 75 52 32 42 39 90 60 12 79 42 46 32 77 3 50 37 49 26 16 1 68 42 27 79 62 29 53 63 2 68 73 85 29 75 67 45 59 94 83 43 43 41 59 58 89 11 13 92 92 19 40 97 95 13 88 42 11 19 57 48 10 42 82 4 39 2 47 89 30 75 54 65 28 81 16 85 38 46 25 28 21 5 15 33 38 16 40 53 51 32 37 4 77 78 78 44 27 79 39 1 35 8 32 47 22 4 70 46 99 8 20 94 92 58 97 35 30 64 66 54 43 74 55 82 82 47 68 21 86 58 76 14 20 98 42 37 9 50 47 51 75 90 69 50 75 73 28 28 57 87 43 32 96 61 68 28 41 31 18 89 79 3 50 77 38 66 68 36 21 45 20 0 14 27 64 45 78 14 90 3 92 76 97 64 8 57 42 5 27 81 8 12 60 67 41 51 59 45 15 19 31 23 58 20 69 82 18 34 44 52 46 74 46 93 79 78 83 46 67 95 76 35 71 
35 53 91 89 62 6 0 32 15 83 8 26 94 49 4 39 32 98 2 83 24 13 10 56 94 11 93 44 90 88 18 81 31 2 80 91 18 4 48 17 49 96 33 99 12 6 50 46 25 7 5 40 96 68 6 62 7 93 17 73 97 63 74 53 54 9 50 12 22 40 96 59 98 37 5 95 57 34 42 45 67 29 82 82 37 78 75 57 88 56 30 75 31 52 32 44 95 91 1 71 66 93 27 60 10 23 74 56 32 24 34 48 36 41 23 25 14 85 7 23 11 12 4 36 75 25 44 20 22 17 44 93 64 2 0 60 12 83 83 75 73 83 67 91 96 61 66 88 18 1 52 48 60 10 6 56 19 32 20 7 19 3 91 42 39 52 53 10 54 84 69 78 67 62 65 24 18 38 34 66 37 7 32 93 35 51 48 20 2 75 86 71 56 29 43 10 21 89 61 69 51 56 58 51 58 90 1 62 77 24 57 17 11 43 38 3 94 96 75 83 6 53 19 80 98 55 99 39 52 23 1 16 21 89 83 60 98 63 40 39 17 66 25 86 88 9 49 2 63 41 74 17 26 15 98 39 89 75 9 66 20 81 36 68 35 71 98 28 62 38 8 57 21 12 37 47 22 47 62 66 61 30 1 1 55 82 5 83 37 70 7 98 17 6 96 68 17 51 44 24 
22 34 69 30 2 47 99 68 47 44 63 40 58 19 48 19 60 49 36 79 41 22 6 40 63 52 85 5 89 31 96 42 2 32 99 44 19 89 84 90 76 36 38 37 10 13 1 22 65 35 19 44 1 90 68 84 96 94 84 42 70 63 5 49 85 45 59 89 77 99 71 35 60 33 41 43 28 2 59 71 84 21 6 65 52 55 10 3 4 82 55 55 51 56 20 58 5 95 23 50 24 93 2 25 34 79 9 65 59 98 14 31 89 81 62 30 85 97 28 72 29 27 90 68 67 77 55 56 11 41 77 78 11 90 3 47 79 0 95 7 88 60 62 0 38 20 21 96 51 74 52 27 81 44 27 15 30 47 80 59 10 89 16 87 49 79 31 98 35 89 24 50 67 54 42 86 30 98 76 13 21 65 74 47 75 89 40 5 32 27 32 63 3 11 56 9 0 51 82 85 1 80 35 36 61 55 52 36 27 16 88 67 68 21 56 55 3 17 84 40 46 63 34 37 4 62 50 16 29 99 89 92 81 76 38 29 48 48 61 76 57 47 31 2 66 31 68 16 7 57 80 45 66 44 77 3 3 27 75 39 18 48 31 29 46 83 0 94 87 70 91 95 49 47 97 52 46 71 94 58 36 14 91 4 67 37 95 82 20 36 26 17 98 33 85 89 99 56 27 4 
18 39 98 99 37 11 58 2 77 29 38 17 58 71 2 21 67 44 58 19 97 33 18 10 12 44 23 29 68 83 14 9 90 99 30 27 50 61 42 77 1 92 5 78 71 98 83 84 45 60 76 43 33 70 35 55 96 19 48 99 77 94 13 91 28 60 74 60 47 40 15 91 35 95 55 27 52 30 83 71 54 41 52 84 24 50 3 11 93 50 52 19 28 95 19 0 95 48 36 57 65 2 32 38 8 11 23 90 3 29 59 70 9 60 48 80 73 82 78 4 39 61 7 1 93 32 66 33 74 79 69 75 20 75 3 79 16 19 93 77 94 11 58 21 41 63 44 31 88 34 33 38 72 9 4 14 13 66 37 28 36 8 72 2 46 78 3 34 39 66 63 41 35 3 66 29 52 93 46 11 19 0 43 12 98 52 98 46 44 30 57 4 83 26 87 43 55 63 85 40 97 11 53 46 78 32 48 94 35 70 51 90 52 23 81 52 50 14 81 16 11 54 34 60 25 4 96 15 40 52 71 21 66 81 20 36 41 4 15 19 43 37 8 59 43 67 88 15 50 28 15 78 41 87 81 34 7 35 99 89 38 55 10 39 7 99 3 4 75 1 6 45 75 46 86 84 75 86 8 57 64 76 93 78 96 72 71 19 28 17 60 78 49 2 54 48 35 50 7 31 
55 84 94 98 79 57 65 10 16 83 60 41 92 19 20 67 26 28 93 80 98 43 67 53 13 88 55 89 43 19 7 63 90 28 66 85 6 48 74 82 30 5 54 18 66 43 84 43 38 77 57 71 36 28 39 13 38 56 52 4 29 3 90 64 60 44 44 94 15 71 52 63 56 43 23 39 56 29 20 91 82 86 71 95 4 48 43 2 67 22 94 43 72 30 11 11 43 99 16 55 86 46 89 43 20 74 10 96 25 71 23 85 95 24 90 19 42 54 64 79 62 65 15 17 58 74 33 67 71 16 14 73 99 6 17 45 74 8 60 40 54 85 89 45 30 82 88 37 32 44 62 53 26 5 24 40 32 65 75 32 67 80 11 2 57 80 85 56 80 92 15 48 19 80 68 40 19 87 68 69 40 50 16 38 31 39 68 34 49 83 96 36 48 69 12 27 15 15 48 58 27 18 11 73 12 50 34 69 9 28 83 4 7 98 39 29 58 35 92 67 58 46 7 29 72 8 47 69 97 27 83 15 23 18 80 98 3 43 27 66 49 27 47 49 54 53 33 92 92 75 28 43 53 31 32 1 32 48 39 98 95 82 15 82 10 47 8 17 80 63 10 13 97 84 93 73 64 83 36 91 27 81 84 71 12 89 78 3 6 27 73 76 36 34 75 67 47 96 39 96 
90 22 30 45 9 3 18 44 19 55 91 63 59 19 54 73 83 58 69 49 26 19 72 11 28 56 61 85 82 42 11 71 92 95 46 23 30 85 39 87 48 51 41 57 24 71 26 31 43 70 78 59 66 79 30 83 86 28 98 68 48 96 66 66 55 5 79 32 34 65 74 45 72 73 36 32 94 96 61 44 50 69 25 96 34 31 73 41 13 66 47 34 55 35 98 73 84 53 5 19 28 95 58 10 77 53 82 63 4 2 40 48 49 52 27 52 26 21 79 41 2 49 22 81 23 61 38 64 90 39 26 40 99 63 14 26 95 93 98 93 58 26 30 99 51 73 71 92 56 4 85 72 76 64 66 72 47 63 57 42 95 28 68 66 55 75 98 27 77 60 13 0 14 76 42 22 13 85 58 70 0 50 97 4 8 26 79 5 78 7 23 31 11 3 66 77 86 52 28 18 18 64 40 25 88 14 64 39 20 88 62 56 41 22 0 48 83 51 63 74 8 36 96 4 67 72 72 85 81 33 5 46 99 82 5 15 0 78 64 18 85 50 96 51 18 7 27 26 70 91 0 43 35 31 35 12 82 33 88 4 17 12 43 58 49 30 38 39 61 91 45 75 98 39 67 59 50 58 41 36 95 61 46 35 52 75 45 41 80 66 19 76 7 83 79 8 47 51 27 12 
64 76 76 62 80 79 72 3 95 86 34 5 61 45 42 8 99 68 44 43 26 6 95 86 36 27 30 63 8 43 47 13 71 66 19 7 48 32 64 54 7 73 72 16 62 98 30 26 95 77 67 11 98 21 49 32 46 39 88 53 24 84 28 32 48 55 86 9 88 5 68 31 79 83 88 27 0 64 69 68 44 42 38 26 42 88 73 74 44 99 79 77 19 35 95 88 43 66 28 90 30 15 28 56 70 6 56 84 75 55 48 89 74 40 82 81 48 72 80 79 66 54 81 83 54 83 86 75 94 58 29 98 32 50 57 47 15 68 24 84 77 84 23 67 64 53 49 4 97 77 45 62 61 23 9 77 4 99 69 90 21 10 3 54 8 75 81 50 83 34 45 50 79 80 12 98 9 70 50 11 12 65 34 43 84 44 20 3 28 86 5 95 24 65 64 1 78 25 25 52 4 94 34 2 24 92 89 58 44 58 92 10 58 71 7 54 43 91 27 40 59 17 34 53 59 64 52 48 91 94 41 80 18 26 55 97 53 45 79 45 81 98 61 24 18 0 55 78 30 88 2 58 7 2 84 29 16 84 59 19 84 87 89 72 25 16 56 6 37 50 3 60 14 68 53 7 7 9 33 0 25 87 79 44 29 16 87 4 7 10 16 52 77 86 66 82 54 66 15 12 
38 16 69 90 95 78 76 9 34 6 86 60 52 99 70 93 40 76 28 8 39 69 87 67 46 9 64 84 73 48 7 69 42 76 59 66 92 71 62 79 42 12 48 47 53 0 68 42 71 9 52 78 62 65 91 48 62 61 40 27 32 36 30 61 50 8 77 32 66 54 5 99 69 23 46 21 31 72 39 6 38 78 14 60 5 37 69 50 31 20 60 5 61 94 30 75 53 81 6 31 15 74 8 35 77 28 10 1 72 12 60 56 17 1 45 74 59 72 97 34 63 97 48 46 39 26 45 75 60 35 33 91 35 33 71 96 34 19 88 34 43 60 19 90 0 52 23 4 3 95 50 99 89 13 51 23 97 47 59 15 57 24 45 81 9 61 31 43 78 50 46 81 86 6 80 78 94 13 69 29 48 38 91 4 76 39 73 8 92 38 62 96 31 61 14 46 45 41 28 80 90 7 11 61 64 11 4 18 0 10 5 60 84 21 15 0 8 21 64 83 63 8 15 14 51 65 98 33 59 2 61 73 96 32 77 70 26 98 88 7 94 6 59 38 35 55 37 65 67 52 41 47 65 84 95 88 94 88 5 39 21 58 78 60 36 45 7 20 56 3 95 91 84 28 40 57 4 53 40 15 42 35 4 44 69 34 62 43 29 84 67 77 51 30 83 87 76 18 85 7 
83 0 68 6 4 93 90 15 61 42 88 42 62 95 0 93 25 80 1 21 14 91 88 46 62 81 63 15 38 70 8 39 23 95 14 20 99 28 25 64 99 3 50 94 14 25 23 52 41 6 78 15 60 98 3 8 90 52 72 89 55 17 99 6 4 60 96 52 70 48 25 41 39 43 5 59 96 10 51 46 61 56 91 12 89 10 25 87 45 88 73 34 43 51 79 16 28 85 78 61 89 99 98 75 43 64 24 96 42 63 59 83 3 53 83 86 10 23 83 82 84 96 1 45 3 60 89 55 7 92 27 52 11 1 11 74 66 9 97 56 82 58 70 8 77 32 8 95 44 32 92 93 61 99 34 54 85 78 68 73 19 66 65 85 65 23 50 96 99 2 88 29 48 60 91 45 79 4 52 89 67 5 90 16 69 23 30 79 81 39 64 13 49 8 77 55 49 53 49 87 53 60 20 61 5 17 26 85 38 35 67 91 12 34 22 8 39 20 41 97 56 16 98 98 56 50 4 20 73 86 73 52 70 22 83 79 74 75 41 69 9 35 2 88 96 76 57 53 0 68 17 79 80 41 69 37 79 11 16 94 3 15 63 76 31 24 25 22 26 51 48 74 23 45 26 85 74 86 23 0 96 75 40 99 4 80 90 94 43 21 20 16 91 46 66 86 69 26 57 40 
26 79 93 11 38 90 59 23 24 73 70 90 92 59 89 40 26 52 57 56 74 74 47 14 97 30 66 77 30 68 75 38 88 76 83 87 15 55 63 65 99 35 30 13 6 67 21 60 15 52 62 96 77 42 57 55 56 95 42 46 3 21 63 7 66 1 27 9 32 19 27 0 12 72 70 87 91 11 48 8 97 63 40 79 8 59 0 3 59 50 99 27 25 68 82 94 50 97 45 96 61 99 67 90 34 0 93 95 86 63 83 74 28 79 69 35 68 91 61 89 94 94 53 90 98 75 35 35 14 92 53 39 2 8 25 77 68 74 20 54 94 80 90 80 87 72 54 9 99 88 58 95 71 61 43 8 32 58 59 64 40 89 78 1 40 6 21 57 41 34 92 92 89 32 7 63 5 16 87 43 75 2 32 14 25 99 15 44 10 90 7 99 20 88 61 88 19 36 19 86 26 17 81 99 50 61 59 35 11 97 2 33 11 48 86 85 99 86 65 59 90 70 90 11 2 13 31 13 65 88 79 54 29 0 70 65 23 30 42 9 80 73 57 4 30 86 10 25 33 11 67 84 55 15 23 91 7 85 28 87 98 70 41 19 90 47 69 7 0 48 1 47 66 26 95 46 52 1 37 31 81 67 7 1 65 95 68 32 61 93 39 3 23 40 75 36 34 69 87 18 
35 40 16 97 45 83 0 42 6 4 40 77 46 15 73 52 15 90 50 45 47 34 65 62 19 64 1 50 37 70 67 26 99 48 98 44 49 23 33 78 66 40 68 80 72 50 61 38 9 9 34 57 56 15 45 0 94 51 82 37 66 47 38 77 93 81 11 17 42 54 28 33 99 16 30 10 6 5 66 88 15 80 5 19 59 70 8 68 7 83 6 74 79 95 80 76 47 43 45 69 91 65 25 30 79 4 17 2 22 31 90 40 29 51 13 45 66 59 85 76 46 38 19 4 32 67 48 60 68 5 10 57 71 22 3 18 61 39 97 88 19 17 21 88 56 89 31 23 72 76 70 47 3 32 58 75 0 43 59 38 69 94 60 60 72 31 95 3 86 54 56 94 12 27 66 85 97 27 55 18 5 27 52 14 14 1 99 45 60 57 84 38 91 85 66 2 43 81 62 89 99 40 71 83 60 17 69 97 21 85 48 41 89 36 99 8 16 6 24 94 95 70 15 56 95 88 23 92 85 42 27 57 1 20 62 49 70 64 45 22 27 72 0 58 68 84 98 22 72 10 30 32 18 27 11 63 21 84 55 42 86 55 9 41 5 11 71 33 54 95 36 20 87 88 85 97 36 40 57 51 89 39 31 94 66 31 21 34 93 15 24 98 29 58 18 29 67 29 64 7 
62 63 63 32 60 20 36 48 96 77 3 58 65 50 1 48 33 11 93 81 5 13 13 14 54 99 52 22 2 73 87 30 84 1 75 46 93 40 99 43 99 64 83 94 62 89 54 54 73 79 96 21 38 85 25 94 7 1 98 59 13 88 5 25 70 79 85 35 69 0 18 22 66 62 16 14 8 75 21 71 20 47 41 39 65 79 91 35 43 77 76 24 14 80 77 20 84 2 14 94 32 38 56 21 58 0 7 20 56 39 39 8 38 92 49 97 74 98 69 40 56 74 8 34 34 5 78 3 31 68 0 8 37 30 14 44 91 40 75 21 41 80 17 83 38 94 29 25 56 5 57 18 41 53 56 4 28 64 68 71 99 63 94 45 15 25 72 75 52 12 20 10 59 66 47 29 43 39 72 22 11 48 11 13 11 31 16 2 14 63 6 96 68 70 3 90 52 93 69 7 29 31 25 5 95 90 54 99 35 15 21 68 87 99 2 13 37 81 20 56 70 65 79 31 53 8 52 26 8 92 36 29 8 68 68 59 57 55 79 50 55 23 35 58 19 36 68 43 14 91 82 1 37 91 51 77 55 45 54 59 1 62 55 80 80 93 53 25 37 85 63 26 42 66 12 78 90 48 62 15 18 19 68 49 22 64 63 61 51 79 17 59 67 80 31 42 74 0 31 71 
42 45 87 61 4 22 15 29 49 2 82 52 49 26 20 19 11 15 53 1 43 70 48 32 91 34 84 37 41 8 92 8 73 6 84 93 39 17 21 81 63 3 31 2 39 39 60 63 23 50 96 76 73 72 29 93 98 47 91 95 51 94 95 21 1 5 46 14 75 7 97 89 95 39 54 78 11 62 98 7 80 12 1 5 41 46 48 71 49 51 78 73 65 40 42 43 61 32 45 91 40 15 76 0 81 88 64 69 98 98 72 5 62 88 99 64 38 85 61 91 62 69 79 93 14 35 63 86 13 90 58 6 12 55 86 17 10 47 54 86 17 54 47 71 81 13 18 10 20 39 44 60 27 35 19 78 59 51 59 7 89 24 34 40 35 92 58 29 40 76 70 40 39 76 19 44 30 75 62 83 68 34 81 40 34 6 57 77 49 77 22 80 81 85 43 86 86 47 2 50 11 78 88 35 8 39 79 54 12 46 34 87 2 74 55 98 0 94 13 31 20 28 51 49 83 1 7 97 67 36 24 61 99 85 55 2 24 74 98 67 60 93 86 25 75 25 57 16 22 84 16 77 35 63 19 35 69 98 38 40 87 34 73 73 78 25 63 47 49 71 99 14 73 96 56 82 4 77 98 5 72 75 40 96 90 93 41 81 50 6 27 7 84 39 48 25 19 57 66 83 
66 50 84 78 56 17 15 33 93 92 16 63 2 45 26 3 95 60 56 90 40 15 55 90 41 7 2 68 65 82 1 37 24 63 13 6 28 51 90 64 40 42 9 64 19 93 69 26 22 61 66 41 87 57 14 14 82 43 94 43 87 64 85 76 51 56 45 24 49 18 64 20 31 88 46 21 14 60 48 96 95 46 98 45 2 92 90 9 1 10 3 95 15 59 84 63 88 80 11 77 68 8 52 82 42 79 10 70 90 5 88 3 19 91 79 91 12 15 84 70 21 33 54 55 34 88 4 94 36 89 69 16 71 28 64 77 25 9 41 67 71 57 39 7 62 8 42 5 77 7 95 4 47 22 20 13 61 74 6 91 80 44 76 69 91 78 16 57 26 60 83 50 92 66 57 66 35 50 25 0 95 25 16 40 17 87 92 20 18 58 59 1 18 4 81 39 47 46 93 4 54 51 32 86 52 67 2 78 63 2 12 64 38 82 52 68 46 12 67 23 26 94 35 11 45 88 26 80 91 30 18 57 50 9 62 71 17 70 0 89 73 23 88 72 75 94 12 76 53 4 17 41 67 47 0 77 43 2 62 20 99 5 36 34 74 8 3 52 30 36 98 79 20 70 35 75 42 37 79 53 79 50 50 90 64 6 24 35 75 1 35 54 87 27 94 99 56 25 25 96 
67 68 5 28 36 80 26 76 9 54 95 20 72 74 72 9 56 71 50 54 69 78 76 0 65 28 27 70 55 11 22 23 16 46 10 54 93 42 65 31 63 51 27 41 76 0 35 82 75 1 95 80 74 51 9 21 88 81 33 87 22 36 8 93 16 55 54 72 87 74 88 87 79 6 91 36 39 46 52 69 38 74 2 85 19 40 51 36 50 82 63 98 50 94 21 82 83 94 83 57 81 54 46 20 45 38 24 67 6 29 42 88 29 80 74 44 22 61 68 47 52 44 52 74 82 9 60 59 2 4 91 75 57 72 55 71 36 26 84 74 85 54 81 64 12 9 82 9 59 18 87 34 92 83 95 29 45 10 47 90 46 98 94 32 3 23 16 19 32 17 76 65 10 51 15 55 13 58 55 33 78 36 47 31 97 95 91 72 22 98 68 89 81 29 96 16 6 46 60 45 98 91 94 1 83 66 91 5 62 22 9 8 96 59 10 30 48 17 18 83 62 90 52 50 97 80 86 88 60 6 72 74 26 85 1 36 41 83 2 65 58 83 50 25 98 54 48 52 27 89 80 47 59 62 14 19 49 41 41 76 91 72 50 98 14 17 59 65 82 24 18 66 57 83 18 0 99 20 90 40 51 98 58 17 25 29 0 96 75 92 85 5 44 93 38 72 9 9 52 29 
51 99 68 15 48 79 38 42 69 20 2 99 41 26 22 18 3 73 30 56 71 36 9 6 11 0 60 12 96 94 89 96 35 59 4 85 38 81 34 48 98 25 94 54 5 57 43 99 3 35 78 18 2 97 37 47 1 46 47 99 21 79 81 45 93 24 80 43 3 68 84 81 91 33 78 52 29 12 36 47 7 46 62 24 61 71 4 44 72 59 75 93 6 26 43 19 36 60 97 89 93 33 82 84 20 52 84 82 91 50 43 17 60 65 28 14 91 22 64 20 23 78 90 24 92 0 15 57 0 23 60 55 61 80 52 54 5 84 72 62 52 38 6 55 38 82 9 66 8 5 24 2 96 86 79 6 86 65 19 47 74 99 87 45 74 87 85 82 17 68 23 45 32 8 42 32 91 12 33 48 40 13 50 26 54 61 39 31 12 23 47 50 62 29 21 28 2 55 46 56 81 8 13 57 40 63 11 62 90 29 46 1 23 70 39 36 37 92 87 57 35 6 18 99 44 67 32 8 78 51 33 96 75 14 9 28 16 15 53 7 6 55 97 20 42 89 18 77 36 24 22 0 60 11 67 23 81 6 82 86 81 56 65 9 70 92 29 58 41 75 11 84 85 5 36 88 8 54 82 32 81 14 21 77 9 2 59 29 14 9 5 14 50 53 40 8 38 82 49 76 
8 26 80 42 24 25 90 57 61 48 8 28 69 21 29 73 54 39 58 68 93 59 29 42 26 27 67 53 10 79 57 21 79 85 22 69 98 38 18 42 85 46 5 43 2 9 2 33 10 1 53 36 28 49 14 98 8 1 88 15 58 99 14 87 23 8 69 12 20 3 17 94 80 49 35 0 85 70 88 87 80 26 72 67 57 99 34 54 27 27 94 99 66 54 91 72 20 28 9 84 33 28 12 71 18 17 38 33 17 57 17 50 85 83 1 0 90 95 54 95 97 26 42 26 98 69 21 38 72 34 91 15 16 74 61 68 97 32 55 61 56 53 6 18 93 84 79 63 27 29 42 52 15 29 53 44 15 47 94 55 55 67 66 76 98 41 86 72 91 51 81 46 3 24 83 20 34 96 62 83 62 77 2 98 49 28 55 4 52 77 57 68 78 33 2 48 52 33 97 6 63 1 25 2 53 44 67 91 61 98 59 82 92 13 51 64 47 23 1 40 66 72 3 96 38 47 52 18 47 64 3 73 22 36 6 78 39 77 94 33 89 2 8 48 73 98 84 60 61 41 76 36 70 23 88 73 63 93 16 35 3 11 14 10 10 66 14 79 81 30 23 47 34 56 53 52 17 27 8 42 70 67 29 68 84 52 41 38 3 77 52 74 90 65 98 51 50 82 4 52 
0 53 85 31 96 40 99 14 44 1 49 26 92 92 80 18 91 55 82 78 87 11 88 45 57 53 71 52 32 57 63 66 54 16 93 29 46 64 71 69 72 96 41 10 47 22 12 50 61 99 18 51 12 83 50 10 23 43 13 90 81 49 6 29 98 9 13 6 74 14 47 71 62 68 17 68 13 81 77 76 24 11 83 30 99 0 58 58 59 38 0 90 13 90 30 49 20 66 78 78 31 43 50 46 26 83 12 71 89 56 7 72 61 11 78 17 4 46 2 96 80 41 44 67 84 96 99 71 39 67 88 60 1 35 93 27 9 78 96 52 8 20 61 70 94 36 91 64 42 29 40 85 59 45 87 72 56 61 30 22 74 15 42 63 66 58 34 12 81 47 92 0 13 15 57 89 79 95 3 0 79 26 63 79 78 70 17 67 77 13 42 72 35 62 46 44 68 53 22 97 81 69 84 39 36 20 27 72 83 98 75 11 31 35 21 14 86 55 92 54 92 47 82 97 66 89 97 47 69 7 77 18 1 2 98 55 43 82 48 84 92 58 0 23 48 76 59 75 72 3 87 88 65 73 87 49 87 30 47 50 55 9 79 64 68 14 24 95 53 72 11 6 17 29 13 19 17 22 69 51 45 74 82 66 73 95 74 88 35 59 66 25 83 57 76 46 91 42 29 38 
94 10 68 62 70 87 94 5 72 85 72 19 93 90 75 49 82 29 0 79 3 76 26 18 63 94 35 33 82 59 88 74 72 62 27 31 47 37 41 75 15 13 14 55 56 22 8 21 80 43 56 32 53 99 54 28 22 51 55 72 81 70 29 88 75 26 48 7 57 9 8 70 9 86 24 19 14 7 57 6 38 92 17 81 40 59 69 56 63 10 92 44 50 75 44 48 71 87 38 96 89 68 31 49 51 16 85 29 2 0 86 87 48 42 76 93 49 25 73 91 87 12 32 36 44 54 20 51 29 5 25 60 77 26 88 90 71 58 56 16 38 3 57 48 44 61 60 61 7 65 5 85 21 30 53 37 98 84 35 86 66 92 57 17 45 1 78 98 16 34 6 36 28 1 27 10 97 96 89 33 1 42 32 36 82 47 76 47 62 59 82 92 38 93 45 25 23 72 43 87 51 84 26 4 96 95 72 16 55 83 27 90 5 16 98 15 24 74 63 3 48 93 34 73 89 11 52 80 97 76 46 11 92 90 92 6 55 84 77 73 84 9 97 19 57 67 90 8 0 82 61 9 88 14 41 88 0 9 41 10 58 7 7 15 25 35 4 18 8 85 19 31 92 96 38 81 3 65 54 63 11 65 6 39 59 44 62 75 16 28 83 50 57 43 68 12 67 93 17 61 
89 2 40 30 33 93 14 30 53 30 47 85 52 35 17 39 63 75 73 68 91 85 30 39 79 51 39 76 83 9 44 46 32 42 35 16 98 75 90 33 18 46 59 16 29 58 24 32 52 63 58 78 60 92 79 50 50 39 31 20 73 70 0 66 83 86 90 46 12 84 98 23 72 18 75 6 1 9 97 48 64 60 22 74 28 63 25 25 99 17 77 17 17 37 50 11 31 67 83 54 88 90 47 51 74 51 47 88 6 35 77 95 4 16 78 54 71 56 11 71 58 54 16 32 47 58 15 33 44 15 75 5 93 85 87 14 74 45 57 54 85 62 18 20 86 5 70 87 56 80 1 65 22 1 33 66 28 43 17 82 59 3 65 45 54 64 25 49 89 47 64 47 95 47 24 43 6 93 31 46 81 27 91 20 63 29 61 33 11 94 99 1 75 93 65 14 56 81 84 11 89 84 94 66 78 15 97 84 89 50 0 10 71 57 82 74 96 72 47 40 7 13 34 17 1 74 24 4 18 81 83 83 85 91 21 76 54 17 27 78 90 39 93 66 72 68 64 33 84 18 2 69 80 9 62 54 40 50 36 15 76 71 10 45 56 15 1 98 31 99 55 84 36 94 85 41 89 13 24 65 73 72 58 78 7 83 55 96 61 3 17 93 88 32 0 57 51 96 15 82 
37 46 12 91 19 66 41 77 6 28 81 71 83 57 27 17 77 33 4 45 44 33 26 44 7 89 93 88 10 79 45 69 95 3 79 77 84 11 64 48 34 44 81 88 1 5 91 84 13 42 67 16 65 61 23 40 26 16 11 55 25 11 89 84 0 0 74 91 62 10 13 2 67 59 78 76 39 59 78 44 9 28 8 70 24 18 84 7 66 47 76 64 67 45 47 77 41 26 12 28 77 91 40 12 27 86 65 65 27 15 41 5 55 88 66 0 35 36 97 93 66 38 39 43 5 97 49 58 45 51 93 93 58 27 60 52 61 79 63 86 57 26 65 55 63 98 61 29 60 38 15 10 21 51 15 78 94 26 47 8 47 59 20 42 85 15 97 62 46 34 95 85 94 85 40 85 26 22 45 36 82 59 1 78 79 62 58 73 87 54 62 15 82 37 78 14 9 34 1 17 48 55 33 42 13 31 26 72 44 93 41 10 27 30 13 37 47 99 89 51 37 55 37 48 32 16 73 66 11 77 76 57 36 48 49 22 20 8 44 88 29 41 42 22 0 18 45 85 31 55 34 95 41 54 82 87 84 52 27 65 88 30 1 26 98 60 3 42 23 64 29 78 39 56 77 42 10 5 25 14 58 23 81 77 80 72 64 36 39 58 0 74 16 70 72 1 13 79 49 80 
50 27 40 79 52 93 17 16 69 83 7 31 28 75 79 41 86 93 35 20 92 57 75 31 93 20 33 7 76 59 49 29 99 55 91 29 80 66 56 52 13 85 79 67 52 39 66 24 84 64 27 60 99 21 2 10 6 6 37 80 37 30 30 44 18 55 7 67 64 94 6 1 24 5 87 84 63 19 16 22 71 48 22 27 57 6 37 7 58 46 31 84 61 10 29 92 39 26 90 11 74 66 94 54 99 99 51 13 82 2 66 37 14 18 81 0 70 39 31 31 96 70 53 8 38 34 20 85 61 77 95 20 60 94 58 2 22 54 8 41 9 2 74 71 73 10 90 25 63 18 77 46 10 50 47 74 94 72 73 6 99 54 25 21 84 56 19 21 9 70 61 58 8 68 64 71 82 26 77 15 68 80 43 22 9 35 27 70 27 2 71 28 5 15 46 78 13 1 96 90 66 23 56 95 2 29 19 32 98 92 57 83 13 48 25 88 85 47 23 54 28 70 12 60 58 13 8 89 25 7 46 98 9 90 76 92 77 2 67 25 16 63 22 35 71 19 50 65 77 27 73 9 32 91 77 94 76 88 52 1 21 84 32 4 32 10 59 31 8 63 28 33 12 14 34 26 86 21 60 27 34 63 21 51 6 70 32 97 95 8 49 18 64 20 90 19 38 7 70 4 
3 73 60 32 3 98 72 38 57 34 68 77 42 79 75 5 88 71 61 68 60 19 91 56 38 46 53 62 42 19 99 46 33 50 25 75 87 32 0 9 93 27 27 49 63 82 97 80 41 88 32 65 4 74 84 77 81 48 94 70 28 65 59 13 71 73 6 89 35 59 21 96 23 77 95 42 97 54 42 24 28 23 64 83 63 77 86 33 86 46 40 87 55 42 50 6 16 7 85 50 41 71 28 81 15 35 17 75 44 33 81 11 13 29 58 41 44 83 18 32 31 23 13 16 17 96 18 63 32 2 8 41 92 96 90 61 94 85 99 98 85 35 10 81 37 19 40 65 85 10 8 45 86 61 14 0 5 73 91 6 3 64 29 55 60 90 40 70 42 40 57 60 35 22 32 38 2 91 34 38 99 87 74 4 55 76 45 63 38 43 23 87 13 34 86 73 23 40 74 6 62 45 9 24 93 0 86 22 67 98 32 53 99 98 60 44 52 0 76 32 11 17 84 52 72 21 97 53 8 70 26 62 55 48 28 50 10 25 46 49 36 33 31 32 82 95 37 81 92 11 14 10 6 64 9 89 68 92 63 76 97 68 41 56 27 15 50 7 85 83 39 97 50 28 32 31 60 89 59 48 16 36 52 64 6 99 2 73 37 80 44 4 51 32 41 43 94 83 86 21 
10 48 96 93 78 22 83 32 46 60 90 61 88 94 13 23 75 6 95 7 12 3 15 7 28 20 3 72 40 45 62 81 32 58 27 29 89 74 38 42 25 37 38 27 22 84 70 49 23 34 1 63 59 75 90 18 67 85 86 51 72 63 62 82 83 48 26 98 64 89 78 52 57 95 4 30 48 17 11 1 61 29 64 42 99 71 50 96 15 67 8 6 82 36 97 42 95 97 71 20 11 48 74 13 78 86 17 21 13 25 80 36 96 67 72 90 48 65 64 76 4 52 76 59 9 34 79 94 2 51 69 99 23 74 5 49 17 56 95 18 79 64 38 52 30 10 2 39 98 13 7 38 72 92 49 83 80 97 30 95 97 55 18 15 52 66 36 73 25 72 3 85 97 48 52 70 52 75 67 28 0 4 91 45 7 24 57 75 1 8 97 96 77 84 29 55 80 75 35 52 51 85 44 66 84 40 72 80 18 76 87 12 16 44 5 77 78 5 75 16 70 8 18 34 19 37 50 94 27 23 73 42 73 40 2 8 65 31 2 47 32 24 58 45 48 53 24 8 70 69 13 10 21 6 18 53 62 66 13 93 70 21 46 84 76 25 9 89 17 99 93 35 91 54 28 81 39 36 96 83 68 3 68 64 21 59 69 92 63 25 60 36 10 30 47 23 67 69 69 15 
87 45 93 34 70 63 36 32 17 63 77 46 22 60 97 58 73 1 62 80 38 38 98 67 62 10 32 45 83 56 64 45 73 21 33 5 91 42 58 36 25 11 95 6 76 61 18 7 69 95 21 82 11 91 14 69 25 46 4 71 24 55 25 57 90 29 51 33 66 6 80 34 87 70 5 54 68 75 18 66 70 29 13 83 34 15 43 23 54 54 74 25 15 31 5 30 35 99 19 31 63 66 65 86 67 96 90 98 43 12 68 39 84 50 15 47 5 60 7 56 67 97 7 1 96 1 7 39 36 59 61 14 46 78 97 11 96 33 83 2 73 2 54 27 28 57 3 1 24 66 60 65 19 9 78 25 42 31 43 73 5 93 28 21 86 5 85 61 94 33 36 13 68 77 48 64 13 36 61 42 19 54 45 29 87 41 1 21 85 14 70 2 84 23 40 81 56 85 36 47 5 27 98 66 88 47 43 65 9 53 60 5 73 38 54 42 46 65 11 75 18 45 62 20 99 53 73 19 84 90 49 65 91 62 20 54 33 65 1 56 59 6 98 17 42 30 99 98 27 96 64 8 76 84 79 29 49 26 60 64 48 22 52 46 79 98 61 14 43 89 3 56 12 6 79 93 43 98 92 43 24 79 32 62 93 69 84 67 82 1 83 5 98 32 66 22 62 33 70 61 
89 70 51 0 66 33 70 73 87 70 25 83 57 15 86 20 38 7 30 29 4 86 27 79 81 53 24 86 70 50 2 40 48 60 67 27 55 76 1 37 79 83 85 17 14 25 94 70 41 21 88 75 61 47 27 46 43 50 72 16 12 66 96 50 75 44 46 64 42 27 85 25 16 36 45 59 18 57 35 70 7 24 62 35 66 6 0 82 79 12 46 9 5 47 30 35 11 59 99 96 42 1 85 0 55 80 2 13 90 92 9 34 33 49 53 8 63 74 52 57 49 7 76 74 36 6 25 30 1 17 63 44 98 93 7 65 49 79 79 83 20 71 83 51 72 59 8 62 56 70 11 38 37 78 57 64 46 37 97 97 59 50 4 17 90 70 53 76 50 55 94 79 73 26 42 20 14 54 40 43 67 4 41 31 54 83 74 51 59 84 35 64 45 31 19 76 8 6 90 98 7 44 84 74 66 52 86 94 20 6 1 4 91 1 28 21 39 77 3 13 11 16 20 54 15 44 81 54 71 26 70 18 86 33 98 32 10 13 63 36 30 10 50 82 72 27 43 37 44 41 72 82 99 26 23 82 50 8 87 60 2 36 28 44 24 58 85 82 32 56 4 87 38 73 31 14 54 67 29 66 64 60 63 10 44 90 13 48 81 7 28 17 4 55 41 86 28 1 58 91 
19 61 77 36 72 68 67 42 23 87 11 93 4 16 84 50 21 17 6 51 70 62 19 23 34 51 59 25 89 53 94 32 39 90 65 14 74 74 23 13 53 32 95 37 4 23 95 16 76 5 12 10 30 37 95 97 89 89 34 54 89 95 43 40 72 57 95 57 5 2 55 53 27 38 82 26 71 13 84 30 97 59 46 79 46 93 6 41 58 22 76 22 17 68 64 50 68 45 13 0 71 31 54 32 59 62 86 34 58 33 6 27 64 46 64 38 21 49 41 31 83 89 19 91 93 52 96 3 47 51 11 87 68 91 85 21 78 63 19 81 35 97 31 37 51 92 53 53 97 52 76 78 34 0 60 89 49 30 57 54 47 89 6 39 56 32 57 84 92 95 74 49 20 14 24 62 95 87 11 71 51 24 92 89 21 54 57 91 98 98 22 84 86 25 14 57 55 49 53 74 23 1 89 95 33 61 55 70 27 61 24 67 32 25 8 13 40 93 61 95 29 46 94 80 37 93 89 46 13 64 20 51 78 91 21 0 45 62 13 42 51 63 18 24 3 80 1 20 51 50 3 84 61 62 21 40 4 58 50 70 84 83 76 50 49 28 75 63 0 47 21 44 47 9 61 95 22 95 12 58 62 68 49 16 3 58 81 60 87 14 50 65 56 54 60 71 96 27 6 79 
12 30 82 74 96 55 15 60 6 81 37 29 98 53 57 60 26 11 87 83 70 49 2 86 46 75 41 37 8 57 66 52 60 67 23 99 88 18 0 85 71 37 23 23 11 52 36 35 46 48 84 93 3 98 52 94 89 9 21 44 16 50 94 66 44 19 9 53 50 90 88 84 68 13 86 86 32 67 78 63 84 87 58 52 64 46 4 84 31 10 10 61 82 77 34 91 11 45 59 80 37 62 0 84 59 45 23 1 98 94 75 60 68 94 11 6 69 72 86 6 82 32 26 46 48 36 95 58 92 31 87 40 87 11 0 34 66 34 57 79 19 50 26 13 70 24 6 70 58 81 19 34 59 67 58 37 77 92 93 29 17 84 67 56 87 54 14 95 52 98 92 10 16 45 44 57 57 39 33 17 80 17 80 84 76 74 25 2 27 95 18 77 73 10 53 33 81 47 41 78 57 67 37 39 49 46 59 4 58 99 68 54 81 20 91 77 24 70 88 9 23 16 78 50 16 56 55 86 8 8 42 68 63 20 18 55 3 92 73 61 98 98 60 96 56 40 89 56 21 79 48 57 46 19 19 84 36 17 7 75 90 41 58 75 29 35 62 22 97 52 20 71 16 41 16 82 52 8 53 77 69 67 26 37 8 75 78 3 17 21 44 81 88 46 50 22 89 50 39 37 
65 59 42 43 2 18 19 33 78 46 10 36 35 53 54 19 97 58 33 4 34 17 71 63 11 73 59 1 9 3 82 35 85 57 16 96 57 43 89 69 53 36 78 68 48 72 59 37 36 77 11 12 55 73 6 76 95 41 2 64 53 3 17 99 16 22 39 46 3 69 33 88 42 23 60 94 91 32 55 92 62 41 91 35 37 87 36 64 88 48 89 85 17 95 34 49 58 93 87 46 52 51 40 14 72 18 66 71 58 92 83 69 82 12 46 97 33 6 86 17 91 1 43 79 78 29 75 68 60 29 16 83 17 27 71 2 77 68 12 71 90 73 10 5 72 21 53 79 67 91 8 58 30 90 26 58 86 70 7 25 64 34 75 44 5 26 98 73 2 68 17 49 33 46 74 54 4 6 78 77 35 93 76 89 72 58 42 70 87 71 97 42 20 24 45 58 18 82 48 51 11 88 80 71 59 53 77 63 31 94 92 87 68 79 17 84 57 27 31 58 42 27 55 2 75 21 23 39 15 61 81 60 83 9 42 68 23 97 83 80 78 56 83 59 77 18 47 12 70 31 48 61 59 40 8 84 91 74 59 93 11 59 51 66 96 71 37 84 24 9 37 5 3 16 97 35 72 87 45 61 53 27 69 64 38 36 75 30 19 22 40 1 18 79 61 78 80 21 64 43 
97 70 43 32 17 1 25 34 74 72 51 11 59 57 73 22 60 65 68 63 42 75 98 89 18 97 39 64 91 86 89 43 70 37 60 13 6 70 14 97 66 10 7 87 38 91 89 63 82 44 88 63 91 88 47 95 23 14 81 74 81 34 9 49 60 67 58 60 4 36 8 1 20 40 27 52 25 95 42 65 54 9 48 46 23 74 78 80 51 22 18 10 49 6 32 11 68 14 24 63 8 99 7 74 43 89 58 48 76 69 51 88 13 14 18 62 97 67 36 40 35 85 81 91 46 58 40 34 34 9 33 44 17 58 78 96 5 84 76 76 91 36 53 12 22 50 71 23 12 35 39 46 55 12 26 81 71 85 46 83 51 59 12 20 38 10 68 34 1 18 63 17 90 74 85 89 65 80 71 71 48 8 56 84 76 72 17 26 77 13 88 24 46 22 43 85 89 70 66 15 59 92 49 11 68 81 62 35 25 33 33 18 13 3 73 32 83 26 70 98 40 71 29 27 61 57 34 98 70 33 1 18 92 13 41 18 70 72 96 54 1 1 52 12 52 17 22 5 79 58 70 8 49 8 12 6 12 25 68 83 7 81 25 82 89 45 21 17 46 18 22 27 69 22 48 64 58 63 22 10 86 52 83 76 54 88 30 1 32 13 77 13 35 81 95 42 53 85 46 55 
74 76 90 93 17 60 35 11 70 87 18 52 39 83 61 83 21 59 65 67 39 22 40 13 10 88 76 29 34 69 40 28 34 21 86 30 97 39 18 67 78 57 24 68 55 84 10 24 85 61 83 13 25 30 46 6 84 72 48 6 87 32 27 22 29 81 62 35 82 41 52 32 69 83 70 64 44 12 53 72 67 24 78 65 69 80 73 2 84 29 58 73 22 90 20 23 20 63 43 84 50 79 79 95 85 40 78 92 52 22 21 41 48 27 47 48 97 70 2 30 66 81 20 45 39 65 90 19 39 56 98 79 27 31 37 37 94 83 45 55 86 70 89 8 31 77 10 71 99 70 12 83 95 40 3 44 33 55 16 33 26 85 75 62 74 11 7 68 6 43 5 1 78 3 61 41 48 56 45 87 65 69 89 52 20 54 64 35 73 41 83 33 97 56 41 40 48 30 28 57 89 91 58 72 86 5 25 87 59 72 59 60 17 44 1 20 13 2 54 91 68 65 76 90 46 69 0 85 77 61 41 36 33 48 50 9 17 36 88 46 98 57 79 86 58 45 7 19 17 85 41 91 52 98 34 90 23 53 31 82 82 3 58 53 94 58 40 32 62 24 38 6 57 8 83 12 82 41 71 88 33 25 13 72 94 50 59 4 29 22 72 54 79 68 43 1 55 35 65 26 
64 21 1 66 84 53 13 28 45 59 77 20 41 40 21 97 30 43 34 99 97 40 82 52 1 91 17 8 38 2 36 54 70 92 99 8 51 65 78 20 52 66 13 74 80 6 17 67 45 5 54 1 9 31 20 86 50 18 44 41 65 28 77 9 99 19 56 42 32 76 8 49 29 47 47 56 23 10 5 24 46 52 66 26 99 97 53 48 53 14 86 54 20 89 84 48 79 19 29 97 44 18 63 64 93 10 81 87 47 18 95 97 52 48 24 74 80 79 83 30 1 59 81 9 0 41 48 35 99 27 71 39 47 53 14 91 41 14 92 25 25 11 4 36 15 91 22 98 57 62 42 38 21 4 65 44 54 74 24 24 21 17 70 98 96 26 63 99 96 30 42 64 49 33 2 51 19 26 90 17 20 91 19 26 73 18 9 78 14 85 56 91 40 39 97 8 57 23 65 19 65 88 77 99 50 13 89 28 52 36 82 12 97 7 41 5 87 32 61 24 59 22 71 55 36 75 28 45 85 65 76 7 86 14 59 58 76 12 9 10 62 15 10 43 72 54 88 88 55 4 93 37 38 70 86 46 49 35 14 84 59 27 47 20 99 83 98 53 92 69 49 56 51 67 64 53 62 93 72 15 74 96 71 12 80 45 71 50 78 66 33 47 55 95 24 81 75 69 86 49 
4 59 76 16 98 74 79 40 82 22 45 40 4 65 90 1 14 26 86 22 63 17 65 73 92 6 75 84 37 43 68 26 6 41 40 14 57 57 52 4 53 22 53 17 26 22 73 83 39 58 42 10 73 25 69 86 96 97 56 39 64 71 7 49 94 54 76 59 8 6 20 14 20 90 85 91 49 99 57 62 92 16 13 45 74 2 1 20 13 99 67 37 76 96 89 50 76 15 29 88 21 57 84 92 50 60 24 70 59 96 80 11 91 87 50 42 7 41 10 39 82 40 92 49 55 71 39 73 54 24 5 19 48 71 25 70 92 78 7 44 90 58 94 16 93 22 22 29 75 32 41 23 60 73 71 3 87 32 32 87 87 31 49 31 83 71 9 27 30 68 24 88 58 31 45 44 56 36 81 21 72 39 68 11 66 25 2 73 38 26 25 48 15 69 17 83 8 63 38 96 2 64 87 67 32 57 94 24 81 79 70 51 82 82 67 31 62 67 62 99 10 72 40 43 80 87 29 60 34 9 14 53 75 75 93 32 79 63 84 44 22 6 32 67 60 11 65 88 81 11 95 97 58 12 91 96 19 97 30 51 41 85 36 74 83 96 87 97 76 39 1 49 14 95 10 9 60 51 6 99 41 69 92 34 22 65 23 52 1 31 47 59 48 0 79 51 87 93 46 9 
50 11 8 1 76 11 12 33 76 53 48 79 74 61 48 92 90 13 81 27 54 19 96 23 16 42 36 8 99 45 55 96 46 90 3 21 52 69 61 30 75 44 10 77 85 33 21 95 65 31 34 49 5 48 79 21 97 1 13 92 91 65 45 30 62 47 51 1 76 61 29 29 63 15 48 44 66 74 94 20 54 31 77 23 7 3 29 45 70 0 77 3 59 83 19 93 96 56 63 35 41 16 8 60 23 50 72 36 54 96 91 48 87 98 87 18 5 72 51 55 4 4 72 86 74 67 52 49 94 97 38 71 79 67 75 18 4 1 10 22 54 97 12 38 6 63 23 65 78 28 62 15 34 70 26 70 19 99 67 1 87 78 81 83 24 13 38 59 4 90 57 17 17 54 0 32 43 6 90 63 44 14 15 24 35 95 88 48 34 28 3 86 16 91 50 13 99 2 51 4 97 91 38 47 64 81 44 28 59 22 42 20 93 21 78 59 46 20 16 86 70 94 16 32 60 8 39 88 79 91 45 43 15 71 9 79 94 45 14 18 77 15 77 39 43 66 36 17 99 29 72 74 28 61 71 14 29 65 31 44 86 52 10 52 36 0 42 37 38 24 91 33 35 0 25 60 5 69 93 53 44 34 49 76 84 43 59 19 67 62 83 1 23 54 23 40 88 60 61 57 
33 75 95 18 9 15 45 35 81 1 84 4 9 1 74 16 31 6 68 46 16 28 50 93 42 50 7 72 73 61 45 57 0 0 35 69 43 99 54 53 43 9 89 35 48 93 34 96 73 18 60 80 90 31 5 50 28 16 31 49 64 6 65 91 94 67 71 5 12 60 36 17 8 82 12 22 80 4 54 16 62 99 76 57 41 9 53 38 88 18 40 43 34 74 94 11 67 47 86 36 36 3 19 15 71 40 45 85 47 26 4 98 87 18 5 56 46 19 5 7 12 71 37 84 25 59 78 51 96 0 26 81 75 13 96 69 5 97 46 50 85 10 75 7 59 56 32 25 55 78 86 54 2 72 13 46 12 33 6 23 60 48 84 32 75 19 63 5 72 15 45 54 58 54 44 4 40 79 61 34 23 68 9 55 79 25 27 83 27 83 14 3 10 39 75 25 81 82 84 98 61 61 17 58 51 98 33 72 85 55 94 48 70 30 44 63 77 28 79 36 0 3 69 61 2 11 28 10 45 8 7 99 26 33 98 87 59 92 6 23 88 77 23 46 36 21 15 73 69 40 51 81 98 44 77 47 48 2 99 32 82 71 60 73 41 50 14 81 84 56 78 46 74 55 81 94 85 74 19 62 50 48 86 58 15 88 66 65 31 96 48 12 39 60 87 11 11 10 70 46 
56 88 37 48 5 78 93 93 22 73 50 62 51 38 7 77 13 29 96 65 76 39 92 79 90 51 93 41 18 37 17 6 87 9 90 60 57 64 43 83 26 98 59 5 93 38 89 82 27 10 44 10 12 4 10 75 69 58 98 37 11 55 53 43 21 23 56 69 43 89 44 54 43 17 26 76 67 43 74 42 21 60 45 1 43 74 59 95 76 86 80 61 26 78 68 28 92 98 48 8 67 4 99 34 12 75 22 55 11 38 16 65 12 47 54 64 97 32 20 30 93 13 0 39 31 43 31 74 41 46 87 24 8 60 24 93 35 46 51 92 85 69 78 37 51 33 93 42 14 53 21 2 1 5 35 0 98 78 3 79 50 99 66 1 60 34 35 12 11 7 33 82 61 24 41 71 45 51 84 80 8 50 60 11 32 74 87 11 70 26 16 89 70 86 19 56 20 62 38 70 85 74 76 12 57 70 69 31 60 61 96 28 41 99 62 13 12 72 58 53 11 81 42 74 91 83 79 67 88 88 13 63 67 91 83 68 87 31 62 98 31 33 42 99 90 2 28 57 76 57 60 55 15 45 39 60 24 46 92 92 80 3 28 89 17 94 0 47 85 27 55 68 88 16 30 51 45 81 3 32 14 28 79 0 35 42 28 22 88 84 90 83 82 49 59 50 92 91 96 15 
30 3 6 94 56 9 33 5 53 88 74 55 61 47 5 62 28 5 96 55 17 19 69 21 40 69 71 25 47 16 60 43 82 26 55 26 31 21 92 54 0 41 12 23 9 82 55 65 70 78 39 19 26 8 19 76 18 89 75 52 77 83 85 21 20 12 48 23 39 11 59 1 65 5 46 41 63 74 51 3 32 90 72 42 1 55 92 12 28 7 50 96 63 42 2 73 79 53 46 78 54 6 34 83 33 11 48 1 93 37 33 28 40 30 35 88 47 61 20 7 46 18 52 8 72 22 17 65 76 30 43 36 38 97 49 2 73 5 25 82 54 96 30 23 11 88 76 80 76 16 94 4 95 16 12 1 76 89 23 78 83 95 53 52 12 78 27 80 77 17 9 73 1 10 46 64 89 47 21 48 82 61 74 73 49 32 12 79 73 40 59 13 48 72 48 88 4 65 21 65 72 78 0 83 47 28 45 40 79 69 0 89 72 88 28 43 39 54 1 72 2 18 16 62 57 40 45 25 65 99 99 93 2 29 46 48 49 69 94 76 91 17 22 4 90 37 30 50 82 87 32 62 86 86 68 72 81 2 54 91 57 43 71 49 81 6 8 12 57 26 53 17 43 70 61 54 68 50 87 73 88 12 42 13 28 9 28 61 22 58 75 4 57 63 38 84 11 20 79 78 
27 63 42 25 70 70 6 46 10 14 3 46 80 34 97 42 11 9 13 11 4 6 3 39 65 32 1 44 45 54 0 44 82 4 34 65 30 85 77 24 4 2 29 13 13 70 36 50 55 85 76 97 49 1 29 55 84 58 24 43 6 93 30 6 41 32 80 50 10 59 45 23 94 91 30 59 22 91 22 39 50 43 39 15 48 1 70 80 17 43 32 7 57 11 43 17 64 62 78 32 82 97 67 83 2 37 24 57 48 22 59 98 88 64 9 12 11 59 43 81 9 91 2 1 31 22 71 57 1 26 61 60 68 64 54 70 28 4 90 54 44 24 10 26 64 48 54 98 87 0 23 47 23 67 79 3 91 42 6 42 90 83 1 13 55 49 53 81 19 0 52 13 46 40 63 36 78 70 34 62 58 70 9 36 68 27 62 84 21 16 40 25 69 9 55 81 79 97 52 59 35 23 40 8 37 40 19 55 7 84 36 25 16 17 30 93 73 32 49 32 64 82 62 19 61 48 59 40 47 37 52 36 79 57 80 38 52 57 88 46 31 87 77 20 51 98 80 98 47 29 66 56 84 60 76 19 73 22 77 97 18 56 76 18 51 13 72 46 20 85 54 79 24 42 65 63 77 54 63 10 16 28 79 21 47 2 28 5 46 57 26 48 83 25 65 32 86 64 72 70 
61 59 64 61 99 84 96 42 32 96 8 83 45 64 10 51 63 92 38 20 67 64 99 92 14 81 79 29 38 56 23 33 65 2 97 47 94 41 88 55 87 89 31 77 37 72 90 52 1 84 27 23 81 84 14 7 61 9 89 18 73 32 31 29 17 44 60 75 93 52 21 20 70 3 63 46 52 68 43 10 21 23 76 16 1 85 42 20 30 7 1 43 44 16 0 3 49 1 37 81 3 0 34 49 81 68 2 23 29 52 76 96 62 77 11 68 61 81 99 52 43 93 71 5 43 98 84 9 46 40 86 79 71 11 58 13 84 43 18 75 8 92 80 29 44 69 56 10 42 53 28 7 93 47 8 55 37 48 49 19 82 52 66 70 96 5 86 73 75 40 12 40 39 38 15 9 42 70 78 44 33 42 37 36 11 44 6 31 48 32 38 50 6 15 52 98 33 49 8 52 47 30 80 60 2 56 44 45 16 17 53 76 55 90 99 28 35 48 88 16 97 42 1 29 59 86 77 43 0 48 4 18 86 84 98 41 1 5 0 67 84 36 44 47 73 52 87 16 43 10 43 17 87 78 43 96 38 52 37 5 48 74 3 78 82 64 62 4 92 26 7 23 83 22 22 14 33 38 13 20 33 67 40 85 62 70 4 66 0 2 99 46 22 24 93 84 98 73 10 40 
28 36 25 35 85 9 28 36 53 52 6 0 4 48 86 57 83 60 40 12 77 6 73 51 54 19 55 84 25 22 99 45 94 85 52 92 91 30 47 24 50 1 83 68 23 61 12 12 96 4 56 33 70 7 54 28 69 44 84 53 75 95 78 65 44 17 40 83 83 73 40 98 79 12 63 97 62 14 43 97 41 59 86 61 81 86 11 79 5 52 49 3 7 1 57 47 18 18 44 89 97 53 38 44 22 77 76 23 4 29 3 75 97 52 69 66 77 57 4 86 9 90 65 56 15 33 65 41 41 3 58 80 31 4 80 87 88 58 82 73 89 83 26 60 53 67 63 92 84 0 60 93 78 12 66 59 40 85 17 9 73 57 61 20 18 38 46 82 25 46 15 65 37 59 38 99 34 20 97 94 78 96 40 83 80 56 82 75 10 45 51 12 61 25 91 98 62 29 27 34 65 32 25 37 2 23 57 49 29 46 37 57 96 56 98 82 92 89 89 69 87 71 95 34 49 7 53 11 97 2 31 90 14 76 42 64 32 41 39 64 91 61 84 33 31 30 68 28 37 5 30 77 7 43 91 53 12 86 9 35 70 26 46 44 95 5 1 76 76 19 17 72 10 75 6 49 5 71 81 51 43 1 86 25 17 58 97 52 34 88 23 95 88 72 69 61 34 87 8 19 
2 78 67 47 23 57 8 89 14 42 45 60 34 23 34 41 44 67 41 8 78 62 12 84 22 56 9 37 2 91 2 80 10 78 42 59 80 60 15 39 21 68 51 72 28 91 7 8 73 42 25 24 66 42 87 87 42 56 77 66 65 84 64 16 6 9 92 53 13 84 44 16 18 31 50 34 50 13 74 19 4 23 38 54 50 93 72 23 50 29 73 26 26 41 21 78 67 95 53 65 16 10 53 95 23 17 53 76 58 62 97 8 51 35 16 31 34 90 71 49 32 63 73 98 12 28 20 37 43 14 66 53 5 35 16 8 35 37 31 26 30 92 14 19 34 34 5 20 3 86 88 87 57 64 88 14 62 5 58 0 40 41 33 12 66 56 34 64 47 69 73 18 45 68 61 27 91 51 62 13 60 4 24 63 5 55 71 18 97 18 24 22 51 60 29 14 52 64 34 47 95 23 48 84 60 2 21 64 55 62 51 77 47 61 63 34 8 69 76 22 34 49 71 20 10 30 79 97 95 17 83 42 45 73 27 13 45 31 68 6 58 78 76 82 75 98 73 43 47 3 46 22 22 95 45 93 11 19 59 87 94 42 66 3 33 19 36 78 57 16 21 52 7 36 30 77 69 93 31 13 65 71 12 61 27 72 64 64 84 77 7 37 87 9 71 58 20 95 59 45 
42 12 49 37 3 44 49 86 72 47 52 77 79 98 31 94 90 47 33 88 54 70 29 61 36 85 17 76 51 0 12 17 61 37 19 37 73 46 28 56 37 47 45 38 21 88 19 88 61 4 91 28 86 80 8 62 59 3 68 36 1 43 2 64 69 40 19 78 14 38 97 60 63 35 16 75 90 37 43 8 99 38 52 82 11 16 43 34 37 5 59 42 61 15 38 93 82 55 98 28 52 48 14 90 66 1 37 94 31 75 46 33 44 82 68 88 20 15 80 43 83 95 56 77 11 63 36 76 70 78 47 88 45 66 25 0 5 1 25 38 19 60 41 90 65 13 48 40 71 99 47 97 55 46 82 82 98 40 92 62 51 23 79 30 10 9 93 10 20 72 42 6 75 36 42 0 80 52 75 18 19 41 77 57 97 82 89 65 23 79 51 43 17 6 23 65 3 46 51 58 25 52 61 90 47 11 9 90 1 61 9 10 40 58 94 73 89 89 12 78 12 91 69 43 43 46 89 77 41 88 71 20 48 41 36 83 10 78 29 57 49 46 27 7 26 12 44 10 95 47 84 63 63 81 72 53 18 1 3 62 21 59 76 68 29 74 90 39 53 98 90 40 25 14 15 27 29 4 1 1 41 48 51 74 74 35 15 75 62 89 42 53 90 32 41 38 51 6 13 26 
38 68 1 5 49 96 47 96 8 96 2 87 16 4 68 64 26 97 21 27 47 80 39 6 24 76 38 1 24 43 3 93 74 10 2 3 29 6 73 71 69 46 55 48 65 78 3 62 86 65 15 0 92 15 46 25 30 74 4 0 50 63 96 79 41 14 15 67 93 16 86 63 14 10 58 9 18 77 45 24 91 19 55 33 43 21 3 93 13 29 71 39 34 71 90 97 20 76 2 27 71 62 75 9 12 52 81 73 28 13 30 9 44 40 53 54 59 58 60 36 71 28 95 20 97 9 31 7 88 23 94 62 51 31 20 18 94 59 72 19 95 46 18 22 70 74 62 5 55 47 11 56 88 82 92 48 89 25 50 20 29 8 0 92 63 71 20 0 97 19 47 36 88 98 79 24 4 19 81 12 52 52 47 73 17 84 98 15 72 30 43 4 71 79 59 12 10 4 89 12 90 83 57 42 39 74 74 38 7 11 0 20 91 31 34 47 78 48 1 55 64 24 86 63 8 18 32 70 10 15 61 98 98 41 75 55 49 41 84 62 24 51 78 69 40 47 60 82 25 11 49 29 45 36 35 78 96 41 81 25 64 97 26 81 1 51 45 40 23 37 58 91 71 6 38 41 76 55 52 70 73 63 69 91 21 4 53 15 6 75 43 95 51 36 67 66 80 18 2 41 
69 31 45 58 99 94 90 74 43 25 16 3 58 97 80 30 37 68 3 19 26 9 41 93 85 92 61 69 94 84 5 10 47 97 41 38 90 44 14 2 71 12 33 56 69 22 7 48 3 3 95 1 45 98 25 21 28 61 82 42 14 14 87 14 56 8 75 32 44 56 71 80 76 88 86 74 95 38 90 53 72 27 59 90 90 26 36 87 38 46 28 38 36 2 31 39 76 41 7 94 30 0 46 43 66 22 44 23 90 93 67 35 79 45 76 87 63 6 18 79 94 90 0 52 64 66 12 30 35 11 45 32 25 46 4 21 10 90 4 65 58 54 94 80 76 0 76 63 86 38 82 16 71 39 61 32 66 71 2 80 73 73 64 62 13 99 79 7 64 81 54 7 81 28 59 6 73 49 83 23 80 20 26 79 71 24 2 56 91 71 91 41 2 56 30 45 7 73 54 42 67 96 69 10 45 72 82 86 10 21 74 74 26 67 84 88 7 1 71 63 31 7 66 77 90 54 29 31 54 54 0 54 77 99 37 47 15 2 52 19 76 5 77 39 46 60 1 60 90 7 95 36 14 53 91 26 59 39 86 12 3 89 22 72 4 86 58 97 45 26 17 47 56 33 69 7 78 70 9 58 17 32 52 88 72 18 3 25 94 11 83 19 44 81 93 92 73 50 9 74 
22 96 36 62 39 8 56 1 35 41 31 68 49 27 12 68 60 5 46 68 46 53 83 50 70 89 67 44 36 31 61 26 23 54 60 4 66 81 22 96 56 23 73 54 48 87 22 68 70 64 97 92 50 55 44 23 1 22 73 44 67 42 31 32 58 1 44 50 30 17 10 62 30 79 57 87 51 40 31 36 14 33 55 20 53 9 42 49 6 29 84 21 93 72 89 85 19 62 6 17 47 14 61 3 95 12 29 49 71 8 17 60 39 75 4 0 14 49 11 89 41 72 47 3 75 7 38 7 82 90 91 72 64 27 65 12 19 80 6 73 10 17 98 23 44 69 1 62 83 40 95 95 59 44 3 15 54 3 79 44 72 79 16 99 34 81 19 27 58 23 30 22 71 7 95 5 99 4 81 90 41 3 35 10 4 75 7 13 19 28 70 78 10 30 27 15 38 5 53 48 4 91 36 5 79 61 73 33 26 47 93 80 36 75 44 31 5 92 19 37 86 39 70 27 72 99 86 63 21 61 72 47 53 69 54 50 93 92 33 87 0 79 55 4 14 61 9 89 7 71 71 46 72 83 14 44 44 28 7 76 77 62 33 96 46 67 46 51 40 76 7 14 55 45 74 37 74 84 33 89 15 81 75 57 31 64 98 86 38 41 75 96 74 50 48 43 29 78 90 84 
99 12 43 12 47 78 17 19 0 35 65 27 26 41 38 73 54 21 10 81 1 74 64 1 27 18 63 57 59 16 1 97 12 68 52 73 70 33 93 30 34 92 51 83 82 78 98 24 5 12 14 50 53 87 2 32 20 96 96 58 81 78 44 30 7 87 56 19 89 95 23 6 20 6 21 96 68 79 61 98 16 72 74 95 8 60 33 44 41 42 45 17 56 15 97 23 24 64 87 16 30 88 57 67 59 73 86 24 7 62 5 28 87 9 8 56 97 92 28 67 56 62 36 52 12 10 96 47 58 55 88 12 96 42 11 76 2 14 8 87 74 28 62 15 65 49 23 39 11 53 90 19 67 3 57 78 98 98 85 88 36 12 0 54 9 19 70 93 4 72 31 60 62 31 2 4 24 84 46 98 80 95 50 85 65 54 80 55 32 10 90 48 7 48 48 81 18 55 67 30 41 9 21 69 82 79 45 37 33 70 82 46 10 12 28 63 51 36 7 82 29 31 86 80 88 16 84 91 2 31 82 15 93 84 21 74 39 18 21 29 54 34 37 46 69 46 25 35 49 80 38 20 71 59 1 28 66 84 16 43 12 2 1 48 97 36 41 96 49 86 96 46 30 51 47 85 8 73 86 79 82 14 43 5 35 1 75 90 75 2 25 85 59 40 83 43 50 80 55 15 
79 26 44 38 55 2 32 82 50 95 82 2 55 10 48 75 87 83 88 22 1 1 3 99 20 14 43 48 29 98 63 73 8 60 99 98 58 7 75 37 20 43 23 43 20 41 95 99 14 1 18 0 69 38 23 56 53 48 89 55 10 14 59 75 66 72 16 81 34 98 65 86 85 28 82 46 42 21 75 50 51 95 14 27 16 54 53 72 17 85 58 70 28 68 91 93 29 35 58 14 82 27 74 2 22 65 38 27 0 94 69 66 5 75 88 22 68 31 75 68 95 75 31 1 68 40 72 51 47 52 33 38 16 51 89 46 2 91 66 80 90 1 94 11 33 80 33 38 76 92 92 17 71 6 75 70 43 77 5 55 51 14 68 66 58 1 69 1 51 40 28 15 52 55 66 60 34 10 33 57 85 30 40 50 23 17 62 82 7 59 41 32 61 83 75 27 52 72 4 81 33 40 5 73 43 61 9 84 82 39 23 81 51 29 89 51 0 9 49 52 46 62 99 20 78 79 91 59 59 98 69 89 43 27 10 54 96 14 51 47 2 41 55 88 63 96 68 92 99 20 69 21 91 31 54 21 91 28 5 20 58 52 61 2 9 94 20 80 57 25 15 89 39 11 12 64 26 94 16 85 97 88 41 26 0 99 23 10 26 59 65 76 31 24 89 59 71 53 21 75 
91 46 66 64 5 18 7 88 2 36 34 97 17 67 80 4 6 11 12 16 0 42 97 88 97 25 86 7 46 63 13 29 72 53 47 85 24 31 35 80 89 54 79 15 54 75 49 96 58 73 63 32 49 36 45 16 80 42 9 95 16 34 81 11 25 40 42 73 0 76 92 12 60 71 24 91 24 64 85 36 38 17 5 44 97 57 35 34 12 77 18 47 51 59 94 12 11 70 5 66 69 48 37 0 15 37 17 30 20 34 70 68 13 84 73 29 99 6 14 46 23 86 53 88 83 4 33 19 7 94 61 61 53 3 80 64 88 92 22 53 90 80 59 45 35 70 73 9 26 41 81 1 75 48 65 31 78 16 45 18 47 97 1 32 0 66 55 45 49 43 43 39 56 41 59 94 73 73 47 44 40 84 10 32 34 16 15 10 66 35 59 91 55 76 29 66 2 34 72 61 82 59 81 36 81 97 3 49 18 25 22 28 18 93 96 35 34 28 14 10 31 32 94 77 75 73 84 6 89 23 18 62 38 40 50 61 16 94 42 20 16 52 47 22 28 82 41 45 41 45 63 34 5 57 76 2 93 34 50 54 39 23 24 71 28 86 31 18 15 51 87 88 1 9 22 41 3 61 7 4 81 54 9 66 78 45 83 96 88 15 87 6 67 59 64 95 92 83 38 74 
73 52 67 88 53 43 48 77 83 99 75 13 22 28 24 30 29 50 81 28 64 18 84 97 49 68 55 57 74 77 12 65 25 7 72 55 72 55 13 37 54 85 67 50 91 23 41 25 21 9 55 68 9 52 66 42 34 93 15 6 21 36 30 26 7 28 36 75 38 57 37 34 78 93 30 98 71 8 50 11 97 92 10 16 4 8 36 38 0 93 17 7 24 77 60 56 26 3 87 14 83 4 56 68 72 47 93 36 53 69 51 10 3 81 70 76 38 26 97 41 88 26 16 8 24 96 74 14 16 78 9 46 81 92 81 70 91 37 58 35 54 64 4 95 1 81 44 86 85 77 78 76 58 45 98 83 99 12 57 74 66 91 88 35 89 67 2 39 32 46 62 99 17 27 52 39 94 7 46 82 75 34 53 76 82 98 19 76 87 32 92 67 71 24 56 61 92 64 94 86 77 87 11 88 77 42 69 16 71 47 94 66 63 46 34 69 86 88 26 13 35 27 78 30 83 93 25 66 72 44 56 76 69 83 17 4 78 7 96 78 40 31 97 1 12 59 54 84 19 94 36 1 73 33 51 67 97 30 23 29 8 14 85 72 35 1 95 30 21 6 5 79 59 5 43 14 83 98 3 60 56 79 18 82 84 63 46 67 68 21 94 82 52 79 91 65 36 26 75 96 
98 81 77 85 77 64 75 95 75 37 55 33 26 43 95 97 90 97 92 57 30 27 25 50 41 95 51 6 84 38 61 15 27 27 61 11 82 93 13 97 66 82 64 5 58 3 45 76 93 6 43 41 91 63 9 4 80 55 37 0 13 60 6 94 20 79 21 28 91 81 23 43 24 28 20 89 97 25 49 64 61 62 85 77 37 84 50 99 72 44 51 33 98 59 32 92 42 58 24 23 45 0 59 76 11 60 19 8 1 97 18 60 69 63 54 72 96 27 8 1 50 72 95 89 45 29 31 52 5 97 22 75 56 41 56 43 99 55 16 90 95 15 80 15 89 23 80 41 96 37 73 35 58 25 37 12 58 99 29 75 46 58 54 40 63 25 16 25 51 80 76 38 91 46 5 68 13 64 54 65 66 72 18 36 0 33 3 75 66 57 17 86 18 89 0 91 94 27 73 74 77 35 84 31 96 79 97 60 68 75 33 24 71 83 90 8 12 24 89 70 84 69 39 83 66 37 44 17 48 86 92 27 73 49 48 50 44 38 42 51 87 12 19 7 70 38 66 70 61 16 8 63 1 85 92 59 43 23 1 74 41 78 17 78 13 40 74 58 96 88 32 54 68 58 8 61 60 88 21 85 13 17 82 99 71 68 58 92 73 55 52 8 2 75 10 17 9 67 66 65 
5 58 10 16 25 52 64 35 56 90 40 33 2 90 3 79 79 87 83 1 11 39 81 98 83 27 13 57 17 12 71 6 21 23 21 3 0 8 31 74 86 37 54 85 1 16 56 46 34 34 56 3 65 88 80 38 73 51 95 91 33 41 50 63 82 33 71 86 83 44 50 34 77 6 33 93 26 61 76 31 41 48 83 32 39 72 74 72 66 86 81 12 94 37 17 36 41 50 83 24 3 69 95 27 99 75 9 46 64 0 37 81 15 30 91 67 38 4 30 98 62 55 54 47 23 52 12 31 15 17 27 98 72 87 24 62 6 67 13 72 16 17 50 76 21 93 34 75 42 49 26 26 29 19 2 31 31 56 92 9 59 63 90 35 94 88 38 45 29 41 69 7 45 8 40 39 19 84 28 68 85 23 43 13 32 21 94 70 13 74 22 2 44 28 11 46 94 31 42 12 23 6 85 99 3 39 94 50 3 92 22 88 20 24 41 3 54 69 22 77 42 72 48 79 84 55 34 30 20 22 81 1 87 72 55 20 84 63 80 53 25 6 85 6 8 3 32 42 63 83 51 62 9 53 29 81 25 17 61 43 68 19 31 25 68 55 46 13 26 30 7 5 21 57 16 97 76 19 39 81 4 85 88 32 32 30 50 3 82 23 6 42 70 78 82 50 87 87 8 99 
22 93 23 56 33 8 29 4 13 92 2 37 11 24 13 96 85 5 83 72 36 9 73 82 88 47 25 6 5 28 65 20 87 28 79 24 53 47 28 30 80 9 72 82 93 10 94 53 94 5 54 40 14 47 48 15 47 85 39 89 57 36 78 82 82 66 98 45 27 0 24 0 50 52 95 51 73 98 26 52 3 5 50 40 66 62 48 3 90 26 82 30 6 31 20 56 59 99 79 10 42 6 68 57 46 11 2 80 31 30 53 13 22 32 19 10 16 57 69 85 70 67 77 82 9 74 76 80 40 29 63 18 79 65 6 37 54 96 29 11 60 61 21 90 6 41 42 64 24 72 8 53 51 63 90 41 80 10 43 70 87 93 70 33 5 9 89 64 40 33 63 31 83 93 74 47 9 26 47 15 39 5 79 53 10 57 94 56 12 96 28 70 81 33 65 8 61 5 43 15 26 65 67 33 35 52 12 28 95 85 91 72 12 3 9 59 30 73 18 6 83 61 24 98 83 95 99 74 98 6 52 32 57 22 27 96 17 76 55 15 71 68 85 92 46 77 16 59 38 69 56 61 67 97 1 63 31 42 68 62 33 72 49 79 19 5 29 92 47 22 21 48 71 53 3 84 33 92 63 82 21 75 13 33 53 72 59 0 90 94 45 53 72 5 80 5 36 54 9 78 
31 49 56 40 35 15 3 85 37 8 97 0 22 93 28 49 0 45 73 22 37 15 94 25 30 83 27 14 12 36 5 2 41 58 23 16 16 24 49 33 79 46 15 93 3 58 11 18 25 35 47 1 57 3 72 12 48 53 43 36 71 67 33 56 64 94 42 78 16 89 53 32 77 53 38 30 14 45 27 75 85 93 85 82 0 43 13 56 29 78 68 0 54 73 20 75 61 89 91 85 40 68 71 23 51 20 0 94 77 35 95 9 73 48 18 89 63 69 44 12 92 6 90 21 90 74 41 55 14 68 34 62 46 23 73 78 58 33 17 44 59 66 15 59 37 86 31 7 18 36 57 98 77 47 68 10 17 20 91 75 23 48 29 56 64 20 1 26 55 52 48 58 76 92 23 66 85 43 31 82 55 16 93 5 82 25 10 24 25 45 53 6 81 43 16 47 5 9 44 83 80 82 58 12 21 61 80 72 22 15 95 23 49 1 47 82 34 43 18 28 44 86 34 23 42 49 94 20 43 71 18 59 29 31 42 0 48 30 64 74 4 64 68 60 41 33 54 98 20 51 87 88 42 42 80 51 33 61 45 17 82 66 21 49 55 70 66 54 55 35 18 15 10 41 89 88 96 64 35 68 97 33 38 42 80 52 97 96 96 93 27 0 89 48 9 11 66 96 16 78 
96 2 9 96 42 85 87 99 96 51 83 84 60 48 82 0 65 51 5 33 66 18 53 41 78 98 27 43 45 27 12 79 74 1 82 74 24 66 41 7 69 74 37 72 69 52 87 47 13 10 56 27 64 85 52 1 92 97 50 8 62 50 45 25 44 31 71 91 88 34 35 13 98 46 30 93 33 21 78 26 97 95 1 61 84 82 82 44 47 45 10 86 46 3 91 74 68 95 97 22 4 52 97 40 0 95 73 27 79 91 86 36 19 47 32 0 52 74 10 39 30 95 74 25 32 68 98 8 22 74 74 73 9 37 70 59 66 19 72 25 92 52 41 73 0 12 1 25 58 32 97 86 20 98 66 76 11 20 54 86 94 17 48 84 48 68 56 44 12 44 24 91 78 71 93 47 32 8 93 97 39 3 43 99 63 76 48 31 48 88 4 13 86 63 29 99 65 7 37 13 8 51 64 77 7 18 79 43 67 70 61 98 76 30 28 9 30 84 63 10 57 5 60 32 50 3 81 71 95 18 72 43 96 80 7 77 79 97 8 67 11 15 81 25 50 57 67 56 50 68 87 76 55 9 77 62 42 66 68 0 86 24 47 3 73 49 44 16 29 87 27 47 58 63 6 33 90 51 65 17 56 35 30 35 63 60 63 44 76 80 28 28 75 77 2 80 73 48 98 21 
19 2 52 60 45 29 53 14 43 74 55 50 40 9 0 20 69 10 55 45 59 47 88 65 5 28 89 39 36 83 28 32 50 38 80 5 37 40 3 10 95 12 35 78 76 74 63 80 37 51 63 60 61 72 41 38 34 49 55 59 33 95 44 56 42 90 15 5 82 50 44 67 84 95 15 28 19 48 1 74 64 65 10 61 83 56 84 29 64 36 14 34 96 90 78 56 70 2 95 28 86 73 70 87 46 83 86 55 40 1 85 79 16 76 39 55 15 19 84 6 37 63 42 20 68 69 44 90 45 72 92 99 65 93 1 61 47 9 85 54 30 48 11 4 60 86 90 87 77 83 43 57 69 34 57 32 84 86 69 63 14 11 18 54 18 62 43 25 23 40 45 44 7 73 10 0 45 93 36 38 77 23 49 64 15 11 57 34 6 79 73 8 72 24 67 36 10 43 99 10 58 48 41 34 23 69 73 42 49 38 64 18 62 93 80 40 10 80 2 60 24 35 77 27 85 6 34 9 74 23 55 47 20 49 54 65 97 75 12 91 53 83 23 3 80 61 47 70 55 49 61 3 38 76 52 70 10 67 66 76 67 9 64 34 39 96 48 88 16 45 98 26 50 58 30 41 79 3 39 94 16 14 16 97 54 28 95 44 19 45 13 61 8 90 42 66 80 66 36 86 
53 20 34 44 33 95 50 79 24 30 95 38 5 34 17 87 11 23 27 21 92 85 73 74 96 42 27 80 80 16 42 62 19 19 17 9 50 53 62 44 37 60 42 85 42 47 45 6 6 17 44 99 23 80 70 61 29 60 96 75 74 60 26 96 99 93 20 78 52 72 64 25 33 54 65 48 93 12 30 93 42 7 43 65 77 11 13 15 23 1 18 52 65 86 7 62 39 53 73 15 3 67 53 12 51 67 26 63 46 31 26 57 34 8 27 78 52 64 89 27 40 51 52 52 60 37 8 33 88 19 0 96 90 56 11 12 58 67 99 60 13 54 3 67 33 98 90 64 12 62 49 28 94 59 87 99 50 66 25 68 83 27 37 24 61 47 26 49 32 81 8 38 48 53 14 29 51 90 91 10 15 85 21 60 34 30 66 55 44 34 66 21 99 67 38 64 81 8 11 1 46 18 63 46 84 94 57 77 44 15 47 46 3 15 89 82 87 59 28 33 91 17 97 41 73 13 49 84 62 94 37 33 66 46 53 33 65 98 46 1 36 6 55 66 60 12 90 88 57 67 62 83 4 71 37 11 81 48 40 69 73 96 37 9 48 67 75 40 21 51 18 79 6 0 89 17 53 94 1 2 71 19 95 79 21 70 77 25 97 96 0 31 44 15 24 56 96 96 65 85 
96 56 96 98 52 71 4 53 95 63 98 23 0 52 37 23 68 70 2 93 39 21 53 72 18 47 4 65 11 28 85 77 7 94 37 47 48 62 72 29 46 6 50 95 62 62 85 78 42 62 46 11 70 75 40 28 83 40 23 87 43 20 61 33 91 19 2 69 34 41 72 77 97 85 5 79 85 61 35 61 26 50 35 2 45 42 65 5 56 12 44 52 90 30 66 17 72 46 72 19 69 34 15 91 89 71 33 63 9 8 17 94 17 40 91 25 96 84 23 7 83 48 5 22 9 66 24 93 62 8 85 76 58 93 97 80 6 13 55 91 65 7 37 93 75 71 81 70 39 89 29 19 3 67 15 55 50 23 7 47 78 55 41 80 0 62 4 10 17 79 87 18 58 94 87 33 97 74 9 85 13 61 56 66 97 24 40 86 98 15 99 72 16 61 29 85 72 96 9 74 34 61 56 32 41 38 23 59 31 63 3 27 70 25 21 98 18 18 3 95 45 11 24 17 46 29 26 90 56 60 84 88 3 13 96 38 51 16 18 9 34 96 38 58 20 7 43 12 84 5 3 69 3 43 66 6 95 48 78 58 48 87 58 11 6 24 2 97 10 0 61 77 9 17 58 12 82 76 20 47 15 73 77 7 30 96 58 15 81 4 5 28 93 57 6 25 37 64 29 32 
87 51 65 59 78 84 42 75 86 19 44 25 89 69 79 27 31 66 74 74 37 36 16 74 48 92 84 47 23 15 94 2 35 0 16 88 79 37 30 34 10 62 42 79 53 88 77 32 39 63 39 13 79 32 94 0 25 1 68 46 38 54 2 61 23 7 73 46 64 59 77 45 11 72 3 80 7 23 68 51 73 42 59 99 29 37 75 39 23 82 80 62 85 72 41 71 96 69 40 73 91 1 55 9 0 56 96 40 41 30 71 23 25 6 72 39 30 95 27 3 43 18 54 53 85 4 95 49 78 24 90 20 88 35 36 16 96 17 82 27 38 99 47 87 42 34 6 91 85 42 25 55 55 85 65 51 66 94 5 46 83 98 27 90 44 93 72 1 19 96 65 78 37 82 79 97 84 95 7 77 89 60 45 25 35 44 5 73 93 36 4 47 76 80 70 46 65 13 76 69 15 36 53 71 55 55 20 60 49 92 87 5 50 44 56 91 65 86 27 40 21 21 65 7 74 83 23 3 17 3 54 88 77 47 99 99 13 75 3 9 13 77 75 3 52 10 55 38 47 43 86 75 2 44 69 6 45 66 68 33 78 53 97 14 39 6 74 96 29 20 26 92 85 33 49 24 65 59 55 27 27 83 55 78 42 66 55 16 17 82 82 82 85 85 3 97 31 89 76 18 
58 65 28 42 27 10 41 55 76 94 82 71 8 5 63 19 0 28 85 66 15 16 21 78 54 78 12 78 89 94 1 62 25 8 56 98 53 49 72 87 71 48 73 38 89 28 32 45 73 73 60 29 78 86 59 20 40 40 65 60 65 44 89 96 60 98 13 81 24 76 28 16 26 59 88 82 59 45 96 52 49 56 21 21 43 27 97 86 16 44 49 6 91 37 23 29 71 14 72 80 57 95 97 84 74 41 21 34 31 23 14 91 12 3 93 42 83 10 41 17 15 83 94 82 55 43 4 29 58 72 17 40 87 10 89 66 72 60 62 46 17 2 93 16 78 64 36 97 78 56 99 99 80 29 40 95 92 45 63 43 24 36 55 99 89 0 21 91 49 17 32 20 36 91 14 85 23 58 35 24 55 30 71 45 7 13 20 83 40 19 83 68 60 84 20 31 74 24 35 62 42 39 52 82 82 85 34 55 88 27 52 61 93 12 76 1 46 79 2 62 96 14 41 54 56 35 72 43 40 17 76 3 3 91 17 45 8 45 26 42 68 3 59 77 38 30 17 37 94 51 11 59 58 0 36 28 0 27 27 90 79 42 25 7 58 92 90 73 58 86 1 71 49 22 99 20 1 57 35 33 82 63 25 84 17 2 33 1 22 26 21 5 23 88 62 83 8 82 44 38 
98 54 9 24 6 16 14 80 46 7 96 22 40 29 9 48 73 54 14 97 26 20 83 32 95 91 29 2 9 80 76 98 60 75 4 69 73 91 38 72 44 39 92 75 80 47 47 96 96 75 74 76 45 84 20 32 63 43 56 31 31 11 96 2 10 89 70 90 66 80 58 74 65 38 61 1 57 56 61 72 97 42 84 81 17 71 96 27 64 55 4 51 35 34 22 95 52 15 2 20 24 50 74 58 86 51 51 52 30 51 39 48 84 19 18 30 18 63 70 14 77 0 57 74 15 57 63 1 22 14 43 53 46 77 34 86 26 16 7 14 32 22 77 2 35 87 97 66 27 47 78 26 14 68 54 18 11 11 12 72 53 85 63 78 64 38 82 12 19 72 57 74 32 87 77 92 4 10 92 71 0 79 66 85 38 95 54 64 98 19 19 76 81 96 99 74 91 77 80 90 4 34 32 20 92 6 77 48 15 99 52 9 56 62 3 49 3 64 75 65 42 11 26 40 25 23 31 73 16 82 96 39 17 17 22 93 56 63 72 2 29 88 78 21 17 96 27 78 88 69 28 21 48 19 12 19 28 18 72 21 61 57 42 74 11 12 23 1 64 55 7 37 17 17 46 87 18 88 41 56 94 84 38 21 21 51 66 48 54 67 66 88 41 65 76 49 72 88 59 48 
1 0 81 81 73 32 71 17 93 11 2 42 12 2 76 43 72 26 90 89 37 90 17 28 43 40 48 40 83 17 22 9 80 92 65 11 49 25 70 40 72 90 7 23 72 50 31 61 55 76 52 2 8 35 77 50 95 39 50 27 59 2 66 60 87 5 75 7 79 17 3 30 96 85 52 19 39 85 54 65 88 44 29 39 22 82 42 69 84 84 8 65 66 33 16 23 26 93 93 45 44 24 86 97 0 17 18 7 39 91 58 27 55 46 50 96 84 97 77 53 91 74 58 37 93 30 63 96 75 14 84 56 73 21 27 84 62 34 88 26 88 83 94 48 60 60 85 88 89 21 78 77 38 80 32 85 6 83 97 61 24 97 17 73 94 30 28 57 66 35 60 35 53 65 9 56 97 86 25 54 54 8 40 90 91 32 56 81 42 99 82 44 31 35 8 67 70 96 26 92 11 88 39 2 31 97 49 60 77 49 81 9 52 13 9 51 2 72 26 3 84 78 33 94 10 29 31 16 75 93 95 99 63 50 2 58 58 86 91 19 4 86 10 4 98 96 37 91 2 8 74 64 49 24 6 34 36 9 5 44 21 55 60 75 72 48 83 42 55 82 31 65 19 97 58 93 7 88 74 89 87 96 5 70 68 84 28 21 92 66 69 39 55 37 11 83 82 10 80 83 
5 42 31 92 85 5 95 11 9 4 1 23 81 99 62 69 25 45 31 74 92 8 51 52 71 25 15 13 76 77 49 94 54 57 35 37 23 49 29 75 62 22 74 66 68 47 66 25 32 34 17 11 2 19 63 32 23 95 74 3 54 36 5 30 68 45 36 56 64 50 15 6 31 88 68 44 54 75 47 94 28 99 26 18 69 61 44 30 86 28 24 99 72 91 3 52 58 46 13 92 20 94 22 33 30 76 69 15 10 71 81 44 23 74 44 42 51 60 6 50 8 79 30 96 52 78 70 5 67 37 6 59 96 25 43 26 10 12 1 43 13 61 37 61 36 16 89 47 90 96 92 19 69 46 12 11 68 15 93 87 45 71 49 16 24 55 79 30 74 65 53 90 49 98 32 95 13 64 0 7 73 5 68 41 64 23 52 76 80 11 3 45 37 82 80 51 65 60 88 50 43 10 22 54 98 63 41 74 11 58 89 31 97 18 49 80 78 67 46 75 81 91 95 51 65 3 13 28 5 92 81 96 81 50 5 64 92 9 55 38 62 93 97 39 8 95 90 26 28 46 20 97 8 68 85 48 18 10 78 37 46 38 18 77 70 39 66 35 61 24 21 94 13 73 76 53 98 73 93 36 92 94 65 19 85 9 80 28 53 86 95 5 93 50 42 95 14 48 92 11 
32 29 75 5 11 7 33 44 4 36 32 49 28 58 34 85 26 46 12 30 12 0 5 99 9 49 60 70 37 76 86 40 98 74 15 3 91 73 11 73 18 35 13 50 72 61 64 42 48 54 66 67 50 11 87 8 92 73 32 53 55 95 16 74 8 38 89 86 57 44 24 24 26 55 12 81 5 80 71 70 62 64 53 47 99 78 4 51 31 5 45 97 44 73 10 49 20 67 64 17 33 65 81 93 23 24 90 46 97 15 1 78 38 33 58 92 59 26 2 91 67 0 59 22 21 48 60 36 72 80 43 8 53 7 72 86 62 11 46 44 21 25 11 12 98 95 79 33 75 38 58 26 71 51 96 78 12 5 45 94 20 80 23 5 95 30 72 24 53 44 56 38 46 64 73 12 78 83 32 73 80 53 33 30 69 49 79 48 71 73 88 9 46 93 7 28 79 6 97 84 9 60 64 5 51 66 25 49 5 43 95 59 48 76 42 18 69 49 48 53 54 78 14 97 69 78 79 67 3 86 39 29 4 28 67 22 23 15 36 94 81 14 21 92 24 56 93 95 61 75 38 88 50 28 93 96 29 35 99 6 24 22 20 39 67 2 70 67 29 14 79 24 82 49 60 95 19 29 0 38 58 48 18 93 35 21 51 35 26 84 63 90 42 5 76 49 54 83 28 46 
31 80 32 49 96 60 72 86 47 71 90 87 41 43 5 23 63 90 84 24 15 66 20 2 77 52 14 7 87 28 50 39 67 12 65 73 72 25 5 89 35 72 37 62 25 8 18 29 53 35 81 15 56 82 28 84 21 3 80 83 45 18 48 9 20 35 88 9 75 66 29 39 31 11 2 47 48 97 82 72 17 32 95 78 5 45 75 43 67 11 74 59 35 42 40 56 1 29 79 10 82 42 27 86 97 7 70 10 48 41 81 20 55 8 18 45 56 13 52 81 49 41 6 65 94 96 91 31 58 52 32 42 56 68 85 72 99 24 54 69 52 32 87 27 5 62 25 88 13 30 0 35 99 98 84 12 77 3 28 18 31 1 2 94 96 15 91 39 47 30 84 47 6 84 29 79 95 83 45 21 74 93 90 28 39 65 13 46 69 68 95 64 99 81 77 7 52 16 84 48 70 68 43 39 79 63 32 10 8 92 75 63 67 84 43 29 13 70 24 74 94 39 69 36 69 16 10 48 83 52 64 82 4 62 28 27 5 31 5 39 7 47 13 82 26 58 32 74 23 20 17 2 73 52 11 32 40 60 34 96 41 64 57 27 12 14 25 6 63 46 19 32 14 54 95 92 28 16 79 43 6 84 12 77 81 69 51 24 98 84 19 88 95 35 86 96 8 50 46 8 
91 62 80 26 39 50 93 89 64 30 5 40 34 30 65 65 72 75 99 8 38 50 51 5 29 6 37 76 4 88 84 22 22 37 8 46 94 46 14 33 51 95 25 95 83 8 85 43 77 64 11 73 46 9 77 60 15 53 26 15 20 8 95 35 21 44 92 55 92 97 80 72 87 43 83 64 3 16 0 14 23 56 37 4 67 47 82 5 30 34 1 51 52 8 71 77 80 86 52 15 77 63 31 51 48 85 15 38 20 95 63 47 61 51 28 21 95 65 64 77 74 18 97 86 98 47 44 40 19 30 81 15 6 78 60 87 4 50 69 71 3 93 65 38 67 23 13 55 35 93 38 44 70 80 92 68 56 96 73 58 79 18 16 31 57 76 27 28 64 33 59 54 5 46 32 6 52 41 74 1 16 68 70 57 77 79 67 14 46 15 85 10 40 71 24 61 75 64 39 20 95 70 97 64 57 90 82 55 7 53 5 47 60 17 21 37 20 82 52 74 35 7 51 56 54 73 2 52 12 96 92 11 15 21 78 95 73 7 35 92 27 14 49 87 19 91 7 23 58 38 52 11 51 52 59 19 82 9 34 24 52 24 66 83 72 57 7 85 45 88 85 43 14 47 94 41 88 63 79 91 57 15 64 8 62 33 57 36 6 11 16 53 8 81 65 25 59 39 97 8 
64 69 37 91 15 45 51 49 66 0 51 96 0 75 54 42 49 57 5 82 70 1 71 38 23 71 35 7 81 54 10 20 0 5 79 49 30 44 12 15 44 0 22 77 94 25 48 70 59 5 64 41 9 5 43 55 28 64 39 45 23 83 32 55 51 20 42 79 23 37 20 85 32 68 90 29 97 8 65 89 81 29 74 23 99 88 98 33 37 98 33 55 99 91 70 68 33 29 51 96 39 71 45 66 80 76 47 26 91 17 60 9 69 7 48 48 26 96 94 41 62 2 73 43 49 10 60 33 95 30 28 42 60 54 72 30 54 16 0 98 29 72 9 37 50 7 58 25 28 91 94 3 69 55 45 96 91 64 66 15 95 95 66 9 65 6 86 91 68 78 44 33 23 99 85 24 35 87 75 39 21 14 78 29 19 3 51 22 71 15 61 46 83 29 69 5 60 39 61 72 74 18 53 98 64 19 39 73 4 48 23 31 9 14 55 81 83 55 98 58 74 2 46 74 94 57 91 8 85 56 24 2 55 76 5 68 40 82 66 90 6 9 21 65 10 79 61 73 61 28 0 72 40 7 5 69 22 70 86 1 40 52 31 32 97 7 59 61 82 59 44 28 48 39 74 86 55 39 0 9 46 29 0 99 47 0 34 75 6 99 42 38 66 79 46 1 58 26 11 27 
9 41 96 5 39 71 81 92 60 18 20 57 6 92 59 91 59 61 94 78 40 39 77 49 55 40 65 42 38 66 59 94 46 24 71 82 88 29 0 90 97 93 70 57 65 28 3 44 88 69 31 95 24 82 46 38 45 16 23 66 15 52 50 59 28 64 3 75 74 72 28 61 31 21 20 46 49 21 0 56 95 15 68 8 83 99 13 31 70 20 29 54 71 73 80 98 51 89 2 89 69 9 44 3 0 96 71 28 67 7 35 65 25 21 67 8 72 76 82 31 5 4 56 78 87 82 15 47 79 79 43 63 20 21 83 14 69 11 6 63 12 67 34 60 99 97 92 69 33 22 65 55 77 20 11 74 54 40 93 54 5 70 80 96 3 27 62 0 49 74 67 41 83 53 13 47 44 61 23 37 91 71 54 54 24 35 16 53 5 63 76 41 3 73 69 45 25 90 45 12 22 75 28 81 36 22 93 86 9 68 54 19 51 3 93 77 51 72 88 10 81 20 67 21 8 97 82 76 49 10 61 40 98 69 3 52 53 97 73 83 88 96 22 38 79 63 6 18 68 10 16 91 28 38 54 64 41 51 43 24 63 70 80 6 42 79 90 52 16 51 92 7 92 3 6 22 73 58 13 15 95 4 89 17 71 47 52 62 92 95 34 50 78 8 32 79 58 16 98 97 
40 59 32 1 98 84 97 10 80 16 26 25 26 91 21 92 33 21 4 49 40 94 4 60 13 51 85 60 55 28 12 81 78 7 12 65 84 39 69 14 84 92 54 77 53 26 0 41 86 57 95 52 93 46 44 5 86 5 47 29 60 61 40 45 65 49 39 68 78 34 79 1 62 86 47 81 20 48 26 91 0 10 39 18 13 68 54 3 37 73 21 51 62 39 98 40 74 4 69 48 75 38 28 23 68 97 20 68 17 82 46 58 70 9 72 93 91 88 44 6 10 94 55 5 12 93 9 27 91 27 22 6 88 88 54 77 63 59 37 73 92 87 49 99 64 55 94 71 39 65 34 40 0 12 73 71 98 30 95 48 44 93 65 14 49 93 19 5 72 52 63 86 40 31 12 75 18 53 28 58 65 25 48 55 60 52 45 14 4 37 63 22 64 75 12 39 81 34 91 37 7 74 22 48 72 20 56 4 31 48 86 77 17 50 39 9 7 35 9 65 87 12 37 14 48 36 56 54 98 92 25 78 22 3 33 41 39 99 91 5 92 57 6 97 29 11 97 71 30 37 41 42 48 70 97 12 70 71 98 61 52 56 40 35 99 15 76 59 66 57 49 25 13 69 35 29 25 95 86 74 54 2 11 51 0 44 31 76 50 37 26 35 53 9 61 73 48 20 97 60 
64 14 82 32 49 48 22 85 31 28 94 62 49 50 3 30 22 1 37 35 58 39 31 40 96 2 13 59 9 22 70 45 91 42 79 59 44 40 55 86 37 87 15 72 71 6 1 46 79 82 64 11 21 21 50 78 71 74 38 4 34 13 24 25 83 95 9 40 46 56 53 53 52 20 32 81 78 94 29 35 22 66 21 12 76 53 2 22 98 73 33 38 43 66 78 51 17 64 74 0 80 21 16 60 67 37 87 53 29 29 89 21 3 6 50 12 2 79 22 78 29 71 28 58 35 34 15 47 32 92 49 56 81 37 45 19 15 7 15 70 70 47 39 41 33 10 51 36 80 35 11 43 53 8 93 79 94 56 52 67 81 78 4 30 97 11 13 14 93 66 28 72 83 28 24 10 44 29 75 88 67 95 78 28 20 43 91 66 63 63 89 66 53 85 3 92 2 43 52 92 19 88 39 78 67 80 61 33 86 25 43 15 63 94 94 90 44 28 62 16 39 88 47 87 9 60 8 2 34 76 87 94 31 81 87 97 86 76 66 67 95 30 48 59 97 46 49 95 52 71 97 15 3 53 42 76 52 6 44 28 99 92 24 22 48 9 38 8 54 3 30 98 18 45 41 69 83 52 92 73 76 58 17 53 60 42 64 24 48 42 11 3 66 10 39 11 23 7 20 73 
49 52 79 77 14 8 49 80 69 39 2 39 2 92 82 82 30 2 13 82 80 55 78 54 51 42 57 36 10 96 96 43 52 74 49 64 60 31 87 28 40 96 12 17 9 77 66 54 35 38 71 56 36 90 15 3 10 98 7 46 4 86 51 16 75 64 19 76 91 54 58 59 71 59 16 40 59 66 52 6 91 12 66 62 35 69 34 98 72 51 56 31 80 69 63 3 16 52 98 40 94 98 67 24 2 97 58 11 89 45 55 32 94 37 78 6 93 75 69 4 26 26 71 21 67 59 30 21 49 73 65 97 83 69 3 94 72 43 34 96 74 42 91 95 81 95 6 8 79 35 22 76 21 88 33 56 10 53 37 51 40 12 9 5 84 46 84 98 0 96 26 12 86 23 70 45 51 40 86 54 55 13 75 58 61 64 70 94 60 98 88 68 35 12 90 73 83 3 0 68 65 58 77 62 95 8 78 3 90 24 70 7 58 18 6 5 87 23 14 82 90 1 35 12 9 11 60 29 25 1 5 22 65 19 82 0 6 22 50 39 48 88 62 50 2 96 6 84 35 55 5 95 61 17 92 2 49 94 56 38 55 87 66 11 23 96 65 68 58 20 27 81 68 51 17 24 44 60 56 83 47 95 75 62 25 98 80 61 42 32 86 64 96 47 18 8 59 57 14 49 
80 81 24 77 97 59 15 61 74 6 14 27 46 56 37 43 3 6 59 30 2 46 57 92 73 99 60 98 49 35 63 65 59 34 64 93 95 70 30 70 34 1 61 9 38 78 20 12 37 6 75 50 95 80 16 64 15 24 38 5 40 27 15 64 14 47 42 0 10 41 46 18 69 84 12 60 55 83 43 70 7 71 38 91 66 66 40 34 51 31 65 33 22 90 81 79 27 33 47 59 86 13 55 58 85 76 59 97 95 63 30 92 39 99 45 92 57 7 70 93 4 44 6 94 24 86 44 29 56 40 95 3 38 82 74 42 31 9 81 74 38 39 30 42 95 7 63 42 44 89 63 31 93 84 0 47 60 35 95 39 29 96 66 97 4 19 56 45 54 14 38 83 35 29 99 5 69 94 92 37 48 65 36 0 49 93 85 6 47 22 81 19 9 32 77 66 38 93 40 55 82 44 80 6 40 45 11 11 22 71 89 32 9 87 81 29 9 33 46 97 7 73 96 31 80 33 44 49 74 88 56 46 26 18 53 21 24 36 6 88 83 27 83 69 29 4 61 59 98 82 38 30 48 75 39 8 58 45 94 80 24 61 66 16 39 26 4 44 41 13 89 29 60 84 5 14 89 94 43 92 40 21 62 72 79 66 44 76 91 58 92 47 94 89 14 92 4 32 35 1 
45 40 58 35 29 77 34 62 71 42 90 53 23 96 69 66 48 88 47 28 54 84 88 70 7 1 60 52 7 87 1 39 39 20 74 30 33 23 16 70 8 65 59 72 35 28 68 36 22 89 42 4 83 15 40 32 77 76 15 42 93 34 23 49 99 95 94 84 1 37 85 1 23 25 33 45 32 90 20 23 75 56 42 9 25 93 42 82 68 55 91 57 77 14 82 79 72 2 17 23 86 67 31 67 16 9 30 90 66 16 4 15 69 90 0 22 51 92 79 99 57 78 67 14 95 28 11 0 60 46 74 17 96 42 71 11 25 83 39 23 2 50 35 38 15 97 50 56 10 65 39 37 60 44 84 23 8 17 36 94 98 5 25 46 23 40 80 48 50 62 81 99 88 23 14 91 83 68 72 23 46 49 4 88 32 49 62 34 93 76 94 45 53 7 40 89 26 81 9 34 29 73 82 11 12 40 51 14 46 8 85 81 46 74 30 7 85 51 92 65 6 69 30 17 9 7 67 58 60 99 48 69 30 56 19 73 95 38 27 96 42 5 27 18 61 89 75 52 55 30 37 19 65 16 76 63 13 85 24 19 9 67 41 18 4 69 9 15 56 1 97 79 88 28 93 24 79 38 89 56 11 97 58 15 98 62 11 86 98 73 27 70 5 91 19 65 73 27 95 95 
7 12 69 82 36 72 26 62 18 74 95 9 21 10 63 78 63 73 24 4 14 64 29 82 94 66 2 32 94 6 30 73 53 3 91 11 26 97 21 79 90 3 64 2 79 15 39 87 98 88 63 64 72 79 44 95 71 44 56 49 94 86 1 69 63 1 19 6 91 97 57 38 26 20 97 32 47 18 35 84 64 74 49 84 85 68 65 21 29 36 13 53 86 48 15 36 37 64 96 46 75 51 66 35 64 22 72 43 8 48 33 51 73 62 7 35 62 34 37 86 20 60 91 17 48 57 44 69 30 15 85 39 28 48 73 68 18 32 62 21 52 38 46 11 20 9 86 59 3 66 54 76 41 33 20 17 3 35 3 60 25 55 61 13 41 7 15 4 89 87 76 88 22 76 48 34 34 94 94 48 78 37 30 12 97 40 53 98 75 15 79 75 14 65 98 55 61 69 13 48 84 75 50 17 36 79 42 3 52 64 63 80 73 10 55 7 12 14 42 86 19 76 35 16 36 85 73 51 2 71 17 42 52 14 92 85 89 18 98 15 76 5 57 76 8 56 2 86 77 69 14 71 98 13 72 75 3 2 23 31 3 94 10 61 3 26 96 47 51 78 75 98 87 79 74 22 14 82 87 53 30 39 14 58 41 10 65 66 46 88 43 83 48 68 99 95 95 45 84 36 
1 47 84 85 1 11 93 53 97 23 5 63 60 25 36 39 49 41 82 48 72 67 63 16 64 40 54 75 49 46 27 24 85 91 17 0 86 47 97 31 5 38 31 30 9 4 26 11 15 87 44 79 40 77 98 93 56 49 18 43 50 42 78 40 8 0 96 37 30 96 82 62 80 38 32 41 83 46 26 24 14 85 11 48 69 74 22 61 75 45 1 18 72 29 67 32 89 53 0 34 55 23 91 73 38 80 79 69 7 24 42 29 57 75 53 29 99 86 75 25 57 37 29 73 64 89 89 68 79 79 42 27 85 34 18 47 78 92 55 4 71 39 90 23 31 33 37 57 17 60 86 45 52 65 48 51 38 92 22 85 16 80 1 38 21 80 67 93 7 95 20 57 71 76 57 4 82 29 79 98 17 55 29 5 40 79 12 4 59 94 3 58 71 59 6 96 92 39 75 50 3 59 71 5 1 40 4 18 6 6 9 64 15 87 18 5 82 5 18 70 43 81 18 47 57 1 33 58 65 8 65 80 16 75 36 37 1 3 56 8 19 4 0 66 91 6 11 45 11 62 58 80 32 95 50 62 54 57 60 13 78 51 13 42 6 42 52 96 98 0 25 70 8 26 88 17 73 94 1 36 0 87 33 35 6 15 89 25 19 38 99 55 70 39 10 78 11 69 6 35 
8 55 38 11 80 56 3 33 80 87 41 38 30 88 39 86 91 6 36 31 61 45 28 35 78 45 45 70 78 47 72 63 80 51 3 36 8 75 92 44 96 28 7 62 73 2 58 52 91 30 5 17 73 27 97 62 61 93 6 33 63 71 79 90 20 22 69 53 13 65 76 6 37 80 94 39 30 63 87 55 67 42 10 52 0 37 2 81 54 73 10 71 37 20 60 65 66 46 92 80 78 2 66 12 7 69 31 78 80 19 41 27 45 6 34 35 7 99 66 24 0 41 16 99 18 78 47 64 37 84 12 45 26 70 42 86 44 19 71 52 20 87 87 29 22 45 65 54 4 44 71 47 91 18 98 46 61 98 30 62 38 58 48 68 70 24 93 69 51 52 15 35 15 25 86 95 65 65 4 19 31 48 92 16 8 24 69 4 48 22 60 48 13 54 9 80 85 22 75 85 77 44 72 47 53 86 64 10 93 50 40 42 14 35 48 12 62 67 11 17 62 73 20 19 85 88 70 17 98 61 76 46 17 58 69 58 39 32 28 65 5 37 23 93 15 17 13 14 95 20 83 52 60 77 92 48 63 40 48 34 73 89 31 33 40 4 21 70 12 92 53 45 80 28 56 3 69 80 95 41 33 28 69 35 11 61 41 93 20 34 32 41 39 94 66 27 24 15 29 31 
92 6 19 90 2 8 70 44 19 15 6 95 97 80 25 51 71 1 67 71 3 54 0 82 60 79 56 84 73 92 28 30 32 36 18 75 95 9 68 92 94 3 40 40 44 37 52 40 65 68 57 23 91 2 80 96 51 74 33 77 55 50 56 93 66 4 81 21 43 15 10 5 14 52 36 23 49 42 40 50 53 8 19 27 21 67 39 63 2 83 50 10 24 30 85 3 60 73 66 1 18 32 92 77 67 44 34 37 68 40 54 51 46 9 21 3 65 16 65 97 8 95 47 82 13 4 27 66 65 62 75 0 6 26 90 42 95 20 93 43 83 91 86 6 70 10 7 91 83 36 39 13 66 0 11 20 75 49 79 29 37 56 5 67 89 76 46 7 4 46 39 92 30 82 62 60 77 10 18 12 79 48 98 20 97 43 39 54 38 68 38 51 3 5 9 27 27 62 23 45 53 54 51 69 82 96 16 7 21 39 64 1 92 22 62 42 83 66 55 38 99 77 12 83 0 8 83 78 43 96 33 20 93 64 43 53 68 18 50 96 95 62 64 32 66 11 59 8 3 6 26 37 38 25 43 0 26 35 3 22 10 71 53 36 69 87 81 69 13 9 97 56 96 43 1 32 95 78 23 19 88 11 7 10 73 11 75 47 90 31 22 74 41 97 20 88 33 32 35 17 
73 32 93 61 49 9 73 2 9 80 15 49 20 22 4 24 78 1 14 11 57 38 22 83 45 59 56 24 28 61 87 7 73 7 31 46 49 56 31 17 79 16 9 42 71 54 49 64 47 63 88 82 81 4 23 52 37 94 7 8 76 71 71 1 16 96 65 42 42 24 51 1 74 38 90 58 6 69 8 94 15 94 42 26 16 93 42 31 64 37 90 62 10 66 23 24 64 77 18 22 42 18 35 83 56 50 90 44 55 88 74 28 27 42 88 74 42 79 89 27 20 42 49 67 30 66 95 61 6 86 14 55 72 56 91 85 80 29 91 18 84 89 51 1 48 30 54 72 83 10 39 73 25 32 87 81 13 14 72 8 69 33 96 7 1 77 82 30 43 99 87 22 14 73 25 51 19 9 33 46 73 37 39 56 60 30 51 39 98 70 18 66 40 88 87 95 31 23 49 75 29 63 21 69 22 56 25 59 0 33 96 4 71 87 95 98 38 44 0 23 27 15 33 94 7 5 3 5 37 51 63 77 61 91 86 85 38 72 44 10 63 93 45 7 18 70 86 44 15 0 44 7 13 3 46 23 6 31 36 86 37 78 5 16 11 43 98 13 97 39 79 39 92 92 92 60 4 6 31 12 97 65 23 30 51 56 76 51 3 40 47 99 8 59 30 2 95 10 81 45 
12 72 45 80 68 20 41 43 50 7 63 65 41 36 75 91 6 30 35 36 9 26 94 24 47 55 43 18 11 7 2 42 1 66 79 89 63 13 63 59 12 80 92 93 12 10 58 2 82 36 78 7 73 51 94 86 63 96 54 14 67 52 87 15 85 78 95 36 48 54 86 26 45 84 36 33 97 7 46 95 39 78 17 70 39 46 5 59 71 93 94 61 11 50 72 43 73 56 96 32 62 84 30 43 17 74 40 86 39 22 76 17 73 11 73 30 31 5 91 80 99 39 57 81 82 87 67 50 79 44 76 84 67 78 15 23 80 40 89 69 65 65 50 69 19 96 0 70 32 88 38 38 26 31 9 77 30 35 14 14 91 78 81 57 56 72 13 19 28 5 50 5 24 66 18 80 5 78 66 29 72 7 72 56 85 12 84 87 1 82 44 59 75 1 11 87 88 79 20 75 35 12 13 85 62 89 64 69 62 62 26 8 43 15 83 72 45 92 85 72 44 77 11 11 85 76 51 62 39 39 34 44 14 12 83 4 54 88 65 53 42 21 22 4 62 95 9 47 27 51 84 75 90 43 21 56 68 82 55 63 88 96 67 10 18 71 2 55 23 65 50 60 55 52 36 93 61 94 34 73 94 96 68 13 74 71 27 21 45 13 31 8 29 73 7 41 61 50 39 28 
16 62 23 21 5 89 81 77 33 42 73 7 3 96 56 23 82 52 84 53 60 13 52 5 64 43 46 46 9 46 21 53 71 57 93 38 98 24 80 1 75 5 22 78 83 68 21 81 81 23 30 38 53 4 39 77 3 6 87 28 1 4 16 87 77 6 60 70 74 21 2 31 98 75 38 6 45 0 37 84 29 76 13 86 43 32 94 88 67 90 63 85 89 63 20 73 20 62 10 43 79 10 37 44 41 39 56 8 30 67 75 83 83 46 5 66 74 28 36 11 17 93 41 45 28 68 4 71 69 96 60 33 31 15 78 41 85 58 90 72 36 60 84 53 64 41 92 24 1 32 67 50 96 78 11 99 57 22 67 59 67 99 25 49 23 32 81 80 13 21 88 48 9 75 61 88 32 74 91 7 71 64 14 56 45 96 24 55 16 57 3 57 17 97 65 69 22 41 48 37 63 95 23 31 38 49 87 10 88 54 99 24 74 1 7 94 57 31 77 45 4 36 30 23 2 17 5 77 51 23 47 81 55 83 83 28 62 71 93 4 90 87 25 15 95 83 2 62 4 98 35 87 40 65 64 88 81 20 14 96 80 27 8 4 41 64 76 2 23 69 78 59 54 19 5 13 37 57 98 84 50 25 48 65 35 51 5 33 92 94 91 68 80 39 53 7 52 81 52 39 
45 46 41 90 46 78 39 57 77 49 25 9 80 56 84 8 18 31 67 36 96 38 45 27 89 45 32 0 11 90 49 30 64 15 12 59 87 84 11 78 36 59 57 94 36 62 0 96 58 90 32 80 98 75 68 91 68 61 35 78 20 86 89 56 92 26 54 30 45 59 74 52 26 31 37 75 70 6 43 44 43 7 46 91 38 6 34 41 36 59 70 23 51 32 36 63 4 95 43 56 86 39 17 8 65 98 9 34 27 6 24 71 50 57 31 57 89 60 27 18 10 0 19 8 49 84 8 21 35 77 94 15 99 86 61 74 86 67 31 3 67 74 16 58 13 85 14 97 97 66 63 23 27 33 59 36 82 94 12 57 77 28 47 2 95 79 5 93 48 34 63 84 72 96 10 52 12 23 27 13 61 86 40 20 33 6 64 96 47 46 40 45 30 8 63 23 64 24 14 93 47 10 59 36 50 19 56 47 48 80 71 74 65 97 36 50 21 8 95 20 23 3 46 0 93 67 37 74 28 43 24 99 72 50 34 62 62 0 65 96 80 97 58 97 86 4 3 1 43 18 72 91 82 74 52 58 68 78 40 81 77 8 59 79 46 46 74 73 26 61 91 1 12 30 11 54 31 1 52 84 60 44 86 80 36 49 72 0 53 46 53 88 48 29 90 76 23 52 89 8 
62 54 83 20 31 96 80 39 54 41 33 77 58 81 99 42 96 33 87 82 5 4 27 53 22 41 78 71 51 27 78 52 25 23 33 22 62 87 60 24 94 12 90 91 17 51 40 29 30 21 5 75 91 87 1 55 24 81 44 89 28 34 69 89 95 13 87 50 72 28 73 17 4 14 31 59 13 2 52 6 15 17 28 55 18 18 27 89 58 97 33 59 30 55 96 15 0 62 75 12 90 13 91 67 51 32 90 89 90 82 58 38 13 40 65 18 41 81 23 41 18 83 41 54 26 67 31 25 85 40 33 8 53 53 63 52 15 26 15 13 28 59 80 75 25 43 84 69 25 0 18 37 85 14 88 16 56 34 5 26 62 43 18 18 20 24 46 75 1 54 84 66 10 32 31 11 76 4 62 71 90 25 60 27 99 28 81 87 89 55 6 43 50 91 77 81 24 77 20 75 46 96 73 70 31 78 16 85 6 31 69 43 55 89 59 19 87 74 64 81 99 43 72 25 32 78 36 79 43 10 88 39 91 14 85 23 62 10 91 13 9 63 47 70 38 49 1 79 3 7 97 99 95 30 44 26 88 95 34 64 93 87 3 34 97 71 89 9 89 19 72 33 6 5 92 90 93 42 52 86 62 94 78 52 96 47 30 74 59 79 0 4 50 55 80 35 15 77 2 33 
40 51 89 17 1 47 18 91 23 15 69 15 91 45 11 4 9 44 89 26 92 84 1 3 39 45 10 93 85 62 1 55 71 6 36 51 57 18 4 32 18 8 70 8 48 2 73 24 90 54 51 16 79 23 25 64 76 74 61 51 9 58 59 2 82 92 3 13 12 69 97 28 98 95 19 41 42 99 98 12 17 14 57 67 90 29 30 90 5 22 1 10 1 87 62 2 79 22 27 92 33 12 62 20 58 42 33 40 6 81 7 21 77 86 5 71 67 12 41 70 40 70 42 43 55 20 84 46 99 82 10 44 20 28 94 92 15 45 75 45 55 10 91 10 78 98 45 33 18 48 77 64 18 67 22 73 19 25 79 26 30 45 55 9 21 60 95 0 29 26 4 51 53 72 7 45 19 11 78 28 97 71 48 62 65 25 44 25 67 88 18 86 39 21 69 94 66 23 4 41 37 56 28 71 8 68 6 32 37 54 12 94 75 81 81 35 46 38 55 87 67 79 46 85 62 50 73 23 35 92 81 58 76 26 94 89 57 74 45 31 42 89 20 35 77 48 7 39 75 75 88 37 38 90 31 53 74 85 79 28 80 52 37 79 58 25 15 11 83 9 18 58 59 43 74 1 62 71 80 41 55 31 29 80 89 9 33 59 5 3 71 4 38 97 30 29 15 34 56 80 
54 15 98 52 66 33 28 90 60 24 44 19 98 1 55 98 62 44 70 64 87 40 95 22 60 24 21 47 84 36 87 49 5 53 88 40 35 14 90 14 79 37 33 68 28 60 38 35 58 62 31 50 30 34 16 49 21 41 48 3 73 71 54 36 1 47 14 24 4 9 98 70 76 74 68 5 45 1 76 70 33 14 56 71 67 44 87 54 24 45 14 6 43 6 96 71 62 15 24 90 17 90 56 42 81 18 8 42 97 90 17 6 97 52 23 83 89 62 99 21 40 85 8 68 93 85 67 78 29 86 49 9 55 45 27 3 43 81 7 32 60 59 48 28 53 12 45 97 73 65 8 20 82 8 96 67 93 13 4 86 79 62 11 73 16 22 85 28 29 85 90 35 26 48 82 16 96 40 26 48 29 71 16 16 87 7 57 68 53 83 53 33 64 51 0 93 17 12 50 72 60 92 52 8 16 38 13 14 65 89 22 92 84 71 40 82 27 94 25 49 81 44 86 70 11 70 88 62 53 75 38 24 69 21 25 12 23 7 97 92 47 78 54 76 56 58 4 47 34 0 3 34 87 18 32 47 24 49 2 29 39 97 70 23 33 21 23 15 22 19 23 10 63 0 42 99 27 75 93 25 40 53 8 42 76 33 84 63 38 2 54 86 56 15 42 45 42 42 32 5 
29 98 52 34 79 6 9 0 6 26 36 90 69 54 64 18 2 89 13 49 1 69 67 4 4 27 81 18 78 49 15 29 33 0 70 42 98 7 45 18 4 31 24 82 82 10 18 7 49 58 10 13 96 45 31 3 6 20 37 68 91 95 75 76 17 36 62 89 55 53 82 69 70 83 19 69 23 99 2 11 74 48 54 42 42 9 7 7 94 95 24 45 80 97 42 25 72 31 39 65 33 38 37 63 49 51 37 15 95 36 34 24 98 0 23 55 79 8 51 36 28 13 11 32 82 29 75 97 86 88 12 50 69 65 36 69 33 78 98 17 40 66 0 6 91 32 91 56 15 26 84 57 18 62 87 10 86 58 62 17 9 55 81 1 99 61 8 68 71 94 41 14 94 25 77 26 85 69 33 74 71 26 91 12 25 9 42 36 15 44 14 82 42 80 31 41 52 48 23 56 64 53 49 5 24 37 21 98 9 5 89 32 58 25 17 11 52 59 28 40 44 10 30 69 54 33 91 86 94 82 12 7 14 22 37 8 7 70 5 65 76 35 65 80 31 2 23 0 18 69 24 73 33 59 34 13 42 4 38 46 63 2 20 69 16 90 84 97 31 57 16 81 70 7 53 7 17 60 14 24 84 71 64 80 33 46 93 50 18 55 41 1 7 37 58 77 7 51 93 75 
99 87 37 30 69 85 11 21 40 80 63 86 7 75 57 81 70 7 76 64 35 81 92 69 65 28 70 12 81 96 87 5 92 62 46 55 34 11 22 22 34 90 22 23 51 18 98 83 16 97 75 69 65 51 86 23 37 43 55 70 40 49 19 14 31 95 21 82 38 97 13 90 90 6 4 32 34 52 11 92 26 81 80 77 31 91 60 89 69 35 48 27 18 50 17 6 95 66 84 75 85 66 71 48 2 8 66 19 81 72 97 69 74 71 28 83 45 71 47 33 71 68 55 78 62 11 34 81 53 80 48 82 21 38 78 96 54 95 31 5 95 55 53 2 81 21 18 85 86 16 97 77 9 73 81 66 93 7 58 95 34 72 19 27 41 34 97 96 13 39 23 83 16 46 26 58 82 65 61 0 88 88 60 96 42 99 27 55 50 32 65 76 44 99 59 2 42 83 43 91 59 53 68 72 47 42 44 20 16 97 42 51 23 9 21 5 75 59 38 87 58 14 13 2 26 50 75 88 56 20 87 53 90 53 22 58 86 34 89 92 59 37 95 20 42 51 58 30 21 37 20 38 22 68 36 40 27 16 80 99 97 52 90 8 56 37 77 83 87 98 63 26 84 48 90 75 45 19 40 16 6 33 66 63 30 27 6 91 4 58 9 88 34 50 55 99 55 21 9 90 
41 25 41 45 69 64 51 44 73 23 22 82 94 5 40 51 2 20 99 75 75 89 75 22 82 93 27 36 11 90 54 86 8 18 91 38 74 34 76 81 78 22 68 84 93 6 41 56 95 42 91 46 61 52 18 22 28 2 81 42 25 40 11 81 10 39 99 81 90 11 37 41 72 35 45 22 2 70 64 91 98 78 79 2 18 96 9 31 60 78 50 29 92 39 82 97 79 62 74 62 38 54 73 50 15 9 76 40 90 13 85 5 26 41 38 64 52 69 65 47 38 37 81 35 29 32 0 22 96 31 34 98 93 99 42 88 81 68 59 66 83 22 73 42 62 72 29 91 88 61 28 36 98 95 71 51 22 45 63 72 12 15 27 79 37 15 41 95 77 52 28 25 47 64 50 39 95 67 0 14 88 35 45 70 19 89 48 85 98 83 77 78 70 33 93 70 78 26 58 39 45 58 48 7 46 27 48 55 77 65 2 79 86 92 51 87 30 8 68 20 76 23 45 42 24 33 49 47 64 25 66 22 76 8 64 96 0 71 63 12 46 59 20 10 31 62 79 13 12 72 40 83 18 38 26 18 80 11 78 56 66 98 91 17 87 97 43 71 71 65 51 76 23 81 63 4 33 7 43 93 77 38 95 8 61 50 6 25 35 34 21 34 12 51 62 37 75 17 45 29 
47 2 41 91 53 32 43 10 65 24 74 89 90 2 18 16 50 38 92 46 75 30 67 6 41 44 34 73 72 85 49 40 37 17 96 96 27 7 48 42 63 51 67 54 89 69 24 46 81 5 16 40 49 20 91 63 12 90 92 38 19 92 89 24 65 97 22 81 38 36 27 80 99 25 47 34 77 6 53 38 13 70 3 29 16 50 41 88 56 86 38 82 69 38 70 48 71 70 50 51 40 66 74 5 57 66 8 75 99 30 51 26 77 83 40 6 0 81 10 25 32 84 23 7 90 76 16 29 69 5 40 26 11 26 71 2 9 17 28 35 26 44 49 54 53 78 67 84 74 93 89 10 79 39 60 12 63 90 59 55 25 91 99 73 49 70 92 49 59 7 40 37 3 30 57 12 21 47 23 86 69 76 23 75 1 68 92 51 76 32 2 45 81 39 4 98 58 88 5 96 2 76 93 47 10 87 3 11 3 14 96 10 88 25 43 32 6 92 60 1 79 94 18 52 4 41 26 81 87 81 85 17 16 93 91 82 46 78 97 55 93 20 49 14 0 40 67 3 91 40 7 98 68 51 3 71 33 72 76 1 84 45 4 52 24 1 80 73 9 30 68 48 18 27 66 95 99 43 45 3 76 49 18 77 55 15 93 58 92 39 84 8 42 77 97 51 60 44 36 28 
0 33 19 45 79 29 32 40 82 34 82 10 33 36 84 76 76 99 39 44 52 88 68 26 81 22 17 16 97 73 20 41 40 80 84 35 23 51 64 64 33 2 15 84 99 6 74 99 27 28 12 25 10 12 24 91 30 74 14 61 19 57 14 70 14 75 67 74 79 0 85 22 13 83 76 88 87 35 98 69 82 17 67 37 33 84 0 65 48 74 67 44 79 99 27 54 22 66 24 97 50 4 1 72 30 61 54 50 85 6 81 50 30 14 94 20 73 54 12 10 16 71 84 13 95 25 38 38 45 28 57 29 99 57 0 66 96 70 47 21 59 89 71 49 58 50 67 44 46 29 29 2 45 48 75 88 85 33 38 92 63 85 51 30 47 10 94 70 88 92 74 33 24 82 8 57 72 98 39 28 79 32 51 51 72 77 25 37 93 28 8 32 61 13 38 52 68 10 29 54 13 8 1 95 61 97 78 69 25 0 16 6 45 69 94 30 29 58 16 27 51 42 37 48 48 83 38 59 63 95 74 70 2 35 44 97 64 7 24 52 26 3 47 50 65 84 55 85 62 62 57 29 11 11 62 60 32 54 12 86 90 97 30 13 46 62 9 36 42 17 63 41 30 0 34 24 27 13 49 2 9 74 17 93 73 51 30 91 3 16 73 67 8 41 5 83 92 59 41 60 
80 75 19 84 83 77 60 81 79 92 12 99 51 84 29 99 47 68 56 42 51 4 54 0 19 57 17 99 9 31 84 21 56 58 44 40 25 91 84 14 73 62 79 9 51 2 25 1 21 43 84 31 41 14 6 36 55 92 49 48 83 30 89 51 20 8 18 31 97 45 53 77 36 77 35 45 66 35 93 72 53 5 12 41 55 33 5 53 61 62 21 82 0 34 48 12 8 57 3 57 61 26 73 54 84 20 32 30 9 87 44 97 33 78 76 39 64 26 83 57 39 46 23 16 94 44 37 41 43 62 22 90 48 91 94 58 1 39 68 31 95 13 2 68 41 28 87 4 74 32 62 32 83 58 42 60 18 31 29 57 89 99 64 77 20 39 98 50 54 20 7 54 24 38 14 64 9 99 95 9 45 63 84 61 49 75 83 20 53 27 94 74 34 33 13 3 54 33 69 73 12 84 44 11 20 15 7 6 58 14 85 75 43 88 9 23 85 3 20 93 71 24 70 40 64 33 23 12 16 57 66 41 31 33 11 64 89 18 22 89 58 82 93 9 86 28 63 81 41 83 79 45 48 16 5 27 32 14 51 18 14 81 83 37 77 12 2 49 25 38 56 72 72 63 23 39 79 1 13 8 12 38 77 69 9 14 35 93 18 38 66 29 25 92 13 25 0 83 76 73 
86 22 87 26 4 89 93 62 59 84 83 16 47 39 10 19 60 59 24 73 97 95 39 45 92 27 60 43 35 14 42 75 81 24 30 1 4 75 46 8 63 5 94 62 54 8 84 75 88 52 35 51 86 88 65 4 87 49 73 45 43 88 47 16 77 36 49 83 98 34 33 2 43 60 36 52 31 42 97 73 49 99 73 36 70 62 91 19 17 88 32 3 70 76 15 35 47 8 45 70 4 6 21 65 59 44 28 80 83 0 97 6 34 80 29 38 64 79 89 56 24 46 1 19 37 73 24 15 9 63 82 99 9 3 59 78 10 19 13 67 97 24 41 72 80 28 10 56 55 91 22 18 96 17 99 79 84 93 77 21 84 68 36 13 47 71 64 88 63 93 44 24 9 93 54 74 7 50 60 75 34 69 16 31 49 82 55 55 55 91 14 15 95 70 97 89 31 86 46 67 48 38 57 61 69 48 11 44 10 20 0 8 86 69 85 70 73 28 61 96 96 40 22 68 4 46 67 48 89 72 58 81 67 18 43 26 1 2 68 65 53 24 94 36 98 69 78 39 70 88 61 16 30 89 44 52 23 92 71 18 23 69 19 71 78 48 33 57 71 38 69 36 51 82 21 31 23 75 55 27 77 24 1 72 8 47 3 52 1 20 28 69 24 72 59 3 69 99 20 66 
93 29 5 16 26 75 99 65 4 91 73 45 23 33 83 64 23 86 22 61 12 37 18 85 37 16 91 54 85 85 21 48 26 19 97 17 91 46 76 74 18 25 66 72 35 79 96 5 94 24 76 56 27 71 92 70 47 8 27 21 23 61 70 80 67 38 27 69 54 23 2 55 88 80 4 43 13 57 66 61 35 92 12 94 28 41 45 79 37 12 60 97 50 99 3 26 48 96 36 47 43 29 54 22 21 65 97 65 18 66 43 43 40 37 4 42 61 81 62 93 97 56 5 92 45 34 22 1 37 12 96 35 80 35 68 33 45 3 99 69 66 19 10 25 96 30 43 46 89 58 75 99 20 27 40 93 68 54 39 67 47 56 28 83 22 44 96 45 87 17 51 74 15 35 64 42 12 71 9 38 80 68 23 10 57 54 43 54 34 19 81 29 15 41 21 92 63 75 81 37 25 93 84 97 87 97 55 33 44 76 83 18 43 47 9 16 47 43 69 92 54 3 51 9 2 81 28 68 42 62 56 40 14 48 74 83 33 21 38 69 32 10 8 58 72 52 10 89 38 61 20 96 98 77 99 38 99 30 18 66 64 29 97 51 70 33 74 22 21 32 12 30 42 27 90 34 30 23 23 9 10 61 87 43 54 84 75 3 74 35 41 43 32 85 8 21 0 85 11 92 
54 69 73 36 92 3 3 84 52 2 73 58 48 61 16 90 60 59 73 14 36 18 66 6 61 48 25 19 81 51 42 37 55 91 95 78 25 1 93 43 84 81 98 5 75 29 34 80 95 51 27 74 72 26 12 10 57 33 90 5 58 57 35 73 19 11 4 88 64 59 19 6 42 40 5 45 93 76 11 92 39 16 99 61 58 27 61 39 52 79 83 24 75 26 7 2 0 73 47 25 28 7 84 95 73 66 6 95 11 70 95 57 65 31 51 3 18 62 34 49 63 50 97 75 37 5 48 69 79 71 68 44 98 37 56 63 11 81 29 94 1 29 96 53 20 55 53 48 3 52 64 61 97 34 73 63 47 35 26 13 92 20 15 93 31 82 99 59 22 15 55 44 5 21 3 84 86 74 45 46 80 86 22 20 24 58 13 85 67 16 22 49 40 61 43 45 95 11 38 7 50 48 80 87 68 38 63 19 1 92 30 85 52 61 89 36 81 2 9 73 38 94 41 24 36 94 15 47 68 37 90 36 45 92 55 90 59 9 14 87 14 83 67 12 30 31 46 44 42 20 23 20 21 7 24 82 50 61 89 28 46 39 31 61 22 24 18 46 14 59 50 52 53 31 6 57 97 55 46 5 39 16 76 28 98 67 64 7 56 60 89 92 54 43 94 85 56 72 77 29 
92 79 3 85 4 12 45 77 57 92 91 54 17 55 4 26 35 41 61 51 26 99 56 67 29 87 67 51 47 0 48 39 11 24 3 92 21 85 16 70 89 62 25 12 24 59 85 7 30 18 50 13 74 21 18 87 98 58 43 6 56 71 6 14 4 38 23 7 84 23 63 36 88 14 84 77 9 16 36 34 74 13 46 82 86 15 53 15 17 46 58 80 7 84 60 96 6 41 6 9 59 0 65 85 86 73 6 56 40 83 93 58 10 82 93 31 47 98 81 51 61 10 59 99 17 1 31 71 50 57 85 11 35 39 79 65 62 1 93 36 3 56 60 53 36 46 65 52 39 20 86 3 21 10 22 45 31 38 70 67 34 96 41 85 17 22 97 2 91 13 30 76 22 89 99 26 94 9 19 57 57 67 79 42 39 58 13 85 72 72 2 39 96 90 58 87 27 90 98 42 92 48 88 26 60 36 81 21 17 63 90 59 92 1 78 90 35 79 64 28 56 44 72 65 84 10 63 50 72 69 96 18 40 10 77 4 17 79 30 7 50 46 32 63 28 27 92 29 25 39 51 83 25 73 30 82 91 25 36 9 52 86 90 90 43 91 43 57 40 66 21 25 30 40 67 99 48 41 57 87 85 94 54 54 15 91 99 51 46 37 10 58 2 22 68 38 78 74 31 23 
14 76 55 38 38 28 88 32 94 95 57 25 76 56 54 27 41 8 90 19 91 7 52 3 10 57 9 56 88 76 2 6 21 46 83 54 7 94 71 31 30 40 99 47 41 7 86 5 71 98 61 64 41 30 24 11 80 67 66 72 72 81 38 66 4 87 48 74 91 92 47 94 9 75 61 31 9 78 98 3 29 35 76 57 76 99 31 10 10 91 18 21 9 41 33 87 54 27 42 74 20 2 91 39 60 33 9 57 28 24 17 2 23 11 78 32 24 58 88 82 81 46 38 7 3 30 27 11 24 34 49 60 91 82 73 33 53 88 73 68 35 67 20 55 32 91 5 88 58 74 43 44 93 5 10 15 22 92 93 4 87 54 92 21 95 94 37 97 25 89 19 90 78 26 94 25 86 84 39 4 25 88 20 73 84 91 20 63 98 44 91 21 7 69 14 97 61 45 20 99 70 12 56 11 9 37 88 86 15 17 54 70 47 39 58 37 95 98 83 61 58 78 71 39 82 54 52 92 13 43 48 53 69 3 75 39 35 29 65 39 16 26 77 30 93 64 14 95 43 62 83 2 20 28 82 18 31 86 43 18 99 27 65 70 21 51 46 1 45 5 7 30 94 62 46 45 33 69 76 74 38 23 97 62 97 52 14 15 71 75 5 65 46 35 61 84 43 96 88 42 
35 41 11 19 12 43 71 25 98 26 51 17 41 48 48 16 34 15 47 12 6 35 1 81 65 85 25 54 9 53 65 53 8 68 63 32 52 91 5 73 18 58 29 29 77 68 53 16 56 13 3 19 4 15 83 36 91 91 78 36 11 35 16 10 3 40 21 63 61 60 72 64 36 85 82 10 49 16 8 92 77 90 5 55 40 62 14 66 67 84 54 47 16 60 0 15 33 34 33 93 87 88 7 33 22 1 56 79 18 9 10 52 11 20 78 74 50 99 87 38 0 94 86 9 4 95 82 61 0 48 33 29 54 8 1 54 78 46 34 51 38 43 32 11 72 91 52 83 40 26 73 44 15 46 87 39 17 31 89 53 5 91 26 49 40 8 6 84 68 64 44 65 20 44 9 2 53 58 95 56 33 37 8 60 6 57 52 82 23 32 8 51 60 42 16 60 32 31 55 40 33 72 57 75 7 5 29 85 89 81 7 18 87 46 38 24 8 50 22 31 41 50 91 81 15 30 12 55 45 11 30 86 13 87 69 62 36 5 22 14 1 77 22 3 19 73 50 90 46 74 99 30 29 40 89 59 41 69 97 79 29 85 81 96 50 72 11 29 21 34 10 90 75 60 77 22 96 19 58 19 26 89 77 36 58 93 46 14 17 80 72 59 13 77 61 96 62 5 39 15 
24 61 8 27 15 99 81 13 63 42 17 5 77 21 87 64 30 23 99 17 31 65 2 99 76 85 49 20 70 66 19 8 65 53 48 36 10 39 36 96 56 4 98 39 75 37 32 38 40 63 90 39 48 23 35 59 20 13 52 50 53 73 9 68 19 64 39 68 43 91 82 72 78 79 36 56 95 26 19 2 32 56 85 83 60 56 98 12 72 25 82 84 57 12 74 75 73 77 4 27 73 2 51 79 13 96 41 49 38 84 15 76 54 86 42 35 67 24 88 10 99 54 58 0 75 12 90 61 6 40 97 46 89 80 48 2 77 24 79 21 44 3 84 52 81 76 35 57 96 26 10 36 25 48 15 52 70 28 59 54 0 69 86 46 21 98 29 40 13 8 78 59 96 37 10 85 51 75 54 66 86 88 95 99 44 42 3 82 42 2 39 84 9 25 67 60 73 57 66 60 32 35 37 5 26 63 15 5 96 82 5 91 55 34 32 34 31 73 83 90 67 63 69 5 77 23 65 57 6 93 96 45 5 57 57 66 76 24 40 51 25 37 53 38 32 68 89 19 26 21 23 23 98 65 54 73 67 22 6 82 92 94 7 44 59 93 86 47 25 27 30 16 12 91 60 92 51 54 23 8 77 73 82 22 7 38 87 78 43 18 13 38 81 5 55 24 86 35 95 45 
0 28 14 77 25 89 44 4 42 38 73 57 5 98 30 43 23 27 4 53 66 66 99 0 85 93 11 73 99 14 13 70 83 34 93 92 7 17 57 96 20 22 90 14 18 17 88 89 9 58 8 69 2 50 17 93 48 70 1 91 83 23 21 31 84 27 81 90 3 94 61 22 86 7 30 64 58 82 74 21 34 77 27 55 38 97 89 28 10 15 60 84 46 1 87 84 50 67 68 27 87 9 14 26 6 54 51 48 96 68 16 87 75 82 21 73 77 22 13 89 11 88 15 43 65 49 51 14 93 78 2 41 39 60 10 36 53 63 32 33 83 4 6 16 13 7 13 90 90 31 7 61 13 99 66 60 97 90 55 36 57 63 75 32 75 35 5 40 39 76 11 96 75 93 31 35 92 85 57 19 96 36 54 2 90 72 45 68 36 60 73 24 40 98 3 29 92 92 69 88 23 80 74 38 51 21 31 21 7 85 98 42 42 23 27 65 1 8 71 96 10 72 99 56 92 59 23 94 41 32 63 26 19 99 18 90 86 40 72 61 15 80 82 86 74 76 1 18 91 23 94 58 59 49 64 18 67 82 87 72 98 16 53 41 62 93 40 70 53 18 79 73 53 29 96 28 2 13 72 45 40 34 99 27 66 92 10 9 85 7 65 94 2 93 18 98 37 66 24 77 
83 72 25 4 40 58 28 24 21 29 73 41 69 55 98 46 29 25 57 0 33 4 96 49 88 55 29 33 15 45 75 13 93 72 79 72 51 59 66 28 63 85 45 61 89 48 56 75 47 35 46 78 88 49 35 17 57 59 54 93 48 93 92 30 9 18 14 82 99 44 7 73 72 99 6 77 14 47 55 35 57 96 71 48 50 0 41 32 74 28 25 48 79 98 36 76 12 84 19 96 89 72 13 54 46 90 41 89 54 12 5 9 69 2 77 60 35 55 89 97 57 23 23 86 37 36 65 51 76 20 37 37 66 84 67 61 27 69 85 88 60 16 17 61 58 20 5 29 84 89 34 22 29 23 52 51 43 57 42 67 11 53 0 99 7 27 37 12 98 84 51 0 79 89 30 35 83 2 35 27 20 79 60 56 44 2 15 45 45 37 83 7 74 27 5 49 92 50 49 78 4 43 87 22 33 87 31 16 44 15 58 63 29 38 32 54 49 61 57 66 13 67 90 36 39 86 56 30 18 28 75 9 15 18 44 93 33 40 41 7 44 44 27 33 8 51 15 2 99 82 18 27 23 62 22 78 80 37 11 16 58 67 26 9 7 7 39 75 46 98 58 29 21 51 56 74 53 35 94 9 47 95 69 39 4 98 70 60 2 15 0 86 30 18 89 90 95 9 71 48 
39 44 21 83 71 73 14 63 48 47 55 40 36 22 2 71 39 93 95 58 80 83 31 51 14 37 41 6 50 46 54 23 8 55 52 97 46 61 59 23 5 54 63 90 20 44 18 37 16 99 23 40 14 87 35 70 23 63 35 4 52 83 67 70 79 71 77 24 56 89 16 48 41 91 45 8 1 58 4 12 19 32 26 51 32 22 4 2 83 37 35 48 32 63 65 46 34 30 43 50 99 43 75 68 62 24 11 24 75 32 22 33 80 81 94 37 56 59 39 23 93 22 14 17 36 92 20 97 82 31 80 14 20 45 51 67 99 5 42 42 86 4 89 75 92 20 39 33 66 70 62 95 77 81 61 45 42 25 91 23 80 57 34 73 88 65 11 36 40 96 8 51 78 63 46 90 75 75 61 95 80 78 42 73 28 4 56 32 85 49 18 3 95 55 70 82 60 26 47 16 31 72 70 30 47 51 55 23 51 3 52 89 61 2 73 24 45 15 65 52 52 36 55 51 99 8 77 99 56 26 76 14 66 5 99 96 4 72 11 88 82 61 32 56 37 26 47 70 97 97 17 1 90 94 14 37 51 55 18 91 71 25 15 91 48 6 19 8 23 85 45 60 45 42 25 79 22 4 44 52 44 99 2 52 20 17 54 13 59 22 89 4 48 87 80 5 98 40 89 16 
16 86 93 27 23 42 71 19 66 67 81 14 41 73 7 95 14 24 0 40 53 14 66 9 67 65 42 75 3 82 4 60 87 90 67 59 2 79 18 73 24 36 62 42 95 52 1 26 46 26 70 58 28 35 95 32 70 98 77 80 95 62 51 66 55 81 60 22 48 93 50 18 83 17 2 71 35 68 54 70 68 27 35 66 16 64 42 34 23 4 50 53 23 79 99 42 72 94 22 62 63 7 8 61 98 17 13 81 59 57 99 13 97 58 55 20 48 44 32 62 2 7 25 69 38 32 74 35 50 35 20 99 5 70 44 16 36 17 55 93 15 80 63 95 52 31 64 0 68 51 38 97 68 13 69 60 97 75 82 32 11 88 69 60 47 83 53 72 90 17 95 19 95 84 80 57 27 96 6 52 76 41 94 97 85 66 10 92 3 93 25 4 78 72 88 87 23 24 77 67 4 68 54 69 11 15 99 24 11 79 29 61 77 4 20 30 71 53 38 18 35 36 49 52 73 44 53 38 45 20 32 9 36 62 68 74 52 41 64 68 38 63 86 92 41 33 89 32 1 68 59 52 40 95 40 57 91 65 89 95 11 47 85 12 3 77 4 98 25 93 16 45 8 46 15 83 99 69 22 91 40 60 54 43 98 9 13 63 17 85 56 54 81 74 21 72 91 25 17 64 
48 98 86 71 90 89 92 25 44 26 99 28 47 73 99 76 77 67 82 70 58 62 19 77 60 78 66 15 0 49 93 13 34 43 62 10 73 45 14 68 21 2 76 75 82 51 96 55 98 5 71 15 33 9 4 78 59 47 84 69 18 55 18 94 62 4 82 81 48 36 77 10 57 69 56 34 13 37 53 46 88 51 71 5 45 84 75 30 70 91 58 79 85 47 94 16 53 50 45 61 67 62 58 59 81 83 6 51 64 23 92 63 85 65 64 21 45 26 10 79 65 89 23 44 67 90 8 57 88 29 48 0 25 77 22 54 0 45 99 47 36 66 50 3 16 33 45 91 80 55 67 7 29 70 76 78 13 20 96 48 92 94 31 60 32 3 88 13 50 93 16 15 30 28 96 83 84 27 18 30 95 89 71 58 65 28 7 13 87 15 10 35 78 72 63 98 0 93 74 80 97 44 67 33 80 33 18 48 17 81 2 21 69 62 38 93 43 94 73 49 61 6 50 54 40 4 42 40 50 71 91 21 91 37 39 12 72 54 14 25 26 6 1 53 65 52 81 2 35 79 42 34 66 40 88 58 25 23 86 83 61 5 95 79 7 44 68 91 97 28 26 56 65 67 97 30 14 82 18 74 26 14 44 21 67 43 76 20 52 43 13 26 32 96 26 81 15 37 69 78 
58 90 9 50 46 29 16 26 17 18 6 37 84 90 14 93 55 38 21 69 85 98 94 99 95 95 38 99 55 28 37 92 65 12 80 66 95 53 21 84 72 38 83 58 17 23 53 16 10 37 66 78 42 94 71 93 30 89 5 13 25 47 62 49 58 5 35 86 12 66 79 71 49 58 5 0 99 33 99 19 87 26 82 34 2 59 81 22 26 3 29 42 7 26 5 86 9 31 2 48 55 20 99 7 96 22 81 57 85 65 26 5 48 70 94 83 2 61 82 87 23 91 40 36 81 77 21 13 11 87 58 69 81 23 26 11 75 3 31 40 58 47 98 79 12 31 56 28 14 40 78 36 28 18 63 26 95 3 0 27 17 80 52 95 35 24 91 87 33 97 95 60 43 42 69 96 75 46 21 9 92 73 75 74 32 74 47 94 47 87 60 70 47 70 23 63 84 11 5 33 67 46 68 98 88 95 64 43 46 8 97 91 30 42 6 62 82 21 99 3 51 54 7 74 53 88 30 16 9 53 9 94 57 0 95 57 6 76 63 71 94 90 71 37 47 38 15 4 58 64 3 27 58 43 27 89 2 44 65 18 9 31 35 33 28 48 16 64 99 33 73 81 49 23 64 92 14 45 19 47 90 23 15 16 18 25 17 73 47 60 67 72 14 90 18 37 0 73 68 37 
55 10 75 97 43 44 65 32 37 35 82 47 95 30 25 62 62 29 19 70 35 60 45 75 94 3 2 28 90 29 53 5 28 96 85 38 34 42 54 59 21 8 4 15 40 96 37 99 18 81 49 46 54 42 74 82 66 74 42 91 92 94 16 96 22 36 26 77 66 51 29 99 9 20 21 8 5 48 27 23 99 90 60 74 94 73 44 51 16 46 69 4 45 86 78 80 92 49 93 51 60 23 57 9 72 65 96 58 88 52 11 86 91 36 80 31 64 35 33 35 60 75 79 75 23 73 2 93 76 94 96 67 5 27 86 86 93 4 93 89 41 29 19 41 56 75 80 86 90 65 18 88 90 63 93 64 93 39 54 85 21 22 90 89 78 34 24 73 40 17 46 55 84 74 43 35 92 41 79 15 96 12 65 27 7 83 12 86 3 58 94 60 35 24 31 24 47 4 25 93 38 29 8 16 38 88 99 48 73 4 69 96 53 51 22 4 91 29 75 10 34 64 74 45 72 78 51 86 92 88 27 96 19 27 4 87 85 67 63 95 54 10 57 41 52 74 27 63 60 68 21 94 98 3 73 1 58 66 37 12 50 16 17 15 36 90 45 26 49 42 56 27 86 31 95 35 6 46 60 32 16 18 97 61 8 25 21 61 62 24 27 61 53 3 50 17 2 25 80 71 
22 79 80 74 67 60 6 24 46 83 95 46 61 8 47 22 71 30 80 1 5 15 2 55 35 11 66 25 33 57 39 51 78 26 33 23 65 33 65 13 76 43 47 92 94 71 15 65 16 36 55 12 29 35 85 14 62 91 20 6 52 81 62 65 26 6 15 8 77 25 24 14 83 89 1 17 72 37 92 8 60 25 66 25 73 26 96 86 13 35 54 4 93 49 99 28 1 39 90 69 85 66 17 25 23 10 77 93 4 93 64 93 33 77 37 10 56 14 17 66 99 95 12 77 95 32 76 37 57 20 19 24 40 27 53 46 7 64 21 25 42 9 85 81 59 36 25 41 46 51 62 46 98 3 71 7 70 79 22 71 31 94 93 38 58 77 52 46 67 65 63 35 71 70 20 4 28 64 20 73 33 58 83 73 14 86 51 48 43 75 82 85 98 74 90 57 36 64 24 82 51 49 74 29 65 60 19 16 21 8 1 56 79 37 27 20 63 18 67 70 17 62 52 31 57 1 48 48 33 19 75 83 30 48 23 10 46 16 96 31 71 80 30 94 3 44 48 57 47 29 79 23 46 99 30 89 73 78 49 77 19 43 66 59 83 3 97 77 4 84 36 78 69 14 93 31 70 65 75 71 51 81 1 45 2 83 0 21 30 55 20 33 55 56 45 26 69 83 12 3 
29 26 23 46 60 15 65 31 98 21 50 65 63 62 15 30 47 92 92 13 37 84 78 74 67 47 30 76 59 53 77 93 45 89 71 93 4 50 27 47 42 54 88 68 5 59 78 68 36 45 65 83 34 8 91 43 36 47 98 26 29 0 51 40 93 17 66 79 35 30 79 21 49 11 79 70 62 7 60 95 15 50 54 36 9 87 94 94 74 29 23 49 55 1 62 1 10 78 56 48 18 29 48 6 5 11 62 18 65 94 66 58 23 13 23 71 6 12 82 28 65 43 21 13 49 39 39 1 20 80 65 15 96 18 42 76 22 87 76 46 4 73 27 49 2 28 3 51 33 55 8 71 92 76 13 63 42 29 73 43 92 48 24 24 39 72 87 23 99 10 78 51 75 14 74 89 32 19 79 69 25 22 1 34 8 98 29 31 73 27 40 0 64 74 26 5 89 40 86 21 50 94 20 87 44 46 42 75 64 52 90 69 37 72 63 92 62 87 65 63 61 17 91 67 10 24 85 36 53 78 65 85 22 54 75 70 24 53 65 35 66 74 99 80 55 86 35 34 79 40 52 64 90 74 6 84 17 73 99 87 18 59 9 67 90 69 3 88 5 24 92 75 58 53 30 95 4 97 42 77 90 50 21 10 26 63 64 8 90 15 21 28 66 14 10 29 8 7 58 94 
28 42 25 73 86 67 24 8 5 8 34 90 84 92 46 52 68 90 50 92 54 64 4 98 81 18 74 42 13 80 75 51 17 37 19 95 45 75 23 65 57 11 84 42 22 29 66 96 41 53 34 29 51 88 98 67 98 60 29 84 36 23 12 76 0 59 42 72 35 91 8 99 37 6 3 92 40 9 67 59 85 75 11 97 90 26 75 49 89 46 25 58 42 12 25 34 59 93 7 94 20 39 16 90 24 89 17 32 18 59 59 66 97 87 12 42 71 52 88 66 66 70 19 40 61 64 76 51 68 76 37 30 25 66 66 39 75 55 24 7 32 81 25 38 2 87 83 39 80 3 69 90 10 62 89 56 73 33 12 91 74 51 24 50 89 99 98 16 7 18 80 58 98 46 92 18 10 20 82 67 41 16 44 9 77 32 12 99 26 49 90 40 15 96 58 14 92 56 18 1 40 73 26 30 14 8 24 11 58 79 79 78 53 67 96 15 58 86 80 70 20 20 79 83 22 64 51 94 18 61 88 62 50 94 86 96 38 9 85 84 73 50 80 77 43 18 38 15 3 48 67 82 34 34 27 99 74 87 49 76 30 64 42 16 39 93 60 56 94 64 95 90 80 80 13 89 36 22 98 91 66 91 60 83 85 16 21 27 66 88 43 80 85 34 56 35 98 69 59 73 
68 28 94 82 56 80 7 48 3 30 61 23 32 94 60 10 86 3 21 46 29 88 2 11 56 62 71 2 54 99 86 99 11 36 79 7 0 97 54 2 73 69 10 66 89 2 79 42 48 59 38 90 67 63 96 28 61 66 48 77 10 45 39 96 73 0 40 41 71 76 75 86 61 68 88 79 29 74 25 73 36 94 44 4 49 9 81 33 6 27 48 97 58 57 30 52 38 0 35 89 53 48 45 22 58 94 33 37 64 94 4 77 27 95 54 20 74 9 33 37 83 23 90 5 51 41 23 87 92 3 5 28 86 59 77 37 86 78 59 53 44 84 82 66 39 14 7 19 6 68 22 17 74 10 34 88 24 0 27 3 27 30 61 70 38 5 62 70 81 23 23 2 1 24 43 20 34 46 88 36 83 74 83 44 64 32 76 31 30 1 69 55 36 91 97 32 11 57 52 38 60 30 24 80 20 46 49 63 56 40 91 59 9 13 43 96 7 92 68 62 70 20 58 99 37 5 76 72 41 8 40 0 35 22 34 53 87 15 81 9 37 2 70 94 13 0 13 38 3 8 6 35 48 97 37 43 71 68 82 13 57 91 6 98 60 22 53 99 84 86 41 82 0 48 2 41 66 99 91 80 6 80 67 12 81 8 14 22 63 13 32 9 71 37 96 39 48 45 72 61 
21 25 10 78 86 24 83 61 25 14 4 6 49 72 81 52 22 74 4 43 59 95 64 93 72 74 89 49 72 92 57 38 67 87 65 90 94 81 31 90 76 54 3 65 48 53 81 60 18 29 91 13 32 14 8 98 87 47 97 8 36 87 41 49 30 99 88 25 37 44 72 12 70 53 16 40 59 34 44 57 94 53 28 63 8 94 35 31 93 58 26 14 55 83 65 50 74 30 49 17 24 76 14 31 37 14 50 31 55 44 59 84 58 88 15 17 52 60 22 44 32 76 19 32 45 3 13 57 15 14 42 91 24 91 30 84 92 53 70 39 75 42 77 2 48 92 17 64 51 80 14 25 36 17 49 23 76 52 8 27 37 64 95 90 73 20 73 99 47 97 17 2 93 81 4 34 4 1 94 37 13 53 6 40 93 72 33 16 71 59 84 77 37 15 24 74 82 48 74 37 99 7 51 16 28 43 47 30 99 85 87 96 59 17 3 33 44 39 37 81 42 67 53 39 84 38 94 29 35 78 67 79 76 29 14 4 28 38 84 46 22 47 34 22 27 84 50 65 79 32 22 79 15 9 20 84 25 57 97 15 84 47 19 26 78 59 74 96 68 27 73 4 84 51 36 80 38 76 61 42 17 70 22 72 98 81 96 68 6 55 10 57 15 38 29 49 86 9 58 39 
33 62 28 58 71 0 96 87 77 40 81 52 25 69 5 37 24 72 48 79 94 38 95 81 80 2 45 72 97 63 68 72 79 58 53 50 54 20 81 53 57 84 58 8 82 68 88 93 7 25 18 43 92 64 20 26 26 52 84 3 18 28 40 59 2 46 30 78 4 38 41 33 35 34 94 81 18 7 81 29 54 23 86 50 55 93 29 31 27 87 49 83 93 51 22 30 26 29 54 42 86 43 37 26 7 17 43 71 33 42 23 22 8 87 46 21 52 66 52 97 1 37 9 73 79 96 14 2 11 65 10 67 50 63 51 11 89 23 92 79 98 80 41 6 51 54 9 18 63 64 83 42 46 31 96 44 81 17 78 69 49 87 50 6 20 57 6 59 32 48 88 5 92 98 32 84 94 21 22 44 73 36 87 73 10 78 24 14 30 75 66 96 97 74 83 2 35 35 23 52 64 91 36 12 70 58 59 80 9 90 6 5 63 0 51 93 60 56 61 6 25 43 36 95 40 81 93 86 6 85 38 81 83 26 51 74 73 99 19 95 56 8 18 83 88 68 92 72 86 21 99 40 69 72 32 5 36 74 7 15 32 2 11 62 84 40 71 94 99 36 50 65 22 96 69 30 9 25 14 84 60 55 46 62 76 78 60 52 82 94 57 48 30 40 23 58 43 68 81 13 
45 76 6 79 25 26 32 53 17 32 28 70 27 23 8 66 40 66 79 95 82 17 10 87 51 15 16 76 77 28 35 13 91 33 89 62 58 71 65 37 28 82 98 46 8 60 12 68 73 32 38 38 19 13 78 54 35 52 97 23 33 62 20 89 30 4 19 65 70 69 12 7 89 52 65 2 19 95 2 93 12 28 57 97 16 49 91 10 47 72 92 16 63 26 45 97 18 80 22 64 55 90 87 5 67 75 22 75 44 39 98 51 42 7 56 52 8 92 92 79 44 25 68 63 45 50 55 51 10 75 96 48 98 3 1 76 33 42 45 56 48 98 76 73 67 33 96 47 12 87 55 95 46 85 50 95 0 48 60 53 13 42 34 65 8 78 31 28 22 19 83 60 30 32 63 82 13 66 99 57 59 46 92 2 44 51 53 32 22 22 84 89 10 47 90 65 95 2 99 84 65 85 53 82 57 67 31 66 62 50 98 66 12 22 75 27 91 72 41 53 12 57 89 16 55 74 16 64 7 35 58 36 8 83 71 41 80 49 72 57 53 18 36 56 92 93 8 19 24 61 69 16 29 57 0 30 3 75 55 97 90 53 30 44 66 67 93 2 62 0 29 36 55 87 83 9 49 32 50 22 70 93 14 97 57 80 15 97 57 11 94 80 61 51 15 79 3 65 38 80 
42 93 87 52 20 22 78 14 69 67 88 76 23 52 23 76 30 78 41 2 16 76 72 78 87 36 23 1 46 0 35 79 35 10 27 58 44 50 52 30 88 0 76 93 36 21 12 45 16 62 51 19 67 16 8 88 92 60 91 82 29 16 45 72 48 43 59 89 39 43 30 18 27 41 69 16 59 38 94 68 82 55 17 30 16 55 79 27 83 92 21 55 42 27 20 98 90 92 9 85 99 71 75 83 36 45 0 37 34 35 64 52 24 96 89 29 73 84 45 73 49 76 7 14 98 41 20 34 70 60 78 91 46 7 19 62 32 38 57 53 46 25 91 8 53 17 43 89 49 35 4 95 89 18 89 7 85 36 93 30 88 64 54 98 80 24 56 22 57 34 63 70 2 23 5 35 15 90 1 93 42 19 4 73 29 93 71 39 51 10 69 74 53 30 99 88 30 53 1 26 26 39 91 97 1 80 4 12 0 88 81 86 73 82 58 46 92 31 0 65 54 53 26 9 37 70 47 24 43 63 59 58 43 49 70 7 88 97 31 19 35 73 61 20 49 41 97 84 75 68 30 71 86 23 53 21 13 48 33 16 77 69 18 95 89 17 80 42 46 46 54 43 1 59 81 71 60 21 54 36 11 25 97 21 15 5 40 35 0 2 69 32 64 12 15 89 80 75 22 91 
9 68 95 59 93 45 45 0 82 51 47 20 23 53 31 55 10 72 16 41 35 95 36 43 84 98 87 21 98 5 56 85 54 60 41 35 26 94 49 49 51 97 97 59 30 27 46 93 51 4 31 0 83 42 37 91 63 76 36 93 86 37 38 63 7 13 99 47 99 50 30 0 3 98 86 39 99 45 72 18 42 62 22 11 59 72 62 13 84 94 43 40 33 67 49 72 53 46 99 26 12 17 38 31 96 54 21 36 95 89 77 72 70 70 0 22 45 36 5 41 94 30 99 75 74 42 48 94 59 72 3 2 4 90 28 56 65 49 99 75 96 15 61 98 64 66 12 34 9 96 88 47 99 70 12 51 82 62 17 32 9 70 3 27 14 49 66 8 90 32 77 6 42 12 81 56 33 75 52 1 4 42 68 29 21 39 82 34 54 15 2 17 87 25 47 72 46 40 76 59 58 71 48 74 43 51 12 83 33 92 91 13 49 55 7 6 27 48 81 68 56 32 72 80 57 43 37 38 91 62 6 29 86 86 48 68 94 83 10 98 49 39 40 10 68 87 17 91 24 70 80 26 98 81 45 21 37 4 8 42 81 79 50 91 67 70 3 20 33 13 75 52 43 55 52 5 50 22 70 83 37 64 77 14 31 34 19 45 59 43 87 27 34 90 67 28 65 31 23 27 
44 10 67 60 32 44 70 88 33 96 20 71 15 38 49 85 38 25 16 35 9 4 36 98 12 63 79 7 35 85 97 23 86 72 26 11 20 83 14 13 48 12 80 73 12 35 97 34 5 11 98 22 36 68 17 13 52 41 29 82 48 88 94 24 17 70 1 95 67 5 7 34 97 17 83 67 55 40 45 33 33 31 31 69 64 30 20 46 6 49 73 66 71 12 16 56 99 33 0 2 94 92 46 65 40 19 77 68 76 7 66 33 73 33 14 5 98 39 69 68 68 99 66 24 95 80 78 25 84 80 67 37 44 32 33 85 71 58 31 7 23 27 1 29 73 65 0 84 71 32 71 84 21 37 90 26 28 65 10 80 17 47 9 11 2 68 60 54 57 66 72 15 79 35 33 35 19 88 0 22 5 93 72 48 27 81 12 87 49 54 87 38 33 98 70 95 30 31 13 12 78 15 29 78 76 36 54 65 21 41 43 1 42 20 92 95 73 63 11 56 22 72 48 69 78 90 99 19 17 20 18 34 65 16 51 77 63 37 91 49 69 82 44 27 20 99 0 86 67 10 3 38 54 54 45 10 65 36 50 61 82 44 87 62 55 76 36 4 14 98 22 73 39 16 60 92 0 87 45 70 10 81 71 76 59 8 10 66 88 14 97 9 40 7 44 4 40 80 42 27 
10 77 67 75 49 43 68 70 81 2 82 82 49 40 13 97 45 0 67 59 89 7 35 38 10 77 17 16 77 74 52 0 39 24 74 61 87 2 86 26 83 15 79 59 70 34 10 74 25 53 64 58 16 81 11 23 53 58 71 4 86 15 91 73 68 72 36 26 68 40 73 95 94 56 72 45 80 88 44 20 93 86 13 62 27 90 20 81 40 81 14 70 9 88 21 36 65 28 96 48 28 7 14 91 66 1 5 8 68 15 57 4 86 72 63 17 80 26 95 36 48 67 49 53 92 5 66 31 72 9 31 21 49 4 58 57 99 94 56 98 51 85 12 95 41 13 73 76 76 33 43 71 5 48 28 20 31 65 98 65 40 54 48 73 9 65 28 59 79 51 74 22 98 24 0 67 29 7 18 30 52 48 48 61 23 85 41 15 73 68 46 30 36 74 97 45 78 76 6 51 56 38 14 52 47 99 40 44 63 9 35 43 16 51 21 15 74 59 85 31 93 59 98 12 24 17 19 88 63 14 15 14 82 8 29 17 73 52 48 67 1 10 63 79 89 31 92 13 88 98 79 18 41 92 26 94 54 25 66 93 63 10 5 30 47 39 35 92 91 16 60 48 70 6 0 69 60 73 48 50 60 23 29 59 31 45 13 62 15 43 59 3 94 45 11 23 54 93 46 24 
77 65 59 91 97 21 79 14 54 31 92 88 26 16 11 75 4 22 57 67 6 54 69 58 76 56 81 99 26 69 86 39 43 8 33 44 25 40 27 22 23 21 8 6 60 45 41 23 3 59 7 87 94 32 75 45 77 45 46 67 7 93 65 54 34 90 41 98 2 61 61 37 77 17 22 71 16 17 32 99 70 4 67 5 34 99 0 34 39 97 8 19 65 56 67 8 17 18 50 16 38 56 96 60 38 80 19 26 85 80 13 29 84 97 58 55 65 11 46 96 67 71 97 65 75 69 2 92 41 98 61 96 51 82 78 17 10 25 6 69 92 82 34 71 37 62 43 39 99 37 59 82 81 45 75 68 15 77 39 40 93 75 65 57 36 71 70 10 86 22 81 59 87 39 86 79 91 4 31 46 22 28 42 29 33 91 16 28 29 5 18 81 77 10 90 58 52 43 1 94 99 96 9 74 27 78 63 24 3 58 48 91 97 92 74 95 22 26 43 47 21 99 11 79 85 59 33 62 90 26 11 61 26 48 99 32 60 98 59 38 54 84 69 91 7 38 95 22 86 60 5 69 81 26 98 44 71 4 73 20 15 22 82 93 97 17 88 99 42 87 24 72 40 19 37 81 94 8 32 14 10 45 75 46 61 52 82 94 16 6 2 43 50 88 88 54 25 4 26 69 
19 62 8 77 98 58 40 68 81 48 8 13 9 58 90 37 8 83 77 50 96 54 48 0 65 68 58 99 8 32 74 27 42 57 75 12 0 37 64 66 12 3 29 73 53 72 29 54 25 66 24 63 54 4 41 98 10 35 76 20 91 66 45 0 62 96 0 48 87 74 37 98 38 31 44 11 82 0 38 60 30 52 96 7 13 6 1 93 0 91 30 73 27 75 27 97 7 48 65 24 63 3 65 4 14 32 17 46 27 75 62 77 79 18 72 20 90 79 41 41 37 95 85 52 63 2 72 39 92 9 13 32 32 90 48 59 85 40 62 6 74 24 51 52 22 6 51 13 54 99 66 14 54 14 17 73 70 2 90 81 74 49 35 11 92 47 40 69 44 41 9 63 55 11 40 93 73 94 1 75 95 77 89 16 63 57 10 18 41 91 93 45 47 94 93 29 14 30 89 38 84 45 59 61 64 39 87 74 70 31 73 69 67 80 20 52 72 87 0 94 32 99 30 80 22 1 46 99 87 81 61 46 78 61 91 2 77 96 6 70 12 85 4 2 29 39 4 68 40 11 97 87 98 3 74 33 41 39 52 55 12 3 78 19 70 21 41 84 54 71 81 35 64 62 40 92 62 81 57 52 37 70 33 91 4 57 17 95 70 86 54 22 22 72 89 94 31 44 52 7 
89 74 52 18 69 17 92 55 37 6 35 17 51 9 70 17 61 95 99 17 37 7 20 7 50 58 66 90 36 98 88 60 19 96 93 6 41 42 45 28 22 27 89 59 37 25 24 55 44 66 65 4 1 2 19 26 33 58 33 59 66 1 87 20 20 70 2 13 26 43 87 37 18 5 0 98 74 70 84 40 65 37 68 83 38 67 65 99 32 28 75 38 90 9 43 18 48 25 14 54 4 4 55 85 90 13 91 91 99 91 76 85 67 37 92 91 31 64 19 23 55 91 80 87 79 23 15 76 99 85 67 9 61 41 3 36 18 31 12 61 57 52 38 11 7 43 56 62 2 82 17 35 19 33 73 65 65 28 24 8 65 14 28 7 47 44 38 10 4 3 2 56 88 30 46 69 96 39 41 3 86 93 67 81 42 84 25 33 85 63 62 52 49 89 40 93 31 37 31 57 67 9 36 14 92 81 62 74 75 47 74 8 14 72 74 12 25 22 94 40 74 20 70 97 40 38 73 77 2 74 81 38 71 54 25 74 72 17 97 2 16 81 64 3 13 49 4 17 40 24 1 40 35 42 13 83 55 54 64 73 26 67 30 21 30 23 91 94 89 59 5 6 12 64 68 67 98 47 81 51 71 81 46 69 86 4 49 28 79 90 10 36 84 1 5 48 9 18 24 78 
13 63 30 2 44 54 9 53 72 44 23 80 88 3 51 0 52 40 17 64 58 55 14 6 32 14 67 56 9 64 36 57 35 40 39 32 30 27 69 62 30 50 61 1 30 85 58 38 2 29 87 26 19 32 46 22 67 94 90 80 30 48 20 13 12 5 0 29 14 27 39 3 91 87 63 58 28 6 66 10 41 24 72 99 52 31 14 94 25 46 72 80 72 42 25 61 84 67 83 7 97 78 72 56 17 66 26 32 87 86 98 39 34 66 31 26 82 31 31 10 86 41 92 31 55 52 45 7 4 24 76 65 40 20 7 48 31 0 27 97 48 66 74 13 33 65 98 26 16 6 53 47 45 8 39 43 96 39 11 5 14 4 5 75 45 91 44 24 8 28 89 2 7 32 55 63 47 61 62 64 34 62 35 87 52 45 45 84 79 33 52 90 56 14 96 67 59 33 79 63 74 48 8 50 30 24 95 14 20 71 61 53 23 8 30 76 53 65 81 64 23 68 87 16 20 63 4 31 30 70 75 81 90 61 40 41 45 60 23 45 24 16 74 27 64 47 69 42 6 9 71 1 14 25 33 21 10 23 37 84 47 66 12 67 94 69 3 69 73 90 99 33 3 66 37 55 51 60 95 50 84 70 60 38 22 14 63 72 37 3 6 16 70 62 63 88 15 20 61 48 
27 94 81 27 68 37 48 33 37 41 76 77 39 9 52 34 42 99 98 60 5 10 2 63 91 57 1 44 83 97 25 51 12 23 99 93 22 43 34 65 51 0 60 63 63 90 8 77 46 64 83 53 69 96 3 25 79 78 56 51 98 75 77 3 46 92 81 34 56 80 87 77 7 54 48 70 93 87 52 86 77 31 94 60 87 7 40 26 12 73 10 68 64 12 67 50 37 34 51 23 44 53 70 71 1 19 31 83 29 34 85 77 13 88 93 63 5 3 88 38 49 52 78 22 99 89 42 81 56 50 25 99 24 97 81 17 52 32 41 55 3 30 82 91 6 11 5 66 48 66 33 91 55 10 16 88 77 15 94 4 12 11 78 40 85 26 37 3 98 12 39 62 93 67 5 2 35 98 35 27 55 65 15 33 66 48 32 48 99 3 55 96 98 40 71 95 66 37 35 64 81 19 11 57 79 97 98 55 72 83 57 40 96 96 54 54 8 99 40 17 77 14 29 43 50 85 52 99 47 44 46 55 65 79 58 80 52 65 45 33 4 7 45 78 49 38 14 83 59 52 9 88 38 93 2 46 7 84 21 36 21 98 55 32 6 50 3 8 14 51 7 22 13 78 10 91 68 81 1 87 67 82 14 38 20 42 70 23 26 89 38 71 47 93 66 5 78 27 0 70 
42 4 43 20 29 63 89 69 89 62 43 75 45 5 54 62 74 58 38 38 5 5 81 41 42 16 28 93 22 7 52 87 84 78 87 25 73 29 74 12 13 10 51 45 61 49 78 35 79 80 68 39 64 35 52 90 75 28 36 40 19 6 23 63 64 94 25 76 98 1 64 90 54 1 41 91 60 41 56 7 25 81 98 58 0 29 72 25 85 23 54 48 21 83 93 82 82 64 42 28 82 73 14 81 39 36 81 17 81 66 66 38 97 28 53 21 89 15 49 94 21 89 60 18 99 71 62 41 13 81 28 84 26 76 98 58 39 82 18 77 97 74 9 84 29 21 68 72 93 58 20 63 27 34 7 84 53 64 61 77 55 94 69 2 47 10 82 12 31 77 62 39 70 92 19 50 24 68 61 7 83 59 96 82 90 82 76 47 85 2 64 28 75 25 30 33 98 52 90 39 24 24 10 91 58 75 78 5 26 60 72 85 83 49 24 53 28 81 7 21 2 25 89 7 96 93 0 88 60 76 57 2 40 35 65 68 62 90 55 52 2 92 43 35 68 30 75 77 4 21 29 90 29 31 23 62 24 52 90 17 11 71 68 23 75 67 20 66 17 44 74 51 49 70 13 77 40 0 47 71 4 49 51 26 12 63 70 9 40 34 36 27 74 24 73 30 91 5 7 43 
94 27 22 90 13 67 34 8 74 9 98 18 37 47 37 90 60 33 67 18 55 88 25 7 87 67 78 99 43 13 34 48 82 63 25 77 37 35 20 35 47 73 12 2 25 11 18 90 94 26 51 44 23 38 45 68 20 24 55 48 98 41 78 40 49 74 48 66 7 52 64 41 90 10 80 16 63 29 83 26 11 3 61 39 1 87 81 38 6 99 10 59 27 21 33 13 42 72 68 65 77 35 68 13 15 5 50 41 65 8 55 13 25 91 75 43 44 5 59 60 34 13 7 80 93 4 62 63 51 22 72 65 87 76 56 19 14 78 41 10 97 9 76 71 43 58 60 26 33 68 12 7 25 29 63 52 34 78 23 60 2 48 64 79 92 26 96 64 74 13 3 62 98 97 74 22 32 79 63 78 47 32 84 10 1 32 91 31 19 36 0 6 93 67 18 54 30 53 9 66 82 42 0 69 47 95 34 97 59 63 41 67 17 93 34 14 96 89 96 7 43 31 94 24 66 4 44 75 16 12 19 96 0 77 74 76 37 30 6 13 93 21 19 58 56 91 91 68 53 12 98 61 94 46 96 82 56 64 40 96 51 12 92 23 48 89 84 43 28 63 34 7 35 98 18 86 15 77 65 59 35 64 79 62 86 89 9 98 23 56 28 88 47 61 49 45 73 73 78 41 
85 43 48 34 20 79 93 15 53 53 42 72 72 9 96 66 12 59 26 12 66 72 49 42 67 11 88 54 80 94 59 57 97 67 30 51 37 34 5 59 16 41 29 1 98 72 28 40 85 54 33 41 72 5 48 26 49 73 16 42 23 64 30 99 21 72 80 30 56 94 31 65 38 68 39 83 29 32 71 18 60 12 44 6 36 22 58 42 48 7 23 18 51 42 18 27 48 6 6 52 99 37 13 17 97 12 79 97 78 10 31 71 56 46 77 87 18 43 90 91 84 43 11 58 23 21 32 93 20 74 2 4 27 26 27 41 74 0 66 27 5 40 55 65 22 22 24 72 37 16 40 48 11 2 37 97 6 73 17 9 53 87 22 12 77 97 74 9 55 12 94 0 31 5 29 71 0 80 82 38 46 86 3 41 21 32 28 34 12 32 14 61 87 6 89 74 56 55 8 48 8 42 93 32 63 53 16 68 20 98 95 38 45 89 24 34 6 8 86 5 7 32 28 7 83 8 9 23 47 4 86 13 55 78 72 11 11 49 94 50 48 91 26 15 75 98 91 93 85 86 81 85 30 73 91 37 68 7 53 9 84 35 47 99 28 99 85 88 24 41 5 57 33 24 73 33 4 12 47 11 6 97 94 21 3 10 71 73 81 22 47 65 11 93 46 4 68 39 72 0 
50 14 78 98 28 48 75 55 55 92 59 60 34 49 49 45 6 27 88 62 12 17 37 79 61 79 97 73 76 98 50 8 35 43 53 78 59 78 97 63 12 78 77 93 52 15 4 16 9 18 97 20 43 68 59 78 0 43 67 85 21 3 81 25 0 13 11 75 80 29 93 66 80 44 87 41 6 83 44 93 99 45 11 51 30 56 69 27 21 60 29 95 77 62 92 87 24 75 58 31 63 1 78 62 57 19 96 41 77 3 91 23 33 17 6 38 20 30 7 49 25 74 46 31 13 74 27 95 68 20 11 17 77 32 86 45 71 88 72 79 36 22 51 41 39 85 39 77 23 79 36 35 11 2 47 97 8 71 41 57 93 44 82 53 86 40 74 77 3 65 1 17 11 83 51 3 48 0 81 31 87 37 39 54 81 86 84 34 28 35 16 7 78 54 79 87 57 75 23 61 37 45 99 55 91 46 27 22 64 56 7 66 93 0 19 54 85 99 22 56 19 64 88 8 46 56 89 31 84 38 62 36 25 94 49 47 53 83 58 39 94 54 34 1 5 17 81 54 19 3 81 55 11 64 68 72 4 40 9 79 57 82 90 58 21 31 92 32 40 25 19 19 30 41 20 10 55 7 66 3 71 48 71 35 92 48 78 53 15 90 39 47 47 52 83 10 54 97 1 43 
16 30 7 49 14 22 33 49 16 53 61 93 47 27 70 92 83 1 69 20 59 2 40 67 13 93 52 80 16 29 96 79 43 35 98 60 61 47 2 36 70 74 90 20 15 29 83 69 29 23 55 5 77 41 32 34 89 58 38 42 81 68 30 40 38 66 68 71 69 28 94 9 61 64 26 85 5 24 72 41 69 96 23 15 76 15 92 99 45 92 18 29 77 9 47 93 12 61 14 96 30 92 53 4 18 82 6 0 65 58 90 3 63 27 18 6 75 97 65 96 94 34 74 18 63 90 39 30 45 29 60 40 37 57 10 5 72 91 67 73 11 49 88 64 89 68 38 12 21 83 26 8 46 18 48 22 57 56 28 20 7 81 0 67 0 3 30 31 78 81 27 39 32 58 31 49 93 55 91 10 64 82 2 94 2 47 88 46 54 94 75 76 64 82 92 2 70 3 97 78 48 26 84 3 14 87 27 46 36 92 71 71 96 31 91 8 74 85 54 84 48 57 97 42 15 98 43 8 93 25 41 3 23 91 91 56 14 83 34 94 80 85 61 3 80 12 52 68 24 68 73 17 67 98 45 78 88 31 58 0 44 16 47 49 10 91 54 34 74 38 90 32 38 61 35 79 56 57 10 64 65 96 44 23 59 21 23 31 11 41 25 55 57 68 30 10 28 32 27 81 
22 91 18 92 99 73 75 91 44 9 25 58 62 62 53 22 86 99 22 20 3 4 6 8 93 31 37 79 51 6 0 54 63 80 58 89 16 17 96 20 5 13 29 38 60 80 48 18 13 60 59 28 26 76 55 23 13 10 85 23 59 7 68 15 25 5 51 82 91 7 27 36 93 39 23 44 52 60 74 73 69 67 68 79 5 20 29 49 32 43 7 93 58 43 24 22 40 94 66 56 58 70 14 42 29 2 56 29 46 91 58 3 34 91 55 42 4 91 26 20 27 82 91 20 27 5 6 12 21 84 39 10 21 38 20 24 58 32 61 18 14 24 50 10 67 47 64 33 82 82 53 45 83 22 68 11 54 10 58 64 74 93 3 1 62 52 71 72 15 68 27 78 43 36 77 93 7 12 86 72 14 93 30 86 50 26 69 60 1 87 72 13 42 21 43 54 36 99 14 42 51 11 41 90 61 33 14 45 98 20 28 81 24 3 64 34 18 56 53 48 37 81 54 53 88 74 95 50 56 16 66 82 49 41 29 93 18 73 99 95 28 20 61 93 5 28 48 35 41 61 73 25 23 55 35 61 61 47 57 74 66 40 99 27 41 72 55 87 57 6 82 89 94 73 0 27 43 26 27 48 53 24 88 2 9 15 90 35 18 32 83 51 62 4 50 17 36 16 49 55 
53 37 73 11 79 24 17 74 44 69 29 86 6 77 51 35 33 8 46 75 54 25 54 68 0 91 87 94 79 50 28 51 98 41 75 64 18 65 5 53 1 23 23 43 66 0 11 17 42 2 66 80 18 25 55 16 89 24 69 72 48 31 14 51 74 30 73 4 74 92 42 4 55 9 37 88 48 89 66 32 80 53 55 46 72 99 21 6 76 8 32 34 3 93 45 72 73 46 17 47 18 64 60 54 83 21 23 18 68 95 99 60 81 59 65 44 84 55 28 61 35 80 55 96 81 58 53 33 9 67 34 60 83 48 85 15 94 71 31 37 6 66 68 18 49 29 98 57 30 6 71 84 83 99 43 14 55 45 88 90 40 11 81 93 42 26 69 76 58 29 34 1 1 24 91 70 92 68 17 36 56 10 3 16 38 82 60 79 41 53 93 36 62 27 78 45 79 80 85 24 18 13 47 63 48 48 56 19 49 91 88 19 20 37 80 26 77 21 8 5 28 9 24 73 63 59 85 14 15 99 88 40 22 25 20 75 39 84 52 4 86 47 41 72 79 0 32 29 82 36 54 67 92 34 8 73 71 92 5 82 4 91 34 17 27 50 4 64 5 63 12 52 46 42 51 26 75 24 28 38 26 68 33 39 66 20 83 8 47 57 31 4 91 88 32 45 30 34 26 1 
31 72 69 95 6 35 36 41 45 49 45 70 91 80 97 5 17 84 56 85 29 76 42 0 86 94 48 14 73 52 2 21 34 82 20 13 30 23 97 32 73 27 67 67 90 84 11 41 85 86 36 91 49 23 45 20 69 91 79 77 14 73 65 78 29 11 38 39 89 67 26 35 44 89 89 73 29 3 48 83 33 50 40 66 75 41 49 57 70 23 48 93 52 56 97 70 42 40 31 73 67 55 97 98 70 63 56 63 27 2 15 17 10 51 53 75 56 99 56 9 71 5 98 97 20 93 72 52 86 1 21 2 18 46 14 6 12 41 3 24 28 86 47 91 77 43 97 72 59 73 98 63 81 2 20 66 43 3 14 76 25 31 58 30 10 31 44 61 43 92 78 80 95 61 46 81 14 77 41 82 62 42 6 97 73 16 8 23 13 54 54 6 70 11 3 28 66 24 50 29 86 68 13 1 3 49 20 7 89 6 65 25 97 34 8 6 41 71 46 24 2 76 55 51 47 62 1 66 47 81 63 17 77 97 1 32 56 40 26 40 58 36 25 77 18 74 29 56 14 6 40 68 84 73 73 22 14 53 51 30 81 10 82 66 18 74 12 7 52 91 24 81 60 61 80 84 37 86 43 30 11 73 18 83 99 28 86 8 48 30 43 24 92 81 26 3 21 62 70 77 
58 58 41 4 75 86 70 5 67 25 94 51 46 69 72 34 71 19 56 82 27 79 1 97 30 65 86 41 35 41 98 42 32 16 0 81 39 4 41 58 65 1 56 55 23 35 70 24 15 89 67 78 77 17 33 4 48 66 83 60 44 48 90 82 48 64 20 51 74 3 4 44 76 16 87 78 50 50 86 72 99 60 17 80 20 31 67 99 10 5 10 70 25 42 6 60 62 94 16 54 47 39 24 5 29 32 21 32 16 40 61 87 44 99 18 31 86 96 19 48 77 37 8 19 25 89 30 74 76 5 20 30 67 57 36 1 17 99 42 81 81 45 14 6 93 97 95 48 43 35 69 22 40 70 69 22 9 71 37 85 31 12 57 46 58 60 36 63 66 96 40 25 34 78 82 96 4 9 83 4 15 94 70 38 77 88 19 39 28 57 32 81 0 14 6 84 53 5 16 78 99 75 89 19 26 17 89 16 24 3 46 84 63 7 59 21 51 38 49 99 26 74 93 62 63 25 34 31 97 72 51 17 71 34 81 71 11 62 82 3 0 8 5 54 67 88 3 28 13 11 48 16 92 13 11 37 63 41 17 89 65 53 72 38 94 90 19 70 99 41 5 20 11 91 23 1 47 35 19 63 35 8 98 11 86 42 21 90 25 54 69 56 17 10 81 35 61 1 90 19 
39 31 28 92 87 61 84 18 6 52 26 5 41 94 98 37 27 69 79 74 42 29 66 25 17 65 78 67 10 74 52 38 97 18 62 22 20 18 33 5 0 14 62 44 9 5 77 55 99 26 16 53 49 41 11 68 10 73 71 64 16 87 53 24 13 96 25 60 79 46 83 16 8 34 39 48 45 38 82 25 0 19 49 25 13 91 86 56 71 4 99 8 19 93 98 78 73 15 68 46 51 46 30 1 61 8 25 27 78 87 9 63 51 24 26 72 82 93 42 89 54 54 6 18 52 69 11 79 62 62 59 18 62 49 52 38 41 20 9 22 50 95 37 5 6 43 23 93 59 53 11 43 6 89 77 39 53 62 35 49 71 1 39 91 4 25 36 1 79 91 76 62 11 13 21 58 22 35 85 89 43 24 96 63 5 61 25 58 83 67 35 91 30 27 45 63 54 25 27 64 66 69 29 70 93 6 69 94 31 83 80 53 63 90 41 26 35 52 27 51 27 88 97 36 60 6 14 55 74 76 54 50 8 61 57 31 55 86 61 52 49 89 96 88 93 2 44 71 98 58 33 45 17 66 3 58 36 98 32 30 33 22 45 42 18 3 73 11 64 47 24 31 24 50 91 11 22 55 62 20 49 17 27 94 61 18 29 39 97 71 43 61 7 76 89 8 6 91 57 28 
7 53 41 53 38 94 92 41 79 86 83 41 97 78 83 94 97 67 50 10 29 14 34 26 59 88 27 98 87 52 70 35 46 78 81 94 12 48 37 60 75 31 16 64 99 28 77 20 42 66 97 0 3 70 79 48 78 12 37 69 12 57 54 6 49 33 68 37 15 33 23 91 38 24 95 36 12 17 60 19 34 71 97 45 65 52 6 7 20 32 81 52 32 7 52 34 93 79 39 70 80 41 59 52 73 60 92 37 94 15 88 37 27 0 58 86 94 90 42 48 54 32 27 75 50 91 35 92 77 30 81 64 16 13 17 45 22 63 4 2 12 1 99 90 74 75 49 10 75 80 96 54 93 70 47 9 23 47 22 55 79 78 53 31 24 0 41 98 91 46 42 9 65 74 76 68 12 74 68 14 44 53 41 24 78 26 77 51 34 65 92 68 44 63 8 66 35 91 10 80 81 68 93 62 1 30 92 42 93 51 50 2 47 99 61 38 57 62 62 4 28 70 81 79 76 63 98 76 79 5 46 67 61 16 39 22 58 49 91 0 16 1 65 99 10 74 18 78 75 68 7 40 94 57 43 19 3 98 76 4 72 89 7 95 59 46 75 39 23 93 6 84 19 75 24 57 39 74 40 62 20 4 79 69 34 67 34 15 32 29 58 6 48 98 94 9 16 76 51 73 
12 31 24 88 88 73 48 9 31 65 37 34 40 27 5 48 73 63 29 60 47 43 50 43 55 92 77 80 61 23 93 83 63 27 74 69 17 23 36 4 16 21 76 4 45 46 54 50 83 6 44 37 46 17 71 75 65 50 90 14 71 27 69 62 19 57 54 93 29 51 59 13 80 81 58 16 70 61 47 68 40 98 81 59 12 38 5 70 90 85 52 49 21 5 7 13 96 32 59 45 97 42 77 13 80 41 69 26 9 52 69 22 71 85 3 33 79 46 21 80 51 71 32 81 23 76 65 23 37 36 90 7 67 8 58 85 14 86 25 29 61 23 75 40 21 58 41 27 51 98 40 23 42 27 95 90 80 99 87 97 13 12 85 62 21 79 80 59 70 38 89 30 99 83 13 99 68 88 12 71 60 30 86 50 69 6 38 75 27 47 58 97 28 36 49 12 14 38 66 22 17 17 93 67 7 17 32 62 57 97 60 30 75 98 58 88 44 46 17 13 40 0 39 4 66 22 42 95 69 10 23 57 92 38 84 17 51 11 65 25 1 47 27 58 66 32 39 70 87 13 93 34 81 20 0 31 3 81 59 86 15 85 72 66 54 22 78 36 84 58 96 16 26 53 70 14 93 96 33 5 93 72 48 61 70 93 92 75 66 12 63 33 53 10 5 26 24 10 21 65 
57 73 36 96 7 8 72 7 45 76 20 99 61 31 69 73 89 90 13 80 68 42 2 89 54 74 83 10 58 28 88 51 45 4 93 17 79 58 0 15 21 54 67 76 49 81 28 78 3 50 59 59 25 47 0 41 22 11 95 29 3 2 32 55 76 82 51 80 95 17 5 12 95 95 21 9 92 84 82 87 61 20 85 7 56 20 44 31 82 41 75 95 68 7 62 13 24 17 41 3 87 3 47 29 80 3 88 53 62 20 63 24 91 35 50 42 17 7 88 15 12 20 67 10 73 37 48 69 25 69 9 99 44 48 12 78 68 86 58 97 46 95 66 86 11 76 43 26 46 74 39 43 46 4 99 52 80 75 5 22 78 3 29 36 54 0 54 82 45 33 70 93 91 90 85 32 21 85 37 9 2 60 82 59 89 74 70 43 39 20 46 10 27 4 35 11 20 61 59 22 82 57 51 52 95 49 59 2 66 34 9 38 75 27 41 17 79 34 14 74 13 32 35 19 19 25 94 13 90 33 94 54 56 66 40 43 6 2 58 51 72 4 43 66 60 9 68 64 1 65 27 25 81 84 50 91 9 2 5 79 5 42 25 63 68 41 43 69 40 17 21 45 26 43 25 79 85 32 10 9 6 33 76 69 10 37 25 7 39 47 37 45 79 75 72 67 46 68 79 70 
6 62 38 84 53 84 38 84 13 25 13 16 14 39 16 59 74 77 7 37 17 5 96 15 48 1 44 26 33 97 83 46 6 34 88 55 18 2 62 25 88 45 58 0 34 79 3 16 28 7 23 16 4 49 68 75 65 37 27 99 68 45 53 64 74 76 46 12 11 96 5 44 33 1 76 47 36 4 7 87 39 36 68 77 9 16 31 90 6 91 85 80 2 76 68 77 79 72 79 24 15 17 93 17 32 76 29 64 27 38 86 93 42 61 46 12 35 46 69 71 11 86 35 8 76 64 38 50 90 93 27 80 7 75 99 56 13 29 15 44 10 37 41 49 80 55 53 60 0 77 49 39 24 18 53 27 24 39 63 71 88 75 45 35 69 56 55 41 97 61 98 37 55 12 93 39 89 25 13 36 37 1 79 20 28 68 50 33 70 20 65 45 26 54 39 66 57 21 78 28 49 85 51 76 98 59 14 59 93 38 46 83 36 50 16 65 89 72 41 22 67 94 35 4 56 5 84 0 97 89 62 91 23 30 73 41 97 56 92 22 82 94 19 42 77 99 59 8 59 62 72 4 90 81 88 47 69 22 0 15 93 31 1 30 79 31 68 46 18 42 43 73 99 46 15 59 86 11 70 24 12 54 71 56 67 35 57 85 58 74 70 2 31 20 35 8 54 51 96 33 
38 32 85 59 60 55 15 22 0 92 35 68 77 76 41 70 3 65 1 93 38 78 5 44 58 27 62 67 28 44 95 43 7 79 92 89 1 48 84 1 3 87 69 36 88 88 31 46 87 99 94 29 39 92 89 44 46 36 13 29 76 58 49 5 93 45 67 37 58 16 42 77 13 57 62 92 75 52 79 41 48 24 86 18 11 91 4 47 49 66 80 71 27 84 32 28 72 55 81 5 83 92 54 59 1 22 66 93 83 87 89 62 42 5 55 98 0 43 80 85 31 3 2 3 85 87 49 69 54 46 76 95 19 40 86 6 94 77 51 97 47 47 52 13 11 11 86 47 11 10 18 33 93 87 0 12 51 31 4 70 69 51 51 87 39 19 90 19 86 54 85 86 17 20 92 7 17 23 31 27 33 26 21 2 86 42 93 64 19 2 70 46 85 87 67 32 24 30 76 45 56 17 41 50 73 88 12 90 10 45 48 68 58 33 67 27 92 96 0 49 72 28 42 72 91 19 90 37 66 32 55 92 5 12 67 76 37 96 39 27 97 16 7 76 84 14 34 15 19 34 34 57 21 66 19 51 37 49 11 79 70 94 77 68 85 93 45 20 9 98 42 90 72 16 31 68 51 78 91 93 57 64 50 37 2 64 87 27 23 2 29 28 29 62 84 81 79 29 60 52 
27 90 26 43 15 30 80 8 13 25 58 51 77 11 41 90 23 89 46 65 58 85 50 71 1 15 17 28 55 73 75 78 48 8 27 43 18 13 58 49 61 12 28 35 8 56 90 23 70 42 50 67 93 98 74 11 67 62 37 3 5 66 94 79 97 7 81 1 63 7 12 86 31 30 28 7 87 51 8 66 57 43 19 23 42 84 21 51 27 43 2 54 93 62 68 98 11 82 46 74 55 12 0 39 84 99 96 75 57 25 49 89 77 2 89 37 98 86 46 58 4 0 77 32 81 86 63 63 29 88 96 18 51 33 95 88 4 59 16 10 62 7 15 51 38 61 90 86 98 61 64 99 50 15 55 93 81 97 91 21 9 86 61 61 11 81 15 75 59 63 92 31 25 3 29 64 41 98 0 91 58 6 94 16 22 0 20 4 46 10 88 5 24 73 64 46 1 71 54 72 26 4 48 64 65 17 93 72 87 10 69 0 70 18 83 65 39 22 78 68 61 85 24 39 1 32 57 89 88 7 46 1 88 54 38 57 3 89 31 17 68 51 96 18 13 14 63 49 76 57 74 49 43 78 85 64 95 33 88 33 28 88 55 2 37 9 26 18 68 37 65 85 37 69 35 9 37 50 33 25 51 1 49 56 52 30 92 81 95 86 90 94 21 92 96 29 74 65 84 4 
27 88 95 71 23 70 62 77 63 33 24 20 87 35 94 70 51 42 29 2 21 61 98 37 23 28 19 24 34 23 22 11 83 27 41 70 61 69 69 82 14 29 91 73 2 80 82 44 63 5 81 22 15 11 46 80 73 90 81 55 72 9 89 22 56 55 39 47 61 22 7 17 62 18 80 2 12 56 59 68 76 48 7 23 67 84 3 50 29 70 40 38 28 38 76 82 99 25 85 50 38 45 91 47 48 43 36 57 8 46 77 98 83 66 92 0 20 12 81 57 47 46 47 46 49 61 13 62 65 76 13 2 43 22 68 48 82 88 94 33 9 16 20 61 54 14 21 66 40 38 81 85 85 35 67 32 51 9 62 54 3 54 37 48 30 27 1 95 19 26 1 43 83 38 41 30 67 67 55 31 1 67 39 88 99 46 76 6 2 88 81 65 87 55 44 75 83 1 85 28 51 42 25 23 32 61 38 84 34 86 26 63 44 80 37 39 38 57 28 53 82 53 88 85 1 77 3 26 85 15 51 5 55 60 99 13 19 24 27 85 85 13 91 41 3 38 69 97 56 67 60 97 79 56 97 19 35 23 42 70 91 59 42 53 58 77 10 71 85 12 52 9 26 66 2 96 82 10 87 64 93 51 24 88 6 5 34 5 87 50 37 31 90 92 62 57 62 67 19 83 
80 94 79 73 78 12 32 86 47 45 46 79 39 52 83 56 48 55 56 77 19 75 22 99 17 24 95 87 65 23 38 74 63 11 39 19 33 65 8 81 82 91 9 15 46 19 39 89 26 30 31 92 91 21 91 24 76 29 89 48 28 19 54 13 26 94 60 2 23 16 65 51 11 53 69 63 98 54 76 95 68 83 77 66 25 66 50 80 5 33 29 95 11 95 41 25 75 64 7 89 10 14 26 80 54 25 77 65 36 35 35 10 65 55 0 12 16 36 57 90 72 42 88 91 67 64 84 30 30 31 62 88 42 23 75 83 72 0 78 55 46 71 62 73 34 77 8 24 75 68 42 8 49 15 52 83 95 26 42 17 0 23 27 59 81 23 64 73 96 30 20 16 2 89 85 29 2 7 4 22 88 46 10 6 0 47 44 49 76 61 79 27 67 66 56 68 93 22 68 25 28 4 30 69 64 68 98 89 59 27 18 7 1 60 0 76 98 59 0 61 18 2 36 13 74 80 19 92 70 65 29 36 58 35 27 78 11 12 92 92 81 13 16 14 61 9 68 57 27 16 35 42 33 86 53 95 45 52 34 83 13 39 80 70 36 64 80 94 65 90 57 64 9 33 45 33 16 0 63 75 49 5 44 61 27 46 42 51 88 44 34 45 13 74 68 66 52 0 69 96 
55 9 6 5 41 14 95 44 54 33 71 24 40 13 16 17 26 21 12 4 36 8 91 85 15 82 46 41 25 23 53 68 39 49 75 26 6 78 89 48 80 7 96 47 82 19 10 42 13 48 74 33 84 15 46 5 42 82 9 73 62 40 55 17 71 60 6 35 4 95 33 15 9 8 63 54 90 38 28 43 29 96 28 19 56 17 42 13 91 18 92 85 74 41 92 58 20 41 10 50 55 99 33 29 98 22 76 91 4 15 45 59 86 76 65 37 53 92 41 27 20 87 6 51 44 39 27 9 30 12 51 42 69 83 70 35 93 61 15 42 58 68 21 15 93 7 25 61 77 47 50 46 59 10 42 31 17 98 47 86 3 9 25 89 52 48 28 49 75 60 27 18 38 15 45 15 38 96 90 97 98 84 49 9 33 4 92 89 97 8 2 3 53 54 14 77 33 46 8 4 9 15 77 53 62 44 2 54 92 25 61 84 65 90 6 87 67 21 38 30 39 6 31 56 60 6 11 18 97 51 27 13 68 77 32 61 29 22 51 36 66 8 20 92 65 86 40 76 15 49 1 54 86 89 63 18 96 89 25 71 53 62 21 84 22 39 30 56 81 35 37 28 73 51 12 5 78 86 55 74 53 60 81 92 47 16 43 71 50 83 47 42 3 26 60 23 20 42 18 11 
70 25 70 51 42 67 65 75 33 86 46 62 49 8 31 86 46 32 29 55 15 90 45 97 31 69 63 77 21 7 75 50 66 1 29 89 7 54 24 32 88 15 27 31 67 34 89 3 48 25 82 92 91 79 65 90 62 21 3 69 10 40 26 22 37 13 94 46 9 50 29 36 46 3 48 52 42 41 41 66 17 80 56 6 46 55 8 44 20 33 98 41 70 2 12 64 70 90 35 31 90 89 75 31 37 63 41 3 32 20 39 82 14 70 83 10 7 22 33 90 5 99 33 56 87 44 15 13 84 30 26 27 80 4 36 75 20 79 32 97 48 47 47 2 53 54 5 47 59 6 17 41 66 86 90 20 34 58 68 94 74 15 99 62 56 31 11 84 18 18 28 75 56 9 95 12 50 68 54 64 63 82 39 46 68 3 2 30 94 0 31 61 73 4 68 35 33 73 38 77 33 16 57 4 64 92 33 63 6 45 53 41 12 78 82 51 65 25 93 11 57 60 69 28 68 17 57 75 1 34 53 47 45 49 24 65 63 7 57 49 41 76 74 76 67 4 16 68 88 23 18 56 19 52 6 67 73 11 31 62 33 89 76 74 30 87 35 51 22 1 6 14 20 98 26 51 29 42 2 76 73 71 84 51 3 88 60 82 89 33 36 77 35 73 27 45 76 20 34 51 
45 38 79 77 48 23 6 59 77 68 50 94 18 11 49 83 50 49 48 78 54 11 70 40 68 9 74 90 32 69 87 7 57 81 77 15 45 69 81 49 40 64 64 69 81 28 64 20 66 1 79 50 18 41 48 93 86 32 18 47 7 72 51 23 24 83 87 38 43 61 85 36 46 18 23 57 95 74 39 82 3 86 77 60 68 74 1 8 25 47 2 91 51 64 75 65 95 91 37 60 41 56 88 90 42 3 56 55 22 38 53 99 86 80 36 88 73 11 18 70 76 31 44 71 60 85 34 50 79 33 46 40 45 59 11 34 23 84 81 62 45 28 61 49 99 52 28 47 28 71 30 53 67 20 40 6 72 11 14 99 42 25 16 13 99 85 45 78 29 10 32 88 59 23 29 43 76 62 4 63 57 45 22 84 62 59 98 41 7 28 34 6 61 7 99 32 67 64 40 53 15 45 58 56 74 39 76 21 93 12 97 52 57 14 9 10 63 64 56 32 28 14 95 60 73 58 64 86 18 28 29 72 35 6 76 93 52 26 14 80 31 37 1 11 55 54 95 86 60 55 67 43 94 92 33 58 65 66 12 72 8 83 37 33 18 54 35 89 86 1 25 77 23 11 61 81 6 99 60 62 81 98 3 73 74 55 14 0 53 15 73 49 97 41 21 32 63 94 88 80 
73 65 71 1 43 59 18 9 9 52 1 2 70 27 37 17 2 71 93 86 13 39 60 27 99 25 76 48 97 77 38 85 16 45 77 61 63 29 10 25 90 2 9 13 30 75 71 15 53 29 75 40 20 67 33 75 53 73 9 16 42 64 17 77 2 51 47 80 68 92 8 86 29 88 63 18 5 11 64 19 74 92 36 8 26 88 11 64 47 70 82 73 57 98 83 89 37 38 14 23 7 19 94 16 57 92 71 85 11 31 57 57 36 30 33 20 92 22 46 46 66 27 30 30 21 20 0 52 60 97 24 43 22 64 19 78 96 51 10 34 45 65 47 24 37 49 20 47 78 64 39 16 38 2 98 8 27 1 30 96 27 73 32 76 89 3 10 3 36 73 10 20 91 55 66 52 90 57 48 96 49 91 92 68 80 62 62 31 12 79 53 10 93 39 7 12 86 31 35 17 4 25 57 82 2 4 95 5 59 45 1 94 31 54 42 96 80 32 73 91 24 97 5 59 64 54 74 28 86 51 7 32 86 19 89 79 69 80 16 58 79 37 64 72 10 20 33 50 66 75 77 49 80 80 0 76 96 30 57 93 97 9 96 91 36 37 51 32 44 77 43 16 31 77 95 72 73 40 48 98 33 32 41 42 8 72 98 33 12 15 23 36 3 38 37 68 26 19 96 4 
68 32 91 93 86 99 8 23 0 18 53 45 51 65 97 2 56 73 74 6 61 47 74 20 60 48 87 78 1 42 52 98 3 59 51 36 97 65 36 57 36 12 75 70 68 38 42 99 86 17 65 2 32 35 79 44 45 48 70 60 65 66 67 47 88 0 34 56 9 95 54 22 18 77 41 24 79 77 27 6 53 65 65 5 75 10 61 2 56 64 8 25 95 38 47 52 74 10 85 54 64 29 5 26 79 22 28 74 75 50 18 26 80 93 69 61 25 37 78 29 35 87 46 66 38 51 80 80 99 39 46 45 16 81 30 50 85 2 50 67 20 95 68 53 39 33 14 72 2 68 3 34 0 9 57 88 79 4 70 77 52 18 74 84 84 81 28 62 61 39 62 51 0 83 28 22 69 90 15 24 33 84 23 42 56 91 36 79 18 99 68 89 20 77 14 53 72 81 58 5 9 90 70 31 18 81 56 69 14 78 59 42 57 30 62 71 53 27 22 63 6 93 72 39 80 37 11 32 18 20 3 29 85 93 35 79 23 28 23 29 63 83 19 11 91 16 55 44 80 16 55 93 33 30 53 39 21 53 78 10 48 41 24 0 78 98 4 49 71 76 57 87 60 5 58 97 54 30 77 89 47 64 69 44 94 43 71 66 42 5 48 43 45 26 46 11 55 83 99 78 
73 19 93 47 89 96 33 86 8 20 79 87 46 13 37 71 78 46 60 6 85 85 8 1 54 5 36 29 69 16 72 70 32 94 16 8 7 88 93 71 4 65 19 61 94 32 21 32 19 63 97 84 49 13 13 2 39 13 58 49 77 37 40 76 32 72 12 71 12 9 16 35 5 87 76 20 22 59 9 68 78 32 32 83 22 42 22 29 29 71 54 49 90 38 18 34 49 71 86 83 34 6 64 71 32 89 53 22 83 70 2 95 8 60 45 15 30 24 21 72 71 56 87 38 58 26 15 15 94 66 74 33 22 93 73 51 69 29 70 75 73 35 38 5 50 51 48 62 23 53 45 66 38 35 48 74 98 4 31 78 14 92 54 95 74 59 8 1 48 77 45 92 9 51 36 74 60 35 68 53 29 23 37 65 64 85 58 33 20 14 95 46 37 74 77 1 77 54 91 44 44 51 53 37 71 85 97 47 57 72 43 89 66 2 50 8 95 10 27 35 44 53 80 35 92 38 59 67 76 65 12 71 56 0 75 48 49 25 14 12 69 81 71 18 98 14 34 42 91 31 93 90 63 35 26 91 58 45 86 2 72 24 81 8 86 91 48 76 58 46 38 11 67 20 86 4 97 74 91 77 90 62 72 57 67 8 92 87 26 56 98 16 76 62 0 54 98 46 85 33 
55 79 84 95 74 23 77 56 28 81 11 82 95 14 85 17 65 31 88 17 44 40 13 24 70 99 1 36 21 97 57 97 70 38 51 16 40 55 64 24 4 65 0 28 81 43 39 24 71 48 57 98 4 51 86 59 96 4 67 98 46 38 76 30 64 66 60 13 71 12 63 78 90 71 84 12 27 60 7 62 91 1 63 9 22 98 43 82 25 66 95 47 76 79 38 14 43 1 16 2 85 96 10 13 52 98 74 3 6 25 14 50 74 7 55 94 63 94 70 21 99 79 50 96 41 96 45 78 35 76 59 32 93 12 67 17 47 51 63 31 93 18 57 73 76 86 60 56 0 7 75 91 88 95 36 3 54 11 22 56 96 32 55 72 6 8 19 2 65 17 18 5 76 9 34 72 50 52 99 91 41 93 56 80 18 98 46 91 42 42 69 96 14 37 81 36 36 14 72 43 87 13 97 0 95 16 50 95 51 80 21 6 14 38 59 38 94 38 19 19 27 59 2 15 34 6 82 48 20 20 79 98 22 53 30 63 63 1 84 60 35 15 59 40 25 36 26 45 49 73 26 88 98 32 69 29 67 42 33 13 42 23 2 53 35 68 88 14 38 66 96 14 42 80 7 28 2 99 37 64 25 14 50 6 67 36 66 22 25 66 7 5 77 6 98 61 11 9 77 85 
20 68 78 77 59 80 52 82 40 34 49 23 35 87 47 81 94 66 14 4 20 94 4 62 73 2 18 36 30 65 23 18 31 46 78 76 64 8 31 82 6 60 97 26 57 16 50 78 30 51 79 15 40 67 81 41 41 68 79 76 74 55 89 74 24 36 14 17 46 88 80 79 24 32 85 2 24 27 8 54 31 62 91 27 88 37 15 30 19 16 97 90 39 51 4 39 53 88 98 48 60 48 51 76 86 15 44 30 85 0 79 34 72 63 0 41 52 61 98 28 83 31 33 39 38 9 41 42 44 82 50 74 5 27 23 18 64 71 20 67 78 76 40 67 94 3 67 17 26 70 54 88 32 23 58 26 41 27 66 58 77 77 97 73 59 65 4 71 28 73 96 79 78 44 64 34 74 27 69 37 21 4 40 23 22 69 45 49 64 58 95 78 14 44 27 64 49 48 54 91 26 7 47 53 22 12 91 20 60 28 51 31 42 58 36 68 14 99 42 49 65 27 52 81 75 79 39 15 0 26 97 72 0 51 2 63 92 53 13 14 63 78 54 84 16 47 14 72 69 19 26 43 94 2 60 46 4 12 95 90 99 72 79 86 82 44 16 43 65 73 75 52 80 2 71 72 58 45 17 51 19 20 21 78 63 64 66 92 13 65 6 27 41 59 67 90 59 0 53 55 
3 56 0 37 51 45 54 48 55 30 61 9 64 69 38 28 33 11 59 96 13 84 30 62 24 27 38 97 39 1 66 19 51 89 88 67 29 26 66 37 55 97 98 51 97 48 87 0 8 47 23 3 4 57 23 29 85 12 57 4 70 10 43 11 30 69 1 51 47 75 49 75 79 89 45 91 55 44 66 33 1 15 84 63 44 69 8 73 15 80 43 86 20 29 70 85 38 68 42 72 42 66 47 51 60 48 7 64 14 56 4 69 37 43 86 51 46 35 59 51 21 9 22 80 75 8 74 18 55 27 73 4 72 5 25 27 24 93 27 78 74 58 80 87 17 64 61 63 98 18 27 47 81 69 32 9 46 11 49 61 73 13 46 15 43 51 20 43 16 88 34 61 9 41 82 15 92 98 59 7 16 98 42 22 29 47 32 67 11 15 38 28 10 74 45 34 92 54 95 32 22 89 25 29 44 68 15 65 14 78 14 71 51 36 69 16 33 96 34 13 38 3 68 24 64 63 21 97 96 76 10 86 7 20 22 78 23 79 87 26 32 22 65 11 84 49 15 4 95 26 76 44 88 33 28 26 53 1 28 70 37 58 66 74 67 51 38 59 74 22 94 13 14 44 98 46 68 54 35 66 89 58 93 15 56 12 58 99 53 84 69 90 33 51 60 9 54 13 42 32 
83 34 66 47 31 3 38 89 18 51 67 38 4 13 92 44 14 23 27 25 84 55 83 63 86 72 53 53 63 50 63 64 47 75 2 66 22 80 30 49 63 2 17 5 23 81 19 9 14 54 60 44 85 78 67 60 75 8 77 82 49 88 73 20 26 32 56 34 89 85 37 22 75 59 39 26 5 22 42 46 59 24 39 6 78 89 36 94 86 20 6 40 49 83 99 19 52 24 1 57 50 22 69 44 24 45 36 62 57 81 32 96 71 99 22 99 68 95 20 76 18 70 43 84 51 15 94 48 74 10 46 7 46 23 82 47 62 15 17 61 49 86 65 38 47 9 32 13 14 52 90 76 15 96 33 39 6 14 44 4 76 89 46 63 7 49 43 84 59 40 95 46 31 14 31 55 19 98 24 21 26 29 97 19 57 20 45 29 8 60 83 92 95 4 41 26 74 45 28 97 26 69 99 47 88 97 77 65 68 13 84 93 63 19 93 28 94 8 55 3 44 21 29 37 82 6 83 56 77 28 25 95 15 67 43 60 22 51 91 23 39 22 86 81 17 75 88 97 1 90 98 27 33 20 25 39 14 37 79 36 77 42 66 37 61 63 29 43 25 71 24 53 68 65 91 43 54 56 60 98 0 26 97 24 62 48 64 52 91 17 28 44 23 27 88 10 2 75 17 7 
46 35 26 50 20 83 66 9 24 11 54 89 42 40 0 1 62 32 38 28 74 3 17 23 73 50 74 57 28 30 83 83 14 2 14 62 36 7 62 43 80 59 99 11 81 87 7 98 21 10 64 93 37 4 26 88 6 38 27 31 99 21 73 4 33 68 74 48 20 83 42 89 13 75 10 30 56 41 97 31 58 3 18 86 49 71 85 42 3 0 2 22 66 7 81 75 61 7 26 75 51 70 82 73 33 15 93 67 23 10 7 10 38 39 42 0 99 57 3 9 37 99 66 84 70 73 38 30 21 77 25 53 25 91 99 53 85 82 41 96 6 90 94 18 50 41 35 47 0 21 60 68 41 98 77 26 14 21 25 44 65 61 4 75 19 49 57 68 11 31 84 60 66 18 70 58 86 25 41 77 72 62 16 5 38 56 55 95 70 34 81 69 84 92 7 92 35 50 19 26 91 60 43 38 58 55 60 24 96 25 3 26 38 32 54 32 31 93 42 68 0 61 62 89 50 56 91 20 41 96 11 40 58 71 14 58 9 20 57 44 89 36 48 6 68 6 57 12 63 12 38 92 15 56 79 80 63 55 98 30 61 82 68 52 9 61 99 53 0 79 51 17 40 1 78 66 65 43 29 20 79 56 79 42 68 35 31 13 45 50 65 25 26 37 93 99 36 26 11 93 
86 4 13 60 38 59 93 8 84 28 79 98 92 72 37 44 50 30 88 17 91 53 77 16 55 91 49 33 9 89 75 36 36 58 25 70 42 47 61 53 70 39 24 98 60 45 94 76 97 3 16 55 31 52 11 40 26 80 9 2 67 84 22 31 75 96 80 42 27 63 19 42 72 4 81 34 39 66 81 38 82 85 48 22 15 87 10 42 22 59 1 99 39 61 41 62 33 48 91 42 19 63 23 64 0 97 30 34 52 84 85 41 63 24 70 11 73 70 2 14 94 69 80 10 9 35 50 12 41 15 14 41 19 40 53 42 34 32 95 38 93 30 49 94 93 83 61 87 4 17 60 1 64 80 21 16 85 57 45 44 89 24 0 5 47 17 91 37 76 89 4 95 23 0 65 98 54 14 46 65 55 55 69 64 39 36 10 58 88 86 32 2 3 41 70 23 24 28 92 4 80 61 0 60 58 44 54 56 57 87 14 9 21 31 72 92 52 43 80 81 18 92 29 42 86 99 81 54 95 96 14 86 83 13 61 86 9 39 76 44 96 59 99 7 38 22 13 55 13 38 66 68 73 71 30 60 45 62 90 25 24 44 21 92 32 35 90 50 71 68 95 97 61 82 46 99 23 76 17 51 53 12 39 32 58 74 85 97 46 63 0 74 51 49 42 73 33 8 37 39 
53 88 19 82 40 44 93 15 68 85 37 69 40 28 35 50 77 47 55 47 89 89 24 78 51 36 31 65 38 68 16 81 66 11 55 9 29 56 94 83 41 65 65 91 85 98 73 1 59 78 49 11 0 60 18 69 94 93 92 32 15 31 78 86 19 40 73 72 7 85 82 85 99 99 96 38 13 36 94 50 12 0 60 47 96 25 46 74 81 96 24 14 31 23 87 54 84 69 89 2 51 18 64 97 16 97 30 24 50 64 85 90 83 51 83 23 28 82 77 35 36 12 97 63 30 98 35 32 8 29 36 55 56 8 46 28 31 87 58 20 11 22 17 27 84 60 40 37 11 36 92 96 1 62 76 46 16 79 73 33 41 69 92 46 8 9 85 44 86 90 33 47 42 25 80 53 67 92 37 59 50 16 66 79 70 73 46 0 65 12 38 74 96 58 63 55 47 51 15 77 2 9 54 61 54 55 46 81 69 53 7 76 6 14 8 77 2 26 29 57 89 46 68 5 11 5 68 90 54 6 3 99 9 14 21 27 78 43 28 7 27 0 14 41 27 23 16 99 70 76 25 50 87 63 5 5 22 60 63 78 52 48 81 17 79 78 23 75 52 74 95 58 56 95 81 91 14 80 33 4 84 45 99 63 81 24 82 47 87 7 87 58 58 93 43 57 95 59 80 51 
35 2 91 66 55 54 80 95 0 39 75 30 35 32 70 9 55 87 86 84 45 98 8 70 74 73 91 56 56 0 35 22 84 87 87 78 1 36 39 41 58 78 79 84 90 7 94 0 87 33 91 86 10 50 47 49 30 62 72 68 10 97 77 31 13 2 39 37 70 80 9 46 84 10 60 3 16 4 24 1 14 62 70 39 62 13 62 43 47 32 3 53 85 40 53 5 48 97 90 40 3 51 95 8 26 16 10 35 79 45 54 43 78 41 42 48 82 74 34 17 56 69 22 48 17 21 16 87 85 16 62 89 43 32 43 65 76 30 14 45 97 36 14 58 31 1 80 87 40 19 37 40 25 49 17 29 3 67 78 36 2 42 75 79 28 99 79 70 12 56 79 48 8 24 56 28 89 13 27 78 52 7 69 31 74 37 11 9 54 16 68 20 91 7 1 44 92 61 6 19 25 8 75 85 95 22 46 91 16 5 31 95 87 74 30 3 15 54 16 20 63 53 26 11 97 23 56 88 37 73 85 97 7 51 99 44 52 95 42 91 97 0 85 52 42 38 38 30 5 13 56 25 12 88 1 2 55 99 60 37 71 20 21 17 15 18 99 66 47 79 94 74 40 19 88 47 14 98 74 8 45 57 10 68 52 17 80 29 86 55 6 95 99 87 39 93 73 73 0 67 
78 88 47 33 36 35 86 52 40 77 31 57 25 13 42 94 50 77 37 65 63 9 25 58 98 64 39 22 84 22 72 48 24 30 37 80 18 93 78 63 27 21 43 82 48 12 53 43 79 8 86 56 18 95 35 41 86 89 97 67 96 40 40 98 13 73 72 87 8 9 45 6 40 55 40 20 43 28 10 28 61 97 95 26 97 80 46 45 3 8 97 54 43 92 26 77 57 7 75 63 72 27 93 59 23 19 20 69 27 89 34 27 73 84 39 24 14 9 83 14 25 84 89 77 29 82 47 26 58 94 56 73 38 72 31 4 62 12 9 91 17 79 20 1 52 8 28 66 23 1 81 58 7 19 12 71 17 41 27 71 96 55 28 14 99 39 40 92 29 73 88 7 54 45 89 91 19 48 25 16 69 85 60 98 1 90 22 16 28 62 79 39 1 21 87 82 65 54 43 40 51 32 3 27 98 54 81 14 52 65 98 53 97 51 0 16 95 54 34 11 62 63 24 75 87 63 75 56 24 27 98 30 34 19 97 34 76 44 92 6 85 7 90 58 63 82 43 51 84 40 38 46 58 8 73 19 33 48 55 36 94 75 92 7 74 68 51 52 41 14 62 52 75 60 83 66 5 56 4 17 79 48 8 77 21 51 66 18 3 61 45 76 11 79 54 8 74 8 75 38 
3 3 44 91 13 25 0 48 84 24 74 32 16 16 84 50 40 58 2 2 92 20 64 63 98 55 92 55 50 35 10 54 13 82 0 79 24 32 50 41 43 14 97 64 97 62 27 60 97 20 7 59 38 27 36 77 75 66 57 66 33 49 30 22 62 92 82 44 37 90 53 12 59 32 73 72 64 84 91 73 57 52 73 36 57 95 96 69 35 59 28 31 53 60 7 38 3 45 49 31 66 2 49 36 29 95 26 24 45 97 99 90 76 7 64 50 60 75 49 54 58 23 43 88 93 67 87 25 92 69 65 24 57 16 67 91 66 77 34 50 84 42 99 72 66 0 18 55 15 99 2 27 92 42 94 48 58 76 96 10 4 56 21 76 40 25 81 14 66 78 41 93 41 56 72 53 59 42 92 37 70 62 10 50 72 14 88 61 34 68 33 79 14 71 74 2 66 30 57 11 29 20 37 6 20 98 85 99 44 84 63 80 84 53 89 80 69 88 41 63 49 88 95 23 7 84 42 91 95 76 63 65 72 57 55 59 47 31 6 63 32 60 92 94 51 55 80 26 88 16 64 53 44 5 95 75 96 82 89 53 30 0 63 23 70 74 34 83 77 78 61 37 87 11 66 46 23 68 90 52 59 79 70 9 71 65 53 4 52 29 32 87 79 69 94 14 97 8 4 13 
63 73 21 29 3 76 78 90 71 93 47 4 42 86 93 69 49 49 67 1 65 49 44 22 56 64 72 38 16 16 68 83 53 57 67 0 39 76 82 21 84 78 54 9 30 89 71 48 89 99 40 39 28 95 54 70 2 28 8 65 77 54 24 15 62 15 11 17 95 82 75 99 39 9 43 82 5 76 89 51 79 0 32 10 16 86 24 89 31 71 10 55 98 56 16 59 24 89 98 75 35 29 38 88 42 68 2 30 40 19 78 88 97 79 79 52 0 3 41 70 50 27 4 23 23 66 55 91 22 57 33 76 13 1 62 60 55 12 18 94 56 49 72 86 90 37 15 20 67 94 88 51 24 23 47 47 53 5 69 10 10 31 49 59 13 79 78 37 6 47 42 96 41 86 37 9 32 68 42 99 51 39 21 75 14 92 17 43 55 93 57 63 51 27 99 51 77 58 52 28 65 3 57 70 73 64 48 25 7 73 34 89 70 36 88 0 58 77 45 84 63 6 73 5 60 49 43 13 72 42 40 7 28 26 37 53 58 26 82 10 47 30 20 22 43 36 63 83 58 81 93 1 56 72 33 40 67 99 65 4 33 11 22 50 33 76 83 45 19 70 57 25 30 83 34 53 70 23 62 23 50 17 9 3 27 43 56 68 60 49 76 93 40 0 60 10 61 34 28 13 
62 24 22 16 58 96 49 41 40 68 80 91 94 46 51 1 14 76 14 75 31 91 88 70 84 95 69 0 0 68 9 4 9 37 86 2 65 1 0 73 59 81 14 64 97 14 21 6 39 24 16 19 62 63 67 91 84 52 20 59 0 34 91 81 52 57 28 30 58 81 17 33 94 47 37 67 13 40 15 30 61 49 41 81 52 49 92 9 86 79 12 13 28 50 26 42 59 72 71 59 91 67 79 54 62 17 37 23 74 29 33 35 86 11 69 16 15 86 88 37 5 66 67 80 19 99 31 77 40 67 9 73 26 71 16 67 78 51 49 67 1 22 13 75 29 43 82 44 45 17 97 64 94 56 83 80 88 94 48 1 31 34 60 58 70 12 86 89 46 98 32 60 70 75 63 83 31 66 64 60 81 36 11 28 95 67 82 13 70 65 29 73 89 31 24 21 63 88 48 27 46 19 77 85 23 23 54 27 2 58 89 57 98 54 6 49 53 97 17 27 52 2 78 29 97 36 79 36 6 2 23 41 54 96 4 17 48 53 92 77 48 58 84 18 3 44 89 96 81 57 41 82 8 80 66 79 11 97 54 92 50 7 75 42 91 8 51 40 80 66 79 96 97 46 63 0 35 10 74 82 17 62 84 30 0 88 95 32 7 86 67 10 45 24 1 40 30 85 48 64 
2 70 58 76 52 19 87 58 95 19 32 83 44 77 97 17 74 37 60 0 97 2 40 84 36 95 64 64 54 52 72 35 78 14 45 52 59 70 74 77 51 60 27 64 40 68 8 35 19 84 16 3 5 13 23 54 76 98 58 65 26 65 75 80 71 7 42 99 75 27 10 32 61 88 47 20 58 64 84 57 81 41 1 97 14 27 16 4 18 75 69 89 29 97 45 44 5 83 97 39 47 56 65 85 88 18 49 12 69 72 65 67 81 35 90 18 27 69 19 79 36 13 91 78 63 35 25 9 11 54 19 11 68 78 53 9 82 77 3 95 37 17 83 51 5 14 72 0 42 93 55 21 84 69 80 80 12 37 13 2 69 70 70 62 53 65 35 15 46 91 86 64 41 92 38 53 34 78 64 71 24 9 14 92 52 50 35 35 45 10 12 97 7 47 75 67 60 94 61 95 78 6 90 39 58 96 7 39 34 16 85 11 14 26 12 62 49 42 31 56 45 35 91 96 99 89 62 63 45 70 26 86 77 62 88 90 43 73 84 85 4 1 57 13 85 76 42 18 77 11 39 14 28 18 40 49 61 49 62 42 4 86 71 67 61 19 47 29 89 53 76 15 30 7 88 37 93 97 98 40 55 47 85 78 50 3 50 37 42 86 8 85 68 17 52 67 10 16 67 10 
32 72 81 56 46 92 72 72 26 75 70 20 21 42 23 2 27 53 89 27 87 98 36 54 34 73 46 59 93 24 3 22 26 64 95 25 50 70 71 87 7 12 63 29 38 93 3 30 45 76 61 10 77 54 19 61 10 27 53 48 65 99 18 77 80 69 95 82 23 49 44 13 9 50 3 15 99 39 16 83 43 47 85 57 60 58 37 47 27 55 72 56 54 3 95 2 0 86 2 14 37 64 84 25 76 93 28 45 52 69 50 32 31 55 0 15 64 22 82 61 64 58 16 73 94 19 79 38 79 9 44 95 30 97 35 92 40 32 51 92 9 51 19 90 12 43 78 23 33 72 38 22 12 50 68 6 28 57 29 50 36 11 89 29 28 13 6 7 77 22 69 79 63 62 36 39 72 92 5 40 50 41 0 69 66 49 39 60 87 42 75 55 88 24 23 10 38 46 99 49 93 8 94 20 14 74 14 2 27 99 25 3 34 83 77 61 6 91 7 58 14 57 66 60 11 85 21 0 15 5 73 28 15 50 15 8 77 74 80 75 14 31 32 42 5 68 41 31 32 24 47 17 98 10 74 95 55 47 79 94 77 98 55 25 60 6 69 71 85 37 15 32 54 9 92 21 26 13 21 88 74 21 19 84 33 90 75 57 54 59 77 42 69 85 11 27 75 15 97 96 
86 81 32 31 70 97 51 78 11 12 88 22 15 38 13 94 81 12 39 40 17 15 40 70 1 6 70 17 42 74 54 96 18 6 46 92 90 82 50 12 49 33 43 23 2 73 61 39 3 0 49 56 88 57 15 89 35 13 50 27 76 58 31 37 73 50 75 74 10 36 53 74 77 74 65 21 83 66 22 89 87 25 86 74 13 1 94 96 88 74 34 12 97 28 81 79 90 0 79 6 35 92 32 67 67 1 56 34 17 85 57 93 50 74 5 40 56 94 67 83 19 14 22 3 45 74 81 36 54 19 15 5 7 99 32 39 53 13 57 55 89 92 39 27 31 42 85 34 86 43 71 22 86 21 84 51 37 35 52 0 19 0 62 63 53 65 78 13 3 97 82 28 26 63 45 79 9 23 14 10 6 7 13 59 27 62 95 87 27 70 17 35 50 85 57 87 39 99 86 90 80 15 16 77 68 20 41 23 2 40 93 43 47 90 61 61 34 63 39 57 36 44 48 19 16 42 56 60 77 71 76 85 62 13 63 91 8 50 32 97 73 84 62 5 86 23 23 23 89 25 75 17 7 31 76 46 7 52 57 43 31 54 59 38 86 80 10 80 64 94 78 3 31 39 70 84 92 80 31 42 76 46 41 12 87 23 74 73 90 44 1 22 56 83 33 75 75 58 23 63 
54 57 53 71 51 65 14 55 42 27 34 51 10 59 58 70 43 76 43 54 78 58 72 13 17 66 82 99 44 69 98 28 12 5 47 54 44 97 63 58 64 1 26 74 7 71 75 98 17 30 78 65 84 50 53 50 43 16 83 59 36 1 79 96 43 92 19 81 32 66 30 49 97 71 90 78 41 11 59 29 12 59 55 52 78 69 70 39 81 98 47 94 49 46 89 93 0 96 49 94 45 86 0 89 9 20 10 26 59 95 46 98 70 33 28 27 9 2 39 22 81 19 33 98 54 72 99 58 58 32 98 32 24 30 87 49 55 91 12 49 38 91 40 44 35 98 98 47 51 27 82 53 60 42 97 46 26 5 23 51 80 55 89 63 10 59 60 34 46 40 45 67 65 24 65 7 33 16 9 41 29 34 96 8 76 11 29 33 5 83 81 86 64 20 99 4 18 47 22 27 18 79 22 83 91 22 95 82 87 62 47 99 51 12 24 10 5 10 90 37 50 84 1 94 80 51 52 4 5 45 41 74 79 50 87 71 28 31 40 47 6 87 17 26 18 87 58 61 56 21 17 5 15 14 3 8 50 25 96 98 74 46 7 42 49 54 26 29 95 79 18 20 80 60 56 95 11 13 24 4 59 71 32 14 6 92 87 34 38 15 18 96 51 29 72 92 26 78 97 29 
93 85 60 19 18 4 4 78 21 3 28 73 71 84 58 78 42 15 62 71 15 43 41 48 54 87 48 44 10 33 36 21 41 19 92 26 73 16 86 68 39 93 24 5 44 67 45 5 64 8 74 56 39 17 19 77 46 20 64 45 73 66 34 84 47 51 2 34 66 56 52 18 72 51 98 93 23 10 67 89 33 34 11 47 93 18 69 23 15 61 74 0 28 66 6 76 91 12 51 70 92 68 4 54 9 40 9 44 47 15 15 74 25 73 23 24 82 73 27 23 74 84 39 91 7 81 43 71 55 45 50 16 2 15 92 19 31 85 56 14 30 85 44 34 65 36 27 69 99 64 3 45 50 40 68 10 77 67 34 71 74 3 59 26 18 13 6 73 4 37 42 20 47 93 12 10 39 64 11 97 22 98 81 38 21 55 0 19 87 41 12 71 68 28 58 73 50 14 39 92 19 63 68 34 71 9 28 30 95 6 74 10 97 49 44 43 50 63 13 13 15 5 80 78 46 31 79 72 91 9 76 19 13 45 98 80 38 56 37 87 75 3 91 18 87 63 29 94 68 33 88 11 55 64 94 90 14 42 88 39 52 24 0 45 50 50 26 38 12 2 17 65 51 86 93 39 36 5 98 13 23 62 47 20 64 44 21 11 69 73 37 35 76 8 46 56 26 93 42 94 
63 59 91 13 10 78 37 69 34 71 40 42 8 72 35 80 33 44 88 55 40 57 65 61 59 60 72 88 81 37 7 64 5 27 58 13 33 25 57 31 51 67 0 57 82 99 54 18 9 38 29 9 16 82 10 38 39 56 23 1 40 3 15 33 90 64 57 15 88 6 10 19 26 39 60 79 73 53 25 56 25 85 34 82 24 59 49 3 25 97 76 65 95 79 7 22 99 60 32 7 46 34 43 38 6 19 30 40 90 70 98 23 41 51 73 57 33 99 57 94 96 71 36 48 29 17 10 19 19 80 66 66 54 11 99 26 70 67 20 35 66 65 62 62 78 70 13 99 90 62 38 32 31 96 72 96 32 93 39 2 98 98 10 27 22 2 19 18 4 2 6 13 59 55 31 73 16 11 33 61 44 0 50 96 34 78 89 13 95 39 10 89 96 30 69 75 42 2 23 69 43 94 95 7 74 48 13 69 48 43 22 7 94 17 64 26 11 46 89 19 11 53 79 56 7 3 76 86 2 87 75 35 66 32 71 46 87 52 85 36 84 82 86 6 22 23 53 52 91 19 61 91 11 6 58 86 55 60 68 55 55 24 41 0 55 37 45 75 57 80 20 43 98 79 35 69 95 34 13 18 92 77 1 84 3 18 30 39 19 19 53 19 70 93 71 24 49 37 54 57 
8 30 52 98 65 26 48 94 61 84 97 77 91 8 84 7 62 52 85 77 54 88 77 81 61 94 8 87 88 22 43 7 62 19 35 21 69 90 22 52 33 88 33 65 46 51 32 80 9 21 3 15 93 73 6 53 55 40 13 31 7 90 13 84 30 78 3 72 53 67 89 27 21 4 14 25 66 54 96 6 59 15 78 12 5 99 73 4 50 3 66 46 27 78 61 41 50 39 4 88 42 74 94 2 75 34 77 32 23 90 19 16 18 19 28 78 60 31 87 70 64 8 44 11 2 0 37 71 81 37 78 45 90 38 20 10 17 31 15 68 20 74 65 98 86 65 32 16 56 92 60 36 33 53 24 62 72 94 30 30 13 60 45 23 37 69 88 6 12 30 65 62 57 90 72 31 61 58 65 34 86 87 22 1 58 31 85 2 97 76 58 63 64 44 95 27 76 3 12 62 70 57 52 70 67 7 25 79 54 56 89 81 76 97 64 49 4 79 43 49 48 43 49 26 18 92 41 95 15 32 26 72 40 36 55 99 87 63 37 88 8 57 27 46 44 29 87 61 46 37 68 19 51 49 65 21 23 29 41 49 33 17 57 9 58 7 30 30 97 77 15 33 10 70 46 92 25 86 2 32 52 85 7 65 99 66 50 36 69 85 74 43 24 24 34 81 41 19 25 17 
19 61 39 47 26 91 6 86 26 6 34 53 4 57 27 98 79 43 28 96 1 18 67 77 7 37 30 62 37 30 18 22 91 6 97 74 60 30 87 12 97 60 64 21 53 15 3 28 29 67 92 32 22 42 27 28 69 58 91 78 66 5 88 69 19 18 39 37 39 21 43 55 21 19 35 7 16 61 14 98 95 55 52 74 57 12 89 27 45 57 44 77 95 19 88 47 14 16 4 15 7 63 31 93 0 33 72 14 86 2 75 7 33 0 12 4 65 29 40 6 90 2 89 93 76 32 94 78 49 64 3 40 87 81 29 70 12 35 97 27 26 93 35 4 9 44 38 35 90 46 32 14 0 24 80 86 89 30 12 77 17 31 33 83 71 9 69 83 58 54 87 0 5 31 33 84 70 6 97 8 96 45 50 29 47 59 47 7 99 23 8 42 13 60 53 75 18 5 95 11 38 85 27 75 40 63 11 74 83 49 68 96 34 72 75 18 18 66 82 61 77 35 2 7 18 80 65 28 61 97 37 8 0 59 97 73 66 34 72 59 59 76 84 64 31 35 39 73 29 83 99 63 36 9 84 19 13 58 4 82 97 45 79 16 66 30 83 38 99 27 54 18 98 49 3 25 43 80 18 22 25 12 70 69 29 90 8 23 24 28 20 29 76 41 98 68 99 98 26 43 
83 6 76 15 28 39 63 68 31 19 78 57 49 81 0 1 36 6 34 36 38 28 51 63 51 23 77 32 19 44 61 16 58 56 19 71 58 39 28 14 99 48 58 80 61 81 24 88 23 57 43 17 54 29 21 19 75 13 66 25 1 14 78 44 82 32 6 14 82 16 30 64 60 69 94 73 58 96 61 34 31 57 19 43 80 39 44 96 2 45 71 70 74 67 36 8 96 55 39 90 8 6 64 50 28 67 20 48 70 22 39 36 31 68 1 1 77 18 94 25 78 57 98 75 72 35 5 59 27 98 8 43 29 16 73 54 94 80 77 61 79 63 3 18 61 31 2 84 55 1 27 3 80 5 3 61 33 3 81 49 13 60 47 10 90 80 15 65 67 66 76 13 11 94 13 90 30 1 23 80 19 16 58 33 63 92 97 55 0 41 75 82 45 5 2 60 57 37 53 50 95 72 21 50 81 47 77 87 21 14 17 67 74 22 90 17 41 60 48 9 72 99 17 98 65 59 76 0 22 2 66 63 24 35 72 89 65 98 70 62 53 69 57 53 93 49 47 17 0 0 81 54 35 58 90 76 27 30 0 83 14 68 87 64 5 92 55 42 23 38 99 55 78 47 54 93 92 71 4 66 2 78 43 90 46 74 76 3 87 56 76 98 71 75 96 4 0 14 27 68 
95 25 25 67 35 4 74 67 43 5 6 42 79 5 43 87 10 12 20 91 65 42 56 31 84 8 33 63 49 6 50 68 92 55 22 20 65 19 99 75 74 32 71 30 27 53 51 5 39 58 36 92 70 50 18 24 18 78 3 56 78 10 21 49 93 20 89 56 68 23 69 32 97 78 18 64 87 95 87 34 94 40 40 16 36 43 3 9 2 9 44 57 43 74 88 5 13 17 83 55 2 21 55 98 22 3 61 70 54 86 15 36 72 58 78 73 73 29 97 29 34 6 13 71 59 43 83 14 50 28 80 71 52 3 15 75 53 19 37 80 54 91 62 79 9 70 26 92 35 2 71 10 90 58 97 40 77 32 63 67 78 56 94 44 36 49 73 98 98 76 60 52 61 27 4 27 25 41 12 4 94 50 74 38 14 70 84 39 50 28 5 97 22 11 95 56 11 45 28 98 81 46 62 16 26 14 83 8 82 36 84 3 63 12 27 79 41 20 70 88 33 91 11 92 90 63 13 7 66 87 46 96 87 28 79 15 19 35 4 7 31 91 12 0 43 83 27 79 87 69 9 2 91 69 46 51 10 1 94 1 85 9 34 36 59 3 61 20 96 47 85 41 97 9 55 81 87 46 72 71 71 79 62 24 25 98 76 86 66 66 3 4 74 78 52 63 51 15 19 35 
37 19 21 97 88 12 74 1 33 32 50 16 38 88 28 58 35 60 33 26 3 52 26 13 27 93 23 88 54 73 99 81 77 79 57 92 61 56 35 56 69 34 51 41 49 79 84 20 21 83 30 21 27 38 53 60 15 88 49 83 74 13 24 33 61 70 13 96 27 6 55 49 68 21 86 1 67 98 34 31 88 18 37 10 31 43 59 9 32 98 35 77 85 74 62 36 64 65 48 44 34 34 57 13 61 86 54 16 70 86 35 61 79 87 11 94 32 24 16 32 93 50 82 7 58 4 29 91 46 85 45 34 22 21 14 2 51 42 89 26 83 50 46 28 21 61 81 12 33 12 58 15 27 2 1 1 90 92 42 59 18 33 9 48 68 0 33 5 60 16 22 50 63 18 48 99 27 94 18 29 40 46 26 97 96 97 22 74 24 63 20 94 38 44 90 91 18 66 62 60 48 2 92 75 9 26 82 3 78 34 30 65 98 68 31 22 93 37 31 38 58 98 8 8 50 84 93 76 18 83 99 58 56 2 95 38 25 10 57 11 5 50 84 59 18 51 50 87 45 53 62 32 57 73 95 45 58 5 76 57 70 79 1 83 48 14 75 61 95 57 6 54 3 8 98 79 55 51 2 35 30 5 9 1 38 38 6 52 3 78 87 56 7 49 7 63 35 95 3 64 
31 70 11 19 67 47 4 32 47 98 64 63 55 43 3 85 60 85 73 32 21 33 14 98 27 52 94 6 63 18 17 65 89 16 85 44 17 15 89 72 24 88 47 6 58 76 39 56 87 22 29 48 62 0 13 65 97 22 27 41 16 52 34 38 40 87 31 31 80 51 69 43 95 0 17 38 44 38 84 80 65 52 23 82 52 5 21 27 54 78 2 56 18 83 55 51 31 54 39 84 74 97 89 53 76 0 69 89 33 73 26 95 39 39 1 9 68 79 44 51 52 96 64 53 85 73 93 30 92 99 35 40 59 20 42 32 32 9 6 90 90 37 94 48 51 60 95 41 91 62 35 73 96 35 22 22 37 3 77 66 57 14 18 49 24 63 63 62 27 34 19 4 45 99 94 69 92 45 23 88 18 30 5 83 70 68 11 24 26 44 1 41 10 75 99 76 71 40 62 59 53 84 89 49 79 12 21 88 54 7 5 2 91 11 56 68 2 35 9 8 47 16 34 30 83 41 92 85 64 85 56 29 14 8 21 60 36 66 28 65 74 19 59 8 45 20 81 99 18 18 49 33 13 94 0 61 24 64 96 54 37 69 44 25 82 51 99 89 89 69 91 66 38 18 63 24 98 48 14 75 18 87 89 58 22 42 4 16 9 28 77 40 38 78 70 66 76 96 84 55 
20 66 77 82 70 45 0 69 80 82 47 73 30 29 37 46 93 67 16 56 93 49 8 74 41 29 80 41 48 50 61 43 91 91 73 94 55 85 60 86 70 4 24 63 79 97 70 68 64 65 22 15 97 67 30 19 71 80 64 20 80 59 44 48 14 27 13 95 53 2 64 31 73 67 90 19 24 93 2 97 91 64 43 5 11 43 87 93 6 62 50 0 18 51 90 82 45 86 51 4 97 70 90 33 97 32 50 85 4 59 91 63 59 59 82 72 58 27 68 23 67 1 68 29 4 91 79 85 24 0 72 79 92 12 55 34 88 80 80 54 24 21 16 58 2 88 65 97 9 48 0 99 67 78 71 75 38 84 21 97 26 7 1 63 37 6 43 0 81 73 31 27 43 68 70 98 33 77 95 64 15 48 88 6 28 10 16 37 89 41 97 34 79 23 16 76 99 91 31 49 93 4 61 83 79 13 55 84 47 42 26 35 8 11 47 6 9 33 78 57 79 64 66 37 51 9 7 58 59 93 95 93 33 98 17 26 75 36 4 47 92 61 84 47 23 10 10 4 45 26 73 75 24 10 17 91 26 56 22 1 91 10 36 90 91 71 70 29 29 28 20 42 7 77 96 22 50 85 95 90 37 12 87 42 95 3 88 78 77 97 12 90 38 15 12 34 20 9 11 38 
32 53 80 31 70 83 61 84 88 35 4 31 42 30 7 67 58 98 20 87 54 5 34 73 10 63 20 42 20 20 95 86 38 3 53 79 50 36 15 62 9 27 39 64 65 8 56 27 65 53 12 14 89 13 18 54 81 43 87 53 26 66 14 30 89 24 80 61 23 6 76 75 97 89 53 13 94 11 4 40 99 43 94 19 70 99 39 71 18 88 17 88 85 93 48 71 5 67 90 77 5 27 2 78 79 1 58 14 74 86 38 37 72 94 74 24 35 56 91 72 24 37 74 28 65 68 52 81 70 30 18 73 87 95 23 78 47 16 49 90 91 87 31 84 57 72 99 97 69 46 10 75 14 27 16 37 43 22 87 1 47 31 10 11 15 99 45 62 44 9 83 31 86 18 2 42 60 35 77 98 17 14 48 64 66 81 12 6 25 76 96 46 80 58 15 88 75 68 84 41 80 67 43 87 98 71 20 60 70 31 52 69 86 80 73 75 63 97 35 95 34 22 12 71 95 96 69 50 13 40 46 25 36 7 47 2 29 4 66 92 56 2 87 38 49 10 47 94 1 93 58 32 79 37 55 3 0 61 31 95 22 21 25 94 7 28 42 6 71 27 17 39 88 77 96 17 79 17 13 28 88 58 92 42 79 63 79 41 40 79 84 23 56 74 66 77 17 15 77 97 
28 91 94 61 77 9 7 64 39 88 90 31 65 2 76 71 36 9 30 66 45 86 9 85 29 86 48 46 95 46 83 22 77 99 81 50 3 0 75 66 37 70 4 78 18 74 41 3 35 93 38 18 95 98 19 72 41 49 14 30 76 69 41 40 32 48 47 16 92 0 20 67 55 60 36 13 25 91 70 33 97 62 1 9 69 51 18 32 28 6 33 85 66 66 5 53 99 86 97 85 37 31 46 47 90 15 68 50 22 24 1 78 30 20 51 1 60 74 39 97 67 25 35 35 28 14 92 70 34 40 96 58 70 0 46 64 89 31 69 92 3 9 16 77 33 32 23 64 68 10 32 98 95 47 5 35 39 55 11 79 51 3 70 80 29 69 17 73 91 81 52 55 85 19 68 43 50 91 0 43 22 49 96 88 9 93 86 27 54 60 53 62 20 22 9 84 17 13 19 70 14 40 76 21 71 58 76 91 14 0 90 8 49 95 17 12 7 48 15 90 13 34 68 97 61 59 99 37 17 99 27 89 42 7 81 64 21 90 24 30 11 15 26 19 62 71 53 31 55 7 80 49 28 58 44 20 8 42 64 70 21 29 30 86 22 6 3 1 66 97 61 5 10 46 8 18 6 79 96 71 45 8 94 76 54 68 6 29 66 95 52 77 4 40 20 23 26 6 88 66 
17 0 10 68 8 23 43 69 14 94 83 71 57 58 59 99 20 21 69 98 87 37 3 17 79 90 19 27 7 15 54 70 25 58 32 69 45 92 80 41 51 71 18 96 43 84 72 55 55 53 20 99 85 81 32 68 0 24 45 14 19 90 42 52 85 0 61 83 53 80 3 28 47 97 77 96 12 89 92 45 3 77 52 65 79 76 58 14 66 63 6 91 77 28 2 90 34 96 71 87 14 87 67 16 96 76 10 99 65 74 99 80 74 99 79 19 79 8 91 9 97 64 3 8 90 64 61 69 41 44 94 12 64 4 2 25 86 47 65 85 50 27 39 34 21 95 2 87 34 65 67 3 63 59 64 60 0 91 60 95 85 9 12 29 32 80 44 77 82 78 8 68 93 23 47 43 3 40 67 40 73 43 69 5 36 4 96 20 63 4 78 1 18 88 7 75 74 5 12 50 76 5 17 8 54 12 65 7 18 18 65 49 43 0 36 66 51 82 57 66 72 55 52 8 19 98 81 27 69 27 57 10 33 8 72 57 1 28 30 5 30 25 48 43 6 54 66 78 26 43 93 4 18 37 73 79 22 74 72 65 69 60 61 36 21 52 20 61 22 59 93 85 89 72 90 48 74 72 93 7 79 25 13 59 28 89 84 4 0 33 74 19 73 56 42 78 43 32 52 4 
43 56 44 42 52 4 58 99 4 87 32 90 36 72 68 68 38 2 87 9 60 29 79 68 3 48 64 62 25 52 19 78 71 35 71 89 81 19 9 30 94 60 53 74 34 42 50 4 81 43 19 73 45 36 98 3 78 17 47 17 55 44 88 71 85 23 79 5 9 99 40 19 67 54 44 12 2 89 66 99 44 68 60 39 97 80 71 9 17 44 80 51 51 53 89 89 7 79 0 30 88 48 58 36 46 90 13 31 0 36 35 34 28 15 44 70 88 74 8 75 4 66 92 17 26 25 88 0 29 45 88 77 4 41 70 84 13 47 31 0 57 79 35 99 83 60 92 66 7 76 76 75 43 28 50 73 50 57 42 91 79 62 17 45 61 57 77 41 64 95 6 24 72 9 73 40 25 15 86 29 67 61 21 9 83 59 88 35 52 81 66 52 74 20 24 14 52 30 29 93 17 36 23 69 57 1 93 20 64 41 16 6 2 19 94 68 59 50 55 68 93 9 67 52 11 39 38 75 52 67 52 98 93 5 81 40 81 36 1 19 71 7 51 43 92 4 53 72 43 22 30 18 61 39 50 26 41 87 69 44 69 3 9 32 48 8 91 68 43 11 80 42 93 33 67 83 26 26 79 24 83 72 80 78 91 89 40 64 71 59 28 78 25 96 94 66 64 6 28 88 
91 45 81 7 30 81 79 49 2 62 93 53 47 92 50 61 99 78 8 44 82 92 62 36 33 94 48 71 46 58 39 60 42 51 55 78 78 88 60 30 87 33 57 63 49 48 36 24 44 74 9 52 79 6 49 19 76 48 4 94 88 11 49 26 48 19 52 25 34 9 79 11 98 76 69 21 38 57 85 75 86 58 83 23 84 84 82 79 29 43 91 42 18 30 35 90 64 38 81 13 30 77 41 18 70 22 6 11 48 70 88 5 99 35 17 29 10 60 26 49 42 90 20 50 10 11 51 34 9 45 66 8 44 50 50 26 5 87 85 60 16 78 58 47 69 5 44 11 4 43 1 92 0 19 74 2 63 30 76 42 11 7 17 92 37 6 88 84 17 66 68 23 69 25 34 66 36 36 87 42 70 87 85 2 1 32 84 7 83 26 71 27 11 39 27 75 73 73 6 58 69 34 37 45 24 43 99 96 81 81 20 36 74 51 75 14 80 35 63 22 95 22 31 48 97 27 54 96 2 49 64 34 53 11 79 11 6 97 66 6 90 95 41 53 4 78 17 65 59 38 1 97 37 14 91 94 93 39 37 0 24 94 1 43 64 27 93 29 89 95 40 68 52 53 91 23 82 68 62 8 41 83 32 73 28 2 74 14 9 12 38 85 88 49 69 42 31 13 36 49 
72 66 92 68 78 38 95 57 52 2 76 42 79 20 90 50 58 20 61 61 17 89 66 71 91 21 25 87 69 26 67 51 10 54 32 37 43 0 88 93 7 81 46 68 10 45 78 90 45 29 36 83 56 57 57 58 15 26 3 24 0 26 29 12 46 83 31 27 75 28 99 18 12 35 86 73 31 32 36 76 51 18 54 21 53 58 8 37 19 34 66 39 23 3 59 27 65 54 82 59 74 45 48 46 81 47 82 25 47 27 26 29 21 68 23 37 0 33 30 18 59 1 69 17 23 44 24 64 62 4 57 92 41 58 23 94 44 20 79 34 99 50 71 7 45 46 15 15 89 63 52 36 89 96 88 71 19 14 35 3 3 32 33 80 59 19 22 44 87 16 16 76 22 25 72 1 92 31 52 62 59 52 53 98 15 75 42 85 53 35 7 95 10 3 98 12 56 47 61 75 74 48 3 61 83 81 56 25 41 24 98 43 19 67 93 49 11 74 27 59 26 52 21 85 49 34 30 52 81 30 49 25 50 95 99 72 30 66 11 36 98 26 44 16 40 28 58 41 42 59 79 85 45 84 3 3 80 86 49 96 49 58 42 32 62 72 79 20 98 62 88 66 58 72 40 27 32 65 95 69 71 51 61 65 93 53 61 99 6 16 55 58 51 50 74 77 60 32 14 38 
12 4 85 68 7 21 34 74 26 65 93 27 37 96 85 62 19 50 6 94 93 78 44 94 22 51 58 36 17 83 76 99 3 48 98 4 80 68 91 75 52 15 7 1 22 51 71 16 63 43 60 42 85 12 98 14 5 8 5 17 46 28 52 21 70 16 11 18 86 8 3 49 14 56 7 59 52 86 21 32 28 98 38 74 26 55 79 75 61 2 22 24 44 82 79 97 14 84 42 49 19 9 57 42 93 70 74 31 59 23 39 61 82 49 64 28 47 63 73 45 50 36 11 50 80 12 46 1 42 77 96 18 30 15 46 39 16 96 46 95 17 55 80 27 37 12 82 20 22 50 35 36 62 58 25 1 74 46 65 50 83 70 55 71 83 17 92 72 68 17 83 67 5 93 73 14 75 95 68 9 62 43 73 89 35 73 32 68 90 31 42 52 29 9 32 12 77 39 49 28 89 44 86 42 59 79 84 11 64 18 21 95 67 64 80 45 93 39 7 48 62 26 5 14 38 32 76 41 29 44 6 55 31 67 35 66 77 78 77 23 31 48 19 37 34 82 50 64 3 2 43 89 63 51 30 2 44 13 57 21 85 15 88 2 82 42 88 14 60 27 44 93 27 83 22 16 14 48 51 76 35 85 86 30 62 89 55 11 25 0 89 14 19 44 14 30 78 76 62 31 
44 51 98 14 84 74 98 28 39 46 49 79 82 8 77 39 95 64 45 26 64 53 70 76 26 3 85 80 69 27 19 15 22 44 15 76 48 21 24 93 81 22 28 18 98 71 55 80 87 33 48 81 92 94 61 94 36 92 72 44 89 7 40 34 39 66 46 30 16 47 67 37 8 12 20 97 26 99 56 65 1 44 34 63 84 7 0 5 94 15 17 70 73 40 27 31 16 95 61 62 42 16 90 44 15 39 46 29 92 89 2 5 37 72 62 3 9 93 6 99 70 38 29 62 73 59 69 19 94 75 68 0 22 75 37 30 79 74 77 90 59 4 17 14 14 47 5 40 34 3 32 63 88 38 47 66 77 22 36 95 65 11 24 72 44 17 25 65 29 80 39 54 25 24 35 55 79 35 93 17 68 27 73 19 3 67 34 91 73 42 6 81 80 61 93 84 7 43 58 5 56 30 84 30 14 57 50 83 68 89 95 3 90 88 19 40 9 21 9 4 77 87 72 77 78 41 43 20 78 7 21 96 45 88 95 14 35 4 15 41 67 75 32 16 83 27 27 46 15 12 2 85 85 67 66 25 26 76 17 23 55 6 99 75 79 59 53 32 41 27 97 8 30 74 41 93 61 28 6 23 89 7 46 32 98 84 20 99 48 80 96 38 68 39 15 87 88 53 27 62 
83 31 24 40 48 31 93 35 47 18 14 93 40 45 48 71 55 14 66 8 56 64 15 54 22 30 88 55 7 42 65 1 73 10 46 37 87 42 4 23 27 0 16 56 63 60 67 73 94 52 75 22 29 13 60 12 19 22 27 88 28 98 70 84 22 65 15 9 13 85 32 46 62 92 0 54 63 52 18 53 34 57 0 43 91 18 5 76 96 75 59 39 48 48 91 15 18 15 78 60 73 21 97 95 39 93 89 36 21 37 4 86 19 21 22 22 22 82 4 80 40 10 52 1 26 8 4 53 98 19 72 71 75 44 49 96 52 37 74 57 43 75 7 8 34 52 67 51 18 4 54 26 47 60 4 94 29 74 60 90 41 16 95 59 95 81 7 71 72 10 85 67 74 75 37 52 12 27 64 15 54 54 3 95 60 48 80 25 69 80 79 42 8 68 6 1 42 83 91 28 19 24 29 94 23 80 53 65 10 89 24 35 72 70 4 62 28 38 11 63 60 35 28 97 94 51 75 67 57 65 7 36 88 77 99 62 85 81 82 90 37 42 64 93 58 63 20 64 71 29 42 30 98 43 37 43 53 57 78 96 37 43 59 43 14 50 54 82 33 43 26 78 31 27 36 90 41 11 44 39 25 23 75 23 59 57 43 8 79 32 87 54 20 92 77 86 13 27 66 88 
77 36 67 88 35 51 33 8 21 29 78 23 24 69 73 76 93 62 9 65 32 50 60 2 19 46 79 52 76 30 94 80 91 67 32 76 76 58 36 23 13 49 93 49 72 99 30 24 36 76 5 86 95 13 86 65 61 54 9 13 62 45 18 14 44 17 55 75 83 89 79 72 45 48 77 56 1 58 1 55 27 83 99 80 14 78 1 14 58 63 73 59 56 64 27 4 22 60 99 49 93 3 72 82 1 59 19 60 8 95 99 57 49 54 92 80 87 94 6 10 18 64 40 92 89 64 12 37 51 49 2 76 75 33 95 73 64 42 40 42 20 63 19 75 17 20 28 96 29 40 49 55 32 35 41 80 84 27 17 13 84 64 96 32 99 57 73 2 50 4 21 88 63 19 80 51 64 70 8 81 36 61 72 69 14 74 24 44 99 76 94 28 5 96 25 93 1 32 43 34 31 39 62 7 1 81 92 9 47 5 22 56 48 70 39 87 75 81 68 26 4 82 79 34 54 25 45 12 3 34 2 22 71 92 73 90 15 61 75 69 79 84 92 49 22 81 66 9 67 40 77 85 90 50 94 5 86 78 4 12 33 56 68 34 97 36 34 22 18 84 8 76 27 74 78 98 77 54 1 15 75 4 57 47 37 27 35 30 16 95 12 52 1 22 86 25 70 45 2 86 
10 67 94 95 69 58 4 11 32 52 68 35 69 93 7 28 52 51 73 58 56 83 44 60 48 26 60 57 33 56 45 42 13 15 81 0 27 55 2 65 29 48 5 68 30 42 83 84 11 63 25 47 8 77 79 66 10 45 83 69 93 30 23 67 3 24 60 61 5 22 79 71 98 32 1 68 21 14 31 87 11 79 81 79 35 55 85 38 84 3 12 7 36 75 32 3 17 24 5 14 0 22 6 0 39 10 24 37 2 26 87 41 85 3 95 98 68 3 45 69 49 53 79 5 94 83 43 78 50 52 61 82 29 0 36 40 75 53 60 19 26 30 77 45 75 40 44 39 75 78 63 41 12 63 25 60 97 98 45 20 50 33 93 74 86 47 65 90 77 1 52 76 21 81 21 55 96 79 29 34 26 37 30 32 13 91 22 50 93 63 42 77 36 24 79 12 47 28 53 98 70 21 46 23 55 48 46 7 12 81 14 49 24 67 98 23 12 41 12 18 9 32 7 6 7 7 9 32 79 35 76 9 96 93 98 6 98 78 82 34 51 7 30 1 12 81 7 89 11 75 52 74 9 32 84 29 21 98 35 16 19 40 35 96 59 65 30 84 52 3 30 67 60 34 5 1 92 56 34 99 35 97 37 45 93 21 24 62 0 12 22 55 23 87 91 58 75 40 53 6 
31 92 29 21 19 73 72 65 4 29 69 89 74 37 85 54 5 91 12 22 48 85 32 91 5 95 65 52 99 39 52 80 1 17 9 87 82 18 95 27 87 72 8 54 88 71 14 43 23 71 24 62 27 88 57 23 4 51 71 87 75 92 37 55 88 39 65 72 76 86 90 22 5 12 50 10 9 22 19 84 51 97 70 20 46 17 40 78 87 38 68 59 56 58 72 34 49 40 95 56 57 68 29 36 53 91 51 97 56 71 24 65 76 38 87 55 3 76 53 62 69 21 35 31 16 89 31 39 58 80 81 25 70 14 52 27 52 8 37 76 35 82 45 87 24 49 38 49 52 37 58 41 83 25 54 40 9 91 92 70 86 24 25 63 9 98 67 67 94 95 65 44 0 65 5 46 10 34 62 95 34 9 89 89 98 48 90 44 44 77 28 41 73 0 41 95 15 90 10 26 0 71 39 87 48 47 55 97 21 83 16 89 44 93 54 52 52 56 35 32 11 68 4 99 3 91 25 87 62 51 34 76 89 78 3 58 86 57 33 96 23 79 47 29 7 44 90 43 17 24 68 0 12 83 52 10 40 89 82 56 82 34 84 70 71 21 21 6 60 71 86 1 9 68 35 9 19 78 26 79 73 64 15 70 70 46 92 81 95 47 7 37 80 68 62 17 86 33 46 91 
81 5 42 27 18 10 15 78 55 18 59 53 96 10 11 51 67 43 68 10 5 42 63 2 65 82 15 90 81 89 19 10 70 49 52 46 22 96 90 20 24 8 41 39 32 27 53 10 50 75 80 74 50 5 4 94 52 52 6 97 83 76 66 26 73 6 38 56 17 78 59 65 84 19 25 59 28 12 51 51 41 79 23 44 21 56 50 59 74 52 76 1 39 74 37 20 67 59 20 60 69 93 46 80 80 69 65 24 8 78 27 77 50 24 96 79 94 13 21 38 96 36 46 29 70 62 5 98 79 19 58 29 86 34 2 58 40 88 1 1 19 63 34 82 24 35 35 26 38 6 75 24 28 73 73 48 64 7 66 51 58 64 43 37 20 7 58 11 74 59 48 23 46 95 83 60 63 11 95 5 73 44 77 3 91 67 35 2 35 83 24 46 18 54 15 77 32 60 89 7 73 67 7 2 34 34 64 78 3 13 6 98 31 15 29 75 42 26 4 45 78 30 41 84 62 45 86 66 63 20 30 57 58 49 31 95 64 76 16 86 39 95 61 71 27 90 29 41 44 65 46 39 34 11 49 57 43 48 3 45 44 16 85 34 66 51 5 41 67 47 1 9 78 83 44 25 81 17 57 43 10 66 75 12 0 14 17 62 5 23 77 7 80 66 34 42 79 35 73 74 
12 51 25 4 22 92 4 79 16 82 48 88 6 7 21 50 92 7 25 44 69 80 85 80 99 3 13 29 0 49 38 50 76 55 18 79 95 47 47 42 60 35 76 9 98 58 77 53 86 47 25 90 54 9 7 31 77 65 48 8 71 39 86 73 90 91 80 22 28 38 75 28 81 13 94 25 2 71 22 36 80 82 89 63 91 75 0 91 32 91 2 81 23 41 21 48 67 51 95 29 50 56 32 5 66 95 59 94 38 90 87 82 7 42 45 49 80 42 26 63 97 8 33 0 45 57 7 58 27 53 53 11 19 94 57 97 49 14 34 91 95 99 3 32 55 39 36 23 38 15 41 32 94 42 5 33 0 86 99 5 88 29 22 45 17 86 64 23 29 94 74 52 1 73 79 42 51 12 47 1 90 58 66 9 0 40 36 66 95 95 30 97 34 62 15 42 77 79 2 19 57 56 65 66 78 58 78 97 0 50 28 79 80 74 29 82 88 94 55 16 38 59 60 45 85 74 33 81 53 93 44 10 57 94 45 69 19 36 1 66 85 61 87 0 99 48 78 9 51 90 94 77 26 14 46 91 42 36 76 44 89 74 99 77 35 45 22 35 80 35 23 59 71 69 50 30 81 45 62 79 29 36 27 10 91 35 68 2 76 67 80 80 95 51 18 89 78 1 17 21 
69 55 7 31 65 87 30 57 24 58 74 0 0 73 61 55 19 71 7 17 38 3 99 84 33 23 44 62 30 71 82 82 31 35 90 58 33 81 77 55 59 7 16 28 20 26 10 44 49 42 62 52 64 22 54 47 11 9 55 98 63 71 0 34 96 17 74 94 69 68 15 3 55 42 90 19 15 85 19 79 33 26 38 47 62 27 14 52 25 15 53 25 86 24 97 66 19 4 72 22 27 34 94 94 15 61 4 12 24 46 72 30 96 74 72 82 7 60 82 35 88 15 76 34 15 85 90 56 52 75 93 85 55 97 80 50 83 58 37 24 99 90 48 77 56 25 67 96 85 50 76 51 37 61 37 54 23 49 82 74 91 10 12 56 2 41 94 96 11 17 78 56 51 74 59 0 5 50 27 85 16 45 14 76 86 33 93 24 84 94 1 6 2 66 37 49 8 20 37 37 2 68 53 91 96 75 1 93 7 69 18 21 6 51 83 61 76 93 93 57 78 68 30 70 6 7 49 30 22 34 82 51 57 58 26 25 12 98 0 57 42 2 83 24 92 35 37 17 9 23 35 6 41 21 72 23 25 90 22 91 78 94 98 45 43 64 14 14 25 42 77 43 2 73 82 30 94 67 65 36 73 96 96 28 79 52 61 46 24 65 12 7 21 76 79 44 5 94 41 62 
37 41 56 17 99 73 5 73 99 75 99 73 11 59 69 42 85 26 75 74 3 24 89 69 93 90 88 60 59 10 54 58 76 64 44 10 0 31 51 1 18 97 88 48 28 45 74 38 52 48 93 33 18 74 27 66 25 5 28 56 53 29 82 32 55 85 16 24 44 43 16 2 3 99 12 33 48 86 72 2 96 77 14 29 17 85 20 81 93 49 4 16 60 63 34 97 91 31 12 17 55 87 58 65 57 76 89 51 44 76 49 43 9 77 41 94 64 47 1 15 96 11 17 97 35 60 41 31 85 94 42 63 32 50 39 2 46 39 63 41 98 31 71 19 83 75 8 13 73 42 1 21 54 21 15 62 77 47 50 70 54 39 77 45 99 42 4 79 11 78 57 89 19 51 58 3 90 76 46 18 0 80 22 23 1 39 1 69 97 86 28 45 35 60 94 93 55 64 18 67 65 12 43 33 29 80 30 78 31 66 29 70 53 91 11 71 17 91 92 78 76 71 69 25 31 22 11 73 73 8 4 41 13 44 92 4 38 61 36 70 3 65 2 85 78 15 24 34 97 76 17 20 62 83 90 75 55 50 11 94 72 45 12 7 38 78 94 60 66 33 86 63 81 70 22 73 95 59 67 55 37 52 72 20 69 92 15 96 69 18 25 95 71 88 59 46 48 53 6 91 
27 1 7 43 55 90 12 25 29 20 47 43 29 65 67 78 51 27 75 42 36 88 51 54 61 62 87 68 42 82 21 79 80 25 29 78 65 96 24 96 46 84 81 57 67 42 93 62 22 24 28 52 77 45 39 38 60 96 90 92 37 47 49 97 34 3 23 77 46 67 24 67 20 90 17 68 36 18 18 93 79 3 4 42 50 50 88 90 57 26 30 69 78 59 34 37 41 40 42 80 62 87 54 80 86 59 91 37 10 64 87 27 33 19 13 33 83 7 28 77 38 33 26 80 51 19 57 16 16 29 5 43 5 62 98 4 14 77 95 35 0 29 8 54 83 69 38 1 91 55 36 90 31 34 3 5 71 42 9 51 88 41 23 18 46 23 2 84 72 38 67 75 23 35 78 18 76 0 11 51 92 67 15 18 76 97 7 81 11 20 59 78 56 94 85 27 49 53 36 30 95 95 77 40 20 66 81 66 94 36 4 20 52 58 56 11 23 1 63 64 85 45 50 81 52 39 60 83 27 5 36 97 26 97 3 15 95 72 86 82 9 51 45 54 31 14 71 77 38 32 24 17 82 54 71 80 32 75 62 24 28 39 51 88 91 70 44 59 15 70 76 88 42 85 8 29 14 52 5 6 40 34 71 85 20 39 34 54 71 26 88 19 52 44 17 68 39 25 86 72 
57 2 3 10 25 79 26 33 66 40 21 57 45 72 0 33 8 20 74 73 97 7 63 41 70 73 40 16 19 75 40 97 66 61 56 36 31 89 39 59 81 26 3 10 88 91 54 93 2 60 12 69 0 50 81 15 19 74 7 70 7 74 27 94 96 58 90 84 68 96 50 75 67 6 56 29 61 25 80 34 85 63 96 73 17 28 52 89 65 20 34 27 11 73 93 13 56 36 45 42 7 76 11 65 83 25 77 60 8 26 86 94 43 37 57 62 3 57 48 0 17 71 96 7 54 81 27 70 11 90 45 16 34 4 6 93 42 50 44 11 66 76 41 77 51 45 24 47 31 18 60 31 17 47 32 89 75 51 8 55 11 63 68 27 36 72 37 31 64 96 44 36 14 48 67 15 32 80 90 24 15 46 38 68 53 83 67 62 59 11 14 37 90 65 62 76 6 1 63 18 66 75 64 81 76 11 20 23 62 92 3 3 29 99 88 40 52 43 92 30 12 9 15 26 74 68 94 67 0 6 53 38 88 97 91 64 87 4 73 78 52 5 99 83 18 61 82 19 56 96 33 48 13 9 74 64 16 35 59 47 64 31 16 37 79 17 35 67 82 69 49 72 56 81 69 51 66 59 55 23 56 7 87 83 16 37 92 9 40 33 62 30 3 72 97 86 72 5 49 14 
62 45 59 19 36 75 79 89 19 69 39 13 83 57 20 90 94 24 48 37 49 56 5 82 60 34 56 8 96 69 36 45 34 29 68 74 99 68 71 30 52 97 33 92 15 96 23 20 79 70 13 91 6 64 24 5 26 26 52 28 61 40 97 50 72 7 78 49 82 84 95 71 67 15 19 74 30 71 25 0 96 84 57 67 63 4 37 47 68 38 9 54 92 62 65 75 77 45 64 3 78 67 83 78 47 44 57 1 71 49 60 98 15 9 49 13 65 28 62 10 90 25 20 63 58 60 67 47 7 49 70 44 96 50 89 49 96 33 90 57 18 10 98 52 38 32 21 56 47 77 20 31 48 67 12 68 56 20 67 73 58 85 93 80 59 26 37 14 95 32 30 93 24 5 71 84 74 90 1 86 46 40 32 30 96 66 15 80 21 38 68 81 37 58 58 88 93 94 22 20 82 16 5 3 41 47 14 41 30 79 26 5 52 71 58 88 62 51 45 21 4 81 98 48 0 76 81 63 40 69 0 67 52 79 18 73 91 35 88 16 74 41 72 54 92 15 75 42 79 60 63 56 19 40 47 90 92 51 72 3 28 63 88 99 25 50 11 5 39 80 26 42 95 93 61 30 43 92 70 5 77 36 81 85 68 96 33 89 72 62 73 57 48 3 86 57 97 83 4 12 
7 69 5 50 98 48 17 34 64 46 60 9 12 92 61 61 46 60 31 27 45 58 32 61 6 84 49 58 40 77 53 77 64 94 36 69 73 77 87 30 52 21 98 50 44 82 32 1 98 59 77 53 73 52 48 11 13 48 98 30 78 70 93 13 74 26 43 46 64 40 16 85 32 14 17 13 64 3 23 55 14 33 91 4 42 81 86 62 13 60 4 82 85 10 75 67 53 94 94 5 83 85 12 15 40 66 26 95 87 54 58 7 93 67 1 32 65 67 88 55 67 83 76 88 86 49 73 8 14 96 29 1 12 64 16 39 4 58 13 82 26 40 37 98 93 28 20 74 24 63 29 18 90 77 88 92 5 98 52 6 58 83 91 95 1 78 21 52 21 36 94 91 49 74 68 3 55 51 58 59 11 17 29 80 92 61 46 21 79 14 35 79 43 78 98 98 19 9 11 42 83 90 44 74 93 43 12 57 90 26 48 2 25 84 35 64 48 13 2 33 30 99 71 81 31 77 3 44 57 72 18 28 8 38 96 46 84 85 39 79 83 48 96 12 57 29 98 14 51 7 17 34 68 45 18 87 94 44 64 74 42 63 56 13 98 93 88 2 19 0 24 46 68 52 70 39 49 1 77 60 47 77 98 48 22 46 16 46 35 12 49 33 96 74 13 54 43 9 31 43 
62 41 58 44 25 62 43 28 99 82 79 47 35 27 24 80 24 3 89 84 88 82 32 31 51 58 36 32 29 47 33 35 79 12 10 96 44 28 25 36 76 73 91 69 52 89 81 62 86 66 38 30 22 86 95 96 1 61 37 70 1 65 71 34 20 68 32 82 62 90 58 85 20 71 94 46 80 78 97 40 86 2 89 35 21 81 56 94 87 21 69 31 90 9 75 22 59 31 79 28 67 91 73 2 53 0 46 97 57 94 5 19 93 58 44 24 82 70 17 69 16 21 0 17 20 39 81 32 16 71 18 63 55 84 9 76 10 31 23 12 60 40 81 67 51 6 25 84 38 99 39 17 90 80 78 81 6 63 18 39 69 39 28 62 87 16 41 60 66 94 24 76 66 75 63 59 19 24 73 79 71 72 89 41 10 30 30 99 8 23 75 34 60 38 45 0 13 2 49 42 14 73 45 50 49 25 82 1 26 22 13 81 84 80 79 39 5 57 49 83 34 36 5 99 88 76 33 91 94 68 2 85 85 40 13 51 77 66 42 2 77 25 86 17 78 87 44 55 96 47 16 59 92 79 84 66 36 84 75 76 73 69 92 85 84 25 92 41 43 17 12 37 67 9 39 95 41 49 9 94 62 71 18 89 92 41 93 95 82 18 12 55 78 67 19 35 51 70 64 79 
99 3 52 79 71 30 34 59 8 45 50 48 51 88 89 51 50 23 62 48 21 59 82 69 78 77 20 37 44 87 10 28 11 53 62 14 35 59 27 62 32 60 19 94 61 2 99 41 77 15 29 46 70 2 32 67 50 55 37 14 19 17 85 4 16 36 69 52 95 44 28 33 72 51 85 43 35 72 22 54 22 51 50 8 43 4 18 27 88 16 90 96 17 95 37 72 29 49 69 32 13 99 16 65 24 73 16 58 7 32 26 59 61 59 54 25 53 47 69 24 13 74 19 70 42 33 84 35 33 85 65 76 54 42 23 5 25 67 32 15 40 71 41 86 63 71 77 62 59 48 60 87 86 33 10 94 88 27 53 16 10 71 44 20 26 68 79 37 25 59 79 15 85 98 37 63 58 87 66 33 57 77 2 26 72 40 36 41 51 2 33 69 28 39 68 86 88 60 47 37 3 75 71 2 27 56 27 31 95 7 17 38 76 28 12 17 47 17 53 71 47 16 5 11 98 74 43 94 45 64 5 84 69 83 29 15 88 24 41 0 89 81 11 19 58 65 60 96 8 58 8 82 65 19 15 88 82 42 61 7 29 11 20 3 38 20 87 92 21 72 93 23 96 25 66 20 30 72 73 51 36 75 81 66 93 67 57 58 89 20 19 72 84 7 63 0 62 57 4 36 
38 23 41 48 23 9 73 71 24 67 61 2 54 51 90 52 63 27 49 49 38 45 43 77 87 77 34 32 15 37 6 14 69 70 91 60 75 64 43 35 26 15 51 50 79 87 34 36 55 76 96 20 92 68 95 25 18 35 21 68 55 6 87 65 9 11 78 15 15 13 30 29 83 41 49 28 17 70 53 36 20 40 7 25 58 14 18 48 2 14 40 20 56 7 33 80 59 73 52 55 60 20 82 53 69 43 67 97 13 87 96 30 36 94 72 68 25 88 91 38 45 52 87 0 31 36 3 42 89 75 98 3 21 84 2 54 31 82 50 75 79 57 23 11 89 21 75 58 18 84 92 61 4 78 54 95 33 88 80 82 4 52 14 70 46 9 10 0 51 52 13 80 28 81 7 98 3 56 24 73 30 31 68 60 79 9 32 50 69 67 27 20 27 10 85 89 63 40 55 6 72 39 85 28 61 47 17 14 73 20 38 57 89 67 7 6 36 67 33 82 51 48 84 62 69 70 31 24 30 64 47 38 11 1 76 48 42 86 95 43 7 6 2 65 29 87 76 51 39 60 92 49 12 87 66 0 78 25 1 84 16 20 68 81 99 31 76 60 31 80 70 30 1 6 15 36 75 46 14 48 55 75 8 33 56 36 77 59 34 58 13 86 84 43 48 76 95 3 95 10 
47 68 81 70 5 85 33 54 50 38 54 14 83 77 41 11 47 62 39 54 70 32 65 35 8 78 88 41 24 57 71 47 73 55 19 66 50 73 81 31 9 70 32 78 70 87 65 40 14 40 57 83 83 18 1 98 4 1 57 36 49 69 68 59 95 63 97 74 95 9 1 66 80 58 66 16 46 92 84 37 39 44 5 80 66 86 28 73 55 62 29 43 77 89 98 27 66 86 76 85 4 54 9 45 51 10 82 0 47 6 24 96 39 73 42 83 86 75 44 87 92 52 54 1 3 48 97 76 59 12 46 58 0 25 37 11 43 30 31 4 90 56 52 39 51 88 57 42 76 31 6 22 43 34 12 17 73 76 43 96 80 45 51 82 47 55 96 24 59 43 56 11 31 73 57 82 80 20 78 3 64 15 69 74 24 85 18 92 47 97 44 38 71 19 65 42 89 38 14 44 63 63 33 52 77 1 7 0 10 22 43 96 98 1 53 19 47 72 72 25 69 94 28 10 97 65 85 27 19 51 45 5 50 33 90 14 1 88 79 99 86 79 74 93 94 63 61 8 42 51 12 1 41 32 42 47 53 10 41 79 34 17 43 45 19 29 98 91 84 92 66 39 35 6 22 25 49 17 99 89 90 37 91 72 57 64 5 66 62 56 62 13 92 0 56 51 27 11 11 73 
98 37 86 96 28 48 7 57 44 11 93 93 33 65 34 25 40 37 76 33 2 60 42 22 9 52 81 35 23 46 42 34 93 13 77 79 46 2 78 62 40 18 33 92 55 16 78 41 97 76 20 15 84 20 23 76 94 63 30 29 58 73 35 66 15 58 66 5 11 22 60 74 16 3 43 43 55 31 31 56 54 80 10 32 67 31 37 75 30 85 88 32 8 25 86 88 42 69 27 4 88 9 26 66 7 4 20 43 34 32 70 16 37 64 8 97 33 96 95 92 99 57 81 67 15 82 28 38 29 74 99 96 22 2 0 8 91 55 95 75 17 3 66 61 63 50 77 26 45 38 36 62 20 67 59 89 61 15 0 33 7 4 42 87 78 37 22 88 11 87 48 95 34 78 84 54 4 35 30 39 84 30 38 79 50 64 43 46 73 89 48 2 15 91 51 48 0 60 44 36 47 20 40 52 93 49 79 89 0 75 64 59 22 52 90 8 5 96 51 79 80 64 43 71 5 59 75 70 41 11 31 77 13 72 94 3 69 15 38 97 78 23 30 53 53 66 89 41 20 80 92 43 67 1 95 57 21 85 94 20 24 45 58 27 28 81 58 93 78 29 7 35 46 19 13 44 85 90 44 29 58 35 38 53 31 46 35 85 55 39 31 27 5 70 21 81 81 26 51 90 
31 96 19 41 61 40 47 93 97 31 53 97 85 87 88 55 96 79 3 61 95 93 68 72 93 66 47 38 86 16 58 2 35 12 19 16 39 58 35 49 7 89 69 85 96 35 80 82 6 71 82 18 91 67 92 23 10 69 72 47 58 10 90 64 50 90 74 5 35 46 0 21 22 35 98 37 55 29 91 68 83 45 48 64 3 54 27 78 40 58 59 9 70 45 56 21 30 66 67 32 36 39 56 42 20 29 90 45 63 36 1 28 53 23 23 57 36 79 49 27 36 45 37 88 39 4 85 16 50 15 82 81 60 86 57 21 35 23 87 13 92 28 14 24 17 88 22 35 33 17 24 15 79 70 77 81 16 26 32 77 83 20 69 16 97 1 14 6 81 0 93 33 39 92 81 26 85 27 42 62 46 53 38 34 65 29 23 77 4 69 44 13 80 91 91 77 75 17 15 19 36 17 90 94 7 86 78 44 70 10 43 81 39 39 38 52 99 69 13 20 31 66 15 15 53 42 74 19 37 39 7 42 72 56 96 10 13 29 62 72 94 25 43 23 23 36 52 36 41 71 48 91 92 78 31 23 52 58 59 32 39 21 65 26 75 63 20 3 99 36 46 97 68 48 59 91 93 57 97 68 5 80 55 93 9 90 8 56 53 52 87 93 88 93 69 51 49 53 8 46 
71 47 48 42 95 94 77 39 52 41 0 37 22 38 63 33 23 70 14 51 3 11 98 66 58 9 7 35 96 90 95 35 47 69 20 62 65 62 84 40 94 89 43 47 51 42 66 71 82 52 37 90 51 9 90 52 69 37 94 24 49 42 30 52 86 82 21 74 66 35 2 94 63 50 96 8 45 18 85 30 45 32 46 8 74 41 61 63 14 87 34 69 5 20 19 4 8 74 46 64 64 28 97 38 69 39 68 16 39 39 10 87 17 43 54 70 2 6 90 68 9 45 68 54 94 97 1 90 59 90 99 13 74 18 24 23 18 46 8 96 44 39 15 86 71 49 68 77 21 64 5 26 69 97 45 30 62 9 18 46 68 33 73 27 72 28 73 64 50 46 53 9 28 68 19 24 34 97 95 44 2 97 87 20 96 84 81 27 84 75 81 71 92 63 23 76 74 29 98 46 35 33 23 61 12 64 94 82 45 72 46 57 32 75 72 26 16 66 50 0 71 24 51 3 12 97 19 41 25 56 90 3 53 43 97 48 88 60 69 97 6 32 9 44 21 61 10 59 16 61 34 91 19 57 40 62 94 58 11 0 43 7 51 30 57 88 45 69 48 73 16 3 59 39 33 32 82 65 0 16 75 62 2 99 27 3 4 2 40 99 26 17 40 12 89 95 72 85 14 50 
74 56 68 92 82 37 75 44 49 2 51 22 61 4 15 74 10 30 55 55 37 7 82 90 77 82 39 60 87 6 36 83 89 15 95 16 65 76 88 59 44 52 56 41 33 8 14 73 50 96 3 81 95 52 88 24 48 54 74 9 51 84 75 77 95 95 82 47 54 90 4 20 61 71 48 9 84 73 89 32 1 95 29 62 83 40 90 71 94 99 98 26 8 5 43 42 94 39 20 37 8 48 84 77 90 47 50 65 83 51 79 17 31 17 74 98 46 66 9 69 48 77 40 60 39 24 45 27 69 15 12 34 69 21 85 84 38 91 86 30 29 33 45 25 21 42 4 89 30 55 58 80 73 56 48 49 11 92 16 56 70 50 86 23 50 85 53 15 58 92 48 98 33 71 53 0 29 53 97 54 81 79 9 2 14 25 66 33 10 1 80 72 97 55 15 20 92 55 62 15 6 3 34 17 9 48 14 43 11 82 76 48 14 32 11 60 85 13 95 56 66 3 24 40 47 62 23 70 10 5 17 21 9 97 83 58 92 48 98 6 86 1 41 27 14 60 17 85 23 77 90 92 7 75 48 31 21 67 96 85 33 56 63 86 48 1 69 0 46 49 6 13 53 51 6 80 71 5 73 60 13 20 0 93 1 48 98 17 3 12 69 2 49 48 95 90 77 41 8 69 
58 31 81 85 10 29 75 71 47 77 10 68 95 19 89 25 47 56 63 78 6 39 90 38 77 62 85 31 38 9 87 67 33 86 6 87 30 26 8 49 21 2 7 36 38 33 46 91 92 10 66 64 94 98 67 87 69 67 51 67 66 77 57 95 37 94 14 26 81 26 73 72 40 19 43 15 80 9 14 32 55 48 37 82 37 65 32 0 38 45 16 89 51 21 33 70 80 96 85 47 62 95 31 11 56 82 31 18 67 4 76 48 2 69 18 24 26 93 70 15 3 65 23 98 27 30 33 61 63 5 85 6 77 84 9 17 13 74 6 24 86 40 35 50 38 5 95 15 54 23 1 42 87 34 56 19 39 40 22 24 24 41 86 5 43 1 97 10 33 21 66 54 25 82 43 25 92 18 69 85 17 29 29 16 69 34 1 77 48 12 39 47 37 87 54 98 27 45 66 88 96 7 82 74 41 18 92 48 16 22 95 32 89 69 27 11 83 30 45 86 42 56 54 31 64 28 63 55 65 1 97 70 96 11 92 84 53 68 42 45 12 98 66 76 5 22 46 46 72 18 90 50 93 74 61 63 24 58 54 12 42 98 26 28 18 25 49 0 57 4 2 64 92 33 46 62 52 81 51 15 61 10 23 43 83 43 93 12 54 90 12 2 32 96 46 37 95 44 84 7 
37 17 39 23 0 71 0 29 83 38 92 2 85 49 99 10 63 65 31 70 98 96 63 2 42 43 3 41 28 97 57 67 26 77 79 9 12 79 93 46 70 40 14 20 15 1 23 80 23 35 29 49 3 18 13 64 56 57 72 34 80 54 67 4 44 16 99 8 3 94 79 97 57 51 3 1 35 73 20 17 80 55 52 52 24 93 5 34 35 28 67 25 10 40 80 19 36 69 9 83 99 54 28 70 50 74 2 45 62 34 65 35 65 28 2 54 53 22 29 11 36 91 32 44 62 37 99 48 82 93 37 69 87 24 87 8 53 90 46 86 64 44 16 16 35 34 67 7 21 68 76 32 52 48 27 49 26 40 22 94 33 24 37 99 81 82 48 30 17 42 77 65 68 82 26 8 10 65 63 43 93 19 6 74 59 93 91 77 72 92 68 43 47 44 14 98 29 41 83 44 37 15 16 56 62 41 81 23 41 26 19 24 58 90 91 97 31 2 20 92 78 93 57 85 45 89 7 85 40 62 98 91 35 77 37 44 58 75 77 20 15 67 49 14 94 87 79 96 49 45 93 6 90 39 73 59 98 7 94 90 56 47 87 21 67 73 35 1 81 31 67 99 64 36 12 26 67 82 83 78 78 19 20 7 4 20 69 87 56 65 4 14 45 41 21 96 14 95 66 67 
65 29 37 75 21 90 42 82 79 52 42 39 6 87 58 39 6 13 39 90 95 80 98 21 3 64 74 84 6 14 48 11 53 70 81 32 68 78 91 66 22 82 43 25 40 91 5 87 64 98 29 76 60 84 72 3 14 62 17 63 10 6 48 68 74 82 89 15 12 77 41 99 84 51 34 34 83 33 35 91 15 87 83 60 41 69 82 36 93 75 84 26 35 95 2 89 58 98 9 41 65 7 74 69 84 45 23 82 2 74 92 47 9 20 27 47 69 33 25 47 52 48 29 4 65 81 97 66 92 85 97 17 98 39 66 86 35 34 89 99 38 81 98 25 89 31 0 68 69 3 7 21 65 4 80 38 55 6 47 33 61 75 13 23 56 89 36 67 61 3 10 47 69 21 91 49 7 30 6 61 10 70 44 87 89 23 70 80 47 51 22 2 63 85 45 96 45 56 43 97 42 36 79 11 48 77 22 82 53 71 9 31 3 88 82 26 5 4 38 20 13 75 29 34 92 38 68 3 83 92 82 20 35 47 10 91 95 26 67 35 14 26 80 77 95 42 17 87 88 21 62 5 39 92 64 22 80 45 32 87 58 57 25 17 92 95 9 67 67 0 10 20 51 21 25 61 42 9 66 85 12 27 37 43 40 70 43 6 72 44 99 20 26 87 4 31 73 97 0 34 
80 31 3 2 9 68 26 70 64 26 18 82 92 99 63 15 18 51 40 92 53 42 66 23 62 78 46 19 58 99 51 68 87 37 34 93 89 95 49 85 33 46 51 13 12 35 55 13 11 83 1 37 25 70 73 20 69 91 22 92 13 56 17 9 18 52 52 17 41 26 29 72 92 85 57 34 4 79 76 83 9 23 12 81 79 88 17 83 20 51 93 96 14 15 90 67 76 74 22 16 23 90 55 80 18 91 41 71 22 94 95 71 68 41 24 33 24 26 22 69 21 75 88 98 99 43 0 71 13 47 15 38 89 46 3 44 3 90 41 85 78 55 82 77 7 74 85 58 33 16 45 16 77 32 72 33 22 8 63 11 34 34 55 16 28 92 94 15 30 84 35 97 69 50 17 96 14 35 66 54 90 56 45 76 20 10 37 33 39 77 36 84 64 59 49 75 14 95 1 35 69 10 73 93 11 34 77 53 49 75 37 40 43 7 43 8 35 88 78 16 24 37 47 50 32 14 65 38 83 54 2 51 9 31 39 9 79 42 18 98 27 96 96 38 6 86 29 82 11 76 0 18 60 14 78 86 68 82 9 0 48 27 18 3 98 78 51 37 13 80 96 35 8 35 31 33 45 96 83 25 12 24 41 26 94 35 25 84 60 68 32 83 59 93 47 2 23 90 52 7 
24 77 50 48 25 80 54 82 14 49 28 39 95 76 87 60 45 76 99 6 46 70 46 12 94 28 72 30 54 12 83 56 47 17 92 93 3 53 99 65 64 51 61 47 17 27 92 88 91 6 72 82 53 79 70 78 58 94 24 31 89 66 80 95 58 66 43 35 75 68 37 27 79 9 93 77 91 64 78 83 53 52 53 89 42 16 64 58 58 6 68 21 31 99 82 71 42 32 48 72 8 16 72 91 85 83 7 37 58 32 27 25 9 7 22 50 7 82 16 39 99 80 95 73 70 0 27 30 15 94 64 82 93 25 90 59 35 48 61 29 51 71 34 2 82 88 31 98 69 56 33 12 66 93 6 80 50 31 7 83 9 80 9 57 67 11 40 42 2 39 14 49 79 1 41 14 86 8 14 0 53 53 42 54 9 78 97 68 92 44 31 27 8 51 18 9 87 33 5 5 11 20 57 49 31 50 23 99 15 24 44 64 96 68 25 73 2 21 44 0 33 7 44 77 25 24 48 65 43 65 59 85 2 66 81 92 88 68 6 56 12 47 61 85 68 42 33 37 25 75 64 12 52 18 23 68 47 3 8 39 35 32 48 47 14 9 21 46 85 55 40 13 92 79 71 36 43 91 85 6 36 64 11 17 94 94 1 62 79 73 3 92 35 18 40 56 69 88 27 3 
98 88 26 51 96 7 31 50 11 54 33 35 26 55 13 89 89 90 87 44 87 75 95 28 57 17 29 97 53 35 77 2 67 59 71 84 61 14 56 65 13 99 1 19 92 21 52 53 63 52 85 48 89 23 65 7 67 6 24 82 67 99 6 76 14 81 19 47 81 87 75 69 44 91 27 55 57 85 35 95 64 87 7 49 26 37 68 34 40 54 47 20 95 30 33 19 97 95 46 82 2 15 38 20 16 11 33 69 5 69 22 87 42 91 48 84 94 88 38 9 55 97 72 80 8 94 54 23 83 13 55 64 7 72 79 41 76 96 30 38 68 9 65 57 70 50 83 95 94 12 62 84 85 17 7 95 88 84 54 73 88 90 54 82 16 53 68 81 39 82 93 62 3 34 67 23 52 90 17 3 96 80 71 66 6 54 6 52 29 47 47 86 0 73 27 45 78 38 91 7 83 89 29 60 84 68 70 90 3 64 87 8 2 91 63 64 24 19 34 95 46 32 48 59 68 82 72 38 15 56 66 97 91 31 43 15 81 1 58 19 9 85 29 38 80 67 37 29 93 29 66 3 0 94 49 69 12 15 8 58 47 52 59 70 89 27 3 29 66 0 7 23 66 84 12 29 78 62 50 30 90 32 42 24 53 13 23 25 22 70 71 52 79 1 98 4 16 42 69 49 
70 68 5 59 84 43 74 70 49 93 38 62 7 57 27 16 15 80 51 21 17 63 81 52 60 76 37 78 37 71 11 0 53 64 97 60 79 11 79 3 25 35 96 67 4 98 92 42 96 9 11 98 99 75 39 33 62 37 67 98 9 53 35 74 44 32 83 35 47 11 80 9 51 76 15 41 78 28 17 0 35 84 81 74 64 45 55 14 30 78 51 66 66 15 45 62 19 50 11 8 25 34 82 74 92 86 52 44 28 28 0 16 51 9 60 82 29 66 20 89 15 62 43 17 4 12 97 72 13 33 15 34 2 76 86 44 74 29 44 12 69 98 49 39 21 95 81 80 43 76 8 54 87 86 17 11 38 41 89 11 68 35 90 90 88 58 35 9 26 76 55 98 30 64 55 24 87 72 34 70 62 16 73 35 97 22 97 49 71 43 41 30 72 89 62 23 31 17 62 74 20 42 63 24 93 78 20 71 97 3 70 61 75 21 65 65 69 39 48 15 6 15 53 85 89 38 45 30 70 41 40 75 29 90 27 78 18 47 57 96 71 50 25 3 74 48 94 45 54 6 27 34 5 46 7 87 10 87 12 16 86 5 89 82 3 69 77 81 58 80 26 15 35 22 63 53 15 84 78 5 55 84 53 70 2 24 24 89 19 50 56 88 61 3 96 70 96 79 32 67 
55 9 19 11 61 29 63 12 90 21 42 56 56 4 73 5 25 48 89 83 98 19 51 33 5 57 20 49 96 50 19 37 13 11 65 5 20 7 46 8 59 7 1 56 19 13 9 79 40 59 33 18 10 40 21 57 57 97 96 67 49 52 97 82 13 13 12 69 24 67 19 8 3 79 78 35 93 38 20 6 28 48 16 10 72 89 0 8 87 46 32 61 18 2 19 80 94 99 34 80 13 27 8 31 5 63 48 57 32 83 53 54 76 3 97 48 89 78 70 52 59 50 61 60 30 70 8 53 12 72 93 83 67 57 53 45 12 69 57 38 91 83 49 86 53 8 9 41 31 19 36 43 1 30 43 30 37 33 31 82 93 67 89 98 25 80 42 55 23 40 13 87 43 71 39 21 40 81 4 55 38 84 90 84 16 1 35 12 76 33 18 61 14 75 12 68 9 85 64 39 9 72 44 30 50 11 94 51 92 4 75 79 70 0 14 84 14 11 91 90 20 2 48 72 30 11 90 27 50 91 25 61 80 64 15 37 8 21 46 19 7 10 8 91 87 40 99 58 71 44 25 91 67 55 12 59 10 92 46 49 39 67 40 8 35 91 86 99 82 78 44 6 70 60 25 15 23 82 0 42 37 94 88 20 93 2 11 52 43 98 57 10 2 94 12 57 46 89 2 30 
24 75 79 24 28 60 33 77 25 63 85 84 50 85 95 24 67 43 33 8 47 7 14 50 93 7 49 0 35 33 53 96 20 67 8 13 57 57 93 64 56 98 69 41 87 80 37 44 80 26 9 90 51 57 99 40 84 83 90 98 44 92 69 29 24 84 52 37 31 63 77 70 5 41 22 22 78 74 13 34 52 6 52 59 45 28 20 26 91 26 92 8 46 3 6 92 60 48 6 45 57 68 49 55 10 34 65 77 5 70 59 39 45 49 13 52 11 36 14 51 22 5 3 31 17 3 97 81 82 28 16 84 85 14 68 39 12 44 35 29 84 62 31 15 94 42 17 25 63 51 61 50 34 42 19 66 76 73 71 16 18 75 38 45 24 54 91 58 45 95 63 93 17 25 46 21 2 33 45 99 94 93 14 10 98 22 77 13 68 79 17 85 85 83 86 61 94 78 5 95 69 22 32 98 3 42 92 63 13 92 78 70 2 8 2 92 72 68 37 61 41 17 20 4 25 5 9 88 28 13 17 32 39 25 11 97 48 83 65 89 97 73 73 66 48 87 14 98 53 81 93 31 40 0 10 81 34 37 43 48 89 65 31 21 96 20 25 94 18 27 81 76 85 43 47 3 90 42 66 98 57 1 77 57 72 22 0 47 18 31 24 43 34 57 42 86 65 39 9 17 
17 88 10 96 23 80 30 9 28 98 90 90 39 27 20 81 33 87 92 23 56 45 63 67 62 31 85 21 76 69 61 66 45 79 60 61 92 32 13 51 8 56 37 63 94 27 52 75 36 59 20 7 74 46 27 44 90 99 62 57 95 31 30 95 61 75 40 41 0 96 21 17 29 31 17 45 8 50 87 28 55 34 55 40 39 75 2 65 34 19 50 19 61 97 16 38 3 39 91 60 41 32 37 35 52 52 68 88 18 60 47 62 32 55 63 96 56 85 78 24 5 59 38 96 22 63 80 24 26 76 98 85 73 25 81 87 77 84 2 83 63 37 58 31 18 2 5 46 44 51 54 22 12 4 88 62 17 41 95 49 13 3 16 94 23 28 48 32 24 71 41 19 24 73 34 26 54 8 70 40 70 39 13 40 61 45 77 76 75 95 56 69 14 85 0 81 12 87 87 37 42 58 3 12 7 91 58 71 56 83 69 75 94 49 45 35 32 30 62 3 35 2 63 42 43 65 30 69 30 68 28 16 6 13 37 36 12 95 6 54 40 68 87 8 6 90 5 92 2 64 95 22 9 80 63 14 57 49 82 53 80 82 66 3 29 71 8 11 1 44 50 37 58 87 19 67 98 26 98 50 56 67 57 30 62 86 89 0 75 70 5 85 7 91 43 35 22 71 21 17 
72 29 8 23 39 61 60 64 2 9 89 97 47 53 23 43 94 7 20 94 21 25 4 24 36 6 58 92 57 3 79 1 28 28 93 42 93 80 33 98 40 20 70 25 84 28 57 88 20 97 37 80 44 98 65 61 36 43 78 26 17 68 10 68 85 39 14 30 18 49 1 43 29 93 47 93 43 84 15 96 61 54 25 33 46 31 27 90 48 86 85 78 24 41 37 16 8 56 37 38 65 16 60 0 49 54 60 25 1 36 51 7 63 60 69 47 22 50 30 37 93 91 35 4 41 67 70 10 77 40 10 30 2 77 35 45 45 0 64 30 72 84 24 79 79 0 69 48 1 23 28 13 79 34 18 44 98 99 2 92 97 10 68 97 21 62 72 76 33 12 47 6 38 58 6 11 18 81 87 21 38 63 30 70 58 23 0 32 8 83 61 81 24 84 98 46 1 31 29 70 96 62 28 83 34 74 26 29 24 56 70 28 8 25 18 35 92 98 21 58 8 53 46 92 51 39 59 57 53 22 2 30 10 87 62 26 14 65 13 6 33 61 28 10 65 41 6 44 0 8 81 12 36 71 87 41 4 0 35 48 97 25 34 93 48 78 11 89 13 89 11 60 42 92 40 80 18 62 24 84 37 10 23 80 31 21 73 83 94 11 22 14 33 34 87 10 9 28 17 40 
85 44 35 85 88 31 9 33 6 1 51 79 99 9 74 99 44 1 53 18 15 29 51 57 97 79 4 50 70 43 33 28 72 37 52 84 29 28 70 54 96 27 11 81 48 81 32 52 16 52 1 39 69 84 17 17 72 2 66 25 54 63 55 34 14 50 86 60 33 65 19 6 52 58 45 8 53 1 28 28 39 41 35 30 6 11 64 45 45 3 52 47 95 50 68 62 82 14 46 58 49 7 55 0 5 67 88 25 8 27 27 17 5 2 90 20 52 39 26 94 98 73 81 30 93 27 49 59 21 35 50 49 23 92 24 74 28 35 93 11 20 90 42 72 36 23 29 88 9 20 85 68 53 71 83 80 31 46 56 77 17 66 81 60 22 74 31 94 44 58 18 59 98 30 48 34 29 24 97 98 63 74 52 70 5 37 77 51 0 46 37 17 20 4 0 51 99 48 96 2 85 1 16 45 68 56 81 29 6 78 64 80 95 29 76 48 74 85 83 97 2 95 58 13 54 49 1 93 56 37 70 3 49 88 22 97 89 25 79 26 35 91 87 50 68 79 79 23 51 83 31 15 14 10 52 92 58 45 11 3 60 5 39 42 61 80 75 87 63 85 14 96 31 35 54 16 92 77 96 80 31 49 50 60 36 26 74 35 92 87 94 95 37 4 59 0 82 31 64 95 
44 38 7 40 37 84 83 68 77 24 54 61 22 97 52 54 28 15 34 41 6 10 25 30 67 83 70 25 80 6 6 96 19 66 31 95 88 10 46 14 25 62 94 52 50 38 12 76 24 8 72 67 34 12 64 97 6 57 89 25 12 7 21 23 1 86 35 24 86 95 23 46 14 8 19 17 95 44 37 91 65 94 9 13 3 30 98 73 56 63 16 21 6 7 48 96 71 16 6 8 69 4 57 36 27 29 39 5 65 52 59 63 94 80 58 80 76 8 92 42 57 48 2 0 35 37 20 95 63 49 9 72 24 55 70 92 3 0 92 57 14 31 57 25 55 28 5 21 19 61 5 21 77 84 40 28 84 84 80 52 47 32 56 67 91 30 36 67 20 89 49 82 42 0 5 66 72 20 74 1 48 52 96 83 17 69 86 30 31 48 14 2 82 15 26 79 70 64 91 40 6 55 55 62 9 12 44 6 25 63 42 66 42 25 44 9 56 64 15 51 95 65 42 73 91 75 79 7 28 99 91 95 75 89 60 65 33 31 46 96 46 67 58 94 69 95 43 58 81 22 7 1 90 45 11 96 39 40 89 56 16 61 83 66 80 75 45 68 79 70 93 7 45 44 43 71 87 41 76 82 51 49 99 7 36 59 61 40 57 37 44 20 78 50 93 96 29 16 46 70 
65 77 14 16 41 20 86 10 15 45 67 8 54 78 18 41 16 50 52 27 41 56 1 25 76 85 19 77 22 12 91 71 79 31 46 39 87 93 38 41 47 38 42 66 55 40 35 24 46 93 85 80 18 80 5 91 60 74 92 55 76 92 19 92 26 42 38 8 72 75 11 72 99 68 62 1 52 24 47 72 8 30 34 37 50 71 37 77 63 77 31 51 36 49 72 37 27 72 71 34 25 80 0 2 59 67 91 87 56 66 14 98 36 3 5 35 34 3 12 54 21 75 83 53 1 69 53 50 36 8 70 10 2 70 91 2 77 53 20 33 33 21 85 8 34 80 86 39 4 73 74 53 40 35 26 87 15 64 96 43 57 28 19 0 16 86 39 9 17 28 21 36 86 37 97 32 38 27 12 55 71 19 94 26 29 56 48 38 42 48 4 0 87 51 41 98 87 91 80 21 25 89 28 71 94 98 1 61 7 6 86 64 45 12 52 12 11 50 60 31 71 18 24 61 11 72 59 8 79 27 58 72 61 75 13 74 91 26 37 18 34 14 49 10 73 16 12 51 22 80 71 20 51 85 84 72 58 96 48 44 74 43 52 38 31 72 58 23 51 17 23 35 55 82 67 57 34 97 4 1 63 29 1 26 41 67 14 96 41 35 42 63 61 14 45 66 34 90 63 75 
63 94 39 87 69 10 94 19 1 87 95 6 70 81 80 47 48 71 88 32 10 2 89 80 29 50 16 51 78 48 78 54 70 58 78 48 59 23 38 67 33 88 33 91 38 57 41 38 87 26 53 17 79 56 35 43 76 92 74 9 65 8 91 49 95 55 66 33 19 10 82 42 35 46 52 7 45 59 20 74 49 5 25 89 62 61 11 9 69 73 42 72 60 54 80 9 51 97 75 81 14 35 87 36 13 87 14 12 46 67 19 67 60 69 82 30 87 78 46 56 2 27 63 91 18 83 85 67 23 69 29 15 4 42 52 71 33 94 91 89 47 5 96 73 33 20 28 23 53 12 87 49 70 35 51 30 2 46 83 9 35 73 55 32 79 6 40 41 59 83 32 0 24 83 54 7 26 31 59 13 41 37 54 67 38 24 20 64 15 37 60 95 45 46 99 0 42 1 54 68 87 82 42 21 92 72 3 89 23 35 17 98 95 76 8 59 25 14 68 34 62 74 39 75 43 11 84 80 84 85 69 30 47 95 33 22 76 48 95 70 11 55 88 2 47 33 58 3 52 7 59 60 54 55 65 58 32 26 0 57 25 11 19 62 96 0 47 75 96 88 22 31 95 14 49 97 40 0 87 27 7 75 40 14 7 7 81 42 41 52 39 2 49 80 20 53 38 85 31 26 
25 51 43 11 25 94 89 49 86 44 62 74 56 83 40 54 33 34 14 38 98 49 94 81 93 41 78 57 93 82 22 40 42 52 76 74 49 76 20 53 36 73 90 70 85 89 73 81 96 48 31 58 6 51 50 72 11 67 99 44 34 89 26 78 72 51 39 77 35 1 99 71 34 72 0 14 71 51 98 23 83 2 26 12 64 82 31 10 84 90 8 91 73 18 91 38 71 53 25 7 79 47 48 46 93 23 52 42 10 49 94 36 64 14 36 35 12 54 41 38 6 50 55 71 35 30 83 79 21 30 72 84 38 37 2 33 40 95 23 4 37 42 48 26 35 4 93 67 40 56 18 15 76 70 79 5 25 83 53 37 54 46 45 24 47 58 24 25 45 47 20 23 7 43 82 45 74 1 9 3 10 77 53 9 95 55 13 25 90 47 1 90 83 82 9 71 31 7 41 99 9 33 25 64 49 76 20 84 83 4 75 50 60 19 93 16 37 11 53 12 49 55 42 10 43 63 47 41 74 50 13 59 61 79 53 55 37 91 77 84 30 35 97 75 59 37 72 93 31 45 90 85 27 48 55 16 26 14 23 84 65 41 87 68 56 76 4 84 20 38 34 78 90 29 47 96 41 23 21 26 7 98 24 93 2 25 50 83 23 46 45 29 54 95 63 23 71 21 45 72 
61 49 4 0 36 5 61 9 49 12 68 73 70 82 79 1 15 44 89 1 19 45 39 68 17 86 7 54 28 19 89 99 33 95 54 22 72 98 68 60 52 75 18 3 69 88 3 97 6 63 34 24 0 22 24 83 28 37 66 1 21 74 84 56 53 95 80 65 76 54 52 45 60 1 46 85 57 66 52 92 63 43 19 55 90 53 64 43 57 88 99 37 7 17 74 41 40 11 45 97 14 92 16 64 41 65 39 2 22 70 39 46 57 68 96 44 37 56 38 82 62 23 81 39 5 84 6 62 42 7 62 31 13 60 74 69 53 2 75 51 98 43 34 20 22 51 82 87 63 92 71 47 55 26 7 43 39 39 62 94 68 4 98 31 84 2 13 8 29 8 32 43 94 24 43 60 58 7 61 18 94 20 8 22 37 95 52 18 57 10 57 75 56 78 72 5 21 27 32 52 62 96 51 36 71 71 36 53 43 23 33 71 95 10 74 33 17 79 18 50 41 74 95 34 41 67 17 62 6 68 46 24 41 34 70 98 14 8 75 31 63 6 41 43 98 39 33 54 32 29 51 76 27 60 77 5 99 29 65 29 25 13 68 72 24 21 25 73 83 6 91 32 40 98 76 15 2 58 4 38 91 94 30 42 59 91 70 14 99 38 25 5 33 96 15 82 24 7 40 94 
28 80 38 25 58 35 34 63 69 71 53 11 50 11 29 60 95 17 50 49 50 65 49 91 54 73 16 99 23 15 3 95 29 25 52 70 21 22 46 32 5 7 3 32 28 71 34 30 87 18 18 54 43 75 7 3 73 78 14 19 60 31 26 1 13 52 95 58 78 54 51 11 46 61 42 27 56 20 58 79 37 12 59 72 23 99 57 20 86 62 54 88 58 15 19 99 13 44 85 14 60 94 20 30 30 18 30 71 15 51 99 0 39 81 32 99 40 48 16 93 82 85 46 87 62 57 16 13 83 8 12 90 7 39 94 72 60 82 55 89 27 10 20 63 54 20 37 99 65 53 84 13 2 86 94 2 84 57 87 76 69 64 53 81 6 61 41 94 21 47 10 88 4 32 76 3 1 29 36 73 13 55 91 13 92 20 57 64 80 67 89 35 62 89 80 43 65 79 99 30 76 31 52 70 79 27 69 83 81 60 84 98 76 49 44 11 96 76 55 23 70 94 56 7 26 62 97 48 2 13 67 79 5 54 86 73 26 77 65 33 84 65 56 65 77 64 69 91 29 4 51 11 75 20 20 45 86 93 48 80 89 41 42 28 81 95 37 1 65 17 69 87 48 49 76 10 95 42 65 31 98 98 9 89 68 87 18 60 99 38 36 14 69 7 87 65 38 75 51 28 
73 65 94 88 51 91 2 57 46 44 80 57 63 90 99 51 75 18 53 56 96 34 33 81 12 73 50 96 30 97 0 86 45 53 78 81 87 61 66 36 50 66 33 27 9 69 27 20 60 26 82 48 88 23 90 24 9 48 24 77 88 16 19 57 22 52 7 27 59 69 56 70 52 58 92 19 25 94 50 77 81 62 34 50 93 50 62 34 92 46 40 93 28 86 57 30 58 16 51 41 28 19 11 37 37 32 97 52 27 64 89 45 53 12 41 82 78 64 62 35 15 3 7 19 16 67 61 87 46 25 29 31 64 58 9 90 44 7 73 95 4 53 36 66 10 67 57 48 11 95 73 90 50 16 81 61 53 29 45 57 38 2 57 72 37 46 21 16 3 48 12 64 29 72 33 29 59 11 88 60 29 39 9 12 6 56 52 73 86 5 2 45 45 28 89 6 11 9 36 43 22 34 89 13 40 89 67 19 26 13 71 19 11 25 52 5 67 65 23 60 29 8 73 16 6 42 11 14 42 60 18 85 96 22 47 94 93 43 62 27 15 80 10 17 97 35 28 94 92 58 84 21 11 42 3 9 4 55 71 19 14 97 27 15 1 20 69 98 24 66 8 73 9 98 18 74 61 70 34 68 76 59 54 67 80 49 34 24 84 50 39 78 45 33 4 73 5 22 94 58 
56 82 12 7 59 48 1 18 64 18 15 26 59 29 64 29 59 56 6 12 15 59 46 85 23 22 34 8 55 57 88 8 68 34 23 58 29 88 25 86 12 56 76 54 9 89 88 66 75 3 19 11 53 85 46 9 82 60 53 43 98 38 83 75 49 49 69 42 81 17 43 62 40 68 12 68 37 40 5 0 60 0 92 93 47 67 55 61 92 31 21 90 67 8 14 76 34 32 82 97 4 32 63 29 88 48 36 73 88 71 1 26 98 61 10 7 52 39 25 50 76 42 7 71 58 65 25 9 7 93 87 26 60 45 12 19 37 11 64 10 43 61 81 68 47 57 98 72 37 12 25 64 81 97 35 31 60 17 76 79 12 30 42 75 34 64 55 9 81 45 49 82 60 83 61 78 2 99 28 48 38 36 80 82 58 96 55 71 81 97 23 36 13 25 15 49 25 65 61 78 41 39 74 64 88 53 95 93 66 76 53 29 27 38 20 39 54 32 44 9 86 20 18 53 51 35 42 71 3 34 32 78 19 41 89 53 88 7 86 93 24 38 11 48 65 49 70 73 65 62 80 71 98 35 72 42 95 33 13 82 37 87 79 94 11 99 91 85 91 62 12 28 35 30 21 57 6 79 58 16 48 21 85 11 13 83 26 48 24 20 85 26 41 36 68 29 99 26 24 79 
26 45 86 50 37 0 25 3 95 32 34 9 75 9 93 80 98 99 49 30 84 17 29 43 78 77 39 29 61 89 26 30 26 9 60 53 92 90 28 79 54 78 78 17 56 73 96 53 32 83 63 65 52 40 91 82 94 96 95 92 21 54 44 28 92 46 11 21 70 22 59 80 98 90 78 51 98 92 11 43 14 27 22 37 92 68 33 31 23 35 32 66 41 44 44 53 2 9 78 56 17 31 29 21 39 49 66 98 82 72 70 23 39 22 88 55 31 71 63 20 98 85 32 34 2 85 13 40 44 81 26 89 30 53 32 6 90 90 97 14 73 95 8 16 11 38 5 28 45 99 8 83 55 27 32 68 37 90 19 36 32 57 96 94 46 92 96 22 19 12 97 5 48 47 31 41 85 69 86 10 41 31 27 15 24 38 51 17 67 53 10 63 70 91 16 84 64 68 84 74 31 70 28 72 92 56 14 50 42 87 28 40 14 2 85 32 91 98 76 86 94 56 96 41 88 44 92 25 60 91 84 52 58 36 74 24 8 38 30 38 55 89 92 57 84 38 45 25 36 29 85 0 28 14 83 75 67 92 62 47 56 72 91 27 82 92 64 42 41 61 94 40 36 50 85 22 36 9 34 95 64 74 36 6 73 28 59 28 46 51 21 82 15 69 85 75 72 31 26 17 
69 15 3 67 2 63 27 5 62 89 52 75 99 83 24 78 27 84 12 33 84 13 86 3 28 3 3 57 20 3 95 51 48 69 54 71 42 53 88 34 30 15 73 24 6 12 54 28 90 4 73 93 16 13 79 12 23 3 2 37 36 19 56 81 59 33 79 93 55 42 31 73 80 43 42 11 83 76 86 16 97 66 28 85 77 26 88 58 2 13 32 77 13 83 75 70 73 85 18 73 59 80 95 30 55 65 41 10 24 86 65 52 36 42 95 49 36 43 10 57 93 89 15 29 4 61 71 60 63 73 66 57 50 51 63 88 50 99 98 38 83 33 33 65 77 39 68 92 46 22 16 4 28 3 27 8 47 31 39 12 11 37 86 73 33 53 44 72 94 19 36 28 87 30 80 10 94 66 60 81 33 56 91 60 27 70 69 82 65 29 33 63 17 63 90 35 24 59 89 89 1 40 16 44 65 22 81 45 92 91 89 94 61 36 39 86 50 52 0 80 80 21 56 9 85 58 96 71 40 29 63 19 0 41 88 31 34 91 51 80 66 16 99 55 81 2 71 60 9 87 53 46 56 80 54 68 65 3 37 35 97 54 47 62 23 51 70 44 23 38 48 42 90 51 82 24 24 61 5 88 18 1 10 33 98 86 10 55 30 45 78 77 13 38 41 39 26 33 73 84 
1 57 22 52 0 1 27 94 32 2 28 32 66 68 51 68 68 76 48 96 75 46 65 4 40 7 21 42 73 17 65 80 95 61 42 30 89 45 67 41 76 50 47 46 5 47 62 43 0 39 48 53 9 23 85 93 80 91 9 0 45 37 50 22 65 54 36 78 95 49 16 0 7 50 97 56 32 8 62 87 12 38 3 44 26 0 89 8 70 68 52 49 85 93 23 18 77 29 1 82 97 41 56 45 9 93 63 95 4 26 25 20 20 97 96 72 61 54 5 13 91 46 33 37 27 16 54 90 9 46 37 6 91 54 85 64 98 32 88 69 7 55 86 67 99 89 9 51 10 64 39 25 32 59 24 1 14 36 35 8 36 7 40 63 52 16 37 22 84 35 90 73 78 78 87 62 9 37 50 70 50 21 24 79 47 7 19 92 75 42 93 86 51 0 11 59 13 26 27 29 73 3 98 99 35 10 18 78 92 93 36 66 94 57 2 57 94 76 31 43 44 90 22 33 87 59 94 81 60 3 12 6 10 98 80 79 7 11 43 43 40 81 23 30 6 66 99 77 10 96 58 88 68 78 26 30 75 19 1 93 46 35 78 93 21 20 78 83 34 89 42 10 88 41 82 38 84 0 33 34 17 50 81 18 0 49 34 92 34 46 76 82 17 80 44 24 19 22 21 33 
22 24 37 26 47 47 30 65 34 9 98 62 62 26 43 67 31 54 15 57 42 21 85 5 29 42 31 61 69 19 79 19 23 50 87 2 5 28 62 90 19 16 48 67 12 28 34 49 0 8 85 63 82 10 95 25 4 80 32 12 69 47 82 7 37 59 16 62 7 87 46 26 36 98 50 65 91 4 98 99 36 49 71 62 3 18 13 50 1 27 50 46 14 73 22 83 77 93 13 30 50 10 93 67 75 71 17 90 52 28 95 72 94 87 76 51 91 28 90 41 94 26 89 89 11 32 14 16 32 49 98 63 52 71 20 59 53 27 5 26 5 7 52 65 4 91 68 59 0 62 45 77 62 46 63 86 91 45 41 57 31 90 80 88 82 2 6 42 83 53 13 22 69 39 63 61 67 12 5 71 94 7 69 1 66 5 46 37 32 47 40 66 88 25 30 99 12 49 30 6 74 99 39 66 53 38 28 21 26 55 33 42 9 53 93 78 10 92 30 18 93 5 10 96 0 14 19 18 38 29 73 11 19 23 72 7 49 31 83 4 1 53 30 24 89 50 4 40 39 53 31 76 0 4 27 85 2 60 56 29 70 28 68 66 19 77 55 95 20 54 51 77 82 85 44 78 43 61 37 1 17 83 45 8 84 79 2 56 48 99 82 99 48 97 11 27 65 19 40 63 
52 69 87 16 12 68 32 82 86 12 99 50 40 71 55 61 99 93 35 71 97 28 97 49 89 10 59 54 85 19 97 99 96 18 74 53 31 87 55 93 45 64 9 0 94 75 64 5 39 99 68 17 83 31 61 74 40 5 71 43 93 13 1 70 22 85 95 38 26 41 62 11 8 87 76 26 22 73 38 17 30 79 66 87 48 74 59 23 18 68 89 56 63 20 58 60 25 83 36 88 38 73 45 91 37 1 13 84 95 20 52 41 41 27 29 21 25 62 95 9 14 30 72 97 51 96 87 34 37 33 31 60 92 61 88 30 77 7 26 97 55 65 63 42 58 56 8 68 61 41 74 83 83 58 10 13 22 10 38 44 34 29 10 88 48 40 0 79 45 37 36 77 99 9 49 92 5 89 96 91 9 94 73 97 50 39 91 99 10 20 46 79 99 0 32 16 76 62 34 69 47 17 48 80 56 51 35 81 73 45 76 46 72 2 49 18 47 41 19 82 11 82 25 85 29 30 7 63 8 32 86 24 2 74 81 38 5 83 92 43 22 53 73 97 0 68 36 34 61 72 57 82 17 0 65 84 82 23 82 60 75 86 21 68 13 8 96 63 17 70 73 22 22 97 88 43 54 97 21 44 20 88 35 63 81 23 69 72 85 4 83 22 13 56 82 53 50 97 33 23 
69 71 6 71 20 71 54 30 71 1 25 18 33 97 74 1 6 29 92 42 81 45 28 9 64 6 28 98 84 33 3 42 33 84 90 87 73 8 14 65 93 49 3 99 45 71 94 64 90 49 84 85 74 87 19 71 1 94 75 41 95 41 42 5 0 7 25 3 76 67 59 49 69 89 33 31 60 0 98 26 38 92 21 73 17 81 47 93 97 37 25 78 74 23 59 18 60 69 76 10 68 59 72 45 23 76 70 37 36 57 31 54 1 52 82 33 3 5 20 82 90 55 18 7 6 14 39 30 95 67 11 73 37 91 56 77 52 58 78 31 73 92 70 92 6 38 60 69 86 29 92 31 40 37 98 37 47 23 55 86 4 68 28 30 43 14 5 50 46 6 67 4 46 59 22 29 32 11 56 80 99 84 11 33 96 16 58 79 36 77 57 53 82 80 12 35 13 11 16 98 81 98 4 50 47 18 7 26 37 19 12 47 45 77 71 40 6 55 41 31 21 90 2 5 23 76 27 39 53 46 26 46 71 44 16 12 61 93 36 79 0 74 72 63 27 0 56 47 43 30 72 31 1 37 43 73 80 64 30 32 49 61 77 81 39 76 48 5 29 15 6 7 47 86 27 50 62 67 6 79 27 49 96 10 69 17 71 64 15 94 97 75 71 49 23 10 58 46 2 61 
45 98 49 22 81 54 56 16 8 0 71 58 85 14 17 75 23 19 73 30 9 12 82 25 36 1 17 25 73 56 12 70 85 21 13 77 63 2 51 74 48 96 75 50 88 15 15 10 9 89 14 71 29 28 2 42 70 15 60 43 86 32 86 38 96 89 6 57 96 47 86 22 95 23 71 82 72 80 3 45 36 79 34 62 66 17 96 65 64 88 67 19 46 89 79 44 79 17 24 47 3 91 89 91 18 83 29 52 18 47 96 47 69 57 17 35 35 13 80 71 74 48 87 67 26 64 14 25 44 96 12 10 70 20 96 44 7 39 35 64 84 77 72 25 34 21 62 95 93 16 4 53 55 74 61 45 96 35 13 28 91 95 12 49 67 90 16 83 94 20 29 84 21 78 62 87 56 6 85 67 96 99 90 48 4 14 86 97 11 46 23 57 61 85 67 82 58 51 83 16 65 54 5 81 14 1 68 5 68 1 38 15 13 40 90 39 94 40 72 89 92 40 9 38 64 60 69 87 48 37 46 97 30 39 97 32 51 56 98 21 5 51 88 22 52 13 81 37 72 86 97 61 47 95 73 31 21 19 34 25 35 51 26 28 47 46 7 57 62 63 1 3 40 76 51 31 43 90 20 0 23 44 26 52 14 74 0 79 67 12 20 43 83 82 60 31 48 61 60 78 
34 14 12 53 82 83 29 39 44 3 68 80 61 88 8 67 87 9 19 51 22 11 24 30 91 9 14 41 33 17 71 72 8 64 39 35 13 33 62 42 28 52 53 39 54 70 66 43 45 49 76 40 31 86 3 53 36 63 11 88 3 74 76 96 95 8 35 98 70 79 84 43 47 55 69 69 91 23 21 49 77 14 52 91 92 99 47 7 79 37 87 97 34 12 10 27 43 37 42 80 8 84 10 81 7 27 99 98 71 65 28 0 45 60 59 65 78 66 73 41 11 84 12 89 71 47 39 98 93 71 36 17 33 20 61 47 47 11 25 91 25 56 93 49 35 62 28 31 25 86 39 47 11 35 56 99 58 81 75 94 64 17 71 97 93 60 57 8 95 78 14 17 35 58 44 8 86 5 80 11 42 83 19 19 76 10 12 14 17 29 89 21 4 54 8 20 28 18 84 76 33 38 66 22 6 32 86 62 48 53 38 33 65 90 52 57 89 21 13 66 19 93 38 15 36 38 54 67 28 55 30 97 82 24 42 18 54 1 62 63 6 32 72 46 62 97 47 7 24 83 61 59 92 12 40 91 56 74 46 4 44 20 38 11 57 75 29 58 94 96 72 16 6 83 48 52 26 30 54 87 32 63 84 47 22 9 61 77 48 77 68 46 27 18 25 79 75 72 64 60 
49 16 25 48 46 17 1 75 65 40 59 96 74 48 34 62 78 13 36 52 24 3 14 6 74 68 86 75 81 12 82 6 94 41 77 31 33 16 31 22 56 0 92 32 27 42 48 62 83 88 55 90 42 94 60 37 38 58 84 61 4 56 70 77 82 87 86 30 57 16 18 47 97 8 5 53 69 51 43 19 48 8 53 52 49 70 30 89 59 10 24 85 40 26 36 43 83 88 14 51 82 66 38 70 38 48 52 44 39 89 87 58 70 38 51 55 54 5 57 4 79 49 87 41 13 22 24 40 59 40 71 93 94 88 38 74 20 25 84 10 13 61 93 8 9 48 61 74 74 79 73 30 44 18 98 52 10 73 27 50 33 18 90 72 1 90 94 54 31 78 73 14 83 15 6 48 70 34 40 67 54 25 33 99 61 91 23 14 5 78 96 43 76 20 39 0 46 15 33 25 6 39 50 40 2 10 26 52 63 19 61 21 70 61 3 24 82 57 94 36 63 27 5 77 83 52 67 65 28 28 74 14 92 5 75 96 84 5 3 98 73 70 15 52 91 88 44 76 35 0 89 13 49 75 14 88 24 17 77 49 16 39 49 46 44 85 75 24 75 69 48 34 40 42 78 14 79 52 1 41 34 75 78 63 89 48 9 79 61 14 43 60 49 2 85 11 72 94 75 12 
96 35 38 35 78 61 97 34 31 91 24 10 40 34 87 30 98 31 9 60 42 80 37 82 79 41 0 11 43 85 82 56 63 25 89 86 34 22 2 16 19 29 3 38 86 23 27 36 45 49 31 73 52 73 50 71 42 50 57 47 57 67 78 57 5 93 13 13 87 38 10 81 19 51 84 6 17 80 81 71 16 82 96 82 44 8 92 46 29 22 69 78 71 76 56 82 29 84 54 52 8 86 85 16 25 10 30 23 5 46 34 49 51 55 52 49 91 55 24 87 93 44 83 1 80 44 57 35 81 34 77 43 24 6 29 42 71 88 24 25 66 95 57 67 60 85 14 51 68 53 65 19 44 1 11 50 33 36 82 48 63 99 0 58 36 94 87 80 71 52 63 61 30 26 70 10 96 41 51 7 72 29 47 9 22 74 35 4 40 44 77 98 23 18 35 39 99 30 65 41 82 35 37 99 93 53 93 56 77 55 31 52 91 68 88 56 85 40 63 73 57 24 55 93 34 3 33 57 30 18 57 30 33 77 40 48 93 75 27 29 85 13 65 5 76 72 98 9 19 78 22 4 45 65 44 72 56 49 45 40 52 22 29 36 61 76 94 65 29 25 59 32 95 64 46 82 92 14 2 55 22 94 19 39 93 99 65 69 22 84 35 68 71 98 37 15 21 45 16 23 
20 96 74 13 4 51 55 62 2 87 76 81 99 99 58 86 90 21 41 74 88 43 58 38 48 71 48 81 46 86 52 98 46 53 48 36 2 98 69 93 84 17 42 75 1 64 31 84 37 47 78 39 58 43 60 56 19 57 56 56 5 13 34 51 2 64 57 22 51 14 5 71 22 28 15 55 54 88 31 12 91 6 81 11 92 86 23 53 25 46 27 25 86 98 40 48 73 6 28 93 73 55 8 98 42 47 24 82 78 22 82 12 55 61 50 76 1 13 48 54 48 29 50 59 58 36 73 9 51 94 2 32 4 48 94 47 6 31 99 41 48 26 14 80 6 50 3 16 85 45 90 94 92 30 37 96 60 47 66 7 91 80 43 94 60 35 44 84 45 2 11 61 59 6 78 2 17 50 22 95 67 67 89 30 76 75 82 88 94 9 28 57 16 94 6 99 58 94 87 54 45 63 10 55 24 81 96 84 77 48 99 6 30 33 15 20 34 91 79 80 60 53 87 59 5 68 49 89 56 88 56 15 47 46 66 33 86 22 68 22 52 22 11 42 12 74 4 96 8 7 9 74 23 61 85 65 62 94 58 72 32 83 17 79 68 44 66 29 43 27 0 19 61 65 74 29 51 89 43 40 67 34 51 58 98 34 54 14 74 19 10 51 38 14 20 78 56 57 16 46 
15 89 92 7 48 7 38 94 75 3 65 31 81 54 17 17 97 19 71 48 15 91 46 13 99 54 36 64 67 64 46 77 20 16 48 47 7 95 44 22 61 22 12 56 13 6 23 72 76 72 18 38 15 32 95 60 21 93 64 60 16 70 36 90 87 22 78 82 67 64 18 76 19 40 68 95 29 14 79 4 56 15 35 72 80 81 5 73 93 69 24 0 87 5 42 82 81 20 25 43 97 78 81 7 18 17 77 9 10 42 6 21 88 83 84 37 57 1 72 81 42 8 87 92 37 31 96 62 4 68 62 5 35 1 65 30 56 67 31 41 44 14 9 43 57 9 36 93 0 22 82 70 67 22 31 5 68 43 27 4 89 29 91 21 62 84 14 70 68 57 16 42 16 76 73 98 32 57 42 1 48 53 94 91 43 6 82 29 21 39 32 76 72 86 65 9 51 1 29 71 21 88 94 41 78 39 41 63 63 53 4 51 93 90 68 2 30 62 60 74 77 80 5 72 64 65 25 71 78 4 36 70 20 15 78 57 15 66 2 5 95 81 94 8 73 53 54 80 61 73 17 9 93 71 38 41 30 63 31 99 40 56 17 19 22 35 27 11 51 11 6 9 83 88 25 1 71 55 45 87 7 78 33 0 13 4 18 12 85 32 64 85 29 6 71 39 64 52 92 93 
13 43 63 30 24 49 8 90 25 26 41 56 50 31 20 34 27 16 3 94 67 85 92 26 13 78 23 49 29 43 33 55 74 21 13 98 10 53 4 15 16 17 17 42 61 54 20 77 34 53 69 2 73 81 45 12 47 76 34 83 6 34 9 29 52 19 78 84 67 5 63 88 26 74 81 78 53 91 2 80 2 46 53 64 94 72 11 44 92 67 99 97 94 89 86 71 37 22 60 99 12 96 99 32 70 57 70 83 18 80 91 6 72 47 95 44 11 4 60 50 28 86 31 87 60 49 27 65 18 84 94 83 7 48 53 90 72 62 9 57 69 13 8 31 25 12 45 0 78 51 71 32 15 7 92 71 29 50 59 98 9 0 49 75 90 74 94 68 79 64 91 52 80 23 91 2 77 97 40 78 67 0 92 28 70 22 44 83 80 4 55 62 67 16 12 7 39 35 22 34 80 56 84 24 56 76 47 75 34 31 58 29 43 83 94 11 59 2 60 85 40 32 58 82 55 76 7 39 9 68 36 7 88 4 49 85 99 91 33 7 72 24 70 24 14 33 96 93 43 63 56 30 22 8 74 53 33 88 52 40 39 73 86 90 71 54 37 82 56 0 99 36 16 16 70 73 41 60 60 86 37 77 59 23 27 19 63 54 22 10 75 32 51 2 94 38 87 26 50 74 
63 99 19 24 56 73 68 50 60 74 90 25 51 69 96 28 45 77 3 99 32 73 64 83 33 59 86 13 65 50 6 97 86 57 63 17 0 1 4 89 45 92 10 86 55 62 24 29 57 81 26 15 15 95 79 70 97 94 96 45 48 9 15 47 7 7 81 28 7 48 86 93 48 81 3 87 37 47 88 0 98 94 91 21 66 36 98 1 59 64 48 63 5 25 37 74 70 49 52 55 88 87 41 6 7 40 65 90 50 58 98 87 52 78 14 0 25 87 33 26 1 36 8 23 17 58 25 69 51 89 31 11 29 73 17 84 29 34 41 25 50 97 53 87 71 44 85 13 9 63 60 75 13 69 7 58 50 84 90 3 75 78 65 93 66 13 15 26 91 86 43 75 61 40 28 80 65 76 31 5 67 22 65 9 38 56 85 63 61 32 35 49 17 85 63 22 90 85 21 93 42 97 7 88 90 14 95 57 33 48 81 4 88 93 47 99 59 70 1 78 7 94 26 83 8 5 87 34 75 75 83 6 55 62 2 23 15 56 99 5 40 19 0 27 79 62 82 13 13 19 40 27 34 73 74 59 68 35 27 60 3 2 29 24 77 77 74 39 25 37 61 77 70 37 54 98 6 7 55 59 84 62 90 83 40 23 56 52 45 87 42 85 62 28 14 1 47 99 26 57 
44 14 49 17 54 90 18 12 51 54 22 68 47 43 40 10 34 72 66 40 71 60 4 69 26 73 64 12 24 39 14 89 78 78 1 95 59 6 53 18 66 53 99 82 3 9 0 91 3 2 34 89 97 4 96 11 46 84 67 77 65 58 88 94 94 42 97 11 37 7 75 84 66 9 63 16 26 2 31 55 37 51 99 55 21 31 76 13 15 47 29 58 99 41 92 7 69 98 95 6 73 25 56 45 1 38 13 22 46 42 89 8 72 41 21 88 44 16 29 88 41 91 50 44 99 53 59 85 62 76 92 12 71 1 77 75 48 29 92 16 64 83 25 5 50 20 60 12 12 51 55 52 28 4 89 5 78 14 74 33 49 79 3 47 57 29 61 52 15 34 96 82 67 81 16 47 70 86 55 58 25 52 45 70 84 11 61 93 70 16 40 23 80 11 27 69 20 41 41 87 29 79 25 85 42 7 37 34 3 78 25 55 29 89 59 42 53 12 34 64 59 23 96 56 5 64 33 87 74 50 75 93 98 28 27 19 81 71 56 17 28 95 89 76 57 46 13 88 73 25 35 12 26 36 44 30 90 11 48 57 13 77 17 58 69 19 64 63 28 96 67 57 40 52 51 84 68 24 91 54 45 30 6 83 87 4 10 16 39 67 85 93 78 71 34 91 42 7 23 60 
56 26 50 75 71 74 76 56 46 53 4 16 8 42 86 61 39 43 67 26 55 43 39 65 73 9 29 0 17 57 71 13 9 72 15 88 20 71 54 7 71 34 73 80 82 38 46 85 98 13 91 1 93 52 47 61 62 27 9 22 61 4 97 28 4 72 99 89 4 89 38 38 34 82 48 24 54 37 41 83 80 79 33 67 39 20 8 95 8 85 70 3 74 28 40 41 9 28 76 96 19 50 94 57 54 1 14 84 77 16 53 58 3 93 24 2 92 8 29 71 74 68 15 91 91 46 69 79 20 93 14 42 19 60 81 30 82 98 89 96 43 83 73 97 93 80 72 22 24 87 31 75 15 77 53 5 36 30 43 37 42 62 1 77 8 78 61 45 25 37 10 88 58 55 36 44 15 45 49 12 69 17 25 4 94 82 31 9 72 96 57 49 55 68 97 57 82 87 34 78 35 56 93 81 13 2 92 23 37 69 24 2 2 2 71 92 14 71 76 74 88 68 2 60 89 44 64 12 37 66 73 48 10 95 49 98 80 27 43 83 33 12 83 86 99 55 13 12 62 30 88 35 41 81 74 87 35 24 91 77 13 70 9 46 81 39 52 38 36 84 93 75 89 9 49 24 87 51 54 30 27 38 80 78 88 36 61 28 84 65 11 14 91 56 25 22 89 15 33 28 
40 8 2 26 6 4 34 89 28 23 0 72 77 39 69 57 71 98 51 86 97 68 44 97 59 94 12 28 28 4 0 21 90 39 10 43 22 17 93 26 26 71 13 88 0 42 19 15 96 1 7 36 75 13 64 31 69 51 98 42 28 9 57 5 74 33 45 44 22 16 35 26 91 42 87 65 49 97 72 90 86 81 94 31 21 31 37 91 71 60 49 67 50 51 48 10 8 28 65 86 78 14 81 58 4 62 16 36 26 83 85 37 45 66 17 62 91 49 54 26 33 1 91 99 22 21 23 77 97 55 17 62 32 58 96 10 71 94 20 8 38 93 1 68 84 45 0 23 29 30 12 15 66 62 28 89 73 17 28 68 23 19 27 63 56 12 2 86 81 42 42 30 99 38 43 42 90 94 90 33 85 80 41 87 49 8 36 24 79 72 16 92 79 73 37 99 58 12 67 32 36 58 79 38 16 4 22 93 94 99 1 88 29 50 49 73 39 17 12 58 35 81 41 81 5 6 91 37 72 31 91 50 52 94 11 68 83 62 1 92 63 22 36 50 59 98 27 88 77 9 72 84 95 47 6 92 31 21 70 32 10 63 58 72 95 77 70 45 94 89 77 43 52 87 57 8 75 52 9 48 20 97 32 19 97 33 81 6 87 77 60 36 14 17 47 63 21 52 27 23 
59 17 81 91 45 70 33 70 70 58 94 73 72 2 74 23 45 12 58 36 35 24 18 97 89 22 23 78 7 6 54 73 12 41 89 65 67 47 7 77 12 3 68 67 99 73 14 63 0 4 92 72 61 22 41 13 5 65 70 58 71 46 64 60 45 58 24 31 31 71 13 49 89 44 73 96 70 82 67 33 57 63 86 37 51 29 52 91 90 63 47 59 80 58 87 5 64 27 39 27 81 46 13 54 80 96 64 23 72 68 98 18 22 34 84 70 32 16 10 59 18 86 30 13 28 21 8 13 86 62 87 98 70 65 53 52 66 46 40 84 62 2 97 61 18 39 7 58 92 83 27 90 83 26 17 2 99 96 62 61 18 72 87 53 84 38 10 75 36 88 25 87 29 31 23 81 84 4 54 77 69 83 87 82 13 16 30 81 94 43 35 51 47 14 14 4 72 44 22 30 46 69 23 2 51 24 91 75 6 73 29 31 0 37 41 98 46 40 44 27 98 74 36 67 27 25 11 83 5 30 32 0 55 32 29 0 50 70 68 28 54 28 63 34 0 48 12 44 35 74 6 32 74 7 9 22 87 43 28 86 4 97 57 94 9 60 1 1 65 97 98 86 82 11 86 66 0 59 70 51 29 83 68 78 75 0 50 18 93 46 74 8 26 99 91 4 67 95 73 31 
70 1 87 85 66 6 33 99 39 80 50 87 6 94 28 40 3 54 11 47 7 67 76 9 17 80 80 58 8 93 99 0 87 98 6 8 52 15 32 36 30 41 78 82 87 0 49 89 82 46 66 10 56 3 55 4 7 11 94 91 82 85 27 79 22 93 72 46 40 78 69 12 76 59 90 74 48 62 87 49 39 2 18 81 9 55 9 36 91 67 24 61 6 8 73 48 4 76 55 95 31 47 95 8 59 92 44 95 42 81 24 70 56 7 73 2 48 85 52 20 9 73 6 54 31 64 86 19 16 72 75 12 23 35 84 44 9 85 4 56 51 47 14 19 10 1 32 13 32 42 33 72 16 57 89 55 98 4 59 98 76 2 60 90 34 57 38 38 25 16 19 44 8 13 80 50 80 40 3 82 82 26 67 26 34 45 48 4 51 37 12 13 72 87 86 66 43 74 4 54 7 39 10 39 91 9 98 47 45 35 12 46 84 52 30 91 48 78 62 35 26 84 21 10 40 50 57 85 0 39 65 17 66 8 51 49 16 14 48 99 35 94 6 15 15 45 42 43 80 35 89 73 87 8 46 42 28 47 19 64 7 43 72 85 93 23 6 61 85 65 92 35 70 43 22 0 15 74 69 25 47 79 7 37 66 75 59 7 29 48 31 51 67 90 63 86 80 12 70 31 
29 92 29 79 83 40 49 6 61 63 37 90 12 92 64 11 29 91 7 51 18 87 29 37 72 66 40 6 31 59 2 67 3 55 63 40 2 19 0 14 61 35 23 93 45 78 76 58 57 97 11 65 15 74 99 51 96 88 30 49 39 82 25 66 31 49 23 70 14 80 91 61 30 88 11 38 99 96 3 84 31 55 28 87 39 47 30 6 59 41 67 23 61 14 58 3 95 66 9 78 59 66 79 91 29 36 31 71 7 91 65 91 9 61 59 5 56 12 23 2 22 79 56 91 5 55 64 50 20 68 13 53 46 89 65 34 52 3 71 99 68 26 53 10 13 84 70 9 31 95 84 40 83 38 28 97 74 86 90 12 91 16 82 60 82 35 80 66 82 55 19 89 76 54 17 0 49 60 32 94 54 84 75 71 18 16 26 64 29 68 89 81 8 74 42 12 73 61 77 41 26 34 94 53 24 4 43 55 69 28 32 79 29 99 16 32 71 60 79 16 53 22 68 13 49 79 27 16 15 43 9 14 53 64 4 47 3 73 49 43 82 70 93 30 51 60 90 60 10 91 25 59 59 92 5 82 22 55 35 71 16 3 89 0 26 38 31 45 50 96 86 58 80 57 83 42 98 93 56 29 36 80 75 36 74 11 40 8 32 17 19 91 65 0 97 10 25 23 7 12 
53 14 59 32 90 27 5 74 95 72 88 10 97 79 36 24 24 77 43 51 37 92 87 58 6 29 43 37 1 84 61 20 60 66 31 35 23 81 76 91 33 83 57 42 75 21 29 25 11 79 22 42 10 67 47 12 25 5 29 2 72 75 43 18 51 80 72 73 32 80 3 78 16 97 30 99 93 19 72 29 21 14 24 23 35 46 51 17 57 18 3 40 78 72 35 0 15 54 54 34 86 29 9 51 72 36 17 48 54 3 86 17 4 34 15 15 3 32 30 50 56 10 95 23 3 37 63 4 8 0 74 91 95 73 63 54 76 46 88 66 30 41 18 21 91 55 94 57 9 16 49 10 53 31 19 50 78 20 9 77 95 97 42 80 54 45 38 36 34 58 21 95 8 89 12 78 37 51 63 80 46 44 88 15 88 65 94 94 25 65 12 86 13 17 80 42 33 23 56 44 36 54 97 70 49 15 40 9 38 87 64 50 58 62 40 81 75 15 97 58 6 34 59 23 60 25 58 11 30 39 98 65 4 78 60 56 28 82 98 27 3 50 76 31 49 73 39 38 2 35 93 95 22 15 46 37 8 17 35 63 67 13 45 13 56 65 29 87 35 18 41 0 86 59 33 94 41 10 75 39 84 95 18 90 5 55 43 20 4 73 81 64 19 12 85 15 78 62 34 16 
40 39 22 47 69 38 58 0 79 88 73 23 15 33 62 89 5 4 96 97 83 54 76 99 92 51 17 9 95 42 22 84 23 64 52 98 27 17 62 23 60 96 26 76 78 84 27 83 31 31 0 63 4 6 91 87 22 64 94 25 49 31 88 11 91 86 11 90 47 25 20 25 12 50 88 87 51 20 6 47 7 90 31 28 31 39 54 57 65 27 33 7 92 91 83 33 16 40 7 90 76 3 35 71 44 64 33 77 68 8 43 59 98 45 20 99 74 54 3 60 35 11 64 20 49 70 23 55 82 52 67 93 66 45 4 80 16 62 84 31 23 10 22 62 46 95 57 1 95 59 49 29 0 93 7 53 65 59 35 14 62 71 76 80 21 43 86 56 62 66 75 84 50 60 11 39 76 94 74 49 97 25 7 85 75 4 47 91 60 65 4 37 31 9 30 67 84 9 28 72 48 17 22 52 84 16 99 7 81 53 25 1 12 60 3 20 54 83 5 75 55 62 9 16 81 75 99 72 25 75 82 59 77 16 81 99 37 66 63 59 66 5 57 39 20 40 75 79 76 63 3 75 76 76 70 12 16 63 48 94 12 49 98 55 78 94 73 33 60 27 51 93 27 22 42 19 87 69 89 27 15 30 79 29 87 60 51 66 37 92 97 14 55 46 24 84 12 69 83 69 
62 17 23 95 44 92 66 36 21 83 76 79 99 38 96 7 44 77 84 92 29 36 79 40 41 84 62 90 16 3 42 61 57 74 47 76 94 17 56 63 82 40 47 96 29 65 83 25 47 57 25 93 85 49 66 99 75 31 37 24 21 47 70 7 61 8 66 6 84 48 91 20 36 44 3 5 49 27 43 34 95 10 75 37 66 89 80 1 74 18 0 19 39 99 45 71 43 88 99 90 12 88 54 31 87 49 88 4 54 77 6 87 82 48 61 78 53 74 79 4 22 37 36 89 52 70 3 83 30 93 2 37 16 58 99 23 15 92 57 24 54 20 37 49 97 20 39 21 51 6 53 5 68 3 56 0 12 1 97 23 10 43 97 43 5 90 58 3 13 42 14 18 6 20 18 74 22 79 20 52 45 25 90 61 84 7 51 12 62 60 25 76 0 10 17 70 30 16 74 16 48 20 57 9 1 40 55 87 83 64 37 81 38 33 54 11 23 62 54 29 76 35 69 7 53 9 4 80 73 60 47 17 76 45 47 20 45 55 82 49 89 61 65 25 95 35 45 44 82 19 78 94 58 95 20 9 58 79 82 59 7 63 77 36 92 19 27 51 43 79 74 63 63 43 56 90 14 83 18 71 97 12 14 54 94 83 0 47 46 13 10 22 83 49 5 76 72 84 72 36 
52 13 57 56 87 33 59 43 67 8 17 36 94 24 23 24 2 9 36 83 67 71 85 12 58 51 48 12 25 99 75 35 75 47 44 99 28 37 13 37 24 35 28 1 41 5 54 57 91 35 69 96 93 14 69 48 84 94 88 33 41 70 44 15 99 42 24 88 67 59 48 45 75 80 30 11 54 68 31 9 33 82 93 52 78 27 12 0 0 40 97 71 40 3 78 55 27 22 12 13 95 68 14 38 58 85 0 13 81 26 54 90 25 7 83 58 14 65 17 33 17 3 45 73 0 15 65 25 77 38 24 90 81 16 51 61 99 38 74 30 45 76 90 16 58 87 33 90 56 5 36 90 93 97 36 42 20 56 78 4 65 28 55 20 87 11 13 77 91 79 68 21 4 56 63 51 31 81 76 84 55 48 71 48 38 95 68 81 18 55 26 89 69 45 27 69 22 29 27 8 75 70 0 12 58 59 76 71 66 37 1 70 64 91 64 84 55 26 94 63 35 26 94 30 88 79 0 69 38 0 81 68 92 62 50 95 81 36 97 26 31 72 4 27 11 18 97 0 57 19 91 96 23 91 75 99 95 29 68 83 80 26 11 6 82 79 27 66 63 81 28 89 19 74 53 93 92 28 6 45 84 68 98 26 4 23 1 76 93 65 13 97 90 11 80 22 38 42 65 51 
26 53 12 86 19 3 43 65 36 82 70 19 57 32 28 76 73 54 15 68 64 7 16 71 37 68 70 13 9 87 67 90 8 15 4 88 61 33 77 46 38 21 1 54 99 45 97 74 32 56 36 65 71 8 21 4 48 58 71 71 33 70 49 47 29 86 89 72 27 76 76 35 40 1 95 44 8 16 17 13 53 35 93 41 77 92 65 25 15 74 74 22 95 34 18 68 25 91 87 65 58 44 79 64 73 12 53 36 28 10 10 61 24 50 46 68 1 67 56 94 56 61 64 86 62 30 79 77 92 50 58 8 17 84 14 1 67 83 56 43 82 23 90 92 30 41 81 16 6 56 68 99 88 33 66 44 18 96 30 44 8 22 81 6 68 12 62 96 29 51 60 32 44 19 90 69 72 48 33 84 28 19 24 96 57 32 58 91 20 94 11 85 96 25 84 33 96 92 8 32 18 24 5 76 96 84 85 75 44 19 40 35 58 86 15 43 80 78 31 25 16 43 31 95 63 72 50 29 11 55 69 65 49 20 32 51 93 38 18 4 10 9 69 61 11 90 10 82 69 75 15 54 69 83 12 10 38 11 26 39 17 76 19 33 75 50 70 93 89 45 10 55 13 19 92 75 28 27 79 74 25 62 56 26 27 76 75 76 4 70 74 18 90 97 42 8 99 71 20 27 
42 67 26 24 60 18 66 51 92 16 98 51 49 38 18 74 48 88 66 17 51 77 48 19 7 63 96 20 82 19 29 72 62 89 58 76 93 11 80 64 96 13 5 15 49 43 53 88 95 3 19 60 83 89 96 86 88 45 59 95 99 88 88 45 87 20 25 10 73 28 62 31 52 10 80 40 8 85 75 83 79 84 10 96 77 90 48 23 67 31 77 46 64 78 48 12 75 18 0 89 19 83 61 86 16 10 96 42 84 8 6 69 46 44 8 21 66 10 66 17 20 3 98 7 8 75 90 68 57 60 35 65 94 14 4 0 27 3 86 87 74 27 16 97 65 48 49 73 55 29 42 59 23 94 52 96 43 48 48 86 3 77 84 26 25 77 7 37 61 83 87 40 84 37 41 96 23 42 60 83 26 86 76 2 36 40 70 73 3 60 12 94 8 57 11 36 22 74 56 9 50 63 84 63 86 67 39 73 83 49 69 37 94 46 4 26 86 55 10 70 4 62 59 40 67 28 0 13 56 58 37 20 73 39 88 32 38 22 72 57 23 67 39 92 55 3 4 6 66 69 59 59 33 85 22 3 17 60 46 29 74 32 18 56 20 11 52 58 93 86 0 80 92 24 83 38 63 89 54 60 1 21 89 17 81 14 16 56 78 81 5 71 94 49 75 82 30 14 19 35 
94 15 40 41 58 33 47 5 91 61 45 59 47 65 10 28 56 50 85 0 71 12 68 96 90 36 0 83 87 87 20 7 53 3 69 56 65 55 88 15 25 13 47 58 27 8 22 61 89 36 61 34 40 59 35 6 3 91 25 10 24 81 87 22 53 43 23 2 58 82 38 12 40 73 72 39 33 45 98 75 86 39 21 15 33 11 24 94 44 91 73 89 97 77 44 70 86 40 66 94 36 33 12 8 89 90 78 49 41 15 19 16 79 96 99 28 13 13 37 99 40 22 57 36 6 35 81 56 68 87 83 40 36 19 50 37 71 94 14 87 47 59 42 28 23 40 6 97 38 85 24 36 59 6 63 45 24 41 57 21 97 8 11 45 32 52 90 51 54 1 35 45 64 0 52 55 19 30 43 65 80 19 90 11 80 76 70 58 92 74 28 24 9 16 87 20 75 24 85 34 53 87 60 39 28 72 64 3 77 17 27 94 29 76 72 44 4 41 41 82 43 28 62 42 25 3 31 91 20 10 10 90 72 95 28 35 81 14 66 15 59 6 44 36 56 5 57 17 29 74 94 70 58 52 8 84 60 40 34 63 15 31 2 61 50 50 44 30 42 13 63 84 76 22 72 61 88 3 35 4 49 20 39 46 15 96 39 96 62 53 96 15 7 50 30 23 77 96 30 74 
83 96 71 23 12 17 42 98 8 75 40 22 79 41 53 39 96 5 76 83 6 81 41 28 75 83 87 50 25 49 58 10 55 75 28 82 98 10 23 25 71 21 27 45 27 46 69 25 20 16 54 63 5 5 30 55 47 47 50 85 33 2 55 67 6 61 66 44 38 56 34 77 40 25 58 30 69 67 73 39 2 30 98 28 47 41 66 92 88 3 63 23 5 73 5 88 2 31 44 77 72 81 46 55 93 42 40 50 42 85 35 42 46 62 3 45 59 10 23 76 88 89 2 21 21 52 44 32 43 5 31 7 29 61 16 83 88 86 77 82 28 86 54 0 55 97 28 38 91 17 65 10 84 53 76 51 24 50 46 28 90 25 5 59 37 98 43 92 35 63 64 48 38 36 98 11 5 24 8 44 29 15 94 48 69 21 73 11 55 41 45 21 89 69 46 19 93 30 49 56 36 93 66 10 46 3 5 34 45 95 14 44 1 59 88 60 80 5 28 75 32 41 6 97 9 23 0 51 89 40 30 73 12 63 37 98 7 80 46 45 0 27 35 3 68 79 46 23 37 39 93 20 14 57 95 70 82 50 86 90 32 81 69 96 43 75 47 36 49 77 37 49 35 1 1 81 53 13 56 75 23 79 4 27 16 19 13 42 11 66 76 70 91 78 34 94 35 64 14 89 
92 39 66 64 7 20 1 53 66 36 96 74 31 46 71 28 49 24 43 54 47 14 5 36 31 71 84 93 43 29 67 8 92 14 51 27 47 96 16 50 1 32 76 53 18 10 96 30 93 47 81 21 4 8 8 42 39 60 0 66 54 92 68 47 52 93 16 60 47 5 46 23 78 31 61 99 76 40 71 57 7 16 30 17 58 76 51 81 57 28 41 45 15 92 51 50 86 49 21 17 90 84 78 69 58 78 6 75 47 49 78 26 44 65 94 44 65 42 27 80 24 28 70 74 92 41 14 43 19 90 88 35 10 50 66 41 3 78 91 43 87 78 56 95 37 34 43 70 49 4 58 42 90 68 73 65 8 32 31 12 12 41 20 54 89 99 74 17 95 98 11 86 86 78 13 7 3 49 34 58 53 39 57 35 34 8 52 61 54 5 60 10 96 48 12 99 48 73 50 43 15 3 32 62 34 70 5 29 52 10 41 51 26 13 30 66 28 16 22 0 41 58 20 45 15 97 87 9 32 86 95 13 89 42 25 47 8 96 6 53 9 67 59 40 11 53 30 14 20 15 45 7 28 6 68 32 41 56 64 31 83 7 91 11 11 45 48 54 81 88 39 75 86 13 11 18 66 57 1 80 37 31 92 94 71 56 79 43 48 51 34 5 95 10 58 10 41 90 50 5 
38 47 93 65 31 4 15 7 24 12 78 2 37 15 69 88 71 39 67 96 74 73 50 43 16 54 85 96 59 96 4 53 57 63 54 74 26 98 75 91 35 45 50 64 49 80 12 57 51 10 16 77 76 5 40 83 75 64 86 69 62 57 33 83 79 36 69 4 12 96 69 5 16 66 66 64 20 35 11 27 70 99 17 94 9 70 50 64 56 14 26 34 4 42 57 96 20 33 93 96 55 73 98 66 28 98 38 66 42 89 28 60 97 84 27 70 74 1 42 32 61 70 64 16 41 11 4 67 28 20 26 28 94 81 67 36 58 0 23 87 44 44 8 79 36 16 90 18 47 37 86 1 91 17 51 1 54 86 36 98 61 46 31 64 22 15 47 4 91 20 54 47 23 71 13 62 29 34 76 55 22 71 10 40 41 98 6 43 58 74 19 59 71 41 71 39 60 64 28 25 19 7 26 59 55 43 55 99 98 65 81 82 98 33 96 40 32 39 67 24 25 26 17 47 35 59 98 57 17 82 71 88 55 84 36 47 72 70 2 13 29 38 43 41 51 47 47 59 27 89 57 69 92 22 58 98 74 9 43 83 42 90 99 24 21 14 62 57 22 45 19 80 77 87 75 16 78 6 68 10 40 91 30 48 83 65 93 68 2 29 15 86 29 55 50 10 80 11 97 7 
15 93 19 64 31 58 55 57 77 16 14 56 88 9 0 88 86 49 97 7 61 50 64 25 18 73 54 76 2 24 35 11 80 70 54 14 51 86 48 25 63 51 56 2 92 30 47 11 92 9 70 59 45 56 29 90 16 5 91 68 67 23 48 72 79 3 28 56 55 11 34 22 74 18 83 63 85 83 65 98 55 57 4 43 66 90 76 10 9 72 72 50 21 95 13 61 49 58 87 35 80 86 77 98 18 9 86 79 16 61 66 98 96 48 12 70 96 46 79 48 26 68 75 95 64 47 8 87 18 66 74 6 5 95 93 51 61 31 57 48 29 63 56 94 66 31 83 34 47 1 53 60 22 18 15 36 82 68 51 91 47 29 2 73 0 69 93 77 27 16 65 55 20 18 31 64 50 81 38 81 35 51 24 74 92 82 19 30 63 92 45 23 86 79 59 1 64 32 67 74 69 48 22 8 29 69 64 1 87 45 50 28 11 75 39 90 28 83 80 84 20 32 53 23 29 39 16 79 67 93 48 1 67 74 20 57 1 39 56 71 4 65 53 76 71 92 49 63 85 58 87 71 62 12 90 78 54 82 53 87 21 13 76 27 38 23 38 90 51 50 73 97 58 87 16 32 20 56 53 95 23 99 10 45 23 95 30 39 13 98 11 69 85 84 14 84 39 35 98 28 
6 71 87 57 8 58 98 97 14 60 48 95 19 0 53 43 0 46 44 4 83 86 54 92 92 87 63 21 29 39 4 96 58 23 49 12 44 48 68 76 60 74 97 63 39 53 87 61 90 37 49 78 77 9 71 84 44 8 33 5 90 3 15 44 98 31 51 71 28 9 69 53 84 4 1 85 94 41 29 68 53 47 56 3 81 91 33 98 26 44 31 29 41 37 95 65 44 9 87 19 6 95 57 37 22 27 2 76 52 67 11 72 70 14 45 68 46 30 66 51 59 89 78 69 37 83 39 45 62 85 55 25 54 60 94 68 80 62 45 88 98 21 98 47 64 18 55 77 98 8 52 14 47 28 94 63 26 64 90 72 30 11 27 63 32 15 61 61 78 17 9 77 69 88 47 5 20 90 34 23 46 16 20 74 59 89 33 66 41 3 30 20 34 27 70 82 76 29 15 68 74 81 73 30 47 41 48 35 98 23 81 77 18 42 44 62 47 28 30 20 17 91 23 1 34 84 63 66 97 54 39 46 23 49 64 56 73 73 67 20 33 8 95 92 62 18 26 9 95 81 40 8 11 94 34 46 8 75 87 78 2 33 49 32 93 76 58 73 57 24 2 72 19 43 19 62 76 67 7 14 90 34 51 35 38 27 0 36 78 80 51 49 44 84 31 11 19 57 26 56 
31 45 26 42 82 47 2 64 74 0 92 93 77 36 22 61 13 39 71 27 43 99 34 47 83 79 2 11 88 34 21 54 26 92 74 54 20 82 71 70 63 56 3 81 75 90 79 44 95 50 9 79 21 4 22 29 96 78 31 27 38 84 51 32 93 57 85 66 23 88 57 44 3 85 84 2 95 81 92 74 91 97 46 75 71 87 17 75 94 9 79 43 97 78 52 3 40 66 47 22 1 25 7 15 96 3 55 76 68 84 15 13 3 80 94 96 75 13 29 40 63 80 11 67 56 56 33 77 64 38 96 75 81 44 14 16 15 54 9 26 25 68 64 38 2 22 87 44 71 52 73 89 35 66 91 11 18 51 53 20 30 12 90 24 86 44 33 41 98 22 55 53 24 93 11 25 43 68 40 64 3 98 49 8 88 69 99 88 18 92 5 23 63 55 73 58 88 57 80 53 62 31 43 43 83 48 29 41 82 3 99 62 11 76 94 27 67 41 23 71 52 34 90 78 40 66 95 63 9 38 55 7 59 37 91 35 42 75 74 85 34 73 91 77 40 54 48 83 45 7 56 77 33 16 49 11 35 56 32 51 69 3 8 2 19 52 54 97 8 1 90 48 64 60 48 10 69 95 3 49 32 19 69 25 80 40 75 86 14 8 60 56 63 3 74 78 90 51 43 46 
9 55 62 28 43 41 1 66 7 55 45 97 69 1 27 91 15 59 5 33 72 80 45 46 47 45 10 51 45 30 4 48 55 56 0 0 18 66 44 97 70 40 75 77 56 50 98 68 21 39 95 47 73 33 73 60 54 14 2 37 64 86 66 10 30 63 63 96 12 91 47 87 29 71 42 93 20 7 42 29 20 71 27 25 70 39 71 92 4 1 27 25 9 23 98 62 66 21 5 89 90 25 52 25 46 84 33 7 29 3 94 99 24 51 97 15 16 23 89 40 71 21 73 28 52 97 61 42 68 1 60 77 41 35 96 86 39 8 83 85 23 32 41 68 64 69 75 18 67 94 91 19 73 7 19 36 37 66 12 68 92 56 77 99 78 18 4 84 33 5 20 5 54 1 94 90 66 98 85 36 66 4 37 85 11 14 55 79 81 10 47 39 17 15 76 48 64 90 12 76 15 48 18 33 28 64 2 38 26 34 25 24 28 29 82 9 26 82 84 26 46 57 19 14 99 86 32 69 34 60 56 17 37 39 68 51 96 73 65 19 15 50 54 84 33 78 51 31 45 70 11 8 54 73 37 12 75 5 6 39 17 50 38 88 43 40 30 65 18 16 78 82 91 51 78 11 32 77 53 87 12 17 25 97 1 7 44 68 14 23 63 6 81 44 83 11 73 4 24 21 
18 97 59 32 73 42 7 10 46 93 37 97 98 70 20 41 80 89 35 10 12 50 58 45 69 63 69 74 52 33 73 86 23 50 98 53 18 76 15 36 52 43 90 47 54 38 28 45 48 52 44 19 77 57 72 46 32 45 95 34 21 70 5 61 95 46 15 57 10 91 2 60 58 9 99 37 31 74 11 70 16 33 63 42 91 43 53 72 41 63 95 42 49 63 94 1 42 68 22 59 68 10 32 16 31 32 65 76 2 0 73 94 3 2 94 20 18 67 25 18 2 50 67 83 75 64 78 46 0 93 85 73 11 62 60 34 57 7 92 29 17 22 95 58 88 85 18 59 20 74 23 86 97 91 37 11 90 7 4 89 9 3 65 70 24 12 34 52 24 93 39 37 6 52 23 35 92 5 74 57 79 54 39 22 15 47 90 1 0 69 31 54 13 14 74 89 75 61 24 39 25 5 11 76 90 40 0 74 82 85 17 99 82 30 50 0 13 21 16 54 86 54 42 19 46 33 30 22 66 5 24 32 65 40 94 35 59 51 84 65 2 92 40 26 42 27 68 64 99 19 95 57 30 25 48 55 23 28 10 41 81 9 91 44 23 33 75 4 30 9 37 12 7 84 93 52 11 31 37 53 53 39 83 71 58 82 5 87 38 32 76 89 54 41 65 17 80 31 88 22 
54 44 94 86 24 1 55 95 5 26 61 48 4 83 69 35 49 89 99 33 11 51 49 71 29 60 4 82 34 37 78 66 41 12 98 32 8 99 14 20 50 54 25 4 97 46 18 94 66 70 97 16 42 60 72 5 6 71 11 85 74 23 24 37 30 26 17 5 25 17 6 79 73 83 7 24 13 27 81 97 44 6 53 81 78 22 56 64 70 57 44 51 99 21 19 84 21 94 24 32 10 82 58 32 75 77 24 81 16 98 69 44 5 56 70 67 71 74 91 69 3 72 62 84 61 1 71 85 67 60 48 32 51 41 47 26 18 3 65 47 33 75 80 53 93 85 80 19 22 42 43 14 66 36 27 96 67 39 26 80 21 14 71 59 91 50 17 20 86 88 6 2 58 40 42 39 0 29 40 42 44 36 70 82 81 75 11 19 61 59 31 73 3 52 37 80 2 17 92 59 52 99 51 35 96 89 90 83 96 32 71 48 76 2 27 52 67 46 4 80 26 86 98 11 22 59 3 80 20 69 60 93 31 65 20 6 32 92 37 36 49 60 66 93 0 54 59 92 53 18 34 70 61 50 37 30 32 67 31 69 71 69 85 83 91 84 53 84 69 13 96 99 84 99 95 94 89 15 42 48 86 93 56 97 85 93 38 12 60 29 8 46 56 86 58 91 38 71 50 41 
12 86 35 90 44 99 96 3 74 69 30 89 9 51 0 50 6 33 68 19 24 39 51 1 35 26 59 80 38 44 54 49 1 36 25 85 94 53 55 21 84 79 41 65 20 82 77 23 14 23 51 73 66 63 80 89 25 58 5 9 53 81 54 82 10 55 93 48 42 70 56 37 97 87 9 46 39 56 1 4 86 78 12 25 59 40 34 22 24 97 31 59 15 21 75 58 5 33 95 36 77 75 61 19 63 57 93 50 89 12 33 18 42 32 77 49 67 61 31 85 89 82 49 27 59 16 77 60 56 26 57 74 38 52 14 8 90 11 47 60 91 15 65 35 79 1 19 32 87 66 60 87 23 55 40 35 33 24 50 69 68 66 81 3 97 0 76 7 50 30 33 16 22 27 27 81 21 91 98 42 70 62 0 76 61 25 39 89 8 87 43 9 90 25 76 48 92 45 31 49 69 92 55 88 76 8 78 0 11 23 62 82 26 68 38 62 44 93 93 95 84 23 99 44 33 9 30 70 38 62 80 6 97 56 8 69 85 33 8 81 7 69 10 19 82 84 86 9 37 14 54 60 87 50 39 49 79 16 98 16 63 74 25 57 49 71 24 83 23 37 37 34 26 23 88 4 79 38 69 69 24 43 84 80 3 62 47 93 0 56 69 46 48 20 64 73 18 28 30 6 
85 12 95 74 84 17 57 52 48 46 29 88 34 33 64 87 97 26 52 14 53 20 26 34 68 6 70 26 80 28 93 98 23 2 55 31 9 46 79 70 75 84 48 93 77 66 31 35 0 27 42 95 93 90 79 51 81 0 85 14 24 31 75 38 26 94 19 27 65 89 77 51 95 4 56 90 99 66 28 24 99 33 69 84 53 0 73 73 99 28 83 91 40 31 98 0 69 72 43 30 1 52 57 59 87 49 88 4 32 68 15 49 12 8 19 69 35 96 35 93 44 23 34 22 55 48 93 4 69 52 99 90 92 4 66 76 41 80 46 51 8 16 24 85 23 84 56 88 47 21 31 51 34 1 36 66 55 24 64 32 49 22 91 6 33 49 43 50 78 74 97 35 93 42 65 40 95 28 38 70 32 99 61 39 27 1 77 36 36 44 41 95 21 74 2 67 20 4 62 93 37 6 59 26 20 12 11 49 57 67 33 29 61 45 20 37 0 73 91 61 1 70 18 5 37 96 14 91 59 41 83 70 41 4 62 87 10 92 6 75 95 5 24 10 94 61 18 69 69 39 86 13 95 21 77 27 10 2 80 9 81 73 84 21 72 1 98 0 17 32 47 99 83 77 29 9 35 69 23 0 62 72 12 76 61 69 65 38 3 85 97 92 95 32 59 7 40 6 81 94 
75 69 19 97 45 32 80 30 83 65 89 8 99 32 83 48 87 69 8 27 10 73 68 62 67 18 94 51 83 30 18 83 87 15 33 68 47 67 28 77 36 81 17 91 59 57 25 17 46 64 44 1 70 75 4 6 94 63 13 52 39 1 93 50 59 99 70 16 30 9 4 36 32 83 96 58 83 6 4 94 59 23 99 24 33 83 51 40 19 39 92 71 88 8 88 43 63 26 82 49 45 40 45 29 56 73 95 32 78 50 22 61 35 22 22 42 92 16 20 26 21 79 1 17 77 54 72 44 8 69 36 47 94 85 82 2 92 1 14 23 10 17 44 99 46 14 97 75 39 54 88 36 72 11 28 77 1 30 64 54 56 52 32 23 59 39 22 16 37 35 90 36 93 78 62 92 27 11 89 73 37 28 37 27 78 4 3 54 26 95 53 31 5 50 74 55 21 51 69 5 64 12 96 12 56 70 12 90 98 65 69 69 72 96 80 61 15 73 43 90 21 20 87 40 33 36 83 14 16 85 36 40 44 70 18 25 45 42 46 1 11 88 60 45 90 75 87 28 33 56 72 28 48 58 12 71 20 75 98 86 29 99 77 38 59 99 20 77 2 42 24 49 63 35 26 72 24 26 32 10 52 12 59 39 37 28 74 39 92 9 16 80 86 92 11 45 26 34 14 28 
66 30 96 30 51 63 35 78 91 85 62 2 48 15 52 75 10 33 98 55 58 78 37 36 68 52 73 84 88 42 84 25 5 25 67 30 84 75 72 29 7 26 60 26 80 29 93 1 35 9 14 46 25 13 18 66 47 93 12 6 94 41 22 47 92 97 22 94 9 85 95 27 89 91 85 75 13 54 69 86 39 12 45 49 74 1 29 91 93 86 5 70 40 3 0 92 1 81 30 61 76 90 31 8 57 55 3 95 0 19 39 46 92 78 55 7 51 10 26 47 80 89 42 98 48 53 90 10 66 37 55 35 13 74 74 76 50 25 22 3 6 30 45 64 51 72 1 80 12 76 22 55 11 10 61 14 3 58 43 47 63 74 76 89 46 91 0 30 62 31 97 50 44 67 47 57 77 46 83 27 7 22 20 79 60 25 6 16 58 66 91 69 96 94 90 45 52 85 41 70 1 83 8 29 30 4 81 98 95 18 89 12 51 34 25 34 73 15 57 28 58 68 82 81 3 41 81 84 24 93 47 83 44 6 3 25 82 47 92 88 52 58 48 56 35 65 46 68 33 61 56 71 34 76 20 46 99 59 22 12 3 62 5 17 27 64 0 52 11 17 5 31 36 69 59 68 95 7 87 95 11 99 66 27 2 11 29 17 1 76 7 7 35 70 10 84 70 61 30 56 
61 26 70 61 84 44 10 37 60 77 34 81 74 71 92 24 18 35 30 27 11 49 73 24 10 15 83 22 46 83 25 77 81 72 62 60 57 93 71 80 35 65 70 30 17 2 68 90 74 20 11 55 36 48 0 33 86 50 38 63 69 93 60 67 74 68 1 54 80 5 45 77 25 91 20 93 90 61 40 69 23 41 5 41 97 22 6 20 45 69 73 36 45 46 93 15 67 15 64 49 73 99 41 13 60 54 53 70 80 16 90 92 10 1 39 19 49 31 28 55 74 58 1 97 33 60 43 43 92 8 0 61 14 99 90 66 18 22 78 50 83 98 44 20 97 91 62 79 89 94 12 17 92 62 75 82 87 79 55 58 84 41 64 71 25 98 44 7 26 77 83 12 62 62 81 25 99 53 26 95 63 10 97 7 69 97 73 43 22 26 91 15 81 41 63 76 0 5 87 9 71 46 4 51 2 28 96 56 50 74 94 83 62 5 39 83 79 14 24 34 96 67 28 93 47 3 84 86 13 90 18 16 35 84 94 89 4 26 68 45 26 65 23 24 83 90 95 3 68 60 54 93 68 60 33 31 70 23 95 52 5 99 72 9 30 97 77 10 82 75 72 42 45 14 39 73 86 95 54 41 78 43 78 24 61 22 90 46 61 69 3 95 33 92 22 51 61 40 22 27 
15 51 20 91 38 14 3 66 2 91 57 14 25 69 75 4 60 60 24 57 19 60 27 40 0 13 39 61 34 11 2 21 35 87 27 72 17 46 53 22 20 18 94 41 90 68 13 33 18 64 5 61 67 71 81 63 23 72 87 80 67 89 76 44 81 65 1 16 5 10 72 43 50 17 16 27 56 86 73 79 35 89 73 4 43 9 69 27 55 50 34 73 31 58 67 35 79 15 50 57 65 88 19 70 26 97 48 27 4 40 45 57 96 54 82 78 61 72 54 97 86 59 9 95 55 77 79 84 47 46 29 94 65 15 10 15 40 91 76 39 26 50 88 16 83 21 8 64 28 5 77 8 6 82 15 3 53 1 58 34 69 79 10 85 89 31 43 9 44 53 45 81 73 54 71 13 7 74 82 0 82 96 78 21 57 78 77 45 83 74 80 29 35 98 27 95 47 96 39 71 55 41 28 63 85 55 98 2 23 10 97 89 18 88 0 64 36 74 23 8 11 63 69 29 12 69 80 3 63 7 86 80 77 84 29 42 47 31 62 22 96 80 62 68 99 38 46 39 66 47 63 18 52 21 29 8 3 1 41 12 69 2 58 23 67 2 52 62 24 66 84 45 61 30 17 20 17 63 54 44 4 4 89 92 96 18 33 65 90 65 42 44 89 92 87 87 61 43 20 91 
94 19 48 23 70 25 29 51 81 13 56 52 99 46 78 10 20 98 98 28 78 18 83 69 85 60 41 47 55 39 67 58 26 71 40 88 64 94 62 38 8 25 0 86 24 91 79 1 96 43 27 37 30 19 54 14 92 72 83 24 96 68 92 17 44 16 57 26 41 88 2 11 41 83 12 98 72 10 40 25 81 48 47 7 58 28 45 34 45 15 51 92 43 53 72 92 59 9 47 76 28 20 72 21 50 29 44 76 81 76 34 95 66 33 73 58 3 14 44 32 27 58 64 77 79 71 78 63 32 27 91 29 55 29 80 48 74 14 83 18 38 87 33 74 81 76 98 80 90 79 2 37 28 35 99 78 39 76 65 8 19 38 48 29 85 22 43 42 5 11 44 31 54 84 61 13 31 37 5 40 79 71 43 78 46 55 16 67 74 27 85 59 14 77 6 9 99 28 43 65 82 29 44 18 1 54 34 65 81 93 70 45 25 73 55 70 70 41 5 50 43 51 64 53 3 43 45 80 9 28 53 66 69 24 4 83 35 13 56 58 65 86 47 45 34 16 34 67 3 40 42 59 95 38 3 63 96 78 25 38 81 78 14 46 55 50 33 60 50 21 62 94 2 82 25 44 1 9 21 70 91 71 32 4 92 43 0 87 82 26 55 9 9 71 95 11 12 70 28 35 
63 81 45 46 57 25 22 97 16 40 3 24 2 92 34 45 64 98 81 6 30 79 10 34 14 90 76 67 81 55 83 44 72 22 50 53 85 35 3 3 5 29 32 69 56 38 40 78 71 28 41 25 69 57 83 56 64 35 90 2 80 35 27 18 40 41 72 68 12 68 29 78 62 90 9 15 64 46 11 54 94 95 23 53 99 64 23 46 36 91 61 87 25 71 75 98 19 72 18 16 26 48 90 35 77 99 28 63 40 7 75 0 13 92 95 61 11 23 47 36 23 4 23 73 92 4 64 7 29 58 48 39 45 77 79 17 88 85 40 75 54 3 19 45 96 90 10 24 92 86 28 92 48 38 5 50 14 81 7 94 58 39 92 59 44 66 37 76 26 90 19 22 36 56 89 24 39 51 82 29 20 23 11 35 88 82 89 24 10 32 17 93 66 16 25 48 1 67 85 78 71 58 47 69 22 19 33 18 60 63 22 56 74 57 61 44 8 68 10 19 95 33 23 70 56 42 92 76 93 21 89 79 78 39 96 87 37 49 16 51 37 72 9 74 14 90 88 94 60 33 13 24 50 35 81 87 64 65 98 69 54 64 65 63 39 55 87 91 97 71 17 1 61 68 80 28 68 68 11 99 27 6 0 83 29 82 82 0 90 95 6 77 67 13 98 94 18 70 2 34 
90 89 37 52 61 9 94 2 62 41 69 95 56 0 10 79 96 16 81 87 34 52 81 24 57 56 66 83 56 54 61 75 94 18 33 59 85 92 52 34 11 91 83 86 13 59 92 12 88 40 54 55 72 36 27 92 38 9 14 1 1 33 60 6 32 98 21 51 69 21 99 65 56 38 51 56 74 5 86 5 33 2 41 95 53 35 8 6 50 80 21 74 40 0 83 20 20 68 5 1 60 5 22 28 84 60 4 76 7 25 48 57 45 35 29 83 9 44 28 88 72 57 54 69 84 30 28 77 28 23 77 57 46 32 93 37 50 10 32 2 59 8 45 91 59 41 20 27 86 0 58 22 27 90 48 40 62 4 57 1 97 32 59 94 69 91 47 94 67 46 29 86 20 49 73 95 41 1 19 47 60 38 21 63 47 8 1 25 36 81 63 78 88 87 17 41 70 60 35 68 43 96 33 23 90 57 65 73 77 88 47 46 73 2 4 95 66 57 15 46 7 52 43 93 34 75 90 4 24 69 92 47 48 57 37 95 74 95 33 3 6 97 6 26 80 18 12 76 5 74 45 49 36 95 77 7 79 11 44 99 61 20 9 61 31 46 2 81 89 25 41 88 89 75 87 24 97 66 7 84 65 11 28 77 8 17 10 81 12 11 26 89 15 63 63 77 48 74 26 43 
43 80 7 54 1 86 20 81 93 11 25 90 92 78 75 63 14 48 56 54 12 54 20 32 50 72 96 97 94 52 96 12 75 78 93 54 11 47 82 12 78 78 79 72 11 37 34 75 57 4 62 26 70 54 12 36 43 78 75 39 82 34 72 46 40 98 23 21 38 11 51 75 15 72 13 88 4 87 11 43 15 17 20 56 39 33 92 97 12 69 42 84 75 93 22 20 92 94 57 61 31 56 75 91 26 52 50 63 58 86 97 14 12 33 58 61 85 79 20 70 22 43 66 79 41 41 59 54 39 79 35 54 5 92 93 59 18 32 32 45 23 36 70 19 26 34 17 27 46 29 94 99 12 49 46 27 22 69 46 1 45 59 7 85 9 72 92 68 80 92 49 38 28 20 91 36 29 19 11 51 22 91 2 55 11 3 42 69 70 26 29 61 5 6 61 39 85 5 83 25 92 96 77 4 7 70 55 33 23 86 37 4 56 14 3 42 37 14 93 74 56 98 31 48 81 50 3 64 10 6 91 67 18 34 27 25 21 4 76 79 36 63 5 10 11 59 63 49 60 50 87 41 51 13 99 74 3 50 44 99 71 4 6 64 87 64 51 75 32 80 7 61 61 18 11 54 73 56 92 44 82 65 16 72 45 67 35 29 57 35 90 56 18 46 71 37 84 80 94 50 
50 67 6 59 63 85 24 29 61 69 23 59 91 65 62 19 40 10 64 1 60 21 15 64 56 56 59 53 35 2 71 81 87 24 35 97 44 5 17 45 55 20 21 81 83 93 50 88 3 89 95 61 32 30 78 73 28 79 50 78 74 95 75 54 93 51 47 68 38 66 30 49 69 64 46 30 57 47 64 80 74 1 3 81 50 68 2 75 23 97 56 46 65 92 13 62 49 59 57 49 66 26 79 87 42 32 79 21 96 44 94 97 56 20 1 69 30 95 11 25 60 68 11 85 82 81 26 66 44 92 63 0 97 8 4 54 76 16 9 3 76 16 77 29 55 2 98 76 74 43 97 71 91 97 8 18 47 8 41 82 80 55 5 0 60 77 4 88 65 86 9 45 7 14 24 48 2 28 61 82 44 59 33 38 11 59 51 74 63 70 76 83 16 77 63 19 71 19 39 84 54 50 17 63 56 47 82 87 64 66 7 31 68 29 81 24 98 70 20 34 76 43 5 23 93 27 72 98 7 79 16 50 83 22 85 72 71 48 61 74 65 54 92 41 50 82 88 16 82 2 4 85 79 70 71 51 62 1 76 99 0 98 89 24 7 83 59 41 80 61 92 85 87 50 26 42 58 38 85 12 58 1 8 89 39 77 17 54 10 13 64 37 32 27 11 25 33 94 62 32 
24 58 12 35 11 83 54 63 83 92 56 93 7 37 88 71 50 81 16 96 19 95 83 37 43 13 71 16 4 47 98 30 76 58 23 25 17 91 93 0 18 16 77 48 73 91 55 47 74 15 91 52 23 82 24 63 33 64 75 10 23 56 50 85 39 3 77 75 92 96 28 87 27 65 10 32 28 38 81 57 84 48 43 12 50 76 18 25 53 44 72 53 50 65 15 37 89 15 34 13 47 28 83 11 0 17 19 68 16 18 45 74 42 35 15 11 60 86 33 73 74 92 30 35 27 77 66 25 76 54 80 33 47 85 2 71 2 49 46 44 55 56 82 31 62 15 67 27 34 75 76 28 68 6 10 44 97 69 70 32 94 60 19 91 41 63 82 59 37 56 13 83 14 62 53 72 77 48 63 39 2 95 93 12 79 90 23 8 40 18 42 84 17 58 7 61 13 25 28 51 29 1 75 30 79 0 76 39 57 1 77 12 1 3 11 63 99 74 46 31 37 9 1 41 59 57 29 14 30 52 76 27 12 82 43 92 62 79 15 52 74 18 92 13 45 20 58 20 11 15 11 23 13 10 22 80 43 54 60 50 25 90 51 15 73 55 98 73 61 99 23 26 47 16 74 1 11 23 16 8 9 41 77 2 21 99 95 68 76 55 88 40 23 67 98 98 56 80 37 91 
85 11 44 2 24 52 99 1 13 67 66 28 46 66 0 37 99 75 9 41 33 87 39 98 92 69 32 35 20 15 71 72 67 15 80 86 28 97 74 71 43 84 60 16 38 63 86 39 12 36 5 40 33 41 67 25 40 66 66 56 99 96 49 13 52 13 45 47 51 16 45 3 93 88 84 51 39 53 36 6 66 42 44 78 48 38 32 82 93 3 73 63 85 35 39 60 40 3 92 37 65 14 14 37 25 71 94 93 19 38 8 70 92 11 10 19 49 36 15 17 60 99 14 93 2 35 90 94 69 51 6 30 83 52 63 49 67 2 36 49 69 2 96 13 43 6 1 2 39 97 55 88 42 54 8 21 95 45 87 0 96 67 39 76 57 8 71 77 22 14 12 68 27 10 8 61 43 7 67 70 95 91 88 37 48 91 37 62 2 20 71 71 42 72 86 75 99 43 3 14 14 68 55 15 8 35 73 99 6 85 72 83 19 73 89 90 95 9 61 72 84 5 94 71 21 13 92 63 29 94 69 63 65 69 4 10 13 18 20 26 95 88 39 78 93 76 79 41 59 40 47 47 84 84 83 17 39 21 79 52 12 7 4 78 56 42 58 35 81 21 39 10 8 2 98 19 38 53 66 66 63 45 43 53 84 29 90 46 77 29 69 67 83 14 15 0 82 66 16 5 
40 3 18 31 77 87 24 0 16 55 46 58 57 69 30 33 67 39 28 35 28 59 19 55 81 4 41 54 26 27 50 45 97 8 88 61 16 97 56 74 68 54 37 51 80 10 38 6 71 96 57 43 86 35 76 57 5 43 88 59 92 63 4 19 70 46 97 13 47 55 55 56 6 52 5 30 3 92 94 98 84 34 81 72 48 21 74 18 23 34 78 94 17 29 40 62 17 30 62 0 69 52 63 35 89 9 37 61 80 55 97 35 53 11 79 77 88 27 40 6 58 97 73 74 84 27 86 63 80 46 52 15 99 89 50 42 82 25 26 56 73 25 2 41 18 9 25 99 92 24 17 38 92 85 26 77 74 71 55 66 98 42 5 64 87 90 29 75 68 19 36 4 49 82 80 33 31 28 45 88 67 94 53 33 28 81 56 14 60 77 93 56 57 60 2 12 41 66 72 39 9 43 22 34 45 19 77 2 21 47 70 83 53 17 60 5 1 8 95 32 54 38 59 56 28 2 9 15 10 45 63 20 68 87 0 3 45 63 83 15 61 76 42 98 67 71 25 84 86 96 21 18 29 36 42 8 89 94 29 75 75 32 38 40 21 58 49 86 86 27 58 22 19 62 79 49 54 15 98 91 39 91 19 34 28 61 13 69 46 79 53 84 46 74 91 82 90 27 39 56 
