300
83 76 64 47 5 9 27 27 48 44 76 70 60 63 57 89 62 39 59 23 91 22 4 70 66 24 76 90 57 23 28 73 69 2 84 21 12 58 89 52 71 13 49 34 27 79 59 48 98 95 77 66 71 15 49 95 52 82 68 85 59 67 88 14 6 86 17 5 50 98 4 84 12 83 42 23 61 69 4 18 62 70 4 12 33 16 89 80 37 41 91 36 9 72 21 89 35 19 27 29 69 16 56 52 60 85 58 92 11 84 42 89 76 37 79 99 64 59 15 39 96 86 94 51 1 35 49 99 95 83 54 1 13 98 24 94 66 87 60 48 14 21 56 89 38 21 3 7 48 19 50 20 92 69 58 0 89 0 67 83 10 83 54 15 66 13 24 80 17 91 16 17 51 78 60 94 41 41 67 62 38 8 8 64 44 50 41 45 37 47 94 99 32 63 76 62 54 92 2 13 19 65 72 89 99 9 98 97 35 63 35 67 57 85 1 29 14 48 28 98 21 69 63 97 98 65 9 55 33 40 88 31 14 1 65 7 16 61 54 29 34 83 6 54 95 50 33 93 19 56 66 44 41 1 62 19 26 81 21 34 28 98 86 69 26 71 64 7 40 15 30 7 34 10 49 85 49 18 28 13 88 74 18 3 7 76 63 4 39 49 7 85 24 40 91 78 66 56 12 97 
34 82 58 14 56 31 31 18 78 35 61 51 72 34 14 8 14 77 31 37 65 21 17 45 45 64 5 97 99 63 17 23 57 80 19 22 78 34 33 77 19 15 30 2 23 83 76 99 76 57 22 90 43 1 12 89 37 35 87 0 17 32 84 42 41 54 95 61 72 20 84 68 71 97 74 50 8 67 32 76 60 55 80 18 44 79 46 24 25 4 45 80 27 36 52 92 24 99 18 15 28 46 88 86 50 97 79 69 18 22 61 58 49 99 17 19 0 25 30 47 78 45 31 27 65 87 99 6 13 61 83 68 38 24 97 70 72 15 14 86 33 64 45 97 14 8 56 14 18 84 24 23 24 49 54 31 22 65 60 52 80 45 32 52 44 54 16 25 24 77 49 20 54 57 16 2 36 52 24 96 61 81 58 15 61 64 93 98 73 76 96 11 36 96 93 39 10 44 15 16 41 13 29 25 19 0 98 91 87 25 0 0 88 94 35 61 4 27 51 80 62 7 44 31 39 55 65 31 12 69 50 15 5 82 19 84 81 63 43 14 54 62 11 75 97 72 90 58 91 52 46 42 74 29 49 32 79 17 25 39 44 40 38 50 64 9 30 76 95 76 42 31 92 47 25 24 99 27 88 60 45 64 61 68 62 82 63 81 82 71 54 66 67 28 60 74 18 78 62 3 
85 27 79 37 34 33 28 22 38 62 41 45 90 56 73 97 28 31 35 20 82 8 40 17 56 4 54 92 26 93 29 81 2 91 92 51 4 2 65 64 46 7 13 43 86 55 9 96 23 35 15 10 78 55 46 0 54 76 35 44 51 65 44 19 3 0 62 33 51 38 68 45 16 35 68 27 38 23 19 5 3 47 53 26 13 28 49 73 91 54 80 6 90 94 73 17 72 57 55 82 98 69 58 53 2 30 24 22 31 68 11 86 52 70 59 34 89 69 24 78 22 87 36 31 93 80 68 54 24 78 61 60 56 84 28 48 43 63 56 34 95 91 64 47 80 74 60 26 71 47 34 15 23 78 68 93 71 85 5 20 35 87 20 43 92 82 59 47 22 84 66 76 87 17 2 18 4 76 44 29 89 60 54 31 34 44 77 67 68 74 90 25 4 83 30 50 85 1 12 88 84 15 85 29 63 31 85 2 83 93 31 13 79 58 41 45 33 90 45 61 7 44 30 91 18 10 41 25 47 88 68 28 97 64 89 14 73 46 92 91 56 52 85 81 60 40 37 67 66 0 43 67 24 81 34 45 32 38 95 80 81 32 32 69 93 46 20 20 50 24 48 81 96 85 85 88 51 65 79 76 74 58 1 98 92 5 84 77 32 35 18 78 39 72 66 51 62 80 81 81 
11 14 87 30 32 13 47 98 79 86 89 89 75 3 28 27 85 53 59 87 67 37 98 18 32 82 42 46 12 12 12 42 0 77 25 14 90 62 56 68 49 47 86 10 64 87 26 41 56 69 66 5 83 91 15 45 20 47 72 64 99 41 39 30 76 47 37 91 23 18 28 27 62 87 88 34 65 84 94 69 87 71 68 51 13 51 72 71 61 21 5 38 51 81 85 52 87 3 40 10 85 69 11 49 32 30 41 0 97 37 64 64 59 25 32 25 84 23 23 53 65 29 83 1 78 63 31 21 6 16 51 41 83 65 81 2 60 11 30 22 28 98 55 11 53 65 73 67 3 98 88 44 60 25 3 83 21 75 14 7 56 16 69 10 60 69 84 24 17 45 55 14 80 56 74 46 69 18 83 59 96 26 24 60 39 20 97 47 41 57 19 86 55 32 68 49 62 52 61 4 33 77 79 26 42 47 40 62 5 16 71 47 91 10 3 46 5 5 44 91 40 42 20 1 83 31 44 89 87 12 49 37 11 44 69 71 14 26 8 99 19 72 85 5 48 30 16 71 54 96 44 35 63 8 5 88 59 90 27 61 89 88 19 72 10 20 93 66 36 57 37 55 40 51 96 46 27 30 1 66 9 71 44 29 0 67 75 38 66 91 47 17 84 58 99 56 6 36 87 70 
69 18 43 82 49 80 16 85 46 98 57 81 79 11 42 13 62 76 96 81 13 2 57 79 54 69 93 1 77 67 8 58 88 32 74 74 74 43 32 91 24 24 41 8 66 2 53 96 0 41 92 68 27 16 28 1 14 68 57 24 93 83 82 21 59 33 87 62 29 6 38 32 14 31 86 60 98 96 72 16 35 68 99 94 31 25 1 50 5 91 86 71 29 33 34 37 70 37 89 55 10 25 26 34 73 44 14 50 82 43 52 14 87 92 48 40 3 65 23 29 10 73 23 39 50 58 20 77 32 65 18 97 1 41 89 23 31 59 89 21 98 59 7 19 83 36 88 8 27 35 36 4 52 26 63 74 53 34 22 97 60 47 51 58 46 66 89 58 39 30 21 30 38 67 82 97 93 14 49 79 82 1 26 41 67 33 29 16 58 94 61 27 29 65 66 5 91 5 56 89 79 35 28 85 0 6 38 93 89 78 40 88 80 21 14 83 58 49 89 73 64 10 17 49 13 97 45 3 70 53 79 62 13 2 10 38 85 25 91 1 2 29 56 73 54 5 58 91 33 1 37 32 80 8 58 85 3 28 1 89 45 34 25 12 20 54 85 2 44 97 31 29 18 68 47 17 34 4 3 34 91 85 10 92 9 93 44 90 9 75 14 28 81 61 96 87 60 51 52 83 
50 83 80 62 68 81 81 36 94 90 43 69 12 95 61 48 16 26 79 55 17 48 41 86 76 3 20 70 87 0 8 95 98 24 7 87 94 71 3 45 88 19 69 66 58 45 21 46 23 54 17 94 21 7 17 65 36 51 51 81 10 64 20 40 82 18 39 7 6 92 95 61 18 78 6 74 17 59 67 3 78 82 64 96 28 12 13 47 13 29 58 87 65 18 94 33 1 63 18 32 97 10 60 83 4 77 79 34 35 56 33 38 52 4 91 24 0 23 49 4 96 33 61 67 6 71 60 51 36 55 56 40 41 41 17 6 15 96 75 33 11 10 75 89 37 38 26 14 68 27 46 51 3 43 52 96 58 93 86 10 88 58 41 95 56 25 50 27 77 14 83 27 9 17 18 7 50 87 67 0 26 96 10 5 5 44 14 55 35 25 22 81 44 3 0 94 2 34 18 26 43 67 59 68 80 95 4 2 91 44 78 92 65 49 94 36 78 63 94 8 20 10 60 89 34 53 4 7 12 41 39 38 87 18 75 55 64 0 77 81 17 32 92 86 78 79 46 14 35 53 20 41 22 37 21 24 9 41 21 51 43 94 45 88 33 35 28 90 81 32 64 34 77 50 16 95 43 74 77 13 17 94 8 60 20 73 34 34 31 70 98 80 37 20 70 6 48 32 84 3 
94 72 28 53 85 44 72 88 29 83 52 4 2 90 12 0 26 6 22 38 46 57 2 77 94 28 6 46 59 24 98 16 35 97 7 59 31 55 20 16 96 80 77 71 28 27 23 14 52 91 50 55 81 67 29 32 98 29 99 24 76 41 72 50 47 84 53 93 65 34 2 24 6 28 35 73 45 84 31 63 50 6 73 37 57 25 75 11 57 2 18 73 38 3 99 59 77 47 14 42 91 64 92 92 8 71 69 44 78 41 72 96 2 54 22 39 23 25 18 62 78 7 19 32 59 43 68 62 9 62 40 86 32 23 68 80 93 29 15 6 57 34 72 91 95 4 89 34 73 15 95 19 78 53 94 44 1 33 77 59 32 94 63 96 92 98 39 22 58 66 48 23 90 11 10 10 56 14 60 6 87 76 44 62 52 39 10 8 21 88 78 93 18 43 4 53 35 10 65 78 98 97 3 42 63 26 59 2 13 63 26 47 9 93 87 25 45 71 97 23 8 63 14 19 30 46 19 33 79 95 60 65 0 95 78 61 52 61 85 37 48 97 42 83 37 50 36 89 94 20 12 79 77 97 49 79 79 63 99 91 4 94 12 76 30 8 63 23 53 94 70 87 60 73 37 15 91 52 18 7 24 98 67 96 6 12 62 40 60 25 88 3 17 61 91 97 55 27 76 6 
17 61 55 36 47 10 14 29 11 65 79 65 67 15 36 4 92 3 45 56 18 40 73 49 8 8 35 68 91 90 78 2 76 55 64 89 21 34 14 27 77 44 22 23 38 39 28 37 23 71 20 84 98 14 76 22 54 86 70 82 91 5 51 61 34 5 25 94 52 34 24 27 83 76 52 25 70 15 74 4 6 18 40 84 85 16 86 10 92 97 60 89 78 4 37 2 79 51 8 51 29 26 58 36 40 29 60 19 72 80 60 15 19 50 29 65 58 55 77 13 53 16 9 83 72 0 76 12 66 68 5 13 3 52 76 23 53 41 50 29 55 16 7 16 79 71 89 85 19 5 50 83 23 2 66 83 56 27 47 9 63 51 40 36 34 2 65 57 35 61 4 24 76 67 71 35 24 82 9 13 43 91 14 78 13 36 75 57 21 23 74 60 11 21 5 96 90 91 3 14 46 71 92 47 27 88 90 73 59 63 53 75 80 80 74 53 18 55 74 10 29 34 92 27 24 56 35 68 19 9 95 47 43 54 6 99 49 12 15 49 0 94 20 39 64 16 4 75 58 2 19 88 94 99 28 95 97 74 10 43 69 35 52 24 91 14 75 78 69 68 22 34 91 14 55 34 31 35 10 9 3 55 87 16 99 10 84 58 25 33 88 6 60 67 90 11 81 31 77 12 
23 73 31 52 85 77 35 6 57 45 14 59 61 37 44 72 55 8 96 36 60 13 58 38 6 3 75 73 98 16 59 20 22 70 40 97 34 17 97 48 92 85 53 41 40 95 75 76 46 93 74 69 12 17 28 24 55 81 3 40 66 25 68 24 68 3 27 81 94 11 36 80 77 39 53 21 92 94 40 39 3 74 77 89 76 55 89 78 31 68 70 20 25 15 63 27 66 13 67 51 68 36 34 45 91 56 71 75 87 57 11 21 23 53 80 90 99 40 76 33 35 77 80 32 18 18 37 59 52 22 56 74 52 26 31 61 21 32 4 14 31 11 40 34 11 61 69 42 57 66 87 99 76 83 49 35 53 80 54 34 6 47 7 63 7 78 23 16 41 56 72 41 28 89 51 71 51 57 16 84 81 26 38 21 63 5 48 36 15 54 65 55 32 96 22 96 93 4 38 84 23 18 47 0 92 16 23 27 91 24 44 60 40 7 86 83 68 32 81 29 98 59 2 14 12 2 45 64 39 36 55 33 97 40 16 41 4 85 98 62 56 75 7 96 11 33 79 35 33 98 79 48 47 33 36 11 4 66 30 52 91 28 80 43 25 52 93 93 72 58 74 75 24 52 32 14 2 76 96 91 35 62 41 28 72 50 4 75 51 34 99 86 68 48 74 83 35 55 45 73 
64 68 0 62 42 72 28 11 94 3 61 4 32 45 7 18 81 93 28 37 74 59 37 82 59 1 80 16 50 85 24 21 97 16 77 44 36 12 95 33 86 65 97 26 27 18 81 61 64 46 43 51 3 69 98 67 78 3 68 71 32 37 81 57 64 54 38 11 38 61 28 41 29 32 13 22 19 13 12 54 39 31 32 98 95 40 33 27 96 38 25 49 19 22 2 59 58 3 6 37 47 67 73 36 45 32 68 10 26 40 69 56 80 94 46 33 81 77 52 6 90 88 50 78 5 6 17 98 15 97 20 38 0 82 12 66 95 0 75 22 94 57 46 24 91 25 49 11 96 81 28 95 51 67 67 51 48 98 74 74 27 64 52 71 77 87 2 7 37 11 71 79 82 23 51 69 64 45 0 99 93 17 51 77 13 66 97 84 12 2 32 96 27 99 3 53 37 89 13 3 38 9 37 67 45 46 26 30 67 64 22 41 95 55 28 93 27 39 25 62 12 7 66 60 48 11 42 44 58 98 25 52 25 57 48 62 22 99 1 60 33 22 88 39 3 33 42 98 55 65 62 60 15 32 35 63 34 16 18 18 19 49 36 27 23 13 48 23 21 51 16 23 58 66 89 17 73 83 52 18 99 71 93 15 10 34 97 42 14 93 25 23 91 20 32 4 27 58 62 23 
43 72 51 74 1 76 74 36 25 75 93 71 52 80 98 15 38 69 48 3 65 89 41 18 67 28 80 87 99 25 71 24 34 30 81 37 54 75 50 27 47 70 75 6 52 3 22 97 44 28 40 68 95 21 13 9 72 82 61 9 24 45 94 62 82 71 93 38 82 35 91 27 13 30 30 58 48 87 81 39 22 47 87 35 89 84 63 55 30 31 5 95 40 34 31 88 47 49 22 45 24 25 77 8 77 89 41 96 58 49 55 34 64 59 40 11 44 50 23 97 59 2 59 13 20 89 7 64 25 16 63 75 96 87 81 28 99 82 39 47 9 22 2 81 54 97 75 39 44 10 78 84 83 65 53 64 29 57 64 16 3 28 8 25 29 31 79 87 62 52 56 86 79 66 80 22 88 27 84 70 46 56 13 47 53 73 56 40 45 85 21 67 16 61 13 36 32 59 0 13 95 70 14 42 96 17 72 52 24 23 95 97 98 20 90 88 81 72 15 28 57 52 5 83 65 70 44 27 93 97 2 78 83 88 99 90 83 49 14 17 2 78 54 91 91 16 83 99 86 1 32 56 31 9 81 82 32 9 76 89 37 7 60 6 33 53 53 32 14 97 42 54 82 91 19 62 45 21 32 74 45 51 72 95 84 4 14 53 78 79 91 6 16 32 53 17 41 80 94 78 
94 29 97 45 1 5 24 60 94 61 57 39 33 60 17 67 0 88 86 69 78 19 56 45 20 20 8 11 5 20 95 29 2 63 86 86 30 47 83 80 99 94 56 94 46 97 17 45 38 33 45 3 13 69 86 1 14 72 95 70 46 38 52 73 4 88 41 24 11 28 77 52 76 52 3 11 31 2 17 86 10 70 58 60 79 14 22 96 77 38 29 49 64 57 73 28 3 43 10 8 27 82 38 7 39 6 53 49 89 14 10 22 29 63 76 95 57 82 15 23 61 89 56 97 49 54 24 52 95 13 43 81 31 80 67 15 78 83 31 11 39 74 59 53 71 23 55 88 8 93 16 44 36 69 6 52 65 11 98 87 47 30 67 24 18 35 87 53 27 61 71 82 26 32 64 50 84 60 61 3 49 94 97 64 61 5 56 71 36 84 70 9 89 87 39 70 57 15 72 67 2 4 13 18 91 17 40 99 95 5 38 6 62 56 69 49 70 38 86 20 61 1 10 19 31 10 82 65 92 3 7 36 32 3 4 84 0 9 31 88 45 43 37 81 32 6 14 94 25 99 2 43 78 9 50 74 46 94 78 62 74 92 85 79 79 73 9 26 55 55 11 28 77 89 71 22 75 60 11 76 69 56 86 8 34 25 82 20 58 52 78 32 73 21 53 40 29 83 75 48 
33 3 67 16 58 77 73 58 57 30 16 1 54 38 40 1 51 33 37 24 92 7 68 82 65 61 76 98 94 69 84 89 21 66 57 15 28 67 35 25 28 56 11 92 57 45 47 72 87 33 22 5 91 17 22 29 46 63 47 13 19 97 28 15 3 29 97 14 50 13 55 47 41 91 20 21 85 36 79 30 34 15 54 23 43 75 1 91 43 79 97 30 6 88 99 18 56 50 39 46 36 99 96 89 5 78 36 27 5 31 3 26 9 16 92 34 95 7 52 31 68 92 54 85 47 32 69 32 63 84 28 7 96 59 14 25 38 44 33 2 49 86 23 52 0 62 71 33 72 56 95 23 26 39 53 0 21 47 73 32 14 18 30 95 67 33 13 68 17 23 47 74 96 66 3 59 93 39 90 47 37 34 66 45 92 8 83 1 22 27 15 12 51 53 2 22 27 10 99 91 72 57 48 68 42 91 4 97 17 31 93 94 86 63 51 62 66 39 75 95 89 45 36 82 57 83 89 47 55 22 15 58 0 44 94 9 41 60 75 17 44 19 55 90 15 30 66 29 28 48 65 4 92 19 17 95 28 25 17 71 27 52 47 95 1 80 30 65 82 51 61 31 49 55 88 27 39 94 52 26 81 48 96 62 61 91 78 90 61 29 87 95 65 95 18 97 85 24 31 64 
57 94 69 99 53 8 91 77 81 68 29 12 70 90 91 62 23 12 97 61 50 98 65 17 44 96 38 67 40 97 20 61 99 94 84 20 67 10 25 11 10 3 73 45 15 14 72 29 97 78 67 56 94 48 76 90 45 5 28 17 22 25 75 3 81 25 58 39 3 60 51 99 34 81 59 5 75 29 83 22 23 21 85 20 66 82 11 63 92 54 76 76 11 4 71 7 75 45 76 75 24 3 98 10 44 0 23 95 40 8 52 52 51 97 38 59 44 22 42 8 7 70 74 6 8 69 25 4 81 16 17 62 74 38 34 73 20 97 50 20 94 74 11 16 52 37 22 97 17 84 34 85 76 8 92 8 22 2 3 39 73 13 62 70 21 14 64 12 84 38 45 79 78 35 69 37 10 38 65 76 78 40 34 89 27 57 22 17 49 22 97 6 89 97 46 33 9 57 36 72 25 13 73 68 36 95 80 75 29 40 73 26 88 34 64 10 37 60 1 36 4 11 8 57 16 80 7 54 58 60 74 7 47 10 64 41 86 25 4 16 78 84 34 89 69 6 32 32 91 92 57 50 33 62 93 73 60 92 70 99 31 36 6 67 21 48 58 1 52 90 62 28 62 55 12 68 89 98 21 0 61 74 58 37 28 43 93 21 63 77 17 92 54 40 8 99 4 28 49 46 
18 65 81 87 92 29 85 7 1 45 47 70 75 69 40 87 61 35 41 87 76 24 26 47 56 56 71 67 78 19 39 98 99 17 46 75 65 59 11 41 96 80 83 56 56 98 11 10 80 48 51 85 92 89 54 72 34 87 17 0 27 21 15 5 31 21 45 46 29 99 97 70 57 6 31 14 10 72 64 28 99 6 51 12 20 48 0 79 18 30 90 34 96 16 67 25 94 9 9 34 64 53 92 3 74 2 58 34 6 57 67 12 52 71 92 77 73 99 4 17 12 94 81 28 19 52 51 44 96 90 49 71 66 88 65 59 60 79 36 0 55 51 58 84 66 69 34 73 86 77 39 2 7 43 94 85 82 36 49 30 30 55 88 55 12 91 51 76 0 22 48 88 43 4 34 31 16 10 2 77 62 44 48 80 47 93 38 99 47 56 22 67 56 60 94 76 59 28 15 58 8 2 79 52 24 19 35 66 80 61 62 83 70 38 23 19 90 74 2 63 61 22 7 48 14 7 51 79 91 67 80 61 98 14 59 0 19 9 12 85 6 30 51 10 25 97 12 31 13 30 51 80 9 16 96 12 81 40 28 43 22 75 10 6 59 16 51 73 14 21 77 92 99 43 90 60 98 33 28 32 52 58 72 36 96 78 48 8 29 33 24 8 53 69 67 99 48 69 64 3 
99 70 65 76 55 52 7 3 99 3 93 56 95 1 62 34 27 53 1 44 73 13 77 39 11 38 22 96 60 58 16 60 71 9 82 54 7 88 4 23 67 12 59 15 5 45 7 93 43 58 38 38 57 77 32 59 94 46 99 15 12 15 5 45 14 29 4 86 84 37 0 80 33 42 68 17 15 95 62 46 80 23 58 88 9 96 75 3 18 48 78 1 64 77 35 1 21 93 1 93 68 37 56 81 74 57 28 21 12 18 68 55 31 28 13 87 87 18 76 80 43 21 14 76 48 32 10 94 79 72 56 60 84 23 75 62 25 95 32 6 92 87 1 72 98 16 78 31 37 23 2 2 52 47 91 4 58 67 66 11 17 60 55 95 96 28 48 78 17 78 96 24 81 67 0 81 4 13 95 49 69 85 34 27 68 61 18 92 38 48 37 94 24 55 57 33 11 61 79 75 29 12 53 12 63 41 32 86 41 20 4 73 64 12 57 59 35 69 41 47 20 53 78 17 3 16 26 40 48 27 58 39 85 76 23 61 7 74 25 4 16 40 55 28 39 18 68 70 79 41 50 4 33 11 48 15 85 59 5 12 44 98 85 72 29 11 82 56 31 20 96 48 10 89 21 55 47 24 94 86 33 69 19 44 11 21 58 14 68 2 35 57 25 78 73 42 26 30 41 37 
49 35 54 60 90 87 4 73 38 85 63 94 77 6 15 80 80 3 3 31 53 94 33 19 84 11 56 56 21 79 60 91 60 73 59 65 98 69 25 74 74 76 88 69 49 58 47 88 57 17 0 71 15 68 14 75 0 39 44 17 46 6 98 10 63 77 17 43 13 47 51 75 10 27 48 21 43 54 98 2 60 34 58 82 35 84 35 31 37 77 17 9 52 76 96 0 98 49 58 40 2 87 89 12 24 27 92 90 8 8 21 30 44 51 77 85 94 13 7 61 3 39 96 83 49 14 94 6 63 83 3 62 79 46 1 56 24 4 16 20 51 77 80 19 40 21 2 52 59 53 76 2 41 47 11 72 94 27 26 37 82 69 26 13 35 82 51 66 99 96 16 99 89 43 83 74 33 57 19 15 62 8 34 86 7 37 6 33 59 89 63 71 30 81 5 33 46 79 32 95 90 44 33 65 3 85 29 30 18 19 96 65 87 10 70 51 8 8 44 7 37 36 65 11 90 40 87 62 7 2 10 72 62 86 41 31 6 54 39 36 94 95 97 6 74 18 11 8 14 64 64 76 87 84 71 52 85 91 75 46 1 17 0 22 75 5 84 28 23 53 36 7 5 38 51 35 65 67 83 25 74 3 20 15 97 87 87 63 29 8 18 25 15 37 63 74 49 32 96 33 
16 64 81 26 80 56 48 65 57 73 90 31 98 78 34 93 22 38 19 15 44 60 82 50 74 86 4 14 83 0 74 19 5 88 29 70 52 70 94 10 28 44 14 20 4 52 37 57 77 35 17 24 2 64 51 0 65 24 76 16 68 70 31 47 30 90 95 29 15 57 27 16 50 22 30 82 36 8 74 13 9 5 5 70 23 46 96 73 4 76 39 72 46 51 63 69 70 82 49 88 47 92 27 19 69 78 17 58 90 35 66 23 18 62 43 67 74 5 80 76 26 79 12 90 55 21 3 72 66 27 70 1 42 90 90 11 47 5 98 30 32 34 37 5 16 60 64 39 12 51 2 91 42 25 85 51 38 84 51 8 87 77 7 85 86 3 42 9 89 67 69 20 67 30 10 67 84 19 44 54 74 31 73 93 29 19 59 80 80 68 70 86 51 34 85 36 58 37 54 4 48 95 36 6 19 82 18 4 96 30 19 10 81 10 6 47 70 66 50 53 56 52 88 45 75 25 39 8 28 66 44 14 22 23 91 81 15 61 57 58 55 41 13 77 40 35 99 64 51 22 89 1 91 33 32 91 47 55 67 91 12 56 67 40 87 47 8 3 28 75 11 11 22 41 26 80 64 41 90 86 20 31 11 41 44 50 52 8 57 43 74 93 10 32 92 80 89 85 6 24 
23 85 14 3 4 72 85 67 15 42 62 52 90 36 82 75 99 43 76 2 75 58 67 37 44 2 67 91 20 9 38 0 12 88 6 11 55 54 2 45 43 24 2 43 77 97 59 81 63 61 92 35 64 27 70 89 39 26 17 39 35 63 2 99 15 46 5 82 5 46 40 41 19 71 3 96 70 83 85 2 81 37 21 57 43 42 16 70 34 98 24 32 46 74 76 25 87 90 97 73 64 22 31 99 43 98 50 83 94 48 39 98 13 78 36 65 46 87 66 18 56 62 41 4 97 71 32 3 44 1 40 40 52 99 32 76 55 49 99 97 6 12 0 28 84 80 48 86 50 97 84 98 0 72 19 73 25 32 66 68 51 48 41 42 61 78 78 1 93 31 40 45 24 86 51 87 88 47 42 5 1 65 30 96 93 69 26 6 50 45 58 14 50 11 67 59 21 36 19 27 26 96 94 34 13 8 79 89 72 72 8 92 66 67 53 52 93 84 83 13 27 31 94 18 96 68 78 23 28 38 45 30 48 62 98 84 77 91 75 83 30 36 70 23 45 11 4 1 2 0 63 11 78 72 52 51 27 52 44 34 65 17 78 31 82 96 37 88 31 51 49 77 96 41 40 64 78 64 41 95 12 1 75 11 59 88 20 91 55 77 24 22 42 84 72 45 40 22 95 1 
34 37 22 79 67 14 93 54 92 93 16 94 48 26 84 7 44 72 32 11 8 6 29 31 47 55 87 36 17 91 58 65 91 85 86 12 51 77 67 40 27 19 77 5 16 93 22 52 12 99 76 23 18 79 10 51 0 43 81 90 71 28 36 63 7 30 93 99 25 18 89 48 0 19 5 92 81 93 9 43 28 25 11 8 52 54 21 64 11 33 72 59 51 47 11 82 40 52 64 57 53 11 35 68 54 16 17 26 97 0 98 30 60 1 87 55 2 25 90 58 8 98 59 41 85 60 89 4 97 4 96 93 95 39 57 22 76 80 23 16 57 23 17 94 61 44 34 80 31 77 25 87 64 17 12 80 24 16 17 70 17 25 3 23 96 65 65 24 70 7 96 59 12 76 56 11 96 5 31 42 14 98 38 2 81 3 82 74 39 27 45 91 84 65 38 6 12 27 37 74 95 39 17 74 73 42 87 1 86 56 62 81 6 35 49 55 55 10 19 96 0 20 9 13 10 58 54 73 33 99 21 38 63 42 31 63 17 76 70 33 0 95 81 13 4 58 60 18 7 8 54 56 60 42 14 8 21 16 46 77 76 67 25 44 45 16 34 53 48 25 51 66 21 93 87 22 72 97 43 32 40 55 46 35 65 28 81 62 35 86 0 80 31 13 17 1 86 51 2 28 
62 9 33 88 14 24 44 26 76 40 76 92 37 42 40 72 37 57 4 69 29 65 18 2 0 10 18 38 81 4 91 42 64 91 78 24 11 3 43 77 64 25 77 53 6 19 17 89 93 86 90 94 99 89 5 91 13 76 20 70 10 70 59 36 19 29 57 21 51 62 65 45 35 6 12 8 40 85 2 18 56 31 36 81 74 16 36 39 40 7 34 13 82 35 50 40 10 82 86 27 68 46 55 15 57 46 30 78 67 58 97 56 38 19 40 99 14 16 94 5 68 72 63 83 84 39 28 2 17 48 70 91 7 88 68 65 15 78 41 54 8 14 14 53 49 83 97 92 40 64 84 75 89 7 96 54 97 51 91 73 92 29 32 86 80 9 38 47 22 2 88 12 0 98 95 71 86 36 89 27 27 20 68 75 78 82 17 84 95 25 53 78 60 35 14 38 53 54 25 61 73 7 20 21 67 70 61 25 79 56 0 6 42 37 88 35 10 9 15 41 7 12 73 50 68 0 32 88 43 40 73 22 81 45 74 20 74 46 23 25 57 11 60 65 15 49 12 59 69 77 53 53 65 40 59 67 67 13 61 28 16 58 6 96 92 76 19 55 80 75 29 47 43 52 78 70 12 72 7 56 89 19 8 22 7 8 55 43 73 53 85 62 19 91 43 17 57 38 93 73 
29 61 98 65 76 67 33 77 42 56 78 15 30 93 73 22 31 33 67 47 94 98 69 55 36 95 41 7 37 88 96 26 58 81 96 84 4 85 72 30 81 32 57 4 93 68 68 68 89 31 18 99 90 61 28 13 7 66 12 65 62 93 59 56 57 33 3 12 79 23 53 16 58 17 72 12 43 38 8 91 5 22 32 10 30 96 56 99 41 18 79 36 95 65 97 68 49 69 88 75 48 21 59 28 86 9 71 68 5 37 70 48 48 52 93 20 65 45 79 27 4 80 12 28 33 0 21 16 98 0 88 27 38 60 69 22 61 75 77 99 19 2 10 50 63 69 14 46 21 62 16 81 96 4 86 92 73 54 95 86 64 30 55 65 24 97 1 64 65 74 62 27 32 99 31 83 68 88 94 62 82 59 57 74 34 24 70 80 48 86 57 97 90 52 83 75 72 28 64 40 52 14 91 58 92 95 15 67 41 24 1 64 72 42 93 11 50 62 28 61 78 31 79 65 46 79 63 75 32 64 32 96 81 98 72 81 82 37 4 83 17 48 1 65 56 28 36 56 34 3 36 85 98 27 93 61 39 89 5 58 17 93 7 75 39 44 45 75 53 1 52 18 53 85 16 43 62 67 45 47 65 10 93 57 7 38 15 29 95 67 65 91 90 85 27 76 7 3 3 81 
61 0 20 99 32 71 84 40 68 65 35 17 53 30 70 43 2 68 34 36 53 74 69 46 8 60 88 13 42 46 67 61 96 30 82 45 88 69 66 19 45 79 80 54 4 95 39 98 58 58 58 87 3 81 28 77 72 21 25 53 42 9 40 23 91 42 21 26 45 96 39 82 45 21 95 41 0 38 96 15 52 71 39 4 63 95 26 0 14 17 54 39 97 2 33 60 11 69 85 95 69 2 94 26 86 83 37 38 93 93 87 96 78 1 64 19 55 26 87 0 42 30 61 14 37 90 72 3 25 63 33 68 53 15 10 32 92 18 8 94 90 80 21 65 13 87 89 42 32 55 53 93 52 22 44 0 29 18 51 18 71 41 35 61 55 35 21 16 59 83 65 67 1 54 66 20 9 45 22 11 0 44 15 17 52 30 93 29 79 33 66 75 17 29 37 94 91 63 76 12 52 75 82 75 5 27 54 85 78 95 79 34 16 38 59 1 69 18 22 35 93 69 79 97 91 9 18 59 98 36 92 14 64 98 13 45 20 54 14 70 60 30 9 51 42 89 88 7 66 47 28 66 12 70 9 65 75 66 27 58 29 28 61 64 15 59 47 6 12 18 46 46 29 18 32 57 59 24 82 95 33 99 47 60 8 76 74 52 99 20 30 8 17 18 43 75 12 77 52 14 
12 91 13 27 79 80 48 42 23 88 17 1 84 3 16 47 80 58 4 7 84 60 29 77 15 24 6 30 74 8 28 42 49 4 37 62 96 34 79 62 36 11 7 67 75 5 53 20 86 62 17 99 35 94 6 24 87 59 87 87 19 94 89 91 24 59 37 86 77 30 14 87 97 47 70 44 4 82 63 45 77 93 43 16 31 48 97 16 26 52 40 29 90 99 42 45 44 70 79 61 39 44 70 81 74 94 70 22 38 78 16 91 87 74 80 79 59 23 65 96 6 26 61 64 70 28 72 95 72 6 18 85 5 98 86 54 33 79 28 50 54 66 50 72 15 13 63 90 57 88 18 16 64 45 69 82 3 2 44 39 62 16 63 87 13 22 59 53 56 27 60 32 88 43 70 53 11 12 28 42 50 66 50 54 42 99 68 39 10 68 59 22 57 23 10 11 83 66 82 81 77 28 51 94 29 93 71 62 78 79 22 74 80 62 10 4 17 1 31 48 78 8 47 46 94 70 48 71 14 92 44 1 54 59 90 44 5 25 18 35 29 47 11 70 50 62 86 93 38 14 1 8 23 59 80 31 2 11 96 25 23 48 12 92 43 2 3 23 15 17 93 26 27 60 89 80 35 31 0 54 30 76 18 15 47 94 36 22 96 81 58 58 93 75 43 95 29 40 98 55 
18 40 36 87 9 20 6 35 59 83 62 12 26 69 45 85 41 48 1 90 73 13 83 27 64 52 77 36 62 0 64 10 55 12 82 42 14 19 91 57 42 42 8 97 19 82 62 64 24 90 6 32 25 76 59 96 31 79 18 18 9 12 55 90 84 72 30 24 64 5 7 2 84 11 78 52 24 64 4 96 56 96 47 21 22 16 37 50 35 53 34 39 29 95 24 56 46 38 94 19 55 89 70 54 16 71 48 41 44 29 80 80 96 90 75 2 66 37 86 83 62 43 54 65 37 64 8 4 66 54 65 45 50 32 72 50 64 33 57 58 34 83 23 85 54 69 78 50 49 41 62 12 73 28 85 67 25 89 77 37 90 70 7 24 5 65 33 31 90 51 49 14 23 67 14 18 2 19 65 92 91 83 74 96 83 56 69 31 47 73 94 47 72 59 63 92 19 23 97 57 99 90 9 45 6 89 33 17 86 48 13 82 52 15 21 36 74 73 89 98 25 81 19 46 15 43 87 72 34 1 76 73 41 17 9 10 40 98 35 59 26 35 92 33 26 81 16 87 25 59 89 30 11 30 17 23 40 26 82 25 48 66 32 11 61 98 0 66 21 52 49 38 89 38 49 47 84 47 51 65 3 52 12 61 61 57 7 95 13 60 84 51 39 3 38 64 66 39 55 38 
7 84 52 27 4 69 88 46 28 61 74 87 22 34 27 78 25 56 21 71 66 78 92 15 53 75 97 74 23 43 7 18 95 32 7 73 6 25 46 79 42 49 19 62 0 23 4 27 71 98 94 18 50 75 50 42 73 35 94 23 81 19 28 70 35 91 12 47 3 42 63 38 83 66 81 37 97 19 84 69 3 1 80 93 51 72 36 61 78 33 56 29 28 50 91 38 58 10 85 90 50 42 28 57 76 68 22 40 38 7 98 82 36 58 98 86 25 24 89 48 16 4 49 44 82 7 96 96 5 71 97 66 69 55 50 6 7 56 96 63 6 33 67 72 43 18 98 67 33 73 19 89 80 95 97 43 27 23 2 89 63 49 65 17 73 99 78 35 78 58 25 44 18 10 58 32 52 40 29 97 45 93 42 75 67 73 84 24 51 87 4 56 23 63 13 9 97 15 90 87 54 66 59 62 44 41 18 82 84 92 75 53 55 81 36 33 54 17 76 22 81 47 30 45 76 4 4 60 59 53 92 33 46 28 86 74 30 37 54 45 64 86 20 52 73 72 9 77 60 38 98 84 46 30 58 13 47 49 12 14 61 28 20 58 66 48 43 42 16 74 73 35 67 1 51 48 68 29 62 81 51 65 45 48 9 55 5 38 74 24 2 40 25 28 89 97 52 80 88 18 
19 1 46 67 16 61 7 82 0 52 80 92 11 99 65 56 57 63 27 8 89 8 20 1 54 94 86 80 65 65 62 87 8 46 59 71 76 98 52 2 92 85 83 84 53 37 7 12 14 59 3 5 12 11 7 28 59 98 38 93 97 85 69 94 48 13 31 96 93 64 92 95 11 19 9 49 17 69 54 46 8 93 97 10 68 40 70 14 22 12 61 67 6 88 41 33 96 5 36 65 57 13 36 15 30 56 53 17 76 59 0 74 89 1 67 85 70 5 56 85 73 0 19 90 44 11 33 8 68 94 96 22 48 75 7 95 46 45 44 29 14 83 14 18 77 87 70 82 89 5 8 57 62 26 43 59 75 6 70 15 30 33 99 81 87 3 28 94 21 70 64 93 48 59 15 62 73 93 33 40 40 2 56 74 10 62 17 12 55 30 68 84 57 20 35 18 22 99 81 94 14 4 19 2 19 14 71 58 51 3 93 18 91 36 45 32 14 12 89 34 29 32 74 62 67 63 19 3 70 97 42 95 84 91 11 14 56 44 77 51 88 49 63 64 4 69 8 83 55 52 87 27 84 83 61 49 41 52 22 96 85 33 68 86 67 93 43 75 32 53 8 30 61 11 76 98 72 53 19 77 23 34 58 23 18 35 67 79 41 56 78 6 74 2 5 55 2 63 73 14 
31 83 63 46 73 90 56 40 49 7 73 63 65 70 54 81 54 44 7 34 70 92 28 2 89 7 58 65 79 19 56 42 90 4 90 22 9 32 93 84 44 11 69 19 90 38 4 13 52 22 56 39 30 44 19 93 67 93 1 41 76 28 81 21 76 66 21 79 31 50 44 45 39 92 74 49 68 79 10 16 99 4 0 12 31 61 23 23 37 92 52 62 5 39 21 49 3 49 52 70 13 80 79 91 96 69 96 9 45 13 11 93 79 68 97 40 23 2 31 81 35 20 67 22 6 79 64 98 91 23 99 11 7 9 78 89 27 34 73 19 1 23 66 36 45 94 32 17 26 49 4 79 46 47 82 54 64 94 23 29 8 36 23 12 69 37 93 5 0 76 31 9 54 17 96 43 64 47 81 75 70 50 22 34 30 41 70 26 59 53 87 39 69 43 46 93 72 90 72 89 17 66 27 64 1 1 62 7 47 13 90 97 22 3 95 52 82 83 95 1 54 91 62 30 33 36 38 55 72 70 1 35 8 89 46 64 9 73 11 79 21 33 47 99 4 62 91 86 24 65 16 38 88 47 34 52 32 41 81 88 96 69 37 1 63 1 6 11 2 70 50 93 39 77 17 12 26 69 35 53 70 54 86 43 71 54 73 16 37 53 88 93 4 92 62 32 36 41 20 46 
18 37 25 22 43 44 51 35 11 97 49 44 4 35 30 87 5 26 13 63 89 37 59 69 37 67 76 31 23 8 33 36 13 58 14 59 32 42 9 19 95 51 48 16 24 22 73 78 62 71 61 28 6 97 97 63 81 9 87 97 76 10 95 55 29 20 53 53 13 36 46 86 38 80 25 39 12 98 34 53 19 19 34 65 78 45 11 26 70 23 40 78 28 18 48 87 7 44 87 24 8 58 96 81 92 49 24 30 9 17 32 59 71 70 12 97 79 32 96 78 63 95 67 43 6 69 17 8 95 84 0 24 47 97 31 84 1 48 60 53 1 52 73 8 81 50 43 26 85 11 15 58 27 9 47 59 38 29 83 41 51 50 96 7 73 70 56 92 18 53 74 12 76 2 29 60 73 40 54 6 5 86 71 8 1 5 31 7 24 19 67 35 97 24 71 64 8 27 97 63 55 5 93 54 14 27 75 20 0 67 46 99 55 47 12 30 62 73 59 9 35 17 55 60 82 9 64 79 37 48 82 23 52 25 19 73 56 32 29 1 28 87 39 4 39 77 60 99 44 85 36 14 42 64 13 9 85 77 72 96 40 66 34 81 12 36 22 34 86 64 93 50 98 87 79 29 97 42 93 26 80 3 84 91 56 35 71 2 97 28 72 21 94 62 26 76 58 70 97 56 
39 17 56 34 46 71 19 86 23 87 7 46 28 58 26 55 92 71 13 22 71 80 79 19 90 34 68 8 30 22 84 19 81 1 86 28 25 27 48 16 4 34 53 24 57 66 32 14 48 55 80 96 43 90 2 15 7 26 45 42 94 31 73 94 33 7 70 15 29 29 21 3 93 8 34 21 19 5 77 56 93 65 41 74 82 68 70 7 57 73 46 90 11 81 7 56 23 27 68 16 66 68 77 80 47 29 71 29 72 92 55 55 18 54 44 69 82 33 18 95 37 71 46 0 42 36 77 64 83 80 92 69 24 16 32 56 3 5 33 87 55 65 54 14 23 96 10 50 67 85 11 20 89 45 18 67 73 67 8 89 22 39 35 33 1 35 24 77 4 76 70 34 54 96 40 46 4 4 23 8 92 53 24 93 93 70 74 59 18 54 80 63 49 62 34 50 58 43 44 50 30 63 56 32 66 37 70 19 59 1 23 86 81 74 97 84 89 74 52 32 86 74 10 22 52 16 12 22 1 98 23 43 56 63 95 61 90 64 9 39 94 42 18 72 82 36 95 0 5 37 1 37 53 97 27 72 37 60 91 96 30 48 23 13 88 81 40 45 74 46 75 2 64 5 23 76 82 99 18 46 20 75 65 45 39 28 89 77 18 88 95 8 93 51 18 64 73 66 24 21 
9 30 95 29 17 12 68 85 63 25 20 47 37 33 89 81 56 46 31 66 79 84 67 92 43 99 22 36 54 52 73 89 37 9 67 53 68 93 50 63 59 92 12 6 6 7 13 32 68 3 70 0 15 46 72 63 75 21 52 18 18 89 86 49 73 27 95 93 48 58 18 87 79 28 17 76 89 16 86 19 39 22 20 94 69 82 36 48 75 97 27 79 65 6 40 21 43 8 87 46 13 46 76 51 94 63 8 6 54 77 92 70 87 2 9 85 60 23 39 90 73 84 48 26 31 31 90 35 62 22 72 58 62 3 19 48 55 55 87 10 59 11 48 23 59 87 48 45 79 48 38 40 92 71 7 18 39 44 63 6 1 40 41 47 36 2 16 18 49 44 97 12 11 47 71 83 84 54 61 61 52 60 51 80 68 80 57 23 49 60 74 85 71 63 8 53 95 62 97 17 72 47 30 25 33 87 73 56 99 97 80 23 94 55 65 83 71 96 51 49 68 65 91 15 80 89 9 5 36 16 13 57 2 53 79 87 0 12 12 69 37 56 53 57 76 54 53 32 10 80 41 82 97 54 23 31 68 99 54 41 89 32 94 16 49 34 62 95 5 98 12 48 65 27 74 5 99 2 78 13 82 49 7 77 22 91 47 44 11 34 26 54 5 46 60 4 0 1 1 48 
45 98 39 34 15 36 9 57 83 73 98 51 4 77 97 67 64 52 27 56 9 54 6 13 95 2 10 96 95 58 0 35 63 61 7 86 82 65 19 41 19 59 28 26 71 74 74 28 48 74 81 13 75 11 2 57 72 31 97 20 21 19 45 36 32 35 0 66 29 14 92 54 93 42 74 56 45 7 87 70 38 16 39 25 62 50 29 24 1 84 84 36 60 45 7 78 56 35 54 7 45 81 85 53 64 67 82 79 62 44 73 57 64 52 44 96 41 5 66 31 93 47 83 18 40 95 71 11 38 46 51 50 38 63 55 9 4 30 50 6 37 69 50 69 85 88 32 55 23 42 23 85 89 30 93 94 42 34 32 48 18 89 79 34 55 47 94 15 41 9 62 24 3 66 83 96 19 37 42 93 91 22 33 41 13 46 6 31 57 77 1 67 40 80 9 43 7 93 8 33 6 23 38 50 44 7 74 5 40 42 27 2 46 92 26 21 50 43 7 78 34 41 54 63 17 20 17 62 49 66 85 91 55 74 8 47 47 59 72 31 59 60 9 38 10 69 85 56 26 93 74 48 39 46 48 71 21 85 7 31 66 58 87 46 69 77 69 3 8 19 56 54 90 45 7 46 28 40 8 13 16 11 47 57 42 34 53 68 10 13 43 3 73 51 9 62 19 57 67 98 
48 6 67 13 65 33 25 58 3 8 48 90 34 33 12 77 46 16 41 40 74 91 68 8 64 15 66 53 28 8 31 72 71 30 48 22 19 74 82 19 65 73 54 17 89 84 90 26 9 21 13 39 21 37 34 10 86 12 99 25 3 89 17 40 50 12 3 94 18 64 30 45 34 92 45 10 36 10 34 44 17 36 13 95 29 32 55 92 70 98 6 29 15 21 68 45 35 58 22 22 32 81 15 79 21 58 39 24 18 59 6 55 30 22 34 55 32 31 44 56 36 80 65 90 74 85 6 21 35 68 82 1 59 53 19 89 40 8 57 47 81 36 82 61 83 85 25 3 80 28 54 89 23 81 93 72 56 13 85 63 44 70 17 30 53 94 70 39 25 90 42 5 46 36 97 13 10 97 11 65 16 66 2 78 97 92 76 34 57 68 43 7 25 23 2 68 98 78 68 47 81 27 39 77 29 4 41 11 51 17 86 49 15 38 76 83 64 39 61 75 24 0 55 72 80 93 83 63 15 47 86 47 38 68 14 54 75 23 29 8 36 66 99 58 53 71 54 95 9 5 86 4 56 38 47 43 30 20 72 90 80 26 31 97 96 5 74 9 9 91 52 83 21 14 53 39 3 71 73 20 70 93 11 54 23 43 99 43 79 84 38 86 46 3 30 60 91 56 45 82 
90 80 58 13 75 20 68 65 10 41 23 35 21 46 44 82 99 71 45 51 24 41 35 32 96 21 67 80 91 99 91 76 71 97 76 97 31 70 39 62 54 0 46 56 0 53 62 92 48 45 7 16 98 20 11 33 77 52 36 81 82 2 30 25 88 42 48 83 21 78 69 85 92 39 91 17 22 67 8 0 15 16 40 36 43 92 92 36 21 53 51 77 31 3 90 25 40 60 46 83 91 94 72 35 23 78 94 74 61 25 32 39 1 12 17 95 4 41 66 39 92 86 58 16 96 70 72 10 4 76 43 60 45 60 7 90 79 18 31 47 69 79 13 50 67 61 75 70 86 32 50 43 14 27 75 78 10 96 73 49 32 9 10 10 93 32 70 94 72 21 26 51 68 83 3 36 21 96 30 10 72 24 74 26 0 65 48 30 32 30 45 3 72 59 15 32 68 40 5 69 10 4 44 31 41 7 20 66 62 82 75 61 41 3 69 19 55 47 46 64 18 46 81 80 11 98 86 56 72 50 37 3 74 15 26 39 75 69 70 62 35 93 41 95 29 72 71 20 91 16 98 9 50 80 30 56 39 31 64 49 62 77 33 30 97 15 85 57 2 22 46 83 12 39 81 21 19 51 72 3 59 45 53 61 35 63 9 32 15 37 39 10 60 43 79 21 6 58 84 31 
83 73 75 29 86 33 51 57 21 58 50 47 86 33 2 43 66 43 56 87 10 95 52 45 83 61 29 27 57 30 2 12 92 13 59 45 46 73 51 82 93 93 23 83 91 66 74 69 0 73 78 34 50 80 23 33 55 6 94 64 6 5 6 18 75 78 73 50 29 8 74 42 65 47 19 26 75 93 18 80 24 81 17 42 35 1 68 31 69 73 79 53 70 0 85 83 91 87 80 79 9 71 53 32 47 31 53 85 71 49 83 42 13 32 85 34 86 95 14 71 92 40 55 6 32 94 48 92 67 93 3 25 34 15 57 44 55 67 37 30 68 72 80 94 64 43 82 51 15 26 48 81 0 32 48 30 91 54 12 8 74 40 98 18 52 97 52 33 72 36 4 69 33 32 32 43 76 46 64 80 41 2 37 14 35 51 51 85 46 52 71 55 13 76 27 54 94 41 50 32 69 79 63 19 3 59 93 81 18 64 83 89 24 37 14 86 71 22 39 18 3 55 93 44 7 21 37 42 91 4 66 41 80 7 86 36 31 28 57 56 25 88 16 9 4 71 86 87 5 32 69 73 69 89 38 57 38 50 52 76 85 44 66 50 49 64 4 49 20 23 74 49 36 52 11 50 22 42 10 47 82 86 34 29 25 8 57 50 6 62 98 27 27 42 24 46 82 40 53 52 
5 16 90 59 38 15 69 73 83 65 11 45 93 33 14 56 90 23 5 50 49 5 55 74 95 80 16 66 12 37 76 18 51 81 1 31 35 9 77 4 62 73 68 70 4 86 79 23 48 26 84 0 31 62 95 47 81 24 5 88 87 73 34 96 86 88 7 0 26 73 89 48 60 39 90 66 80 73 10 85 33 63 99 73 10 62 30 81 35 98 35 92 85 61 82 73 65 35 6 29 25 97 32 97 98 46 26 92 94 38 21 76 72 55 42 10 77 65 97 40 14 26 63 70 92 78 54 97 83 66 15 12 4 62 40 63 7 48 44 67 23 86 81 73 74 93 29 40 84 80 56 14 90 6 98 50 21 3 36 64 8 68 14 91 20 66 24 59 59 89 19 73 58 84 35 5 45 33 84 99 49 93 60 82 86 16 38 6 86 56 5 21 3 62 60 46 59 4 92 89 22 28 97 97 76 21 62 8 78 80 79 20 57 54 10 37 28 52 21 8 63 49 45 23 57 39 96 53 65 25 2 85 97 16 0 84 7 51 31 11 65 34 96 86 8 78 52 80 7 63 54 51 40 44 39 53 48 78 64 0 52 3 14 16 26 3 18 35 50 49 54 46 50 81 51 47 35 5 61 51 49 47 89 44 85 79 13 10 25 68 14 78 63 57 90 56 62 84 1 11 
39 10 20 29 74 57 4 8 63 1 41 68 40 77 8 54 78 33 88 19 37 25 51 91 34 94 44 26 60 9 52 30 9 56 56 23 60 70 68 67 6 1 28 80 90 31 71 26 45 52 1 80 96 37 7 11 21 76 22 44 37 75 59 28 67 34 10 29 52 95 57 44 26 80 84 57 79 78 98 25 56 40 26 62 22 66 45 36 10 83 53 23 76 49 83 91 10 60 26 96 90 29 52 61 72 12 15 64 74 83 44 76 90 95 65 41 80 27 7 89 60 36 24 67 23 29 58 84 2 95 94 89 92 94 1 8 15 79 91 9 74 18 64 87 18 94 28 86 61 82 8 72 72 57 62 16 50 36 47 69 88 58 92 19 29 78 63 23 73 43 24 27 20 60 75 61 27 65 51 35 48 35 83 58 19 5 97 62 45 24 48 87 4 31 5 42 86 8 23 30 52 80 12 83 89 81 13 1 62 34 5 73 52 86 93 35 68 48 48 90 29 73 25 91 62 41 18 47 65 54 21 60 9 19 82 35 35 41 2 72 55 16 18 19 56 59 73 50 11 42 86 39 79 84 31 8 47 42 20 2 4 19 19 41 33 84 84 72 63 23 70 55 1 3 17 83 17 12 26 95 29 92 8 53 42 0 45 67 65 63 86 45 75 29 83 71 48 73 93 87 
69 59 76 61 93 81 69 34 24 6 88 31 28 44 2 66 81 48 5 15 53 2 93 1 70 32 44 62 79 0 64 51 77 65 90 4 0 66 31 35 2 58 4 45 99 86 49 67 7 69 74 73 96 96 66 22 50 62 25 91 25 51 88 45 8 12 83 24 98 80 50 5 99 1 64 55 69 67 46 44 1 57 27 25 51 73 97 57 54 58 53 22 90 27 67 16 39 15 58 19 54 81 7 97 92 23 21 23 6 27 27 70 13 17 64 22 48 5 83 85 60 48 93 84 87 23 4 53 51 20 93 51 53 20 0 74 46 5 9 24 53 81 78 46 16 15 29 32 4 83 20 63 13 36 23 54 25 55 80 64 11 74 87 18 62 86 64 59 58 52 62 23 17 2 85 65 39 71 4 86 93 21 7 77 45 66 80 82 98 14 55 1 68 94 28 89 46 14 84 27 2 33 78 81 79 85 87 59 34 51 77 73 43 8 24 69 83 38 42 13 80 94 8 37 0 54 50 82 53 73 31 3 52 89 33 39 24 35 84 80 93 61 97 5 13 19 18 11 57 45 81 43 48 67 23 30 90 5 22 78 66 44 97 44 74 30 26 45 39 4 67 50 79 19 76 33 78 89 0 14 13 13 75 0 79 61 41 89 55 31 99 85 35 37 94 63 75 39 32 66 
37 78 36 7 26 59 10 17 65 52 59 76 0 99 85 34 15 34 61 20 4 14 32 76 97 73 14 94 24 75 92 3 88 37 45 71 25 32 22 82 85 41 70 46 58 95 69 12 52 93 27 44 84 90 2 46 85 69 67 60 25 39 76 44 88 95 96 78 69 43 0 87 31 97 49 24 33 87 73 68 19 34 61 95 16 38 27 15 99 56 73 59 28 6 68 78 96 95 48 55 48 12 96 14 6 9 52 34 0 13 40 3 47 1 56 40 21 54 0 32 69 14 13 9 97 52 52 21 69 6 27 15 60 69 45 13 80 72 64 62 48 39 61 15 16 71 62 29 61 52 62 91 23 42 17 14 87 66 94 22 7 21 82 37 75 32 50 89 91 22 87 29 85 57 76 60 11 73 29 22 88 51 78 95 56 76 9 73 77 47 17 35 2 59 91 47 69 15 37 56 26 31 26 14 12 30 96 30 47 29 49 67 65 57 96 15 91 71 6 98 25 30 85 2 42 58 10 95 16 46 17 1 48 88 68 4 74 6 64 60 11 10 28 93 49 51 18 19 56 73 13 75 45 3 71 36 70 45 6 74 71 8 69 1 54 72 65 58 44 38 40 8 32 4 69 13 77 96 38 3 39 34 77 14 26 88 72 62 47 49 88 21 96 75 83 94 31 39 34 45 
85 46 34 32 40 46 42 75 72 87 9 58 84 75 8 27 96 65 81 36 46 17 23 12 6 83 58 77 73 55 30 59 32 61 18 27 98 52 46 42 14 97 55 65 32 62 95 78 80 94 24 6 62 76 16 30 65 87 36 73 27 76 68 51 65 93 82 30 1 84 64 17 97 72 64 24 2 66 97 99 58 88 13 92 67 89 32 29 56 19 13 58 29 80 69 81 35 75 27 11 57 98 19 23 92 8 2 67 23 42 45 42 75 68 82 10 0 53 34 61 36 61 45 24 56 38 22 94 91 61 74 86 74 18 63 37 32 7 74 99 27 32 67 70 69 76 21 42 49 92 20 50 50 13 27 66 65 55 89 21 52 26 8 28 62 37 25 51 42 38 10 99 6 64 60 2 81 93 73 59 11 45 41 94 57 14 94 46 23 32 89 44 65 50 59 22 69 76 81 99 34 60 16 51 80 25 78 37 47 17 91 73 11 63 42 22 28 13 60 3 60 24 87 67 53 46 48 62 55 69 85 4 39 5 90 71 52 57 68 73 92 58 43 67 99 88 90 32 39 65 83 67 98 68 90 36 24 39 62 17 20 4 3 81 43 29 63 17 55 13 85 98 89 78 89 53 13 70 87 2 29 81 86 73 53 62 73 87 18 58 0 42 20 93 46 4 99 63 49 66 
0 92 66 72 43 78 66 37 81 18 9 6 88 55 32 34 56 40 27 98 98 9 88 12 22 67 70 10 60 90 47 70 44 3 93 8 21 41 60 42 32 71 45 35 77 63 29 97 46 33 14 77 57 82 21 77 16 97 37 89 68 62 20 45 26 54 82 7 34 89 45 22 62 89 43 82 23 53 89 36 75 43 6 69 29 34 89 37 36 1 75 95 96 68 41 7 22 2 25 11 16 53 10 54 36 80 37 31 93 37 60 92 25 17 86 51 56 87 7 61 2 67 8 21 72 29 98 47 14 83 91 51 98 87 42 32 96 63 22 36 35 1 35 81 49 5 60 58 4 83 26 61 47 12 96 71 85 74 22 13 44 88 45 60 29 30 20 58 76 26 27 32 42 0 97 17 56 16 74 25 31 2 9 93 69 56 35 1 23 37 54 56 69 35 98 72 53 58 89 80 24 56 97 45 35 70 76 77 35 1 29 23 7 7 32 33 47 57 77 57 82 92 80 79 44 71 53 25 12 96 34 74 35 90 28 68 75 51 61 25 85 98 98 35 0 68 54 80 76 70 43 61 7 50 83 1 10 20 83 34 0 24 73 25 2 84 94 24 42 54 59 82 54 83 78 79 81 35 58 92 52 4 60 81 4 13 52 75 89 31 62 58 80 9 0 38 82 21 63 25 
45 83 9 21 54 4 76 17 62 13 53 70 57 97 54 53 78 3 97 76 55 87 70 12 4 3 37 47 30 36 28 48 69 35 37 42 33 78 15 93 22 1 85 13 35 12 43 3 90 94 84 48 43 9 80 56 26 59 59 44 4 51 84 93 56 49 30 54 68 36 91 16 58 66 43 56 71 30 81 82 58 96 37 86 24 13 32 85 76 18 55 99 52 44 17 92 17 29 75 21 95 48 25 9 89 63 38 10 3 36 17 19 67 93 19 12 39 82 26 76 69 2 44 63 65 83 37 5 73 76 35 91 51 2 33 23 16 11 59 53 68 63 59 99 25 95 82 42 88 50 81 14 69 64 59 60 79 77 40 93 45 97 97 78 40 47 95 44 83 64 86 38 67 73 29 50 18 85 6 2 31 29 58 10 31 1 80 2 87 26 69 16 3 70 21 38 56 87 38 18 70 26 68 69 75 5 45 39 38 77 81 58 58 36 49 94 83 47 5 80 47 28 46 59 21 85 6 38 84 68 38 21 87 64 48 20 66 25 4 49 61 83 18 82 57 16 86 94 29 48 70 54 17 46 91 59 16 9 15 12 39 42 98 65 8 98 38 77 40 66 80 53 52 23 4 29 16 24 55 81 78 32 58 8 77 83 61 83 21 64 15 15 30 82 92 81 58 6 19 59 
66 66 39 47 26 5 41 65 67 73 85 57 46 67 43 49 81 74 19 22 52 88 36 3 9 89 99 78 76 47 40 34 40 17 5 0 90 27 71 20 34 24 4 4 87 90 19 18 52 78 15 47 50 77 85 93 23 0 95 37 67 63 65 32 66 25 64 54 30 83 52 54 66 23 53 79 1 19 77 81 64 73 27 77 16 53 24 79 92 86 3 51 60 19 51 81 74 57 26 30 70 76 2 60 2 38 43 2 54 9 93 90 9 8 62 89 30 20 31 91 3 2 0 56 35 27 57 71 91 28 54 43 80 10 69 22 40 24 92 10 64 5 34 69 60 43 53 59 4 46 12 9 34 45 57 66 10 6 29 11 60 37 18 96 27 54 9 46 83 46 63 67 82 27 58 5 38 15 5 13 89 73 99 73 4 11 64 93 53 14 30 91 48 21 35 42 89 21 91 8 7 91 65 11 44 85 7 55 73 22 42 44 32 77 56 51 37 76 1 41 69 67 22 40 54 14 67 38 82 1 24 18 24 2 36 8 9 41 19 23 21 34 75 11 61 67 43 74 41 60 8 83 40 28 47 94 87 59 83 72 33 65 18 72 52 59 17 3 10 2 97 30 99 54 19 18 11 0 45 58 49 74 87 90 72 27 33 70 73 87 73 62 72 64 73 84 63 90 20 82 
66 94 20 13 2 79 11 35 77 96 90 40 73 24 96 34 91 79 50 9 83 18 33 50 69 26 34 32 59 61 75 93 90 43 16 46 96 22 18 67 57 49 7 20 33 38 63 82 78 84 94 23 92 25 16 56 88 64 17 32 20 16 71 2 38 66 73 92 94 99 13 49 74 56 41 80 59 28 40 19 32 96 93 86 78 39 74 41 68 5 59 89 26 18 57 58 28 13 82 93 83 26 24 89 50 90 78 94 23 92 9 33 78 54 12 31 80 84 39 3 4 13 71 18 13 77 85 77 29 37 86 28 64 82 66 82 14 89 80 47 49 37 27 21 94 87 28 80 57 56 5 45 32 99 60 69 69 38 90 29 91 6 83 91 55 95 80 91 97 38 8 5 12 73 95 12 21 42 49 9 43 0 98 63 39 59 71 87 78 64 61 30 85 69 95 18 64 58 63 99 97 55 95 42 42 23 77 30 25 60 76 5 47 92 84 32 11 27 10 68 53 70 30 30 32 37 76 96 64 85 89 46 73 41 78 93 56 63 69 83 2 62 17 48 50 76 78 16 72 76 69 76 16 43 18 66 68 37 84 74 82 8 97 10 49 69 96 8 8 1 99 44 96 2 40 53 26 58 83 91 26 42 80 62 93 11 65 70 25 78 15 25 56 94 49 73 78 44 6 36 
91 95 41 93 59 42 86 24 48 51 32 18 69 3 88 6 44 57 38 54 13 13 96 28 86 70 30 52 45 10 70 62 25 74 90 41 63 58 81 19 19 58 13 13 18 59 23 59 76 11 94 77 37 71 3 1 8 43 46 43 27 32 48 20 78 16 66 50 48 73 11 88 93 63 84 38 48 62 58 68 76 88 53 45 18 21 27 38 77 43 63 41 31 29 73 49 60 75 69 7 72 81 61 50 36 51 72 54 33 64 6 53 60 26 38 7 61 30 89 45 34 69 51 89 30 46 39 47 98 82 88 26 93 6 34 62 97 75 51 15 54 55 4 35 37 16 58 35 67 80 59 18 56 31 50 31 81 58 44 91 31 24 57 72 90 76 18 83 93 33 18 5 56 8 28 47 26 42 37 82 91 44 35 25 17 69 99 12 40 10 20 28 17 90 63 77 13 71 52 59 79 26 64 97 6 64 11 90 43 83 70 24 7 18 1 8 34 78 29 2 25 64 64 83 10 27 3 1 86 30 10 70 9 62 98 44 46 43 66 44 43 71 39 26 49 44 67 34 37 43 65 56 86 61 57 57 47 59 77 14 65 88 32 35 84 45 6 95 20 7 33 46 13 34 21 21 39 77 4 92 44 94 65 12 59 14 15 50 33 32 81 21 34 47 60 98 9 95 90 56 
30 59 96 8 59 93 92 71 5 0 53 56 11 11 53 99 14 59 21 35 14 75 15 32 83 68 50 77 75 99 46 68 4 41 97 71 60 14 31 79 35 20 42 15 62 0 18 63 58 80 77 81 39 81 73 17 45 2 76 81 24 63 30 53 10 81 23 63 64 0 33 82 31 62 35 10 26 32 24 70 58 5 34 23 44 47 43 10 58 56 55 92 85 34 84 44 28 91 27 42 95 98 69 97 20 89 34 21 30 80 31 28 93 5 84 86 8 96 75 70 83 41 68 37 25 88 84 77 77 59 43 63 14 62 14 62 10 17 77 86 42 6 18 22 63 44 8 80 49 81 28 53 66 35 83 14 88 68 32 32 32 29 40 66 97 55 81 47 69 83 70 75 76 78 66 62 57 63 84 11 60 42 19 33 3 9 93 30 64 24 22 47 95 7 21 92 5 77 30 88 35 91 94 90 65 40 98 78 9 77 31 24 9 89 72 31 88 98 66 95 42 50 53 3 15 11 67 85 19 73 96 17 71 59 87 41 92 54 46 57 83 92 53 71 31 76 16 3 22 38 69 49 60 37 1 80 84 4 18 69 22 70 68 49 94 70 20 38 43 91 0 51 64 77 28 47 68 51 64 27 61 92 4 54 70 25 16 26 11 65 27 98 4 83 88 80 38 27 56 26 
24 83 94 47 22 45 71 39 70 21 3 26 73 80 54 29 14 30 37 63 54 1 81 23 54 43 7 80 1 59 99 35 77 67 1 78 36 5 65 28 98 28 64 43 99 71 82 37 80 38 25 98 14 56 25 68 74 97 70 39 93 73 77 39 58 26 84 42 24 89 8 72 30 84 28 10 13 90 30 14 20 14 37 95 70 14 65 11 9 81 6 0 42 10 35 99 29 48 47 17 83 94 97 62 63 91 44 34 29 38 58 53 20 34 25 91 73 74 90 52 17 62 87 87 94 55 26 66 86 55 55 90 98 35 70 40 44 24 70 4 58 93 50 27 47 82 37 69 68 10 43 58 74 76 62 31 73 13 48 23 18 3 65 48 72 98 18 66 69 77 97 5 89 7 59 31 1 57 98 83 12 86 75 17 26 77 85 21 2 86 95 38 41 1 29 67 43 89 19 11 27 3 25 26 54 40 11 19 78 34 3 25 66 33 9 67 68 70 72 4 12 17 34 34 45 87 12 77 0 16 52 54 21 66 43 57 40 16 15 54 60 97 70 4 90 40 62 95 70 4 4 17 90 70 73 97 71 37 1 6 12 0 55 91 27 71 0 96 96 46 76 3 1 28 78 7 66 2 34 71 22 71 14 20 29 50 57 80 68 78 43 8 7 91 62 92 17 79 90 88 
34 96 50 76 32 3 54 3 8 75 54 14 44 68 49 36 63 84 39 37 5 85 58 2 4 81 17 20 60 0 86 84 37 20 38 5 59 70 78 40 40 83 73 94 94 46 51 79 36 82 34 1 79 31 60 41 83 84 22 60 10 23 11 33 92 79 10 37 93 7 44 16 63 52 14 24 46 89 0 58 63 12 46 13 5 41 20 75 89 67 55 32 27 86 46 39 65 82 32 45 1 44 3 21 69 52 44 69 75 75 32 40 90 25 57 19 33 15 59 98 7 90 74 4 99 63 22 46 69 97 13 68 42 0 12 12 60 90 55 47 80 9 61 41 38 57 10 87 4 35 1 60 78 23 10 26 62 18 60 58 84 79 54 49 55 60 25 67 98 84 1 84 36 36 31 74 88 5 14 80 25 59 59 93 67 16 5 66 91 71 87 94 66 95 59 5 8 60 11 19 72 58 13 74 42 53 0 79 93 60 55 35 13 50 37 11 75 15 43 0 62 0 20 22 6 6 61 53 23 44 46 85 57 7 37 67 18 1 53 77 32 1 5 21 7 58 0 16 50 88 32 12 75 1 55 41 49 64 82 43 13 26 15 26 65 40 10 29 33 24 27 4 46 55 45 92 13 55 57 37 41 98 3 59 78 28 67 51 80 7 1 29 82 53 45 48 36 52 65 39 
97 20 35 10 90 84 2 71 57 74 95 54 57 39 11 16 51 45 26 85 62 76 71 68 82 67 94 42 42 55 8 65 60 8 58 29 8 68 34 1 54 79 23 82 64 85 56 81 23 53 78 27 93 86 26 99 25 18 48 24 42 75 61 0 90 73 54 18 46 35 47 30 23 84 39 56 35 1 97 42 76 87 60 71 3 48 40 97 6 57 54 79 20 46 43 62 9 50 92 98 6 35 99 9 71 81 42 76 35 27 6 50 41 27 85 84 77 85 67 26 23 59 12 37 48 93 98 57 76 85 66 52 38 89 13 35 57 83 44 58 68 6 58 95 55 64 58 31 55 0 34 96 25 5 18 93 10 87 19 67 62 23 18 84 75 84 2 89 30 91 85 72 52 57 72 61 73 38 55 72 26 89 93 80 28 3 67 22 73 10 13 98 42 81 63 32 35 10 65 43 49 60 30 28 64 19 69 80 56 94 92 98 91 6 45 5 58 58 73 61 61 5 27 69 6 51 22 74 70 29 91 92 65 76 14 69 81 26 39 32 7 55 84 72 70 26 49 37 68 57 38 12 70 68 25 16 97 30 27 57 31 0 16 36 80 0 38 78 22 57 21 44 22 53 80 18 27 30 53 52 4 83 46 36 13 55 63 33 3 19 68 3 51 81 59 92 59 36 95 45 
89 32 67 61 77 81 19 28 89 34 26 90 37 10 63 34 72 72 84 73 35 48 43 24 56 23 92 68 46 36 96 87 21 12 61 77 28 0 19 49 17 40 34 70 12 74 30 51 62 42 12 93 22 90 22 26 36 54 23 83 20 65 15 31 62 48 42 1 46 5 62 6 93 69 65 81 76 41 39 18 28 23 83 96 56 52 36 10 72 15 78 33 57 19 50 84 58 79 88 72 7 86 96 49 90 40 21 81 7 17 57 9 63 25 94 79 13 56 46 88 97 73 84 68 34 60 84 79 56 88 97 47 71 66 83 23 46 57 84 61 59 95 58 34 12 12 82 68 30 33 65 3 73 49 60 80 10 70 38 75 75 51 53 92 3 75 19 50 78 79 74 22 66 74 48 76 58 25 14 19 52 84 58 56 70 48 64 35 34 25 73 77 28 15 44 0 88 54 52 41 47 34 42 32 52 64 22 2 31 12 59 58 17 68 0 27 33 39 74 55 71 20 35 67 84 87 71 92 92 97 37 88 4 68 38 33 71 26 97 58 46 1 17 77 78 49 43 82 62 48 24 87 79 29 22 55 13 23 77 95 22 90 38 26 2 15 22 39 67 50 73 40 89 77 19 88 99 89 96 10 86 20 0 71 40 76 95 17 51 50 85 22 52 40 14 93 91 33 39 6 
9 7 48 50 13 75 72 61 34 83 29 78 52 72 63 56 79 82 48 51 14 93 30 7 45 98 9 21 78 26 68 86 99 47 11 78 81 28 97 44 95 16 62 91 47 86 8 73 82 98 13 39 66 81 61 31 33 64 30 17 75 55 77 12 42 90 65 91 5 50 76 37 60 34 38 97 45 27 79 11 8 10 54 24 95 73 15 59 82 43 98 92 66 60 40 48 25 64 3 88 93 69 66 90 34 95 41 13 43 99 83 98 50 22 52 57 90 30 76 80 51 35 19 81 1 78 22 46 17 59 51 83 76 61 57 52 88 24 42 2 25 26 73 88 85 91 85 66 77 52 47 70 87 1 44 91 41 21 82 96 24 37 37 55 75 1 62 3 47 19 44 97 55 19 68 56 65 85 71 92 26 83 52 54 97 78 73 83 24 2 49 77 93 32 43 67 75 61 66 52 90 87 96 45 73 58 53 54 14 11 87 80 58 42 11 91 91 18 3 89 76 8 79 20 79 14 4 94 75 45 88 14 90 47 95 90 13 40 11 77 84 79 28 71 43 13 76 60 15 99 91 93 91 21 5 42 25 8 43 59 50 61 73 13 24 24 64 67 11 21 27 55 67 46 75 11 14 0 23 51 43 60 22 23 4 2 51 87 93 31 63 61 21 79 23 36 34 97 81 52 
61 7 9 71 6 14 33 5 2 76 96 9 62 62 23 73 95 20 93 78 19 11 77 42 57 51 71 28 61 22 72 50 67 46 56 6 80 92 67 43 3 97 64 42 3 6 84 64 46 42 79 6 32 1 10 35 32 24 3 21 89 70 44 30 74 89 40 59 74 51 59 64 11 28 88 24 17 57 65 70 29 17 97 54 82 22 78 62 47 2 13 24 44 68 36 88 31 94 98 75 10 51 15 59 18 73 91 56 44 26 2 2 13 88 59 24 63 93 33 34 86 53 96 19 92 88 3 22 74 6 2 96 63 52 82 93 36 28 21 61 28 71 40 70 57 98 55 20 31 49 29 32 36 94 8 48 8 67 38 83 99 44 64 62 48 89 8 35 67 17 19 8 46 64 14 20 50 35 90 73 40 90 36 5 0 1 53 26 4 3 72 21 59 54 88 37 11 94 2 10 34 72 45 41 89 79 69 17 33 13 35 53 40 74 59 54 17 31 99 90 85 45 78 72 23 21 18 77 33 16 4 53 59 91 77 27 81 52 55 11 39 75 97 51 5 73 90 9 2 75 5 21 12 66 2 11 67 8 43 1 7 51 17 49 23 97 69 34 30 54 93 95 95 19 98 90 8 37 71 64 38 41 38 2 19 1 27 80 68 3 17 16 91 94 91 54 29 49 18 17 
80 62 69 83 58 26 91 39 23 37 42 73 71 24 86 50 56 99 53 36 90 47 43 57 59 49 55 88 20 40 16 47 24 33 72 9 52 73 93 60 59 41 79 63 51 6 43 24 51 94 3 78 58 20 0 79 58 41 26 41 86 56 88 20 48 66 46 48 92 75 7 27 86 93 85 94 10 19 35 11 33 57 23 63 22 93 63 33 29 76 15 19 60 80 43 39 1 74 64 27 46 37 50 19 4 38 28 1 42 97 88 74 80 77 20 81 68 86 78 99 23 53 98 10 32 64 32 82 4 31 47 49 71 67 51 17 47 62 52 45 54 7 76 41 10 3 85 19 32 63 90 50 57 48 32 25 72 92 68 7 57 62 26 85 33 30 40 76 95 50 33 25 98 90 21 24 22 13 5 61 65 70 20 96 75 99 7 84 89 67 35 4 12 8 59 7 18 36 75 12 2 14 46 72 81 72 54 91 67 1 3 97 48 43 10 8 42 12 60 51 15 93 74 49 32 41 7 75 5 81 55 61 76 66 18 80 88 40 92 21 41 68 60 48 28 86 60 16 52 70 34 76 45 46 45 75 88 13 40 53 11 85 74 52 86 42 14 23 26 25 55 80 81 24 90 44 88 21 94 89 4 77 93 0 9 97 18 25 36 87 27 58 52 89 34 9 45 9 39 76 
57 93 26 95 38 42 8 80 24 38 75 39 76 61 80 93 56 36 4 55 61 40 57 85 54 19 32 22 64 11 85 75 7 78 81 59 2 21 89 72 82 49 47 66 96 75 10 61 59 48 82 60 6 73 44 15 55 71 47 25 3 88 50 58 55 68 76 27 2 8 60 45 96 1 61 95 63 74 10 74 13 63 71 65 10 58 50 86 31 84 42 96 66 14 61 96 24 95 89 18 20 20 80 97 78 9 92 47 13 10 19 84 3 97 77 64 85 3 42 41 51 59 24 15 54 71 13 58 13 72 58 16 66 34 93 44 14 48 81 87 23 53 77 22 37 34 27 98 13 19 23 87 71 19 81 86 27 95 74 69 6 97 40 93 92 88 4 83 73 58 16 15 30 42 93 22 59 22 15 68 93 46 6 99 28 31 24 34 21 36 13 80 69 77 24 25 19 41 84 53 83 9 64 88 98 14 56 41 65 60 87 1 7 10 5 85 10 82 48 81 16 47 68 41 77 90 62 35 14 28 29 50 29 99 75 76 77 50 33 63 98 52 2 87 88 30 82 20 23 42 68 57 80 16 64 46 64 58 13 72 91 81 34 54 22 33 47 6 38 36 52 38 23 49 28 20 53 95 35 83 6 95 2 51 80 72 28 1 3 0 53 0 12 45 93 46 93 36 1 75 
12 23 46 82 65 71 21 57 45 68 63 83 87 33 63 73 32 66 67 32 35 47 72 75 17 63 78 66 62 68 6 53 28 8 61 10 62 93 41 17 29 2 53 17 14 69 19 51 87 73 71 68 50 51 1 36 45 8 83 34 30 88 92 96 54 74 37 37 97 51 15 70 45 14 29 36 21 51 23 60 93 2 7 55 41 96 44 82 66 22 81 79 1 39 5 57 25 49 23 51 0 96 23 9 98 4 55 38 39 83 31 60 65 73 0 50 4 21 60 25 58 76 97 32 21 16 7 25 18 42 70 55 61 63 56 35 50 36 87 8 73 62 23 26 82 75 64 57 63 99 87 58 5 90 24 77 46 50 26 90 55 54 20 60 55 97 69 23 97 80 6 85 8 74 94 29 46 8 67 63 97 40 91 27 20 92 30 89 83 69 87 86 31 32 66 99 44 57 98 36 44 94 3 16 21 10 59 54 70 73 8 79 20 58 63 7 58 4 71 20 18 56 91 24 47 40 17 47 77 37 72 18 22 2 25 43 45 63 46 78 22 60 20 69 83 71 45 87 95 72 92 57 57 28 67 84 81 83 5 55 32 93 89 47 85 98 27 55 7 59 70 2 65 48 20 37 45 35 81 16 95 50 91 53 2 92 46 81 9 38 76 65 84 97 3 4 63 79 89 8 
43 20 95 87 83 14 19 73 81 14 62 29 87 58 6 35 8 99 93 66 7 61 42 84 25 57 64 16 16 79 73 49 90 56 62 60 58 56 43 9 38 90 16 32 7 34 55 90 32 56 24 6 68 59 79 91 78 74 12 87 5 1 62 65 34 87 1 7 50 38 75 42 45 68 74 43 52 15 48 7 83 52 11 44 20 63 72 39 25 51 8 50 47 55 43 79 39 85 53 45 21 74 98 1 89 59 15 12 75 80 65 59 39 34 68 43 69 26 60 40 19 58 23 86 68 71 49 68 79 1 6 22 17 18 2 27 6 24 52 70 69 15 44 84 20 33 84 98 4 99 45 21 84 39 23 81 18 1 61 52 77 3 15 18 45 61 65 26 80 85 40 31 10 15 35 13 93 17 60 38 46 80 0 9 35 99 89 46 53 46 16 16 44 92 57 71 10 93 46 19 53 31 14 37 88 20 70 15 28 9 24 90 67 94 43 64 19 3 39 43 16 97 43 64 20 82 33 12 43 14 76 74 78 70 31 28 82 61 86 11 82 41 40 19 12 84 62 66 9 29 32 85 17 77 85 59 7 64 3 51 8 82 10 33 53 62 34 60 85 44 88 11 30 91 90 46 30 98 84 14 88 5 2 66 8 78 66 68 10 42 86 51 38 55 71 45 37 53 37 10 
20 85 50 56 75 64 78 43 6 62 12 98 44 98 30 1 98 82 7 2 65 52 49 54 70 9 10 53 86 98 25 7 42 61 32 87 77 35 52 13 63 17 89 87 39 40 45 92 74 30 85 95 44 36 78 32 9 38 83 34 55 97 37 75 58 35 96 11 14 8 58 76 39 47 20 79 97 16 12 8 55 13 43 83 17 64 0 79 1 89 70 90 36 34 98 30 36 27 24 10 97 2 9 93 2 99 41 51 13 69 95 93 45 87 84 87 22 61 92 53 51 49 31 19 59 45 46 22 77 38 10 32 14 26 5 29 99 66 35 4 14 97 72 92 94 49 21 98 41 54 64 70 85 18 46 52 45 6 2 74 38 88 72 73 30 4 26 62 28 42 34 37 92 53 65 29 5 64 74 79 62 20 73 58 63 44 27 30 55 98 44 24 66 6 94 25 7 81 24 4 46 68 55 75 38 15 73 54 65 65 86 35 56 77 85 44 33 25 7 3 27 48 81 33 49 31 43 13 8 90 48 79 68 96 19 29 25 44 16 66 43 88 43 12 1 53 13 81 36 98 80 75 33 27 43 16 62 74 99 78 68 59 1 36 94 36 97 69 11 77 33 74 33 52 27 73 28 18 78 59 66 79 78 52 31 77 0 56 68 96 98 5 65 60 66 36 32 12 29 70 
91 51 87 80 79 96 44 97 36 4 24 87 75 67 14 25 84 47 87 40 5 51 69 23 78 78 10 33 54 0 34 79 47 19 20 34 10 85 54 3 14 93 17 30 15 8 13 32 42 4 29 75 70 24 74 76 24 38 29 50 5 68 67 30 90 31 20 24 11 21 69 22 58 93 83 67 48 59 27 63 25 41 50 51 86 91 35 20 22 96 90 19 39 31 22 12 73 70 60 11 33 60 31 34 74 4 14 64 73 50 63 36 48 38 59 64 2 22 60 30 1 21 20 70 56 83 50 89 8 89 53 85 56 28 74 20 21 73 21 30 55 75 22 81 58 3 97 1 78 49 91 89 25 27 79 20 10 74 14 51 75 62 35 8 54 10 4 93 53 58 57 47 31 49 49 37 69 7 52 55 98 3 99 15 70 62 94 38 28 35 13 43 2 17 17 13 26 97 2 75 68 76 47 90 98 48 34 67 19 1 0 40 52 19 24 34 43 93 6 29 61 27 14 50 62 71 57 12 59 70 71 17 91 83 97 64 96 71 19 10 80 38 56 9 63 84 1 55 20 52 69 94 7 97 31 92 48 58 62 24 94 4 96 2 88 19 27 85 18 83 27 99 18 33 77 69 57 54 47 20 8 25 51 20 94 4 1 53 91 61 19 91 86 72 8 13 97 99 69 8 
61 90 14 37 42 59 37 37 31 93 90 87 1 10 19 14 15 51 96 63 15 21 73 39 33 64 89 13 16 69 24 61 11 41 44 54 91 44 45 90 85 57 66 34 91 13 70 59 88 66 66 92 6 19 30 31 19 40 27 60 4 40 49 68 70 33 18 46 72 44 42 68 59 57 7 17 13 35 5 64 99 9 77 15 68 82 21 96 27 2 53 87 14 99 75 3 46 12 85 36 21 89 83 3 1 11 34 77 5 98 46 58 53 79 1 70 80 53 57 50 12 17 95 19 73 67 82 27 48 62 92 5 74 57 8 25 82 17 18 49 14 87 38 42 63 9 35 77 44 68 64 84 31 80 42 24 95 55 63 91 89 76 47 96 50 63 30 7 83 30 23 83 53 80 2 28 89 31 83 47 95 32 10 14 62 22 34 85 22 75 99 61 74 44 1 88 2 82 71 51 70 59 24 0 92 85 22 60 42 68 50 92 93 79 98 55 93 99 26 51 35 51 91 69 29 60 19 92 56 55 59 19 38 61 7 80 34 89 21 98 41 12 86 96 62 84 79 96 98 95 83 87 72 52 83 44 56 43 73 98 91 44 53 89 60 99 73 44 59 69 15 24 32 88 77 4 13 68 96 12 35 20 29 21 58 96 36 93 20 62 66 66 1 45 52 97 9 5 86 26 
62 56 51 53 6 17 10 11 75 76 88 20 45 45 26 84 10 85 35 98 16 57 15 48 16 1 6 74 78 28 52 21 55 7 80 70 64 16 61 41 71 29 98 42 36 87 98 92 70 30 52 12 77 51 87 71 19 24 95 96 80 94 31 96 4 53 63 43 23 85 2 90 95 99 54 70 44 21 87 7 37 50 74 36 47 6 55 77 46 1 67 15 78 60 51 70 16 36 6 57 21 11 12 66 41 6 31 56 6 22 45 73 14 53 27 53 61 39 68 56 48 84 37 56 75 91 80 28 82 72 56 23 78 2 15 53 3 36 56 65 55 85 14 47 29 73 56 3 12 21 60 13 2 30 2 83 14 51 55 29 23 6 49 61 44 59 50 64 11 43 99 65 28 81 24 87 8 58 94 59 62 92 62 2 20 0 93 89 44 79 61 61 78 3 58 80 13 86 50 70 25 52 44 62 47 83 7 50 50 22 45 5 69 2 58 27 64 84 21 29 14 92 70 8 22 22 59 84 63 58 32 77 84 26 45 37 49 53 64 76 89 83 32 89 49 62 9 45 99 44 78 84 48 58 58 18 53 45 36 27 7 49 74 97 68 64 89 23 30 75 9 17 70 53 6 25 75 85 80 16 62 67 32 1 87 26 36 83 35 72 99 80 23 16 42 63 18 62 62 14 
71 32 45 59 48 11 30 35 81 15 23 76 75 48 85 17 46 29 1 5 41 56 57 75 48 92 97 5 0 67 93 57 68 5 6 87 11 8 66 26 0 97 14 47 51 22 36 46 68 32 64 56 87 81 93 37 47 7 71 82 42 89 13 94 46 78 80 96 76 23 24 48 11 24 12 53 13 24 76 40 7 60 64 30 83 55 29 6 24 34 25 8 90 28 20 38 95 6 26 14 97 79 94 6 57 14 67 26 2 5 49 11 82 6 2 71 93 25 5 43 31 14 32 24 86 45 26 88 97 41 80 56 43 21 21 89 86 9 4 26 36 43 93 62 86 57 47 24 72 82 54 65 30 77 22 66 38 99 42 51 3 57 38 66 67 68 37 74 58 79 28 21 49 94 33 87 65 3 43 29 88 89 79 88 54 79 98 92 80 32 76 90 92 55 87 68 28 49 26 44 66 55 92 28 26 36 84 49 17 93 27 27 80 54 96 97 81 92 61 4 76 45 71 33 93 64 3 46 90 55 19 79 28 58 65 26 47 4 72 8 71 14 37 10 52 32 94 88 90 61 19 56 47 4 58 58 8 41 67 60 32 94 50 8 5 89 2 45 16 67 4 55 52 15 56 26 27 32 94 12 21 43 70 44 98 82 67 16 6 95 37 65 33 53 71 44 4 43 67 14 
64 90 72 46 71 91 12 37 92 49 6 86 75 65 36 66 16 34 23 7 64 55 85 1 78 85 99 44 13 1 25 93 95 22 63 36 97 78 71 1 69 14 25 82 25 13 78 29 60 70 37 69 97 54 32 79 37 59 70 83 41 71 16 12 11 37 14 47 96 39 88 69 58 54 68 29 2 42 18 95 9 85 48 19 55 38 81 21 99 98 53 8 45 71 37 35 71 96 45 15 24 27 43 58 75 74 74 25 50 41 64 86 23 95 79 14 5 57 62 29 77 95 49 77 0 98 93 4 23 0 90 99 53 11 52 82 98 96 47 32 54 86 21 95 76 84 80 39 63 85 96 50 75 24 80 68 47 55 2 9 40 64 60 4 91 44 76 34 34 14 98 5 49 40 41 82 52 24 6 57 40 10 60 37 68 72 1 68 99 8 92 19 18 49 93 91 54 27 9 17 26 25 85 52 80 0 76 22 63 92 40 82 12 61 66 92 75 52 32 46 44 40 84 38 33 52 70 70 21 24 23 43 82 50 89 11 64 94 69 24 86 63 90 95 57 57 96 36 71 64 28 26 34 2 54 89 8 70 5 24 88 8 59 93 35 68 7 18 11 14 8 29 84 59 52 18 94 52 11 74 16 79 46 75 87 79 12 78 75 40 87 63 68 56 67 21 73 8 16 98 
45 62 61 10 45 70 20 93 97 79 6 1 47 88 56 92 84 54 85 95 32 78 47 17 3 32 56 50 62 22 88 94 37 85 52 66 21 66 29 66 67 7 40 36 54 68 97 49 62 81 49 12 67 6 66 62 3 33 65 69 83 55 29 20 72 65 32 9 30 15 27 56 73 64 94 99 81 5 4 7 84 73 92 95 89 86 47 24 38 63 62 6 42 42 97 12 5 15 6 75 84 84 88 73 99 15 52 30 78 5 60 10 68 18 53 94 66 45 55 54 96 86 18 59 78 39 13 39 11 61 99 27 52 39 37 57 10 70 67 80 68 33 4 8 34 30 83 95 17 44 0 66 54 61 72 45 10 53 71 49 72 51 75 71 84 91 77 48 5 48 33 34 33 63 9 53 35 42 75 38 97 63 7 16 80 34 16 17 20 90 78 20 85 64 24 18 82 42 65 1 17 60 10 21 24 75 38 51 87 6 67 41 86 30 77 32 24 88 21 89 78 84 4 0 7 20 45 66 80 2 67 37 85 98 87 55 0 6 68 85 58 11 36 93 78 33 5 29 49 93 26 47 57 11 17 5 97 61 23 39 3 82 75 87 32 87 68 78 18 24 40 69 73 19 37 53 2 52 97 76 14 74 46 40 15 74 55 53 72 43 48 86 74 26 3 96 53 93 24 95 
36 3 17 10 18 84 28 12 55 37 44 15 62 14 9 55 79 49 20 28 70 8 88 54 97 1 93 80 47 31 92 94 66 45 83 59 17 86 85 17 17 7 91 9 44 58 12 57 89 87 22 10 48 74 87 67 73 27 52 56 71 63 33 89 31 77 60 78 45 64 27 11 18 10 43 75 11 18 37 25 37 31 45 38 35 58 30 65 81 21 74 58 0 25 46 92 75 58 68 74 13 19 15 42 22 97 15 60 66 87 1 42 70 14 99 72 55 21 23 33 57 97 36 86 76 45 97 63 64 56 57 49 53 38 21 86 9 37 66 4 36 7 28 2 93 74 75 28 81 6 11 12 55 89 72 18 88 11 68 42 97 4 66 67 56 55 74 1 53 6 21 76 88 70 36 63 75 47 26 8 15 12 15 87 72 66 68 88 44 77 88 9 62 1 46 99 42 8 13 87 62 14 12 61 28 21 57 22 8 56 95 83 56 98 82 17 74 48 23 48 0 56 46 43 59 57 17 51 84 57 58 82 48 23 76 12 56 74 68 15 42 81 29 71 78 50 32 92 23 49 51 9 1 29 1 70 80 5 16 40 53 39 74 15 57 79 82 24 37 53 96 23 83 19 81 78 97 50 81 43 97 32 55 74 37 4 56 79 69 7 33 70 30 65 31 88 42 31 76 2 
62 88 35 3 56 54 25 16 59 65 18 74 60 25 48 65 6 13 25 99 88 55 28 20 42 23 26 4 16 22 6 70 74 43 70 51 79 40 3 77 62 33 99 52 57 38 76 36 34 88 17 31 95 36 65 36 94 65 97 99 0 30 93 22 46 58 94 78 46 58 4 93 14 14 44 43 26 53 97 53 22 44 29 64 5 52 15 35 54 84 38 52 7 1 75 81 42 43 65 9 31 65 83 54 93 31 86 80 78 60 83 14 39 4 14 7 56 60 45 43 39 2 40 13 27 74 24 34 52 71 42 50 87 82 13 43 55 10 82 45 75 90 67 74 59 82 26 44 26 59 10 87 98 88 17 84 91 70 56 89 59 23 82 74 94 68 13 88 12 1 8 34 67 73 12 51 69 8 93 79 54 90 30 22 45 68 11 92 40 21 50 74 84 45 35 35 85 26 96 54 57 46 19 51 7 75 49 24 11 95 91 61 22 86 62 83 83 72 98 83 23 1 32 57 9 50 89 26 44 98 32 21 74 77 72 18 58 92 56 80 2 12 96 89 40 74 25 63 70 1 26 92 7 87 85 27 89 4 87 84 76 26 8 58 53 62 74 37 83 83 6 80 19 97 66 40 89 1 53 45 54 94 12 1 4 91 74 86 57 65 93 17 70 59 65 85 54 48 97 56 
58 29 24 65 56 15 76 80 2 85 86 61 26 89 76 58 51 75 24 60 47 89 49 44 78 91 43 56 85 43 65 52 3 49 53 52 0 32 72 19 95 77 96 53 75 30 3 2 33 76 33 35 16 87 5 19 0 9 99 9 39 32 54 1 84 54 56 27 66 69 90 63 94 52 61 20 83 30 81 16 21 75 29 56 39 0 55 52 12 95 75 91 75 62 4 14 66 3 12 37 24 52 44 36 76 81 4 14 40 13 96 6 29 82 61 78 16 83 31 47 91 64 1 68 15 94 25 76 66 40 28 71 56 19 51 80 19 7 66 50 63 78 49 14 67 96 92 18 95 46 64 79 4 54 11 78 46 76 12 67 56 54 77 47 59 55 91 69 30 40 65 28 58 5 62 11 67 45 50 26 89 25 34 18 48 9 58 65 6 7 94 67 80 32 55 36 14 21 27 41 79 85 73 4 59 53 45 77 2 28 97 68 54 51 22 69 16 81 69 90 27 13 9 33 56 87 66 72 61 12 97 38 75 62 65 27 2 73 32 60 15 53 66 9 15 91 90 75 25 34 63 5 69 5 70 40 83 38 76 3 59 82 80 55 89 27 34 19 4 82 42 31 29 28 35 33 32 45 55 52 36 99 59 42 2 29 5 4 66 85 24 29 94 83 22 33 50 73 47 93 
4 25 36 66 34 70 2 97 3 9 76 51 18 97 29 89 10 94 7 14 67 5 60 48 4 39 7 97 72 51 58 14 36 49 11 82 37 35 4 47 15 91 12 60 26 54 63 51 4 69 85 54 27 93 0 49 72 92 2 70 78 62 57 2 66 36 3 55 99 88 9 26 10 64 67 36 11 0 68 95 39 72 39 8 23 58 75 79 51 56 12 7 36 93 31 4 88 39 48 22 38 22 26 37 85 48 19 79 41 58 96 94 46 49 26 78 28 79 0 50 44 35 95 55 16 65 74 45 91 57 30 57 63 75 50 79 85 78 11 6 58 56 88 77 86 73 69 47 33 31 73 77 52 73 89 39 47 69 21 82 65 0 58 29 15 58 0 10 25 41 61 43 33 72 17 79 88 66 23 75 7 3 16 21 14 68 36 33 7 21 58 55 6 23 47 90 74 83 9 50 40 41 63 53 75 95 32 30 1 94 32 85 3 29 47 54 16 68 82 59 96 45 55 45 41 71 22 6 79 65 13 7 32 49 98 97 2 15 21 16 84 61 18 10 65 83 52 90 84 20 52 3 49 18 68 33 25 77 11 34 97 7 59 28 51 28 14 42 44 14 67 54 59 60 49 17 35 85 86 41 85 66 7 42 72 72 15 7 6 91 95 62 23 84 30 16 14 60 53 39 
28 14 28 99 24 35 86 95 44 79 4 73 43 37 89 95 66 33 52 1 28 95 63 17 23 73 64 25 64 2 66 37 0 61 6 50 43 26 99 16 25 93 6 88 98 38 11 57 61 4 28 69 57 79 79 74 85 14 97 63 7 63 0 9 90 44 65 59 12 63 84 84 35 35 61 67 71 46 6 46 22 7 10 72 19 48 47 8 71 24 24 59 90 9 74 99 37 89 53 88 84 68 47 11 64 82 13 25 85 50 41 34 68 86 31 39 41 68 48 21 68 50 56 39 67 88 72 34 65 81 9 33 53 75 42 46 29 8 60 47 40 98 67 12 8 58 6 19 61 79 14 14 35 58 49 30 85 9 5 63 86 90 6 85 8 79 27 72 48 94 33 42 23 61 16 74 6 94 96 59 1 90 74 27 53 36 45 11 15 30 26 59 58 5 88 59 14 9 83 88 17 33 9 50 39 25 66 13 86 23 15 31 71 25 96 20 24 39 72 22 74 18 26 85 75 72 24 45 99 99 43 92 50 92 72 53 5 55 48 3 30 11 70 18 95 15 94 62 76 42 70 98 44 38 92 6 9 80 86 84 47 95 4 3 27 41 15 3 1 92 13 63 39 66 28 1 2 76 98 35 13 89 28 76 38 83 7 99 29 25 28 95 18 45 42 1 92 32 92 15 
6 76 70 96 10 71 21 9 93 46 27 61 47 55 90 54 78 65 95 62 19 63 2 63 53 5 59 13 5 42 65 42 69 32 58 69 13 16 96 5 20 61 88 73 63 86 85 63 70 29 94 8 63 14 39 77 7 94 16 42 94 82 64 92 17 53 98 63 40 21 86 89 55 27 48 3 4 82 69 23 1 26 3 79 26 72 72 76 83 24 62 26 79 86 92 32 90 53 40 25 8 40 92 8 71 55 9 7 96 23 25 87 36 1 43 87 56 8 12 14 18 49 16 32 78 86 45 89 64 40 48 45 25 74 87 56 12 41 82 79 20 49 57 40 11 94 94 0 54 88 98 51 33 88 71 11 17 80 96 73 50 30 75 65 4 41 46 17 77 94 31 73 46 5 45 33 91 99 44 92 34 62 63 83 82 47 67 43 94 55 29 66 79 11 1 51 30 73 3 31 21 65 83 84 38 66 96 34 34 1 31 48 27 32 12 20 90 10 39 29 63 82 48 2 60 23 4 46 9 25 47 50 91 24 26 40 86 0 20 1 73 49 55 86 14 84 43 64 74 26 89 3 32 28 54 86 63 86 68 86 67 70 89 6 85 53 2 80 37 22 74 71 46 95 44 69 6 85 46 93 87 57 12 38 75 19 69 75 14 42 26 12 79 94 94 44 14 62 84 10 
56 23 82 83 46 98 71 21 97 79 70 83 79 86 94 84 86 17 13 88 41 0 51 64 83 62 77 18 95 10 96 1 21 39 49 52 73 14 68 70 1 3 9 89 67 83 50 82 6 92 79 90 44 59 43 75 49 28 76 39 25 79 95 79 41 67 57 99 52 48 10 81 45 55 58 35 69 64 77 79 11 6 55 28 71 34 39 0 27 59 93 82 56 18 71 67 1 46 0 43 24 15 82 78 57 71 23 59 86 45 80 2 21 4 53 79 11 55 9 70 55 83 61 78 38 17 73 53 51 15 70 27 76 76 47 29 73 37 5 68 81 51 27 94 22 1 7 38 93 52 21 40 6 25 67 88 54 19 85 66 34 64 95 16 49 36 96 30 19 75 80 80 18 6 6 76 72 13 4 78 34 88 30 89 21 37 0 37 5 26 43 16 22 54 75 95 37 46 47 69 59 61 47 32 69 67 0 57 67 61 3 27 50 31 89 43 31 51 6 89 8 22 89 16 45 16 18 37 30 61 95 83 10 37 42 67 79 99 65 59 23 3 30 24 11 89 12 40 34 89 94 80 29 67 92 42 52 85 57 6 3 54 83 50 67 18 7 97 52 81 37 89 36 54 38 57 7 26 15 71 93 43 58 92 56 4 50 49 53 28 61 67 49 6 83 26 66 88 77 25 
87 54 90 28 47 54 5 8 66 83 16 59 29 83 4 72 52 45 22 60 67 21 98 51 69 58 96 59 12 61 71 1 53 49 81 52 47 10 64 22 93 42 10 55 13 95 94 72 97 60 75 51 17 15 99 98 94 30 67 45 5 37 11 84 18 8 13 22 72 26 84 71 92 33 74 89 9 91 7 58 22 61 41 6 11 98 32 24 12 29 78 92 51 99 92 66 54 62 81 98 86 13 74 63 45 8 67 67 26 98 51 22 95 32 20 49 49 44 54 64 69 16 76 73 0 70 9 35 36 50 80 46 51 93 33 90 4 80 66 50 1 51 73 2 35 7 10 98 51 79 96 98 62 77 15 92 54 5 94 8 75 14 37 29 14 71 81 79 64 81 99 36 63 14 19 8 12 25 19 88 93 35 79 70 66 29 0 52 30 49 54 86 93 72 67 89 76 69 57 18 17 93 76 50 17 2 90 36 4 7 51 33 66 5 20 92 87 8 67 52 67 51 8 8 32 24 93 93 18 94 97 39 51 55 72 44 75 63 8 99 27 64 32 47 97 32 22 62 51 76 10 13 61 16 51 51 25 84 15 74 52 15 74 43 99 59 95 38 46 46 43 30 4 93 60 50 19 5 69 27 27 71 81 46 95 3 68 76 84 38 91 38 68 5 43 9 30 73 41 16 
30 32 28 68 36 43 23 62 95 31 92 21 15 94 89 21 53 22 98 92 52 18 60 73 86 65 44 74 44 48 46 9 27 81 38 25 30 57 92 58 83 9 88 46 68 51 35 60 78 16 49 11 82 65 95 96 50 23 74 32 59 47 83 2 94 75 63 25 57 55 56 92 44 27 46 67 31 61 33 2 6 90 33 96 93 84 52 16 23 47 8 16 26 17 10 53 88 88 82 14 89 91 3 35 31 9 71 33 13 74 93 27 74 41 72 21 17 36 75 13 7 21 21 15 67 6 23 41 6 90 61 48 35 71 76 64 46 60 0 52 86 7 0 20 58 31 45 92 82 1 8 61 82 22 75 35 29 88 96 30 18 47 72 83 79 59 95 13 71 63 44 47 95 58 30 80 21 32 5 90 40 80 84 74 37 20 79 25 38 89 53 20 77 73 36 94 8 85 86 59 96 23 89 57 75 27 86 47 40 81 1 71 62 85 95 78 57 42 76 16 51 87 47 87 66 73 40 91 81 14 71 77 46 55 30 95 38 57 98 44 49 49 30 9 17 2 75 49 1 62 72 78 61 88 70 20 59 71 42 22 17 44 28 92 56 69 28 82 44 83 27 45 16 31 76 16 25 8 45 48 29 78 98 37 27 78 39 24 12 17 32 98 50 10 87 13 93 17 54 22 
52 44 87 29 4 63 97 53 64 89 99 96 22 9 63 41 83 97 95 65 44 92 60 28 5 32 27 6 88 37 12 29 88 66 15 60 62 50 45 78 18 51 39 56 43 50 67 40 75 95 96 32 80 18 35 69 64 79 66 52 10 21 27 80 10 84 37 95 45 5 8 16 38 59 76 10 4 14 99 62 74 31 55 46 51 55 67 38 41 81 65 37 43 22 17 56 44 37 60 70 13 68 97 12 77 23 17 69 33 85 56 53 15 92 93 83 16 71 8 57 63 79 54 62 93 60 77 63 34 36 96 43 12 72 97 36 95 60 24 43 88 91 47 87 61 49 2 64 65 30 29 79 91 21 21 39 39 57 88 19 73 62 50 58 91 96 30 38 78 48 41 38 7 92 80 67 10 74 95 64 53 61 70 1 99 42 26 69 74 63 17 59 59 63 17 12 27 99 23 49 58 32 89 36 47 5 33 18 19 29 99 28 4 41 22 6 14 43 9 75 97 87 16 66 14 20 96 3 10 24 48 65 19 49 58 31 63 95 73 59 7 27 44 86 14 90 66 65 75 58 24 19 0 87 55 65 13 39 86 77 70 83 20 87 8 80 83 56 82 2 38 59 70 16 94 31 85 26 88 60 77 43 91 16 31 60 19 17 45 79 63 3 39 92 60 30 88 99 54 58 
4 79 69 5 46 94 90 75 6 30 89 64 13 38 63 45 80 82 94 39 39 77 66 75 44 72 56 48 31 59 20 13 95 73 5 85 47 86 14 92 93 85 11 55 75 5 51 52 69 64 56 86 2 32 63 10 84 81 77 99 25 62 53 68 74 30 38 73 92 86 71 21 33 46 97 20 3 65 58 26 15 21 44 57 80 38 10 60 75 58 71 71 54 52 2 81 7 7 99 43 36 37 93 87 96 77 15 63 76 59 90 86 69 30 67 79 52 16 83 26 3 64 23 34 42 96 43 55 87 68 76 95 96 6 31 32 6 53 16 28 18 5 67 54 80 20 96 21 77 77 62 59 88 65 96 78 19 24 17 85 27 33 98 11 49 89 90 96 31 81 85 78 45 52 82 63 99 1 36 87 91 30 72 96 60 96 85 72 76 12 12 97 80 14 97 45 45 19 60 18 49 14 22 44 21 77 45 19 69 46 77 46 98 49 8 17 57 92 54 99 34 27 19 24 61 80 36 48 94 82 8 38 29 80 42 38 33 25 50 27 37 9 15 92 81 58 61 21 96 57 38 78 32 17 8 40 95 18 18 95 56 73 12 43 77 67 4 3 51 95 69 62 75 4 82 29 76 36 14 45 92 50 53 36 49 21 1 67 89 76 18 22 62 88 77 65 93 48 18 89 
97 45 8 16 86 35 2 68 16 12 52 40 55 76 30 37 11 77 45 84 75 92 22 20 35 12 77 59 46 15 3 19 3 4 73 38 67 29 42 34 51 26 11 18 68 70 99 29 97 79 80 41 43 27 20 44 18 65 97 35 56 69 1 71 46 92 3 65 21 28 18 66 24 63 95 25 76 59 56 25 93 98 2 63 81 88 65 66 15 30 10 3 40 49 20 70 41 80 40 92 0 87 58 27 39 97 32 15 12 68 79 59 28 81 46 27 39 6 93 48 85 56 37 89 7 36 3 15 81 9 83 87 76 20 77 43 79 68 61 3 17 2 3 43 41 66 11 5 46 11 29 78 39 92 34 50 56 54 24 48 97 38 57 95 65 24 21 2 12 6 51 86 29 53 63 17 44 88 90 6 6 69 38 31 71 16 40 39 46 58 99 11 68 33 88 21 37 96 72 27 74 27 46 8 85 73 1 6 53 99 48 6 21 5 36 46 20 55 93 67 26 87 17 2 65 45 74 32 16 30 31 18 21 92 26 97 48 51 69 50 70 71 6 78 32 23 8 32 55 31 62 16 54 5 64 55 59 64 79 61 32 75 20 19 13 26 21 78 35 72 29 33 33 46 41 1 80 58 51 33 82 55 84 89 80 97 72 1 0 85 65 21 29 62 35 88 83 30 3 42 
4 48 6 68 79 68 43 40 66 91 35 37 22 42 43 97 63 40 58 4 12 14 58 16 68 54 41 39 92 52 82 99 32 25 99 47 22 44 34 13 70 82 4 66 56 91 96 32 90 60 42 51 48 12 94 47 70 17 73 36 26 75 13 62 3 89 53 52 63 13 21 21 93 8 71 95 55 63 52 88 80 8 12 16 90 71 91 22 66 17 20 48 58 75 63 51 18 13 70 49 16 63 49 68 63 27 22 81 45 24 73 29 23 1 85 69 33 6 8 96 70 85 48 35 87 98 72 71 23 55 38 76 78 79 78 68 28 65 22 14 16 62 77 47 60 98 19 31 65 20 92 59 84 43 78 65 48 3 45 65 96 19 1 14 78 81 50 17 43 70 70 98 17 78 56 16 88 66 19 16 7 75 28 80 34 7 96 15 10 24 52 19 9 87 97 1 72 47 68 37 34 28 68 34 68 92 96 59 76 6 86 56 41 45 48 52 95 74 40 94 74 84 93 14 39 63 93 40 87 77 32 99 81 84 38 20 95 10 50 1 19 84 39 11 22 30 56 76 11 42 71 81 52 42 57 5 97 18 92 41 7 58 52 49 49 18 33 0 50 15 15 66 35 96 84 96 29 9 68 91 53 79 63 26 98 50 98 3 98 73 17 92 52 7 72 48 27 65 18 64 
65 61 75 2 93 81 73 73 75 92 34 64 60 41 34 70 74 73 33 85 83 95 8 84 97 47 36 49 66 19 46 20 29 34 51 85 45 12 8 1 57 82 53 26 46 4 63 82 94 22 42 1 66 89 56 59 65 42 66 14 95 6 7 42 77 39 17 86 30 46 49 87 59 24 63 0 69 87 67 94 86 98 19 29 1 36 8 5 48 28 18 84 81 42 26 76 82 30 33 24 57 35 88 37 15 78 1 61 26 20 27 97 94 92 51 93 22 76 1 36 93 91 30 4 68 97 73 60 51 37 56 15 75 47 84 2 85 68 47 15 10 66 62 3 39 86 41 12 91 8 79 39 88 2 5 49 47 8 88 70 46 35 96 63 5 61 11 36 76 41 34 33 10 86 72 68 80 5 92 64 69 47 32 56 25 20 29 81 35 74 69 23 26 41 67 53 34 33 87 86 11 26 77 1 56 46 51 93 38 95 63 23 50 99 94 87 52 19 6 81 88 45 69 51 98 58 7 79 58 7 98 38 70 40 42 86 26 42 10 75 99 87 18 16 63 95 42 30 68 81 21 99 18 36 28 74 36 52 72 18 75 35 33 94 72 7 61 47 60 24 29 73 31 75 26 6 56 7 44 39 85 58 61 94 32 41 6 88 57 46 45 28 58 35 4 14 17 71 77 12 
59 4 94 74 8 91 55 19 32 27 70 95 83 41 39 52 98 95 82 53 7 4 19 79 88 90 63 97 18 13 90 97 34 89 97 56 93 14 2 49 46 79 75 74 14 70 72 36 67 77 51 23 97 19 78 60 92 88 26 51 67 14 82 70 97 19 34 11 15 46 96 24 48 85 43 48 93 88 65 94 72 83 79 50 90 71 24 24 52 59 44 33 86 47 66 77 84 50 64 1 23 67 33 68 44 83 36 56 30 43 21 86 42 96 63 15 79 0 70 9 66 83 27 4 69 18 7 18 91 49 35 44 94 16 80 2 8 82 6 22 81 38 52 29 97 91 31 69 15 21 15 94 94 77 40 53 2 51 46 24 2 66 63 31 58 80 40 23 77 50 16 11 63 35 37 38 75 7 3 37 26 68 29 55 22 62 64 31 78 31 64 92 59 54 17 74 33 55 48 57 34 67 84 60 52 92 70 11 56 40 77 86 35 22 51 16 79 23 46 59 89 18 79 93 56 85 35 98 57 26 19 2 72 40 83 96 47 4 31 73 30 36 2 12 74 38 36 74 59 79 58 74 60 66 88 46 42 1 92 79 22 86 98 63 75 23 8 34 6 87 3 47 31 77 85 47 35 2 26 21 14 85 41 55 64 30 73 39 6 7 90 72 59 84 70 85 25 98 38 1 
80 99 15 22 86 86 87 41 12 6 87 68 65 57 91 60 72 69 19 4 25 12 28 60 92 76 9 54 37 48 90 76 17 37 65 33 36 19 16 11 14 41 94 8 97 56 0 86 79 8 37 87 59 49 12 37 39 79 80 38 72 86 64 11 59 32 56 9 13 47 78 81 51 68 22 25 92 35 95 53 37 3 23 4 52 56 25 11 96 57 23 82 16 81 19 48 5 27 22 17 48 7 52 28 41 0 93 86 3 59 19 40 50 26 80 14 86 71 66 10 10 80 0 78 39 88 99 63 26 48 35 25 36 6 44 95 55 60 22 37 92 90 76 4 92 12 70 72 11 5 11 19 66 41 42 67 0 26 9 5 15 59 78 60 55 7 45 67 63 63 99 81 1 62 53 84 84 25 6 99 34 78 80 7 1 72 87 65 82 23 79 42 65 8 52 24 87 34 5 9 5 68 44 96 51 28 22 47 83 37 32 49 30 8 64 48 0 17 13 50 37 61 59 22 53 68 38 12 53 16 51 81 12 71 21 34 0 6 21 71 65 49 98 85 8 45 32 29 57 69 19 94 60 59 30 19 97 27 79 83 72 95 87 0 51 80 22 54 60 26 43 1 30 64 96 33 33 88 43 67 98 72 65 22 18 34 87 81 62 70 51 4 75 24 86 25 77 77 53 66 
79 38 50 89 80 45 85 40 16 84 44 98 49 66 48 24 67 24 12 82 9 96 97 63 70 67 74 16 48 27 84 93 59 11 67 47 7 24 89 61 5 44 57 28 62 3 25 8 34 90 40 28 29 95 50 68 35 64 91 88 52 8 48 77 33 21 90 91 52 1 22 66 98 85 10 92 67 62 20 53 37 78 90 75 74 80 69 98 21 82 54 77 34 92 30 93 42 99 12 21 82 9 0 73 30 55 61 81 76 88 68 96 75 92 22 95 21 69 48 86 86 17 66 12 93 76 45 12 1 81 55 22 78 37 63 94 18 31 45 97 33 75 43 26 97 65 37 52 59 91 12 71 15 22 91 98 59 69 75 60 28 67 19 73 71 24 8 67 60 54 34 51 6 11 18 30 63 87 18 21 19 13 42 10 40 30 21 40 63 81 5 2 69 78 98 12 67 56 84 94 26 17 34 16 0 15 10 91 26 69 92 66 63 45 38 82 39 17 41 94 43 55 50 34 30 17 10 94 19 86 57 30 52 92 27 91 74 90 35 24 49 66 97 72 97 95 8 58 18 42 87 11 60 58 34 91 81 11 21 40 5 61 28 34 65 84 50 12 77 16 56 10 79 52 75 15 34 10 80 55 12 3 89 1 8 20 60 24 99 91 75 13 9 58 43 93 98 5 29 7 
36 60 11 69 58 32 44 93 71 22 20 44 38 40 27 86 3 64 82 39 22 68 84 66 49 77 67 18 51 22 76 8 13 13 73 37 19 60 14 26 83 90 36 99 88 91 68 1 18 91 97 16 21 28 85 85 82 59 36 12 95 42 24 39 14 72 1 87 83 32 72 84 71 52 62 54 24 92 59 68 87 65 95 18 49 68 90 34 12 65 8 81 86 17 8 29 72 87 64 12 54 64 35 18 90 31 19 73 87 35 74 31 75 54 42 58 18 97 62 19 17 90 65 88 46 68 4 33 77 51 95 36 82 63 39 49 55 35 31 43 23 37 74 28 86 5 52 21 0 87 24 67 63 10 60 18 62 56 93 80 67 53 54 87 68 68 9 6 59 2 84 93 58 3 20 40 39 22 96 35 44 90 25 55 14 27 17 60 58 0 12 0 44 30 37 37 95 2 79 44 22 73 0 16 39 99 41 24 77 85 90 53 63 17 61 69 26 47 82 8 81 21 5 97 40 33 46 18 2 20 4 74 41 4 27 41 82 50 70 90 56 13 86 38 37 74 58 47 7 10 75 30 71 9 62 31 2 39 14 54 81 34 42 86 19 59 94 54 69 12 60 51 78 79 82 52 79 24 38 81 34 59 66 64 73 41 47 89 54 84 34 69 69 53 28 37 50 92 75 69 
54 77 14 55 68 89 50 55 4 92 29 13 10 82 70 89 23 53 74 30 35 56 25 31 30 62 16 26 92 78 88 76 8 97 97 51 53 19 30 92 59 3 5 88 76 5 23 3 29 37 16 11 36 5 21 4 35 40 69 26 13 17 93 51 31 73 65 90 74 34 40 56 61 45 28 28 14 85 41 19 62 47 8 9 63 85 45 48 60 79 32 2 96 11 47 45 90 83 41 74 67 94 80 37 42 76 40 51 32 68 92 67 66 72 45 3 22 26 96 85 42 55 62 61 71 9 97 73 54 90 89 63 10 28 55 32 94 36 63 45 55 35 61 27 26 76 88 46 57 95 54 72 17 86 19 2 75 53 10 86 35 56 39 88 78 81 45 85 88 17 25 53 56 22 97 60 30 80 46 65 38 13 69 25 23 10 98 68 91 28 27 80 77 30 93 36 57 12 82 99 46 66 64 72 13 0 40 34 60 75 87 20 37 92 60 8 61 73 32 97 26 76 68 46 16 97 61 95 55 24 40 84 32 91 89 59 51 64 58 1 90 54 12 28 80 30 63 2 42 86 39 88 10 45 6 58 34 8 28 63 3 88 11 57 58 96 83 74 6 38 25 93 80 82 73 83 25 44 91 66 70 90 6 16 44 20 79 34 60 70 75 67 30 46 93 75 75 66 70 51 
87 48 24 53 49 5 4 51 12 29 43 31 98 30 93 20 87 9 97 6 49 46 59 79 73 98 49 38 80 10 44 62 22 54 9 10 18 93 88 40 57 0 40 59 71 86 43 50 59 64 5 19 97 38 59 44 1 52 83 94 73 11 14 10 64 34 12 17 31 38 94 76 22 13 34 68 68 21 22 99 50 96 90 8 80 45 86 87 14 91 78 92 90 90 25 29 47 6 30 73 79 68 72 40 9 95 80 85 5 92 65 84 2 31 70 93 73 81 44 20 23 89 44 28 80 17 32 40 62 33 53 74 30 98 86 12 12 67 36 95 41 72 74 22 95 57 4 14 47 99 28 17 56 12 99 21 2 73 77 15 99 25 29 85 64 29 55 56 25 59 34 71 81 18 52 72 36 78 95 80 40 20 81 5 24 99 9 93 98 27 54 94 58 82 7 85 98 81 48 49 75 86 0 45 14 78 96 42 9 32 57 63 26 33 63 55 76 33 41 86 90 77 96 94 48 52 69 7 58 6 12 85 41 67 92 26 19 77 29 8 99 29 21 6 14 68 88 48 74 95 71 88 21 14 15 73 0 0 57 94 96 92 5 86 48 14 22 87 55 13 70 39 72 27 45 95 19 77 47 87 4 7 54 35 16 63 71 96 68 78 92 42 68 54 33 62 2 61 74 94 
91 35 89 45 91 40 30 34 29 54 99 28 68 53 49 92 69 78 81 84 51 82 41 63 10 32 39 0 17 94 52 64 34 32 61 26 43 76 59 2 52 15 74 81 6 53 74 30 58 99 28 71 86 64 41 27 22 41 51 83 58 45 66 12 40 27 96 77 81 43 54 60 35 25 56 88 62 93 40 14 86 91 8 83 78 94 72 27 30 80 20 66 95 93 34 56 72 60 22 61 64 10 18 99 91 18 51 96 81 19 75 2 96 42 17 40 4 68 39 18 88 39 85 7 75 64 5 81 13 75 51 38 71 60 57 93 41 49 1 24 70 44 84 29 30 69 8 38 11 35 89 94 85 45 57 15 95 80 0 70 9 81 14 51 17 21 40 23 20 26 92 76 11 23 2 63 44 25 4 59 42 99 7 20 24 82 76 32 9 27 80 42 66 94 88 98 97 26 84 20 25 46 46 94 73 48 54 64 62 20 23 80 69 51 33 32 87 45 39 78 54 21 32 19 35 18 15 4 43 75 5 14 23 93 97 0 78 43 6 82 73 88 76 18 27 3 61 41 62 27 41 16 3 44 63 45 90 88 64 41 33 42 61 19 6 78 99 75 42 9 29 48 61 25 90 77 9 88 43 45 24 3 67 41 10 99 15 70 96 33 57 96 1 87 0 18 74 48 64 90 
4 43 12 6 19 58 94 86 34 34 99 21 6 2 5 61 65 6 53 48 20 72 5 14 51 81 60 76 58 10 67 26 82 83 16 8 38 72 38 61 38 87 63 47 47 59 85 29 43 83 32 59 93 94 51 6 92 29 40 79 22 92 18 0 75 92 9 98 97 18 45 13 72 69 84 24 76 75 42 58 78 11 18 47 82 1 42 17 29 85 35 13 33 19 98 31 66 4 39 87 64 32 69 94 24 96 65 61 86 3 8 46 33 83 61 4 10 63 9 49 30 80 50 36 93 46 68 81 21 24 5 17 33 17 80 95 31 40 21 30 43 56 97 76 35 39 50 37 6 65 80 18 73 65 61 8 60 28 68 51 57 54 19 89 38 17 93 2 62 57 12 87 41 25 68 81 51 21 85 57 8 38 80 49 7 87 4 35 57 20 20 33 90 89 94 75 62 35 79 66 33 94 86 53 33 90 22 17 11 94 17 10 49 22 38 78 87 65 20 35 43 95 62 17 86 35 90 27 37 85 87 19 3 22 28 21 22 5 86 73 64 67 34 11 39 34 36 85 59 15 43 88 43 2 27 29 96 54 27 39 64 67 11 43 28 3 0 21 22 73 8 50 84 30 5 67 40 78 75 48 69 76 68 36 8 92 66 9 65 15 57 38 64 38 23 1 93 2 72 15 
30 1 66 4 97 54 85 64 21 26 86 64 17 98 8 21 24 28 41 60 23 44 2 16 62 76 60 44 48 29 25 92 63 72 48 38 39 46 94 57 50 1 62 43 80 80 62 13 77 88 52 35 5 81 62 38 75 2 69 87 29 33 27 27 31 82 74 93 20 25 30 16 90 98 37 32 10 87 77 27 80 35 79 95 61 55 33 90 62 1 78 67 92 8 6 11 87 87 5 26 55 58 36 41 8 32 85 82 16 74 29 88 54 59 42 90 52 15 4 97 60 50 2 95 74 88 1 3 21 42 29 46 37 37 13 77 86 52 25 91 17 68 22 48 48 37 24 90 4 28 14 5 5 68 15 49 54 70 22 4 27 72 82 79 64 84 39 44 83 27 84 35 89 81 8 96 99 3 94 15 31 27 92 49 63 74 79 63 29 97 89 92 63 8 81 11 57 69 18 85 31 25 54 60 90 47 73 55 51 51 11 72 59 70 12 80 41 83 7 70 39 65 95 53 70 10 45 1 33 4 33 32 79 33 19 47 14 38 4 16 39 86 11 21 89 17 24 79 38 31 1 27 11 8 13 98 95 99 85 2 85 33 97 61 81 71 20 38 86 27 88 48 10 95 40 72 98 13 10 13 18 57 90 62 26 85 90 79 30 38 38 69 54 26 88 51 22 3 10 42 
67 32 98 7 56 10 8 61 72 50 49 56 72 48 43 22 85 88 43 20 96 91 33 41 30 40 56 22 43 6 38 22 0 24 32 98 49 34 49 58 33 73 79 64 59 72 58 26 88 88 13 78 14 63 96 89 99 78 87 77 91 82 5 93 57 47 40 73 49 61 27 45 91 11 30 17 30 26 59 76 96 26 23 73 41 10 40 2 82 61 89 17 70 34 39 11 99 81 97 18 27 92 1 56 96 77 43 82 15 65 31 72 76 54 58 73 52 55 46 77 45 17 91 42 48 90 70 3 69 66 75 75 66 30 93 43 15 12 57 23 32 64 1 65 97 75 60 53 89 96 53 6 29 3 32 71 83 14 13 37 91 9 52 4 10 54 24 30 78 13 86 16 66 8 47 27 92 5 68 54 14 34 23 62 13 23 85 26 67 50 11 58 93 80 24 86 25 5 68 60 28 55 98 16 89 94 16 88 68 55 60 97 95 75 62 88 51 33 24 11 28 72 1 54 94 94 59 79 67 30 41 0 62 54 98 58 56 46 66 76 47 66 24 70 11 71 62 57 84 92 99 33 61 1 48 56 65 7 44 2 81 16 90 1 30 89 21 72 64 88 87 16 36 92 89 55 55 39 43 95 47 55 74 77 61 21 33 93 91 54 24 69 45 55 77 24 86 45 38 95 
58 51 41 63 9 6 35 10 9 34 67 53 45 77 5 48 32 99 7 18 83 82 1 15 29 56 32 1 13 82 6 26 58 65 59 55 80 99 22 72 53 25 67 98 90 48 56 13 64 47 33 79 17 70 15 14 1 89 76 34 43 87 61 77 93 20 97 68 96 55 77 24 73 25 92 2 8 67 65 74 88 57 76 72 47 97 17 31 18 92 38 79 7 28 13 34 76 58 50 65 7 53 96 40 18 40 66 34 31 19 49 58 75 62 38 76 51 33 0 54 30 64 85 8 85 49 9 1 64 18 58 98 98 86 43 12 24 51 77 78 15 30 19 89 74 75 40 65 7 60 95 53 16 44 40 49 41 30 59 47 53 85 97 6 89 73 58 16 28 58 2 41 63 27 66 57 78 71 10 5 15 58 2 66 48 44 32 68 24 73 34 44 78 62 1 27 2 70 80 45 80 5 37 68 83 32 85 33 47 41 73 73 77 40 68 66 26 70 61 66 75 49 88 34 19 59 53 86 28 82 80 85 57 95 61 46 77 66 33 10 32 73 8 77 19 28 66 68 46 69 1 76 1 47 96 27 80 88 49 35 40 4 15 8 20 17 23 34 25 52 40 83 58 96 86 92 12 12 50 37 91 62 94 71 63 42 79 46 91 98 88 60 52 79 96 64 50 29 57 9 
20 65 88 49 62 22 69 65 51 58 26 7 88 89 0 67 37 67 31 25 97 70 90 79 48 39 4 39 93 23 83 4 64 90 10 91 6 52 82 64 55 84 80 92 24 80 12 29 94 44 5 20 18 8 86 78 60 30 18 87 86 14 33 25 46 34 92 7 15 15 99 58 33 80 85 84 94 36 48 55 83 81 99 54 71 39 66 79 51 60 82 65 29 8 86 88 72 81 36 70 27 70 18 43 42 69 23 80 95 1 69 31 85 87 18 9 16 9 29 7 59 54 43 25 88 50 10 9 23 4 44 65 60 93 57 48 3 41 6 49 78 93 57 91 7 79 60 33 82 58 83 34 52 80 51 75 99 89 1 5 3 21 69 15 84 59 85 14 80 82 70 78 17 36 69 75 75 40 67 8 14 46 33 23 80 60 34 9 7 99 73 16 29 69 14 29 70 22 8 41 58 13 6 83 41 0 94 49 15 10 46 35 28 49 18 72 3 12 45 18 99 80 46 96 75 34 36 87 59 5 25 41 50 44 21 5 75 51 74 30 55 0 31 54 8 25 74 83 22 32 31 49 0 6 2 93 40 0 58 77 40 48 69 27 14 37 78 38 1 42 77 60 1 77 70 68 30 59 85 56 4 97 59 42 75 69 34 66 77 35 81 75 12 30 58 17 17 67 89 66 
4 42 24 38 76 26 70 39 53 74 19 71 50 37 77 64 76 56 71 56 56 36 41 29 84 43 37 98 8 49 44 60 28 42 4 29 51 67 40 54 5 89 35 72 6 0 63 95 10 6 79 45 86 12 75 47 88 9 92 2 50 39 91 33 94 58 83 93 37 99 60 16 37 72 87 73 81 64 0 99 28 8 72 95 76 18 67 58 1 23 14 85 18 82 90 66 98 43 10 55 19 5 34 10 89 57 42 71 41 19 68 59 0 78 8 18 63 28 48 13 83 2 65 9 71 28 62 81 17 76 61 72 65 36 74 23 87 51 2 14 25 86 64 9 76 72 24 9 73 58 37 24 88 75 21 3 67 75 3 15 63 24 33 0 62 42 84 79 51 30 86 1 49 38 75 62 2 68 28 47 64 97 73 60 90 76 23 17 39 20 0 78 10 73 76 70 86 16 90 22 48 36 92 48 76 42 48 38 32 9 85 65 28 35 20 90 61 39 24 82 19 37 29 82 60 1 93 29 63 65 7 86 96 9 97 91 93 45 22 6 45 40 25 63 77 82 7 4 5 37 72 10 47 49 17 17 42 95 27 24 79 51 3 0 76 98 20 57 28 63 84 44 23 64 84 92 71 11 57 70 91 77 50 69 81 99 68 35 77 74 8 45 26 78 29 55 76 7 36 33 
2 43 94 51 84 34 24 75 78 18 56 62 69 23 27 79 2 82 10 36 34 85 34 69 15 22 77 73 76 61 99 86 19 19 68 86 97 55 99 46 22 4 60 88 49 99 95 4 54 33 65 59 74 19 58 19 50 2 49 68 56 12 14 59 76 39 17 52 68 37 55 63 68 83 86 23 40 96 88 7 89 84 72 5 65 28 88 70 61 54 27 28 26 35 36 30 17 64 24 4 25 67 78 27 42 20 79 56 12 6 67 41 20 55 19 84 54 68 70 50 26 84 10 75 63 17 63 12 47 55 92 34 68 20 10 53 55 80 25 55 12 34 94 75 51 8 21 72 93 61 75 78 31 63 75 8 72 45 73 17 10 70 80 56 38 68 88 65 50 10 9 13 2 92 93 65 56 31 40 76 52 17 20 83 8 19 58 96 85 77 33 89 84 16 90 33 77 27 94 92 89 8 20 20 42 62 10 64 73 63 86 92 64 26 2 65 82 58 62 49 59 68 28 35 30 57 67 76 17 68 54 8 8 43 35 65 48 16 94 91 18 48 84 75 32 84 88 6 60 31 79 14 6 48 63 38 45 84 91 34 12 5 1 24 88 63 91 87 77 27 68 5 19 17 86 13 24 65 27 5 30 54 43 76 36 50 46 48 31 52 89 32 47 95 27 59 36 6 73 82 
38 88 26 26 39 43 95 50 31 42 8 22 22 70 45 4 51 47 73 76 50 43 61 11 55 55 72 83 52 39 22 70 45 49 43 2 58 26 55 9 99 81 92 39 7 41 16 83 11 35 68 7 68 38 27 81 21 14 15 69 41 14 63 6 67 51 26 69 74 2 45 38 22 18 29 63 93 92 25 60 39 64 60 65 78 48 16 74 25 48 21 59 27 2 31 86 91 18 38 4 49 35 4 66 69 86 41 80 6 0 63 63 30 31 75 10 46 33 33 97 20 79 29 67 30 68 41 38 29 73 20 63 84 69 62 90 19 5 75 92 39 61 63 2 16 99 8 83 30 56 10 54 60 29 9 65 52 36 56 54 98 77 61 0 70 75 21 48 64 11 25 50 6 22 23 20 12 86 12 30 90 61 15 79 53 90 24 25 95 81 20 75 38 7 91 90 84 55 10 3 33 51 71 48 28 50 95 92 44 24 22 44 17 70 0 37 93 77 36 21 58 35 73 50 81 94 56 35 41 8 71 35 36 29 91 47 72 57 87 55 43 85 62 55 78 30 55 43 71 36 79 18 10 3 80 45 49 51 15 11 62 93 16 59 29 68 44 41 58 48 58 9 31 50 31 95 27 86 65 88 30 46 5 19 50 93 86 24 67 55 85 18 56 47 15 41 36 12 40 52 
24 28 94 59 29 77 5 57 75 33 19 22 46 69 71 81 11 4 56 57 93 63 87 58 72 87 3 7 80 99 46 1 37 42 13 82 37 36 86 30 3 19 81 82 21 22 24 89 32 65 47 13 62 43 30 83 84 26 72 31 26 43 69 43 32 88 18 79 57 91 12 17 51 13 75 71 85 66 55 81 38 43 82 37 63 52 9 9 40 35 80 90 16 40 21 33 8 22 86 64 19 84 67 18 11 16 66 59 55 24 52 49 33 59 44 92 60 80 73 6 24 8 57 31 74 15 89 20 62 30 27 14 45 62 31 52 59 57 55 43 79 51 9 11 68 35 25 77 85 44 79 99 49 67 91 93 66 42 71 57 8 1 51 80 82 30 65 21 34 38 8 50 91 96 51 94 86 39 12 12 2 64 37 21 52 17 6 83 41 0 17 41 0 87 80 24 0 21 32 76 90 48 58 25 91 16 70 76 67 42 24 76 7 88 33 55 56 43 76 74 74 18 97 90 0 90 39 91 44 54 60 68 14 87 28 40 15 98 35 80 13 98 50 26 77 45 15 47 7 38 83 9 41 6 78 94 71 11 86 41 96 13 82 34 94 79 20 38 57 70 44 75 32 16 72 2 16 10 60 32 14 10 85 22 20 99 12 55 66 32 1 63 71 41 44 38 30 53 43 7 
14 45 70 96 22 88 35 67 96 80 37 60 23 0 61 23 96 98 7 93 19 54 67 95 88 56 55 41 96 94 43 95 40 66 22 84 58 85 28 36 38 82 65 58 41 82 85 46 42 54 55 36 88 65 21 58 88 29 59 98 63 13 48 13 29 88 47 3 26 72 55 57 26 65 0 92 52 24 85 22 45 96 23 98 86 93 96 80 54 54 7 41 25 65 52 48 31 80 82 24 31 50 30 92 54 62 37 74 59 71 67 78 46 53 29 15 64 31 58 95 97 84 10 75 92 91 98 50 38 19 35 1 47 38 66 90 48 12 64 78 0 20 60 22 63 26 40 95 75 89 60 10 45 94 96 36 46 37 8 76 81 87 67 41 66 69 81 20 10 30 90 74 3 80 14 25 22 48 68 46 58 71 95 7 50 2 31 25 37 19 15 28 91 70 36 51 29 25 37 46 98 31 72 49 46 19 92 34 98 14 39 76 36 31 52 35 1 43 46 71 20 67 10 46 85 37 68 19 73 41 85 16 52 49 35 43 25 77 84 9 31 55 37 53 29 44 82 18 0 90 81 93 48 23 38 17 54 42 89 73 53 50 78 67 15 33 38 41 29 32 95 40 69 72 31 72 19 46 54 40 19 37 45 65 57 33 31 63 99 85 90 88 80 78 4 88 66 44 94 40 
57 24 31 53 64 41 61 98 67 24 98 52 72 24 79 11 8 36 41 25 52 98 12 92 41 86 65 99 3 78 9 78 82 12 89 46 82 65 12 62 58 64 90 44 0 14 24 27 91 64 72 77 81 61 89 28 2 57 8 60 22 91 85 6 14 69 75 52 61 38 95 69 17 23 4 60 90 96 83 77 93 41 81 75 20 49 5 0 1 56 77 91 86 49 81 73 50 16 96 4 93 94 59 60 30 35 88 90 28 66 42 87 15 96 91 74 32 94 86 95 99 22 61 90 16 70 89 76 61 5 32 59 16 64 68 62 86 78 68 83 71 52 76 27 1 67 35 11 95 0 30 99 83 4 72 75 46 66 79 82 81 87 2 35 1 5 7 43 61 66 66 13 5 67 68 77 48 9 62 15 4 97 54 27 62 75 1 90 92 62 92 81 68 72 66 12 51 77 72 93 81 30 70 6 49 16 36 85 54 74 94 97 15 78 85 49 77 7 97 87 73 21 84 0 22 59 67 3 73 19 48 28 60 63 31 49 54 19 9 97 60 19 17 52 54 60 14 21 78 91 50 46 13 45 54 2 88 58 68 19 25 88 79 47 73 86 43 21 65 55 55 53 70 88 49 13 51 32 75 29 21 16 52 3 48 26 63 60 14 30 95 67 72 39 78 94 53 92 81 66 
7 72 77 99 86 59 64 90 63 41 16 27 74 84 94 41 48 62 5 18 41 39 44 18 19 92 12 60 4 46 9 1 41 29 38 26 83 99 39 38 28 6 43 55 43 40 53 12 69 72 67 2 2 94 19 68 92 65 87 82 98 46 38 76 77 84 55 28 76 74 51 0 59 98 70 78 54 47 83 48 79 42 46 74 76 7 43 94 95 89 0 42 75 18 83 33 29 94 82 34 91 11 15 79 71 51 81 59 69 90 18 15 3 11 60 22 50 5 91 3 11 45 18 12 12 46 81 29 89 19 62 38 33 84 90 77 57 83 2 12 44 28 60 12 44 45 41 3 21 15 67 20 53 98 76 31 44 91 52 29 13 77 58 29 31 59 20 30 87 66 31 87 13 84 28 38 7 93 96 3 13 34 31 71 32 60 84 85 73 10 77 59 67 0 29 71 22 22 6 63 97 87 3 23 89 83 71 38 99 96 8 30 94 71 86 56 49 9 0 69 8 64 66 93 45 36 13 60 78 39 16 51 89 12 8 49 43 93 51 95 28 49 52 75 2 49 46 93 67 75 8 99 94 0 31 18 31 57 52 78 95 43 71 95 25 90 88 13 46 60 93 23 86 24 26 32 67 15 1 28 4 79 80 84 76 86 61 53 80 56 31 32 88 49 91 88 86 43 29 79 
3 45 66 22 86 91 55 31 8 45 56 70 79 47 14 46 84 2 41 79 86 9 60 78 14 72 53 31 89 85 49 74 38 98 27 40 88 71 72 50 11 84 53 0 51 43 82 50 4 95 71 41 87 48 48 7 52 26 42 3 91 72 72 45 15 82 17 6 5 89 69 87 37 47 94 71 24 13 36 93 43 47 68 93 89 72 34 85 44 84 87 1 87 32 40 53 21 15 2 31 22 74 4 8 22 62 39 50 5 29 51 31 96 34 94 16 80 25 18 3 9 89 27 36 15 85 17 48 37 72 43 78 45 6 16 49 92 34 33 42 25 95 42 12 75 70 71 63 25 7 73 9 35 34 5 13 51 65 59 45 6 6 20 82 38 77 35 35 41 87 49 47 5 94 3 57 97 14 43 71 35 31 76 74 2 21 5 9 42 93 20 67 36 64 48 86 61 86 54 59 73 26 32 94 14 16 57 37 46 5 99 69 75 1 40 87 71 62 78 82 68 7 82 70 58 5 97 1 20 54 64 21 72 32 92 23 78 51 0 66 54 68 81 19 35 80 75 15 64 57 78 47 48 27 0 58 91 81 58 46 34 69 29 43 73 18 36 18 95 21 77 45 66 32 34 21 28 1 43 71 43 89 62 57 84 35 24 89 85 61 78 95 27 31 44 33 70 7 63 73 
8 93 41 87 66 9 29 8 47 90 13 17 56 2 56 54 13 35 12 42 11 39 15 41 78 16 37 60 63 61 16 91 98 32 98 85 91 83 42 73 55 49 19 34 89 14 11 13 54 45 26 9 66 32 10 2 74 20 45 70 89 26 60 15 8 96 49 78 26 91 2 85 65 91 69 14 76 49 51 51 37 17 78 63 12 36 53 20 65 22 43 95 88 1 92 72 40 79 65 67 82 73 72 92 48 23 4 4 91 45 4 60 93 57 42 35 84 9 13 30 9 59 70 53 95 99 88 1 80 41 76 70 71 92 82 58 80 43 94 57 17 25 35 61 96 48 39 14 91 84 13 9 83 49 67 21 17 78 23 63 41 43 64 42 38 53 79 3 22 15 29 79 17 24 25 18 88 81 30 24 6 57 10 0 33 46 52 92 98 97 71 16 93 8 34 89 90 32 84 76 31 87 16 76 53 5 90 79 33 17 41 20 46 75 7 72 9 11 88 45 34 34 32 33 30 93 5 29 65 99 95 11 18 57 59 33 31 52 71 62 17 8 84 27 67 53 56 78 14 79 37 96 76 12 62 14 68 91 14 20 59 81 21 12 26 15 48 97 47 84 35 1 92 14 66 8 11 60 8 89 62 58 14 76 8 2 31 91 69 4 57 84 54 22 71 43 14 27 70 66 
6 98 37 88 75 1 81 9 91 68 91 13 44 84 27 82 33 73 22 88 44 71 3 93 20 8 80 65 62 2 33 11 85 90 47 27 30 16 5 2 71 94 25 2 82 88 90 31 88 35 56 22 3 29 47 97 39 5 23 14 18 41 85 85 13 80 8 51 76 39 64 30 40 1 94 25 95 8 81 49 21 33 81 23 98 20 20 15 45 65 3 79 34 45 75 98 67 80 21 81 17 81 35 67 24 63 88 23 66 61 64 45 34 54 41 61 25 2 72 83 73 32 99 34 60 64 95 51 35 64 65 69 67 55 47 23 48 92 32 8 17 21 17 9 47 70 46 75 30 50 33 48 41 0 55 66 56 83 21 95 42 59 16 33 16 85 30 43 41 75 91 12 24 41 90 89 96 64 74 22 26 68 14 28 63 72 73 13 8 64 36 51 92 19 1 0 30 22 1 75 9 6 8 63 64 10 2 89 25 51 40 19 43 89 33 61 77 25 99 91 58 76 13 71 49 23 84 65 55 22 16 27 99 11 35 44 28 79 8 38 64 71 64 28 23 43 60 84 17 65 94 56 67 33 39 22 43 56 4 90 41 21 7 26 14 99 39 3 90 60 41 22 66 94 4 17 70 79 79 5 45 85 64 17 32 30 54 83 29 37 12 62 38 32 18 85 20 70 15 22 
99 78 6 69 36 31 19 9 11 53 53 25 41 87 21 29 46 41 50 67 59 24 68 47 53 23 59 42 76 29 70 35 69 29 11 75 74 63 12 62 67 12 12 95 29 85 60 17 66 31 76 6 32 96 68 47 43 58 95 16 53 18 74 42 1 1 49 69 14 43 34 85 27 13 59 63 68 45 70 55 21 58 43 17 83 26 96 16 41 75 26 60 41 27 62 20 78 75 33 27 41 72 79 1 13 21 56 60 25 41 47 78 10 93 69 99 21 50 94 79 69 73 94 76 56 94 30 5 8 76 58 90 9 79 19 32 16 32 45 51 79 5 27 90 96 82 38 49 72 4 93 66 34 50 25 10 57 23 36 77 34 20 94 61 77 88 27 38 27 76 89 59 11 62 86 64 86 40 62 73 40 13 62 86 19 35 6 94 73 8 62 74 43 33 92 95 87 87 73 54 20 44 23 77 64 69 74 41 10 65 39 28 32 86 81 70 71 95 85 31 88 99 86 72 85 74 67 49 80 46 10 4 68 25 72 70 38 25 69 21 54 9 0 27 41 26 93 14 48 79 54 45 49 36 99 51 40 57 68 98 49 44 44 29 86 10 91 91 35 45 91 53 65 71 46 99 7 86 41 66 81 42 13 73 85 93 65 36 22 60 57 68 95 60 90 13 54 53 58 57 
83 88 18 4 28 32 44 86 14 46 76 45 75 8 10 55 9 0 63 79 3 46 85 50 19 79 68 34 39 89 52 87 36 65 39 89 91 66 80 90 2 88 60 11 43 26 34 10 36 57 91 36 74 43 42 77 91 35 39 54 50 8 58 72 40 96 45 19 2 68 92 76 70 27 98 60 18 31 19 38 95 82 7 15 9 72 45 80 0 77 13 28 18 21 35 24 29 81 66 29 66 64 8 85 18 97 52 55 46 77 84 66 76 12 78 6 41 9 60 63 77 74 49 4 95 98 94 0 83 57 75 56 66 77 70 38 60 38 41 82 47 72 18 35 71 42 69 27 86 12 61 71 91 23 42 98 11 38 54 28 81 95 24 70 89 79 2 77 75 85 39 24 39 67 93 42 13 38 22 17 79 16 49 8 63 65 70 21 77 49 52 33 25 85 92 66 90 37 47 97 49 6 24 93 24 37 80 26 30 20 71 51 64 29 98 12 91 19 16 13 11 41 41 84 59 53 12 74 25 3 87 2 58 34 73 97 39 51 3 65 44 64 96 16 45 9 28 97 94 4 44 57 15 98 97 48 61 46 63 11 72 18 17 57 38 17 65 34 49 15 83 96 31 75 18 4 97 38 24 51 3 30 99 5 14 52 1 70 70 65 77 78 24 58 52 97 84 11 62 46 
6 68 64 27 37 97 88 34 4 66 56 82 75 2 30 66 0 99 3 83 80 94 36 75 39 14 58 12 11 2 62 55 32 55 67 15 31 40 62 40 64 84 86 61 47 87 42 90 10 37 52 77 52 22 39 4 4 37 95 57 6 40 61 28 45 7 30 49 96 74 91 10 93 78 24 73 19 82 63 18 14 41 80 96 32 31 0 99 33 21 57 4 94 22 6 82 98 97 74 26 12 95 19 64 57 9 32 52 49 28 56 76 82 26 41 11 66 6 14 4 54 34 4 57 99 38 36 95 74 81 31 66 77 23 58 36 17 43 88 70 10 81 14 77 35 68 62 73 64 85 34 23 23 65 72 68 15 11 24 82 63 80 80 47 0 88 5 64 37 5 75 76 4 64 90 21 98 63 68 24 6 21 38 98 30 48 5 89 16 91 60 99 50 6 0 18 46 96 60 91 10 44 89 96 58 55 39 49 92 39 9 99 41 36 21 35 37 33 18 26 26 62 65 25 35 32 96 36 72 62 63 18 33 78 35 65 8 80 0 0 27 74 40 28 60 84 14 61 41 53 28 50 30 13 46 92 89 46 95 55 64 52 57 61 36 52 68 14 69 97 48 23 98 64 52 38 36 40 8 0 69 80 65 6 96 78 23 67 99 39 43 55 67 87 31 81 79 17 27 78 
73 82 66 85 94 30 40 1 37 78 57 51 63 16 81 4 92 23 12 63 34 17 63 54 32 10 87 75 68 0 56 54 15 79 49 41 87 39 63 71 92 64 75 9 28 31 71 27 38 33 79 37 2 21 10 76 82 27 65 36 62 23 17 47 9 48 90 34 60 67 21 70 5 10 34 39 19 77 23 82 91 98 19 35 66 64 26 1 32 38 49 54 37 91 36 27 43 36 17 97 73 40 2 85 62 45 26 47 89 14 82 28 83 67 45 12 48 68 80 80 65 71 95 79 58 58 94 67 39 76 3 23 10 22 94 62 32 48 87 83 89 4 52 13 70 26 29 33 66 84 32 27 45 98 11 97 38 85 0 91 16 8 4 64 10 53 64 44 23 26 15 33 18 55 52 22 65 35 97 12 49 15 10 94 35 32 2 67 47 9 3 62 40 62 61 32 83 3 65 80 14 34 29 56 69 62 17 91 4 43 0 70 90 70 50 59 69 37 27 46 81 63 43 77 21 39 81 97 47 24 47 5 46 10 43 46 3 79 54 22 85 57 35 9 12 67 99 17 17 20 92 23 7 86 95 34 1 41 55 1 36 11 14 33 78 2 33 46 38 15 32 93 4 61 7 88 73 87 57 13 71 27 25 24 92 96 29 65 2 91 50 92 56 14 85 19 42 86 85 50 
93 64 56 74 81 19 46 4 91 46 20 52 58 12 32 13 84 25 87 17 81 43 10 25 40 56 71 42 92 25 4 90 7 51 29 27 63 14 65 72 89 21 43 96 30 6 70 97 11 44 32 57 52 87 22 79 74 56 96 33 86 0 71 17 76 17 12 86 85 39 82 35 95 99 55 31 71 64 15 5 52 5 62 61 74 62 99 79 67 15 42 45 27 8 38 10 14 76 86 17 1 2 79 74 0 93 93 14 33 40 29 3 17 32 40 36 65 0 91 19 59 42 24 87 32 71 61 94 47 59 53 58 67 66 41 95 23 60 68 14 25 13 8 3 72 63 7 28 22 94 31 23 41 50 68 91 83 29 24 63 34 52 29 26 20 24 20 53 62 50 0 79 2 26 56 21 57 18 11 59 79 95 13 61 99 81 74 32 53 67 26 38 58 0 26 61 8 32 46 62 89 68 72 19 38 80 29 79 43 43 42 0 68 60 57 78 2 20 90 26 58 28 34 81 4 53 23 5 47 63 1 25 86 54 95 14 8 65 94 12 10 61 48 16 7 57 14 7 51 0 75 62 81 20 40 60 71 30 44 32 23 50 28 8 7 26 80 80 18 99 3 45 22 44 56 44 38 96 9 44 94 73 65 8 33 55 38 53 23 47 86 7 1 29 16 27 1 38 75 53 
39 66 66 41 76 83 27 40 52 34 30 4 39 30 41 55 9 37 39 4 34 52 22 89 92 9 91 12 17 81 85 11 86 74 18 9 73 25 1 67 95 74 20 1 97 94 95 92 39 23 31 52 84 47 87 47 85 23 55 27 30 76 96 7 12 79 1 59 7 25 4 25 26 97 70 80 66 73 8 38 64 72 64 6 52 79 25 2 71 30 45 87 56 15 92 48 52 30 51 40 93 14 63 38 2 37 65 76 70 30 78 4 62 8 37 21 87 5 85 4 32 10 23 42 31 30 28 77 7 55 59 39 23 16 95 61 33 34 91 44 2 58 59 50 41 47 61 73 21 77 53 9 68 38 50 83 27 47 5 42 31 40 78 82 55 97 3 5 23 60 50 62 87 54 43 91 9 69 64 62 57 94 29 5 21 92 58 51 96 68 60 95 40 57 76 65 71 26 25 32 29 8 71 34 66 32 47 48 72 73 23 70 4 9 69 55 64 2 13 26 26 96 25 87 29 53 33 65 11 17 28 15 46 9 36 86 96 31 45 93 12 67 35 65 28 38 44 27 15 75 56 89 95 51 64 11 29 84 82 69 32 98 86 39 34 67 40 98 16 19 98 46 25 68 5 0 44 30 8 52 76 33 1 88 28 39 7 37 61 47 94 87 48 9 16 97 12 49 9 64 
68 80 76 98 68 48 0 30 8 10 36 65 59 44 4 14 24 9 87 92 36 25 38 52 81 47 57 98 87 12 34 80 60 93 75 41 85 31 3 29 17 95 64 73 80 24 10 65 31 16 54 65 73 77 17 56 43 38 38 36 37 96 26 56 57 36 25 11 49 70 38 36 73 68 90 12 65 45 78 29 28 15 95 8 42 13 18 36 13 11 27 7 38 60 21 24 49 91 4 99 92 10 16 19 11 51 68 96 89 70 68 44 32 7 58 21 73 84 35 2 37 22 99 76 28 76 96 49 38 93 0 8 54 21 1 92 56 9 64 34 9 23 49 93 75 71 15 9 46 86 83 39 36 83 86 96 81 57 93 40 60 20 19 44 25 76 32 43 49 27 92 2 6 41 68 27 93 35 5 9 32 47 74 36 49 48 58 16 93 44 80 0 28 97 90 57 72 44 46 54 44 78 11 35 41 28 26 61 37 2 88 68 48 63 47 41 51 48 79 44 46 57 61 75 21 30 22 15 94 49 79 14 27 49 9 3 25 4 29 16 5 70 89 76 5 50 6 9 23 70 8 9 7 60 16 39 28 71 24 30 39 82 86 8 92 8 90 74 24 26 76 37 79 59 6 31 60 63 84 57 77 33 2 80 3 43 65 25 3 22 3 70 23 47 49 87 18 49 11 28 
16 81 84 87 65 74 6 34 13 17 44 95 44 32 86 21 99 66 2 74 82 13 35 66 22 72 12 33 80 79 66 99 52 52 6 0 89 22 67 60 9 98 68 43 74 11 74 11 88 25 54 0 98 68 49 65 10 72 85 1 92 73 66 81 86 37 12 19 17 96 16 50 14 70 73 20 24 47 38 76 29 81 33 25 56 34 91 11 52 66 32 25 46 48 99 88 8 6 27 98 8 1 18 98 23 41 71 3 9 75 22 94 25 71 67 77 10 21 50 48 61 31 28 33 19 82 79 46 6 50 63 58 67 17 47 57 13 21 44 77 70 19 23 45 12 20 94 92 28 23 55 38 42 87 82 9 65 62 75 43 86 56 63 57 39 77 81 46 3 74 9 78 44 10 40 20 67 4 37 39 55 80 55 95 71 51 16 44 76 0 65 45 1 31 85 22 36 40 98 79 44 41 89 38 55 57 88 63 93 90 89 93 39 94 5 66 72 11 65 94 13 58 22 95 64 1 4 28 41 78 57 85 30 87 90 36 27 33 5 3 79 8 93 49 83 50 4 60 14 21 89 53 62 36 89 54 92 97 21 17 11 22 57 8 52 12 31 47 22 17 62 0 54 45 56 37 33 14 96 3 12 50 74 22 22 77 69 51 44 12 22 51 88 92 81 24 61 52 72 34 
4 24 81 44 94 12 33 2 58 25 59 41 55 26 61 83 18 62 81 65 92 39 41 38 42 52 14 12 32 16 58 6 0 29 14 78 51 33 48 50 6 69 91 28 15 96 8 83 69 78 87 58 43 63 94 32 74 58 45 38 88 43 77 75 45 10 78 4 70 72 58 38 64 48 63 66 71 22 19 15 88 78 30 39 56 62 12 31 58 52 8 40 20 16 88 3 76 63 40 74 13 3 60 46 6 15 48 51 50 26 10 96 16 38 93 58 70 34 90 98 0 5 41 47 6 6 58 51 10 93 65 56 16 44 34 33 63 88 66 46 37 45 15 69 49 75 29 35 70 49 84 51 53 96 55 74 78 84 18 5 95 74 42 60 22 22 52 91 50 3 42 31 95 59 63 72 66 37 83 73 11 66 29 93 31 97 50 38 46 34 19 33 49 39 71 51 21 88 22 78 8 3 76 94 3 40 36 32 67 9 87 25 50 83 42 99 14 54 31 53 80 23 8 0 71 13 35 58 36 99 36 60 72 37 86 31 58 73 84 26 9 31 31 60 52 35 55 47 65 87 62 0 97 35 14 29 51 71 40 69 75 45 32 86 54 47 15 16 46 29 72 38 65 11 32 88 61 55 98 50 86 24 70 12 25 20 98 70 49 52 26 4 22 40 94 96 2 38 73 78 
4 58 32 85 32 98 7 51 15 59 25 2 10 30 29 22 47 59 78 36 78 29 59 70 53 92 66 89 96 55 9 78 44 11 26 73 30 43 43 95 4 53 95 67 52 96 78 87 71 17 31 10 73 57 0 50 33 78 35 59 95 18 2 48 47 27 27 23 87 29 64 4 3 59 37 73 6 77 33 77 54 61 82 66 5 77 38 73 24 72 95 93 76 75 28 32 23 47 43 10 18 81 54 28 80 72 20 6 84 64 8 95 75 23 50 13 63 11 15 70 30 86 21 30 42 58 95 98 23 33 26 94 10 28 72 52 60 2 80 34 6 39 21 3 16 91 55 57 52 49 85 4 37 59 20 45 50 29 47 37 31 54 55 35 4 72 69 78 68 38 68 62 43 26 37 89 11 55 32 37 4 2 16 23 31 42 69 39 65 76 33 66 38 20 9 21 76 2 75 99 81 40 34 40 29 45 71 77 64 69 76 34 65 83 56 72 82 17 84 40 20 27 78 78 83 93 84 17 57 90 50 96 72 99 99 94 67 11 38 95 64 8 76 92 53 21 78 3 2 27 22 30 38 51 98 28 1 44 80 86 58 57 55 5 31 80 65 76 48 67 50 10 90 39 36 39 97 76 30 67 29 85 58 58 66 53 7 1 45 66 11 65 89 40 86 92 62 68 45 61 
58 36 76 82 49 32 44 0 49 92 67 90 27 40 75 44 74 28 78 44 81 80 70 92 26 91 33 64 31 82 42 34 31 67 74 21 77 85 30 87 29 68 76 60 22 8 7 67 23 60 12 61 19 13 54 82 29 56 33 27 83 99 9 34 57 88 93 24 62 19 53 21 63 83 31 96 18 24 52 97 38 83 23 88 41 8 25 43 16 1 72 88 99 64 30 25 33 14 94 63 87 9 82 74 59 23 44 66 15 18 83 66 16 13 10 82 32 36 42 22 32 55 45 77 77 0 65 59 92 33 62 18 21 92 53 69 7 22 38 66 63 7 26 69 30 27 69 64 98 94 89 2 76 56 88 63 69 94 79 69 41 91 45 2 52 7 74 67 70 22 34 96 74 60 7 5 4 33 43 0 56 93 35 12 24 93 18 60 61 45 14 24 26 38 32 56 91 46 17 32 67 21 58 83 16 60 80 74 49 99 29 23 29 35 17 60 11 60 23 56 26 34 10 10 74 7 26 9 68 37 82 12 86 86 65 11 14 38 28 26 68 25 59 33 63 45 16 5 55 89 66 86 32 82 68 84 42 28 17 13 44 43 72 55 85 68 94 49 21 6 37 66 78 38 9 82 53 95 16 7 22 34 33 91 74 10 66 20 85 66 42 56 27 94 28 63 53 13 1 47 
11 63 29 3 86 24 78 76 64 9 16 11 97 34 52 86 79 13 0 49 59 85 93 89 40 54 35 40 35 17 23 28 8 82 53 99 91 78 50 45 25 93 23 13 63 79 14 34 14 22 65 3 41 64 38 70 10 9 58 18 63 35 5 66 60 61 62 25 19 48 23 84 27 21 40 35 94 57 3 67 5 42 92 93 79 75 75 49 43 72 80 70 39 83 56 58 66 14 34 68 56 61 96 86 33 11 44 9 87 59 27 54 55 44 89 70 65 83 13 54 55 97 41 94 64 40 6 21 64 29 18 34 36 86 80 11 37 87 67 10 47 65 84 21 38 0 57 16 84 32 48 35 92 37 87 74 76 63 66 51 23 64 54 77 19 47 56 26 75 57 75 22 56 99 64 24 53 62 27 48 10 13 57 23 22 73 47 51 74 32 41 2 91 53 29 61 84 0 96 37 75 35 95 41 11 10 63 37 76 83 31 74 25 94 93 9 83 4 34 85 12 49 81 34 42 28 11 39 1 43 53 16 10 1 5 66 68 88 53 95 48 3 60 83 8 57 92 63 28 85 94 71 54 34 78 28 35 39 52 46 21 12 88 87 61 21 94 59 79 21 22 24 7 1 9 75 2 17 7 7 47 48 45 88 58 80 67 90 19 2 12 99 26 40 95 75 80 47 94 90 
20 78 72 33 41 51 50 96 74 75 73 98 46 62 60 41 74 35 25 87 48 30 53 60 75 18 49 0 79 69 22 62 75 21 19 28 81 9 92 19 36 1 23 55 76 9 25 25 87 84 88 84 73 38 71 15 28 21 67 43 85 36 64 70 40 80 47 63 97 46 46 13 33 68 18 24 3 4 31 50 4 95 13 21 84 68 52 18 87 81 10 0 82 30 43 30 74 0 3 57 18 69 16 76 14 16 5 22 49 75 95 18 18 7 44 63 10 94 63 50 39 9 9 85 76 92 25 55 73 99 92 5 88 6 37 71 95 50 26 26 84 78 36 47 65 62 59 32 5 64 28 31 30 79 10 23 35 3 50 15 48 39 71 45 55 68 96 65 97 90 85 20 16 80 21 37 58 45 92 9 75 46 40 87 96 96 87 49 59 58 0 17 51 9 8 31 22 24 75 52 29 78 15 71 81 79 43 80 59 82 89 92 35 38 26 18 38 55 71 29 81 44 26 33 16 50 32 35 44 93 29 93 57 27 65 5 65 48 11 47 84 47 38 33 93 51 59 70 12 82 57 54 43 42 94 10 17 43 34 60 53 82 39 17 30 16 73 33 87 83 99 45 42 67 34 26 72 61 82 41 40 67 94 45 68 5 91 96 52 90 19 70 37 43 66 76 37 4 35 40 
63 40 5 68 55 39 43 80 65 58 78 79 12 98 53 68 6 85 64 72 2 42 57 75 63 83 48 89 28 91 81 22 32 19 70 88 12 12 77 25 14 37 20 61 39 68 12 89 97 68 14 48 16 31 91 51 67 57 59 54 71 85 95 89 20 31 87 52 62 61 89 61 59 38 38 21 47 28 77 76 82 95 18 15 42 9 58 45 64 18 75 39 32 40 87 78 0 57 99 38 65 84 52 97 80 45 55 89 59 78 68 94 86 14 85 87 90 87 94 21 11 67 32 29 29 74 85 42 92 95 63 58 32 6 19 4 5 22 14 53 97 0 14 20 57 85 90 94 6 77 31 70 39 30 74 12 40 34 79 99 0 76 96 32 52 18 44 50 40 70 73 62 3 28 40 74 99 76 4 65 75 5 65 59 77 24 46 11 94 64 15 20 54 68 70 32 73 10 26 14 59 29 54 93 47 13 29 72 1 1 4 36 39 79 61 17 34 15 46 93 52 64 21 22 43 34 92 89 42 34 89 67 52 13 73 29 34 94 72 70 75 15 55 41 14 30 36 67 43 79 1 62 62 80 92 95 42 64 24 26 68 16 6 32 9 72 6 42 41 22 52 75 91 53 54 36 0 93 66 51 14 41 71 48 0 8 82 19 22 81 32 95 44 13 46 33 77 28 64 8 
62 87 64 86 8 97 25 36 4 24 31 81 57 61 38 45 29 89 96 56 86 25 88 89 20 7 3 67 92 9 18 35 90 59 66 81 89 71 47 37 67 32 22 27 2 38 34 79 37 12 36 83 59 0 73 81 90 10 91 8 29 99 34 27 85 16 61 54 25 0 77 59 7 74 61 44 88 44 41 13 19 17 77 98 90 20 14 82 22 51 59 61 89 42 1 76 88 93 45 51 38 26 1 40 42 11 46 1 90 61 9 2 34 20 87 76 67 7 67 6 67 56 79 42 18 83 36 95 26 95 35 80 33 29 21 28 15 80 6 61 62 36 55 36 63 47 70 60 56 8 59 80 44 25 25 46 57 34 33 49 33 46 88 3 27 61 96 36 16 44 27 37 42 38 93 5 28 56 13 7 83 80 16 70 61 99 90 40 45 62 14 52 34 76 90 46 17 63 35 13 48 55 74 53 24 20 93 6 16 26 12 28 56 23 84 52 78 48 67 84 70 39 7 49 80 90 9 52 68 75 17 38 7 24 8 6 8 31 67 51 47 40 23 9 28 61 37 57 11 86 31 65 31 67 82 46 7 39 15 86 19 77 22 83 65 52 77 63 95 0 22 36 5 69 50 26 76 36 32 2 59 21 66 60 40 12 96 45 10 40 78 30 60 55 28 68 62 91 22 92 
84 34 77 37 22 71 28 43 62 60 82 70 28 34 87 80 60 71 6 69 42 79 74 37 97 67 39 0 30 19 62 69 96 24 95 2 94 91 39 59 52 57 71 27 64 14 54 90 47 99 43 74 70 37 20 58 69 58 72 37 66 4 61 47 37 41 55 53 88 94 86 30 58 40 89 36 48 81 66 84 1 41 43 58 61 6 56 97 48 15 12 80 21 82 1 56 16 81 14 24 6 13 29 47 78 98 32 18 55 65 93 25 49 5 56 4 82 25 13 64 46 42 77 76 15 23 4 89 36 7 96 14 71 40 96 76 93 2 78 15 34 70 24 72 40 13 55 41 82 16 53 7 87 55 13 76 29 27 39 68 78 2 57 74 23 39 61 71 3 71 49 68 12 35 15 26 69 74 70 47 85 17 8 6 23 96 35 18 39 95 73 36 12 34 54 79 82 69 41 16 16 83 57 41 71 3 51 59 19 58 4 56 6 89 65 62 9 28 49 99 36 13 57 22 23 7 93 50 34 37 69 82 6 1 27 62 84 19 15 25 20 2 88 6 88 9 56 8 84 51 19 28 19 74 41 35 51 7 14 92 4 28 42 54 94 1 71 40 0 74 12 76 30 68 49 62 46 84 71 19 61 54 85 28 75 11 95 90 89 57 59 11 21 88 84 5 1 4 97 24 
44 81 5 62 15 25 63 8 38 83 71 69 45 69 67 9 74 17 14 21 78 50 56 59 4 57 40 24 10 95 79 24 69 17 68 54 48 68 84 15 89 32 72 48 52 57 12 24 29 7 14 89 94 81 85 1 95 14 35 44 67 28 91 46 3 66 77 60 65 29 66 91 42 94 96 4 36 88 38 1 31 18 60 86 80 81 26 88 24 76 35 79 20 62 57 71 13 39 7 47 48 79 80 45 96 42 62 6 13 6 0 75 63 44 97 63 17 48 97 76 55 56 49 61 48 42 93 33 3 59 73 32 23 56 83 63 43 4 76 78 40 85 50 98 77 11 86 80 98 51 49 64 72 32 49 31 7 52 80 73 17 2 65 1 4 32 78 48 81 81 68 2 49 17 93 4 93 76 46 55 0 3 75 85 0 0 32 83 20 3 22 18 69 38 10 53 5 98 93 3 7 21 39 7 78 5 20 4 68 18 14 84 51 8 78 65 70 97 9 43 3 84 76 70 25 51 45 21 85 4 42 0 54 23 78 60 53 68 43 21 49 96 12 33 17 78 77 69 91 13 70 49 97 81 94 22 76 9 76 16 1 52 13 2 78 2 83 14 43 72 1 40 71 45 18 59 59 24 31 25 76 80 24 15 36 92 54 7 81 7 83 38 62 26 43 18 70 47 68 71 
37 28 46 85 24 42 40 14 14 94 33 90 5 13 22 46 42 71 51 84 54 47 70 61 26 59 90 19 94 66 59 99 3 64 33 88 87 40 43 94 72 90 7 25 51 21 43 18 91 59 79 15 18 94 5 50 92 79 39 44 63 9 17 18 4 87 51 72 66 48 19 64 46 11 4 37 28 52 73 57 5 22 75 88 34 40 23 66 97 47 33 97 56 8 19 66 83 71 12 40 26 85 94 36 29 90 39 4 30 53 93 25 83 63 67 18 66 24 23 7 87 15 95 96 20 51 80 8 33 2 55 81 76 40 0 37 82 73 21 19 37 97 94 5 15 39 39 55 28 35 26 60 75 32 90 45 78 58 89 93 65 61 95 16 80 95 81 63 18 69 65 99 70 60 90 3 68 37 55 46 42 9 13 39 88 73 82 41 84 12 27 11 80 99 84 16 27 98 89 54 77 22 0 56 71 63 69 94 61 53 86 73 91 7 94 77 88 73 87 53 63 87 71 17 2 85 65 92 45 49 61 84 78 61 71 27 5 48 88 82 90 69 89 56 21 99 67 82 0 24 86 59 13 17 25 93 63 27 13 79 9 30 40 78 74 99 66 46 89 91 1 69 28 96 31 44 8 7 53 99 26 14 72 87 85 97 27 29 92 43 10 80 85 54 35 19 57 48 29 85 
45 89 0 73 89 21 53 92 36 16 12 82 56 12 95 60 67 56 46 40 50 14 52 98 45 35 38 62 13 10 3 37 9 55 18 5 13 7 0 72 85 24 79 24 49 57 5 80 67 91 42 22 90 8 52 59 28 97 35 45 15 28 81 69 12 39 79 67 3 1 97 79 5 50 9 72 0 20 80 54 74 83 45 29 82 1 53 81 57 29 49 70 76 59 8 34 46 75 33 40 88 95 33 17 12 66 52 41 90 26 23 6 62 87 73 38 54 28 43 40 87 94 77 20 12 77 96 91 92 11 74 1 80 52 52 10 16 13 53 8 30 23 85 48 75 81 92 25 17 76 50 35 0 27 95 66 60 79 63 9 18 64 99 39 22 23 4 34 17 76 28 12 9 22 24 77 84 82 15 76 84 93 70 92 32 15 85 58 54 53 16 4 39 63 83 69 0 99 51 85 48 32 8 70 6 9 20 31 15 17 90 87 89 61 44 85 11 80 91 87 19 45 6 40 8 30 28 18 40 76 92 71 49 10 15 68 85 7 0 36 3 77 62 68 42 94 28 10 43 85 43 5 84 58 50 20 44 3 33 62 85 31 33 79 15 58 98 24 62 58 89 78 20 97 33 7 28 98 85 90 46 26 64 16 39 49 33 88 63 52 11 32 27 35 56 6 7 58 40 68 
47 89 47 35 90 15 26 42 98 98 64 54 34 8 66 74 13 0 70 8 77 82 81 26 68 41 84 81 4 78 46 16 89 18 22 46 86 37 78 99 52 39 93 37 66 15 72 35 53 82 67 27 98 72 59 91 37 93 42 17 88 38 94 0 56 48 77 59 69 39 15 80 1 36 96 85 74 25 76 85 82 69 89 76 16 77 58 29 95 0 14 19 41 20 15 96 74 91 76 69 5 22 79 81 80 1 74 16 21 15 8 58 22 69 29 48 12 36 41 48 35 51 24 81 76 32 84 69 2 20 18 33 25 53 57 35 31 45 82 81 1 35 68 46 68 94 2 61 49 3 31 32 80 28 76 77 66 94 66 83 73 59 7 28 92 14 2 99 97 75 46 1 50 98 50 29 38 85 74 97 85 90 60 97 19 79 63 25 92 83 1 65 25 17 74 81 75 35 19 91 19 23 61 78 33 48 40 65 29 28 39 73 94 97 0 19 43 56 33 97 36 15 89 8 47 60 12 85 9 70 86 56 99 57 84 95 72 60 6 29 62 9 19 26 91 45 89 69 58 46 87 74 95 74 91 18 10 15 85 73 22 78 49 94 77 25 7 12 82 60 1 84 61 43 3 55 94 90 28 56 93 24 30 3 56 31 28 30 0 47 9 66 15 72 71 0 65 48 69 37 
27 33 16 59 60 55 24 42 33 97 37 31 10 3 82 83 62 0 12 71 3 88 68 94 6 69 92 71 8 62 43 70 4 43 61 70 42 98 27 94 86 16 53 35 11 32 3 87 26 13 54 96 78 15 15 60 30 44 76 69 2 67 34 15 71 49 57 21 50 53 45 12 9 69 94 93 24 79 76 68 44 15 6 13 72 39 58 72 4 66 29 62 64 99 24 17 87 45 81 9 9 55 18 49 90 12 36 75 14 69 92 5 0 14 76 47 23 32 82 10 5 31 12 47 28 90 91 98 45 40 49 29 56 86 66 74 10 54 72 11 16 54 8 61 79 78 84 84 46 83 84 37 62 14 16 65 72 27 54 22 82 39 56 95 53 97 53 74 44 13 87 8 28 66 78 14 76 12 59 59 73 58 74 71 0 59 49 67 54 28 6 76 98 33 74 55 63 62 16 22 3 43 9 39 86 41 91 23 82 21 9 6 87 34 83 90 1 10 21 12 51 81 21 19 61 89 31 52 64 28 74 20 72 33 40 87 39 73 89 97 58 24 83 92 75 57 12 53 47 85 86 29 9 24 64 39 66 57 91 15 50 20 37 91 93 42 15 15 32 98 40 26 29 59 81 28 44 85 8 81 77 96 32 22 94 31 77 32 29 83 43 52 47 31 68 2 43 51 33 18 
19 82 43 8 9 26 14 74 48 97 2 58 30 39 9 5 56 86 70 71 94 61 79 48 92 41 2 18 0 99 79 51 43 95 66 11 54 62 92 46 74 90 22 42 42 96 87 88 18 23 92 38 7 16 43 87 79 21 25 86 69 7 12 4 25 87 22 1 67 7 99 67 48 86 35 94 43 6 29 70 38 96 29 17 67 93 64 68 78 30 16 8 30 87 53 27 96 54 2 89 7 26 40 43 86 1 98 96 32 80 35 53 39 78 98 4 12 56 68 36 30 3 33 98 56 65 62 0 37 67 13 36 17 49 44 37 66 7 96 38 13 59 31 58 18 24 74 68 61 24 47 66 17 82 31 57 15 96 46 84 8 7 72 94 60 23 13 42 41 20 63 16 15 52 36 13 68 96 11 47 58 46 51 41 92 52 74 83 35 48 94 46 22 96 39 59 0 10 60 29 3 44 7 30 36 13 29 42 29 6 97 95 74 42 18 83 87 22 88 74 6 69 72 87 91 53 49 75 46 94 27 30 47 63 4 4 53 27 28 95 94 72 50 5 48 59 27 10 7 21 8 82 55 64 74 67 81 87 90 1 2 12 80 88 30 65 69 46 13 20 31 60 94 82 59 24 31 18 57 65 11 90 64 83 55 6 5 27 78 77 65 45 55 14 16 21 75 21 42 59 
39 46 2 19 73 74 39 93 68 13 91 56 23 19 1 58 80 16 52 55 43 20 66 73 10 10 13 10 87 48 87 72 9 77 13 26 25 57 94 59 77 94 40 85 21 69 25 99 31 82 23 35 69 28 96 83 36 29 56 48 94 58 39 13 50 37 34 60 89 29 98 16 26 25 44 45 19 73 9 45 29 33 56 41 16 50 42 24 23 38 68 93 38 57 9 40 45 54 20 3 92 98 56 97 84 40 8 88 18 99 6 89 95 80 59 35 63 39 21 6 96 76 79 37 76 42 69 80 3 35 97 51 36 74 15 86 15 61 46 67 59 13 25 16 81 5 20 68 14 36 38 59 3 21 47 93 80 37 25 49 60 62 17 16 31 26 56 38 61 95 40 71 89 2 17 74 27 53 50 66 94 10 12 78 34 39 95 61 81 11 67 65 78 80 47 70 76 82 21 48 68 96 83 32 71 12 74 56 48 49 16 28 92 80 75 13 67 79 8 11 68 42 69 97 42 83 47 79 76 46 52 46 67 72 19 82 89 50 4 86 81 84 88 74 78 97 3 62 2 2 13 93 50 83 59 54 74 13 31 40 3 27 79 76 16 2 16 60 98 41 77 98 84 39 29 28 12 96 84 54 52 4 38 50 23 81 10 4 17 79 5 46 16 62 84 11 85 87 66 3 
46 79 58 7 29 67 78 99 42 54 39 90 69 22 41 40 52 86 17 73 94 93 63 15 86 72 66 65 3 80 41 75 28 70 13 90 24 74 55 1 83 83 60 86 3 53 35 13 6 77 22 18 1 2 39 80 61 73 45 54 20 51 86 6 87 18 76 1 53 69 65 12 19 87 53 45 8 28 13 87 99 12 45 50 5 31 21 35 62 83 72 96 96 18 82 68 26 68 56 98 64 38 14 40 20 36 28 14 85 21 73 87 35 60 94 42 79 23 96 7 15 85 98 73 53 12 74 85 44 76 59 0 76 48 47 28 91 44 66 0 76 5 42 47 35 64 4 87 77 0 63 98 53 92 45 11 87 32 99 42 29 8 47 70 34 86 21 99 31 70 98 42 73 68 86 65 70 4 84 93 87 9 80 95 74 26 64 10 46 20 56 55 1 14 55 87 61 27 81 49 81 12 51 52 68 89 30 42 81 54 88 43 0 26 8 47 93 82 95 61 55 78 9 3 7 12 71 0 63 27 49 82 76 35 54 59 86 18 48 86 71 1 47 95 90 83 50 86 79 90 22 42 41 69 5 69 9 52 97 64 36 77 33 39 20 97 18 23 85 27 38 99 35 35 3 11 20 30 35 57 80 34 50 90 94 39 46 31 38 87 18 32 37 68 20 14 69 70 45 85 
50 54 69 36 62 63 36 53 10 39 87 49 30 89 72 13 28 50 47 2 56 18 98 35 12 51 27 83 97 81 47 52 28 20 81 76 94 44 68 5 51 36 23 48 25 75 12 53 82 81 30 3 40 44 27 19 19 35 5 13 41 24 52 32 60 73 57 66 56 8 55 14 4 4 51 73 65 32 10 68 34 39 3 43 52 70 6 33 52 73 1 13 21 62 27 91 5 11 21 6 96 11 83 66 38 66 97 26 38 62 45 4 9 96 8 71 34 66 96 80 29 72 14 45 46 81 93 2 92 45 19 71 93 48 78 87 46 82 81 5 32 35 51 76 37 94 2 30 5 17 24 41 65 0 20 28 20 39 64 11 12 27 58 23 17 42 9 73 10 16 63 75 1 63 69 2 28 65 8 72 87 84 82 55 20 83 68 7 9 85 59 42 63 12 98 50 67 66 91 22 1 57 27 88 66 48 84 41 5 46 42 56 5 78 81 82 18 56 95 42 63 24 17 47 27 95 43 46 28 5 41 91 93 8 84 10 52 80 26 97 78 20 53 51 34 78 30 44 90 86 93 71 5 57 54 91 0 28 37 34 67 54 4 31 43 11 40 3 11 20 54 16 29 72 56 23 41 47 96 47 62 7 33 29 1 32 18 66 35 40 48 6 1 62 65 57 63 95 9 36 
97 74 10 78 32 33 77 13 74 4 33 65 59 32 4 82 1 3 74 70 43 78 15 79 41 98 22 97 55 85 1 32 99 71 51 40 14 85 48 82 57 50 70 40 88 83 94 11 5 24 58 44 59 2 43 74 88 22 31 46 13 48 54 62 20 98 7 63 50 77 43 18 2 65 17 34 78 5 35 32 12 5 53 53 56 6 54 36 33 60 61 94 52 79 38 99 47 99 47 12 71 74 69 39 0 14 78 37 76 66 30 68 72 49 78 2 65 61 95 39 40 63 31 83 68 39 19 74 75 9 1 70 51 40 49 40 74 8 57 87 84 21 96 8 99 42 96 11 30 23 6 0 14 12 48 4 72 13 38 31 64 76 57 78 23 4 61 6 20 50 72 81 32 58 42 3 22 2 82 50 49 9 59 63 61 34 80 45 76 74 66 37 38 55 23 12 13 0 63 79 40 6 76 28 70 53 76 88 9 39 46 28 79 97 73 9 6 2 61 69 29 60 36 95 97 8 55 64 8 35 15 39 44 68 67 95 44 29 61 60 86 19 68 94 91 21 24 48 52 9 20 46 97 77 1 61 79 10 12 4 7 86 6 65 81 71 12 18 44 6 62 26 90 47 38 15 93 9 90 13 55 24 41 24 2 28 78 55 84 9 99 4 57 6 84 94 20 24 20 22 
10 41 17 63 42 63 10 21 88 46 45 22 49 67 29 26 20 80 72 89 81 8 42 36 91 22 69 98 22 61 91 76 31 84 50 30 88 2 5 86 62 63 33 84 80 72 57 96 84 95 43 13 29 31 72 81 96 61 81 68 73 30 51 62 22 71 36 45 93 2 48 72 97 49 85 84 83 94 80 84 21 13 64 38 67 99 34 63 14 70 30 31 61 65 92 3 27 81 86 27 59 15 5 5 34 41 30 4 83 77 26 83 5 16 68 67 22 67 19 14 4 57 95 87 51 25 26 56 87 53 78 14 11 8 2 60 9 73 38 92 82 94 68 45 60 61 11 61 99 52 26 96 0 89 46 9 11 2 52 44 56 82 58 37 40 11 96 37 11 76 38 32 99 7 53 76 51 34 92 15 62 30 1 43 2 69 65 45 70 10 59 32 56 73 3 64 3 99 12 82 96 28 71 74 66 19 34 63 39 99 31 38 9 99 72 86 68 21 47 31 22 28 23 61 91 63 45 65 95 23 18 73 58 57 73 67 35 81 59 52 32 15 66 72 38 62 39 82 89 3 71 88 84 65 7 1 91 79 72 52 89 90 20 6 68 75 52 49 17 2 90 37 29 96 89 54 24 58 38 76 70 21 96 32 59 56 67 41 79 33 95 53 5 45 32 7 73 37 37 68 
47 24 93 28 76 88 9 42 34 28 92 86 66 78 46 39 65 62 59 62 80 97 12 95 24 67 73 85 95 21 70 94 79 79 17 75 15 52 33 65 88 71 85 57 17 28 19 80 0 85 36 53 81 86 65 80 52 92 48 84 46 54 45 45 81 91 64 95 72 59 17 92 68 49 53 59 98 31 97 38 19 41 35 36 45 50 20 22 77 70 39 88 85 30 37 80 24 93 83 4 10 31 73 55 59 61 73 45 5 17 74 65 49 35 25 8 59 46 5 98 44 46 97 52 83 82 67 57 68 22 48 17 83 75 95 92 53 59 9 73 2 45 94 83 56 37 65 22 2 95 64 82 45 7 37 53 69 69 42 59 29 36 44 18 85 71 82 88 9 25 48 43 33 79 41 61 87 24 81 19 81 65 23 1 18 74 20 94 27 47 57 66 80 30 80 85 67 99 44 8 28 93 91 48 84 41 23 52 48 99 2 42 39 87 53 42 66 38 53 54 85 91 1 91 76 41 79 92 53 92 41 3 12 55 14 56 68 23 3 32 34 63 75 59 39 41 68 84 82 76 30 53 8 89 32 42 59 26 70 83 22 23 74 1 63 91 57 80 63 60 0 19 13 79 64 93 30 70 52 20 37 15 0 62 7 63 0 62 22 77 50 79 48 43 58 47 65 36 92 82 
26 3 5 60 37 87 96 49 38 11 50 26 44 50 87 61 32 32 97 91 42 71 54 80 41 59 71 37 91 47 54 17 8 31 82 69 39 59 44 9 36 93 9 24 92 35 21 63 29 84 74 59 73 66 45 34 10 9 52 32 87 20 69 74 79 81 40 34 19 12 72 42 22 70 19 68 55 92 65 15 68 23 36 45 79 80 10 93 77 80 75 13 57 2 27 65 28 33 38 33 18 41 16 7 62 40 71 72 68 67 91 73 63 12 91 40 80 75 47 36 65 76 88 8 10 73 30 24 76 5 43 59 63 65 73 5 90 53 20 61 72 89 75 61 52 61 13 87 2 24 64 78 45 21 78 38 47 30 30 65 46 89 60 10 26 68 25 33 86 18 12 10 51 6 3 42 11 10 15 64 96 62 33 66 29 45 73 12 86 30 37 70 69 71 87 72 5 55 95 86 18 40 80 52 10 58 47 97 78 99 57 91 1 20 27 51 34 44 72 5 75 53 14 4 66 57 23 99 99 94 64 51 53 91 66 4 39 13 77 7 23 88 90 19 61 22 15 95 90 19 25 47 81 42 87 98 88 37 38 0 65 83 95 18 49 28 33 68 73 80 56 21 18 95 77 49 65 61 39 40 35 4 69 97 55 16 81 68 59 96 68 13 53 87 94 65 79 32 22 62 
99 38 79 17 92 20 61 87 11 86 13 27 51 90 89 81 93 39 2 48 44 12 0 5 33 32 31 47 59 27 15 30 56 18 12 95 31 18 40 57 58 27 21 63 45 97 56 19 3 72 84 67 50 80 61 72 34 95 99 55 46 44 98 66 93 69 78 44 12 49 30 67 90 62 71 69 96 95 88 79 11 80 95 50 89 78 56 66 48 59 47 14 43 19 42 39 33 48 96 95 71 77 2 40 36 56 13 13 89 84 32 52 59 57 90 18 45 7 32 1 19 10 57 78 56 12 16 73 88 7 59 35 31 81 77 28 53 95 21 92 0 4 69 47 90 80 12 90 90 21 16 39 65 55 14 58 63 74 29 4 39 35 70 85 48 22 15 26 75 70 57 32 41 63 84 42 52 75 12 25 53 72 99 53 83 28 14 44 12 14 2 12 98 18 40 98 5 65 93 0 1 82 27 43 62 84 23 12 44 91 50 2 27 14 33 57 22 79 63 36 44 50 91 97 41 1 78 72 69 75 47 47 59 64 17 85 13 36 49 38 34 87 85 27 12 76 73 65 87 48 99 42 28 96 0 60 71 68 80 24 69 25 60 0 7 55 41 2 8 32 12 91 29 98 86 21 81 69 53 9 12 85 29 15 52 34 70 61 83 33 53 12 54 36 47 52 84 2 85 43 
24 68 14 35 27 72 52 64 81 50 87 10 38 3 17 80 46 57 54 28 30 30 5 34 92 44 73 66 59 85 40 88 42 18 78 47 56 7 19 96 98 36 93 51 37 77 20 88 49 75 82 64 4 84 38 26 78 19 79 47 11 9 40 6 42 81 7 58 78 59 65 62 87 65 25 55 56 61 64 41 23 30 6 47 36 80 61 73 51 17 5 40 72 72 9 78 88 95 14 23 65 63 56 77 25 90 90 43 9 18 73 12 74 68 15 97 24 76 0 96 51 68 14 51 3 27 55 62 13 86 58 75 98 22 48 27 11 15 45 71 89 6 96 12 87 48 98 19 25 26 22 2 14 16 16 25 82 82 99 52 30 77 95 32 25 57 79 2 82 59 77 81 64 73 65 86 81 18 46 53 67 63 15 30 40 18 11 19 26 64 58 65 54 74 60 67 87 94 74 6 98 93 80 67 53 21 63 69 16 18 83 4 4 4 56 27 2 72 50 91 18 90 47 89 84 65 24 66 70 5 92 54 46 70 29 89 26 96 57 79 79 93 57 50 21 84 33 26 65 35 82 43 14 18 81 92 6 48 15 67 37 45 54 34 75 63 87 51 77 30 81 33 65 7 10 63 77 25 91 4 28 40 97 47 17 21 26 50 20 24 96 49 64 87 1 44 8 1 53 63 
42 21 36 62 24 48 29 72 25 93 22 64 59 85 7 9 85 10 32 83 13 90 8 59 19 45 33 23 62 63 21 1 71 75 20 6 85 88 20 90 85 0 24 38 6 14 15 45 57 18 53 1 98 12 57 81 4 87 83 30 53 52 28 30 29 24 75 0 33 55 59 69 13 64 80 85 90 43 19 50 17 40 83 41 91 6 43 77 42 5 69 64 79 12 55 78 33 54 20 75 61 13 81 17 36 89 59 66 10 45 45 42 34 37 53 35 61 20 36 91 5 55 76 97 40 79 72 83 71 38 49 41 4 79 12 50 25 29 24 60 34 46 82 68 87 86 52 38 45 20 33 3 76 69 65 98 19 6 94 46 28 37 3 79 62 20 8 58 82 83 29 80 6 65 46 51 63 92 7 31 77 76 1 67 66 59 26 67 70 34 81 41 98 32 5 88 43 95 6 20 59 77 81 37 79 66 89 99 27 25 27 20 57 17 61 2 29 59 28 86 42 25 95 69 94 7 65 57 21 99 93 84 3 55 32 90 9 28 47 20 22 23 85 9 83 87 37 0 16 95 47 43 64 20 60 25 26 28 48 96 89 21 30 4 10 56 29 19 45 35 17 90 69 97 97 1 75 32 60 23 51 84 0 68 30 23 88 1 94 13 15 3 96 61 36 81 17 77 64 2 
17 57 37 73 47 11 75 54 27 22 86 53 42 23 82 27 16 76 45 10 24 10 52 80 97 57 59 99 77 22 21 73 99 43 17 14 92 39 34 17 66 92 38 76 62 87 44 54 27 10 43 86 53 28 43 38 82 67 7 50 29 6 77 31 64 7 92 2 28 47 94 21 22 74 63 53 91 75 79 81 63 55 73 7 42 68 68 29 92 43 95 0 76 36 71 24 67 57 99 49 40 8 57 70 10 44 40 79 6 35 97 33 28 59 21 85 13 98 31 60 32 67 38 38 68 73 47 47 30 24 56 55 34 85 33 65 74 5 89 61 99 79 77 79 99 23 77 85 23 92 94 31 15 28 76 0 52 3 75 98 57 23 67 56 77 59 65 41 6 28 40 15 19 68 96 14 32 28 27 66 19 91 97 28 48 32 18 85 47 30 32 26 10 79 70 74 91 45 47 59 15 57 4 31 84 66 10 17 67 59 53 60 13 79 72 98 72 3 53 80 24 88 57 6 60 5 88 70 84 94 75 68 88 94 75 89 61 3 59 46 16 45 81 95 44 34 1 71 69 75 88 62 77 13 54 50 86 45 31 1 43 29 69 84 74 21 73 96 62 4 15 13 26 69 77 11 91 49 51 90 21 33 6 56 6 24 32 20 23 48 42 32 75 63 45 99 96 67 39 77 
68 55 97 55 82 10 98 82 8 55 70 20 32 34 12 86 92 76 54 47 22 3 25 84 43 51 40 39 81 13 62 58 62 91 58 48 23 4 87 83 76 98 63 3 96 66 37 62 88 53 63 36 57 21 18 48 64 89 87 83 58 45 34 73 32 49 87 32 78 23 76 95 11 35 71 79 22 99 95 78 13 36 97 92 85 15 35 97 96 40 44 17 82 94 58 12 16 67 62 84 68 98 86 81 33 41 83 88 1 89 20 44 86 83 17 44 23 51 0 38 25 29 0 35 51 3 36 41 11 32 95 84 40 8 30 11 88 24 52 48 24 67 9 24 15 48 0 10 78 43 46 95 96 18 96 60 3 33 44 18 70 2 8 79 87 20 16 7 46 88 50 94 46 92 86 70 87 95 98 13 77 10 69 30 31 24 20 69 48 53 59 80 58 64 92 64 41 12 24 52 48 61 7 19 52 45 26 21 70 62 69 1 11 97 1 60 81 3 13 20 57 48 28 3 35 51 57 29 23 84 39 42 30 29 14 47 5 31 39 85 13 92 97 28 57 84 73 70 86 1 10 92 52 47 43 99 34 87 20 93 2 9 72 90 13 94 37 86 17 16 47 29 51 1 48 73 43 55 27 71 80 29 53 54 88 7 68 42 88 49 32 52 79 15 62 55 24 77 75 41 
89 36 95 47 39 10 71 0 2 95 95 8 93 74 98 30 77 69 6 5 72 17 22 71 95 22 10 3 22 89 43 44 66 58 51 5 46 42 30 78 90 48 51 72 34 58 44 42 30 98 10 63 74 89 96 92 59 35 88 8 24 76 30 54 75 63 75 41 19 60 41 42 85 27 75 35 77 82 34 12 95 8 80 76 33 17 71 81 68 25 46 67 92 48 54 45 40 46 59 37 40 56 63 92 27 98 30 52 33 83 73 4 99 80 68 24 84 22 31 1 28 98 80 78 28 73 6 99 43 2 70 13 16 41 75 0 40 90 70 89 43 74 77 88 94 27 16 71 53 9 73 1 4 44 31 71 29 6 98 17 45 1 57 60 82 4 51 59 44 13 52 2 26 9 52 78 57 1 70 33 45 13 82 51 65 80 15 34 92 83 55 70 58 6 81 54 28 28 8 18 70 39 21 68 68 34 32 56 94 34 0 95 66 90 17 80 9 31 54 59 20 88 40 23 9 85 20 89 17 5 33 51 82 62 48 70 64 88 6 5 68 98 5 62 6 23 34 13 10 89 29 26 70 39 6 45 85 93 92 76 16 59 36 57 24 91 37 62 88 81 76 47 8 10 61 3 40 35 77 56 20 82 87 62 14 22 97 60 35 29 2 10 93 89 27 14 47 3 25 44 
95 42 47 54 17 94 13 19 10 35 83 37 77 77 0 60 48 28 87 63 77 37 93 89 42 40 18 74 49 70 62 33 78 24 79 36 29 80 27 30 16 33 98 12 27 52 78 17 93 53 19 38 91 11 87 2 12 20 54 48 82 31 59 5 99 5 59 16 6 33 60 35 19 8 51 32 48 34 13 57 74 47 74 52 17 58 21 34 50 12 28 24 8 14 73 1 98 51 56 64 47 65 6 62 85 17 48 97 12 18 95 61 36 10 37 34 77 10 79 64 99 99 48 60 98 53 30 10 61 58 1 64 42 96 58 83 23 9 22 17 75 82 75 99 65 0 81 20 22 46 47 53 81 84 41 35 63 54 30 9 10 79 25 3 31 44 22 71 65 41 91 49 40 79 55 1 93 54 76 62 38 9 87 93 50 31 84 96 98 0 53 84 40 27 86 47 82 58 48 81 55 95 49 86 66 31 90 91 62 80 27 71 86 15 52 28 79 23 10 98 87 50 81 72 59 50 53 15 86 19 62 75 93 37 96 8 48 91 39 34 19 10 0 0 2 59 95 55 80 20 83 20 7 59 92 1 0 99 51 98 30 38 87 74 5 40 63 73 23 50 57 99 89 71 17 46 36 98 97 65 69 53 85 72 33 13 67 42 77 62 51 40 2 21 15 50 41 82 91 28 
62 12 32 99 13 54 74 0 82 83 94 77 17 8 60 2 28 88 1 70 15 7 98 80 73 18 84 5 18 33 77 97 96 24 86 24 65 53 42 24 8 35 33 13 26 57 39 85 81 1 0 54 94 62 86 83 29 22 11 1 86 93 5 63 41 32 6 96 34 15 39 40 43 39 40 84 56 60 28 83 4 18 62 53 19 63 32 87 3 92 38 51 7 90 46 0 48 71 83 33 93 79 50 58 5 42 33 62 95 99 6 98 1 76 44 66 77 0 46 18 90 86 2 27 6 65 83 10 86 80 52 55 28 46 67 42 23 92 44 64 47 68 17 39 68 8 69 75 8 7 14 73 62 56 84 49 64 76 78 43 8 59 57 78 25 33 1 59 51 37 92 66 31 72 26 3 91 41 82 11 4 87 65 25 41 16 88 80 92 45 68 27 78 13 19 71 81 29 16 15 63 48 99 81 30 4 23 56 91 85 42 51 94 60 81 25 90 14 41 0 46 79 54 98 71 8 81 0 95 87 97 51 43 94 68 92 98 92 31 3 28 29 63 75 52 92 21 17 18 92 26 73 75 35 95 73 93 73 14 31 31 81 66 31 76 29 23 42 15 60 56 25 25 45 26 67 94 2 53 72 54 19 9 59 98 39 74 28 68 72 32 87 41 4 16 67 0 73 60 74 
70 27 20 21 55 94 92 25 12 20 43 65 83 75 68 58 85 77 18 67 90 22 18 76 51 48 61 57 90 10 15 86 22 78 87 66 68 68 23 12 14 44 79 71 58 77 40 83 71 53 13 43 8 77 63 72 63 21 27 55 31 60 41 9 63 80 26 28 4 96 63 12 90 43 66 49 99 39 33 60 43 95 74 8 2 75 54 92 9 17 61 62 4 88 74 91 88 21 49 4 21 87 12 95 23 93 58 94 58 93 86 12 95 17 13 60 83 79 20 29 29 8 27 44 27 79 10 81 90 7 41 6 30 56 74 72 68 21 42 1 17 23 22 35 6 51 67 38 59 67 66 49 62 23 91 58 66 8 52 4 4 81 14 7 7 88 32 48 71 55 98 30 29 75 82 99 7 34 8 2 90 74 6 82 17 43 23 99 47 66 56 93 77 34 45 39 8 19 38 99 76 48 96 70 12 44 56 31 36 71 84 3 31 82 73 2 53 23 15 85 10 99 12 70 57 6 74 89 73 76 78 72 70 87 70 15 12 44 89 24 31 7 32 64 23 36 10 97 21 24 44 72 2 87 70 94 10 12 53 44 0 75 96 68 32 17 96 34 15 97 57 86 69 46 0 9 57 64 34 58 13 19 20 9 91 93 62 84 30 20 16 54 81 96 72 51 24 8 54 55 
7 49 71 31 60 44 92 25 23 60 70 17 42 16 56 32 77 19 79 17 1 22 97 57 85 16 48 17 2 49 19 97 99 96 84 74 26 14 27 1 96 47 17 62 35 2 10 43 73 61 90 47 45 37 31 29 98 26 1 47 86 39 49 62 34 55 85 78 49 40 36 11 98 3 30 29 21 85 66 84 19 23 40 52 20 47 16 64 70 72 9 77 13 16 33 71 49 48 71 89 57 20 56 5 72 56 3 13 81 94 15 93 79 84 21 57 4 32 41 99 31 65 70 12 87 16 20 37 25 82 13 57 80 46 71 36 25 81 37 12 63 7 46 56 48 28 94 13 14 67 12 19 16 9 48 86 69 91 93 65 1 24 2 92 4 70 39 73 89 88 40 46 4 59 5 60 28 53 95 57 66 41 83 40 13 69 62 37 94 23 48 26 20 96 25 21 19 23 10 73 58 1 90 89 86 5 78 3 54 21 72 21 68 62 71 81 1 6 11 60 88 85 25 32 31 22 80 94 1 23 86 46 12 25 25 58 8 26 55 29 27 56 46 56 87 93 75 31 54 58 46 39 3 80 0 0 79 83 26 20 60 26 49 89 39 89 25 8 29 16 52 63 79 61 34 38 86 70 42 56 40 59 58 69 7 10 20 58 22 49 13 86 20 19 54 93 53 65 62 23 
19 22 97 74 41 65 52 46 14 56 2 12 17 44 79 48 80 77 30 9 58 48 35 59 83 76 59 22 45 5 30 59 76 27 23 68 67 2 51 98 55 12 48 71 53 65 69 68 2 81 68 3 24 87 86 50 1 47 40 87 21 82 19 2 8 93 4 39 31 87 56 22 21 72 35 90 23 7 58 2 55 60 68 34 50 7 91 77 76 57 82 41 46 47 39 40 8 17 55 73 44 42 91 6 12 18 24 50 66 83 98 32 34 22 36 27 19 64 19 20 27 49 85 27 83 4 64 83 85 44 67 36 32 84 94 33 28 99 88 5 52 6 22 99 80 19 52 76 79 36 81 4 25 28 0 69 4 5 24 59 91 41 7 14 49 9 51 86 46 32 98 60 44 50 10 73 3 68 1 53 59 14 13 25 14 35 23 65 16 39 98 91 95 90 67 67 48 19 78 24 98 66 0 43 72 98 23 69 4 7 98 42 82 91 0 0 28 72 33 56 98 72 77 87 46 72 84 40 76 57 79 83 19 38 8 70 58 84 90 82 12 35 11 38 39 74 8 66 54 68 72 95 4 30 48 81 1 14 13 93 34 34 35 26 27 46 47 43 14 47 79 48 97 15 66 29 71 95 88 15 76 85 53 51 8 7 3 88 67 61 9 86 95 81 46 83 72 51 96 94 
18 70 16 15 37 38 51 26 3 94 26 51 95 87 25 30 26 65 69 6 36 28 34 87 53 65 35 95 66 78 50 64 98 12 17 83 61 86 0 74 55 94 92 9 95 63 21 46 50 18 23 59 23 89 88 97 68 82 43 14 84 26 83 95 91 26 15 31 52 10 78 46 79 17 57 6 84 89 62 71 86 52 60 33 49 60 81 48 17 0 7 39 74 97 41 74 77 61 20 6 23 79 78 86 13 88 27 8 88 60 71 53 78 68 3 40 62 73 68 43 94 0 32 91 83 22 93 38 27 81 33 3 37 8 4 62 61 6 96 90 68 63 3 66 73 80 72 30 81 91 48 91 58 45 24 58 28 19 32 48 31 60 93 41 11 59 93 79 92 35 11 40 38 41 20 14 82 4 90 70 36 14 17 96 76 78 3 13 90 39 43 87 62 79 7 98 83 7 84 30 91 98 9 25 89 25 94 58 3 37 65 97 39 6 2 33 7 62 56 63 16 98 11 86 97 32 19 9 92 40 7 65 58 81 54 70 60 29 60 30 18 71 55 8 39 11 20 72 66 0 93 19 71 1 85 36 5 3 77 36 22 94 30 54 7 45 11 29 39 58 21 96 45 32 45 55 80 39 35 60 0 8 87 32 24 70 73 52 5 95 45 17 92 28 28 19 74 84 29 55 
54 60 0 55 26 53 70 84 39 5 60 17 21 96 53 92 68 74 1 94 87 44 52 83 72 65 50 1 93 24 2 46 20 85 69 32 5 9 78 57 83 35 60 72 55 82 31 4 6 21 15 38 87 79 16 63 16 76 10 80 75 70 83 17 3 32 17 11 67 8 89 76 35 68 42 32 1 56 24 96 86 23 48 73 29 3 56 41 5 58 76 91 82 99 0 90 6 39 36 69 91 65 1 30 92 16 34 8 80 88 40 35 11 32 99 14 1 75 77 80 55 12 97 23 87 34 17 22 72 66 84 58 42 87 99 97 90 45 22 39 59 81 55 87 46 99 99 91 52 24 2 35 58 70 81 23 39 21 81 40 31 38 46 24 93 70 5 47 10 23 85 2 49 75 6 83 56 93 36 84 62 27 82 87 73 37 1 37 58 39 40 3 63 45 51 82 99 70 76 44 28 19 38 60 38 5 0 63 23 48 41 99 65 80 8 54 17 70 10 89 58 55 24 66 44 67 25 69 28 3 32 30 50 11 94 91 34 21 59 3 39 7 92 11 90 25 94 45 43 75 91 15 90 48 34 66 99 2 27 23 64 99 92 43 49 43 25 69 17 19 40 17 5 17 31 4 59 76 53 68 64 45 2 71 42 95 24 38 50 83 41 75 77 91 91 74 90 90 37 54 
63 48 53 75 83 76 70 52 78 42 85 30 70 16 17 74 68 28 55 84 27 92 37 49 30 67 44 91 69 59 12 60 87 43 55 74 61 74 50 13 23 15 51 87 5 40 97 29 31 76 22 64 72 5 6 27 57 68 99 25 67 2 54 7 63 45 92 90 88 40 91 79 38 50 68 30 42 78 51 77 26 86 23 41 82 91 15 97 96 30 23 50 37 33 31 45 28 88 35 74 14 76 87 37 34 52 4 32 3 53 5 86 85 96 74 56 51 32 57 40 59 20 69 50 34 47 38 61 91 66 69 94 60 49 38 95 83 27 35 56 71 58 97 38 44 67 79 2 36 66 60 40 67 14 13 96 75 65 91 88 91 49 22 37 78 31 93 13 60 24 35 18 54 12 48 63 41 6 0 29 38 90 41 80 61 53 11 83 73 60 86 25 85 22 93 31 66 45 24 36 24 79 40 44 67 52 80 51 26 39 11 49 32 2 8 94 27 13 45 56 66 88 93 49 26 55 16 45 53 79 88 55 90 40 24 78 41 72 98 14 58 82 23 97 32 76 26 88 73 58 88 8 12 71 25 31 65 97 67 35 24 91 37 69 7 89 16 53 44 35 88 5 85 33 58 46 53 4 3 66 32 15 86 69 82 96 42 37 76 50 34 25 13 14 55 21 63 11 86 55 
12 64 61 49 17 91 72 52 75 43 96 6 93 31 76 94 25 73 42 54 22 35 52 49 35 29 31 93 20 29 84 14 15 79 48 11 14 59 78 58 60 92 96 63 9 0 91 24 21 6 21 20 12 98 74 98 45 62 83 58 17 75 0 14 68 6 73 87 76 51 99 10 91 16 45 10 22 10 97 29 41 18 66 20 91 36 92 16 13 18 72 43 60 31 34 73 38 12 9 80 72 36 35 66 92 34 41 27 92 39 66 3 86 78 36 83 82 3 5 67 89 7 11 64 58 38 99 98 61 84 85 79 92 30 78 60 90 78 72 71 75 63 3 55 63 88 80 97 20 45 70 14 0 82 53 61 29 51 17 82 13 5 44 85 14 60 87 39 30 90 90 24 78 12 38 71 87 56 67 27 7 26 92 83 64 1 86 65 85 23 96 25 55 10 26 12 79 88 11 45 37 20 19 49 16 22 51 75 13 92 36 82 88 19 49 95 56 25 49 21 18 55 24 69 89 66 7 76 94 67 57 44 64 13 10 67 1 31 90 11 84 8 40 64 40 37 25 37 35 95 76 74 42 41 70 22 47 3 26 36 58 3 61 49 74 53 35 14 34 14 3 79 25 97 30 63 65 45 11 30 37 68 29 59 57 0 13 41 46 2 63 56 39 94 17 49 91 92 49 13 
61 5 10 54 2 40 87 97 11 96 12 11 64 41 7 48 87 18 48 26 28 60 69 73 44 72 99 77 77 43 44 32 57 8 10 68 4 49 41 36 48 60 26 87 8 89 24 60 72 86 81 28 25 68 71 40 72 39 30 31 65 98 65 46 20 1 3 88 60 50 2 18 13 96 22 75 42 56 19 1 50 35 67 43 25 97 70 11 53 20 58 28 23 70 18 7 48 93 27 41 46 15 92 10 7 26 63 1 83 52 90 70 16 5 87 20 96 57 37 6 66 68 53 0 31 96 64 30 84 46 95 41 18 79 38 75 26 63 65 57 64 44 24 60 93 10 49 88 64 55 44 42 17 8 77 49 66 5 39 26 2 21 45 86 83 25 81 78 11 5 51 67 28 93 31 59 84 71 49 49 71 8 3 79 94 88 21 9 89 35 68 4 17 13 40 48 85 61 31 59 73 32 33 38 73 58 59 27 90 0 84 31 21 45 42 29 18 77 73 3 23 52 76 99 63 18 0 10 93 85 46 63 19 34 63 5 18 26 59 64 84 14 45 13 99 37 1 63 35 80 80 16 9 21 88 87 81 64 32 58 57 22 84 48 85 86 63 61 73 49 39 22 62 16 19 17 0 21 7 38 11 13 68 80 39 58 77 96 58 50 30 29 46 42 26 36 48 55 26 3 
46 2 90 9 57 15 32 96 86 10 98 49 41 85 30 1 29 2 60 17 55 52 31 87 2 4 9 30 1 49 2 46 22 16 81 62 14 69 44 55 81 19 11 81 59 53 36 66 59 48 8 40 92 12 64 17 88 51 50 45 48 86 75 49 2 79 22 93 84 39 11 39 94 1 61 76 92 22 39 54 47 48 11 69 14 49 92 89 64 3 58 44 95 40 14 18 14 50 0 35 27 34 97 92 76 29 30 12 26 98 77 25 65 20 77 37 6 38 52 15 99 59 48 93 43 31 16 59 0 68 23 57 75 94 98 31 92 19 38 95 97 3 94 37 6 49 4 93 36 60 16 80 38 48 0 8 3 34 77 23 75 28 1 59 30 75 31 14 9 86 45 4 95 25 81 41 43 83 55 68 22 66 22 11 82 25 99 38 96 56 63 62 74 89 88 50 20 94 99 41 61 23 19 92 85 70 47 75 54 49 53 87 34 69 54 35 78 65 53 88 41 23 63 25 20 85 52 22 64 20 51 99 14 54 22 74 51 3 96 6 73 56 69 6 21 66 90 50 17 29 60 10 1 82 22 12 37 51 48 35 72 44 90 75 80 34 77 42 87 3 38 54 23 50 37 14 25 50 96 3 34 83 14 84 86 5 20 71 31 45 51 13 19 67 87 5 38 89 71 70 
7 37 48 87 88 24 76 39 81 91 2 86 93 53 90 93 5 37 22 64 19 45 6 92 82 60 2 98 47 58 81 51 53 83 34 66 36 71 30 78 44 66 72 28 8 32 51 81 18 25 82 28 52 59 0 12 1 62 33 67 23 66 83 26 28 11 30 4 13 34 51 9 77 75 14 37 15 51 19 90 66 84 43 38 33 7 46 72 27 2 38 29 37 85 83 54 56 24 60 59 79 79 49 70 75 85 12 12 53 0 38 75 92 47 92 42 37 86 63 46 78 46 25 11 76 93 19 98 74 31 24 8 74 78 91 74 39 18 66 2 6 90 96 85 71 59 80 42 19 97 92 77 1 98 80 37 17 20 34 44 43 71 38 26 52 30 43 29 29 69 44 53 12 66 60 86 37 25 79 31 17 93 62 21 2 11 82 8 6 6 62 11 52 55 50 6 24 13 57 43 10 29 68 87 39 65 81 54 85 52 56 1 37 23 89 39 34 93 60 70 50 50 40 34 67 9 4 83 63 6 94 53 91 89 78 42 11 51 7 99 31 80 81 54 28 17 96 33 58 19 89 11 6 96 47 90 55 49 85 99 79 3 68 73 99 37 72 97 9 65 0 87 92 29 56 64 9 73 4 57 98 1 58 65 13 13 56 5 0 62 10 52 88 84 78 41 78 70 25 55 
0 61 71 95 23 23 96 18 87 21 24 88 28 60 16 24 44 71 19 64 44 78 29 75 30 0 56 50 83 77 85 79 22 36 45 17 91 13 36 74 91 0 12 77 47 86 40 12 29 67 0 39 57 21 51 42 77 34 70 46 34 56 34 94 11 83 96 61 81 20 71 24 29 54 13 6 88 25 50 49 42 83 47 4 11 98 75 70 35 70 48 33 29 1 7 86 44 10 86 44 10 26 97 28 71 61 88 19 28 47 15 45 6 5 56 86 23 80 74 68 13 76 86 28 75 35 15 33 66 84 96 24 0 99 96 16 20 4 24 53 49 33 5 84 30 25 2 1 85 75 88 10 87 56 52 19 60 5 10 79 7 9 65 33 56 89 77 71 39 47 77 60 80 83 93 17 14 78 47 59 35 36 89 17 70 84 47 60 80 14 1 9 61 58 93 97 34 43 36 66 65 42 24 78 95 58 43 9 23 62 76 21 52 73 54 12 11 38 74 95 47 69 35 38 83 1 35 91 7 77 5 15 69 16 82 13 66 58 81 43 29 1 8 98 15 41 63 10 87 54 44 54 53 83 7 61 97 44 39 53 68 87 75 55 98 7 31 51 95 65 78 24 61 10 54 46 47 81 52 97 12 5 11 3 35 77 40 97 76 2 39 30 3 25 99 31 54 62 81 54 
49 47 31 24 79 71 60 85 21 8 52 56 57 40 40 16 95 66 8 15 41 36 40 20 8 78 32 52 6 93 62 80 88 95 19 25 72 66 76 44 20 2 65 6 36 5 65 92 59 32 9 53 0 21 85 46 51 84 29 26 91 96 23 55 91 90 17 58 30 8 33 20 63 38 28 69 81 59 75 0 75 44 47 75 32 90 82 42 81 94 84 68 63 93 43 60 67 43 80 33 51 15 83 67 58 91 9 44 53 39 81 14 88 69 15 50 30 22 37 9 33 16 15 74 96 96 39 48 12 16 49 53 39 98 98 0 21 57 61 85 39 83 97 30 62 86 38 91 43 60 71 90 85 50 4 24 40 80 23 23 44 33 42 70 37 44 54 60 84 89 80 85 76 68 69 3 54 33 85 87 89 11 44 96 40 80 65 69 88 48 12 80 64 40 9 65 44 45 15 62 81 14 17 41 83 29 95 19 6 29 88 59 36 29 13 19 69 16 94 84 35 78 27 24 71 36 4 60 53 18 10 76 23 36 48 26 19 49 80 7 41 28 56 5 50 29 61 49 78 21 46 40 34 61 95 72 25 73 40 86 76 93 35 25 23 71 2 99 21 3 81 43 13 84 91 83 21 27 85 23 47 92 90 10 26 13 87 57 98 23 77 49 75 29 44 87 16 17 88 73 
93 79 91 25 63 47 71 60 45 89 23 75 58 91 62 10 89 65 98 36 79 69 58 38 37 86 99 80 76 0 95 76 21 62 11 61 7 72 94 3 81 37 65 69 70 59 80 77 77 61 1 60 27 27 95 34 9 6 67 2 52 16 37 74 89 74 67 21 36 46 39 95 89 41 70 29 22 50 6 64 3 45 17 80 73 15 97 38 63 68 94 15 1 99 8 4 22 54 24 1 34 87 31 55 43 98 87 82 79 66 27 69 91 84 75 43 89 25 30 26 39 9 22 87 83 65 2 8 34 18 51 98 22 98 51 9 52 94 30 9 97 31 58 13 2 73 74 66 18 5 68 29 53 66 91 24 32 42 88 73 93 98 34 7 21 53 26 99 21 92 46 92 76 7 10 41 74 66 83 78 29 58 93 30 33 38 17 60 29 64 83 90 98 72 62 15 0 81 23 39 8 14 46 2 31 74 32 33 50 64 65 38 70 13 25 9 34 62 10 90 41 76 40 77 89 59 96 52 68 38 24 84 94 34 41 20 47 48 72 96 65 47 58 74 19 41 76 92 2 50 92 79 47 50 66 41 92 53 74 26 3 74 78 88 35 52 74 99 74 91 99 93 0 75 27 38 51 54 22 72 6 19 60 97 4 52 7 65 93 19 37 10 38 95 53 78 37 0 23 25 
94 69 49 9 59 9 81 99 39 99 27 68 89 97 68 8 62 6 80 95 38 14 59 24 32 64 93 12 21 85 5 10 34 90 47 23 57 27 63 34 11 86 4 84 35 51 41 63 38 49 34 94 28 92 13 13 42 56 94 27 50 44 65 23 78 36 54 39 69 72 72 32 41 85 49 33 14 75 15 46 18 76 58 28 32 15 31 23 73 36 61 48 34 83 88 9 49 72 37 88 19 57 64 80 20 22 22 44 97 56 70 24 2 93 8 7 0 33 61 10 46 70 85 46 6 75 86 53 90 46 38 60 10 56 26 11 46 38 53 18 91 13 41 96 13 67 70 48 66 99 45 65 13 25 13 79 25 43 94 96 73 64 37 79 78 90 74 81 94 10 18 23 71 32 66 16 61 73 17 27 22 14 48 60 43 94 22 47 33 73 96 27 42 11 58 96 58 85 42 80 66 23 81 57 51 99 99 14 85 82 67 81 81 91 32 86 93 3 26 79 50 56 57 41 47 42 15 54 41 49 17 18 63 2 97 13 39 96 71 23 72 40 6 2 10 56 95 61 28 72 75 13 77 66 67 0 43 58 89 6 22 20 3 42 50 50 20 28 1 70 51 88 46 40 52 65 29 51 65 43 45 66 51 5 35 62 44 65 73 69 92 43 11 11 46 50 27 32 84 11 
87 83 86 83 51 50 89 15 37 67 60 97 99 6 90 9 20 55 76 25 93 4 96 0 80 84 80 72 5 77 99 38 17 68 35 15 13 33 40 98 29 44 1 97 77 36 73 88 29 91 66 19 19 70 32 82 83 7 88 34 55 8 58 28 17 45 86 12 92 41 32 36 54 43 52 7 2 43 86 26 92 20 57 41 67 49 75 65 15 55 15 34 85 21 10 57 44 75 31 94 43 89 42 48 51 95 0 97 77 80 81 61 7 49 14 15 36 97 69 95 88 24 85 90 95 30 51 67 44 56 68 55 99 36 49 65 78 45 24 15 56 17 79 32 69 92 41 61 39 89 61 21 71 15 63 92 76 15 43 17 34 30 99 91 91 76 8 5 37 23 45 93 47 90 14 55 44 73 32 27 85 24 42 7 43 42 33 38 37 54 4 27 61 97 33 75 76 57 28 89 40 34 97 61 13 97 14 15 43 7 60 98 20 3 78 94 37 4 94 65 33 31 41 22 53 72 14 74 22 62 7 42 80 21 79 80 1 22 65 56 92 66 47 43 7 68 2 75 33 84 6 30 49 72 58 12 95 88 54 21 1 50 93 48 14 46 40 96 25 46 39 55 65 99 23 99 99 83 3 67 7 19 46 93 99 63 14 44 11 58 88 78 88 35 2 89 38 88 49 47 
60 31 2 51 55 18 87 72 20 39 4 96 4 60 1 72 90 74 58 55 66 84 49 91 39 3 98 60 33 11 10 61 88 90 33 9 41 47 75 48 57 16 12 95 19 57 21 99 5 27 17 30 67 71 89 98 60 76 10 90 52 18 81 98 4 2 42 57 20 31 45 65 49 81 65 73 27 12 28 2 2 58 7 94 12 97 59 85 62 64 74 34 24 15 79 96 99 64 85 42 85 35 37 24 83 81 39 83 68 77 27 45 26 81 32 82 85 71 87 88 15 25 5 53 43 77 94 51 53 24 3 96 74 25 53 59 37 67 74 22 35 14 16 21 56 76 95 52 26 8 78 96 99 10 70 60 38 84 32 88 48 61 32 7 43 83 52 65 70 18 49 51 65 82 69 39 74 60 80 92 74 53 49 7 68 14 18 81 0 12 77 12 64 85 96 65 93 92 32 46 65 93 90 70 77 21 67 96 47 81 97 87 30 72 15 72 74 42 55 29 53 36 5 77 99 89 61 87 63 33 25 85 50 17 57 66 75 17 50 37 69 47 43 74 55 32 81 93 11 89 5 11 2 82 57 82 45 54 78 81 97 47 3 97 72 39 50 13 25 70 21 12 20 42 47 41 13 37 23 99 86 10 57 19 51 91 9 90 30 73 41 47 86 7 97 27 19 21 61 40 
98 80 19 44 80 58 58 61 67 68 44 15 82 96 87 81 92 81 51 90 45 6 29 68 24 62 45 18 74 89 73 6 4 57 44 44 55 8 46 82 89 95 69 50 36 12 55 98 92 23 50 35 38 34 16 77 18 33 97 61 58 44 93 97 89 29 19 44 12 33 13 9 11 92 55 10 61 72 55 34 16 97 49 27 57 68 70 29 47 13 4 88 5 71 4 18 70 76 23 23 56 38 49 84 88 64 17 26 73 13 2 71 65 39 71 27 24 10 94 68 91 5 77 31 25 92 69 54 85 89 61 65 86 48 46 14 51 65 48 45 1 64 64 61 26 94 78 62 46 47 55 74 69 82 2 73 21 63 65 5 41 48 0 2 3 21 94 71 92 88 59 56 6 2 43 47 79 60 94 19 39 35 13 24 28 16 46 22 74 28 59 4 89 69 91 77 92 22 60 57 32 12 48 39 15 30 84 55 29 62 48 99 44 55 34 25 83 90 89 36 52 10 33 26 99 78 22 41 59 90 28 82 43 79 83 88 80 24 49 69 51 56 94 13 87 19 61 39 8 18 0 7 95 91 57 0 43 63 62 80 58 66 71 60 91 25 21 49 71 59 2 86 71 34 13 52 59 10 72 41 5 81 39 64 23 25 20 19 43 9 38 69 40 68 16 74 30 98 12 91 
44 62 61 1 82 44 86 14 21 85 77 32 45 48 73 43 68 27 70 39 69 40 20 26 37 23 62 39 53 27 31 62 78 11 47 14 88 28 36 39 96 61 61 26 94 42 50 32 19 89 72 34 38 96 89 17 21 28 27 92 12 28 24 12 27 24 66 84 3 95 34 29 58 69 97 81 93 42 59 13 12 98 51 43 49 19 7 59 41 78 73 39 23 23 61 87 14 57 41 45 75 38 76 65 86 36 57 44 55 77 57 22 25 37 6 10 77 56 17 35 32 44 58 96 55 34 41 36 49 83 18 37 88 54 95 69 6 80 80 77 62 1 74 22 30 54 57 20 73 0 88 68 20 47 47 41 64 25 19 46 59 73 91 77 72 97 53 89 5 35 47 48 18 26 5 68 61 61 27 50 98 28 47 73 24 60 44 66 78 60 50 16 78 12 1 10 27 80 48 99 61 44 91 1 9 57 53 40 25 25 26 11 67 49 81 9 93 25 63 27 62 16 14 26 65 89 0 75 75 18 56 37 58 60 55 24 93 28 40 9 84 92 39 25 60 60 82 72 98 71 73 43 67 73 14 18 25 93 61 77 98 6 81 51 20 16 98 36 33 69 2 32 8 84 1 61 11 90 13 77 4 0 14 14 18 15 73 87 11 59 43 53 86 55 96 77 10 80 17 68 
62 84 38 77 90 62 62 53 4 17 59 32 94 92 24 66 57 39 39 80 87 90 50 92 61 79 32 98 26 11 58 0 10 1 93 65 97 85 49 1 62 93 32 81 70 33 68 45 96 75 42 80 86 88 61 19 38 21 92 64 52 83 6 6 60 19 79 74 59 60 30 11 30 89 77 36 85 63 75 1 70 62 14 25 26 9 79 89 1 13 78 65 98 44 19 57 57 24 94 98 6 7 87 79 97 57 90 49 71 68 48 40 16 89 22 78 68 14 37 97 6 24 5 87 1 52 33 84 54 6 64 88 81 97 74 42 27 33 8 25 26 72 25 94 20 11 41 73 81 26 93 25 24 52 3 88 4 4 93 12 39 5 40 72 48 80 52 57 25 23 95 16 43 75 40 48 35 0 24 20 16 7 6 16 45 43 78 90 77 25 84 97 26 89 3 62 92 33 44 57 49 84 18 62 91 62 11 42 16 19 28 96 24 8 80 14 44 89 65 15 5 26 21 32 18 85 50 39 68 46 45 17 3 62 1 20 60 28 54 34 39 69 18 84 7 86 15 98 32 81 82 9 69 38 13 61 99 79 9 13 76 36 58 78 73 46 7 3 19 22 76 1 99 88 99 62 99 6 82 97 46 1 83 24 41 83 44 18 3 56 0 79 69 47 12 43 98 2 0 65 
26 41 44 70 27 51 55 18 14 10 31 67 66 2 96 13 97 32 57 88 49 45 77 83 54 78 12 86 94 52 16 30 59 19 83 42 40 77 72 61 87 41 86 86 48 69 43 50 69 46 68 68 94 1 29 41 63 49 63 77 23 92 45 53 43 17 39 95 32 44 54 3 13 44 47 96 66 88 68 68 12 13 4 38 63 19 80 13 8 37 90 85 68 59 46 66 27 96 99 87 71 16 27 77 7 78 54 50 87 13 53 93 32 18 79 78 9 75 45 83 2 42 90 12 95 28 2 44 59 45 81 51 78 40 65 52 72 64 57 1 12 11 85 93 67 3 20 23 45 63 86 32 81 44 65 54 76 96 39 66 64 86 93 61 75 62 71 39 57 59 50 94 36 42 50 56 35 52 7 46 84 74 84 26 6 62 7 15 93 35 31 89 17 30 85 99 15 35 85 34 30 57 29 79 97 17 9 78 27 63 67 41 17 23 85 12 41 42 52 63 41 92 27 75 38 97 17 36 23 27 42 79 59 82 63 75 91 70 24 45 95 10 34 56 18 19 64 45 46 57 72 42 72 83 57 76 6 88 35 4 75 7 49 57 66 39 78 9 48 50 43 59 81 40 68 80 38 63 97 33 17 73 79 84 52 48 17 63 83 49 2 18 79 38 76 1 68 1 67 18 
1 91 60 41 73 52 59 21 67 7 74 60 92 45 70 45 15 91 3 7 68 95 83 94 50 81 49 49 11 54 47 54 94 69 70 58 44 76 0 20 26 0 75 86 87 70 81 12 71 1 36 45 13 65 6 93 26 77 15 17 81 30 2 43 15 25 36 35 35 22 34 36 47 59 77 74 32 7 41 9 12 21 3 97 85 55 98 84 86 63 94 69 20 93 33 18 92 35 32 83 9 16 87 49 21 96 39 68 65 3 80 29 1 37 18 90 47 27 61 3 37 48 11 3 60 18 5 51 44 6 45 88 57 76 81 39 74 67 18 95 30 32 27 47 94 60 82 19 75 28 37 42 57 57 43 87 77 22 38 59 76 41 42 83 32 91 92 39 28 71 1 61 1 65 43 37 33 35 41 12 70 71 58 90 73 61 98 28 98 54 55 9 29 23 24 43 37 84 56 51 28 39 95 48 21 27 47 4 96 21 8 28 48 0 27 71 57 68 24 87 59 76 86 97 8 24 43 56 85 79 95 87 93 36 39 38 58 64 76 59 29 26 94 50 57 62 25 8 22 17 46 97 84 21 33 42 97 25 39 87 85 76 97 32 5 47 51 10 58 45 9 54 69 27 93 15 10 22 93 89 6 75 96 43 35 29 4 46 43 36 28 75 34 53 35 48 57 14 14 97 
10 29 91 64 14 78 23 43 23 34 40 2 81 86 81 7 43 16 4 88 35 17 11 4 22 99 79 31 68 18 11 17 8 31 74 60 40 17 94 59 64 17 85 11 16 60 91 2 83 38 38 25 77 9 22 59 69 30 39 74 65 80 62 75 54 82 41 29 37 0 55 85 63 73 55 53 83 3 72 36 29 77 68 18 25 54 89 16 87 60 65 57 16 16 64 33 50 34 38 18 94 10 24 10 84 98 87 52 74 78 84 89 44 6 60 96 77 84 44 87 90 74 85 27 8 65 3 66 52 58 94 39 20 67 49 49 40 15 82 49 22 69 50 79 9 41 65 10 85 79 85 21 32 25 5 0 53 75 12 25 75 2 3 22 32 89 11 39 65 35 43 73 79 68 66 10 56 32 38 19 6 85 16 99 48 47 59 63 42 65 44 52 51 81 17 19 45 91 72 15 23 43 18 55 20 12 71 20 10 54 88 94 74 18 30 63 31 9 69 51 17 95 28 78 59 78 21 15 91 70 45 57 16 95 6 31 56 28 26 52 29 3 90 60 32 30 86 70 73 99 59 21 39 65 7 34 88 78 8 38 79 89 76 48 73 5 14 6 32 18 43 77 95 80 87 13 86 37 47 38 90 35 72 30 58 79 57 17 32 5 87 81 78 62 72 50 27 20 58 15 
18 4 80 57 62 30 76 2 63 37 15 13 13 15 76 20 28 10 13 51 66 76 16 73 20 34 69 3 32 84 34 97 39 23 16 38 57 20 49 61 30 80 98 30 88 10 28 48 55 75 65 91 16 26 59 57 11 65 46 41 1 7 90 12 0 93 48 61 62 53 44 29 87 2 53 68 4 63 97 31 62 37 17 44 14 22 69 40 93 88 42 69 93 9 52 19 97 2 66 68 49 22 78 9 30 78 0 37 32 65 68 76 14 36 62 7 57 54 91 28 45 67 82 58 21 86 25 82 76 89 95 0 78 37 69 35 13 85 3 73 87 28 86 26 56 12 87 76 8 3 26 66 10 89 96 34 82 31 53 2 6 37 32 22 8 46 53 18 42 30 23 82 19 24 64 10 31 61 33 59 24 54 52 39 29 38 85 2 93 18 61 16 39 77 42 89 13 41 93 45 60 79 10 47 92 41 2 43 26 12 98 35 16 38 12 6 27 37 99 41 37 64 49 48 9 22 82 44 94 36 94 40 62 89 49 3 84 92 16 64 75 55 7 9 4 16 15 13 90 77 60 9 75 42 67 35 63 36 84 18 74 33 74 75 28 48 90 19 36 19 11 2 60 76 76 16 2 13 3 92 52 15 21 27 4 1 53 37 48 61 97 11 49 72 52 86 66 15 94 36 
3 88 99 92 82 97 65 0 42 97 16 49 23 77 42 85 76 75 17 31 60 39 0 61 47 58 2 26 63 62 45 52 98 33 85 11 29 77 33 55 21 9 96 36 49 95 49 78 24 9 4 97 90 93 7 99 47 48 89 41 30 7 61 70 75 69 86 44 41 27 74 51 83 88 47 83 85 60 9 8 83 85 37 68 72 40 94 56 46 63 28 11 66 60 36 9 47 51 73 15 76 91 22 16 78 37 15 42 32 98 58 64 21 84 12 6 96 26 24 66 62 3 26 85 52 94 72 3 25 64 95 81 81 90 48 37 63 96 41 89 89 44 17 11 37 91 75 39 44 74 39 85 60 64 13 44 68 84 48 51 57 37 90 8 78 31 38 78 41 28 63 90 74 99 4 78 7 73 60 44 37 5 76 85 39 45 21 10 93 71 97 36 21 83 28 47 69 75 32 10 44 95 3 32 49 14 85 64 99 57 63 99 5 33 65 88 88 86 47 90 43 64 47 62 60 81 77 72 77 48 56 65 53 52 88 24 4 77 82 83 24 49 38 39 99 49 22 26 98 3 30 16 4 63 70 35 39 5 87 53 71 20 71 88 75 9 92 74 38 0 22 5 96 64 99 95 60 0 81 2 69 4 16 22 80 32 88 39 2 97 96 34 72 33 29 85 46 82 82 46 
67 47 57 3 98 26 96 32 50 83 80 28 15 68 2 37 48 70 32 26 81 55 1 40 97 46 44 23 86 29 2 88 18 36 97 28 4 85 36 76 50 62 16 94 4 77 19 70 59 86 52 91 59 6 87 80 91 23 71 99 46 81 10 89 12 35 74 9 19 88 39 81 77 94 91 51 90 92 38 94 86 33 52 87 83 45 44 31 44 11 47 31 1 0 87 98 6 86 42 70 19 70 32 4 46 34 14 89 19 12 20 18 28 29 52 90 5 7 86 42 91 70 87 52 63 71 88 17 8 42 20 18 78 68 77 93 78 34 88 32 57 40 49 98 32 86 39 44 62 96 74 28 81 15 76 62 58 8 3 25 66 41 82 13 63 20 2 40 52 90 92 25 35 45 70 88 73 61 53 27 93 70 83 96 84 93 37 56 28 4 99 98 76 56 90 17 36 51 60 10 3 44 61 91 51 63 96 50 79 57 24 79 36 40 28 91 67 61 35 61 50 78 44 37 28 14 61 57 63 17 40 75 41 67 38 86 38 12 2 75 46 59 58 9 22 85 14 49 39 29 22 93 50 95 49 80 5 51 49 98 7 70 70 36 25 79 71 42 48 36 70 8 49 44 24 30 81 21 77 98 9 96 54 48 62 99 34 21 43 70 36 29 9 16 28 55 19 73 88 76 
78 85 91 78 56 93 24 97 33 36 59 8 71 44 41 99 5 62 14 15 97 11 11 93 9 26 38 57 0 75 10 25 96 45 56 58 29 72 2 4 52 73 75 29 93 90 81 14 29 38 51 66 21 83 23 79 67 77 95 4 25 50 66 26 86 96 36 64 57 95 19 24 70 68 64 38 95 76 73 98 42 28 63 19 61 22 68 20 30 98 45 61 56 48 66 29 65 60 61 61 62 69 31 5 52 93 31 2 33 87 52 7 30 36 35 30 35 96 41 93 95 53 22 87 42 62 53 93 86 59 61 60 9 54 9 3 26 7 5 94 42 75 81 44 97 49 10 43 66 48 59 0 57 18 30 79 19 82 31 21 59 51 17 33 63 68 65 25 30 20 61 17 22 78 10 29 72 35 89 81 12 14 40 5 53 33 92 97 91 11 16 56 26 40 54 30 47 68 38 60 56 25 52 40 35 79 19 28 84 85 11 44 64 9 59 92 0 32 21 16 95 39 75 74 89 36 44 35 24 79 4 97 32 85 22 62 87 89 59 4 72 53 0 23 13 38 87 74 49 63 32 14 16 56 54 4 24 37 55 64 34 29 83 18 87 29 0 93 79 47 62 61 96 51 78 23 27 20 30 75 14 25 64 74 77 28 87 56 25 36 81 39 4 37 31 10 27 89 18 26 
71 57 98 33 3 37 0 44 57 28 85 22 5 40 1 93 51 82 10 10 26 28 98 30 75 37 86 85 46 67 39 27 82 97 31 46 12 0 28 46 39 51 5 23 17 95 97 94 84 62 18 55 35 38 50 3 96 8 36 63 15 62 11 2 87 73 25 55 28 3 85 76 98 53 28 64 54 75 44 81 54 51 40 67 76 6 8 37 81 7 89 22 78 17 3 4 60 73 78 58 64 62 4 35 81 46 73 76 46 60 1 6 6 67 53 34 54 29 93 74 5 93 53 54 51 86 93 81 47 31 26 73 53 86 19 89 53 12 13 71 66 88 12 89 88 28 61 93 34 43 93 38 71 35 21 34 23 82 67 20 27 68 57 4 38 18 34 79 71 0 77 23 31 40 44 3 55 65 24 58 34 54 93 22 85 95 5 76 37 34 33 77 96 99 1 97 71 16 40 16 54 69 76 58 98 3 13 48 15 48 81 36 74 15 78 20 68 18 53 32 73 15 77 41 89 85 26 83 68 65 20 49 85 66 23 74 81 40 55 65 44 79 16 92 48 25 18 67 77 35 67 92 32 39 92 81 5 10 58 46 63 63 49 36 87 92 43 86 37 48 43 52 89 41 90 24 26 96 46 54 99 87 19 24 64 28 79 47 73 0 2 55 99 78 13 78 22 28 26 85 
58 8 58 61 64 24 21 78 55 50 51 31 83 97 12 58 56 59 99 29 12 95 25 42 57 50 47 30 6 43 6 57 95 40 38 87 88 61 79 29 71 52 16 90 98 67 66 52 17 95 73 78 18 24 19 51 96 75 76 48 77 69 2 30 44 1 33 41 15 72 66 86 10 8 8 66 34 37 66 38 95 33 7 59 7 43 34 50 91 72 55 41 76 60 25 49 79 74 44 0 41 32 2 48 88 29 76 6 43 18 16 88 79 84 4 19 75 81 46 55 54 64 18 42 58 6 98 11 84 67 50 27 83 93 84 30 8 41 92 59 23 23 90 21 55 61 76 43 56 17 38 46 51 8 98 63 34 57 9 96 20 83 3 88 67 21 33 50 93 48 53 71 97 69 55 96 46 25 61 52 87 71 37 77 9 11 68 35 89 96 18 51 60 46 63 99 15 19 91 9 54 49 63 36 97 15 16 95 2 7 35 96 64 54 80 99 36 90 92 70 45 65 9 2 24 38 90 41 99 1 38 67 75 25 69 86 99 63 56 24 49 59 53 85 88 29 96 13 81 39 35 23 34 57 19 82 60 33 76 13 26 17 4 25 13 99 19 53 34 16 53 59 42 30 23 0 78 89 44 50 98 67 79 50 6 53 18 8 36 58 71 37 0 73 29 46 31 18 82 91 
15 1 60 2 82 15 36 85 54 33 92 66 9 79 30 17 40 12 30 48 98 58 0 32 53 24 23 73 15 25 37 81 82 56 74 32 80 4 18 83 54 30 34 54 0 59 56 53 97 37 36 54 8 75 78 52 69 66 31 34 47 23 10 33 19 65 72 14 88 99 11 28 42 20 84 54 72 97 69 41 39 77 91 81 89 80 83 68 28 36 2 43 16 31 46 43 83 54 61 72 63 73 58 13 38 34 29 77 3 86 67 57 6 81 56 86 38 74 27 29 72 92 85 28 99 29 96 7 43 99 40 77 98 10 14 61 74 63 70 42 12 83 79 77 43 94 40 31 87 37 81 68 51 8 2 12 95 40 84 42 57 58 77 84 75 49 24 84 4 81 69 55 39 46 14 18 51 21 19 20 50 74 92 1 33 35 16 66 45 23 20 94 36 50 25 13 79 35 46 72 31 48 10 2 34 29 89 28 71 48 91 35 85 49 29 37 84 80 12 66 36 40 47 37 99 46 22 2 3 25 15 49 67 29 56 72 33 92 58 15 8 3 31 61 61 34 65 78 67 4 1 96 24 80 41 28 45 85 61 77 34 4 12 62 24 2 29 50 95 24 65 30 68 80 2 56 54 7 75 72 88 58 27 16 75 25 33 14 51 60 63 84 48 34 73 42 70 59 63 35 
74 26 55 2 96 30 54 51 32 85 93 74 51 94 72 32 45 78 10 44 92 13 2 42 68 79 73 50 97 87 11 32 15 24 52 50 37 80 31 84 56 64 81 56 26 22 51 13 66 12 38 21 9 54 24 24 40 33 35 0 86 95 43 71 92 97 41 97 83 68 0 27 6 20 51 29 32 8 81 85 22 78 38 24 0 45 83 71 80 41 69 34 49 1 33 6 55 79 89 59 22 45 79 69 46 14 24 0 52 11 47 55 66 63 97 38 79 15 58 97 76 73 3 27 54 63 17 37 5 29 96 70 26 47 96 40 49 30 66 78 31 49 40 11 77 99 43 61 52 60 23 73 32 21 58 80 86 39 97 30 91 18 46 9 60 89 43 33 55 80 78 31 91 19 39 54 46 62 39 41 16 65 53 77 33 64 59 5 13 93 86 85 90 68 15 55 45 34 48 7 53 4 86 76 86 6 68 55 87 61 99 61 78 23 42 30 25 63 87 36 78 24 45 62 94 11 74 25 18 62 39 78 5 28 60 21 35 94 15 52 82 79 46 34 40 31 90 99 92 87 72 59 99 21 44 92 86 38 95 88 68 68 21 23 60 57 88 35 7 47 66 77 72 28 79 45 36 1 37 73 6 29 19 16 30 18 28 96 36 92 36 35 55 12 38 17 22 12 60 35 
59 4 52 30 86 67 46 25 13 99 37 85 25 10 52 53 50 85 96 35 77 44 27 80 68 37 72 45 14 41 25 64 81 25 92 10 47 77 10 37 81 47 78 57 26 35 51 18 62 62 65 35 48 69 69 35 79 37 12 22 30 40 17 73 86 23 0 14 25 96 6 68 2 99 81 79 24 47 38 67 61 55 86 11 72 62 13 20 68 32 81 5 71 17 39 31 63 96 41 18 61 59 57 74 9 10 21 22 92 52 92 43 96 49 73 67 87 55 59 13 68 47 8 44 49 31 69 97 29 81 26 23 71 97 5 45 97 47 34 64 85 20 38 93 29 78 94 72 54 42 74 28 32 10 31 5 84 47 99 46 91 67 44 70 62 83 36 74 22 92 17 55 34 40 72 60 69 58 67 77 53 98 96 18 60 11 68 11 62 44 85 75 50 53 44 4 20 38 88 87 80 81 51 99 90 74 88 89 37 54 67 77 6 23 75 64 28 17 17 33 97 68 9 35 51 95 96 10 99 81 93 78 23 90 83 18 80 95 86 35 98 32 39 56 11 96 80 21 93 7 20 52 92 10 26 73 14 42 60 76 81 26 22 63 13 33 13 58 46 79 81 41 44 12 84 89 2 52 28 54 17 45 15 52 47 35 89 16 61 96 53 78 86 46 54 68 39 33 89 61 
70 98 57 63 12 19 73 48 92 89 93 35 32 61 56 76 63 57 36 26 73 48 37 2 51 9 45 7 22 80 29 71 0 76 84 91 30 43 9 96 33 52 8 46 97 14 78 79 33 91 58 38 93 23 34 33 3 65 99 25 99 28 54 94 71 61 64 80 67 96 84 43 35 29 18 49 7 38 90 34 30 85 60 42 5 81 29 3 64 90 11 63 72 17 45 6 25 14 45 50 86 20 91 45 79 89 5 25 37 59 9 30 66 87 23 70 83 79 6 78 38 45 84 79 30 27 42 55 32 16 7 14 81 81 5 51 89 38 90 89 99 95 88 89 55 96 32 58 1 32 8 45 55 81 65 15 35 35 16 98 0 98 41 64 81 66 61 49 46 98 61 32 58 46 47 88 8 55 3 93 94 83 95 52 71 35 74 79 34 99 1 79 60 82 82 4 26 71 4 70 69 26 39 43 42 9 63 81 54 80 57 12 49 5 10 99 48 4 10 51 81 0 34 90 66 63 22 46 88 99 31 69 52 83 18 44 27 36 68 16 66 48 60 64 80 31 12 59 18 17 58 58 23 66 8 62 2 75 5 76 67 38 25 29 64 84 79 89 67 39 61 45 64 51 26 26 67 86 5 20 81 49 89 46 37 5 34 96 61 93 98 80 4 64 92 86 97 36 37 53 
65 9 98 27 71 10 25 77 29 94 66 89 15 81 61 53 28 89 67 32 19 95 56 5 34 2 81 30 86 14 58 42 51 81 18 8 55 18 19 46 66 60 26 16 58 8 29 35 69 77 70 84 1 85 59 84 3 48 73 97 13 90 36 75 32 42 7 31 62 15 64 86 65 29 20 99 13 59 36 22 10 30 83 69 30 83 71 6 9 54 88 72 52 78 66 23 34 95 8 28 5 57 46 12 36 91 30 55 83 84 37 59 48 94 93 87 47 77 39 70 18 60 37 66 86 18 85 4 86 58 49 30 22 62 44 97 62 45 49 98 32 65 53 56 16 42 7 24 63 36 68 47 74 71 70 6 79 61 91 71 8 60 81 96 43 30 1 0 57 79 84 63 11 82 73 9 6 72 19 16 11 84 71 94 64 3 7 95 73 85 94 21 2 28 81 76 11 36 94 22 28 43 38 7 37 4 81 47 90 69 44 28 11 14 91 78 17 55 85 22 66 17 30 88 44 42 53 99 32 94 29 57 99 53 86 57 88 82 14 46 40 72 47 14 55 67 42 87 63 88 60 23 50 9 40 32 99 42 36 17 2 29 45 12 48 42 31 16 48 39 55 30 2 73 50 81 54 99 62 67 45 17 77 49 93 70 94 5 8 78 94 33 59 58 73 54 42 48 11 82 
18 2 13 24 86 63 87 65 70 47 62 2 92 82 61 4 17 62 79 12 29 36 60 86 61 9 83 45 83 81 14 76 0 22 33 61 37 44 65 39 1 29 96 66 99 18 80 25 55 9 72 72 3 5 99 29 83 49 91 83 22 81 24 7 6 54 9 59 70 2 72 42 77 49 94 69 13 53 97 16 85 93 8 10 49 13 73 51 92 47 20 2 60 61 78 47 7 55 40 86 82 8 35 8 92 38 63 60 91 79 43 82 97 38 45 1 47 46 46 92 13 1 35 28 25 97 0 6 20 90 99 93 34 35 70 52 91 58 89 23 26 58 5 4 34 3 60 37 75 44 68 68 47 29 40 2 62 93 58 17 95 70 4 41 55 5 46 52 47 25 77 19 24 0 22 88 14 52 65 10 5 71 42 30 39 1 67 37 42 72 16 76 93 22 78 49 22 95 77 56 91 29 25 64 8 65 15 22 94 20 73 49 84 55 60 76 41 87 51 17 84 83 51 81 52 84 9 85 61 68 10 67 45 78 2 4 72 49 47 51 39 31 3 42 66 0 28 98 60 90 69 61 93 94 13 12 30 15 62 36 6 39 91 12 55 44 7 21 64 22 68 84 60 57 94 1 50 74 3 60 64 99 15 58 82 65 67 80 30 0 29 22 68 89 35 33 23 74 91 76 
64 34 80 89 83 75 89 57 15 0 71 83 58 95 67 54 55 80 61 30 13 24 41 75 80 55 41 46 97 24 6 89 61 69 66 16 81 3 90 70 4 36 94 88 69 28 66 8 6 41 21 88 67 89 96 77 25 74 72 27 86 83 80 79 72 43 71 12 76 99 23 20 30 11 30 5 20 94 99 32 80 83 58 31 32 41 59 87 79 80 38 64 14 21 34 21 95 88 95 41 19 93 69 90 30 54 64 5 22 61 18 43 69 2 80 16 23 97 40 88 39 97 75 58 88 52 39 23 92 69 61 77 46 16 53 98 63 71 70 5 12 88 77 98 37 57 73 68 91 44 37 61 69 56 15 79 16 9 12 9 61 78 10 61 16 97 2 51 60 85 33 41 7 44 42 82 59 36 32 96 62 36 63 90 77 34 84 79 7 20 34 71 26 39 44 13 35 96 76 64 47 72 46 2 90 52 45 77 71 58 38 39 86 55 78 74 44 83 74 93 58 85 12 77 95 50 4 93 6 12 65 46 68 40 36 8 48 19 55 64 36 46 78 22 60 73 26 13 74 22 47 2 91 44 74 13 44 96 69 52 99 31 91 53 86 35 29 53 61 39 80 54 54 69 23 43 49 47 82 88 8 28 66 26 66 31 30 64 66 31 42 20 44 71 98 98 94 55 70 94 
23 46 34 82 4 44 29 24 93 48 27 59 83 67 76 0 37 41 19 98 89 85 61 2 52 22 34 22 24 4 50 12 21 12 11 93 22 17 2 78 7 67 58 97 5 10 31 31 8 42 38 39 59 48 28 8 48 17 63 56 36 5 92 93 43 66 1 0 0 19 47 73 0 61 84 55 28 45 78 84 25 73 29 13 12 34 80 49 4 32 91 76 59 96 34 90 36 99 17 28 1 63 39 47 41 31 43 9 85 44 47 76 1 64 10 10 58 88 65 93 11 66 86 16 19 37 93 65 25 19 75 21 28 85 14 65 58 52 42 25 97 38 74 32 34 16 58 63 16 63 50 7 97 22 7 29 44 2 96 11 46 8 68 52 54 52 70 57 90 29 1 21 19 40 37 91 73 71 6 79 75 21 56 16 51 8 78 69 51 43 83 6 66 91 84 90 34 30 26 77 0 15 0 37 43 76 63 34 93 66 60 71 85 82 31 28 77 87 6 82 3 1 72 23 67 18 23 67 51 23 30 91 98 47 31 56 84 66 55 17 2 18 16 60 15 24 11 51 99 21 3 59 1 93 69 29 3 62 85 51 46 48 13 88 17 61 82 43 73 46 31 94 26 40 90 66 37 80 50 43 53 39 64 23 94 6 38 71 83 46 59 86 58 27 49 98 30 6 41 42 
59 94 45 29 17 20 92 35 56 26 74 78 99 49 87 1 27 85 96 83 61 59 81 8 48 52 81 48 23 87 84 40 6 79 55 9 21 22 17 13 17 93 32 60 50 52 8 2 14 72 92 88 81 91 86 76 26 67 54 81 4 21 11 80 88 13 79 41 20 72 22 6 17 13 88 42 67 6 23 8 98 99 25 64 48 58 0 89 68 53 9 83 18 89 87 51 9 34 16 58 60 23 4 20 30 24 93 83 89 44 19 91 85 53 21 37 98 4 72 14 26 53 38 97 65 88 3 51 83 53 79 65 42 40 80 49 39 67 17 29 94 98 15 18 80 42 1 96 82 37 49 99 83 54 61 90 13 54 75 99 64 87 68 41 32 83 24 11 84 49 29 90 80 92 49 49 34 47 19 28 0 36 66 55 13 8 71 21 96 79 59 58 10 84 0 89 71 44 84 97 53 4 10 54 19 70 77 23 96 27 93 80 76 66 86 80 84 80 2 72 86 43 38 77 7 14 99 25 48 12 86 87 53 29 76 86 89 10 38 27 97 18 56 94 93 72 72 33 62 11 73 68 58 90 39 16 54 33 29 58 85 67 7 89 23 94 90 76 74 72 63 10 29 86 87 19 80 68 79 13 34 95 38 44 72 31 89 5 49 5 63 83 69 21 76 92 68 86 90 88 
0 38 84 25 95 74 35 46 64 94 72 0 49 12 2 34 54 23 91 58 94 5 42 17 4 5 71 17 11 14 72 9 46 45 28 19 17 19 6 35 38 77 49 65 2 86 55 29 35 61 57 6 96 25 63 76 2 40 26 19 41 77 24 35 65 64 83 14 92 26 21 53 42 22 51 58 75 63 83 19 34 16 37 75 2 50 4 99 81 17 26 91 64 10 54 54 47 64 31 16 6 10 44 97 67 75 7 38 1 32 27 15 98 12 70 47 39 39 14 16 54 17 43 36 89 61 43 7 94 56 18 25 93 71 8 56 28 48 40 70 62 84 28 89 52 56 5 20 52 17 86 30 72 32 25 59 53 79 57 48 83 19 53 37 9 52 32 51 66 50 65 99 65 71 51 17 94 72 48 34 48 3 21 66 29 1 75 58 9 79 26 37 90 74 4 35 79 47 90 94 15 44 16 20 64 66 1 30 34 31 9 48 25 66 37 52 45 94 59 63 50 53 63 79 38 43 80 52 22 85 98 82 81 10 79 29 93 97 46 13 38 20 7 5 85 21 91 81 72 24 96 21 73 68 20 66 85 88 66 10 63 11 36 0 16 56 95 18 69 76 63 45 56 35 64 61 3 32 50 93 26 81 97 12 94 6 74 35 64 16 88 83 5 5 74 1 50 6 65 87 
19 85 68 5 61 14 99 97 89 31 35 10 59 13 31 65 63 99 75 9 10 44 38 13 55 9 32 75 58 96 83 61 79 45 25 29 7 31 75 69 99 60 27 55 58 50 30 99 73 83 19 41 23 58 41 90 75 31 7 5 6 26 38 50 60 19 88 55 80 82 92 18 70 24 27 40 34 27 15 7 67 6 28 23 48 58 19 18 79 14 1 10 15 52 49 48 63 64 88 49 57 95 3 28 92 85 12 96 57 11 1 77 61 92 21 74 60 49 53 34 35 60 72 20 6 25 51 31 85 96 59 85 4 40 33 59 40 90 67 18 3 81 79 89 31 94 32 77 70 50 54 43 56 8 91 90 3 51 19 93 71 57 98 26 30 91 63 23 32 78 22 34 16 88 22 86 48 78 33 86 88 44 80 10 81 43 12 96 85 45 32 91 16 32 34 53 26 97 77 3 28 83 31 88 94 19 12 41 48 10 69 50 76 96 66 35 46 3 26 50 22 34 27 62 88 74 0 10 17 70 40 46 83 85 68 77 72 95 9 33 80 49 43 23 69 52 54 41 62 76 6 5 26 81 10 62 58 16 22 62 61 3 50 54 85 19 18 66 9 62 67 50 10 3 99 56 5 43 24 44 32 73 2 20 68 61 74 88 95 37 68 90 67 77 47 21 57 40 10 49 
20 27 74 60 70 57 7 63 87 72 88 5 50 86 40 41 19 33 26 7 46 14 19 78 36 70 13 71 2 34 20 12 93 55 79 14 1 4 48 92 82 34 6 2 37 5 73 40 24 94 25 54 17 95 87 36 47 78 55 58 21 67 62 87 65 90 83 67 90 43 96 38 47 67 13 29 48 80 53 4 60 4 27 82 92 54 17 66 33 24 62 40 48 47 28 85 69 45 1 84 14 26 17 27 3 37 86 40 54 56 95 81 62 50 0 24 88 87 53 67 19 87 72 38 91 59 69 71 17 74 64 90 19 28 56 78 18 79 7 51 28 84 17 94 52 62 21 91 96 86 26 68 83 0 88 38 82 76 5 72 85 88 14 15 7 71 71 62 33 65 93 10 41 30 57 14 6 16 86 50 65 72 13 95 1 47 27 64 83 14 1 50 8 81 88 66 39 83 38 35 44 18 51 98 53 39 48 67 96 98 42 51 71 68 56 22 27 92 58 60 91 50 73 27 33 82 42 17 53 41 98 26 79 11 8 66 24 53 41 43 67 58 37 79 84 71 97 97 69 73 82 7 68 99 68 95 9 30 51 2 1 76 21 54 10 99 26 89 69 37 53 78 14 0 46 90 96 84 76 2 61 98 6 37 75 51 45 41 45 7 51 37 92 23 75 64 16 87 42 12 
8 84 16 69 10 73 29 5 24 70 19 18 72 22 65 1 94 26 16 29 56 48 19 97 45 78 50 96 45 48 38 76 4 59 65 73 88 71 29 67 10 96 19 11 76 42 83 82 53 28 80 48 24 62 35 81 5 98 51 63 51 80 39 62 59 82 34 86 65 90 32 91 31 31 38 79 61 8 25 78 13 90 98 97 74 77 52 54 25 55 91 12 44 30 18 38 42 15 40 99 78 21 17 68 86 45 73 25 31 37 42 42 61 12 84 40 39 18 32 39 63 62 51 77 30 95 55 17 73 74 4 80 84 30 44 67 25 3 0 79 73 5 5 85 4 6 69 19 67 14 23 57 89 50 61 66 20 84 48 96 70 72 86 97 45 45 90 3 13 1 5 94 43 3 99 56 5 19 58 81 31 46 62 99 43 26 29 15 10 82 53 30 2 3 17 1 91 34 13 60 42 46 44 38 27 9 21 54 54 60 75 3 17 99 25 93 84 38 64 79 91 72 31 24 65 99 91 40 54 97 90 46 68 71 9 76 84 25 74 30 52 18 60 57 0 57 13 39 62 74 33 99 68 18 77 47 93 56 47 95 12 82 6 7 6 82 18 38 8 52 53 52 45 97 17 78 84 74 90 88 10 34 63 91 64 41 22 65 79 28 9 9 1 89 15 74 42 29 27 46 
82 79 73 16 70 45 90 10 21 40 12 60 54 88 32 32 42 92 64 78 75 57 75 95 94 58 74 82 91 95 43 12 18 83 66 85 46 67 34 31 14 76 16 80 79 33 95 88 25 4 57 7 37 29 16 81 66 22 70 52 10 85 1 18 14 88 42 87 64 57 27 90 55 77 55 85 45 3 65 58 98 36 17 27 43 17 25 79 72 56 62 27 43 45 28 79 98 53 93 83 41 32 78 16 84 85 3 72 88 65 0 98 89 82 12 70 61 58 88 56 29 0 79 22 50 96 20 70 85 83 20 71 40 25 14 17 77 43 50 14 19 71 61 92 84 88 77 81 52 89 13 9 88 22 63 8 19 91 53 9 78 70 43 7 87 25 55 55 38 42 54 21 50 31 41 8 67 19 46 41 40 27 85 82 9 29 46 34 75 27 97 65 26 37 51 0 88 65 75 5 37 85 38 15 1 49 6 85 80 85 75 8 79 12 92 2 33 72 8 91 23 61 70 88 72 54 97 69 76 79 72 80 84 56 2 22 91 3 88 64 71 84 87 51 28 96 13 72 98 19 55 51 99 44 47 39 88 81 9 26 5 41 56 11 69 72 95 98 72 71 84 93 0 8 46 25 48 22 48 41 32 45 8 34 4 19 66 71 58 71 52 10 13 76 64 54 0 28 26 61 
97 78 68 62 67 10 53 8 6 59 44 43 64 98 95 67 2 54 23 84 13 66 45 76 19 27 91 72 46 72 2 74 38 99 41 66 26 27 7 15 20 41 74 52 60 62 0 13 69 83 33 29 3 17 49 65 42 85 29 52 9 23 37 51 85 17 31 85 22 35 43 59 41 94 47 52 68 12 47 30 18 35 90 96 48 66 62 97 15 56 94 29 94 29 65 2 92 62 47 78 1 56 94 86 61 33 50 79 57 75 71 86 13 73 99 98 67 4 27 69 99 8 74 35 14 45 79 14 8 84 92 87 84 42 48 26 37 29 77 70 15 58 89 58 39 22 59 53 16 92 10 45 79 27 46 98 33 79 48 5 19 64 39 46 30 21 25 78 94 47 31 53 18 11 75 27 54 75 56 18 35 27 53 73 91 34 53 95 64 30 20 79 26 91 48 38 72 33 86 8 0 34 86 34 67 20 78 68 62 26 5 17 96 1 86 76 92 67 31 59 69 2 57 92 77 88 15 89 26 97 78 23 18 9 13 51 77 58 1 11 38 62 84 48 81 77 85 79 55 55 14 60 10 17 12 95 34 21 80 95 96 92 67 99 39 66 2 72 20 73 42 62 64 36 12 86 31 66 70 66 86 48 87 47 83 76 8 62 84 55 71 84 98 83 56 89 88 95 3 60 
0 34 25 47 9 4 73 80 4 22 39 63 8 46 30 70 63 59 52 81 62 50 19 7 78 65 60 0 62 90 16 32 46 8 95 11 74 13 31 9 15 77 61 37 47 79 21 37 21 1 76 48 97 74 60 16 45 22 29 5 19 44 59 35 74 33 16 85 76 59 96 68 59 94 41 33 97 57 36 79 18 0 66 70 78 96 24 94 38 25 75 98 85 76 41 80 30 72 98 35 23 19 51 64 86 36 47 95 93 28 11 84 11 15 75 1 78 37 15 10 26 55 91 13 21 52 6 31 41 37 23 21 94 65 81 85 66 97 89 85 60 23 70 79 55 44 76 44 35 7 74 93 7 63 24 27 57 55 62 27 47 25 70 85 93 38 8 58 95 9 5 36 69 90 68 30 49 2 41 2 7 20 31 76 85 88 10 10 42 34 73 13 9 30 48 73 48 47 41 10 73 75 16 30 16 2 61 98 68 11 0 31 26 69 6 11 3 84 11 7 31 12 97 2 46 98 81 42 16 24 50 68 53 71 69 18 10 82 57 61 24 73 32 50 85 78 13 9 60 23 89 88 50 93 24 52 64 62 30 28 94 59 6 68 72 69 93 88 69 47 89 30 31 29 97 74 51 70 1 42 64 19 63 75 1 66 65 25 89 86 40 91 37 20 86 75 34 82 82 53 
87 11 14 87 86 15 89 73 99 80 4 12 3 11 96 28 46 79 41 35 5 60 76 32 99 28 7 37 54 23 73 99 37 2 66 72 90 92 9 38 64 53 91 52 1 15 73 53 40 29 53 63 54 99 3 8 6 39 18 48 45 57 17 74 87 55 60 13 84 40 57 8 22 6 13 31 88 58 60 86 17 80 64 94 51 64 14 5 12 40 32 0 2 54 3 36 54 98 55 46 36 90 90 39 95 27 20 11 26 16 95 83 9 77 50 34 81 13 72 27 81 45 94 19 55 69 57 89 6 90 95 28 65 49 41 32 87 16 5 69 70 39 50 56 56 81 89 87 70 63 57 2 89 99 13 14 80 76 50 26 16 64 35 21 29 37 10 84 42 83 48 77 93 39 3 32 48 35 18 19 63 62 21 87 91 86 28 88 60 70 66 67 1 38 15 35 16 27 53 32 31 57 24 79 46 72 44 46 9 15 79 55 20 52 24 15 91 97 6 44 16 94 21 13 92 47 87 59 49 30 57 21 56 7 95 13 56 9 94 19 6 90 80 76 57 64 56 82 95 48 0 18 76 90 32 81 22 73 56 87 66 33 68 27 59 60 76 81 35 47 94 73 74 72 31 50 84 21 39 16 61 58 31 4 2 10 40 82 91 74 99 85 78 33 61 22 10 70 6 67 
74 18 22 46 84 87 20 91 68 6 86 65 89 42 52 27 50 8 46 15 45 3 10 97 35 31 30 67 6 32 20 59 82 82 26 19 97 27 74 36 75 78 9 3 53 98 71 50 85 96 25 12 80 80 23 5 74 71 0 7 24 37 11 92 75 69 72 54 81 58 47 99 84 38 71 36 66 24 83 65 12 70 66 74 27 97 88 68 33 83 81 40 43 75 88 18 39 12 17 37 73 94 64 10 47 90 58 53 61 28 27 78 7 2 46 37 73 74 72 82 5 13 6 73 56 25 57 17 0 71 1 96 98 79 31 67 99 71 83 30 55 11 78 23 70 74 48 11 17 20 86 74 65 90 5 26 28 65 78 59 68 64 63 11 3 28 77 63 94 95 98 83 34 61 53 67 5 4 27 77 82 89 16 28 53 80 43 14 73 4 50 86 68 28 59 73 76 3 42 71 28 40 57 12 14 59 82 5 59 18 72 53 52 10 29 7 80 30 1 20 69 47 14 88 86 26 94 94 95 77 40 31 26 18 94 2 32 20 52 73 49 73 9 20 22 89 74 85 73 49 2 68 81 84 72 64 98 23 47 31 48 43 55 6 35 11 30 38 66 74 17 85 29 33 13 84 42 54 8 44 5 89 54 33 15 52 49 38 75 7 78 29 79 42 89 96 6 51 66 66 
2 16 90 23 55 65 69 12 20 77 83 62 0 88 77 39 66 73 67 39 21 60 23 56 75 43 53 83 19 40 81 19 70 14 15 93 36 59 72 70 99 43 90 93 34 68 75 28 46 57 37 16 26 62 80 59 51 12 36 89 29 70 8 62 28 44 13 72 34 85 11 7 75 47 50 13 26 29 23 92 84 18 95 10 51 2 18 78 18 12 17 83 87 97 64 12 22 41 83 55 57 20 86 74 35 6 62 52 77 49 24 60 95 91 14 95 21 52 3 67 65 39 36 44 21 23 62 37 4 81 71 91 21 22 74 38 60 81 68 53 71 99 90 5 32 18 32 3 87 3 48 34 76 29 18 56 21 15 77 67 28 1 72 6 38 27 92 51 4 66 21 17 75 27 6 57 63 39 10 60 36 70 64 3 29 99 24 62 86 95 39 32 45 89 37 25 87 43 7 46 58 66 12 34 85 39 36 0 31 62 70 8 80 24 43 77 37 46 23 28 37 58 72 72 99 96 32 24 81 71 52 37 78 16 13 56 84 80 45 55 32 28 3 34 40 46 10 28 66 59 66 52 50 93 93 87 23 36 19 86 39 10 55 2 1 2 38 10 49 16 56 43 74 51 48 84 44 11 99 78 64 66 40 61 37 43 83 54 57 68 63 49 68 15 29 51 97 57 8 60 
35 31 52 27 54 96 53 89 43 17 86 13 50 15 29 58 88 91 91 88 48 47 30 2 9 92 29 63 40 21 31 36 24 74 35 49 14 76 59 57 6 16 93 58 42 26 30 28 67 74 49 2 99 88 61 90 13 24 13 12 90 1 50 47 38 87 52 56 21 17 51 4 7 5 93 3 93 51 41 64 91 92 15 14 94 43 15 55 3 8 96 77 94 82 18 85 22 9 19 91 49 7 86 44 20 56 26 15 66 23 53 81 12 63 39 58 94 15 87 73 23 47 16 37 55 4 23 41 80 79 95 93 49 28 42 86 90 88 48 21 33 41 59 48 3 96 10 3 82 37 29 41 82 14 26 95 31 84 99 52 86 27 95 11 39 6 61 93 42 9 10 37 18 6 41 91 75 94 64 55 87 14 64 45 6 83 94 6 69 60 51 3 44 31 47 21 99 72 35 18 74 39 92 4 64 95 90 41 98 93 77 60 91 97 47 46 85 16 33 25 4 51 25 20 1 68 39 20 78 86 47 68 46 55 95 24 88 0 21 54 66 4 39 83 45 67 56 66 48 89 91 82 80 93 62 24 56 21 87 90 12 21 42 18 29 52 80 64 20 48 84 86 81 13 37 79 61 8 99 2 48 81 90 60 43 68 42 99 91 33 70 21 16 33 99 49 30 84 72 6 
43 8 22 75 48 93 20 83 82 88 93 59 30 16 65 34 19 47 60 17 70 5 14 88 23 51 24 0 95 64 82 54 61 85 73 40 43 37 14 2 50 8 27 11 50 89 60 78 49 35 32 2 6 56 37 67 12 50 82 6 55 11 67 37 75 38 30 73 83 45 61 3 6 39 40 84 95 91 90 83 10 54 8 11 20 68 53 42 74 21 33 87 37 14 69 79 53 94 96 7 2 8 56 8 46 81 90 91 40 19 52 41 65 94 30 15 7 53 69 80 30 69 59 84 56 91 4 19 64 90 29 27 47 46 80 98 63 34 82 94 65 70 17 67 92 67 99 1 92 56 80 50 16 33 6 46 54 77 72 23 16 71 45 10 38 22 3 55 97 46 75 83 10 42 69 52 69 34 14 71 22 25 56 29 35 44 89 67 37 24 24 71 45 61 12 29 19 31 63 91 37 58 5 25 9 12 68 95 57 57 37 81 54 4 20 32 48 28 61 62 95 85 99 46 69 89 45 99 98 75 81 39 71 94 5 65 12 42 85 26 6 64 72 66 6 47 22 1 18 68 85 96 58 81 74 63 31 98 21 45 36 53 80 98 29 48 61 74 24 92 44 0 16 54 72 11 42 35 75 1 90 42 89 56 88 57 23 9 41 16 78 99 14 45 96 89 70 82 40 35 
42 89 95 71 1 62 54 99 24 51 32 4 52 84 25 11 0 43 25 13 20 46 18 19 75 89 75 4 62 44 39 72 23 68 77 87 76 46 83 1 78 32 98 88 95 69 43 24 73 87 37 93 73 25 98 82 91 11 17 48 5 48 56 33 27 3 99 53 89 76 1 64 73 73 68 92 28 15 34 82 72 3 73 87 83 53 66 40 75 70 68 51 28 23 47 79 7 42 21 3 92 42 37 62 20 30 79 2 8 9 23 47 57 10 66 67 73 16 24 68 44 42 91 13 38 26 21 25 90 39 77 69 21 52 13 78 97 18 77 46 82 66 40 74 31 96 45 45 63 1 65 7 38 88 59 27 99 11 21 7 75 15 6 70 42 50 5 32 57 81 5 68 59 42 50 95 55 90 30 41 59 82 22 16 41 87 62 96 74 37 77 19 30 4 6 88 87 96 43 13 77 84 49 14 27 80 69 2 8 26 54 76 36 17 32 53 70 34 30 36 81 17 99 73 56 1 51 73 18 88 85 72 23 88 4 8 42 82 40 5 4 76 24 8 33 72 39 42 86 95 37 70 55 89 87 83 27 70 47 25 27 25 14 9 86 68 50 84 69 71 72 87 38 12 35 60 41 49 36 60 53 81 52 76 95 75 91 15 84 8 32 30 62 74 39 61 55 72 42 78 
86 81 39 75 34 19 50 58 90 10 52 4 72 35 47 39 3 68 50 18 49 57 55 29 53 17 34 48 21 31 9 34 50 84 4 6 87 73 47 49 57 96 37 47 51 18 53 68 18 78 22 56 37 71 11 88 4 96 37 36 56 61 65 74 61 50 51 61 37 53 25 24 79 34 55 32 11 6 45 80 80 85 67 25 59 20 10 19 9 76 57 20 26 78 29 11 32 66 19 66 16 83 1 16 96 3 84 42 81 97 30 25 49 35 64 12 89 55 79 55 32 60 86 55 73 73 61 33 90 54 3 77 4 88 53 73 52 13 13 48 48 38 64 79 30 94 69 39 70 47 30 32 94 1 81 37 69 9 84 65 84 43 98 84 98 78 1 58 18 47 21 79 32 85 79 71 4 84 90 2 30 38 46 92 99 5 21 18 73 54 45 46 29 53 49 30 35 7 96 89 86 40 81 27 56 77 77 73 62 88 21 30 11 89 3 73 71 92 73 45 59 25 76 41 79 4 26 95 24 60 24 74 10 91 81 14 18 0 5 23 32 55 32 35 3 36 87 40 76 97 26 55 74 36 16 75 96 8 84 98 24 14 90 4 25 66 42 8 65 48 43 23 57 51 49 56 68 59 12 66 68 14 89 16 54 93 83 78 78 76 1 45 3 10 36 37 4 48 81 96 
18 31 3 7 43 83 63 21 96 19 14 37 8 41 55 20 3 75 7 35 78 30 21 30 69 10 58 77 88 88 99 70 33 51 51 48 5 47 46 58 87 40 77 7 73 19 6 27 2 18 61 8 0 67 56 81 90 78 56 80 37 77 45 49 89 71 44 77 79 75 96 41 2 77 13 78 2 87 35 48 86 98 71 36 0 98 65 94 26 80 83 9 54 38 95 22 73 7 72 78 61 21 41 44 37 8 2 19 73 28 21 48 70 70 91 99 86 46 85 16 8 36 74 47 96 8 98 56 79 80 15 70 57 55 60 16 42 87 56 57 50 89 33 27 88 63 92 14 16 26 38 74 17 20 69 67 10 41 8 21 17 58 81 14 36 84 18 44 21 71 76 87 49 60 80 41 73 45 24 25 6 51 24 14 81 34 52 19 59 11 78 40 42 74 23 41 14 87 57 92 31 14 15 41 24 70 34 60 37 92 16 96 52 53 52 19 37 72 38 3 7 62 29 64 89 57 91 27 32 15 95 58 35 22 64 87 89 97 47 44 25 42 57 55 26 39 11 86 35 91 76 56 25 70 46 83 9 21 99 84 66 16 72 14 41 7 14 10 38 35 45 81 30 27 42 54 21 98 61 96 14 34 43 38 75 23 97 89 94 65 3 78 19 63 23 55 82 86 75 47 
25 57 91 23 51 63 25 13 0 21 84 1 30 92 25 60 28 82 9 15 36 89 74 85 90 93 48 12 98 23 61 21 97 76 55 80 73 30 93 52 1 35 21 22 22 10 14 57 38 7 59 83 73 32 83 34 64 48 11 9 86 10 52 85 2 8 66 39 98 64 17 77 43 63 62 8 15 78 44 44 13 36 23 34 75 55 36 54 72 75 22 13 1 49 35 29 40 91 83 17 19 1 53 0 25 47 49 98 10 81 13 83 68 43 71 31 18 87 2 88 44 20 3 62 97 80 47 55 31 86 25 31 25 68 15 68 76 19 98 63 7 23 46 55 86 72 86 77 94 13 57 73 62 61 9 9 5 78 70 96 56 59 23 13 35 90 1 46 67 20 3 11 12 4 93 14 56 52 91 12 45 36 71 22 17 75 17 81 7 42 13 40 7 1 67 16 92 1 54 56 50 92 82 86 99 56 30 41 98 91 83 48 44 16 29 84 2 99 60 78 30 96 42 26 22 92 96 27 79 26 30 33 34 58 53 64 86 33 24 84 34 39 31 56 8 32 36 78 64 48 87 65 62 3 40 37 6 49 15 33 84 14 94 98 65 98 17 99 29 61 85 12 41 86 91 53 32 92 87 89 54 73 85 77 19 92 25 35 43 58 17 98 6 81 41 80 72 68 47 22 
65 52 45 63 61 53 42 91 18 24 7 12 70 30 92 40 56 35 60 71 15 36 45 90 26 73 98 73 30 16 25 48 90 95 92 47 59 40 45 38 49 9 54 21 24 35 65 47 81 75 0 28 73 6 71 95 46 52 21 99 0 18 97 48 33 63 54 57 55 44 26 70 5 27 57 76 38 22 82 97 60 64 45 47 61 59 43 94 68 65 13 92 66 40 52 80 17 98 98 56 41 98 40 27 29 94 42 81 78 40 59 77 19 23 67 75 58 25 79 43 82 64 85 0 94 58 79 78 28 91 59 82 11 7 98 0 7 66 34 14 65 97 11 43 47 23 82 52 29 14 1 60 74 97 57 65 15 44 87 33 86 99 84 41 0 50 35 14 52 58 81 70 57 30 32 65 41 28 92 77 60 23 65 35 22 51 44 6 94 71 9 21 20 69 14 59 16 84 0 1 3 69 82 60 51 26 27 4 74 48 19 48 2 89 38 69 53 35 89 13 1 52 95 50 23 6 76 75 22 71 25 78 88 88 66 86 96 77 11 67 42 72 93 25 70 93 47 88 16 92 45 5 52 63 94 66 47 93 28 12 14 57 67 56 30 57 62 51 19 72 32 7 66 6 5 40 52 88 50 12 74 75 3 18 72 20 17 61 55 60 44 4 24 57 87 31 25 80 27 83 
49 5 22 86 67 17 86 0 3 41 61 31 34 33 21 1 78 67 28 18 6 77 45 9 76 72 54 65 71 29 93 20 12 87 59 54 34 69 31 16 41 39 50 65 78 98 61 8 69 6 54 38 51 59 56 39 77 62 43 98 16 97 92 76 1 33 7 38 42 41 36 51 77 97 43 67 9 81 63 79 36 89 0 83 39 3 36 15 76 80 52 71 97 53 76 69 71 53 43 80 95 62 31 22 72 63 31 19 63 32 35 6 28 12 84 55 39 26 56 60 96 66 0 54 1 57 42 55 7 33 24 59 58 86 58 82 36 77 77 23 59 79 76 15 45 98 15 84 73 89 12 43 1 55 69 33 39 16 38 58 10 34 40 44 26 27 68 17 48 86 87 37 96 48 83 68 80 20 80 79 61 0 92 83 55 40 0 26 15 5 73 28 34 89 8 1 39 62 91 48 43 93 66 87 56 29 87 92 91 9 88 27 16 96 89 34 69 50 10 96 29 86 72 36 57 60 68 8 44 64 42 2 79 65 65 84 84 91 21 14 66 97 15 69 18 96 63 20 4 33 10 80 84 13 68 59 33 69 25 29 20 27 56 98 60 51 40 45 85 33 60 40 21 80 98 40 38 45 67 42 24 5 36 63 9 57 61 81 67 55 86 17 76 84 59 68 45 41 11 75 
33 96 89 97 99 4 46 94 0 58 82 1 19 57 15 20 86 78 90 18 48 5 14 49 3 95 84 65 58 3 49 79 17 61 37 10 12 99 37 23 69 58 32 5 82 81 64 79 36 10 39 78 49 86 67 56 74 38 45 12 73 13 11 58 60 31 37 17 65 31 36 88 84 39 5 55 98 24 68 66 38 86 26 52 97 90 9 69 13 80 19 85 93 21 74 62 16 38 14 89 74 74 20 12 13 77 72 39 4 93 84 51 65 16 87 81 31 62 2 52 36 75 32 12 79 49 50 36 64 65 12 48 54 73 70 44 20 70 80 49 38 44 67 14 10 8 44 87 83 37 27 93 37 74 93 10 26 54 36 15 8 52 15 38 57 76 28 74 14 1 70 56 5 13 86 80 92 19 45 55 69 32 22 36 24 70 21 7 61 77 27 64 71 10 70 87 23 65 15 1 41 32 80 16 83 36 92 60 50 45 66 18 21 22 16 12 1 91 64 82 24 75 69 98 83 60 70 55 57 28 55 95 30 65 17 54 12 23 99 46 97 42 14 89 88 16 72 51 28 61 32 10 92 47 39 63 58 99 83 65 37 72 46 78 9 82 66 50 57 24 97 20 47 35 40 85 20 52 38 74 10 91 66 82 60 59 80 59 16 76 93 19 15 43 68 21 23 67 67 36 
95 70 15 98 10 72 54 47 1 24 32 31 55 35 7 17 76 37 16 24 85 73 82 77 67 35 61 46 92 91 44 10 88 70 99 22 9 49 2 92 55 26 17 14 98 11 31 37 17 84 55 44 88 2 27 78 69 94 24 7 25 0 0 77 95 66 94 77 65 20 79 60 8 44 69 73 18 85 21 33 75 98 62 42 65 52 18 33 5 5 90 68 29 42 36 35 63 43 29 82 47 7 1 6 34 48 30 32 47 19 11 90 44 92 4 48 66 54 60 28 69 57 10 1 44 50 87 55 3 21 18 9 52 99 18 34 15 64 59 20 41 87 45 70 17 95 56 64 54 34 29 88 67 41 36 54 73 24 22 2 57 43 16 6 32 68 41 35 96 49 58 54 81 76 7 52 10 51 65 27 5 57 77 47 48 55 0 34 96 39 85 43 4 50 76 45 26 36 14 42 79 45 19 47 84 47 5 57 21 94 28 54 59 26 1 17 90 61 6 68 54 66 51 73 50 79 89 14 65 53 67 42 94 32 96 87 6 65 88 55 41 82 70 10 86 96 85 12 76 53 76 54 87 34 98 77 56 84 12 64 35 2 55 35 45 82 43 91 95 73 89 98 10 14 38 55 29 17 15 39 91 8 56 10 82 62 57 75 77 12 64 10 33 42 52 32 37 32 3 41 
47 62 11 17 86 71 42 93 55 89 30 61 25 3 87 49 43 54 47 70 94 39 11 31 70 87 14 28 23 73 52 31 14 22 14 86 13 84 50 59 35 10 55 50 51 97 90 8 68 8 75 96 27 32 3 25 22 22 60 75 14 16 69 4 31 37 24 25 89 52 31 7 80 26 2 70 72 16 4 31 58 70 74 57 64 77 2 69 5 57 90 18 91 29 87 74 60 12 47 56 39 8 79 94 58 44 7 45 87 45 17 59 84 98 60 3 41 40 96 75 76 68 63 15 8 37 98 83 18 22 85 49 17 49 61 26 42 79 61 50 37 20 59 50 3 43 48 4 38 13 6 61 32 98 36 12 61 12 66 72 60 68 65 94 48 34 79 89 14 67 26 55 86 22 4 91 32 23 93 8 33 29 78 55 95 28 30 79 23 7 65 32 2 23 99 57 35 65 92 84 82 88 44 11 12 91 18 73 11 46 11 27 79 50 55 76 10 47 34 11 90 48 15 41 72 28 36 91 32 42 89 57 51 81 67 20 5 27 95 12 27 67 16 37 14 28 77 97 80 34 72 92 72 1 4 65 52 42 59 1 98 40 39 96 96 74 29 65 21 21 65 99 84 71 28 65 59 3 62 77 71 16 41 9 23 67 4 23 98 21 37 4 93 93 70 15 94 12 96 63 
13 75 19 74 23 36 6 26 86 79 39 87 66 35 61 62 17 38 23 56 77 53 6 86 92 5 85 63 67 44 26 51 72 12 86 94 39 44 23 32 45 3 66 25 57 71 41 65 31 86 66 23 39 74 73 97 19 14 96 82 72 74 99 63 84 92 40 52 85 65 5 59 58 21 34 84 61 46 5 42 68 6 98 41 79 62 57 17 11 64 43 50 32 75 9 71 13 15 72 74 28 8 72 85 28 97 4 14 48 16 70 40 17 96 60 96 52 19 58 4 18 8 30 99 96 59 16 99 58 34 45 27 84 38 90 47 73 16 43 77 55 75 51 99 38 95 57 36 58 99 62 51 67 63 24 95 86 1 57 45 73 22 36 52 45 91 31 54 1 98 36 41 72 75 7 41 54 91 83 14 56 7 31 66 13 48 7 97 35 43 52 23 80 62 60 59 25 59 88 66 63 35 23 72 75 73 89 51 45 30 70 28 8 57 51 93 85 77 78 20 31 7 9 68 4 73 8 65 12 45 61 39 95 49 5 23 25 9 37 63 84 29 53 58 68 77 88 20 19 78 33 72 13 67 65 30 41 18 6 74 8 92 42 96 68 37 99 5 50 97 31 95 7 70 21 68 70 37 39 20 98 41 1 63 84 76 30 16 72 2 67 53 76 15 24 34 43 3 35 63 
96 85 92 83 25 99 62 1 92 12 48 66 7 74 31 7 23 64 72 61 69 89 55 70 19 30 9 61 10 16 34 22 45 46 31 74 74 18 50 81 27 96 6 4 61 3 43 74 96 26 4 83 21 67 11 10 83 99 7 87 67 87 58 91 95 96 71 84 26 71 66 27 67 36 71 81 28 75 5 18 87 15 11 61 68 14 63 13 45 50 54 48 25 22 56 63 88 73 40 87 60 3 91 70 18 7 7 59 72 27 34 34 30 10 58 59 22 64 29 90 91 85 39 70 90 84 61 3 15 83 55 38 79 44 38 45 80 93 43 75 67 69 3 3 82 3 57 83 14 24 62 85 5 9 96 77 73 97 42 21 27 80 36 90 58 44 34 18 42 79 14 72 92 41 25 51 38 47 3 17 95 14 32 28 82 91 91 14 21 33 99 18 38 27 9 13 42 89 30 14 12 72 73 42 48 2 9 65 57 69 96 58 49 30 14 81 81 45 14 3 29 23 63 40 81 55 98 2 84 90 63 74 13 33 73 75 29 25 37 62 24 85 81 56 55 30 63 77 12 12 5 35 33 30 57 1 82 90 35 15 82 93 12 39 55 91 98 78 20 7 90 34 65 56 83 1 71 27 15 62 70 94 27 56 73 37 57 83 8 25 41 54 81 47 72 34 87 85 89 40 
73 78 17 27 92 42 72 59 55 23 43 77 26 81 10 94 51 61 92 23 82 75 88 6 84 20 69 50 65 36 69 32 72 9 81 56 35 20 7 93 4 33 37 47 33 23 93 3 19 85 8 68 82 13 86 22 6 57 63 91 29 57 16 7 50 61 28 74 86 89 46 64 20 75 19 93 49 57 40 85 97 30 84 28 60 0 77 40 84 26 75 7 3 77 93 17 0 51 62 24 63 25 12 41 58 53 87 73 80 85 6 77 54 87 46 57 56 65 48 3 10 82 70 63 82 42 68 62 22 74 25 8 76 76 42 22 38 74 44 9 43 78 39 11 48 82 44 13 68 33 42 40 0 67 82 40 51 98 98 51 6 92 55 26 10 37 76 10 62 32 10 97 91 93 31 90 14 69 36 91 71 94 97 89 40 46 38 68 58 2 32 98 1 93 70 33 89 8 88 99 21 17 49 11 49 57 3 63 69 15 47 34 48 55 72 76 47 91 35 5 71 74 91 91 35 17 56 54 78 52 80 37 77 88 8 24 42 60 40 45 3 97 1 82 45 12 53 94 29 71 86 38 2 51 42 23 7 3 2 54 50 79 24 91 76 69 18 13 81 58 10 12 16 78 64 89 30 49 50 15 43 55 96 71 9 60 26 35 5 89 61 62 67 34 88 6 93 77 22 74 
99 80 49 24 45 61 55 6 35 44 1 72 65 90 66 60 34 42 85 88 35 55 93 28 40 56 24 40 2 54 70 52 68 69 39 98 29 45 37 9 88 21 89 11 59 52 64 95 97 79 38 59 38 93 17 28 92 39 5 41 55 67 99 40 12 81 65 35 28 92 3 75 45 17 82 84 64 39 18 74 32 18 55 45 43 54 72 25 97 79 46 3 33 29 91 52 41 79 27 55 3 56 30 72 29 38 30 38 76 86 10 99 23 55 30 83 18 33 18 20 34 78 53 59 31 17 21 95 81 59 64 51 12 6 30 53 75 53 96 82 85 71 24 4 68 4 83 68 88 67 34 13 68 9 42 17 8 54 0 29 60 82 6 56 22 21 34 3 51 70 15 34 72 8 81 29 25 22 81 85 31 76 62 34 63 53 41 76 15 9 60 96 94 61 49 91 93 62 79 22 69 63 72 72 2 32 99 73 0 64 48 9 52 26 55 55 80 9 75 52 90 92 96 53 39 63 86 42 25 76 99 46 9 80 92 42 50 16 20 39 11 0 55 97 0 30 98 82 58 94 20 66 23 32 74 18 73 63 29 65 32 81 31 61 32 64 40 96 27 20 10 98 52 93 60 80 72 55 52 63 12 91 22 30 63 6 0 1 62 6 67 22 57 88 31 38 78 84 89 16 
74 91 25 39 61 65 32 41 89 2 69 47 15 35 35 95 92 10 61 58 19 34 66 68 84 6 20 21 64 61 8 6 54 32 26 24 20 96 3 96 71 17 89 62 60 1 51 64 9 80 36 49 71 14 77 19 26 54 37 37 34 55 51 10 34 16 42 30 38 71 49 84 2 6 10 45 98 73 60 60 84 57 97 43 86 77 3 47 4 32 34 83 24 39 51 56 35 90 1 41 69 44 9 44 17 2 78 83 68 17 63 89 68 68 0 90 53 73 56 9 41 89 86 56 58 61 66 96 12 64 97 30 16 6 6 83 33 24 28 21 29 71 60 64 18 87 17 47 20 23 45 92 26 23 96 98 6 16 62 59 42 39 22 54 65 45 46 1 88 25 16 80 77 13 4 95 47 59 22 1 47 74 64 25 82 22 94 96 59 44 87 74 17 6 80 89 25 77 29 48 68 96 94 27 75 56 47 97 34 47 29 17 32 30 56 25 37 13 88 76 29 40 13 67 82 3 24 65 47 99 16 18 59 65 95 63 56 91 12 84 43 61 51 61 28 24 72 70 0 1 98 8 40 66 66 3 1 84 51 47 26 51 50 8 13 19 85 35 10 87 2 35 51 60 18 25 80 42 19 93 99 66 66 63 48 13 10 79 77 53 44 94 92 69 84 5 79 28 97 98 
99 1 14 14 9 94 74 52 96 50 74 50 25 25 26 30 71 21 31 42 66 39 34 35 15 63 80 21 53 40 43 24 9 29 98 65 73 54 40 66 50 22 29 97 11 0 95 73 42 50 94 20 16 99 4 52 71 64 98 23 97 32 2 71 39 19 60 19 4 57 38 97 18 4 78 4 26 9 21 10 39 61 92 12 92 52 48 25 45 91 33 47 52 26 69 97 35 30 58 62 76 79 52 78 0 57 47 28 58 4 77 36 28 41 25 43 75 55 15 12 3 48 94 34 25 30 3 74 5 5 30 46 65 13 7 36 70 21 18 45 58 80 79 62 80 73 71 65 40 56 34 12 91 74 43 47 41 96 35 59 96 11 96 56 17 38 88 98 10 57 22 13 1 79 17 71 26 91 78 10 36 9 29 38 51 65 97 93 31 85 28 22 27 56 43 68 62 59 43 46 85 77 33 57 12 3 79 96 68 85 46 16 95 27 57 21 65 85 72 55 75 52 95 53 25 57 54 55 38 83 69 71 24 88 10 75 72 53 58 80 17 90 32 1 83 26 45 23 33 74 26 63 57 95 6 59 79 45 38 92 48 35 94 79 37 5 55 26 36 54 45 17 15 15 79 60 91 77 82 53 53 68 80 60 8 59 24 53 89 90 35 30 38 92 3 65 73 67 61 67 
92 23 49 32 53 22 38 54 7 95 22 21 31 22 62 8 35 15 34 16 8 23 74 2 64 76 40 70 88 98 85 2 45 76 2 86 89 47 59 37 95 30 76 4 69 17 32 2 99 70 19 11 53 57 88 83 39 80 17 55 62 82 11 56 53 78 43 23 8 49 87 31 41 65 7 18 97 95 24 6 93 89 37 43 32 31 74 6 24 40 79 8 5 80 42 15 84 56 88 53 16 59 6 10 88 19 31 2 34 16 66 21 98 15 98 49 8 78 38 8 26 48 15 30 15 34 97 39 12 5 73 1 98 8 26 62 98 34 37 69 76 50 49 97 12 83 32 42 44 28 31 33 47 1 64 86 90 36 4 80 36 37 4 42 41 49 93 22 3 30 51 19 22 65 7 98 57 52 53 78 87 79 23 0 36 37 3 64 73 2 10 20 88 93 75 51 31 25 6 18 43 60 31 30 1 95 60 95 3 41 36 72 80 37 17 49 43 15 98 11 91 9 70 22 71 72 24 52 20 92 7 32 65 26 16 37 51 81 26 72 13 43 55 61 38 32 87 6 82 10 87 91 77 38 4 26 98 1 51 26 72 83 84 28 32 32 82 13 29 96 73 99 24 61 67 40 85 25 60 26 98 56 36 12 20 82 66 95 61 70 52 68 7 89 87 15 72 14 88 60 
98 22 59 36 5 98 28 12 3 29 33 54 89 26 71 67 3 29 66 42 20 25 75 61 35 14 2 34 33 22 50 95 78 97 90 60 26 30 88 24 43 46 67 79 76 30 27 93 73 85 47 98 42 52 46 56 66 31 48 89 64 48 7 43 64 71 82 71 98 78 44 1 62 19 69 14 6 48 68 27 11 29 23 14 18 18 62 16 62 24 11 79 69 40 44 19 15 55 77 17 78 11 21 22 22 60 9 70 72 95 48 61 75 12 87 93 88 4 91 38 44 21 12 33 49 88 3 66 43 90 43 22 19 63 21 60 13 78 92 57 81 39 57 95 26 40 55 75 99 46 7 65 63 68 22 20 65 94 14 43 26 11 89 36 16 71 46 32 57 77 21 63 66 78 5 24 46 4 40 3 61 95 73 26 84 59 79 35 91 51 61 65 65 9 48 43 34 20 8 87 78 33 45 4 11 83 56 75 38 32 89 78 79 33 81 46 8 17 43 14 17 38 43 12 48 61 3 83 77 76 52 95 88 94 98 76 68 25 64 35 8 4 46 7 25 10 61 3 54 95 22 27 57 33 42 77 63 48 18 12 49 14 55 27 31 36 38 24 87 41 45 47 69 50 81 15 78 91 85 78 59 85 4 24 11 28 19 44 54 44 89 18 39 83 85 17 49 66 58 6 
21 93 35 76 38 66 52 9 23 8 23 67 5 89 0 19 22 33 56 75 63 9 65 35 66 49 64 21 80 9 50 69 52 44 36 86 72 54 22 28 34 58 41 67 70 26 87 80 86 84 75 37 68 48 18 7 42 21 90 69 84 2 62 3 98 99 25 29 5 79 57 96 50 9 15 18 97 97 15 63 50 45 19 99 18 91 85 79 75 32 21 77 50 29 22 8 24 57 46 59 13 30 65 13 25 31 32 52 1 95 10 52 49 35 81 25 13 93 45 8 97 17 21 8 14 56 36 91 6 33 93 96 51 54 48 33 33 74 56 80 26 67 72 75 4 32 81 32 44 35 21 73 20 6 17 0 35 57 31 47 54 55 95 34 91 25 12 67 48 0 54 98 94 11 7 43 38 46 31 62 9 24 85 87 61 32 53 89 31 36 54 41 16 24 84 4 75 5 36 48 92 10 61 30 10 60 98 82 78 84 4 82 52 53 56 80 96 91 45 40 87 61 83 5 78 35 56 14 99 25 60 81 16 45 87 4 10 51 59 9 84 36 55 50 19 23 69 31 53 65 59 86 37 20 41 90 47 58 98 48 35 42 54 4 53 66 58 67 18 58 31 70 12 93 9 19 17 59 86 17 80 52 4 97 46 8 96 55 95 59 93 4 2 32 55 15 28 30 48 64 
23 38 92 9 12 61 52 1 26 46 87 4 82 85 68 35 11 10 79 17 84 46 30 76 0 82 84 23 79 85 6 93 68 38 95 8 49 16 93 11 46 57 85 32 14 75 68 11 86 59 83 91 70 67 44 52 54 97 34 29 7 97 10 94 57 8 76 3 87 24 97 62 54 4 8 22 52 71 59 0 92 48 31 19 51 38 86 71 36 91 95 64 78 17 86 30 24 58 6 62 72 2 90 4 75 91 98 35 26 98 64 32 5 61 45 1 23 93 87 16 70 16 36 30 26 84 57 22 81 37 66 11 97 85 19 32 58 70 31 50 46 7 10 70 98 31 42 8 70 48 7 83 57 56 17 23 99 36 60 61 31 25 73 56 46 9 8 16 82 20 68 30 74 9 98 18 98 19 9 1 56 65 68 16 59 92 38 36 5 63 34 70 69 33 48 61 89 2 56 26 47 40 65 89 86 30 33 26 60 64 16 13 59 70 69 23 68 77 72 40 81 55 38 2 34 80 40 14 67 55 44 80 66 39 75 61 20 28 74 72 71 96 14 10 71 63 19 64 25 26 42 64 35 44 21 63 1 46 66 87 96 97 93 70 67 99 56 55 34 55 81 81 57 5 33 2 23 19 55 78 5 41 29 30 74 81 87 7 57 92 56 44 64 25 51 8 4 95 33 26 
52 24 93 34 84 85 87 38 50 25 9 18 23 12 49 63 26 82 50 97 38 56 51 0 93 16 80 73 31 38 15 53 47 14 45 14 62 56 48 20 11 94 97 41 48 7 7 59 77 92 59 62 41 28 70 47 72 8 4 87 39 83 57 41 59 47 17 43 4 33 72 26 82 97 4 83 37 19 93 14 94 57 70 4 88 62 41 42 38 41 82 42 84 87 98 67 0 97 93 32 61 31 6 34 4 22 53 67 19 0 80 30 98 59 98 89 14 24 74 89 70 88 39 1 31 64 75 76 63 84 43 38 62 73 17 68 16 17 13 87 26 19 92 45 49 34 39 15 27 76 86 95 23 73 28 24 55 84 71 29 24 25 25 64 92 38 28 73 48 16 96 42 37 1 95 55 30 91 33 0 88 78 87 17 37 53 2 94 5 57 43 56 36 31 98 1 15 91 72 61 11 77 76 55 99 92 78 7 59 82 73 63 71 11 41 56 94 14 69 73 3 5 12 7 11 13 38 54 87 78 33 15 59 74 70 74 52 74 66 41 5 5 12 96 30 33 54 90 29 83 24 17 21 57 98 90 72 69 12 57 28 26 60 52 31 11 78 15 41 69 73 79 51 62 69 36 37 27 57 97 62 93 9 75 67 70 10 39 58 1 35 44 20 72 81 18 66 56 45 97 
61 38 73 45 24 17 55 59 43 61 79 69 86 43 77 97 18 33 13 28 20 9 43 70 66 83 52 4 80 18 96 98 88 54 54 10 78 17 46 58 46 27 4 41 63 51 51 6 33 89 98 1 21 57 69 35 53 92 84 41 66 96 27 88 47 26 3 5 7 28 91 79 11 40 83 46 3 78 40 80 45 62 12 14 47 42 72 30 47 4 12 26 32 67 23 96 33 57 43 32 76 99 77 2 88 96 95 75 59 89 16 60 79 58 80 71 82 48 38 39 4 35 74 48 60 13 26 13 77 29 36 25 54 32 78 15 98 27 55 3 50 34 56 40 97 78 83 69 48 22 98 16 13 53 45 95 21 16 85 26 77 29 31 26 98 23 4 85 31 60 2 28 55 38 3 25 45 96 50 20 42 80 22 67 39 71 95 88 15 54 4 13 20 10 14 84 0 60 18 43 79 16 92 38 61 99 6 27 44 87 88 67 20 38 14 41 16 62 53 34 25 83 16 9 72 98 85 36 54 95 20 76 54 75 38 66 25 29 40 3 52 66 16 40 82 57 74 24 26 25 85 56 82 35 93 99 84 76 79 22 9 71 10 50 72 54 96 47 74 77 46 89 18 20 68 94 17 20 48 84 5 5 84 5 8 71 91 79 37 39 19 84 61 73 29 15 41 96 49 24 
18 55 12 62 93 91 86 67 71 48 35 26 82 24 31 90 6 71 55 46 53 53 11 60 85 34 23 17 71 53 38 57 43 35 8 14 24 63 45 39 38 68 86 63 54 28 52 42 58 84 56 27 84 53 20 70 96 83 38 7 18 91 88 25 58 55 4 66 56 45 52 17 61 90 55 17 42 27 49 89 68 65 33 8 31 32 84 25 48 10 13 2 55 0 25 93 65 30 36 80 5 76 89 59 33 72 65 85 41 38 34 49 76 78 61 43 19 18 69 49 55 71 22 73 0 7 35 44 17 0 34 25 56 70 77 25 38 63 81 96 46 58 69 70 66 91 3 99 1 39 46 15 40 66 57 96 29 53 91 83 75 91 53 4 57 77 21 45 97 45 5 39 75 1 53 28 84 35 59 42 62 53 81 55 59 60 98 57 6 77 64 38 49 51 84 40 9 76 60 43 80 79 36 43 13 89 23 67 41 50 11 70 17 8 69 67 13 69 98 35 45 59 47 39 69 11 0 3 16 36 69 79 81 25 18 29 50 45 33 46 82 80 48 48 68 66 1 53 29 86 56 37 0 11 22 85 55 69 42 54 32 2 58 74 98 78 8 52 6 74 30 60 65 2 47 11 28 66 1 88 34 27 16 18 47 58 80 68 88 53 79 52 0 3 86 2 39 28 29 23 
10 22 58 61 6 82 30 81 30 76 27 49 97 35 88 73 70 73 80 7 59 98 69 43 61 79 68 54 96 69 35 28 99 53 87 97 81 34 54 9 29 81 68 54 83 55 50 40 1 84 92 68 4 48 29 55 26 13 36 14 7 23 72 45 50 70 85 42 31 98 95 5 41 37 74 3 79 13 58 87 24 11 40 55 83 56 85 80 5 84 3 46 65 14 98 76 45 98 84 76 15 9 10 23 92 80 62 94 73 9 6 11 22 31 43 53 48 39 63 77 29 54 90 26 50 48 8 6 49 22 69 18 31 55 83 60 79 88 35 98 20 89 2 19 79 36 30 94 2 28 10 2 77 61 34 43 1 28 87 82 26 62 87 3 46 7 48 27 25 3 29 88 2 88 38 80 3 3 13 3 1 60 97 35 39 50 16 47 57 21 51 85 43 34 91 44 88 83 15 65 82 11 28 35 43 94 70 65 40 36 18 34 75 72 3 61 44 27 89 29 6 58 54 96 2 20 61 29 48 26 61 82 77 88 39 81 72 95 29 8 76 7 28 58 60 38 92 85 84 87 9 72 33 45 90 96 88 47 19 71 67 52 39 14 65 63 82 35 67 11 3 97 80 4 19 86 56 58 38 67 22 67 42 88 17 23 32 90 74 46 47 92 74 82 58 99 38 11 36 23 
46 74 32 14 86 60 91 10 3 39 87 80 51 9 48 28 50 46 75 38 62 97 63 5 93 56 7 27 4 45 73 78 78 26 84 30 21 22 70 13 18 23 83 90 28 80 42 65 71 53 65 3 77 19 39 19 18 12 60 70 95 78 12 28 26 48 86 53 69 79 46 82 85 83 89 9 84 94 58 53 96 8 65 17 55 69 28 33 64 38 14 79 42 30 69 19 33 51 35 56 39 51 96 58 17 16 4 81 37 55 74 71 18 2 78 69 28 33 2 32 23 40 39 39 20 40 37 23 68 94 28 61 21 47 29 75 51 7 99 82 47 33 13 71 61 46 30 53 75 12 40 58 39 19 42 61 58 47 69 16 1 11 29 25 11 81 14 83 84 65 23 90 66 22 72 37 3 42 34 32 93 37 63 13 1 76 35 70 78 38 78 93 97 40 7 88 36 43 1 53 46 19 14 18 67 92 41 71 58 61 32 41 1 87 83 8 65 88 34 89 15 46 23 52 43 63 74 58 29 9 86 42 66 24 85 79 26 83 95 35 19 96 32 61 47 26 49 67 12 17 53 10 33 83 45 62 28 37 76 1 75 63 6 44 40 96 91 65 67 53 30 16 95 27 65 66 52 6 46 43 93 56 80 36 27 39 98 59 94 8 61 6 44 1 76 37 64 53 98 48 
29 11 85 20 22 38 80 42 81 14 53 45 37 38 93 93 62 54 30 46 56 53 76 91 33 93 74 33 46 12 47 48 46 83 41 46 82 0 79 13 53 53 36 46 80 32 75 98 67 60 88 20 19 79 7 27 8 88 38 99 23 3 71 21 65 87 74 28 20 51 57 89 67 80 3 94 82 39 19 61 29 62 11 34 66 64 59 0 48 99 84 83 77 64 53 64 20 62 87 81 94 83 80 97 89 18 32 97 39 98 98 22 99 63 0 5 3 34 61 33 71 10 8 60 34 73 46 58 17 46 38 5 6 9 18 92 44 78 2 26 96 9 12 18 0 9 41 99 70 11 20 29 92 37 93 97 38 38 96 73 79 4 0 6 41 22 91 80 72 39 57 67 60 95 84 42 86 95 7 22 51 10 11 77 7 93 87 16 40 38 68 6 75 68 24 19 85 74 38 71 90 91 47 70 44 36 66 95 26 53 49 54 88 45 12 28 76 51 47 60 67 69 85 70 62 77 32 53 57 74 98 84 39 26 27 15 82 95 45 24 2 65 22 86 7 75 81 59 82 10 49 23 76 15 11 32 32 16 38 71 96 83 1 69 72 48 26 18 6 1 5 70 91 10 66 58 81 25 13 98 70 13 30 34 21 69 7 91 76 65 78 3 63 38 2 24 91 15 72 13 
9 40 66 11 63 6 74 64 78 53 36 14 42 9 32 41 15 20 85 50 59 79 70 92 1 20 71 15 45 29 12 25 43 82 93 13 42 18 50 97 74 41 21 19 56 12 9 97 69 47 17 52 40 98 83 35 45 32 24 36 50 62 31 3 42 33 44 1 92 70 36 86 21 24 28 99 40 16 68 61 44 24 31 55 53 7 20 59 13 40 39 49 24 90 91 19 24 16 97 41 35 17 24 36 68 70 51 78 99 48 78 0 97 41 82 32 57 37 0 97 45 76 55 7 83 98 99 73 41 43 22 28 92 18 2 32 32 61 44 85 19 45 44 2 47 57 44 90 53 96 33 54 88 18 77 64 70 43 61 65 29 4 28 31 55 99 7 16 52 61 42 64 4 78 26 78 84 44 55 5 7 19 93 18 86 33 26 52 23 63 60 28 0 46 18 34 24 70 93 4 81 12 2 18 37 39 60 85 52 55 87 41 64 47 80 24 95 30 88 32 32 8 34 90 65 76 79 2 34 99 0 40 26 26 27 45 12 81 33 70 11 36 20 65 74 96 71 69 82 63 6 68 72 86 82 45 97 6 45 76 66 63 49 32 42 63 67 38 48 12 63 54 26 10 56 44 50 76 15 15 61 65 71 30 79 26 41 29 75 60 36 40 79 61 45 64 4 70 98 98 
7 61 20 82 67 10 39 83 1 45 15 15 23 46 34 2 57 73 51 79 38 97 32 96 31 74 13 38 99 59 12 43 0 54 9 43 42 81 65 10 99 32 86 59 55 12 21 14 19 15 88 67 82 68 29 98 46 46 95 43 1 47 63 62 75 37 0 83 57 3 43 32 42 2 27 44 94 64 21 99 49 34 56 30 41 92 76 62 30 42 7 22 83 3 95 88 49 85 29 69 39 65 17 13 15 20 76 31 14 53 97 48 72 32 68 46 32 54 81 86 31 73 97 12 87 60 32 88 0 71 42 30 53 18 3 67 95 93 62 0 17 80 11 49 12 94 71 76 49 38 61 49 71 72 64 89 3 34 59 77 50 61 7 73 64 46 52 63 5 63 32 55 68 50 1 2 40 75 30 21 13 37 16 79 78 41 68 28 75 49 57 79 15 99 38 36 13 99 10 88 64 39 16 70 94 51 50 5 19 38 16 15 64 62 22 2 67 96 36 91 67 21 96 81 36 83 87 37 42 69 63 26 58 62 78 69 3 28 31 96 48 39 13 39 77 5 74 75 20 47 24 65 19 97 95 68 45 18 58 90 50 50 66 40 12 31 70 7 22 41 0 95 3 68 65 62 96 97 73 83 58 63 94 88 18 12 5 75 24 79 51 98 96 46 10 5 31 17 65 86 
74 99 95 26 81 1 48 3 20 72 35 30 61 83 82 66 89 66 53 8 15 60 65 33 21 61 10 66 8 9 97 99 40 94 95 39 80 78 64 47 96 36 59 94 17 24 72 34 76 7 70 81 78 94 83 74 55 23 66 13 97 10 37 50 86 76 89 84 10 34 98 49 24 69 10 77 94 33 57 80 82 11 72 73 58 61 57 79 74 67 29 86 81 11 9 56 83 94 66 98 55 29 35 63 48 11 34 29 1 87 2 17 85 71 7 62 44 10 5 55 6 13 8 81 15 99 31 22 4 21 57 32 69 24 49 73 19 31 60 7 64 39 1 21 95 21 9 7 26 88 53 44 70 6 6 20 22 16 60 48 5 53 95 0 16 54 24 47 75 12 89 0 40 5 24 82 89 33 53 6 27 78 93 90 88 0 56 48 88 68 63 72 27 6 26 59 6 75 99 50 21 35 93 99 66 30 81 50 90 55 56 7 96 43 63 89 58 51 73 81 92 90 96 20 26 86 21 50 23 42 83 58 47 94 21 7 30 91 12 75 43 13 84 59 58 25 50 68 16 81 71 65 51 57 2 42 19 45 7 41 43 43 32 90 84 66 91 92 5 61 51 52 75 12 89 32 12 25 16 23 7 39 77 65 77 10 27 91 19 73 35 71 48 60 34 99 83 81 76 19 
24 73 12 44 0 57 29 52 26 0 35 7 0 58 82 98 47 1 61 37 94 4 74 9 17 4 20 90 98 45 71 12 71 74 94 75 58 20 59 59 20 88 58 80 28 45 23 7 88 54 16 77 98 99 40 20 87 88 68 51 25 12 7 66 89 41 11 29 24 11 78 30 41 18 14 24 77 27 48 75 84 61 62 20 60 9 68 81 92 78 84 59 54 44 28 70 53 4 66 61 6 87 24 16 73 29 21 5 79 52 1 57 17 55 23 56 31 13 93 9 60 48 84 16 50 31 34 62 27 69 93 83 74 25 10 18 22 76 58 39 22 35 18 47 79 46 70 58 84 53 37 36 61 7 47 33 76 40 37 48 54 35 53 40 19 85 26 52 91 62 92 66 36 36 86 9 42 12 33 67 97 92 20 90 79 84 94 99 37 1 80 12 12 90 14 65 98 46 34 87 54 3 57 62 16 39 28 66 43 70 80 49 48 23 98 74 67 32 92 41 79 22 63 75 68 70 10 1 94 78 53 38 79 34 53 21 26 62 7 68 44 57 50 75 12 54 43 73 81 87 55 31 44 27 74 80 67 82 54 40 93 89 12 27 85 64 48 16 11 14 4 45 82 92 69 15 2 28 37 98 56 59 88 8 51 54 16 59 5 62 9 28 54 52 83 24 84 78 65 33 
69 22 54 95 13 45 88 41 26 88 5 52 42 26 75 55 51 94 67 29 52 55 40 69 35 31 22 30 6 16 9 62 14 2 62 83 15 87 87 31 15 69 77 19 29 16 39 92 96 22 63 38 76 90 79 8 59 74 55 56 74 58 17 81 30 34 49 84 26 76 7 15 13 94 40 45 31 58 51 33 15 8 14 78 55 50 33 23 31 91 32 16 25 90 56 84 75 91 44 66 66 45 1 38 68 70 44 14 23 11 58 79 0 25 68 63 37 45 75 74 11 68 96 32 76 49 29 38 73 82 93 53 24 85 76 40 1 93 20 51 47 27 81 23 12 86 40 33 19 33 17 14 84 48 14 60 23 40 67 34 45 66 50 86 79 6 10 21 34 37 94 18 24 52 79 93 59 68 24 56 34 21 23 48 97 85 39 59 10 63 7 91 82 73 2 76 12 78 16 87 5 99 62 29 0 49 93 5 62 65 22 86 55 9 37 88 33 45 29 3 4 21 49 68 93 53 88 69 46 16 44 83 70 85 21 97 21 94 33 41 94 51 16 95 94 18 79 68 10 43 13 88 58 93 37 87 44 7 79 88 11 44 70 35 45 30 76 7 80 29 66 33 32 3 3 73 86 65 36 33 67 61 83 56 17 89 6 37 92 51 74 42 45 36 98 10 70 36 49 96 
91 3 50 8 70 12 19 3 79 24 83 78 85 61 56 72 12 91 67 82 20 91 5 45 88 18 12 37 46 53 53 26 87 58 86 97 71 90 33 47 39 61 63 3 28 64 55 54 26 72 99 19 40 19 56 1 45 54 31 18 24 21 5 6 99 80 22 50 62 75 63 34 93 93 85 23 28 32 65 78 99 21 46 37 26 19 94 98 11 27 28 0 47 17 73 1 47 97 33 3 71 91 26 16 14 14 17 44 19 45 63 2 71 84 64 5 15 11 14 98 68 61 79 37 59 77 47 92 34 90 32 38 54 74 14 74 34 51 39 95 24 34 1 89 47 51 99 7 40 9 54 95 30 23 21 83 37 70 28 84 45 7 20 61 71 21 97 48 55 66 54 23 79 33 98 51 62 83 73 17 11 77 62 63 65 55 55 21 33 85 84 4 66 10 32 15 99 32 81 70 0 85 29 16 24 94 21 67 23 16 34 94 42 60 74 48 11 13 60 72 38 56 94 47 89 41 71 2 87 58 50 30 82 42 47 99 63 1 55 95 36 19 80 31 42 72 83 57 73 88 98 40 77 36 5 41 16 48 24 79 82 40 1 37 52 45 76 93 67 52 24 62 87 43 62 18 38 81 44 22 21 74 15 12 84 5 87 42 50 8 52 45 92 63 80 99 77 42 90 1 
23 65 67 42 58 97 55 99 88 84 55 56 74 86 45 87 81 24 66 78 66 55 6 15 55 48 35 22 55 27 45 97 72 15 60 56 83 39 1 16 26 66 30 28 19 25 42 66 68 59 18 33 59 69 27 76 39 34 23 22 66 38 61 52 95 78 23 79 43 53 75 66 54 81 41 53 80 61 1 2 95 31 51 13 36 56 63 85 66 74 95 28 17 6 90 60 84 7 53 17 46 10 73 79 13 84 43 28 11 35 11 52 24 85 21 65 28 26 46 82 41 94 55 94 81 18 23 42 82 97 76 26 87 77 68 94 12 29 89 70 55 62 9 90 68 26 44 29 69 62 61 3 93 68 70 34 19 51 63 63 11 32 66 30 35 40 80 76 3 87 95 55 16 12 6 3 28 39 7 49 45 66 19 77 98 34 47 38 63 15 71 76 68 44 49 99 36 53 72 66 81 3 45 62 54 36 95 50 60 39 10 80 59 75 67 52 78 88 15 56 59 31 4 59 33 16 95 54 15 1 47 14 46 70 10 19 2 88 16 5 95 52 52 2 11 1 39 72 0 84 58 26 26 2 28 43 47 97 67 13 88 15 69 62 76 33 20 63 64 58 78 59 13 21 98 71 54 71 32 18 20 45 13 40 64 83 67 12 77 41 16 72 24 92 93 51 14 36 30 55 
98 50 42 14 97 83 90 62 82 65 31 90 51 34 27 32 63 22 64 87 87 71 72 35 85 3 52 87 40 2 53 95 64 50 67 67 89 7 29 98 13 31 19 80 89 75 81 82 44 22 41 37 14 25 29 95 31 87 22 77 70 33 78 67 58 88 58 3 77 72 11 60 67 63 57 68 85 42 99 91 97 88 49 72 20 24 54 75 41 55 69 31 58 39 79 94 69 84 28 86 42 27 6 66 25 83 49 23 58 23 92 50 91 53 39 51 1 73 41 17 69 67 38 64 78 54 50 92 13 27 12 5 3 96 88 62 96 22 27 40 59 94 53 53 56 29 38 84 67 37 76 71 87 98 94 81 89 86 35 98 40 56 46 23 35 18 95 22 33 92 23 11 58 90 72 80 21 8 74 35 82 16 59 29 29 57 64 3 56 51 39 9 39 50 60 39 94 30 24 69 11 97 49 88 80 28 5 97 93 43 11 13 50 55 17 51 62 25 32 58 81 88 98 77 56 76 85 9 22 11 25 41 69 59 52 37 7 45 59 3 13 43 23 73 14 9 73 41 94 52 5 95 92 51 72 10 57 55 40 69 82 79 62 68 77 97 41 21 11 35 72 52 47 46 68 64 35 34 7 1 52 87 94 43 1 53 99 46 56 96 64 83 57 71 73 27 35 53 36 47 
68 62 9 11 37 74 96 91 23 74 4 85 38 41 22 60 32 0 4 68 15 44 7 59 98 15 11 30 81 53 36 90 64 3 44 62 24 72 71 93 21 71 39 5 27 22 68 48 21 76 98 34 88 97 81 57 59 45 97 58 33 98 76 68 91 15 65 75 69 14 52 76 95 1 83 68 6 33 53 40 71 18 29 15 58 79 44 87 35 60 61 26 7 70 32 1 5 97 50 81 87 80 13 26 75 46 18 79 53 2 11 94 12 54 45 54 2 39 2 75 75 94 24 98 96 57 85 49 80 45 28 54 16 32 14 28 60 6 25 75 56 10 92 44 80 91 14 70 14 30 28 6 58 38 16 80 82 57 25 46 44 73 79 16 28 97 65 43 40 89 93 31 68 59 62 26 2 52 96 32 46 3 86 87 58 34 4 7 45 63 75 20 46 5 5 58 2 5 7 99 13 12 19 54 94 83 40 84 77 43 86 5 68 7 75 32 14 46 87 27 26 11 38 49 15 45 60 59 79 56 61 1 50 67 91 63 3 79 55 42 6 60 12 33 59 30 15 20 42 21 8 99 46 48 24 61 5 91 92 15 48 59 55 85 46 11 17 39 77 88 89 59 97 11 22 83 51 77 17 43 2 68 58 22 4 31 81 22 35 49 52 73 14 44 42 42 72 46 1 22 
98 75 18 6 34 57 36 51 49 44 38 22 42 36 13 5 3 35 70 56 32 84 49 7 64 28 73 46 6 17 37 68 55 50 13 43 99 89 97 21 58 59 34 3 95 30 73 18 55 3 46 1 46 71 10 76 35 53 47 12 68 26 17 23 63 66 41 56 52 76 57 94 38 5 25 1 58 97 78 53 46 53 6 23 51 33 41 71 59 26 86 28 73 18 75 5 71 88 34 95 50 87 5 57 30 60 97 11 9 18 50 46 55 18 11 50 84 32 1 24 76 74 76 4 50 78 49 0 76 93 63 20 88 79 74 43 90 19 68 32 36 51 61 39 32 84 88 20 35 34 6 83 40 62 86 41 32 78 74 12 12 16 56 75 32 55 24 14 32 57 95 18 78 55 73 65 36 51 10 24 30 55 20 86 7 72 69 63 86 95 11 94 32 0 74 82 65 8 36 16 65 60 11 20 5 33 85 47 99 56 59 50 35 8 98 72 98 43 20 27 74 32 78 17 26 3 25 80 24 11 20 86 76 4 0 79 18 38 38 77 69 83 1 67 98 64 97 19 30 3 93 98 2 85 72 84 18 91 21 76 3 6 66 97 29 71 5 44 64 51 71 68 56 65 62 57 75 32 97 65 29 35 48 35 65 51 42 53 5 34 79 42 43 64 12 24 32 48 69 48 
35 48 34 34 47 78 37 39 38 88 46 8 30 56 92 9 79 67 97 81 57 43 76 82 89 45 52 11 25 91 7 98 12 48 83 14 49 99 85 92 97 25 54 79 33 49 97 43 62 83 42 33 5 9 4 57 50 21 98 96 6 25 76 11 11 65 56 80 24 33 79 17 66 78 27 85 5 19 40 80 40 10 87 66 38 58 95 34 74 96 3 5 26 84 79 30 35 95 20 3 42 95 79 16 80 87 13 19 1 47 94 70 82 85 75 19 17 96 90 25 52 73 5 99 21 39 59 22 0 75 76 91 12 93 98 93 96 80 75 50 83 2 85 6 40 76 16 46 78 35 86 93 84 97 23 45 34 7 49 56 36 72 51 21 33 78 41 38 22 16 74 3 67 21 95 19 57 86 32 65 5 12 72 62 95 44 18 51 80 78 28 12 14 25 94 12 91 88 84 23 55 78 62 4 10 71 64 61 35 99 77 86 79 33 59 75 11 40 12 67 57 34 48 70 25 91 90 50 1 2 58 62 7 11 78 96 92 65 76 25 41 56 95 15 34 4 33 41 31 28 63 65 75 30 52 19 35 89 12 80 23 34 77 24 81 36 54 29 27 53 71 2 75 39 55 39 5 98 27 53 49 22 79 71 6 81 93 53 90 61 76 67 28 14 11 6 75 72 66 24 
34 34 61 22 14 93 49 25 72 60 64 50 49 98 12 69 96 28 1 27 48 69 45 10 70 20 97 69 13 87 99 20 34 67 10 22 96 25 44 22 66 64 21 86 93 20 87 63 35 74 1 12 76 28 22 63 46 83 21 75 15 6 53 76 92 30 75 87 15 82 30 30 82 29 91 84 75 56 14 97 85 42 52 26 23 89 80 47 10 55 57 45 27 95 37 86 22 54 52 37 88 64 90 51 45 51 6 26 7 8 61 87 17 31 69 34 62 8 26 62 5 94 19 73 27 36 59 26 55 73 70 46 95 28 47 78 5 76 68 47 80 95 10 21 26 18 56 97 58 74 99 55 62 49 66 14 45 6 28 57 82 38 30 59 88 6 99 45 42 91 35 65 75 13 72 86 54 3 14 19 88 58 18 94 47 84 14 36 12 16 56 11 60 28 2 59 95 64 87 14 24 41 13 36 86 46 49 10 58 42 50 97 89 29 96 8 89 66 92 67 32 60 34 74 47 2 37 74 90 75 96 92 42 62 64 83 11 25 69 38 40 85 59 94 94 76 38 59 37 44 53 43 74 52 64 92 16 3 3 15 86 22 51 9 92 90 22 53 4 64 64 63 86 91 56 27 94 37 79 67 59 15 53 6 70 98 60 25 18 64 7 72 48 69 48 77 56 85 62 82 
29 79 99 97 86 38 60 58 68 93 77 15 15 43 53 22 78 5 21 55 10 42 14 73 84 67 99 0 99 82 22 42 88 52 0 31 99 63 77 66 67 12 20 35 80 33 45 22 67 31 0 19 73 41 19 20 92 99 86 23 53 46 19 4 2 25 47 57 65 36 22 45 25 5 42 50 9 48 74 68 73 44 28 45 3 61 63 48 41 31 51 89 8 7 12 17 57 65 41 98 14 43 65 47 21 31 58 44 30 16 3 67 15 90 41 1 8 96 64 88 6 17 41 64 33 1 22 84 49 9 94 88 98 66 84 3 16 1 21 65 73 97 7 79 14 50 35 40 0 74 96 15 31 43 84 20 77 25 91 31 32 11 36 46 63 99 2 91 43 56 20 2 76 42 52 30 38 76 69 38 2 43 91 79 27 60 79 28 18 25 59 18 83 95 70 70 72 25 50 35 89 4 55 30 2 85 86 3 14 38 49 18 79 91 36 91 28 50 4 38 48 51 72 94 65 64 26 59 67 89 3 51 58 66 17 32 58 64 33 72 24 5 72 58 88 36 0 44 12 26 31 81 60 22 34 25 87 68 44 53 97 96 65 51 18 8 16 98 73 68 32 89 88 41 50 3 51 38 36 44 0 69 77 74 37 99 81 17 24 41 69 76 72 16 68 93 84 27 30 90 
90 42 81 13 39 51 55 0 32 55 4 25 80 84 77 79 91 51 77 55 35 80 88 85 56 72 59 97 99 90 78 49 68 7 54 78 75 63 73 84 30 49 98 80 64 70 33 53 32 61 51 96 74 24 10 92 83 88 63 58 1 9 14 36 4 16 62 37 7 16 33 13 65 24 0 70 90 53 68 91 81 41 0 57 92 63 68 32 63 74 40 40 71 97 87 76 24 97 44 14 20 38 12 75 14 17 90 75 99 97 57 31 53 99 90 10 69 42 64 50 24 11 10 64 37 99 99 23 99 36 8 77 64 96 39 56 78 44 46 45 57 10 54 58 15 30 39 84 65 29 24 0 1 52 69 87 73 10 59 96 6 54 27 3 19 27 62 17 84 50 74 56 74 0 70 53 7 6 6 70 83 7 93 34 80 48 64 15 98 95 1 84 57 19 61 16 67 0 33 43 83 72 45 21 49 9 87 72 90 84 69 2 28 28 75 61 29 40 12 4 94 25 7 36 71 40 52 20 0 79 21 23 80 63 74 28 75 55 93 59 23 13 94 36 31 92 94 18 7 72 75 69 6 93 67 78 3 80 69 31 75 10 49 30 49 89 73 47 24 85 36 91 2 84 49 16 44 79 86 36 29 36 46 64 58 58 57 71 84 94 18 83 75 27 77 18 97 86 57 1 
86 49 10 43 97 74 14 15 67 97 76 74 46 66 89 18 96 89 53 49 11 93 94 73 94 63 14 81 4 35 12 8 22 16 92 14 9 40 30 96 91 78 6 93 28 7 24 98 12 36 73 27 75 86 24 57 87 17 97 88 5 92 80 82 36 66 17 87 99 42 73 70 40 96 33 38 22 27 22 87 84 25 78 72 9 33 43 59 67 23 64 81 61 97 96 15 8 36 3 13 81 93 92 96 51 83 95 8 63 92 81 5 91 47 66 0 61 82 60 76 79 46 77 79 22 76 17 12 49 38 63 69 70 41 54 68 46 2 94 43 36 85 60 56 45 36 11 81 85 81 46 1 0 82 87 65 74 65 43 32 9 18 78 16 44 17 31 78 39 27 70 60 23 39 6 97 28 16 97 43 58 81 60 1 92 55 74 47 96 37 68 87 8 88 71 14 56 84 49 99 60 94 52 20 6 11 29 81 97 58 76 94 36 66 26 7 33 50 60 21 21 69 72 18 73 13 27 68 20 68 5 91 40 81 24 57 25 42 5 84 32 12 90 98 87 3 39 51 20 63 48 95 71 81 46 0 89 6 95 81 0 4 91 25 98 82 64 49 87 21 49 15 61 29 39 56 36 57 51 57 34 47 33 16 53 80 85 4 42 62 61 66 30 73 66 56 64 43 24 88 
78 10 40 62 12 67 90 72 62 49 88 94 81 57 40 40 90 88 76 1 97 26 8 43 80 38 84 62 49 41 21 68 30 49 10 54 94 59 28 84 97 32 96 22 19 80 42 54 11 70 29 82 86 83 98 26 59 3 18 74 36 53 76 92 49 26 40 17 47 35 12 69 37 19 11 48 61 96 97 54 53 90 80 25 25 99 23 51 38 34 18 3 31 42 90 90 80 57 79 7 74 52 0 96 31 56 75 17 2 90 48 1 36 55 93 40 42 93 55 38 43 38 43 87 43 73 58 49 90 48 23 50 36 82 84 24 40 73 5 56 87 3 46 15 30 77 10 27 43 26 22 14 99 66 43 20 41 5 73 60 23 32 91 56 65 12 52 72 53 88 93 9 92 46 44 55 80 73 71 33 2 36 65 9 40 49 89 95 95 91 31 55 68 0 10 25 73 7 96 46 61 2 35 14 16 98 53 45 94 25 11 63 20 55 82 26 20 17 4 46 75 98 99 94 52 66 98 45 38 52 83 30 78 57 52 13 57 83 62 4 63 67 93 95 12 34 25 60 2 66 4 8 69 5 84 57 21 75 1 1 66 54 20 54 3 12 70 12 72 55 51 97 90 8 64 15 56 1 91 78 40 48 79 16 65 79 42 28 88 25 61 64 60 58 50 81 20 61 55 97 
74 3 49 31 23 17 38 26 64 51 35 16 52 59 13 72 47 4 13 41 54 29 89 5 41 64 33 96 82 0 81 35 51 20 13 29 78 98 5 3 60 60 80 56 45 66 43 54 61 17 59 96 54 49 64 25 56 43 20 33 11 92 88 90 0 52 80 67 39 66 1 11 45 97 30 68 12 1 55 25 88 86 25 78 7 56 95 94 25 50 25 72 29 70 69 37 51 47 25 22 91 78 3 75 66 81 58 60 19 86 50 45 60 34 51 22 2 8 14 44 50 53 52 37 95 74 1 37 4 11 89 70 59 61 86 99 38 19 38 98 98 86 8 32 67 25 12 50 90 73 18 48 55 64 5 27 73 32 54 56 43 28 62 5 60 33 79 93 57 71 48 24 13 39 50 53 85 16 85 73 22 34 26 82 27 64 94 63 5 81 47 0 18 25 56 91 35 22 1 93 90 44 11 20 69 65 67 85 43 10 86 60 95 78 72 83 12 34 83 42 27 34 92 52 89 38 68 46 26 89 87 25 80 71 55 88 9 6 42 74 21 14 20 52 5 39 84 24 22 5 12 95 18 22 66 95 89 44 57 58 93 70 84 14 8 39 88 15 75 12 92 30 13 15 42 27 63 13 6 80 52 84 62 69 29 69 98 85 68 81 73 85 84 50 44 91 26 77 59 93 
36 92 66 15 90 18 42 38 37 69 94 29 54 63 55 9 12 5 27 36 35 78 78 58 5 86 43 89 97 58 32 15 34 66 12 90 97 76 26 34 80 29 54 4 0 72 37 64 83 60 3 70 27 35 88 42 27 39 81 76 64 5 51 31 14 7 72 76 29 2 71 21 97 41 85 43 13 21 83 34 30 23 33 38 67 11 64 53 11 98 15 73 78 46 47 73 23 49 74 6 79 32 19 79 16 38 48 58 84 88 91 48 56 14 35 97 42 77 11 6 55 30 97 73 74 68 10 55 30 56 35 44 42 21 32 79 71 83 5 90 46 76 77 67 77 31 79 35 32 98 30 32 3 18 20 43 69 94 15 7 59 28 9 46 35 39 81 76 60 46 38 84 19 82 98 2 75 83 52 94 79 0 81 40 74 40 35 60 60 12 69 73 29 17 23 51 85 58 90 53 52 45 45 84 59 97 20 67 51 82 72 36 65 2 71 24 96 78 11 84 7 11 79 66 8 60 69 43 65 92 55 37 10 30 14 33 83 44 17 17 44 67 5 24 5 27 5 83 24 82 87 4 79 10 84 21 32 8 72 79 58 0 7 47 54 19 32 30 6 66 58 41 65 83 33 42 96 39 83 98 18 51 52 97 17 43 19 49 47 77 20 24 52 72 71 12 52 51 18 73 
1 80 56 21 50 75 1 91 23 37 70 62 49 62 57 81 61 11 83 28 96 97 44 2 4 47 97 97 86 15 82 4 28 4 95 21 55 51 55 63 38 29 88 46 26 24 77 75 5 91 79 62 61 19 65 93 53 59 96 61 56 65 11 43 16 4 49 49 39 94 17 1 49 70 69 3 19 29 65 26 66 99 42 17 93 49 44 31 30 70 18 45 70 22 59 74 95 71 51 76 5 42 93 5 34 13 14 48 29 27 57 33 85 9 26 20 14 67 34 75 41 41 25 38 46 0 90 32 81 9 61 34 54 70 63 25 13 27 18 79 97 36 17 95 30 64 86 50 72 19 69 88 67 48 11 47 11 86 76 57 41 60 58 18 55 98 74 30 7 7 15 36 14 51 46 32 32 90 23 97 1 27 13 20 50 59 37 0 49 12 0 1 10 2 45 32 61 44 13 5 45 7 84 59 52 0 70 2 68 63 68 37 40 45 38 90 26 55 27 72 57 40 73 9 40 99 37 50 8 13 14 91 9 86 32 11 36 57 77 9 94 96 30 42 21 94 40 75 21 99 30 6 6 31 86 6 81 50 97 90 41 91 13 94 72 75 10 31 68 87 64 57 34 35 87 62 32 74 66 15 96 68 50 34 67 45 54 67 88 12 55 58 10 40 76 84 68 50 84 48 
73 77 94 76 62 17 59 40 87 7 33 58 39 81 37 54 34 3 89 73 28 89 35 97 48 6 32 24 68 76 28 52 58 55 9 49 96 96 17 53 16 70 19 13 29 85 52 61 93 93 61 94 97 25 61 58 0 31 83 38 6 52 24 40 89 97 15 11 41 11 24 77 61 6 17 47 62 27 73 40 49 4 17 70 82 14 60 3 53 20 47 81 13 54 4 79 84 30 5 25 97 26 25 90 60 83 26 23 8 79 20 26 63 13 51 25 80 76 40 49 47 80 70 81 62 63 70 9 88 68 79 33 91 99 68 84 59 72 50 41 36 35 76 39 93 24 35 40 27 83 8 57 93 23 88 69 33 80 30 5 63 81 94 55 30 53 76 13 96 28 0 94 55 5 54 3 91 53 26 42 1 79 56 10 61 52 38 90 38 2 51 25 43 98 2 90 12 23 69 76 55 0 22 68 5 56 60 1 77 44 34 99 75 95 64 51 36 5 77 45 22 91 49 97 68 42 61 89 38 63 7 40 1 79 30 54 88 83 48 2 8 25 85 86 24 83 5 83 95 43 61 71 5 37 43 18 39 50 43 88 86 73 17 73 94 61 6 3 12 58 75 75 85 98 0 75 37 88 83 92 79 27 68 52 45 38 49 40 24 20 0 99 48 80 36 82 6 57 26 50 
18 35 67 61 8 8 96 34 5 33 54 8 85 85 6 51 62 1 78 64 38 64 13 46 46 66 59 96 8 18 95 54 2 78 51 78 47 35 35 90 36 40 24 16 44 36 4 47 27 45 10 54 63 13 52 51 55 96 70 53 57 18 21 29 63 50 66 45 61 32 26 67 97 65 31 39 30 90 8 17 65 18 91 96 60 14 30 12 66 76 49 82 5 44 68 90 76 29 9 13 96 54 31 9 33 69 59 64 3 33 49 79 57 28 15 93 51 32 28 93 87 69 44 96 80 47 35 28 38 51 27 46 84 24 81 9 92 80 97 76 58 47 47 45 77 53 51 46 38 4 13 7 10 40 99 88 22 68 1 38 63 18 22 95 54 22 55 54 97 96 13 34 1 57 13 3 19 52 24 39 66 24 0 52 76 15 54 19 30 45 22 77 53 83 9 52 28 26 26 98 29 64 15 69 64 93 7 1 10 7 0 47 83 13 14 58 74 75 87 18 33 95 71 49 37 27 0 64 43 17 87 61 16 77 1 67 68 4 14 65 1 98 89 26 46 20 42 23 46 39 17 45 10 60 39 22 93 78 61 85 60 78 1 50 22 96 92 65 48 18 66 77 15 55 7 97 67 83 53 31 22 63 13 20 17 49 22 96 23 25 78 91 32 61 15 32 90 30 68 84 
18 81 65 42 71 89 17 15 93 82 8 24 9 80 39 62 94 32 99 22 85 27 91 49 59 90 85 22 93 42 9 79 70 9 86 17 5 75 47 97 1 55 54 58 75 56 35 53 39 84 21 82 32 0 13 18 99 42 26 66 75 62 54 56 84 81 87 51 59 66 78 22 86 40 9 45 99 30 90 57 59 92 72 3 25 44 69 19 51 6 70 54 25 74 62 59 30 23 50 97 55 63 56 31 92 45 72 23 39 63 42 3 45 39 37 32 92 2 86 82 68 45 60 96 69 48 48 10 60 88 34 72 11 53 89 70 16 10 40 52 63 68 6 55 35 50 75 68 9 73 43 71 41 9 57 63 21 2 80 11 12 6 28 9 12 17 7 14 69 25 64 83 13 41 40 24 70 92 40 29 17 86 78 38 12 86 25 8 64 62 27 7 15 52 8 25 5 70 11 88 54 33 11 1 99 7 71 50 88 56 26 26 58 75 80 73 20 60 39 90 77 46 46 88 70 65 76 42 18 96 6 38 76 4 59 0 18 23 80 18 36 68 25 91 65 60 19 67 30 51 86 71 81 19 69 67 76 97 62 5 30 73 93 27 31 29 22 16 67 18 52 49 75 2 39 57 14 75 93 13 60 49 95 91 20 37 3 34 30 14 10 59 2 17 83 75 65 33 19 30 
97 52 95 92 37 77 22 60 2 6 51 4 44 13 69 65 79 2 0 66 2 85 98 49 32 55 16 9 60 37 48 76 80 73 6 28 78 67 46 42 0 69 82 31 95 14 66 11 76 70 78 25 58 99 89 7 29 5 13 66 87 60 67 93 35 25 97 66 98 33 20 11 24 76 88 55 23 53 67 89 51 20 85 23 67 88 99 21 0 12 88 40 84 70 43 25 44 33 56 16 48 48 74 3 95 3 74 31 99 7 94 12 98 62 16 23 57 92 68 2 91 85 25 30 51 50 9 91 18 84 56 95 31 80 55 53 15 68 87 70 44 96 16 76 40 2 66 71 85 74 71 63 18 59 69 98 47 48 79 58 99 89 57 30 8 52 30 77 75 48 79 69 71 44 28 64 25 72 4 58 75 15 28 58 40 99 69 52 71 52 31 33 58 28 78 96 1 73 57 44 79 89 52 72 22 64 11 78 16 79 20 38 17 62 27 96 55 40 28 27 50 15 43 89 66 87 47 25 1 92 9 2 93 74 24 91 55 31 13 66 31 60 63 74 70 17 68 8 60 23 98 37 32 72 35 61 96 87 41 50 36 4 64 54 47 51 15 14 88 77 77 16 4 82 28 42 44 23 82 74 94 86 38 53 20 78 46 57 91 18 19 56 21 16 22 79 27 67 2 18 
91 8 64 14 49 89 85 71 53 33 56 8 64 72 5 90 87 68 48 18 17 40 98 32 84 31 40 52 22 66 41 70 11 69 97 68 66 60 25 8 58 33 6 59 60 46 91 81 90 81 35 28 97 2 15 43 8 63 28 67 29 51 55 43 4 30 31 15 42 69 40 45 73 10 84 93 32 82 90 4 16 57 68 17 43 51 7 39 92 93 76 39 51 92 48 33 54 64 93 44 6 29 12 82 32 37 31 13 40 56 92 74 4 40 28 24 64 8 53 48 87 69 22 14 56 82 78 25 82 73 80 80 98 93 16 96 43 26 64 56 74 78 92 17 71 96 85 59 59 75 97 27 8 99 74 53 61 17 15 83 38 65 98 88 41 38 97 26 79 78 33 41 20 54 1 69 79 80 56 45 53 46 81 48 61 79 79 50 3 55 69 84 21 92 75 57 72 18 30 89 36 43 29 87 67 10 55 71 75 20 87 26 8 53 27 82 4 57 82 16 43 89 51 2 29 18 95 6 77 79 40 61 87 3 31 80 34 3 71 43 96 10 23 67 98 12 67 43 77 25 57 61 7 67 98 36 32 25 34 11 40 20 33 58 84 13 3 13 99 31 90 95 61 58 88 37 66 26 30 80 70 64 87 69 32 60 82 66 56 14 50 89 54 69 66 37 88 82 68 20 
17 78 63 51 71 99 42 62 41 64 98 81 20 37 53 25 60 62 32 16 84 7 82 9 40 19 64 8 24 37 71 32 48 64 18 79 59 54 27 23 27 96 5 66 97 28 81 92 36 73 96 37 74 58 25 70 58 37 24 19 36 95 96 88 63 27 83 49 29 78 65 43 30 57 80 29 34 45 21 81 96 60 69 75 15 23 97 84 89 63 74 18 72 78 78 54 61 62 63 98 8 8 80 1 1 99 28 1 84 81 55 28 88 32 50 49 19 25 78 33 66 31 2 49 61 97 93 86 12 69 74 65 76 35 57 50 79 16 25 2 79 23 59 44 34 96 44 16 85 48 44 68 13 64 70 32 37 42 70 58 0 62 12 6 40 73 30 98 16 34 1 38 48 6 13 94 56 30 1 75 5 88 65 98 30 58 34 0 60 22 42 96 52 21 58 66 39 69 36 74 56 23 35 38 80 94 38 93 38 33 16 17 44 25 50 70 16 20 31 15 83 75 27 60 99 11 72 74 96 24 81 1 53 95 90 60 88 78 35 59 42 59 29 34 34 52 40 6 86 66 29 56 2 48 92 27 30 54 96 57 80 70 1 55 5 92 21 10 77 60 40 84 49 75 6 2 53 52 67 39 23 2 11 38 98 44 6 62 30 59 94 85 79 34 39 43 41 54 29 56 
94 28 61 94 28 83 80 59 60 61 53 18 81 55 31 15 21 26 45 47 54 32 69 79 39 36 23 43 44 89 76 4 16 65 59 5 64 84 35 23 94 30 6 46 22 67 97 12 88 17 64 48 75 10 84 76 50 67 22 91 37 53 16 31 11 38 89 14 29 97 13 16 96 55 85 73 80 20 13 33 31 64 7 4 84 3 33 71 14 40 43 0 41 44 14 87 93 0 3 10 71 29 0 4 73 82 72 43 62 67 91 99 17 48 29 10 81 42 84 79 9 65 73 49 47 53 30 74 17 80 33 89 76 70 23 76 36 34 98 21 69 48 36 10 70 54 13 59 10 96 14 51 3 88 16 83 13 16 88 59 34 96 17 96 65 28 69 82 43 39 74 34 91 68 45 53 83 76 43 13 81 73 35 51 22 81 95 54 39 67 85 99 31 53 14 41 82 52 8 49 76 8 11 28 13 76 46 49 33 10 1 62 26 0 30 53 83 26 24 94 80 95 11 12 93 33 85 97 19 0 86 3 45 81 20 16 34 70 57 88 99 73 90 63 88 66 40 96 58 59 13 91 11 28 27 46 17 51 69 22 98 51 97 11 0 69 14 28 12 84 34 92 91 31 69 60 4 23 23 24 75 14 96 16 50 89 29 25 22 1 69 57 62 29 36 6 65 40 86 36 
62 86 96 46 41 44 15 66 66 39 40 44 3 78 25 70 10 76 8 68 23 69 85 80 22 3 77 7 2 64 27 25 49 53 22 98 84 55 56 80 24 72 46 33 91 43 95 70 23 22 17 19 78 50 22 44 92 51 76 50 93 85 0 84 51 94 43 17 71 72 43 54 81 63 99 39 12 36 21 13 94 19 36 30 44 59 72 87 78 43 86 15 14 83 33 3 91 56 90 0 14 16 12 17 57 62 81 25 34 3 34 83 20 75 84 44 30 8 23 59 16 65 97 92 70 65 55 62 75 23 77 55 70 17 33 81 48 71 13 74 1 88 60 44 6 83 42 42 8 71 56 58 92 40 4 90 17 11 84 57 67 27 39 10 35 81 2 11 89 97 24 84 12 47 59 11 77 35 53 22 50 94 80 43 99 40 14 70 9 62 41 88 22 87 76 23 53 98 13 33 73 9 51 39 12 45 86 79 42 32 99 31 60 30 71 49 61 13 47 81 86 87 81 48 98 95 15 13 41 32 57 66 92 82 96 3 85 76 27 30 85 25 10 38 1 90 21 0 45 26 58 35 97 92 57 6 73 33 18 19 41 39 6 35 64 21 75 16 8 3 39 60 91 81 91 10 54 3 68 8 51 53 37 76 11 75 46 87 79 7 14 5 46 72 49 33 63 45 22 96 
87 42 12 77 64 2 88 39 14 3 55 7 79 32 1 98 22 25 60 92 25 15 10 86 86 46 8 29 83 55 69 64 42 65 32 1 33 31 69 94 49 1 64 86 2 59 33 64 10 9 63 59 24 43 55 8 71 7 55 44 42 3 64 63 66 29 68 59 76 21 23 98 23 20 16 63 96 59 92 16 59 63 47 24 39 27 31 87 10 33 56 20 40 98 4 24 22 44 79 62 94 85 30 53 53 91 40 1 82 47 25 69 41 80 12 0 84 68 32 43 58 56 54 19 31 88 2 65 11 45 22 96 76 35 28 13 41 60 98 9 1 62 13 41 49 58 81 73 52 67 89 50 79 37 68 40 20 35 55 33 12 90 0 9 85 75 86 24 88 22 6 18 62 71 32 19 0 60 79 63 67 27 33 60 60 5 50 15 91 3 7 50 67 36 95 62 82 52 82 40 66 37 8 74 55 78 73 54 46 18 60 87 52 43 99 30 22 15 99 72 70 86 93 25 67 30 93 23 52 71 63 20 50 94 26 88 90 86 77 29 13 2 0 72 83 15 26 86 70 11 88 59 6 92 64 34 36 42 42 29 94 28 89 91 15 88 57 35 28 12 14 60 58 16 65 2 15 21 6 45 17 71 18 65 28 8 43 16 0 3 76 62 96 9 0 44 38 51 4 50 
92 7 5 41 51 9 78 18 81 91 93 78 10 80 38 9 30 96 71 72 3 11 10 32 16 84 73 83 61 74 80 69 54 86 16 97 65 5 56 40 44 34 73 91 86 42 11 91 28 94 63 22 36 76 99 66 96 65 57 54 0 50 33 24 91 58 92 54 74 76 65 38 71 95 67 59 23 73 78 45 37 75 47 85 80 9 46 6 15 22 90 57 39 71 1 89 29 83 50 96 21 73 99 96 69 22 5 41 58 35 67 19 6 60 66 67 69 34 26 73 27 54 14 89 4 42 72 71 84 23 61 17 40 53 29 87 51 30 77 12 65 58 17 34 46 65 25 19 13 7 80 87 53 69 19 0 56 83 75 96 22 60 67 32 47 0 18 45 69 75 35 16 21 11 38 66 12 40 84 74 58 3 81 26 94 34 23 89 13 47 92 6 83 75 56 33 64 68 74 12 57 29 74 55 48 68 48 76 16 90 6 4 33 74 67 63 91 30 83 75 39 33 41 33 72 34 31 95 93 23 8 84 3 51 94 70 32 51 33 20 85 45 94 94 47 80 33 80 43 11 52 76 16 51 67 65 40 15 98 85 82 37 28 96 55 65 41 85 91 52 87 82 85 15 41 41 26 58 29 67 25 13 54 45 1 31 97 41 24 35 70 69 20 2 27 92 48 91 44 12 
26 5 61 4 52 68 81 81 13 60 47 95 92 47 51 6 56 31 69 79 84 66 63 98 60 82 20 98 93 16 32 91 27 64 56 68 21 84 40 63 52 58 94 53 13 32 80 85 54 31 0 93 99 52 53 39 60 6 26 39 3 53 62 6 21 93 27 43 44 71 21 16 80 96 90 83 7 68 6 52 89 63 83 89 13 20 62 17 28 37 13 88 15 52 40 5 86 32 5 66 88 92 60 84 86 53 91 36 57 5 29 83 54 14 5 81 27 48 36 16 30 75 70 68 91 13 30 79 52 74 24 44 50 38 71 72 16 43 83 51 82 58 0 8 45 46 63 28 35 25 38 71 0 14 58 62 84 45 68 11 57 0 86 66 45 82 64 67 50 15 24 31 74 99 22 27 44 85 95 41 43 58 65 69 92 73 15 19 5 97 38 76 52 47 89 6 23 44 19 61 81 86 69 43 12 13 76 38 96 53 48 45 54 96 83 84 64 5 59 24 53 75 42 53 39 65 40 29 51 35 95 49 53 84 44 7 88 3 87 44 80 42 19 21 16 51 67 22 60 96 84 8 74 80 77 25 20 9 26 93 49 31 29 15 71 97 69 91 85 74 32 38 49 92 98 60 79 94 78 62 7 30 35 35 25 88 1 95 89 34 48 18 97 71 17 34 76 99 35 16 
71 74 93 24 33 82 62 72 82 2 13 3 92 18 98 13 74 92 76 13 5 28 64 79 6 70 21 74 57 29 30 9 8 15 64 10 63 55 64 51 28 16 47 39 70 68 62 25 27 74 8 12 66 70 7 32 49 23 14 3 87 68 30 32 62 0 29 56 88 98 98 92 69 19 3 98 53 55 87 85 7 99 8 88 6 71 36 40 3 32 47 54 72 61 63 14 99 15 95 7 61 77 70 73 88 87 11 26 53 68 64 23 54 25 42 28 49 50 64 26 60 86 19 16 29 32 0 10 52 9 75 25 99 96 15 0 12 32 25 9 60 81 92 44 17 43 44 94 43 55 6 50 95 88 87 69 18 23 40 76 73 4 91 89 65 75 88 40 50 63 24 93 41 8 83 32 50 36 15 60 63 71 26 38 94 11 45 36 59 9 94 18 53 31 30 12 50 8 15 9 6 42 97 1 14 17 36 14 77 97 77 29 84 56 53 97 61 76 63 50 94 43 58 82 72 22 16 55 8 53 86 30 85 81 67 96 61 33 47 18 15 52 3 35 13 81 47 71 31 73 81 62 58 5 79 50 53 21 22 98 82 86 94 23 82 60 8 74 19 62 79 53 9 17 18 46 90 12 45 38 28 78 36 83 0 74 29 26 23 59 26 55 44 17 77 19 11 13 50 70 
47 38 15 96 37 61 45 21 75 52 84 19 64 71 54 38 48 66 68 21 3 96 70 33 7 45 61 20 41 46 93 31 36 57 91 10 11 94 52 18 14 10 77 71 88 5 96 89 53 11 58 65 45 93 2 70 35 62 92 3 12 60 1 59 40 30 50 16 51 9 80 47 46 46 28 2 7 58 54 11 51 94 8 59 2 5 53 99 28 41 9 20 86 70 44 2 49 35 16 16 45 13 7 3 17 0 25 91 4 92 20 14 6 49 94 77 85 34 94 71 38 88 11 16 0 39 62 31 27 54 26 9 15 24 35 39 46 89 63 49 6 91 13 99 22 27 44 3 42 5 84 81 74 39 76 91 74 79 95 48 4 72 22 18 73 58 42 73 44 26 39 92 58 23 22 58 10 34 70 38 57 89 33 8 28 17 9 24 6 96 30 51 41 88 89 79 1 44 97 42 35 6 1 3 18 29 59 6 97 96 42 93 51 59 1 95 17 75 27 26 15 44 62 27 31 41 4 60 4 69 50 42 57 12 85 45 80 44 8 91 12 86 26 96 91 0 81 16 30 81 30 39 69 2 95 94 65 97 60 70 7 31 38 99 23 16 38 37 74 47 92 82 1 80 82 3 79 74 13 23 98 33 71 86 54 35 32 77 8 66 87 8 79 87 57 42 3 28 72 67 
42 68 72 40 21 46 60 57 97 52 51 98 70 91 90 37 25 27 15 73 3 5 11 98 1 3 40 77 35 32 49 0 31 69 50 7 65 18 74 28 55 73 70 98 73 75 96 39 27 5 93 38 2 91 19 44 58 7 90 82 17 32 39 42 72 48 84 18 23 55 10 65 9 91 3 1 29 15 27 32 19 82 68 89 91 57 64 84 89 99 91 66 95 42 20 46 10 15 16 44 91 58 90 10 19 61 17 50 3 85 0 47 27 72 26 5 85 82 75 80 80 82 38 57 88 2 15 30 59 12 61 54 27 6 31 47 6 13 77 12 76 15 65 35 85 24 88 47 98 60 13 27 56 93 21 96 84 98 33 35 95 8 4 86 40 92 36 80 79 23 62 18 2 5 29 80 44 4 18 3 6 87 92 65 79 67 39 69 40 93 84 44 16 25 24 36 43 65 71 93 57 46 9 48 41 77 35 84 8 45 49 96 26 65 5 55 8 21 94 74 11 11 89 83 30 44 31 90 93 87 38 58 59 2 49 79 75 27 38 56 11 60 1 47 38 86 82 41 96 62 50 96 25 93 43 11 56 58 63 37 34 86 11 36 83 38 45 45 77 41 56 78 20 12 2 35 56 31 34 44 30 98 95 21 3 73 91 62 14 9 41 87 10 3 96 38 33 56 4 65 
70 26 23 75 12 13 85 67 8 81 88 99 65 46 44 78 54 54 55 86 38 80 28 34 76 31 16 85 82 65 13 75 79 18 50 58 87 93 97 9 70 28 55 14 79 96 10 11 50 58 96 74 19 44 80 67 20 74 19 57 99 83 96 39 51 71 82 91 24 14 44 7 76 9 57 26 38 56 69 55 43 46 45 16 34 99 66 38 75 48 41 34 91 38 87 51 93 4 79 13 67 25 89 85 26 62 57 52 38 32 90 35 31 89 6 63 22 30 55 21 71 76 29 53 49 81 16 24 78 5 27 55 83 34 5 24 42 24 22 3 8 68 42 28 4 73 49 82 5 96 13 38 55 68 63 84 30 91 93 60 26 38 43 98 74 70 64 55 6 36 69 76 99 99 42 49 49 98 89 28 82 19 46 51 63 76 50 89 0 27 63 79 13 32 48 63 49 87 89 11 60 44 12 49 55 18 16 5 95 61 89 41 27 54 1 42 71 21 76 63 52 37 97 70 56 54 65 17 75 12 74 2 90 16 67 32 1 67 30 13 99 39 40 28 11 59 65 23 24 82 23 28 88 62 23 83 95 67 92 5 26 76 46 34 26 99 15 22 67 80 77 72 8 26 57 25 7 41 20 54 67 70 33 16 0 3 34 17 74 53 70 80 8 94 16 9 88 42 72 91 
9 15 33 12 32 33 13 44 63 49 9 62 81 93 32 78 75 78 11 3 99 34 27 21 19 71 32 70 44 5 52 66 38 72 91 49 26 33 22 50 7 79 65 55 32 58 16 37 22 32 28 82 2 74 95 37 55 22 83 50 86 53 42 59 71 62 21 13 39 70 78 61 62 2 23 60 38 21 39 68 43 62 52 3 37 97 3 20 63 84 67 70 1 94 74 30 55 0 36 9 7 77 20 89 52 19 13 92 23 76 66 13 82 94 54 92 19 45 43 55 66 53 43 1 19 39 69 59 59 62 17 75 77 35 73 62 52 25 26 96 92 98 75 56 54 26 67 53 21 23 57 77 57 17 67 99 81 18 66 26 80 20 53 33 74 20 92 55 66 82 64 13 46 44 58 33 98 5 90 42 58 25 1 98 9 27 99 99 2 92 5 19 80 94 93 72 5 39 36 75 17 37 89 51 49 96 76 87 70 76 84 63 36 13 55 99 72 74 20 73 1 60 82 40 96 86 86 90 77 45 54 91 36 60 3 90 16 70 24 64 82 97 10 26 23 58 41 52 14 36 66 83 22 75 33 77 50 41 45 92 4 66 39 40 0 79 39 19 84 84 30 0 74 17 72 50 88 25 47 0 39 82 8 50 7 31 16 98 43 25 36 51 30 75 64 17 44 29 24 85 
86 71 95 28 33 53 67 26 55 86 83 68 40 26 48 62 88 56 28 48 73 8 80 74 4 38 45 67 83 2 36 37 80 94 19 67 51 11 48 94 37 29 58 29 17 62 14 34 57 45 69 34 33 9 38 6 20 19 96 92 49 83 31 82 26 66 82 70 21 35 69 43 1 54 14 18 26 2 56 13 51 43 1 24 58 13 64 17 1 10 70 38 43 43 7 32 84 16 9 41 16 26 39 77 16 98 86 7 4 95 76 43 44 86 85 71 48 19 59 91 27 48 13 6 98 36 52 89 62 97 69 46 9 94 51 25 32 9 5 90 3 27 95 16 98 48 11 9 10 63 71 13 66 4 49 16 92 13 21 21 99 25 16 2 23 26 8 55 27 43 19 93 73 35 7 52 97 62 95 34 27 12 43 31 33 95 85 38 1 78 53 8 83 4 93 65 34 95 35 1 15 46 41 16 95 16 23 12 81 25 27 71 59 78 41 0 99 84 73 6 37 70 94 30 64 75 9 79 88 13 55 4 83 32 49 48 2 85 95 85 20 2 99 71 79 62 66 64 7 0 64 94 80 82 18 8 78 46 12 54 29 59 4 39 67 18 88 79 14 18 32 20 13 94 68 73 21 52 31 23 43 67 29 79 58 47 24 4 98 66 61 46 95 60 16 74 81 84 8 53 
88 32 16 88 55 38 41 94 60 11 50 28 95 9 28 22 17 64 31 81 98 36 27 43 20 42 34 32 68 83 2 23 8 70 79 53 14 75 32 40 95 96 61 48 23 25 17 83 3 19 78 33 92 64 81 6 87 61 45 82 23 61 93 39 9 44 45 99 22 11 26 11 68 25 70 34 48 81 70 2 84 67 7 51 3 25 3 20 11 41 89 26 18 31 58 30 97 33 11 55 18 59 96 57 49 81 55 85 66 67 41 60 47 72 68 22 84 61 47 52 34 38 66 32 32 48 31 35 49 68 28 93 79 1 62 57 71 13 20 79 2 95 14 26 18 39 52 87 17 75 94 31 55 19 35 77 33 29 63 28 30 64 27 46 55 61 93 50 68 41 23 62 1 46 53 88 84 28 46 62 77 36 60 99 68 57 84 3 41 42 42 38 92 15 44 65 95 88 72 89 52 22 23 86 2 25 14 81 2 47 96 4 30 1 41 22 24 31 51 94 22 18 4 87 60 33 49 63 4 68 68 74 18 86 9 43 37 7 34 80 38 80 71 58 44 85 58 7 50 77 73 89 50 63 59 56 12 63 22 5 12 47 44 75 49 11 65 92 0 48 10 23 58 13 60 53 48 31 30 78 68 18 70 68 85 3 54 94 4 60 70 41 59 12 50 24 41 63 99 50 
60 44 36 73 76 57 39 55 19 8 85 85 46 45 12 5 46 10 67 57 92 45 7 50 11 20 16 62 37 49 11 94 82 15 35 70 24 30 82 89 42 84 78 40 97 60 42 75 22 54 72 74 95 70 38 21 25 94 16 67 76 6 42 56 52 6 85 30 75 20 93 96 79 15 70 79 11 77 76 50 61 95 62 81 39 65 43 86 65 91 8 7 78 18 14 55 42 39 85 27 7 76 61 91 27 49 70 53 4 14 54 20 91 92 27 75 10 90 97 90 5 30 51 4 10 86 31 57 61 29 70 46 80 4 6 86 68 7 0 82 82 27 10 45 95 45 68 83 90 24 4 27 61 32 77 62 44 77 8 28 86 57 28 49 17 46 23 18 29 53 63 62 32 65 17 32 62 72 2 50 79 89 11 34 62 31 84 93 59 0 83 78 12 44 18 4 62 22 20 79 40 59 89 12 17 62 58 35 37 79 41 58 45 89 48 28 73 36 0 1 53 4 72 74 59 35 11 53 57 82 68 6 25 59 73 54 41 16 33 90 54 73 94 8 70 72 60 47 86 78 6 38 7 88 63 52 52 97 34 37 12 15 99 66 2 62 98 46 87 2 70 64 37 61 77 80 62 94 34 9 54 42 66 18 92 50 87 44 54 45 35 17 37 96 6 27 96 56 26 20 
42 32 86 99 74 54 11 51 3 38 29 31 94 69 5 71 34 55 67 70 81 55 80 59 68 72 1 11 0 19 86 91 64 99 40 62 12 74 2 27 73 36 34 76 78 52 41 29 56 70 98 67 30 82 6 89 57 54 93 84 47 63 43 14 41 92 69 24 6 92 77 96 58 56 50 4 84 1 66 99 93 83 96 88 10 28 27 19 95 7 69 85 93 81 77 27 48 6 32 99 67 25 10 3 51 37 43 24 82 58 30 78 17 79 59 72 65 27 78 60 12 42 81 8 7 22 61 76 49 63 41 59 17 38 40 22 19 99 98 82 95 35 25 9 93 38 91 73 65 49 74 31 64 98 32 58 75 41 57 42 24 37 80 62 0 0 75 45 37 1 83 69 97 6 2 7 93 68 78 7 92 78 2 26 47 3 72 20 51 11 10 17 65 8 67 23 30 92 71 96 67 64 61 9 62 12 2 75 55 44 38 58 80 35 31 5 28 4 6 87 40 65 63 67 91 26 27 71 86 54 20 59 15 64 85 75 17 11 89 8 29 35 87 90 39 67 32 48 41 80 99 70 79 68 42 57 74 86 29 30 35 74 59 64 41 8 56 45 20 6 17 34 71 38 12 68 51 56 31 14 41 49 72 65 85 45 47 84 15 10 20 3 66 62 38 64 37 68 94 50 
88 18 95 79 11 0 72 7 5 21 78 62 96 97 33 62 21 13 86 55 24 70 70 72 1 98 48 34 78 68 35 82 95 11 33 37 37 73 26 64 10 59 82 59 5 61 20 2 50 21 74 44 30 39 46 30 78 86 18 28 87 25 74 68 58 10 88 44 99 89 63 13 22 36 10 58 61 30 57 84 72 24 9 33 4 49 40 87 21 44 49 66 65 46 67 95 85 5 41 70 1 89 20 52 97 56 18 70 57 14 78 91 81 3 62 4 34 62 28 90 86 14 38 27 9 3 37 41 81 45 95 6 68 9 7 17 72 42 54 78 41 21 23 97 54 79 79 56 74 68 86 44 48 89 82 79 79 95 68 16 70 20 2 23 14 70 35 9 51 71 33 13 74 5 45 77 74 78 77 65 78 3 70 73 74 79 29 55 99 81 75 87 4 81 73 4 70 11 42 18 59 44 3 67 16 74 17 7 57 52 73 15 49 39 42 0 47 84 27 65 62 24 84 51 31 20 50 17 19 0 53 97 12 69 85 44 40 86 50 95 54 20 37 39 50 10 83 2 86 55 84 98 71 11 38 64 21 13 33 4 58 53 42 92 35 93 92 77 96 97 49 87 31 40 98 2 71 94 35 73 78 47 54 87 61 13 11 66 30 36 30 79 69 18 67 56 1 6 51 93 
46 12 74 46 92 51 75 97 1 37 12 4 43 21 94 55 81 74 86 13 85 7 46 50 52 36 87 65 48 57 63 45 40 28 10 6 34 65 96 59 20 36 22 20 96 28 96 47 72 90 15 67 54 1 60 52 45 6 0 55 13 87 77 45 97 60 97 59 39 90 45 9 19 75 84 41 2 26 55 68 24 59 40 71 12 31 87 57 90 34 87 13 60 37 31 64 51 63 63 60 89 31 27 35 65 41 10 81 38 32 8 75 80 63 70 56 38 36 27 14 22 27 74 40 57 67 79 34 17 93 34 53 96 63 35 32 31 49 47 1 11 32 89 96 56 49 16 88 15 68 59 77 99 89 43 21 94 32 26 17 27 4 92 42 12 30 21 26 80 93 33 34 41 86 80 60 48 15 20 95 15 68 66 10 98 5 41 78 85 21 90 96 97 53 71 16 8 37 22 68 15 67 39 59 50 97 5 22 8 49 7 34 16 34 23 57 89 55 61 89 51 54 74 73 31 75 91 98 5 61 45 78 38 9 85 82 7 79 36 7 43 2 25 28 49 88 10 89 44 65 19 29 70 41 78 78 94 23 23 46 63 75 1 51 98 8 28 67 47 78 42 57 4 95 20 85 32 20 84 77 15 82 39 55 96 19 37 21 5 96 66 91 62 24 75 34 78 80 72 2 
55 2 7 0 50 81 17 82 13 46 93 86 83 58 7 63 7 55 60 93 12 63 91 33 77 66 31 46 39 86 44 21 76 66 96 18 73 45 81 85 86 99 85 37 90 65 85 1 37 34 12 22 30 21 78 54 99 92 57 42 21 2 42 50 16 61 74 31 92 75 80 64 74 22 33 94 13 29 57 73 45 19 58 5 88 77 16 93 22 72 9 3 46 51 32 10 74 89 39 58 97 67 1 42 84 81 59 0 50 3 83 51 48 44 79 67 74 54 29 25 34 5 24 15 74 44 38 15 59 82 26 79 40 31 20 45 6 64 24 80 54 65 9 10 0 23 60 96 30 67 60 36 95 86 53 39 32 58 12 98 23 24 79 9 77 47 68 71 71 28 93 4 1 99 59 93 20 45 53 41 12 13 23 38 42 96 17 7 67 11 13 97 42 31 62 13 64 12 65 70 79 52 79 84 53 91 13 63 76 71 59 1 72 46 88 44 91 16 39 85 98 27 53 16 16 76 70 72 83 33 63 89 58 64 59 56 44 99 12 68 81 25 95 10 57 83 67 80 9 97 80 33 84 57 49 25 92 17 34 94 49 85 80 77 8 24 36 90 91 45 4 55 43 48 36 32 22 42 39 9 64 2 97 4 6 51 86 93 44 59 96 95 54 64 32 83 90 25 54 91 
82 55 87 36 57 96 5 21 68 18 91 88 44 50 87 46 86 35 79 29 2 56 65 53 80 45 8 68 85 53 15 11 2 20 14 52 5 57 39 90 49 60 45 33 42 37 3 68 2 31 86 12 50 68 87 10 62 27 60 19 40 85 99 40 75 12 38 98 77 23 77 91 85 56 6 11 58 69 91 0 60 87 71 92 45 75 73 54 57 21 84 26 16 10 20 44 52 8 47 66 25 2 23 34 89 22 75 79 49 80 23 24 74 60 88 88 12 14 25 13 10 15 30 11 13 80 57 40 15 3 2 31 78 82 54 64 26 32 84 99 88 83 78 46 13 92 56 42 33 14 52 12 3 75 32 89 76 31 87 74 56 90 30 56 37 82 45 75 93 61 16 22 55 68 0 71 95 87 47 12 8 67 46 34 34 69 80 67 78 40 61 11 60 67 2 24 93 38 99 38 55 79 91 76 9 59 54 87 41 94 48 48 23 60 52 45 81 62 90 94 29 61 75 64 83 16 28 19 54 86 8 31 34 94 62 18 4 6 2 29 66 90 58 14 67 61 9 1 96 74 68 4 14 54 70 97 84 93 77 11 17 92 66 97 89 70 59 53 41 2 45 98 55 46 21 9 49 34 42 47 84 3 47 50 97 90 88 82 58 58 51 26 19 6 91 80 69 77 91 9 
25 30 0 84 31 80 40 20 45 90 22 73 21 83 58 53 82 29 67 23 2 38 28 36 71 98 76 50 25 91 73 31 19 26 17 69 38 26 23 34 76 21 18 88 56 9 22 4 36 23 50 79 1 23 64 5 0 31 56 63 25 88 23 65 34 58 35 74 84 65 12 22 99 85 6 69 31 8 52 1 60 15 25 91 45 16 68 75 11 27 29 46 59 5 36 40 47 1 88 71 2 29 2 85 84 94 13 72 51 52 86 79 92 9 3 33 79 29 34 1 44 41 97 48 76 83 20 41 94 7 98 85 72 87 11 27 82 72 29 66 45 46 41 18 2 63 18 81 32 78 91 85 16 92 25 34 50 62 10 28 73 52 72 9 59 74 63 70 24 38 39 86 86 74 97 64 81 94 44 46 80 23 29 33 66 32 29 51 52 83 98 77 81 74 69 4 23 12 1 93 63 1 71 34 91 71 74 75 59 20 1 18 82 31 36 98 52 84 68 38 94 67 46 35 40 44 62 42 56 64 2 22 33 38 76 35 11 75 18 91 41 40 60 71 88 10 47 79 96 72 91 75 2 38 21 40 51 49 94 59 92 20 44 60 13 6 36 47 3 8 60 53 91 1 50 89 39 61 39 60 34 99 16 47 67 12 39 68 23 44 43 60 52 60 6 11 75 63 58 0 
48 24 70 80 63 51 85 35 66 94 6 84 74 74 51 83 78 37 31 3 40 58 6 43 69 83 93 89 60 12 27 41 27 26 2 33 53 45 61 21 83 11 32 33 86 41 48 47 60 51 61 79 11 83 47 62 82 49 79 32 41 63 56 54 78 35 0 43 43 77 29 92 44 70 35 73 48 95 19 57 90 60 88 84 40 22 94 73 23 2 50 96 18 9 79 76 6 47 14 96 78 28 17 24 76 83 86 7 95 48 4 57 80 21 36 91 53 92 11 87 63 77 42 15 2 79 56 94 63 47 59 65 3 27 61 70 5 87 79 36 41 23 8 6 55 90 16 15 17 97 22 88 80 89 13 46 66 83 35 90 96 1 44 38 59 92 42 43 45 69 74 41 32 93 17 35 51 50 16 22 19 47 94 7 76 64 94 36 80 90 51 0 58 16 98 94 28 60 88 15 71 40 20 67 24 66 5 88 85 86 83 24 86 81 41 87 20 78 97 60 17 53 37 54 96 36 28 72 94 19 27 70 44 13 9 10 40 9 99 89 68 61 44 27 19 52 68 66 66 66 31 39 87 61 79 19 51 28 0 50 5 47 27 99 77 21 26 48 75 8 92 41 15 57 87 31 70 98 21 69 68 61 90 44 13 79 85 11 21 14 11 13 89 23 50 21 92 79 54 37 
34 18 71 72 24 8 69 42 9 46 48 9 39 54 12 99 28 78 96 10 85 86 77 49 91 79 40 99 69 98 11 33 99 72 75 67 11 11 71 43 52 70 91 46 22 53 31 39 1 75 65 37 35 14 5 32 85 61 83 9 53 57 90 17 66 96 62 10 17 69 11 76 13 90 32 53 71 4 83 47 65 47 88 0 98 55 80 31 47 43 81 98 27 54 80 30 33 19 73 21 67 99 42 51 39 73 59 10 25 0 22 56 55 57 32 92 62 87 78 66 66 93 48 37 47 29 60 98 4 86 23 3 46 22 74 87 35 24 0 92 53 73 68 61 65 28 97 17 85 68 46 18 25 22 67 34 45 42 66 32 74 87 66 78 10 41 82 89 35 68 52 48 62 19 79 77 2 98 83 97 25 55 74 76 46 67 53 95 88 81 49 16 19 86 69 95 52 81 33 82 47 66 36 87 9 8 8 83 89 40 32 77 56 35 95 34 50 52 51 46 79 5 23 79 80 97 38 48 21 73 64 73 38 27 99 26 22 52 14 10 74 33 38 15 79 14 23 68 32 51 93 43 86 36 91 79 26 92 78 13 77 79 16 82 84 81 29 75 98 20 77 21 40 35 22 64 15 4 62 5 95 13 91 56 0 52 24 51 57 0 57 18 62 66 67 7 58 87 90 31 
74 19 0 62 56 71 38 94 53 91 90 45 59 88 35 77 63 64 27 50 13 94 40 31 2 71 91 41 33 37 71 25 94 66 4 93 9 87 5 0 6 51 44 83 9 39 5 32 60 74 40 81 54 18 94 46 6 4 94 46 11 23 86 36 64 21 36 21 29 64 89 58 63 51 53 55 16 42 32 71 78 64 28 34 11 55 5 39 46 80 5 47 86 62 27 79 77 69 57 23 92 56 30 77 91 74 44 89 89 44 13 11 32 47 58 68 71 76 96 65 15 35 33 98 21 99 81 89 26 53 6 46 86 17 90 96 50 0 31 71 78 17 46 99 79 74 81 21 90 3 75 72 24 13 85 35 97 85 25 52 17 41 45 71 39 94 34 93 41 2 8 60 81 84 66 99 57 3 64 45 67 56 24 1 60 27 15 83 9 70 17 69 89 6 42 96 30 60 24 63 5 27 47 94 79 15 61 65 7 68 7 66 53 79 2 89 82 7 97 13 50 80 76 67 73 15 67 93 82 52 38 95 28 34 14 46 71 85 11 84 46 46 31 80 22 90 84 77 95 5 41 50 44 25 95 33 97 23 76 29 5 92 38 14 36 19 97 20 42 87 22 63 16 62 36 60 67 96 35 69 18 66 49 60 5 4 97 17 96 9 17 5 4 96 17 78 58 57 49 24 
23 32 97 71 19 24 85 44 69 22 12 82 69 92 71 38 37 3 44 46 6 67 4 31 51 55 98 77 57 21 15 64 83 82 79 9 27 51 65 31 17 71 71 44 82 45 16 83 48 93 36 76 58 47 58 58 80 47 36 89 46 48 93 87 64 24 64 74 76 64 57 7 84 7 72 19 28 80 48 83 83 28 51 24 77 48 52 80 62 85 2 68 93 88 78 78 38 55 23 92 12 29 21 91 93 5 90 27 58 95 59 88 81 7 52 5 1 88 0 87 93 19 10 23 73 87 10 53 23 83 52 93 5 11 45 86 16 39 53 66 54 23 40 60 37 95 68 41 33 33 42 1 82 10 12 19 64 77 3 59 94 40 22 34 86 85 42 82 41 20 92 25 66 88 25 21 48 28 8 1 20 69 84 24 28 45 36 5 28 91 35 4 66 5 0 27 78 86 0 18 14 82 89 9 0 93 4 26 79 70 24 51 52 23 11 12 96 70 17 51 64 57 46 90 79 46 19 32 14 89 69 19 67 77 96 49 22 59 18 77 65 90 99 4 66 0 42 63 78 86 83 86 89 96 61 80 23 47 18 88 5 48 55 15 81 19 68 12 39 74 34 22 20 70 88 67 54 31 50 61 83 91 61 41 48 67 35 32 27 84 72 1 35 53 34 2 81 22 83 0 
98 60 28 61 78 17 25 4 79 47 23 50 89 25 19 6 35 70 74 1 36 29 11 12 54 71 5 14 15 66 75 22 39 95 28 14 56 84 25 80 92 57 50 20 87 63 48 0 63 6 76 29 0 43 49 55 60 20 3 69 53 23 54 66 44 88 11 51 20 81 43 2 42 5 31 91 7 24 64 68 44 64 6 87 92 60 71 62 5 27 51 10 12 90 58 49 57 89 37 21 32 38 60 81 9 52 27 84 22 13 0 53 82 39 42 52 3 95 22 65 20 25 66 63 94 10 19 96 82 60 81 14 55 50 18 81 24 57 94 62 49 68 26 52 13 5 98 26 2 48 26 41 91 91 2 92 89 67 20 42 50 95 23 67 51 35 26 48 81 38 9 10 44 86 48 18 71 14 60 29 13 89 17 79 26 68 61 17 99 23 27 48 5 18 89 24 78 82 11 3 77 37 9 93 30 50 44 84 16 77 29 54 60 52 5 32 84 38 78 36 62 68 17 65 59 75 29 2 88 63 85 64 80 1 25 47 81 5 96 35 51 96 48 89 91 97 46 30 37 15 29 62 31 80 31 76 16 66 37 47 64 57 15 29 49 12 5 52 48 46 74 44 18 37 11 71 40 10 39 73 29 0 39 43 45 79 77 81 23 9 11 24 39 88 14 72 39 36 33 2 
95 84 92 22 70 70 37 11 11 9 81 9 98 93 52 12 1 75 75 83 29 78 44 50 60 69 32 27 89 94 11 56 27 85 37 15 88 66 44 52 80 81 52 94 39 85 34 4 10 83 51 42 48 46 28 71 57 55 24 25 31 32 71 16 37 73 91 73 27 84 98 10 23 77 89 43 94 82 51 13 61 26 47 91 14 62 86 40 67 25 11 71 12 38 23 56 30 3 76 33 33 47 41 30 32 76 14 97 93 96 52 39 73 90 63 99 98 91 36 50 10 7 77 79 99 34 22 88 0 85 86 40 61 77 37 22 28 69 62 16 49 4 10 56 85 46 19 82 89 78 43 8 16 68 77 84 45 10 16 16 29 35 44 85 20 90 70 35 33 89 19 53 8 65 26 62 13 77 62 25 51 29 29 11 88 35 63 80 43 61 47 98 51 30 97 35 16 8 63 47 14 63 98 25 94 7 72 14 73 42 37 4 18 22 44 81 21 82 7 61 34 32 58 31 76 23 64 37 61 67 72 15 5 32 44 4 97 91 31 42 26 52 14 23 61 40 59 48 90 84 79 45 82 17 87 70 91 66 57 82 37 83 3 43 62 84 5 62 69 13 21 1 2 45 56 18 48 71 57 5 30 19 72 1 2 15 31 23 19 69 93 48 4 71 76 81 78 94 25 19 
78 70 84 46 74 46 46 29 98 13 10 12 58 46 7 47 66 98 83 48 47 11 70 10 59 90 46 52 37 92 35 60 65 97 1 88 71 73 52 48 3 48 84 49 51 80 14 68 84 42 6 40 62 30 64 33 28 6 21 13 35 35 58 31 19 74 68 48 62 76 63 3 48 8 89 30 24 79 82 61 42 77 64 33 79 31 34 76 84 99 77 89 45 45 83 8 20 9 18 82 41 85 52 29 73 43 5 50 28 40 92 17 78 30 29 81 76 68 5 79 92 93 93 55 15 41 87 3 52 5 54 32 37 30 27 30 78 47 70 87 17 66 10 78 29 66 19 63 46 65 32 43 19 34 66 93 0 65 28 15 66 69 26 13 52 55 86 55 82 48 41 45 70 57 8 69 54 20 69 5 35 89 94 47 6 21 3 71 60 55 31 8 57 21 54 10 40 6 17 76 0 93 50 53 67 47 33 1 75 20 50 41 16 21 8 42 8 73 73 33 71 27 0 82 73 19 87 77 91 64 3 25 46 7 27 87 51 88 26 98 28 80 14 49 13 61 46 5 32 91 99 58 94 9 81 38 2 96 93 56 94 67 84 96 48 85 88 58 82 14 52 56 14 30 54 39 11 31 37 88 43 58 78 12 72 14 93 57 46 96 70 84 91 65 33 47 85 95 94 14 
94 55 21 84 28 84 88 87 8 37 77 51 90 52 32 73 79 82 74 71 82 33 46 66 5 73 4 38 89 20 71 72 29 7 89 60 74 11 42 40 67 36 20 2 52 26 92 66 88 97 56 46 37 20 17 20 17 52 99 96 73 89 73 70 83 70 16 34 35 14 57 32 0 16 13 12 72 9 65 16 89 72 62 41 29 51 86 3 53 25 23 21 37 16 68 7 10 85 31 82 32 12 86 68 58 59 20 14 65 39 66 98 67 71 26 96 51 20 13 78 61 77 68 93 38 76 98 27 14 92 90 73 64 53 71 45 65 18 68 95 75 1 31 47 56 65 5 21 86 7 28 9 23 32 37 9 79 10 85 63 89 36 75 26 78 95 68 66 99 43 25 27 23 79 21 98 73 64 22 69 35 48 2 27 16 20 63 23 76 2 83 5 71 67 48 21 61 45 55 55 78 31 76 57 3 36 12 36 42 25 15 87 34 56 95 41 40 15 86 13 30 4 45 85 75 56 25 58 25 5 93 17 17 16 42 71 66 86 86 0 61 49 81 3 56 15 39 45 92 31 70 2 35 18 28 28 85 78 50 31 78 93 54 98 57 57 32 49 13 41 70 77 96 25 24 96 82 95 58 91 84 63 58 60 19 77 50 84 90 32 21 72 79 32 33 72 14 85 74 6 
60 83 14 46 67 36 99 60 46 46 67 73 85 33 77 35 60 43 58 14 6 98 63 46 61 45 23 25 23 2 2 35 13 58 10 35 4 21 56 32 90 60 51 49 21 15 84 81 45 86 13 31 23 99 68 88 4 40 66 39 82 85 84 53 65 26 31 90 87 5 97 93 81 71 28 82 30 1 20 52 43 76 94 77 23 27 7 4 47 69 46 16 98 37 62 31 86 85 70 40 90 21 4 42 12 90 79 20 56 63 64 10 73 53 94 61 54 51 45 64 77 65 32 32 52 20 41 27 13 28 44 93 88 36 18 67 34 76 40 98 47 73 20 26 14 21 97 33 91 51 33 52 68 75 38 10 65 16 88 35 26 39 35 73 95 32 58 81 36 80 84 58 67 99 22 53 0 23 84 33 19 20 69 11 69 88 47 98 47 9 81 55 88 45 14 33 74 59 70 33 7 89 3 77 10 45 16 96 24 99 36 54 29 11 87 98 87 44 91 96 27 79 7 58 35 59 3 1 32 22 19 89 78 9 17 83 95 29 13 66 84 86 71 39 80 62 61 22 63 77 23 19 76 68 55 46 50 4 26 97 83 8 0 78 94 19 14 90 22 80 41 8 1 34 21 2 58 67 2 82 96 43 1 95 4 63 12 22 94 95 67 36 27 21 72 92 21 33 2 53 
59 11 0 81 24 92 67 32 36 78 15 66 53 52 87 54 76 15 72 46 76 20 97 59 27 68 3 78 54 71 85 94 9 96 42 4 47 30 57 99 20 45 14 25 64 13 80 14 70 17 52 97 54 53 44 64 50 85 22 7 68 67 8 94 67 25 15 90 79 59 17 97 4 26 8 43 33 7 57 32 39 88 83 98 57 10 83 78 32 82 96 1 83 79 38 73 14 6 21 53 81 36 61 16 79 13 71 44 17 12 70 45 16 78 53 46 5 29 33 74 24 49 89 47 34 62 3 45 8 32 30 49 66 91 51 93 40 52 76 57 6 68 17 13 72 13 76 91 84 78 12 10 5 65 81 99 18 73 4 23 40 85 69 21 98 40 55 58 68 73 41 75 70 63 39 5 17 7 84 66 73 36 85 84 50 77 90 38 0 56 40 38 74 67 41 75 44 51 47 43 46 39 53 31 50 98 65 11 33 71 69 19 41 8 38 56 8 62 97 92 55 2 61 67 61 73 19 6 25 0 97 18 3 27 3 57 13 2 94 66 93 85 22 2 32 83 43 84 92 22 6 47 38 35 96 13 64 88 64 64 78 84 46 79 40 81 91 80 60 94 50 79 63 56 17 88 50 95 83 99 9 55 48 7 21 84 88 59 58 47 70 34 66 50 46 92 59 97 46 7 
61 77 14 62 12 76 8 90 24 75 23 97 85 12 9 6 89 19 62 20 49 34 38 76 49 3 30 90 94 25 69 25 35 92 23 55 64 13 63 44 7 24 89 36 13 7 53 42 5 15 14 44 29 57 59 51 26 30 71 68 83 58 11 86 41 19 33 59 49 15 65 93 85 51 63 95 18 19 56 25 21 79 13 39 42 87 81 74 47 63 14 79 60 25 35 34 79 60 49 60 18 59 9 93 9 34 3 81 63 75 8 67 32 62 33 37 65 1 93 22 11 71 97 2 41 42 71 36 63 64 65 3 47 52 51 78 13 59 90 76 72 14 14 58 69 29 64 28 84 44 1 31 29 31 64 39 11 50 86 93 86 0 25 19 49 23 77 93 13 33 78 66 7 33 65 15 81 44 45 54 18 29 7 46 87 93 83 43 9 82 28 27 3 20 89 88 65 3 24 0 41 21 51 0 56 39 47 65 94 15 64 38 36 7 52 63 45 3 83 96 42 68 57 9 55 8 33 4 21 31 63 72 77 75 82 37 43 12 65 96 24 21 18 0 5 39 67 4 39 3 68 41 25 73 99 13 58 62 28 20 51 3 19 54 31 25 34 76 31 16 9 1 58 60 77 36 20 55 41 90 26 45 94 69 37 49 76 21 53 56 29 50 68 52 42 25 0 90 51 0 
99 51 43 96 17 86 89 68 13 91 0 76 99 16 71 80 97 3 20 51 9 48 36 11 11 77 1 43 48 48 10 84 38 88 42 82 49 15 23 60 97 38 6 72 33 2 82 20 67 30 68 79 41 4 90 59 52 24 29 73 28 9 7 45 17 70 96 4 94 79 88 71 60 11 40 28 65 18 25 68 36 24 93 59 71 4 27 5 31 64 46 74 8 63 14 71 18 14 37 81 73 73 85 38 46 46 90 86 46 44 52 55 19 61 93 5 61 39 98 0 9 93 55 34 76 72 56 33 48 33 61 9 31 53 67 50 43 82 82 48 69 35 84 23 88 32 84 37 82 46 52 37 88 29 26 72 39 65 66 78 45 75 62 42 52 92 83 54 15 77 5 53 39 19 55 6 22 23 10 29 25 24 79 0 12 66 49 91 79 13 45 15 89 20 90 30 67 36 0 95 80 26 30 96 46 30 85 60 1 70 25 29 61 50 28 54 3 13 60 73 25 86 19 58 35 67 33 85 31 80 73 14 40 0 21 41 25 3 89 80 89 24 34 4 34 75 5 63 27 41 61 48 96 89 0 39 19 63 71 95 50 6 40 12 59 50 7 94 60 14 39 22 36 31 41 1 60 38 48 66 30 60 54 66 53 25 85 96 70 10 4 21 72 76 34 2 26 46 99 92 
4 65 20 4 25 96 74 67 51 90 53 73 25 51 36 34 98 32 56 2 23 47 73 30 97 60 72 20 17 10 23 90 38 1 10 0 81 58 8 56 67 15 55 83 56 54 95 9 40 50 39 42 80 50 51 98 84 84 56 91 24 9 5 78 97 60 79 61 95 73 34 1 47 50 54 6 76 56 58 81 79 94 36 87 26 25 29 0 47 19 84 81 25 67 60 8 51 17 11 23 92 59 14 26 75 26 27 32 18 70 8 17 8 39 99 86 9 93 93 94 31 93 4 5 28 34 34 54 16 21 15 68 67 65 17 93 54 25 78 76 25 59 8 32 47 15 40 14 32 27 25 74 33 5 22 40 66 23 18 62 10 92 8 53 37 9 23 2 14 19 53 93 60 48 24 45 51 42 90 36 14 93 25 20 18 66 43 31 12 59 11 94 31 40 96 94 46 87 96 81 85 69 43 17 73 43 70 40 75 63 98 44 87 59 36 66 96 1 14 54 2 77 85 64 29 95 43 95 27 41 98 24 83 94 64 70 73 22 33 47 92 76 8 64 68 96 38 42 99 86 89 15 96 96 45 70 55 23 74 2 7 70 42 27 5 75 15 92 54 7 99 92 83 40 78 28 35 76 14 58 40 58 84 62 51 89 14 74 67 56 95 92 19 6 39 89 53 32 29 80 
33 47 32 73 58 71 47 10 45 79 59 21 46 80 93 87 49 44 86 23 90 15 12 15 94 41 65 81 79 81 81 56 14 59 23 2 16 27 5 36 7 3 7 68 60 5 98 90 4 93 55 14 0 90 88 34 83 86 86 35 59 93 93 79 65 74 66 1 31 13 78 1 99 77 18 0 89 9 61 3 96 91 62 2 38 38 9 62 28 8 52 47 33 80 83 56 19 1 83 86 76 79 31 42 29 36 16 95 44 78 36 28 78 83 78 87 96 95 74 28 52 10 99 33 60 95 9 28 93 59 81 2 20 77 75 21 52 74 11 77 56 17 36 85 27 82 73 20 66 87 43 57 26 61 11 45 70 17 69 97 19 49 15 78 66 7 21 63 3 96 38 79 34 54 7 42 29 53 49 62 88 54 69 10 37 5 23 38 49 67 51 42 66 83 61 92 0 33 31 35 80 91 74 16 42 97 18 83 20 18 89 8 56 24 47 72 45 39 18 47 49 83 24 8 68 52 98 65 19 16 98 8 28 12 98 3 99 17 54 15 34 39 58 20 6 65 17 42 58 28 8 65 28 81 75 4 92 6 18 1 40 96 67 39 10 59 43 49 59 11 97 50 20 35 72 56 20 22 35 36 32 43 81 88 85 24 31 89 68 89 50 40 11 60 47 46 12 55 37 97 
9 18 81 88 51 37 7 31 87 7 60 73 48 74 85 4 53 30 69 83 9 16 57 65 65 65 47 14 18 46 61 65 78 49 95 45 80 36 46 53 53 78 68 71 17 42 9 89 0 22 31 36 56 79 26 19 53 46 37 13 89 22 84 0 77 21 10 12 57 88 53 64 20 59 63 28 50 62 59 37 3 79 11 32 36 72 97 42 61 60 37 79 30 52 55 0 80 66 66 36 22 98 22 73 2 88 87 9 57 42 25 20 64 70 40 65 97 72 6 35 45 44 27 63 57 1 2 47 20 29 4 33 65 5 86 31 43 37 8 16 9 28 1 73 61 53 76 50 27 64 26 82 28 50 25 68 48 28 23 40 98 87 17 39 46 88 79 23 88 25 74 94 81 92 82 70 2 34 48 51 89 50 92 94 17 75 51 29 68 77 31 96 71 35 27 23 88 22 57 9 0 2 13 48 1 16 26 82 58 48 84 75 55 85 97 57 57 10 8 88 54 37 99 87 76 61 43 69 48 53 64 88 85 9 75 77 91 73 13 60 72 42 89 17 71 76 29 69 71 62 6 36 46 36 21 79 6 26 4 62 70 69 68 38 57 54 3 63 52 21 76 96 49 29 83 76 0 87 0 10 72 61 44 97 67 75 53 73 64 28 54 55 1 89 86 82 65 37 82 32 
6 12 63 24 34 69 31 28 79 45 49 67 84 22 95 62 59 72 46 94 10 28 61 53 77 26 66 42 59 69 99 95 44 32 15 6 74 42 90 8 26 28 76 67 21 12 5 88 9 47 19 45 16 98 32 48 40 7 75 90 53 13 35 36 41 85 68 7 28 68 20 71 65 81 99 36 6 6 21 21 84 45 84 36 9 62 45 16 49 83 67 8 95 34 82 29 99 90 19 0 92 65 70 61 14 4 2 96 19 31 57 75 7 75 79 84 61 13 88 14 73 70 69 34 73 87 16 63 63 0 71 66 17 23 34 12 12 90 8 47 65 48 44 54 30 64 54 12 67 19 11 8 99 9 40 66 16 69 85 93 25 51 11 39 78 25 67 40 75 41 86 31 36 54 45 68 89 46 51 46 94 12 62 55 44 6 43 43 37 41 95 85 58 58 15 99 41 22 4 70 99 13 13 43 89 58 85 88 68 57 60 27 63 18 7 37 1 98 41 32 40 60 46 74 84 35 80 11 32 55 28 65 85 41 88 34 39 74 74 89 19 92 1 38 56 15 35 60 21 41 81 35 30 54 11 82 98 50 26 97 3 68 31 71 28 34 87 24 47 81 17 49 68 86 57 37 99 32 92 45 42 94 58 62 88 52 54 68 41 44 83 61 9 46 37 60 29 22 96 32 
83 52 13 79 76 5 5 88 60 45 14 75 59 90 36 67 51 57 93 69 37 69 7 58 64 3 0 62 29 85 58 60 97 82 69 28 84 40 50 17 27 34 95 44 68 0 20 8 62 47 79 31 84 38 10 70 6 83 13 23 21 87 23 87 5 22 37 22 32 94 60 39 7 45 49 88 89 68 25 83 25 75 16 17 68 78 31 57 31 42 79 69 25 82 15 21 4 24 21 27 90 70 69 11 70 31 14 71 66 90 86 58 71 45 81 16 55 55 1 72 47 2 25 16 3 66 95 91 58 7 62 84 89 88 79 25 32 41 77 89 86 16 95 42 11 57 74 92 31 56 37 20 6 48 85 96 80 75 45 20 94 79 3 34 40 44 89 65 16 85 87 34 43 62 79 28 2 50 91 2 65 86 65 42 25 79 63 64 77 15 61 27 89 58 90 67 80 82 53 79 80 49 46 91 68 69 1 89 89 36 71 85 22 63 72 52 55 7 96 79 35 52 30 59 33 10 67 33 89 26 89 81 87 94 43 73 8 72 54 18 55 17 60 94 40 38 44 37 55 63 34 91 46 27 66 17 91 58 54 17 56 39 22 65 72 62 33 8 31 71 6 34 32 64 41 37 65 40 77 42 19 73 44 0 57 47 24 27 41 7 29 16 42 21 85 88 12 54 68 69 
54 84 72 6 87 79 30 96 25 64 54 46 72 22 68 46 6 92 6 96 17 98 10 63 1 50 72 90 48 93 79 13 58 25 26 29 76 34 57 44 45 93 24 43 10 11 10 16 67 19 26 37 28 94 72 63 42 0 37 95 70 21 49 59 62 96 29 56 69 18 49 78 48 26 67 96 73 13 60 49 50 74 60 68 75 53 29 20 83 82 6 68 14 54 48 18 82 57 18 47 17 77 13 55 75 37 83 24 35 14 15 97 21 46 32 30 57 29 94 6 84 24 6 50 78 10 97 3 38 96 61 32 4 33 26 83 63 58 83 19 78 2 53 28 13 38 13 82 45 19 36 66 9 27 6 19 11 49 24 45 87 62 46 79 52 11 71 1 17 21 41 50 98 39 45 69 27 62 64 67 35 27 75 62 82 32 48 57 97 4 31 82 1 6 80 37 0 20 16 54 16 7 16 25 28 66 77 97 75 35 77 43 27 34 34 23 51 99 4 94 82 28 12 18 1 70 71 39 80 80 59 77 80 10 10 80 28 36 41 12 32 60 44 23 3 98 52 47 1 40 12 46 27 86 79 64 97 11 4 8 23 50 97 24 52 23 34 21 64 48 61 62 82 55 50 68 89 8 60 11 96 39 26 28 7 73 7 56 98 31 3 18 0 80 18 85 20 68 99 36 
22 19 14 85 10 41 28 68 62 12 32 62 28 49 6 12 54 70 0 2 10 8 19 59 54 55 22 31 41 19 22 59 15 93 40 60 39 82 33 21 39 0 17 49 56 78 8 71 50 66 5 58 18 66 20 60 77 75 88 35 95 97 57 55 40 29 42 76 33 39 89 65 4 30 1 35 76 90 11 24 94 73 77 37 85 16 29 59 65 62 44 3 32 8 30 91 23 37 53 78 69 74 37 61 32 61 83 74 74 70 39 30 71 94 62 97 32 85 40 41 10 11 77 7 21 60 33 22 94 75 46 45 40 55 21 99 90 90 85 88 97 0 9 17 48 56 14 25 79 61 98 65 81 71 48 62 1 33 24 90 59 8 52 1 55 54 99 40 2 37 4 23 67 25 53 97 37 88 99 26 66 42 78 59 40 6 48 20 5 50 46 38 69 20 5 73 16 96 33 20 65 86 38 43 7 10 23 78 68 81 52 91 63 9 59 1 57 95 33 48 42 27 61 11 59 63 28 51 83 85 34 30 89 45 22 23 85 83 85 72 47 11 19 7 73 28 49 1 63 78 2 7 91 97 23 75 91 65 55 49 27 61 96 4 62 54 98 19 14 94 23 7 71 5 59 41 12 59 55 45 30 38 72 5 64 43 35 99 26 13 97 45 8 24 99 91 24 93 79 71 
59 91 72 61 3 40 65 88 38 2 10 90 2 36 45 50 49 95 99 64 67 96 38 63 24 69 90 11 38 48 82 26 42 73 73 38 8 94 25 76 90 93 98 80 18 51 66 25 69 19 87 79 18 8 10 10 67 77 70 4 64 70 73 51 8 29 93 0 36 47 67 33 13 82 51 20 86 19 69 16 96 13 67 4 94 10 63 21 67 37 91 19 73 99 38 14 12 37 4 1 79 30 21 32 12 41 62 54 11 88 77 64 12 14 12 42 45 72 63 61 30 23 54 5 59 84 78 64 88 97 68 16 26 41 57 3 90 44 25 13 72 69 86 91 45 30 17 90 81 29 55 68 65 0 64 53 73 48 50 25 93 19 50 28 98 38 94 49 14 36 89 82 37 0 3 45 83 27 88 71 14 77 56 19 34 74 49 90 19 60 0 5 37 75 80 98 21 52 31 12 98 15 36 29 85 10 68 18 50 57 54 74 37 12 60 14 45 62 29 78 52 51 84 97 11 20 82 88 69 28 72 69 93 65 79 32 62 63 93 92 90 96 29 66 24 20 30 71 11 95 11 36 50 13 39 59 64 90 22 47 40 36 88 98 63 77 49 75 91 60 55 7 14 60 52 65 21 92 1 37 2 94 77 4 69 22 18 78 36 34 38 23 96 38 36 32 84 76 85 64 
73 59 72 94 55 78 75 61 40 47 14 28 24 9 48 50 19 59 78 70 46 84 97 1 18 53 60 37 45 4 24 16 17 49 43 28 66 25 22 23 42 36 42 64 8 33 43 28 72 61 48 74 70 20 97 87 52 52 69 23 23 23 81 76 17 2 63 39 49 15 54 46 43 59 46 52 74 21 81 68 78 63 85 94 19 31 37 50 64 48 19 43 15 43 5 67 19 89 17 63 90 43 96 57 32 66 46 25 19 8 47 62 97 40 43 57 99 52 99 29 4 78 8 32 77 47 8 85 27 36 33 50 47 53 95 92 17 41 29 61 95 28 10 45 89 5 48 75 97 94 48 66 42 3 42 14 10 9 6 18 93 46 64 23 68 53 26 22 27 26 42 49 68 9 97 26 28 40 35 72 71 5 39 81 38 17 63 43 24 15 39 18 87 17 44 42 57 22 29 5 76 64 80 10 13 45 71 64 53 10 88 39 88 81 85 42 80 44 71 55 29 13 34 81 90 55 10 98 9 18 47 18 39 10 57 13 29 62 91 82 29 83 63 58 91 38 97 41 16 89 44 75 84 31 42 41 29 74 35 50 18 12 72 84 37 1 25 82 1 31 90 49 70 41 8 94 35 42 22 35 35 1 76 92 54 60 82 26 60 11 70 89 93 12 83 69 8 0 10 72 
12 58 82 28 70 1 56 24 87 8 65 19 15 0 50 40 75 48 30 49 85 22 87 19 85 44 42 25 67 67 97 92 11 67 11 75 89 15 70 32 57 22 23 17 24 5 99 9 36 96 80 92 44 45 51 15 18 57 83 49 16 52 39 58 19 77 79 90 32 45 66 30 94 13 57 67 40 91 18 85 91 79 43 96 92 48 90 98 94 90 40 76 7 41 99 56 94 5 96 31 80 58 22 55 75 4 10 55 6 56 83 3 77 89 99 95 52 42 95 57 19 20 24 64 69 26 2 93 35 73 69 29 58 92 71 24 87 33 81 30 8 6 60 18 12 90 83 90 18 18 30 39 83 36 57 46 61 0 8 58 36 60 13 9 53 72 58 79 38 87 18 78 49 55 10 3 24 71 44 93 45 41 81 86 77 62 34 69 10 52 95 29 0 56 31 17 29 89 24 64 35 46 65 35 26 8 78 38 46 78 35 40 90 35 66 98 89 82 0 84 34 45 71 29 27 57 65 5 10 58 30 12 0 1 92 17 21 47 37 19 24 43 32 63 64 99 23 48 27 75 61 27 31 57 35 1 23 45 38 39 49 97 3 54 70 3 37 39 70 68 11 88 27 99 98 15 29 31 23 1 45 13 89 86 27 74 40 31 29 52 81 88 54 4 45 92 95 88 35 14 
88 85 60 11 68 99 97 40 74 4 38 58 23 96 51 50 1 82 31 51 81 56 28 87 82 30 87 97 12 4 15 68 64 76 79 1 23 92 16 34 99 8 96 34 82 77 54 78 53 58 90 65 15 27 61 84 23 64 48 42 51 49 28 24 79 88 39 94 44 12 75 44 19 98 97 26 34 92 79 58 81 33 59 53 31 76 16 62 26 60 74 41 82 48 97 2 74 20 52 46 93 19 19 88 32 17 61 7 80 24 49 2 3 17 39 85 46 3 19 77 15 76 65 37 31 17 36 87 72 94 94 78 60 0 86 60 29 4 51 22 86 86 3 9 23 21 53 37 8 11 44 66 17 12 18 19 14 32 70 66 40 12 41 42 91 90 82 19 12 3 25 53 68 84 90 17 59 24 89 54 10 59 94 94 29 34 6 48 42 85 80 93 47 97 98 92 78 55 37 17 47 48 19 71 62 70 64 35 87 80 11 11 58 81 31 21 14 24 17 14 77 76 64 57 45 31 9 11 94 55 12 51 32 6 32 73 13 11 85 7 28 55 46 9 44 22 95 61 0 10 27 24 76 95 99 37 31 89 49 78 66 54 87 51 0 86 37 32 96 6 75 3 88 74 45 98 75 59 30 17 95 34 25 66 69 12 32 44 58 97 64 53 70 56 39 26 64 97 29 89 
16 85 84 67 34 98 57 43 89 70 21 18 72 71 95 91 22 69 34 39 35 29 52 80 1 60 41 53 68 53 34 69 79 57 95 62 85 33 1 77 25 51 79 77 52 87 62 18 42 47 55 86 48 12 54 78 27 95 46 52 26 72 7 40 30 83 83 85 69 16 93 11 97 22 5 65 84 28 82 81 74 58 49 55 49 80 39 77 18 19 6 60 71 71 23 13 99 0 89 83 94 37 82 67 75 84 93 65 96 72 1 57 99 50 19 61 14 3 70 97 14 88 95 41 97 5 27 68 57 52 92 81 21 43 54 4 52 90 83 31 12 40 45 14 63 19 39 20 62 38 81 1 61 0 7 26 83 63 22 22 37 19 70 60 62 59 58 19 47 69 36 10 98 80 8 77 53 12 62 24 1 10 87 58 37 0 92 21 51 94 25 42 22 71 41 67 83 15 52 51 62 97 23 95 94 68 23 44 84 46 68 78 30 13 20 81 27 97 39 36 29 81 21 94 28 63 64 40 73 0 43 68 76 67 50 13 73 32 84 61 87 84 49 90 62 53 23 96 50 18 45 88 0 85 61 38 1 75 27 49 10 54 9 13 2 55 76 57 68 1 92 77 70 82 63 42 2 67 7 90 53 44 19 70 90 45 56 20 97 61 35 69 45 59 22 10 30 11 50 48 
62 26 76 24 3 87 13 74 10 63 17 37 71 89 93 10 49 54 13 39 25 33 97 61 23 77 60 72 79 47 57 1 62 95 17 64 91 58 22 87 75 15 53 57 91 35 23 30 2 20 16 27 69 96 41 98 58 50 27 38 49 96 43 52 50 43 97 99 40 46 18 23 57 59 0 73 5 68 62 57 36 49 8 85 54 60 3 89 63 27 25 13 77 30 27 55 74 46 35 82 90 47 61 73 31 45 4 86 85 39 7 76 57 47 4 24 52 61 85 32 89 87 34 64 8 53 27 52 46 88 70 91 4 7 17 19 84 26 90 48 29 43 7 88 51 76 91 56 90 30 2 54 58 86 6 25 15 22 68 78 4 10 50 11 50 94 14 7 1 67 29 94 82 37 54 82 25 54 85 54 55 38 67 51 77 6 57 90 39 55 60 72 44 34 60 16 30 28 34 74 16 53 96 62 57 39 68 5 71 63 98 71 20 12 81 28 79 13 62 16 1 65 68 78 84 87 42 44 65 12 60 58 72 71 11 2 1 16 48 11 31 67 19 68 25 21 82 92 70 29 7 35 90 39 38 46 67 96 7 51 10 48 20 26 0 76 11 60 87 32 24 1 5 68 26 24 67 30 37 78 76 69 3 51 57 88 1 23 4 21 83 26 26 92 36 77 62 94 20 85 
36 73 6 30 25 80 10 16 25 5 2 22 83 25 10 58 29 98 81 17 20 52 77 35 97 90 42 80 90 54 70 63 28 77 96 73 45 67 20 3 6 58 61 68 14 62 4 26 47 62 16 89 24 61 76 75 15 21 21 56 98 74 87 78 45 23 42 93 31 90 72 70 81 25 94 84 53 10 1 15 93 65 32 64 63 90 25 61 10 65 95 72 30 26 56 25 50 84 77 60 32 28 24 45 16 6 6 63 20 35 79 52 97 44 41 37 44 8 4 35 7 56 44 55 50 41 71 72 93 69 19 55 52 36 30 81 9 28 70 14 74 59 91 99 72 90 83 76 22 76 15 91 54 14 97 67 76 91 31 0 75 98 61 13 64 73 46 47 61 89 85 30 84 8 39 76 84 27 16 16 62 41 24 17 12 3 85 99 29 95 14 93 47 25 92 50 27 6 73 31 29 91 8 42 26 7 86 44 95 70 7 71 51 31 24 71 63 77 50 64 57 96 76 30 38 74 15 0 22 96 99 14 3 18 2 0 22 82 9 5 52 24 78 53 50 8 63 48 21 49 8 63 83 80 57 20 12 1 81 89 59 49 76 14 58 0 87 22 72 48 0 47 47 93 41 34 68 5 42 88 17 78 39 7 45 45 83 89 69 91 29 33 76 82 52 46 52 17 72 25 
46 72 20 53 80 20 0 9 84 82 54 73 87 97 94 58 28 76 54 61 43 69 53 33 88 35 79 51 60 39 72 91 99 28 51 46 73 84 59 76 32 58 73 67 98 23 74 89 94 52 84 7 81 18 49 97 11 90 69 33 90 42 61 9 49 40 36 65 58 95 3 14 75 30 73 3 60 63 31 48 87 8 55 91 8 38 73 86 37 40 9 50 44 97 31 75 36 77 18 11 88 3 8 6 14 55 52 56 90 42 72 41 88 22 35 55 14 4 21 14 29 45 13 78 18 37 23 86 41 98 92 73 80 55 10 74 31 6 37 5 40 65 60 6 52 94 80 90 78 83 33 58 76 98 2 4 72 69 85 52 80 42 68 29 12 69 7 69 46 67 28 54 7 31 42 79 16 53 80 3 52 29 89 29 13 31 5 67 47 98 90 69 55 51 22 11 94 41 53 68 23 87 65 64 12 23 48 75 52 93 13 58 85 57 27 75 78 33 80 72 31 56 64 26 39 58 90 55 16 22 25 90 50 77 60 40 0 58 50 79 98 82 61 86 46 43 37 91 10 78 57 38 31 35 57 48 5 46 10 89 48 73 88 15 77 42 24 30 45 44 20 47 59 36 33 71 82 4 12 58 46 40 39 11 90 11 61 15 61 4 92 76 81 3 58 73 54 7 35 11 
37 14 41 61 54 81 99 92 10 88 25 76 38 4 23 82 57 73 62 86 98 6 17 18 66 47 1 81 53 93 96 28 67 56 14 33 24 49 93 29 87 50 15 87 33 60 12 25 95 66 60 47 5 61 1 21 61 76 67 53 29 12 38 2 2 30 60 98 64 65 7 25 27 59 42 0 15 74 80 23 61 19 85 77 88 93 82 89 79 19 32 63 33 12 7 84 35 80 86 93 19 65 75 22 42 66 84 30 73 15 83 87 41 79 85 24 63 58 97 27 79 28 29 10 20 61 99 50 51 13 9 49 52 76 92 77 93 52 65 65 90 18 27 14 5 78 43 84 95 48 41 36 63 50 67 8 10 76 30 65 55 45 87 56 64 83 83 46 32 3 57 92 50 19 80 43 81 44 81 63 19 27 33 7 63 89 66 11 92 56 5 68 52 95 86 12 22 62 6 21 58 82 89 41 96 26 21 38 12 26 8 28 1 3 61 28 84 4 29 58 0 94 26 55 31 8 15 66 99 65 78 33 11 26 77 97 39 84 72 5 30 38 77 39 85 92 43 31 89 38 57 98 22 81 22 72 76 58 61 86 57 57 2 68 20 20 73 43 13 31 73 34 99 23 88 31 24 40 54 29 92 7 38 33 89 17 16 64 73 63 51 80 90 46 60 88 67 14 19 84 
67 72 42 31 31 94 25 99 70 65 90 22 18 34 13 73 81 35 63 32 99 78 9 62 50 29 20 41 92 11 99 82 85 0 66 19 21 47 71 68 95 83 86 20 71 69 29 26 40 8 65 30 93 49 61 18 89 75 23 69 37 38 76 10 59 50 25 35 4 31 83 28 82 45 9 92 47 83 84 55 22 1 57 43 35 56 95 14 24 60 77 58 53 7 12 91 36 26 44 35 98 40 72 47 93 22 25 41 19 20 85 26 61 21 13 54 3 64 40 31 39 64 23 14 2 83 72 21 72 69 86 73 26 50 65 0 65 97 77 66 27 1 41 67 83 28 79 49 15 57 97 6 29 22 65 25 89 36 26 73 50 13 78 63 83 53 64 0 20 33 86 14 56 68 77 25 92 28 52 66 19 31 36 17 74 31 98 83 40 39 85 36 53 36 89 31 0 93 26 56 18 54 40 88 35 98 74 18 94 61 50 80 75 78 73 20 2 35 63 50 69 67 37 90 92 7 70 64 8 45 32 45 24 66 93 58 74 3 66 3 55 52 78 4 90 77 98 62 60 78 99 48 68 14 64 34 45 4 71 43 52 8 3 73 40 55 75 75 71 60 91 45 87 84 29 56 8 86 76 35 24 57 91 70 62 0 81 40 98 52 47 88 44 29 67 84 86 15 42 92 
90 26 4 95 65 17 11 24 59 69 39 74 49 9 4 37 48 8 58 45 72 10 98 21 11 83 36 35 90 63 86 25 20 94 55 29 80 99 48 22 46 73 22 93 30 39 98 48 55 42 82 50 57 20 12 2 75 77 1 75 85 18 62 44 36 5 65 76 87 70 32 29 73 77 90 51 85 68 47 85 68 27 28 25 90 58 35 5 77 2 27 76 18 52 36 24 42 68 11 14 59 12 3 96 72 7 56 80 7 5 74 80 46 78 64 99 87 91 32 46 89 28 7 10 30 67 16 13 9 52 84 63 53 8 98 17 3 94 83 5 39 98 76 63 82 36 36 31 9 79 0 49 18 85 41 58 60 68 63 73 57 41 86 97 51 58 89 92 7 55 0 99 11 62 75 89 35 42 40 32 28 41 60 55 65 16 15 1 38 92 5 92 87 45 0 48 75 44 24 96 89 60 18 97 72 25 27 31 68 6 2 96 5 31 53 64 82 46 72 51 46 70 34 45 19 87 50 40 26 57 77 48 42 91 32 74 18 48 72 2 16 46 43 11 11 9 40 61 41 2 74 67 12 32 65 66 37 3 83 2 84 49 72 43 58 9 19 30 54 6 41 74 85 47 98 87 20 32 20 44 87 49 95 95 27 65 93 60 39 94 5 41 23 37 93 45 17 39 86 57 
74 12 37 48 46 25 9 66 19 84 82 67 83 0 89 69 3 26 18 64 94 19 76 0 25 74 31 84 87 56 49 78 46 7 16 90 82 85 37 34 47 32 79 17 20 46 85 34 42 62 8 40 9 65 42 46 75 23 37 14 18 47 86 69 37 12 54 21 45 85 4 34 12 17 84 21 60 17 33 85 48 98 90 78 97 16 67 37 70 11 8 64 16 45 99 0 21 47 8 84 71 82 89 73 14 88 60 31 58 74 55 7 66 43 17 60 54 36 28 88 53 87 78 20 90 10 95 62 6 52 98 74 10 12 64 35 39 34 62 16 51 60 1 10 39 20 90 33 17 35 29 43 66 45 5 35 95 20 23 62 41 17 77 78 76 61 58 80 79 10 26 63 85 37 8 22 40 9 64 75 31 12 94 54 15 96 93 49 41 16 18 24 80 70 70 19 37 25 59 85 74 3 16 24 89 42 95 50 57 85 88 52 57 80 29 13 46 95 85 86 11 70 57 56 51 91 48 29 76 46 92 8 91 97 30 93 74 89 46 66 88 20 13 82 87 31 61 43 44 46 8 72 28 2 37 39 35 7 75 27 29 48 40 67 11 98 5 38 53 69 75 21 93 25 18 18 71 29 31 19 6 24 3 81 79 78 62 71 94 14 34 56 36 26 65 87 85 76 94 84 
83 87 62 73 25 24 11 42 25 14 9 90 57 42 31 35 45 27 55 65 91 51 62 52 43 55 85 73 97 7 29 25 26 24 52 35 82 98 4 99 53 12 91 19 74 9 62 69 14 56 11 1 77 98 82 11 61 29 40 43 44 5 10 3 39 24 62 28 20 62 10 72 23 96 95 33 32 91 28 28 92 46 13 23 65 3 74 24 19 91 40 81 28 37 50 39 63 74 2 13 6 13 91 55 22 51 73 12 74 25 17 64 95 41 53 38 1 47 83 37 27 37 96 0 6 51 30 62 23 14 80 1 97 49 61 82 97 99 41 11 51 24 20 77 53 88 84 0 58 66 23 79 92 83 72 39 85 16 30 46 82 8 51 34 25 72 39 55 2 17 75 84 64 81 89 49 52 73 89 37 91 33 13 9 90 76 93 34 17 66 16 75 5 98 57 45 74 83 22 38 12 71 35 93 15 88 11 61 23 0 35 58 16 78 17 32 84 96 40 62 45 79 21 14 6 53 31 97 61 59 0 22 37 90 35 10 77 21 19 64 73 87 6 8 59 69 59 11 21 97 10 20 52 28 95 62 8 56 4 4 71 86 93 21 10 49 10 81 85 11 87 51 88 35 15 47 37 64 21 1 2 81 35 26 43 56 7 3 14 17 35 14 17 9 56 58 2 81 30 20 
14 5 40 84 94 75 16 38 81 63 70 93 18 10 18 84 48 10 6 81 8 93 8 82 51 78 74 17 31 36 27 54 62 25 20 33 71 69 58 28 13 48 12 13 96 89 74 91 71 72 36 23 22 14 1 88 19 88 3 63 77 86 19 9 60 73 86 15 30 7 2 96 84 43 62 68 44 77 57 3 30 16 50 33 32 85 64 26 6 65 68 28 58 68 15 1 31 77 15 15 20 50 49 26 15 50 80 96 50 30 92 1 48 25 54 79 91 42 3 87 89 3 5 6 76 28 61 67 19 32 65 74 59 35 9 24 17 78 60 60 21 61 42 13 39 36 0 92 91 83 87 17 27 24 19 20 92 78 59 93 44 1 42 2 26 41 16 27 37 35 89 74 33 81 78 96 21 44 70 35 70 74 84 13 19 56 0 5 95 16 55 70 49 69 21 50 66 98 97 62 48 76 39 66 86 86 19 88 79 59 56 1 85 9 21 27 92 58 24 75 27 54 76 36 93 67 28 40 81 64 22 59 2 2 63 85 17 3 40 65 79 59 84 30 21 61 36 60 35 59 61 40 0 79 94 59 60 68 68 33 36 6 2 94 75 69 32 82 61 37 2 81 17 4 20 93 46 17 93 78 35 58 63 44 6 34 16 25 16 33 80 43 53 18 18 10 91 41 62 23 
72 19 38 55 15 1 26 13 75 57 21 47 21 96 81 12 13 16 76 87 83 35 68 62 45 50 54 9 5 87 33 89 14 44 21 36 20 2 43 30 64 4 41 53 34 3 51 81 78 63 11 62 29 92 53 2 34 10 29 73 84 76 52 11 63 42 60 87 3 68 95 0 71 4 36 88 55 25 77 96 44 69 8 14 67 94 98 27 66 26 85 3 58 76 5 29 64 8 21 36 45 74 62 10 7 59 43 65 59 29 22 59 69 36 89 1 21 36 87 18 56 34 97 44 64 58 78 37 43 46 96 3 91 97 73 82 29 17 68 86 71 59 90 97 5 30 47 31 73 72 64 60 87 11 59 66 20 97 88 4 14 96 46 28 78 26 39 70 80 8 69 37 25 22 39 90 20 72 24 71 45 12 52 37 94 37 61 69 40 50 51 69 99 75 61 25 42 18 58 52 24 28 81 72 95 67 94 42 82 44 81 63 50 22 84 63 73 29 95 99 78 77 20 17 14 55 52 67 77 60 98 68 94 83 48 79 74 92 71 64 30 46 38 35 41 42 44 80 5 97 60 29 37 77 75 56 60 12 39 4 53 65 15 36 48 9 82 2 59 49 48 42 40 14 58 12 99 27 64 81 33 44 37 96 54 85 21 16 17 46 74 3 49 28 53 45 14 35 54 79 
63 55 99 84 57 80 9 84 36 32 33 72 72 32 65 97 69 22 13 14 44 4 57 26 18 52 97 9 15 92 90 8 13 9 51 39 90 45 28 13 89 61 10 11 64 6 26 80 24 73 31 65 74 40 6 60 6 45 54 14 69 84 55 2 4 37 87 79 1 72 94 32 60 18 38 11 79 21 99 87 16 79 16 88 59 92 6 43 54 18 39 63 69 63 33 74 45 38 10 45 50 97 70 74 68 42 98 86 4 66 83 78 15 43 56 85 54 42 98 76 64 25 45 57 22 15 29 82 78 7 69 91 53 46 83 31 1 68 4 90 76 35 72 99 15 47 54 21 5 8 90 1 73 56 22 12 31 31 83 15 10 41 60 4 65 89 76 38 66 66 85 11 9 52 99 45 71 21 93 13 88 76 30 46 48 31 45 51 36 19 53 68 51 41 50 98 57 85 1 37 78 43 72 49 28 7 24 76 21 7 82 1 45 53 41 97 28 48 63 72 3 78 89 62 28 33 13 46 47 87 22 61 98 64 18 93 80 7 43 1 52 50 18 27 18 75 34 86 7 25 68 70 30 26 2 2 81 52 34 35 84 67 46 36 44 78 84 1 81 25 8 94 7 43 82 37 63 88 40 67 50 4 3 89 14 12 89 13 73 17 57 32 91 53 29 77 25 54 24 22 
39 19 5 80 98 65 7 87 32 46 81 53 62 65 15 28 26 54 37 47 53 18 94 72 41 63 39 13 16 4 23 83 30 36 75 93 99 8 61 34 57 86 83 8 49 28 91 35 21 95 14 96 35 83 14 55 50 29 82 50 59 33 88 49 43 18 92 81 60 34 90 76 26 91 3 88 31 13 1 63 56 46 25 90 59 36 5 40 52 74 63 92 14 7 92 4 74 1 90 0 78 14 3 58 31 44 10 23 32 21 81 45 65 44 84 92 67 81 83 28 41 79 31 78 1 91 39 25 19 90 29 66 24 88 82 77 51 2 54 29 80 27 6 23 9 96 75 87 21 90 85 52 87 77 57 55 93 7 31 83 16 97 53 39 81 28 34 79 88 7 71 98 81 2 95 36 21 55 95 47 72 82 84 1 13 94 86 37 60 11 17 13 6 31 41 52 62 73 25 36 30 53 44 15 55 58 28 73 96 18 59 21 27 2 61 66 64 62 82 81 10 79 88 12 68 60 0 17 27 60 40 78 32 68 15 67 90 76 98 15 35 28 14 42 23 56 17 62 35 34 38 58 46 16 16 2 3 62 66 52 66 78 42 46 57 56 77 33 18 78 21 12 3 36 35 25 13 88 44 13 15 20 27 86 14 53 74 17 53 25 84 59 53 92 76 69 23 0 24 20 
72 23 91 67 17 68 45 70 24 65 27 51 15 90 25 48 73 26 1 60 92 22 79 69 70 99 79 40 59 70 53 14 37 92 75 16 64 96 28 49 45 14 23 9 53 12 76 24 21 98 13 36 31 81 10 11 78 0 71 82 6 76 71 39 25 37 66 50 70 10 47 54 65 60 26 43 93 77 80 17 35 65 2 73 91 9 85 81 72 1 83 86 11 93 13 11 24 88 72 70 80 57 87 4 58 92 32 43 66 4 45 74 65 22 75 28 11 8 85 93 36 57 85 52 98 17 4 0 49 23 97 59 72 79 11 6 49 9 0 30 43 48 97 25 96 40 8 48 77 39 16 92 83 99 62 82 53 78 45 44 14 17 47 26 38 47 50 23 79 14 2 99 15 4 3 71 33 70 98 52 18 7 98 59 1 65 37 87 58 70 67 40 66 47 51 53 77 21 95 52 49 32 27 12 70 60 3 48 20 39 66 6 5 66 4 6 13 54 72 2 32 81 88 16 2 24 52 7 85 41 56 42 21 10 86 38 39 65 6 40 18 67 15 53 62 22 65 11 89 57 87 44 94 8 93 8 29 9 2 22 51 70 52 81 29 54 46 1 20 6 44 36 49 19 19 99 6 70 55 69 24 51 27 78 39 9 38 55 58 90 27 81 68 28 45 18 23 26 89 72 
14 11 67 0 73 59 83 18 69 75 49 57 78 87 63 7 61 80 64 41 12 18 85 15 15 91 58 54 24 69 25 37 47 68 35 13 21 13 64 79 10 55 65 37 89 9 60 39 73 18 43 14 5 56 81 1 55 52 52 93 64 88 71 53 90 35 76 14 63 37 12 95 3 16 65 60 12 89 73 31 99 91 74 76 46 19 17 31 69 32 6 26 79 12 93 60 35 83 55 0 88 19 40 57 62 75 66 23 87 71 15 48 0 96 51 36 55 1 94 7 7 33 74 48 1 76 73 17 55 98 60 75 29 5 5 38 31 53 36 47 82 40 47 86 8 70 90 38 45 19 71 15 93 93 7 10 51 0 62 9 48 41 92 24 63 2 9 79 36 27 83 78 45 99 23 6 51 75 77 80 77 60 22 18 52 29 85 25 5 88 9 59 91 80 17 61 89 73 64 76 88 89 19 41 35 98 0 57 74 76 31 56 93 76 82 65 52 82 51 42 36 5 52 32 47 70 20 36 77 65 61 41 33 69 50 70 72 11 27 69 66 14 36 20 65 63 1 89 29 93 13 49 65 96 63 22 67 44 13 79 54 66 24 64 6 45 15 37 24 3 83 9 50 77 81 78 52 83 4 9 46 63 10 99 63 98 93 0 32 94 78 9 98 21 54 1 79 16 90 31 
51 10 68 9 2 10 89 10 65 70 87 80 50 1 15 95 99 5 3 78 74 68 51 69 81 83 96 21 26 37 90 57 67 54 45 67 79 76 36 30 48 16 7 97 18 49 67 24 37 26 86 33 63 71 35 4 71 95 9 71 41 31 88 4 49 87 21 56 39 54 86 97 18 88 13 31 54 49 64 95 5 73 80 22 47 5 9 68 97 56 96 49 66 54 42 5 82 1 92 54 40 32 16 94 4 16 96 19 8 25 19 15 20 79 56 5 71 52 42 81 84 11 12 5 69 59 94 82 52 21 19 79 85 79 13 17 94 21 34 25 88 37 18 32 57 34 93 94 58 41 60 81 33 35 56 83 53 72 18 64 24 35 27 67 2 55 57 65 35 58 39 35 24 62 9 39 16 55 46 94 10 49 84 82 34 73 21 37 90 49 52 54 8 88 27 29 7 39 84 62 27 29 76 84 1 39 70 65 39 69 43 10 28 70 29 34 41 16 37 91 45 88 12 48 31 88 19 84 81 80 76 70 12 7 49 92 91 9 49 88 65 52 63 49 13 47 26 59 62 88 83 57 33 29 70 73 32 16 53 30 48 61 45 30 39 44 5 99 41 37 63 42 39 87 55 32 42 40 53 14 35 56 66 47 65 6 59 98 10 18 96 61 68 14 20 7 89 76 37 86 
21 22 25 37 41 38 37 36 68 43 36 66 54 3 45 72 59 43 75 98 28 86 42 7 99 94 37 45 56 49 87 68 19 74 63 5 86 96 35 45 82 43 45 34 6 52 24 4 58 64 61 2 42 84 6 83 90 19 82 72 40 72 31 13 98 12 67 92 47 74 72 62 79 85 0 32 40 36 67 65 66 43 62 33 89 66 99 55 93 70 16 96 76 85 21 54 58 75 67 68 92 57 20 42 94 88 99 88 99 95 64 73 93 28 99 26 62 1 93 26 65 4 99 90 84 73 81 92 60 87 64 13 43 71 13 17 86 46 71 29 11 72 5 76 87 2 75 92 67 74 38 56 47 14 25 6 99 98 41 81 92 22 25 93 30 16 38 93 64 76 22 55 59 67 45 93 22 83 60 78 7 58 57 78 93 6 9 42 76 39 42 56 1 61 94 48 79 49 50 95 98 59 46 94 14 62 78 82 75 40 78 49 34 48 78 5 8 4 96 55 81 13 84 25 54 60 83 2 37 70 0 57 92 62 74 53 89 42 50 25 28 86 16 46 0 26 75 49 53 41 46 36 99 19 14 35 86 25 73 92 95 72 44 22 82 53 96 70 4 7 83 14 12 1 77 56 7 61 63 35 27 85 3 60 3 86 44 88 7 81 49 71 87 20 13 18 8 90 11 87 
4 58 17 83 13 18 91 79 75 55 83 47 17 97 75 6 74 94 10 14 61 32 0 31 15 1 61 6 11 18 38 83 49 47 98 49 71 25 7 20 17 62 64 72 26 85 99 94 8 6 27 9 88 99 71 15 93 0 62 91 16 33 77 5 44 41 66 36 28 19 54 74 7 11 71 38 57 63 4 2 77 23 30 0 14 88 67 1 78 31 14 98 93 90 54 55 10 95 46 17 79 81 16 70 64 6 25 86 95 28 30 99 46 73 5 44 34 12 86 53 28 19 21 91 51 49 53 61 97 73 10 27 13 55 94 96 34 86 6 35 57 16 82 7 81 99 66 23 47 0 72 7 81 88 46 49 22 83 91 5 7 13 49 33 8 80 70 5 72 15 12 78 42 66 76 23 58 0 34 45 77 34 14 29 21 35 21 8 10 82 49 97 59 55 37 22 80 34 88 60 95 39 25 37 96 7 60 24 15 44 22 68 28 7 87 59 95 89 46 64 53 27 49 70 10 66 47 61 37 52 17 86 44 47 79 98 50 34 55 9 70 1 29 27 28 37 78 29 99 33 42 11 66 5 32 96 68 96 65 79 55 49 23 68 34 60 0 87 97 50 43 8 5 59 99 63 62 2 81 59 51 8 1 45 3 76 17 17 35 29 98 38 99 61 51 90 20 57 34 78 
5 97 84 58 16 46 59 66 10 54 85 89 4 58 35 12 83 13 28 76 90 32 32 35 38 65 23 96 97 1 7 61 95 54 65 29 25 9 13 88 42 56 63 26 45 37 64 25 26 87 59 32 12 85 26 51 61 87 24 68 19 2 65 94 6 11 55 12 98 41 36 57 60 6 84 55 20 21 62 38 9 25 58 65 33 36 36 49 64 18 20 18 94 42 18 30 75 6 41 17 14 42 80 76 53 26 71 12 20 23 61 96 94 66 76 15 70 89 97 20 4 96 91 97 45 52 74 65 26 56 26 52 44 67 63 53 25 52 67 20 6 48 96 36 21 46 35 86 34 15 41 46 16 46 74 24 28 41 27 83 99 88 49 16 45 55 99 12 78 93 19 88 7 98 95 55 57 97 67 26 74 99 12 80 97 41 4 85 99 84 39 39 86 1 5 77 22 93 56 30 57 52 89 8 23 11 18 8 31 95 46 28 83 55 20 17 97 42 8 86 0 56 97 39 84 55 11 39 67 16 69 13 77 28 33 58 92 46 3 40 56 89 56 23 31 91 78 31 99 81 45 64 91 53 28 28 18 59 52 49 39 20 67 24 42 84 95 0 33 36 38 67 48 81 13 42 26 34 38 77 48 46 93 53 60 59 90 81 37 37 85 91 62 64 1 87 29 23 62 16 
0 82 23 48 51 89 35 21 21 45 72 53 32 92 23 34 57 54 29 61 33 59 85 96 87 11 53 99 55 35 22 35 94 27 59 56 93 74 56 8 83 29 16 44 64 14 78 17 45 88 69 56 64 66 75 60 93 45 49 19 2 92 81 6 27 24 17 71 24 21 70 73 57 88 26 45 38 35 59 13 61 6 68 98 7 43 79 4 79 78 54 73 75 2 74 45 35 34 10 13 80 33 72 49 11 57 85 12 67 37 36 37 21 8 6 46 28 9 32 65 28 42 44 83 22 95 8 28 86 93 63 31 73 54 32 24 63 38 71 75 35 69 27 64 12 72 65 39 69 30 69 65 67 60 67 34 54 14 96 55 65 18 88 65 30 68 47 13 72 34 24 42 37 11 6 63 35 86 54 2 8 63 66 42 79 93 66 69 85 89 83 1 96 77 75 56 7 17 74 22 73 96 12 4 95 79 64 87 63 62 16 90 76 21 43 98 91 86 13 63 35 34 96 54 77 97 33 40 31 86 69 80 27 20 99 15 52 75 95 19 9 68 44 40 67 73 86 54 74 30 68 40 75 24 82 81 83 51 77 17 63 52 55 14 47 65 51 14 60 60 92 4 63 28 71 86 0 42 68 88 85 6 14 38 33 73 42 84 46 69 37 4 39 97 32 0 18 57 73 90 
24 64 7 21 55 5 61 15 7 16 90 39 43 85 93 76 39 97 22 52 26 10 23 2 49 64 33 78 63 77 71 8 44 48 67 4 41 43 67 99 28 53 57 82 0 1 44 92 58 80 38 66 62 66 63 68 3 45 59 21 71 48 73 98 65 26 79 60 26 90 27 94 75 66 84 78 85 45 24 99 69 68 64 8 8 83 81 17 36 99 92 39 59 17 13 53 32 91 56 26 97 93 35 72 55 80 28 78 87 78 78 89 80 77 95 45 91 90 53 88 9 88 9 7 15 34 88 49 79 85 33 65 29 37 2 52 97 32 6 0 74 71 81 89 12 65 95 44 41 10 53 79 28 58 42 2 14 92 4 67 6 97 48 80 75 47 24 71 51 78 9 18 72 37 19 67 37 83 25 1 85 39 10 2 16 56 76 77 11 96 55 34 28 41 48 70 2 39 5 24 27 89 30 68 3 10 75 17 77 67 85 37 79 69 20 24 0 38 33 72 95 58 47 92 12 40 95 57 70 10 40 40 57 82 57 11 82 48 11 60 24 10 97 95 8 75 88 61 7 6 15 98 84 79 66 28 21 99 81 77 8 92 52 64 70 86 27 70 2 32 87 53 71 13 50 31 19 47 10 68 77 6 59 37 37 81 29 38 62 83 17 34 69 38 50 94 22 89 44 67 
13 0 31 33 3 66 66 0 41 80 69 21 17 39 37 17 98 94 56 55 27 43 15 9 86 31 67 47 73 46 63 6 38 1 1 36 87 76 10 1 28 82 98 46 35 46 88 33 39 74 4 22 81 79 89 29 54 44 8 46 23 24 95 56 15 91 91 13 18 59 93 38 12 34 44 46 67 72 98 41 80 29 90 80 63 34 76 23 36 1 98 47 57 50 84 59 53 14 26 85 72 81 95 98 57 12 32 39 58 59 22 10 88 25 83 97 20 16 28 96 65 21 12 5 11 82 60 11 12 77 91 95 62 22 44 70 23 20 40 10 53 35 25 27 25 7 23 24 91 98 68 0 80 85 65 28 95 92 10 49 56 93 79 73 23 61 1 50 87 43 23 91 2 65 25 90 19 28 53 24 87 91 42 6 28 44 56 51 72 26 55 89 13 76 8 38 55 61 18 27 22 71 81 75 8 46 91 22 26 23 2 55 52 47 97 0 91 6 60 6 78 61 72 88 3 54 62 19 39 26 22 15 98 23 23 12 11 94 10 54 41 90 6 69 77 20 94 90 81 22 82 66 28 2 27 63 93 55 95 16 58 74 8 20 84 56 32 20 71 0 27 54 77 42 56 23 65 35 32 46 28 51 70 13 61 88 27 56 21 57 76 86 14 28 28 51 40 32 20 74 
25 73 72 89 26 59 87 33 90 77 72 12 76 26 5 51 24 7 2 93 0 87 46 93 4 73 87 45 98 90 98 25 87 99 50 48 15 83 66 3 19 38 66 9 42 2 89 41 90 37 21 7 52 98 94 4 95 27 98 97 59 7 36 84 51 20 6 38 31 17 72 75 92 66 28 71 58 77 4 16 14 61 14 21 74 12 63 38 92 5 70 26 19 9 47 77 63 27 53 26 50 94 83 9 87 40 89 60 93 83 84 91 81 70 96 54 30 81 60 49 32 87 39 25 32 26 73 13 93 28 30 3 36 67 74 8 65 44 53 35 1 14 52 28 3 14 53 66 83 65 66 40 87 95 26 98 33 1 25 38 12 74 64 52 64 38 8 37 38 93 0 25 70 46 81 52 52 52 20 17 31 87 49 74 86 82 19 84 2 62 46 25 68 4 47 42 0 7 11 25 49 76 33 0 21 91 79 25 96 62 63 35 33 71 43 58 20 79 13 78 79 96 20 85 42 10 36 57 99 36 12 95 55 71 43 94 95 56 25 62 52 66 11 95 66 9 64 97 39 12 72 44 91 57 12 44 79 91 19 76 1 62 47 30 21 44 18 74 51 77 57 45 38 63 30 94 70 93 64 53 60 10 55 1 59 30 45 39 93 78 7 40 68 43 56 18 20 68 10 13 
