300
28 58 60 31 93 95 12 95 56 88 71 5 59 72 21 71 93 0 4 28 30 90 34 1 35 79 42 6 16 92 91 60 64 83 50 66 39 74 48 50 63 9 71 27 81 31 7 48 65 55 26 61 33 82 47 53 80 82 59 90 45 78 14 89 93 98 22 98 65 27 40 41 4 25 72 0 46 35 25 31 64 60 56 52 39 61 82 41 8 77 53 52 3 47 9 11 84 44 14 24 41 10 40 9 8 76 36 37 78 76 4 29 37 22 2 46 9 36 47 66 62 94 87 23 81 21 25 39 53 80 69 40 45 39 52 10 61 94 70 97 49 77 42 23 57 49 27 76 22 21 77 12 83 23 52 81 17 60 37 42 9 72 19 99 19 90 45 30 45 66 11 35 44 72 70 83 28 92 54 24 68 95 50 0 79 47 90 82 72 7 84 13 82 4 89 74 71 21 12 42 97 12 27 36 61 35 44 48 86 62 52 72 58 46 12 73 73 44 56 25 33 35 86 96 88 20 72 43 42 61 16 78 83 88 48 18 48 38 11 69 64 77 90 91 41 72 8 36 88 82 25 69 71 52 80 97 25 39 76 31 28 38 96 50 95 97 37 92 40 54 22 32 72 4 10 39 1 5 48 53 38 58 21 80 58 8 9 58 78 52 39 64 83 82 58 45 59 69 16 89 
51 72 86 62 46 66 49 27 99 42 45 54 71 50 66 68 1 58 96 33 8 74 33 68 53 22 25 40 85 22 42 45 25 57 77 52 86 41 7 33 20 66 63 8 34 35 10 90 26 1 36 15 44 58 70 56 6 9 79 7 87 30 38 93 96 72 81 99 63 20 67 59 49 74 41 46 63 65 82 99 11 69 7 72 56 4 9 44 54 2 32 58 61 25 18 65 60 6 95 24 3 32 67 23 41 29 54 50 18 27 86 27 61 98 83 58 11 64 63 99 85 98 33 60 69 16 94 22 68 31 60 88 52 56 47 36 56 81 98 98 90 99 20 33 81 80 71 29 69 81 36 32 1 56 95 38 37 81 63 83 37 97 65 83 37 84 26 80 18 95 17 57 79 33 22 78 43 68 9 65 54 93 94 74 79 77 57 98 23 58 93 74 59 21 30 19 84 67 90 8 68 64 47 25 14 59 0 94 49 48 26 22 60 23 30 20 24 80 67 44 99 11 10 94 26 61 9 4 50 9 35 56 54 85 42 91 15 48 36 35 27 63 45 46 40 0 42 28 96 93 62 55 77 41 46 15 28 21 1 47 80 48 47 76 28 1 94 56 16 89 50 36 56 13 45 66 58 57 79 64 41 4 70 51 97 47 41 99 46 41 2 41 99 99 91 8 44 60 84 68 
39 55 23 16 70 71 89 97 25 6 36 34 90 30 91 48 24 94 58 24 56 94 10 16 12 0 44 81 15 73 65 24 50 9 32 40 15 14 56 45 68 64 0 28 93 29 30 1 80 21 49 56 11 16 64 17 89 36 58 47 59 92 31 69 25 8 94 86 91 34 41 31 54 5 53 4 7 15 30 44 98 31 15 62 45 91 94 78 59 44 6 93 92 11 87 71 76 64 75 30 38 39 85 1 62 22 93 51 58 51 40 76 7 77 2 80 93 32 6 50 58 39 13 60 35 92 68 90 86 94 14 79 31 31 58 25 8 12 88 28 49 67 36 45 60 92 33 87 63 20 2 50 89 2 6 11 32 92 35 28 69 82 23 51 59 24 91 53 20 27 21 11 54 0 39 8 82 68 0 29 87 86 3 53 47 22 59 3 46 45 70 8 67 52 95 45 15 25 95 18 64 72 83 19 52 7 81 0 82 35 54 28 71 54 99 50 59 62 31 63 40 97 18 94 77 67 58 36 26 8 28 44 87 99 98 87 26 82 0 36 38 85 65 89 10 63 8 58 81 28 36 45 83 92 47 79 44 28 86 86 85 31 84 9 77 71 80 9 93 6 50 69 82 31 67 33 93 81 16 36 22 70 46 0 57 50 44 9 90 96 44 67 49 71 67 62 42 89 47 37 
16 41 78 73 79 79 41 62 2 80 49 5 41 96 22 26 80 96 92 55 18 44 96 91 68 48 98 48 84 74 34 67 39 7 31 19 3 75 82 8 2 84 49 89 9 37 9 14 8 7 33 33 82 8 60 31 54 65 70 39 57 46 70 97 31 27 40 68 5 48 40 25 71 74 15 79 76 74 31 25 75 23 94 52 14 67 90 62 81 50 81 93 18 21 15 87 16 67 0 92 46 10 1 31 21 39 8 51 53 15 1 17 53 52 26 72 29 2 19 44 12 88 43 20 57 70 56 67 12 83 17 69 61 70 65 39 23 27 3 94 29 92 36 67 66 3 12 92 25 24 9 48 67 85 31 32 27 26 16 71 1 23 23 65 31 1 99 70 85 72 75 84 28 39 11 93 36 17 32 4 46 80 5 72 51 1 64 57 0 89 60 20 72 25 5 80 54 18 24 26 31 43 13 2 5 43 33 70 27 33 76 62 74 16 76 56 4 47 68 86 29 18 36 0 89 92 90 82 13 90 41 92 32 59 75 22 4 70 80 45 10 27 90 70 98 25 7 31 2 95 53 27 32 91 55 41 54 1 36 4 4 22 37 73 55 39 51 95 45 75 13 38 93 8 28 72 87 73 54 46 54 85 80 91 73 55 52 45 77 29 83 27 16 31 48 4 92 14 66 71 
59 82 27 61 64 19 14 29 13 81 82 52 42 70 75 79 51 23 44 79 34 1 69 83 66 68 46 21 40 25 22 86 16 26 96 2 76 56 25 12 99 40 65 50 30 97 44 63 71 84 62 90 77 97 44 17 29 16 72 38 98 49 48 52 13 11 40 76 98 42 70 51 89 63 80 9 41 78 47 95 79 23 89 49 48 85 79 76 74 77 25 32 36 14 27 98 69 11 83 61 99 9 73 48 26 46 66 47 16 25 43 93 41 34 69 69 47 49 23 7 77 37 95 78 9 27 28 29 97 35 53 4 45 9 31 28 0 22 37 44 88 83 57 62 37 29 99 34 44 12 87 8 9 38 0 98 44 76 15 95 46 4 92 28 21 97 16 21 22 59 22 51 74 67 32 58 67 67 97 69 90 71 14 7 58 7 37 37 70 95 15 74 0 21 18 33 66 51 88 16 53 69 40 56 33 30 95 34 36 95 87 72 1 96 28 55 3 82 45 35 16 90 99 49 8 1 13 0 47 45 51 42 22 91 65 28 1 26 4 40 69 94 80 67 51 88 79 46 45 80 34 42 49 65 64 21 94 85 95 48 66 12 40 87 24 7 15 96 52 33 81 70 95 51 20 64 68 25 27 87 74 30 36 38 59 12 0 82 90 10 82 63 2 44 21 58 97 59 45 17 
86 89 59 56 16 80 76 67 3 73 16 97 3 11 22 36 25 99 73 72 79 7 12 58 44 72 54 41 55 77 48 24 31 88 92 37 50 90 76 63 18 21 75 19 25 80 69 53 56 5 57 36 84 48 3 29 50 74 37 72 98 91 34 48 57 11 22 56 63 55 43 77 63 35 56 73 29 8 21 45 9 92 33 89 60 68 43 97 28 90 20 46 36 90 4 11 17 28 63 52 69 75 79 45 59 0 9 46 88 26 41 28 36 27 95 35 1 76 75 10 71 40 66 89 79 44 58 31 84 68 76 87 60 6 77 11 96 46 2 98 55 92 52 74 54 41 23 73 52 26 59 29 15 61 22 63 54 19 26 87 5 82 76 27 41 59 90 88 62 19 37 91 25 88 31 18 89 50 62 27 70 79 0 80 92 1 41 45 45 50 28 98 16 36 25 42 88 4 98 31 71 58 61 80 71 15 48 29 37 56 81 99 37 68 86 34 64 4 19 11 73 24 8 70 58 42 53 34 47 93 26 26 75 3 63 67 21 66 45 13 19 5 65 22 99 41 82 71 78 37 69 21 70 66 81 51 33 60 83 63 24 10 18 97 35 64 38 7 84 3 80 68 34 90 19 77 63 33 13 34 53 67 85 30 7 62 83 48 15 33 48 19 49 74 12 59 52 92 35 48 
12 74 46 57 11 49 65 18 70 26 5 76 12 92 82 74 0 24 74 1 17 83 31 49 34 46 91 34 32 63 87 63 79 83 57 75 47 79 94 10 22 33 75 33 18 41 46 70 42 37 10 99 85 73 21 27 65 61 60 64 79 21 98 89 32 33 63 95 3 5 56 79 44 58 31 98 61 1 58 70 22 49 85 96 16 63 44 9 12 43 34 45 60 63 9 56 56 95 34 68 30 89 19 15 53 95 29 49 62 33 58 51 87 26 74 87 59 56 49 37 39 76 26 83 27 74 9 56 96 79 39 52 17 31 11 70 51 15 14 82 4 46 85 94 46 68 74 13 42 69 68 95 51 96 29 97 18 53 9 93 96 46 76 51 85 6 57 79 93 63 43 39 74 56 3 53 12 27 11 24 39 87 62 75 0 42 76 65 99 63 63 39 59 45 74 86 38 10 35 4 20 67 32 96 82 85 57 40 51 58 6 91 60 9 3 27 24 32 18 47 17 26 72 44 8 15 43 42 80 25 86 93 84 57 52 72 76 32 63 22 48 62 66 9 17 60 95 31 78 47 24 88 29 27 55 1 92 41 95 65 39 15 18 26 79 32 38 43 55 50 48 22 76 64 56 72 5 26 92 17 93 46 93 21 70 28 94 94 11 13 17 78 35 36 43 28 33 1 18 6 
67 84 80 75 41 76 39 30 19 38 54 46 61 77 19 98 46 87 60 81 4 68 83 58 34 32 76 46 21 30 92 55 5 62 68 64 24 53 1 72 77 9 62 36 86 64 74 76 63 94 63 67 0 3 66 85 97 44 75 3 59 61 20 54 83 60 20 77 51 79 44 3 5 17 76 64 26 11 43 26 4 0 54 29 47 14 60 75 59 47 6 43 18 96 67 7 74 78 93 4 19 0 58 23 71 68 5 35 54 77 46 60 35 98 1 31 85 66 92 5 9 18 38 59 77 4 48 11 20 99 93 89 2 15 72 58 42 46 4 93 61 99 78 52 35 70 42 30 85 28 10 35 5 38 68 57 89 86 77 16 84 32 97 21 68 2 52 32 46 49 79 34 83 97 74 31 13 0 99 9 71 33 48 70 94 72 88 62 32 8 7 53 82 68 76 89 91 25 92 89 44 59 9 30 82 1 13 99 36 46 38 31 22 74 15 74 31 34 79 51 5 92 90 66 83 90 27 20 42 20 9 31 44 80 93 39 50 16 74 70 37 86 79 29 2 24 21 85 40 62 95 98 47 55 68 9 61 91 38 41 21 41 37 5 23 37 34 85 39 18 48 11 53 16 88 44 82 16 10 42 36 64 83 27 87 22 50 36 42 42 3 28 84 15 11 70 72 71 17 85 
42 63 41 45 67 95 74 69 65 60 82 74 53 0 76 53 76 92 94 73 14 75 86 66 63 83 19 20 81 45 27 23 78 38 37 69 42 91 62 90 9 73 73 53 57 51 60 35 57 0 43 30 77 99 70 21 59 56 66 89 47 66 72 63 89 14 21 56 54 28 91 32 22 11 5 48 52 87 3 4 58 39 12 24 88 73 39 86 95 62 82 44 59 0 40 60 78 64 68 51 48 81 68 39 5 37 63 24 19 41 3 6 93 80 7 34 47 58 9 56 51 71 87 78 33 52 49 79 36 78 34 40 12 57 83 23 24 26 31 34 90 27 13 93 44 54 64 62 97 72 66 7 76 33 50 26 16 65 43 71 53 67 91 94 24 47 32 48 89 56 17 4 18 29 78 92 4 56 75 57 6 86 55 27 77 69 72 77 57 30 49 97 43 15 47 43 70 26 66 37 76 25 83 90 26 70 97 47 46 34 34 52 59 23 80 68 64 14 72 64 16 41 80 95 53 24 84 72 8 55 57 44 13 31 39 34 96 38 48 28 28 35 96 70 95 75 94 14 80 15 72 2 8 40 60 70 44 59 46 91 49 4 10 94 0 69 56 37 77 70 15 12 48 32 20 16 41 92 71 13 26 8 39 68 59 16 84 32 35 99 39 27 68 47 2 77 18 86 75 89 
27 90 16 82 57 59 26 25 54 69 10 41 51 57 52 52 19 6 73 35 46 24 67 35 65 92 66 81 80 96 46 34 93 16 94 10 90 81 70 53 28 11 3 50 31 93 78 81 66 82 13 97 89 92 98 45 24 24 70 36 54 8 38 21 31 8 99 26 86 75 74 15 6 39 98 16 46 38 99 29 37 44 8 98 30 38 1 41 77 21 32 38 81 56 40 6 71 58 24 55 31 40 58 24 20 70 67 29 42 87 76 83 23 81 2 34 77 90 16 27 92 60 49 63 62 44 28 52 34 69 69 71 78 30 9 57 39 13 71 20 48 7 90 66 16 41 82 0 12 10 69 45 62 7 20 99 61 30 77 65 40 73 52 50 84 12 35 62 1 31 92 26 16 82 24 94 38 82 89 43 78 17 46 74 22 47 75 78 11 19 7 50 47 65 86 47 28 56 57 99 61 94 46 79 79 45 70 8 99 31 8 24 80 32 58 43 30 68 5 8 21 39 33 6 1 49 80 50 94 47 21 55 3 56 85 40 25 0 92 82 28 12 61 53 71 44 34 47 30 56 99 37 10 45 39 14 56 87 48 72 20 25 25 36 32 38 2 10 51 68 72 79 43 66 24 74 86 88 44 42 34 90 97 76 27 12 18 36 33 61 49 73 56 96 9 39 63 77 31 73 
67 39 32 69 19 12 2 10 12 8 34 35 96 3 56 24 32 47 43 94 6 37 48 5 17 18 99 56 10 50 30 92 95 45 59 24 76 52 1 93 46 71 35 67 10 45 89 26 23 86 65 7 18 82 81 80 9 85 91 15 98 31 55 8 6 31 67 3 2 66 41 34 46 28 99 9 76 23 20 36 20 44 44 65 98 30 51 95 61 60 5 5 2 18 8 52 99 79 12 2 21 30 61 61 3 53 4 12 4 14 55 95 13 93 33 8 66 85 71 58 37 17 96 57 77 9 25 98 84 90 77 67 96 13 46 80 31 26 54 64 79 82 29 83 53 96 62 96 35 72 24 44 68 40 33 58 92 89 78 52 52 83 51 40 25 20 97 70 25 44 17 87 54 37 94 27 24 19 69 79 32 54 80 94 14 49 68 45 6 84 67 1 68 63 23 44 8 87 37 36 68 69 10 1 23 0 39 46 87 48 92 72 66 38 53 17 14 72 59 61 52 99 37 48 88 16 64 56 27 78 97 89 40 46 6 87 40 3 91 5 48 85 39 28 70 2 54 13 64 96 5 0 75 49 36 78 74 83 76 38 28 52 25 11 69 44 97 75 48 55 31 73 94 8 4 85 90 59 21 30 13 90 60 72 75 48 82 81 25 44 54 42 76 55 6 13 33 11 90 98 
91 24 0 2 40 54 82 58 82 79 4 97 88 1 80 2 80 34 72 87 49 72 40 61 48 28 91 15 22 63 95 22 53 62 97 91 32 53 95 70 12 25 80 6 22 48 13 76 7 75 30 66 71 75 88 22 32 24 54 62 8 88 83 61 25 69 71 6 28 81 22 74 78 81 83 65 77 74 16 74 96 12 56 55 65 61 46 6 55 55 31 47 24 57 60 71 70 38 15 15 33 44 77 50 95 31 20 90 20 86 38 72 81 81 50 91 56 27 52 90 67 46 11 63 19 36 63 65 40 96 50 78 86 83 9 70 34 75 55 33 41 88 42 44 42 69 37 90 48 2 37 77 9 60 95 76 29 44 0 89 65 86 96 13 59 50 4 83 25 50 17 20 48 77 8 96 26 3 56 83 22 61 79 38 76 19 66 79 35 73 38 85 76 56 71 95 79 78 64 69 56 77 13 15 97 95 58 85 22 36 25 44 42 14 99 73 70 7 35 48 26 4 65 14 49 44 14 6 14 91 37 70 65 58 32 83 78 80 92 85 8 65 79 9 76 30 29 67 24 47 48 33 9 92 16 46 93 13 46 86 96 20 73 55 41 21 54 4 55 19 2 97 72 41 86 62 84 74 8 72 90 81 10 82 16 56 3 62 64 71 38 87 43 23 99 30 32 61 35 81 
39 32 33 50 32 27 3 6 30 26 68 95 90 30 91 86 93 21 42 41 91 11 13 53 79 84 14 47 54 26 83 69 43 73 36 11 78 50 77 44 21 45 0 50 7 98 5 85 9 96 66 28 80 17 47 72 62 57 35 13 72 87 19 84 34 82 95 74 80 47 94 72 81 34 69 16 53 72 99 17 52 46 74 55 24 30 19 61 93 23 29 28 10 93 9 48 52 69 62 83 74 68 69 6 99 59 14 13 82 56 80 77 70 76 19 42 30 56 14 84 72 12 26 48 30 48 72 50 11 67 76 22 95 44 7 77 65 43 2 72 21 2 80 56 7 24 60 19 69 30 96 46 27 99 7 57 26 81 93 30 75 51 84 59 25 86 8 85 16 41 13 97 73 31 87 93 10 33 4 30 76 46 88 45 26 49 99 20 46 84 11 47 52 75 73 54 86 95 13 9 35 31 68 81 58 12 62 17 39 88 25 74 7 68 89 51 69 28 27 39 58 55 78 4 27 25 67 75 46 56 78 25 59 27 58 83 67 29 72 17 46 2 9 43 7 77 84 38 17 53 13 74 33 48 42 4 47 40 99 10 36 15 94 48 31 2 44 89 26 46 84 44 87 95 79 35 33 92 29 96 81 8 39 6 82 80 74 70 97 91 61 58 88 96 22 93 68 58 50 80 
26 62 0 9 55 57 6 77 29 23 55 59 8 79 49 12 61 78 79 61 18 74 20 90 52 31 80 69 42 69 7 9 94 88 9 67 17 18 41 83 58 99 41 95 80 22 43 26 37 65 2 60 26 10 55 65 68 21 49 57 73 18 52 54 39 96 94 46 28 67 2 36 45 89 47 92 58 5 4 63 67 64 44 41 78 99 65 24 69 79 59 45 77 47 19 94 27 95 23 56 35 83 57 75 28 42 4 63 25 81 68 48 50 57 5 1 79 90 44 96 17 82 24 80 17 9 14 60 8 72 39 73 45 10 58 37 35 71 97 30 97 91 57 66 62 27 50 44 46 16 19 3 87 42 48 61 1 32 19 78 22 14 77 40 46 46 77 89 82 51 73 68 64 68 88 75 93 77 6 49 92 78 21 77 51 48 69 25 63 16 45 86 63 60 30 81 14 88 24 95 51 14 15 3 84 34 74 9 15 82 66 73 81 66 40 65 21 76 68 51 0 41 57 17 74 63 19 60 27 49 55 44 84 90 62 55 92 86 4 54 83 8 72 77 81 85 29 63 61 58 54 47 10 37 76 89 69 48 94 78 61 79 80 92 30 82 26 69 1 74 70 43 84 29 11 85 12 37 26 80 17 43 59 26 62 6 17 93 74 49 7 27 52 45 18 55 32 38 32 9 
10 5 49 96 36 43 51 5 33 62 27 8 9 5 23 90 83 10 19 93 27 91 20 55 8 72 52 68 61 35 63 51 79 35 41 34 88 0 66 78 35 91 76 41 92 70 56 42 69 19 35 96 6 4 11 4 23 14 49 53 37 63 29 75 41 41 21 86 72 13 28 79 69 94 3 17 91 58 0 55 22 5 75 53 99 97 68 23 25 32 25 39 26 70 97 53 23 56 73 83 80 67 47 73 6 57 57 48 53 2 28 21 7 37 53 6 47 1 43 21 9 23 74 87 96 74 42 55 94 79 55 94 36 86 46 33 28 57 62 20 63 76 55 44 28 21 98 9 18 85 41 64 20 97 43 2 66 22 58 2 83 9 28 71 38 49 15 91 83 53 23 36 9 64 53 51 5 34 16 88 92 90 42 47 50 34 8 64 87 32 16 51 92 76 77 44 61 66 15 99 64 87 33 76 33 10 92 83 38 72 37 80 73 58 25 89 66 43 63 92 8 20 99 92 84 67 53 79 46 31 83 76 67 6 31 96 27 50 67 38 81 94 41 76 98 0 84 16 48 72 82 17 7 17 53 10 12 16 26 46 92 52 29 70 39 85 52 85 25 8 90 72 32 73 70 46 13 61 8 94 44 19 62 21 30 93 86 61 50 91 22 52 86 90 98 8 19 13 44 51 
62 67 98 57 75 49 68 87 73 26 45 85 27 48 72 39 73 76 27 68 36 58 29 67 76 30 84 2 51 46 37 25 51 48 82 40 88 95 52 51 42 30 38 86 38 81 30 55 37 69 1 88 97 78 22 46 96 73 59 28 82 32 65 14 99 30 70 13 79 31 57 43 5 75 71 86 78 45 16 31 81 24 30 36 24 15 44 81 57 67 83 9 61 57 87 15 15 43 87 47 18 48 77 14 53 75 60 9 58 46 17 85 1 34 24 66 29 80 19 39 23 20 96 50 90 63 28 45 84 22 79 65 44 79 35 3 3 40 88 3 68 11 36 68 94 81 67 24 1 20 39 69 25 18 58 70 17 95 29 83 79 63 79 81 93 29 63 80 9 15 84 52 74 46 21 74 38 29 36 23 54 29 45 24 97 62 52 33 26 54 59 30 2 16 34 60 52 26 78 64 23 54 69 36 9 49 65 18 26 95 90 74 65 86 60 94 71 48 14 83 69 23 46 96 73 85 23 61 19 39 4 79 50 53 63 65 38 4 6 86 53 53 15 65 48 26 22 51 97 30 38 54 83 72 18 45 13 42 99 54 49 8 31 2 71 60 35 75 1 42 42 20 16 19 4 69 56 19 29 94 4 66 8 38 42 62 4 66 78 18 60 79 7 45 9 78 25 23 56 38 
94 93 60 52 10 17 39 23 2 50 2 10 45 28 0 73 69 26 66 25 62 87 88 79 96 56 83 48 50 96 65 92 49 17 21 16 86 16 33 92 32 12 58 6 41 93 75 71 98 59 80 94 83 76 61 21 38 71 72 23 38 80 80 96 25 56 5 4 12 53 99 55 19 27 30 2 52 64 50 14 83 71 77 26 30 1 87 88 41 33 40 71 75 53 65 59 24 84 19 54 80 76 90 92 62 19 32 73 32 93 74 10 87 39 11 76 64 44 75 13 25 80 13 14 72 61 2 39 30 45 16 34 80 5 10 38 66 59 87 96 93 95 77 79 14 59 47 18 68 44 76 4 99 59 59 59 89 92 37 17 5 64 99 90 81 94 29 51 64 52 15 56 67 79 33 56 26 84 75 71 45 30 50 7 97 84 87 94 42 9 35 76 71 15 35 55 94 1 57 44 9 40 49 38 27 79 17 32 78 94 91 77 20 1 6 88 13 65 70 6 12 77 57 94 18 72 8 5 19 24 69 46 66 43 78 44 87 14 46 98 23 67 94 36 67 45 77 56 51 16 61 55 64 25 67 63 66 46 8 26 13 7 8 50 56 36 83 21 74 37 50 89 72 41 86 95 86 22 49 25 81 50 15 80 22 53 29 78 32 35 72 0 67 66 40 19 93 65 81 92 
9 41 13 6 38 85 29 59 27 95 64 23 1 31 95 62 98 48 93 64 61 61 36 65 48 16 74 76 61 28 46 88 20 48 67 18 97 88 95 34 49 27 20 0 18 83 39 73 6 84 98 38 21 75 39 96 34 35 78 14 0 93 60 54 99 24 79 36 98 40 55 67 88 17 59 21 14 21 2 59 96 47 14 83 57 28 82 55 55 82 33 20 86 16 72 17 56 39 14 58 35 39 39 26 47 74 27 81 19 61 46 93 68 20 50 96 80 48 79 7 74 11 82 95 53 88 5 12 9 54 62 60 17 68 98 79 38 7 96 30 35 18 96 69 31 42 34 1 10 79 40 57 24 27 96 58 68 11 23 40 74 22 0 66 77 82 32 6 27 93 84 68 61 20 20 40 63 11 91 39 19 10 93 83 54 31 3 4 54 18 98 55 49 90 75 39 91 89 98 20 48 8 62 94 64 4 79 98 83 36 94 46 53 63 84 91 36 32 95 30 15 80 23 8 48 62 95 23 8 21 1 97 66 50 39 9 66 76 26 10 4 19 89 95 12 0 27 42 66 29 45 41 49 0 36 19 43 52 18 47 82 87 61 97 86 31 24 98 95 80 15 32 36 32 50 91 32 20 98 97 17 55 66 25 46 25 18 17 57 56 87 12 4 25 9 25 0 31 36 46 
4 25 10 50 36 88 50 81 2 84 48 39 32 78 60 74 83 56 80 41 43 81 80 73 26 76 59 96 33 99 18 25 23 28 97 65 34 48 47 31 91 54 76 73 27 3 55 68 0 15 8 0 23 26 57 58 97 25 55 52 74 78 35 44 96 28 47 91 90 40 98 24 37 84 92 67 43 70 22 32 52 54 81 69 68 37 83 69 65 95 93 63 26 66 62 62 5 41 86 90 37 41 58 56 25 25 34 97 23 44 27 61 98 70 99 86 98 81 90 58 65 21 40 11 92 36 21 59 96 24 13 57 46 87 43 93 47 47 72 96 18 55 39 1 38 46 13 54 72 11 23 91 66 7 55 33 14 29 57 81 43 61 7 26 98 98 82 12 60 97 96 68 39 50 94 20 99 69 78 26 13 21 63 35 56 18 78 36 26 56 16 29 26 50 8 93 60 50 39 39 4 29 88 62 38 18 30 47 38 91 66 73 63 97 60 16 87 55 13 88 21 51 5 64 18 40 73 3 96 77 41 53 29 35 77 92 96 58 50 1 55 11 83 80 96 19 50 14 43 43 58 19 10 5 94 45 57 33 10 30 74 45 98 78 32 63 37 56 19 46 61 95 53 12 18 10 51 48 78 2 26 68 2 28 9 9 86 13 23 44 73 62 67 11 20 80 2 45 42 73 
85 66 52 38 57 1 14 8 67 58 86 17 78 54 26 28 49 14 73 7 41 42 57 45 5 33 50 91 39 1 38 13 71 16 27 8 48 5 58 31 88 15 74 56 22 35 19 95 44 92 84 42 33 10 65 51 3 25 76 32 20 49 3 6 88 48 25 78 44 20 72 43 27 86 0 31 27 81 21 74 50 70 84 36 21 32 78 63 7 70 71 17 23 31 1 56 38 20 15 58 24 62 1 31 21 58 7 25 86 24 12 67 67 87 81 83 39 40 25 83 93 84 47 66 77 51 80 34 74 84 36 10 26 41 36 78 93 60 0 56 28 56 41 65 56 28 26 64 75 27 67 30 78 95 78 98 12 17 16 14 25 26 40 6 88 79 59 39 40 97 61 82 90 29 72 18 22 81 88 5 35 79 16 30 37 66 46 2 61 99 42 17 93 40 47 94 58 83 35 16 11 41 53 59 10 67 75 91 59 76 13 24 70 91 95 95 8 57 45 89 79 69 38 18 94 42 66 99 32 56 36 27 59 70 62 17 63 72 56 28 46 89 49 46 50 19 35 95 95 45 10 15 6 73 43 14 42 94 23 89 14 96 43 23 28 69 25 45 19 63 76 62 13 9 0 0 7 68 35 51 34 35 65 99 85 73 54 18 20 34 13 61 54 97 42 9 48 24 52 81 
13 54 20 66 75 54 52 62 19 30 38 79 74 65 6 98 70 45 52 0 39 63 38 21 96 1 60 40 21 2 34 11 86 56 10 25 22 93 15 92 15 60 26 86 58 89 23 94 87 86 39 46 21 1 46 3 55 69 25 38 19 2 3 64 25 67 41 82 25 5 24 29 75 50 20 83 76 34 8 97 18 99 91 64 79 76 49 6 88 22 82 93 7 10 57 48 77 76 51 22 99 57 4 11 56 7 94 40 5 94 12 36 65 71 47 8 9 86 81 57 38 25 61 90 50 74 13 3 80 75 9 61 93 38 0 8 22 86 60 3 35 62 58 91 42 35 17 59 99 42 11 21 19 76 17 95 39 38 25 7 39 41 20 53 80 40 89 97 32 14 0 93 35 33 65 78 95 85 62 53 6 49 70 7 72 61 51 63 43 1 69 50 42 14 62 4 58 22 54 77 17 58 71 93 48 76 24 60 19 49 73 10 27 5 52 91 14 2 44 47 12 76 92 40 70 90 82 74 21 38 96 32 81 56 2 11 69 23 83 8 15 34 90 62 93 44 54 50 18 81 91 97 36 45 57 6 90 39 19 98 58 21 0 13 0 7 86 98 97 55 93 61 13 25 20 40 48 81 85 96 66 63 9 67 20 93 17 98 9 76 71 52 27 76 0 94 44 58 75 2 
38 58 66 60 52 44 34 39 60 8 54 5 36 67 4 30 42 94 69 84 40 93 17 77 69 62 72 11 79 21 78 66 55 32 69 76 83 34 45 47 84 53 75 40 1 32 0 27 16 53 75 26 85 1 11 3 15 1 23 11 61 97 93 72 95 19 7 19 71 98 56 54 98 18 76 40 4 27 70 87 65 68 39 7 52 38 29 40 16 94 6 51 18 65 29 34 18 3 46 74 49 95 22 1 5 77 86 11 34 53 84 72 33 1 0 79 21 26 51 32 9 39 50 27 52 33 39 34 87 50 92 42 27 60 15 32 83 91 98 33 96 8 14 27 95 49 20 5 98 10 78 59 26 78 75 33 33 71 26 24 59 11 1 73 25 23 64 13 82 54 89 55 37 13 88 44 25 0 65 89 53 84 83 11 94 85 0 41 27 82 78 90 46 69 14 74 6 58 42 90 13 35 6 66 75 63 72 65 89 19 49 56 15 14 17 58 93 27 48 92 4 58 40 76 23 80 58 56 29 15 91 75 44 27 60 85 59 77 38 61 96 52 42 75 89 51 19 29 56 26 57 41 87 91 88 82 32 98 66 54 44 60 45 29 65 14 4 1 5 54 21 28 32 16 39 94 92 44 39 32 95 9 74 53 61 4 56 50 56 23 67 3 23 63 40 11 7 75 38 73 
69 87 65 78 73 26 41 88 45 50 72 11 31 58 51 82 5 60 35 62 54 88 57 48 54 72 66 9 92 10 30 60 77 12 35 62 64 19 93 56 1 86 12 15 22 87 31 74 14 14 61 59 47 12 51 37 49 80 73 96 67 19 78 22 5 23 83 10 16 18 41 41 87 26 81 48 82 37 65 0 46 26 35 57 64 61 12 19 8 92 5 13 80 83 74 22 68 10 48 63 20 70 18 94 39 64 91 45 92 54 90 55 79 20 89 66 0 3 12 31 4 24 93 98 16 25 76 14 30 79 98 32 33 32 6 83 91 97 68 36 25 73 56 26 89 43 9 76 34 89 53 75 50 75 61 50 95 70 0 75 50 36 92 52 79 72 29 0 93 89 2 69 85 9 73 17 42 28 23 66 45 84 95 5 57 28 21 52 38 90 38 54 73 18 81 64 50 77 10 98 93 80 91 92 30 23 86 35 19 46 10 51 38 79 15 32 35 54 55 56 15 5 48 31 34 85 32 86 57 49 72 64 35 59 81 50 83 49 78 53 31 21 37 79 61 57 87 94 32 85 20 68 35 34 44 65 59 54 71 48 95 58 59 66 1 95 75 49 76 25 86 38 50 27 99 83 76 5 42 92 24 39 74 18 93 1 33 53 57 19 68 62 23 35 5 0 76 74 63 99 
65 71 40 51 25 97 45 5 95 46 36 40 97 30 62 43 82 33 2 87 47 39 71 52 74 23 11 93 57 27 48 73 72 93 72 71 17 52 36 61 92 95 84 76 15 53 93 77 37 63 35 99 64 41 76 38 99 76 12 1 67 97 86 13 1 46 88 24 30 97 44 71 79 12 93 42 70 87 92 84 54 35 0 31 4 59 84 19 18 87 55 13 26 70 7 75 53 50 35 54 62 55 73 42 57 43 71 37 30 45 8 49 2 91 75 94 88 31 2 30 13 28 41 55 89 43 74 34 6 49 28 9 41 95 52 79 77 9 48 21 75 15 77 40 97 97 34 41 0 42 93 64 36 52 8 33 70 85 60 35 57 73 58 47 29 63 47 41 71 12 83 63 35 77 74 37 8 67 37 2 63 15 95 45 70 15 91 83 87 72 50 15 54 95 58 8 66 40 45 29 65 92 1 2 62 11 19 10 47 64 36 34 36 27 12 90 2 70 52 52 93 21 75 39 92 73 26 51 84 64 15 75 66 13 1 75 15 20 26 88 53 14 31 34 76 30 10 45 85 58 45 70 32 50 25 44 53 40 29 2 68 88 47 6 49 83 70 26 55 68 22 21 67 45 91 73 35 1 68 97 91 74 87 93 89 49 73 5 35 63 93 56 33 51 69 59 84 42 65 6 
9 98 48 5 46 6 63 99 84 4 89 89 29 36 60 38 1 23 94 19 37 91 91 0 24 46 43 87 99 50 6 61 97 9 98 29 63 1 60 65 42 29 12 63 61 58 9 87 11 2 81 54 31 40 15 45 32 15 56 56 46 83 22 15 89 36 81 18 5 81 91 33 53 15 19 4 31 82 7 50 46 56 56 38 8 92 14 9 76 10 32 3 1 23 26 8 43 68 40 49 23 20 92 5 61 37 32 51 67 32 31 70 93 2 90 45 33 8 35 36 11 14 30 70 89 46 48 54 7 7 22 43 96 65 90 96 96 9 89 33 33 37 6 46 4 42 5 87 24 72 67 17 35 96 85 3 7 79 46 48 8 23 44 59 70 5 44 38 47 14 2 87 14 71 77 44 16 14 84 94 8 77 21 70 67 43 35 15 75 25 21 14 7 1 76 72 20 53 61 64 56 13 96 52 27 65 80 98 82 86 89 45 79 68 10 30 44 63 58 53 60 33 30 51 7 34 90 75 43 12 17 46 31 17 92 14 79 10 51 46 38 4 75 60 51 26 96 37 14 75 87 9 98 77 83 6 36 65 34 39 26 0 80 11 43 95 43 33 79 27 35 2 87 90 43 62 81 69 96 3 98 11 67 28 41 4 13 73 21 37 46 77 6 60 75 30 25 82 57 4 
49 11 50 56 29 46 98 27 96 58 73 54 55 74 1 88 0 49 29 79 58 96 10 85 79 86 43 95 73 0 14 43 74 65 13 8 42 57 92 75 89 17 91 71 42 57 85 65 31 37 46 94 6 29 99 67 46 89 60 26 72 30 47 10 38 2 16 63 86 17 32 25 24 17 77 59 19 42 78 64 90 88 87 63 91 5 70 18 19 23 16 68 39 67 6 41 18 96 54 76 53 27 71 59 5 17 29 17 9 18 21 22 22 21 61 15 8 48 7 30 17 13 73 88 63 29 16 33 19 94 34 87 13 67 71 59 10 85 62 54 91 8 80 94 26 50 39 24 90 26 78 26 62 83 59 56 97 70 27 9 50 80 19 99 74 80 4 5 91 2 29 22 98 78 66 16 50 28 71 56 77 52 69 1 54 2 10 83 88 62 80 47 82 18 28 27 5 87 45 98 13 61 44 19 38 57 42 99 19 35 94 90 23 17 75 39 70 8 64 72 78 63 67 57 3 4 57 98 65 38 11 23 5 82 31 29 11 94 83 18 56 34 90 62 45 30 77 7 77 25 6 52 13 29 42 96 46 3 38 5 66 15 81 56 34 31 98 81 72 81 76 26 86 91 33 93 67 82 15 45 41 58 8 73 88 18 25 66 74 29 85 61 14 65 42 37 85 79 13 24 
3 92 33 27 0 83 26 0 26 28 24 21 55 55 44 60 53 62 0 61 62 19 85 31 67 43 43 77 88 21 14 3 8 54 24 87 37 35 40 76 74 42 36 37 65 97 27 1 66 86 79 25 66 69 26 77 22 74 29 79 2 58 91 87 77 15 86 14 85 37 48 74 10 82 97 33 99 60 78 28 58 69 19 17 89 30 40 39 37 94 90 48 38 66 87 12 13 81 71 39 33 14 27 15 78 57 53 6 83 57 97 42 62 18 34 12 48 55 46 8 48 26 60 47 17 59 63 5 25 27 56 67 13 66 41 67 13 35 17 26 88 10 18 90 60 63 99 61 53 19 19 95 85 92 2 90 36 17 16 27 93 29 0 1 52 75 62 29 60 99 87 58 82 13 38 0 57 1 29 15 40 85 54 2 30 7 75 0 32 74 16 6 52 38 88 75 20 31 14 65 87 50 70 49 56 38 82 94 64 11 34 4 75 96 51 12 51 41 12 40 59 96 62 65 96 9 48 86 35 95 71 46 21 51 91 0 98 78 0 44 83 75 36 92 68 75 87 61 46 36 26 89 22 32 17 35 49 18 17 83 34 76 22 96 77 74 97 30 2 97 7 92 84 67 28 70 53 80 68 69 64 35 59 58 61 17 69 55 89 21 53 70 19 11 89 33 28 42 70 76 
77 28 64 50 77 15 26 39 90 12 98 59 48 91 88 70 35 14 58 29 60 87 52 49 96 75 39 32 98 72 72 23 35 90 21 11 32 18 0 49 49 77 75 59 78 37 39 64 46 18 28 35 68 86 95 15 66 6 55 51 27 56 39 33 79 75 22 18 38 37 87 78 24 93 69 67 91 27 75 65 87 57 95 73 9 24 3 71 31 21 56 87 53 76 72 58 23 39 9 97 19 1 13 5 65 46 81 28 60 82 37 78 11 31 58 31 85 43 50 5 76 42 30 33 50 69 62 38 1 33 39 63 82 81 50 43 41 4 72 22 92 64 3 24 63 86 48 59 25 57 40 73 97 92 99 33 91 86 87 17 13 65 70 35 4 74 21 77 81 66 88 47 44 5 95 31 73 23 18 7 61 43 47 86 81 40 7 30 49 47 24 26 19 82 54 31 99 7 61 23 11 79 85 63 21 20 31 85 91 49 44 33 48 43 20 5 55 10 82 85 3 78 12 93 57 1 60 49 23 45 24 71 86 34 22 46 5 47 22 10 41 18 9 14 83 39 43 49 17 37 36 0 73 78 76 82 84 89 34 24 13 47 19 97 48 90 71 10 55 82 55 26 19 38 71 32 20 22 12 93 84 56 43 48 48 20 19 10 93 77 87 16 95 2 86 99 46 71 81 84 
53 87 21 25 62 41 98 79 74 10 53 34 60 16 43 31 89 93 68 65 38 25 12 28 88 1 69 97 49 17 49 75 65 9 41 18 89 69 84 84 74 99 63 11 77 16 74 39 54 0 78 55 88 70 52 2 19 69 93 71 20 94 59 99 17 1 81 36 14 16 8 44 58 21 40 14 42 83 12 85 3 56 5 40 79 86 77 9 68 64 98 39 7 79 55 75 87 53 95 15 16 8 95 92 7 98 72 67 53 93 65 87 55 89 34 42 61 11 92 71 4 5 85 73 95 23 66 43 45 81 19 21 72 25 67 82 17 21 28 73 55 26 82 81 3 26 51 45 6 1 13 72 54 26 9 92 31 2 29 83 42 80 41 88 67 50 24 47 95 25 63 91 78 29 68 18 1 88 78 96 43 82 60 60 29 58 30 83 69 46 73 42 14 29 53 22 95 31 81 2 23 93 95 43 19 33 61 75 2 16 18 98 44 2 27 29 75 54 94 59 94 40 0 69 83 28 13 7 72 33 2 23 70 90 37 21 86 96 84 22 9 57 27 75 51 52 26 18 8 76 70 76 54 85 62 8 24 65 25 31 6 52 47 67 75 9 76 17 96 33 37 31 67 56 58 48 54 98 61 88 48 42 61 23 24 46 0 79 33 19 2 65 85 47 46 76 11 55 51 32 
41 92 26 18 46 11 32 47 29 2 72 84 24 88 36 28 85 77 24 8 41 57 21 74 10 1 35 8 11 39 83 14 74 57 60 17 52 91 7 17 42 83 5 96 31 99 77 91 50 78 0 13 11 33 72 44 30 62 61 75 84 36 17 77 11 66 67 17 93 84 58 83 90 55 66 81 60 15 50 80 71 28 89 31 37 17 1 4 63 5 41 97 76 89 23 15 93 16 10 11 64 23 19 90 46 12 98 87 87 24 90 37 59 19 20 67 53 47 5 7 67 87 66 54 13 37 97 95 60 26 74 19 61 60 9 2 88 21 20 36 52 57 68 7 63 62 91 34 24 92 60 98 30 22 50 60 39 17 29 46 55 1 99 99 98 41 24 84 62 89 96 96 42 24 95 98 15 29 37 46 71 72 43 88 39 23 96 72 65 2 30 46 96 98 67 31 3 68 77 12 26 26 42 40 4 44 53 93 60 10 37 21 58 58 61 85 42 75 75 72 72 40 34 8 9 87 62 9 59 28 98 71 5 87 51 5 82 20 0 32 4 8 72 64 71 11 48 82 86 34 35 50 21 97 18 59 69 86 97 11 85 74 91 86 88 72 68 87 42 94 27 75 77 94 85 92 92 30 72 85 93 56 71 71 89 45 54 29 48 43 57 22 34 47 27 53 44 62 20 3 
45 71 36 63 17 28 0 50 31 11 63 54 80 13 63 86 24 0 78 47 44 66 32 7 23 87 4 33 95 47 25 15 65 57 23 66 86 49 64 41 22 16 32 44 26 63 34 53 88 18 62 81 25 32 53 77 65 21 66 64 88 1 84 5 44 32 7 77 39 43 35 2 85 66 67 2 21 83 87 47 80 57 38 80 98 2 47 13 98 67 40 39 87 47 84 94 62 86 57 84 15 12 8 98 90 75 35 5 87 44 19 70 82 24 40 30 68 24 83 80 31 54 86 95 57 27 84 8 51 39 23 76 75 83 31 28 92 12 0 45 89 29 31 49 29 60 72 63 49 64 62 46 29 52 62 3 58 29 86 0 52 29 96 32 61 75 33 37 43 85 79 12 56 78 22 24 89 49 4 18 20 38 58 77 30 8 4 87 36 9 8 31 98 40 54 31 32 75 93 87 62 39 66 60 47 89 58 37 8 8 29 2 98 98 8 46 92 90 9 76 94 23 54 69 3 87 95 69 96 34 35 74 14 21 20 0 92 38 87 20 27 33 26 64 9 75 55 15 35 86 85 41 3 42 6 29 47 10 91 80 31 82 5 61 57 19 54 97 58 35 20 71 30 10 13 74 22 74 0 58 93 94 42 63 44 14 73 31 95 93 37 83 53 63 39 67 66 96 28 94 
37 1 6 44 42 44 24 41 95 94 65 95 60 70 39 79 23 53 23 74 79 23 95 80 47 22 49 18 11 92 12 62 87 20 38 78 23 53 25 17 23 4 72 49 52 50 48 91 32 50 50 73 40 10 4 18 33 81 17 9 74 26 62 87 62 24 17 8 29 9 55 42 91 84 68 91 15 17 98 1 53 94 23 46 55 1 40 60 41 15 80 55 73 22 13 20 0 99 26 7 42 54 8 60 59 89 40 16 38 13 25 94 30 15 99 77 59 32 73 5 43 29 95 47 90 94 40 40 37 68 74 20 67 75 37 45 9 82 73 57 82 45 10 78 88 54 62 7 75 92 61 50 89 53 30 7 41 33 14 41 10 45 57 25 61 44 81 53 65 0 84 34 5 6 93 52 19 8 18 97 98 29 81 66 89 9 88 89 58 82 0 30 43 58 67 38 94 88 92 41 6 85 36 53 96 2 75 97 0 52 62 17 94 52 10 82 16 89 41 5 59 13 9 19 22 19 97 23 20 89 88 68 73 90 57 71 92 58 39 47 23 37 59 21 29 66 3 2 33 43 45 68 36 13 75 89 41 76 46 39 17 66 64 59 26 38 14 35 83 14 57 6 21 31 17 15 51 74 21 94 48 34 97 20 95 8 93 75 89 93 40 74 25 25 5 98 48 96 5 88 
60 39 73 69 71 26 81 69 18 57 55 76 93 9 64 1 17 3 40 35 51 21 72 25 61 60 36 53 61 64 94 50 97 37 47 52 1 69 76 33 75 81 53 39 95 89 52 20 77 91 34 53 37 53 84 93 22 54 15 13 27 72 3 29 37 66 27 67 90 38 34 92 94 77 23 79 38 61 9 69 81 63 53 96 44 95 38 80 77 34 59 13 36 46 70 82 48 34 27 65 9 27 36 45 15 50 45 95 38 36 63 66 80 5 46 80 74 0 38 4 64 16 10 93 85 25 82 22 44 68 58 67 64 46 23 35 36 73 63 38 21 81 36 87 0 68 60 61 74 61 20 40 8 92 90 56 8 42 17 54 48 96 73 86 88 86 44 71 33 2 68 1 43 89 96 12 0 75 45 78 84 91 95 32 97 56 10 12 49 74 23 12 61 76 10 23 89 95 90 61 20 77 23 23 97 7 6 25 67 9 36 50 78 47 37 8 90 26 61 1 65 48 74 79 89 42 60 93 28 35 5 51 49 66 2 12 50 8 54 17 74 3 0 56 68 27 56 98 22 21 64 73 4 29 99 48 77 80 71 48 83 92 98 26 97 75 39 81 87 26 45 98 13 16 83 52 21 64 12 68 14 39 81 54 21 30 42 47 64 46 87 37 74 57 36 3 51 80 37 93 
64 21 71 69 53 88 95 27 9 24 92 13 81 71 2 81 4 63 21 96 25 31 68 95 53 54 2 82 11 62 50 27 29 49 11 30 92 29 42 59 78 13 95 34 69 53 44 66 50 57 58 21 75 21 34 9 12 99 93 90 67 46 67 42 83 30 61 72 4 92 33 30 44 40 61 90 85 84 93 16 97 48 61 79 35 11 39 84 41 67 84 34 91 89 93 80 39 12 26 50 81 95 14 23 97 37 88 40 2 45 75 92 37 60 49 84 86 65 94 96 91 65 2 8 30 72 97 4 51 22 62 71 88 59 73 92 82 98 66 23 49 59 44 31 35 26 35 69 19 18 60 74 53 44 12 82 12 85 43 42 81 4 30 64 1 41 14 85 4 37 5 44 90 42 9 97 59 55 15 58 7 51 80 7 28 69 1 97 66 82 87 40 96 4 90 19 26 87 71 66 42 62 77 43 67 31 70 23 43 79 79 27 56 89 34 94 78 73 23 59 91 16 77 53 60 42 96 78 20 86 86 17 74 25 41 5 28 40 78 3 0 33 88 24 60 30 19 91 27 28 96 6 48 94 94 62 59 13 18 32 41 53 55 17 8 53 87 56 34 64 92 13 62 98 11 19 34 62 53 38 77 42 35 92 54 11 30 65 19 18 25 14 48 5 34 51 58 53 50 54 
31 11 97 82 32 40 42 24 46 18 25 13 21 56 91 79 43 94 28 58 17 86 13 25 7 16 97 47 34 12 86 55 1 62 89 67 37 39 36 12 10 18 55 11 38 67 13 14 17 30 3 39 63 32 32 26 9 97 43 32 70 94 25 25 73 62 94 92 9 98 21 0 58 82 2 28 0 13 81 74 12 27 57 53 27 7 69 71 62 95 69 96 11 83 4 95 72 48 51 92 17 9 87 59 3 85 11 94 88 10 20 46 40 24 71 1 39 62 8 24 17 80 11 77 9 39 14 19 26 91 79 0 50 35 2 28 11 60 67 85 68 85 46 57 48 99 31 99 34 86 76 39 64 2 38 56 22 95 67 66 77 11 74 69 4 37 2 90 89 10 55 84 69 44 14 69 77 84 46 44 54 25 94 35 36 95 6 82 20 3 22 8 67 90 11 32 78 66 34 90 29 22 3 10 29 58 8 12 53 6 94 25 94 68 34 32 40 11 0 71 92 75 14 4 7 95 87 50 56 81 24 9 88 34 1 70 68 89 94 96 4 60 80 80 99 92 64 91 38 87 11 62 27 11 37 84 24 17 66 70 15 99 73 8 15 62 46 93 58 59 22 23 2 37 22 68 79 12 18 72 38 27 88 89 63 80 12 39 0 37 22 53 21 8 65 4 33 93 7 6 
18 54 36 74 2 10 53 73 98 89 21 5 50 38 3 89 19 24 70 15 18 2 8 54 52 94 26 66 91 12 82 96 27 18 64 30 31 98 14 37 99 41 56 1 73 82 45 39 71 84 23 32 58 70 92 63 68 50 58 87 25 29 85 34 15 35 49 33 70 31 75 37 65 83 82 56 87 9 23 14 20 33 59 73 44 57 5 18 8 74 70 79 18 92 35 71 57 46 94 39 48 29 13 19 34 58 53 97 15 5 39 48 2 8 53 6 47 35 11 58 30 55 66 8 90 8 24 87 84 39 19 92 79 82 79 52 62 76 30 19 32 12 68 26 18 97 86 5 44 32 29 32 0 59 23 88 65 41 12 36 76 59 63 30 25 73 93 94 28 17 98 46 51 22 15 40 29 84 52 47 78 69 39 25 45 34 49 65 10 80 31 29 48 38 35 63 2 28 59 46 48 62 59 49 28 37 69 85 20 22 59 80 11 71 47 37 5 75 10 9 7 81 36 24 86 21 82 96 7 21 1 64 98 60 59 41 83 67 13 73 64 74 55 70 23 32 13 71 20 29 18 12 65 87 39 29 52 64 8 76 19 5 2 43 15 39 78 90 58 32 75 55 35 76 7 34 18 40 8 97 79 27 92 88 84 64 29 45 5 67 23 21 44 0 39 14 51 61 40 80 
4 81 69 91 96 49 33 95 65 78 77 51 6 47 21 0 88 8 18 51 61 55 51 18 32 28 9 43 24 68 33 35 9 61 79 62 22 43 80 29 60 89 2 21 7 74 37 40 11 59 31 39 16 48 36 30 94 53 60 0 52 29 63 50 91 34 20 97 27 24 89 20 63 79 53 1 10 40 72 50 36 42 21 80 39 41 53 72 8 85 68 53 59 35 28 8 70 95 79 45 28 47 35 16 36 75 97 22 71 84 79 62 9 27 6 19 87 20 42 51 72 91 85 37 25 61 57 48 96 25 42 98 11 94 78 70 59 35 55 71 48 46 93 28 82 97 82 86 11 63 99 8 42 40 9 24 40 47 75 36 81 36 37 81 78 61 35 78 45 30 71 12 54 67 32 7 18 63 2 80 67 2 35 84 98 81 68 32 29 35 39 2 15 46 16 89 57 93 96 12 90 55 90 93 8 1 13 22 14 84 89 75 34 8 58 29 31 57 81 18 97 55 61 74 81 89 38 89 25 60 61 54 41 1 54 66 87 39 21 82 73 96 44 80 67 83 30 18 34 61 81 5 5 28 74 14 44 54 80 86 64 7 68 49 35 96 41 14 47 67 45 38 67 22 10 4 99 52 10 7 98 98 80 42 45 88 25 78 64 30 1 0 52 8 44 51 58 62 19 34 
95 66 41 93 72 65 46 77 21 87 88 66 0 22 97 51 45 69 54 86 78 84 82 92 56 71 16 83 18 50 55 8 31 93 43 38 96 64 13 94 41 68 81 42 76 60 91 74 35 71 93 6 18 10 88 18 50 63 0 72 93 50 98 51 76 68 57 49 1 53 51 84 92 41 94 45 99 27 43 77 55 59 74 45 92 19 87 54 69 27 28 12 98 35 65 35 9 9 79 54 80 59 13 56 36 59 48 48 90 81 57 54 62 62 39 47 52 73 20 88 44 37 15 5 77 95 9 7 82 19 93 2 57 87 51 76 13 54 50 41 29 39 79 71 88 97 76 27 77 13 70 13 45 95 27 79 23 81 9 76 68 96 78 24 30 55 28 6 72 53 4 43 18 73 64 92 15 69 29 9 34 49 2 13 53 22 25 56 0 87 5 57 50 48 36 3 12 72 6 98 26 9 60 74 36 73 94 53 38 34 32 3 4 64 47 42 81 32 8 79 51 78 30 21 92 34 33 59 55 6 51 25 74 76 90 68 98 71 85 62 55 14 60 94 23 91 19 96 6 22 87 88 9 29 55 32 3 79 83 7 43 46 22 31 62 9 91 22 56 6 85 72 33 88 81 62 1 30 77 30 86 34 42 83 97 42 16 97 26 70 7 92 50 77 62 77 11 22 7 48 
5 40 74 88 18 22 82 16 16 70 41 45 89 33 90 94 80 42 35 82 39 95 63 14 67 2 57 94 59 16 60 30 40 94 57 79 29 48 64 89 65 92 91 37 12 26 96 19 63 63 39 15 49 22 15 14 4 70 86 91 99 12 41 1 8 37 18 24 34 6 70 86 95 30 47 96 90 83 73 75 81 40 14 93 27 62 76 55 93 37 48 55 42 1 68 45 86 96 55 4 90 46 88 19 5 74 88 13 61 96 62 81 83 86 3 32 32 65 74 42 40 93 85 7 66 46 6 40 83 45 95 1 77 61 92 69 21 44 33 84 73 34 58 21 68 56 20 66 60 14 52 22 17 59 76 92 42 98 44 70 58 60 64 36 93 86 95 90 94 84 9 77 13 79 38 21 27 71 47 77 61 30 29 82 93 2 38 75 19 99 25 93 92 61 39 4 11 59 78 79 19 3 13 56 23 80 63 24 14 64 68 18 1 83 86 11 30 88 38 91 0 61 94 31 13 6 81 95 95 96 36 95 33 15 84 64 28 40 25 85 67 24 99 17 62 88 94 34 6 70 6 30 4 29 8 57 5 58 74 26 84 62 44 42 36 64 34 96 14 77 86 9 70 8 1 33 88 35 55 8 23 65 31 54 88 40 90 56 28 71 19 23 66 19 84 76 63 68 45 19 
20 44 46 84 46 93 71 68 77 1 21 45 22 39 12 37 96 38 13 44 33 16 20 83 63 25 75 76 90 86 89 73 95 16 56 67 58 68 16 15 30 32 45 88 29 22 81 0 26 51 18 75 13 46 42 30 18 43 10 62 68 15 53 19 76 50 71 21 9 46 65 21 73 33 1 22 17 70 18 23 64 28 5 18 28 97 23 88 95 78 59 28 75 84 70 79 71 48 81 89 33 12 99 75 47 29 29 46 0 42 23 20 7 22 99 68 82 10 96 16 63 34 67 17 30 50 71 21 78 96 96 36 98 16 99 86 28 68 88 67 65 95 73 39 33 26 43 55 30 91 39 69 30 99 25 10 38 78 44 72 56 41 37 78 65 35 86 13 1 14 18 39 43 68 11 37 75 70 14 94 2 58 10 26 16 31 75 22 42 73 3 35 77 91 51 92 9 43 16 88 86 72 86 51 86 98 82 48 26 47 83 7 50 82 95 9 34 95 80 42 28 22 47 80 31 4 88 77 34 69 73 91 82 56 19 66 40 96 35 38 48 15 72 79 4 70 75 67 57 31 59 86 84 24 28 93 7 83 94 13 99 61 67 29 27 99 94 63 73 42 80 33 89 12 88 61 75 61 55 89 85 53 98 70 82 3 10 61 40 27 59 2 33 22 73 80 74 12 12 59 
98 24 45 19 9 39 54 74 76 49 48 0 98 40 55 57 83 23 90 48 88 6 27 7 37 36 27 50 31 11 47 38 4 52 16 91 21 55 44 25 9 15 74 89 69 31 56 3 97 65 56 0 66 60 48 40 93 36 55 15 23 81 2 1 9 58 92 41 43 57 44 67 43 67 33 54 23 50 41 89 13 26 42 72 6 23 24 42 49 43 29 30 22 32 76 70 43 45 3 14 10 68 25 49 23 46 59 33 79 87 32 93 66 78 33 22 66 68 69 35 31 91 26 36 71 27 91 2 68 98 95 67 47 62 71 56 24 15 62 79 49 22 15 74 7 55 63 39 29 25 78 57 26 49 99 56 60 20 66 26 42 57 15 79 1 74 11 85 10 64 82 28 73 27 1 83 78 45 72 16 0 37 64 16 26 45 57 30 83 8 59 8 92 87 28 76 12 62 63 38 24 59 36 56 17 79 21 86 71 8 38 75 91 56 81 19 66 75 36 28 23 6 1 62 42 97 49 68 13 88 32 49 88 74 39 45 9 50 69 71 60 68 96 2 24 70 20 87 43 30 82 41 56 14 48 41 8 58 94 52 78 38 71 27 96 94 31 46 9 35 0 74 38 50 96 81 99 39 69 70 12 27 64 32 61 79 50 55 33 18 48 0 43 96 87 64 91 23 71 87 
82 38 81 33 14 36 46 36 81 51 81 27 60 68 34 37 2 35 95 99 62 63 29 54 30 27 81 9 63 83 34 58 99 59 2 65 87 69 61 66 30 69 16 55 77 99 64 32 27 62 31 76 44 24 32 53 87 19 71 38 91 41 34 33 64 6 28 92 42 69 48 5 15 19 64 38 48 31 13 37 99 53 11 95 70 78 58 69 2 97 34 38 96 83 74 22 43 92 35 19 44 8 3 26 25 16 44 74 26 85 81 72 31 26 22 48 87 44 69 4 18 98 82 2 88 37 14 70 12 34 17 40 22 57 76 88 96 52 86 69 7 45 53 66 5 0 93 83 46 98 73 14 39 74 34 63 64 21 64 47 7 72 64 38 36 92 55 13 69 6 29 11 56 28 13 11 98 98 9 12 51 71 6 82 6 70 0 83 11 17 15 92 11 48 39 10 98 6 46 30 44 50 48 22 67 79 99 45 59 1 40 93 12 25 2 67 34 13 95 45 3 10 20 35 85 33 32 37 88 40 83 20 59 95 45 94 32 1 77 87 7 44 1 10 76 75 52 76 58 30 63 56 68 41 98 58 59 19 91 84 47 8 65 95 24 9 35 31 55 33 69 70 72 15 93 22 24 33 84 49 66 76 61 41 85 21 28 6 81 87 76 43 20 43 9 12 7 84 53 78 
68 48 38 92 22 66 65 72 12 24 27 5 40 51 79 84 60 66 37 3 58 67 84 1 94 33 50 1 99 53 78 89 28 48 94 59 15 24 57 27 39 22 13 41 22 84 80 88 27 47 67 18 62 99 56 41 67 64 55 48 50 37 79 13 75 74 81 38 25 97 5 81 96 54 46 89 87 67 86 9 41 19 5 16 78 97 88 48 29 40 2 96 9 21 98 86 76 94 25 51 3 90 42 33 57 18 61 96 44 53 86 38 63 62 70 55 58 42 90 62 63 53 33 19 90 22 79 71 28 53 10 15 64 19 56 52 3 18 69 11 14 62 88 82 7 75 74 83 61 15 23 70 85 77 26 92 27 39 7 80 34 26 92 26 61 60 7 56 43 29 53 27 47 7 62 80 87 42 7 14 33 3 19 33 45 56 18 80 26 91 20 61 28 40 16 24 59 49 86 13 71 47 88 20 99 11 33 19 66 78 35 46 2 22 24 29 90 53 27 45 89 72 7 14 43 13 25 31 44 14 4 93 94 94 12 11 36 20 67 69 12 10 67 62 83 95 75 34 37 14 8 54 56 92 1 97 55 41 97 77 21 89 97 65 91 84 52 85 68 19 2 68 31 71 39 10 18 23 65 49 21 7 52 18 19 66 53 21 35 97 27 53 34 34 9 4 20 58 25 63 
18 53 11 98 32 96 73 63 93 52 96 14 35 86 80 46 46 11 4 64 29 29 80 52 51 10 15 45 93 79 29 78 74 19 74 89 86 0 88 77 72 24 12 40 1 24 78 40 89 43 97 25 81 93 51 92 86 43 2 30 47 81 25 48 76 41 49 39 92 24 48 14 93 28 9 29 80 47 24 64 54 51 1 5 91 24 65 12 29 89 32 57 61 0 22 74 79 37 71 19 11 68 12 47 51 97 98 80 47 57 84 55 72 7 62 2 55 12 31 9 20 13 28 29 54 14 51 62 97 72 6 32 29 62 93 96 90 7 58 11 71 42 7 9 30 38 52 36 76 46 75 26 20 98 51 41 41 16 84 24 11 28 87 34 58 23 89 77 83 83 31 99 50 30 94 9 34 98 20 52 55 58 46 5 76 63 82 8 43 68 4 29 28 37 83 44 46 79 48 74 74 9 27 77 75 30 33 63 59 91 95 72 6 90 36 29 74 31 86 39 81 43 43 36 40 40 85 8 16 67 13 59 49 61 61 22 20 57 4 69 69 47 71 3 27 46 52 48 65 65 78 23 63 74 74 0 31 33 28 8 39 54 81 70 77 80 99 63 22 72 90 17 11 19 30 49 7 57 40 72 91 15 62 86 33 33 62 94 74 21 40 93 68 62 73 82 16 57 45 57 
43 81 5 53 71 71 15 66 15 99 90 55 41 79 21 93 45 13 58 99 96 79 44 43 26 51 9 26 75 46 38 14 44 39 23 19 31 59 76 60 19 51 99 67 50 81 64 91 25 37 31 51 58 58 11 69 95 27 54 81 83 33 40 45 31 86 71 12 7 40 2 6 3 95 25 98 77 41 93 35 77 9 97 91 48 62 84 83 1 99 71 35 9 45 10 88 52 49 85 91 97 30 72 1 88 86 71 82 87 86 44 74 20 30 43 44 73 6 42 60 58 32 80 17 57 37 23 11 51 34 68 83 51 71 29 72 80 92 38 22 58 9 75 38 93 96 62 77 54 90 55 45 39 45 89 31 8 44 64 48 66 80 61 69 12 16 1 23 89 63 18 17 19 75 93 75 16 28 89 9 37 11 57 19 46 42 97 65 83 97 94 77 88 33 74 47 4 96 11 54 1 46 69 99 50 96 85 93 9 16 11 65 35 76 71 80 67 29 93 0 5 47 31 70 4 35 75 75 89 65 20 49 48 11 45 77 86 14 43 9 57 19 41 25 66 20 54 10 67 97 85 1 3 82 21 55 57 9 60 3 36 67 35 92 50 75 53 39 94 43 38 85 58 81 37 56 1 11 36 89 21 12 4 87 49 77 6 58 82 80 49 13 2 81 29 84 3 16 45 90 
85 28 44 40 79 76 10 54 56 14 87 17 18 6 75 90 70 73 17 37 61 73 3 13 52 89 27 19 86 70 60 9 7 17 28 94 49 12 21 7 51 45 79 69 23 97 8 70 26 39 75 37 24 87 42 65 26 11 65 61 55 27 93 45 64 30 55 6 6 2 93 93 52 21 11 60 32 88 77 50 90 38 66 4 96 23 17 26 90 7 32 10 73 71 93 16 76 50 47 5 1 93 92 55 29 86 53 50 9 69 14 26 45 81 26 86 0 87 38 66 61 91 7 60 89 18 30 73 54 4 98 85 74 60 58 95 92 87 37 49 92 23 10 77 53 23 90 32 22 93 77 35 61 32 14 83 17 48 80 53 90 45 21 61 91 69 76 82 2 3 75 99 97 50 12 35 38 42 26 59 76 44 70 82 97 38 92 6 67 10 29 75 95 71 75 72 7 63 29 69 56 55 63 78 49 54 43 62 61 29 11 11 1 76 20 88 45 32 17 6 53 73 95 25 98 68 2 82 94 93 54 15 31 31 17 83 31 84 53 45 23 45 75 54 78 10 6 82 75 19 8 99 89 86 67 97 17 20 38 3 12 32 20 94 88 97 70 36 75 42 35 81 37 11 16 76 70 33 40 51 16 98 43 84 68 80 5 70 28 62 60 23 31 69 42 84 1 78 85 47 
27 52 26 40 18 79 40 0 55 48 95 56 32 14 3 26 40 5 43 2 9 77 92 97 64 29 10 56 38 62 63 87 8 73 3 78 21 40 35 99 35 67 68 71 87 49 45 72 76 12 35 49 22 77 7 18 54 84 52 38 59 90 77 70 49 58 18 80 15 74 15 64 77 84 54 3 26 54 77 75 7 16 93 24 99 4 88 43 99 57 6 66 66 33 27 82 30 54 48 31 56 3 16 80 85 10 17 94 93 33 39 96 5 27 95 47 25 58 91 85 72 42 46 18 48 48 36 77 56 12 70 46 12 44 56 47 57 32 0 3 79 58 32 50 33 11 68 7 27 38 27 54 48 95 89 14 89 42 70 25 57 29 25 43 94 21 72 95 16 76 94 24 74 54 58 90 58 68 19 50 9 31 88 87 24 97 20 78 48 1 12 26 10 53 25 0 52 10 29 65 18 48 1 15 65 92 73 97 78 93 19 10 2 98 35 51 30 79 72 76 38 29 88 16 49 4 7 96 41 82 87 90 0 60 72 39 28 14 52 32 88 35 51 99 63 47 71 60 74 84 92 91 53 40 93 31 31 77 4 54 64 27 22 94 41 56 35 60 99 26 68 62 65 99 15 44 62 5 80 36 53 91 16 15 64 73 23 75 56 65 27 1 22 11 65 95 34 62 66 15 
40 3 82 97 45 72 41 59 1 55 84 96 29 54 16 9 31 5 95 67 31 95 94 65 50 89 1 92 79 93 68 71 7 84 31 90 3 14 75 35 78 16 69 77 30 47 28 49 10 32 89 77 21 26 89 19 23 43 82 51 34 73 35 78 1 13 74 93 61 58 61 40 53 16 43 60 18 20 91 60 19 83 82 14 92 39 76 37 73 57 87 77 70 89 33 10 91 71 54 71 1 27 28 94 35 54 17 30 41 33 35 0 81 66 15 22 55 76 36 75 6 35 55 96 75 49 46 70 78 87 70 38 30 30 27 9 26 71 42 51 43 53 65 63 36 53 12 26 56 24 50 14 83 10 1 41 37 88 63 27 6 85 39 73 26 9 49 23 58 75 86 86 99 8 77 22 75 43 88 26 56 7 16 20 33 70 90 61 43 65 63 67 58 36 0 12 92 90 19 83 41 69 79 95 22 72 86 6 51 86 96 47 52 43 97 82 54 83 68 90 91 33 60 90 91 97 27 43 97 54 80 61 76 90 56 61 18 25 8 65 84 12 80 51 80 68 57 12 58 15 86 5 0 92 3 36 67 7 78 85 24 26 8 11 6 83 28 85 68 79 64 54 14 3 40 49 71 65 40 97 82 89 91 32 77 89 4 7 99 7 15 21 51 29 73 94 82 92 47 90 
50 82 82 88 22 87 28 20 61 13 96 5 18 82 7 80 49 52 97 99 92 20 20 16 14 71 41 45 17 96 97 24 57 39 43 53 10 63 22 59 36 67 8 74 97 31 22 37 72 27 32 63 34 90 27 84 98 82 84 27 43 62 68 22 89 54 16 78 39 3 68 71 47 54 54 84 48 86 78 56 74 27 89 92 77 96 3 1 51 80 53 91 50 80 84 98 50 66 54 31 30 64 55 56 68 98 65 91 3 11 50 89 35 82 99 35 10 46 64 92 10 97 32 18 23 96 29 51 89 97 75 4 83 87 42 60 96 79 81 94 93 24 71 37 35 75 42 5 22 40 59 1 72 76 99 71 31 80 62 58 22 57 48 96 12 45 88 46 43 55 43 83 22 88 30 97 24 56 38 95 25 98 37 64 55 49 1 67 35 36 28 55 40 66 17 16 21 92 78 3 0 83 26 13 83 9 3 0 98 81 44 33 30 28 79 15 66 75 42 42 86 32 4 59 8 28 73 41 99 56 77 45 82 28 11 6 88 95 34 88 92 39 15 6 74 80 57 8 10 99 51 69 78 75 91 5 51 64 31 88 49 98 24 81 70 59 64 73 93 38 82 69 38 12 44 39 55 22 67 11 51 72 32 41 28 7 87 34 66 47 29 47 38 47 26 12 98 2 49 7 
35 87 6 99 50 5 81 13 96 74 3 16 40 73 87 51 15 51 4 4 61 22 28 30 98 65 96 50 63 80 98 25 74 6 50 51 53 64 9 21 63 61 37 43 80 61 3 38 30 70 65 64 39 23 86 31 5 26 56 42 81 89 9 30 43 55 91 23 9 10 98 74 51 49 55 61 91 51 74 89 1 38 31 85 36 90 24 21 72 44 31 98 42 71 76 55 0 57 8 17 65 11 57 81 94 64 9 11 72 87 87 11 75 31 77 7 97 68 54 42 69 13 74 35 99 83 8 12 58 90 90 17 38 22 56 26 35 73 60 26 28 48 21 33 44 44 27 48 2 82 95 37 19 11 16 70 88 16 3 78 86 8 40 41 48 66 86 78 52 20 0 40 53 47 48 97 2 98 48 89 51 75 85 25 77 90 44 29 11 54 0 16 24 87 45 88 73 7 60 4 85 98 89 45 88 42 62 46 54 89 28 80 63 39 15 68 32 89 23 15 93 45 21 77 52 84 88 95 80 26 98 45 38 41 29 98 62 1 48 5 72 48 72 23 53 26 91 65 30 81 56 61 21 53 16 3 24 92 68 38 90 25 24 66 13 22 99 10 37 51 91 41 42 55 89 85 79 88 52 30 69 16 84 28 33 64 87 48 9 52 75 6 42 24 58 90 51 70 1 77 
65 67 11 2 60 96 82 8 94 8 23 3 34 62 78 3 62 19 11 50 57 7 68 13 15 14 9 74 10 35 22 72 61 83 6 18 1 41 78 6 97 90 21 76 2 56 85 95 67 10 25 67 79 5 52 48 35 69 70 72 45 2 36 55 29 27 45 46 69 88 24 97 23 17 46 17 37 65 5 59 40 77 28 90 14 1 97 46 31 16 66 46 34 52 93 48 63 81 89 62 3 8 66 71 51 11 64 85 27 29 70 21 1 23 71 87 42 34 79 58 91 32 40 79 52 21 66 22 48 4 1 32 55 76 18 52 67 87 6 75 56 17 71 77 45 10 52 25 40 68 99 52 32 95 16 63 19 15 99 35 71 75 34 84 16 87 1 45 48 11 28 44 40 9 6 33 31 86 51 82 18 91 1 44 12 49 81 27 3 73 5 89 62 44 44 54 11 62 47 4 67 99 38 34 55 45 62 0 68 15 53 18 93 10 88 76 61 88 25 83 17 20 18 8 41 4 16 24 41 90 62 4 77 26 83 2 40 81 54 31 79 86 66 7 93 13 25 99 39 60 2 21 22 96 58 33 92 52 60 41 55 66 47 30 16 2 88 14 16 90 58 75 57 57 13 33 54 76 93 18 62 12 25 2 41 3 98 28 30 57 85 0 28 6 91 7 84 46 1 68 
75 93 20 64 70 29 18 31 62 85 98 43 38 35 43 42 23 54 56 60 73 92 56 39 56 25 4 36 93 15 2 77 46 1 41 77 92 36 91 33 94 2 52 76 94 20 64 4 65 98 53 83 99 43 26 83 91 93 8 51 44 92 20 4 53 35 40 75 55 23 99 24 63 6 76 59 51 63 26 12 43 28 53 73 76 35 91 53 34 63 99 40 81 89 45 57 31 40 86 76 28 82 89 43 85 78 13 17 30 16 29 33 92 65 28 70 3 53 2 71 19 27 6 56 18 34 24 26 72 49 22 59 53 17 51 33 64 41 75 59 80 33 55 76 44 5 64 92 31 18 6 5 4 49 9 45 88 18 56 16 96 51 32 30 57 82 64 50 36 18 88 37 77 53 83 52 78 8 28 31 71 19 3 96 69 90 99 51 40 13 98 56 73 2 15 96 30 58 42 24 34 86 92 3 37 32 98 21 16 54 84 93 15 23 38 54 79 28 84 8 74 68 56 91 8 76 3 62 55 22 47 99 60 51 51 12 90 33 62 94 73 32 79 66 14 91 81 94 56 31 22 90 65 44 52 78 31 32 94 87 35 55 75 82 52 95 28 26 89 81 46 62 87 92 81 88 29 74 80 44 61 38 72 67 53 86 65 42 13 82 25 33 0 23 28 59 31 26 59 30 
41 84 77 34 35 96 14 74 70 7 54 31 73 41 63 13 29 25 89 74 89 64 5 9 56 92 86 17 48 17 48 33 75 14 84 18 38 42 26 29 39 78 40 51 21 50 3 30 59 36 14 52 91 50 15 76 3 15 20 8 71 15 94 36 1 99 37 46 78 84 10 73 57 88 50 55 14 31 95 3 6 8 33 71 14 30 53 45 8 88 85 14 56 28 39 54 95 67 59 50 36 26 54 81 13 49 77 6 79 60 65 32 46 79 18 9 75 35 23 75 40 7 4 5 94 92 22 78 14 72 93 16 57 44 95 41 13 11 52 37 90 20 42 81 56 90 16 93 77 92 44 27 39 8 60 74 4 11 36 52 71 89 96 51 8 69 91 50 96 49 73 99 40 8 60 0 21 1 39 75 77 53 14 71 90 62 1 49 15 1 11 99 12 0 24 59 21 50 70 61 65 76 94 82 54 93 39 87 51 43 59 0 43 50 76 94 68 0 85 51 9 58 97 67 22 29 73 61 33 78 98 89 71 15 25 8 26 66 68 15 3 46 11 39 8 19 83 73 43 70 11 21 59 32 83 48 88 24 62 19 0 78 21 77 28 10 79 17 9 28 12 74 91 84 64 81 89 56 0 52 60 86 27 85 66 49 18 53 93 9 86 83 54 45 41 21 57 13 0 25 
41 77 7 97 83 0 89 89 3 25 32 43 22 60 51 95 8 17 1 19 45 35 13 67 10 52 0 44 38 96 33 4 79 69 41 36 98 56 56 61 85 9 26 61 79 48 69 49 77 5 71 53 39 6 76 2 4 62 61 32 23 51 18 1 56 70 95 25 89 72 80 27 33 31 32 72 1 86 16 93 13 22 56 96 70 37 11 49 78 22 72 22 5 85 34 60 78 54 28 30 49 80 98 81 85 92 96 38 72 85 21 85 58 54 59 64 4 11 53 52 82 93 38 28 35 25 1 12 6 50 71 78 11 31 63 38 98 66 67 2 67 81 30 82 45 53 6 71 83 90 41 58 52 71 25 19 13 34 12 61 42 36 45 56 43 65 10 17 8 28 74 1 99 76 29 71 44 16 87 94 61 87 32 73 98 48 68 78 50 43 5 2 0 11 44 61 81 52 31 83 99 80 21 87 33 42 10 97 94 63 14 89 77 46 64 19 57 63 78 63 71 26 33 82 73 40 38 99 69 96 24 59 94 11 13 38 90 56 68 47 80 49 47 66 46 95 22 38 84 28 14 44 26 97 76 90 40 97 63 37 78 13 54 29 28 84 12 84 40 20 12 8 56 57 51 93 76 50 12 27 86 56 61 45 92 48 59 1 4 27 70 50 13 43 99 52 46 14 76 44 
42 95 26 6 86 69 83 42 56 9 26 97 97 42 86 58 32 92 50 98 70 76 4 56 24 27 75 49 34 0 60 75 53 20 97 14 40 88 61 71 20 88 96 58 36 15 58 17 51 5 86 4 69 79 87 29 35 98 76 35 63 59 66 29 36 92 25 85 39 79 18 0 61 50 38 10 39 83 57 51 22 94 22 97 3 83 56 38 80 32 26 46 73 50 92 35 60 98 55 24 70 90 69 99 87 45 14 0 41 37 71 33 79 53 33 74 44 42 47 15 51 86 98 22 35 31 80 30 43 70 84 40 92 53 50 11 90 21 21 16 0 72 84 54 62 42 57 0 43 27 54 5 3 40 13 88 83 62 46 14 33 76 59 69 90 30 3 82 63 8 84 59 51 55 81 47 64 76 66 18 53 43 86 32 60 17 50 41 70 5 4 18 35 58 44 86 93 84 28 23 88 28 70 23 6 5 85 9 1 22 70 11 97 74 68 94 76 42 61 49 81 8 55 87 6 75 84 47 67 64 76 93 26 46 34 17 65 91 41 74 37 71 92 19 12 62 48 25 85 38 22 94 48 33 44 99 33 13 29 25 43 95 8 87 73 98 0 2 65 70 84 25 59 10 31 62 51 2 18 35 64 94 40 26 10 61 94 17 56 21 12 59 10 97 46 10 94 53 14 35 
57 96 33 56 61 93 65 98 18 43 63 51 46 35 86 13 81 97 85 87 30 65 88 87 68 89 18 67 22 89 31 85 39 93 67 38 19 57 41 78 37 33 24 16 48 23 8 87 35 92 23 70 93 73 35 82 50 93 90 94 68 6 49 89 44 60 9 56 26 84 33 73 85 23 25 81 19 70 13 95 27 36 70 13 72 9 56 82 26 20 20 52 74 12 46 99 5 38 26 74 86 65 41 36 4 30 24 44 27 43 5 55 78 58 34 67 82 62 49 50 11 51 76 82 60 89 82 5 26 27 77 13 95 23 56 10 91 22 31 38 11 98 19 66 20 57 52 22 42 97 64 8 65 84 11 36 35 70 3 9 44 54 14 25 17 93 51 75 85 47 52 31 6 83 55 15 50 4 26 82 62 56 6 16 54 95 55 32 29 4 5 63 50 9 91 16 51 20 38 26 8 70 92 95 70 13 60 71 55 5 75 46 19 70 0 14 66 59 87 74 49 99 44 73 44 53 76 33 5 81 78 70 42 59 14 24 74 26 60 78 95 72 78 28 45 73 9 1 82 7 96 39 33 89 14 34 95 90 96 3 12 24 87 94 87 81 37 9 27 86 88 56 91 89 35 10 66 88 48 40 76 20 37 90 88 27 67 34 87 12 98 64 71 77 30 37 54 87 2 4 
44 14 44 93 28 77 19 42 14 79 44 86 58 22 21 45 96 30 73 79 87 38 79 40 25 86 40 50 71 27 54 35 47 44 5 28 69 13 50 51 71 92 50 80 2 93 5 63 72 7 58 67 68 18 8 77 61 75 23 91 40 11 40 18 47 71 35 56 60 52 89 17 67 99 22 25 18 3 21 56 30 21 43 94 97 35 10 27 5 12 93 64 5 68 18 49 66 98 79 12 36 67 43 73 45 84 91 7 29 31 48 69 92 12 76 87 61 70 87 8 71 10 82 30 49 45 52 13 50 25 46 49 53 90 22 50 55 13 46 30 51 50 56 94 0 44 45 49 73 74 70 80 5 93 61 81 25 86 41 26 89 18 12 87 91 99 34 87 7 90 78 82 15 72 53 40 47 25 23 85 74 33 95 3 72 67 23 67 1 95 52 91 51 1 40 1 42 4 54 7 77 9 46 49 11 1 29 82 6 63 8 33 34 16 56 23 84 39 28 51 0 38 20 92 55 1 23 28 87 4 86 84 76 3 56 71 83 56 64 1 30 63 58 1 25 13 76 34 6 12 77 53 3 32 50 61 33 17 16 30 20 25 34 28 51 74 46 91 25 14 3 27 49 49 3 85 29 87 6 87 54 81 35 10 98 49 77 77 55 71 72 87 74 39 32 59 26 50 1 6 
13 50 99 36 38 99 59 61 53 88 7 8 39 71 95 58 26 82 20 55 71 71 50 75 8 98 62 41 81 42 46 1 66 82 60 40 31 80 45 83 88 67 15 28 22 51 8 40 58 45 80 49 4 37 26 80 38 81 55 58 83 38 42 69 50 79 42 32 72 9 14 23 29 85 6 97 97 68 27 65 50 41 36 74 5 39 33 73 78 82 29 72 83 45 91 0 16 86 95 21 59 22 2 82 58 32 43 62 9 8 48 29 74 15 26 34 1 24 65 33 23 83 5 80 5 25 63 15 18 3 57 72 22 69 2 82 17 83 26 80 36 94 13 77 4 15 67 2 37 11 44 63 90 44 7 42 99 66 17 68 96 49 96 31 14 83 42 19 93 79 43 86 54 67 74 53 12 64 32 69 83 45 13 28 89 36 72 90 76 35 54 5 82 7 57 88 90 86 94 24 16 16 62 16 55 1 97 18 96 18 62 74 79 48 97 43 73 81 87 39 76 1 92 58 71 62 29 96 57 58 40 59 78 60 36 22 34 67 71 31 22 52 47 9 82 76 1 69 56 63 16 46 54 70 80 3 98 56 63 92 72 57 49 90 41 48 78 6 23 54 89 63 11 73 1 52 33 99 85 94 74 90 8 46 90 85 53 12 13 42 78 42 11 92 13 32 25 90 63 28 
67 28 36 71 2 51 10 85 13 8 8 0 55 19 29 24 57 27 54 7 27 92 15 79 43 4 16 2 40 40 14 55 13 15 37 99 50 54 52 66 56 29 38 0 95 62 27 56 17 13 25 25 18 4 81 7 25 83 8 13 37 42 74 58 41 65 74 34 4 77 59 7 37 47 96 81 37 34 55 28 66 92 52 65 91 9 32 95 53 19 57 10 69 1 32 68 92 97 4 28 95 94 48 73 8 36 71 64 11 63 66 54 12 8 54 84 17 97 6 75 6 30 84 51 81 40 32 94 43 91 32 26 2 93 80 65 37 55 13 86 45 64 77 59 20 66 91 14 27 31 77 91 5 23 95 86 34 24 19 12 26 36 16 91 61 70 31 92 22 55 56 82 36 45 31 84 18 84 81 75 20 4 4 49 25 60 27 19 61 52 79 83 27 58 46 66 4 81 85 70 60 90 73 38 31 46 0 29 50 66 60 63 50 31 29 47 24 59 17 92 45 49 71 96 47 81 70 82 76 26 2 2 70 63 80 7 55 71 69 91 76 32 68 53 59 70 8 4 73 3 50 20 62 22 47 35 21 77 23 36 23 4 65 82 26 71 46 52 10 55 47 53 72 34 57 74 13 25 31 30 29 91 11 5 39 75 75 91 42 36 11 1 38 96 50 39 53 3 58 90 
51 92 11 20 28 28 59 84 80 49 11 3 94 81 58 53 99 34 89 97 78 32 62 84 45 79 32 35 17 27 10 90 80 7 17 31 40 85 49 84 38 18 0 68 16 58 52 83 31 68 83 36 83 51 92 70 63 87 96 92 27 98 42 25 29 45 29 27 28 87 43 90 7 61 1 75 92 10 11 82 19 82 49 9 30 3 53 0 79 68 39 25 13 30 36 78 85 35 42 88 32 40 41 92 77 98 84 73 0 8 94 42 26 30 46 29 42 6 20 67 73 1 75 23 37 97 40 10 47 50 34 0 79 15 30 16 13 72 66 72 71 23 60 37 80 51 13 14 42 68 95 29 46 62 45 59 64 75 73 39 99 33 33 84 45 65 36 7 98 92 53 68 20 74 78 35 98 42 10 4 27 88 24 22 33 51 93 15 7 85 5 20 14 26 20 7 83 53 70 95 73 44 22 24 99 75 67 79 83 92 41 88 76 71 88 55 0 80 38 86 96 45 64 77 73 88 46 52 86 9 6 83 29 0 57 77 67 48 15 97 99 90 31 60 33 31 32 27 21 19 36 66 86 14 16 55 83 38 63 80 28 1 91 5 97 64 1 5 35 49 88 30 16 96 15 49 25 89 1 16 16 53 35 48 61 19 80 39 57 87 35 32 64 31 39 7 77 60 69 52 
29 55 56 36 91 29 94 82 30 2 56 45 50 11 26 2 79 40 66 96 86 27 64 8 5 10 75 1 82 47 52 31 0 54 69 86 64 21 88 46 65 38 3 22 54 97 15 11 69 18 23 77 24 14 89 18 66 18 54 94 90 57 82 49 5 95 95 88 11 56 76 26 63 47 15 70 78 72 45 45 87 48 6 70 94 88 14 89 84 96 80 39 84 3 95 24 17 49 12 51 68 17 37 1 59 82 76 67 70 94 13 85 36 1 7 51 38 88 21 68 9 56 71 80 29 79 18 48 59 68 35 10 49 46 2 55 83 92 91 98 43 92 41 0 49 6 26 10 44 68 28 68 90 45 34 73 26 86 33 22 98 64 69 62 24 12 24 55 31 9 35 49 70 15 36 24 10 54 77 57 99 55 58 7 45 21 90 78 58 91 43 41 42 17 58 87 85 3 3 44 5 81 53 96 57 17 93 17 10 10 46 77 1 54 10 47 72 65 26 82 13 81 56 82 98 1 89 62 52 96 35 79 3 86 49 51 91 28 85 57 42 87 78 62 35 42 79 27 42 52 30 99 98 26 39 59 51 24 65 26 77 80 55 49 14 91 9 60 80 55 63 78 73 21 96 93 4 82 22 23 11 44 4 39 48 59 49 96 7 96 10 60 92 80 57 48 23 64 15 14 
76 22 57 8 13 17 6 64 54 64 78 64 74 44 24 9 74 18 71 1 95 48 85 62 0 79 20 7 50 62 15 89 98 4 46 0 96 16 48 75 54 9 63 47 48 86 23 42 9 22 75 99 84 36 86 34 92 64 48 45 43 36 86 92 39 90 72 19 9 99 81 76 69 74 92 58 49 7 92 77 45 88 86 53 32 73 11 43 81 67 13 82 28 56 58 50 31 22 43 27 10 16 4 50 81 50 89 2 45 81 72 6 9 12 22 59 64 66 72 51 31 44 72 60 45 71 39 29 11 60 50 37 44 92 25 0 59 69 6 12 69 62 13 65 11 18 68 41 17 5 78 69 79 34 14 9 19 42 51 23 95 69 19 33 23 67 99 87 49 51 53 9 35 64 17 14 64 70 34 10 41 19 41 21 89 89 44 77 82 53 79 73 0 82 83 45 7 23 59 79 4 15 66 85 78 44 97 62 45 64 89 8 48 70 35 40 76 89 76 79 1 90 67 9 27 48 31 68 73 95 22 10 4 54 35 87 31 81 44 32 80 85 77 45 12 27 27 79 93 41 66 40 46 89 58 12 61 64 94 92 2 0 59 85 2 74 88 50 51 81 39 87 51 19 36 68 8 69 49 25 83 90 53 93 67 64 74 63 90 0 53 25 37 28 51 2 89 51 26 0 
7 17 88 85 27 8 23 92 87 75 93 38 0 52 33 93 86 50 47 60 64 58 91 83 69 99 57 69 64 16 66 36 96 92 85 44 67 10 78 56 49 98 98 41 2 24 11 7 57 30 52 3 95 78 71 10 93 55 18 48 96 37 51 38 52 38 62 58 12 37 10 76 52 84 72 82 0 27 21 10 36 25 62 51 18 13 12 96 7 42 37 64 9 79 62 50 83 45 11 70 15 46 4 8 2 6 14 76 25 7 61 38 25 19 2 12 30 68 26 65 30 65 85 55 43 83 52 79 7 9 60 9 57 13 58 18 78 76 32 37 43 5 33 82 71 49 80 40 39 0 0 51 59 15 2 24 95 82 91 59 35 51 31 64 25 84 23 60 7 42 94 86 18 8 2 84 23 93 28 75 25 91 76 61 52 65 15 23 88 91 25 68 22 16 94 95 56 31 78 10 79 45 99 25 8 40 60 91 1 28 57 68 38 49 34 42 72 16 53 96 11 29 38 54 94 47 74 53 78 6 34 56 85 81 57 75 97 92 7 14 38 49 59 4 15 17 17 45 8 61 39 15 6 17 28 91 98 88 60 81 20 93 96 80 22 79 31 35 95 63 12 48 17 25 55 5 98 91 2 67 65 6 86 60 49 84 47 20 38 8 92 25 89 83 4 52 13 7 5 38 
57 88 79 77 87 69 41 61 91 89 66 49 70 95 28 39 75 99 26 69 9 84 64 47 96 56 56 69 37 61 66 11 77 35 75 51 36 99 82 50 86 23 58 39 61 4 84 37 73 21 82 28 42 38 73 48 28 27 91 18 98 48 95 79 46 48 31 49 11 25 87 18 62 32 42 83 63 9 49 47 53 44 65 73 98 66 94 52 63 94 56 36 66 47 34 59 32 7 26 58 26 26 32 15 30 36 72 76 19 37 27 23 80 55 60 38 84 41 55 9 31 53 46 76 31 82 46 19 79 29 41 58 16 38 63 27 34 76 65 22 22 93 96 62 23 53 14 27 38 78 42 49 73 88 15 48 99 3 98 89 86 39 51 69 64 0 32 12 48 6 9 1 35 84 23 76 95 15 91 71 11 28 74 50 62 32 45 12 30 73 42 82 89 63 41 76 96 64 4 60 83 31 21 40 47 3 58 77 49 58 88 2 19 90 2 35 83 1 98 45 50 93 53 18 69 71 89 52 15 11 40 16 94 84 93 53 63 55 89 36 84 59 64 44 17 21 21 55 16 24 65 70 14 58 41 57 77 99 17 88 0 47 22 45 18 55 69 17 33 56 65 45 44 69 56 3 68 86 63 22 10 85 4 17 97 29 42 54 93 96 89 77 34 68 50 82 7 14 38 95 
82 97 93 71 83 36 13 17 3 80 60 63 89 84 88 84 16 56 74 84 81 63 28 72 49 77 99 43 77 80 20 75 54 32 62 55 76 32 88 54 87 33 49 84 48 77 79 83 88 17 86 33 7 74 72 88 70 63 9 94 28 57 37 93 31 91 40 99 63 79 49 89 59 92 64 51 55 14 0 13 77 99 63 34 87 10 67 90 57 97 29 30 51 33 22 31 0 33 71 29 68 90 64 15 32 79 2 31 44 85 70 2 37 10 10 76 65 75 93 16 90 56 81 56 5 46 56 32 52 9 13 63 96 12 45 75 96 47 71 6 99 65 45 73 44 64 16 32 93 69 32 27 74 82 45 47 94 54 71 30 46 45 57 54 95 53 78 2 54 19 9 20 23 78 11 74 3 70 25 58 14 33 46 66 84 43 3 78 50 63 66 89 79 53 85 99 15 56 6 55 42 73 35 10 16 74 21 85 36 42 6 33 33 31 5 80 26 35 19 76 32 64 15 93 42 55 78 17 73 86 27 83 8 0 4 34 72 60 65 43 52 84 98 34 80 36 39 3 72 6 54 80 82 8 17 68 89 72 0 50 32 74 57 97 13 2 8 95 20 86 85 90 44 76 41 11 78 73 24 50 64 38 64 24 87 55 11 10 65 65 78 33 25 83 83 29 14 99 24 62 
86 34 95 23 31 14 26 8 79 64 81 84 91 86 6 50 62 73 70 76 49 37 45 67 66 31 70 34 12 98 1 23 64 89 32 38 34 80 13 59 91 54 22 70 67 80 29 0 78 17 21 43 98 62 53 13 26 64 60 74 68 58 59 95 26 46 74 82 1 6 80 60 53 80 86 79 24 30 26 74 81 76 67 75 47 72 85 40 49 41 49 51 38 39 99 88 16 32 97 99 72 93 87 64 94 57 64 43 43 38 36 61 71 80 20 11 30 63 93 14 64 7 32 2 22 56 46 71 55 78 72 50 0 77 93 38 77 16 59 79 80 78 38 15 68 22 38 37 46 45 11 91 3 12 35 2 69 56 32 34 2 92 69 23 12 3 39 34 45 24 92 89 96 48 28 52 25 89 6 17 35 57 32 68 5 77 92 57 14 75 78 80 87 53 39 21 79 86 63 94 88 76 99 21 96 96 44 97 5 57 92 12 47 73 1 22 24 86 26 18 41 37 44 59 88 26 5 90 0 6 27 81 49 72 99 19 87 13 19 14 23 73 29 25 99 60 81 97 40 97 31 39 99 46 78 8 4 72 12 6 61 26 32 93 7 27 48 29 4 44 57 51 93 80 35 8 64 60 49 14 60 39 30 53 61 88 30 10 68 97 11 32 66 7 87 90 4 71 66 80 
10 78 42 33 3 49 14 25 25 44 58 72 85 93 67 20 32 40 73 92 75 48 64 76 84 40 90 24 56 26 8 17 11 15 55 46 10 78 12 91 4 68 31 23 25 75 25 65 14 94 62 10 31 92 87 65 42 73 69 34 50 84 72 88 51 44 13 52 49 20 7 58 89 10 9 44 75 91 68 3 63 82 81 93 24 68 29 75 42 32 88 25 4 69 23 15 67 82 56 76 45 68 94 53 89 0 49 44 74 37 83 30 30 84 47 7 71 22 71 54 49 20 98 96 95 82 36 99 72 82 10 22 78 61 92 77 53 96 83 50 81 78 47 63 9 18 66 6 23 25 63 71 8 1 66 30 14 4 36 52 19 93 96 93 94 22 79 95 46 57 82 99 95 43 83 30 1 46 55 34 36 44 70 97 28 79 43 18 39 80 65 56 95 18 56 93 5 82 32 18 27 63 72 42 52 42 65 90 5 11 48 98 75 22 43 41 6 31 30 60 11 12 89 38 56 63 91 24 62 64 12 1 59 55 50 6 82 86 7 97 29 43 6 37 99 47 70 6 28 18 0 1 66 20 52 84 48 64 22 40 48 52 45 4 82 24 49 21 31 43 9 21 40 23 23 89 39 85 61 25 54 16 58 19 53 77 88 96 75 59 61 27 24 44 34 54 96 30 3 1 
95 73 95 87 12 28 11 54 6 24 10 75 80 37 88 43 74 85 38 38 52 18 70 69 43 94 37 23 93 92 19 37 21 89 59 78 74 8 72 44 11 95 41 80 64 97 41 70 37 24 40 9 78 36 96 79 82 35 91 59 85 70 22 16 18 21 18 22 35 72 38 15 4 1 55 37 16 26 68 32 84 97 1 70 34 9 23 5 70 32 6 17 1 51 45 87 6 18 88 70 57 36 99 84 74 60 73 20 63 39 85 53 10 42 73 70 96 41 54 42 19 93 28 85 85 60 37 28 43 49 41 99 2 16 18 82 45 20 92 17 29 19 96 93 76 1 24 65 43 62 85 88 81 87 73 36 35 74 74 7 44 99 43 32 69 49 71 19 15 73 95 68 18 26 12 99 30 13 54 36 8 10 93 67 90 88 18 62 83 22 95 96 88 91 8 47 17 19 42 67 81 94 12 65 7 70 4 39 38 44 97 16 38 55 3 94 29 85 75 47 49 1 44 38 43 73 89 46 13 4 40 11 14 73 76 21 54 83 87 52 58 91 17 57 10 92 57 61 21 44 13 78 24 3 34 62 19 13 80 83 18 21 27 30 84 26 30 93 36 68 88 22 40 38 81 77 98 88 85 14 42 99 36 20 80 18 16 72 53 19 18 12 47 1 54 9 74 60 23 20 
91 12 11 81 93 3 31 12 35 26 14 8 86 20 66 96 21 59 45 45 41 19 86 32 22 4 11 41 11 73 69 11 42 74 61 33 18 63 20 11 22 3 26 16 69 30 61 87 4 65 68 23 45 22 88 35 39 81 72 21 14 63 16 48 17 67 33 11 87 32 12 6 13 0 34 73 60 62 45 93 30 86 80 20 51 36 85 53 37 93 17 83 29 15 92 42 65 44 28 3 11 28 78 83 35 24 12 59 52 63 63 14 13 16 85 37 74 52 4 41 15 70 91 12 10 39 95 23 18 37 98 83 78 84 78 62 6 19 20 82 29 69 19 39 10 47 54 84 77 88 91 66 76 23 16 76 26 94 93 44 50 75 10 3 80 10 26 33 50 21 59 55 15 57 22 3 31 43 96 7 53 92 86 60 27 12 22 58 0 68 41 82 32 34 55 1 19 76 81 74 38 30 90 66 16 1 45 70 3 19 99 47 72 98 97 25 17 38 86 6 63 1 23 15 98 55 66 1 63 65 73 57 36 92 23 98 69 92 27 51 92 12 32 21 94 72 41 6 25 76 26 89 98 98 75 24 51 68 52 57 83 26 66 27 51 96 69 54 80 0 84 12 75 16 94 88 59 2 48 29 85 43 48 5 74 41 10 29 96 41 67 69 78 69 8 61 95 62 91 27 
75 62 4 89 73 67 50 19 82 48 34 41 18 80 32 47 4 64 48 15 54 93 34 25 48 27 52 96 97 62 49 66 85 38 78 97 86 87 89 38 42 81 62 71 50 96 4 2 40 7 98 99 79 70 33 83 79 37 95 91 36 13 68 81 44 62 65 96 31 25 5 69 47 46 20 30 66 79 53 36 12 35 10 91 90 7 30 43 16 71 33 2 78 80 48 78 30 76 32 32 31 89 5 0 72 91 69 58 51 39 7 67 10 59 27 73 32 98 84 31 79 40 97 6 21 98 94 2 93 78 20 42 17 63 17 61 68 55 38 0 61 44 31 20 99 75 60 10 94 67 73 70 9 24 89 60 60 77 27 94 3 52 52 12 85 22 93 85 6 54 13 50 26 49 77 98 51 36 99 10 68 83 74 59 31 15 6 17 47 95 75 74 1 23 31 84 1 38 63 16 45 86 64 76 24 65 8 36 79 96 45 65 28 96 96 80 79 64 44 20 47 34 54 29 36 67 64 55 48 29 69 85 13 65 72 18 1 92 79 34 76 80 53 22 57 56 76 33 77 27 98 12 79 60 39 76 18 24 13 49 64 3 10 78 33 70 79 37 59 3 82 37 78 91 28 18 41 60 58 99 74 78 90 90 55 28 92 11 12 3 33 86 33 36 0 80 16 68 68 84 
42 35 8 31 28 42 79 70 38 19 68 26 70 56 33 50 49 73 80 93 37 65 77 65 87 40 81 97 86 26 10 13 15 5 65 34 88 92 14 77 9 51 94 18 70 9 28 0 39 90 98 72 86 85 42 13 8 2 19 57 62 38 5 59 81 72 53 63 55 57 66 64 99 47 89 39 32 96 8 48 66 57 71 74 95 74 86 46 77 19 20 31 25 18 83 41 71 62 90 49 29 73 94 39 65 39 36 49 33 62 97 6 12 36 23 46 37 11 77 79 73 44 36 13 52 5 97 82 58 69 74 80 69 53 97 14 4 36 85 7 27 13 3 34 58 5 68 44 36 21 59 1 70 8 96 62 85 23 0 68 30 95 74 3 94 8 90 46 76 50 59 44 44 67 65 56 91 20 52 7 55 49 56 67 69 78 26 98 67 74 48 90 74 39 21 49 52 15 72 86 31 90 67 5 78 71 16 37 89 92 56 23 69 28 60 28 98 24 36 91 65 60 19 50 49 23 91 50 48 83 19 67 0 31 52 16 46 13 70 26 62 36 43 74 32 23 44 99 54 96 63 74 56 94 39 23 66 20 53 69 87 22 79 98 40 9 23 35 67 68 63 61 92 57 99 77 57 37 85 39 27 41 28 42 43 56 95 91 38 55 42 51 34 96 94 70 19 76 71 57 
6 97 53 7 26 38 77 25 21 40 86 61 42 58 50 32 92 30 72 61 84 20 57 96 24 36 7 60 47 48 44 50 61 64 49 64 52 69 12 7 39 55 97 82 67 10 16 3 34 14 64 12 47 12 47 49 13 13 97 62 70 53 71 13 11 67 71 30 11 46 74 5 22 48 20 5 87 52 8 50 71 16 63 83 0 91 45 52 39 22 10 9 42 10 78 66 17 61 16 42 36 35 23 12 10 59 36 98 12 3 29 44 15 74 53 99 4 75 15 81 86 72 21 98 15 38 40 62 5 79 68 71 85 60 20 73 46 88 49 81 4 6 99 47 9 21 5 56 46 97 58 51 5 57 65 3 77 49 16 70 58 92 71 62 50 60 37 48 64 89 37 13 48 35 52 89 57 34 33 74 18 6 15 81 70 13 8 78 5 13 62 18 81 30 51 82 85 65 75 63 49 2 56 42 14 86 97 64 74 83 28 63 67 37 87 11 75 36 5 99 83 62 66 92 66 90 54 79 83 93 37 41 16 77 97 60 3 96 86 89 24 31 98 23 59 30 7 30 59 0 68 66 48 85 35 82 53 92 26 47 54 83 38 71 1 51 33 85 85 76 27 69 65 38 62 9 13 92 6 92 94 96 60 41 74 55 82 87 43 1 26 72 57 74 89 56 85 23 55 84 
2 82 23 18 3 32 40 43 94 54 22 56 24 11 69 81 15 16 70 47 92 60 32 57 30 41 53 10 92 22 37 53 10 23 87 1 25 53 93 59 84 36 5 37 97 67 15 77 44 58 95 78 17 70 54 43 12 91 36 47 17 82 78 77 7 49 84 93 70 22 18 73 49 6 57 21 97 53 53 41 26 79 50 17 73 90 67 42 15 69 64 71 52 9 91 39 69 58 4 50 44 4 25 95 76 85 6 99 79 48 13 49 59 87 22 20 15 82 81 43 90 83 7 22 12 88 74 82 19 9 71 38 58 60 58 55 91 70 28 57 35 78 29 93 22 11 36 32 63 39 59 87 51 15 91 58 38 50 24 30 53 24 97 21 6 70 81 92 36 91 70 63 89 78 82 42 3 43 59 2 0 16 69 2 29 10 13 44 48 1 44 54 13 84 24 49 60 27 22 94 87 71 15 35 32 43 81 65 92 71 99 14 85 33 13 42 13 20 11 63 74 59 75 93 37 19 61 52 24 13 69 44 32 23 16 85 13 76 19 83 29 48 91 80 18 7 44 85 61 26 79 73 89 10 59 6 80 60 95 41 59 64 0 35 17 49 27 79 88 38 12 76 56 16 69 46 73 8 2 13 98 42 99 20 47 35 8 86 22 57 23 58 52 25 15 24 22 85 59 75 
54 66 24 13 9 8 12 7 3 20 31 94 46 85 93 25 14 73 2 6 47 67 90 29 79 74 60 83 51 94 0 57 19 87 1 38 24 16 60 2 91 19 74 85 40 34 66 56 72 28 92 64 60 11 45 47 90 38 74 94 7 63 31 26 72 63 41 80 35 32 38 35 0 99 94 44 14 94 75 20 96 56 76 82 71 82 81 26 88 33 11 55 16 86 74 4 4 0 56 75 6 46 55 61 59 54 3 22 19 18 95 82 30 27 94 88 44 70 89 59 21 54 48 57 79 59 61 4 89 78 64 84 70 10 44 94 43 65 74 36 94 7 26 46 30 28 66 40 8 19 62 0 23 94 60 35 71 95 14 23 78 44 59 63 10 37 10 10 73 99 90 52 40 66 14 16 61 26 70 76 48 66 17 61 49 51 7 44 58 29 1 92 0 41 92 0 29 29 16 53 60 6 81 3 48 90 21 90 20 44 29 87 81 69 9 96 87 36 66 46 91 8 30 3 50 1 44 76 35 13 87 75 83 74 44 50 79 44 92 8 17 95 78 98 99 20 33 91 49 68 72 7 14 73 33 77 53 33 52 5 9 16 53 24 39 73 14 4 71 59 7 94 68 66 96 6 85 74 38 59 29 64 5 55 22 69 98 34 20 33 4 92 6 43 11 4 35 52 88 83 
95 7 56 4 66 12 68 22 61 59 94 17 48 52 62 78 57 46 69 46 53 68 97 42 17 78 13 65 34 80 40 48 20 94 98 25 98 56 35 7 78 72 75 91 67 73 72 6 34 69 94 24 57 95 99 66 44 27 7 49 47 11 19 27 83 2 75 80 35 52 36 10 79 19 24 25 92 89 55 89 37 44 68 13 58 89 11 49 3 13 80 4 8 61 98 27 42 42 14 68 51 86 40 70 71 88 79 67 67 28 16 93 62 35 45 52 78 93 50 98 26 95 97 21 96 69 5 75 50 53 7 3 35 0 78 54 89 30 48 18 24 16 84 46 38 11 62 17 45 38 83 41 31 32 72 93 0 44 97 24 15 99 44 56 3 98 51 69 96 45 27 55 40 92 16 89 45 30 73 48 2 65 70 6 67 18 2 17 43 31 95 57 99 60 33 3 29 48 9 20 93 12 60 77 23 57 39 4 80 86 5 27 7 84 27 8 51 8 58 92 1 84 64 40 26 95 22 81 57 15 50 18 56 20 5 3 7 95 8 32 12 83 14 47 25 98 45 49 67 85 61 47 1 75 91 26 0 11 88 94 78 46 92 30 81 20 64 72 27 61 16 75 81 12 17 3 60 11 1 17 93 70 1 88 94 0 50 75 9 75 22 4 65 13 56 20 66 27 18 38 
73 4 88 28 84 37 15 57 93 42 43 79 84 92 93 1 39 18 36 87 96 54 26 8 18 39 38 75 8 44 80 13 6 33 52 59 45 0 0 90 27 73 49 29 97 65 42 35 55 5 54 64 93 2 86 63 6 4 54 77 30 22 8 63 41 95 27 40 3 12 69 84 38 91 30 64 65 77 35 51 7 13 75 2 3 40 59 71 85 9 97 46 69 17 65 5 54 55 75 58 72 64 0 13 29 52 79 14 35 94 97 43 59 26 29 68 11 67 87 12 79 67 20 3 76 70 11 67 54 77 55 3 7 90 91 40 99 0 1 30 45 56 90 34 77 62 51 35 6 39 52 73 97 38 24 19 42 14 93 26 4 69 94 60 19 56 94 7 21 34 60 32 63 28 56 26 46 29 97 12 10 48 9 27 67 70 51 99 60 99 71 86 52 75 95 79 77 47 29 24 88 13 10 45 89 13 70 22 5 77 28 6 4 7 68 64 22 76 66 7 49 15 63 63 57 45 40 54 82 59 54 94 34 24 89 12 30 3 48 59 88 36 61 37 92 35 51 34 32 19 98 80 38 71 60 87 12 73 42 49 18 17 6 73 28 46 45 46 4 20 72 88 24 60 83 51 57 56 5 74 35 22 81 62 69 48 36 89 80 41 87 81 25 50 18 43 1 0 66 12 
57 40 74 96 46 55 1 86 12 59 39 45 33 5 22 6 52 70 76 89 93 82 47 34 75 4 23 43 27 95 3 23 21 73 10 65 96 50 30 51 5 50 88 80 68 83 51 84 26 2 32 5 77 84 82 87 95 91 74 56 27 89 35 17 63 5 97 11 35 3 39 66 0 18 91 44 55 47 40 21 51 61 48 31 55 62 79 93 13 47 95 94 10 28 96 43 47 23 97 52 10 83 31 43 2 73 24 55 97 27 55 27 58 60 21 32 45 35 77 61 14 49 88 46 48 3 94 80 40 70 47 67 65 40 69 99 45 36 34 85 67 47 6 21 71 26 88 69 81 83 6 80 15 23 17 38 93 96 11 51 12 79 19 62 36 91 88 67 75 81 95 18 37 78 32 94 74 6 11 94 88 69 24 9 39 86 17 40 78 82 73 98 68 25 60 61 46 36 68 5 54 70 34 3 0 82 37 97 16 28 59 12 62 64 83 32 40 72 9 44 59 97 31 53 50 68 98 95 57 55 80 77 89 95 83 11 60 9 25 41 60 1 45 13 5 36 16 81 73 68 16 67 13 0 55 82 41 71 29 81 95 88 58 28 69 47 71 35 19 61 32 70 0 4 33 93 59 66 57 54 8 39 88 54 17 72 43 85 58 42 82 43 7 10 8 71 90 84 28 39 
56 43 34 45 39 99 50 78 64 32 95 42 44 53 95 44 30 80 12 87 56 86 38 56 84 26 19 24 57 8 78 56 3 27 74 69 44 46 13 64 94 3 3 24 79 23 23 57 65 27 0 56 85 39 1 66 28 72 38 43 83 81 38 98 13 42 12 91 77 54 37 93 36 30 45 21 64 45 96 5 19 39 32 72 39 51 98 81 91 81 87 5 8 70 95 1 55 23 77 73 3 93 49 33 40 68 82 2 8 36 13 54 13 66 75 45 70 33 48 14 9 43 47 18 54 45 99 72 65 40 46 57 60 89 91 63 71 28 57 64 58 29 7 47 50 93 45 96 28 71 41 96 85 20 65 30 20 95 31 78 77 88 69 87 63 99 99 61 10 19 53 64 69 51 40 91 19 81 35 25 46 48 77 82 71 65 90 46 75 41 43 40 54 22 12 7 91 61 50 90 70 15 20 70 51 46 25 49 82 89 46 74 59 78 56 0 12 72 86 87 75 23 83 33 97 83 93 24 81 92 82 75 89 37 60 75 6 51 31 27 7 18 50 38 4 37 7 80 94 22 34 81 55 26 82 54 40 40 78 8 48 70 29 15 20 35 97 69 42 29 38 55 54 29 71 19 88 2 40 20 64 64 8 34 39 19 53 55 45 82 72 11 58 79 73 50 66 6 54 58 
50 46 45 94 48 0 9 1 17 15 58 43 25 76 53 36 76 98 62 71 62 98 74 9 19 80 23 6 88 65 86 80 7 40 34 99 95 10 12 11 57 52 26 38 93 84 97 57 10 56 69 99 0 52 53 94 81 4 40 33 7 50 11 66 18 17 63 41 55 3 98 52 56 67 72 83 1 73 85 9 74 33 18 91 96 22 93 20 11 22 66 74 85 73 4 96 93 17 67 38 99 32 60 52 90 7 68 58 52 54 57 99 41 96 72 92 30 72 70 15 31 36 94 15 57 61 43 4 73 9 55 76 94 88 2 78 66 41 46 6 8 54 95 23 18 69 47 56 35 25 55 16 41 68 76 70 27 56 61 93 67 14 81 8 3 9 64 23 24 42 26 88 25 48 31 82 17 29 19 90 36 95 32 57 47 50 12 22 19 84 24 47 55 9 2 71 53 38 34 76 64 44 58 32 78 12 2 24 90 86 26 42 32 44 7 45 31 48 66 45 96 13 57 26 97 76 39 16 67 64 40 67 38 89 15 84 23 66 9 60 45 44 90 65 87 32 89 65 51 39 58 43 11 70 48 49 93 66 99 42 26 43 20 43 91 70 6 97 7 75 74 92 15 31 63 98 91 80 92 73 41 50 17 30 8 53 48 41 72 10 18 53 42 46 7 45 11 77 87 41 
37 10 6 43 99 29 25 82 23 75 77 5 42 3 67 8 27 96 21 83 85 7 19 5 75 42 2 28 81 89 74 52 58 11 49 55 0 4 54 92 42 30 8 50 19 31 91 39 92 86 38 23 50 77 92 88 58 28 13 18 15 91 82 37 15 8 36 65 52 16 5 94 87 4 86 36 21 25 61 1 11 48 31 0 27 3 24 12 88 68 32 91 31 4 70 20 4 99 33 41 79 0 79 71 28 94 10 13 7 87 7 27 56 89 53 39 47 29 15 97 13 93 78 31 92 71 67 14 90 84 18 68 25 38 47 36 24 70 87 41 28 76 43 21 97 28 48 11 53 41 68 77 50 66 51 82 90 97 69 2 17 85 20 61 16 83 41 35 98 28 63 0 1 96 3 3 52 89 90 69 74 32 96 98 83 43 27 80 25 53 40 64 64 21 95 17 78 85 55 58 20 8 73 69 49 3 96 19 15 72 10 24 18 10 37 63 95 43 83 43 83 87 74 84 96 14 3 98 74 24 82 11 98 75 77 44 14 19 23 95 90 19 23 55 17 8 34 67 96 89 19 68 33 74 93 76 37 69 94 0 80 65 70 18 99 89 55 25 92 0 67 55 8 30 48 63 74 42 57 47 13 4 77 85 68 1 20 28 7 35 55 67 93 89 99 55 13 33 69 63 
98 88 25 27 73 45 85 5 25 18 89 39 99 34 57 49 24 65 43 57 49 99 73 62 77 87 55 24 5 81 22 2 31 8 75 72 38 75 35 59 15 32 34 42 71 5 44 91 93 51 12 91 82 52 90 44 58 99 56 69 70 16 15 39 70 52 95 0 44 15 17 61 42 68 24 86 71 31 40 1 34 50 76 80 37 8 99 98 78 57 41 22 85 73 7 34 62 93 40 37 21 47 37 87 15 84 5 50 75 70 55 85 17 13 40 16 97 69 3 42 93 82 91 92 75 5 74 37 59 13 21 57 5 38 14 60 59 88 56 31 4 16 27 6 3 35 37 36 45 37 8 66 38 75 65 17 71 55 14 88 90 15 75 99 33 64 75 4 64 30 48 77 39 70 46 3 62 39 30 32 32 27 2 25 62 90 57 97 18 30 87 85 27 14 61 8 20 86 77 9 93 84 32 23 36 91 2 83 55 51 50 65 27 71 23 89 45 8 35 38 49 22 74 2 19 87 9 55 40 45 45 67 59 50 8 70 23 84 23 18 32 26 97 6 86 31 86 34 63 21 14 56 49 54 21 53 69 23 32 57 47 72 26 80 72 11 14 26 28 12 10 95 83 86 31 34 19 27 18 91 53 82 64 86 73 71 37 92 32 57 1 41 56 98 38 97 86 57 21 34 
43 58 25 42 81 8 1 5 57 10 12 44 61 67 35 14 25 98 9 69 65 89 56 58 7 62 47 55 64 94 3 1 64 78 73 68 10 0 3 25 95 76 82 64 40 73 80 95 18 6 71 12 94 35 89 63 12 40 79 33 60 48 22 0 42 29 28 31 30 85 2 1 72 59 66 84 35 88 66 42 22 49 95 0 72 47 43 98 27 93 75 84 51 38 96 40 49 54 80 8 2 75 0 93 6 75 36 35 10 13 86 62 98 42 58 0 1 33 8 85 10 18 35 67 38 5 68 47 59 3 81 3 49 71 12 6 76 31 62 40 85 86 5 53 96 12 35 5 94 33 32 65 65 18 10 72 46 14 32 15 0 0 48 1 73 11 42 93 48 38 7 86 46 87 60 45 25 99 13 3 58 80 37 35 48 81 29 56 2 84 62 79 27 96 84 51 0 62 29 58 10 14 11 54 11 53 42 20 65 51 18 58 41 30 13 33 14 3 83 52 23 6 88 44 48 93 60 7 2 84 37 37 49 40 55 69 62 7 88 13 7 52 68 11 70 13 51 79 85 97 7 40 59 71 67 87 96 27 71 18 70 64 80 20 10 28 35 45 91 86 78 26 17 58 15 7 64 84 98 38 36 0 60 4 39 73 57 15 35 37 83 56 62 57 11 20 16 17 71 33 
87 86 36 97 57 27 25 46 19 93 63 99 9 41 51 26 6 34 83 55 70 22 58 92 86 55 47 48 23 55 59 86 58 55 21 43 0 68 56 55 39 25 35 4 44 9 21 89 31 84 63 25 75 7 96 7 78 18 84 61 62 2 96 66 50 96 11 7 76 90 76 25 50 64 75 58 52 84 89 94 36 29 95 77 0 51 17 29 11 4 30 68 19 78 9 50 85 51 68 82 37 61 51 76 39 75 97 59 22 19 38 2 92 77 85 52 86 78 7 45 98 93 72 77 1 41 82 95 45 70 92 17 73 42 57 81 61 13 53 1 51 1 58 55 81 56 10 42 21 7 57 90 6 17 32 0 3 56 37 32 74 97 15 40 79 19 72 16 20 99 70 48 49 7 53 67 39 2 79 22 35 83 67 30 80 83 92 99 8 10 8 28 31 73 0 51 49 6 49 52 69 35 7 50 20 42 8 61 52 11 17 63 40 77 53 54 51 65 56 89 37 40 58 14 37 96 21 66 68 4 68 70 98 44 14 11 59 82 98 7 80 7 74 73 42 10 51 84 82 73 45 61 73 16 53 34 10 16 45 85 98 22 46 92 2 8 15 88 62 74 87 35 61 97 16 11 63 38 4 94 75 60 11 55 3 91 91 50 75 48 35 50 98 6 78 60 43 97 44 68 
29 30 17 37 23 77 10 80 94 55 93 10 70 94 95 10 23 57 14 78 19 42 73 53 59 94 32 70 11 8 91 34 74 50 98 78 94 69 38 7 49 43 37 76 89 36 74 35 3 56 88 93 93 43 0 55 26 90 53 70 86 44 22 46 21 48 67 11 18 57 42 56 86 0 34 1 54 67 38 24 88 52 87 18 59 29 86 5 12 13 83 58 24 83 98 93 98 89 63 13 62 72 81 40 61 52 53 5 22 82 57 83 95 40 72 99 7 4 15 17 88 1 39 18 16 94 80 43 61 86 72 24 85 61 91 57 40 92 18 90 20 71 38 92 40 36 89 84 94 76 61 24 48 51 24 40 34 17 24 94 47 11 39 67 11 63 37 45 45 65 2 41 88 30 38 9 7 62 48 42 22 76 58 95 61 72 27 31 51 92 74 28 33 55 99 47 43 15 2 26 87 68 62 36 47 63 3 48 25 15 35 3 19 30 11 80 72 76 90 46 95 10 94 25 56 4 84 85 42 37 29 79 18 2 99 95 37 38 25 88 6 38 38 31 18 49 73 8 7 97 55 92 10 81 33 96 6 16 61 72 31 23 76 20 16 39 44 86 63 40 96 55 6 49 46 72 32 86 68 72 14 33 72 75 89 81 80 12 95 56 45 56 44 39 19 48 59 78 5 24 
81 2 77 64 49 18 58 50 4 92 42 46 66 32 84 0 53 9 37 89 17 85 24 59 13 51 68 4 71 62 75 9 20 54 29 52 98 40 61 63 18 58 84 70 92 66 50 38 7 50 57 18 56 68 81 86 79 9 81 85 65 21 5 66 6 7 98 43 94 94 99 33 48 59 87 80 0 46 20 68 33 6 21 43 96 94 71 41 6 2 66 36 3 58 35 40 89 3 86 24 26 72 72 6 36 42 23 93 89 89 83 32 85 70 98 32 71 36 9 4 87 16 49 65 71 5 54 64 99 69 77 70 32 75 94 28 94 81 11 56 83 28 76 0 94 97 94 40 47 78 84 23 38 20 0 21 69 17 53 42 13 30 98 43 16 37 28 31 32 94 88 67 27 19 76 4 24 53 39 92 96 47 3 44 41 73 80 5 65 27 20 55 32 50 8 25 15 45 53 0 94 2 97 71 97 6 61 77 13 61 55 48 55 27 18 25 89 91 4 98 49 84 10 24 16 39 39 4 29 8 70 47 55 57 37 49 9 3 51 84 18 35 75 49 26 20 78 63 8 49 18 36 92 18 34 6 88 95 93 66 65 82 61 82 7 53 42 20 57 19 85 29 80 49 5 7 9 40 37 30 35 63 89 35 19 81 69 38 41 49 55 24 18 3 46 34 30 45 77 62 
2 21 13 82 14 2 7 8 21 12 92 99 91 45 66 20 64 15 33 48 88 80 81 69 37 14 41 71 20 12 11 25 48 8 31 8 30 57 48 41 80 31 68 18 24 98 12 13 24 23 82 87 97 23 54 66 92 26 90 32 96 57 32 68 28 30 91 53 78 48 15 31 48 98 79 26 47 51 22 28 22 58 53 52 93 46 96 98 30 48 21 42 41 23 54 79 33 47 13 14 41 54 15 18 68 14 92 29 59 52 58 1 3 1 47 57 76 76 81 42 51 30 84 19 60 12 22 58 99 22 20 60 2 5 6 24 67 78 32 93 40 86 80 98 7 40 69 71 58 22 68 48 61 27 61 63 81 42 69 98 24 17 11 39 73 97 59 55 99 97 52 53 46 74 88 75 26 41 53 45 27 39 85 68 54 58 59 87 87 18 37 63 86 52 17 60 72 69 68 22 37 69 66 83 86 22 45 99 77 37 2 64 85 69 68 32 47 51 56 92 19 25 57 91 25 70 37 47 19 84 45 92 65 77 1 25 89 91 97 76 9 25 2 16 79 60 97 69 76 45 82 96 37 63 86 77 20 16 86 29 71 46 58 24 42 71 55 13 83 94 39 77 38 4 11 21 72 79 4 71 26 56 32 36 8 76 3 17 0 68 32 51 61 10 32 81 47 19 51 93 
67 80 90 48 29 16 40 55 53 90 79 24 49 26 43 24 97 14 67 50 54 35 50 93 34 26 57 36 57 15 90 76 64 48 68 81 84 2 38 66 40 5 38 57 20 17 21 58 67 18 5 71 80 71 5 72 99 72 90 94 40 78 41 85 76 41 31 72 29 66 73 32 72 41 37 95 49 50 30 17 43 87 41 43 90 94 61 14 18 16 28 93 60 56 32 0 46 19 29 67 54 80 35 7 51 40 75 4 6 48 46 41 90 51 60 3 47 15 56 68 62 35 24 15 4 1 26 93 44 64 62 31 23 84 5 44 12 96 73 13 21 54 65 21 3 69 22 70 41 46 87 56 48 21 90 66 3 65 16 64 87 92 16 91 3 22 25 96 77 96 74 3 11 78 23 78 71 41 96 87 55 47 42 59 94 39 82 32 25 62 99 57 59 73 76 0 25 14 84 36 45 40 44 89 26 29 59 32 53 97 80 44 3 70 2 60 9 36 99 13 83 28 3 7 95 73 5 26 12 6 72 49 33 95 5 94 86 35 51 7 0 20 24 98 99 22 70 21 33 43 20 21 45 2 75 88 66 17 39 54 62 3 26 45 30 23 80 78 69 41 84 38 27 94 51 44 39 98 13 68 84 91 59 59 19 21 34 44 13 40 14 59 96 26 50 93 54 37 80 1 
36 21 13 50 29 8 44 86 8 55 8 94 77 74 33 43 63 34 82 33 29 48 70 54 66 81 24 4 78 68 24 78 39 54 41 28 76 42 62 12 12 69 48 85 16 63 91 60 33 22 46 99 32 18 56 84 7 67 31 29 2 55 3 58 99 25 58 38 44 64 48 70 1 55 97 1 75 37 38 89 46 59 55 6 83 81 13 53 29 12 72 67 31 35 80 8 0 31 63 64 34 52 50 1 52 78 96 37 76 72 72 94 77 95 5 69 51 62 31 30 84 71 35 2 6 61 19 76 6 49 37 51 47 31 3 80 48 79 3 34 98 10 54 13 86 85 59 51 37 64 45 86 36 24 31 71 72 84 94 14 69 75 71 59 19 6 10 74 81 36 5 82 15 77 47 8 30 63 55 84 32 96 84 93 71 77 6 57 57 89 57 91 26 53 30 78 88 4 4 53 64 70 17 13 67 96 5 79 55 84 16 9 32 83 71 0 56 52 16 5 48 31 17 45 31 12 6 18 4 63 83 50 45 71 8 59 68 76 25 32 36 16 24 36 65 52 65 82 65 36 11 0 54 33 85 71 95 20 92 61 98 74 31 64 74 67 12 21 44 93 41 90 24 38 15 67 90 20 93 37 64 59 27 70 69 37 12 57 95 90 92 75 24 69 32 69 69 6 78 50 
73 41 96 21 47 56 49 11 65 70 28 23 58 2 41 8 92 76 19 36 35 68 50 72 7 40 19 77 78 66 6 86 8 16 62 24 30 43 52 92 66 0 58 40 30 3 26 62 58 95 66 76 83 94 54 84 62 55 74 18 42 88 58 96 47 66 85 84 71 44 27 46 97 46 90 69 78 8 19 44 32 46 94 59 6 32 24 52 47 10 35 45 72 99 90 41 43 89 90 43 78 47 12 66 90 69 87 81 73 43 28 81 35 64 51 61 8 6 25 36 62 5 13 41 2 3 63 1 38 28 7 42 58 79 87 60 84 73 75 78 65 88 4 5 42 8 69 7 11 47 27 10 15 98 16 88 20 32 11 98 65 64 83 92 14 28 16 65 46 30 26 17 74 7 53 68 17 41 15 2 23 57 68 0 31 23 41 78 71 99 66 11 15 75 97 51 47 85 37 22 3 98 66 60 36 27 22 63 37 77 1 33 43 20 76 83 52 5 24 96 78 80 73 65 8 73 67 84 63 45 8 77 62 83 83 88 43 59 16 93 50 36 17 25 11 26 65 8 83 40 81 17 80 8 51 84 74 90 90 54 68 63 14 68 20 22 58 19 69 88 42 91 74 39 41 87 39 70 13 40 96 14 59 89 9 69 9 62 96 22 8 8 27 18 47 30 90 4 10 38 
92 18 29 30 56 73 73 31 69 63 30 45 4 66 60 22 78 59 61 93 52 34 61 76 59 25 63 23 10 3 95 26 91 79 49 84 29 21 62 89 30 66 43 60 17 60 60 19 85 13 67 99 94 20 26 19 72 53 83 50 51 60 60 92 89 8 39 97 63 95 30 15 71 85 59 66 45 10 27 51 96 91 92 26 83 26 24 41 5 74 4 33 1 37 15 63 63 46 30 30 78 19 34 15 22 42 38 27 45 22 42 90 14 11 16 32 23 72 97 65 54 17 64 96 98 42 61 61 52 70 99 17 64 96 22 0 68 39 26 32 54 74 87 44 65 67 67 27 77 8 86 18 28 2 52 13 31 47 52 97 61 97 30 4 79 45 5 56 42 61 0 21 60 82 68 84 68 80 59 23 98 46 74 40 48 15 35 44 97 9 61 26 22 18 7 16 75 16 1 85 56 55 74 58 49 69 7 32 90 22 25 11 90 25 14 6 38 11 36 95 26 67 56 78 1 48 16 47 2 87 52 18 79 57 2 68 77 26 98 18 45 0 90 43 0 41 36 7 88 60 67 8 47 2 46 69 6 89 84 7 1 62 94 62 20 78 36 53 27 85 73 72 37 0 29 63 69 24 7 35 19 19 92 37 9 48 94 0 87 50 64 46 85 14 72 62 90 11 41 14 
67 93 70 91 70 11 64 86 23 88 22 13 45 87 69 32 0 72 98 27 86 11 50 93 24 80 49 88 96 90 29 25 42 91 17 16 67 24 83 66 77 26 20 9 34 33 92 50 52 63 78 51 90 15 33 20 95 24 26 93 54 90 9 20 95 75 51 7 90 42 95 66 20 84 77 76 47 56 42 55 74 42 94 4 93 27 66 69 27 25 17 43 20 17 30 59 70 2 41 22 13 36 81 99 76 49 10 27 36 42 50 4 9 6 57 88 60 3 86 37 55 17 81 86 23 15 12 44 0 45 85 60 85 24 2 5 19 12 50 81 92 98 68 61 19 20 31 71 44 69 95 22 6 9 35 36 42 56 33 75 12 66 54 44 27 2 7 27 61 88 89 68 97 60 17 85 37 31 53 73 47 65 37 1 7 53 73 25 60 42 48 94 72 24 12 74 44 22 78 73 38 33 21 54 37 97 25 7 33 34 75 68 88 1 53 19 54 29 77 88 40 9 19 36 81 88 17 99 74 57 54 76 41 47 88 42 53 74 22 83 31 55 30 54 4 46 83 1 88 41 12 94 82 68 17 2 20 79 69 46 77 80 87 83 4 15 53 97 88 52 35 54 71 80 2 14 90 4 33 30 94 92 59 39 27 77 35 29 4 9 56 27 70 49 62 52 54 93 80 90 
4 57 9 63 66 68 93 45 70 90 79 72 95 82 89 95 72 76 1 21 19 55 45 70 49 86 56 67 56 91 15 49 27 55 13 50 33 50 62 47 17 82 88 2 38 30 11 76 52 62 77 84 43 53 75 94 78 72 56 77 70 67 80 61 18 20 36 98 38 18 83 22 79 50 41 97 82 35 84 86 65 40 16 72 70 40 21 69 87 29 86 7 30 60 26 81 3 32 15 88 7 92 35 31 16 83 57 13 11 90 14 12 95 22 35 65 59 94 56 2 90 60 20 47 13 15 51 47 26 96 84 93 15 95 22 5 26 70 22 9 59 83 89 15 60 21 22 9 11 88 31 47 16 21 32 0 94 42 28 93 54 65 4 41 11 1 8 9 88 5 83 38 12 70 28 87 20 20 80 78 97 19 58 57 91 90 72 38 16 11 5 40 77 87 58 30 40 0 36 39 43 5 52 56 73 88 4 87 62 81 0 53 66 99 87 75 36 70 56 65 38 81 56 12 38 72 17 67 55 54 33 73 16 81 10 44 57 27 59 94 45 18 16 60 85 22 31 4 74 57 31 73 34 35 84 5 19 53 62 85 26 47 3 12 26 84 40 75 35 31 92 77 53 82 20 26 69 47 81 73 36 37 21 25 98 49 70 76 56 65 67 40 11 81 74 78 8 24 75 94 
33 12 11 36 36 12 16 23 97 26 51 54 86 41 0 38 85 72 35 75 63 93 56 29 36 6 7 60 27 46 44 29 54 15 13 11 65 6 12 28 0 3 51 36 67 72 72 92 12 77 83 58 30 57 62 56 4 47 48 90 15 27 96 71 90 40 29 23 89 67 31 45 93 38 5 25 99 45 8 40 83 40 58 82 25 50 80 4 62 93 94 18 68 64 59 76 12 0 24 45 3 54 10 21 2 32 93 9 0 80 88 35 6 76 72 59 71 42 89 88 60 91 54 46 44 52 22 9 18 20 15 36 1 17 51 35 20 40 18 20 22 64 55 9 56 46 9 86 43 95 54 97 29 35 6 4 41 99 89 85 45 87 12 81 23 48 45 60 85 16 64 5 82 27 15 35 39 4 80 44 63 94 94 25 70 92 69 66 1 84 24 4 5 75 55 37 26 17 46 75 45 53 14 73 41 92 13 73 31 78 21 61 17 42 80 38 34 88 25 39 86 61 73 50 38 10 85 84 73 45 33 62 25 53 35 62 82 99 32 8 86 62 58 72 33 42 11 43 12 13 80 86 38 4 38 98 4 42 21 93 47 80 70 71 0 93 41 62 38 75 7 20 65 39 15 45 53 25 95 65 32 64 78 94 32 23 66 70 28 80 97 60 43 44 2 63 25 13 22 70 
52 13 92 45 84 1 40 12 99 29 88 47 66 74 55 75 55 66 89 80 98 17 90 52 76 15 76 53 51 86 22 99 26 50 28 66 71 36 94 87 91 78 20 54 1 21 46 26 14 40 75 83 69 20 52 53 89 50 84 44 20 97 92 6 26 70 36 23 5 56 32 97 2 38 17 31 95 89 95 74 33 50 35 54 67 37 51 18 41 96 39 57 0 84 42 57 65 97 87 14 19 32 88 19 4 82 34 19 9 69 72 40 13 78 18 22 41 54 40 53 23 77 84 78 54 73 3 10 23 73 49 32 13 99 30 54 87 6 37 7 3 30 46 89 50 61 2 94 77 61 73 10 71 40 21 27 34 75 28 93 59 41 98 95 14 28 65 55 45 22 76 70 66 91 51 28 4 52 87 43 79 69 75 3 90 12 80 82 1 46 78 80 68 20 91 79 70 14 93 93 28 54 11 38 63 13 13 58 11 93 48 10 40 17 83 65 70 97 42 86 94 93 95 94 49 87 85 87 22 23 31 97 83 50 84 17 93 46 78 19 88 40 42 83 15 24 82 73 18 68 67 55 86 5 83 55 11 85 20 27 55 79 90 3 63 83 21 6 52 68 79 6 37 67 0 1 88 48 14 28 7 61 30 91 90 61 43 47 58 53 62 35 36 67 91 40 18 90 58 46 
92 13 84 90 34 62 4 91 17 96 36 7 22 20 13 1 23 50 13 51 65 66 64 18 35 82 2 74 2 69 35 2 0 51 13 44 93 17 62 23 7 69 89 27 1 2 44 68 54 36 38 13 53 30 57 72 14 38 38 58 23 61 30 0 59 24 24 93 58 44 57 61 56 62 42 99 77 73 9 67 35 47 30 33 28 47 16 41 15 2 59 81 16 14 70 51 66 97 46 23 11 41 53 45 69 91 14 27 91 22 56 44 16 80 30 17 7 56 93 94 89 79 88 44 89 32 84 29 57 23 88 11 35 36 45 77 29 48 71 93 35 49 93 18 95 64 44 29 78 86 94 73 43 33 1 28 80 78 61 63 14 45 8 11 19 86 63 23 31 51 26 71 78 18 22 4 45 11 57 92 65 56 93 11 5 36 9 42 78 86 0 96 84 72 19 18 25 79 1 23 96 82 95 67 72 89 33 14 59 17 91 67 39 61 25 44 24 14 96 5 59 32 47 27 1 68 62 22 91 27 66 68 50 13 98 96 25 36 92 13 75 46 52 48 14 49 51 1 27 82 31 6 60 25 50 88 14 94 20 69 73 21 53 52 83 34 64 30 47 56 64 70 83 93 99 23 82 54 12 41 59 98 39 79 34 15 41 18 13 73 73 15 64 98 53 9 94 7 59 36 
57 80 42 24 47 11 14 71 99 16 31 79 31 34 44 18 26 14 9 52 6 33 41 9 13 27 66 71 85 33 55 83 30 22 1 1 98 73 0 62 55 19 6 56 67 99 54 12 84 73 46 6 95 97 18 37 62 94 81 84 93 63 98 62 74 54 6 55 87 82 81 91 28 22 66 73 50 12 32 80 17 59 0 48 2 91 87 94 81 21 50 48 3 88 34 81 67 17 92 82 40 31 40 94 90 80 38 44 38 2 66 78 77 96 0 58 88 27 41 47 75 52 81 68 6 35 98 34 1 95 35 83 96 23 51 91 4 29 68 99 93 14 29 91 64 9 47 11 78 65 28 93 37 26 32 56 50 58 16 10 49 7 5 2 91 22 35 6 95 85 26 8 22 88 62 11 7 39 66 67 34 15 27 98 86 43 87 84 15 99 71 43 57 96 77 26 52 22 38 20 43 10 10 94 3 61 3 4 78 98 56 52 93 15 6 83 29 12 1 60 11 55 11 14 2 88 98 0 86 83 37 76 19 27 52 95 75 12 86 21 62 83 5 9 21 58 36 36 46 9 19 35 75 98 15 67 98 21 84 76 55 82 97 57 28 69 33 70 8 76 37 68 5 15 42 55 59 29 1 0 77 67 49 13 57 6 84 30 47 85 46 62 95 61 33 12 13 24 24 17 
19 61 78 0 4 73 95 41 80 68 2 62 23 56 95 83 32 95 48 72 94 8 68 31 30 83 75 88 81 35 73 89 0 39 74 61 37 54 21 10 49 53 30 27 44 69 81 88 54 44 72 73 42 95 24 74 60 89 86 87 93 63 71 53 8 25 8 67 77 62 26 99 97 23 12 21 41 39 5 94 6 38 77 99 78 95 82 11 66 40 34 38 41 61 17 6 16 83 6 31 22 30 44 68 6 35 37 52 52 92 69 72 79 91 20 69 22 65 98 78 91 73 83 38 10 84 62 20 80 59 35 46 5 94 18 5 12 76 52 18 12 44 10 91 94 10 5 41 65 36 10 48 78 91 92 27 83 22 70 80 78 34 5 14 52 12 54 1 8 47 58 38 1 56 19 10 91 81 13 91 7 79 27 92 71 12 95 4 90 30 4 24 55 20 71 27 10 23 97 10 89 82 5 6 81 91 31 70 30 73 2 48 35 39 92 80 82 43 85 31 0 60 46 28 65 11 85 81 87 62 73 97 43 71 59 62 86 14 41 31 56 49 45 83 51 37 45 34 81 55 89 2 55 8 74 56 98 49 31 87 94 39 7 52 67 31 72 22 3 99 89 94 6 35 22 16 22 85 60 41 57 93 72 45 92 56 41 43 51 31 19 42 12 22 89 92 76 4 93 95 
18 90 94 48 33 14 50 4 53 35 63 5 71 87 81 8 66 73 55 50 52 47 91 27 43 84 97 50 92 60 90 6 65 0 81 36 88 41 27 2 55 89 13 74 47 73 88 42 76 15 72 40 9 25 28 89 89 90 91 75 59 15 88 72 25 7 76 68 74 11 89 59 87 71 52 40 41 30 49 16 20 23 51 27 63 94 16 29 86 60 86 26 37 58 81 8 79 15 82 90 83 40 87 49 96 34 10 58 5 91 88 59 99 93 61 14 95 5 68 96 75 1 15 95 59 23 58 33 98 34 36 15 99 87 50 72 20 88 89 78 4 33 24 66 13 52 45 15 46 3 51 76 26 79 7 1 15 21 33 85 21 76 70 4 52 59 38 87 54 84 27 28 49 11 23 72 6 32 10 89 23 46 35 61 15 20 17 60 98 43 90 16 44 14 2 51 83 44 79 71 43 35 13 81 55 68 48 84 17 38 11 39 73 98 98 89 33 6 54 71 17 14 62 14 92 17 11 77 98 45 91 91 80 22 90 11 71 43 12 6 81 7 15 38 76 50 69 80 86 82 55 32 18 22 98 66 56 89 63 80 75 54 78 20 58 30 9 69 60 38 32 74 24 83 74 89 33 62 55 26 17 62 49 70 72 9 73 20 45 61 24 6 25 6 97 42 77 86 75 75 
79 1 60 73 60 61 68 6 16 22 19 33 13 10 38 3 78 75 55 37 33 6 35 79 36 34 24 64 84 84 47 23 83 52 17 74 92 48 76 40 54 79 18 40 64 98 62 88 83 56 76 92 90 96 46 60 42 36 43 63 23 1 44 38 10 33 58 20 90 39 8 79 59 7 65 37 81 78 19 20 12 23 22 56 9 59 17 71 24 79 18 45 85 30 62 80 36 24 58 46 11 92 80 85 21 3 90 48 76 45 1 53 11 93 7 56 56 24 48 50 69 56 93 28 48 62 87 49 72 71 71 79 26 38 61 61 66 62 34 46 59 7 21 65 89 99 6 9 47 39 34 38 83 73 73 0 36 20 55 18 74 12 8 9 56 41 65 6 29 80 14 33 72 87 91 80 66 49 37 29 16 24 73 80 52 44 13 16 56 66 9 92 17 51 48 74 75 5 32 51 27 23 17 64 31 87 72 71 42 10 29 24 9 81 49 33 33 50 84 65 31 49 24 33 85 2 67 92 86 99 24 68 90 1 84 96 75 68 27 99 18 47 2 61 64 56 55 32 3 5 60 69 43 76 44 33 60 69 33 15 17 13 15 30 31 85 86 54 10 74 28 13 71 31 91 75 41 53 65 67 99 11 87 14 59 52 98 2 84 75 5 72 65 99 53 81 32 15 18 96 
87 59 69 29 55 52 90 9 69 8 23 3 43 50 28 96 58 67 59 20 46 37 4 31 24 68 14 71 56 4 99 66 81 3 72 94 33 21 29 7 80 11 87 86 15 83 81 5 94 15 66 58 5 37 97 81 26 79 21 51 18 76 96 76 46 90 50 76 54 7 5 25 46 39 73 1 44 58 91 99 60 75 29 34 7 28 19 35 62 48 52 82 92 36 51 10 3 97 53 29 2 24 38 29 51 57 44 40 95 72 93 67 12 19 60 45 10 66 39 22 52 8 77 17 62 55 87 66 61 48 35 4 99 43 70 91 27 99 57 15 92 99 22 4 27 90 2 48 19 15 14 11 92 29 88 61 81 47 24 56 40 62 34 98 48 84 39 77 94 9 7 39 72 15 75 23 47 87 38 19 56 97 34 15 43 0 60 27 23 44 71 16 28 76 75 76 8 31 21 7 56 13 61 68 40 77 50 15 1 61 56 44 28 34 47 69 91 81 66 89 6 47 1 67 46 13 53 1 36 91 93 19 1 28 46 47 80 84 61 75 26 37 11 52 71 76 14 68 12 13 5 26 80 97 54 94 12 80 96 2 65 25 61 57 68 12 74 74 75 26 25 49 47 56 15 95 78 47 1 94 17 49 55 15 64 81 36 7 32 60 83 47 38 62 8 76 38 94 5 62 
41 97 27 52 39 34 21 20 97 7 90 43 14 34 3 7 92 37 81 13 4 54 65 98 83 80 42 64 22 65 4 9 50 27 40 5 78 57 12 1 39 54 39 0 65 43 63 39 1 11 18 9 94 99 46 10 97 34 71 81 37 85 4 68 75 15 57 77 42 29 27 77 21 10 50 58 76 0 20 90 20 8 10 45 96 55 46 74 47 28 61 85 10 21 28 11 60 28 13 63 62 27 68 94 94 13 15 24 65 34 0 19 41 99 61 30 89 48 4 30 98 66 15 62 8 49 20 88 65 73 2 17 86 26 56 49 81 43 53 33 7 92 65 45 99 67 84 87 52 82 73 48 53 94 41 65 60 65 35 6 80 43 88 85 8 26 88 70 30 58 7 93 46 97 88 0 85 60 7 19 25 97 93 95 91 92 93 90 22 67 14 73 72 68 60 87 19 33 27 63 13 51 90 50 45 40 50 60 32 18 37 86 55 81 75 71 77 19 3 3 76 53 21 9 13 28 49 78 33 91 27 99 28 30 42 72 6 53 90 37 0 26 75 62 98 94 91 99 56 14 74 56 28 29 94 38 37 49 79 75 56 4 67 53 29 73 69 40 12 68 10 62 79 12 87 49 82 28 34 28 83 57 92 24 62 49 3 5 35 58 90 37 8 66 34 90 2 37 46 96 
29 43 12 55 55 60 5 12 30 41 86 47 48 29 7 21 5 75 75 55 80 37 51 83 34 45 94 44 66 4 10 33 7 40 23 13 37 48 64 60 78 7 99 26 50 51 17 17 12 41 33 43 16 77 93 46 59 74 13 74 30 46 82 98 73 78 32 9 82 95 9 84 19 35 83 86 18 88 7 99 78 41 46 62 9 98 41 55 69 92 22 16 77 88 91 66 82 20 63 78 19 90 72 63 22 19 64 51 79 84 74 47 5 74 17 49 65 17 41 19 37 34 23 97 47 6 78 36 41 24 50 92 17 1 42 67 46 5 63 95 66 82 64 11 86 52 38 87 64 60 9 19 31 49 77 30 38 83 60 78 20 43 98 28 81 27 22 73 29 81 75 11 51 32 81 72 66 91 1 42 40 12 62 98 33 38 58 3 30 55 74 35 81 35 13 77 96 16 53 85 32 17 2 29 6 26 20 48 54 53 63 38 91 14 51 19 62 81 69 74 49 2 24 33 64 25 39 56 23 76 61 83 30 95 30 40 29 49 62 48 53 34 79 46 72 17 26 70 54 62 49 91 9 18 86 44 42 26 12 34 37 80 66 32 37 65 57 15 4 50 4 69 16 6 86 73 61 45 97 16 71 82 29 6 53 76 58 73 24 53 28 49 7 39 55 22 49 66 56 74 
29 5 24 66 90 2 65 43 11 60 31 33 69 25 90 15 38 71 45 44 44 67 76 67 19 63 77 20 53 6 17 81 9 13 95 45 64 2 96 13 47 51 74 78 80 84 9 1 52 84 28 29 8 45 85 80 40 99 2 30 54 93 69 98 2 23 60 86 77 71 57 97 41 98 67 15 36 49 84 69 59 47 5 56 74 29 54 15 13 35 44 31 85 53 57 24 15 71 94 27 78 71 77 56 14 46 5 98 89 45 27 25 39 71 87 74 83 14 70 31 61 80 66 70 85 81 85 96 57 76 78 99 47 59 58 96 26 25 84 20 77 55 26 3 19 7 34 48 9 36 92 74 51 84 38 67 63 24 62 46 44 55 1 57 73 9 26 68 70 91 9 72 28 59 18 0 49 73 39 75 66 97 40 83 35 59 38 27 21 43 30 8 1 8 6 77 28 78 19 46 13 61 47 34 25 2 46 65 64 69 78 46 13 61 3 18 82 47 36 66 3 79 64 47 0 98 42 47 41 93 31 95 12 14 49 30 54 68 22 93 63 9 22 47 36 86 50 4 26 85 72 21 19 34 92 47 22 36 66 60 19 64 46 53 1 51 54 49 58 23 12 45 29 57 5 91 20 63 30 50 89 43 87 4 85 64 54 84 91 35 94 55 75 71 21 10 45 66 38 14 
25 95 82 20 79 13 82 44 60 15 98 72 61 10 80 70 41 47 39 70 38 87 37 33 68 45 53 23 26 95 37 97 96 17 67 84 7 41 18 95 76 70 35 78 10 51 99 87 61 30 6 30 73 50 27 50 72 80 5 18 61 23 22 52 95 51 6 28 66 17 50 41 45 1 5 61 9 65 91 92 47 86 18 98 65 29 19 91 63 6 32 47 23 20 44 58 88 45 68 36 99 68 0 69 17 73 82 58 16 29 11 41 54 48 91 99 55 34 87 49 12 8 97 50 27 39 58 88 79 64 70 60 42 1 14 32 53 32 84 90 8 69 91 15 27 22 1 75 82 3 45 21 39 38 99 89 42 40 18 67 5 93 42 58 37 45 85 0 77 10 51 80 85 85 38 49 87 55 84 47 60 7 78 19 50 5 66 14 12 15 4 52 49 64 21 39 66 22 63 39 17 81 18 61 59 41 83 31 71 27 3 26 78 57 71 96 78 60 56 56 94 54 85 66 3 71 69 44 5 8 80 19 98 49 81 52 59 74 38 12 11 23 79 65 41 77 15 83 81 75 73 11 9 26 38 28 63 13 17 20 40 0 0 7 37 99 81 84 69 47 66 23 76 52 74 84 13 91 76 8 55 67 65 95 65 79 17 62 9 53 27 67 20 17 77 6 97 51 81 19 
46 97 32 19 44 52 55 8 41 40 50 82 23 79 41 43 16 27 24 92 46 2 85 97 83 54 98 98 52 29 66 21 45 14 90 93 10 96 2 92 43 28 35 16 1 0 75 39 20 96 30 52 84 71 38 55 28 25 44 60 4 12 49 8 63 49 95 99 67 7 47 90 61 52 9 1 57 48 46 53 34 30 79 60 26 77 51 44 20 16 51 33 51 26 61 38 35 67 86 49 61 65 49 82 35 0 14 33 87 69 31 42 2 46 54 58 84 39 71 9 39 48 0 27 88 14 40 71 57 5 33 49 13 97 66 12 12 11 84 19 41 5 65 10 59 13 7 45 76 93 99 1 72 7 10 21 43 60 8 72 78 21 43 12 69 17 82 7 90 67 72 70 89 57 85 53 47 60 11 74 34 10 59 33 22 70 62 2 85 69 23 83 9 70 99 3 54 27 84 12 26 64 32 23 52 35 70 31 41 27 28 57 47 68 46 25 61 21 19 70 71 58 0 30 21 15 46 99 99 61 17 43 7 3 40 35 39 81 31 78 2 64 60 49 42 25 59 35 26 89 31 77 31 83 42 32 55 98 96 5 41 49 22 80 26 78 96 94 33 58 4 15 42 36 91 55 46 35 59 89 24 49 64 51 55 43 46 98 51 14 22 96 20 81 64 75 28 61 71 23 
70 33 31 16 83 16 13 20 28 67 56 58 86 60 12 33 24 76 6 91 59 89 24 22 0 55 74 27 23 98 10 21 31 76 49 9 13 99 86 30 53 4 94 68 21 10 32 43 42 42 34 16 48 44 39 65 89 94 0 3 25 87 84 18 66 7 48 21 73 40 23 55 6 13 90 87 51 52 5 44 46 68 19 28 89 21 2 81 13 67 8 31 4 84 34 15 91 87 46 80 57 75 38 66 21 36 49 18 39 88 60 69 42 48 64 34 41 48 0 71 0 57 1 2 64 44 94 9 8 26 37 46 92 72 11 86 62 82 88 35 33 53 54 51 1 93 26 13 89 41 49 7 3 11 50 22 20 4 95 66 66 26 4 91 97 59 92 79 41 49 21 22 70 12 28 92 39 9 98 14 89 78 2 64 35 61 3 36 76 47 92 33 99 73 57 43 0 60 83 36 31 71 55 90 85 52 37 59 23 53 92 59 82 94 47 3 66 31 69 88 26 76 0 75 80 62 99 41 90 7 20 85 26 56 93 23 11 67 47 13 70 2 26 83 48 1 53 18 31 14 31 37 39 91 15 35 78 88 21 68 94 39 97 49 7 4 45 92 9 94 90 75 82 64 84 58 98 37 57 46 87 92 75 71 89 68 51 24 94 0 55 45 9 55 65 61 58 7 11 3 
21 58 42 45 47 15 57 97 20 40 74 25 26 34 6 39 96 65 80 23 35 9 80 47 72 83 89 74 5 56 70 3 42 19 65 71 28 97 23 7 64 54 24 73 86 42 12 56 94 15 49 34 4 92 25 32 75 31 17 85 32 59 43 54 35 73 55 28 94 71 22 86 56 1 68 6 81 5 59 51 59 54 60 21 40 24 98 33 87 13 31 58 7 99 13 63 39 30 25 72 34 73 30 4 67 52 31 46 17 37 91 31 14 14 51 20 48 70 39 92 61 18 33 12 18 45 71 1 67 60 74 62 13 29 38 19 5 58 28 86 16 25 64 5 54 74 42 74 88 12 47 23 13 87 89 10 71 93 21 24 83 48 66 72 13 39 72 8 63 26 55 51 36 74 23 62 33 72 45 36 91 40 78 25 2 79 49 8 58 94 14 35 54 41 56 96 46 64 88 11 46 71 7 57 46 30 56 11 33 34 69 5 50 76 63 13 78 79 89 55 35 38 69 17 56 68 8 21 66 6 24 52 42 70 35 53 14 11 31 76 0 6 19 44 52 53 66 96 69 17 27 64 65 6 61 58 35 84 24 51 38 50 29 70 28 6 95 38 67 36 95 91 24 13 39 92 45 1 10 18 6 41 69 2 30 38 65 52 79 46 73 83 93 54 42 59 38 48 78 80 
77 8 44 36 86 75 23 67 67 21 12 63 49 35 78 85 73 13 75 47 21 61 59 35 32 78 29 36 62 91 78 19 9 0 58 73 98 48 4 93 90 24 77 96 38 34 71 10 2 51 66 3 42 58 52 16 12 10 75 53 46 44 51 38 51 47 83 50 89 9 39 95 18 82 75 63 33 1 34 42 46 78 48 82 9 29 81 73 26 72 58 53 83 66 17 11 39 85 79 56 56 46 79 85 83 45 8 85 49 77 76 31 68 0 16 93 19 40 80 34 99 60 52 30 25 64 97 29 2 59 21 41 71 13 0 89 77 23 88 82 36 34 91 82 42 96 14 54 50 36 93 12 25 14 29 5 84 48 50 93 10 52 22 25 76 6 32 83 19 0 91 31 49 94 41 47 18 41 62 59 30 63 91 8 28 12 61 23 71 80 87 69 42 96 28 98 25 96 53 30 28 56 82 86 22 28 52 84 6 54 11 47 82 19 80 70 92 80 67 57 98 58 20 35 96 1 92 99 95 49 9 94 86 9 22 5 8 1 9 22 52 82 87 88 1 65 25 8 72 78 1 81 8 80 6 72 73 50 5 97 90 49 98 72 82 28 12 69 62 97 4 27 50 9 71 24 80 80 29 79 26 79 81 74 10 95 69 17 48 57 56 51 69 17 90 0 64 61 97 32 
8 75 71 6 18 58 61 54 38 22 30 37 76 97 19 42 14 30 86 31 23 54 4 6 28 84 79 18 72 36 9 40 6 17 73 64 62 82 34 55 78 56 48 99 36 39 5 86 82 35 20 68 22 4 86 58 99 54 45 39 4 30 37 36 30 75 60 18 73 50 77 95 81 30 6 80 45 25 70 62 79 88 90 27 41 83 39 45 89 9 9 64 67 26 89 51 86 39 98 27 25 32 98 35 43 73 89 53 42 93 5 7 60 69 7 85 41 37 64 29 9 32 5 13 38 79 41 38 70 31 18 53 59 1 88 91 91 71 92 95 67 38 29 68 81 83 43 57 32 39 96 16 99 87 74 73 66 85 39 37 15 57 55 82 83 64 39 93 18 27 43 71 15 67 93 8 27 34 65 75 76 80 78 92 39 65 98 14 10 76 35 4 20 56 75 63 53 99 18 5 92 42 69 18 59 53 57 19 8 34 45 62 26 54 76 59 36 86 26 94 38 42 5 93 17 7 95 45 84 72 11 48 51 9 94 69 61 1 51 25 78 50 12 3 0 93 6 51 61 53 69 14 90 50 84 1 26 40 80 71 72 36 20 75 90 22 4 30 54 16 74 52 13 39 81 59 37 20 16 95 85 65 34 1 46 25 46 20 76 73 40 84 56 39 60 0 0 99 12 90 
60 85 37 93 20 73 63 94 69 48 72 93 87 37 33 64 40 43 95 83 76 0 65 63 2 1 41 76 44 45 16 88 45 64 88 65 56 83 72 67 32 27 99 58 0 8 82 34 99 2 23 2 31 29 27 72 12 38 16 1 84 22 7 69 36 7 64 81 48 74 35 56 22 65 53 84 83 9 12 91 16 50 90 65 4 84 13 84 73 54 17 64 7 62 26 8 39 74 50 30 59 33 75 50 20 91 86 80 8 55 19 91 92 66 24 15 4 75 4 52 26 72 77 27 37 90 42 38 69 14 0 57 31 42 65 41 34 64 71 18 95 48 28 61 91 19 26 14 29 29 51 38 38 21 64 38 72 52 70 38 29 82 14 90 33 81 28 77 32 32 0 40 7 81 13 29 44 4 16 30 74 22 86 57 11 8 9 33 41 9 90 54 3 13 36 67 12 11 26 1 20 6 61 23 95 68 37 53 83 21 13 69 68 18 92 63 59 42 56 51 37 78 99 88 99 22 49 3 73 89 19 64 63 99 8 18 65 1 24 48 58 73 35 94 71 69 77 52 22 10 9 35 19 91 68 94 99 71 84 78 45 47 92 92 66 87 35 94 2 58 40 6 65 16 2 88 7 11 52 70 87 98 74 89 98 58 87 17 9 97 93 52 35 91 56 11 97 52 52 72 
79 33 79 99 18 53 91 17 47 52 27 55 87 22 32 79 25 81 55 87 64 53 71 9 16 14 32 75 28 73 88 21 45 99 17 6 37 70 79 75 77 23 94 94 22 6 89 76 87 67 47 53 65 8 48 35 56 4 15 80 2 23 69 67 94 57 30 53 66 94 27 62 15 22 65 46 29 98 36 12 40 82 55 44 32 65 53 65 44 81 65 36 19 10 57 90 8 27 57 20 77 11 73 15 44 96 97 78 73 32 71 19 65 41 48 69 66 45 71 9 42 46 60 4 71 30 82 95 52 95 66 57 85 80 6 24 35 56 42 27 60 68 4 43 67 85 74 88 65 34 9 60 7 26 98 86 50 87 59 55 61 13 26 75 75 4 1 76 84 52 96 93 89 28 10 33 14 91 9 56 64 84 45 8 72 73 89 7 77 91 56 29 98 71 53 12 34 70 73 86 56 86 39 44 31 15 90 62 9 84 17 35 58 79 76 27 3 23 67 86 62 86 1 92 53 63 33 92 17 96 7 13 93 58 69 27 29 11 26 97 56 17 63 14 61 49 38 99 39 4 87 64 20 87 35 5 67 56 18 3 1 53 16 45 55 43 43 94 9 21 57 81 58 71 41 36 46 91 2 52 77 49 45 32 25 27 48 19 55 54 51 76 65 98 51 64 38 80 40 86 
74 30 29 74 2 73 47 84 11 9 23 64 7 66 37 69 50 40 24 13 35 61 7 29 26 46 54 15 73 40 54 63 46 21 18 9 3 51 16 24 75 93 14 52 67 64 93 14 94 77 67 8 80 24 50 47 6 15 32 96 4 58 39 64 33 48 87 69 98 77 35 45 9 46 46 21 59 83 49 45 32 92 71 25 42 7 41 26 17 33 43 44 8 25 84 55 80 71 82 70 90 89 70 44 70 74 61 8 96 16 30 56 53 81 10 47 33 29 40 53 62 27 12 2 7 76 47 75 38 46 56 13 77 23 44 40 41 34 61 34 59 78 27 35 78 22 13 79 4 0 17 78 36 28 10 39 8 69 69 22 76 93 69 51 93 66 48 80 80 17 59 33 50 98 4 61 34 50 89 54 23 67 16 69 72 8 62 89 32 67 89 15 96 16 85 1 20 28 8 97 57 0 60 38 41 94 6 61 83 41 73 88 6 52 31 31 20 15 43 82 92 75 24 58 93 64 32 4 3 85 68 5 56 25 76 98 15 76 57 11 68 43 90 80 30 21 40 80 82 63 64 35 73 95 91 74 19 83 26 71 22 57 95 13 56 22 55 31 2 27 83 66 25 32 9 24 87 97 51 54 88 81 91 96 2 96 87 23 16 72 14 27 53 10 65 75 82 38 80 35 
6 14 82 1 64 44 20 95 98 62 60 97 33 41 69 15 46 5 76 40 47 55 29 76 71 49 98 21 45 18 81 83 74 87 2 83 95 96 79 43 37 71 89 87 52 64 41 66 95 76 3 98 46 18 66 46 24 7 50 32 72 23 9 45 6 62 38 29 91 3 77 26 34 84 18 43 7 34 77 61 55 11 92 21 8 12 97 19 8 97 40 99 54 30 46 18 5 33 25 68 52 69 79 31 2 88 70 30 15 5 41 60 55 53 62 54 17 1 25 5 39 6 73 42 95 93 1 74 31 38 2 22 30 99 69 98 60 8 30 90 9 75 71 17 19 79 30 95 15 24 11 17 66 57 68 62 20 96 89 20 76 80 29 26 53 6 79 61 81 28 43 74 71 37 88 77 50 34 10 69 12 72 60 33 16 40 20 80 20 22 48 62 17 24 69 99 85 78 79 3 85 60 70 93 13 19 87 34 3 10 24 69 14 86 0 37 62 82 35 8 13 74 82 47 73 99 72 63 59 3 23 22 81 82 65 69 21 73 85 52 11 72 17 86 20 85 41 86 33 44 32 16 40 25 87 8 35 23 62 89 17 52 35 78 83 63 93 55 66 25 34 88 90 80 39 47 56 90 31 68 91 15 2 94 8 30 86 72 67 93 29 26 72 9 97 38 20 68 96 9 
18 84 21 81 53 37 43 92 45 23 18 84 44 61 66 22 94 6 61 1 10 61 17 0 8 93 16 73 98 41 24 1 81 68 89 7 28 23 47 88 6 39 60 32 87 67 46 6 89 19 23 94 72 21 54 35 69 92 53 67 19 8 0 84 1 15 4 99 95 58 0 51 33 26 69 11 97 90 72 90 60 86 13 24 8 81 14 45 96 67 49 24 36 68 35 66 39 44 40 70 7 18 15 68 70 43 45 73 89 32 12 12 62 36 32 33 66 17 53 40 64 71 56 77 34 22 57 76 94 79 65 90 48 7 65 70 72 99 29 69 38 70 95 36 6 31 6 82 19 12 42 44 22 35 98 44 72 72 99 10 39 95 99 91 31 28 85 30 13 33 20 55 75 98 48 24 3 12 37 10 87 67 14 77 60 53 15 34 63 84 4 64 42 58 27 27 14 91 68 24 55 78 51 2 22 32 80 56 31 64 98 41 42 82 7 0 76 75 4 36 78 23 26 51 29 13 30 71 34 75 26 86 78 34 21 50 90 65 85 87 56 21 45 82 77 48 51 78 70 51 60 61 54 62 80 61 43 10 8 16 87 44 95 0 47 65 0 75 99 93 98 18 41 69 96 95 20 25 0 34 32 82 20 46 15 53 0 24 59 95 73 74 67 50 71 69 14 21 94 78 
78 32 85 13 99 40 5 44 47 78 24 64 90 32 14 61 81 75 13 65 85 10 87 55 43 29 14 94 36 97 5 73 76 82 41 60 58 92 52 89 6 30 49 47 92 53 57 92 28 18 93 51 69 14 79 44 53 36 31 96 28 16 7 36 55 38 99 49 56 31 37 21 11 97 42 46 31 17 95 25 57 7 1 80 13 65 42 83 94 51 65 76 60 29 22 59 61 29 16 16 56 59 60 39 50 78 44 45 75 2 92 20 51 68 89 57 69 95 61 35 50 39 31 22 94 46 6 29 17 92 15 58 46 58 0 9 38 62 14 33 47 39 4 96 55 71 97 43 92 9 34 73 65 30 99 88 82 63 73 27 2 10 89 94 91 79 67 17 76 26 0 75 31 72 35 47 76 48 83 60 47 11 23 35 67 10 34 1 65 91 93 47 14 11 62 95 65 83 73 76 99 2 51 53 29 30 71 20 35 39 65 18 13 56 86 66 80 72 15 85 57 47 59 53 98 52 41 54 43 2 1 22 98 29 26 50 21 71 21 65 42 68 1 11 29 2 21 15 33 77 55 21 71 38 74 42 67 62 80 46 76 24 92 12 81 77 85 83 86 63 52 86 95 30 55 91 80 37 24 41 54 44 16 35 18 71 51 69 9 49 18 22 97 65 43 30 20 48 69 59 
82 75 11 93 75 25 76 6 5 27 12 34 15 21 46 46 29 28 53 12 94 48 45 36 34 21 84 51 6 23 45 58 62 40 45 51 59 61 92 36 41 69 14 9 34 97 24 17 23 33 20 20 59 71 95 15 2 6 79 36 13 29 16 22 17 10 36 45 37 55 29 24 60 24 16 77 11 80 30 52 64 56 36 72 12 77 61 69 41 25 88 67 76 79 4 28 93 85 3 86 20 49 62 86 5 42 99 85 33 85 77 80 5 55 74 25 60 52 74 30 79 11 34 50 33 42 31 26 75 71 81 12 4 16 77 95 12 67 54 65 46 33 35 85 54 34 77 59 96 18 78 73 20 74 48 49 74 41 66 67 33 99 10 50 69 51 85 97 4 98 65 59 45 32 38 37 97 0 0 49 34 50 9 23 39 18 7 10 54 76 38 2 52 95 85 31 9 36 50 49 46 50 15 3 15 3 91 57 25 39 47 18 4 61 36 90 76 19 29 72 26 51 34 99 95 41 49 55 66 9 58 11 20 67 97 94 84 55 64 27 32 0 20 52 11 5 28 34 7 93 76 33 45 26 32 11 66 49 52 12 53 50 84 97 63 51 39 64 4 14 82 8 16 70 13 71 6 44 79 94 77 76 21 18 20 77 56 96 63 61 25 81 40 65 25 22 38 95 63 95 
73 3 13 15 54 62 30 4 2 60 27 15 21 30 40 76 28 8 80 63 9 42 64 94 0 55 64 78 54 95 82 53 78 74 6 5 22 72 15 97 91 54 14 73 75 32 9 92 16 11 63 83 43 6 42 35 91 69 62 2 28 7 50 93 20 85 93 92 27 78 34 59 51 88 23 37 50 94 5 95 2 71 18 45 6 62 28 43 85 40 53 62 78 82 52 25 9 30 5 63 35 11 7 48 72 39 7 94 34 70 72 39 25 0 69 69 34 74 74 0 0 27 43 85 60 91 9 17 15 61 67 46 97 76 25 29 31 41 66 63 70 49 19 95 48 37 76 33 47 44 41 52 27 88 52 5 49 28 85 42 83 74 19 32 46 73 42 72 81 69 67 98 50 9 39 73 99 80 67 63 57 64 29 90 17 90 18 58 72 9 68 91 12 35 48 70 23 53 8 52 93 43 34 15 35 4 30 70 30 20 65 86 2 98 76 43 41 92 49 74 40 73 16 5 74 85 62 17 0 87 36 45 25 59 92 8 90 86 22 39 25 68 21 28 41 63 7 97 75 52 54 98 74 33 47 2 56 35 27 75 44 2 18 19 70 62 53 99 41 43 87 76 54 76 70 34 32 17 57 73 16 41 67 52 60 19 1 12 22 49 61 76 13 2 38 57 21 13 47 0 
45 45 11 69 32 46 46 29 95 5 54 63 61 42 35 56 82 29 21 6 94 20 54 9 89 97 28 28 78 99 47 52 7 95 23 90 82 54 86 66 83 51 50 19 99 87 78 77 89 20 24 38 56 71 53 86 39 59 31 23 12 74 57 21 62 8 6 55 50 96 2 55 9 42 83 69 78 41 42 81 74 50 83 87 44 78 21 23 56 1 64 53 88 80 72 90 4 69 75 93 74 16 57 25 42 79 64 20 53 76 28 96 29 99 99 94 60 19 92 94 44 10 17 82 56 68 28 12 88 43 82 38 4 29 94 35 30 80 6 4 89 22 43 22 35 78 21 56 72 13 30 96 14 97 82 11 86 52 12 68 60 80 63 64 61 30 2 33 4 74 97 38 45 44 37 82 25 65 21 46 33 58 86 84 5 79 16 55 98 66 16 35 95 19 86 3 87 6 7 29 45 54 44 95 85 35 26 10 3 42 95 43 22 65 3 60 34 40 38 51 21 69 22 65 32 19 51 23 61 46 3 56 48 55 63 53 82 25 58 38 65 72 18 26 58 70 54 88 94 49 1 4 52 93 58 25 59 73 23 95 71 89 33 68 30 46 50 20 61 4 36 44 30 83 15 53 40 30 76 66 28 95 98 88 42 90 62 23 27 74 57 22 48 32 97 79 32 79 22 62 
64 83 45 15 70 91 91 77 65 50 29 85 57 98 5 76 85 14 46 81 36 79 82 76 13 24 9 47 36 16 67 60 89 70 46 7 65 49 50 55 95 86 52 75 17 30 21 53 65 51 82 43 92 11 98 6 95 49 31 23 29 86 97 93 62 84 86 9 82 2 69 21 42 53 33 57 1 12 32 14 62 68 72 62 34 24 50 11 87 64 80 38 28 90 53 16 25 66 85 50 46 18 77 29 32 23 44 32 93 97 62 91 3 45 77 23 2 84 85 27 72 35 80 84 66 44 25 74 78 15 59 24 39 75 90 30 20 69 97 90 44 33 42 67 69 71 1 89 59 51 67 56 6 43 73 75 49 45 42 79 97 61 58 78 95 55 32 17 2 29 60 78 30 85 65 13 61 61 51 91 67 0 49 91 39 0 21 49 65 37 6 76 7 26 27 90 7 83 16 36 47 49 65 98 56 2 1 38 53 24 95 5 47 51 10 81 74 22 54 88 10 14 8 34 93 38 78 16 30 24 15 95 85 84 85 34 6 64 51 65 71 87 26 18 95 72 96 81 83 71 85 43 81 17 98 43 66 28 81 22 8 18 91 43 35 84 86 37 42 10 62 4 73 75 89 61 64 94 44 74 77 13 10 86 73 55 61 55 60 87 75 47 3 60 21 13 65 40 90 79 
51 45 32 59 80 49 61 51 60 13 30 68 69 86 18 76 95 95 84 31 82 1 87 99 54 34 66 87 6 89 30 25 13 77 99 35 84 11 25 34 14 51 20 52 87 19 60 32 75 41 94 48 75 4 70 38 85 89 73 56 7 10 81 66 6 86 95 56 74 49 33 10 67 85 84 2 53 2 20 32 93 96 87 0 16 9 47 82 25 86 85 93 74 11 33 61 48 9 17 71 41 46 14 21 16 70 5 0 31 52 45 35 60 60 92 38 81 55 31 27 35 33 76 89 42 27 99 15 17 70 26 91 82 9 79 47 93 40 57 50 46 6 59 37 72 56 16 12 39 14 86 25 10 35 54 93 36 61 65 74 96 41 25 17 26 94 63 90 52 96 35 17 82 47 94 30 68 9 17 92 68 76 15 44 15 17 76 74 49 78 93 91 37 15 74 54 35 59 81 55 30 90 88 4 74 80 0 17 22 92 36 36 57 6 99 87 27 93 53 83 79 44 32 6 11 9 35 95 0 64 35 70 20 66 76 29 61 5 58 51 4 97 46 43 82 15 11 54 52 6 27 50 13 71 13 9 48 63 95 52 65 64 87 45 58 33 4 11 57 97 18 84 96 39 20 20 64 85 31 62 21 54 16 90 79 72 48 18 19 94 5 61 83 89 33 86 11 43 65 63 
42 19 64 99 47 60 50 95 42 32 96 87 53 86 67 76 73 55 50 95 40 11 8 45 18 69 60 6 13 77 68 13 32 34 9 85 8 12 44 11 14 38 48 80 88 7 43 43 18 80 40 73 17 29 19 40 72 88 6 98 4 99 80 66 89 12 41 2 60 34 5 23 41 82 73 79 8 98 42 19 14 41 84 92 61 14 4 39 45 20 11 61 73 92 55 92 44 69 37 99 88 57 5 12 98 26 12 54 67 4 81 30 19 5 18 98 76 15 89 52 25 79 95 84 38 67 82 95 8 47 19 61 51 9 34 7 20 15 84 56 89 34 45 34 60 94 2 79 31 0 75 99 4 3 65 22 85 42 8 50 80 16 71 97 28 94 68 59 22 60 27 39 77 15 44 75 11 39 76 33 52 27 12 43 88 12 9 24 65 17 32 56 51 71 33 90 70 5 80 28 45 83 96 31 69 84 95 79 31 63 61 25 84 91 82 64 35 22 37 86 56 79 21 98 99 63 76 47 10 9 67 1 32 33 5 27 59 3 34 71 36 20 9 96 49 7 98 92 34 30 26 36 24 38 17 67 82 15 20 19 64 16 18 43 50 72 91 23 20 21 64 85 39 62 68 13 16 94 6 89 43 68 33 2 85 79 81 11 8 81 21 28 40 55 10 91 30 64 98 10 
42 78 38 76 0 72 50 22 74 12 55 11 53 45 21 60 67 86 55 0 21 54 78 98 54 69 25 40 10 51 82 74 61 61 82 46 31 51 49 73 97 88 2 15 37 86 52 57 86 8 29 89 29 85 8 60 5 66 18 81 36 19 65 85 35 73 31 33 34 27 82 87 21 4 1 45 0 16 86 0 97 90 3 1 86 39 26 11 87 62 30 48 20 15 4 61 74 90 86 43 67 73 84 38 31 42 27 50 37 86 0 63 31 72 45 77 12 67 92 48 42 73 49 69 66 38 46 98 53 89 1 62 95 99 62 69 46 83 99 81 60 18 89 70 79 33 78 32 95 8 94 21 79 31 8 61 34 40 16 54 40 33 42 99 35 55 34 32 0 11 5 64 21 37 77 31 82 0 17 76 43 5 31 65 88 83 27 15 70 8 49 16 87 42 75 3 57 85 87 98 19 57 17 17 97 7 61 44 92 14 30 28 49 37 41 68 18 67 83 66 77 85 25 59 10 76 94 92 45 48 38 40 91 8 37 28 62 40 90 52 52 65 18 39 71 73 27 61 50 26 11 25 43 93 54 68 39 24 15 93 96 94 90 28 64 70 83 79 63 56 49 15 65 95 61 36 48 10 85 37 9 6 10 42 3 53 66 64 63 78 17 98 13 7 3 81 4 94 18 65 
25 94 46 73 10 56 60 20 26 90 47 43 15 4 83 40 18 97 23 10 96 51 57 53 75 99 92 72 56 20 33 98 93 87 53 39 8 80 15 82 64 97 26 4 29 2 21 51 55 5 63 58 59 27 79 41 83 21 27 2 14 24 11 0 54 29 65 9 51 85 16 2 9 35 8 75 50 69 93 41 39 66 5 82 4 27 7 91 15 79 79 6 26 52 66 4 60 42 96 1 97 45 98 37 69 18 14 90 15 39 68 48 78 1 1 65 27 67 78 24 56 76 73 83 34 78 80 96 57 49 21 64 94 66 89 99 80 85 4 17 95 89 65 70 70 59 72 93 12 68 34 58 24 0 73 9 9 42 78 27 57 56 94 51 44 83 94 10 48 46 18 24 16 68 75 57 74 8 28 58 19 66 98 84 45 61 99 73 85 79 3 36 35 96 19 29 32 99 53 17 91 39 37 36 11 56 67 25 42 51 63 27 27 72 91 0 4 94 14 65 72 37 5 86 91 71 64 23 46 71 45 81 30 94 3 12 52 84 0 2 47 33 45 14 3 11 52 58 38 11 52 72 29 88 61 78 5 52 96 13 50 63 54 58 83 94 44 31 2 48 8 45 45 94 21 16 25 29 14 52 7 46 64 23 83 28 10 80 59 68 58 89 9 39 94 91 77 44 34 84 
13 96 3 74 35 10 13 59 41 46 18 3 74 96 73 19 61 23 92 37 26 82 29 60 32 18 56 58 59 55 41 12 69 80 31 10 71 16 94 36 32 30 42 62 96 52 66 75 29 78 84 58 18 99 66 53 69 40 33 2 76 71 61 15 82 63 72 0 67 69 7 3 75 75 10 0 14 32 89 34 7 92 60 85 77 93 92 85 93 49 56 72 56 85 17 95 92 39 63 19 17 60 56 99 59 82 47 69 98 97 88 21 8 25 96 33 79 42 28 75 0 80 13 5 13 97 7 79 20 66 49 82 73 10 3 96 80 20 67 44 14 91 73 91 55 2 30 29 21 88 44 17 75 29 71 26 41 51 59 85 1 66 76 41 37 87 53 79 90 55 84 53 64 65 52 41 51 5 81 46 18 59 18 57 54 70 19 44 33 34 29 79 67 78 32 99 44 66 97 60 40 37 33 4 71 61 19 64 35 0 51 42 73 49 62 70 63 47 72 96 63 19 19 22 68 67 19 84 93 44 39 52 79 44 93 21 99 10 83 28 15 59 16 91 84 40 26 25 33 65 75 15 20 63 6 99 78 32 84 59 40 68 64 46 45 53 7 97 49 28 75 7 66 29 59 5 90 14 14 80 98 15 13 75 42 69 78 57 66 92 59 66 15 26 33 76 22 42 50 74 
81 63 40 19 25 38 13 47 5 88 13 64 14 48 47 41 55 0 74 43 1 70 84 40 4 61 55 67 85 56 93 78 12 30 28 89 96 3 19 11 41 36 94 99 34 92 67 96 69 32 48 45 52 12 84 24 96 30 11 43 54 44 1 60 83 18 20 35 34 23 37 84 36 87 82 47 20 88 10 87 91 34 69 1 64 41 88 28 64 29 66 41 81 97 29 17 11 11 92 34 57 60 50 63 2 45 82 90 58 50 76 75 55 50 14 76 67 67 43 17 86 67 99 63 82 84 75 94 89 33 61 68 89 56 22 83 23 79 43 63 83 27 85 55 60 25 49 68 4 64 56 63 89 74 69 84 20 79 35 9 81 35 91 43 68 87 97 64 33 51 71 76 68 80 77 33 14 7 17 49 52 21 76 84 69 54 84 36 47 39 32 14 78 39 71 17 53 85 37 4 63 58 19 96 33 1 25 31 3 61 18 20 78 42 87 38 57 75 63 89 27 89 86 89 56 40 19 29 87 98 23 2 12 56 44 85 83 4 16 88 99 46 32 11 7 18 22 94 53 92 98 47 74 45 95 86 77 92 8 83 82 7 14 2 3 86 10 16 51 88 41 84 66 16 38 29 68 89 14 12 84 58 0 30 88 81 70 87 54 73 88 24 3 89 13 57 53 11 71 96 
81 24 14 24 93 30 74 74 25 59 43 58 62 54 60 36 62 51 35 5 76 35 21 73 84 91 36 59 58 58 33 12 32 95 8 98 30 36 96 35 16 80 73 80 66 76 96 35 34 74 26 48 60 31 83 31 22 8 84 57 8 21 93 35 89 87 71 5 14 12 59 5 65 8 47 55 51 76 66 74 79 33 95 12 48 25 51 39 32 98 61 47 17 54 76 45 99 63 14 5 50 78 55 49 45 90 93 13 67 1 59 61 38 53 57 5 96 92 11 33 5 78 98 80 66 25 14 6 0 47 18 10 30 23 8 45 74 50 81 67 15 51 37 82 29 35 2 88 94 39 73 1 34 84 85 34 95 34 98 50 58 49 57 61 85 22 0 0 77 80 5 75 3 42 34 32 54 1 49 96 97 51 58 38 6 1 46 7 37 97 96 96 31 85 56 11 89 2 71 0 33 87 84 86 83 73 70 77 65 70 81 28 85 60 76 12 98 82 34 40 5 88 80 68 86 91 13 84 43 81 17 28 53 29 92 65 71 95 64 89 64 31 19 79 72 13 54 35 81 72 56 81 39 28 49 42 40 17 91 51 17 97 61 33 27 15 96 41 53 29 92 48 4 51 33 83 7 65 62 63 8 33 52 21 91 87 48 27 30 26 58 23 96 71 99 83 19 48 57 26 
22 63 55 25 86 85 28 54 38 11 29 63 5 47 24 3 51 95 40 81 36 52 38 11 92 30 66 90 28 50 65 1 44 4 48 64 9 66 40 60 5 90 60 82 3 2 49 27 56 71 83 98 56 24 6 30 43 74 68 51 13 72 47 37 8 29 74 12 47 92 76 14 93 87 44 38 9 66 86 98 80 8 19 18 39 17 7 49 11 90 1 9 85 44 31 72 35 89 52 56 40 92 17 46 2 64 23 59 92 40 90 82 40 49 42 18 7 65 66 21 60 10 60 3 35 16 42 39 37 18 41 59 83 41 36 34 78 17 0 67 86 84 20 94 41 10 55 61 70 76 70 65 57 45 19 77 53 23 87 60 23 90 29 29 76 55 40 6 42 48 89 99 61 7 94 45 87 96 63 15 3 77 12 14 36 85 30 20 47 23 76 35 67 0 15 88 31 30 88 36 54 36 32 48 69 76 59 43 31 44 76 14 69 15 6 43 74 56 85 96 63 21 81 32 50 70 41 17 57 28 36 94 13 17 54 70 77 9 16 78 31 7 74 61 62 68 84 73 37 86 49 81 44 74 80 99 46 67 58 17 93 35 86 69 70 90 60 10 48 42 50 93 11 57 90 0 92 68 67 94 20 69 5 39 42 1 91 53 54 35 58 45 23 35 69 30 34 31 87 51 
83 28 83 24 75 33 57 98 4 38 92 97 71 54 95 83 59 73 94 73 20 82 32 34 43 60 29 13 39 83 50 40 57 74 95 86 47 15 40 53 84 7 76 45 55 96 85 98 44 89 65 6 57 14 21 81 24 38 53 8 59 24 38 79 26 78 60 10 28 15 44 27 89 58 20 10 97 6 24 60 82 9 98 28 2 17 47 28 47 14 21 70 89 32 14 5 27 74 23 98 5 55 92 67 58 53 42 64 2 80 58 69 77 75 22 62 43 93 0 92 47 41 16 30 49 49 28 79 3 33 74 96 56 62 22 27 74 86 12 95 84 39 46 2 32 70 69 73 0 65 11 85 19 36 93 66 7 80 20 63 36 33 64 80 97 30 71 64 56 16 10 18 23 71 40 97 88 13 60 74 48 85 3 5 69 11 17 24 59 99 74 90 17 61 68 31 0 85 71 33 53 77 46 33 91 21 16 90 89 87 60 84 46 52 47 85 51 25 47 17 28 86 38 52 23 24 20 93 10 87 16 83 53 41 7 58 6 29 87 13 23 50 18 9 1 71 29 71 11 26 46 9 76 97 97 70 20 17 29 37 77 99 72 50 50 50 98 81 16 15 60 43 11 72 91 81 89 57 45 38 46 28 16 91 72 9 59 78 49 52 99 42 4 5 0 77 37 50 27 89 
66 22 9 32 98 38 11 90 96 5 69 86 92 32 50 8 48 10 4 17 42 14 68 33 42 38 72 27 87 31 37 35 71 52 17 29 33 35 3 63 76 80 36 38 74 16 6 93 73 81 70 21 41 86 46 72 58 83 87 55 56 5 71 38 9 83 3 41 28 32 31 38 83 6 41 42 42 33 55 55 30 89 1 9 7 75 68 84 92 35 55 61 24 88 66 88 3 22 90 37 49 6 69 29 81 40 81 1 91 55 99 60 57 79 56 63 9 60 74 59 21 53 75 82 12 87 52 79 98 54 66 49 77 43 71 47 12 25 96 16 34 27 71 78 47 83 18 97 55 26 13 96 3 66 28 26 78 89 46 27 48 77 53 82 14 62 8 90 2 29 97 14 39 14 30 71 89 86 57 87 88 82 35 81 18 98 43 95 88 75 73 86 32 54 69 57 38 35 7 58 75 2 2 21 46 88 93 85 42 44 78 41 18 37 13 3 15 37 31 67 24 60 53 56 51 2 83 71 9 11 74 24 13 49 47 69 80 91 17 6 86 27 22 14 65 58 11 9 34 16 99 28 76 83 93 90 30 24 86 15 28 36 57 75 0 0 23 94 40 35 36 29 78 58 74 45 79 79 63 92 54 53 49 82 2 35 50 44 42 39 73 49 4 37 53 51 76 4 15 1 
21 87 14 56 74 5 92 22 66 88 22 43 73 67 92 73 83 58 49 4 40 57 59 80 51 39 30 18 20 4 14 87 65 9 4 76 25 15 41 78 73 20 18 47 16 18 35 78 29 88 94 94 91 30 68 2 41 76 66 61 90 32 4 46 32 29 7 39 93 35 55 30 45 53 4 82 45 33 49 47 47 46 57 38 70 48 77 38 97 5 19 7 75 59 4 10 73 93 64 68 70 58 33 16 20 55 97 77 79 59 87 5 6 83 9 40 31 83 20 65 84 74 86 22 78 71 27 77 24 86 98 95 58 76 33 17 16 41 64 95 70 91 78 53 58 5 49 43 42 89 57 54 32 75 54 61 5 40 48 42 10 7 85 80 71 46 61 21 23 88 56 39 70 73 21 21 40 77 51 13 30 39 12 76 9 56 74 89 61 54 26 9 39 28 33 43 9 17 67 50 21 63 48 35 61 11 37 59 30 96 18 81 96 55 40 84 17 58 20 70 87 5 67 56 34 64 74 99 78 37 45 15 60 21 48 44 56 39 99 80 55 76 87 17 79 37 52 28 35 98 10 82 24 23 79 15 45 69 3 0 48 44 42 68 93 35 53 62 14 5 79 88 27 80 41 92 47 41 89 30 62 1 63 43 34 55 71 89 86 48 66 83 59 61 6 39 27 3 45 55 
95 11 54 74 24 27 54 7 83 42 50 1 55 89 62 82 92 65 92 74 57 35 59 82 2 13 14 87 78 68 23 30 13 3 61 65 33 87 93 34 18 5 20 31 77 30 52 36 60 35 31 17 68 47 53 96 4 61 47 41 52 67 13 18 80 84 22 80 47 73 16 63 33 25 97 97 68 80 43 82 40 73 50 99 73 5 38 82 61 79 75 71 18 73 25 56 6 77 39 80 7 4 36 67 2 69 51 27 66 13 94 44 46 28 27 92 67 26 49 26 81 80 78 50 31 41 52 97 30 27 99 15 35 55 89 20 75 79 0 71 40 23 56 17 24 7 20 33 55 7 72 33 74 27 94 92 55 42 98 67 6 94 80 71 40 67 30 43 98 91 8 82 26 29 35 53 61 91 17 8 0 44 71 82 62 55 10 27 26 43 96 45 92 37 44 79 35 87 23 4 39 89 24 60 24 47 6 57 35 82 5 95 86 98 56 86 93 1 29 78 87 16 42 23 17 31 43 57 53 21 18 62 45 25 6 44 55 66 42 87 45 34 17 22 92 5 44 40 46 21 10 48 11 74 9 57 39 65 48 29 66 29 38 7 81 50 3 72 31 17 56 55 34 56 4 20 64 89 4 13 48 55 91 36 14 27 94 29 11 65 33 30 85 5 93 51 9 83 24 98 
57 71 16 26 20 85 5 93 17 92 48 27 99 63 25 7 49 82 90 94 43 30 31 37 7 19 12 79 2 71 51 42 45 30 4 42 3 59 42 49 90 86 47 92 24 65 41 89 51 6 70 61 81 1 15 64 28 58 80 7 84 89 24 42 14 70 62 73 83 61 82 3 67 65 9 53 76 40 65 75 70 88 78 1 42 17 21 45 73 83 78 27 12 82 83 26 79 18 74 89 92 8 56 98 5 22 55 81 53 29 10 64 87 94 96 72 61 64 17 11 44 34 33 10 16 98 3 79 49 69 7 11 50 99 95 4 90 5 10 50 55 8 48 8 86 47 50 48 80 70 17 42 98 12 18 72 3 93 80 9 20 48 62 5 96 29 9 87 11 4 91 88 10 16 27 76 56 53 2 20 82 20 73 96 7 88 19 27 10 55 56 85 62 9 65 8 21 24 56 76 71 93 72 25 55 36 20 86 80 76 73 66 8 65 26 25 31 41 62 79 3 92 39 39 27 27 66 23 82 31 86 36 15 45 26 91 37 98 53 58 99 35 4 23 12 28 82 48 80 58 51 69 78 16 0 58 63 6 73 58 67 7 89 97 70 30 58 8 25 89 25 37 50 49 1 96 18 25 25 51 3 34 41 51 92 79 20 79 56 10 53 22 7 15 50 53 6 9 1 14 
25 94 22 13 8 81 40 75 57 34 50 70 68 1 80 69 11 27 45 79 0 18 79 94 25 95 20 48 17 78 20 85 78 83 49 54 76 14 92 16 85 30 64 70 53 51 7 73 31 13 99 30 90 65 87 51 13 38 74 12 11 62 95 22 41 86 16 34 46 78 30 66 76 82 20 42 26 86 15 26 58 5 40 30 18 21 35 23 66 79 0 32 9 57 68 15 32 71 31 39 20 12 18 2 29 53 49 23 60 97 72 46 48 38 78 75 26 16 66 21 96 47 37 12 29 92 74 15 33 24 4 74 6 27 0 27 51 89 40 13 10 18 79 78 2 57 69 22 94 29 87 54 79 16 35 85 45 31 10 80 72 83 89 94 24 14 26 69 42 73 46 31 71 25 82 4 62 33 64 16 43 43 86 51 93 23 96 36 55 43 23 42 17 25 22 70 44 98 41 53 43 27 26 63 69 7 81 91 73 23 17 44 45 9 11 1 15 44 18 80 58 68 33 56 85 22 22 4 12 48 8 33 69 90 83 97 65 53 87 4 40 14 97 73 37 54 97 87 10 14 33 81 79 46 12 55 88 54 15 10 33 30 93 37 29 66 8 81 68 66 27 73 24 26 16 1 12 9 4 69 64 77 38 9 52 58 0 31 10 24 20 43 88 54 40 84 0 36 69 30 
84 92 94 6 96 96 14 15 83 35 42 77 48 22 80 65 60 10 8 30 32 33 62 95 74 29 62 58 63 12 70 66 90 72 77 58 35 91 46 65 97 92 80 30 7 86 14 99 37 27 25 23 32 88 93 14 69 4 54 60 97 88 83 6 71 97 70 78 21 8 80 20 56 65 29 25 14 60 8 73 4 67 53 20 61 58 94 79 0 84 0 63 40 77 52 28 84 50 70 58 82 17 76 42 93 97 69 80 95 54 70 13 40 96 84 10 91 57 93 61 45 62 23 61 50 0 36 37 6 84 19 6 43 31 3 97 25 86 24 45 78 33 76 35 71 34 68 56 3 23 36 66 21 18 26 44 34 95 31 86 12 49 82 76 37 44 79 99 23 92 45 31 71 62 83 0 4 11 10 57 9 38 51 20 53 96 16 9 40 18 64 15 25 53 91 73 85 50 49 71 39 33 61 52 38 39 6 95 77 6 89 9 57 69 83 39 11 75 6 8 43 47 2 14 63 74 15 31 59 10 63 49 87 58 33 79 19 91 63 9 97 31 67 63 36 39 31 37 29 73 6 2 3 92 4 29 14 56 94 40 53 15 11 7 86 30 79 92 94 66 16 89 63 4 46 66 88 3 2 83 5 14 97 98 23 17 64 5 63 91 3 99 96 40 89 72 55 47 62 24 
80 74 45 96 24 63 49 47 88 94 47 98 17 12 41 99 68 67 57 47 9 24 43 52 67 59 66 19 80 82 18 32 86 98 4 8 85 11 9 29 35 36 31 21 86 57 62 70 28 84 43 56 10 16 14 84 32 86 39 98 46 32 55 92 23 90 12 3 69 21 83 49 46 80 97 72 87 96 61 95 25 75 90 76 13 43 20 64 47 22 71 26 30 20 99 71 41 81 1 72 52 58 19 67 89 39 62 64 18 77 7 20 29 38 71 68 16 42 13 48 83 15 56 28 64 60 60 44 52 32 90 95 13 51 88 72 92 77 27 27 54 56 18 21 62 16 77 26 89 30 77 68 88 28 25 31 39 2 25 55 63 95 93 56 36 87 45 31 27 24 28 28 67 68 78 35 45 98 77 15 80 76 85 14 47 88 11 96 53 74 95 14 51 78 8 30 34 4 58 58 64 84 16 26 44 58 95 70 77 10 43 91 27 5 22 68 16 1 12 26 83 10 50 0 74 27 26 91 11 30 54 11 9 97 61 53 40 56 94 88 94 58 90 10 8 3 47 34 9 10 90 27 75 97 51 43 65 91 34 94 64 5 49 8 71 42 98 9 13 82 95 40 65 91 45 17 5 1 8 79 92 46 7 15 5 45 93 86 89 92 12 66 35 87 88 70 99 33 1 7 
23 35 33 7 3 21 51 99 85 27 92 57 81 62 7 74 94 37 57 2 72 92 68 86 46 42 56 92 83 48 54 57 66 16 2 84 33 58 20 90 36 70 79 69 66 94 99 24 3 25 78 54 0 78 82 35 9 2 83 75 50 66 83 13 68 20 31 42 6 1 42 6 23 96 57 98 90 15 49 79 57 62 55 17 40 16 69 29 93 79 44 13 16 74 44 11 4 59 23 69 76 1 60 63 45 53 68 91 63 12 87 86 14 35 5 57 10 8 7 93 18 33 14 53 49 58 46 60 34 38 27 99 11 3 76 15 85 65 52 23 19 27 32 7 66 94 42 32 92 26 14 45 68 83 22 62 62 22 31 94 80 95 0 98 92 11 16 90 52 58 44 23 43 78 8 46 76 90 14 89 11 76 40 26 9 40 61 95 40 93 39 11 11 10 11 72 73 22 31 51 45 58 37 40 35 81 6 26 27 91 87 16 73 35 66 3 60 95 73 33 99 2 68 95 30 26 34 22 48 31 55 96 17 59 54 17 95 96 38 20 87 32 80 51 64 45 95 90 57 34 70 63 49 85 33 61 73 68 42 94 7 23 84 47 51 50 78 24 78 17 38 55 71 82 86 51 83 55 87 2 23 20 35 71 93 99 23 15 16 7 62 20 85 6 99 85 93 58 73 96 
14 8 37 36 50 17 47 71 29 8 1 81 98 45 62 29 1 58 1 59 14 42 31 75 46 65 52 40 52 22 17 52 34 55 36 33 15 0 0 95 49 32 25 14 11 1 80 5 77 64 40 26 32 67 30 58 76 79 23 95 50 21 5 89 51 31 54 97 13 23 79 23 13 44 39 45 87 16 21 67 57 84 46 69 48 51 83 97 91 43 34 43 63 36 92 52 49 1 95 80 78 13 60 88 43 69 22 4 94 20 93 39 84 39 13 43 87 19 14 62 14 19 67 55 7 98 70 3 57 43 66 4 70 74 4 69 7 10 43 61 49 52 39 19 56 69 60 72 53 53 58 70 84 25 4 54 72 83 10 70 14 81 4 98 39 97 79 84 23 4 65 8 95 10 97 8 90 43 91 88 2 25 71 5 70 61 7 47 83 34 4 44 75 17 69 50 99 98 91 99 4 28 58 22 74 59 55 14 54 69 44 5 48 19 41 14 38 28 27 1 70 66 12 73 42 99 37 83 0 65 81 3 0 72 29 77 82 35 75 68 29 15 65 21 33 10 67 1 37 48 71 94 36 22 21 27 70 7 8 66 20 47 33 75 46 3 39 53 54 16 62 95 8 21 27 72 79 86 56 13 29 56 55 28 21 21 87 49 67 41 60 10 38 30 51 5 4 47 90 19 
57 12 62 92 65 13 60 24 90 90 66 16 45 16 32 23 26 71 46 17 19 85 29 44 73 46 95 77 6 73 22 33 49 24 75 51 54 81 97 36 37 75 45 14 7 60 36 63 22 3 85 95 66 24 11 24 59 18 44 3 97 0 37 33 57 99 65 91 90 67 14 27 35 70 28 62 71 31 69 26 22 16 63 82 20 88 17 34 77 13 26 77 45 47 81 42 53 49 89 47 27 96 55 97 61 79 24 48 5 78 33 37 63 92 45 12 2 8 62 36 50 55 37 37 53 19 50 59 50 40 99 58 15 67 15 1 85 36 10 43 95 35 85 71 29 38 33 38 58 96 2 60 30 21 28 17 93 91 56 1 37 46 92 26 81 85 24 83 44 30 29 37 99 50 5 60 42 98 50 57 42 64 61 33 52 29 99 8 18 94 39 13 9 58 14 93 98 87 36 35 4 22 93 8 88 8 48 76 81 57 71 94 81 58 6 70 55 63 3 9 53 64 20 13 20 36 5 2 18 73 15 27 99 4 83 92 27 66 99 40 36 83 0 21 21 56 69 39 98 28 39 63 3 60 29 47 31 59 58 4 85 77 77 87 0 86 12 9 31 89 81 51 99 90 88 99 17 49 32 78 30 32 66 21 79 61 1 69 28 99 86 35 36 31 64 67 39 12 50 74 
59 87 88 27 58 80 94 87 79 11 98 74 1 72 88 94 17 88 61 72 63 83 60 50 48 8 97 76 1 84 91 91 10 26 72 92 49 78 94 68 48 23 21 18 26 32 69 60 67 62 31 41 61 43 40 84 39 67 0 52 83 17 59 74 78 78 14 6 83 83 5 83 61 31 8 4 62 48 49 76 77 48 71 12 97 47 63 68 27 60 70 98 22 17 72 43 47 83 48 7 89 26 98 38 54 55 3 10 86 18 44 12 37 24 66 89 14 62 62 47 79 70 67 70 86 54 54 15 34 27 66 11 63 94 97 98 28 92 34 37 73 99 89 55 88 13 64 60 49 91 33 89 33 21 96 31 17 62 40 21 81 91 66 8 42 85 85 43 37 46 10 76 26 92 39 13 50 35 91 39 90 67 98 20 11 0 8 11 96 25 36 89 93 68 63 97 64 73 59 73 27 27 85 97 80 70 92 17 70 30 32 19 35 28 55 57 6 93 51 92 46 24 81 60 22 21 53 16 61 71 13 23 57 93 73 13 81 18 7 30 26 5 1 49 21 56 90 68 54 29 20 52 82 66 96 21 13 51 71 71 7 24 48 89 28 87 58 93 13 98 16 25 49 55 59 44 56 13 16 53 93 49 58 89 91 88 39 16 14 39 59 67 17 3 20 1 50 65 57 39 
7 72 15 46 6 21 67 54 50 14 91 2 80 83 20 13 26 17 42 86 98 51 42 84 3 71 86 89 41 31 97 9 34 69 58 12 59 49 12 66 84 77 94 13 38 41 78 72 20 97 37 30 68 75 49 60 80 24 84 58 95 78 44 15 61 81 0 56 79 98 59 1 72 81 17 18 99 28 36 62 39 56 66 88 71 13 97 55 71 75 17 99 43 79 81 40 98 30 59 85 63 65 75 87 37 30 63 11 89 16 31 49 29 63 5 97 92 76 8 34 5 86 24 37 52 71 21 11 32 0 44 94 54 95 40 35 18 40 63 11 61 50 58 90 9 88 95 86 16 17 75 43 34 82 3 5 70 23 1 25 88 84 89 17 96 50 10 88 44 47 72 77 60 89 75 46 93 5 67 29 2 33 39 39 58 77 73 96 40 38 71 90 0 2 33 91 57 39 29 34 54 81 40 74 42 35 9 91 51 67 58 87 34 77 48 10 27 37 68 50 72 1 26 46 81 65 3 41 44 76 48 47 6 84 60 84 60 91 78 73 52 75 7 48 9 57 7 84 48 68 46 98 8 40 23 54 18 37 94 30 80 33 6 82 47 89 79 16 62 18 92 72 13 44 93 92 42 23 42 19 80 72 96 22 8 86 44 55 79 30 92 21 48 99 33 0 78 30 25 39 
22 12 81 55 69 80 23 38 99 24 82 15 74 20 1 52 10 38 73 12 79 14 81 55 43 30 81 17 78 67 11 48 23 90 97 28 54 32 4 5 79 1 50 49 42 40 22 18 13 31 9 20 99 18 16 6 89 14 47 62 41 79 9 73 19 77 59 9 21 56 28 6 62 41 84 20 49 4 81 1 64 69 4 18 53 29 74 37 75 41 52 7 46 66 79 44 67 11 23 0 32 98 71 99 97 41 63 86 51 28 17 72 36 17 15 58 94 29 26 84 45 84 68 2 71 88 93 67 12 40 26 62 86 26 59 47 41 91 3 73 12 5 83 50 13 75 37 11 72 36 6 90 21 14 8 81 50 4 7 32 74 11 91 26 24 8 57 63 92 14 38 33 65 58 96 20 16 71 70 55 66 70 32 70 95 24 10 61 9 1 0 27 6 79 47 42 94 74 71 97 50 41 56 66 56 3 62 41 98 37 20 35 30 66 36 86 7 51 91 30 65 37 65 8 98 59 53 64 22 79 30 36 20 18 34 87 85 93 70 95 42 66 83 86 67 36 78 12 33 40 90 81 62 1 5 15 11 70 61 78 26 49 30 76 93 99 27 10 26 61 82 2 23 3 94 60 35 32 86 45 38 27 0 78 74 6 24 90 62 20 45 72 64 41 27 17 97 34 17 98 
55 51 72 60 89 42 79 5 32 89 87 67 83 93 56 44 97 99 24 43 10 15 63 7 87 74 15 35 46 46 50 66 3 85 43 3 41 89 56 59 16 63 51 87 0 81 20 79 44 47 60 98 88 35 52 83 95 91 23 13 50 23 25 83 63 37 43 16 53 88 30 81 46 10 17 22 14 71 61 13 62 27 90 83 91 20 50 0 39 16 77 33 50 21 11 95 65 83 83 4 39 20 8 74 23 62 72 97 71 25 37 0 31 87 75 89 36 14 19 27 19 48 85 61 54 58 41 78 35 59 88 14 59 61 47 49 54 58 17 90 7 99 50 92 55 72 30 17 98 60 47 1 47 36 74 23 99 78 56 5 53 84 49 1 62 40 41 80 17 61 89 30 4 65 17 78 52 31 4 93 11 16 46 35 1 94 95 38 81 23 23 31 99 68 64 97 87 14 55 40 82 31 72 18 20 61 83 34 89 97 61 6 64 88 69 78 85 98 25 41 20 87 45 11 83 9 75 15 60 0 79 8 90 98 88 88 80 36 61 99 38 79 11 64 23 28 98 94 86 59 61 28 64 54 73 18 32 80 31 12 43 25 99 22 93 42 84 15 72 85 39 78 25 29 82 0 84 61 96 51 99 29 39 49 27 75 6 17 43 44 31 76 71 38 99 12 46 0 14 97 
73 77 39 61 36 35 86 66 0 39 75 31 10 14 81 37 2 5 60 86 76 46 2 69 51 75 76 52 63 64 31 70 21 15 49 38 29 63 82 96 56 76 78 47 17 93 20 7 63 65 29 29 61 39 54 27 87 39 35 65 53 89 8 53 44 21 17 94 30 91 88 70 22 60 61 93 33 64 38 26 94 99 96 75 28 92 1 48 41 62 75 40 62 50 7 49 20 44 97 29 24 24 12 89 93 86 81 6 19 33 97 81 45 63 99 37 31 61 62 49 52 19 27 13 34 90 94 83 35 84 89 79 73 25 94 30 19 72 90 56 34 50 23 1 36 38 48 38 87 53 53 87 39 41 90 33 61 52 51 66 28 37 6 73 45 13 82 17 3 54 77 18 36 3 2 37 67 96 49 66 44 23 48 38 35 63 96 65 3 85 49 44 2 56 89 3 26 91 2 76 77 62 45 24 98 98 47 51 33 76 20 61 89 61 85 27 63 33 60 15 92 69 73 96 14 95 61 58 92 96 9 88 24 61 37 6 26 11 14 49 11 21 60 47 22 48 19 21 51 94 43 51 43 10 46 86 99 32 45 36 32 84 55 20 70 42 74 10 62 79 27 12 43 83 80 36 24 4 95 34 54 6 41 87 79 8 76 14 90 86 53 75 6 49 17 31 54 54 35 85 
39 49 3 38 26 0 88 14 85 64 79 71 57 81 17 34 35 99 19 29 68 62 60 98 34 71 14 77 17 14 29 77 55 95 78 88 71 84 15 37 23 59 0 98 41 94 91 53 64 62 26 19 73 40 47 59 58 53 60 27 64 98 75 30 36 13 9 96 99 95 67 59 45 12 91 9 35 81 53 60 52 61 34 48 14 48 32 1 82 16 27 42 37 74 48 85 60 19 85 55 31 83 38 28 71 30 58 54 20 19 6 14 89 25 25 53 78 75 40 54 29 31 75 20 4 46 36 53 98 95 47 84 95 49 0 40 67 28 72 5 10 62 97 77 39 13 53 38 28 13 84 23 78 89 27 22 92 4 15 93 42 99 30 88 3 34 83 41 34 40 2 65 67 44 86 12 26 66 21 44 64 95 78 11 49 7 90 27 29 49 95 5 18 50 83 19 67 69 22 15 50 40 14 36 84 2 20 22 22 0 37 15 17 3 83 42 62 37 40 36 39 6 88 95 48 86 0 14 41 2 92 98 42 50 58 22 68 37 11 37 41 10 69 93 6 97 36 40 88 4 73 61 86 46 91 82 7 5 42 14 14 92 62 64 67 43 20 47 3 64 18 8 19 68 71 55 81 76 16 46 76 34 33 6 70 10 25 62 66 70 64 29 17 68 67 12 60 52 19 34 
41 95 33 65 18 14 84 39 40 80 65 57 27 38 62 47 22 44 80 6 18 42 40 67 31 19 3 49 53 77 83 85 71 65 28 18 96 96 16 34 55 6 27 64 81 17 73 18 54 67 65 59 65 3 65 29 67 54 57 0 42 1 8 67 44 40 5 84 97 92 85 92 82 36 71 81 93 89 45 40 1 49 0 85 32 75 74 43 47 31 63 81 63 84 40 71 98 95 9 27 9 45 78 81 92 92 40 48 33 62 34 28 62 51 38 73 40 78 92 64 93 83 57 70 71 23 50 96 13 62 14 66 69 79 79 4 58 61 19 43 29 1 55 87 98 82 95 83 77 6 13 87 78 23 6 57 35 46 15 27 28 53 40 72 22 41 36 59 66 63 49 10 79 62 80 77 32 67 40 98 93 69 92 16 49 25 34 74 15 71 19 99 67 24 51 22 2 59 10 89 25 73 1 40 20 93 6 45 85 96 3 58 58 10 93 35 68 93 26 50 6 60 71 15 8 24 83 30 67 42 38 34 63 53 58 44 91 93 28 17 49 12 32 66 25 6 28 93 92 39 90 43 42 32 99 10 78 85 4 84 79 72 88 43 5 24 34 99 48 52 55 0 23 83 55 52 67 80 48 14 5 82 89 29 26 77 69 30 15 75 73 85 1 25 6 94 81 65 7 47 
65 14 12 72 3 17 43 32 39 64 89 96 1 34 12 34 72 78 61 2 37 50 20 52 45 99 32 53 44 47 42 79 23 46 86 72 38 50 57 35 35 9 24 5 83 50 6 77 96 0 18 46 44 99 57 46 5 36 62 60 73 38 39 55 67 9 18 63 67 14 21 20 6 78 42 98 8 73 22 89 75 25 80 71 85 42 7 56 89 88 15 59 36 49 36 45 18 56 49 68 52 72 91 31 33 16 6 44 70 28 59 97 5 99 95 58 13 2 15 2 54 40 26 55 86 40 8 25 93 94 58 85 30 42 55 7 64 3 20 49 77 95 9 21 62 37 70 80 35 52 65 27 1 65 95 74 22 32 61 20 65 11 87 32 76 80 99 56 68 61 8 76 44 6 91 76 71 9 45 57 24 58 90 31 28 54 22 44 35 59 58 5 58 9 91 72 33 7 18 78 40 77 43 85 34 20 66 84 81 43 81 62 30 27 50 20 22 54 5 1 74 60 62 1 37 65 23 79 95 59 10 12 63 3 63 49 26 32 92 66 8 34 89 98 58 20 28 93 71 64 21 55 37 67 2 13 47 69 33 19 31 89 69 66 9 91 96 4 78 73 92 52 99 88 56 63 16 54 19 79 22 53 48 82 82 29 73 9 48 47 12 86 81 40 2 46 29 46 89 32 
17 10 85 33 28 74 24 82 2 4 6 62 33 13 70 13 74 97 10 29 67 21 64 31 36 76 78 93 5 95 73 31 72 54 0 0 33 73 14 99 11 64 0 69 2 86 67 35 99 79 50 4 92 84 89 95 85 51 10 78 48 54 44 83 76 38 88 40 72 47 47 50 34 37 87 72 11 64 39 25 68 48 46 74 44 8 66 36 62 41 62 64 11 29 27 34 13 32 61 49 33 97 71 76 70 58 41 62 75 70 33 18 20 39 45 53 22 59 95 66 89 9 61 58 12 47 28 69 66 86 65 1 44 57 58 58 36 18 29 24 22 30 43 23 65 27 90 17 68 97 77 17 79 12 28 0 49 50 58 66 84 73 57 0 71 30 43 77 23 38 83 0 1 34 70 16 36 47 76 17 30 25 95 33 10 85 42 62 70 77 49 32 21 3 86 14 70 43 86 92 39 93 86 40 10 99 72 75 93 95 94 15 78 25 50 99 84 49 20 11 51 67 46 76 5 52 51 84 14 35 20 84 56 80 2 15 35 69 40 88 9 71 86 61 45 63 93 87 33 16 91 62 99 28 64 85 53 90 64 14 56 72 33 42 82 86 67 39 27 69 80 26 5 54 58 4 74 27 41 38 84 20 3 50 91 20 53 51 35 94 71 60 70 67 36 31 94 45 9 86 
28 64 45 65 32 77 58 41 63 16 7 63 49 55 83 57 55 6 74 61 13 30 91 10 17 79 48 11 86 69 13 70 94 61 93 13 55 54 72 35 21 88 55 21 11 35 89 90 43 80 74 59 33 21 99 72 16 45 43 84 7 48 33 14 13 25 42 64 33 26 27 77 59 98 69 10 82 0 87 94 11 51 13 37 67 45 52 13 0 59 93 45 84 48 46 43 32 43 0 0 77 58 59 66 24 33 54 62 88 17 32 92 75 55 50 6 63 59 60 1 6 77 24 47 64 73 75 66 18 38 44 88 78 80 18 76 8 29 90 95 98 38 62 26 65 95 40 10 54 17 26 26 54 50 75 70 31 78 76 37 84 56 46 26 19 8 65 94 78 15 45 82 73 16 24 62 96 13 33 76 63 76 63 53 65 92 51 81 55 36 87 36 13 92 1 13 60 30 54 58 92 37 33 12 59 55 74 83 90 16 98 8 48 55 8 78 73 85 38 99 98 83 34 47 24 7 4 97 5 67 66 94 52 65 19 52 80 76 51 31 97 73 11 72 43 50 49 15 7 73 39 6 59 43 34 67 32 69 67 34 54 48 37 70 82 75 58 30 43 70 7 82 80 85 2 62 43 96 38 90 18 35 70 93 48 41 22 26 79 50 98 81 19 82 1 25 57 7 31 67 
78 31 50 37 47 64 18 76 27 20 0 34 59 83 43 89 6 56 64 12 66 69 74 96 43 30 99 71 49 79 15 13 82 18 14 39 4 16 36 60 63 64 38 59 40 73 32 16 30 77 70 66 32 23 77 95 42 51 51 45 59 8 70 55 83 82 97 78 58 46 49 38 40 34 11 35 12 17 65 5 41 87 58 7 91 13 80 24 42 12 71 54 5 83 64 71 94 96 89 82 90 44 79 51 49 93 89 6 90 75 55 93 12 87 56 71 99 80 32 10 12 60 53 66 42 83 1 99 20 61 41 16 71 38 6 63 47 21 66 38 24 70 53 38 83 91 59 84 16 30 66 34 36 54 75 16 36 9 6 92 98 19 93 80 71 11 92 94 72 50 63 60 33 62 86 6 62 36 60 36 26 83 24 93 85 59 76 57 15 22 6 99 8 62 30 59 41 91 13 86 36 70 60 83 87 37 62 43 27 17 42 57 9 97 92 13 94 6 84 18 50 2 67 59 78 40 75 6 10 35 22 5 49 58 86 20 21 98 22 27 97 9 17 54 50 74 77 1 9 8 7 44 11 89 60 26 92 29 38 20 82 72 71 36 65 49 63 9 86 40 53 50 67 83 92 9 89 71 82 77 47 32 20 28 63 68 70 96 55 17 59 94 85 34 88 52 20 16 78 63 
44 69 33 54 72 73 87 0 40 80 93 37 18 35 93 19 4 90 32 2 94 37 91 52 67 39 96 56 18 97 10 44 98 33 87 55 95 71 10 42 3 42 64 23 63 62 85 1 65 74 96 85 83 86 45 84 62 68 60 94 72 59 8 30 54 12 24 84 23 56 91 63 83 25 50 76 84 20 95 9 81 91 99 52 71 15 68 80 0 94 82 60 21 26 41 88 17 63 85 84 53 85 60 25 98 47 61 33 27 58 55 90 4 54 64 77 48 51 22 16 33 35 91 20 98 40 48 61 65 18 82 42 1 99 9 38 45 89 17 86 28 15 79 9 53 14 16 13 76 45 22 78 65 81 49 8 15 2 4 42 73 99 15 68 5 51 25 17 72 60 72 22 98 45 52 21 9 64 53 69 89 88 66 43 68 67 71 18 81 9 92 69 52 64 19 70 36 21 16 14 33 34 57 76 87 81 90 59 8 28 2 7 21 91 90 47 73 99 30 4 21 70 12 45 56 51 69 28 46 56 25 14 45 84 35 55 7 77 26 67 20 49 37 80 91 66 46 58 35 88 42 74 20 60 86 17 75 27 27 69 31 87 49 80 74 10 89 94 45 41 2 32 89 9 93 76 30 84 32 2 62 25 95 81 60 58 82 26 42 41 5 21 64 9 78 59 96 25 54 68 
95 48 63 60 29 98 74 42 52 42 35 42 77 40 43 85 69 45 83 43 59 91 72 32 69 63 7 92 71 65 69 7 77 73 51 58 14 85 43 40 75 77 64 13 33 87 36 74 44 55 34 6 92 17 96 69 64 91 72 2 99 37 27 14 68 28 37 8 16 36 41 44 70 19 43 88 37 22 10 70 83 0 31 67 97 31 81 40 68 0 99 91 4 34 91 19 4 89 83 95 5 56 51 2 65 60 3 25 39 66 66 49 50 19 3 71 44 98 30 48 98 59 77 16 75 80 44 11 70 23 93 57 42 54 70 21 21 75 67 1 16 81 78 41 15 85 82 30 51 77 66 18 52 58 12 92 85 29 51 64 38 83 75 77 2 54 40 82 76 5 58 58 27 89 55 7 66 63 56 80 66 28 89 77 35 26 39 91 9 48 69 93 5 48 58 88 61 88 71 14 65 66 81 77 20 49 60 20 41 71 48 98 26 1 36 52 23 68 2 38 14 76 73 52 95 15 36 59 16 55 51 35 49 91 76 94 10 28 88 39 90 69 96 42 41 49 82 94 96 60 6 71 37 4 38 97 72 88 19 14 83 52 29 14 64 4 96 2 69 40 7 75 44 35 34 3 32 48 42 65 76 93 57 60 64 70 82 72 92 81 47 22 13 22 1 77 66 1 70 75 
89 65 34 82 91 21 80 10 84 52 98 49 92 77 43 87 13 28 56 94 42 1 70 41 31 63 17 49 68 21 49 47 30 78 93 78 33 43 4 29 23 48 88 37 33 72 79 35 54 2 29 33 23 86 44 40 63 11 65 53 8 9 55 12 6 45 26 68 27 17 71 17 54 97 94 49 97 37 32 7 94 19 1 24 45 54 50 26 46 48 8 29 98 40 10 9 34 45 24 48 69 34 55 11 21 84 0 31 69 38 71 33 70 52 11 27 34 7 30 17 57 39 88 65 53 68 69 25 71 95 58 28 46 4 50 98 54 45 43 18 76 34 0 37 86 13 49 95 89 73 28 99 99 57 5 6 73 1 61 72 32 52 42 93 28 9 54 73 83 64 82 40 65 28 55 80 69 67 15 99 54 34 54 60 72 96 96 82 59 49 89 53 3 22 13 98 23 50 1 44 57 55 26 77 33 52 25 53 54 72 87 21 1 16 91 81 5 96 34 65 10 90 53 78 21 5 56 88 20 29 76 54 38 43 1 57 93 76 43 21 41 10 80 3 87 83 7 44 25 52 88 33 75 62 15 72 11 49 65 36 46 47 74 39 16 80 74 29 74 25 33 7 39 2 86 44 21 72 61 40 62 83 49 66 30 64 3 61 14 62 45 55 89 87 55 65 80 3 16 68 
76 69 55 27 35 74 13 63 72 15 89 16 29 67 94 77 76 82 30 31 57 69 9 11 0 98 63 3 69 1 29 71 9 10 66 20 36 96 38 36 55 94 20 25 83 24 13 78 4 80 4 42 17 79 0 34 0 31 80 97 16 5 95 3 51 3 62 47 49 71 73 10 86 72 56 51 86 60 84 2 22 57 12 6 94 11 25 74 45 78 26 4 73 26 37 89 25 99 18 26 41 21 71 79 30 52 26 15 90 73 31 10 27 93 16 60 73 88 58 71 48 69 94 65 23 72 73 4 9 16 63 51 76 88 47 93 77 72 63 82 48 29 41 62 15 73 62 2 13 58 28 59 12 57 69 82 54 50 77 48 33 80 45 2 81 77 24 12 15 9 37 64 76 27 97 7 17 51 19 52 89 22 27 43 33 79 61 95 36 59 48 3 92 13 89 24 82 30 9 62 50 25 42 69 76 39 84 9 34 87 26 79 66 14 92 53 41 78 2 6 38 47 3 94 46 49 10 53 34 73 62 96 27 47 31 48 47 32 75 69 51 53 20 21 37 6 5 29 33 36 22 67 95 91 58 18 72 0 56 2 68 65 2 68 61 83 16 75 94 2 26 95 65 63 44 87 6 67 74 69 48 39 4 5 14 78 67 61 35 58 81 20 79 12 79 63 61 49 28 29 
41 0 34 54 67 54 94 27 13 22 64 47 51 28 57 66 44 30 36 83 11 18 52 98 73 22 69 41 8 52 60 59 82 54 59 35 10 4 38 36 34 43 53 55 7 68 59 31 48 44 23 46 28 97 51 16 61 52 74 53 79 7 33 51 67 3 38 77 12 70 0 51 20 82 12 79 42 97 30 11 58 88 27 54 65 72 86 46 13 78 76 87 44 99 82 4 42 17 82 47 8 84 35 31 62 94 32 35 88 39 32 2 98 19 15 92 46 48 30 76 0 55 29 37 40 0 23 46 28 1 27 2 91 60 99 5 89 20 13 91 17 52 64 86 23 66 41 82 47 91 33 97 8 62 49 60 78 67 56 55 82 23 58 92 48 94 29 26 18 57 60 79 18 19 0 0 82 39 30 24 18 79 20 90 54 14 16 1 61 83 0 42 41 67 56 47 11 96 6 34 29 36 83 0 42 71 93 41 91 46 49 13 18 27 87 64 74 93 41 71 30 79 24 55 95 97 72 76 39 98 7 63 43 9 30 28 27 41 35 89 1 7 89 15 83 41 92 20 88 91 59 37 80 34 11 26 46 96 45 62 62 20 86 67 64 1 26 37 48 40 86 4 89 76 52 83 66 16 16 49 2 79 43 83 30 67 43 92 42 45 24 26 88 7 79 79 62 54 92 38 
34 25 99 92 91 89 16 95 91 72 35 16 67 84 56 73 84 60 83 32 88 3 42 33 32 6 25 23 41 39 0 77 13 55 52 94 16 49 92 80 15 0 86 32 12 23 95 40 81 18 50 48 60 77 87 50 27 0 40 55 11 85 4 56 17 39 69 13 28 0 20 29 91 95 43 22 87 14 74 41 27 71 64 1 36 63 42 82 25 24 47 71 2 9 92 93 44 16 87 59 58 39 29 95 17 32 91 67 67 85 25 35 36 16 90 94 58 99 50 2 90 9 41 26 43 32 64 90 7 20 91 70 52 36 38 43 2 26 63 6 3 30 74 59 41 30 68 22 2 49 48 33 15 23 23 19 53 21 7 21 89 51 81 71 29 98 26 37 91 67 57 69 16 20 25 80 39 74 32 62 46 14 74 22 39 66 73 55 31 83 83 50 92 93 82 2 93 84 46 40 17 69 16 0 30 2 7 27 59 89 31 17 72 54 71 91 30 62 58 33 9 96 86 93 34 1 22 53 89 42 11 97 70 62 69 29 11 99 67 2 34 62 3 81 29 31 66 49 25 32 1 74 39 86 47 81 3 92 53 64 49 94 39 46 75 74 72 5 54 72 72 24 50 52 59 67 49 72 14 89 81 82 91 46 20 44 91 68 44 28 64 99 1 1 24 27 88 51 72 67 
44 93 69 53 91 47 36 54 78 85 49 62 72 65 45 21 14 95 19 10 59 85 20 86 59 76 36 72 80 24 87 59 1 66 50 39 80 60 63 77 71 7 14 82 36 38 90 92 87 44 88 52 26 30 46 61 30 31 98 86 16 46 73 52 33 47 9 31 89 58 38 48 88 0 1 2 86 80 46 37 1 11 67 9 16 98 17 12 28 38 15 40 21 29 72 94 85 89 66 74 91 99 29 46 87 33 81 37 92 96 40 10 54 76 26 59 70 30 47 95 96 69 27 78 78 11 81 45 39 65 56 59 14 86 19 91 67 44 67 63 70 74 85 41 41 1 16 95 19 43 92 29 40 67 40 0 61 9 62 51 86 81 84 0 40 94 66 38 80 30 95 90 8 1 43 63 68 46 83 73 93 34 50 1 89 99 65 27 62 27 68 49 10 99 87 12 75 26 66 31 97 23 32 57 42 82 49 57 94 70 7 41 17 40 71 30 40 21 69 32 87 6 83 85 90 26 15 58 15 51 91 60 59 27 47 85 2 22 28 16 14 92 17 9 4 83 78 17 98 2 55 81 64 43 6 62 80 21 86 24 19 36 62 93 44 62 23 78 34 62 25 70 34 89 38 3 9 40 22 47 70 92 12 36 80 31 24 0 64 67 8 24 92 31 77 4 92 99 20 26 
87 21 96 50 89 59 34 97 48 5 5 38 17 34 37 37 67 77 98 20 11 70 6 85 53 16 82 74 79 29 63 58 15 86 55 2 73 26 98 40 3 75 63 50 24 45 62 98 15 18 78 26 2 89 14 91 46 12 9 32 38 47 36 63 95 43 44 77 54 23 60 26 53 51 63 44 61 96 41 74 90 53 73 2 46 22 60 90 52 66 28 71 27 6 95 30 11 5 94 93 0 78 69 72 11 8 11 32 11 68 13 30 40 89 96 38 67 15 37 45 62 3 94 46 64 62 31 32 99 65 19 79 21 96 72 95 84 82 22 6 15 4 90 55 68 11 39 12 38 0 94 47 51 92 41 68 36 45 25 16 6 63 86 12 32 11 1 18 35 78 19 25 76 69 64 62 1 95 72 38 3 64 61 78 90 40 25 53 4 73 16 72 67 87 72 66 59 59 52 31 19 24 0 97 87 18 48 66 21 87 15 43 71 25 86 86 11 5 95 79 47 49 27 42 30 48 7 30 78 39 79 67 73 82 11 44 6 58 1 9 83 92 87 95 50 85 89 36 53 47 56 88 48 3 87 28 17 30 2 64 42 24 63 64 79 40 68 14 73 19 75 78 16 71 7 82 65 93 57 72 2 21 56 11 43 56 16 34 72 54 68 78 45 81 8 16 72 6 2 76 
52 26 82 43 81 83 75 26 95 48 8 67 96 22 53 5 1 44 23 10 3 37 23 24 76 46 21 50 22 1 13 81 14 51 65 55 51 95 63 14 37 74 38 81 75 61 46 43 88 88 50 65 81 47 90 60 39 31 11 53 56 62 65 0 17 16 57 59 87 58 76 34 88 55 45 78 74 98 87 98 32 93 1 27 29 79 44 97 45 15 26 43 17 88 65 87 0 40 90 3 32 36 58 59 99 94 7 98 85 53 19 98 50 4 80 42 96 73 5 44 28 74 11 43 89 39 2 92 71 78 49 68 89 52 89 20 65 55 92 58 21 64 71 73 19 34 45 32 39 45 6 9 54 6 65 48 35 59 77 1 11 28 35 2 52 24 56 13 29 74 5 89 85 31 2 69 19 56 95 63 33 88 1 81 45 20 49 4 84 16 36 70 22 34 33 1 20 12 40 48 74 18 38 68 41 70 45 31 87 59 88 2 62 11 43 72 79 98 26 20 14 36 84 9 84 96 68 53 34 48 8 29 94 51 83 43 44 33 3 28 75 1 1 45 82 0 72 25 99 98 32 32 72 85 80 14 15 92 98 18 79 44 45 58 29 87 86 70 82 77 3 95 38 48 52 99 92 95 34 73 97 94 35 18 20 52 15 14 3 80 60 82 65 29 16 50 82 77 6 71 
11 61 61 5 87 14 82 42 63 79 15 97 24 61 96 31 60 87 22 14 90 40 59 26 85 53 49 72 44 91 52 26 62 26 64 60 52 78 71 68 56 54 6 73 97 1 31 34 92 26 17 30 19 65 94 95 5 90 59 67 36 72 29 83 97 77 21 7 0 26 21 60 75 88 78 70 41 53 72 51 51 32 49 30 10 94 65 53 67 83 47 28 32 49 62 50 42 96 41 6 68 73 24 33 76 43 2 24 72 73 27 30 32 93 46 97 97 81 86 59 72 97 42 44 3 42 87 99 78 14 82 98 8 25 24 13 17 19 26 91 36 11 70 33 88 25 31 20 59 96 6 41 8 26 11 32 3 30 82 34 32 29 95 63 16 31 79 78 50 38 48 75 66 74 65 55 20 87 33 52 94 24 12 64 54 83 32 48 41 71 94 65 60 91 20 46 45 73 25 62 84 77 36 40 40 96 99 12 60 90 55 39 42 98 40 98 61 11 79 29 82 70 83 97 36 71 78 6 84 32 67 85 12 5 22 10 65 47 25 85 63 61 46 92 25 54 6 97 52 6 32 6 26 49 1 59 68 27 81 84 68 66 73 27 13 76 27 86 45 74 79 50 74 36 38 97 76 38 92 19 15 14 18 49 68 85 98 55 57 36 22 9 72 22 91 78 51 92 5 49 
36 85 39 71 12 20 63 60 92 3 81 44 33 74 91 1 12 8 58 38 97 80 48 20 8 65 85 76 28 68 8 14 7 44 90 21 50 99 21 7 66 92 61 88 87 66 51 92 33 46 92 88 56 13 9 30 8 21 70 7 32 20 79 47 21 68 65 2 24 11 42 78 24 27 84 84 21 53 77 36 83 19 50 92 18 86 70 11 41 71 48 54 47 61 19 6 13 23 6 42 84 73 8 70 71 57 44 64 87 92 54 85 29 88 25 54 45 83 18 21 3 49 73 44 56 3 85 80 79 98 17 61 50 9 65 87 85 49 42 69 79 23 54 40 62 0 6 56 22 48 79 34 43 70 53 15 85 23 19 43 49 59 63 37 65 42 52 70 8 72 16 52 27 55 94 80 30 78 33 61 39 93 17 32 71 66 83 53 85 47 99 84 96 91 10 63 12 22 78 20 45 46 40 43 85 96 70 2 50 64 91 56 13 23 24 27 48 4 38 14 61 88 10 52 70 19 98 55 66 99 22 64 78 98 44 92 43 5 19 22 97 33 72 70 6 72 15 68 16 27 56 61 77 12 3 63 55 82 20 25 69 79 28 95 73 55 90 67 85 51 29 62 1 47 85 71 58 71 94 4 66 86 57 45 82 40 7 69 82 88 49 9 20 58 38 96 87 39 42 33 
16 56 66 60 10 15 24 4 19 55 20 54 30 16 52 13 53 45 41 47 12 74 17 33 49 5 51 90 0 49 28 17 42 53 3 6 67 92 42 2 73 27 16 91 54 39 59 98 76 67 55 52 19 9 14 24 51 15 10 57 30 98 32 53 1 70 95 90 57 96 48 25 71 67 12 62 28 24 77 28 35 89 76 88 24 67 44 74 63 2 98 61 79 32 5 82 64 87 71 29 77 88 48 31 28 73 52 30 40 73 13 62 6 9 9 21 87 93 55 3 4 17 96 47 59 2 28 65 67 7 81 27 85 26 13 3 24 23 0 62 90 48 49 25 79 73 61 52 84 72 64 35 25 44 88 33 70 0 13 11 48 75 15 49 29 9 42 49 70 76 80 58 5 54 75 9 29 18 27 65 59 22 20 21 18 8 89 70 1 24 66 99 19 53 26 83 52 42 43 49 44 15 93 78 43 94 52 28 41 83 5 63 86 20 60 80 80 33 66 14 93 58 35 94 28 26 15 40 26 38 79 24 58 95 7 9 41 22 74 59 68 97 52 79 25 4 36 14 4 66 88 52 11 30 7 49 63 65 84 44 44 11 17 98 39 10 52 0 8 32 39 56 47 70 80 81 62 62 53 79 52 46 30 33 80 98 37 73 7 96 38 75 0 83 66 25 2 26 1 85 
70 15 69 38 24 41 91 87 52 88 32 51 59 63 21 0 47 68 47 64 54 44 41 27 98 84 88 68 96 19 34 23 88 6 80 71 46 72 1 22 35 16 61 44 0 0 72 29 91 44 73 10 23 72 57 53 8 81 96 66 49 38 82 37 43 58 26 98 85 38 56 52 59 5 13 39 6 52 64 60 97 26 91 55 49 92 75 88 29 92 80 6 71 39 50 58 30 6 91 31 51 9 53 89 68 74 48 33 24 49 13 28 53 53 71 22 19 54 0 54 94 10 68 61 94 47 41 58 98 66 82 97 6 95 80 22 89 52 43 77 0 17 3 39 20 15 40 32 67 51 89 54 62 49 34 45 94 42 66 29 9 31 5 8 53 9 60 74 10 71 21 4 24 45 51 86 1 40 2 45 45 25 99 74 55 6 44 30 57 67 19 53 27 51 28 96 48 40 92 19 13 13 8 11 47 99 50 15 59 64 85 88 24 43 80 20 94 35 15 50 40 42 44 31 31 43 40 25 6 67 39 30 25 33 50 60 32 85 97 5 14 33 84 6 80 46 6 17 57 89 14 6 79 72 21 65 50 3 85 44 41 15 88 20 46 31 55 12 21 76 69 32 54 13 28 87 39 10 87 68 17 62 99 73 78 83 94 89 40 42 98 31 61 35 38 79 5 30 39 85 
9 90 20 10 28 54 46 77 68 34 44 59 0 88 68 14 47 15 94 60 23 61 13 66 54 8 20 85 69 37 71 88 4 3 31 99 13 20 87 23 84 68 48 58 56 59 35 98 49 52 84 43 72 61 40 29 43 47 86 25 12 49 89 37 57 50 1 53 12 68 67 82 17 41 92 86 91 49 38 10 41 14 7 15 34 81 62 87 64 88 12 37 88 41 59 76 7 32 66 40 23 73 42 93 38 42 25 0 25 71 51 71 6 47 14 22 67 12 64 5 11 59 36 96 36 9 24 65 92 32 25 52 38 51 90 19 8 57 72 74 83 59 50 34 89 1 55 74 44 77 74 19 97 6 46 8 29 80 77 92 22 63 35 13 25 14 35 67 44 36 56 88 2 63 87 93 29 65 55 27 23 37 53 41 13 13 75 54 65 80 10 29 32 31 88 88 97 28 93 61 89 33 60 51 24 38 80 37 52 40 4 72 78 18 95 40 11 19 52 40 39 17 59 58 38 58 26 42 68 89 71 71 83 77 45 95 43 55 39 85 83 14 40 92 80 12 47 88 6 55 36 85 50 99 57 29 52 37 86 42 23 52 99 70 72 13 80 72 3 82 54 52 53 52 70 35 25 88 63 10 12 47 97 60 25 39 0 87 97 93 56 36 76 77 82 0 33 75 26 75 
99 4 23 59 96 97 41 67 35 63 56 23 1 15 49 58 65 96 72 19 76 5 39 51 19 45 64 8 70 71 69 14 68 81 50 66 94 92 2 91 32 54 59 55 0 21 98 90 63 42 86 37 96 44 94 81 36 27 2 20 28 4 7 56 19 10 31 31 81 39 31 21 93 8 2 94 85 16 36 61 86 50 44 46 47 58 82 43 86 3 12 89 55 14 1 34 30 63 38 72 11 93 50 0 17 20 51 68 81 78 92 21 77 49 54 73 79 50 32 58 79 56 2 37 86 16 84 1 29 13 81 26 31 29 53 93 74 68 15 64 71 51 42 11 51 45 29 76 35 4 15 35 83 49 29 55 64 37 15 39 16 95 25 15 91 63 18 35 24 19 17 85 50 72 5 88 2 93 66 70 59 66 94 42 44 44 0 24 52 70 43 53 58 87 57 2 80 98 48 5 58 84 93 18 19 49 33 28 37 34 92 57 89 77 27 25 97 68 45 40 6 65 23 19 4 95 22 58 73 52 89 6 66 41 2 86 49 7 78 88 33 94 78 67 0 8 46 81 32 39 16 91 98 25 16 2 46 84 73 12 24 91 80 30 67 91 69 97 23 93 98 18 70 73 14 26 78 97 59 60 58 38 76 0 93 26 16 56 31 70 53 89 83 84 66 95 44 46 88 78 
45 19 24 75 83 27 77 49 33 37 26 18 13 63 55 66 37 65 38 20 33 73 88 65 33 39 88 2 13 97 64 0 42 21 49 59 85 87 82 35 36 38 3 99 69 0 58 35 27 82 54 88 13 99 31 53 17 42 47 9 12 71 45 51 10 97 14 24 15 39 9 67 31 69 57 31 20 58 97 70 39 45 31 31 29 15 42 90 6 0 16 4 42 57 8 26 47 48 34 92 80 92 54 98 23 48 67 78 56 94 27 19 64 68 90 80 47 88 76 56 99 85 66 19 85 54 60 71 34 10 72 44 57 32 78 57 98 99 36 68 40 32 5 39 36 94 75 2 10 55 11 86 42 19 59 72 77 53 96 24 36 28 61 3 30 35 88 33 84 5 43 0 66 4 1 98 22 17 12 45 73 71 42 95 38 77 69 63 79 1 90 80 84 55 2 44 64 84 72 70 26 70 40 56 18 64 21 13 95 84 77 13 38 35 13 18 95 71 82 16 58 39 33 82 20 77 28 61 54 2 1 28 24 80 11 77 38 16 85 99 56 50 54 89 16 25 90 53 26 35 94 87 94 65 47 18 37 1 15 86 13 85 22 83 19 86 89 60 47 78 49 50 26 35 1 56 7 24 40 71 11 4 1 71 56 75 76 24 62 18 6 88 51 2 49 23 4 48 85 5 
60 64 86 92 0 96 44 8 20 95 92 8 69 18 67 67 67 58 96 35 64 16 94 95 86 14 4 56 48 77 79 69 93 9 60 59 87 4 7 60 24 60 31 20 49 86 72 40 30 91 7 16 96 22 81 34 85 70 47 78 43 37 76 36 34 94 31 4 75 52 25 11 28 99 13 44 46 37 5 40 18 72 69 8 49 42 20 42 11 8 18 16 74 41 11 52 29 90 79 3 30 95 92 69 3 21 63 82 30 51 20 26 64 52 47 14 18 40 50 54 4 54 72 65 29 36 85 15 49 94 16 91 25 38 4 26 66 82 40 32 6 56 28 94 76 45 4 72 44 49 23 15 86 84 47 93 86 95 34 68 93 98 55 49 89 22 58 0 45 47 50 11 36 95 1 18 20 60 46 66 45 68 60 79 99 18 85 39 76 78 36 43 44 44 10 40 73 23 34 18 85 32 61 87 21 4 65 2 21 89 29 17 27 53 66 98 27 55 73 38 39 2 67 77 17 32 24 77 92 60 10 11 51 41 54 88 68 64 82 87 43 17 49 78 8 78 86 37 2 28 83 63 75 49 1 61 96 84 5 49 25 8 81 91 59 54 38 49 18 94 35 2 72 82 48 61 11 95 48 96 66 95 16 35 57 37 11 90 23 94 82 0 66 58 86 22 34 44 49 66 
86 51 50 97 93 7 65 10 28 31 31 2 9 44 35 31 49 14 18 83 39 42 12 1 77 55 26 27 2 17 20 21 17 68 74 98 40 80 91 98 51 62 26 3 58 14 80 16 53 24 27 83 74 56 43 7 2 91 27 96 64 90 71 97 41 28 40 80 65 64 52 16 53 28 86 10 25 73 90 69 20 10 16 37 45 24 12 59 37 89 67 26 30 49 60 87 58 75 34 44 9 66 9 31 62 94 12 62 20 94 42 9 76 78 84 88 28 48 17 6 23 39 60 50 27 77 72 51 66 86 39 4 56 9 50 89 40 28 1 5 91 69 99 87 6 43 11 84 92 50 7 88 89 17 36 69 94 1 83 15 4 12 21 89 22 82 55 58 11 85 74 16 74 26 34 21 25 20 52 83 97 79 83 83 63 87 77 95 9 41 62 56 60 33 38 25 57 11 88 49 14 96 39 17 55 57 2 60 57 37 61 94 27 15 52 56 31 0 15 52 18 32 33 96 42 18 92 62 8 22 55 38 83 46 60 24 17 58 44 58 71 71 9 9 64 84 72 99 79 90 35 48 55 10 23 82 86 82 18 98 53 19 71 99 32 87 75 15 85 43 77 70 1 48 3 57 50 90 21 12 63 33 78 64 91 38 43 2 19 34 87 40 44 9 28 24 47 44 75 21 
66 72 86 12 95 86 26 6 14 62 42 49 47 13 5 80 52 48 38 53 28 39 34 48 50 47 1 60 74 74 47 69 99 18 69 2 39 51 31 54 98 29 87 2 47 70 89 97 33 98 20 58 56 51 42 31 22 12 31 0 15 0 25 86 88 55 4 26 59 38 25 29 70 33 17 65 8 85 20 14 14 44 54 35 45 71 44 96 82 18 75 41 79 50 1 60 46 23 25 89 61 96 35 2 81 15 28 43 35 7 74 29 55 25 38 96 40 65 64 46 64 67 40 76 75 11 98 44 34 32 22 83 4 71 9 11 75 97 12 91 75 92 88 35 40 55 7 78 50 86 37 46 87 19 37 78 68 25 19 67 78 80 84 99 92 50 21 78 65 79 68 22 47 74 19 67 93 82 13 77 27 53 91 22 1 42 84 81 27 35 61 82 99 28 91 54 52 10 81 50 9 42 21 62 19 45 97 45 23 35 85 51 59 65 43 48 65 67 20 25 18 5 61 56 55 53 31 5 45 4 72 67 19 49 50 58 69 6 20 71 16 1 93 26 14 56 62 82 96 78 12 23 43 27 38 46 71 53 40 3 95 24 97 57 18 94 39 91 96 27 88 83 70 5 82 85 50 12 22 57 97 92 93 30 37 67 67 94 13 88 2 89 7 77 27 27 70 75 19 35 
82 42 62 56 25 30 15 85 60 65 44 73 47 83 46 32 7 84 12 53 64 13 15 57 32 6 75 99 32 3 51 71 15 52 96 81 0 69 39 35 19 56 35 1 32 80 56 94 17 19 60 75 18 73 10 73 89 49 47 49 34 37 85 87 97 56 11 8 22 40 22 47 34 30 53 86 55 76 4 20 14 56 14 28 28 73 99 82 64 48 76 15 48 56 46 68 72 95 10 51 98 54 28 40 26 3 46 36 86 25 70 83 50 3 79 32 25 40 68 96 41 0 10 10 58 14 71 95 65 41 22 53 25 31 95 3 6 37 50 79 16 0 59 24 59 77 66 7 49 52 0 33 26 91 89 36 38 94 61 88 17 45 39 50 95 53 76 4 36 10 29 70 80 56 37 84 56 71 49 83 43 49 36 43 40 82 17 23 17 7 12 8 8 83 26 70 85 29 88 8 47 53 42 86 39 59 97 15 54 6 46 8 52 91 97 89 97 98 48 61 57 36 96 13 52 26 43 6 73 34 71 10 38 30 96 92 60 86 38 35 54 54 18 91 58 59 25 68 44 45 11 48 32 49 26 88 66 65 55 26 73 33 86 42 47 63 48 91 64 84 59 29 81 55 50 14 87 47 94 26 88 2 96 25 49 77 49 37 72 31 73 19 70 55 11 90 28 14 74 3 
72 73 22 88 50 96 38 60 68 32 26 20 89 84 46 28 96 47 86 83 54 83 36 46 81 15 60 17 10 0 73 67 11 74 37 2 66 72 57 60 88 15 50 65 34 78 70 16 84 70 61 3 47 35 97 70 62 25 66 37 38 37 26 0 78 58 45 48 10 12 72 34 4 17 33 5 60 39 86 98 66 57 91 56 31 13 21 56 34 14 34 54 45 87 79 31 58 26 64 87 42 71 27 88 6 91 98 89 38 79 86 43 96 77 87 30 52 65 30 4 13 83 33 41 35 17 9 82 9 73 90 61 43 44 94 63 31 13 62 37 74 40 23 77 74 80 94 28 9 78 83 73 38 77 72 83 1 43 23 43 99 20 24 60 38 25 10 93 60 98 15 68 12 90 78 69 47 98 84 74 64 68 77 75 0 42 36 42 43 55 57 58 71 36 93 48 53 19 65 51 75 72 73 10 17 88 88 31 89 45 89 85 72 58 4 51 65 25 47 18 94 82 23 89 10 17 30 54 47 49 97 47 34 44 97 89 78 50 52 70 57 42 82 14 0 28 41 71 18 87 26 46 27 21 54 50 69 3 78 55 79 12 58 91 80 66 34 11 45 26 55 3 85 43 67 42 76 25 1 68 26 71 84 69 17 10 39 97 99 44 63 34 36 42 34 7 43 44 43 86 
72 54 76 89 24 29 11 20 28 41 53 63 0 62 4 13 76 37 72 84 30 66 33 71 7 34 94 64 84 66 12 95 54 80 39 86 12 39 81 60 24 80 33 31 68 93 76 83 76 59 45 37 70 62 59 22 84 24 29 82 86 52 13 77 6 85 47 14 37 97 4 76 47 79 79 13 45 95 7 85 85 34 43 19 42 40 32 45 55 69 49 18 62 5 94 36 69 4 95 17 48 70 95 41 54 12 97 70 55 20 82 74 1 95 41 48 23 64 62 34 54 82 54 77 61 39 15 87 26 68 49 57 99 37 74 34 64 66 23 5 96 50 39 49 56 31 25 40 51 88 93 92 52 52 85 79 98 59 9 4 15 99 11 47 47 94 10 3 78 65 51 51 43 42 0 27 32 49 65 59 93 84 55 97 91 89 48 33 39 77 30 5 8 8 10 97 74 7 58 96 54 56 65 4 10 28 63 2 7 18 48 43 26 32 40 72 23 34 66 50 88 42 44 26 99 31 98 5 26 9 85 23 26 12 14 66 52 87 21 83 28 50 18 60 45 33 72 42 64 15 94 13 65 47 83 34 7 85 63 94 79 33 27 12 43 31 86 2 70 19 94 22 89 86 69 10 19 6 52 57 29 93 12 74 80 64 78 7 55 59 90 42 88 43 45 68 91 96 22 85 
63 37 35 61 48 40 17 57 14 67 83 47 55 45 92 70 15 55 99 38 43 12 41 70 89 43 39 62 53 51 55 19 78 14 69 87 20 85 37 50 82 52 19 27 43 49 19 33 47 44 55 15 6 83 55 5 0 42 65 1 41 73 87 89 47 2 11 87 59 50 23 73 31 46 69 20 10 93 35 54 98 6 88 17 27 96 13 91 38 27 88 97 43 7 76 62 69 56 19 36 60 85 27 65 41 89 66 79 80 74 44 94 74 73 12 33 3 74 88 36 64 51 31 20 27 4 65 75 45 87 70 35 54 94 2 41 59 19 70 93 65 97 26 22 68 32 45 93 95 64 20 28 77 78 45 78 78 54 95 40 33 72 97 5 77 26 76 13 46 32 57 69 45 46 84 17 16 73 17 23 90 13 29 64 78 80 93 0 91 36 12 43 15 79 83 86 95 24 57 94 17 51 66 88 28 3 50 47 70 96 11 22 38 64 0 16 59 21 83 59 47 65 83 43 11 78 65 5 95 44 11 16 65 53 53 45 79 79 53 34 82 3 45 44 19 28 84 74 30 51 80 45 97 38 13 14 46 75 18 77 83 93 55 54 76 15 50 59 70 35 98 41 64 17 64 93 10 57 60 49 3 56 35 44 21 35 18 29 17 91 67 60 19 5 11 55 43 59 98 52 
16 11 21 16 86 54 70 57 6 74 65 63 15 93 1 97 0 32 20 66 85 17 51 4 0 6 81 78 21 18 95 81 58 49 40 46 7 33 23 36 74 41 11 3 45 85 20 0 72 46 41 8 82 23 23 64 53 48 45 20 79 63 13 15 58 52 43 13 99 7 36 66 56 29 71 33 21 57 68 49 33 87 55 80 20 41 24 65 54 66 9 65 31 6 44 39 26 21 69 80 67 88 54 77 91 67 26 73 46 34 80 26 94 75 54 59 30 59 26 45 93 63 45 23 54 72 30 15 20 93 70 32 44 37 23 64 86 43 18 52 26 47 84 29 46 54 57 7 10 9 90 41 81 44 67 69 62 50 12 10 29 89 3 55 90 18 70 71 99 4 49 70 10 13 52 61 55 73 17 36 60 70 39 12 80 52 94 28 79 33 11 25 56 62 40 4 82 26 94 55 83 99 1 60 82 67 10 9 11 75 74 11 28 78 44 78 59 23 7 28 57 28 51 44 26 31 38 50 18 18 96 17 33 59 14 16 95 43 55 28 0 3 56 37 44 53 30 83 51 60 28 68 53 66 49 72 6 4 5 17 16 21 51 93 29 37 93 72 64 6 42 38 53 76 2 58 39 75 19 66 93 20 71 17 18 31 96 38 92 79 58 66 13 44 29 17 80 12 71 97 
70 63 82 61 71 40 67 27 24 10 86 34 14 62 63 97 5 87 93 92 81 14 46 74 3 5 24 20 65 98 37 30 81 55 86 70 18 62 1 81 4 27 69 96 31 38 61 47 98 16 27 16 73 14 1 29 6 97 72 31 42 96 10 44 85 81 15 1 20 27 69 85 54 11 75 55 14 5 6 70 29 50 5 87 85 77 84 89 72 89 96 7 17 90 37 6 92 74 66 4 41 52 18 23 93 48 62 29 49 4 57 61 49 75 93 98 30 53 28 18 62 24 72 54 88 62 40 49 95 84 95 85 42 93 8 91 26 91 86 79 21 8 46 91 87 93 28 38 61 80 98 43 72 34 97 15 31 43 74 26 96 77 86 36 60 16 51 60 66 22 48 24 10 88 53 10 8 74 29 97 81 74 76 52 81 56 37 35 36 58 55 37 93 39 35 59 36 35 53 57 96 49 52 61 38 34 36 98 88 65 48 22 43 97 15 60 16 22 3 53 76 52 23 39 19 99 49 1 60 91 88 97 8 78 26 44 56 85 18 35 31 93 70 48 17 29 71 37 36 60 76 15 16 32 49 31 86 9 38 75 5 4 51 62 14 58 84 79 0 24 98 33 23 43 35 89 58 49 81 48 19 87 13 81 14 82 78 54 77 44 4 38 35 91 44 62 98 9 22 81 
1 19 73 3 41 93 2 84 28 55 63 21 65 56 36 25 25 93 11 83 98 28 84 91 50 46 4 26 62 90 21 38 15 50 19 84 93 82 19 89 72 58 3 91 10 92 68 32 98 25 5 21 27 2 93 89 74 93 36 7 60 12 54 74 23 45 97 41 14 52 1 40 0 97 50 44 57 35 84 35 29 81 96 86 49 42 78 20 45 82 10 64 81 36 50 67 24 98 1 23 20 53 45 35 92 15 92 51 48 83 39 73 43 84 15 22 31 91 15 29 73 69 26 36 12 24 30 76 15 48 53 37 59 17 69 3 4 6 31 76 72 38 47 15 29 70 6 12 97 90 71 35 69 79 52 79 83 28 74 44 27 78 26 55 34 82 43 25 82 68 22 9 48 34 84 12 76 99 25 25 4 82 76 1 67 31 21 86 9 26 61 86 25 23 29 50 92 3 7 23 18 5 46 31 20 76 72 65 24 66 49 88 24 62 51 30 31 85 61 91 30 74 61 15 54 43 95 50 89 20 85 68 46 97 10 78 32 85 91 59 41 92 64 26 49 56 29 14 94 50 31 38 36 68 84 34 41 66 78 5 96 60 67 1 4 7 85 11 69 60 77 18 52 58 48 82 40 31 0 86 66 19 23 54 43 79 13 57 4 66 69 29 64 6 59 89 66 9 88 43 
97 29 71 6 59 71 69 94 70 33 14 77 66 40 82 30 41 30 50 81 72 67 91 9 34 6 29 14 11 84 75 80 0 68 70 29 21 54 85 60 21 86 97 58 48 83 73 63 19 30 84 42 44 20 22 21 87 75 2 33 24 15 6 38 30 94 85 69 34 72 33 30 97 96 36 20 11 31 78 9 52 70 29 87 15 16 85 92 79 64 56 44 61 75 51 57 77 52 96 96 86 6 80 6 97 43 51 98 78 62 43 68 81 45 88 52 20 47 82 50 52 94 15 52 42 85 58 70 74 40 48 43 98 66 87 86 16 46 55 13 29 13 62 43 65 54 40 66 2 45 22 56 59 78 65 20 36 12 25 87 1 72 36 74 15 0 68 58 10 76 61 89 33 7 76 37 16 67 45 63 82 12 48 91 42 92 1 14 79 44 20 20 13 48 74 16 43 35 45 4 35 66 39 78 80 8 30 28 72 5 31 47 19 74 20 10 9 79 54 80 46 84 99 71 5 50 84 68 10 33 71 62 4 55 1 40 72 97 76 16 87 76 82 65 29 90 78 52 79 87 89 42 34 26 57 91 92 89 23 82 87 5 57 75 26 30 6 61 26 4 40 62 67 94 71 82 29 23 28 40 41 72 42 86 71 21 88 54 86 91 56 6 9 85 6 59 27 39 41 5 
7 69 73 83 11 17 23 97 93 28 58 66 67 76 4 95 95 4 99 11 94 16 3 30 52 18 81 65 29 95 41 24 32 45 39 97 39 79 80 74 4 3 13 97 99 86 69 83 37 5 68 69 16 47 5 48 93 89 96 13 49 4 92 80 18 20 16 79 16 85 7 58 19 26 66 46 70 50 72 43 3 93 7 99 10 69 45 64 98 47 80 35 78 77 13 74 92 47 78 62 88 87 99 40 77 49 48 23 37 51 96 77 67 83 20 36 53 56 90 23 19 34 68 70 5 65 95 44 28 46 19 34 7 70 4 23 55 84 90 13 31 57 96 61 27 85 85 82 50 90 48 49 51 48 96 88 92 29 61 73 82 2 86 21 20 68 12 38 40 96 94 39 70 82 57 60 90 58 99 12 93 52 73 80 63 75 69 11 11 71 14 97 50 88 20 32 37 11 57 50 35 83 56 14 6 33 76 5 43 95 46 74 86 43 4 59 64 75 80 9 85 31 4 16 1 24 40 38 99 65 53 4 78 83 3 68 5 32 93 18 50 50 27 27 42 65 79 82 95 11 40 33 94 84 20 29 49 44 47 89 44 40 37 94 71 74 28 47 13 27 10 93 77 99 88 9 39 21 85 48 52 14 0 92 50 29 32 9 39 89 24 97 77 43 21 67 47 43 11 75 
9 26 45 44 96 99 58 86 96 60 17 33 61 5 62 31 55 47 74 77 24 68 67 45 86 95 48 16 75 22 87 7 14 97 95 26 34 30 35 43 17 1 20 27 60 25 68 82 79 19 55 27 91 75 78 81 5 20 7 36 54 0 62 31 46 93 49 41 90 93 83 61 57 43 91 38 69 46 67 81 35 71 46 78 63 56 73 20 91 28 80 28 68 50 26 2 95 18 86 26 37 94 6 52 79 39 74 11 23 37 34 20 56 99 11 53 26 58 43 54 14 37 74 35 16 47 50 19 13 23 34 72 59 73 83 89 20 53 72 52 40 47 73 60 77 0 16 3 0 42 40 55 87 62 58 4 13 82 90 30 85 56 97 96 84 79 38 90 32 75 88 40 88 12 74 26 52 61 72 20 28 68 61 79 2 9 30 69 94 94 46 68 96 8 63 92 96 26 33 46 41 2 11 13 3 78 64 4 40 98 60 42 93 44 73 69 89 36 49 45 48 58 81 89 43 81 94 21 96 49 15 63 41 71 20 77 14 51 29 67 51 41 57 33 48 18 51 65 90 42 58 61 62 27 87 5 18 9 35 13 56 2 73 24 43 20 28 17 88 90 93 18 94 18 52 40 9 86 44 89 70 11 89 21 22 45 91 27 26 22 77 63 43 79 91 73 39 73 83 89 
62 28 68 63 34 88 48 61 12 3 73 58 71 56 52 47 23 15 15 31 26 49 60 99 42 77 81 0 35 80 0 2 66 65 92 46 36 72 27 12 77 94 30 47 14 12 71 39 72 70 50 27 24 12 51 36 59 64 55 45 8 90 32 49 84 16 96 79 58 58 45 19 24 27 68 15 7 73 25 55 62 96 0 87 65 63 74 56 36 60 51 74 67 73 36 61 32 93 86 31 68 99 60 39 46 68 95 20 56 17 64 22 94 89 20 10 34 5 99 27 29 53 46 77 0 66 67 9 74 84 79 93 58 95 12 83 9 94 46 58 40 17 74 18 58 70 97 89 12 80 11 24 38 52 54 46 8 94 36 38 22 53 90 29 38 0 35 23 44 72 78 26 72 35 95 30 65 62 93 30 22 36 91 64 44 35 23 48 75 75 0 47 41 54 62 21 87 70 92 23 23 70 15 4 86 30 67 12 93 95 22 44 5 2 8 90 93 40 15 80 74 9 15 7 88 49 6 70 2 71 27 52 77 55 47 57 45 92 16 47 38 55 0 23 48 85 90 91 26 35 98 65 18 28 41 53 94 53 79 39 91 66 76 57 17 96 40 9 4 83 93 43 82 18 3 31 26 39 94 97 73 84 17 94 80 22 16 31 75 61 97 51 89 27 24 65 32 49 50 97 
72 74 86 48 52 84 31 57 24 97 1 40 44 39 85 73 96 16 21 4 53 12 12 95 57 21 77 51 67 21 74 82 7 76 0 38 88 78 87 46 25 22 78 19 82 96 47 72 89 2 42 37 37 60 26 93 95 72 73 86 99 37 61 93 43 63 73 29 81 44 17 28 54 62 78 25 44 93 73 8 58 29 58 62 85 62 94 63 90 81 69 69 62 63 47 0 84 43 8 95 2 11 85 9 73 54 89 77 64 62 40 50 2 8 14 8 11 31 13 4 57 73 87 22 49 11 27 57 93 2 26 84 72 0 38 99 53 50 38 67 26 43 5 16 19 84 44 47 71 84 57 44 40 62 13 89 57 79 74 35 84 60 52 2 89 62 77 73 23 72 29 0 48 9 67 64 10 42 68 52 80 52 75 14 57 34 66 37 46 25 27 50 30 80 13 41 32 9 38 30 83 19 17 85 18 11 65 48 77 12 23 69 85 45 84 12 43 35 68 91 53 62 99 98 67 78 93 73 70 25 48 84 92 33 64 69 38 46 21 56 14 39 14 9 82 66 3 11 37 18 7 68 53 92 40 11 47 27 74 87 31 16 39 65 55 87 63 97 40 97 65 65 70 22 81 77 23 16 91 70 12 30 96 25 76 84 80 31 85 74 98 29 71 77 84 77 31 83 89 87 
19 33 44 72 35 60 58 76 7 17 74 38 57 4 9 55 76 29 16 95 2 53 35 84 82 69 45 36 21 3 89 26 72 82 41 80 92 80 61 43 1 54 79 0 14 51 46 8 55 37 83 18 57 49 79 59 15 73 41 23 54 91 10 21 8 9 53 13 47 70 99 68 63 73 12 86 65 95 15 86 10 18 72 86 14 87 58 16 35 15 20 43 74 98 95 34 88 25 45 86 37 10 62 34 77 46 93 21 50 94 89 94 73 65 73 55 71 23 64 95 12 73 27 38 3 21 78 23 39 31 95 84 14 40 12 11 96 48 35 86 78 11 64 22 67 93 53 3 4 85 26 69 41 96 34 51 53 57 29 72 51 44 21 50 60 47 20 35 22 55 60 59 46 11 74 27 69 89 47 79 72 42 39 75 12 47 60 86 70 22 48 4 21 61 27 99 34 29 77 5 92 33 53 37 61 55 16 41 47 34 52 19 21 56 6 56 30 93 36 82 78 31 19 29 14 45 32 68 35 85 24 60 83 10 53 21 81 48 24 14 73 76 78 27 21 95 22 38 85 97 48 61 84 96 2 53 46 48 58 33 36 24 37 79 77 70 13 10 2 47 90 58 50 12 84 3 56 93 47 36 58 65 89 3 76 31 57 61 5 31 16 96 87 6 32 87 34 26 10 68 
9 27 61 87 73 85 19 47 47 28 62 31 59 94 27 19 84 91 29 7 33 8 6 83 47 71 63 59 45 17 51 30 48 82 24 61 76 99 40 78 90 51 12 33 76 68 48 23 86 45 79 29 94 94 38 49 74 71 64 60 52 10 2 74 98 7 57 45 47 2 26 13 38 96 43 28 78 32 8 82 91 27 43 70 65 14 79 56 33 80 6 70 56 60 81 39 73 19 57 76 71 3 30 19 83 98 23 49 61 37 21 62 12 18 60 83 53 38 17 98 58 59 65 15 58 42 8 99 63 95 97 47 20 27 53 33 82 5 80 57 24 54 14 19 54 26 78 35 27 98 49 99 69 93 45 14 8 76 48 19 70 37 63 49 1 41 94 24 63 65 88 75 63 36 1 95 13 7 30 23 54 21 70 3 41 30 90 91 12 33 65 64 20 35 87 61 41 96 65 24 85 63 6 55 56 66 98 28 57 2 89 47 94 28 23 2 61 60 44 60 4 83 88 64 81 27 73 9 77 84 3 57 96 71 85 2 78 97 47 46 53 0 32 69 65 55 29 72 88 74 74 95 38 13 67 93 5 23 84 29 46 85 82 6 81 74 45 37 99 26 69 89 40 53 29 76 31 83 95 80 81 94 25 83 24 83 57 50 69 6 31 5 89 22 99 63 38 70 65 42 
99 58 46 86 33 36 91 22 5 0 74 88 3 25 35 3 28 56 80 87 56 56 15 77 43 34 45 12 16 98 53 65 33 90 20 99 97 17 82 84 27 28 6 63 56 23 25 49 89 60 97 48 10 60 96 49 62 49 57 83 30 77 1 0 59 98 31 18 15 59 9 33 30 18 34 26 83 25 63 90 34 43 15 77 67 28 59 5 14 3 75 86 94 31 27 54 95 65 32 5 40 44 45 31 76 95 46 17 45 4 32 21 83 63 26 63 59 45 65 46 76 83 12 21 1 98 87 86 8 83 37 21 64 16 65 13 23 47 60 29 3 18 58 12 21 91 81 93 19 27 7 55 69 5 23 75 4 96 0 1 88 25 83 81 18 3 29 6 9 6 8 22 87 58 36 93 33 41 50 62 41 79 95 15 95 66 29 84 13 63 27 7 31 69 8 92 68 25 53 38 18 13 25 57 51 18 12 38 99 24 82 49 68 86 52 73 18 85 73 69 22 49 15 93 79 92 67 99 91 78 96 61 12 16 29 38 89 76 48 85 44 54 38 11 53 28 78 34 41 6 39 9 83 14 47 47 39 45 43 26 98 44 33 32 77 87 25 32 31 41 77 61 26 54 41 91 20 32 41 77 38 16 37 80 98 32 87 54 23 37 44 41 27 29 75 81 6 49 56 38 
61 45 29 9 54 58 72 64 99 60 26 80 94 60 58 1 41 68 2 55 45 46 82 98 5 63 72 94 79 54 76 63 21 85 23 55 27 57 16 46 42 21 57 54 21 56 33 65 13 84 1 79 31 5 4 52 84 71 85 44 60 1 53 99 32 46 60 50 26 82 91 67 30 96 39 97 77 21 73 16 72 10 16 80 27 45 96 58 70 27 92 2 37 77 3 74 1 18 98 31 20 12 64 84 98 37 87 96 63 34 35 18 67 44 17 4 77 81 47 19 58 90 9 9 62 36 56 40 82 25 4 77 59 58 3 98 8 69 22 46 74 48 49 2 26 15 22 39 8 18 66 77 62 49 3 69 18 5 34 6 73 60 24 80 66 72 64 8 88 74 5 34 34 93 70 77 20 78 26 62 43 87 91 97 44 71 35 79 69 99 82 59 25 9 30 77 91 18 11 39 41 88 22 92 2 40 31 56 38 89 76 70 87 87 10 63 97 78 38 56 71 57 50 61 22 88 62 69 37 42 0 8 50 92 63 22 42 41 58 60 0 2 56 65 30 98 9 31 20 84 94 13 39 98 8 3 7 73 54 3 10 69 84 5 45 1 9 25 91 73 96 21 28 65 92 79 26 30 6 15 25 7 6 41 93 40 20 83 27 8 60 52 28 70 26 30 40 13 92 79 
26 56 84 50 12 77 82 96 60 18 83 70 72 3 76 52 32 24 35 11 8 29 49 60 33 14 54 17 21 37 77 82 41 12 61 45 60 11 25 27 0 58 2 72 62 53 2 35 70 12 42 30 21 55 66 31 83 39 23 33 36 39 73 99 59 92 46 81 62 46 86 88 3 5 83 26 81 63 55 73 30 66 24 66 11 38 47 73 50 86 43 66 15 83 58 90 2 27 51 19 98 7 57 25 32 96 1 61 49 56 43 68 24 30 97 6 97 66 91 51 14 3 44 59 12 84 40 47 44 16 14 24 80 82 80 70 56 45 86 22 60 38 68 10 95 66 41 16 4 18 79 75 38 10 28 14 7 75 22 99 51 22 63 68 78 3 29 48 57 62 2 92 86 35 51 48 99 70 74 61 55 83 24 40 33 15 1 75 54 72 48 53 20 7 8 5 42 73 4 97 13 98 17 8 34 52 61 40 98 75 9 48 16 62 58 83 18 37 74 44 60 6 73 68 2 9 21 80 12 78 18 11 45 58 39 19 18 79 14 89 16 31 70 13 98 90 5 0 53 49 38 5 5 58 7 86 76 13 19 8 71 61 22 14 63 84 93 18 73 49 42 88 18 86 35 1 35 87 59 55 38 83 39 33 71 71 44 34 65 97 90 15 50 70 64 65 81 26 72 58 
40 27 60 84 61 7 55 36 54 98 12 96 35 76 24 93 70 94 96 47 76 74 70 80 28 42 58 41 14 33 89 70 90 66 72 44 31 47 69 5 85 16 76 28 88 53 79 59 34 92 7 23 7 36 89 63 83 12 14 82 71 64 1 20 65 77 52 32 38 77 64 18 27 96 91 6 71 61 5 94 24 0 46 1 27 92 99 80 4 66 14 95 22 24 64 94 65 81 0 77 51 8 70 82 72 80 62 82 30 14 29 55 31 81 85 43 96 67 91 18 43 19 32 22 95 44 61 75 71 7 93 20 75 50 95 12 8 14 47 24 15 98 12 57 56 29 85 0 56 82 68 73 3 16 46 90 72 71 8 45 65 20 87 34 84 70 56 33 58 3 14 0 2 97 87 8 62 63 28 61 86 47 45 48 71 61 96 62 46 71 89 65 36 17 32 40 59 83 7 94 55 61 57 51 50 39 30 60 12 53 37 7 33 73 13 32 52 90 82 64 22 59 19 11 77 36 39 2 60 35 61 28 68 36 14 99 22 16 86 97 93 40 77 81 75 62 16 48 75 19 27 81 4 74 31 40 57 39 42 67 15 82 19 72 32 15 44 5 84 20 34 52 53 29 35 32 36 32 86 5 5 3 92 70 2 34 96 64 69 67 24 55 30 51 85 38 59 99 1 87 
24 70 69 82 27 45 13 18 34 29 8 64 20 0 92 80 4 79 99 88 56 11 7 62 77 71 21 60 82 32 21 32 67 75 61 55 54 73 62 99 96 63 51 67 52 57 45 4 26 39 90 5 49 4 73 46 26 43 99 86 33 96 30 66 44 65 19 43 9 21 14 0 43 95 58 27 84 87 69 76 2 32 11 24 82 11 50 17 82 34 0 31 33 46 27 36 57 76 46 99 66 88 88 74 11 23 91 88 77 32 75 17 89 82 33 45 25 11 79 61 24 81 49 34 86 65 12 2 69 69 1 95 47 79 15 93 87 22 71 68 60 37 17 69 3 68 82 67 16 59 91 5 53 19 38 50 13 55 60 6 10 18 47 72 71 0 51 21 69 85 68 89 24 91 54 43 63 98 64 98 51 93 57 36 5 31 96 86 22 47 28 79 98 94 13 27 99 16 86 73 64 40 62 39 8 30 15 48 75 56 86 69 65 60 24 87 4 39 92 94 9 1 97 41 42 50 18 8 8 39 75 53 65 24 74 25 18 68 13 13 58 66 50 13 77 63 90 64 19 70 50 55 22 24 9 97 94 8 94 81 3 24 15 28 52 42 68 59 5 30 67 28 46 77 78 80 79 85 98 36 84 70 6 29 26 63 73 37 50 48 75 10 40 84 68 79 64 70 56 81 
80 57 37 71 17 84 54 21 78 38 5 1 84 81 94 85 28 90 64 13 99 16 21 91 21 71 67 81 38 94 85 73 92 13 13 74 28 6 29 70 36 40 83 71 30 25 45 84 37 78 76 64 50 56 62 71 88 64 82 45 36 24 64 83 90 18 34 53 62 66 87 33 91 21 14 32 8 97 59 55 93 78 42 57 81 6 33 26 91 47 76 74 81 76 72 43 78 99 56 66 46 94 98 16 25 24 60 51 65 83 7 14 50 89 59 79 83 36 91 74 29 40 72 91 71 89 40 81 95 94 42 88 67 59 8 45 83 75 12 48 48 50 74 79 53 10 41 87 31 36 31 73 7 51 59 71 71 40 28 32 40 50 60 53 4 14 86 85 40 89 68 81 87 12 99 12 27 2 75 74 96 36 49 72 25 83 15 13 80 91 59 8 87 46 35 22 69 13 43 39 19 8 12 69 39 18 94 64 28 23 63 86 54 92 77 5 62 19 5 87 55 16 29 69 95 69 94 54 94 35 84 0 17 85 41 14 96 17 74 51 58 65 97 72 90 76 3 40 55 32 40 57 41 10 70 95 10 60 1 46 31 3 22 11 65 7 43 80 83 32 6 45 98 8 19 40 64 48 94 51 27 84 65 26 37 45 28 94 50 39 91 5 13 59 89 96 64 22 25 87 
54 81 81 68 83 23 3 68 42 51 59 65 72 54 48 0 1 39 21 2 8 37 66 18 91 16 59 97 28 99 68 57 82 53 58 57 86 10 38 41 15 52 0 75 48 45 1 86 98 28 31 89 20 94 23 33 88 75 91 3 28 55 51 72 78 13 60 37 37 66 84 45 72 15 66 2 33 33 4 63 33 31 33 48 37 55 40 81 58 66 56 1 30 6 30 27 48 82 61 62 48 48 18 5 95 94 18 19 4 62 40 99 14 23 86 25 68 77 56 55 54 18 1 29 81 83 3 36 85 27 83 11 57 19 29 1 68 77 55 19 66 15 69 45 18 32 62 29 51 42 10 63 80 99 67 14 2 61 76 74 88 34 84 47 23 93 81 19 65 41 64 81 6 3 12 96 72 25 98 94 56 52 53 13 44 16 44 55 85 69 1 54 20 96 80 36 4 97 0 67 95 19 17 53 81 10 55 58 6 71 27 19 8 32 19 80 42 92 46 46 19 18 75 25 9 70 59 31 67 35 63 92 63 5 60 91 22 85 96 43 31 11 17 37 94 58 5 12 34 3 29 0 26 93 96 38 93 35 60 7 16 27 97 11 14 53 61 72 68 60 43 67 0 16 49 89 49 51 63 65 65 91 76 89 6 51 3 91 13 30 14 74 26 65 42 22 12 61 26 70 
24 69 46 23 23 99 84 43 22 4 36 85 19 43 75 45 49 96 29 99 72 56 22 80 88 50 31 74 5 81 42 57 55 22 58 49 80 34 2 94 86 36 45 52 13 16 80 63 23 17 15 26 53 78 99 37 61 16 31 56 65 97 38 87 91 29 53 31 17 43 40 92 34 61 62 76 66 67 45 92 26 61 93 56 98 80 56 1 42 36 92 68 21 64 15 28 66 94 16 36 59 63 16 76 23 84 69 4 96 11 25 61 27 64 3 81 94 28 83 42 17 51 2 89 89 5 54 13 55 11 43 12 22 17 22 77 60 50 14 68 65 98 33 78 13 96 37 69 81 71 40 6 60 87 14 93 5 16 72 96 29 85 93 78 57 64 84 33 43 64 26 93 65 14 93 73 2 57 50 92 85 58 38 4 4 12 84 22 70 75 11 4 4 43 55 79 22 81 19 34 83 62 90 82 95 30 30 72 36 3 35 67 58 75 57 47 23 47 15 3 66 24 36 9 19 86 59 51 96 68 52 23 19 91 64 21 85 63 26 27 19 29 97 57 10 2 97 62 21 39 39 52 40 66 4 69 51 87 78 69 43 71 55 34 64 96 46 98 18 38 5 66 66 12 97 81 71 68 34 38 53 12 81 79 99 70 66 37 32 71 42 28 21 60 97 3 85 60 58 49 
13 34 95 73 55 82 20 62 80 28 68 14 73 39 2 0 33 79 94 75 67 85 96 55 45 21 35 46 13 45 88 17 21 38 79 20 19 38 48 22 66 58 1 66 48 77 39 38 99 91 49 42 35 88 89 82 40 12 86 55 32 19 39 31 54 45 60 1 33 59 55 82 28 8 60 44 55 99 57 7 52 12 53 91 24 18 31 85 93 35 17 96 72 52 38 48 89 89 22 63 19 7 92 99 11 96 60 18 34 57 36 54 76 89 34 13 9 76 8 10 53 91 87 27 46 88 57 18 35 68 7 82 89 95 50 64 89 34 99 11 41 19 73 5 63 42 86 79 6 44 74 34 35 25 93 80 28 57 59 8 0 23 73 27 38 58 71 26 66 63 99 41 61 44 71 13 93 20 50 85 11 52 97 27 65 48 25 29 41 19 13 46 59 59 13 91 60 77 37 56 9 53 65 73 58 29 75 75 84 82 8 3 78 0 3 42 93 21 31 74 2 99 5 75 41 88 60 31 18 99 75 97 64 45 36 18 28 11 52 84 33 86 25 51 96 5 92 1 4 26 71 32 4 50 87 86 0 52 99 66 98 18 0 89 92 39 33 42 14 26 99 74 71 5 70 92 76 34 32 56 89 52 40 59 65 59 60 31 57 21 93 81 90 74 20 4 56 96 57 34 
8 29 56 69 71 14 53 5 95 79 73 95 22 59 75 42 74 43 79 99 71 1 3 88 93 50 51 17 91 13 96 63 46 48 20 7 99 89 81 62 0 51 0 8 76 78 32 74 26 93 45 43 4 92 29 21 83 57 25 72 24 10 12 66 1 61 65 7 60 22 35 33 52 27 3 41 32 9 10 34 61 72 11 52 57 90 41 22 92 55 31 14 70 83 58 69 90 98 50 64 76 92 24 87 15 93 60 18 22 36 50 72 70 27 85 14 42 7 85 23 51 14 90 91 94 60 4 98 36 29 89 5 50 81 89 85 0 55 97 7 83 87 10 43 20 85 77 91 20 12 99 15 9 98 90 0 65 96 63 91 92 22 14 10 6 77 95 29 3 35 72 23 22 37 19 41 65 35 39 24 2 43 74 25 31 77 65 60 41 28 54 83 83 32 5 41 89 81 46 14 78 99 77 80 3 17 93 59 6 68 34 98 63 37 97 31 96 46 54 16 90 18 50 91 18 58 90 3 11 68 20 58 23 51 64 76 15 9 77 87 18 85 62 69 90 64 52 20 92 60 65 44 55 34 86 12 1 97 76 48 46 10 8 23 81 22 91 65 36 45 88 86 42 5 46 57 78 79 4 47 72 56 94 24 39 50 97 44 78 2 0 25 61 51 8 96 87 51 34 11 
61 97 9 72 34 73 33 40 34 54 43 43 32 60 36 77 48 14 99 71 36 27 50 87 97 58 9 33 32 73 9 15 8 54 88 27 44 6 18 68 50 46 75 95 95 50 50 64 43 38 6 85 43 22 72 61 77 13 89 2 39 2 81 84 91 62 32 98 37 19 8 74 77 8 76 18 45 89 65 76 9 63 17 53 7 76 78 35 5 88 18 78 74 67 16 6 12 96 64 37 14 76 34 47 35 35 79 24 59 27 47 54 80 13 98 94 69 38 35 58 99 28 16 25 75 40 16 5 3 71 56 51 88 70 15 75 18 63 27 49 73 7 49 46 52 5 45 83 83 78 89 32 68 43 64 57 60 7 24 76 19 47 58 50 81 64 97 59 36 90 79 92 67 77 21 28 0 67 56 99 65 83 13 31 34 92 82 68 66 39 78 14 10 41 26 94 26 44 0 12 69 80 13 87 96 62 21 53 84 87 56 11 57 22 43 85 67 4 91 78 43 70 16 14 44 75 25 14 49 33 45 22 73 44 42 58 90 44 12 73 32 41 59 16 49 44 2 93 38 38 36 38 43 66 6 86 1 56 92 41 71 2 97 0 98 53 46 37 92 6 85 37 82 41 5 39 99 54 85 30 58 80 97 56 98 73 53 74 37 81 0 38 96 84 94 32 4 27 18 13 
97 31 75 35 71 93 16 95 74 90 14 82 25 85 12 92 33 11 16 86 12 12 11 52 44 3 37 23 22 31 11 94 24 31 72 36 41 69 0 0 65 51 60 96 79 37 8 93 83 85 42 41 34 52 79 14 27 66 58 85 56 78 3 47 26 27 57 85 84 62 2 92 6 35 83 83 94 73 24 78 85 24 94 54 11 91 91 98 63 47 99 87 28 9 84 34 56 70 94 43 22 24 38 48 21 6 0 43 20 99 4 59 98 99 53 81 4 45 59 77 38 84 41 11 44 35 9 28 55 27 54 30 39 36 53 20 17 57 19 82 24 75 62 43 78 86 80 45 15 66 61 52 2 53 92 47 78 50 98 34 12 11 99 63 87 77 72 43 17 35 53 74 50 33 11 14 83 53 31 70 76 94 72 78 47 62 80 73 56 89 63 22 61 7 80 19 71 7 35 32 47 11 21 61 64 83 63 83 93 85 90 97 42 95 65 43 27 94 56 4 76 24 38 28 57 40 17 14 67 8 37 86 58 2 12 84 15 81 7 40 43 44 68 99 46 65 30 28 42 15 57 84 96 23 56 18 83 9 37 19 5 56 8 65 87 65 58 93 0 97 67 74 3 83 77 33 11 76 38 34 28 90 61 39 5 47 91 87 90 76 4 54 95 92 58 3 88 55 90 64 
20 88 65 16 43 45 75 99 4 32 42 68 78 99 67 88 5 47 65 40 82 9 0 60 3 96 71 72 80 80 63 96 68 93 5 21 42 29 99 13 1 3 76 32 20 61 54 75 44 72 35 61 80 20 29 13 15 54 79 34 71 80 11 74 34 99 38 68 5 87 93 72 63 6 78 28 62 67 45 78 88 41 94 6 81 88 62 56 11 2 64 66 90 56 64 8 38 97 17 81 10 27 66 82 25 22 52 91 8 3 70 76 27 5 89 5 65 35 28 81 74 65 48 6 47 85 47 4 79 56 13 1 37 60 82 48 15 23 82 45 84 62 88 0 70 5 23 81 71 16 29 2 2 57 43 81 95 75 96 46 40 81 4 60 81 81 39 78 23 80 38 89 52 34 77 6 49 40 26 21 0 42 19 6 21 85 93 67 11 36 40 72 1 63 88 71 51 65 4 18 38 1 58 34 50 69 87 11 81 64 52 56 23 99 94 67 55 99 71 63 61 14 37 22 45 35 1 48 14 75 41 53 53 9 91 39 41 26 4 5 17 93 67 71 27 17 77 43 98 58 96 34 27 60 33 37 40 92 97 72 66 20 14 99 28 73 17 7 96 69 27 51 27 38 57 74 67 18 64 83 71 4 16 34 69 45 9 75 72 11 69 40 50 8 51 53 90 5 78 65 
43 95 5 63 46 88 16 95 24 15 21 63 90 66 35 27 54 97 38 44 97 56 90 98 69 52 30 88 11 54 24 0 80 63 28 44 39 83 57 47 82 60 15 20 97 60 8 36 53 15 49 59 92 26 0 40 85 67 73 89 4 84 97 6 24 19 79 94 4 18 37 27 40 6 50 63 99 61 86 26 7 41 86 95 99 40 81 35 12 82 52 68 83 96 7 55 41 92 11 89 93 4 94 92 7 36 99 70 48 1 44 69 70 66 61 47 58 68 46 55 5 11 84 5 14 88 30 59 39 23 90 88 54 71 81 22 13 58 11 51 54 41 27 0 87 12 2 28 31 51 20 30 19 99 57 84 75 82 53 12 51 57 70 25 52 30 89 15 69 15 1 62 26 50 39 54 14 31 51 64 95 12 99 3 18 64 20 6 73 86 81 45 31 76 59 63 74 89 30 47 45 51 54 3 60 95 48 5 2 12 58 20 87 36 4 48 56 80 25 21 10 66 49 87 7 19 34 65 68 4 37 82 97 21 39 43 35 14 22 2 73 63 25 45 90 35 91 47 21 77 21 59 51 77 29 45 55 81 89 53 37 43 47 81 95 93 7 71 63 52 25 57 37 62 43 75 80 53 67 84 75 38 90 16 91 62 55 28 67 81 72 84 31 55 65 73 83 60 24 83 
45 57 54 17 65 21 25 49 66 81 74 22 70 25 86 70 73 63 98 82 4 90 73 98 39 74 9 64 10 89 23 97 2 96 39 75 14 85 36 31 97 4 70 20 30 73 15 55 4 21 96 5 93 65 65 97 90 75 91 56 44 94 87 81 6 39 76 99 5 24 29 49 47 17 14 56 31 57 35 8 25 33 89 56 10 37 88 43 90 69 72 48 39 60 40 41 43 76 12 85 44 37 60 42 17 77 43 31 46 73 40 84 97 10 56 40 87 62 98 32 60 78 19 90 91 62 65 34 58 37 37 59 22 3 22 48 44 41 8 8 42 19 64 4 74 76 44 37 34 89 24 66 58 1 29 64 70 14 14 63 54 72 58 38 51 86 99 33 54 43 41 37 40 36 92 93 35 9 45 78 9 78 0 68 68 39 49 97 47 95 51 18 74 6 94 19 30 26 23 46 5 14 2 11 52 64 60 86 98 0 12 96 93 43 14 36 99 33 37 18 75 90 0 65 52 95 98 88 70 62 74 16 40 81 80 10 0 99 88 68 42 27 75 2 79 23 66 24 31 79 52 99 71 35 72 5 44 63 63 34 31 37 55 59 60 7 25 56 34 10 42 79 47 52 6 27 17 23 28 76 92 73 7 74 79 43 46 6 7 7 17 46 15 48 74 23 53 96 47 83 
67 77 94 36 57 39 77 68 23 83 76 50 95 78 97 8 67 19 88 1 91 53 64 58 59 62 54 65 52 0 79 52 43 98 20 31 39 83 20 90 51 43 93 11 96 99 73 36 13 87 30 82 64 96 60 34 10 94 65 11 84 94 19 39 10 45 53 20 27 62 63 32 31 54 3 69 85 88 69 78 20 35 74 49 13 50 42 8 26 49 47 48 96 51 56 1 24 12 36 17 41 26 57 34 51 95 19 68 63 8 12 12 73 32 76 85 31 58 50 15 12 20 26 39 12 8 99 99 70 67 59 43 76 43 26 13 31 28 80 76 76 74 78 47 77 79 83 83 14 5 27 92 40 1 16 73 98 20 69 80 84 77 90 21 28 52 97 81 64 44 58 3 32 37 53 87 12 23 94 38 46 22 85 48 55 15 55 24 76 49 30 16 35 52 55 11 96 73 39 83 20 41 81 45 26 99 63 14 31 21 57 79 56 23 99 57 79 1 73 42 84 15 8 77 97 58 82 95 18 99 98 3 67 62 3 52 70 43 72 95 75 12 96 3 38 26 30 27 29 92 96 68 47 64 56 62 72 18 60 98 65 30 38 70 98 51 98 60 33 27 96 6 8 31 60 95 33 18 57 37 53 49 94 25 59 3 65 95 26 37 96 10 72 39 27 31 83 21 85 51 
99 65 36 14 42 64 56 1 1 70 68 41 1 73 79 79 42 2 76 69 2 15 18 82 36 90 2 92 91 53 96 67 65 59 63 20 99 63 90 86 75 91 33 13 80 27 19 59 56 75 10 27 11 15 14 74 59 61 51 66 76 83 6 35 59 97 3 42 20 38 66 67 27 49 21 38 16 1 37 55 86 54 7 68 41 5 44 37 81 17 17 40 0 63 56 56 0 70 64 28 8 16 54 67 23 79 44 7 63 91 2 44 18 38 1 3 98 54 11 56 1 34 20 72 38 36 91 25 10 61 42 32 25 47 24 37 53 7 23 26 38 87 34 85 81 11 16 80 87 58 14 93 76 31 23 3 77 22 64 16 28 98 55 14 3 6 41 86 51 0 22 46 59 88 7 82 17 32 45 2 82 76 12 67 45 98 22 37 62 48 90 73 72 78 19 2 49 18 30 38 95 23 28 22 83 28 49 41 89 77 81 4 53 77 12 56 37 94 22 88 64 77 99 81 21 68 24 44 79 24 56 24 63 39 13 41 10 47 26 85 98 12 67 55 68 15 21 35 13 32 63 37 63 84 87 9 54 68 64 66 64 76 81 21 73 6 48 75 82 5 10 5 66 53 32 18 89 91 84 19 98 49 27 0 8 89 84 48 11 33 43 46 53 62 92 40 7 23 54 20 
10 34 89 35 2 48 62 20 45 29 57 26 26 3 32 38 25 30 54 36 50 9 31 4 5 6 59 44 43 23 55 19 25 32 48 16 54 91 63 81 45 59 86 94 98 45 36 63 56 98 23 16 39 34 44 42 98 49 89 64 55 35 81 73 14 75 62 45 23 20 25 92 7 83 35 84 24 29 60 33 63 48 16 97 75 1 99 16 27 45 47 82 40 32 12 70 4 93 14 95 1 51 1 14 23 15 29 94 83 49 23 86 63 81 33 31 83 17 31 92 4 2 53 87 6 92 19 69 68 47 64 96 40 7 7 93 67 66 11 29 13 99 79 56 24 4 40 59 29 80 77 94 39 19 17 7 40 67 59 16 61 38 72 78 11 2 7 45 54 95 74 99 83 39 44 39 14 78 5 38 43 88 16 12 11 5 96 70 78 90 36 9 81 76 33 63 38 95 78 67 3 51 65 10 4 38 14 79 35 88 28 48 55 23 42 41 90 56 89 47 26 96 85 80 71 75 53 38 69 80 42 12 92 15 27 97 36 52 36 60 49 58 8 34 0 23 2 33 32 46 61 92 41 98 2 61 3 99 73 22 75 91 83 38 50 14 60 87 2 97 86 41 76 83 71 47 48 28 37 1 12 82 88 99 53 77 69 83 99 46 9 85 19 33 93 18 93 29 83 59 
36 72 60 40 57 61 54 17 77 47 87 75 62 26 38 80 32 61 77 18 79 67 13 27 45 81 5 75 16 56 66 71 57 82 62 48 36 79 64 50 57 85 45 45 8 70 9 33 54 93 67 13 41 44 92 12 87 66 86 47 29 91 45 7 93 10 71 94 82 76 87 59 63 36 78 55 63 78 52 55 58 11 55 94 53 46 68 34 23 55 86 78 60 84 97 42 5 3 49 40 65 93 6 1 19 4 94 46 38 92 15 74 57 22 77 0 54 81 36 67 21 73 21 20 46 67 42 58 22 97 55 35 90 50 96 22 37 16 56 43 32 91 11 18 30 71 90 76 89 99 13 1 11 31 65 78 40 20 52 80 23 57 35 64 29 43 32 85 66 75 96 99 26 31 20 81 53 58 53 2 74 27 68 0 84 12 58 86 15 65 59 78 51 69 6 91 16 35 9 0 33 42 24 5 40 5 29 35 42 9 53 71 40 56 98 19 33 88 23 17 50 1 31 39 21 6 66 43 9 72 39 17 67 9 86 97 29 47 49 25 23 44 93 74 49 6 27 77 49 36 31 7 50 76 98 17 18 40 52 30 26 30 67 82 65 2 4 0 89 75 61 64 19 11 0 36 94 37 40 84 88 36 51 92 93 91 0 30 42 22 0 17 32 37 45 95 90 2 66 33 
89 24 4 71 14 76 53 16 61 57 75 90 62 26 80 67 99 63 72 12 50 41 18 19 40 68 53 49 95 20 29 75 49 27 53 29 54 40 96 73 0 54 7 93 70 57 34 61 79 69 27 24 30 77 6 13 40 58 54 54 60 0 21 60 87 62 66 92 48 81 59 14 75 71 27 31 64 45 26 48 98 97 21 84 90 46 21 96 63 82 29 10 46 93 95 32 21 23 29 29 65 10 2 83 37 93 22 89 25 33 67 54 64 7 21 92 76 77 40 4 68 15 99 3 13 64 49 66 50 61 77 30 23 27 45 59 49 49 85 63 38 82 58 76 92 79 65 34 27 72 21 53 87 87 30 93 63 28 76 8 62 40 45 40 69 90 71 4 2 89 80 25 42 62 95 87 10 25 96 73 53 5 50 26 34 10 96 64 40 75 76 90 34 94 5 49 55 87 26 52 17 54 5 85 51 36 58 39 32 92 45 11 43 12 36 13 44 29 24 19 4 52 26 92 44 21 13 60 46 38 40 89 42 10 57 36 54 39 83 64 25 9 24 6 62 49 1 21 45 79 46 43 60 68 35 3 47 47 37 73 7 96 59 72 24 98 30 93 36 29 23 56 51 82 66 61 27 25 35 7 27 16 56 21 62 26 43 65 80 99 80 22 97 80 57 46 70 70 29 71 
88 88 66 35 66 12 18 5 95 81 83 84 18 34 17 28 81 33 24 99 6 48 52 7 50 87 31 36 48 8 10 95 2 35 53 10 29 81 51 97 72 61 90 10 14 67 67 87 40 82 48 88 91 85 52 79 60 51 96 86 57 91 8 19 24 44 61 70 28 76 86 55 10 16 8 69 17 15 26 58 11 62 80 20 0 57 46 80 66 4 90 26 38 37 29 30 33 64 19 28 44 93 41 47 63 0 38 19 46 99 54 70 16 46 2 50 56 47 80 56 96 82 65 73 42 19 51 4 25 71 89 34 7 88 27 34 61 79 53 34 25 86 83 49 92 35 85 75 44 30 42 44 13 26 16 39 3 27 51 95 27 81 31 30 39 27 42 84 71 77 80 19 81 4 27 5 82 83 32 73 43 67 13 44 56 52 3 18 6 80 94 55 75 32 90 23 99 83 1 85 2 22 84 12 31 25 1 47 57 6 92 13 59 29 25 4 72 25 59 69 57 61 23 38 36 81 52 66 50 52 94 81 87 52 10 25 60 27 42 65 88 65 42 46 27 31 31 0 60 12 77 52 67 64 76 97 93 61 63 69 83 87 36 84 96 69 42 33 72 89 6 65 17 54 77 49 56 20 85 72 58 57 19 98 64 0 76 97 86 13 62 34 91 72 50 86 8 22 75 45 
29 13 18 15 58 28 70 53 49 39 7 0 25 30 21 63 64 41 31 62 44 97 82 1 77 39 52 45 56 70 75 21 11 16 22 21 28 44 9 70 32 97 31 54 41 28 81 43 10 5 67 91 12 54 41 44 44 98 45 93 87 83 53 96 19 32 6 53 76 91 28 53 4 3 14 96 34 69 86 75 44 90 95 79 93 7 57 96 94 53 61 93 26 0 26 69 88 36 77 76 66 48 35 97 76 5 51 0 22 91 78 24 2 65 40 89 0 8 69 41 82 54 82 37 73 42 7 4 53 99 39 93 28 20 73 65 52 85 46 1 6 49 43 39 1 98 5 56 99 30 66 94 5 98 93 28 40 44 51 9 63 17 66 36 47 30 20 51 93 51 88 60 62 14 16 17 46 13 24 59 11 64 91 1 3 5 73 93 57 5 84 22 18 87 76 69 8 35 10 21 65 21 39 41 95 68 67 21 10 90 27 32 59 0 27 4 47 91 64 52 65 79 8 52 27 94 23 89 87 32 95 45 86 68 91 48 63 37 75 5 65 2 82 40 78 19 62 46 43 39 2 32 56 35 97 67 30 71 8 92 20 22 81 76 40 91 84 56 88 79 29 13 94 0 98 57 95 22 87 87 79 83 31 60 92 65 23 82 63 36 9 61 88 65 66 41 95 28 38 41 
64 2 29 26 33 77 48 8 92 42 87 57 47 93 73 63 92 40 30 94 10 81 78 8 4 1 52 80 79 37 2 8 54 58 81 3 62 67 9 53 18 15 85 70 13 23 87 68 67 62 38 6 30 77 77 83 42 32 11 73 4 2 13 37 24 56 71 33 54 59 83 61 75 10 61 56 73 8 51 16 48 40 1 80 76 32 54 24 8 72 34 55 33 20 53 65 45 96 14 73 23 21 0 42 49 54 98 23 88 66 33 14 76 53 82 55 27 40 9 98 51 67 4 90 62 43 86 80 63 98 89 12 14 48 90 68 14 71 55 37 28 63 42 74 6 87 7 14 2 31 76 95 80 2 1 88 79 35 8 82 16 5 19 73 40 6 5 36 85 42 79 8 5 85 66 24 76 14 59 47 98 9 39 29 43 87 70 6 30 82 12 60 48 37 73 53 50 41 64 21 71 10 2 32 68 67 36 4 46 82 44 52 88 82 42 97 86 34 25 68 80 61 20 97 38 96 65 70 66 88 2 35 98 30 81 34 21 80 36 7 31 0 65 41 36 45 39 73 55 64 65 61 54 72 13 5 92 2 24 18 7 19 75 27 99 64 59 16 26 6 77 29 17 97 17 73 27 44 7 2 84 40 50 4 94 76 49 4 41 15 17 31 23 87 31 21 32 0 21 80 
3 88 16 37 73 80 48 8 51 75 1 79 11 46 17 65 12 50 48 96 40 66 72 96 3 21 80 65 96 20 33 21 21 2 59 28 84 4 95 14 76 23 82 45 21 56 2 33 45 53 66 39 20 16 47 28 46 7 16 66 93 22 79 75 2 86 13 80 32 10 27 39 42 56 89 81 88 56 94 9 9 63 44 18 46 34 77 19 56 37 92 67 27 55 10 60 41 53 30 44 19 74 60 0 49 86 84 3 6 33 40 44 53 63 68 19 21 66 44 92 71 90 9 8 36 57 77 60 50 0 52 63 53 40 16 35 55 50 62 63 53 31 88 9 14 3 11 49 15 91 54 25 46 74 87 94 71 96 32 7 68 98 81 54 90 83 34 62 15 2 6 70 49 78 26 54 34 12 70 19 38 23 80 19 96 93 75 47 2 71 30 15 2 81 10 56 97 80 18 98 42 54 61 3 33 95 77 31 68 4 66 41 73 30 81 1 23 28 5 48 76 22 23 60 34 13 74 88 56 89 71 42 90 15 94 27 13 10 17 84 96 66 67 48 64 65 39 28 9 82 15 3 85 62 50 32 73 74 97 96 68 56 72 85 84 42 78 27 79 77 83 7 98 63 44 88 33 70 84 71 22 29 79 58 20 55 6 85 8 72 43 6 98 57 44 54 62 44 38 34 
57 88 92 82 15 25 89 27 10 64 4 43 46 97 18 19 67 93 94 62 20 28 26 89 62 95 37 95 97 40 39 62 47 18 90 4 53 37 35 68 83 37 22 87 84 42 30 17 7 13 15 13 0 23 92 69 20 76 88 25 66 60 81 17 95 25 89 53 49 51 78 39 77 66 89 50 59 82 67 12 83 94 51 27 94 17 61 9 74 99 2 8 19 33 79 12 61 34 60 37 12 59 90 34 80 55 64 6 89 66 39 75 75 40 43 96 98 96 94 37 78 81 52 62 95 5 25 67 2 96 18 46 26 61 81 71 35 17 17 23 39 33 28 87 92 97 60 80 63 59 62 84 90 29 60 21 45 47 0 24 49 17 43 22 3 78 5 87 85 80 28 30 10 7 83 89 88 50 38 61 68 38 97 85 89 48 72 60 86 11 58 67 98 54 78 7 12 9 19 47 3 88 28 29 0 96 12 27 98 32 56 66 61 89 75 96 85 1 50 5 81 50 33 3 52 63 42 15 53 78 53 0 22 31 95 77 6 20 57 26 90 26 35 29 90 72 88 66 48 99 50 90 89 90 54 36 45 55 70 31 95 70 46 2 51 11 6 8 91 58 17 41 44 49 59 97 19 76 44 13 48 51 31 51 1 4 41 95 40 22 44 60 67 80 77 60 14 62 36 96 
60 48 2 41 79 62 8 22 75 99 57 62 40 36 51 76 70 18 4 94 95 21 6 77 98 73 74 94 62 60 37 90 71 71 31 29 8 88 26 38 19 8 49 38 7 28 15 53 54 52 59 84 66 75 88 82 51 48 52 45 84 75 7 78 77 55 58 38 3 42 20 81 50 76 70 72 27 58 75 75 34 31 53 9 9 49 19 57 79 89 87 49 48 49 6 89 45 81 82 33 14 12 8 88 91 46 11 5 90 27 20 53 62 9 87 56 27 90 64 88 74 48 52 41 61 12 99 12 55 24 62 43 30 6 32 44 74 85 40 58 73 53 94 34 62 87 50 44 56 6 83 10 7 49 47 74 25 90 11 91 78 55 52 68 42 24 25 84 6 85 48 9 41 31 49 7 84 80 75 8 56 12 57 39 8 60 62 28 96 6 40 21 52 75 93 33 33 48 97 13 80 5 86 42 95 1 20 16 57 3 81 40 59 81 66 73 60 48 17 33 74 14 2 89 91 72 19 14 81 89 75 7 7 19 32 55 86 52 74 47 14 9 28 29 72 45 25 26 62 42 49 76 97 62 88 13 93 78 45 93 99 50 79 30 17 68 48 11 59 95 39 46 84 41 16 22 21 32 8 24 88 20 26 10 52 0 2 65 0 60 24 99 24 98 85 21 85 23 81 10 
68 14 24 3 90 66 49 90 93 44 31 56 36 45 89 97 66 65 54 54 7 32 1 24 89 17 61 86 63 87 65 6 32 92 60 38 28 6 51 6 28 23 35 57 64 71 42 21 11 39 2 7 51 26 47 35 83 85 36 60 78 81 67 73 36 33 9 81 7 70 70 23 54 84 42 22 59 86 97 13 35 72 97 63 13 51 11 24 29 26 26 78 0 51 9 94 8 8 1 99 15 55 92 22 61 28 93 3 63 83 57 45 32 80 35 84 43 3 40 42 39 29 94 55 75 56 43 55 93 14 51 38 96 12 30 98 83 84 48 62 78 73 52 43 3 48 28 94 13 90 52 85 55 67 91 22 25 51 41 80 47 44 86 33 14 95 26 31 85 73 60 37 20 20 62 95 38 95 99 60 70 78 64 65 94 36 76 81 75 50 51 3 16 7 86 9 50 28 24 99 47 97 38 60 1 24 95 15 68 0 56 94 81 8 37 26 40 73 13 18 21 40 87 79 22 39 14 61 81 38 82 25 67 4 0 68 91 65 65 84 66 71 14 20 68 31 23 48 68 47 26 74 64 44 5 76 45 93 31 80 77 12 40 44 47 3 7 23 75 48 66 58 91 56 15 30 19 8 79 21 79 18 24 23 14 30 45 99 36 20 53 59 46 92 59 67 95 54 73 86 
14 81 48 87 93 46 21 26 69 68 44 62 6 87 62 85 96 2 41 55 11 18 84 60 96 53 38 45 4 97 47 76 12 58 74 94 22 13 63 21 64 28 70 75 8 27 57 37 27 4 20 44 68 53 73 2 90 23 83 92 41 88 47 18 63 90 60 78 74 47 7 23 22 48 87 82 54 75 29 91 9 19 79 87 58 17 63 21 15 80 6 92 63 73 11 63 10 5 53 73 4 47 34 73 40 12 61 72 47 0 62 22 30 18 40 75 85 44 68 66 25 98 30 41 54 71 13 16 82 36 90 44 74 90 40 65 77 84 99 53 79 51 80 7 37 76 53 57 12 89 0 13 92 88 85 94 82 71 9 44 63 40 51 27 91 80 27 27 54 51 21 71 56 6 50 46 87 76 57 88 34 47 73 53 42 16 90 40 44 86 29 91 36 30 3 20 74 25 44 74 13 41 89 55 5 54 63 86 45 78 23 64 17 56 80 47 64 3 90 28 98 18 31 63 55 36 18 12 86 86 80 3 61 64 21 68 41 92 35 29 46 0 84 15 41 21 66 97 61 30 26 72 59 45 2 58 75 70 58 90 30 57 8 60 96 45 5 38 32 34 89 24 53 96 83 52 80 77 34 44 74 34 69 5 36 50 68 32 19 54 29 42 47 26 87 82 26 27 52 57 
19 50 81 33 29 37 21 47 33 91 10 21 80 95 12 73 37 9 14 59 44 6 21 12 4 86 50 57 66 8 76 34 32 87 46 24 6 5 91 72 60 68 86 29 90 59 84 19 36 39 73 56 95 76 85 49 66 31 15 86 71 76 64 99 38 15 4 23 91 83 51 2 64 0 30 32 6 28 53 8 23 15 18 84 50 93 47 78 83 61 39 12 98 10 22 16 25 11 83 53 44 25 7 40 57 33 79 1 0 5 96 24 3 10 67 79 23 60 69 38 17 61 2 9 82 55 57 77 4 39 72 11 80 56 25 54 92 97 1 81 72 43 4 89 43 11 84 65 99 58 30 25 42 4 77 46 81 20 19 7 92 54 81 98 97 57 99 75 79 18 23 87 8 58 59 57 28 47 26 39 33 68 81 32 92 91 95 99 71 86 7 16 36 49 57 51 40 86 80 74 92 9 57 45 10 49 73 11 77 30 91 48 55 54 95 20 22 29 31 78 0 85 81 36 44 27 49 8 62 83 31 24 79 29 19 84 66 61 87 56 54 74 33 97 8 58 2 30 92 10 69 95 56 70 5 17 69 8 50 24 8 56 86 25 53 41 17 11 93 20 49 35 59 28 64 27 56 8 27 75 16 94 21 79 57 95 12 8 56 27 22 26 8 63 84 35 62 48 75 10 
19 27 78 76 93 82 28 37 26 33 82 48 64 87 85 64 22 17 97 18 15 18 6 18 96 73 9 95 54 29 46 16 89 34 48 95 43 5 7 72 30 9 33 60 49 35 38 33 75 29 19 56 67 97 63 63 27 18 30 50 97 36 91 62 40 73 40 73 37 76 65 48 54 9 56 78 87 9 50 69 2 44 7 25 25 26 70 87 87 23 7 29 64 34 73 62 62 63 45 15 56 87 34 0 15 7 32 43 87 61 27 14 75 48 68 79 92 24 44 26 48 41 39 19 4 4 81 43 36 38 56 12 63 43 63 32 76 95 47 94 22 66 9 61 98 36 73 72 97 8 2 89 50 20 7 15 53 61 63 76 13 6 32 51 10 3 39 28 44 56 71 24 94 82 1 83 85 71 49 27 11 8 94 68 90 23 17 39 41 74 84 77 93 64 24 69 94 13 32 84 49 51 71 43 4 75 99 47 6 84 25 62 14 2 6 82 30 81 83 1 57 51 49 57 58 74 80 80 90 35 82 88 96 25 11 98 21 60 16 67 88 60 56 84 64 8 24 20 91 81 17 33 99 27 64 34 53 46 51 7 0 60 28 50 59 88 28 24 53 44 47 72 34 80 13 49 72 87 42 1 28 17 34 66 27 77 55 77 71 7 70 73 25 61 1 25 14 86 84 85 
1 52 42 38 65 9 25 40 68 61 87 7 91 18 1 85 15 83 38 63 44 45 40 47 92 6 53 85 9 83 30 94 98 17 36 88 82 5 66 40 58 98 28 40 37 23 83 69 57 34 58 75 46 61 57 82 10 78 97 61 69 83 46 82 91 16 32 93 83 26 67 96 81 6 37 0 93 4 86 60 62 13 28 19 90 64 67 9 36 95 16 28 60 20 97 95 99 50 20 39 25 96 42 97 90 55 15 92 99 36 94 76 32 61 40 41 26 98 70 96 51 1 3 35 83 57 94 79 70 17 49 86 39 68 94 72 48 33 24 38 89 50 85 52 53 26 76 1 64 92 13 43 73 40 71 55 13 63 52 21 38 89 12 0 73 17 25 55 69 72 31 72 2 93 51 37 18 73 0 87 98 15 21 48 96 40 96 33 12 65 88 58 73 92 14 42 14 35 76 13 26 13 8 92 31 4 24 71 26 35 0 3 74 42 5 84 14 4 66 50 75 81 32 82 34 42 52 68 63 70 0 44 11 25 59 77 89 22 8 44 49 65 9 74 17 60 82 84 10 17 7 50 65 48 53 93 0 95 36 38 10 22 98 61 27 39 10 81 78 64 58 31 19 73 18 10 58 52 74 38 9 59 88 37 20 13 16 31 64 62 50 66 51 90 98 92 65 3 73 46 
91 21 95 72 81 49 95 48 77 95 54 50 11 46 13 37 45 29 8 80 10 97 18 85 31 52 46 47 53 1 54 77 47 87 35 32 0 60 42 53 22 84 89 16 57 37 4 11 88 58 60 10 65 25 91 60 42 84 74 37 0 9 98 96 55 35 81 17 27 45 31 70 85 92 39 38 19 63 10 84 86 41 81 24 5 25 10 19 1 90 99 97 92 18 99 97 30 28 70 28 54 48 24 99 95 33 68 24 74 48 44 55 6 48 17 36 11 86 87 25 83 39 40 20 70 89 83 53 95 81 15 63 28 87 70 72 36 51 32 14 92 37 61 37 67 28 13 22 20 26 25 94 76 82 57 20 66 39 50 1 76 87 14 77 25 2 93 38 12 65 10 8 47 95 22 22 73 69 98 52 86 91 89 96 57 48 9 40 35 80 58 7 32 87 46 53 6 47 98 61 14 85 69 76 9 92 81 74 39 25 25 88 35 47 1 61 85 50 67 56 41 46 24 66 12 15 63 76 40 48 69 25 33 43 13 26 21 52 73 31 48 36 17 42 95 78 38 87 26 12 14 33 66 15 72 21 84 57 30 21 77 99 91 43 33 49 89 34 97 14 98 95 74 4 74 86 2 21 33 36 47 92 53 9 85 56 66 86 23 27 52 22 90 64 24 74 16 9 8 62 
65 13 0 54 79 5 59 37 14 48 9 97 34 17 65 76 88 44 16 73 95 30 85 78 63 89 50 61 29 83 32 12 15 45 9 91 12 24 86 6 61 95 93 26 67 11 40 24 77 49 15 55 37 68 43 6 47 77 94 45 55 55 42 15 38 52 66 52 79 82 30 32 7 46 55 79 40 77 50 96 14 64 93 49 92 97 7 75 14 20 50 47 70 27 71 33 58 42 2 85 62 48 57 94 34 66 1 70 86 5 3 64 75 78 40 5 13 92 44 83 87 56 50 60 4 97 21 76 61 95 48 82 3 88 4 69 9 7 12 64 47 13 77 97 40 31 25 73 12 67 92 24 44 37 28 7 63 36 31 44 17 15 7 67 79 78 69 1 87 20 67 68 22 27 9 39 71 34 80 90 43 32 40 55 80 56 86 92 43 83 31 72 5 58 88 73 72 14 67 6 83 95 89 28 61 72 28 61 52 49 94 43 93 93 16 34 45 12 80 76 30 8 75 47 8 44 53 55 38 98 60 44 86 78 29 73 68 72 62 83 91 95 95 18 3 59 25 16 27 19 32 9 33 61 59 91 42 69 60 32 8 9 90 31 27 95 90 0 19 96 25 19 38 56 83 39 24 54 62 63 46 5 22 52 84 92 25 20 12 15 1 95 85 14 33 18 12 44 35 43 
88 83 26 6 97 3 52 89 90 37 38 40 47 64 58 20 20 57 15 50 49 89 24 98 47 23 0 13 69 29 22 8 16 50 60 31 67 89 8 35 31 13 68 92 66 34 27 67 26 75 25 8 88 91 38 69 43 51 94 55 93 64 94 1 99 78 97 90 51 76 75 21 82 53 13 46 81 5 85 38 60 99 75 95 26 84 40 49 54 63 37 48 93 27 33 87 3 37 27 18 47 67 31 81 34 22 8 33 93 78 6 8 92 0 13 1 69 83 4 53 15 83 10 73 81 99 84 54 3 60 67 71 81 78 49 85 41 47 27 17 30 86 40 63 59 29 36 82 56 55 59 67 37 74 66 33 75 32 71 36 3 41 50 40 3 24 36 11 24 9 98 29 48 74 12 76 83 23 65 65 55 80 72 25 65 98 27 50 66 37 88 0 76 22 38 0 87 12 25 53 88 92 99 95 3 42 30 93 71 30 48 98 49 75 30 36 29 85 73 75 38 24 71 15 69 33 94 62 96 27 5 86 89 98 44 63 98 69 30 82 30 50 37 38 62 10 57 9 89 58 13 3 25 8 39 25 69 43 19 45 20 85 77 91 29 47 57 33 31 44 2 68 54 62 12 55 4 46 44 41 92 38 30 28 85 67 6 26 82 12 84 83 18 8 68 40 14 49 8 60 
1 10 6 0 60 50 81 40 52 32 36 18 70 19 43 48 43 16 96 12 99 80 26 85 80 63 86 48 69 46 0 51 70 72 93 99 64 85 69 3 31 44 53 57 67 19 94 88 93 50 98 5 86 86 11 29 93 33 49 68 56 68 74 97 75 88 78 95 69 11 28 82 59 9 9 25 75 68 7 0 46 38 78 45 58 92 67 66 87 9 92 92 30 30 87 80 27 80 55 3 77 46 51 61 5 51 27 28 61 67 60 4 66 99 30 84 47 14 45 16 15 32 13 98 59 18 75 53 41 84 68 94 97 71 84 42 23 6 28 79 21 44 56 16 99 52 78 4 94 28 20 25 31 66 63 46 28 47 5 43 68 32 17 37 14 18 27 47 55 50 78 5 27 34 92 12 85 28 45 55 80 10 3 91 70 82 94 33 24 83 37 2 59 41 76 26 71 95 63 90 88 80 13 32 45 7 78 34 49 86 75 48 58 91 98 35 81 46 52 46 69 94 81 11 93 48 91 18 13 21 96 65 38 45 76 46 66 43 44 68 73 80 1 2 73 93 47 33 12 7 51 99 4 5 48 60 12 47 93 59 20 70 25 41 97 54 72 99 59 22 77 48 68 3 6 80 40 5 40 88 26 84 24 94 52 21 39 92 50 65 47 31 32 56 91 19 44 83 24 75 
11 59 19 45 24 40 91 93 11 61 71 16 26 61 13 55 49 95 91 27 27 18 46 46 46 81 47 75 54 40 40 37 64 10 87 95 17 0 61 28 91 1 60 68 50 92 15 65 99 10 57 23 34 38 55 17 84 3 32 16 81 21 27 12 91 22 32 92 27 40 81 15 83 67 16 46 10 45 33 10 55 43 88 87 58 61 16 68 73 27 85 47 35 80 36 61 53 24 10 35 11 8 10 65 22 38 12 54 14 15 47 54 32 73 14 81 68 14 96 20 31 56 77 97 79 76 80 47 29 52 57 62 16 52 94 33 3 3 59 97 12 76 75 62 85 1 29 80 1 75 13 16 88 30 28 92 35 8 46 29 65 83 80 50 17 16 52 70 47 59 53 53 17 45 6 59 43 14 12 60 6 19 12 43 33 5 52 79 59 14 35 7 35 58 77 52 19 67 84 94 35 98 60 96 39 45 64 52 24 61 29 56 50 2 83 16 55 29 5 27 12 42 56 85 3 56 2 78 74 83 27 51 1 31 64 48 81 64 67 9 44 64 2 2 95 60 80 64 69 1 67 88 17 78 94 59 63 77 6 76 19 20 51 44 63 15 9 74 70 56 24 53 16 28 19 12 27 33 24 12 79 3 2 98 36 65 89 91 41 93 22 87 91 92 95 24 23 70 30 40 
29 68 16 5 51 45 55 19 85 86 77 4 93 43 1 27 29 28 36 21 91 58 13 33 21 83 50 23 23 8 0 68 56 57 87 74 17 18 39 13 41 79 60 51 0 42 10 73 44 55 89 90 37 11 69 22 85 64 79 87 51 52 80 90 14 22 53 4 22 65 39 5 4 1 95 77 29 10 93 92 25 23 21 15 53 82 56 90 30 3 81 48 9 62 78 43 93 29 21 8 23 39 75 99 21 6 56 50 58 29 15 20 47 67 89 69 39 32 44 39 47 92 31 21 51 49 53 45 33 8 9 81 15 21 51 37 43 34 97 1 91 67 36 62 45 75 54 20 87 39 91 79 78 36 49 42 53 43 89 19 89 52 12 28 35 28 46 54 46 41 68 75 83 27 99 56 17 69 17 7 93 84 70 42 21 0 99 28 84 14 19 76 49 17 31 58 66 45 42 86 79 6 29 98 70 60 34 77 9 76 25 91 94 53 71 26 16 30 3 87 98 54 18 44 52 2 12 42 99 21 35 91 54 12 56 99 57 92 1 53 17 52 55 19 22 76 67 11 78 67 72 9 79 57 81 45 17 70 50 88 45 82 31 65 87 38 18 7 74 75 59 20 58 32 99 34 66 30 23 1 72 98 30 57 31 66 76 87 4 54 10 69 16 77 15 95 19 3 24 68 
32 58 52 67 6 79 50 55 33 32 92 41 84 45 62 49 42 86 3 41 35 86 8 94 32 58 64 30 16 99 80 2 86 18 8 46 46 92 98 37 7 60 44 74 60 58 21 27 6 16 51 91 83 57 16 29 37 49 54 61 80 94 70 80 31 19 64 60 6 10 75 93 88 65 82 30 61 59 46 27 59 92 59 94 43 59 53 73 78 78 85 11 23 16 12 52 39 60 90 50 39 52 94 97 55 23 31 71 35 46 94 7 78 92 66 16 32 25 99 48 57 48 91 94 84 34 89 98 83 42 81 14 12 53 21 83 31 72 24 48 81 37 28 72 45 27 62 64 16 88 54 94 29 78 34 49 50 29 45 27 6 60 39 12 19 93 7 93 63 56 7 42 57 57 37 23 96 83 6 56 65 86 34 72 4 49 75 81 67 5 25 92 57 50 96 84 42 59 55 1 2 76 91 72 2 46 52 45 5 70 59 53 35 80 52 6 11 12 55 64 53 87 96 97 58 84 70 22 60 50 88 80 30 91 40 78 31 32 78 41 99 8 51 71 46 96 84 81 35 98 52 28 38 97 91 68 39 26 0 24 84 65 86 41 32 46 15 56 41 84 7 64 38 46 70 7 16 40 23 26 86 88 70 90 8 78 11 3 63 98 54 9 61 87 48 30 16 91 51 60 
47 29 60 9 52 25 67 49 42 41 57 73 88 30 49 19 21 73 48 70 11 72 16 63 81 46 18 37 10 99 77 54 84 79 48 40 80 41 40 26 87 59 48 6 73 56 72 37 51 63 26 76 45 55 69 20 92 67 83 49 42 33 39 46 24 95 62 35 34 48 37 76 53 2 54 16 11 4 33 30 74 69 14 15 31 6 33 68 14 89 90 73 22 11 24 29 20 1 37 22 33 78 34 47 7 14 43 90 43 64 99 50 51 42 70 47 49 5 70 79 90 6 85 77 22 95 10 12 89 91 69 80 79 91 65 96 83 95 36 26 80 86 58 2 96 47 26 7 50 24 39 34 55 72 39 10 65 99 45 2 80 32 96 35 57 38 25 96 71 80 3 82 27 54 12 48 91 41 24 15 55 12 97 52 36 94 3 55 0 0 93 68 96 12 80 18 84 3 87 93 11 7 32 57 4 60 54 38 66 49 37 77 9 40 85 70 74 31 11 10 15 21 87 25 91 98 58 84 61 26 7 48 10 75 36 84 68 47 81 95 53 17 24 53 91 76 90 73 88 18 88 35 26 27 61 29 58 12 20 68 57 28 51 67 59 83 20 74 15 31 51 56 62 60 54 99 90 7 21 21 9 40 98 76 86 64 20 70 58 8 81 42 31 40 55 90 80 79 48 96 
38 25 40 86 74 0 92 36 99 45 18 11 64 33 39 57 46 11 57 41 20 95 67 87 78 99 73 28 99 27 17 97 71 64 45 54 15 60 12 74 79 5 58 82 40 62 11 85 30 35 52 16 49 57 80 84 42 46 85 72 23 50 76 1 49 87 32 81 91 92 82 3 3 87 84 8 65 51 65 93 30 56 3 11 9 79 92 43 81 62 11 56 71 92 13 85 54 15 76 70 22 8 87 6 71 95 9 52 69 25 24 62 25 56 83 10 55 65 94 5 26 1 55 65 61 2 29 8 51 26 57 24 11 2 78 71 89 9 46 79 97 56 53 40 72 16 90 29 15 34 12 48 78 35 27 12 18 73 60 71 25 7 92 67 29 16 96 68 19 22 24 0 61 86 82 62 5 44 18 14 71 97 63 68 38 7 6 96 21 65 15 55 89 90 73 75 0 14 13 46 29 36 52 21 85 6 45 17 80 63 61 33 1 71 51 88 51 25 91 33 69 51 34 82 79 39 71 75 4 32 76 9 35 22 46 77 21 7 87 56 90 14 92 78 25 95 29 95 52 68 54 43 39 32 72 41 64 15 24 12 10 0 44 2 55 49 35 3 0 47 94 78 13 36 16 24 66 64 97 72 32 70 21 56 45 36 76 91 58 12 50 43 97 31 1 90 92 21 74 15 
72 19 0 86 0 33 70 74 86 98 50 80 76 56 38 21 92 45 14 36 57 0 57 38 80 24 13 96 51 97 14 53 65 66 21 73 54 93 31 90 38 9 20 99 14 46 4 79 10 44 72 55 92 47 91 2 4 82 60 87 90 23 37 79 67 79 75 80 41 16 61 94 25 6 57 2 8 65 92 81 95 90 69 97 41 85 27 91 97 83 92 54 23 73 8 74 74 73 21 16 41 15 88 24 12 1 84 92 49 41 76 95 57 21 55 18 34 36 41 9 32 27 67 86 59 25 13 64 16 24 60 55 72 45 90 75 77 7 83 66 69 38 12 93 32 86 60 2 56 28 29 25 65 22 2 77 80 25 60 74 11 20 11 77 63 80 92 16 48 46 46 10 33 2 91 56 75 69 60 24 51 85 5 82 64 14 19 64 92 75 74 99 6 45 39 40 92 45 64 48 46 42 69 24 7 59 67 72 32 80 99 72 3 65 48 40 98 72 25 46 74 40 80 33 78 17 79 62 10 39 86 63 14 56 91 89 87 61 30 64 15 79 67 34 22 31 95 35 36 16 28 50 75 68 42 66 56 88 29 98 23 26 82 27 80 5 98 88 13 0 88 99 52 78 79 97 13 13 2 84 51 34 1 85 44 10 70 55 24 94 82 48 54 74 57 3 33 82 42 98 
27 18 38 96 19 39 47 17 79 61 63 48 39 3 29 51 91 86 64 66 49 56 98 92 40 52 77 17 22 37 93 36 39 40 96 1 68 20 95 66 46 61 14 34 9 42 29 22 66 12 86 18 28 8 83 93 49 42 11 3 74 54 82 31 15 25 55 25 41 93 73 16 89 95 7 7 55 87 77 46 84 93 91 98 31 64 43 9 28 46 25 64 89 24 59 44 65 31 11 29 75 5 22 7 98 42 92 67 70 44 72 56 92 83 99 83 34 93 78 59 89 0 22 57 89 69 20 98 75 46 8 16 22 44 21 77 47 97 89 66 13 53 14 9 94 0 67 22 58 62 29 82 68 66 82 2 83 98 52 72 18 9 2 41 28 87 85 42 12 47 70 81 55 74 43 35 0 40 40 32 74 27 39 41 7 64 64 34 63 60 4 87 11 53 1 66 95 87 44 6 67 25 73 54 72 85 59 15 7 71 90 70 87 43 97 63 46 94 24 53 65 87 11 60 75 70 92 72 29 74 25 25 5 41 52 41 91 69 17 37 35 14 15 63 43 96 30 18 21 22 3 52 67 55 56 87 48 76 46 14 8 59 1 68 87 14 36 83 87 42 76 6 82 68 33 73 15 13 98 25 22 54 15 30 36 44 32 65 76 14 13 1 81 60 82 25 63 41 46 62 
76 1 44 7 19 78 24 45 87 53 75 6 56 26 45 18 53 83 78 12 20 27 99 26 46 93 1 89 88 52 53 11 57 27 35 19 16 83 8 61 5 24 25 33 95 85 34 7 18 81 54 30 93 30 40 44 72 77 27 17 3 15 99 11 16 63 28 12 70 19 95 85 64 69 92 83 94 31 25 77 30 30 84 70 49 19 90 99 75 9 25 5 97 91 42 94 17 22 81 38 31 81 76 6 46 68 66 88 4 25 13 30 28 22 97 18 43 98 32 26 1 3 32 41 46 57 17 52 56 58 87 64 99 43 81 46 39 40 72 5 39 50 63 45 91 62 58 44 71 33 90 8 27 21 51 70 77 82 28 51 22 10 74 0 91 68 81 60 11 31 1 32 93 18 61 29 57 12 38 83 36 55 96 52 89 92 51 12 53 34 70 54 42 94 51 5 78 61 60 71 23 34 81 42 16 90 30 16 41 58 72 26 19 32 11 35 63 83 78 95 7 55 9 94 99 91 23 35 49 19 74 50 62 74 83 93 61 17 27 97 96 3 25 19 20 40 1 81 11 59 29 34 89 11 13 59 41 51 55 66 17 39 13 52 32 92 76 58 12 69 14 97 1 60 43 83 73 93 88 63 48 95 16 72 21 48 99 78 44 48 14 34 79 18 54 49 71 31 26 76 
30 0 16 23 98 5 60 98 96 36 86 48 98 15 84 47 73 23 37 23 48 64 55 66 91 95 72 26 92 43 49 12 48 88 84 93 59 91 37 29 39 34 52 90 17 88 43 87 55 52 61 87 79 55 48 91 88 16 72 88 76 1 56 34 72 17 57 49 17 26 15 31 40 12 7 41 89 82 15 21 39 7 30 66 98 29 16 2 69 17 64 4 52 63 47 1 0 55 36 38 73 31 94 86 1 36 89 35 92 44 95 11 18 87 81 93 73 97 40 80 1 59 94 78 83 32 12 65 85 72 60 76 68 16 35 14 68 1 37 58 95 30 9 58 43 72 62 37 28 76 27 64 22 86 27 30 99 64 18 34 48 28 37 69 65 61 12 81 25 88 59 31 89 95 66 13 58 48 93 20 47 86 3 9 94 8 2 5 3 37 85 93 25 78 91 65 9 38 91 81 65 30 62 1 24 11 5 43 21 58 0 79 28 17 91 70 8 91 22 19 40 56 45 74 82 83 58 78 68 30 56 64 44 65 43 5 86 9 54 61 83 89 64 48 42 93 65 28 60 49 81 74 60 41 83 54 35 86 29 52 66 34 13 58 11 53 55 2 66 41 55 87 77 82 11 9 48 82 15 27 9 55 44 98 32 6 69 63 32 79 93 30 28 56 77 28 17 7 13 82 
92 87 95 48 81 97 77 72 98 83 49 24 11 47 55 65 7 91 34 27 70 15 23 1 34 73 13 95 13 54 50 21 13 84 12 49 19 27 35 22 98 8 8 69 35 71 65 9 39 45 8 57 18 78 97 12 4 30 61 6 86 97 99 28 77 98 10 10 21 38 33 0 0 6 27 99 78 47 66 59 63 57 76 17 16 0 19 72 74 61 55 26 89 59 94 23 82 1 45 11 90 83 27 35 77 26 12 49 48 28 7 15 68 78 98 55 74 77 35 43 10 46 29 62 14 96 58 7 55 80 47 62 94 99 19 31 15 77 46 16 82 63 81 26 14 4 81 36 17 21 89 40 32 4 83 24 98 77 18 42 61 88 74 92 94 64 17 8 21 76 68 36 37 48 88 18 95 58 76 71 38 3 39 79 99 57 55 29 16 16 94 90 47 24 27 68 44 58 94 4 3 78 24 65 71 41 34 64 41 87 19 92 64 19 55 2 66 59 37 66 15 48 37 28 88 43 4 10 30 28 5 50 99 95 6 98 67 89 77 89 43 91 52 9 70 41 36 25 19 84 74 47 68 50 86 18 28 71 34 8 8 84 29 97 59 46 28 56 37 91 46 16 56 69 17 37 47 55 29 29 52 81 84 97 50 17 38 45 62 53 2 28 98 24 81 61 81 54 90 13 
47 95 53 32 55 0 23 57 72 36 93 62 9 31 15 84 31 39 26 80 72 37 94 71 4 29 61 72 3 77 83 57 96 15 22 28 21 70 34 38 8 31 27 58 91 33 24 76 68 6 8 96 95 59 24 72 82 52 72 68 98 13 84 76 54 14 84 27 22 97 11 90 56 48 76 74 90 99 70 84 99 64 30 70 64 58 7 22 38 97 29 22 97 66 98 46 70 94 70 88 72 2 24 3 89 84 54 27 72 82 72 40 97 46 37 58 95 84 8 5 49 58 24 16 33 27 14 61 80 81 34 7 70 35 30 15 78 60 7 88 22 54 24 46 92 20 73 16 58 3 99 86 80 57 65 73 84 43 71 69 46 58 49 77 48 92 34 89 61 79 70 43 43 78 12 70 83 64 48 34 13 2 44 88 59 0 88 96 50 64 6 88 60 3 17 62 86 88 25 70 85 34 51 36 0 95 36 83 55 91 18 32 40 9 73 12 27 79 14 82 91 41 73 63 55 68 37 2 6 75 82 17 60 7 81 42 97 41 76 80 31 42 60 72 62 92 69 89 57 35 79 96 35 85 55 23 26 87 18 46 1 99 16 20 56 68 31 98 8 11 43 13 31 53 26 57 30 58 19 60 55 23 4 3 91 36 22 66 65 31 24 63 79 18 67 25 71 54 51 38 
92 54 97 36 85 16 18 71 62 16 30 76 95 31 93 66 9 69 91 14 99 67 48 56 68 59 9 26 32 98 64 66 62 17 66 1 98 82 45 92 19 52 50 26 14 91 64 55 40 10 64 24 49 60 46 94 47 5 6 41 64 70 84 36 5 61 42 85 84 95 0 73 77 22 75 65 2 42 15 19 40 20 37 3 63 36 19 60 86 82 63 50 69 19 19 29 58 19 33 56 94 30 88 33 65 8 87 78 51 29 39 46 12 88 25 49 73 33 92 10 80 55 20 32 70 2 74 47 75 60 91 3 99 69 39 41 48 41 84 15 68 43 75 57 72 59 46 45 3 21 74 93 12 35 37 49 91 45 70 7 10 76 47 57 78 7 34 41 14 11 52 10 33 35 73 67 21 93 29 13 89 50 23 72 14 70 66 27 92 63 45 81 31 86 47 2 58 9 69 24 95 7 6 63 49 0 73 65 4 65 80 75 46 79 64 5 78 21 2 55 69 67 93 70 6 65 53 26 15 76 86 17 1 23 80 17 92 92 37 89 28 88 63 86 64 40 34 90 94 39 82 4 86 81 13 93 69 62 59 36 52 56 50 71 5 94 64 77 59 77 35 30 1 39 42 52 18 24 16 90 79 19 57 71 9 8 64 96 4 84 33 35 95 35 94 50 22 73 95 35 
88 46 14 72 30 98 68 98 42 24 6 25 66 50 80 36 74 18 15 1 3 96 94 10 97 96 10 60 4 11 13 82 68 48 34 11 61 49 11 14 7 72 87 5 12 56 69 90 0 64 85 34 38 58 19 97 84 84 38 3 17 2 33 24 67 60 78 90 89 88 95 97 52 52 64 2 61 94 77 4 35 75 46 50 93 55 33 22 5 99 56 31 58 73 48 39 79 75 5 58 74 95 78 69 66 26 98 56 26 50 46 5 80 55 57 52 90 35 94 27 65 8 17 18 89 52 53 67 28 2 67 57 30 43 48 36 72 70 70 39 56 40 4 6 68 49 80 33 47 56 44 97 64 83 17 78 49 38 17 58 74 80 14 83 40 23 22 92 99 27 44 50 92 43 66 12 70 25 63 14 29 62 32 50 63 13 64 94 18 57 82 52 10 52 19 47 44 31 8 87 95 27 59 18 51 50 8 27 84 74 80 39 33 25 48 65 3 54 77 66 71 67 64 25 93 68 40 61 0 89 80 48 13 2 11 19 77 48 36 78 67 1 85 76 48 52 49 70 7 24 23 6 96 35 65 39 89 97 1 13 45 17 84 40 32 57 31 25 57 87 80 32 77 70 32 5 87 15 55 62 91 16 49 33 7 85 80 29 6 17 41 13 93 36 30 6 36 69 77 5 
9 95 46 9 35 31 53 62 64 54 97 91 25 20 65 4 26 61 26 52 57 9 10 63 51 24 6 15 38 50 71 23 1 40 17 93 28 9 64 50 82 56 15 18 44 91 11 68 10 64 32 47 58 47 5 28 67 31 74 63 62 78 42 97 57 24 73 74 15 87 65 43 56 89 85 53 2 72 55 13 9 93 89 52 20 78 15 56 74 4 80 90 96 58 72 93 13 67 50 69 5 40 59 95 5 96 77 57 8 86 92 28 91 74 91 82 76 39 95 77 55 56 62 38 41 13 83 5 73 40 28 7 18 82 26 7 64 45 83 32 10 69 30 26 87 26 34 3 53 66 27 74 27 62 94 79 3 92 7 82 20 7 29 7 74 22 26 24 36 60 30 51 64 26 38 11 93 74 34 57 64 8 98 26 71 52 7 15 58 83 31 33 32 98 52 0 2 18 81 54 65 51 5 2 18 84 86 93 0 36 96 63 61 74 25 95 25 99 34 12 36 47 87 78 7 77 4 29 30 26 26 39 35 67 35 72 68 95 19 34 92 27 36 31 49 52 42 14 3 91 0 40 65 51 48 92 6 92 65 71 41 47 85 70 80 88 86 76 97 51 67 90 6 29 29 24 98 32 31 85 24 71 50 3 23 99 80 90 12 71 36 42 80 63 35 18 69 65 47 9 
80 50 63 55 49 70 57 3 44 30 50 24 64 49 86 18 49 96 17 73 77 78 41 45 87 37 90 93 97 12 74 50 43 70 9 0 54 51 0 13 77 8 83 89 38 41 16 45 4 39 53 47 14 11 55 13 29 10 49 81 90 86 8 26 23 38 38 56 15 28 99 20 90 42 18 34 61 92 48 4 24 62 54 69 39 2 62 97 26 89 12 86 7 35 27 63 23 52 9 33 87 95 90 15 68 75 6 84 97 69 75 32 65 5 84 89 21 18 56 27 13 69 17 65 39 16 61 52 92 18 92 58 42 36 50 12 83 4 97 81 64 80 19 31 46 77 48 61 55 60 55 18 67 9 25 62 25 53 87 93 49 98 23 92 18 56 47 92 11 39 3 9 77 81 42 65 88 96 16 39 59 44 69 53 81 84 23 13 35 67 71 38 45 15 47 87 48 55 95 90 64 24 53 72 13 56 47 26 53 50 1 25 7 44 12 6 91 96 30 99 66 76 92 45 66 82 82 2 5 39 3 1 19 32 1 38 48 96 52 29 25 63 57 46 80 88 49 33 27 42 50 32 99 53 64 59 24 89 35 65 51 47 35 37 79 84 34 5 9 13 33 51 20 1 2 13 7 49 62 59 33 39 14 22 96 76 49 28 64 35 62 42 41 45 17 2 40 18 5 83 
81 91 72 95 19 70 56 5 44 95 77 47 8 42 33 78 61 6 36 18 50 93 94 29 46 54 83 66 17 39 63 33 7 67 95 93 9 16 44 85 62 19 65 59 10 92 94 50 81 5 60 42 33 36 19 69 64 68 49 2 22 33 39 12 3 55 3 74 94 78 79 89 19 2 48 76 2 60 61 29 81 74 8 99 45 50 19 54 40 92 28 81 28 22 66 86 86 5 16 69 59 97 0 82 29 81 32 51 68 35 6 88 42 48 40 88 18 82 17 56 95 30 60 46 77 0 13 47 79 88 3 21 70 47 5 62 79 52 40 80 97 70 9 4 11 67 13 69 52 41 59 28 45 80 68 28 72 36 63 47 47 7 32 65 63 35 41 84 11 45 55 58 93 55 15 12 65 96 77 46 94 47 60 12 54 86 87 64 82 0 55 75 49 70 54 8 75 49 71 77 81 6 7 64 8 61 25 49 14 62 48 61 55 3 29 93 74 79 47 99 21 52 33 77 27 29 70 77 27 39 41 75 53 51 48 73 30 39 51 38 33 66 48 66 59 65 77 96 75 81 88 3 9 71 46 57 81 82 5 54 28 43 3 46 71 62 79 12 72 50 18 70 6 29 27 62 63 7 41 98 8 18 72 48 19 29 99 58 93 9 64 79 52 30 28 77 34 10 68 36 
45 29 12 75 34 9 5 42 74 22 21 9 54 24 49 94 45 62 44 0 31 72 18 47 25 30 20 58 83 93 46 95 75 21 12 96 32 63 97 36 33 92 66 18 62 71 93 32 1 19 71 92 57 13 2 98 51 30 88 31 52 36 9 94 0 33 73 62 54 95 69 0 82 65 26 55 51 28 77 75 53 43 8 50 29 97 49 70 19 92 57 5 76 25 8 50 77 1 96 61 1 74 57 64 84 59 49 50 34 6 54 25 64 79 19 32 24 77 38 15 90 23 31 0 33 83 96 30 71 32 9 53 23 91 49 1 77 59 35 50 82 10 6 51 83 39 70 71 50 41 29 35 72 65 27 1 11 40 73 0 44 52 74 36 6 50 6 7 15 38 64 29 68 33 67 25 71 17 54 22 44 88 79 79 64 48 85 98 77 6 22 88 8 79 38 77 11 88 63 90 44 92 95 26 51 42 50 7 4 91 93 62 28 88 3 12 5 10 88 77 15 25 27 97 8 2 2 53 75 48 86 51 9 25 35 0 62 72 46 46 90 11 35 29 83 71 40 6 16 69 83 76 67 20 16 56 45 8 85 94 44 48 79 82 71 41 26 71 23 19 98 52 61 93 92 86 3 10 17 17 3 8 46 95 91 59 95 61 0 81 61 91 70 82 18 51 96 0 86 62 
80 9 20 4 88 78 56 80 32 4 21 58 79 62 25 61 76 50 26 79 26 14 15 30 10 31 59 69 29 20 94 46 85 94 16 77 50 42 66 0 69 75 51 56 84 64 55 96 80 70 51 80 23 93 45 35 74 0 6 71 96 51 29 48 57 68 95 51 5 83 65 28 2 71 45 51 20 22 16 5 4 83 78 21 90 78 63 53 14 98 29 2 73 20 7 11 0 6 15 55 31 30 57 60 70 61 33 99 11 83 20 92 93 50 0 43 22 61 57 95 11 86 84 73 6 33 74 34 54 92 44 96 98 11 53 69 39 72 67 30 13 41 17 58 5 18 51 74 26 20 66 96 86 34 73 93 27 1 17 37 49 25 5 36 60 58 75 1 45 66 14 83 69 44 93 99 26 34 40 78 50 4 93 17 48 87 37 44 34 83 57 75 2 79 83 52 79 54 46 49 4 80 84 37 85 34 36 98 63 8 13 11 2 97 51 24 49 77 92 86 18 6 63 61 93 20 93 20 52 29 87 63 79 32 39 8 66 38 67 70 57 5 87 20 23 20 27 98 85 87 55 8 17 93 91 69 92 68 60 66 66 83 23 39 83 54 24 72 93 61 69 80 64 17 50 8 84 35 65 68 41 97 46 0 88 68 1 83 87 11 78 4 38 98 19 70 2 43 32 45 
22 51 55 70 81 5 67 63 24 97 63 1 74 44 17 56 5 52 62 72 2 60 34 95 77 80 32 77 52 34 88 39 1 25 22 82 7 63 96 40 60 49 60 74 79 5 21 1 15 55 75 12 63 50 66 81 8 21 44 46 6 40 76 72 26 26 66 43 90 30 74 59 59 58 35 68 25 69 91 76 89 41 91 2 16 97 44 35 62 18 19 44 52 93 48 96 0 83 73 30 93 50 85 17 10 98 35 68 1 84 1 85 7 93 43 30 22 2 15 79 6 15 87 88 84 3 9 54 49 19 82 44 93 63 0 1 5 45 1 41 16 46 14 30 71 38 55 11 99 5 58 93 9 36 89 62 20 75 89 75 61 73 71 13 44 2 87 26 89 71 45 54 49 96 74 78 81 16 27 6 47 68 46 23 96 90 18 91 35 12 0 68 3 66 10 46 68 73 29 85 43 33 95 20 59 25 69 0 45 76 10 26 65 70 42 65 83 92 24 83 2 18 76 64 41 52 25 46 84 24 54 86 28 47 1 55 52 52 69 1 62 88 70 29 83 79 63 74 82 99 62 22 38 74 15 18 56 78 89 35 17 98 97 6 28 72 7 96 49 62 76 8 17 72 72 84 90 18 34 47 16 64 94 60 39 80 36 28 69 69 69 96 19 35 46 88 62 5 24 6 
89 89 43 59 19 91 40 94 6 76 29 22 31 59 90 22 50 5 31 41 73 75 15 57 14 85 79 63 45 62 70 19 60 73 29 97 30 63 16 58 42 54 23 17 53 33 15 7 39 3 47 51 37 59 76 61 5 94 56 23 53 31 15 60 80 81 71 78 31 82 99 21 84 88 24 10 38 25 29 90 43 6 44 78 84 83 29 71 91 49 94 81 6 57 97 23 2 48 69 64 9 30 4 82 6 75 32 28 51 72 55 91 42 63 30 67 94 99 14 17 94 46 29 75 77 64 70 80 59 53 14 39 67 35 1 93 29 66 64 93 98 68 9 31 47 56 61 81 86 69 60 98 64 10 25 39 9 98 56 17 45 58 61 41 3 57 99 81 2 89 69 74 70 66 36 82 11 60 0 37 88 27 94 9 17 9 40 7 46 49 23 90 3 83 39 8 37 38 87 83 60 23 56 86 2 0 19 82 3 98 67 86 4 34 86 29 38 14 83 26 10 70 95 40 93 21 41 26 96 58 1 99 8 19 84 87 92 40 9 42 92 48 90 38 67 68 45 55 78 49 96 74 47 88 39 13 10 84 53 3 29 61 72 26 96 39 23 48 46 32 44 46 95 27 58 34 72 14 68 86 4 48 69 62 34 12 79 62 6 69 10 33 12 74 27 65 42 81 78 21 
79 81 8 60 1 89 46 14 63 86 65 63 88 75 26 38 17 51 93 90 18 35 32 56 26 9 31 86 75 18 58 22 60 90 15 56 52 86 52 16 53 10 32 79 15 34 65 84 82 92 90 79 56 44 26 44 59 68 16 67 26 4 14 9 82 25 47 55 89 14 20 65 0 90 3 54 69 85 35 85 31 98 11 79 94 42 61 94 77 8 61 13 90 81 34 14 0 48 64 50 70 74 41 88 86 64 13 53 87 31 39 21 14 60 26 30 4 69 8 44 81 2 2 10 35 63 56 47 96 88 92 76 94 62 38 86 21 63 77 63 68 73 72 46 39 52 73 88 80 77 17 22 91 55 35 87 14 30 20 88 14 84 91 49 80 86 81 20 56 15 60 91 39 95 93 44 61 63 25 26 99 70 4 39 71 44 41 99 97 13 11 93 62 60 18 15 59 98 85 43 19 57 27 60 20 3 34 12 72 84 5 60 94 97 48 40 87 64 12 44 32 25 95 37 77 77 64 66 6 17 22 35 30 12 46 39 93 39 28 9 22 70 44 87 0 46 50 81 6 17 80 72 65 61 0 63 45 58 12 70 57 62 60 1 42 36 75 45 73 90 74 64 10 94 90 28 75 97 63 15 8 80 59 61 88 55 70 66 84 92 75 19 51 18 96 51 12 28 99 41 
43 36 34 96 89 95 71 80 9 72 94 86 56 65 66 83 13 43 61 37 23 65 52 19 66 80 94 93 84 29 67 26 53 10 80 73 78 83 27 76 25 13 41 71 79 80 82 24 29 66 31 21 66 89 66 38 88 43 40 83 13 84 73 14 16 19 9 38 86 20 68 54 30 53 50 70 39 31 64 35 92 32 29 78 89 31 65 37 60 74 9 82 89 93 33 22 50 4 22 38 28 59 37 18 58 57 76 1 16 97 28 69 62 82 51 56 62 12 11 96 81 50 25 21 28 10 66 45 93 21 73 91 2 62 95 31 80 65 35 0 44 2 13 41 36 16 60 20 83 45 38 38 87 70 68 66 29 13 25 75 59 95 23 34 9 41 56 20 57 4 15 25 43 8 61 4 71 18 29 58 10 37 99 74 47 76 52 87 49 36 40 70 6 52 94 8 98 60 97 94 5 15 12 3 53 52 56 57 86 71 83 16 26 62 69 31 29 58 47 25 43 54 53 59 54 21 6 52 46 38 78 85 85 59 35 53 34 47 57 55 56 37 65 25 11 18 71 76 99 89 48 25 63 89 19 86 53 9 55 51 26 86 94 98 89 34 95 25 28 19 60 98 83 20 39 29 2 88 2 3 59 95 35 42 72 40 6 57 42 63 62 80 23 10 74 4 67 87 83 71 
61 70 87 42 39 38 30 6 97 27 56 62 14 41 4 8 59 73 63 66 39 53 27 1 71 39 39 38 63 10 16 89 98 80 56 76 74 26 65 75 57 4 13 10 63 4 27 49 2 48 11 81 74 94 49 54 12 53 78 2 72 80 4 3 55 87 35 87 92 3 53 89 10 92 5 1 16 35 97 60 73 49 61 90 5 0 85 55 65 32 38 29 75 85 84 26 23 73 12 53 93 99 52 31 85 37 43 79 22 87 39 96 26 65 55 21 53 29 58 56 60 61 56 60 51 26 12 28 40 53 26 20 38 41 60 71 74 2 97 17 33 61 4 38 90 73 50 11 18 94 95 15 34 47 87 34 1 57 47 99 79 68 21 12 10 72 82 87 36 96 55 9 51 92 40 31 65 71 60 76 46 59 21 69 4 25 47 12 65 30 38 2 20 56 18 0 54 80 89 2 5 75 52 65 88 98 16 99 91 77 89 71 27 31 48 12 71 91 32 9 23 89 67 11 65 12 70 6 64 6 29 75 76 58 61 65 11 77 22 79 65 78 3 79 74 42 7 55 44 69 4 48 78 7 47 66 75 31 13 64 33 82 35 81 4 64 55 26 17 20 76 5 16 20 15 64 67 27 52 89 48 94 68 8 90 43 61 33 52 25 56 91 45 74 80 50 94 33 56 51 
4 26 54 22 8 35 9 0 14 7 97 61 19 0 79 7 78 68 39 24 7 31 63 88 98 71 36 76 64 21 33 12 42 95 26 80 25 96 83 90 51 39 61 93 43 81 5 75 67 21 93 99 92 11 34 62 58 70 5 8 4 16 44 92 72 36 28 5 38 13 49 1 54 16 90 82 40 53 19 96 72 35 10 68 87 31 28 30 18 2 11 83 38 13 45 89 8 73 38 54 74 55 14 1 86 12 99 25 86 60 91 43 5 56 1 51 81 61 21 19 93 21 28 72 16 66 84 13 82 96 32 33 2 64 43 4 88 13 40 54 17 84 71 47 2 3 97 46 78 56 31 70 4 75 75 87 36 61 80 61 66 95 43 83 39 86 45 68 54 59 40 63 88 35 44 78 86 25 90 95 0 49 37 99 73 4 25 22 63 0 9 99 47 96 31 81 44 73 91 6 75 99 66 53 46 57 22 77 76 15 78 7 60 54 4 81 66 1 27 29 7 10 47 96 67 23 79 78 80 83 71 5 97 41 28 12 5 24 57 88 38 33 29 92 28 62 32 41 45 5 24 95 8 82 27 60 92 46 16 35 61 45 76 47 41 38 20 28 52 41 90 67 51 79 55 98 64 41 10 98 24 7 93 84 64 72 10 55 87 8 43 28 48 85 72 42 1 28 37 0 
19 97 66 56 15 75 97 99 52 88 2 80 92 88 21 99 51 87 82 53 50 84 91 14 14 84 20 77 19 44 64 95 42 46 21 50 47 24 74 65 43 74 5 84 82 79 67 8 44 78 86 25 22 71 82 50 50 98 2 89 36 30 53 52 78 57 30 88 96 87 87 63 99 28 84 49 7 7 6 18 33 11 41 64 75 47 5 19 57 78 42 62 67 46 90 27 86 40 37 65 76 80 44 17 60 15 72 46 14 17 81 62 98 3 37 15 83 62 36 23 76 29 96 37 21 13 70 3 52 21 30 52 38 56 3 84 5 92 12 77 99 81 73 41 55 54 42 82 48 45 21 82 49 79 6 82 40 9 91 81 97 45 58 44 47 37 55 22 46 53 75 86 19 84 83 98 91 46 64 79 16 18 76 86 36 59 68 42 54 92 95 33 28 9 0 61 58 41 21 10 87 70 93 93 80 50 27 75 34 91 77 59 90 25 6 2 60 81 65 75 68 22 45 5 11 26 1 95 53 88 20 18 27 22 29 64 50 60 21 67 62 2 65 21 49 68 31 33 16 47 25 58 41 57 44 34 65 21 41 30 57 16 90 88 69 38 92 81 95 61 44 49 7 23 18 49 23 51 20 32 11 22 3 42 38 38 40 54 48 44 62 17 16 7 67 9 92 21 57 46 
74 8 52 31 84 18 20 21 31 16 74 59 79 16 71 34 10 91 18 68 91 17 72 62 63 92 67 79 56 53 49 72 38 19 95 5 27 86 94 99 69 67 88 48 74 24 27 73 46 60 98 85 62 5 45 97 74 61 13 70 99 56 99 44 3 77 23 96 15 99 79 6 67 2 22 64 70 62 4 12 25 14 30 48 56 24 36 66 83 94 33 40 46 40 13 8 62 36 66 24 56 67 1 23 52 61 92 84 18 73 42 36 88 89 85 94 35 66 4 69 78 24 39 14 70 58 96 60 91 87 90 56 13 68 92 26 99 14 35 47 2 32 60 84 84 14 59 54 79 11 72 61 71 62 20 39 46 37 70 27 23 20 15 62 66 9 13 80 75 77 60 1 40 4 16 57 65 78 18 31 55 46 88 71 7 82 39 69 46 45 14 84 13 59 67 26 82 26 99 28 95 25 83 46 41 93 40 72 68 25 45 33 77 48 38 64 62 94 30 2 99 60 13 20 18 15 90 7 28 86 8 31 11 99 68 72 48 73 4 2 88 49 8 65 63 87 82 57 81 41 64 59 29 72 8 19 35 38 83 69 23 35 78 36 95 6 0 57 69 87 57 21 70 19 17 28 87 39 78 6 72 65 68 55 84 73 2 15 10 27 36 21 28 94 59 33 62 75 69 80 
52 2 87 83 24 13 34 42 1 45 11 97 48 78 22 66 39 76 84 67 80 5 78 70 79 80 10 70 85 56 0 21 71 21 36 58 29 95 16 14 70 62 52 68 62 74 72 81 68 20 26 58 52 4 13 7 82 0 17 87 67 82 58 45 82 55 44 31 89 74 77 33 61 39 35 20 99 60 8 0 48 57 69 22 17 77 38 78 62 89 37 13 18 11 2 15 20 3 7 82 20 12 72 17 99 76 26 82 84 64 47 17 90 89 5 57 78 18 58 31 18 54 95 57 46 16 78 81 63 17 39 6 30 78 82 31 5 30 93 53 24 4 11 78 63 59 88 18 64 86 14 1 65 7 33 72 59 71 25 93 53 83 19 67 7 24 52 98 70 78 66 5 40 22 23 93 1 23 45 60 63 26 16 76 94 73 3 84 27 11 47 0 66 84 27 36 13 8 42 18 27 97 51 17 84 6 19 83 0 59 20 32 11 93 4 57 77 86 56 94 42 40 57 62 43 26 18 95 20 91 36 41 67 55 81 46 27 50 8 38 87 72 47 98 67 43 82 60 36 87 43 52 25 16 35 89 13 95 26 55 48 54 29 80 17 45 88 6 95 86 68 48 87 53 25 28 9 35 71 95 88 76 93 12 15 90 3 89 24 77 15 32 2 79 79 2 69 50 70 76 
63 98 85 78 5 25 50 77 79 94 15 75 34 45 70 9 31 54 8 13 73 79 49 43 11 35 53 51 47 82 77 26 92 53 65 79 32 80 91 96 90 33 30 75 47 22 14 96 87 32 56 99 73 73 67 0 85 54 59 75 16 67 88 93 33 7 37 26 69 86 80 12 91 26 77 70 52 78 2 25 6 64 78 56 70 27 31 1 67 55 52 23 24 28 2 97 57 32 25 91 8 53 39 81 21 14 48 29 43 60 51 2 71 34 6 94 51 39 20 17 62 56 50 79 54 48 64 83 39 83 98 33 41 77 92 97 25 45 94 22 26 60 37 20 35 62 68 79 92 59 10 86 76 10 92 87 54 40 54 89 71 48 83 40 12 29 57 83 40 42 61 18 32 26 23 97 41 94 69 24 64 96 76 31 31 49 53 50 99 48 23 17 8 95 35 86 49 79 7 60 77 95 37 93 40 75 55 8 1 6 18 92 5 15 58 89 47 80 58 85 18 28 19 8 20 65 19 7 86 28 5 21 20 92 62 23 43 76 60 52 19 66 38 0 86 97 7 62 15 9 3 6 38 96 59 50 81 85 2 77 67 9 57 13 31 25 21 20 77 24 93 97 3 92 16 45 30 32 75 25 63 43 5 15 43 56 56 1 16 52 53 23 5 35 15 72 66 6 40 40 
42 89 38 25 96 91 91 83 35 93 0 8 0 55 34 99 50 39 32 76 15 17 58 27 20 65 92 41 81 79 96 54 76 82 74 42 51 17 78 19 60 75 39 42 90 76 0 9 34 46 97 91 32 56 23 82 22 51 79 65 41 40 43 57 15 53 15 31 84 88 27 43 28 18 29 55 79 41 4 46 34 62 98 41 5 77 26 66 13 71 56 47 54 43 34 56 61 8 18 89 79 58 21 0 72 98 8 78 25 73 13 33 99 36 25 67 44 86 11 87 15 40 24 0 24 16 76 16 18 3 19 93 95 99 96 24 37 88 50 2 35 25 67 94 62 56 8 28 2 76 29 29 63 15 20 27 92 6 18 33 30 15 58 65 5 24 48 91 6 17 3 32 99 91 55 79 10 54 7 94 5 17 68 84 92 78 65 75 80 15 91 68 83 26 11 62 58 96 34 51 74 88 87 83 98 52 73 2 85 4 66 21 95 30 92 96 40 37 11 46 81 94 66 78 25 46 51 91 59 60 89 97 32 42 59 18 57 47 42 76 38 7 2 22 50 34 70 52 73 0 17 18 80 41 95 88 65 63 17 80 47 26 94 88 14 9 38 83 22 99 82 75 55 85 68 81 59 54 16 32 64 82 91 44 4 65 77 91 50 27 66 66 70 91 78 3 6 60 50 84 
21 96 41 41 55 15 88 19 22 99 70 47 52 79 5 49 4 4 70 14 33 71 99 80 62 15 0 84 3 49 83 99 94 45 40 24 70 26 23 51 19 43 98 5 28 51 17 69 20 9 11 97 96 84 10 28 11 31 2 81 12 18 8 25 88 94 99 19 54 44 60 52 22 41 20 85 11 4 83 25 6 37 31 11 38 49 18 64 14 70 31 78 11 37 96 77 95 36 78 67 67 55 8 76 78 80 54 76 98 62 91 80 51 5 60 27 33 39 29 44 38 18 16 29 95 31 38 35 19 78 41 62 28 68 5 2 88 5 33 56 81 33 66 0 85 37 74 86 68 7 79 55 47 51 6 49 45 76 53 61 72 59 51 98 12 79 16 80 75 89 82 36 22 21 26 34 33 49 48 46 37 65 32 60 25 34 76 36 7 24 96 54 9 33 48 31 39 84 45 18 28 58 50 37 18 67 95 12 62 19 31 68 92 6 44 4 66 61 59 98 63 20 0 96 22 41 45 89 96 60 76 54 99 13 11 62 19 63 75 50 51 68 42 15 35 5 44 39 19 72 77 42 80 3 50 23 71 34 56 63 96 43 46 96 95 77 98 5 88 67 77 51 43 64 15 80 36 44 20 19 58 92 16 98 60 63 25 81 93 42 45 0 47 32 76 79 20 77 4 60 
30 76 63 79 12 0 81 63 32 48 85 83 41 10 15 14 76 94 4 16 86 51 55 26 45 91 0 44 87 70 89 45 38 77 19 6 81 88 17 73 69 10 64 44 99 47 78 54 91 39 64 52 17 2 90 51 25 11 24 87 96 6 16 85 34 80 15 17 84 55 95 90 39 73 74 12 83 33 9 84 0 51 23 40 65 77 65 9 10 78 51 28 53 12 99 22 44 28 5 87 27 68 73 57 81 4 86 1 28 67 74 17 72 9 81 64 85 40 96 89 75 33 35 72 92 68 75 96 92 9 74 0 76 17 55 1 40 6 40 27 33 48 15 77 11 1 11 92 13 93 50 21 47 8 2 67 24 18 59 19 39 77 69 18 79 11 40 67 19 77 10 79 42 75 41 89 10 14 61 79 25 69 69 66 69 37 99 52 52 61 98 47 88 69 39 41 79 9 48 1 51 48 9 21 23 56 3 48 35 90 11 14 60 43 59 58 24 14 83 98 50 57 65 48 53 84 26 21 7 56 64 65 99 23 78 11 10 1 13 94 72 99 24 86 66 5 78 59 9 6 96 31 73 72 63 18 94 40 78 80 27 56 96 21 11 17 79 29 16 49 93 3 62 80 89 0 36 47 43 35 66 8 13 14 29 33 69 44 40 16 90 20 84 77 83 54 15 14 65 43 
42 9 77 17 76 95 92 92 52 93 40 94 99 34 54 21 47 46 70 60 55 44 27 86 49 2 74 22 14 84 88 66 1 46 72 41 76 32 65 87 23 13 26 96 38 43 60 74 13 15 23 85 92 55 7 91 18 66 49 42 9 88 29 3 22 53 8 91 4 9 53 56 89 69 65 55 27 52 23 95 88 55 15 48 36 38 91 46 82 5 19 42 86 77 73 77 33 80 35 58 39 90 91 27 34 41 15 69 58 61 47 99 47 10 36 80 10 42 82 24 3 57 60 16 33 83 70 18 95 45 18 6 18 58 2 27 32 56 27 30 77 42 12 58 31 11 51 52 51 92 94 24 58 93 98 23 49 8 2 22 17 59 42 4 1 48 97 89 92 32 23 6 51 11 35 37 68 93 48 64 77 51 76 49 45 35 22 55 71 55 85 55 56 32 5 87 79 37 71 61 80 87 34 90 85 38 40 17 26 82 88 25 57 53 19 36 14 96 73 68 98 52 1 21 43 55 29 31 48 70 32 74 1 5 3 32 34 79 53 9 58 13 29 71 41 93 53 25 26 99 79 63 59 15 95 10 21 84 6 2 84 97 40 78 99 21 28 38 50 25 44 38 28 48 19 75 59 79 3 64 70 41 97 47 85 30 72 24 96 95 38 13 3 85 3 41 28 79 2 61 
97 39 13 33 49 84 8 57 8 3 13 77 43 4 64 93 68 91 55 12 96 81 5 28 24 41 83 21 45 19 50 93 76 60 26 87 67 11 43 59 54 85 56 70 73 25 10 76 6 28 70 22 27 51 1 56 29 14 35 4 62 0 21 26 18 69 28 26 67 92 83 76 42 47 41 89 33 40 67 81 62 79 94 52 46 98 65 71 52 48 93 45 71 4 44 95 49 48 58 66 51 28 52 47 12 80 30 93 65 23 23 38 88 38 52 42 39 32 91 27 70 36 45 69 17 45 25 67 93 27 2 43 35 42 53 48 90 25 24 86 49 59 67 78 20 15 23 8 86 0 89 40 45 2 31 51 39 60 96 55 42 67 77 7 86 12 65 85 42 72 36 49 77 54 16 5 26 45 95 58 74 15 26 59 24 52 0 60 13 69 77 6 93 67 68 3 20 8 72 66 9 1 51 58 50 66 49 61 89 41 5 34 63 18 49 83 66 34 49 80 90 95 3 23 78 61 82 12 1 62 40 85 58 70 66 40 60 72 48 87 62 36 68 57 0 28 23 2 2 94 56 48 86 38 98 88 26 43 66 42 39 47 54 48 57 20 39 9 50 39 46 60 77 98 93 65 2 76 63 47 48 4 48 46 56 51 87 58 9 34 11 61 95 73 82 2 80 88 89 6 
5 32 73 57 74 61 21 17 15 23 98 20 25 84 22 8 45 94 17 96 16 59 40 20 42 0 35 58 74 51 13 86 43 15 19 60 61 51 42 82 84 66 0 32 81 11 64 84 66 9 87 85 25 95 58 74 11 6 74 2 36 99 0 40 72 87 5 32 34 31 50 44 35 60 8 99 58 1 20 77 61 62 95 49 64 61 54 36 14 66 56 43 49 7 9 15 29 53 7 96 21 47 77 12 33 39 64 46 4 96 52 5 72 99 23 23 44 93 6 52 40 88 45 31 67 63 24 56 79 50 23 17 41 38 8 99 24 20 80 36 89 53 75 46 38 66 50 6 68 17 52 65 87 6 19 14 0 13 94 22 59 24 91 61 90 86 69 69 7 21 66 57 35 21 6 69 71 78 17 75 76 99 24 77 0 9 25 9 21 96 57 86 76 44 61 5 57 67 69 96 22 92 42 44 26 39 9 51 97 4 81 98 29 94 64 45 74 21 9 41 10 25 99 87 5 38 56 84 30 35 37 57 84 85 11 79 78 22 87 63 16 54 38 61 7 98 31 24 55 10 23 89 63 98 74 7 80 26 38 42 89 66 36 82 29 41 54 90 58 25 11 18 49 1 96 39 90 83 46 88 97 1 60 39 60 17 80 49 79 86 73 29 84 58 53 47 7 43 23 37 
96 7 60 31 69 40 10 53 74 22 5 41 83 43 1 56 52 87 68 28 9 2 0 70 72 62 72 72 53 27 0 29 54 80 23 16 78 92 80 64 48 72 81 95 96 87 86 72 14 18 27 99 84 22 12 17 70 14 19 74 84 88 32 79 63 86 82 83 48 24 45 46 28 6 42 88 54 10 74 88 99 98 28 31 39 61 75 78 28 58 81 27 43 83 81 99 78 9 20 95 8 73 25 93 23 84 67 55 61 74 18 32 67 25 74 62 40 97 5 49 55 81 50 97 71 24 32 92 14 31 35 23 71 57 86 48 46 67 84 30 47 77 3 12 36 56 27 89 89 66 26 3 45 96 51 96 5 3 87 21 83 46 86 26 61 61 41 94 82 28 19 41 14 41 46 67 12 12 78 7 5 46 62 32 66 50 35 5 85 80 27 59 10 64 10 44 94 91 12 76 94 54 93 51 1 21 82 78 22 92 35 86 79 14 84 59 60 72 41 19 47 49 13 15 32 89 74 24 95 87 90 98 90 11 97 91 20 97 82 41 88 44 34 15 4 24 67 0 92 31 31 86 95 72 68 18 22 78 88 78 88 46 13 42 77 1 38 98 75 95 61 10 4 65 83 95 26 70 19 78 96 57 72 36 29 95 53 33 10 41 11 3 14 80 60 95 69 16 46 0 
49 82 53 97 86 61 28 30 0 9 27 66 74 98 50 68 12 56 69 27 87 86 71 92 87 88 78 22 13 25 97 19 63 77 49 16 24 81 65 8 71 79 30 67 87 58 76 42 11 18 63 59 94 55 25 43 49 41 43 3 30 61 72 4 17 60 4 58 0 11 10 79 85 37 62 16 37 66 93 68 63 24 55 84 50 80 22 9 56 83 54 12 8 24 54 18 38 17 19 2 42 83 22 23 64 88 16 49 70 15 48 14 55 77 0 38 90 98 55 78 1 71 36 48 65 49 56 41 73 19 12 55 77 36 1 8 32 97 28 14 22 94 68 44 97 2 99 16 10 19 0 50 9 33 87 86 55 51 43 30 51 6 56 39 51 44 88 48 47 47 25 72 94 82 57 62 18 32 68 1 80 71 11 52 89 15 56 4 81 15 65 96 46 18 46 46 29 33 57 19 80 54 65 55 30 40 19 88 60 6 61 68 13 83 65 82 53 13 23 24 98 19 60 44 91 70 40 82 83 32 63 25 54 26 42 66 39 79 98 72 50 93 92 94 25 3 53 55 66 16 27 61 8 36 38 76 59 28 88 64 67 27 19 8 21 26 95 18 25 47 66 11 40 85 18 19 96 85 85 85 56 16 80 45 4 18 89 63 0 60 58 69 84 91 78 75 5 50 8 32 
56 4 81 59 17 65 57 40 16 79 52 5 1 52 49 0 61 66 62 91 10 43 59 89 59 29 59 20 56 7 76 64 62 93 26 45 50 15 81 95 86 56 28 60 80 61 63 6 23 44 43 68 26 53 68 65 10 13 75 88 0 5 25 34 21 26 12 61 39 61 63 39 5 57 61 94 55 4 36 72 86 95 32 5 12 68 96 43 59 92 81 22 93 10 69 61 62 34 92 62 54 73 4 60 54 74 71 20 50 62 39 5 94 44 95 4 67 58 33 49 40 10 32 92 51 81 84 11 30 7 32 42 19 57 14 50 62 89 19 72 79 76 0 54 41 1 24 86 17 9 5 93 65 91 98 34 39 78 77 72 71 71 27 95 64 19 65 74 29 20 19 91 36 23 91 67 71 51 63 13 64 89 79 16 40 82 2 17 19 15 54 14 15 70 52 19 34 34 57 9 16 40 49 99 53 84 71 30 3 80 9 57 62 31 95 81 60 44 93 12 65 93 73 18 70 91 5 15 84 52 5 86 61 43 20 72 65 63 32 16 45 49 30 14 33 29 35 66 76 94 36 42 63 81 33 99 65 45 67 56 38 68 58 32 5 97 44 30 45 66 13 64 40 99 27 59 24 18 0 67 76 21 88 91 20 31 75 9 98 95 63 19 66 52 72 49 63 37 70 86 
26 96 46 10 71 21 84 39 25 39 53 13 59 64 2 99 20 83 20 89 43 31 31 13 92 1 16 20 87 71 19 16 62 87 41 45 38 88 62 52 18 98 81 26 64 13 10 90 53 93 50 32 67 18 92 20 95 4 45 58 71 64 3 95 86 21 96 20 95 52 34 88 62 24 68 47 15 25 33 8 8 24 88 19 33 8 44 40 19 38 39 5 69 62 45 27 5 38 39 29 5 13 65 48 46 98 86 99 28 67 82 85 80 47 65 78 59 27 3 49 60 99 12 61 82 41 41 51 24 2 53 75 44 57 79 71 65 25 72 46 51 67 26 84 48 25 4 1 16 0 29 79 31 21 28 50 6 72 66 31 90 86 54 38 19 88 24 39 98 30 93 62 79 93 69 79 66 60 6 58 75 19 31 50 45 16 84 70 45 61 80 37 41 28 88 13 78 95 10 71 60 97 65 52 55 37 51 33 19 59 83 45 27 78 4 12 83 59 11 55 6 17 9 51 76 6 30 55 78 41 98 69 46 38 81 82 17 82 3 19 45 40 20 26 16 67 1 99 86 45 96 85 35 18 42 2 5 95 1 78 26 50 72 59 52 96 62 56 93 19 7 26 45 61 40 12 13 44 57 6 36 87 18 40 58 33 92 2 39 1 50 17 28 91 91 69 69 62 54 34 
25 16 87 63 40 87 28 70 60 25 27 96 64 13 51 49 79 30 86 63 46 8 2 60 69 36 20 65 27 23 21 55 37 92 71 44 40 30 39 47 14 35 6 78 72 6 61 99 97 21 88 9 91 96 93 17 47 74 59 72 44 58 90 49 25 32 15 13 94 8 79 22 86 45 60 47 72 61 52 51 31 15 26 83 57 90 77 64 58 58 59 53 31 43 14 69 43 6 67 46 37 35 59 60 41 44 51 11 30 16 21 66 35 6 44 53 39 73 38 80 95 56 29 45 65 16 74 13 66 13 6 96 58 72 44 53 81 38 48 10 12 87 41 73 87 11 94 1 2 43 35 91 35 50 84 94 16 71 22 37 82 3 50 76 94 55 74 4 16 60 54 42 65 72 88 17 84 25 71 55 72 27 93 5 46 77 94 61 83 39 8 70 71 32 43 68 27 46 62 23 53 48 52 16 84 46 32 77 46 94 78 20 18 29 93 54 58 18 67 95 50 76 60 3 97 95 17 60 64 42 42 85 69 59 0 78 44 96 49 7 62 56 96 66 10 94 76 27 82 69 0 96 91 30 9 96 99 22 1 52 99 8 61 50 98 40 19 71 48 43 61 94 3 67 64 87 89 77 77 27 71 85 16 67 49 78 52 36 80 5 9 21 37 88 94 71 78 79 33 5 
89 55 95 44 12 68 8 58 90 11 67 61 6 27 43 29 50 53 75 46 75 51 29 34 24 75 88 92 77 76 93 88 98 7 97 11 9 77 38 12 11 65 90 11 4 27 14 76 29 47 73 26 72 9 46 59 73 77 16 21 14 94 47 95 27 50 77 72 25 54 90 1 48 59 64 86 10 13 41 31 98 20 59 92 88 52 95 19 88 28 64 42 91 33 52 15 67 81 19 78 89 2 94 49 17 50 17 21 14 92 24 50 52 91 62 51 40 33 25 70 71 62 19 51 10 78 0 35 93 15 94 22 68 96 78 51 55 28 90 4 59 30 76 17 37 66 29 47 73 94 20 19 41 85 8 66 42 42 41 36 90 54 46 80 33 76 86 74 8 47 22 94 64 4 6 2 76 20 89 15 1 25 21 45 73 48 41 23 9 80 94 77 69 34 22 59 20 31 53 71 59 80 96 75 24 43 59 95 72 67 53 97 96 76 25 26 80 41 90 94 70 9 21 22 52 8 97 79 11 56 87 41 60 40 31 17 57 8 25 59 53 55 61 4 42 78 97 22 22 5 48 89 75 69 42 65 98 73 78 76 65 15 6 1 89 0 61 7 49 65 7 34 48 99 21 49 39 76 56 61 54 22 91 30 21 62 85 57 5 27 77 94 25 34 71 45 87 22 48 38 
47 51 41 32 65 6 77 32 54 8 16 38 15 86 4 91 38 24 30 89 1 93 62 20 17 32 84 58 68 43 3 63 34 28 47 77 78 3 72 14 98 97 65 47 19 67 38 99 5 80 14 70 93 20 78 20 33 84 42 10 74 1 84 83 32 84 91 22 34 46 42 51 94 42 62 86 39 0 78 39 1 71 49 68 1 1 7 35 37 91 93 61 1 51 20 92 22 92 80 36 34 54 0 8 13 12 8 87 16 17 76 91 65 63 98 83 42 15 59 36 78 14 62 79 50 95 79 81 8 14 53 80 34 72 76 33 7 49 94 69 67 13 55 72 2 86 23 23 88 78 6 82 0 49 22 94 43 69 95 35 94 39 99 47 34 98 31 23 15 73 42 63 15 12 83 78 69 3 75 21 45 21 97 11 32 7 70 44 71 90 42 50 7 74 36 29 25 77 7 26 13 25 46 11 49 71 65 39 5 96 33 7 67 86 22 44 55 29 8 56 71 80 14 55 40 6 54 76 29 32 41 14 68 16 62 95 51 96 3 15 40 32 12 62 99 27 17 99 16 27 22 63 61 29 51 65 24 69 61 41 48 58 82 51 30 14 5 74 51 24 24 66 91 10 58 77 27 91 0 87 5 21 12 97 84 32 9 9 79 41 14 71 73 93 87 76 26 51 26 8 
52 13 91 39 78 24 92 49 15 59 81 41 59 78 87 84 54 86 62 72 71 60 2 7 54 51 99 42 65 72 4 41 27 92 28 80 6 44 69 22 84 44 77 26 69 35 22 51 6 48 24 6 47 80 38 55 95 47 47 84 47 49 48 9 85 93 22 71 73 2 96 95 8 67 84 19 72 83 76 93 38 52 14 3 65 77 1 20 24 97 81 10 74 88 60 92 61 80 76 86 53 61 60 31 0 32 19 84 63 85 33 59 6 82 69 83 9 41 98 32 94 34 56 0 19 42 26 63 99 77 30 41 15 93 4 16 11 25 34 82 89 13 87 36 95 0 3 9 3 28 21 57 94 72 18 48 34 4 26 11 89 53 86 89 91 0 62 38 23 80 84 52 89 64 89 27 12 52 97 72 39 87 67 0 62 80 46 93 9 65 14 79 93 9 3 17 84 97 93 47 67 58 53 30 94 14 52 12 39 94 29 43 32 30 89 0 92 64 21 80 4 46 36 26 84 54 90 81 29 22 3 20 56 7 47 99 18 27 56 99 6 23 40 15 35 65 28 75 90 3 96 7 14 76 4 67 79 77 12 1 37 28 87 65 16 37 34 47 77 45 97 11 75 30 4 96 55 61 59 9 58 56 67 7 82 6 70 70 94 59 62 11 5 37 21 19 62 89 0 43 
12 78 33 81 3 36 7 61 69 78 11 17 46 86 49 54 10 50 20 64 45 38 34 63 84 17 96 98 6 69 39 43 76 55 84 71 62 9 33 94 17 73 21 90 63 47 97 34 83 41 88 57 0 26 24 4 95 82 38 22 2 8 98 79 20 75 62 64 70 91 37 37 97 12 38 85 54 15 21 83 22 88 23 39 28 23 37 24 72 18 39 63 21 44 91 12 20 30 34 15 0 0 60 78 83 8 21 15 39 72 79 4 80 14 50 78 42 46 37 82 16 99 25 36 45 30 41 79 65 1 16 81 23 0 44 71 47 35 6 31 57 28 39 44 46 60 25 48 87 84 98 34 88 55 27 32 87 51 93 65 41 73 5 58 55 9 48 79 90 88 18 52 76 96 86 89 88 45 83 56 35 41 87 22 93 12 57 75 45 36 55 68 29 20 16 1 82 87 67 69 28 47 51 5 47 14 69 13 25 52 86 24 39 15 31 80 1 70 63 44 87 30 23 40 61 43 40 24 44 18 43 8 57 10 60 69 5 12 42 8 25 81 26 99 94 32 43 3 16 74 56 80 48 61 46 79 59 90 80 58 89 33 15 38 97 36 55 45 75 9 41 26 80 56 9 96 52 79 14 53 34 28 72 57 2 56 82 52 87 57 88 16 6 84 35 35 64 16 61 55 
97 31 87 90 99 15 26 70 4 35 20 22 28 93 37 11 36 77 68 64 85 74 60 5 10 87 98 44 91 81 27 17 12 8 98 4 78 22 55 53 41 83 61 18 47 55 98 27 71 52 83 30 53 66 17 48 4 35 82 15 62 32 2 46 43 77 46 66 62 67 51 55 67 35 78 88 29 72 49 46 73 73 74 44 34 98 66 40 95 73 60 47 2 88 17 21 73 87 33 85 51 96 57 12 97 39 5 7 68 32 0 68 25 64 8 1 95 38 3 23 72 70 32 79 75 7 77 26 24 5 24 74 67 76 27 68 11 64 88 29 69 84 45 10 44 58 34 84 4 1 73 68 53 75 86 84 87 32 47 1 81 25 5 55 69 34 0 67 39 29 10 18 18 0 67 13 18 78 70 95 46 10 91 57 66 61 28 37 30 0 14 88 86 86 14 26 9 62 67 98 13 10 91 53 74 1 90 5 6 2 1 88 30 52 97 97 92 61 41 31 45 90 54 44 77 73 72 49 10 35 85 83 78 93 78 28 10 45 9 81 86 92 91 76 53 84 19 86 80 14 35 52 72 21 52 45 47 68 46 45 60 51 74 72 69 26 32 6 29 47 2 0 59 97 88 16 19 48 49 42 72 44 98 84 41 70 15 44 14 84 6 15 72 78 86 5 84 53 81 13 
89 27 66 11 32 49 51 9 74 20 96 32 77 19 16 29 72 51 49 28 59 73 48 88 9 52 21 52 48 64 99 0 36 71 83 64 76 51 92 81 37 14 83 47 75 24 37 3 35 65 15 14 41 96 86 98 42 31 98 19 38 21 54 56 53 2 6 83 90 3 5 26 65 46 8 76 13 10 2 39 29 43 7 56 3 1 58 64 9 84 60 70 44 89 80 12 22 1 68 53 69 44 95 41 17 93 87 2 24 9 51 86 66 27 28 63 75 8 56 18 17 5 9 51 95 9 66 56 96 9 8 25 87 17 79 9 19 14 81 19 46 91 27 36 79 58 20 71 74 68 20 85 85 84 26 78 69 47 19 70 98 15 57 65 18 38 94 18 10 82 35 36 45 61 31 18 74 58 0 52 61 96 64 16 11 68 44 50 42 21 97 51 26 8 95 7 93 21 93 57 88 1 67 45 81 28 64 59 35 67 91 61 0 21 89 75 33 25 5 88 27 76 91 82 87 95 71 38 48 88 64 31 45 27 53 11 48 10 78 75 5 7 38 82 40 63 27 79 1 97 75 32 33 89 36 62 42 56 59 31 1 21 5 46 93 19 44 41 39 11 89 52 44 94 85 56 15 43 54 68 40 62 62 33 4 93 27 40 51 78 17 5 25 70 81 42 90 14 6 3 
1 94 8 40 71 19 46 76 21 37 24 14 87 61 74 33 43 98 14 4 96 45 77 4 13 7 54 69 99 15 53 7 52 98 79 75 18 60 58 25 34 89 82 64 21 60 54 84 24 8 83 12 15 84 0 7 78 61 34 44 67 72 58 43 56 60 33 31 75 99 42 53 86 89 39 6 46 93 2 95 48 13 25 7 47 60 63 48 23 21 73 26 80 33 7 81 21 48 20 73 48 59 30 41 63 13 8 19 0 96 20 62 7 76 16 90 60 39 2 59 24 87 28 31 75 29 91 74 56 76 26 67 89 38 70 47 13 86 97 93 71 89 44 79 86 7 11 56 35 6 31 86 49 10 38 2 44 3 12 2 5 43 99 4 71 93 50 43 18 5 5 35 95 49 46 32 29 71 97 3 90 86 7 97 11 36 24 70 31 83 61 41 78 23 41 23 84 9 86 84 64 68 14 15 35 74 96 25 19 81 59 71 64 0 38 19 75 35 67 33 87 5 84 97 71 73 47 41 74 42 7 88 92 65 59 38 87 39 50 77 70 60 90 23 23 71 47 50 26 10 25 69 33 50 11 80 91 40 15 91 38 62 84 10 48 38 95 75 72 91 2 97 76 98 20 37 78 67 52 97 29 61 87 89 88 0 80 88 72 5 76 96 83 58 98 78 12 57 82 43 
28 39 43 54 7 37 48 14 90 65 97 96 54 40 76 11 44 43 0 46 5 60 5 14 72 49 96 49 84 3 88 18 18 0 90 56 19 17 94 21 86 45 90 72 85 50 4 8 77 33 80 81 31 40 72 79 32 18 21 51 68 67 5 72 43 63 69 18 32 50 79 63 19 66 37 34 42 14 52 18 79 85 76 0 37 34 51 54 85 16 96 30 39 34 55 40 28 30 0 74 66 8 46 87 35 12 84 3 14 94 45 56 26 5 95 0 90 1 46 20 49 17 84 79 67 85 41 8 46 40 97 83 12 11 6 36 41 80 69 68 23 53 7 94 22 59 91 47 49 18 12 63 28 20 28 98 10 38 63 79 99 29 12 25 8 64 58 40 49 99 29 36 35 86 47 85 97 88 13 50 35 51 1 48 85 13 33 53 92 81 30 33 9 69 54 69 97 99 21 44 3 98 2 11 49 8 27 61 13 26 86 42 84 45 47 19 78 96 2 18 14 68 29 65 87 1 56 80 46 9 65 74 62 96 26 61 98 15 95 70 1 16 85 1 75 6 88 93 97 30 41 47 16 55 42 86 27 55 67 34 31 47 19 83 83 71 69 32 63 46 84 31 31 99 70 62 3 23 52 83 19 72 45 17 78 3 39 24 42 14 90 68 29 69 96 4 22 14 62 98 
68 93 10 74 26 10 4 74 51 16 59 3 26 39 26 18 60 13 3 84 35 14 82 91 22 82 70 24 84 21 65 93 16 89 27 6 83 23 66 95 82 4 13 64 79 58 57 40 99 3 35 21 6 32 98 54 50 86 45 83 14 74 21 0 62 83 17 77 57 62 23 87 97 95 20 37 47 3 80 89 71 50 81 67 9 61 77 95 18 3 85 81 18 96 14 51 25 60 88 46 64 24 96 78 96 85 85 30 29 4 73 76 34 38 75 18 51 44 46 94 28 10 97 37 59 6 70 79 51 67 76 27 45 63 67 72 85 9 41 45 11 82 22 92 82 93 84 66 36 13 15 55 22 61 10 19 72 54 85 96 54 23 62 12 38 79 49 42 16 88 93 74 55 60 91 68 76 18 5 32 51 54 86 21 30 45 56 42 47 75 43 17 10 81 94 66 71 98 60 33 0 42 24 77 48 96 52 60 98 64 48 40 16 51 25 36 64 96 85 29 67 98 6 62 22 17 18 86 82 52 99 28 28 27 98 89 33 72 33 1 6 20 86 41 77 75 14 26 33 30 60 13 37 40 36 52 99 6 8 96 20 45 46 87 22 59 61 47 49 73 1 54 50 66 52 23 21 57 87 52 71 51 47 41 83 79 66 79 5 13 94 42 99 84 76 21 0 12 72 90 
33 74 24 99 59 58 23 89 52 98 10 41 23 81 50 5 17 4 61 81 27 92 47 67 52 5 64 79 54 59 5 57 8 68 29 70 97 1 97 89 14 6 97 19 63 1 0 15 44 42 33 11 14 70 97 12 34 15 96 35 73 35 17 73 65 57 72 71 56 45 14 70 92 87 11 73 16 30 50 51 32 87 72 96 35 70 13 76 24 9 62 35 63 48 87 41 80 48 49 4 88 17 61 56 82 69 38 38 75 3 83 51 43 37 42 96 54 1 88 81 48 19 18 92 8 58 5 29 21 39 71 96 29 5 11 78 58 33 43 95 66 94 53 88 17 90 49 24 2 67 35 41 53 5 43 55 64 65 91 16 11 62 78 91 72 3 8 95 22 58 10 53 9 49 81 53 88 10 34 97 12 29 69 20 46 93 63 13 96 65 57 74 23 65 36 70 64 77 24 52 1 13 20 40 2 64 48 90 96 16 88 34 61 75 61 39 22 6 19 64 86 15 13 50 53 92 78 63 10 47 29 66 60 82 78 89 84 7 95 57 92 18 49 0 36 52 80 89 5 2 20 2 69 55 25 47 10 12 46 19 85 36 98 34 61 9 85 40 44 51 83 3 43 76 81 84 86 68 92 17 62 84 44 63 24 19 21 28 67 63 76 96 18 24 89 61 17 45 86 91 
67 4 35 3 91 2 44 19 49 56 75 61 44 93 50 71 31 27 19 13 25 90 5 23 78 15 17 19 83 44 40 64 61 1 26 42 47 39 33 76 1 93 91 83 7 45 95 18 37 70 60 74 13 43 63 78 37 15 38 79 99 60 41 75 61 88 13 16 30 65 24 65 83 90 26 5 45 85 74 17 7 74 73 36 4 75 18 49 40 94 90 22 53 24 78 63 37 75 26 57 53 67 4 64 77 85 65 98 8 20 25 35 44 4 80 11 2 13 63 26 71 42 15 89 55 11 48 74 30 32 88 92 73 10 14 34 71 59 40 68 69 54 69 86 46 75 11 56 24 65 28 66 58 22 35 80 86 95 16 63 62 4 34 31 15 0 6 89 63 80 8 47 15 24 91 40 77 36 74 53 69 65 96 3 90 57 93 62 68 48 70 44 3 0 1 1 89 76 58 31 61 5 66 87 51 9 86 12 38 98 34 80 10 91 78 27 24 60 48 90 63 3 89 43 65 44 66 63 64 92 98 79 33 79 69 49 37 6 98 46 86 21 90 71 77 21 4 90 66 66 20 13 72 90 87 41 18 72 93 29 14 25 48 30 3 46 67 87 48 46 91 72 26 24 81 3 72 48 88 96 34 40 12 6 7 37 56 78 89 76 25 75 28 85 86 28 67 60 62 87 
17 96 41 85 44 88 76 56 65 56 45 17 58 69 7 25 87 28 98 55 5 7 5 89 95 57 4 41 91 26 56 69 60 65 21 40 88 31 17 29 11 3 38 55 86 66 63 78 52 37 13 11 37 56 4 61 50 2 29 82 22 3 7 39 78 27 53 71 16 19 3 24 70 32 30 67 98 30 19 48 51 77 3 37 62 82 10 72 50 36 77 14 51 29 99 34 59 30 92 11 90 72 67 94 89 81 18 46 87 51 87 91 19 42 45 71 86 47 13 57 76 52 71 89 84 53 82 78 40 12 83 48 74 73 37 97 24 98 13 19 37 33 13 64 38 70 27 4 25 59 52 92 39 38 32 99 1 59 19 43 25 97 26 68 19 85 23 7 92 47 44 14 78 60 52 33 31 15 1 58 11 56 49 72 27 47 23 20 85 34 59 62 4 39 14 59 68 14 94 54 54 1 67 17 59 50 89 48 96 47 42 54 65 7 30 27 64 75 61 45 64 98 49 64 77 79 89 27 6 25 12 45 27 61 75 82 67 27 41 19 39 55 96 58 33 69 3 0 86 66 26 94 40 33 56 34 5 69 17 73 75 80 46 69 17 23 69 99 45 8 91 84 85 90 33 2 27 69 76 16 69 89 67 56 38 0 64 6 40 80 51 91 75 29 61 56 66 14 62 87 
61 48 53 15 98 46 31 34 33 87 26 53 2 55 75 80 77 80 21 84 3 55 64 44 98 97 33 35 48 72 95 10 6 4 68 36 55 84 49 78 21 54 74 89 77 16 17 59 89 59 72 85 34 18 97 57 54 67 13 91 77 89 81 16 44 25 34 73 59 48 93 53 76 90 72 37 27 42 20 89 94 87 16 94 16 53 62 57 14 10 47 14 7 72 38 11 22 1 53 12 34 86 7 52 15 89 90 14 19 47 57 97 54 51 18 63 74 43 12 26 42 32 91 24 20 73 2 91 88 16 92 82 62 62 82 51 66 52 81 76 1 74 5 52 16 7 54 70 98 14 38 75 4 96 9 83 11 9 40 28 32 12 12 48 29 43 6 34 49 39 74 17 87 87 28 56 92 45 84 53 87 42 86 68 77 59 87 73 66 70 40 34 4 65 4 53 62 46 11 72 97 62 63 53 47 77 44 41 56 46 77 32 35 62 9 68 46 47 93 14 93 92 72 61 38 18 19 15 65 10 4 5 42 73 30 36 91 32 74 89 7 39 16 67 13 41 12 91 62 70 77 89 21 46 67 12 27 42 95 2 38 10 72 36 23 36 29 9 97 13 79 75 81 98 70 64 40 4 92 20 66 96 57 49 0 72 7 27 83 49 5 6 38 37 48 0 5 97 48 66 
12 17 33 48 42 21 95 40 77 85 20 75 9 96 84 88 1 0 2 15 32 55 94 13 67 80 88 54 30 45 23 83 29 68 4 5 99 87 20 1 24 51 29 97 12 3 5 93 47 82 58 36 38 23 8 15 31 73 53 68 97 68 97 62 58 7 22 56 15 34 62 81 2 35 12 5 58 25 75 3 24 99 93 87 84 43 40 14 66 79 12 8 77 98 97 81 33 44 28 3 87 61 68 13 97 50 72 86 48 25 66 0 59 78 49 25 49 41 61 52 86 20 24 32 5 4 94 57 1 82 90 29 63 69 89 22 41 79 7 1 17 33 80 66 86 99 40 29 46 33 79 95 18 21 74 19 24 92 6 38 77 70 36 5 30 62 57 83 38 31 39 10 70 85 21 19 87 83 41 13 37 13 8 65 40 87 11 25 2 56 94 5 67 17 27 42 17 7 29 61 26 32 83 96 71 88 14 62 88 36 68 66 53 58 63 94 46 94 14 52 95 6 93 20 60 21 13 96 81 47 72 66 65 4 41 36 42 56 70 78 7 81 65 15 42 13 94 21 94 56 48 17 12 51 66 6 69 9 96 55 93 18 21 9 65 79 17 67 45 10 28 22 97 37 56 88 61 53 85 7 12 67 79 48 60 22 88 21 80 54 7 67 57 84 33 18 84 10 10 59 
61 94 21 87 73 3 85 55 64 56 46 40 91 86 45 94 47 96 80 58 13 77 96 21 68 58 79 1 53 72 87 22 42 65 27 60 42 63 88 38 73 76 24 67 87 14 95 31 15 7 44 69 6 18 1 70 1 65 76 27 96 95 20 97 40 52 8 90 79 33 47 94 42 83 22 90 69 9 2 71 9 41 77 32 22 18 56 99 29 42 93 37 33 0 37 69 83 19 23 19 73 76 13 58 45 71 55 13 32 25 39 80 13 26 70 13 16 55 51 70 59 7 38 75 4 68 23 66 29 2 0 69 26 24 25 44 56 1 75 8 64 41 53 82 30 2 46 9 0 38 65 7 47 2 83 77 47 89 67 74 71 3 63 47 68 37 64 34 21 90 57 91 57 17 30 29 99 5 39 23 42 6 95 17 91 69 3 25 87 40 64 98 28 58 97 27 29 87 63 98 51 31 51 3 23 2 48 81 62 74 6 12 68 90 86 47 59 37 11 77 65 0 61 99 9 91 81 54 88 73 19 29 54 22 57 50 17 32 11 27 92 87 69 85 75 23 79 65 54 96 91 0 43 60 83 80 93 83 68 78 63 94 70 51 28 20 41 83 30 45 91 38 31 31 46 22 95 24 9 1 83 14 13 67 44 70 30 55 0 63 44 82 85 34 60 97 59 88 0 28 
56 90 45 77 15 59 98 51 97 2 2 43 43 25 9 69 43 32 8 37 49 42 15 68 19 76 64 29 43 87 65 4 11 73 36 0 20 41 96 73 87 36 65 80 3 37 99 24 55 1 71 11 45 45 8 13 11 58 78 5 96 13 34 39 85 68 29 59 59 32 45 74 37 34 33 90 96 93 41 82 2 60 57 99 71 36 88 19 83 11 20 36 79 30 62 49 85 66 51 38 59 99 41 24 96 28 24 22 69 95 81 59 73 21 75 86 43 79 82 47 57 91 58 40 57 52 91 57 87 78 92 37 12 47 62 36 24 26 27 77 93 5 7 57 12 23 36 62 55 24 18 52 84 55 23 90 35 70 64 78 52 13 99 75 72 41 19 79 74 59 20 15 96 75 93 59 20 4 75 39 58 98 31 29 39 74 17 7 5 58 30 43 49 41 70 77 50 17 87 0 54 89 13 60 18 40 75 61 23 96 57 2 96 5 67 85 0 14 39 2 28 22 34 63 45 55 4 30 5 16 29 76 34 66 69 29 26 31 11 70 72 3 35 94 23 94 40 55 54 99 0 38 26 9 61 78 53 3 38 16 82 21 71 10 61 95 11 13 43 72 31 46 25 85 42 29 9 19 52 30 97 39 47 35 53 65 33 48 19 92 0 90 73 96 92 56 53 79 54 46 
59 65 99 75 18 59 25 81 7 68 53 99 50 56 57 94 29 10 55 97 64 43 49 81 36 37 76 43 74 41 63 92 3 55 72 65 39 96 94 35 55 1 92 82 12 48 18 9 3 92 68 94 57 86 91 63 96 24 8 56 84 81 32 36 13 70 45 98 41 44 52 77 98 20 23 67 70 35 30 39 92 90 2 20 39 29 73 14 57 98 77 87 30 75 66 71 1 25 43 48 72 41 46 10 85 98 73 52 17 53 5 84 79 1 92 84 79 91 87 97 69 12 56 91 70 75 19 40 11 97 40 86 68 73 88 98 80 59 2 42 4 55 31 61 88 25 78 44 48 56 35 15 98 57 93 9 1 53 41 69 30 90 64 44 41 70 73 67 89 95 97 92 84 26 27 63 26 77 46 35 12 55 70 46 6 29 7 97 44 98 45 63 20 78 70 43 58 7 17 33 0 45 26 33 85 83 30 66 60 1 95 59 49 30 49 27 1 36 55 86 51 70 95 47 76 85 48 73 87 31 37 67 59 31 17 48 30 72 33 23 11 22 78 5 85 14 96 57 42 53 69 66 41 95 61 76 34 35 27 6 69 58 25 7 9 46 45 30 27 62 40 34 22 65 37 73 38 96 96 27 87 48 82 50 59 35 29 6 24 37 25 86 89 65 58 87 42 21 43 44 
61 66 49 53 80 2 93 61 26 47 79 15 34 6 15 36 80 50 67 32 4 75 5 16 74 19 99 11 14 98 42 81 33 28 13 58 16 88 76 86 75 42 46 89 93 68 52 12 13 93 23 8 44 30 48 98 74 7 28 35 35 37 79 80 94 88 77 11 17 35 44 44 13 30 29 89 11 86 42 61 63 84 72 3 24 58 5 18 74 2 74 49 89 72 65 61 4 75 26 36 93 45 5 52 73 49 3 82 69 86 34 37 57 65 29 15 66 82 20 80 87 89 9 11 17 11 27 38 16 89 5 96 26 37 62 91 25 32 51 52 41 25 66 20 99 59 90 3 70 95 92 55 85 98 86 98 14 22 63 33 63 86 46 98 53 3 54 98 77 97 42 71 12 88 18 37 90 15 88 10 22 49 87 84 42 63 33 62 47 32 80 22 0 79 42 71 67 64 49 44 0 36 49 41 23 8 55 40 84 75 44 18 79 57 46 9 86 57 90 17 55 12 51 16 40 9 67 53 34 60 64 16 72 27 52 17 2 44 12 22 29 48 60 21 6 17 86 78 5 93 11 96 47 23 45 7 86 41 70 53 23 50 42 88 82 63 37 61 17 45 35 50 26 50 78 14 34 74 67 67 16 55 73 74 0 55 42 64 84 39 72 63 42 58 8 63 87 22 87 15 
62 25 13 80 10 31 8 99 43 61 54 12 71 25 73 91 89 66 72 84 23 49 33 45 26 37 42 4 42 74 43 88 90 79 90 56 62 84 87 24 3 76 33 37 44 46 35 2 23 99 24 66 59 99 64 42 73 41 15 85 2 51 21 53 99 60 6 26 2 88 10 17 83 18 50 86 42 23 88 48 63 61 12 13 20 80 30 88 30 93 77 87 71 63 65 87 67 78 34 5 49 95 43 35 39 71 28 4 52 55 30 86 18 52 35 33 30 20 35 65 90 89 55 51 44 95 16 11 93 61 50 47 25 71 8 79 95 16 37 33 65 73 61 1 62 83 99 15 74 93 18 40 52 25 59 55 97 33 9 47 2 53 18 23 92 74 49 60 62 12 58 89 14 59 22 69 65 3 5 13 98 12 60 68 69 16 58 71 95 22 76 97 49 3 73 6 34 91 37 75 3 55 94 4 0 22 59 43 50 26 18 93 84 60 54 34 19 79 24 9 49 44 5 71 92 55 32 4 32 34 53 50 6 97 78 42 36 50 7 74 53 70 20 4 73 98 82 87 62 41 7 6 65 0 92 96 58 2 97 40 86 90 57 91 43 96 79 81 81 66 66 88 52 65 73 40 48 18 63 88 51 71 98 18 78 51 37 34 56 6 93 24 66 52 75 6 92 54 48 33 
11 56 97 88 77 98 2 85 19 36 57 62 31 89 86 15 37 75 33 46 77 83 70 38 41 4 92 59 92 73 12 18 55 78 5 96 41 45 26 72 40 69 72 12 75 32 50 56 48 16 45 47 19 2 1 52 22 73 27 80 64 0 4 20 4 78 21 32 28 48 61 85 50 95 91 10 97 71 45 35 20 3 44 99 70 38 48 51 61 55 28 80 96 65 69 76 53 76 42 4 81 91 78 3 22 65 94 13 70 29 12 73 20 23 91 63 39 2 62 47 0 78 28 0 57 97 81 78 7 72 30 34 97 79 93 5 78 19 99 65 54 4 64 96 37 38 84 18 16 26 40 15 57 57 38 87 59 64 29 40 29 96 93 50 21 79 18 3 38 68 66 40 23 95 42 52 53 62 80 70 46 58 47 95 41 64 63 76 91 4 82 41 8 36 96 30 85 83 99 98 57 9 8 62 42 60 69 10 22 30 49 35 96 27 97 58 9 70 12 60 43 24 6 61 73 56 79 96 87 95 98 33 42 94 81 22 58 27 73 10 26 41 75 27 17 89 70 38 35 88 32 42 54 53 28 28 92 12 13 20 83 45 86 28 77 92 87 81 19 49 85 45 69 73 49 7 38 75 85 25 17 63 3 92 86 48 34 10 39 67 88 87 69 86 93 89 37 25 0 74 
20 32 49 64 30 98 75 12 74 2 33 4 78 13 18 55 11 94 70 30 53 3 28 24 48 74 69 76 77 98 19 55 50 92 19 10 94 75 30 54 73 89 73 86 21 96 24 30 11 99 19 32 90 28 51 12 65 77 67 33 26 78 26 69 31 17 7 59 48 44 70 6 86 45 71 2 99 9 24 4 29 34 86 40 14 74 73 44 90 62 51 22 76 98 84 65 42 74 29 90 13 19 17 94 19 33 45 56 50 28 17 73 84 33 89 7 13 86 14 54 19 99 37 98 2 32 27 65 40 48 43 6 38 26 67 77 0 48 98 64 22 24 68 14 6 50 21 66 12 37 50 40 48 7 44 4 92 25 68 51 50 36 12 54 85 10 94 2 0 44 62 95 69 10 76 58 73 33 34 26 61 17 60 3 82 21 53 94 46 84 36 45 70 68 86 25 33 63 40 56 38 28 3 94 97 19 26 91 69 4 1 29 80 38 17 25 57 14 41 22 64 52 1 83 84 1 69 74 21 26 38 84 95 35 76 33 42 60 40 87 50 42 6 40 47 24 96 99 94 72 88 56 36 36 22 88 14 95 75 34 64 23 34 67 26 76 68 80 89 15 81 75 52 99 69 46 24 51 82 51 65 25 59 71 66 3 13 72 54 96 40 16 24 99 57 39 21 80 57 41 
7 98 34 25 97 61 60 39 97 2 53 14 64 41 91 93 79 32 27 61 53 90 56 8 26 22 5 67 67 55 61 95 63 96 46 42 90 6 10 21 60 89 6 30 20 23 61 81 69 16 61 82 37 20 8 71 98 22 27 88 19 72 77 40 55 46 53 8 77 15 43 8 43 27 61 37 0 15 47 30 12 6 15 75 91 95 55 23 21 43 86 31 43 97 51 67 3 84 57 31 45 57 91 3 33 80 66 53 36 22 32 22 54 66 78 20 6 29 87 28 18 72 11 92 32 72 43 22 87 51 51 57 99 7 54 66 59 68 96 89 24 61 77 69 53 16 7 50 55 40 46 87 86 50 5 11 44 50 47 69 58 93 85 37 11 77 96 67 86 31 74 73 78 40 33 86 32 59 63 43 57 5 46 96 49 83 49 79 8 61 13 11 17 77 39 21 43 90 19 91 99 39 21 78 28 66 97 12 57 65 35 11 85 9 86 92 79 82 8 54 83 92 73 41 16 29 8 98 21 26 93 86 84 14 34 44 84 91 14 17 31 57 92 50 98 11 89 5 12 36 93 59 35 9 1 90 79 33 70 61 96 30 89 83 65 71 37 66 47 3 65 96 90 52 77 27 43 27 2 79 33 84 93 76 38 22 8 33 79 88 99 63 53 41 8 68 71 93 85 9 
19 18 63 65 30 30 62 91 2 62 77 28 53 96 13 38 70 10 53 44 76 24 50 64 92 72 91 98 48 78 9 2 82 61 22 89 23 53 54 31 48 39 30 64 56 6 83 30 27 46 99 71 93 70 11 64 78 46 60 72 48 71 9 24 30 47 59 2 25 42 92 8 78 68 30 19 40 67 99 75 63 0 20 69 15 30 34 25 33 97 33 46 85 15 61 52 49 35 95 49 2 58 90 54 98 21 85 74 36 90 55 98 40 70 81 71 48 90 72 26 42 70 83 43 46 96 73 46 46 66 0 13 50 69 94 36 69 15 63 76 13 43 89 8 25 20 69 17 64 68 10 54 20 69 3 57 11 77 97 38 18 56 45 92 45 97 99 64 4 94 61 65 90 61 30 24 93 49 2 81 91 88 15 92 75 26 93 6 83 30 11 89 1 14 2 41 21 39 24 89 28 69 46 40 22 57 78 41 89 82 21 49 23 87 57 3 94 41 2 16 12 80 29 36 82 4 99 43 97 97 31 7 55 42 56 24 68 32 44 3 83 44 62 66 13 54 35 51 84 17 16 5 82 79 45 99 51 89 76 53 91 65 4 29 49 39 46 64 87 63 4 27 58 88 14 68 32 72 14 8 66 17 96 16 88 6 4 8 24 56 72 12 29 16 52 17 10 58 53 25 
15 10 26 44 10 67 62 26 13 68 55 8 42 72 41 27 19 33 0 91 64 19 42 84 63 2 22 93 33 4 94 9 53 87 29 78 42 34 1 10 65 82 63 9 94 0 3 1 41 12 6 84 56 9 96 71 15 11 50 38 14 74 60 99 27 6 38 48 17 77 29 86 49 15 21 64 49 21 22 50 76 99 6 3 74 98 47 93 18 83 96 72 83 14 52 88 7 49 50 13 40 94 91 81 39 45 58 88 37 31 89 11 64 47 37 92 3 13 89 68 83 93 68 96 27 5 85 67 23 24 92 85 99 45 62 9 76 7 49 80 23 35 71 49 92 79 9 95 97 17 2 78 96 18 69 35 56 7 65 52 18 67 18 17 37 55 24 31 11 83 66 91 95 35 7 34 62 81 23 3 4 10 47 28 42 5 33 18 66 27 39 4 30 4 14 69 35 87 77 15 14 26 38 71 3 61 64 98 57 2 29 35 67 63 25 96 63 27 32 37 16 24 65 10 5 97 93 10 10 9 87 65 66 30 69 78 23 39 92 12 68 52 32 5 79 44 8 24 34 38 11 19 69 26 72 22 1 74 53 11 42 0 77 33 71 43 98 58 21 8 3 36 80 33 94 65 50 92 44 4 37 37 83 32 49 62 83 98 10 10 3 86 53 38 38 0 29 52 15 75 
16 2 42 96 16 63 12 8 30 74 21 22 20 91 27 31 49 55 68 15 5 15 30 75 35 99 73 65 10 99 56 78 49 82 32 73 87 39 55 79 80 5 69 13 29 31 62 56 36 54 29 91 4 9 21 84 9 75 31 11 21 9 96 50 69 75 44 27 14 71 45 47 59 83 31 87 30 65 82 61 69 50 61 63 95 51 56 91 86 77 46 73 98 36 94 48 96 93 90 86 7 79 87 40 95 73 72 51 90 34 38 21 55 10 91 33 92 83 38 72 93 33 38 57 67 9 54 11 29 48 34 52 45 28 94 55 27 56 37 33 56 72 41 83 45 74 76 54 52 91 31 37 5 10 49 63 14 94 89 78 79 48 73 38 39 35 62 44 16 12 70 8 67 72 13 31 37 51 38 73 47 6 71 53 21 5 92 78 28 24 4 85 14 24 41 37 54 31 15 63 52 56 57 23 39 77 58 65 79 13 39 37 98 4 56 89 34 73 60 85 43 89 7 80 31 96 30 2 87 97 39 52 83 79 68 11 20 61 30 93 76 51 45 14 37 96 34 2 14 66 36 90 25 71 8 58 40 6 32 24 16 82 38 20 25 24 32 46 10 18 91 55 36 67 42 62 2 57 87 68 89 19 89 1 37 91 99 88 83 55 85 23 44 96 93 58 43 77 56 82 
80 19 56 11 79 17 74 66 11 66 2 74 5 47 26 36 55 32 44 18 40 67 14 21 5 20 66 29 73 63 7 36 97 57 27 14 6 26 51 56 26 37 71 72 54 10 80 50 81 76 39 19 24 91 47 30 79 70 19 17 31 7 58 2 91 65 17 61 64 60 84 95 60 96 91 81 9 16 82 62 47 11 53 83 17 52 2 75 84 59 78 85 60 10 20 45 67 20 14 75 83 30 92 36 76 38 84 98 47 76 33 64 82 59 49 36 62 52 0 33 36 93 22 15 4 69 55 50 50 89 60 30 16 39 21 91 9 51 21 7 52 31 42 84 39 81 15 28 12 88 12 54 23 5 22 34 93 47 60 56 21 41 72 68 0 93 0 30 34 24 89 78 98 54 61 58 26 44 90 94 42 96 43 96 66 47 58 23 58 67 55 3 66 73 82 0 90 27 98 31 92 54 47 12 25 36 37 91 96 53 53 19 6 20 24 44 61 27 80 39 10 85 20 81 82 54 16 69 90 88 24 94 21 70 38 41 32 53 67 52 15 37 25 99 80 56 6 67 89 7 64 60 97 6 98 16 6 71 8 0 18 97 65 90 28 67 89 28 7 14 53 65 58 17 78 5 88 63 51 57 77 83 13 60 33 88 6 48 60 51 66 33 2 72 97 98 23 35 36 98 
9 73 7 94 82 11 97 85 47 52 20 70 77 96 78 23 37 70 82 64 37 5 21 8 71 44 67 86 25 51 62 92 15 62 63 79 79 6 38 53 30 18 36 52 68 97 55 35 34 6 65 45 88 7 62 64 11 17 58 9 55 69 3 16 13 75 90 68 3 9 1 59 34 64 77 96 77 88 90 17 67 31 48 79 51 35 61 16 70 68 28 0 6 83 13 18 13 16 67 72 37 45 88 86 59 86 75 87 97 75 90 30 73 42 97 98 71 18 14 7 90 22 39 81 14 50 43 77 45 97 41 89 95 32 99 36 72 64 20 62 73 21 51 39 20 99 6 91 29 44 92 41 56 31 82 93 12 21 12 28 67 80 93 90 62 77 94 70 10 69 42 0 16 71 75 60 51 48 17 58 58 71 30 78 51 18 35 32 48 11 30 70 39 98 7 28 99 93 94 86 87 62 94 53 44 82 62 41 28 6 79 6 92 32 75 55 10 21 15 86 68 69 5 14 39 48 43 83 37 89 89 44 29 42 49 11 85 99 57 52 61 52 49 15 12 40 70 8 11 27 4 64 13 77 9 18 91 19 0 32 42 7 89 31 89 23 20 89 59 9 50 27 65 67 26 86 54 2 88 15 93 31 46 23 68 71 32 1 88 62 55 24 68 98 80 65 48 57 87 73 
99 71 57 14 96 41 21 1 49 62 7 65 15 25 12 28 37 56 59 40 61 93 97 91 24 93 94 30 95 35 85 74 98 89 19 45 80 63 72 24 57 78 99 51 20 3 49 53 93 27 79 97 66 64 72 25 6 32 51 75 17 82 94 65 99 86 13 36 62 45 52 55 36 15 57 74 37 59 87 32 55 12 90 95 79 41 89 2 44 39 51 23 13 1 51 29 19 7 43 3 73 70 93 23 15 43 46 7 11 21 56 62 9 32 10 83 72 43 71 15 67 92 88 39 72 1 95 65 50 91 75 66 0 98 14 13 71 24 69 56 28 85 49 28 70 74 69 29 84 46 88 29 50 51 91 79 30 14 38 14 18 7 10 55 63 21 17 96 92 43 75 31 29 78 48 76 0 54 34 82 18 12 50 68 15 86 71 72 75 35 83 89 14 40 8 62 89 92 65 64 92 95 22 17 0 9 61 5 59 32 42 57 8 38 94 36 50 69 59 78 99 53 95 87 51 11 85 99 44 88 41 39 16 56 63 11 99 37 63 10 54 95 54 70 98 79 59 87 87 20 35 84 30 21 50 67 48 5 40 26 87 77 77 66 57 12 2 20 24 82 47 13 71 65 97 20 46 38 86 22 64 33 52 23 75 26 11 48 45 84 28 25 20 64 57 24 91 63 83 23 
29 75 48 38 21 3 33 43 60 23 53 34 73 11 20 37 67 31 81 30 16 26 39 74 19 32 57 6 55 58 87 54 26 27 65 66 42 95 18 79 83 40 29 2 11 33 61 64 13 60 75 50 77 27 75 26 20 55 6 52 7 19 8 13 42 65 12 43 78 3 1 55 80 64 20 33 65 96 78 24 56 37 96 6 14 0 70 35 61 49 61 45 84 59 42 64 76 64 92 32 46 48 32 70 26 49 61 25 18 48 92 87 62 86 23 95 29 55 44 2 81 94 65 31 14 20 47 65 6 94 86 90 85 1 93 42 42 9 24 37 23 43 31 37 32 33 24 37 1 65 63 44 67 91 78 60 46 75 15 7 4 41 59 67 19 52 95 3 21 60 36 56 42 48 65 55 73 17 63 57 11 53 96 43 97 28 76 33 80 6 82 70 87 56 83 44 36 88 43 65 80 25 20 74 52 49 62 8 20 64 52 14 25 36 81 54 56 66 85 7 96 0 66 51 74 46 71 78 19 94 3 23 21 93 43 56 61 86 47 35 48 75 9 90 8 98 3 60 70 87 37 43 90 31 54 84 43 6 26 59 38 59 81 53 60 8 43 13 82 32 34 4 57 18 14 4 75 72 44 37 82 0 5 71 20 78 97 54 73 48 76 49 5 87 66 51 44 72 34 54 
2 28 23 43 73 35 88 22 50 5 65 74 70 76 71 59 68 45 21 59 15 0 45 94 14 49 16 77 45 9 35 24 5 78 75 49 25 97 8 34 5 82 34 79 71 14 87 39 12 11 39 10 40 35 32 82 68 84 77 84 54 86 92 94 58 81 62 97 92 28 55 85 15 51 93 76 8 69 97 36 35 61 87 60 15 86 52 85 7 70 81 81 35 35 53 1 1 98 6 41 7 45 87 15 31 1 88 32 84 69 63 37 74 85 18 65 49 94 47 2 7 99 30 17 40 75 24 80 13 8 30 31 38 82 35 12 78 85 18 66 15 83 93 46 74 35 15 97 88 38 17 67 86 9 94 68 17 25 33 42 43 31 17 80 48 54 35 87 57 18 53 32 44 14 51 82 18 28 62 69 75 73 60 80 63 30 22 98 85 10 60 54 37 88 96 22 50 79 1 3 57 4 64 0 27 81 75 81 62 94 12 53 17 21 65 62 68 58 62 95 52 92 40 1 58 40 25 92 18 12 3 5 96 43 77 79 54 80 5 32 68 27 74 63 63 85 74 35 50 15 32 99 48 58 68 57 64 46 46 78 98 37 55 2 41 82 2 83 61 88 50 27 6 53 50 26 32 53 89 46 58 11 32 89 14 51 26 86 35 82 83 11 24 17 51 32 94 44 10 1 
59 20 53 62 64 0 81 43 19 72 62 70 88 85 93 39 41 25 25 4 34 38 67 60 79 40 62 7 26 98 98 90 30 32 53 39 88 55 27 70 89 80 28 58 92 86 86 3 0 95 13 7 39 78 94 33 76 91 71 78 31 89 53 75 92 41 66 91 47 5 83 54 16 71 28 37 13 46 0 98 91 47 29 31 81 45 12 22 12 46 21 43 8 45 85 30 52 54 69 9 5 30 32 74 99 58 70 88 60 4 6 82 42 28 94 91 27 3 44 19 38 29 49 37 52 10 87 7 31 65 71 8 16 29 27 64 45 85 75 87 59 80 58 37 99 57 18 61 78 16 66 10 94 63 58 58 73 87 19 3 82 70 42 81 9 43 94 59 87 71 80 5 56 25 12 53 84 1 16 91 61 24 6 15 36 52 87 2 17 29 27 14 17 29 12 38 11 21 48 20 84 15 71 50 68 37 52 95 51 49 32 11 40 8 58 63 2 7 40 76 78 23 36 41 49 22 57 62 48 15 65 33 69 48 26 37 85 41 99 30 94 26 46 44 5 80 70 11 52 53 45 20 56 18 77 63 12 61 1 55 25 80 40 30 12 97 31 9 44 33 65 49 22 62 90 41 23 29 8 77 68 48 50 26 37 71 16 64 81 58 14 84 80 96 1 23 54 24 85 57 
40 93 54 70 87 73 20 7 19 48 78 31 6 94 99 60 55 67 23 52 33 3 7 9 29 10 34 77 8 97 52 3 53 80 34 41 78 23 36 60 80 40 55 12 65 27 25 57 23 69 67 99 72 26 30 40 62 64 70 53 34 41 60 15 46 82 13 32 39 19 40 43 45 58 57 36 89 40 22 66 93 1 53 81 60 0 71 7 89 42 94 8 68 80 65 84 7 62 53 74 95 25 66 16 82 21 11 5 51 23 13 74 44 58 64 75 3 75 20 58 72 5 38 89 6 15 48 55 45 7 1 96 18 88 69 22 5 0 36 1 11 26 32 90 84 35 5 33 74 32 78 10 94 92 7 68 38 78 83 7 28 21 72 30 92 47 46 80 78 42 2 14 13 92 88 8 94 66 8 82 11 47 91 56 76 9 34 50 20 70 92 33 49 74 94 91 31 64 98 11 55 63 31 67 22 49 61 15 31 59 28 98 14 80 1 92 75 45 62 66 17 12 60 86 72 95 76 9 19 65 30 39 81 39 29 62 85 16 20 61 10 38 16 76 39 50 94 18 18 43 16 75 60 1 49 57 98 74 74 29 17 70 68 48 43 51 81 69 87 84 65 79 35 65 77 58 26 73 25 28 41 24 74 37 9 48 97 7 3 58 44 91 56 44 7 85 31 68 13 0 
1 41 47 13 77 24 25 39 28 85 76 92 49 63 15 99 93 28 32 69 75 38 17 93 92 29 56 26 36 49 61 97 22 88 0 53 22 49 43 83 32 53 97 16 10 70 3 67 5 57 35 31 51 31 76 52 60 16 17 31 41 57 9 54 72 24 50 25 51 99 22 27 77 30 77 25 85 1 86 46 76 92 28 54 16 43 84 1 76 35 6 22 78 93 85 5 81 63 62 93 77 84 49 17 23 56 32 42 56 85 23 98 93 22 47 75 47 87 4 29 87 31 5 41 55 58 95 82 53 59 64 74 36 44 12 67 40 81 29 50 33 33 60 25 42 94 62 16 46 33 74 18 43 54 77 20 22 66 62 78 42 42 64 87 34 51 11 78 77 1 73 79 53 88 42 92 48 64 5 68 5 42 63 32 10 49 75 67 80 19 0 70 28 88 97 31 37 21 31 61 74 30 47 42 96 69 52 66 91 43 80 41 61 41 40 88 24 4 72 56 32 9 53 14 71 97 41 6 69 6 75 83 55 4 54 20 34 80 98 86 31 74 47 91 62 25 72 67 37 64 55 44 60 47 48 54 2 89 72 5 26 18 82 33 80 56 96 2 10 92 14 82 85 20 99 87 38 93 49 13 8 34 73 46 43 19 59 43 6 62 10 72 97 65 5 75 19 6 27 60 
44 98 19 45 64 72 48 17 74 5 9 0 13 21 12 90 14 50 16 20 74 42 6 10 67 4 79 7 15 62 91 31 22 77 22 45 76 6 48 49 72 78 76 17 78 59 78 46 68 48 98 11 40 1 54 72 61 20 74 67 85 71 17 47 95 82 67 14 27 97 43 50 94 47 98 79 61 78 95 96 48 55 68 24 82 64 44 84 86 37 74 56 87 55 88 67 74 80 73 31 21 88 70 0 62 92 5 30 80 19 87 36 31 63 66 50 84 16 18 65 80 39 67 23 2 87 0 91 44 87 93 81 19 34 35 79 30 40 27 65 31 65 0 71 12 11 44 90 76 96 66 59 36 54 43 40 25 18 47 53 19 48 92 42 85 57 45 79 69 88 75 93 75 44 12 7 79 65 98 97 7 9 1 60 57 24 15 85 41 56 36 65 94 72 34 77 44 33 43 74 93 30 5 32 7 90 33 64 27 70 80 75 22 93 47 17 35 8 50 1 32 32 39 30 5 3 85 92 58 48 8 41 56 10 65 5 62 99 3 68 71 39 94 8 60 25 51 84 83 74 43 38 80 99 74 74 36 82 18 45 50 46 18 87 78 83 42 17 81 3 7 87 57 93 52 74 69 1 71 97 16 67 17 0 61 3 19 18 71 47 48 16 42 21 68 62 55 43 51 65 
1 49 88 55 12 59 98 39 86 11 73 33 42 6 58 36 97 79 32 63 29 28 49 42 89 95 24 29 80 90 20 35 11 48 9 8 28 51 82 8 57 89 42 69 84 1 15 21 9 29 87 18 66 51 60 80 29 34 53 65 42 21 95 89 87 49 14 89 79 89 59 82 20 27 12 70 57 92 59 44 46 95 57 86 57 90 21 32 4 86 33 44 2 46 79 53 80 61 32 49 61 13 98 40 82 57 75 61 75 50 50 34 95 79 32 14 89 2 49 14 4 38 58 67 98 92 5 43 46 94 36 92 3 92 2 39 1 89 33 19 44 68 25 13 17 61 33 3 52 13 73 48 28 28 88 54 16 14 76 6 75 5 91 42 92 68 66 11 13 28 95 19 44 15 21 41 97 50 55 58 37 89 74 22 95 97 67 59 89 95 90 39 10 53 4 80 39 73 25 67 68 54 80 94 58 94 72 13 3 19 51 73 23 87 74 7 76 48 26 75 37 4 35 46 97 52 37 47 89 43 3 61 69 35 56 70 83 74 91 8 92 20 54 17 44 69 67 53 47 77 68 44 88 6 88 59 51 87 70 42 48 98 69 40 8 52 80 87 31 75 65 81 65 16 84 67 64 74 46 38 22 29 57 9 72 3 14 35 9 16 92 68 47 49 37 2 55 93 18 40 
0 45 18 96 40 70 25 4 45 91 80 19 34 23 44 2 32 16 65 86 29 73 76 73 70 59 96 79 4 96 21 82 63 62 53 98 78 54 81 13 66 46 96 80 21 57 18 83 49 81 2 2 44 81 79 82 49 57 90 37 32 12 44 13 39 97 38 66 50 85 5 29 41 49 35 67 79 73 91 10 24 63 49 46 33 19 74 88 72 28 37 71 87 98 7 86 75 11 85 84 33 50 97 18 41 71 57 77 50 37 94 57 79 80 10 68 54 4 11 46 57 83 80 25 36 21 57 46 12 95 83 46 52 38 88 58 98 41 26 89 52 70 53 34 54 89 52 32 22 20 26 25 57 83 7 61 98 77 56 66 14 36 35 65 29 50 36 99 33 74 49 15 79 22 9 16 15 82 75 47 10 75 11 56 75 0 58 14 41 14 13 30 89 63 78 41 72 99 67 74 12 61 78 47 94 90 57 99 49 86 27 51 14 39 19 10 92 38 90 83 44 58 81 7 79 99 16 31 23 45 42 86 68 85 27 38 78 14 99 9 49 69 74 44 91 90 79 55 75 90 77 22 92 7 13 62 42 22 30 69 37 17 47 16 62 56 41 34 29 16 98 38 98 8 30 31 21 33 46 12 21 4 95 29 98 18 60 44 71 38 73 35 99 80 41 53 24 2 87 39 
25 11 19 21 20 24 99 67 49 57 84 55 23 90 78 45 28 29 38 1 54 39 79 38 8 44 62 86 78 52 86 65 15 84 56 16 47 85 32 20 46 10 71 11 92 17 18 0 34 18 81 38 49 19 38 21 67 68 20 65 34 27 87 22 8 53 43 74 58 72 10 17 4 93 35 60 55 78 51 44 29 21 53 87 46 53 36 32 44 55 49 24 92 87 40 96 80 85 48 74 10 30 59 24 27 42 10 68 8 68 47 73 56 2 40 9 32 43 28 2 19 7 60 0 97 95 72 37 91 95 28 87 99 63 72 70 53 50 45 7 39 79 50 39 13 6 42 4 58 30 97 86 46 26 33 9 97 64 45 65 70 77 27 16 4 19 60 43 68 93 27 71 42 13 13 43 12 77 50 19 6 7 58 22 31 72 68 66 84 47 29 93 1 20 47 3 56 89 54 50 46 77 0 97 38 28 14 13 24 50 75 82 19 32 3 23 34 89 49 53 82 56 24 34 72 38 39 96 25 97 82 32 75 24 19 22 72 55 58 58 78 91 15 55 49 90 38 24 61 78 86 2 85 69 34 25 25 69 99 20 39 12 1 86 56 16 30 52 50 23 90 51 12 32 40 71 53 56 65 45 77 78 56 46 53 72 54 42 37 47 87 44 71 83 17 28 66 9 59 69 
23 74 66 15 20 36 31 41 39 65 38 73 47 49 70 50 4 43 88 70 54 58 17 70 58 68 93 28 45 51 89 54 38 49 60 45 64 84 17 43 17 91 22 85 87 64 77 29 19 9 62 4 30 68 34 87 61 95 17 35 72 76 48 23 61 54 65 46 22 19 58 51 40 91 89 87 67 40 74 78 85 58 95 64 96 55 79 67 26 4 8 53 74 39 34 87 53 70 6 89 98 76 68 46 76 91 55 34 63 70 52 39 78 70 31 3 88 1 5 70 15 75 32 55 88 41 80 26 87 59 75 94 4 5 91 98 28 7 58 38 29 10 93 97 2 81 48 49 54 2 65 8 94 0 50 89 12 64 88 62 51 51 71 5 40 77 2 76 74 26 49 62 44 62 40 59 95 88 86 46 64 95 37 96 44 54 25 36 94 64 94 57 24 93 48 90 9 60 35 31 20 5 32 94 14 98 22 76 56 25 29 24 43 70 61 48 90 14 10 38 96 68 56 57 81 31 30 66 50 8 25 29 37 28 24 66 38 42 46 16 64 68 90 9 62 11 8 68 60 38 42 34 35 36 41 89 78 27 39 13 82 88 76 25 77 97 1 44 75 22 60 82 39 78 31 21 59 97 12 4 77 91 65 62 73 37 15 83 47 68 98 42 67 8 17 99 3 50 57 91 
47 70 44 38 45 35 13 52 65 27 60 36 98 53 11 63 75 24 88 73 14 96 56 82 83 79 76 6 64 52 0 77 76 30 34 66 87 57 2 82 18 44 91 52 65 58 2 0 11 9 41 84 95 49 64 68 23 40 71 54 82 9 67 18 23 15 0 31 31 98 51 72 14 37 74 42 31 86 82 22 57 62 68 17 57 33 78 27 77 37 55 14 76 8 79 22 77 28 66 50 85 88 11 83 37 69 80 65 6 64 66 65 77 69 11 20 88 75 6 23 41 69 4 53 87 34 28 74 0 84 60 55 67 75 68 27 95 65 56 3 5 62 23 20 50 96 46 53 55 46 51 75 6 84 53 5 4 77 53 26 42 91 31 66 90 75 69 21 76 78 54 23 93 79 22 52 48 71 62 82 3 10 55 29 55 69 24 47 46 96 89 78 11 29 16 28 51 18 9 81 16 66 5 55 5 25 81 11 40 82 12 30 88 34 33 70 98 58 21 31 92 77 29 52 68 43 5 58 5 36 39 44 39 81 89 50 52 96 77 34 9 42 42 44 72 26 46 21 39 19 11 28 98 48 99 17 15 54 45 21 59 80 80 47 45 44 56 4 73 69 42 88 74 76 53 0 96 47 30 81 53 64 67 55 80 46 7 86 86 45 73 7 37 41 49 55 47 11 66 1 
67 65 70 23 33 22 15 96 53 98 19 94 81 6 63 91 55 62 4 64 61 40 86 60 36 35 15 43 76 18 41 72 78 97 5 81 77 5 31 80 74 50 63 70 56 45 29 2 56 10 91 77 96 31 28 7 69 37 19 90 92 72 6 22 6 57 93 2 19 77 90 85 64 32 79 95 16 54 55 39 76 26 9 31 44 89 8 91 67 0 88 39 33 60 82 27 87 53 89 52 58 23 82 45 85 50 32 6 61 74 35 23 93 13 22 99 87 97 99 49 31 20 26 79 73 60 45 34 86 73 9 90 14 15 6 95 30 60 48 26 82 5 65 69 38 59 90 93 74 87 53 77 19 90 39 41 37 81 96 34 4 31 98 11 9 24 4 12 62 39 83 21 32 55 47 67 96 45 80 82 63 77 91 33 31 2 51 32 15 63 8 70 46 7 78 15 55 42 6 9 37 99 41 18 90 91 83 58 42 47 86 50 83 70 92 1 88 42 50 85 36 15 62 56 76 70 40 48 78 68 27 40 31 85 2 69 4 97 51 24 71 12 91 98 37 0 81 73 27 54 22 15 67 89 71 74 26 49 19 3 77 77 28 96 47 46 33 57 53 25 83 30 51 28 38 39 31 15 34 18 85 63 3 42 95 20 1 0 52 71 47 46 88 45 3 35 89 32 0 92 
7 54 8 77 21 70 17 56 37 16 1 41 46 35 44 77 89 29 70 85 5 28 67 43 83 19 23 15 79 94 77 30 67 7 9 37 24 81 69 86 63 44 22 91 25 31 90 14 58 53 46 53 8 76 26 59 94 32 79 83 87 7 3 21 85 62 37 63 66 19 8 48 20 76 38 2 37 47 75 92 56 56 9 30 75 56 86 21 20 64 39 64 89 22 85 76 99 26 12 16 56 57 29 99 44 38 20 41 42 36 16 78 98 93 91 76 61 35 39 68 74 56 0 0 18 45 10 22 79 32 34 15 52 0 85 56 44 99 28 2 51 27 21 87 43 80 91 78 42 22 63 66 23 47 16 77 44 64 91 92 27 65 54 64 78 51 47 87 24 27 46 87 68 43 59 5 72 7 77 40 38 31 17 58 15 96 84 91 53 90 45 46 12 97 11 88 41 95 28 44 22 86 52 50 73 58 41 41 36 60 87 62 47 36 73 76 83 45 94 81 19 14 60 83 88 20 64 43 24 95 17 71 45 35 38 87 14 64 99 31 0 7 73 20 2 64 45 21 62 27 99 4 14 67 47 98 3 39 67 9 44 14 97 23 13 76 45 35 12 41 16 19 31 31 37 43 73 11 11 82 61 58 86 36 95 67 13 83 20 79 63 56 80 95 55 86 44 17 71 32 
42 17 14 15 93 73 9 58 28 86 81 71 27 94 87 70 13 59 81 59 33 48 40 35 48 39 37 36 60 48 75 17 2 12 2 88 22 46 67 11 37 50 33 69 13 52 15 38 0 80 4 85 63 39 12 8 50 25 2 48 20 92 49 26 16 29 39 60 80 10 57 70 96 87 47 58 11 22 77 25 24 3 50 35 41 42 54 60 43 3 48 12 41 5 32 16 55 2 0 0 29 12 22 64 20 10 43 14 23 23 2 33 24 34 63 9 2 9 53 68 95 32 92 4 98 25 35 77 81 38 90 47 60 44 41 26 11 66 54 48 48 13 29 1 87 12 87 49 90 59 94 53 28 3 62 98 60 76 13 43 60 13 61 31 65 3 67 55 81 67 57 93 71 87 29 33 31 10 14 4 56 66 75 45 90 11 7 71 18 48 86 12 23 9 39 98 22 60 87 8 38 25 96 17 90 65 80 74 70 41 17 4 19 27 51 55 75 99 88 13 93 93 95 63 39 89 52 66 16 14 12 23 83 80 25 19 7 83 40 39 95 77 2 3 12 41 1 59 54 29 51 13 44 27 17 4 52 91 26 25 46 63 82 73 14 32 81 92 80 24 3 4 9 43 28 53 23 99 39 99 67 53 19 56 72 19 98 21 72 34 40 19 63 1 13 21 26 61 14 18 
13 51 77 8 86 55 45 6 89 66 52 61 94 44 3 24 34 70 93 0 76 52 37 41 74 76 5 11 75 36 31 73 55 94 49 50 86 58 67 85 15 82 52 72 87 55 46 45 2 52 96 48 69 75 9 83 44 92 58 71 52 33 57 49 85 3 87 44 35 27 76 74 83 14 13 97 53 74 20 0 30 78 99 59 48 68 18 35 52 45 60 3 16 99 28 12 95 19 24 15 20 3 94 20 56 19 94 5 8 21 6 56 70 29 71 46 71 78 91 18 98 29 54 55 5 37 51 61 45 64 50 99 84 13 82 16 48 40 67 3 76 28 34 99 29 11 5 20 10 92 61 83 93 26 79 73 73 47 55 34 25 36 93 62 66 25 99 87 48 12 3 5 59 93 54 96 47 96 0 28 23 61 30 92 13 96 3 92 55 17 48 83 67 50 86 93 15 37 76 15 71 57 95 74 74 31 48 52 13 27 8 77 70 29 87 21 98 38 0 96 36 66 61 77 26 46 86 40 20 87 24 52 20 9 40 59 40 77 38 65 49 6 36 7 36 83 82 19 72 48 50 48 78 83 60 91 77 49 75 38 5 73 10 43 23 18 54 88 82 29 89 3 88 15 21 94 35 97 32 35 55 40 79 91 7 19 27 67 61 19 28 99 3 44 77 39 73 52 21 30 
40 57 32 5 93 34 79 33 16 34 49 59 82 67 71 53 5 91 35 3 84 34 63 57 26 69 51 72 96 29 82 2 5 38 18 56 67 52 96 14 80 56 28 75 46 37 49 23 81 72 91 58 56 91 85 85 53 5 79 80 42 94 46 91 93 51 77 15 71 55 87 0 17 26 68 49 53 75 84 19 99 48 11 35 50 42 35 84 87 44 15 34 59 43 94 98 92 15 44 94 81 94 54 5 29 40 60 38 27 50 33 80 61 22 58 49 0 1 20 49 75 6 47 92 10 36 84 62 11 46 66 16 68 51 91 32 1 75 71 83 44 9 64 29 40 53 72 56 49 95 17 72 29 53 33 17 94 8 28 78 93 67 64 63 95 58 30 90 89 46 12 62 30 57 54 44 32 63 84 24 56 82 19 29 66 32 34 71 22 79 8 73 91 15 58 55 11 34 52 87 70 53 63 25 11 61 82 38 0 92 43 40 2 29 72 32 60 69 25 18 97 34 11 39 27 9 87 28 20 11 47 95 22 51 44 39 56 72 40 30 87 45 67 39 85 61 0 46 50 43 55 31 15 11 67 19 10 79 93 1 97 48 73 48 53 36 41 87 36 64 1 2 91 51 1 31 95 77 22 56 65 96 95 75 18 36 71 79 99 8 65 54 39 64 64 4 83 35 98 17 
