300
30 27 17 4 90 89 52 54 31 69 80 72 32 54 18 66 51 54 85 7 94 34 57 5 9 56 81 75 5 57 41 6 84 33 18 80 15 40 61 60 34 18 91 42 28 14 15 69 5 40 2 82 43 22 81 85 29 17 21 14 59 43 0 76 63 71 92 33 59 35 79 91 19 16 13 46 78 70 24 63 98 67 51 9 87 49 14 24 47 0 1 52 85 18 27 22 60 4 99 67 46 22 13 34 22 45 61 69 83 24 0 21 81 75 1 26 37 25 29 78 63 33 12 74 50 5 32 62 87 58 69 97 86 85 11 94 73 52 69 12 99 54 9 76 29 53 16 63 67 32 79 66 46 94 83 92 62 10 79 83 60 32 87 2 67 40 0 74 76 41 45 64 27 52 88 86 32 45 26 70 43 96 13 53 77 69 79 52 48 73 54 13 7 81 28 78 52 48 67 34 54 44 82 51 78 10 69 3 26 86 94 33 90 73 82 71 77 19 65 25 55 7 96 29 67 70 99 88 46 10 22 93 14 69 58 49 73 34 42 81 68 34 21 42 20 54 77 53 93 51 42 7 15 82 29 40 31 6 28 56 10 18 3 11 70 47 70 96 84 76 5 71 88 25 35 18 94 46 7 13 2 74 69 84 7 39 25 52 5 79 30 59 70 96 73 66 70 94 94 9 
61 11 47 23 88 43 14 79 13 34 18 86 61 11 2 0 44 27 58 59 19 97 43 36 14 32 58 96 52 41 38 28 24 23 54 64 19 58 83 95 88 1 2 6 49 80 11 61 18 89 35 41 68 10 82 37 40 84 33 27 37 89 73 7 80 12 91 67 25 63 63 18 0 53 39 3 75 25 1 77 44 94 23 84 21 39 85 91 68 89 79 91 85 15 67 65 44 82 77 67 72 36 11 87 61 74 7 41 81 55 60 5 58 37 78 59 25 91 92 11 42 52 13 83 15 63 27 38 97 75 4 34 38 86 58 45 55 73 20 70 4 77 96 93 10 66 26 19 97 50 68 73 10 18 15 16 8 31 33 48 28 57 21 45 46 17 27 38 24 71 75 48 91 69 29 28 65 10 87 95 31 79 85 82 55 33 52 50 87 23 19 46 64 26 83 60 14 79 49 71 95 42 87 40 23 28 60 75 63 67 48 92 55 83 59 51 48 18 98 63 12 26 10 28 26 67 1 14 12 91 33 87 61 25 45 59 23 79 84 17 74 1 88 4 70 4 97 73 56 66 37 82 76 22 60 42 67 18 57 10 51 53 43 58 58 35 37 44 58 99 18 15 38 70 76 52 88 67 30 28 53 91 88 59 62 95 5 66 41 7 38 30 57 8 13 81 13 10 34 51 
18 63 33 29 10 51 97 29 74 68 7 49 18 45 15 20 91 50 91 40 49 2 72 90 73 89 34 75 13 13 22 2 17 69 15 86 73 56 10 10 50 16 43 43 89 93 54 23 21 13 55 21 98 93 80 47 13 73 14 95 55 10 27 94 31 85 15 14 44 34 90 66 55 44 69 33 1 46 19 62 68 21 80 49 14 17 13 26 15 89 91 53 14 61 1 69 75 3 98 26 16 22 45 27 53 24 20 16 22 70 86 26 21 16 51 97 26 77 59 21 23 94 71 49 94 96 88 45 14 2 18 53 44 2 80 58 87 99 93 6 25 88 25 46 55 75 48 94 62 15 78 81 2 97 34 13 35 66 73 45 97 4 88 31 78 97 91 10 65 37 18 49 95 58 98 8 99 75 56 88 43 37 48 88 27 95 57 30 12 77 40 2 65 72 21 21 62 38 67 37 12 85 74 28 95 59 47 13 96 94 41 69 6 33 3 53 32 7 22 63 31 44 99 59 20 71 41 92 3 81 90 83 33 32 95 1 6 76 65 15 58 64 96 83 82 86 34 16 50 62 7 50 21 40 88 97 36 18 39 81 30 22 68 40 35 41 7 52 8 65 37 75 43 50 98 22 47 20 49 85 50 28 84 50 29 28 58 62 71 19 63 66 45 20 23 18 77 58 45 3 
86 57 64 77 12 96 19 34 63 46 26 18 81 51 59 63 80 50 34 22 66 66 6 56 56 46 83 95 49 68 99 39 52 32 34 83 47 8 47 94 24 62 37 51 25 70 89 66 91 96 25 75 57 38 59 96 30 89 84 88 38 67 89 36 69 55 9 36 34 17 27 21 94 48 93 16 57 60 4 64 70 25 48 46 52 2 41 72 73 52 66 34 5 11 93 46 79 31 13 82 34 27 11 76 53 28 26 69 25 32 90 53 18 50 99 41 29 67 70 34 32 88 26 55 49 4 43 87 53 90 89 58 55 8 90 45 59 51 87 6 28 33 68 65 11 89 43 77 34 64 62 94 73 63 30 76 19 47 26 73 69 95 67 64 59 16 52 95 59 9 89 21 71 47 22 83 99 40 68 26 24 97 84 68 19 43 19 38 93 52 62 64 28 89 51 0 6 39 67 90 38 3 56 21 27 16 91 32 20 13 29 14 8 40 38 78 29 62 4 76 95 52 76 26 21 3 46 4 23 23 48 59 82 47 80 33 86 20 74 81 69 37 98 15 67 2 88 7 58 50 27 17 24 68 44 46 37 55 2 57 52 23 35 71 74 15 26 52 30 31 31 32 2 31 32 49 14 95 21 25 52 99 8 3 69 87 28 14 79 88 16 55 84 38 82 25 97 92 22 3 
51 98 21 44 32 71 66 77 53 49 65 2 51 97 55 79 56 79 67 74 33 19 93 55 93 32 42 81 75 71 73 99 52 11 33 51 18 83 96 55 91 47 67 92 26 3 62 41 9 59 15 46 67 78 78 3 87 45 58 9 43 86 27 25 32 89 4 20 55 80 45 99 75 49 87 31 62 44 13 13 47 1 96 27 73 34 32 11 23 46 17 39 89 18 46 54 57 27 47 79 85 54 92 22 31 98 13 8 75 95 3 61 51 47 18 10 19 58 9 64 46 16 62 51 3 56 12 32 22 38 9 34 24 43 38 98 3 4 20 86 7 44 18 96 3 59 30 57 37 5 49 6 76 61 13 9 60 12 79 18 30 61 52 36 59 13 53 19 85 17 56 73 17 39 46 77 13 94 10 94 24 75 44 64 62 99 22 76 89 72 23 36 29 20 10 67 88 45 11 94 50 19 97 33 34 50 1 1 25 92 91 78 79 44 87 22 41 22 44 5 10 1 0 75 38 40 40 38 4 59 9 31 11 42 33 58 79 60 9 65 9 8 71 88 79 71 22 23 12 63 53 3 64 24 90 8 5 49 89 10 82 22 23 52 31 88 59 64 99 24 38 43 75 66 26 99 43 45 88 93 85 63 17 76 8 62 87 93 60 35 63 73 77 12 14 14 57 23 84 33 
76 87 7 76 92 96 20 1 87 63 91 62 46 4 73 3 18 94 90 64 63 71 83 93 4 4 84 66 16 88 78 31 74 23 46 64 16 8 30 62 99 91 29 93 98 30 19 90 25 74 75 30 64 20 39 85 90 14 24 27 95 27 78 89 11 90 21 13 52 18 91 35 41 93 82 92 84 16 77 28 38 75 47 86 32 24 20 73 11 28 51 16 44 25 53 0 20 29 13 69 37 48 64 17 13 92 34 89 8 34 47 71 13 21 38 48 47 60 60 87 0 1 66 37 82 31 31 82 6 55 51 96 64 80 92 78 62 31 81 79 25 16 15 55 62 95 84 87 61 95 27 62 74 74 35 25 74 96 93 6 91 15 21 80 4 7 9 55 43 96 48 73 35 35 0 50 4 49 1 78 10 2 17 11 1 83 53 27 59 39 4 21 66 20 78 16 63 34 95 23 88 60 6 82 91 14 85 87 84 41 20 31 21 63 52 9 49 5 94 59 3 99 70 51 52 32 62 43 40 66 74 94 58 19 68 45 4 99 50 15 91 82 64 7 65 79 84 87 55 13 24 81 79 3 5 80 27 5 22 8 59 41 65 95 82 72 62 41 69 69 69 63 93 16 11 86 45 94 29 80 42 49 28 17 83 18 96 15 78 67 15 26 66 86 56 85 78 8 25 62 
70 19 77 78 80 15 31 94 39 31 45 10 47 20 46 33 64 42 38 2 53 53 34 24 41 70 92 99 27 16 42 34 61 69 4 32 4 35 22 91 43 79 98 38 36 55 12 60 97 90 13 0 87 94 2 29 47 6 47 47 43 76 92 0 69 87 0 38 88 59 25 57 90 51 40 97 66 8 90 91 48 47 15 23 20 21 46 91 96 95 30 45 32 94 79 91 98 40 96 65 98 52 76 96 25 40 60 97 22 82 92 71 58 24 38 75 4 81 66 78 67 98 50 86 50 68 17 71 61 0 23 43 97 90 85 59 3 22 97 5 39 77 49 9 55 35 60 4 43 93 12 39 9 92 54 53 72 88 15 99 32 65 39 75 65 57 74 56 98 5 90 35 80 71 58 17 92 92 61 49 12 10 32 66 64 71 65 72 76 18 85 53 64 2 77 98 50 85 15 32 31 27 84 99 50 35 18 74 81 35 44 55 42 97 28 66 75 62 61 98 26 47 90 47 3 56 60 60 85 57 32 57 6 69 88 75 67 31 55 44 24 98 81 86 49 56 81 18 46 71 72 48 27 24 45 58 55 7 7 53 80 4 63 86 30 59 98 50 24 75 19 69 50 19 88 84 25 14 78 69 65 60 48 39 43 21 53 90 56 71 62 85 56 69 16 0 28 85 56 48 
2 50 29 21 4 4 56 72 16 11 16 98 60 53 29 34 62 24 27 46 15 8 50 96 91 64 31 9 15 35 16 82 23 35 74 36 6 75 18 52 32 98 33 20 16 38 74 26 92 35 49 80 87 37 13 93 21 58 35 32 59 63 21 4 11 82 98 13 69 96 70 78 44 78 19 45 94 28 0 0 7 38 45 61 45 21 16 22 49 66 49 99 22 21 86 28 83 64 99 76 9 37 44 41 9 51 94 57 59 43 63 74 7 81 55 95 92 92 60 63 23 41 25 92 22 73 28 39 76 22 82 48 91 13 34 97 55 49 73 72 38 22 3 27 12 7 74 70 45 46 97 60 56 63 98 88 54 5 18 52 83 77 5 59 65 78 78 69 42 87 19 49 54 79 6 35 70 60 55 42 7 22 48 87 13 22 60 68 64 0 92 83 16 78 12 86 87 80 48 77 14 5 56 30 20 25 34 7 81 54 94 66 67 26 95 27 2 54 27 53 88 88 28 55 90 35 67 56 17 39 55 65 17 23 86 79 10 50 80 25 50 20 68 43 49 17 56 65 25 54 71 18 37 24 64 73 77 79 56 0 27 37 54 38 77 20 27 46 3 70 86 36 82 46 27 43 45 79 42 20 80 81 85 79 52 76 50 2 18 12 9 25 0 57 73 32 2 10 46 65 
3 24 22 44 30 63 95 21 59 83 47 49 78 71 37 36 27 55 50 41 20 97 11 61 30 47 24 70 19 97 76 9 78 11 38 3 82 2 70 31 50 33 97 17 66 6 15 59 29 45 3 46 83 62 41 5 87 19 87 60 25 62 37 14 70 78 74 12 35 36 57 8 19 1 1 22 53 47 75 37 7 42 48 92 31 16 45 51 99 34 87 94 20 23 47 75 49 60 29 62 77 72 10 15 98 66 89 29 53 48 47 10 45 63 72 64 32 35 86 97 94 70 13 60 90 46 47 41 27 25 8 34 55 75 95 88 26 8 50 71 46 7 76 56 63 27 58 18 60 31 13 48 84 19 1 5 28 5 93 52 0 94 19 60 12 18 39 8 77 82 46 29 2 32 89 95 8 8 20 84 11 90 60 22 75 18 66 70 86 80 67 3 74 5 59 90 6 81 46 35 8 37 96 34 35 40 80 40 57 16 91 26 82 89 53 98 58 59 56 15 71 23 58 31 78 99 75 86 84 26 20 21 42 29 92 75 58 64 36 23 64 79 60 90 1 40 17 17 49 63 90 77 7 81 4 35 17 92 32 75 88 15 74 65 7 49 83 76 93 35 17 74 96 4 61 61 39 77 18 61 62 40 86 25 88 14 59 12 16 74 38 25 13 89 71 77 62 77 82 45 
69 82 66 75 84 34 40 2 47 42 28 32 78 1 96 26 54 3 91 92 88 0 65 27 25 43 6 50 32 64 73 59 74 59 88 52 92 61 60 61 87 81 18 33 72 95 73 22 97 31 66 98 60 38 36 63 16 75 31 47 21 14 58 40 75 4 39 16 44 43 3 65 51 50 74 41 28 58 0 80 68 32 40 64 10 95 99 75 81 23 69 96 90 1 23 93 4 56 62 98 83 35 17 52 62 97 83 0 59 85 10 51 21 70 65 42 90 19 97 52 61 67 11 67 31 9 33 14 63 39 58 54 17 90 69 44 36 66 34 62 33 54 99 52 38 88 22 12 19 8 22 43 41 98 91 92 15 33 84 29 4 91 74 16 19 97 3 0 41 56 95 88 18 51 10 48 56 33 51 87 62 6 77 32 6 96 41 44 1 55 47 60 48 67 47 27 31 67 23 20 21 67 70 66 58 55 67 98 76 54 68 23 47 70 18 56 85 4 19 78 98 71 49 48 97 56 89 61 95 36 57 21 86 30 92 44 67 42 32 56 50 87 67 72 58 9 10 14 36 31 65 12 82 56 71 42 92 29 40 37 95 35 49 53 60 58 1 43 69 4 56 25 28 26 0 71 2 18 40 60 2 49 98 20 97 13 56 86 92 95 86 22 10 82 44 67 92 71 8 40 
55 9 42 71 18 58 62 33 92 6 80 50 48 90 64 76 17 95 37 2 42 77 8 30 3 6 59 84 54 91 70 35 16 20 78 15 99 26 9 29 10 14 77 12 8 80 22 52 97 99 96 18 77 77 16 68 96 0 99 45 99 38 77 88 39 4 41 36 79 62 0 80 18 42 13 58 21 13 73 50 93 24 93 68 9 71 76 10 20 10 68 6 56 68 70 96 33 8 86 99 18 49 12 20 49 60 5 28 2 82 59 19 1 56 34 41 73 58 8 62 11 25 48 17 93 50 83 6 88 13 20 7 0 83 52 78 57 69 38 62 55 49 16 64 55 61 20 32 95 33 66 99 32 14 29 32 4 64 88 49 41 94 84 64 33 75 8 99 22 55 97 64 24 62 0 61 95 98 76 77 41 73 56 19 13 92 58 70 10 6 24 80 15 94 22 68 19 19 54 20 98 67 40 13 99 78 84 24 24 95 66 33 65 28 42 94 15 48 99 43 1 68 97 48 58 22 8 86 71 41 81 16 68 79 54 96 8 45 67 81 6 65 94 98 61 14 32 84 60 74 80 18 69 6 2 69 64 59 44 33 7 60 39 67 17 31 18 95 12 2 90 79 3 78 7 69 46 78 32 39 18 0 70 43 63 63 58 60 34 64 74 96 40 89 49 50 6 13 92 67 
33 99 57 81 77 77 0 75 9 84 79 84 55 65 92 56 76 66 40 44 47 54 45 64 96 2 97 93 34 13 57 34 22 27 39 90 50 51 71 11 50 78 88 46 57 89 67 54 95 58 54 43 15 71 11 52 1 32 83 53 47 40 61 72 70 70 90 23 33 23 72 91 87 30 10 81 34 34 32 86 58 50 37 44 12 0 42 25 35 74 21 4 26 52 95 53 45 75 12 55 44 59 39 9 42 93 48 57 81 61 16 35 50 49 84 34 52 38 54 76 67 82 14 38 93 78 60 46 19 45 12 27 88 91 34 70 38 88 80 15 7 60 96 94 3 33 14 76 66 26 56 4 51 78 5 98 33 7 99 71 10 14 76 20 80 46 38 22 87 64 42 58 13 4 6 98 72 32 49 24 10 11 98 2 40 65 21 68 24 50 43 89 72 95 74 24 57 33 86 24 21 6 25 1 3 81 99 13 86 85 50 65 19 10 0 38 67 49 54 34 12 20 65 14 48 26 45 14 66 77 64 17 54 48 47 32 38 29 43 32 30 86 6 81 48 36 47 58 69 49 54 5 78 77 34 0 44 39 58 24 77 95 12 67 6 78 81 30 33 40 70 67 29 26 15 74 36 94 20 51 50 83 84 57 35 50 7 62 0 4 91 47 25 11 35 98 58 48 24 9 
1 94 31 40 34 80 52 52 11 67 47 95 80 64 9 95 6 1 10 67 37 1 46 47 73 76 65 11 17 38 91 47 51 92 46 83 4 56 20 47 90 43 25 74 99 36 97 85 65 42 40 10 97 57 25 56 31 40 65 3 85 51 56 48 57 92 57 7 28 22 64 45 5 78 65 10 31 95 82 78 71 27 7 92 42 82 77 55 84 57 71 52 93 28 76 60 19 15 44 15 22 89 88 77 33 99 69 91 74 57 66 45 78 81 93 76 46 36 82 76 82 86 59 31 58 68 11 89 5 5 50 94 89 83 48 2 57 46 31 51 23 18 40 50 69 54 57 15 20 82 41 27 43 80 95 71 58 46 90 28 33 96 6 37 87 18 44 68 20 45 90 54 50 32 60 94 45 1 2 31 94 99 21 19 22 95 31 78 91 83 95 82 48 42 98 1 72 51 62 92 24 49 5 18 19 76 50 17 6 83 60 91 29 37 13 16 59 79 36 95 46 93 11 80 25 60 6 10 53 29 65 66 27 16 84 90 5 68 94 28 46 33 3 34 47 96 13 23 99 48 31 91 19 13 57 56 89 89 40 16 85 19 84 35 40 68 89 68 27 99 15 13 35 61 98 34 14 59 40 82 55 19 76 81 4 78 23 49 24 42 85 4 37 17 51 9 18 20 12 39 
57 3 19 90 76 18 25 62 93 33 45 83 90 8 71 0 50 68 94 5 30 35 43 71 53 46 83 15 20 74 11 54 28 71 47 12 58 50 70 82 45 96 2 89 82 32 18 81 34 82 81 20 14 22 72 69 39 64 62 17 40 75 85 13 2 14 86 48 51 28 14 52 96 88 64 54 92 98 56 43 96 87 63 80 78 83 25 19 58 90 56 63 4 20 35 71 86 59 50 70 7 78 88 30 13 37 83 24 97 56 29 50 95 7 31 21 95 66 40 39 95 95 15 18 86 58 49 54 64 41 58 18 46 99 50 78 11 7 6 24 60 57 17 67 24 54 45 71 38 53 26 99 93 57 12 50 40 5 88 6 28 96 90 5 1 14 13 61 48 55 77 56 73 1 89 80 69 45 89 13 31 18 1 85 62 45 1 12 79 5 27 42 55 72 83 78 64 81 61 65 35 50 54 5 82 3 78 1 90 99 33 41 91 0 81 75 82 14 82 10 73 98 3 22 54 76 33 39 74 51 51 65 70 40 31 89 81 18 72 45 42 14 76 25 56 51 97 1 41 92 33 39 0 63 53 9 54 3 4 74 37 0 22 44 89 52 54 62 13 22 35 86 24 94 82 98 86 63 10 35 78 97 94 71 87 37 3 70 47 88 60 6 96 70 84 21 84 2 93 63 
20 78 28 8 14 93 12 9 42 76 76 53 48 34 91 61 76 38 23 57 5 84 64 20 58 48 8 64 50 12 40 49 24 51 40 86 89 28 30 37 39 25 47 51 18 46 94 1 80 8 48 65 76 92 42 36 41 78 46 9 50 94 81 81 70 19 55 44 2 21 83 43 21 36 23 98 43 20 75 28 7 82 28 58 61 30 27 4 15 6 52 14 48 72 68 63 59 10 54 82 73 81 19 5 99 22 66 53 82 60 45 11 80 70 8 17 73 6 72 43 51 21 65 29 7 6 44 12 47 12 74 95 37 92 42 20 72 64 19 59 2 90 43 64 55 96 2 41 88 18 3 94 98 78 1 31 9 14 46 68 14 86 96 7 89 5 17 39 73 97 57 87 58 41 1 0 46 89 45 9 40 37 26 93 66 17 30 7 14 36 3 74 80 4 20 68 62 75 82 93 81 99 81 45 10 82 29 91 36 9 20 44 26 81 94 30 80 52 46 33 88 75 7 77 21 52 76 49 78 4 60 58 22 70 30 32 43 32 85 58 28 78 67 93 61 35 9 69 20 58 3 38 85 85 43 99 22 20 75 44 63 31 81 10 42 22 12 63 42 15 95 17 11 14 33 42 75 94 69 95 80 31 40 40 5 86 85 68 0 8 80 44 59 65 87 49 38 76 17 39 
61 14 41 47 15 75 85 71 12 27 44 95 19 38 60 93 45 7 94 80 9 45 81 79 78 85 64 77 90 24 46 53 25 31 16 59 77 18 39 70 79 87 48 22 65 82 8 62 43 68 30 53 16 50 81 36 34 81 9 62 51 24 89 63 54 10 44 75 95 9 88 49 44 34 64 72 95 4 5 13 11 29 64 46 66 3 57 67 32 16 26 39 44 59 14 9 72 74 30 73 42 78 84 5 12 82 38 32 92 21 22 72 95 13 31 61 92 22 38 8 12 61 98 97 17 29 6 82 67 9 15 91 90 53 45 3 80 35 89 45 97 14 63 60 88 49 18 85 2 64 0 10 31 71 63 97 87 52 5 6 53 78 6 25 56 34 57 55 14 27 83 1 50 55 15 75 6 90 16 22 19 95 43 0 40 89 37 66 36 42 54 53 85 55 89 22 58 13 59 58 58 97 85 2 45 70 55 41 84 94 87 35 21 97 5 73 29 31 46 87 96 42 51 46 37 95 30 29 21 9 46 59 6 35 22 69 10 38 78 19 21 28 81 49 7 55 66 36 86 88 46 26 45 29 13 43 5 34 47 50 0 23 12 61 44 13 32 11 35 40 83 82 35 85 50 16 29 90 71 81 36 61 17 36 51 3 88 23 70 68 48 74 80 33 30 3 37 76 89 28 
79 26 55 85 13 68 82 78 72 84 42 75 75 3 86 95 75 88 29 70 28 65 8 10 21 32 86 14 75 5 29 70 9 5 20 7 53 74 3 23 19 94 68 45 82 51 38 89 14 74 33 98 94 82 89 68 36 13 75 62 75 48 17 83 82 19 38 83 28 93 4 53 71 33 5 69 23 68 88 97 66 33 78 52 12 64 40 9 67 70 3 27 87 13 74 48 11 49 35 68 34 84 60 17 36 89 55 26 50 14 9 11 15 71 40 68 0 91 86 98 77 22 4 58 49 11 67 54 17 59 76 87 68 8 40 4 60 59 70 54 49 80 64 27 14 1 2 36 38 26 12 63 47 30 98 29 40 75 54 13 55 24 34 15 84 79 88 95 87 9 98 74 23 59 43 28 69 85 7 10 3 25 43 2 43 28 80 88 20 75 63 27 69 55 64 66 65 22 39 97 53 66 19 0 79 88 60 24 18 62 20 51 44 23 79 53 20 78 85 58 8 82 20 68 1 12 4 5 40 69 36 98 81 91 50 14 50 46 82 33 14 79 96 99 3 58 33 89 53 57 34 88 85 16 86 77 71 21 25 95 95 49 8 1 21 50 27 73 3 58 61 9 37 83 1 73 41 59 71 62 55 81 37 63 0 99 28 31 98 82 30 40 13 49 75 62 5 68 75 20 
79 20 49 28 63 37 46 78 77 68 69 74 13 28 84 58 23 59 19 94 8 31 27 6 0 7 84 49 59 92 74 29 0 92 48 10 48 9 29 42 87 69 99 65 57 86 68 95 54 32 1 74 38 73 23 2 53 89 97 24 73 46 28 10 52 50 21 87 1 77 79 85 70 84 3 96 58 15 6 91 65 59 39 8 63 50 27 37 59 40 35 12 28 59 79 69 12 14 71 78 28 16 65 96 73 84 54 53 91 79 93 11 76 32 41 55 90 22 74 90 74 76 61 28 25 20 76 49 99 59 55 82 93 99 74 76 55 42 86 84 78 39 80 40 28 67 69 37 45 17 23 81 73 7 66 87 91 73 90 52 32 79 84 3 39 33 6 93 71 17 87 15 54 80 30 87 73 27 65 71 53 13 67 54 37 22 28 87 29 83 62 99 40 18 31 66 27 43 92 6 50 70 22 38 13 33 37 13 98 27 44 69 95 67 68 69 49 44 70 60 58 73 83 24 17 8 66 33 57 85 48 0 49 75 22 51 35 52 35 79 73 24 38 50 94 64 58 28 20 88 1 18 63 29 34 84 5 17 79 25 85 97 38 94 15 65 90 48 92 94 18 41 5 60 28 66 72 4 91 56 59 20 49 47 16 79 25 7 69 33 42 47 96 45 70 91 53 74 84 90 
7 72 49 87 31 17 65 17 81 77 80 9 88 98 44 50 29 15 70 58 69 46 28 52 22 87 92 23 74 89 26 61 38 18 36 99 95 43 34 87 11 43 11 24 19 69 0 23 36 84 69 86 75 20 66 53 23 45 0 85 84 65 27 59 27 24 3 80 65 31 50 25 55 18 33 1 39 32 23 17 5 43 86 20 88 62 47 51 88 78 73 97 16 65 51 63 38 69 70 26 60 68 7 73 35 54 19 43 51 81 1 71 64 32 17 78 6 13 33 45 45 92 27 65 15 48 12 23 85 18 46 6 71 20 88 7 71 28 57 82 74 50 81 99 65 4 37 85 95 97 42 10 69 35 73 90 16 10 26 3 79 68 64 77 49 50 17 96 96 96 72 39 55 73 49 67 69 22 72 68 28 88 53 69 45 54 68 64 47 64 54 64 18 50 99 90 44 11 57 55 99 16 89 20 49 58 44 56 79 29 75 42 83 37 41 65 65 5 73 63 83 94 89 62 47 43 10 85 32 30 12 80 71 16 49 28 34 92 60 10 62 31 7 28 37 55 37 83 84 4 37 10 71 21 75 3 68 37 48 74 11 51 81 82 62 36 67 51 49 92 41 23 9 8 85 95 86 25 51 1 25 30 70 8 79 14 69 80 97 44 16 58 15 5 96 88 78 88 68 7 
75 70 39 97 68 15 47 70 86 52 98 65 33 85 95 25 31 12 45 76 6 43 80 59 68 36 7 96 88 71 89 64 73 48 83 66 86 77 4 81 96 18 18 51 32 6 42 15 16 6 26 9 10 92 0 7 19 52 0 91 50 95 61 41 51 21 13 29 75 55 79 60 77 28 17 31 2 89 9 67 71 96 24 21 90 44 60 66 62 75 95 17 54 24 6 19 15 70 55 36 38 28 71 27 10 67 53 0 65 51 64 32 43 26 53 27 98 96 94 85 58 87 28 57 11 95 9 86 79 45 35 54 39 33 39 60 27 12 25 38 25 28 29 0 47 98 99 17 51 54 18 57 71 87 47 78 41 79 53 24 28 68 62 27 3 10 45 84 75 41 16 60 82 74 16 26 18 39 7 80 94 87 19 29 72 88 27 14 95 77 52 12 52 45 67 36 78 25 46 47 98 20 0 37 91 67 78 79 59 62 28 90 25 25 41 32 72 34 93 27 88 19 84 8 61 49 69 14 97 40 77 92 32 34 34 15 87 72 79 53 22 79 96 26 36 81 4 3 31 94 60 45 53 76 5 13 59 32 58 70 30 98 55 78 12 50 8 43 35 96 10 20 43 58 84 42 85 5 83 97 15 23 84 95 57 37 38 10 85 36 19 52 73 56 16 19 8 67 73 29 
15 45 39 80 32 91 49 51 64 97 59 66 87 82 87 43 79 14 48 16 85 10 76 22 38 0 83 9 23 30 90 90 94 79 0 98 64 28 77 47 53 48 52 48 62 12 7 5 78 27 73 13 54 65 32 21 4 28 66 37 24 38 16 40 1 52 18 70 52 14 5 33 7 47 3 50 48 26 68 54 9 97 17 1 79 8 23 43 6 42 76 58 14 66 54 97 23 7 55 10 20 58 23 20 34 92 12 54 76 35 90 31 57 77 61 13 59 5 54 84 0 94 29 69 81 47 57 14 7 28 73 1 89 73 68 55 58 72 61 61 10 72 42 93 79 57 31 3 29 40 80 96 23 78 78 97 58 39 63 25 46 92 62 83 88 45 67 33 47 2 33 30 51 8 77 96 54 82 26 36 26 39 42 43 35 27 35 54 49 66 33 11 9 39 60 85 96 25 55 11 43 44 35 96 58 95 84 59 48 18 50 10 2 53 81 28 32 9 64 33 58 76 62 97 44 23 55 61 33 54 47 53 73 37 57 1 59 39 79 69 88 61 90 85 22 2 31 53 12 89 9 58 73 34 19 98 90 81 92 78 86 38 44 12 4 53 0 80 19 86 70 41 86 69 9 77 90 72 55 10 35 88 40 49 47 80 23 29 42 86 24 82 49 76 29 89 98 39 37 62 
45 88 62 81 71 69 89 69 97 78 75 93 29 69 69 53 87 12 46 43 76 5 96 75 48 99 16 43 66 46 95 16 17 25 87 12 29 40 4 20 22 73 56 17 15 45 93 48 65 99 32 93 79 38 87 61 84 65 43 43 71 23 93 40 72 82 83 13 42 44 64 20 4 63 42 15 75 12 81 52 38 61 77 13 55 63 88 44 61 44 42 44 23 22 58 0 70 25 82 47 91 3 81 88 10 77 18 52 66 44 57 3 90 9 16 91 71 89 29 44 63 31 32 55 9 10 69 8 92 41 92 10 43 44 76 55 6 39 93 74 20 55 95 64 30 72 6 4 33 0 40 93 35 78 62 98 14 39 3 43 35 66 16 65 11 11 49 93 8 4 23 59 55 18 76 55 71 33 0 31 17 68 94 98 47 64 19 57 72 42 0 45 25 36 33 81 84 73 37 4 95 85 54 26 98 32 68 81 29 54 20 91 62 44 90 20 92 73 67 95 10 85 91 65 15 11 57 3 63 87 2 67 69 94 51 74 24 91 37 89 51 76 97 98 19 9 22 17 56 45 0 25 77 81 2 27 69 51 1 89 31 7 28 84 63 52 88 73 89 30 71 90 36 69 30 81 44 31 78 77 1 85 22 79 38 99 0 92 23 19 8 39 92 24 73 81 98 52 99 70 
57 4 31 62 25 18 45 23 58 43 84 54 37 85 4 70 1 73 58 61 61 22 2 75 7 61 94 39 84 96 70 65 71 73 72 57 73 9 35 60 38 73 84 40 96 80 85 31 53 65 21 0 78 93 34 93 62 88 57 31 73 56 64 49 81 3 22 8 89 31 48 63 65 25 89 32 75 7 40 18 81 23 60 52 18 13 75 91 68 94 31 28 20 39 63 26 81 49 27 99 55 58 49 72 49 10 14 43 80 85 45 57 88 56 75 47 4 81 76 55 26 21 15 32 63 39 93 83 85 34 13 75 55 26 28 30 99 82 77 83 78 91 53 23 15 63 4 89 65 24 6 72 61 16 57 6 7 72 13 15 78 35 88 62 34 76 90 53 91 26 8 65 58 0 78 86 78 21 55 25 28 65 72 84 4 98 64 84 90 74 81 13 11 25 91 27 20 48 82 81 94 95 44 57 79 77 63 85 73 16 63 58 86 24 52 91 32 86 82 39 91 36 6 89 65 89 15 20 50 5 96 80 28 82 30 96 17 18 22 26 1 7 49 22 14 90 53 62 23 48 68 79 67 17 71 45 82 76 19 64 20 50 97 6 23 84 56 46 99 63 26 83 23 56 81 71 87 98 1 36 3 49 76 46 61 36 8 81 88 3 7 8 28 53 43 60 12 13 6 13 
48 15 8 81 88 68 36 94 20 14 14 85 22 54 20 37 98 35 22 23 16 78 36 44 49 33 18 21 58 43 64 61 75 80 1 85 76 28 16 16 93 3 88 90 10 2 90 89 81 10 65 19 86 72 73 28 24 43 16 32 33 94 81 61 81 38 91 54 13 95 68 32 74 94 39 35 73 91 7 22 75 69 96 53 38 11 46 15 75 11 94 43 8 84 89 13 24 82 43 55 95 36 42 84 80 88 97 89 71 92 2 39 32 91 4 92 10 61 51 0 13 97 18 90 84 44 10 57 15 86 35 1 15 58 76 98 95 86 96 38 19 78 6 11 74 94 53 0 19 13 36 51 17 81 81 58 46 49 73 40 86 27 66 81 95 94 76 64 17 84 2 16 57 45 2 49 49 0 51 56 81 25 18 83 74 93 53 93 14 97 15 58 12 3 4 23 85 44 10 63 88 5 85 36 75 90 9 68 94 13 68 32 94 92 85 32 57 40 64 18 58 29 67 12 29 97 71 67 39 67 88 7 23 61 75 98 88 19 25 69 38 36 8 58 88 37 12 74 23 36 52 59 54 55 70 31 50 50 45 62 55 52 85 11 43 96 28 73 34 40 20 60 39 34 90 32 91 78 63 2 93 16 68 81 64 38 88 51 5 13 19 5 97 21 86 98 59 37 71 94 
50 10 94 83 41 26 14 27 7 72 12 36 93 30 50 96 25 75 93 12 89 14 33 87 87 78 59 79 13 95 87 26 46 7 83 64 64 18 62 3 9 9 2 78 85 67 20 30 6 45 91 66 46 20 92 29 96 0 66 24 45 88 87 87 64 65 18 17 60 73 75 76 93 50 38 95 22 35 38 7 43 85 82 35 72 49 62 73 28 4 63 12 98 53 10 48 95 44 68 34 97 65 84 45 6 91 36 89 46 41 95 97 56 16 86 54 3 13 39 23 26 22 0 55 8 72 85 37 85 85 1 53 75 85 79 31 42 8 7 16 33 28 35 61 1 58 2 70 74 28 56 53 38 52 55 78 34 3 44 73 59 96 87 44 53 20 2 13 96 25 21 47 94 93 81 37 19 94 11 71 65 43 73 12 6 49 43 41 31 83 80 28 86 49 79 25 98 16 46 56 37 21 37 74 56 12 82 85 74 46 60 39 85 73 21 30 70 34 32 35 20 39 33 34 16 41 35 99 19 64 24 27 63 49 63 43 5 3 50 91 84 93 94 91 65 45 24 25 48 72 50 72 87 7 78 2 83 83 7 17 60 51 89 9 60 30 80 97 11 36 48 11 93 40 4 42 15 52 24 69 23 9 2 70 27 50 7 87 62 78 6 17 96 97 84 15 93 84 90 82 
10 72 69 74 22 66 21 81 55 81 31 88 64 49 65 90 96 13 37 91 52 89 25 77 93 23 52 79 7 16 15 45 15 92 2 91 58 28 88 89 89 93 6 5 43 56 0 26 23 85 33 52 3 25 63 40 27 7 99 18 59 16 95 6 11 12 95 12 16 79 91 42 9 12 23 99 46 46 29 66 76 26 26 15 41 5 8 79 24 76 19 63 76 78 5 6 45 2 10 99 73 93 11 27 14 75 80 62 61 49 83 54 87 94 19 99 54 85 94 38 63 79 41 42 97 15 64 45 81 6 71 56 22 30 62 64 82 57 17 94 70 46 79 1 3 8 78 3 35 65 29 17 11 36 32 98 19 51 28 80 19 37 96 86 29 96 0 78 55 78 54 40 64 87 40 88 94 64 55 91 61 42 36 42 56 81 84 41 93 69 23 50 28 58 70 64 36 91 3 16 24 86 59 64 55 39 36 87 97 64 14 93 68 63 92 6 86 47 89 78 38 22 14 78 0 80 0 74 36 60 57 6 80 97 35 85 98 26 16 1 58 67 12 13 56 5 52 74 51 82 92 79 93 11 31 10 84 18 88 48 50 72 21 63 77 28 91 71 20 81 8 1 63 9 9 53 7 38 37 54 46 58 12 83 4 94 74 67 32 49 48 77 6 87 86 10 39 45 93 15 
51 15 36 51 24 85 41 20 18 89 43 25 19 20 87 48 31 10 37 89 12 74 81 40 23 94 60 20 86 3 0 48 0 75 79 33 10 50 30 98 22 43 58 20 12 23 52 48 2 54 56 1 86 79 91 21 8 32 18 61 68 68 58 58 39 49 96 76 31 31 89 97 83 69 59 26 40 17 91 87 33 89 35 58 79 30 16 98 82 79 29 33 60 90 72 62 17 52 72 32 72 78 50 99 69 48 20 59 22 57 20 93 75 26 24 37 85 40 57 86 92 91 86 65 80 48 32 64 60 54 27 34 5 2 48 6 89 47 0 97 90 82 31 25 74 22 11 28 19 77 10 17 81 68 22 18 78 72 34 49 78 90 84 27 4 77 15 24 65 50 63 72 78 15 46 25 19 87 82 93 39 7 38 3 21 41 8 92 73 50 35 65 21 85 44 83 40 94 1 25 31 0 41 34 52 87 51 10 67 76 90 84 30 72 1 98 80 54 10 93 48 34 48 12 22 75 77 83 53 53 39 60 60 64 3 94 76 12 32 65 26 13 80 27 47 16 46 87 10 17 45 59 31 34 75 87 38 12 38 2 23 14 19 96 37 40 11 1 53 64 59 21 3 23 85 62 30 76 35 31 92 26 70 91 25 71 37 16 7 30 45 1 84 43 16 56 63 38 3 27 
29 31 73 46 85 30 34 93 39 88 38 64 15 62 45 89 68 70 77 6 74 82 24 34 99 80 13 14 17 90 87 5 29 13 0 29 43 28 37 30 68 38 13 18 28 60 94 91 71 92 33 99 20 79 17 62 30 83 60 61 39 20 21 28 27 53 40 25 62 27 28 43 14 28 22 80 64 0 31 68 37 27 56 73 83 18 83 84 59 56 89 27 85 59 48 76 43 55 89 62 29 96 81 75 93 34 58 46 20 19 75 78 58 57 38 64 95 98 77 27 44 25 23 70 27 73 20 69 34 42 65 52 32 47 35 49 19 21 81 97 61 69 31 13 2 89 21 6 67 26 6 55 84 87 3 40 45 19 61 67 98 63 26 21 22 65 9 96 38 32 21 94 15 27 84 30 70 98 49 13 15 68 54 47 36 18 28 45 20 26 83 56 55 77 81 0 92 64 89 64 77 68 67 26 54 72 4 84 49 99 72 59 49 63 80 24 21 6 60 23 10 14 39 35 44 38 23 70 12 57 36 84 82 58 96 39 25 23 43 26 79 88 5 80 53 4 88 19 50 2 91 42 61 0 9 73 15 21 14 73 62 88 87 29 36 4 10 28 93 89 83 10 62 82 79 13 48 69 87 40 95 92 38 82 45 17 86 31 61 78 61 63 86 42 77 81 22 38 7 87 
29 48 49 76 64 38 81 80 77 81 60 59 78 63 40 25 53 9 79 57 90 20 18 22 40 70 33 77 70 38 19 26 12 79 6 34 96 35 36 88 60 52 78 68 6 81 84 48 15 55 55 19 8 28 97 7 59 94 74 85 62 10 58 48 48 64 63 80 86 13 94 96 80 8 60 12 23 31 15 20 75 92 21 10 43 9 67 68 78 43 34 28 57 38 37 89 12 94 43 63 11 66 11 37 64 26 2 37 75 59 97 80 44 44 19 67 43 40 52 49 40 44 72 2 31 84 46 42 75 90 87 55 12 16 18 62 68 35 73 45 73 77 77 48 70 64 88 38 74 65 3 55 93 43 99 64 73 44 83 8 39 2 43 11 50 21 41 68 14 47 47 72 13 8 79 11 66 30 60 98 70 65 44 77 80 80 13 90 12 26 96 7 1 49 69 15 87 1 25 45 53 92 56 40 2 57 9 58 89 65 0 9 33 7 92 71 65 42 10 8 17 6 29 4 79 54 25 53 99 36 48 87 34 3 12 45 89 69 77 3 86 77 60 23 9 83 46 82 24 25 18 98 98 55 48 40 56 30 10 13 38 37 13 78 84 22 79 91 44 45 25 41 86 12 1 19 74 60 23 89 38 61 38 49 7 74 33 15 3 10 49 48 30 52 25 7 82 43 75 80 
16 16 19 63 70 77 39 36 76 77 73 21 46 56 39 22 95 99 31 89 96 76 72 20 66 34 4 76 33 68 72 38 88 54 87 7 77 13 22 41 68 45 4 92 71 82 6 50 71 75 8 28 15 8 5 37 41 52 37 5 25 56 73 33 18 85 88 74 65 31 82 86 18 84 69 32 92 65 34 15 18 64 16 74 66 65 6 69 27 32 90 96 73 30 9 98 1 99 26 49 31 67 65 33 59 49 26 38 9 18 54 39 23 11 15 39 22 56 32 38 48 28 17 84 22 44 45 28 70 61 83 98 16 35 35 19 44 71 72 44 46 97 11 52 84 94 40 62 56 16 18 27 90 72 50 85 39 23 56 23 85 86 20 87 13 89 26 86 55 20 77 67 35 25 50 99 41 23 3 20 73 19 77 52 13 80 97 9 24 15 12 80 90 27 17 31 13 80 36 39 27 48 46 51 22 85 78 19 76 85 84 71 99 0 91 9 83 76 79 59 65 11 92 97 51 43 14 54 54 17 40 15 6 19 88 59 85 13 2 66 57 97 50 26 54 21 45 88 91 65 63 36 91 68 68 22 73 29 89 8 50 69 67 30 12 77 3 15 64 93 3 64 80 82 11 71 39 91 22 29 24 95 49 23 69 81 90 67 11 63 18 94 99 48 65 68 49 97 76 72 
47 54 98 87 21 33 58 78 60 78 66 17 5 68 47 5 78 53 98 31 15 94 53 4 36 64 84 55 70 51 63 5 26 13 82 65 92 43 11 94 56 17 84 23 5 40 51 99 82 47 95 70 83 51 5 58 18 40 77 93 4 12 53 9 15 51 15 21 53 71 10 76 17 53 75 91 58 13 12 32 69 39 5 58 97 25 90 36 98 15 81 50 99 44 42 24 91 17 51 41 41 3 77 3 41 48 8 19 11 4 45 25 33 96 63 19 94 6 5 87 73 38 52 62 94 66 26 44 59 53 1 54 79 17 5 73 98 30 68 75 94 35 78 91 57 27 47 12 79 13 66 8 84 27 85 53 85 51 89 9 66 26 8 54 61 23 39 78 83 95 88 30 36 30 65 16 90 34 97 21 78 68 17 72 80 96 86 76 99 97 33 3 91 2 69 4 13 63 58 79 4 71 83 66 79 66 39 62 77 93 77 10 26 54 47 56 16 88 45 26 8 29 4 43 98 53 20 8 25 17 54 40 80 50 30 46 17 80 68 45 20 87 12 29 2 58 2 36 57 77 94 18 75 46 50 50 42 51 24 9 24 29 12 51 5 37 50 36 15 83 39 46 32 42 55 3 86 99 39 41 10 84 62 32 47 94 23 89 55 6 71 75 17 81 63 38 74 11 53 29 
34 92 76 73 63 6 6 50 30 1 76 84 21 28 93 33 73 98 40 98 38 25 37 62 24 6 96 31 43 33 42 43 69 60 58 97 20 38 28 16 92 21 6 1 13 80 11 5 49 84 39 7 78 69 70 79 45 53 37 70 82 82 60 85 41 49 0 34 78 45 61 42 55 62 94 2 69 76 52 41 8 71 8 63 69 63 65 54 74 99 76 19 43 23 77 92 72 57 27 91 79 31 22 18 45 33 36 98 1 7 0 19 13 27 9 58 35 11 27 57 9 17 49 29 1 94 39 44 60 98 45 50 85 83 59 13 84 65 52 60 27 70 5 91 72 63 87 6 96 83 78 87 16 38 37 39 49 29 76 95 43 25 41 0 80 2 1 85 96 18 93 10 43 3 94 82 33 5 97 92 17 65 37 54 93 97 41 34 34 36 50 71 97 24 24 54 56 40 99 56 7 89 52 82 95 29 57 5 18 77 13 21 8 86 5 83 55 38 73 58 39 10 98 61 40 65 26 27 80 11 40 65 89 27 35 63 74 21 97 19 72 85 46 14 30 85 24 23 84 5 79 16 50 87 12 50 4 12 93 69 26 56 30 9 57 27 87 20 71 38 71 78 78 67 7 50 89 98 69 20 82 82 1 32 71 60 10 18 19 73 5 59 50 4 80 69 99 27 90 85 
57 20 23 74 79 90 69 12 39 56 36 71 92 29 89 50 59 29 24 59 87 71 34 0 98 84 17 77 12 16 39 39 93 4 6 78 58 19 50 43 65 84 16 18 3 75 65 98 46 14 29 27 4 71 73 78 20 36 58 46 28 79 47 81 15 53 80 49 83 14 76 92 30 86 28 31 42 48 45 34 59 36 79 50 22 20 46 28 58 92 92 18 19 21 41 73 97 12 44 25 98 2 55 47 21 63 97 8 57 39 76 86 35 66 99 96 53 67 76 19 87 17 91 75 99 67 11 78 2 87 70 14 58 22 30 49 48 75 12 57 42 10 15 10 26 88 83 44 10 74 95 1 47 92 19 5 28 48 65 77 59 38 0 87 25 96 35 19 63 29 56 48 18 44 45 43 75 71 27 77 73 35 89 61 42 44 76 82 83 27 33 56 90 39 16 40 48 18 70 61 99 87 28 4 92 59 17 56 85 89 15 22 10 86 27 68 34 62 70 20 64 88 75 57 89 15 75 92 62 42 84 52 48 16 14 37 19 45 51 79 99 83 25 75 53 83 53 95 83 67 80 12 65 6 85 91 15 76 76 82 1 29 36 78 51 33 54 28 80 14 49 38 56 35 60 73 70 21 2 62 21 92 42 9 75 74 70 91 58 75 74 73 7 34 75 69 26 86 46 72 
1 8 81 20 59 67 61 70 7 70 10 8 76 69 61 88 3 32 43 96 57 55 38 74 89 40 3 44 76 59 76 22 35 58 76 91 66 54 35 60 18 35 61 56 75 37 77 65 49 4 1 92 20 1 4 43 71 94 29 88 11 24 72 35 5 86 88 54 84 86 34 70 79 1 9 72 26 87 99 8 56 26 5 38 23 20 19 39 32 49 98 47 14 77 16 70 58 48 99 59 60 1 87 12 24 40 97 46 26 79 83 64 20 81 54 33 24 31 55 24 59 36 15 71 91 43 29 95 72 63 82 26 29 61 78 57 74 62 28 26 52 85 12 86 30 26 32 79 25 92 20 29 68 96 37 29 90 82 68 77 78 28 65 49 3 8 40 82 7 11 33 97 70 57 35 58 64 61 81 28 26 76 70 46 94 14 47 40 92 47 82 13 33 60 63 69 48 85 22 43 6 20 58 48 85 69 85 37 1 57 41 54 50 3 96 20 67 17 83 6 0 60 3 62 71 66 14 54 22 41 53 98 65 4 71 44 14 61 87 16 95 17 24 91 94 47 96 6 38 67 78 88 86 53 28 85 22 96 76 79 68 10 34 77 53 15 62 16 76 11 39 46 7 59 56 7 22 88 86 96 50 37 16 35 39 39 81 64 79 14 36 43 94 13 31 9 27 22 9 21 
37 98 93 6 19 53 50 4 21 88 21 70 50 80 48 97 67 82 29 42 61 94 50 50 59 37 55 64 55 37 75 89 94 12 94 38 16 85 76 89 98 99 45 77 86 50 76 32 85 58 11 39 14 54 87 62 91 70 23 12 25 80 85 95 3 63 43 81 70 59 12 29 72 53 88 15 39 21 87 31 12 51 40 29 44 7 65 55 83 49 5 84 61 21 88 18 76 7 67 85 20 20 34 54 86 74 69 94 12 20 50 43 71 58 27 19 27 70 47 91 61 59 31 45 20 50 55 83 44 84 77 79 11 79 8 6 32 69 27 80 57 73 8 29 97 71 40 32 82 21 70 54 97 77 61 77 85 46 18 53 40 50 68 21 80 41 96 86 52 40 36 96 17 30 26 27 75 21 59 3 20 88 2 93 77 47 55 17 45 29 57 11 61 66 43 79 48 17 41 56 53 5 32 22 93 60 64 26 58 79 82 54 3 27 3 6 2 53 7 47 0 32 45 39 12 10 6 98 75 41 2 16 75 45 49 46 44 41 9 6 82 96 99 98 3 39 37 42 83 33 1 35 45 17 2 38 59 41 95 55 51 71 78 20 17 58 58 17 42 19 17 76 75 65 4 73 9 63 73 40 83 84 42 85 44 52 43 39 58 74 44 52 74 75 47 34 74 99 75 5 
28 23 84 43 31 51 93 92 51 39 66 74 81 29 53 95 62 12 43 78 4 37 42 62 98 25 92 98 97 12 50 50 43 76 50 76 15 76 13 2 1 91 47 40 26 94 55 34 12 0 60 97 14 67 48 41 4 40 63 34 88 58 86 34 80 79 75 18 62 51 7 20 87 37 65 93 31 38 64 82 35 92 63 49 72 63 63 69 99 80 75 53 93 54 74 62 13 83 43 46 60 88 21 80 87 73 59 10 29 28 77 26 84 93 22 51 57 37 65 83 36 84 52 72 58 76 20 62 84 70 57 36 85 35 60 64 66 54 64 81 27 3 12 80 85 87 16 47 63 75 48 27 38 22 63 40 3 54 18 15 36 53 29 36 96 38 72 63 18 85 10 71 20 60 61 63 29 53 13 50 35 97 96 2 59 81 56 36 52 70 88 80 38 85 15 32 31 85 64 77 98 50 99 22 71 67 28 15 54 94 17 2 41 45 42 58 99 89 17 36 9 7 43 30 75 48 3 31 45 30 21 37 16 44 45 56 40 94 82 20 8 0 82 7 41 77 23 91 51 53 86 80 53 5 80 29 92 30 66 83 61 2 77 80 17 86 14 11 49 49 87 82 95 55 11 58 95 8 80 3 84 51 68 47 3 23 52 69 60 43 40 90 41 90 15 80 16 68 28 61 
70 25 74 42 51 62 23 25 2 22 98 82 74 76 38 92 33 2 50 90 5 91 33 71 92 3 76 73 12 79 10 27 3 12 15 3 21 51 90 50 55 66 32 9 30 55 84 18 2 44 24 39 57 12 10 42 51 81 17 8 12 84 81 67 53 86 64 84 71 45 16 42 10 75 3 10 36 80 61 80 95 82 22 82 35 7 72 28 23 16 94 53 38 40 93 56 0 70 51 65 77 52 11 29 96 34 85 49 24 15 19 10 11 90 4 55 36 19 17 30 74 65 81 76 48 73 61 98 95 39 39 6 14 1 43 32 70 36 13 69 90 27 78 90 81 1 12 59 58 88 92 28 55 62 45 42 92 98 47 20 42 32 25 49 35 26 39 33 51 21 9 7 21 88 58 57 23 91 55 88 47 43 84 59 49 57 16 88 74 5 97 11 68 88 62 47 17 28 9 16 78 91 77 18 77 2 60 65 6 94 6 62 11 86 21 6 55 48 72 47 83 12 83 78 67 93 41 11 57 88 68 55 54 53 29 22 73 19 61 8 50 14 33 35 11 93 34 72 30 93 43 61 66 94 2 72 2 38 65 4 45 57 79 98 6 75 37 15 37 45 37 67 47 35 34 20 69 45 48 53 99 34 32 16 70 58 64 56 51 19 24 36 34 30 64 30 27 45 91 83 
40 62 70 70 92 52 1 40 40 10 41 21 29 41 95 25 7 43 22 68 88 3 80 12 58 82 15 18 13 87 51 32 10 18 15 88 56 1 29 28 75 80 96 39 37 36 76 71 98 34 57 37 30 4 20 10 52 55 96 28 98 20 1 89 1 27 32 25 67 9 10 24 54 48 76 44 57 44 84 18 39 47 66 86 39 66 12 67 95 62 53 31 12 76 54 18 98 81 72 86 11 60 7 18 21 99 93 7 85 60 92 12 44 25 55 96 76 97 25 14 26 53 34 88 89 87 94 88 83 98 74 49 98 67 75 39 47 65 84 55 51 18 88 66 48 53 13 13 5 74 20 14 41 16 39 93 4 9 13 28 41 46 91 64 56 24 97 72 32 33 98 38 62 80 10 63 35 36 35 5 55 84 84 13 64 19 95 81 70 15 12 32 55 60 83 67 86 65 81 22 54 85 78 1 81 41 6 56 19 56 93 39 24 8 5 5 38 96 94 99 51 69 74 18 21 47 77 11 3 46 92 96 5 59 85 25 31 90 15 55 98 72 6 76 66 5 9 78 92 50 94 98 58 58 3 7 12 61 92 38 44 51 50 62 96 31 2 26 32 82 41 79 38 81 83 58 80 93 65 92 5 93 83 99 50 62 8 59 44 81 72 57 6 9 79 55 86 4 23 83 
4 35 18 46 11 31 58 73 43 39 73 67 86 41 21 77 73 88 33 24 10 48 45 83 97 89 33 26 7 0 37 95 33 99 66 67 44 60 63 83 38 75 59 98 89 95 47 43 13 67 25 77 85 54 60 82 41 25 68 44 27 67 18 35 6 26 95 85 30 49 58 29 71 84 41 83 83 52 49 76 88 54 66 6 37 2 40 30 57 55 71 45 1 95 25 95 63 3 79 1 64 9 8 90 53 71 51 95 17 13 38 73 81 9 75 53 92 90 45 15 91 2 98 71 81 32 98 8 10 27 22 5 59 52 86 58 33 90 48 88 73 15 27 94 66 35 34 98 58 29 67 6 47 37 84 16 47 14 39 63 48 95 97 68 71 41 44 35 21 35 22 12 19 3 52 2 7 21 76 83 21 16 84 17 73 28 72 95 6 10 5 14 79 97 96 19 72 43 63 18 12 24 3 61 43 65 10 65 23 19 52 87 49 43 36 48 71 73 48 8 98 62 99 70 13 74 36 46 62 60 60 47 65 54 38 2 70 90 89 8 23 0 26 96 22 0 47 31 59 63 66 73 64 36 77 66 10 56 88 12 49 34 13 12 68 11 29 99 28 65 24 41 67 88 3 63 31 62 87 17 78 63 94 81 56 15 13 56 53 12 86 41 96 55 17 27 56 93 20 98 
53 41 64 30 56 7 3 31 89 58 34 79 28 11 16 13 40 95 25 33 6 12 0 54 14 2 29 48 50 14 13 60 38 29 45 83 40 11 27 13 99 2 77 28 16 9 52 64 6 70 37 51 78 41 72 67 29 57 49 4 17 81 13 92 88 80 13 36 10 6 16 5 91 51 79 61 85 17 76 8 85 98 37 93 10 64 20 19 11 76 40 42 11 46 31 96 22 21 83 48 9 10 46 31 93 0 86 6 45 31 65 93 68 80 69 67 69 21 66 66 26 62 23 10 16 14 54 97 48 90 42 96 20 31 95 24 71 52 42 81 54 14 92 83 84 1 47 39 12 64 64 12 67 14 39 10 1 14 7 43 54 90 71 90 47 30 51 23 10 2 10 91 64 42 15 76 42 19 8 34 2 4 66 90 97 56 28 63 86 56 21 97 11 68 31 35 95 13 62 78 44 90 38 15 83 48 12 88 13 9 6 11 38 74 45 79 11 84 62 15 56 43 49 40 79 14 51 36 82 33 80 55 65 15 33 19 64 41 75 39 17 30 60 75 28 87 88 42 92 52 24 72 17 13 28 98 91 10 37 27 14 82 53 69 87 80 27 99 25 57 42 10 36 23 80 35 9 50 4 83 88 70 7 17 60 29 90 36 45 49 93 48 47 91 32 7 56 69 81 72 
38 7 44 81 43 88 64 9 55 9 2 89 5 21 8 76 52 13 64 3 0 49 42 95 64 34 52 94 40 5 91 20 87 42 91 17 34 2 30 30 16 15 44 55 60 56 0 17 94 97 89 89 54 75 31 19 4 94 50 30 67 58 92 62 92 76 78 39 28 76 35 1 79 77 31 20 85 55 48 2 69 55 23 93 20 89 65 99 75 55 78 26 3 66 46 54 43 38 43 38 30 45 49 49 61 76 57 51 9 42 49 33 0 70 36 12 70 44 0 23 98 21 88 41 48 28 38 4 7 16 86 51 17 97 96 99 59 54 21 5 56 15 53 96 13 23 40 60 70 90 20 42 3 66 33 21 47 28 93 38 8 65 73 90 41 82 12 52 20 4 13 36 88 65 20 90 63 20 34 92 15 57 13 16 55 14 93 91 62 38 32 91 59 99 8 94 25 32 49 92 27 16 93 70 88 18 68 18 74 90 75 56 64 83 34 97 93 88 35 17 13 17 77 88 58 84 59 18 37 85 69 3 78 37 45 24 93 89 18 39 13 7 50 43 73 62 82 10 52 53 22 16 81 92 79 41 39 20 23 65 6 81 27 75 84 85 29 8 10 95 81 48 74 63 45 85 44 71 16 72 59 56 93 43 21 73 34 30 89 74 64 33 43 59 59 96 63 21 83 33 
30 96 90 41 53 13 54 27 14 39 40 47 76 57 90 2 9 46 59 56 95 2 49 93 3 15 79 63 56 10 91 57 6 25 22 82 28 24 60 35 99 13 31 77 75 68 9 62 40 1 25 6 21 85 21 45 30 67 64 61 54 53 34 67 67 65 76 4 91 75 97 64 77 44 33 75 80 74 17 87 46 26 99 82 43 72 80 57 35 62 83 89 4 16 65 54 77 24 68 9 26 92 68 13 63 86 48 62 11 76 81 7 26 18 73 13 77 33 27 73 33 86 25 52 50 5 73 87 24 93 74 49 57 91 10 38 41 74 22 55 98 6 49 80 14 63 43 61 88 1 21 40 91 51 49 7 61 64 11 87 51 5 89 73 5 19 70 58 7 57 52 38 21 72 75 75 27 93 66 1 94 68 18 18 7 66 61 20 1 38 8 11 97 6 79 67 3 32 68 74 52 65 18 80 96 87 41 45 72 98 23 47 96 82 28 32 79 26 95 34 97 52 72 74 13 36 46 89 20 4 39 64 11 45 96 27 50 5 85 7 12 44 40 48 69 97 37 65 7 27 93 40 6 29 56 48 15 45 63 60 46 28 80 86 72 26 67 16 55 86 21 45 70 75 91 21 86 16 52 44 42 54 70 29 42 9 60 49 25 35 28 73 0 27 29 73 32 16 45 9 
13 39 46 26 86 5 99 8 14 92 19 81 56 97 10 64 0 96 51 44 50 73 58 34 23 88 81 41 0 66 72 21 70 92 60 52 45 51 25 4 22 98 19 70 53 16 1 87 11 71 54 5 75 45 26 52 71 43 75 66 89 58 87 30 27 99 15 43 0 65 1 70 56 96 93 32 47 85 37 51 29 53 47 94 7 73 71 7 64 68 66 78 25 98 63 50 22 53 50 49 41 0 12 73 14 37 64 82 50 74 49 6 39 1 40 6 39 66 57 71 78 69 22 40 66 87 32 7 50 71 32 62 74 82 52 71 82 26 11 82 52 13 94 65 37 66 79 86 92 3 18 34 44 84 48 41 49 50 80 67 37 17 54 3 54 78 80 97 17 35 57 41 19 71 22 65 72 45 22 99 17 11 31 68 14 33 34 64 51 44 20 56 23 91 41 1 11 62 11 30 8 30 64 56 25 66 70 55 6 73 83 99 47 19 32 35 92 4 97 43 19 48 6 84 78 91 10 12 41 46 33 78 8 24 60 44 98 87 7 1 85 98 45 7 40 12 68 14 90 11 40 61 51 70 61 62 10 76 94 88 19 84 52 39 83 60 7 44 9 28 34 19 10 15 94 75 10 30 7 99 0 98 54 53 55 62 31 96 66 96 97 97 63 20 21 74 0 86 27 13 
85 20 7 10 6 95 28 86 89 37 3 34 40 63 10 4 4 32 88 51 69 30 32 22 58 59 35 5 51 86 57 85 16 38 15 34 55 75 34 52 15 40 8 61 95 94 0 42 68 32 81 6 13 33 49 12 10 88 35 42 28 61 8 73 45 74 82 23 64 73 83 46 72 81 7 97 47 93 15 19 64 10 71 62 94 46 30 74 73 46 24 26 4 39 46 7 59 66 3 75 26 1 48 13 68 47 60 91 94 93 92 36 47 77 0 4 46 94 51 92 50 40 67 80 43 7 39 89 96 64 17 79 66 36 25 71 75 58 87 41 19 63 42 90 72 84 80 75 92 73 55 77 16 6 77 37 61 49 12 56 1 45 82 55 21 15 13 25 97 59 23 38 76 91 40 44 90 12 60 23 58 13 10 88 92 20 11 47 37 1 75 85 39 71 88 31 78 9 3 13 26 11 79 30 80 2 55 2 40 52 60 63 13 9 45 20 43 83 62 49 28 34 43 34 79 9 71 70 77 84 54 41 72 56 63 55 57 14 5 61 21 21 59 56 40 59 55 64 75 64 76 6 26 10 18 82 61 68 39 58 80 98 82 14 37 40 61 71 1 25 69 17 97 46 73 63 25 80 47 68 85 66 45 71 62 10 66 53 75 49 14 2 80 0 36 82 90 92 78 71 
56 39 93 63 60 86 41 3 62 59 61 6 22 83 7 7 95 22 98 42 31 92 96 96 21 48 38 34 84 48 42 34 40 3 11 29 9 49 76 11 7 82 75 20 71 25 62 54 89 57 30 35 38 19 13 83 4 63 47 37 12 29 14 18 4 1 17 28 92 70 31 87 7 31 62 60 19 76 10 73 63 73 76 51 50 94 72 88 67 60 20 6 5 39 76 54 10 0 74 94 56 98 55 97 87 52 41 36 89 7 52 34 31 3 32 54 4 79 48 1 9 72 18 64 48 56 38 59 32 18 92 92 60 5 66 77 12 31 13 28 48 11 95 3 31 42 48 27 88 95 83 55 13 66 70 54 74 6 25 7 22 65 53 91 33 84 55 48 81 87 47 10 86 85 48 86 47 43 81 86 22 58 34 64 20 78 87 10 77 80 59 84 75 29 72 67 82 93 1 69 85 11 71 94 62 19 75 74 30 33 39 2 12 66 2 8 54 49 28 8 22 22 8 53 88 75 24 1 18 71 46 30 83 1 92 71 79 42 68 18 59 65 73 63 43 61 45 17 69 56 86 35 68 29 77 88 4 78 66 66 76 34 24 9 74 21 67 43 1 10 25 6 81 2 39 9 54 97 33 73 64 30 17 63 10 67 38 2 71 8 32 21 64 50 91 86 63 79 14 94 
93 1 41 37 51 96 18 16 83 16 89 14 7 33 34 6 96 49 29 49 47 22 20 38 67 96 53 84 87 80 49 80 53 67 39 77 59 27 41 82 69 62 75 63 36 13 88 28 80 42 70 8 33 74 49 77 16 89 25 95 80 51 65 68 38 85 18 28 25 74 52 3 4 59 73 20 58 21 61 52 64 29 73 78 91 3 90 74 95 88 88 50 63 2 40 54 85 0 85 63 67 94 40 65 51 78 98 67 72 85 53 13 18 9 10 20 97 99 32 25 39 25 33 96 53 40 65 97 55 22 20 1 17 98 6 86 10 56 15 32 11 71 58 2 38 3 92 20 36 43 95 57 23 61 4 98 34 47 27 82 31 6 85 64 75 93 72 5 45 91 88 46 42 61 13 72 83 33 44 93 82 62 40 53 5 41 43 21 95 73 15 50 19 15 1 64 22 4 90 63 43 82 77 79 43 63 92 3 65 96 93 38 68 0 36 19 31 89 78 67 82 60 95 48 66 67 22 88 77 51 25 45 5 33 95 45 94 19 33 39 57 63 79 35 47 71 52 65 57 3 85 49 2 54 21 96 46 67 58 74 50 98 59 59 97 11 64 9 70 11 83 49 96 33 87 84 81 67 72 39 94 96 64 36 3 16 8 87 73 14 52 94 64 73 85 43 76 75 92 66 
52 55 88 69 39 39 27 97 80 65 50 22 32 77 26 42 30 18 47 51 6 26 48 53 76 90 34 1 72 63 70 76 62 77 91 92 95 13 76 45 35 8 55 38 85 33 43 24 6 23 79 85 88 58 4 68 13 53 70 42 39 19 54 30 92 91 93 43 10 90 93 86 53 66 62 0 40 12 14 11 56 58 46 25 70 15 14 95 40 15 28 27 76 15 41 81 6 47 40 36 88 44 43 80 96 67 22 99 77 81 27 51 83 28 89 77 12 17 36 55 36 35 93 24 66 97 23 35 67 86 57 29 46 47 57 74 18 95 24 27 9 36 73 67 56 20 37 99 24 32 75 2 26 20 26 95 50 71 72 79 95 37 36 27 46 42 8 59 7 43 64 52 54 33 39 54 4 96 97 38 15 19 28 66 87 37 99 22 8 21 48 5 94 57 39 93 61 26 52 24 96 26 58 31 75 93 38 49 10 60 62 14 74 77 38 6 37 22 99 80 36 1 44 18 4 78 65 53 27 3 92 61 37 76 8 36 39 99 50 21 22 65 39 2 68 5 92 25 71 48 24 84 79 42 40 46 62 70 25 61 44 18 57 86 97 24 27 20 79 59 26 69 69 14 6 85 97 5 60 51 38 52 33 88 10 19 76 89 84 61 7 32 78 33 55 53 52 49 66 51 
78 22 94 15 11 56 74 90 72 38 71 94 2 57 46 14 1 29 14 54 91 50 34 46 59 10 61 56 83 72 59 18 76 78 78 59 34 28 46 60 13 68 38 24 88 31 90 78 91 95 34 50 21 4 12 85 30 55 40 91 40 54 86 88 10 19 93 97 34 96 12 27 21 42 66 5 40 81 51 92 8 50 57 67 72 41 86 81 62 69 71 21 47 51 65 50 98 64 77 7 89 28 36 47 88 30 1 75 41 48 74 97 3 17 83 31 97 33 85 77 83 95 39 23 55 60 27 2 47 55 36 32 95 67 47 75 4 7 54 99 35 1 15 37 4 47 18 87 9 92 32 66 16 22 40 56 40 45 56 96 87 82 92 0 18 73 96 64 18 33 55 83 66 63 67 24 45 91 35 23 29 5 17 43 10 36 92 4 23 47 72 94 68 3 44 78 47 2 86 20 95 22 14 58 17 95 81 29 71 72 0 60 78 11 3 65 59 33 79 31 90 36 92 83 73 16 98 33 58 66 97 3 23 2 89 55 77 72 85 18 81 0 38 73 50 69 38 52 5 17 66 42 76 71 11 1 73 46 15 60 88 24 79 61 7 82 76 67 96 85 76 55 65 47 96 11 66 54 35 90 20 26 8 71 31 70 58 80 59 21 72 18 33 90 47 14 64 67 39 11 
90 6 72 36 81 90 62 68 66 28 94 89 42 15 21 1 42 51 66 34 32 87 87 72 52 14 27 46 98 50 40 60 91 41 2 81 97 19 83 0 2 13 46 11 35 14 91 52 33 96 67 41 81 94 53 0 95 92 92 99 27 87 79 70 97 43 66 76 30 11 84 71 33 28 29 46 84 2 28 83 44 47 81 1 99 37 75 15 93 23 19 75 10 73 47 11 80 43 44 43 14 73 17 88 47 0 23 58 37 76 68 53 29 37 14 12 47 16 28 51 72 2 97 84 37 10 95 5 43 43 80 17 62 81 21 86 92 75 48 15 63 60 13 57 50 19 97 85 70 88 54 17 59 54 90 55 88 2 52 95 28 77 50 4 61 99 32 75 88 54 2 62 55 79 80 65 92 5 15 23 30 13 2 75 76 37 67 41 33 27 68 45 36 82 31 41 8 10 82 75 82 35 42 12 41 60 63 49 17 91 10 63 39 61 20 65 17 13 43 43 39 94 46 38 68 56 43 12 96 29 38 89 44 2 42 74 79 21 23 60 10 9 83 11 2 0 65 41 80 87 48 82 82 22 27 95 58 70 42 43 70 75 20 54 36 91 45 22 25 25 55 55 35 70 47 93 18 33 19 17 20 92 33 13 76 5 41 77 60 25 48 14 11 46 67 22 25 50 12 60 
39 96 73 59 68 86 35 29 15 46 88 70 18 93 36 6 80 34 15 67 64 98 76 34 26 71 7 38 40 39 35 5 20 23 88 31 32 17 86 67 39 38 97 60 5 70 59 6 38 93 34 13 10 77 48 3 67 74 9 55 62 94 31 97 11 14 13 84 30 30 63 34 48 31 8 31 7 78 81 13 86 90 22 85 47 86 78 10 12 29 15 8 79 76 84 84 37 35 8 8 54 77 78 20 54 74 2 31 28 73 69 56 52 80 35 39 72 97 74 20 69 7 87 91 5 2 24 89 64 19 95 91 29 10 52 12 20 35 33 2 3 0 64 66 20 38 16 10 69 33 84 56 94 16 67 41 8 91 55 23 79 11 15 66 26 57 53 44 45 22 61 27 82 13 18 49 83 34 72 53 93 79 15 20 72 96 3 71 24 28 18 13 30 50 26 52 67 70 17 28 78 98 9 5 90 62 98 34 11 2 7 67 31 82 9 31 36 82 34 86 22 99 84 43 46 0 43 30 23 77 7 85 15 98 51 41 45 23 31 58 31 82 25 47 79 86 35 9 49 18 3 95 38 50 33 81 62 87 37 29 84 59 11 63 28 23 59 74 32 55 88 49 47 30 12 14 55 79 28 90 22 51 96 63 24 85 19 94 27 42 76 8 15 63 88 58 27 62 82 57 
23 37 29 58 75 82 71 10 12 80 93 45 72 14 53 76 76 2 28 40 44 63 4 18 98 77 31 24 66 86 24 84 9 31 66 70 36 73 67 64 73 60 73 58 71 65 74 44 28 64 86 74 52 61 53 87 43 80 91 66 88 31 84 83 62 77 83 32 48 99 46 46 67 49 48 61 77 82 74 85 79 94 37 33 96 94 38 23 82 0 23 90 85 31 50 45 35 83 5 35 20 87 88 8 36 66 87 80 33 95 23 89 48 60 51 23 3 97 62 26 62 31 67 71 33 43 29 45 80 58 96 91 66 77 69 85 32 33 47 27 97 21 30 90 84 40 70 21 57 23 21 45 80 13 63 4 56 99 1 81 6 4 94 9 89 41 30 5 71 14 46 22 16 21 50 78 57 3 52 70 52 17 44 30 41 59 99 26 56 31 18 65 71 21 1 93 22 92 45 90 6 86 53 90 46 16 69 61 59 50 97 44 43 11 24 38 94 64 2 64 84 91 56 86 69 78 99 12 52 43 70 87 77 72 78 88 89 19 99 6 41 62 13 76 63 5 58 71 23 20 28 36 3 49 72 96 91 83 93 13 93 68 97 1 89 9 93 7 12 4 53 97 4 12 5 7 4 66 17 63 61 54 10 2 58 28 78 22 33 61 98 94 65 22 23 26 99 17 33 43 
32 95 1 10 63 67 75 29 27 68 33 97 89 89 12 66 19 48 36 58 47 21 82 22 41 5 3 4 64 57 35 7 91 83 79 98 81 57 76 19 14 82 47 63 74 71 88 10 65 34 83 56 87 64 50 4 90 80 62 0 63 65 18 49 82 84 30 44 61 77 39 69 21 73 25 28 41 23 56 60 3 57 8 24 56 30 6 2 43 55 95 5 26 20 67 50 38 45 4 39 73 37 34 54 64 57 79 23 88 43 76 90 1 30 34 68 27 1 41 96 48 25 60 9 18 95 76 76 29 89 51 97 46 55 12 82 82 19 18 35 5 19 91 43 14 54 65 78 18 51 32 57 6 36 3 39 28 94 42 94 39 25 51 18 24 5 19 19 80 84 70 22 14 92 68 72 13 10 39 37 57 33 88 75 97 51 73 48 95 21 86 12 63 35 84 80 70 20 62 15 85 16 59 71 35 76 43 68 41 33 20 39 25 92 51 19 23 66 78 98 81 6 94 19 98 40 20 22 81 53 19 44 3 55 77 38 61 83 39 56 20 34 55 92 2 31 61 60 77 62 17 67 26 18 30 10 84 80 75 86 70 4 68 6 74 12 19 46 96 19 75 46 61 51 19 2 45 73 24 40 20 40 98 30 56 8 81 67 56 43 61 20 24 93 60 80 88 92 68 88 
29 64 63 17 92 99 49 59 60 48 50 17 43 0 70 0 21 5 47 46 32 14 44 16 32 80 54 83 82 35 11 54 0 23 35 11 70 35 21 10 19 32 99 57 47 31 82 14 97 2 41 98 33 91 78 11 85 56 38 52 80 46 48 91 44 66 94 53 62 47 24 56 22 36 62 76 20 79 44 53 53 1 73 34 29 25 60 91 4 73 75 73 40 79 69 95 17 74 16 97 66 0 63 82 3 44 23 42 86 46 83 35 83 23 58 13 98 11 97 80 61 36 92 65 4 85 71 4 97 70 20 87 64 92 21 32 51 93 65 59 73 14 50 98 79 45 44 67 78 65 54 47 5 44 29 3 65 93 37 37 97 28 98 72 29 94 5 44 54 2 7 13 84 94 84 28 37 0 65 78 65 29 71 41 70 45 21 98 44 0 27 72 7 91 85 30 86 81 23 35 81 9 55 88 78 26 26 29 54 64 62 85 49 56 69 12 3 88 25 22 71 70 29 61 81 58 42 8 43 21 94 84 14 91 72 99 27 5 15 98 42 68 80 3 83 15 25 68 35 56 67 77 51 14 99 89 14 54 71 39 13 70 72 33 47 13 32 84 96 32 5 44 13 32 89 34 95 85 33 22 40 23 34 17 66 63 25 2 14 96 94 54 3 59 70 68 77 47 12 59 
63 70 93 47 22 8 54 89 25 28 9 74 41 10 38 86 0 63 8 73 95 62 0 86 54 2 73 75 89 29 26 1 58 94 73 92 23 18 61 66 10 87 2 53 20 55 47 27 61 65 21 41 81 52 98 37 1 65 31 41 97 20 91 65 9 74 29 97 7 16 55 18 7 25 68 77 91 39 77 10 26 17 22 31 23 70 43 89 52 92 92 72 35 62 34 47 48 25 92 29 21 16 14 23 14 16 28 63 67 47 85 38 70 37 71 57 65 32 88 18 64 24 1 52 58 97 90 77 24 79 92 28 14 42 65 55 30 47 62 70 24 10 68 15 14 71 41 85 28 68 39 44 1 65 41 58 88 6 27 38 65 16 48 5 57 87 17 34 80 76 7 14 77 73 98 55 23 2 33 38 25 1 41 94 35 0 20 3 4 22 32 14 22 99 62 24 62 85 31 45 0 56 21 81 9 43 96 41 97 13 23 37 46 90 94 6 22 42 23 92 52 67 71 94 40 90 84 31 25 14 54 40 13 63 60 73 90 95 1 4 95 19 54 2 62 78 33 71 24 15 59 17 67 31 32 30 14 33 9 21 14 27 73 55 78 60 96 69 9 16 92 13 98 73 67 52 75 94 97 65 16 16 8 76 93 29 34 63 37 68 29 37 61 96 8 36 72 99 1 44 
39 7 94 78 73 92 23 82 18 95 52 30 21 9 23 56 69 90 16 16 7 94 40 96 20 53 68 64 62 80 50 43 81 28 68 26 17 65 58 64 75 45 54 79 43 15 4 24 18 98 67 57 68 9 51 42 1 49 26 97 42 12 60 41 53 73 30 24 34 95 72 51 91 93 52 18 20 83 93 16 63 43 91 33 22 57 75 17 34 89 62 38 44 33 62 90 69 16 49 2 31 1 17 69 19 60 28 14 69 21 37 45 17 39 23 46 74 73 39 69 91 99 4 8 68 65 4 69 15 14 44 14 8 32 53 0 85 51 8 47 76 46 49 54 5 12 15 54 24 86 1 71 90 43 80 16 21 20 67 41 0 44 31 39 67 40 39 38 76 24 42 62 80 71 49 65 41 50 91 13 28 33 63 18 49 99 48 53 38 78 58 5 70 61 33 89 55 75 53 98 35 45 92 71 33 79 34 86 13 50 44 65 84 25 87 52 99 84 92 59 98 10 37 25 98 60 12 4 67 43 61 55 76 3 77 3 10 67 80 63 93 97 86 85 79 40 68 59 6 23 52 3 94 17 29 18 95 68 11 69 87 99 60 94 73 77 90 96 54 85 71 37 7 90 59 74 13 79 18 36 11 17 34 74 87 84 84 55 47 26 93 87 88 82 4 75 8 50 95 69 
56 64 49 70 6 69 54 32 54 58 71 29 6 67 76 99 75 7 43 59 83 53 53 42 5 89 27 2 30 56 20 55 45 42 68 19 64 77 93 44 88 43 12 93 8 58 31 27 60 29 97 5 36 85 61 90 89 67 85 64 16 76 61 90 19 9 1 39 47 90 3 16 95 29 18 74 75 65 8 8 14 8 86 20 28 32 39 81 38 40 85 61 78 96 67 68 80 99 24 38 71 29 39 5 30 89 38 59 26 96 80 67 46 97 19 91 40 83 4 81 92 40 21 66 36 65 70 46 98 76 61 27 26 28 89 32 67 98 82 59 22 4 41 44 33 44 5 96 76 98 11 35 84 29 24 58 83 16 69 65 3 6 16 11 98 2 34 17 30 30 84 48 53 24 47 42 44 43 4 55 54 5 31 46 89 87 74 23 69 28 46 77 41 22 70 43 11 27 55 59 13 53 55 19 79 6 17 46 16 81 34 34 73 37 91 70 28 59 74 81 76 80 38 15 61 64 19 6 88 62 88 59 82 12 56 66 4 75 20 53 54 83 95 56 28 6 35 80 41 18 89 46 40 58 8 31 27 5 52 5 6 10 17 32 43 12 4 0 35 95 42 13 40 59 58 8 29 72 54 21 10 1 86 52 64 11 52 92 15 62 85 23 21 76 74 40 2 88 66 73 
35 81 94 38 98 18 73 66 17 24 43 70 43 88 49 75 22 55 13 58 37 78 29 52 47 0 83 23 78 94 32 27 50 73 77 86 47 75 1 18 0 17 65 43 46 93 96 96 13 43 35 25 52 20 6 38 5 99 66 87 3 98 34 48 94 11 33 24 93 31 82 36 56 84 59 14 7 57 48 7 69 25 27 17 85 31 14 42 19 77 35 42 23 53 14 7 50 91 13 46 8 84 52 83 9 32 64 15 32 10 76 35 78 51 45 16 17 25 91 71 18 14 68 81 66 46 73 45 15 62 93 96 96 73 90 29 52 39 67 11 14 70 35 77 11 16 69 38 45 76 11 3 7 33 94 21 55 37 37 3 68 82 12 25 38 74 74 69 69 14 14 60 5 8 61 59 35 20 0 10 85 6 85 64 4 65 47 99 4 62 50 0 11 67 58 34 13 20 53 16 69 41 70 90 36 16 9 98 5 54 99 11 25 52 31 56 58 69 42 55 92 7 37 88 5 31 50 42 81 72 95 83 0 65 29 50 4 42 90 17 53 81 23 88 42 75 43 5 88 6 74 36 54 46 19 87 52 68 49 54 30 29 74 17 36 78 54 40 28 19 68 21 25 1 88 53 67 6 5 93 6 57 48 74 92 97 53 16 41 36 29 7 19 99 68 38 17 30 71 48 
37 87 61 34 83 99 12 78 47 26 27 51 6 15 19 77 68 24 16 25 69 95 14 77 94 86 99 35 91 70 73 10 9 54 47 15 34 98 86 29 16 4 98 31 14 74 37 2 62 31 58 68 52 13 99 68 84 42 43 31 54 87 36 66 22 41 83 63 19 28 91 20 80 24 29 19 35 34 17 9 55 83 69 19 60 5 18 61 52 1 63 45 51 30 12 23 80 1 44 64 90 92 30 70 17 54 46 32 96 44 59 84 34 38 7 99 75 91 90 66 99 32 31 89 76 54 23 30 63 12 14 72 99 53 58 83 16 81 64 26 28 47 84 85 88 92 2 89 44 12 65 98 18 37 15 78 81 41 36 33 73 81 83 30 20 73 30 29 6 67 16 16 23 32 4 56 14 14 76 75 81 4 83 58 16 66 82 37 27 74 42 65 48 74 19 85 65 64 96 59 18 79 72 62 33 47 97 74 9 87 52 74 90 58 16 49 53 40 83 4 89 86 55 37 3 31 55 58 85 40 70 56 77 93 79 87 35 26 30 12 75 79 37 71 83 88 93 57 0 79 75 11 87 71 8 93 85 21 34 95 40 13 15 15 18 61 89 54 0 36 96 5 36 43 55 97 25 34 6 32 82 36 80 95 75 59 11 31 71 15 48 5 22 79 51 87 52 17 48 83 
78 45 86 58 98 42 2 85 84 76 30 66 52 52 60 61 53 98 72 29 74 0 7 72 53 83 35 75 79 90 89 45 58 95 23 39 66 11 76 55 22 83 90 89 18 74 24 51 24 4 19 91 51 26 77 62 60 36 49 65 6 21 55 89 92 60 13 96 99 29 38 15 20 18 37 61 42 5 73 86 87 3 59 78 4 11 41 87 40 32 69 43 26 50 17 8 0 67 45 40 59 33 15 32 86 23 74 18 18 38 42 41 32 94 70 78 1 78 94 91 20 75 77 15 47 9 10 74 13 31 87 98 82 6 49 53 5 61 84 63 58 16 66 74 34 76 37 29 24 67 94 7 90 60 92 82 32 30 34 43 59 29 52 86 62 19 54 95 72 26 15 15 39 79 20 95 90 46 91 58 16 42 94 73 46 27 44 68 95 27 20 34 72 24 11 81 60 96 71 70 50 51 13 16 5 41 62 9 30 10 40 97 71 40 88 63 69 82 32 49 66 67 61 80 94 95 50 39 64 76 26 40 48 92 20 90 37 42 88 77 92 98 42 48 84 87 6 23 82 36 38 38 66 76 42 42 92 73 49 6 24 98 63 38 13 53 24 0 32 62 88 36 22 99 9 95 20 20 80 2 38 68 75 77 10 58 0 58 46 92 77 33 30 53 10 85 54 63 13 79 
39 82 42 10 28 21 19 59 56 72 21 18 91 49 68 68 54 96 87 50 73 2 30 49 5 75 57 30 78 83 84 95 12 84 99 42 57 5 49 61 20 86 62 81 56 8 24 10 37 83 81 49 41 66 63 52 67 1 74 3 0 2 97 56 85 64 35 68 31 6 72 58 72 96 39 94 77 20 39 24 90 33 8 95 84 10 38 40 61 76 52 0 31 32 59 15 33 6 60 31 97 11 18 76 97 97 43 65 61 22 58 88 69 91 72 99 81 70 16 33 30 58 49 44 93 65 18 1 91 85 25 86 55 60 44 13 22 15 74 90 39 61 67 71 14 50 45 28 14 40 78 57 89 3 29 8 67 47 8 36 44 2 87 46 71 58 10 53 99 14 45 9 19 63 6 25 56 63 92 75 61 83 72 35 8 61 4 40 12 90 33 98 52 16 48 82 83 64 95 71 94 43 4 3 45 22 27 60 46 56 1 27 46 64 1 21 55 75 10 68 66 96 59 51 10 55 19 71 41 97 52 36 42 21 39 78 23 30 84 56 27 81 38 36 40 61 10 61 13 54 56 48 29 64 65 97 89 82 9 66 41 98 0 24 52 54 23 72 2 53 64 13 78 53 24 28 29 34 16 86 56 42 88 80 94 42 10 72 92 10 66 25 80 24 15 94 97 89 67 34 
38 43 6 77 17 71 20 25 70 38 7 11 59 47 20 52 41 94 66 9 75 6 20 79 14 14 94 54 90 97 8 93 78 66 4 68 38 74 18 4 15 85 30 99 81 65 96 74 32 9 54 42 41 38 38 92 6 16 53 67 27 95 39 62 72 79 70 61 73 80 61 96 7 2 9 65 89 64 26 46 17 49 47 43 3 2 12 38 77 1 33 65 71 9 76 88 79 76 93 30 51 82 30 1 24 26 49 77 91 69 28 3 85 57 84 87 93 73 63 42 87 8 42 1 62 13 61 45 17 61 87 15 4 0 29 78 42 94 29 69 50 1 96 45 36 63 33 2 45 93 28 80 46 11 46 59 32 9 36 0 30 60 4 81 61 33 81 46 69 48 68 65 58 32 52 96 97 28 19 50 57 52 70 13 12 53 13 83 86 15 28 71 9 32 41 62 73 61 93 35 26 54 30 41 12 89 64 24 15 29 31 10 54 83 98 88 7 99 77 43 71 80 45 12 74 23 31 69 88 12 5 91 48 51 16 96 97 2 30 95 22 76 39 58 27 1 10 5 60 66 92 72 92 96 8 86 80 20 32 75 36 0 22 6 89 75 62 86 97 21 88 89 32 23 24 72 44 36 1 43 67 68 43 49 28 34 42 31 5 78 28 76 47 93 35 99 64 28 76 74 
13 34 54 73 49 41 8 52 10 61 64 97 91 62 82 13 33 23 32 55 66 71 47 77 61 52 8 9 36 28 7 18 15 56 67 68 99 20 14 84 51 48 24 20 51 73 47 14 0 87 59 59 56 72 80 95 47 52 85 10 83 48 78 56 99 80 10 52 36 7 86 65 71 67 71 59 91 89 80 25 44 78 84 80 26 5 49 96 26 6 8 44 71 6 83 24 4 55 36 58 56 22 90 82 15 10 78 26 4 39 77 37 13 55 10 13 72 96 33 24 34 26 63 64 56 42 56 45 33 0 83 64 94 52 84 23 63 77 38 68 70 55 11 40 72 50 40 8 82 72 98 30 73 94 89 78 36 48 82 5 46 18 63 46 22 65 16 13 54 44 58 42 46 38 25 81 18 24 55 95 66 39 69 83 64 23 39 53 79 36 72 79 15 41 96 93 82 74 93 17 57 75 43 52 33 51 17 24 66 47 85 59 22 19 66 36 16 0 32 34 38 34 36 26 38 46 93 81 31 76 38 9 4 59 27 12 31 98 17 75 60 92 24 11 47 16 84 70 66 93 64 99 44 67 91 36 16 15 68 58 38 59 33 56 56 13 82 60 50 84 26 66 86 83 92 61 6 60 1 54 91 45 98 84 14 70 23 84 22 62 21 75 60 43 24 56 60 12 80 98 
48 72 38 67 25 52 31 58 29 0 84 40 0 17 84 89 39 40 35 5 58 64 47 11 15 67 37 88 84 14 11 91 63 84 86 79 43 71 77 29 27 19 15 73 42 4 25 65 70 84 80 45 52 72 0 85 29 80 65 90 85 74 1 17 65 58 28 23 86 7 30 30 7 49 89 16 69 9 82 3 72 84 29 97 97 89 2 16 86 97 53 79 67 24 16 29 22 22 80 8 99 58 80 83 22 13 90 60 71 93 59 60 40 76 71 75 9 64 58 67 52 56 85 29 91 21 77 72 10 74 70 87 64 55 55 36 55 48 55 83 77 92 58 7 54 51 72 29 83 71 73 51 36 49 47 85 44 54 16 74 59 61 15 13 73 88 34 66 84 47 19 52 25 40 19 87 46 64 2 10 61 75 78 43 93 9 29 29 82 95 62 45 59 46 35 35 51 41 84 59 22 59 21 14 66 44 51 66 17 90 17 41 69 60 58 89 18 31 29 98 50 17 81 50 83 3 10 23 1 76 65 13 98 26 26 42 13 23 33 79 41 66 35 50 18 1 11 11 64 4 0 42 79 37 56 42 41 55 84 82 15 66 34 47 82 46 29 78 78 17 92 5 20 93 52 68 18 78 12 33 37 47 50 11 51 96 26 19 79 74 43 70 30 84 96 24 16 91 59 97 
57 63 63 45 52 91 79 24 45 40 91 35 66 85 48 82 21 85 53 76 0 21 96 90 65 55 35 28 99 6 4 15 99 43 7 77 86 5 37 40 75 57 5 37 8 39 38 55 62 94 21 73 78 80 37 40 78 60 75 6 7 9 72 7 77 51 85 55 65 9 63 40 90 18 47 89 63 53 74 74 44 52 88 95 42 21 26 57 44 67 47 95 76 56 32 96 23 36 75 14 10 75 77 12 72 26 62 5 85 42 55 90 96 99 42 54 93 59 14 39 40 15 71 36 73 64 56 67 33 74 46 35 14 70 69 41 41 6 45 12 50 84 27 50 75 69 33 17 75 75 8 16 37 66 65 52 80 16 45 67 31 77 5 49 58 74 5 99 9 96 47 4 4 21 40 79 39 17 94 45 75 12 41 80 50 91 57 69 49 33 45 66 9 18 30 61 43 21 24 96 49 39 70 97 74 89 76 7 2 57 80 75 59 2 50 77 90 83 76 88 92 11 39 49 82 25 99 65 57 29 44 51 0 80 80 84 72 5 42 13 26 51 68 37 14 40 81 79 61 64 73 18 21 52 71 50 60 60 60 52 49 49 52 46 95 96 12 33 16 15 14 84 31 57 70 8 35 19 86 79 75 92 78 18 49 38 57 38 72 1 42 81 19 41 81 17 2 7 59 47 
76 32 44 56 45 46 44 35 45 32 74 28 1 46 45 49 93 80 4 66 68 34 98 52 62 66 89 98 62 58 62 36 97 28 38 74 26 97 77 51 69 52 20 60 56 55 24 78 69 30 45 54 41 61 5 89 89 26 9 32 66 43 67 17 99 65 9 50 45 89 37 19 46 53 29 70 45 55 68 13 35 55 80 18 49 24 61 96 77 64 87 94 64 93 47 9 34 95 92 81 48 11 3 90 65 10 31 31 42 73 28 59 30 72 82 76 26 95 21 16 56 78 30 30 53 66 59 18 82 20 36 85 61 53 49 22 34 7 18 84 35 8 1 42 75 1 96 88 43 96 69 84 79 29 24 97 72 73 31 95 28 41 39 16 87 39 92 46 34 15 58 98 25 35 12 93 89 24 88 42 84 9 54 11 53 4 25 49 7 13 76 8 13 55 58 57 87 71 50 29 90 50 82 24 35 82 39 80 46 61 54 94 41 28 60 76 52 39 69 82 1 98 57 58 73 32 40 33 57 58 67 67 91 31 92 52 99 26 51 88 40 94 93 76 64 88 85 31 51 44 25 29 13 98 71 34 64 28 89 28 65 38 99 70 92 70 5 11 55 40 56 7 57 0 4 25 1 22 85 67 20 47 36 87 58 14 59 78 24 5 15 8 13 97 74 67 62 5 62 11 
43 95 80 0 32 63 87 47 34 16 77 1 72 44 88 53 95 6 12 72 73 68 37 53 22 56 27 92 32 76 26 10 45 43 4 41 13 47 12 17 51 86 3 20 53 34 29 36 69 35 13 29 31 70 83 12 51 68 10 53 84 80 71 80 22 74 47 68 53 23 76 20 80 73 38 20 10 17 67 8 66 34 85 72 79 79 67 67 41 91 24 62 42 91 63 16 87 49 98 38 28 17 41 65 71 30 27 46 37 89 49 7 58 7 16 64 84 72 3 87 30 98 33 64 47 22 42 17 12 57 46 57 5 9 65 76 52 63 43 81 75 72 24 12 26 33 19 99 10 53 94 58 72 37 67 10 31 1 77 31 40 18 96 47 17 86 25 81 78 36 76 29 23 13 44 53 65 80 80 45 33 6 41 25 37 25 44 96 2 2 70 98 60 83 37 87 13 19 32 15 2 93 21 72 0 60 73 4 46 83 65 97 68 61 25 61 76 26 2 41 42 83 33 11 60 18 15 88 38 30 47 86 83 80 4 38 34 61 16 54 92 65 58 33 9 19 60 77 12 58 23 3 61 9 37 38 82 86 71 99 10 23 52 62 49 87 27 88 9 14 26 51 66 21 35 27 28 21 76 65 24 20 15 33 53 27 68 64 37 6 93 12 42 56 57 95 73 12 55 41 
96 44 24 40 26 81 88 71 33 67 35 17 23 20 54 67 71 35 57 62 55 89 69 54 1 81 27 54 9 54 55 57 82 10 26 25 68 28 47 57 26 90 55 70 31 68 89 68 60 13 7 40 3 70 53 58 9 30 56 14 81 61 50 99 0 8 15 39 57 7 60 1 48 0 78 67 20 47 12 77 19 13 17 10 57 45 48 65 78 34 53 51 41 67 83 77 19 76 72 80 24 17 87 24 31 28 91 66 7 12 52 66 90 30 97 1 13 9 35 87 44 81 65 35 46 48 87 24 78 96 62 85 29 42 62 65 53 54 56 82 71 80 28 36 31 33 98 43 60 43 90 91 73 17 58 21 28 90 52 49 20 79 83 95 69 97 55 70 18 84 60 46 4 72 6 70 58 32 27 47 43 33 15 17 79 32 75 97 40 23 56 11 47 51 66 68 15 28 3 96 85 95 11 93 97 8 86 16 20 47 91 39 61 58 71 16 69 33 47 23 43 22 61 41 16 14 59 79 1 60 53 85 62 62 20 55 0 60 63 95 15 39 69 17 55 8 18 58 31 96 5 2 71 6 69 54 27 5 48 84 52 67 13 5 59 32 53 96 49 46 3 61 42 9 72 81 48 15 5 62 72 26 44 21 58 71 11 66 86 79 31 53 54 35 90 49 52 92 84 29 
33 85 4 76 27 26 67 62 84 30 75 19 39 31 0 95 33 87 96 1 26 33 57 67 62 93 98 14 21 95 6 53 73 62 85 43 97 92 53 58 80 85 62 24 79 52 46 90 19 94 90 27 62 88 96 18 18 32 86 32 69 14 12 29 34 71 36 6 69 85 16 37 19 43 17 88 8 3 60 93 19 64 90 9 98 53 0 80 29 27 32 16 93 46 41 31 37 79 29 0 31 97 36 59 50 50 72 55 65 48 41 52 37 85 66 4 0 84 93 45 79 24 57 38 15 55 17 64 41 42 29 97 69 98 37 95 37 88 98 21 12 2 1 78 11 60 91 65 3 56 87 90 4 39 8 34 90 64 73 4 41 69 17 42 23 72 0 33 1 79 11 72 66 11 45 31 7 41 78 2 65 79 9 15 32 65 36 25 60 74 89 7 78 41 20 11 83 98 73 77 77 93 48 32 65 29 44 4 1 53 15 8 42 78 3 75 21 89 9 96 75 67 73 20 2 50 8 43 10 91 21 40 4 59 20 19 77 68 38 65 1 90 54 25 72 72 4 62 29 37 98 35 83 26 70 5 69 23 23 2 60 46 17 3 71 85 4 32 74 62 95 44 54 80 23 15 54 66 84 32 31 26 93 17 56 95 79 90 97 6 10 26 30 84 74 72 44 34 38 15 
15 68 13 45 97 50 26 19 56 53 34 90 97 15 24 56 88 92 40 64 5 38 19 85 5 38 94 91 17 52 51 54 83 88 90 27 74 59 46 68 56 5 3 48 70 88 83 23 87 54 51 38 44 10 69 87 54 16 9 11 44 81 43 57 22 43 33 88 55 13 98 15 28 41 39 52 98 41 55 2 42 1 76 61 37 36 73 31 97 79 38 71 73 32 95 41 25 64 86 78 14 9 2 2 96 29 7 0 86 65 12 92 23 47 29 72 96 45 23 65 82 75 29 51 65 40 56 73 42 37 43 57 93 89 29 25 46 20 84 38 5 13 75 50 62 36 21 95 79 65 34 61 88 30 36 1 2 56 11 92 55 14 80 96 56 38 10 95 22 96 14 12 85 78 69 70 74 50 2 95 67 80 32 58 10 85 88 8 94 85 70 46 41 99 69 68 7 63 31 45 54 62 81 54 59 45 34 53 23 36 87 98 84 51 88 22 80 20 54 19 12 13 71 88 76 67 0 45 31 52 70 79 17 56 41 97 89 44 6 75 62 44 38 47 75 86 85 12 8 58 90 9 18 48 99 50 32 82 24 68 22 90 23 30 91 48 43 47 37 90 80 93 28 12 85 21 31 66 92 89 43 49 97 98 7 88 3 46 30 44 74 25 83 43 17 91 83 1 24 19 
62 14 66 89 54 86 69 6 51 43 4 39 61 5 92 48 98 42 7 46 86 31 41 34 39 53 5 80 77 70 89 90 85 85 37 11 88 12 64 95 57 36 97 86 53 64 56 88 56 75 17 72 75 62 41 44 33 14 44 17 71 23 14 83 96 93 65 97 1 10 20 75 34 27 62 48 62 67 17 4 5 18 86 77 58 18 92 95 42 89 74 27 39 87 18 60 90 89 25 15 7 30 66 11 96 94 88 9 32 86 66 76 0 72 83 81 39 19 93 52 13 87 82 16 41 70 65 39 31 85 28 45 57 99 99 85 1 37 50 47 75 91 41 44 59 78 86 48 96 51 53 10 53 70 34 3 21 13 44 60 91 21 27 18 81 93 84 58 97 35 34 38 17 65 69 61 85 42 84 26 71 58 19 44 58 12 14 89 31 59 45 43 58 15 4 82 98 38 62 60 90 67 93 22 44 74 89 96 64 44 81 42 5 71 11 54 90 21 8 9 55 94 13 92 83 10 62 12 26 81 27 70 51 15 83 55 46 38 28 17 35 49 47 15 95 16 21 88 66 4 90 68 79 22 92 90 83 3 42 51 38 43 92 70 41 50 83 41 85 89 89 91 16 72 2 59 41 62 74 47 25 56 37 31 59 25 8 26 24 33 27 27 34 19 29 6 74 13 66 99 
93 46 58 11 28 42 11 98 87 68 49 42 5 77 30 76 19 4 38 85 79 76 21 38 4 19 80 14 72 33 55 53 58 56 0 81 0 92 94 11 15 56 83 27 81 49 15 39 33 47 90 70 86 66 89 21 97 83 66 82 39 56 3 44 90 7 38 60 2 85 38 6 41 70 95 23 47 24 21 81 22 49 51 56 57 72 27 75 70 82 5 12 7 62 93 50 8 29 41 2 97 51 74 19 67 66 73 35 89 30 35 90 33 71 70 64 65 68 75 5 58 86 92 51 49 40 44 2 89 83 26 87 21 36 53 92 47 5 77 31 69 19 65 1 73 59 50 9 56 21 24 35 45 11 3 67 25 24 52 31 36 1 65 71 28 9 81 15 44 52 83 77 73 30 14 81 36 28 41 90 87 64 59 16 47 30 20 23 81 18 95 43 74 20 21 32 90 23 23 93 80 66 0 76 40 46 96 7 49 42 87 13 23 95 94 57 14 50 46 17 29 72 32 64 29 81 21 76 36 70 30 47 45 65 99 41 48 85 45 92 63 33 38 55 21 53 6 52 21 79 63 37 19 15 13 73 94 31 81 45 24 26 25 41 48 92 0 55 11 61 6 7 90 57 34 42 72 37 71 63 31 76 35 33 15 56 46 31 67 25 33 33 65 48 59 99 53 17 71 34 
26 35 27 35 29 55 64 74 1 15 76 87 56 15 37 40 37 69 91 97 6 1 83 87 16 10 70 99 82 37 66 87 56 23 19 41 79 92 75 93 50 23 65 4 7 82 72 89 13 71 93 47 44 97 85 72 49 16 24 2 50 38 4 20 13 55 70 82 86 87 51 24 26 87 95 96 37 65 75 97 70 50 79 41 11 94 70 0 64 4 36 23 48 72 25 53 37 46 99 27 96 49 92 32 72 17 94 42 58 95 25 15 0 27 53 13 44 22 97 76 7 27 28 8 77 47 25 92 72 67 84 46 66 24 36 95 21 97 60 75 67 84 27 8 56 49 81 86 16 48 42 95 93 77 39 23 89 34 7 43 66 52 47 85 44 75 32 10 98 14 96 10 46 83 92 86 78 96 43 39 12 57 51 59 18 84 27 60 40 83 24 94 67 48 60 41 89 85 61 8 34 63 89 43 3 8 53 95 64 50 67 30 91 14 38 28 11 39 52 44 95 77 87 69 50 48 31 50 75 37 19 50 0 23 13 43 16 5 33 10 35 94 34 7 47 76 30 24 38 50 93 59 42 83 76 14 10 58 19 0 90 51 91 9 33 27 67 94 39 40 13 38 54 95 42 67 69 99 51 94 94 17 58 48 71 99 83 62 85 17 22 80 0 79 80 92 42 48 29 3 
85 26 81 82 89 46 59 24 65 24 20 77 55 43 44 92 52 26 79 69 68 34 19 2 51 11 48 62 19 94 82 46 39 79 85 60 75 22 77 39 47 77 86 82 57 82 23 6 39 68 39 36 81 90 42 33 16 46 8 80 30 65 39 48 6 24 28 37 88 20 84 14 58 40 69 19 27 51 93 1 48 54 75 23 95 54 55 87 73 23 40 61 41 53 45 62 39 59 45 11 18 4 75 0 50 43 93 52 47 12 28 20 67 41 24 89 57 46 84 40 6 46 47 47 34 72 93 5 88 98 17 25 36 20 95 99 62 82 83 84 59 47 31 37 34 70 14 68 9 25 50 29 86 27 87 70 32 30 13 49 25 58 58 67 20 72 32 68 14 80 82 85 18 77 93 15 28 70 74 77 56 24 84 33 40 62 23 68 74 58 76 81 86 20 30 93 86 30 14 88 2 28 17 64 30 52 38 25 12 84 54 30 93 92 70 35 18 3 23 45 82 36 56 13 68 67 0 23 11 53 85 50 10 99 9 54 74 90 90 41 11 55 63 40 13 25 22 67 75 65 98 26 88 53 73 57 21 54 10 18 96 66 96 96 18 8 97 31 15 62 25 58 10 6 48 83 4 42 7 38 5 52 66 82 52 18 0 68 74 65 7 6 51 98 34 10 24 8 36 72 
66 32 41 84 88 25 95 25 95 40 51 65 75 26 56 9 91 48 98 82 41 30 83 26 63 34 7 11 50 28 25 11 7 1 29 22 81 26 41 92 53 79 23 18 26 31 67 12 40 97 86 60 43 74 62 15 87 73 29 62 75 82 68 62 52 3 60 13 65 44 13 17 22 49 12 8 16 89 74 70 93 79 31 2 27 66 79 85 15 32 49 92 64 95 98 60 74 15 24 87 58 38 5 46 44 90 72 77 74 85 60 60 57 91 87 50 46 10 62 79 6 48 58 28 35 63 62 11 33 60 64 97 40 87 51 55 39 45 28 48 48 49 76 99 63 85 93 63 75 43 9 24 94 76 49 6 10 53 68 63 47 91 91 37 97 86 31 44 13 90 19 73 64 75 80 39 38 26 94 3 1 76 64 75 37 15 94 98 27 31 57 73 58 42 32 19 49 33 58 53 75 2 24 55 6 44 88 72 73 77 82 87 29 75 94 91 86 91 96 23 79 74 55 44 67 17 87 32 93 2 72 52 15 10 69 34 72 82 1 72 86 21 42 44 90 72 73 59 35 69 97 92 60 94 72 29 86 76 77 34 87 19 45 36 8 51 10 28 24 11 99 74 92 33 51 72 11 65 15 69 36 15 31 51 48 41 40 58 28 97 35 5 47 43 67 87 72 20 26 70 
7 9 94 4 29 61 26 36 42 49 43 18 98 2 33 62 73 16 92 28 70 55 92 35 10 90 98 11 95 15 81 49 61 29 74 98 92 72 42 1 37 93 86 20 81 96 6 25 45 17 59 35 22 20 53 91 78 82 99 94 64 95 25 6 24 51 78 27 29 62 60 82 61 84 49 20 30 69 20 87 35 45 3 81 18 0 44 58 86 24 44 54 72 58 91 55 86 91 40 95 53 40 34 27 51 9 63 17 25 57 9 50 84 32 84 30 21 55 71 85 12 68 87 28 89 32 82 78 92 69 53 89 54 59 52 7 73 8 13 93 14 25 13 82 29 35 48 47 19 79 64 60 81 44 85 55 2 4 53 8 46 13 51 90 39 71 13 4 42 97 16 71 13 28 7 63 20 66 18 61 97 72 92 43 51 14 16 96 4 36 40 55 22 72 9 96 87 11 18 7 80 79 88 72 41 83 65 1 35 11 71 34 97 77 24 8 76 85 22 81 27 3 68 50 6 3 65 86 30 38 31 84 55 41 13 90 88 6 70 22 16 4 28 48 97 92 27 1 77 84 76 33 87 28 16 55 37 4 6 62 77 14 99 61 80 73 89 59 0 37 79 83 21 38 85 92 41 39 78 55 99 97 58 27 40 14 24 24 54 64 39 65 48 26 7 7 58 54 90 47 
0 84 68 90 98 5 24 31 11 46 23 66 40 17 49 35 43 55 79 76 15 39 82 27 10 92 11 62 61 9 86 62 8 54 31 24 58 94 88 22 99 31 54 72 82 20 91 5 0 72 61 93 61 70 52 66 49 81 81 22 67 99 46 37 25 62 1 93 73 82 8 7 93 64 72 3 70 4 71 73 57 83 50 62 91 51 81 54 87 3 36 7 57 44 88 60 15 28 80 29 46 95 88 12 22 80 54 47 63 21 35 17 28 62 11 83 65 86 59 50 19 86 2 92 74 7 98 60 19 78 13 72 32 5 97 75 96 7 85 58 73 75 3 82 63 77 65 78 67 83 83 7 31 26 71 18 98 45 34 81 67 54 27 66 4 25 4 21 36 26 0 89 56 90 95 78 46 3 72 76 48 62 9 84 43 0 32 39 75 37 73 26 24 16 87 26 35 37 75 98 88 99 77 13 55 20 75 56 32 11 32 39 4 86 12 21 74 90 15 26 2 25 11 17 78 22 64 68 19 3 69 31 51 45 29 84 63 13 52 58 10 73 52 6 46 63 22 21 78 78 18 98 78 13 39 91 37 92 76 51 39 14 55 65 78 83 29 71 4 6 8 48 56 42 18 47 12 43 55 82 44 25 93 59 72 72 68 92 67 22 38 45 36 72 54 69 32 2 4 96 
82 46 30 71 21 38 27 68 60 92 66 34 36 27 64 94 70 70 95 39 42 93 61 84 14 85 82 34 75 0 66 68 89 32 67 29 26 80 36 90 98 79 15 66 43 94 93 68 77 82 26 80 11 22 31 1 92 19 40 32 76 85 92 14 1 4 4 17 20 82 44 75 4 19 91 73 6 14 84 33 65 61 29 59 92 51 48 81 25 13 2 39 18 32 96 32 85 19 30 7 28 80 57 58 21 6 32 35 69 76 7 81 11 46 55 26 75 76 30 51 91 14 13 26 81 54 88 53 52 41 37 44 29 93 73 54 13 26 36 33 35 12 96 6 40 21 31 38 90 15 8 93 25 12 64 77 92 32 97 60 72 62 0 47 89 69 3 98 45 89 30 31 87 71 95 85 43 17 51 78 26 59 7 67 42 92 20 54 32 45 4 75 23 52 8 51 60 73 30 11 64 11 86 15 88 64 82 96 37 65 62 27 56 82 69 51 26 99 79 32 92 45 30 74 93 84 95 23 60 31 66 95 2 58 61 66 79 74 1 50 37 70 78 85 21 30 66 89 93 19 86 75 26 34 76 99 94 16 82 57 2 15 74 82 17 73 15 72 93 22 66 54 91 33 57 69 13 31 1 73 29 57 63 44 85 30 66 48 5 86 99 96 89 6 49 12 33 75 8 22 
49 51 28 56 9 40 58 96 57 75 30 18 3 72 59 14 27 49 67 79 15 91 8 93 61 51 77 74 34 76 37 23 14 64 40 93 54 58 24 45 16 26 10 84 53 33 77 38 0 29 54 27 46 39 56 6 15 32 51 54 92 85 25 0 42 48 42 25 43 42 68 81 12 99 27 3 29 42 76 30 74 32 86 3 36 91 29 1 10 40 95 51 0 88 26 0 8 93 52 17 78 3 71 55 91 87 32 89 41 18 87 13 74 81 50 2 23 31 72 66 47 97 82 44 31 53 42 93 8 8 84 10 71 79 24 80 19 0 3 36 32 59 40 66 89 4 3 93 20 40 74 10 56 82 7 3 89 31 92 70 6 64 25 41 3 23 32 96 87 45 36 78 60 74 73 32 9 27 19 63 93 77 93 76 74 93 33 62 7 17 97 26 8 97 25 32 12 13 34 23 91 2 47 68 45 34 54 21 70 47 78 79 13 25 26 77 71 99 77 37 60 9 60 12 82 25 5 83 48 50 3 1 42 53 27 40 91 11 34 28 30 62 33 76 43 49 89 22 39 18 56 75 84 63 3 87 17 40 17 37 32 6 11 47 83 45 80 3 44 75 10 77 7 0 54 87 99 77 48 65 94 83 12 87 97 62 71 9 91 97 89 11 61 63 39 35 82 95 27 6 
73 81 21 28 66 80 71 74 39 50 63 12 82 82 32 48 76 93 76 13 86 21 61 67 75 30 57 30 30 51 25 6 32 15 10 23 83 44 14 57 0 68 62 95 0 60 24 94 80 90 93 16 54 68 74 17 53 17 30 17 51 66 70 76 28 16 40 46 18 27 40 2 27 43 12 48 55 86 60 10 71 37 92 50 43 55 71 81 46 56 16 68 36 33 80 12 83 7 28 0 39 52 51 12 70 1 76 6 35 59 94 43 47 78 52 97 59 93 73 22 46 97 32 39 11 33 19 22 58 66 22 2 2 6 44 32 89 80 91 3 21 8 30 67 73 26 57 0 63 12 87 29 17 66 38 5 12 72 63 24 59 8 74 5 81 55 51 97 97 43 72 41 99 63 55 87 26 2 15 46 90 31 35 0 67 54 3 82 25 63 93 50 30 81 7 47 98 12 5 35 99 65 16 84 14 83 60 78 39 64 97 69 19 10 67 5 53 91 9 34 84 47 91 61 73 1 11 53 86 62 66 39 91 40 17 4 20 28 53 80 22 26 3 40 17 5 92 8 23 47 77 53 91 63 59 45 95 5 75 90 84 39 36 28 20 46 49 83 27 19 34 23 29 50 91 86 71 3 73 25 41 2 50 98 79 69 73 80 1 29 14 19 18 25 32 0 14 24 27 94 
72 87 14 0 40 80 66 36 61 21 37 37 27 18 98 19 47 20 86 89 52 5 17 36 63 43 67 82 62 86 40 52 98 75 75 70 17 25 58 5 71 26 70 44 78 89 22 91 62 98 57 69 82 45 72 89 18 94 8 33 13 8 3 78 89 95 70 96 0 22 91 25 26 52 90 52 97 93 56 45 14 77 35 60 3 68 17 50 54 49 2 90 37 89 46 36 64 98 86 65 41 96 94 97 72 1 3 94 38 23 16 82 2 60 61 32 75 67 79 28 4 47 95 21 68 37 93 25 33 54 96 82 18 15 21 19 4 5 35 75 1 37 29 91 2 7 9 16 28 10 50 50 71 95 65 48 17 57 30 21 70 3 43 25 71 79 29 41 51 14 59 56 77 6 21 59 98 62 49 85 93 22 32 14 24 44 43 92 50 74 55 88 76 12 38 99 8 44 40 64 8 43 30 83 0 73 13 9 10 89 87 23 81 24 83 36 79 43 87 98 9 82 7 75 74 36 51 49 61 28 11 61 79 16 65 60 96 44 44 82 76 78 54 90 7 56 51 21 46 17 53 54 37 32 93 79 24 0 47 64 46 86 37 6 14 11 37 27 22 80 74 56 46 52 45 38 64 98 4 32 7 22 8 40 72 39 25 2 6 16 28 29 51 75 18 32 60 70 56 80 
18 93 12 97 75 0 81 8 80 74 17 11 79 94 86 0 33 32 97 58 67 53 53 98 45 5 53 92 30 38 81 90 86 88 1 70 55 1 8 48 95 15 42 17 89 30 11 77 92 63 49 71 69 94 99 9 15 84 86 89 96 81 56 30 83 59 29 49 26 90 61 14 52 51 4 38 28 95 73 42 97 53 2 34 34 75 61 23 17 96 62 74 67 55 20 7 37 90 93 76 42 3 2 40 54 40 27 29 29 22 88 90 80 33 36 5 95 70 15 26 13 29 70 55 10 34 96 30 80 41 31 62 38 67 97 78 19 59 61 67 93 84 54 66 83 18 74 45 18 26 3 80 84 59 81 85 28 38 62 49 39 36 98 43 3 98 72 11 96 98 24 27 90 60 9 83 34 0 93 34 6 74 49 35 84 55 10 43 82 74 8 83 93 34 94 66 60 49 62 4 54 5 69 22 81 56 13 21 37 63 63 50 30 26 27 9 57 60 8 31 80 14 65 75 43 37 84 46 4 24 81 2 14 1 88 75 78 11 49 29 83 13 68 96 11 51 74 44 36 49 64 90 8 32 58 53 46 42 20 5 81 17 40 39 62 56 42 88 83 94 92 2 67 39 96 54 27 65 19 17 6 6 79 18 63 96 25 69 15 43 88 93 52 78 37 95 44 1 39 96 
6 57 45 1 99 99 90 25 30 1 3 6 42 95 19 71 20 50 29 45 48 29 70 90 3 51 39 38 79 27 86 87 94 88 40 38 22 32 36 47 56 0 55 19 58 89 65 26 93 34 42 92 47 53 38 52 56 4 42 27 46 19 62 58 0 9 20 82 75 38 71 65 76 81 93 75 2 23 18 28 28 93 0 39 13 63 77 83 76 5 99 7 46 26 88 56 11 62 60 73 77 75 32 11 6 62 87 15 48 33 7 96 84 86 72 80 90 18 68 26 41 64 11 53 66 64 59 41 29 64 30 79 95 32 14 58 59 59 68 29 90 94 70 4 42 20 65 32 33 87 34 69 23 0 92 83 35 79 90 9 69 2 65 78 30 13 55 96 92 89 5 87 82 52 70 96 54 56 77 23 37 65 28 30 20 41 35 21 45 62 69 42 50 29 21 76 16 42 20 82 17 16 62 30 64 39 48 82 46 56 11 51 11 92 51 87 49 11 41 58 97 81 27 58 73 39 67 27 37 50 68 89 65 74 38 15 30 8 65 2 93 9 99 51 22 8 6 85 97 16 91 84 18 81 98 72 57 48 52 24 45 24 85 6 89 82 98 57 25 70 92 51 15 3 76 90 82 12 97 43 40 42 61 90 26 41 32 75 21 77 87 8 28 80 6 30 74 78 42 68 
84 76 16 82 36 70 78 73 8 21 58 29 79 21 90 35 40 34 92 32 43 81 24 68 36 43 43 27 46 4 66 6 6 99 39 34 33 99 6 82 43 36 75 86 30 1 38 27 85 99 74 18 94 66 37 95 47 67 76 1 24 83 96 20 84 79 57 22 55 10 14 3 34 16 20 44 83 71 45 42 17 31 97 34 50 17 34 92 81 0 49 72 94 85 31 79 38 19 92 94 21 39 14 78 90 1 4 87 93 0 53 24 49 87 2 80 9 13 71 99 39 33 61 6 14 17 91 3 15 9 28 86 13 57 34 49 36 45 70 64 55 6 74 31 59 18 47 77 55 52 92 93 29 65 10 74 43 20 94 16 94 27 6 95 75 90 5 0 61 45 72 61 10 53 43 14 99 87 19 10 99 65 52 28 15 42 59 2 0 1 96 22 22 4 10 26 34 92 29 63 0 96 5 96 48 60 40 40 32 25 94 74 20 82 13 73 22 50 77 31 48 35 88 12 69 92 14 64 84 21 6 14 83 81 43 24 31 63 97 60 39 92 65 44 76 99 92 56 99 98 6 52 29 25 34 83 31 0 66 87 34 80 96 55 93 16 8 64 12 72 79 19 83 72 91 51 34 64 70 59 40 95 49 97 29 70 63 25 37 38 24 23 23 64 20 9 80 26 9 48 
58 75 57 67 49 71 95 71 28 85 40 14 88 96 66 13 23 27 70 31 78 10 26 17 83 91 49 15 21 48 36 83 38 22 59 35 51 13 27 34 75 19 69 14 78 25 5 28 77 86 97 32 26 71 20 52 13 85 37 62 22 75 47 77 71 23 90 93 53 48 76 50 89 82 8 59 58 7 34 81 75 52 8 83 24 8 3 97 10 70 88 86 73 94 6 16 15 16 29 27 64 25 97 68 48 88 40 30 74 33 90 75 14 84 76 50 2 78 49 22 92 38 3 58 83 88 31 88 43 48 31 80 8 35 78 69 49 72 14 78 5 16 39 7 96 23 56 30 75 71 71 38 8 3 59 43 32 98 92 25 75 25 17 56 26 68 10 79 25 60 70 32 7 47 96 43 93 78 83 55 15 6 48 70 56 78 70 38 66 86 98 52 95 58 24 8 52 54 29 18 24 35 88 64 92 45 76 86 97 43 96 48 91 30 71 42 1 78 88 17 75 45 65 89 1 62 21 26 57 40 1 39 9 30 28 51 93 66 27 55 68 45 55 39 40 96 23 40 93 1 72 54 90 14 77 15 1 85 48 83 73 34 22 64 97 93 83 17 63 9 82 67 34 7 16 1 94 64 66 49 46 6 57 64 2 88 7 97 36 69 44 34 69 32 44 47 47 74 37 2 
78 75 38 53 73 9 95 39 58 8 54 53 53 6 76 58 29 46 53 46 61 67 19 7 89 41 31 4 2 57 57 76 49 66 43 55 65 45 17 15 97 34 89 32 91 84 21 96 50 92 28 65 77 48 53 10 75 89 30 50 72 40 44 7 55 64 68 81 20 71 82 20 80 48 77 6 33 76 86 36 4 39 61 57 54 12 49 60 77 25 59 92 67 88 4 34 60 11 46 73 73 85 20 75 43 44 53 19 53 47 74 59 65 29 28 83 57 93 40 53 3 57 55 6 22 1 88 85 33 2 79 88 11 22 65 54 55 13 55 29 59 7 81 20 0 42 41 71 48 83 29 39 58 85 18 66 14 84 78 92 90 37 24 47 89 5 14 97 87 27 40 41 17 4 44 69 67 52 64 49 33 41 36 26 42 40 32 65 42 76 62 18 66 29 99 95 33 43 39 94 44 49 77 64 36 51 78 87 33 48 68 44 66 57 63 80 91 56 85 58 64 38 13 19 93 0 22 20 80 26 49 37 16 60 30 89 44 11 97 97 34 48 1 48 53 7 52 33 71 25 85 98 72 98 27 23 47 99 48 19 16 88 12 57 41 84 37 12 28 92 76 35 81 97 55 0 17 39 44 43 47 77 63 30 36 65 34 31 57 21 94 47 69 19 6 71 67 40 21 5 
72 54 89 40 12 73 0 73 0 95 8 8 1 32 55 26 28 49 39 76 46 96 13 90 51 7 3 5 95 17 5 3 97 51 92 7 64 91 14 87 14 78 57 38 9 34 70 32 30 82 23 37 94 17 85 15 78 23 27 99 54 90 17 54 39 35 39 37 60 24 81 72 50 30 9 23 16 57 19 62 4 15 41 39 58 37 95 33 62 77 67 90 13 49 66 60 71 93 10 97 4 63 36 70 59 82 65 28 22 55 69 80 29 47 19 60 13 96 80 74 84 79 1 25 16 14 57 10 18 40 41 30 54 27 91 10 30 6 96 70 14 4 30 95 25 16 87 87 60 36 84 38 41 29 26 40 42 60 89 47 0 38 18 59 33 6 77 71 13 45 58 70 37 46 29 23 89 26 66 35 83 62 89 33 43 42 29 95 19 68 43 56 19 18 5 64 32 46 33 69 38 2 81 88 72 46 31 31 55 27 46 14 93 8 32 36 80 87 52 71 33 54 65 81 4 90 53 47 75 1 26 10 29 57 14 79 46 89 99 64 23 52 82 44 58 73 85 59 55 69 17 6 38 8 60 85 3 2 13 36 43 40 30 93 59 76 18 76 80 86 80 93 19 47 57 89 51 5 16 64 75 10 76 10 52 75 5 25 81 69 39 39 11 42 55 86 9 64 8 85 
87 10 48 38 53 69 98 5 21 61 0 51 92 84 4 9 60 65 99 86 6 29 90 78 11 35 81 9 64 31 14 87 50 6 0 50 28 70 74 74 94 45 70 35 3 6 70 36 44 16 46 59 72 84 16 45 50 85 14 99 28 35 53 0 0 11 77 50 25 12 27 53 42 83 57 65 40 46 37 1 25 74 48 85 78 96 39 61 13 20 44 96 69 19 19 93 97 64 61 49 43 61 74 36 99 69 61 43 54 39 66 41 35 62 96 70 84 87 33 74 0 11 42 49 59 70 25 45 60 10 40 1 50 69 17 2 42 42 24 14 12 93 99 5 29 48 56 61 22 30 40 97 86 40 68 95 57 42 28 21 25 65 48 57 1 83 95 85 46 30 11 5 19 1 57 24 69 86 5 16 41 50 41 74 90 53 56 42 44 62 10 45 82 39 91 60 15 81 65 38 99 14 71 33 46 2 60 0 44 37 2 37 95 9 99 28 26 93 20 92 3 54 68 87 66 61 32 42 57 3 6 96 57 8 14 5 0 19 68 10 23 65 30 72 92 90 7 0 89 56 39 91 39 65 23 53 83 57 36 50 19 53 8 56 98 19 83 82 68 10 89 96 99 16 54 24 69 81 55 20 34 83 15 82 62 65 98 38 3 72 47 15 39 43 54 52 87 6 54 34 
53 42 32 65 71 97 50 39 6 77 21 94 29 94 67 84 21 14 30 0 16 90 96 24 93 45 86 14 29 15 99 9 83 13 69 61 73 84 89 19 68 67 17 33 71 24 80 52 18 94 44 16 56 10 46 23 9 94 92 49 48 54 9 4 73 71 98 63 70 80 92 94 14 80 95 71 13 31 80 31 97 9 94 45 27 22 61 46 88 46 95 60 39 5 21 65 78 86 91 36 48 40 12 76 45 23 49 20 62 15 26 79 20 36 10 22 98 55 42 55 90 89 28 53 26 50 28 56 96 53 12 73 79 45 67 62 40 93 21 26 17 56 16 63 5 55 9 26 38 51 35 34 42 59 27 65 46 9 51 69 3 27 22 2 92 56 51 47 27 41 80 21 3 65 36 33 91 11 12 35 81 5 56 45 86 36 72 53 89 41 41 25 27 69 14 60 18 73 79 17 60 89 40 74 41 71 83 50 87 59 88 33 75 77 88 26 86 73 71 67 38 42 59 56 19 37 47 31 25 8 52 50 10 80 99 55 84 7 48 81 87 98 36 29 33 0 79 65 42 7 64 27 24 56 6 21 15 33 24 16 59 92 87 62 71 39 37 47 88 77 48 91 14 10 42 23 16 50 14 7 64 75 35 42 21 26 57 23 16 18 18 64 22 95 44 31 81 11 40 49 
49 93 72 4 81 92 57 43 29 60 20 20 72 84 61 77 69 77 40 64 54 98 39 19 99 69 93 66 91 53 29 11 33 19 19 66 51 46 56 94 53 57 5 26 52 42 84 78 12 13 34 81 74 17 99 23 57 61 82 38 52 82 13 25 68 64 96 64 24 93 99 45 56 83 11 43 92 3 61 29 53 39 49 82 25 88 49 60 70 2 97 54 32 2 94 3 62 7 88 15 80 35 28 23 59 93 93 78 38 67 79 42 17 60 81 49 83 69 80 89 8 26 38 67 27 89 6 42 61 64 98 55 24 78 18 40 20 64 82 9 48 59 35 28 92 25 77 96 53 70 8 42 70 29 2 42 4 45 18 48 28 85 3 60 10 64 0 33 16 33 98 77 6 81 16 1 40 60 6 3 76 59 78 40 17 29 8 60 9 66 78 4 52 60 52 10 82 40 15 86 16 30 97 32 97 48 14 42 66 20 46 92 29 30 94 30 94 63 64 5 95 55 35 78 11 15 46 74 79 43 21 18 79 52 47 33 23 77 59 63 1 77 82 40 40 38 35 44 70 62 95 71 37 24 51 81 45 68 31 78 98 74 39 80 72 10 54 16 60 99 41 10 33 44 46 5 52 9 14 55 55 73 43 80 83 37 34 6 89 21 96 34 11 49 63 80 75 92 80 66 
66 34 41 27 42 57 65 3 28 38 55 5 95 31 37 17 48 92 94 65 96 36 1 64 30 59 63 26 56 56 41 5 2 5 12 41 30 53 28 49 95 64 53 35 89 1 66 66 79 78 89 30 42 27 16 90 12 35 15 95 22 17 17 89 52 63 65 46 2 51 29 21 23 58 94 73 59 77 50 56 47 90 8 22 34 7 90 83 40 96 38 12 35 6 97 26 6 27 46 73 77 16 5 62 42 24 18 3 0 27 28 9 22 37 83 58 43 94 63 48 13 73 46 53 8 38 9 29 63 41 47 45 64 36 41 89 14 88 31 80 86 60 55 2 95 43 69 63 45 56 36 59 89 97 95 93 34 37 91 14 58 35 54 94 11 41 61 7 38 11 0 90 93 57 88 5 33 12 94 25 60 8 90 69 0 72 24 27 32 55 39 99 69 13 33 32 85 74 65 60 84 43 95 59 29 56 77 75 88 84 88 39 16 85 82 12 64 23 82 59 2 46 88 64 98 31 68 28 40 25 88 86 10 40 87 54 93 69 38 4 64 89 64 99 48 26 99 65 45 49 46 74 31 63 72 68 20 79 51 43 6 61 91 18 24 80 93 71 18 80 21 20 66 87 22 42 41 15 53 30 97 42 43 37 97 56 45 35 31 54 52 67 82 88 87 37 61 89 98 95 
85 34 85 9 41 55 88 96 84 2 82 44 64 93 21 95 24 40 67 86 28 55 97 24 89 62 60 24 17 26 98 48 21 58 37 83 4 2 60 85 4 27 68 6 89 34 85 89 89 6 86 3 29 50 36 25 68 40 11 28 75 40 39 26 76 26 76 87 61 49 70 22 41 98 99 42 58 2 45 69 76 11 86 70 2 15 62 28 6 27 89 0 76 58 66 59 35 6 9 58 23 60 50 94 52 6 69 8 88 22 85 7 0 86 33 87 49 49 75 83 45 27 42 97 76 73 64 92 1 35 26 38 80 16 31 2 73 68 49 4 71 77 81 61 41 17 83 30 79 97 39 71 24 3 50 57 11 2 29 92 15 24 17 82 27 9 83 12 63 89 3 53 15 81 73 28 0 38 26 70 39 85 46 51 1 36 49 37 79 92 2 5 46 75 90 69 34 54 65 94 74 87 34 46 99 97 98 37 40 12 78 3 92 85 54 79 67 93 52 2 62 87 93 33 69 32 13 76 22 72 86 61 25 31 95 15 18 90 90 20 29 44 4 25 60 77 64 26 14 51 39 43 28 71 5 80 37 83 0 22 45 53 35 80 78 47 75 26 15 46 36 18 93 52 6 73 20 58 33 50 88 56 62 58 93 62 52 92 37 56 56 34 44 9 60 98 62 51 43 81 
7 83 48 92 69 30 37 56 67 14 75 44 89 68 5 26 27 15 53 36 76 73 24 11 40 90 3 59 77 90 86 11 88 54 99 18 50 44 24 88 71 82 96 57 46 41 25 2 69 49 98 26 95 31 63 55 93 56 63 27 84 83 17 3 27 80 59 15 82 22 40 59 6 62 71 9 82 6 69 56 79 17 78 5 21 20 96 27 51 99 87 49 0 29 56 65 60 23 71 82 89 13 83 40 42 12 22 58 25 51 81 41 36 46 57 80 55 89 99 48 66 69 63 2 22 82 76 8 95 23 13 21 33 37 51 55 59 3 1 19 26 17 84 50 48 29 76 10 72 45 5 76 84 74 71 94 63 5 0 51 24 67 60 41 74 4 59 65 84 30 36 36 43 58 62 20 19 61 71 4 41 98 20 65 22 79 77 31 37 49 61 1 42 82 57 60 46 84 61 12 57 95 82 15 85 95 96 57 97 80 69 55 35 67 28 72 15 69 4 72 32 16 99 69 85 97 7 43 71 51 92 87 67 22 4 79 68 65 86 93 9 98 20 23 78 74 53 9 6 13 30 10 94 76 64 28 36 29 17 76 61 90 98 18 76 55 18 62 50 79 54 15 17 85 18 75 35 57 50 80 42 90 32 68 4 39 21 55 16 17 73 20 0 64 4 70 15 27 28 39 
71 15 67 21 95 82 65 41 61 91 39 56 54 98 58 65 66 17 4 15 79 92 59 32 20 9 78 16 21 35 83 42 7 44 6 57 28 9 14 66 49 54 49 87 81 97 66 18 85 33 73 13 15 4 20 74 38 95 11 21 11 12 80 25 43 4 91 48 14 70 93 8 26 81 39 23 0 66 19 22 86 96 55 85 67 31 91 52 3 69 69 62 5 90 44 72 4 29 95 3 11 59 80 31 56 43 15 38 93 74 44 74 9 4 73 18 45 17 34 14 27 27 31 51 30 30 30 67 62 72 85 78 50 59 31 30 50 2 63 39 12 19 93 77 87 26 32 56 46 97 90 31 94 56 71 90 33 17 4 7 6 55 22 12 21 4 77 75 13 37 19 83 79 48 80 87 26 16 90 89 26 82 82 16 27 35 99 36 18 25 97 75 72 43 72 50 42 21 86 21 61 19 80 23 63 21 99 98 48 36 13 9 39 28 22 2 66 71 59 57 91 32 3 38 43 32 35 74 70 86 36 30 25 6 26 2 99 20 77 15 82 89 94 30 26 74 85 9 48 53 37 40 46 24 31 92 85 32 27 6 98 55 92 90 63 20 59 78 94 98 16 21 29 36 80 28 60 93 45 24 8 35 4 99 2 78 76 19 92 84 61 59 99 36 78 64 31 36 46 49 
9 58 8 57 16 29 59 31 41 43 22 18 43 92 95 33 61 52 58 57 45 75 12 20 82 76 49 33 77 88 47 24 15 87 0 18 5 76 91 35 27 74 6 15 92 54 66 60 97 57 18 53 64 74 5 60 93 0 73 61 69 29 70 28 55 97 82 20 72 27 17 83 17 37 48 1 65 43 70 26 44 92 57 38 99 10 89 11 54 5 98 21 73 36 8 77 73 47 39 84 67 64 47 1 86 86 9 15 61 85 21 27 98 21 56 34 54 4 50 53 82 20 36 36 24 9 65 88 29 65 95 18 45 81 65 69 11 85 60 91 24 87 75 21 66 93 15 55 98 20 47 61 94 99 85 57 3 13 68 87 45 78 81 5 14 66 41 55 4 50 71 17 42 62 66 73 59 91 53 78 24 93 98 70 34 32 45 91 98 67 14 81 82 40 40 81 7 22 36 78 90 55 13 60 90 46 73 42 53 4 60 77 19 54 34 0 81 28 74 68 80 48 29 47 75 26 2 50 21 60 27 76 10 70 55 17 13 93 80 28 45 13 99 44 28 49 32 27 86 30 71 45 73 60 70 62 68 5 59 24 70 84 36 42 65 96 65 62 71 10 54 12 5 87 83 22 76 91 90 30 73 89 92 31 69 20 84 61 90 8 83 78 37 62 61 7 35 41 61 11 
66 80 48 40 34 35 46 88 81 2 69 41 6 75 83 11 54 67 2 58 3 85 68 64 7 56 89 21 71 28 64 28 38 90 71 89 78 15 53 4 45 84 13 76 14 14 39 41 43 22 11 57 18 63 92 98 32 69 86 56 62 51 32 17 68 71 36 58 69 70 3 64 85 60 12 67 37 78 26 89 49 21 46 29 0 82 52 71 65 33 88 40 91 88 61 13 33 83 60 4 65 4 17 71 49 12 19 34 54 15 58 49 47 78 70 8 95 34 20 61 80 43 65 74 80 39 41 74 1 5 28 16 40 37 35 90 59 27 83 2 75 66 11 95 83 2 82 57 5 76 34 91 65 21 66 77 74 23 82 6 87 26 38 95 8 49 51 9 53 68 17 52 47 23 65 39 99 8 16 42 81 41 69 6 5 8 86 77 89 19 77 96 4 46 80 90 32 87 46 50 11 24 44 90 12 3 93 53 8 36 0 72 26 29 95 92 66 15 79 75 43 83 13 70 4 89 69 11 61 34 28 79 14 59 1 53 76 67 22 7 23 69 69 99 76 88 47 78 99 90 84 20 84 44 73 44 40 97 25 43 27 55 81 27 5 44 50 70 75 74 71 88 50 70 86 26 32 53 9 56 21 35 73 2 45 31 45 29 8 84 64 75 49 43 21 11 57 64 78 16 
15 29 97 92 47 2 76 14 92 3 74 87 58 1 18 83 5 56 7 56 57 89 59 90 62 85 92 92 75 3 62 34 90 47 76 77 8 51 96 46 87 38 47 64 23 9 3 25 80 74 6 82 5 17 91 42 20 0 79 38 34 44 80 86 88 32 28 34 12 62 81 9 47 53 76 22 9 13 84 52 98 89 71 7 86 62 24 94 80 39 35 17 20 89 19 36 64 57 89 48 82 48 2 32 57 21 58 74 93 57 12 11 6 2 88 52 26 14 27 22 4 34 6 86 93 64 80 6 55 74 40 25 6 65 83 85 49 15 61 94 12 22 95 11 8 68 53 46 39 38 67 34 6 48 97 98 66 99 31 55 34 48 49 29 11 5 15 97 82 78 75 55 98 31 11 99 39 26 83 2 3 65 66 71 38 19 36 14 67 13 31 37 0 42 72 58 7 86 51 89 94 65 96 32 26 90 42 91 39 69 19 64 58 47 7 38 4 79 9 63 62 61 57 30 62 19 28 60 81 24 79 18 92 36 99 37 55 72 52 67 92 41 25 90 17 88 26 7 48 33 6 61 31 73 59 40 90 58 90 66 0 42 22 57 25 30 35 29 6 45 44 64 6 14 17 12 12 72 22 12 26 55 76 84 67 14 60 8 82 90 11 17 49 86 85 90 71 29 12 63 
7 49 79 0 26 61 48 36 72 47 71 18 56 11 87 33 8 2 31 6 83 3 48 34 95 20 6 97 91 29 88 65 50 11 61 68 53 2 66 37 35 25 73 16 25 36 3 54 50 97 95 82 53 70 48 57 15 19 46 0 7 0 83 41 22 64 1 36 99 51 91 71 33 18 66 62 11 39 34 92 6 16 39 9 43 90 73 58 57 32 82 79 60 27 9 20 42 35 68 5 92 18 97 2 32 44 53 47 53 60 39 99 47 84 57 59 37 1 45 87 62 62 45 26 36 60 24 57 51 53 86 36 0 27 48 9 55 32 98 94 42 91 11 31 80 1 0 40 28 7 30 36 20 23 25 61 89 33 27 24 26 47 48 25 55 42 89 82 65 90 3 88 22 84 13 52 63 39 73 82 19 85 28 88 35 97 12 72 82 75 76 13 13 40 72 50 29 29 84 23 37 83 67 18 65 29 55 6 8 2 51 68 30 52 37 3 95 57 79 14 46 36 39 60 75 75 33 86 55 45 37 70 95 50 79 16 53 65 60 81 62 95 84 3 92 13 16 80 6 90 78 52 14 70 31 34 70 72 89 68 59 96 60 5 40 43 16 9 75 80 1 49 99 64 39 57 95 74 66 38 55 23 69 86 49 13 4 2 88 59 77 35 4 29 51 37 0 65 5 46 
33 66 46 73 0 53 74 68 54 70 30 89 84 88 42 61 12 2 52 97 76 71 37 11 33 13 86 33 25 79 88 5 83 48 44 10 98 0 97 11 64 70 87 55 22 88 24 31 17 69 88 65 3 94 79 68 18 9 62 4 30 87 90 68 33 65 44 84 70 8 81 16 70 92 49 29 51 27 61 64 31 25 44 19 87 17 86 12 73 58 85 92 3 72 44 27 32 1 67 5 52 11 35 72 79 60 79 13 79 37 45 78 59 48 60 40 25 9 71 17 43 57 86 28 37 57 15 48 89 87 80 2 82 81 23 20 29 94 13 75 92 69 36 58 63 78 81 84 37 62 54 86 38 59 42 50 62 84 58 69 52 45 93 31 4 45 61 50 34 50 11 5 2 11 14 82 47 83 54 78 37 90 25 1 12 86 25 26 30 69 49 47 60 14 4 71 64 62 34 88 32 76 21 7 40 15 65 27 42 85 61 38 59 95 94 77 72 4 34 12 91 45 66 64 90 27 6 99 41 85 97 33 89 12 83 91 59 94 90 99 17 73 33 15 55 87 8 98 54 29 35 95 94 0 25 89 89 27 21 97 94 93 13 40 93 16 76 73 8 57 60 97 66 29 72 7 41 34 28 79 30 19 89 96 72 40 52 22 78 6 76 89 32 68 56 63 23 95 80 67 
97 65 6 44 25 37 83 48 14 90 93 58 12 16 75 54 78 78 77 94 5 26 8 56 78 81 85 9 9 60 28 83 26 82 91 52 36 31 53 64 22 13 51 52 47 78 53 44 53 7 65 30 52 45 51 46 84 49 26 32 64 83 51 48 10 63 68 74 11 54 61 71 21 12 55 88 96 57 23 99 90 3 26 11 49 22 95 90 36 36 98 78 92 47 83 62 58 72 10 1 48 99 19 22 11 25 13 67 34 73 46 1 96 90 41 81 96 47 61 95 18 40 81 2 2 90 86 14 43 69 91 59 79 35 12 8 99 83 6 12 71 10 41 83 20 77 14 38 67 76 19 44 70 63 63 81 4 60 72 22 88 91 7 63 6 44 81 58 82 40 34 30 57 14 62 10 62 17 80 49 77 8 52 57 21 73 54 21 46 87 17 73 52 37 96 8 57 62 0 42 52 11 56 16 55 8 26 62 28 12 20 51 81 80 41 38 85 26 63 13 19 23 56 61 92 48 74 92 53 30 87 80 64 96 25 98 57 14 53 56 58 49 13 32 60 62 21 29 70 76 80 98 7 17 9 66 12 67 76 19 26 20 2 11 55 64 49 30 80 29 67 49 86 94 62 83 62 80 3 24 30 41 81 23 13 34 68 75 7 7 8 28 88 95 11 40 45 0 96 30 
20 58 47 61 54 41 85 56 70 87 76 91 95 60 34 58 99 74 79 25 0 7 64 99 40 22 78 14 83 80 6 72 73 56 25 21 28 49 37 32 9 55 44 75 1 33 67 7 66 33 27 6 39 6 87 9 49 38 35 31 85 3 22 27 47 99 66 46 88 74 6 54 71 65 25 44 41 97 19 43 35 70 10 67 53 9 99 95 89 7 21 63 50 18 72 72 70 97 84 35 3 1 2 48 2 90 69 25 47 71 75 19 71 7 66 85 56 56 45 19 31 11 73 7 94 86 73 97 71 25 50 35 5 39 97 57 26 95 59 43 6 8 27 78 80 68 61 58 99 49 63 64 22 3 33 96 76 3 9 42 18 60 79 22 74 98 70 42 37 92 99 42 96 69 45 12 63 12 72 84 64 45 19 59 71 18 93 41 95 93 73 24 13 76 48 55 35 28 99 58 52 99 76 6 52 96 86 72 88 5 83 98 59 79 54 59 3 68 25 59 79 92 73 23 24 33 91 30 67 39 31 52 29 92 94 3 95 6 33 12 19 62 47 43 96 60 89 57 27 38 61 35 66 29 15 37 10 68 29 45 77 54 75 99 8 83 67 15 85 53 48 7 66 90 57 70 45 94 30 69 82 56 6 36 13 14 83 72 60 27 31 15 69 41 49 79 30 49 46 87 
62 64 90 71 74 45 19 43 58 73 6 82 45 91 11 38 72 10 20 29 47 87 72 55 22 59 50 91 98 97 95 42 75 65 61 94 65 10 21 98 98 86 7 66 33 28 5 50 67 32 40 28 80 86 29 23 54 87 28 8 11 92 88 71 43 92 55 68 46 21 38 11 86 39 65 28 73 52 14 41 21 85 60 48 87 0 91 19 13 82 77 43 40 2 32 28 10 22 23 91 34 66 15 42 34 51 46 98 57 56 56 30 44 58 86 36 86 18 89 65 42 27 5 23 22 97 75 71 68 21 98 19 35 46 94 91 68 48 98 89 49 34 13 7 36 59 69 9 65 39 28 58 71 71 63 2 5 51 57 97 7 53 77 65 45 28 41 73 44 36 35 68 93 33 93 52 67 66 8 5 14 15 46 24 52 75 32 23 7 77 54 81 50 64 74 93 84 94 4 19 48 93 21 55 12 67 47 41 45 28 53 21 98 18 9 68 25 45 14 36 8 33 12 70 80 94 2 25 46 98 78 44 99 55 50 99 23 16 71 0 27 48 32 51 72 72 69 55 28 49 14 20 28 5 12 21 55 43 84 26 10 43 75 68 90 64 23 30 87 72 62 72 88 87 82 14 84 37 77 55 70 73 91 37 13 17 10 5 84 97 91 73 89 50 61 48 12 80 27 38 
56 34 86 66 4 90 77 91 40 55 3 47 80 20 79 62 8 78 83 34 78 18 80 25 14 37 76 91 11 3 63 43 85 84 10 19 8 31 49 9 21 67 78 47 61 5 58 5 0 81 34 3 46 71 93 35 27 65 48 54 57 44 45 71 5 15 56 52 46 11 81 78 74 88 52 21 96 87 23 58 79 25 91 69 3 99 53 2 51 42 78 19 52 91 94 80 41 85 22 84 14 43 80 72 3 23 89 57 55 28 94 36 30 66 85 81 50 16 83 81 75 41 43 66 91 63 63 88 67 98 95 59 45 55 13 54 78 23 62 63 98 56 44 83 34 67 61 41 64 58 86 78 14 66 72 86 40 86 64 30 74 99 47 66 38 45 36 18 53 65 43 15 50 74 40 34 47 64 6 36 90 57 58 96 21 78 48 12 37 8 54 61 82 94 64 93 68 16 58 96 79 7 48 50 3 44 94 8 1 82 52 33 92 84 96 71 83 16 58 77 45 87 97 42 13 80 97 84 63 6 26 67 94 23 22 39 44 17 84 50 76 3 92 97 43 33 55 31 89 25 60 47 83 78 8 90 66 43 3 67 11 47 47 24 97 6 93 6 78 71 37 28 89 46 9 89 84 21 65 37 28 9 0 74 31 36 64 31 10 50 60 43 51 37 2 62 51 96 68 38 
70 93 82 68 56 12 78 84 14 21 96 75 55 87 72 7 56 97 61 87 53 69 41 87 52 46 48 64 27 9 14 5 63 88 84 87 39 19 95 34 60 64 84 19 30 54 16 8 53 48 41 99 89 68 45 27 23 71 0 35 13 2 22 13 28 12 81 98 95 30 44 60 98 61 71 54 20 96 74 29 19 37 28 6 91 31 22 90 62 97 34 64 6 31 35 97 18 88 87 97 55 53 16 7 76 55 44 69 89 23 2 59 13 3 58 93 28 66 57 41 47 38 63 3 63 45 73 36 87 81 26 81 31 62 14 31 20 61 34 43 61 12 30 81 50 79 7 82 62 92 76 20 42 96 45 43 12 99 74 86 55 37 4 18 36 1 40 68 13 25 88 31 20 41 53 3 12 37 9 57 35 28 70 57 36 64 34 54 64 27 37 30 29 37 52 26 42 52 51 25 81 56 29 41 23 5 47 51 5 9 62 53 91 9 62 39 64 14 48 39 11 11 57 57 5 13 42 28 67 98 69 43 99 22 86 94 26 35 59 55 4 35 10 24 37 2 82 42 93 12 35 40 88 98 17 97 1 44 68 91 32 8 12 65 18 48 41 12 56 96 88 17 94 54 17 81 17 62 65 70 15 3 57 23 61 82 36 20 84 47 75 78 90 85 19 24 35 2 65 84 
78 87 26 72 34 21 24 35 48 78 23 85 31 28 42 54 22 40 57 36 27 33 7 90 33 77 8 91 28 79 45 46 54 14 35 33 95 31 28 12 2 78 71 66 51 31 75 16 20 88 61 94 0 16 95 11 4 58 27 52 35 30 21 27 75 31 30 28 60 87 0 78 72 39 70 97 74 1 14 56 96 3 46 24 70 59 12 19 16 5 53 80 67 59 41 95 75 79 97 31 89 34 82 27 11 10 91 52 31 28 45 14 86 24 94 82 25 34 68 2 14 88 97 62 44 18 76 6 54 72 22 44 9 11 95 56 29 64 58 70 46 15 45 81 23 55 6 16 3 1 64 66 38 56 46 33 10 45 65 20 91 7 95 3 16 11 28 89 28 63 49 55 57 32 75 72 69 44 34 83 89 57 43 47 69 72 19 32 56 25 36 4 93 66 77 71 88 20 18 25 71 14 24 65 89 8 19 9 70 19 78 55 53 30 7 32 68 48 78 95 16 9 72 64 41 46 99 52 99 54 30 33 40 92 29 77 7 93 65 2 2 98 0 62 52 57 18 59 84 72 0 66 24 74 22 46 0 43 33 72 10 20 74 51 78 10 60 60 43 70 89 50 1 13 4 94 70 69 1 6 19 61 40 33 7 54 75 95 81 38 7 2 25 29 69 64 56 92 5 22 
31 36 15 36 78 48 1 22 14 45 9 45 72 31 64 66 2 43 72 52 11 45 13 43 62 58 70 99 81 25 15 25 67 22 14 66 92 67 1 57 45 30 27 16 35 99 57 29 91 49 71 13 11 5 1 16 96 3 63 30 3 39 45 77 37 96 21 45 88 30 47 40 98 23 36 17 13 27 33 46 71 63 64 99 30 35 31 88 79 8 45 75 17 46 75 20 82 78 83 95 43 10 80 78 91 76 0 90 11 0 1 93 11 99 35 57 21 42 55 26 60 95 91 57 90 34 85 42 94 25 13 12 82 72 25 95 35 86 6 1 74 61 91 29 45 4 91 11 75 10 96 95 10 68 41 82 89 79 10 13 22 88 61 87 23 59 37 97 71 90 16 29 21 79 46 82 13 65 49 56 22 53 89 6 36 53 20 25 70 25 9 47 90 48 56 19 83 56 35 33 63 3 39 93 27 3 39 25 70 14 6 99 53 38 93 86 74 27 38 93 7 66 4 5 53 25 54 34 57 15 73 36 3 43 50 11 74 44 69 82 2 69 64 98 50 73 21 5 2 21 48 46 34 42 2 98 58 40 89 18 92 81 30 82 31 41 82 59 52 79 87 93 28 3 0 37 20 86 88 42 73 41 20 46 2 17 91 27 4 22 89 10 68 97 80 91 73 42 47 75 
5 26 95 80 25 3 65 17 81 58 87 47 54 24 2 99 58 67 18 51 4 79 87 54 12 79 65 61 5 68 29 99 54 69 20 5 70 49 38 32 54 13 66 11 96 69 46 87 47 89 46 37 24 73 86 71 9 15 56 35 68 76 40 54 35 53 41 26 92 83 52 58 78 82 53 68 49 56 25 13 9 13 92 36 85 40 35 95 37 53 30 47 0 17 26 86 52 22 85 51 59 81 22 53 65 90 60 92 49 97 28 23 87 81 43 31 62 42 43 12 17 0 16 37 81 91 8 80 30 22 49 69 78 90 39 42 88 93 43 25 47 21 24 80 84 48 12 9 59 63 69 0 43 34 86 99 67 44 73 96 38 6 3 37 78 96 87 93 77 98 84 2 92 24 44 57 9 29 11 8 75 93 71 44 5 5 9 39 95 69 30 5 16 65 75 86 72 7 85 78 19 99 44 70 63 51 23 91 27 63 64 10 50 31 87 90 64 74 26 92 69 72 96 90 34 12 15 53 44 99 92 31 74 0 66 4 81 54 18 2 35 12 46 81 32 83 84 78 59 2 11 50 80 7 26 52 75 65 3 15 63 82 3 63 38 50 25 59 15 24 22 24 49 2 24 90 45 24 99 45 61 48 70 95 20 38 90 37 94 53 86 44 96 48 73 29 80 3 94 27 
87 0 0 32 56 62 89 22 1 14 98 41 59 82 53 75 73 89 63 82 10 52 44 77 89 46 80 63 4 67 60 7 46 4 72 8 78 6 28 50 77 46 85 34 86 19 4 95 93 8 34 55 39 70 97 71 96 37 47 39 39 9 98 47 41 69 85 69 21 54 43 82 56 78 74 41 15 16 7 17 0 7 52 46 23 41 44 67 78 22 21 45 80 40 39 94 79 70 10 97 89 83 24 35 69 67 82 46 63 34 97 23 79 70 89 17 2 37 28 70 71 77 44 24 88 18 79 20 8 89 40 33 93 68 58 9 40 13 40 37 57 80 46 42 75 61 45 3 5 44 36 12 79 96 70 76 70 40 78 41 60 55 32 20 16 33 72 21 79 33 20 82 70 89 42 45 1 58 47 48 38 62 77 17 49 89 20 42 70 54 47 99 41 46 27 21 14 92 71 88 8 90 70 48 48 34 50 80 85 64 67 70 3 35 19 67 37 74 85 58 41 16 22 17 27 74 42 41 21 5 68 51 49 20 88 76 58 81 8 61 44 18 96 1 23 19 30 29 22 78 4 94 6 66 9 13 60 98 27 83 43 26 27 42 2 66 35 12 16 11 59 98 9 64 61 61 44 11 18 7 37 80 34 94 69 21 52 80 3 7 25 75 78 87 25 32 12 39 71 68 
11 89 17 35 75 89 8 91 64 3 22 89 22 92 89 2 72 11 14 42 22 93 4 64 28 98 34 46 60 49 80 83 76 72 49 52 7 58 63 52 89 58 8 23 8 39 39 47 51 65 44 68 86 12 1 53 78 93 76 43 15 27 64 4 92 89 30 18 43 34 63 56 74 89 86 34 16 59 23 54 61 17 40 70 8 12 47 58 98 44 33 19 5 38 29 4 40 4 10 87 19 10 37 21 62 17 7 70 45 43 39 58 94 80 86 54 50 45 1 42 70 74 47 16 34 76 47 85 69 95 73 52 8 69 62 93 84 35 65 61 38 50 15 75 61 18 8 33 11 43 62 52 52 90 49 31 10 58 14 9 88 33 8 35 87 6 58 54 70 93 80 90 23 6 66 38 34 77 7 23 85 89 57 56 5 18 29 50 10 84 59 4 13 36 4 65 79 88 10 43 65 33 18 48 15 18 73 70 14 50 3 8 70 30 30 82 15 72 19 89 83 89 90 26 22 94 75 77 8 7 63 51 34 66 32 59 89 20 3 35 14 22 47 80 7 84 22 67 85 29 70 26 80 91 63 45 30 75 98 87 9 59 37 70 0 90 65 81 90 37 59 47 17 30 16 0 89 1 4 82 65 5 34 74 17 39 5 69 1 83 42 23 8 59 65 83 95 41 47 62 
47 44 30 19 64 19 68 35 52 81 33 62 43 63 62 51 47 96 72 81 33 18 95 45 99 15 22 71 52 47 22 18 44 14 16 75 99 26 10 31 7 45 46 36 11 37 8 93 37 39 61 27 42 19 90 15 94 2 67 73 63 40 39 44 82 13 4 53 88 12 3 98 89 3 77 43 21 26 13 92 84 72 45 72 81 63 66 80 74 47 62 97 60 98 22 37 97 31 27 27 66 92 97 18 68 36 56 72 21 47 12 89 81 74 55 21 57 24 94 16 96 76 33 85 30 21 72 14 3 98 22 17 44 74 53 18 90 60 73 5 25 58 88 90 55 17 49 50 15 28 16 24 15 82 87 84 53 56 36 61 59 84 89 83 29 73 85 70 87 1 85 76 37 5 36 45 30 19 46 79 81 81 82 0 36 55 67 51 13 6 29 3 28 35 83 40 12 89 57 21 26 22 78 68 12 96 86 83 5 84 53 92 79 99 90 33 55 48 62 26 56 70 35 79 7 52 95 78 52 46 25 28 93 6 56 12 82 79 91 54 23 20 92 34 84 20 74 82 9 43 38 17 52 59 11 86 96 89 76 5 97 48 47 42 58 6 0 19 63 73 47 32 71 32 73 88 30 71 87 87 71 96 20 81 46 68 95 77 24 48 46 95 17 93 48 2 15 72 1 81 
98 96 21 68 8 73 16 6 95 9 89 1 26 76 11 68 32 77 20 94 80 35 52 86 54 96 69 69 39 52 1 60 64 3 1 20 17 82 70 61 67 75 92 34 55 98 89 92 52 70 87 19 50 67 79 37 29 50 48 80 98 59 8 69 84 13 27 90 76 54 48 42 59 24 8 30 85 10 92 79 48 17 82 86 35 29 93 75 10 80 15 81 43 20 48 64 26 24 19 59 93 78 78 11 14 16 11 19 47 42 40 7 99 8 61 77 83 22 58 6 44 31 18 68 56 89 86 97 11 68 55 44 92 36 81 10 90 17 85 63 1 46 27 57 34 5 98 10 41 53 48 56 43 67 20 76 47 80 46 84 68 9 57 10 61 43 5 24 24 65 42 66 65 88 55 2 93 85 21 63 80 53 15 23 13 4 52 56 45 73 31 45 27 91 23 27 48 72 57 83 73 17 89 52 11 95 55 92 87 43 53 45 92 55 20 48 24 92 79 5 21 19 56 7 40 85 45 57 71 35 83 30 59 7 18 55 20 51 77 80 76 2 7 47 26 1 65 33 63 73 21 68 2 0 58 42 79 23 54 36 56 25 93 74 48 39 82 75 80 58 48 21 1 38 35 66 82 57 7 59 3 68 36 82 75 41 98 84 92 83 20 49 56 24 1 60 38 98 32 34 
8 69 9 56 82 32 5 45 97 0 56 33 87 95 99 22 9 59 92 86 43 67 97 73 15 59 42 17 88 73 78 62 23 36 65 72 61 17 77 40 75 32 79 46 45 71 31 19 83 52 54 85 79 68 8 12 56 14 82 66 66 78 72 44 71 47 86 36 53 55 46 89 70 74 8 10 4 47 46 37 14 7 48 82 71 27 93 9 45 18 24 62 3 37 30 69 45 5 98 98 59 87 72 70 68 51 77 48 30 64 30 32 17 90 97 28 31 87 89 77 5 34 10 66 50 63 40 73 25 12 48 96 45 8 31 13 97 6 67 45 25 42 63 33 17 41 42 53 26 79 37 2 51 67 87 27 16 38 56 94 27 72 51 19 82 38 41 13 9 68 1 76 74 35 15 81 38 58 94 37 32 41 0 32 49 85 35 87 73 84 12 56 16 55 58 73 51 19 53 61 78 70 71 84 97 24 47 60 97 17 88 14 95 87 63 8 83 20 5 27 52 2 71 5 76 34 63 72 38 78 42 16 67 89 42 23 8 68 42 67 85 94 28 25 29 92 85 96 17 43 55 74 49 75 57 28 25 98 39 91 81 7 25 39 96 15 20 22 18 82 40 99 57 22 78 23 38 6 29 49 63 84 85 97 1 22 57 86 32 21 0 67 70 37 61 50 70 78 68 23 
22 1 97 7 21 48 66 42 11 78 67 43 11 72 16 10 70 22 13 23 37 43 4 13 40 67 69 89 99 33 89 87 47 94 46 78 58 60 55 27 21 97 55 53 33 58 71 49 24 29 81 26 39 85 93 86 21 23 68 91 53 88 85 12 89 90 9 20 92 75 24 22 45 97 81 39 63 26 49 58 99 7 57 29 71 42 76 54 15 14 61 77 11 93 96 99 18 29 75 63 56 71 18 19 42 87 96 61 82 95 45 51 31 0 90 60 87 81 95 56 1 94 14 68 12 67 5 26 55 26 33 14 34 31 46 22 65 22 26 56 65 47 8 53 27 8 45 99 51 16 67 92 76 1 2 72 52 45 97 15 40 63 17 22 94 83 87 76 18 71 39 52 49 92 83 36 53 20 62 50 38 63 52 33 22 26 88 68 90 86 26 83 99 12 22 91 5 76 90 63 80 52 81 23 70 77 70 34 51 80 30 37 51 71 93 56 0 87 93 44 72 77 94 24 50 28 56 50 90 57 56 65 57 30 2 41 36 37 71 28 98 70 12 68 65 23 73 29 46 93 3 48 1 67 72 41 31 9 4 59 54 21 93 94 8 18 59 45 61 17 18 91 37 76 69 71 22 77 84 25 69 64 84 19 88 35 53 60 48 69 65 12 6 53 56 12 50 72 89 81 
37 8 22 71 30 78 13 0 84 5 39 85 99 75 90 7 35 28 50 90 25 82 59 22 27 41 28 93 78 89 62 48 48 43 29 99 58 7 67 53 0 63 86 99 60 38 85 51 40 6 56 98 4 78 32 15 62 91 34 27 65 7 25 73 32 93 13 81 83 47 73 57 87 86 32 86 35 18 56 8 55 80 45 77 81 16 52 71 76 94 95 53 62 25 19 17 85 55 18 6 93 43 46 0 0 11 67 31 42 51 25 6 49 58 58 29 40 88 34 0 9 17 36 18 97 93 10 38 92 69 52 5 9 92 62 87 7 83 37 17 58 39 19 3 3 92 75 79 54 84 26 59 39 89 36 7 81 44 20 41 94 39 74 91 76 60 37 29 61 46 28 98 6 85 11 21 44 91 47 26 74 62 30 59 91 37 0 68 19 34 25 5 27 89 45 37 23 10 29 87 76 21 82 60 41 62 68 40 50 59 8 62 19 14 79 20 31 20 0 16 66 31 28 4 47 19 43 60 28 59 61 17 14 85 20 1 42 66 51 59 87 77 31 96 84 57 68 18 83 44 65 42 3 71 74 91 89 86 78 77 79 75 59 83 44 64 39 50 45 3 50 35 50 81 77 75 2 17 45 38 99 55 67 4 19 78 33 26 10 34 12 17 31 13 17 89 5 32 47 61 
33 22 25 33 86 18 75 91 49 76 86 87 90 42 82 64 7 47 64 37 69 77 48 6 20 96 43 51 99 85 31 60 49 59 64 95 58 34 99 24 16 42 83 34 97 0 4 29 25 59 7 73 19 85 38 38 48 24 65 93 49 51 46 50 40 86 83 90 70 93 51 46 23 47 97 19 82 80 19 52 23 24 39 12 8 30 85 70 9 9 43 18 21 83 41 64 39 27 83 10 54 13 80 78 85 24 29 98 2 55 34 53 57 75 62 44 60 73 33 41 85 14 54 43 44 77 62 87 30 57 1 17 68 60 93 10 11 80 96 31 42 1 43 91 88 29 31 90 60 59 65 94 42 92 50 18 79 48 87 28 27 87 31 37 37 65 11 25 47 29 53 53 78 18 54 96 69 13 65 50 43 3 99 17 92 8 11 21 87 50 89 96 90 16 69 96 81 27 10 2 10 90 23 33 41 64 74 34 20 19 36 12 85 40 14 92 55 64 56 20 52 24 61 13 88 57 42 35 77 47 6 5 16 4 61 13 31 38 92 3 11 70 60 10 2 69 69 43 40 61 22 68 77 25 37 64 0 44 34 70 19 74 86 69 67 24 64 20 98 73 59 48 49 92 8 37 83 62 70 27 4 41 94 59 38 44 70 13 89 51 65 62 53 76 86 38 13 19 67 58 
62 78 6 76 74 34 97 35 21 74 46 18 69 40 91 70 88 41 59 1 13 40 30 36 95 82 58 45 63 25 62 90 1 78 77 26 19 37 27 17 10 90 41 85 16 28 99 86 57 7 58 66 68 12 46 35 97 89 55 86 17 25 74 59 98 11 10 2 20 70 91 48 18 77 71 60 9 20 41 7 75 58 96 18 24 14 12 70 4 67 87 59 40 68 21 79 84 77 30 1 7 6 10 24 44 75 47 60 59 10 63 76 23 32 68 69 73 11 14 3 62 93 92 31 70 83 58 30 88 82 13 88 29 18 77 36 23 65 19 87 61 59 51 49 42 1 88 12 2 56 30 33 81 2 30 80 44 49 14 92 12 72 65 65 47 39 57 71 31 21 41 51 23 82 11 94 21 68 47 69 89 8 72 57 91 49 58 93 78 74 53 43 90 86 78 90 70 72 58 43 91 44 54 88 32 9 54 3 42 59 8 40 22 2 8 63 1 45 43 65 46 7 55 38 46 58 72 26 87 25 30 37 8 35 43 50 95 66 54 26 71 76 74 67 73 89 33 31 69 99 85 99 5 83 69 34 1 91 65 40 18 72 32 41 50 84 92 66 22 66 50 18 5 69 34 24 99 51 6 52 69 20 51 92 79 45 24 88 56 27 89 73 70 53 45 63 46 43 29 98 
80 51 44 9 96 11 23 35 68 14 89 79 40 16 6 92 16 30 68 45 92 0 72 68 22 53 58 13 58 67 80 32 32 78 20 44 83 68 20 92 25 33 41 34 69 19 12 1 62 40 43 56 76 65 56 83 59 12 60 34 40 50 23 82 51 58 82 4 3 29 44 33 10 53 8 11 42 73 78 55 50 60 50 32 51 15 84 18 8 5 66 79 77 60 30 51 14 44 88 58 79 36 23 39 13 90 41 82 15 52 28 60 27 24 91 20 98 62 79 43 34 25 45 89 25 72 2 73 93 57 45 98 44 41 94 36 98 3 38 84 73 8 12 54 33 26 28 0 46 82 78 19 75 48 4 34 37 48 23 58 69 33 21 18 72 61 21 5 58 58 56 72 43 52 38 35 28 19 41 78 57 60 45 93 32 17 0 84 7 73 95 20 80 30 21 5 83 22 31 63 50 10 55 68 2 19 77 84 50 51 74 42 0 33 94 66 1 78 38 97 62 38 58 17 59 35 33 22 31 17 71 96 14 7 59 64 77 22 10 8 30 32 79 11 12 32 13 82 7 66 53 86 92 56 61 24 4 21 4 76 33 40 86 1 48 58 18 28 79 99 70 42 86 99 69 64 83 67 69 14 10 17 30 92 6 92 2 77 40 51 92 88 53 30 7 64 77 43 17 84 
79 7 53 90 66 83 90 31 49 85 59 34 47 41 12 74 79 53 62 74 10 33 84 49 82 36 74 78 81 80 28 40 38 94 90 27 74 79 70 25 2 80 49 43 92 59 4 22 94 17 56 74 62 42 64 5 52 47 66 27 12 7 52 57 33 87 87 69 20 78 19 80 26 12 85 89 35 73 58 4 52 82 46 14 30 56 72 85 44 15 72 78 50 48 95 35 16 14 27 16 40 36 26 42 13 82 17 26 47 21 9 12 17 93 29 49 42 28 61 39 44 96 17 41 68 65 69 48 84 39 75 16 52 66 65 50 84 91 20 90 29 62 98 68 66 77 20 50 59 32 73 2 55 21 15 23 90 54 39 21 60 94 73 38 97 86 23 31 41 64 94 22 51 76 55 77 39 87 5 21 77 61 16 45 2 53 34 22 69 68 77 38 72 35 66 52 8 21 67 16 78 69 17 82 78 19 2 65 6 78 79 5 27 87 60 64 94 40 44 70 2 82 64 76 49 54 43 71 61 84 74 5 91 72 97 48 74 12 27 83 48 45 22 2 94 17 35 65 41 37 82 77 6 6 83 11 5 4 19 22 10 32 23 80 90 49 38 8 31 91 18 97 31 65 99 20 57 91 66 69 28 47 39 8 26 29 33 11 64 77 21 23 36 50 7 77 70 83 39 95 
85 34 2 79 96 60 24 25 52 79 40 42 5 64 90 30 68 62 46 5 45 8 24 24 27 4 49 98 72 29 46 39 37 99 83 72 62 15 40 29 23 10 15 53 36 62 56 6 96 12 60 83 19 50 7 0 54 32 85 25 92 44 72 43 32 65 68 67 40 75 20 65 38 49 80 55 32 54 55 16 72 13 13 42 32 89 24 12 63 67 63 9 9 77 28 82 15 90 94 32 11 35 45 0 96 46 28 62 44 9 7 51 93 80 80 5 56 33 78 1 6 85 59 66 0 81 74 23 22 8 47 93 45 71 39 13 46 33 5 62 71 6 41 2 56 4 53 26 2 76 41 74 58 43 29 39 64 30 33 29 88 59 70 39 46 15 97 52 86 40 95 53 82 66 79 26 92 36 50 95 56 93 57 55 52 47 78 60 6 99 63 75 47 73 95 67 51 57 19 49 81 20 84 16 38 12 47 13 88 28 14 48 43 93 82 10 19 77 44 72 14 67 26 55 19 19 65 7 57 62 34 86 79 38 52 40 43 27 4 22 74 84 13 33 92 45 1 97 2 67 47 26 62 29 50 60 37 3 48 75 23 16 63 24 72 63 52 53 62 94 42 78 92 7 99 34 91 65 32 40 63 75 52 53 17 35 29 96 44 95 13 27 84 55 62 45 20 96 11 9 
94 58 50 27 59 67 81 82 49 56 76 96 90 15 11 60 4 61 12 25 11 64 10 14 36 83 12 53 83 53 17 55 94 82 85 39 37 71 2 54 2 67 13 89 85 13 27 78 44 89 14 57 82 73 22 98 22 17 12 1 40 80 32 98 20 97 20 87 97 59 53 78 29 65 48 45 45 34 13 38 76 96 98 75 97 84 93 57 66 62 76 84 17 36 90 56 14 8 41 56 64 8 62 85 67 10 93 46 11 74 59 42 9 55 53 48 8 39 50 15 95 90 15 30 3 2 47 43 48 55 26 77 99 58 81 2 43 38 69 62 62 36 19 18 20 68 13 41 44 46 56 82 10 62 57 93 58 80 51 7 78 98 82 0 51 55 1 13 65 96 5 50 89 16 97 86 63 85 69 71 68 35 61 53 83 88 74 14 52 73 36 47 90 11 71 59 31 52 63 89 40 84 54 22 44 14 5 93 17 69 0 23 39 23 54 63 34 13 10 92 0 99 26 37 49 7 14 99 59 90 52 0 34 11 75 39 73 94 29 11 36 19 17 46 21 25 32 1 83 51 99 18 40 63 15 34 7 10 38 92 91 40 92 16 10 30 36 62 45 30 49 45 42 75 1 58 66 10 82 20 45 49 45 73 59 9 66 83 38 18 87 6 3 91 7 47 28 33 28 15 
79 48 24 77 60 78 37 72 10 78 19 8 45 7 43 9 14 3 20 16 86 26 54 4 22 50 21 90 52 40 60 82 93 63 46 98 11 21 38 49 73 99 36 87 86 69 59 82 7 61 95 25 77 51 82 52 15 88 93 72 90 62 34 41 79 98 91 78 74 59 78 17 95 92 17 36 4 41 4 9 81 29 18 57 89 69 8 72 67 43 79 41 4 68 2 6 37 50 33 21 20 9 11 44 22 68 64 63 47 12 22 11 1 36 13 14 12 10 5 97 47 86 14 57 26 73 93 58 44 17 4 14 85 79 53 51 11 50 5 34 90 54 57 61 21 36 68 30 95 14 33 13 90 87 63 9 6 43 45 17 37 82 99 91 75 68 62 58 82 20 16 84 44 37 74 82 88 97 3 93 6 76 74 41 71 54 79 71 62 76 85 99 17 56 32 4 71 72 21 40 43 66 4 84 7 23 65 3 96 84 4 64 84 66 99 33 5 83 59 70 23 58 28 38 84 20 83 48 11 43 77 55 97 51 68 3 16 88 74 67 84 81 81 60 75 70 96 73 57 52 38 88 12 85 7 57 13 66 16 94 27 78 1 6 9 63 85 31 37 12 92 4 54 33 21 37 83 29 80 94 78 28 72 68 90 15 3 23 54 23 27 72 29 56 4 9 41 97 37 30 
96 98 79 61 2 93 48 60 2 56 43 3 65 4 24 53 53 26 69 91 6 10 59 42 62 64 84 45 11 37 55 97 80 18 22 84 15 14 53 13 15 63 94 42 52 89 52 48 37 7 46 99 57 77 29 54 34 84 14 51 57 99 87 25 51 20 78 43 36 57 66 74 84 9 62 62 89 32 42 33 0 71 69 5 45 95 35 25 86 91 7 40 28 31 81 32 7 65 46 46 50 39 93 68 81 23 97 65 90 9 36 86 90 89 89 98 75 89 85 36 97 76 6 70 42 74 47 14 77 96 13 8 62 85 49 32 34 22 74 98 24 5 14 1 98 90 25 60 57 42 12 99 43 9 40 55 3 4 48 45 86 86 40 70 66 75 97 40 92 94 17 29 15 45 48 26 78 99 69 90 72 26 87 9 34 35 19 68 68 75 80 46 8 58 51 6 87 27 83 12 91 77 99 19 77 28 73 9 36 44 48 7 23 8 76 20 50 6 62 24 31 91 7 99 43 67 94 24 75 27 96 19 1 97 57 64 37 76 91 49 18 78 62 23 56 83 46 78 79 50 33 29 22 66 65 57 79 13 87 17 84 64 55 72 70 40 48 31 74 66 20 87 21 53 8 21 56 0 59 80 43 45 67 56 82 66 81 90 85 1 4 93 11 91 44 13 36 59 32 58 
63 51 86 17 94 8 93 99 72 99 72 80 73 20 19 17 69 6 33 16 48 36 3 56 30 89 83 79 53 19 22 32 58 35 96 9 75 9 19 60 96 5 28 40 30 83 36 74 39 27 39 24 71 69 29 98 37 53 33 79 76 98 48 67 0 77 86 48 64 38 30 22 27 72 67 9 52 58 72 83 86 65 37 66 4 60 31 78 60 9 16 45 90 90 3 52 86 30 33 96 85 37 20 43 49 30 14 69 17 97 89 35 6 63 49 24 62 20 58 9 66 61 15 70 9 67 76 72 34 72 85 24 28 1 0 81 47 58 28 8 46 67 45 34 4 47 38 97 79 27 19 93 73 77 5 17 26 2 47 28 89 92 53 90 91 34 30 91 94 34 63 64 49 36 37 91 54 91 80 81 47 4 65 49 59 95 85 96 75 56 75 3 99 89 25 45 19 81 27 73 39 74 60 24 69 29 49 12 30 53 35 71 31 63 95 49 68 93 61 71 52 7 58 62 86 66 49 15 68 0 45 56 34 64 28 54 76 77 86 68 70 94 55 44 44 28 4 66 19 83 60 72 23 49 92 93 79 1 46 74 15 78 82 23 28 88 51 20 71 52 71 75 46 43 61 95 27 90 75 32 37 5 59 34 3 71 23 60 46 54 58 68 23 80 58 43 82 99 61 12 
28 96 84 67 36 28 67 27 88 53 53 0 20 33 66 30 59 71 15 88 59 72 80 69 40 73 78 33 31 28 79 84 73 92 65 85 89 17 43 50 82 81 4 51 81 1 16 6 89 18 94 22 95 69 55 90 91 61 86 59 71 31 57 19 90 62 2 49 97 27 83 36 4 15 62 38 21 7 18 64 24 54 46 80 3 77 74 19 47 42 33 96 30 9 46 28 60 82 84 30 72 34 69 55 65 24 38 22 25 49 44 31 20 63 4 63 36 15 98 8 68 18 99 31 68 59 31 36 81 68 40 39 70 9 60 93 94 12 55 72 91 41 26 82 31 39 75 24 44 32 82 47 99 61 67 50 49 95 95 30 17 97 14 49 87 99 90 75 96 78 70 38 47 28 13 85 2 14 75 38 52 8 10 6 62 57 21 17 43 25 13 95 70 10 81 13 17 75 82 69 80 78 9 55 5 12 4 43 18 82 61 17 21 67 13 41 20 55 83 81 28 31 41 91 86 81 54 50 48 81 8 83 78 69 49 0 46 10 39 25 54 24 3 39 3 59 96 83 48 97 46 14 64 37 80 19 19 95 62 72 38 9 73 96 11 58 0 93 7 14 23 17 60 0 84 15 0 37 57 74 33 81 97 60 41 80 17 74 57 33 75 49 31 9 49 74 71 17 6 55 
74 26 42 51 94 95 15 87 43 96 41 60 75 54 17 62 13 65 30 81 14 56 97 61 69 30 68 61 84 61 36 85 85 73 99 11 54 99 83 11 24 36 91 35 0 29 34 31 78 90 42 22 32 86 63 78 28 35 60 4 75 21 92 83 31 38 2 42 67 93 81 53 88 17 9 65 20 12 67 21 6 15 32 71 36 3 19 40 78 99 0 96 1 79 60 84 91 12 58 64 76 90 33 58 36 60 48 60 70 35 0 58 43 13 99 94 83 40 22 81 40 45 23 94 57 29 29 17 32 33 13 5 20 74 71 48 72 21 60 67 17 26 56 65 13 39 52 97 56 36 95 73 33 80 80 35 68 50 76 81 2 84 54 68 63 45 75 91 70 95 58 93 40 98 30 97 91 55 41 52 59 76 91 36 7 74 95 56 27 71 84 38 55 47 57 70 79 62 40 52 19 44 77 77 37 2 80 17 5 24 45 88 17 50 45 81 67 45 0 1 14 69 29 57 39 33 88 3 81 11 38 32 92 88 63 52 16 37 63 87 31 69 5 66 96 0 86 24 23 86 61 30 48 75 12 80 70 7 41 14 36 8 87 71 21 1 22 3 8 30 82 59 18 80 57 13 49 71 3 82 98 18 15 54 16 87 42 67 65 61 99 67 3 21 52 15 51 14 85 91 
46 59 41 4 91 92 89 27 90 12 66 65 71 96 97 90 17 18 81 92 56 16 14 91 68 79 65 15 58 54 51 44 22 89 96 35 98 56 80 88 87 8 80 87 96 79 41 28 62 0 90 41 62 61 21 59 79 40 58 86 19 96 12 90 64 31 28 32 71 52 41 81 67 1 27 47 62 47 15 97 46 27 62 54 91 97 63 47 16 31 83 38 53 77 76 14 40 56 86 53 29 7 57 89 69 62 84 0 92 10 60 0 95 33 91 2 43 12 7 98 65 81 19 58 23 28 70 67 1 12 21 58 80 65 12 81 85 59 31 99 1 44 85 52 27 19 65 89 69 60 8 47 75 19 60 65 67 42 49 1 64 63 39 72 71 7 66 29 8 41 45 14 46 45 26 78 53 50 4 94 40 50 54 97 24 70 61 41 67 72 43 79 2 27 91 1 13 79 94 42 73 15 48 1 62 53 72 90 51 66 46 75 70 96 95 94 72 70 51 37 79 36 21 99 17 37 25 57 39 67 64 67 32 26 18 40 70 55 5 94 49 2 56 24 20 94 49 75 73 15 23 90 38 91 99 70 47 25 64 27 55 35 74 49 98 30 59 69 85 42 25 64 82 38 15 47 17 85 1 17 42 62 53 40 50 78 9 86 33 56 49 24 48 71 99 68 60 4 51 59 
51 86 89 49 76 38 58 31 86 48 85 44 45 63 61 72 55 95 78 89 4 63 3 11 5 78 61 54 78 19 25 7 77 38 35 20 28 20 26 45 91 54 30 92 69 77 96 52 43 17 60 98 88 39 3 63 76 15 12 23 3 40 34 98 65 13 26 27 85 19 76 44 22 23 25 84 64 55 24 12 5 41 94 1 46 15 3 93 31 20 93 11 85 11 80 50 10 5 11 87 38 98 66 76 67 82 56 70 30 94 1 84 87 61 18 87 94 47 67 0 95 58 78 74 80 94 49 62 36 37 4 45 18 65 6 31 38 48 67 76 35 65 74 84 8 88 39 12 94 74 76 63 56 77 39 35 33 67 44 31 76 94 41 21 8 14 95 32 17 59 26 20 60 4 29 89 53 15 58 83 12 69 44 15 11 62 89 57 25 50 2 97 59 17 18 25 73 79 48 39 96 55 10 45 60 59 78 58 77 20 65 10 21 20 44 2 22 34 27 68 77 0 94 76 32 88 83 79 31 61 47 34 88 51 35 0 3 16 57 73 88 1 78 56 53 45 81 79 51 31 14 27 57 12 15 85 80 62 90 26 2 94 44 26 92 47 16 9 98 13 97 86 44 75 23 5 28 82 61 77 36 23 71 80 74 3 66 85 85 93 27 30 29 9 97 74 28 94 84 59 
9 70 85 51 62 48 60 59 45 67 59 82 62 9 57 10 34 46 13 84 4 44 44 25 25 5 44 21 55 25 99 97 58 20 32 62 68 13 60 15 39 89 18 45 93 15 27 86 6 2 95 5 74 70 51 83 80 59 49 17 86 93 6 36 36 19 21 51 64 56 94 13 87 43 26 39 78 69 90 16 55 63 93 22 52 7 17 11 85 85 3 13 37 79 50 68 47 26 60 10 82 11 3 74 45 97 2 54 77 28 21 0 96 19 8 49 91 87 0 65 31 46 34 77 12 99 12 90 16 1 21 95 20 8 73 27 62 37 36 31 96 59 28 31 42 98 14 75 52 46 12 28 78 53 30 36 62 80 12 13 64 51 5 93 29 97 84 65 23 47 78 97 28 2 37 6 87 94 14 95 46 30 83 92 90 98 72 55 53 85 64 90 34 95 52 58 85 27 84 91 29 23 69 74 18 49 81 27 38 66 32 2 25 25 88 86 70 23 94 77 20 5 11 81 1 30 26 31 13 4 14 65 83 29 40 41 61 42 22 27 73 57 14 11 99 30 42 89 61 95 0 63 23 20 91 69 68 36 7 58 63 57 71 63 26 15 21 28 30 85 14 75 52 43 80 4 72 95 10 97 2 1 1 2 33 15 9 36 24 7 5 90 7 99 8 40 37 27 33 56 
87 1 72 17 13 25 57 76 42 70 28 8 16 85 18 27 98 73 54 77 74 22 28 10 94 42 97 81 75 25 52 87 82 98 26 22 20 65 72 13 37 39 32 33 59 13 53 69 59 3 52 30 72 92 54 66 35 4 98 4 79 58 85 22 79 18 32 75 11 51 41 59 5 53 0 85 93 72 34 92 15 77 56 33 27 36 21 66 50 72 48 37 98 20 23 68 9 14 7 98 45 16 86 66 30 21 67 69 29 25 34 47 31 7 49 28 18 20 87 67 48 98 88 32 74 69 99 46 93 23 19 93 12 12 34 63 98 16 80 0 66 50 8 30 98 25 27 66 17 5 5 94 70 38 86 11 48 14 44 18 91 71 80 30 93 26 72 1 8 99 8 19 99 79 64 86 86 75 42 17 57 48 18 39 62 46 79 46 70 75 13 61 29 46 1 49 50 31 12 88 80 46 80 28 0 97 48 61 64 25 2 85 77 25 0 24 82 8 63 78 43 9 21 85 56 65 98 96 73 55 3 2 52 17 63 22 63 13 67 0 28 44 66 6 99 39 34 2 51 37 19 87 13 6 71 61 73 20 54 83 3 16 40 80 23 57 40 37 72 49 1 79 46 52 93 49 11 99 60 20 16 5 25 22 61 33 32 2 21 54 19 32 0 60 85 46 12 38 78 96 
1 71 36 77 88 69 47 90 4 34 56 54 17 60 35 78 46 30 73 6 25 24 30 17 68 60 22 30 35 55 86 68 27 40 43 74 31 98 55 58 25 73 71 61 20 32 43 17 57 27 18 71 53 75 92 15 62 92 27 4 1 93 60 71 34 71 63 36 37 58 31 64 1 60 77 65 57 2 51 31 81 67 55 34 11 42 89 38 46 59 15 46 51 72 23 14 37 15 0 88 71 32 92 20 8 54 86 32 53 44 91 26 6 69 57 36 37 64 56 6 70 75 83 63 82 83 77 43 8 76 55 29 64 54 67 41 72 88 12 2 38 70 53 60 76 15 56 43 56 26 67 92 73 57 8 75 34 59 60 76 79 82 65 18 11 40 73 34 79 8 51 82 6 97 54 19 76 74 32 62 90 31 29 27 91 38 88 36 53 10 20 9 59 80 73 77 20 81 63 27 52 24 15 92 59 63 98 32 51 20 19 17 78 66 68 27 71 11 16 8 98 45 57 54 80 45 86 27 31 5 60 5 3 7 53 85 28 62 27 62 67 9 30 2 64 53 16 58 13 99 17 0 47 84 55 33 83 71 43 63 76 11 4 44 81 86 29 54 93 0 59 94 20 91 86 89 14 90 8 86 94 62 64 11 91 29 3 90 58 68 38 65 82 96 53 80 9 13 28 77 
96 23 99 89 22 13 39 12 89 56 35 87 95 25 81 63 60 35 49 64 65 29 55 27 7 80 30 82 5 71 27 26 23 73 54 67 70 93 48 67 22 80 91 29 96 33 23 6 86 93 35 26 61 44 78 78 51 83 37 77 46 98 37 42 91 3 44 10 81 83 69 94 81 96 53 55 5 82 55 7 72 75 77 69 9 47 73 99 8 97 65 71 10 88 64 49 84 89 53 47 6 90 52 94 35 92 44 82 64 65 89 0 69 71 12 62 52 14 91 50 1 6 90 66 92 14 57 50 49 76 24 88 42 3 95 26 75 34 90 10 90 20 88 15 10 40 33 39 65 91 63 53 10 97 19 33 21 2 6 8 72 94 95 45 66 10 30 36 74 40 46 67 95 91 4 81 52 19 45 82 23 51 94 43 38 0 83 56 11 15 4 41 53 93 88 13 38 68 30 98 55 43 35 93 17 71 95 93 9 3 39 37 82 71 78 33 39 22 56 63 15 31 27 0 26 9 7 4 1 10 89 68 49 97 54 19 34 51 97 61 94 59 73 17 3 8 24 33 47 96 73 5 60 3 90 91 83 30 48 36 63 36 80 15 32 11 23 39 37 99 77 32 80 38 13 68 5 80 41 82 48 11 49 36 35 79 89 31 80 84 2 14 59 70 23 19 23 50 15 31 
6 8 15 83 71 20 25 55 82 79 0 31 69 34 51 53 61 2 67 49 37 98 17 88 55 70 42 87 62 40 62 94 71 28 27 31 40 23 26 66 90 35 17 62 59 58 69 48 93 18 4 58 74 5 53 55 3 48 74 59 55 16 58 60 89 4 99 98 4 86 68 17 22 69 21 90 41 86 56 39 71 96 24 28 34 44 11 36 70 41 97 60 37 74 9 83 15 40 53 38 66 29 92 15 40 69 51 25 36 4 66 55 73 35 77 32 17 42 74 33 39 91 70 93 49 38 28 95 49 7 9 16 7 46 57 42 44 24 69 54 26 53 51 35 36 29 14 67 66 35 5 77 79 67 63 94 4 2 58 45 53 69 36 0 24 78 42 39 71 37 29 90 57 98 68 1 59 92 91 5 90 39 45 21 48 89 3 62 28 26 65 27 82 20 68 45 13 22 57 38 31 51 46 59 14 44 16 83 98 8 21 9 37 66 43 52 32 90 96 80 46 39 54 57 60 21 19 73 24 16 90 32 29 7 67 14 75 89 56 97 28 74 85 37 88 61 51 13 43 53 89 7 65 36 34 63 13 60 32 63 78 80 51 41 5 81 43 97 33 18 13 87 40 32 4 12 79 5 96 34 60 40 57 17 90 11 1 71 9 57 47 97 73 21 13 34 2 36 8 40 
12 46 43 80 84 30 75 9 43 4 56 66 12 32 80 33 38 73 10 51 1 32 57 62 25 3 89 52 0 82 42 71 48 4 98 85 91 14 60 39 74 13 72 8 54 0 62 0 50 2 13 94 79 24 65 96 55 46 49 16 93 36 81 4 39 3 1 97 55 31 76 25 25 59 35 3 44 45 90 6 25 10 2 4 50 79 53 64 16 47 59 57 34 68 10 15 83 79 22 0 70 64 34 41 62 18 99 79 56 89 21 74 34 0 1 47 73 24 29 0 8 43 21 69 25 21 34 4 61 21 92 75 86 51 78 95 64 83 78 91 36 27 5 23 78 70 10 60 1 41 8 96 58 95 9 96 2 89 53 36 95 43 20 5 57 81 80 0 38 45 26 5 25 5 77 16 96 21 63 85 62 81 93 14 11 49 31 13 47 94 24 24 95 19 7 19 3 4 25 73 37 17 51 15 11 68 7 39 11 27 59 94 57 62 38 3 52 52 55 71 45 48 28 3 9 95 53 18 1 64 4 42 54 93 58 46 93 7 65 21 21 36 59 66 76 92 82 60 98 72 18 34 98 3 31 46 54 1 61 65 73 91 63 34 49 38 63 80 38 19 15 45 74 6 44 79 17 55 69 10 59 33 62 26 25 5 52 8 41 63 99 31 12 23 44 55 28 11 16 57 
15 23 6 24 82 2 81 37 74 59 88 12 67 30 43 23 57 47 98 80 82 89 71 53 50 78 44 62 58 73 82 19 60 9 1 79 96 16 15 94 47 39 88 64 70 44 65 42 25 71 16 73 37 74 68 91 86 24 89 12 88 13 65 11 9 28 47 48 20 29 50 42 32 43 39 74 69 42 67 32 8 52 77 48 19 68 71 8 20 78 67 54 17 34 43 2 89 16 74 64 42 43 6 21 16 4 25 58 3 64 89 20 88 78 35 14 29 50 87 51 57 31 70 0 33 35 16 8 76 9 57 4 48 36 22 0 3 67 32 44 64 62 20 20 35 21 87 63 67 41 33 74 39 79 29 15 86 26 25 22 69 79 45 42 11 41 76 27 90 16 44 4 42 14 96 62 88 7 78 98 72 63 75 74 70 85 48 91 34 19 94 45 86 47 62 49 98 99 64 8 70 29 25 10 25 10 49 62 62 6 68 66 94 60 65 64 22 72 73 86 5 35 70 98 37 22 63 74 55 96 32 35 20 8 33 75 42 10 26 58 57 57 73 90 68 99 83 20 11 23 11 6 7 20 2 18 21 50 10 57 41 37 73 80 79 0 98 47 95 52 71 41 27 27 73 43 77 32 73 12 69 18 16 97 5 82 55 34 76 27 47 90 63 73 50 40 92 50 75 1 
74 72 61 93 45 56 72 48 53 69 74 64 46 50 56 79 58 96 64 45 66 83 75 86 55 57 79 23 42 61 24 45 58 84 52 78 78 42 51 43 42 11 65 72 97 89 48 90 94 29 75 92 19 70 39 83 65 30 42 86 86 50 17 18 38 0 72 43 29 87 11 82 88 39 66 95 38 4 71 53 16 30 8 36 36 82 9 84 12 53 91 81 76 46 76 6 85 89 84 42 31 56 50 54 78 93 11 14 2 61 4 66 16 13 2 81 29 61 69 97 91 69 86 52 80 98 24 86 94 13 7 30 54 49 94 57 86 55 58 67 64 47 45 85 2 77 4 33 34 96 83 31 54 46 39 37 94 82 93 40 96 87 24 48 16 84 79 23 36 76 82 13 38 33 38 44 91 66 28 42 6 60 8 79 28 31 87 43 59 46 20 39 78 19 17 0 27 10 55 8 62 0 71 53 78 52 48 14 70 68 55 70 8 49 56 64 73 34 64 3 51 33 28 1 72 35 47 84 63 45 10 17 69 47 68 22 13 74 29 30 76 63 31 70 30 63 40 11 86 58 9 63 12 82 22 20 38 90 17 45 95 24 54 99 13 69 76 58 90 66 69 43 74 63 3 16 15 41 36 39 45 7 67 7 63 23 23 75 45 87 52 83 13 72 15 82 65 27 0 53 
88 37 46 72 84 86 80 95 4 1 5 49 36 68 73 78 19 66 14 96 17 17 63 27 86 25 96 6 43 37 32 24 17 61 46 24 40 1 8 14 72 11 52 34 77 70 1 62 97 69 48 14 52 25 59 94 89 96 16 5 96 81 19 86 92 48 28 9 7 6 82 93 82 57 7 75 68 31 86 3 9 48 45 61 54 28 38 65 48 59 8 38 85 28 94 93 88 94 7 12 27 98 13 9 79 85 48 4 61 40 57 93 36 8 53 55 74 51 86 78 90 56 81 9 96 81 20 35 10 0 30 6 33 33 32 93 55 31 29 28 50 32 13 64 74 15 31 53 90 94 37 66 61 72 16 34 27 16 52 90 7 24 42 79 62 24 18 63 52 17 73 29 19 72 40 98 33 42 58 82 44 55 53 62 52 3 7 73 21 57 12 80 36 21 53 87 35 47 43 62 81 80 10 73 99 62 84 33 40 7 15 28 16 56 35 26 89 11 87 75 62 90 63 91 1 47 4 86 65 6 42 11 57 41 80 85 63 59 78 8 22 67 28 22 60 90 72 69 89 61 96 89 84 73 71 59 79 67 28 90 42 92 60 0 19 66 3 17 81 12 31 45 46 41 84 86 31 67 34 59 13 49 21 82 85 44 96 11 89 62 70 7 83 48 54 88 5 17 61 90 
15 99 80 82 30 98 58 77 71 49 19 7 57 2 73 37 5 91 69 87 62 55 21 4 16 77 43 55 3 0 49 22 26 64 26 0 94 99 93 49 77 66 77 38 11 12 46 66 79 97 45 3 40 87 8 62 10 91 91 18 35 0 8 80 28 93 60 68 24 13 64 2 34 48 33 82 54 14 18 50 58 34 45 39 58 5 93 40 69 66 45 54 61 64 86 13 67 92 16 98 65 93 78 52 15 85 25 72 99 38 36 78 22 87 58 14 61 47 98 89 13 15 14 3 19 4 34 32 71 60 52 45 29 24 77 48 39 92 73 61 29 98 7 76 5 48 83 75 6 68 0 58 62 77 56 58 42 26 59 59 46 26 32 46 23 8 14 8 33 29 7 44 93 6 1 71 41 85 6 55 70 61 24 16 73 68 55 81 72 59 12 11 68 37 13 39 11 89 44 18 41 24 16 92 53 13 21 28 14 54 6 65 89 95 17 49 62 16 60 86 67 2 27 66 69 90 22 84 52 58 0 17 16 61 93 59 74 69 10 48 17 53 95 79 11 93 13 17 29 20 27 68 87 68 26 42 45 4 82 2 73 86 72 45 31 78 6 46 58 31 20 38 19 43 48 64 42 28 9 90 29 60 50 5 70 54 12 87 82 33 33 14 47 78 30 29 64 19 73 42 
76 7 36 84 55 6 23 73 87 52 15 17 88 72 66 43 49 63 51 47 40 94 80 95 3 67 53 62 47 40 0 41 98 69 75 52 7 3 50 35 25 23 95 58 99 28 99 73 49 28 10 78 74 62 51 92 91 82 97 98 63 10 28 46 9 85 81 17 75 41 82 70 80 58 10 51 99 30 41 91 65 39 77 38 41 83 1 50 51 52 66 3 41 4 31 69 44 69 88 78 57 39 45 41 30 13 34 29 15 69 88 7 28 21 91 13 50 40 81 70 98 97 58 46 43 64 67 78 30 99 61 24 14 84 44 87 44 81 73 34 53 38 47 15 5 74 93 92 15 11 15 34 91 43 3 76 15 34 9 62 67 21 18 43 67 96 38 88 3 58 71 60 95 64 7 44 6 87 68 60 78 22 59 19 93 59 2 96 78 81 68 81 67 93 82 76 93 72 10 23 45 86 16 87 27 58 70 13 79 20 67 2 54 17 86 1 81 49 84 14 35 21 21 78 87 92 17 70 62 69 62 71 99 4 81 28 93 96 63 89 10 90 65 27 19 69 41 94 69 2 56 83 90 51 40 14 31 11 30 9 12 5 83 72 83 5 41 21 14 60 11 93 35 30 94 17 36 56 71 76 91 58 47 92 54 69 48 88 94 3 42 48 49 15 41 37 77 94 67 99 
32 95 63 57 32 90 46 91 81 63 0 98 30 93 24 86 77 1 82 6 43 75 37 36 3 8 61 83 81 20 93 86 64 53 52 73 37 97 26 19 47 16 6 11 48 44 69 53 62 11 86 98 76 42 36 71 47 7 13 63 37 5 45 16 4 18 50 45 9 46 13 65 63 8 83 54 5 19 43 41 11 20 58 52 62 85 24 9 98 70 35 86 55 9 51 79 1 77 20 46 94 12 87 60 71 26 18 20 13 90 19 46 58 49 79 98 19 77 42 49 21 53 97 58 17 15 13 48 53 51 28 33 36 92 13 24 23 52 17 9 73 19 23 6 13 18 90 57 10 70 24 63 97 17 34 84 15 89 7 73 72 15 7 97 72 91 71 95 64 80 73 12 19 13 36 23 99 21 5 66 61 78 72 85 38 63 90 65 92 14 53 91 45 35 87 66 99 44 21 55 62 36 51 72 75 85 32 21 4 67 15 11 10 98 35 23 14 54 95 9 73 87 65 98 11 56 52 16 63 31 94 52 69 18 71 56 40 5 99 12 99 52 79 57 63 47 70 39 91 84 93 72 41 58 61 60 58 94 4 68 7 6 51 27 96 11 16 9 79 90 2 46 3 46 15 47 74 46 22 37 65 68 16 37 44 69 12 28 33 71 0 19 20 86 23 16 83 60 96 63 
78 2 37 64 94 90 83 63 59 97 80 44 89 63 0 88 81 90 42 91 24 69 23 46 93 90 39 39 22 69 24 2 55 32 92 13 25 89 16 14 90 10 85 35 35 14 43 4 35 52 97 91 11 95 97 66 69 13 16 50 15 41 76 20 12 9 66 92 4 58 10 4 97 37 79 88 45 94 30 0 57 44 94 80 65 32 72 71 97 16 31 48 24 89 24 70 27 72 39 58 54 39 17 3 78 61 40 40 34 44 21 0 28 51 48 6 74 93 71 24 74 27 66 9 85 48 61 22 34 55 32 11 21 14 76 94 46 40 13 68 62 66 65 58 79 75 55 99 38 82 54 87 66 76 69 75 9 17 54 71 84 92 94 74 1 68 27 60 19 79 33 61 39 77 89 35 43 50 20 37 70 94 47 12 93 43 28 76 99 87 83 16 94 15 0 95 95 95 49 81 82 97 57 26 96 37 98 68 16 69 81 49 12 84 26 75 10 13 32 98 43 9 65 29 88 68 38 91 57 79 88 80 90 41 33 22 73 85 18 74 38 48 97 68 77 4 76 58 80 79 13 27 79 21 65 0 46 64 68 65 17 82 86 16 67 81 45 58 10 75 90 18 2 61 39 38 52 56 90 63 90 45 13 85 53 99 9 93 32 64 45 43 86 21 15 65 94 33 97 49 
4 75 27 13 60 84 68 44 59 80 82 79 12 24 11 2 84 12 22 64 34 57 16 97 84 94 43 13 76 22 59 82 0 47 95 50 33 3 7 56 48 94 43 17 50 50 91 71 52 91 82 35 20 15 77 77 5 70 17 47 73 89 82 75 33 26 35 13 94 83 17 12 24 67 62 68 95 72 89 8 62 53 97 72 62 60 40 41 21 8 82 16 35 56 79 49 83 21 16 77 12 24 42 22 11 60 96 6 87 4 75 77 61 98 50 82 36 4 64 56 12 69 44 18 2 63 11 6 52 6 20 53 12 28 49 83 81 28 89 87 61 91 58 9 6 53 99 38 98 67 9 56 79 22 43 75 22 69 61 56 71 57 98 30 82 73 66 96 91 21 94 16 65 53 10 66 3 48 41 56 55 51 65 5 91 50 73 5 57 47 78 29 48 24 15 64 53 27 54 58 48 61 47 44 32 96 65 40 31 47 94 76 32 61 83 88 53 44 65 39 43 8 94 12 15 39 22 95 62 65 1 54 47 9 17 84 76 46 27 88 10 75 82 37 69 95 62 73 85 8 76 60 49 2 31 80 88 2 63 67 19 20 17 87 63 10 80 7 50 3 36 58 33 97 10 75 87 83 95 23 27 32 52 54 72 60 48 72 57 77 51 56 62 98 3 59 16 46 65 62 
58 24 7 99 11 20 82 10 86 80 59 3 25 25 19 85 37 89 40 66 68 71 12 35 48 40 31 79 50 62 79 62 65 41 10 18 30 64 77 83 96 43 48 95 88 6 67 71 51 16 85 44 36 78 86 54 97 56 14 26 67 56 0 9 30 38 86 49 92 97 14 44 41 41 51 22 81 77 45 79 13 99 61 98 3 51 24 95 63 92 2 89 89 83 92 53 97 89 42 56 76 50 10 54 91 34 63 71 0 20 72 74 62 12 60 41 71 68 33 96 31 29 71 74 79 45 49 6 82 55 29 74 77 15 30 7 86 67 53 22 20 3 7 44 5 98 32 73 28 65 15 72 89 44 34 84 2 60 74 85 87 75 1 39 18 11 85 90 34 31 59 68 98 44 64 38 62 54 86 87 52 22 81 63 54 2 83 39 49 77 98 7 58 3 76 73 51 1 0 76 26 0 50 26 66 8 82 62 76 69 23 26 55 44 90 3 52 8 50 26 75 24 79 27 66 96 91 97 42 60 63 82 52 67 52 89 79 2 83 11 64 32 53 72 7 24 48 26 36 27 21 5 76 6 98 28 86 82 93 25 2 38 51 59 17 15 6 13 91 49 12 32 50 50 47 93 39 30 46 94 76 61 30 74 25 45 9 38 86 99 23 90 12 68 60 27 46 98 64 72 
55 72 65 58 81 80 70 9 32 5 92 14 2 63 85 4 50 15 51 76 17 78 42 81 75 51 63 38 59 97 86 79 26 3 17 13 62 56 51 74 77 53 91 21 10 53 6 64 65 92 38 55 69 17 20 57 3 62 57 86 61 92 89 83 6 96 89 53 37 45 10 87 80 87 95 1 92 56 37 93 8 87 33 99 72 77 28 37 72 49 67 66 72 85 73 21 7 30 96 64 9 0 97 19 19 49 36 32 97 44 35 63 43 48 21 33 16 85 40 47 71 41 93 49 15 20 16 71 80 28 78 96 68 49 52 99 79 80 97 64 20 61 28 42 35 5 22 6 58 49 53 85 22 2 24 30 10 35 46 33 40 35 13 63 92 54 45 46 13 31 96 62 38 75 36 63 36 64 3 93 89 54 92 68 8 49 81 24 87 8 78 37 84 88 2 4 96 88 59 2 30 3 1 54 26 21 30 55 66 77 23 4 21 61 71 30 66 81 79 43 39 82 39 60 12 70 29 96 53 65 5 92 75 12 89 17 11 60 37 46 0 25 53 73 34 47 51 84 18 76 50 87 83 36 89 83 4 32 7 69 56 52 0 1 46 15 93 83 63 34 40 22 63 6 14 3 21 7 43 66 58 51 94 14 25 97 9 3 14 81 82 52 60 78 30 89 99 1 63 38 
90 80 77 67 72 75 22 2 87 26 17 31 93 31 36 46 79 7 15 88 49 93 2 26 7 25 76 36 74 61 2 70 86 2 98 50 80 72 72 4 64 44 77 42 14 25 53 45 81 75 20 82 11 12 51 56 77 39 71 78 61 84 98 44 44 40 31 42 91 15 67 54 55 19 64 78 91 79 58 75 25 62 90 34 83 5 24 8 7 21 57 50 80 40 60 67 74 72 57 11 47 44 62 96 17 38 18 47 62 61 47 16 30 66 88 66 26 42 88 89 95 86 78 88 65 23 81 21 73 5 94 4 32 11 14 3 11 40 72 43 60 18 61 97 43 82 94 68 93 68 32 37 90 25 22 46 70 50 98 99 19 13 28 94 35 40 23 5 62 42 58 80 90 0 28 16 84 12 56 48 6 39 75 90 72 58 59 9 93 17 59 66 62 11 37 17 93 63 56 34 93 58 30 89 44 36 59 33 4 36 94 6 11 99 9 45 44 38 52 96 53 48 40 28 84 96 66 61 17 50 28 24 1 14 91 1 8 18 90 90 74 19 96 80 84 23 93 19 86 84 16 56 5 56 44 36 78 25 60 72 18 11 46 38 66 77 30 52 86 47 39 7 25 24 53 65 49 88 48 50 18 69 4 87 75 73 47 97 71 32 14 2 12 21 72 92 33 60 80 86 
97 31 37 83 83 22 46 80 50 46 42 70 96 16 44 94 71 22 56 98 58 91 61 40 80 72 62 30 10 48 62 51 78 59 35 62 74 69 96 21 35 96 11 82 39 1 25 21 49 26 7 50 39 51 44 6 2 29 61 78 58 73 68 24 72 85 8 6 53 27 5 15 65 55 86 44 71 13 73 77 98 77 70 79 54 30 28 68 73 14 83 39 42 67 27 72 46 19 38 92 57 22 11 62 41 70 17 88 73 4 0 54 45 97 23 60 12 11 43 19 17 80 47 42 29 79 66 85 97 7 7 46 51 4 19 66 32 45 37 1 89 1 18 16 85 71 13 52 32 67 35 80 13 25 81 41 82 30 39 30 81 54 56 26 88 55 24 99 46 76 17 40 83 14 48 28 90 12 24 22 63 32 34 53 7 33 50 60 92 87 37 44 71 89 57 13 20 62 96 80 42 76 19 85 14 29 40 88 37 20 49 2 65 99 59 18 32 11 67 76 50 55 1 62 87 48 63 50 54 81 90 6 4 27 44 70 31 58 49 80 22 17 90 92 52 99 47 69 50 19 74 26 81 19 48 44 35 70 95 42 56 19 4 57 84 41 95 10 77 97 91 94 94 67 48 26 27 55 55 98 36 63 98 32 48 44 30 20 22 86 0 54 71 40 77 68 82 40 95 85 
30 56 24 57 41 25 88 91 54 95 42 50 0 3 3 59 22 47 22 81 97 33 39 10 69 20 89 73 53 7 42 81 81 91 70 39 18 24 39 6 73 42 70 0 67 89 81 9 89 66 58 28 68 45 87 48 74 9 1 90 35 40 25 13 38 18 42 72 25 3 93 68 49 73 85 6 96 37 73 48 18 91 65 43 87 86 78 99 91 62 0 71 30 54 22 95 73 35 63 46 23 23 85 11 13 95 27 9 11 26 10 54 61 13 11 1 22 17 66 20 78 61 88 48 75 33 55 39 8 9 58 26 33 65 50 0 21 68 62 19 38 88 24 89 47 85 12 91 92 65 93 49 71 50 18 9 82 60 80 58 76 54 29 5 41 58 81 22 2 89 27 10 88 80 94 27 54 38 15 46 69 77 31 15 49 90 21 49 47 41 76 57 77 50 18 97 73 32 98 61 99 35 25 41 97 32 86 26 1 1 68 32 12 88 13 95 48 59 23 15 59 97 94 37 34 49 32 62 57 82 84 22 38 40 19 6 37 65 85 58 25 25 0 41 40 66 35 65 5 84 10 51 85 35 20 55 77 10 39 43 81 32 52 31 73 68 98 90 74 83 39 1 38 1 49 19 89 98 99 89 13 17 89 2 83 3 41 63 57 52 56 2 24 67 99 40 33 66 48 69 
49 49 59 13 39 29 76 7 77 11 49 50 26 64 70 88 79 88 2 83 50 71 12 34 3 45 72 24 74 81 48 15 54 71 84 46 72 31 74 30 26 39 28 81 64 83 23 18 52 84 60 74 71 48 63 75 56 15 45 84 94 85 97 2 36 44 98 78 25 29 80 48 61 91 58 80 7 86 48 24 96 9 58 94 19 22 86 47 98 89 3 93 92 51 38 86 16 0 34 91 97 33 78 79 62 61 40 41 60 37 19 6 47 35 80 2 37 19 26 68 91 91 49 35 97 7 82 15 82 70 59 52 5 95 75 0 8 82 39 18 28 75 53 91 50 51 7 84 88 63 23 99 94 49 62 84 83 0 37 29 66 83 96 94 8 51 22 31 8 34 88 61 14 75 80 78 65 37 89 50 88 61 29 39 19 71 86 94 4 40 22 72 93 6 35 73 13 87 3 72 86 5 73 62 59 71 57 24 18 81 47 93 87 79 89 61 82 16 49 60 62 83 61 10 18 18 24 28 24 65 59 60 66 69 4 36 78 88 41 86 0 69 58 67 52 8 1 31 9 78 55 94 15 53 29 3 21 32 96 77 58 99 19 81 70 79 79 19 52 55 49 84 59 57 71 24 7 60 8 32 55 52 48 41 8 13 38 39 51 54 28 60 7 86 23 8 2 10 84 52 
65 38 58 13 70 29 26 68 79 27 98 57 17 30 86 83 39 40 37 62 89 88 22 55 81 23 2 87 51 62 91 87 67 79 39 16 57 38 67 77 81 44 38 59 15 98 50 16 40 40 15 8 26 86 48 77 12 58 75 88 70 18 13 47 74 72 24 35 88 60 28 43 99 3 61 54 75 36 52 96 89 91 76 5 73 87 62 87 90 25 78 23 88 35 40 62 38 98 32 86 77 11 28 53 70 82 88 23 15 29 40 37 93 62 45 90 24 81 94 34 79 44 5 89 67 10 37 99 50 8 4 32 5 17 92 57 90 66 83 39 11 68 58 22 31 97 52 75 80 13 48 92 46 26 22 82 21 64 17 38 93 67 61 78 38 26 61 89 12 32 17 24 84 98 57 17 59 46 64 23 41 72 65 49 46 70 72 42 56 85 73 76 50 86 7 15 86 1 5 54 87 8 3 65 65 87 70 78 76 66 71 9 88 34 7 43 33 58 89 51 93 47 59 62 25 10 58 72 34 68 27 32 15 20 81 0 0 63 25 5 72 77 84 97 82 20 37 78 94 38 12 59 76 12 22 18 45 60 6 23 68 26 75 45 36 31 67 50 84 0 87 90 35 24 77 63 71 2 5 77 41 2 73 51 6 18 54 44 47 58 86 29 30 99 64 7 33 14 84 20 
14 50 6 69 67 57 21 98 53 61 54 90 98 14 99 84 69 12 75 72 11 32 15 88 9 52 40 92 12 70 35 70 90 52 48 82 75 50 31 71 5 76 26 76 66 79 48 8 26 2 66 9 53 82 95 71 44 81 88 8 13 46 92 4 42 53 76 18 47 18 86 4 50 58 40 38 32 54 83 31 11 89 66 78 26 64 63 57 38 57 44 82 54 66 11 76 31 34 78 19 5 44 55 84 83 34 82 64 97 94 11 3 38 68 94 18 28 69 84 11 52 33 41 39 46 80 34 43 89 67 52 78 16 24 81 77 31 81 34 96 60 43 76 57 68 31 37 86 88 66 34 26 85 29 89 32 70 3 57 18 38 85 76 33 64 11 54 85 63 31 33 79 51 13 33 20 79 48 28 84 62 93 90 89 59 35 62 38 78 40 60 64 71 38 75 77 28 93 83 62 1 84 21 93 36 68 66 67 19 45 57 21 11 73 88 73 91 46 71 89 17 45 57 89 66 65 32 41 59 39 96 45 56 40 29 64 4 10 89 77 81 49 56 65 36 61 40 45 73 31 37 48 45 87 16 45 1 2 26 0 54 65 22 27 94 41 91 30 28 60 25 18 94 81 26 32 15 93 28 94 87 61 75 78 69 62 19 50 54 45 91 74 31 15 31 10 55 38 45 40 
81 59 20 83 9 53 83 3 32 44 39 99 87 0 53 83 94 19 34 1 29 27 75 5 45 18 39 29 79 45 60 88 8 51 40 29 60 81 92 28 99 54 58 45 20 49 88 11 82 71 5 47 90 24 55 17 58 94 59 36 98 79 35 20 57 93 96 26 11 57 90 66 54 26 30 48 97 35 64 18 68 73 78 73 91 94 17 42 76 62 50 96 78 76 29 66 60 78 85 63 96 91 95 33 44 59 22 12 68 15 5 51 14 60 86 54 97 93 70 74 28 75 56 77 33 94 33 53 15 21 15 90 30 0 52 54 86 45 49 20 55 26 99 88 35 9 31 44 51 21 71 54 17 70 80 77 88 78 10 96 57 95 5 36 40 16 36 11 41 10 23 36 4 31 34 70 51 33 20 84 95 91 94 23 60 16 42 51 51 79 75 44 28 58 5 35 1 68 36 80 49 53 47 23 79 86 81 86 58 51 1 51 28 10 68 9 2 11 88 67 80 55 82 89 48 17 8 6 56 40 4 84 68 82 61 96 12 14 54 6 73 90 28 36 29 76 2 19 50 69 4 68 86 9 1 3 26 70 32 92 72 83 74 11 44 85 73 94 2 93 39 85 80 50 9 33 10 31 73 85 83 96 26 34 68 87 52 49 47 5 54 23 88 12 72 88 73 43 94 52 
59 13 32 94 71 39 3 98 19 13 20 64 33 73 49 14 21 18 73 70 56 81 76 23 43 53 81 86 40 28 49 46 92 62 9 40 33 65 53 77 26 26 99 70 27 47 71 21 85 37 8 39 0 76 75 99 36 64 98 15 1 76 17 89 89 47 79 46 32 28 5 97 86 3 3 88 3 37 89 61 12 72 41 33 35 63 68 84 65 43 88 61 81 93 73 25 37 39 68 39 10 29 3 30 81 48 62 43 19 98 32 48 66 77 45 64 4 9 18 72 50 83 14 50 54 84 35 13 36 42 88 97 10 4 43 81 75 53 31 54 4 30 69 97 99 2 50 91 52 5 4 71 31 4 78 75 30 49 51 77 30 73 49 67 60 36 11 67 65 74 53 17 31 14 20 39 60 9 83 27 40 69 92 71 60 19 31 81 97 99 59 51 7 28 20 10 51 28 70 9 52 27 53 88 24 72 35 53 38 44 67 44 1 46 85 17 41 27 92 94 10 50 21 56 40 53 49 39 29 26 18 34 11 75 3 60 5 64 27 7 65 42 76 30 55 21 89 30 63 86 50 9 10 14 14 39 95 10 93 32 61 5 75 8 58 61 33 5 90 16 3 7 92 65 74 34 6 7 73 36 57 84 87 44 74 18 58 69 42 59 93 39 13 83 78 70 35 99 51 17 
6 32 39 57 32 23 48 82 3 74 90 31 59 8 99 97 13 63 8 66 75 11 52 22 72 96 40 68 35 50 4 79 85 87 89 90 87 58 55 5 82 75 97 66 78 98 94 75 60 52 40 73 90 47 55 93 49 57 51 93 30 59 84 58 57 70 11 60 32 66 48 85 17 95 32 27 17 44 41 47 42 86 63 36 56 77 97 84 14 93 90 18 12 23 65 39 22 50 0 83 62 58 50 73 63 89 48 8 68 77 15 49 13 5 43 60 32 54 18 31 98 2 97 5 50 89 20 4 56 29 46 87 34 78 57 82 99 62 89 48 16 75 75 33 51 74 88 46 39 41 42 77 9 2 91 4 87 93 69 63 30 58 45 40 26 80 18 6 27 26 72 38 56 14 61 33 3 55 91 7 27 80 59 63 58 18 60 38 76 51 20 35 21 72 92 15 25 52 15 74 12 17 6 34 66 97 53 29 46 87 63 67 79 1 76 47 61 27 58 8 1 34 51 61 30 41 25 80 32 38 65 22 49 26 55 75 79 31 94 71 82 89 15 97 68 74 87 46 50 45 60 43 75 34 48 30 32 33 11 67 37 33 42 53 91 1 77 84 96 28 11 98 74 50 48 86 82 88 38 1 43 62 78 34 9 10 93 22 54 45 12 8 76 36 43 36 28 13 13 52 
40 13 50 12 73 79 65 92 66 78 8 43 92 72 94 5 82 35 32 80 22 12 95 83 64 18 50 89 43 67 89 92 49 84 33 62 19 86 60 13 37 91 66 99 9 80 28 55 89 79 92 2 84 54 57 56 23 75 33 92 65 35 89 84 51 24 93 76 42 63 88 95 65 76 43 90 5 31 8 34 71 36 50 46 70 67 18 55 97 79 40 16 18 57 49 57 23 93 57 45 90 16 30 47 30 72 36 3 87 8 85 22 61 84 58 95 96 29 32 98 74 10 18 43 67 36 27 16 96 0 68 36 15 68 54 12 38 69 2 41 47 82 91 98 7 73 85 19 16 32 0 2 77 39 65 68 72 21 56 6 51 92 28 62 84 83 65 20 57 74 73 68 17 25 98 85 57 44 8 82 8 54 0 75 13 10 40 55 88 63 75 79 54 18 13 37 72 36 15 12 78 3 94 3 22 52 22 61 54 20 35 19 11 30 76 77 9 41 7 5 2 83 64 19 4 90 22 76 53 11 99 92 71 81 94 3 74 87 66 54 74 63 77 56 41 23 1 67 10 27 38 84 23 58 15 35 21 93 59 47 98 60 25 82 82 83 7 64 75 67 80 13 42 64 32 87 81 72 0 66 16 9 19 92 50 58 91 60 17 11 93 33 41 80 30 90 26 35 56 93 
54 33 42 65 46 56 23 61 65 21 39 47 24 85 17 4 53 50 94 72 50 46 19 28 32 16 54 87 93 84 90 64 99 18 23 79 48 52 31 98 26 93 95 75 93 31 27 1 66 69 29 14 45 41 63 79 72 39 44 23 50 69 51 90 90 79 87 4 34 21 99 37 68 20 27 70 76 34 76 95 17 93 77 19 33 2 46 32 32 96 12 32 21 11 45 47 33 67 55 71 93 49 72 41 55 1 43 24 33 54 80 17 83 29 23 4 40 58 51 51 74 59 10 69 52 74 99 51 6 1 63 29 33 22 94 83 10 34 68 61 80 59 1 56 46 93 25 61 17 14 71 63 67 55 67 66 89 91 58 4 79 26 69 22 67 98 37 16 63 61 15 94 15 7 66 21 56 30 70 67 94 74 47 61 96 6 60 0 32 14 39 39 83 66 47 81 8 66 71 90 74 42 97 92 7 4 59 38 16 48 91 75 87 94 24 79 97 28 0 25 53 68 2 87 42 22 75 8 54 50 36 68 8 2 96 90 36 84 43 1 1 40 9 6 78 19 8 59 52 67 4 56 5 7 27 65 16 95 43 63 38 34 39 43 52 91 40 89 34 78 55 89 65 6 3 60 85 17 84 24 21 77 27 78 11 19 94 94 79 19 98 81 72 37 65 50 60 8 9 93 
78 84 51 25 99 71 12 56 49 48 33 30 10 38 11 48 21 85 46 1 24 9 80 82 78 69 58 56 12 13 89 10 76 64 97 30 45 31 18 3 66 20 75 74 72 21 40 94 27 25 9 59 61 56 4 98 80 6 47 2 37 18 22 15 75 17 30 51 41 24 10 29 62 14 53 94 65 6 58 13 55 94 51 55 85 25 0 78 15 74 58 1 84 94 80 46 88 99 90 28 39 32 65 65 83 25 4 26 58 5 79 52 14 72 19 83 99 0 52 57 53 31 4 53 19 6 4 77 76 79 7 73 96 34 96 80 32 99 68 2 73 61 26 92 84 83 32 32 29 71 77 50 66 12 41 48 37 3 20 84 71 17 67 13 5 70 87 35 81 2 77 29 28 53 54 84 58 64 22 47 18 27 38 23 49 24 72 61 72 81 1 41 36 53 21 52 83 68 46 39 16 11 87 20 98 21 96 70 39 42 99 22 67 30 40 47 11 52 3 39 93 55 22 62 16 23 11 94 13 61 8 62 6 42 47 17 54 7 71 56 21 78 26 40 57 59 99 46 96 54 79 0 6 76 78 9 28 27 27 33 55 66 69 9 77 58 94 27 41 21 70 49 1 33 21 72 95 97 34 71 68 93 87 10 73 44 48 47 85 83 54 87 51 36 31 91 17 96 35 42 
8 47 50 49 13 16 6 67 1 83 84 23 4 70 25 1 77 65 24 18 22 96 12 34 50 8 88 13 0 0 98 27 89 48 78 65 30 45 16 39 85 58 15 78 47 45 23 0 23 92 3 24 24 24 96 18 66 28 77 59 4 45 4 90 52 17 73 69 64 2 45 52 61 66 51 58 34 51 80 90 71 98 10 48 97 80 93 56 21 84 71 51 26 11 18 39 9 93 40 3 94 28 23 95 36 3 22 94 72 3 77 65 99 84 2 51 4 14 44 94 59 54 61 0 20 82 8 86 84 93 55 19 96 69 90 8 34 74 93 58 82 71 66 73 25 9 38 76 62 72 30 50 68 72 63 8 5 83 75 45 38 95 96 38 7 92 92 25 57 95 20 79 46 20 8 32 12 52 65 44 79 23 72 27 20 8 6 64 41 26 70 69 21 49 54 22 66 67 71 58 22 72 80 42 56 45 93 77 49 59 88 75 61 58 26 53 99 3 65 61 11 48 81 97 96 92 73 32 64 70 72 36 0 27 74 3 85 9 32 99 34 52 0 43 87 27 12 3 86 33 23 37 75 20 47 99 71 64 99 60 5 66 93 28 30 60 10 64 14 70 52 77 62 54 52 76 31 45 99 81 52 25 5 32 21 8 5 92 37 90 34 45 53 41 14 3 96 93 82 97 
69 8 38 74 50 99 87 79 57 64 12 94 92 11 15 12 20 92 77 40 5 77 72 70 9 68 96 58 37 78 9 72 46 4 47 12 65 25 18 32 40 33 73 85 81 2 68 9 89 22 57 93 13 18 71 2 28 70 64 55 66 74 94 94 66 44 52 43 34 73 6 22 93 97 31 20 96 83 3 33 56 22 56 24 22 51 63 95 94 9 42 17 12 16 19 11 60 39 64 77 78 34 95 42 54 97 16 45 24 69 84 86 99 30 25 14 81 30 26 80 22 66 41 29 94 69 33 54 87 45 62 46 41 9 5 79 64 4 15 83 99 71 53 22 78 6 12 50 85 50 49 26 32 71 33 19 88 27 43 70 14 81 13 23 98 22 64 32 81 44 87 27 50 29 62 75 64 6 43 62 48 55 29 6 8 14 15 51 35 14 99 5 95 64 42 1 39 47 37 13 15 9 86 62 51 9 45 77 56 3 69 15 84 15 94 34 58 82 5 35 8 23 29 44 62 97 81 87 32 59 32 58 59 70 55 96 87 10 14 38 68 68 97 28 12 97 74 79 26 17 40 92 58 64 18 27 76 17 55 36 22 86 53 87 58 66 83 20 12 13 50 24 55 72 55 66 77 66 65 42 19 61 85 94 1 73 49 46 91 17 20 11 2 84 39 57 98 72 62 67 
35 54 50 31 75 93 9 84 78 76 51 28 60 11 3 50 32 68 84 54 35 15 41 3 88 58 0 79 88 34 3 8 79 97 61 62 36 77 50 49 9 97 37 43 39 40 35 77 65 12 37 96 11 84 62 92 35 30 50 8 96 11 91 96 32 96 17 89 45 79 1 19 56 44 83 63 61 60 94 72 69 15 61 20 34 94 25 40 98 80 39 35 58 8 32 73 73 29 52 37 88 32 3 96 58 90 11 25 8 55 75 92 63 27 42 63 47 45 72 61 90 14 8 68 46 31 86 7 74 24 76 66 88 62 12 37 63 60 80 23 47 60 4 16 17 22 33 20 5 97 84 77 18 75 50 30 32 39 81 60 64 72 16 19 81 25 20 63 10 13 99 76 41 1 84 81 84 56 85 79 98 7 3 88 54 95 86 80 30 4 56 32 25 36 69 71 24 34 51 47 9 70 28 41 80 4 2 81 74 75 58 94 21 36 65 46 28 12 51 34 50 5 67 3 40 23 61 3 29 42 96 92 23 34 47 91 89 28 57 6 59 85 29 42 49 37 65 25 31 4 3 14 73 84 62 9 86 76 23 74 44 11 98 43 73 19 21 26 35 22 38 46 18 53 90 44 46 64 90 55 20 55 45 63 91 60 20 49 17 20 58 42 5 57 42 77 70 86 91 52 
60 1 9 32 84 82 30 38 44 5 90 45 16 95 30 82 37 92 87 92 46 77 71 70 10 63 17 75 44 61 76 72 14 40 56 6 82 26 20 86 37 16 86 66 51 28 89 7 2 74 48 95 74 2 65 83 12 53 16 64 9 62 89 46 39 70 32 10 49 80 82 18 45 97 63 7 43 32 86 12 34 51 39 99 46 85 56 47 56 32 81 9 14 63 48 29 29 95 27 7 35 87 51 40 55 30 88 5 23 94 71 91 65 8 9 65 45 44 59 61 95 77 85 52 28 58 16 34 3 96 94 34 50 84 36 9 55 72 19 19 10 74 97 10 2 80 92 3 7 33 44 49 71 50 90 10 4 21 75 63 21 68 3 78 51 31 38 70 36 40 92 13 4 10 94 80 7 51 61 62 84 43 68 65 43 20 66 59 35 52 22 68 41 92 62 47 25 70 7 55 13 47 97 95 21 6 71 85 56 7 79 93 14 29 1 2 46 33 24 13 65 16 37 61 45 60 54 5 24 0 72 46 78 92 34 96 21 30 49 3 2 52 46 81 45 86 91 89 46 99 68 97 27 67 65 52 1 24 56 9 55 25 38 85 27 17 61 61 78 61 70 97 2 86 9 52 59 51 15 13 89 33 60 35 97 26 22 58 92 12 57 45 94 20 92 88 68 71 42 18 
77 38 57 32 71 36 38 93 73 82 22 69 22 54 93 37 44 56 51 32 41 97 13 35 20 23 5 51 42 81 54 56 36 91 25 21 8 51 52 50 14 96 74 70 12 97 37 20 45 4 82 38 76 6 39 96 41 43 89 68 76 37 30 62 49 49 58 56 9 56 34 42 92 92 31 97 52 36 96 77 82 10 21 95 0 13 20 50 99 56 46 30 58 30 60 43 39 64 46 54 2 72 19 52 11 76 22 4 60 27 44 46 26 45 91 57 76 68 78 53 17 42 11 41 5 62 33 4 0 76 52 36 61 32 56 14 65 86 70 78 20 78 56 65 19 43 2 77 32 59 93 24 28 9 18 48 67 65 26 1 30 94 18 68 16 11 56 55 93 24 53 78 2 17 69 75 85 19 75 55 98 22 19 38 34 82 54 13 96 24 36 4 27 56 50 10 85 37 24 26 62 84 54 41 63 49 47 28 61 89 86 30 87 38 29 45 45 5 25 62 72 92 47 48 66 85 44 99 90 94 49 96 53 36 87 39 79 96 23 74 52 1 10 58 7 7 86 39 98 52 11 96 11 63 68 77 30 37 63 57 25 57 17 83 57 21 44 98 73 27 8 62 62 38 53 3 49 58 49 32 95 60 66 46 91 54 42 34 4 0 2 48 46 63 7 58 28 3 2 28 
13 36 7 45 52 49 50 33 62 36 3 57 38 2 10 75 41 18 90 46 56 46 59 52 76 96 64 16 54 6 3 77 23 88 90 52 45 55 7 24 50 10 78 89 16 31 88 33 1 74 37 63 49 39 38 58 16 73 57 94 86 95 7 58 26 93 68 59 12 31 54 73 98 86 16 71 99 8 90 6 68 1 83 38 72 69 66 40 95 19 46 73 64 7 11 25 69 26 76 68 13 67 45 72 41 53 20 77 69 53 53 86 36 41 53 26 35 53 78 9 63 24 51 13 18 53 7 44 69 45 24 1 63 88 18 12 69 1 26 91 22 22 76 68 92 0 9 34 49 34 98 11 20 22 27 97 13 31 15 62 72 25 83 20 77 74 73 9 88 58 94 43 26 61 99 14 5 71 52 18 7 37 14 95 30 19 10 79 31 25 71 25 45 64 69 10 45 20 48 56 13 40 7 40 62 15 41 20 12 56 22 53 52 62 39 18 30 99 82 21 80 27 42 32 9 57 19 90 83 98 9 35 77 94 98 51 38 88 12 38 73 88 54 20 96 72 9 38 27 6 3 87 60 73 99 89 80 65 27 97 51 99 48 66 3 79 27 69 56 7 50 95 14 91 62 2 61 95 10 50 66 14 7 1 87 35 75 95 57 33 28 72 75 31 87 91 71 15 58 76 
16 17 9 18 10 12 64 13 74 48 90 80 97 25 73 92 80 39 75 66 90 4 46 21 39 38 79 35 57 27 78 90 41 45 96 32 99 2 58 44 61 78 1 33 11 8 42 39 10 48 16 68 93 81 53 66 83 21 6 14 71 24 91 95 31 59 24 39 0 11 78 15 16 71 28 52 46 31 81 65 62 75 98 6 70 24 69 46 54 8 71 33 17 13 89 11 77 97 41 14 74 40 21 41 8 47 80 89 76 52 15 8 28 28 0 47 9 1 9 22 16 5 0 11 86 45 57 38 66 52 16 58 62 75 49 75 17 97 45 81 10 0 58 74 67 79 18 94 7 70 20 18 99 79 36 14 62 86 64 98 47 5 27 55 0 59 5 47 83 3 99 14 90 45 32 49 18 39 8 62 55 6 17 78 59 74 50 49 30 2 14 15 44 40 93 71 32 3 89 20 8 93 66 52 92 3 49 55 54 13 81 20 92 87 41 56 74 80 42 83 30 12 15 29 23 54 29 8 75 82 76 92 41 99 32 44 7 20 86 34 53 57 93 86 68 76 21 86 88 72 34 59 81 8 55 19 67 12 64 13 11 32 19 63 27 33 2 78 60 30 15 75 73 6 19 16 43 96 72 94 85 49 31 0 55 18 61 70 19 71 70 1 7 30 79 98 55 74 60 75 
51 31 43 16 13 93 79 59 60 95 9 78 86 2 5 72 47 6 82 99 62 90 60 31 62 50 12 32 37 56 97 82 57 39 17 78 43 68 81 45 26 9 84 13 85 50 36 31 17 77 6 97 34 78 63 71 54 92 71 33 57 3 20 26 79 89 33 78 23 12 87 43 95 67 82 92 31 38 91 80 47 62 2 20 29 78 51 59 68 11 54 6 59 0 93 41 81 49 65 16 46 53 13 13 54 50 75 86 31 29 50 77 77 70 65 34 15 68 50 56 81 68 19 65 21 53 6 13 77 50 62 13 86 30 54 73 18 4 99 18 49 96 1 89 12 28 38 49 50 27 95 37 77 74 52 90 61 40 56 29 28 31 35 9 46 59 67 30 47 96 65 30 14 4 55 46 39 76 0 25 20 93 74 89 30 22 1 29 8 86 72 66 57 45 22 12 0 41 4 34 40 32 99 79 15 60 0 11 96 49 2 96 9 13 48 4 73 65 35 54 45 75 39 34 21 48 6 44 44 83 90 1 86 74 46 51 23 86 5 76 7 94 87 12 39 7 61 37 63 28 85 50 32 18 58 34 91 61 31 9 82 35 4 46 40 82 16 88 82 75 36 26 71 91 50 57 11 45 3 15 25 35 64 99 45 31 52 49 0 56 34 15 69 28 40 29 12 14 93 14 
9 24 97 87 80 6 23 58 41 31 97 11 91 31 54 60 98 91 92 52 15 37 47 56 57 37 88 48 88 60 80 84 3 41 44 89 50 72 14 43 59 34 97 95 78 73 25 84 81 71 83 48 72 37 41 64 0 0 28 37 38 95 37 82 94 77 21 71 30 5 55 86 90 47 40 58 61 74 92 29 22 54 54 61 56 47 77 18 41 99 41 53 79 83 0 33 20 62 25 64 59 52 42 0 77 11 39 60 76 44 68 68 13 80 0 28 16 30 85 56 56 54 8 81 44 46 26 42 50 70 61 68 57 64 68 61 97 14 32 60 40 21 76 37 51 31 72 35 73 78 86 76 69 96 72 57 10 45 31 89 74 87 69 10 93 21 79 39 89 97 41 5 66 67 54 51 34 86 95 38 36 29 15 14 49 1 27 11 33 24 92 70 18 89 30 33 12 47 72 71 31 53 88 9 49 84 39 3 52 62 56 64 74 7 11 32 12 1 60 84 33 75 20 82 64 44 81 31 76 57 28 27 36 53 79 10 67 85 64 54 93 87 66 4 74 93 39 49 91 10 33 30 53 25 68 36 78 83 84 17 80 86 14 67 62 69 43 68 42 90 77 31 3 1 51 45 30 93 68 88 68 12 59 89 56 47 76 95 89 89 10 2 17 44 9 34 19 87 1 35 
61 21 55 1 31 85 86 63 88 53 30 12 68 3 54 13 36 68 79 46 67 15 26 19 67 41 84 73 75 84 84 53 91 7 13 74 86 62 13 61 51 37 51 22 41 38 44 28 24 12 54 96 35 55 19 65 94 46 62 66 78 44 74 50 71 11 70 4 24 98 18 91 99 26 46 94 68 95 92 58 45 15 61 28 35 28 51 29 17 92 54 39 39 35 60 54 95 67 16 13 37 28 91 49 18 75 30 2 87 71 20 72 34 66 79 2 19 15 9 85 25 84 91 54 15 28 49 23 79 70 60 42 8 78 80 87 5 62 29 64 65 67 66 69 76 37 58 46 16 85 79 74 46 0 39 77 70 76 32 85 97 71 34 48 10 23 1 52 6 45 90 43 15 21 40 87 2 15 43 85 20 8 76 66 45 58 4 52 85 41 30 88 9 98 21 3 73 62 64 94 0 45 91 87 52 69 56 32 12 10 34 64 0 0 63 25 3 10 52 28 24 99 54 55 72 79 59 58 49 7 15 62 76 90 23 83 88 45 64 69 79 56 15 57 99 89 60 62 80 60 96 38 22 58 74 87 89 88 81 10 86 59 86 66 90 35 65 51 81 9 64 54 32 54 8 28 43 60 29 36 58 64 57 3 50 95 38 11 61 29 52 62 50 81 49 73 18 60 22 70 
25 10 66 33 47 88 6 22 99 51 22 67 76 34 89 45 66 23 36 92 3 74 99 23 10 67 31 52 55 15 11 2 99 45 35 99 47 80 88 83 36 27 68 34 27 58 82 45 61 11 41 43 74 76 53 64 34 38 67 78 36 6 97 86 75 79 58 86 50 70 44 11 85 64 85 74 51 17 18 32 1 37 57 65 30 41 52 65 19 56 65 57 95 81 89 88 73 87 0 76 31 79 49 94 49 42 48 10 68 98 99 10 94 62 7 94 17 34 81 77 21 12 60 51 59 98 10 62 13 0 1 65 77 11 69 52 91 72 21 66 63 45 86 36 36 56 46 44 28 89 73 63 5 60 14 4 82 89 75 35 55 18 15 66 15 63 92 62 14 46 86 5 32 16 41 29 72 76 18 60 30 10 29 96 8 86 82 83 74 76 10 44 30 23 69 70 92 13 80 36 71 86 27 60 4 45 52 57 33 88 71 59 99 71 7 99 27 36 38 19 20 10 41 7 20 76 49 3 12 42 18 41 68 61 53 33 1 2 42 59 6 76 36 2 15 87 19 85 94 31 26 86 17 89 57 73 43 91 88 72 30 61 64 71 56 89 53 75 18 32 36 93 91 15 34 84 65 22 74 77 71 38 1 5 65 57 24 1 82 5 20 60 91 86 97 83 84 26 62 16 
28 1 82 35 60 23 8 62 50 40 29 98 28 13 69 91 6 20 75 42 98 34 8 14 46 79 90 6 54 33 81 79 12 61 60 93 10 20 99 97 81 51 79 64 24 48 58 11 35 88 99 42 62 77 40 3 51 11 64 54 2 92 10 54 73 57 93 34 10 80 68 18 16 36 54 44 9 51 77 15 51 77 37 40 64 55 83 40 93 63 73 36 91 30 33 40 34 17 79 88 44 10 24 26 13 62 77 80 19 70 74 95 19 20 6 80 21 90 94 30 96 8 80 51 19 69 54 99 76 24 40 57 33 96 89 24 95 90 20 37 66 30 92 87 5 81 93 39 92 70 67 95 42 99 52 75 41 92 44 35 38 47 50 55 89 77 4 74 65 51 42 36 24 35 88 2 19 50 26 43 71 80 18 47 94 21 43 17 13 73 27 4 20 94 37 99 62 67 68 27 95 92 12 9 43 71 48 40 48 28 56 88 69 58 55 50 21 75 1 59 27 56 40 22 9 27 58 77 26 0 32 81 77 83 59 41 16 28 31 96 77 41 88 19 96 79 21 63 74 34 29 9 74 20 26 1 79 61 50 79 8 38 93 50 58 61 52 98 43 18 11 11 37 9 95 85 87 15 0 62 84 36 30 0 69 47 60 7 18 6 30 2 87 95 93 12 71 40 44 2 
37 37 68 96 38 62 59 40 91 18 61 10 89 52 36 27 96 10 22 95 34 35 58 31 3 70 37 45 56 83 90 24 17 68 69 85 64 96 55 23 57 20 52 34 60 28 22 33 50 93 10 82 5 19 48 85 0 40 39 56 47 91 94 67 73 49 13 15 17 97 74 65 86 57 16 76 33 30 78 96 4 45 26 27 96 20 94 81 81 50 56 58 89 87 0 35 29 95 77 63 50 71 8 23 95 76 75 80 18 20 83 87 72 24 9 17 2 75 39 74 67 20 93 43 85 76 75 58 84 38 68 12 7 31 9 75 87 19 12 31 45 48 59 50 89 9 95 3 81 1 40 35 25 19 17 13 78 55 19 7 81 90 57 86 34 88 36 84 83 25 16 43 27 83 60 33 40 61 3 44 2 38 18 45 97 31 40 95 87 87 73 51 78 48 54 27 3 97 7 95 64 10 37 92 97 63 62 55 93 14 59 39 70 55 75 52 3 96 11 77 6 30 60 96 64 37 6 8 63 42 76 35 8 88 70 64 33 63 52 55 60 59 86 63 24 42 0 58 22 50 25 21 52 36 31 10 7 76 53 76 46 65 46 77 89 63 64 54 16 40 89 56 13 34 55 51 30 6 3 21 7 19 83 49 60 86 84 96 83 63 18 12 94 59 6 45 83 77 87 54 
87 19 98 79 55 28 20 7 26 27 53 39 0 98 62 5 63 45 10 48 76 17 22 85 26 97 48 45 1 56 69 97 37 63 78 12 39 15 80 4 34 17 1 29 11 67 24 37 81 66 15 20 99 77 88 77 71 40 77 17 66 34 61 57 23 2 71 45 21 31 74 10 4 50 98 33 0 30 93 4 78 8 90 92 29 90 2 37 32 69 29 25 95 25 49 22 20 79 60 57 47 70 43 70 65 55 84 86 80 25 29 83 99 72 78 13 25 44 19 55 75 61 10 55 74 56 80 90 71 93 16 9 56 6 76 74 98 73 95 58 23 12 43 37 76 21 36 85 47 32 46 25 99 36 71 32 67 39 40 85 94 80 25 87 59 86 48 23 91 24 96 26 59 13 23 52 44 6 14 81 91 26 36 29 1 60 33 27 11 51 66 88 35 71 52 87 14 49 71 93 83 12 25 81 90 74 36 6 51 28 39 36 49 25 14 10 56 59 89 47 78 65 95 94 19 49 8 83 62 50 82 45 67 40 48 38 99 90 13 85 93 92 46 43 29 70 12 7 60 6 36 14 34 49 63 79 97 40 4 99 28 21 51 12 12 67 95 31 90 65 45 12 97 64 22 5 97 28 90 96 15 57 39 23 1 86 32 50 32 19 30 20 65 66 25 66 80 54 64 21 
81 14 78 60 31 93 63 44 32 54 40 35 0 71 23 14 96 14 60 99 76 34 12 97 55 13 26 54 21 42 35 48 89 88 7 48 24 75 16 2 66 48 54 74 56 16 36 58 27 16 65 57 16 42 84 64 99 32 38 44 43 15 71 74 22 70 77 83 18 33 71 32 4 69 72 20 25 75 55 97 50 35 34 81 25 76 46 85 0 93 31 59 28 30 35 90 4 73 59 4 55 7 77 97 49 24 8 35 51 74 83 55 63 99 92 38 52 23 68 36 57 21 47 88 85 32 95 71 92 42 32 4 3 99 6 78 83 60 76 47 78 39 56 46 2 81 49 74 23 89 84 27 9 98 14 99 79 29 68 25 2 84 4 98 46 63 53 75 57 29 85 34 42 82 4 54 71 81 3 0 15 38 38 54 90 40 70 94 87 97 78 43 93 7 29 99 93 17 17 35 20 41 52 97 77 40 21 84 41 41 99 18 84 41 71 31 83 38 14 53 62 15 4 26 78 46 78 80 1 27 80 17 23 20 75 70 79 60 12 56 17 13 59 63 97 62 44 74 16 48 57 57 69 31 90 40 29 27 75 21 11 85 88 31 94 49 17 84 31 46 95 85 3 47 63 17 47 6 67 68 28 88 30 66 53 97 43 20 14 20 25 62 21 58 82 10 96 70 36 94 
73 18 55 89 74 33 90 75 66 26 19 22 67 28 93 36 62 20 38 61 58 9 24 20 65 78 7 96 18 51 73 53 83 25 23 15 1 56 41 60 45 3 97 20 18 16 7 74 50 20 76 59 39 94 96 84 60 55 29 93 21 89 48 34 60 58 48 76 61 37 36 6 28 25 39 60 30 49 80 11 47 77 0 21 20 36 37 63 69 8 74 55 16 75 98 97 81 41 43 38 5 87 31 84 97 91 86 56 21 21 13 22 57 14 75 71 33 69 21 92 44 77 84 51 24 7 58 4 80 60 51 43 69 10 89 20 8 51 47 97 79 65 84 45 28 98 99 13 61 55 1 57 72 8 81 74 56 53 23 70 25 93 99 22 70 41 42 88 77 16 88 48 52 47 97 0 49 74 17 11 95 5 43 64 76 92 87 13 75 84 11 65 66 42 83 21 97 16 9 68 32 91 79 72 16 43 19 22 29 10 81 32 90 57 22 58 44 96 91 92 62 21 24 2 95 87 14 86 74 10 97 47 39 22 75 75 79 96 82 57 28 82 3 41 88 2 3 67 11 37 49 4 67 16 15 82 31 53 36 43 67 12 31 84 25 87 17 63 12 96 28 78 44 21 78 20 77 29 27 57 59 36 99 79 10 26 78 42 9 25 79 8 84 22 88 81 63 24 31 59 
10 67 5 39 31 85 18 34 14 94 46 39 96 83 28 28 85 27 94 30 5 90 2 68 66 40 22 31 66 48 48 17 72 2 26 79 21 66 84 96 10 85 86 93 10 6 92 84 95 83 35 36 17 42 46 90 60 6 72 56 90 51 49 10 26 15 50 21 68 58 53 37 97 49 37 69 17 20 56 25 10 44 93 11 89 32 56 55 96 98 88 60 99 23 3 19 36 82 91 6 68 31 19 81 92 70 61 21 42 9 57 50 27 95 89 34 30 5 50 20 54 41 71 35 87 6 87 44 41 68 23 11 18 4 55 57 97 98 77 19 39 48 74 47 48 89 43 66 84 30 90 96 12 99 32 76 66 61 89 46 58 67 58 9 16 87 90 97 19 36 64 8 25 65 77 73 80 88 0 1 68 29 17 52 79 83 39 44 76 13 61 16 31 87 60 73 67 60 39 33 1 31 46 81 7 35 53 24 21 62 88 78 6 12 19 5 50 88 3 48 28 96 73 71 12 37 43 44 61 50 31 59 20 10 11 84 11 74 44 23 26 10 62 70 42 52 19 63 52 78 77 68 56 83 99 93 2 54 77 47 49 55 10 91 39 93 80 42 54 41 56 60 42 62 72 75 49 43 7 5 48 48 9 96 95 65 52 84 4 24 77 81 74 28 55 81 44 48 0 41 
32 23 55 82 52 9 20 46 0 95 40 80 9 42 74 75 21 71 68 84 13 96 24 78 66 67 93 24 59 17 56 12 80 76 93 87 23 80 92 18 44 51 80 98 86 29 27 59 59 57 10 14 83 86 37 35 2 51 28 35 96 72 39 59 91 62 17 88 37 92 29 7 53 71 38 18 48 77 48 24 95 77 1 3 57 9 2 38 87 57 84 8 24 54 93 34 86 49 28 0 28 23 97 84 61 46 1 66 28 22 7 97 37 37 18 27 29 22 55 16 17 76 94 45 18 47 66 21 31 14 29 91 53 33 92 58 27 62 99 33 99 36 41 31 33 46 96 72 13 56 77 67 59 23 83 12 82 49 46 3 11 31 54 20 86 12 56 37 31 75 48 2 43 4 33 5 78 85 60 93 57 19 74 16 77 96 19 45 31 12 94 12 42 0 15 7 32 8 95 23 13 74 63 80 97 71 70 29 94 4 31 50 35 21 65 82 23 43 82 76 56 0 24 30 60 35 86 21 86 76 30 12 45 58 32 63 71 37 26 65 98 30 37 39 2 22 35 41 35 88 51 88 5 94 12 3 46 91 33 93 9 80 35 39 1 58 80 96 43 0 37 92 30 88 57 72 11 19 6 36 73 60 15 43 1 23 76 85 29 26 46 47 6 47 47 89 76 53 51 45 
86 91 81 41 17 96 75 52 98 76 97 9 36 24 90 11 46 63 41 18 28 24 85 22 87 78 25 48 73 37 16 5 31 68 52 42 3 13 45 75 26 36 75 26 82 69 74 50 40 4 87 78 53 79 88 92 57 26 39 53 25 65 41 33 59 99 26 69 14 95 96 81 62 6 74 56 10 28 79 56 2 37 80 39 84 78 99 1 7 42 86 59 62 30 94 48 13 50 29 84 13 8 30 77 99 14 25 96 93 42 69 67 61 30 91 78 98 20 52 99 85 25 84 72 56 94 54 21 48 37 69 67 57 60 3 93 18 35 18 89 94 90 16 88 83 17 6 24 75 72 30 71 22 88 74 35 43 94 6 51 21 74 53 1 36 95 0 58 34 7 1 30 64 41 23 22 40 38 81 77 49 26 48 99 42 83 87 79 21 63 32 52 76 46 5 19 33 5 19 86 98 11 3 38 41 59 59 4 70 32 11 5 13 86 82 60 37 57 49 86 25 84 6 79 65 66 54 6 6 81 63 53 0 33 86 87 62 35 76 48 67 85 21 38 95 70 23 35 71 4 98 1 31 95 0 69 89 2 68 39 60 92 59 67 1 0 49 59 37 6 16 66 86 20 17 45 77 44 81 0 76 52 32 90 16 80 33 20 81 28 59 21 93 43 3 21 19 4 51 92 
67 5 79 84 61 73 98 73 0 81 39 52 74 90 20 9 5 62 36 26 54 21 97 90 52 11 12 25 53 10 59 28 58 89 7 1 17 16 55 23 91 66 13 55 71 17 65 55 0 22 52 44 10 22 26 95 45 65 8 99 87 64 95 75 27 44 42 52 30 52 35 49 29 4 95 51 82 96 96 87 42 39 60 3 88 14 84 63 33 34 42 16 15 64 71 4 96 79 45 88 20 21 87 10 65 11 4 46 49 30 55 64 96 47 30 37 1 58 23 90 20 98 3 45 78 22 15 6 60 88 93 73 44 51 98 3 90 38 79 40 18 45 58 87 19 34 77 24 57 93 38 7 60 37 32 97 47 79 26 74 53 26 5 33 77 36 37 19 74 58 73 51 47 21 10 55 99 85 68 72 23 58 9 19 16 34 37 74 19 9 6 81 78 33 74 47 28 74 43 47 14 69 98 37 28 49 5 59 68 11 19 2 20 19 94 93 65 57 72 70 40 3 89 35 51 43 68 77 93 3 24 94 74 37 61 46 23 78 78 93 63 42 20 15 89 19 89 1 55 99 80 24 78 76 39 51 21 15 29 9 86 0 52 38 19 8 61 31 84 89 17 75 44 81 17 12 94 56 42 62 42 33 98 12 89 28 65 94 78 42 34 38 68 58 50 26 37 83 90 94 
72 97 0 23 92 80 50 15 93 77 1 69 90 55 88 36 5 91 24 14 88 56 18 48 74 1 19 63 5 42 36 14 84 24 4 39 88 70 41 97 96 73 11 72 48 48 87 10 36 97 53 88 79 62 72 85 9 39 68 13 97 28 91 60 7 52 53 52 32 32 16 3 99 1 56 88 32 81 14 72 8 2 7 52 33 3 37 85 1 2 88 75 3 51 59 94 87 2 55 39 37 24 1 3 51 43 93 59 65 23 43 67 82 41 16 44 98 66 28 80 38 93 34 5 31 92 74 78 52 5 95 56 93 14 48 96 78 27 97 63 82 86 69 9 42 22 71 75 72 64 21 12 35 43 42 75 15 5 95 13 94 21 65 87 88 16 78 57 47 46 47 86 67 91 71 52 12 13 19 39 48 25 85 77 76 61 25 61 94 29 74 9 65 70 5 82 29 11 51 18 0 19 62 72 28 30 75 61 81 56 55 5 34 57 50 68 14 23 91 25 54 37 45 86 24 83 61 8 47 62 35 82 66 70 15 10 57 67 2 30 60 62 97 11 47 37 38 11 8 93 20 1 25 29 4 97 35 52 44 53 33 67 16 37 18 37 83 21 1 29 46 33 55 87 47 31 0 78 8 61 91 56 6 42 1 69 19 18 90 49 72 45 23 91 19 68 58 88 52 46 
83 40 68 72 74 67 65 76 57 11 73 95 49 79 3 19 7 51 58 1 80 99 13 84 30 43 3 67 92 30 89 80 7 11 13 1 65 30 68 74 3 25 16 72 48 46 3 57 30 21 41 13 72 52 27 91 73 63 53 8 45 23 64 46 63 46 18 34 63 62 11 15 37 4 5 22 84 82 39 0 15 2 85 77 39 89 45 47 30 31 73 80 28 58 65 34 24 28 27 98 71 47 87 24 68 35 49 10 77 16 13 30 63 60 29 55 72 90 59 50 34 99 37 27 26 38 32 88 55 55 91 66 44 28 72 14 43 13 14 93 12 2 25 97 13 83 70 54 69 5 47 2 25 64 5 90 52 6 52 59 56 26 0 90 75 40 44 1 67 55 71 12 97 11 29 94 93 52 84 25 97 22 40 75 79 58 95 55 23 71 22 37 81 53 50 57 24 66 2 15 64 19 88 2 9 63 74 35 86 89 98 52 31 60 98 82 37 65 53 93 26 36 92 26 57 10 36 1 15 9 79 17 84 76 12 36 95 57 46 78 12 41 22 24 4 83 71 81 25 34 3 31 47 39 38 52 0 61 19 57 30 46 3 80 11 14 50 3 4 61 51 89 51 1 90 11 41 36 96 37 44 47 92 39 81 79 13 53 28 58 42 71 3 94 89 71 87 37 80 8 
57 69 69 23 91 97 38 62 50 5 72 45 26 7 0 52 53 36 80 64 88 57 42 34 75 60 74 34 61 41 42 56 27 76 95 81 87 55 82 2 0 76 43 90 80 73 24 64 63 35 38 9 29 63 47 98 19 90 4 9 26 45 56 13 26 22 18 87 93 30 76 32 45 1 4 8 35 25 81 75 92 66 30 65 92 18 20 31 84 52 66 19 37 46 42 20 0 0 83 55 2 86 30 96 70 93 76 95 33 6 61 37 44 19 5 58 47 87 78 59 72 49 59 94 96 31 27 38 49 82 11 36 39 62 92 17 95 31 29 30 63 33 19 21 8 35 18 11 23 98 61 13 89 99 5 89 67 18 73 5 24 84 75 13 16 81 75 29 58 84 31 36 2 18 80 34 90 56 11 35 44 47 80 32 27 82 95 30 85 94 60 93 21 76 48 86 74 73 33 82 22 24 57 30 23 31 41 49 26 81 56 4 87 78 46 10 83 85 91 83 65 64 27 44 99 3 35 59 68 84 58 36 2 70 83 45 68 8 75 33 59 79 11 15 86 94 34 3 68 59 51 89 23 8 84 5 58 18 88 17 12 3 30 14 65 37 66 30 93 51 11 35 60 19 83 54 78 52 55 71 29 35 39 92 49 99 79 6 6 84 91 80 29 43 55 14 30 60 57 13 
14 46 71 43 42 87 76 13 10 92 19 80 88 30 52 35 12 76 65 85 76 99 9 9 74 43 95 9 43 22 74 45 30 21 51 37 32 54 11 87 73 73 32 80 58 45 41 81 27 6 9 54 10 17 81 7 72 93 58 0 83 84 17 75 29 18 93 58 54 18 42 92 23 97 24 58 70 55 18 3 32 63 18 79 32 49 23 11 0 30 97 89 80 42 1 88 3 4 11 0 99 3 32 87 23 27 56 55 55 65 40 92 55 2 15 33 2 46 9 35 21 45 39 11 41 22 73 36 69 94 23 39 90 71 0 38 85 24 92 39 48 51 62 7 97 9 15 12 84 19 0 94 42 27 53 65 40 5 88 29 8 9 6 17 40 26 0 70 26 21 17 21 69 49 98 85 53 68 0 10 82 61 54 18 10 77 84 97 62 5 23 93 15 14 33 35 61 44 53 62 98 57 34 26 43 36 10 55 82 35 20 77 93 24 82 14 38 41 99 69 25 4 77 81 29 85 54 26 52 36 99 72 49 25 62 14 5 46 41 10 70 4 82 45 70 62 37 11 16 48 75 65 60 96 36 80 57 24 70 38 98 18 83 80 72 55 7 98 28 35 48 40 50 99 17 0 31 20 33 42 55 21 65 77 11 66 41 4 70 93 49 17 68 80 49 79 95 43 43 29 
43 51 88 79 99 46 79 47 21 9 13 47 69 7 83 61 34 46 51 93 13 84 19 12 86 64 69 1 55 0 93 56 16 70 82 41 97 75 10 78 27 84 58 6 69 41 69 56 4 66 89 68 18 63 94 71 10 33 56 73 84 54 23 10 37 11 82 76 79 17 13 79 63 9 7 52 8 15 18 94 49 54 85 40 22 56 78 71 31 40 47 86 68 95 45 96 83 25 1 95 86 89 20 90 53 9 43 39 18 86 29 25 83 66 13 78 7 4 24 30 71 14 24 78 47 64 74 64 21 14 24 93 89 39 72 46 98 33 82 82 63 55 16 91 33 69 37 73 51 97 98 35 30 31 60 84 25 92 6 45 47 65 23 10 57 11 45 61 61 30 87 85 78 53 52 45 22 20 30 39 51 40 44 38 73 87 45 64 87 41 92 63 74 49 42 85 37 21 11 78 7 57 2 99 73 8 58 49 98 18 87 83 7 75 24 83 56 93 86 51 51 83 69 86 98 66 13 2 17 90 42 48 7 38 90 45 47 84 90 9 17 0 84 79 18 51 22 41 60 50 9 13 82 20 74 68 72 60 22 48 2 74 33 42 53 28 4 63 76 69 76 47 54 6 33 23 34 9 73 57 59 75 68 36 27 2 92 84 0 50 60 66 27 13 64 25 68 89 70 29 
42 10 34 80 58 34 17 59 61 19 96 48 44 41 14 6 61 65 72 93 14 34 14 31 69 50 48 21 37 58 23 36 0 84 8 36 66 56 60 14 12 3 69 36 18 58 23 85 60 44 24 1 5 51 23 48 30 34 95 13 31 14 2 85 29 72 38 12 28 94 84 28 18 78 50 26 95 46 74 40 25 77 63 30 23 64 40 21 36 90 85 36 56 39 55 39 50 5 73 1 67 49 81 90 48 58 98 16 15 64 29 93 32 84 96 62 27 42 87 48 65 90 54 55 63 74 78 50 64 1 76 78 99 72 21 44 73 44 96 9 46 97 53 59 60 40 69 97 33 25 99 79 14 88 82 80 56 67 68 93 97 61 95 29 16 87 7 40 59 59 89 82 9 77 2 66 8 44 70 17 57 95 10 47 77 84 51 33 10 73 23 50 66 15 32 68 24 22 26 86 20 89 79 76 22 26 60 27 76 0 67 70 70 54 67 11 28 17 72 18 35 3 97 25 47 55 1 94 0 47 7 33 46 85 92 46 86 80 3 43 55 99 29 2 65 49 75 82 1 54 56 70 8 10 10 44 40 78 87 92 48 40 74 85 30 50 48 67 75 99 28 97 10 26 41 88 16 76 63 40 18 68 2 8 73 15 44 54 80 21 7 61 69 3 70 0 55 21 58 96 
83 78 47 67 81 42 80 79 22 12 79 93 14 95 87 41 31 3 3 14 83 47 60 40 1 73 85 12 7 86 95 9 37 74 56 16 54 0 57 7 83 33 87 2 91 90 67 0 4 50 88 39 90 36 65 44 16 94 64 11 66 4 41 7 90 47 90 25 91 2 52 11 32 22 3 40 4 20 40 87 28 66 5 50 15 92 43 65 89 52 16 66 52 73 82 56 95 58 88 42 88 24 59 51 83 29 83 78 98 28 45 70 82 68 22 95 22 15 56 8 11 52 60 4 56 36 8 9 9 23 20 23 77 3 34 4 38 44 24 45 76 23 42 52 50 39 57 26 99 12 54 71 53 2 56 81 62 85 46 77 92 99 54 42 2 39 52 43 63 28 54 84 1 54 25 50 33 7 47 63 60 96 74 79 32 9 54 27 46 93 52 97 14 1 91 13 16 91 94 97 38 70 44 28 66 93 92 76 15 14 92 40 13 27 60 8 30 56 7 5 93 37 54 67 88 44 25 85 83 94 57 89 86 1 21 22 27 92 26 58 39 72 16 25 61 51 50 45 73 1 40 61 12 66 56 88 93 87 2 36 36 91 5 89 0 71 45 61 83 99 78 16 87 49 79 80 91 70 18 54 48 58 15 73 76 99 13 84 68 97 67 80 81 78 38 2 0 31 84 55 
2 51 96 31 13 50 51 33 23 55 39 59 82 48 74 34 54 37 29 96 60 8 56 9 26 45 84 69 22 81 36 2 96 56 32 41 2 65 98 81 9 8 64 87 52 6 1 44 68 73 92 63 60 34 80 54 41 2 19 29 56 10 17 53 53 0 33 83 80 53 95 36 16 88 69 5 47 86 50 5 87 79 72 8 62 4 86 33 29 25 96 44 96 71 21 78 29 24 28 72 91 74 18 2 47 74 36 21 37 59 64 64 26 69 22 61 89 64 14 40 70 4 47 89 93 57 57 46 3 89 39 45 39 40 50 9 39 29 8 36 51 33 18 92 53 93 5 53 91 82 25 72 53 54 0 6 59 44 90 37 20 0 97 33 58 9 41 18 85 87 91 74 78 68 13 91 64 21 9 39 73 28 19 83 75 27 68 28 20 35 71 11 27 19 87 3 81 5 82 84 21 0 30 47 16 57 39 53 31 32 18 99 42 74 5 81 93 44 59 40 92 81 86 35 49 59 78 38 54 46 9 0 66 71 81 97 40 27 80 14 55 17 13 64 68 25 79 2 43 86 44 79 96 46 24 78 64 51 56 28 27 95 21 47 59 28 17 43 83 39 93 6 75 71 13 44 15 47 66 6 78 79 31 35 87 65 56 23 25 42 18 23 67 83 99 99 57 16 54 63 
76 88 85 49 0 30 16 70 19 30 80 13 60 92 22 64 13 3 72 70 75 14 3 38 90 98 30 74 20 98 7 21 35 62 24 47 9 81 32 9 35 50 67 21 54 29 73 76 61 64 37 71 41 73 27 92 19 47 58 32 41 37 80 89 75 33 63 21 47 50 67 2 42 3 89 48 30 20 52 14 96 34 79 75 66 27 79 73 22 96 23 38 96 8 72 91 45 61 49 34 91 43 74 75 22 50 80 64 81 49 27 84 77 21 96 76 18 71 20 57 17 74 97 22 22 2 3 14 38 18 64 29 46 19 73 85 67 48 26 79 24 45 84 87 30 39 23 64 48 20 82 17 13 72 98 37 70 93 15 46 53 68 85 29 34 47 98 5 18 56 48 69 35 54 51 9 76 0 9 86 16 26 82 87 78 39 93 33 76 94 59 76 30 77 88 96 69 38 24 18 2 28 34 37 18 39 21 21 15 17 31 61 16 14 58 45 24 89 26 1 79 23 93 16 20 66 36 85 90 11 28 58 56 20 87 44 16 62 5 35 69 8 97 30 78 10 58 4 1 45 8 99 53 39 22 6 70 79 69 16 75 13 15 47 58 60 53 68 35 45 37 40 96 35 60 44 87 72 7 21 74 5 37 17 29 51 49 14 59 18 99 93 80 62 79 17 3 43 9 27 
49 54 26 79 39 18 13 16 77 7 76 3 79 65 4 19 5 70 7 57 98 38 39 83 81 57 28 43 46 9 94 55 40 84 24 82 67 30 71 72 1 89 62 68 18 43 13 76 10 19 8 49 35 63 21 46 46 48 24 68 67 31 36 38 46 62 53 15 50 29 12 62 3 40 30 94 59 70 0 16 31 70 7 10 84 67 84 91 86 79 79 35 70 55 91 8 21 29 19 65 93 17 46 68 60 22 85 98 89 94 37 40 87 58 4 71 97 2 51 34 4 41 12 71 6 9 32 86 49 17 55 2 4 35 54 13 12 51 67 97 36 99 64 21 88 36 49 76 67 43 10 72 71 53 11 56 31 5 68 40 48 88 12 44 61 55 45 39 71 27 17 23 38 38 46 45 6 8 94 91 8 63 70 55 54 88 36 33 13 2 63 21 94 18 47 67 66 39 96 33 16 78 76 70 38 77 91 1 13 34 54 2 73 92 65 97 52 82 32 38 38 14 54 30 76 17 98 71 51 63 24 1 4 74 27 80 33 16 65 13 16 20 50 76 77 45 73 84 65 94 57 71 13 56 78 35 27 90 42 57 97 22 10 47 64 15 27 94 50 47 51 20 68 34 46 57 62 14 21 27 96 78 38 45 28 15 27 64 33 96 60 95 27 4 14 73 57 74 21 21 
67 15 93 69 55 82 22 34 34 50 24 66 1 90 36 43 35 77 50 58 72 64 39 28 21 76 4 13 44 42 50 37 39 59 87 52 89 75 13 59 57 50 17 36 77 91 88 35 55 7 97 31 86 15 68 52 93 99 34 21 63 30 55 48 25 98 13 88 15 70 25 69 54 27 65 8 49 35 60 22 60 94 3 3 4 17 59 65 47 61 52 37 21 62 48 81 22 22 13 31 81 14 29 22 7 71 88 47 94 84 76 44 92 47 30 96 88 65 69 81 14 6 20 92 4 36 46 85 66 20 76 41 16 25 6 43 15 73 88 29 59 68 29 29 94 10 47 24 63 34 87 90 32 59 66 8 23 94 60 14 49 46 48 56 64 72 46 38 6 51 0 11 14 32 13 97 66 26 98 83 20 86 89 52 10 60 72 41 89 51 24 98 96 18 22 99 60 19 9 1 62 80 76 61 65 73 45 50 5 34 39 57 52 28 83 10 32 47 2 39 25 96 27 45 40 79 3 57 64 10 42 38 22 45 52 43 68 67 81 93 13 49 17 61 71 83 71 98 10 80 56 42 75 89 87 63 12 61 96 34 20 80 49 27 44 83 53 6 90 79 69 79 44 77 65 66 12 30 75 40 83 55 0 96 43 33 66 81 45 15 83 42 59 58 55 34 70 33 32 77 
24 95 23 88 53 95 53 55 82 2 11 54 83 85 4 0 57 87 53 95 15 35 52 81 97 92 17 56 57 28 77 7 79 71 40 30 39 58 24 40 11 7 30 63 53 25 34 53 43 67 88 71 5 24 91 70 62 26 79 54 59 17 49 85 53 59 44 75 68 24 27 46 45 41 82 92 17 99 72 77 62 85 14 61 20 75 22 82 72 46 59 15 62 59 30 78 38 53 8 64 92 90 95 47 89 85 76 5 95 89 15 79 60 75 58 92 29 26 64 19 1 70 92 32 21 73 39 36 19 90 56 40 37 69 67 80 56 84 78 19 42 64 35 57 74 63 21 62 52 52 82 46 37 40 66 54 30 2 67 89 31 64 43 51 8 65 83 55 67 10 53 15 90 2 2 35 94 54 92 97 0 96 38 17 41 67 5 11 50 82 60 3 99 69 99 80 15 26 54 49 41 29 11 30 46 86 12 75 9 23 82 1 86 72 70 80 83 28 13 86 81 96 61 42 54 41 28 54 90 98 40 15 51 58 66 46 71 64 52 34 20 76 2 12 20 45 15 91 83 82 17 92 29 96 19 67 88 8 38 49 76 69 73 13 18 63 42 11 60 23 34 96 85 79 23 88 22 46 96 82 46 73 51 84 83 41 83 23 35 32 51 55 77 68 91 62 36 43 30 83 
88 61 13 36 48 46 27 69 92 73 25 87 6 80 5 86 51 55 94 7 19 65 58 29 24 81 44 23 55 98 78 7 27 46 13 59 19 69 94 32 64 23 9 45 96 94 53 53 73 92 48 73 88 74 3 64 8 11 10 59 20 34 74 45 17 15 58 43 38 23 1 86 61 43 3 43 52 91 33 74 9 58 32 85 22 19 74 54 34 57 92 8 24 20 92 66 66 65 61 48 92 90 91 70 68 32 66 29 35 14 43 30 29 32 34 62 17 29 92 26 70 34 62 47 44 77 68 56 93 28 69 85 81 57 68 72 99 10 91 31 75 92 78 45 55 84 86 31 5 59 17 17 41 86 98 95 10 4 28 90 20 40 52 62 70 52 55 61 21 24 23 68 53 17 67 95 86 22 91 47 7 31 21 3 85 50 80 15 63 35 72 79 33 52 77 25 99 59 99 11 26 96 21 49 6 15 89 30 80 26 22 92 7 71 65 84 60 79 25 1 72 52 83 16 68 42 45 22 86 66 43 65 48 79 1 86 58 13 33 99 0 6 86 3 68 27 44 69 98 98 65 22 23 90 11 96 32 43 64 59 82 40 65 60 88 64 4 65 16 98 11 76 78 49 92 99 59 74 18 2 31 53 95 17 71 12 59 37 59 11 33 63 56 70 95 9 90 43 72 85 
1 41 53 79 14 59 61 95 90 20 31 72 32 27 57 48 9 14 55 31 34 61 36 90 94 82 57 86 50 45 36 55 38 44 75 9 42 8 72 78 51 20 95 42 2 26 51 85 12 15 55 40 73 63 35 72 74 67 10 92 72 98 20 41 50 27 18 36 19 58 53 30 4 16 64 13 25 7 85 50 45 28 79 32 26 68 56 72 32 17 74 83 86 63 11 62 91 67 73 71 57 82 87 54 60 44 77 15 37 10 43 99 60 92 58 91 60 28 23 99 64 6 26 32 37 57 29 70 82 63 65 84 2 83 12 11 21 72 33 59 13 88 45 31 92 38 93 42 41 74 30 94 7 67 95 3 97 52 24 0 14 34 48 28 38 56 20 47 47 77 12 62 84 52 89 86 66 51 96 60 43 99 69 66 4 57 46 8 16 74 37 70 12 63 41 5 45 50 28 38 32 41 77 91 91 59 31 29 69 4 82 28 73 86 17 93 98 16 88 58 19 82 76 87 55 78 6 4 94 17 28 55 5 94 29 55 21 77 59 0 53 42 58 93 98 72 94 67 51 41 30 78 85 16 44 70 53 96 8 26 85 37 24 98 97 1 28 85 87 61 41 37 90 5 8 36 12 16 99 88 96 9 3 31 47 26 52 59 21 29 30 11 37 99 13 16 41 95 46 11 
17 47 45 25 37 74 14 38 83 27 31 25 37 78 88 91 25 62 44 6 38 57 83 36 56 2 22 9 11 12 39 2 29 43 61 53 94 96 18 34 47 22 65 60 79 32 53 5 24 0 19 52 89 41 37 12 5 61 95 25 12 45 82 58 40 6 48 78 45 48 84 52 41 80 16 7 16 81 86 27 52 80 94 49 58 66 76 91 43 54 9 7 15 72 37 60 69 66 53 59 4 97 17 57 47 77 44 34 44 92 94 88 70 93 17 33 66 16 38 51 16 84 89 32 32 5 39 19 58 93 9 71 63 96 61 65 68 94 15 81 87 74 28 5 74 61 39 69 42 52 68 16 30 50 75 14 67 38 13 51 42 87 53 23 57 6 80 7 33 29 51 45 97 44 45 95 54 53 18 20 88 73 25 41 11 18 62 1 9 18 67 24 97 67 96 93 28 93 93 43 77 96 22 36 72 5 34 47 60 15 27 12 39 70 68 8 28 40 11 9 95 42 54 41 7 2 42 14 52 43 99 13 80 40 57 28 12 55 38 84 31 32 34 17 51 67 74 86 0 50 93 96 50 48 13 77 46 0 6 50 19 28 84 81 28 37 73 94 28 37 94 5 74 14 72 40 3 88 60 8 92 46 23 19 56 74 30 94 17 12 71 36 38 91 90 23 35 44 90 53 
12 90 22 90 18 25 2 67 43 97 98 73 88 4 37 42 66 28 62 5 4 37 57 5 19 47 23 10 89 29 82 96 68 29 65 18 57 75 44 70 92 61 26 90 72 42 12 32 65 82 56 36 71 67 83 88 22 51 17 69 37 93 68 90 82 3 41 77 18 71 1 79 62 24 84 8 35 92 7 28 97 42 66 64 55 81 21 44 56 45 82 26 76 92 51 26 81 63 23 36 60 48 60 97 67 28 1 57 58 90 11 6 68 4 70 37 63 77 18 7 92 57 52 60 94 41 65 12 40 19 22 91 68 66 33 43 48 52 57 37 14 41 86 41 59 84 95 59 68 55 13 60 22 63 43 8 34 19 22 35 65 25 57 56 53 44 43 65 11 65 40 99 29 20 14 83 61 96 32 53 48 75 19 98 56 42 98 22 5 38 8 80 8 41 30 1 19 67 40 9 98 45 74 10 10 50 4 89 17 7 9 11 79 59 18 35 16 19 87 65 44 1 40 25 65 40 68 42 3 69 26 8 11 50 2 5 33 47 9 79 61 0 92 47 13 12 64 46 77 10 65 78 94 76 41 47 16 27 61 16 29 96 1 13 39 44 20 72 58 40 94 28 49 83 32 33 51 83 52 41 42 67 33 5 71 69 5 82 64 43 34 60 86 66 70 4 54 43 53 32 
26 54 26 41 58 64 92 71 5 91 9 5 30 2 79 48 24 32 65 46 40 42 90 95 7 33 43 83 36 18 89 34 94 76 99 0 67 43 99 63 0 43 61 95 27 75 14 52 12 3 71 68 5 25 97 14 59 39 47 13 24 84 8 37 76 94 97 28 2 88 27 2 19 5 21 16 98 90 3 39 33 37 32 95 19 6 12 4 19 14 92 10 52 27 5 3 20 87 53 20 54 35 8 31 14 32 99 16 7 51 42 37 36 56 77 81 97 96 43 23 94 27 27 70 59 11 82 67 43 58 93 62 67 63 90 31 53 43 5 63 6 41 17 72 47 30 17 16 58 6 48 73 71 34 71 95 89 56 11 75 19 74 11 67 0 0 32 92 61 52 6 25 14 3 51 98 18 53 78 69 67 82 58 60 40 67 31 79 90 95 25 97 17 12 74 9 50 67 39 82 63 67 8 47 7 93 29 66 37 79 25 96 66 91 12 53 4 19 80 57 82 98 39 60 98 13 98 39 98 88 33 37 89 77 23 1 81 84 25 30 12 69 42 86 30 51 65 96 21 18 23 20 41 74 34 22 75 89 34 83 71 65 57 6 50 5 98 60 3 0 28 76 84 67 72 84 67 74 28 52 8 53 36 39 55 89 55 71 53 66 50 99 19 94 46 69 27 87 75 28 
35 40 13 4 52 91 53 42 96 15 16 63 72 69 15 45 29 79 29 27 13 4 61 34 70 39 7 55 46 69 25 93 5 31 61 28 31 66 9 57 13 74 50 64 22 8 43 85 30 11 7 86 6 67 32 91 12 87 22 57 81 72 95 49 28 3 20 30 51 43 17 25 16 24 63 88 65 77 62 20 46 71 9 81 9 10 17 52 78 59 51 55 86 18 66 96 67 25 56 20 88 17 75 84 48 0 22 53 89 16 99 46 75 65 94 55 1 89 42 14 14 60 23 97 61 38 66 43 59 32 93 42 79 56 92 16 61 32 93 6 71 86 47 1 44 30 60 98 89 6 11 38 91 78 53 25 63 27 68 98 78 70 58 39 49 93 10 30 72 13 26 57 36 65 71 68 43 23 83 57 33 45 96 90 17 96 97 34 19 70 58 75 2 8 74 25 27 14 46 13 30 17 46 7 19 62 92 7 87 97 20 98 53 36 4 79 51 17 24 24 48 45 64 49 95 97 33 84 69 43 98 17 88 13 61 11 81 84 20 50 33 26 69 1 76 2 85 66 91 47 73 73 81 58 39 6 79 82 70 94 42 87 26 51 22 7 15 42 77 80 79 82 48 78 66 91 42 16 8 89 32 24 95 85 84 70 88 48 55 45 94 60 23 67 37 24 90 95 70 25 
59 6 55 53 30 79 65 63 15 65 20 53 43 46 44 95 68 42 89 56 17 27 25 53 1 70 18 2 76 64 11 89 35 42 32 2 81 50 33 42 70 32 94 1 89 9 85 55 15 29 68 97 44 32 92 5 42 14 86 91 86 89 56 55 63 29 10 75 85 94 54 72 17 27 65 73 18 6 33 28 39 2 63 6 62 61 85 69 45 89 57 34 83 4 60 47 61 72 77 30 56 73 47 24 91 84 5 50 95 88 20 57 63 17 75 48 63 6 83 66 16 7 35 31 89 27 26 61 92 84 36 50 75 17 87 62 68 32 38 3 83 60 46 39 97 23 85 44 77 65 43 7 5 99 85 94 86 52 98 65 12 80 38 97 30 64 1 29 16 70 79 60 67 52 10 21 14 82 20 77 95 32 11 23 97 35 52 64 13 11 77 17 35 98 31 18 52 29 96 49 77 90 42 7 8 16 69 14 15 48 2 6 17 94 20 79 90 29 94 26 11 74 2 18 87 47 63 29 22 75 15 52 20 57 16 52 31 91 30 35 66 92 34 65 37 75 55 69 34 70 95 17 21 86 30 61 35 95 30 61 56 38 24 11 2 12 67 21 70 5 22 98 3 68 57 66 28 78 28 25 63 20 60 59 54 71 54 2 92 16 93 98 22 67 52 94 96 18 37 28 
97 37 79 81 61 63 2 22 67 57 7 63 97 76 28 43 6 28 84 52 82 64 6 28 89 63 33 4 12 33 7 46 23 9 66 65 41 76 29 38 75 59 13 76 55 40 75 92 63 22 53 41 3 7 37 3 96 46 84 49 33 33 97 26 94 63 11 68 79 64 98 84 44 19 47 49 44 96 20 92 39 86 35 65 84 95 80 75 87 6 85 24 65 23 70 53 25 81 92 13 74 16 4 0 77 8 7 33 40 46 60 95 30 81 26 16 56 29 47 25 68 68 24 69 46 88 45 44 84 21 16 13 70 42 46 57 82 97 36 19 19 38 76 15 75 65 46 22 42 35 17 30 66 6 35 59 54 67 85 20 97 98 66 84 75 15 17 51 91 39 11 45 86 5 26 3 17 26 55 15 6 61 64 37 51 42 60 5 65 20 42 13 53 68 16 65 97 25 8 92 31 47 61 37 28 87 76 16 18 3 34 67 25 2 44 59 29 76 60 66 9 39 88 21 31 39 35 97 5 6 3 70 10 61 78 3 23 80 30 37 39 58 97 25 22 90 83 34 36 71 65 28 15 92 23 44 11 71 65 19 37 56 23 13 27 34 94 32 26 29 13 43 58 64 11 78 14 4 2 88 49 23 8 77 10 24 85 88 34 0 13 78 30 16 37 14 50 64 81 72 
55 24 55 0 18 39 86 27 73 17 49 49 39 72 38 68 24 99 84 5 90 72 31 73 37 56 19 25 68 6 8 61 76 29 84 21 84 42 90 60 74 11 63 90 72 96 23 89 17 72 53 35 43 54 19 67 44 41 84 89 87 73 51 13 87 58 74 4 14 65 31 74 65 81 38 48 71 46 48 57 94 71 27 82 32 85 72 89 3 90 58 7 83 47 15 91 49 7 49 46 1 43 52 13 93 71 42 75 60 99 18 24 83 57 87 78 38 9 41 53 58 5 67 65 80 11 37 53 3 88 29 64 92 83 76 16 95 94 47 1 1 82 50 90 73 2 91 62 38 50 51 80 38 20 52 85 99 43 89 7 27 69 0 12 8 10 48 98 84 13 39 47 59 0 21 65 77 51 29 83 18 50 81 29 3 99 85 11 28 93 30 85 27 12 19 91 56 63 41 36 24 9 14 78 15 66 48 17 50 51 12 58 95 69 75 17 16 98 17 83 68 7 53 65 63 53 36 88 19 89 4 60 4 43 45 19 35 85 98 60 26 84 90 17 18 38 10 47 11 11 49 0 86 17 65 53 39 25 33 4 37 92 91 76 57 40 29 35 88 45 86 97 56 67 45 50 39 93 75 7 53 93 35 71 73 74 98 99 42 14 54 84 28 8 5 10 58 17 52 21 
54 83 7 17 17 2 25 60 20 53 14 95 90 36 78 35 58 44 74 59 49 68 42 50 33 52 33 8 10 7 19 92 92 27 98 48 29 81 88 23 52 32 80 1 92 20 95 98 53 26 9 58 79 16 71 31 94 49 32 37 68 96 29 79 59 45 42 31 84 16 9 80 72 87 25 8 16 45 46 6 2 54 29 49 48 21 48 10 56 53 14 70 12 93 93 64 24 35 79 1 38 48 5 0 45 77 53 59 56 70 15 2 5 61 2 8 74 66 57 2 64 57 0 96 79 77 68 85 87 30 70 72 4 81 2 0 62 69 53 37 53 32 86 27 53 17 71 68 62 72 62 51 87 77 90 30 45 17 29 78 38 50 46 81 27 4 34 45 11 69 83 95 1 75 63 58 64 69 20 41 85 14 50 39 64 15 90 43 95 14 49 56 33 24 10 99 72 55 27 89 88 6 79 83 74 99 1 38 90 14 72 16 81 95 91 89 42 2 99 36 85 24 59 4 4 0 39 83 6 98 81 18 95 83 72 67 38 80 69 30 90 19 43 80 95 22 42 64 0 6 36 60 5 55 69 12 73 97 75 36 32 17 99 34 31 62 67 75 67 51 56 59 12 20 66 16 67 80 78 7 79 65 77 50 47 66 17 19 78 61 79 77 17 35 1 12 41 29 89 78 
37 91 25 13 79 9 75 39 64 97 79 4 59 31 7 99 62 47 35 24 8 79 87 28 91 47 83 92 55 22 36 72 10 76 7 11 22 16 53 77 45 47 96 93 50 52 17 34 50 42 51 71 41 10 54 42 72 45 10 94 61 62 68 17 29 30 38 1 44 33 3 83 37 75 72 24 19 61 87 77 86 29 65 32 51 42 34 3 42 48 17 60 78 27 92 8 95 43 43 18 80 27 90 40 8 61 70 90 91 80 8 49 84 10 58 76 83 86 45 84 34 36 24 94 72 94 17 72 35 66 98 70 66 67 74 51 33 43 3 60 70 98 46 28 32 50 33 77 23 68 27 20 8 30 28 76 80 1 24 77 41 19 78 12 86 89 62 95 86 25 17 84 92 49 35 89 14 91 58 22 1 14 76 84 24 45 73 39 42 55 44 11 46 21 8 31 93 29 88 79 51 44 16 8 46 13 89 48 27 62 84 20 84 85 59 2 56 2 1 98 98 85 13 62 22 73 92 98 1 76 22 63 50 68 62 87 94 51 93 56 73 87 46 27 68 70 14 59 43 79 61 95 43 39 66 14 32 69 50 39 1 53 79 85 2 50 63 40 3 59 66 67 19 75 56 87 51 23 26 45 15 90 87 48 97 10 97 51 65 2 83 16 47 96 71 66 17 2 91 24 
77 99 67 48 5 87 99 10 2 27 71 14 75 84 32 23 84 36 98 90 84 30 52 66 6 65 87 48 47 29 64 69 24 65 18 63 96 75 32 12 74 5 18 82 1 24 11 53 62 92 63 90 17 49 36 72 17 39 93 85 76 98 82 95 78 42 94 31 54 68 64 63 30 15 2 31 41 84 15 13 54 26 40 82 49 79 8 58 47 78 75 40 44 11 44 46 69 92 81 88 11 10 73 92 9 26 31 57 23 43 18 32 93 47 23 97 90 88 86 45 68 52 83 73 80 29 1 43 52 91 67 81 5 60 93 32 12 98 75 64 60 7 72 60 85 97 91 29 19 34 0 2 73 25 90 41 2 90 53 80 95 69 59 80 87 44 25 82 9 62 34 5 1 48 87 55 65 57 7 33 33 2 67 25 17 75 6 47 81 45 35 43 85 50 31 39 92 18 6 61 54 67 12 92 62 35 75 91 40 35 83 0 83 79 34 96 16 67 63 92 21 42 16 20 69 77 76 49 53 42 34 81 0 10 49 36 11 69 84 48 54 5 48 11 68 49 23 63 28 70 8 60 99 64 83 44 96 68 65 97 44 14 40 99 53 56 47 39 50 40 60 43 71 65 4 86 12 89 28 14 98 36 84 2 38 81 16 57 15 3 57 54 46 45 48 16 14 86 94 9 
4 77 38 69 94 78 29 14 93 47 13 48 55 86 44 87 6 59 79 51 8 55 32 82 77 31 77 81 88 59 68 36 37 62 6 64 51 25 29 10 14 60 44 79 59 72 91 82 49 59 48 13 55 40 50 20 71 62 34 6 27 10 70 33 57 95 56 83 22 73 76 33 95 65 18 24 21 55 54 24 83 26 78 48 42 47 20 52 36 68 27 82 29 2 24 59 0 97 50 41 35 98 87 2 14 85 61 70 60 64 26 36 6 54 96 98 31 87 77 23 66 96 27 75 5 77 51 16 69 99 69 20 61 19 58 46 46 14 17 11 98 8 61 13 86 23 80 2 29 15 96 26 6 61 88 71 37 56 4 62 95 13 59 15 87 30 53 47 56 62 28 93 41 67 25 69 59 1 76 41 64 5 94 35 44 70 80 22 70 72 42 71 96 69 83 88 46 96 41 38 87 8 52 91 56 1 49 90 44 92 31 14 37 82 45 62 71 50 32 89 11 2 60 99 36 54 26 74 24 59 91 49 35 10 30 78 23 40 21 82 78 94 38 52 70 58 18 15 55 30 70 42 95 62 46 67 37 14 82 7 95 35 0 15 27 40 78 95 45 56 74 48 37 92 5 42 70 74 77 53 66 57 99 38 20 87 7 4 5 25 7 54 93 8 24 12 50 78 57 87 
1 50 88 81 64 94 42 99 83 28 3 61 84 52 37 24 6 28 38 9 89 65 45 54 47 0 44 13 13 77 18 1 40 27 67 85 10 69 43 64 25 41 73 46 24 70 79 51 8 80 0 92 42 14 43 86 55 14 98 72 94 16 84 8 17 39 92 40 46 51 28 68 30 50 11 29 66 59 94 54 49 24 27 76 12 95 26 13 74 54 34 49 6 75 98 60 0 66 70 94 26 3 84 44 21 69 1 69 99 15 68 78 32 15 56 70 53 62 37 26 65 73 34 86 1 24 85 33 57 58 94 31 78 31 53 18 66 12 92 78 20 35 99 54 44 55 59 72 31 38 63 62 11 22 7 40 19 15 46 33 73 87 40 73 44 22 3 77 47 22 21 61 82 91 48 76 88 63 98 37 66 31 84 2 71 86 50 10 49 87 67 0 84 41 88 9 67 46 48 35 31 25 86 10 61 18 79 77 23 33 31 57 64 35 38 1 8 17 54 84 83 42 31 28 45 48 48 57 17 72 95 76 77 72 28 66 17 64 60 60 64 33 90 77 99 62 75 58 90 91 49 79 23 46 67 75 87 71 52 97 88 30 98 80 60 76 47 14 52 22 87 66 21 97 71 78 41 76 0 64 58 86 48 79 90 68 29 60 9 47 98 94 54 21 49 93 65 33 41 3 
26 72 63 22 93 10 99 26 45 2 2 6 72 34 9 1 14 29 39 77 79 88 31 34 21 87 21 1 45 80 40 64 94 60 19 67 82 72 28 50 83 59 40 37 86 26 45 41 22 20 12 9 31 72 50 18 68 80 96 82 78 73 2 11 35 29 41 16 45 35 7 19 6 55 5 6 10 43 72 91 61 61 60 68 51 47 29 24 34 49 67 56 15 87 26 29 67 14 95 74 16 98 8 86 1 81 37 13 76 48 98 14 55 19 73 28 56 42 48 99 60 46 6 41 24 10 27 81 27 24 98 60 42 52 81 29 31 53 53 48 70 34 69 48 89 19 26 20 96 98 13 4 0 50 18 0 61 9 97 14 74 98 45 10 65 57 88 13 6 59 52 18 29 41 21 81 18 59 85 71 45 33 52 63 97 94 3 15 72 94 3 4 35 55 5 57 75 36 42 24 75 5 62 53 96 34 49 54 65 22 37 20 0 89 85 81 20 55 2 27 87 76 52 83 56 95 38 65 2 21 14 7 19 42 3 32 22 88 10 84 95 64 64 48 18 17 98 65 38 16 90 32 1 79 26 78 57 61 73 87 85 21 42 74 31 51 4 12 78 43 92 14 87 69 91 53 41 53 39 87 63 76 76 68 69 13 4 62 93 34 40 99 85 2 16 93 75 13 87 24 
46 56 49 23 12 34 43 69 39 38 80 95 9 95 29 29 93 71 4 2 50 13 18 63 10 3 66 92 73 94 98 77 14 9 7 26 2 51 92 45 87 86 65 63 83 95 61 81 70 81 7 47 31 58 84 27 28 3 20 0 39 78 47 48 81 24 60 4 52 10 34 86 91 93 13 31 7 25 85 29 50 30 58 94 62 2 8 56 55 56 62 28 51 29 20 85 49 2 17 4 95 24 56 61 57 40 83 16 21 62 18 77 87 77 41 96 40 15 8 17 16 54 81 81 12 91 61 39 62 29 39 72 9 25 24 57 17 2 65 95 22 94 12 56 91 38 79 69 98 71 39 30 31 57 85 84 81 91 7 26 31 25 28 17 79 49 69 47 31 23 2 62 16 29 70 19 24 79 23 93 25 27 96 12 76 46 18 3 56 18 81 34 51 41 21 59 53 75 23 40 42 92 1 19 7 15 21 1 84 72 91 74 44 60 47 50 17 43 84 71 28 71 50 28 43 28 87 90 89 47 12 35 52 64 91 79 46 15 89 56 92 31 49 97 48 52 69 79 57 94 63 31 87 32 13 27 88 86 28 51 1 96 66 89 42 23 26 49 39 11 54 93 13 92 24 29 3 72 1 75 74 10 94 54 50 63 70 90 65 79 70 80 8 8 64 32 15 76 84 4 
57 80 98 53 23 48 5 25 95 58 83 60 5 10 66 98 92 86 98 69 58 18 10 3 1 16 5 18 4 78 98 22 96 14 33 29 92 50 98 30 69 97 4 74 88 13 80 15 62 25 89 22 53 16 81 73 42 72 13 12 52 4 11 78 28 45 21 52 81 34 64 22 32 67 70 41 84 89 41 93 47 2 42 8 44 80 19 81 45 59 25 40 56 74 6 33 77 38 29 69 3 93 37 67 82 80 2 62 60 13 91 40 3 31 87 86 28 40 18 50 13 20 86 54 56 17 96 15 41 69 0 36 75 84 56 38 94 59 5 87 92 15 16 60 78 10 60 66 59 28 42 44 8 23 39 8 68 8 5 14 41 51 41 35 88 53 71 35 60 37 79 96 3 4 71 0 59 87 3 24 76 68 65 51 62 60 68 49 73 52 71 46 93 99 36 93 75 37 33 53 83 31 79 87 2 1 50 3 8 16 48 79 93 17 64 31 61 47 94 23 96 75 96 59 62 18 69 20 23 67 72 70 2 52 62 49 27 44 90 26 11 80 98 49 49 46 36 40 4 64 37 25 60 45 32 74 46 42 61 48 25 45 38 17 40 85 59 70 96 75 94 16 36 60 72 59 79 9 5 77 60 94 76 11 22 60 17 68 40 92 32 47 48 64 5 70 2 94 43 9 
25 79 73 67 39 52 21 69 38 94 15 18 37 40 13 51 65 23 26 20 88 44 37 62 78 31 24 29 87 33 8 39 58 12 34 71 21 97 1 31 26 0 60 73 42 55 89 52 31 85 24 96 62 10 8 70 73 80 82 90 77 40 24 95 77 0 56 46 81 32 6 65 15 67 10 68 63 92 16 37 63 28 54 7 57 19 23 20 72 89 48 4 91 80 25 40 62 30 26 21 2 44 66 66 44 49 70 81 21 32 52 17 79 52 95 27 71 20 21 26 86 44 86 67 80 38 74 76 12 9 90 28 27 38 7 33 62 81 5 17 67 62 66 46 46 21 3 63 24 90 5 69 57 77 0 20 28 17 36 7 69 91 51 50 13 95 65 6 28 66 20 16 65 25 31 16 75 56 57 39 40 18 48 62 44 28 2 23 79 59 39 6 59 63 13 57 57 68 51 60 91 64 51 57 69 48 65 89 32 10 80 56 12 12 46 15 53 75 17 19 9 71 71 33 17 2 30 85 19 24 55 85 86 16 46 82 88 5 29 72 86 44 42 68 66 72 73 40 81 33 91 24 60 77 3 55 86 72 56 97 29 63 49 69 63 40 87 47 26 92 25 57 87 79 38 94 10 45 95 11 14 55 62 55 84 72 35 86 23 74 14 72 22 41 50 0 70 95 68 79 
33 71 68 28 14 24 8 46 61 7 91 41 99 8 5 67 8 22 72 29 81 45 90 64 65 10 40 78 64 35 5 49 57 70 75 26 85 37 17 73 7 39 92 91 77 2 76 41 72 79 51 23 61 14 43 90 83 93 50 91 12 98 60 34 33 25 15 37 26 30 22 53 90 78 54 89 10 46 31 14 72 79 46 32 38 14 35 25 71 88 18 59 29 5 72 50 37 80 15 83 87 4 49 44 63 57 64 17 20 56 9 3 66 60 87 37 72 66 96 42 42 83 87 30 44 87 10 36 51 27 9 43 53 43 47 6 77 25 96 1 62 65 91 38 26 79 77 48 45 9 7 92 15 80 35 50 18 15 21 77 3 64 51 28 16 91 8 90 40 26 96 87 94 30 76 72 47 72 44 81 12 7 16 27 97 53 43 21 31 31 30 45 86 51 44 10 76 69 57 38 60 31 42 94 94 56 80 72 0 3 97 37 47 53 22 8 81 64 45 62 18 78 3 13 81 60 21 55 7 54 79 65 37 53 82 4 37 43 78 34 6 18 11 46 22 10 25 54 89 31 69 89 93 91 13 32 21 73 39 69 99 4 34 24 8 8 38 1 92 10 8 13 15 66 48 23 98 78 57 23 78 58 19 85 59 59 49 81 81 85 71 71 79 46 87 23 30 94 82 29 
44 15 1 27 21 83 46 23 72 96 21 53 2 73 45 62 17 73 35 57 37 33 11 11 76 12 23 60 36 25 71 41 96 71 40 62 4 25 3 54 51 78 0 49 3 20 67 16 96 9 18 22 17 68 8 33 71 49 7 27 85 32 32 77 86 54 88 7 92 33 47 78 15 70 31 90 97 58 87 48 98 64 13 1 40 26 9 87 68 66 0 41 27 49 43 68 36 17 57 77 44 99 97 3 15 28 39 36 17 50 20 89 60 53 6 62 26 69 26 33 8 35 3 29 52 80 81 91 89 32 18 19 90 86 87 65 84 1 37 72 56 97 83 49 57 90 17 9 29 43 75 6 58 42 25 56 41 7 59 90 71 70 74 67 32 49 69 71 27 35 28 70 17 0 45 29 25 58 44 2 58 0 58 58 43 4 32 87 21 46 19 27 74 92 80 40 37 98 17 64 42 76 8 60 25 42 79 77 57 0 82 78 44 77 88 18 95 83 39 48 27 94 43 25 41 77 71 22 95 8 92 41 58 8 21 14 50 82 92 51 77 19 6 83 61 50 16 45 59 53 21 77 42 66 68 91 2 85 74 43 95 13 43 42 88 37 8 11 76 44 12 23 59 57 22 50 45 67 96 22 40 32 55 5 9 90 85 75 39 93 52 28 33 68 10 69 51 18 71 86 
9 7 75 73 30 56 48 9 53 34 32 40 50 64 5 78 2 20 44 94 67 29 0 69 60 71 82 88 96 17 14 60 44 93 63 43 12 95 79 6 56 79 58 89 36 81 36 17 87 31 12 36 33 19 46 91 82 31 96 60 0 55 87 3 42 72 68 5 4 3 21 50 64 50 98 50 31 62 32 98 35 5 64 65 80 13 20 5 41 44 97 67 88 99 95 38 24 8 55 28 60 66 41 94 6 19 33 5 67 86 80 54 45 52 96 24 7 81 17 46 98 62 40 47 64 55 58 32 95 89 18 27 40 0 56 62 83 55 68 16 15 41 59 3 29 96 45 51 89 47 53 79 93 95 55 68 63 87 12 79 46 60 97 64 56 27 71 38 80 12 98 12 6 5 21 86 34 4 36 53 98 80 68 52 89 91 37 11 45 56 88 84 30 97 41 31 83 68 84 44 25 6 75 33 63 59 85 16 34 18 23 75 64 76 97 87 24 28 49 14 75 20 29 59 48 65 25 65 86 3 9 9 53 7 26 3 9 85 51 49 8 76 53 16 83 36 71 76 7 93 76 85 3 6 86 21 77 27 81 17 19 18 59 2 3 12 95 71 50 56 42 8 72 69 98 77 35 36 84 76 15 15 78 74 14 31 17 56 4 53 72 87 29 79 28 91 8 71 31 69 
9 83 65 75 90 71 69 2 40 55 43 9 85 9 74 34 18 60 79 68 64 35 53 87 0 76 26 45 94 16 39 51 0 97 25 15 80 28 88 61 42 12 99 67 22 92 89 30 9 93 83 66 45 13 27 4 86 60 28 52 70 4 77 83 78 44 2 78 20 65 78 70 6 94 94 93 30 99 17 18 94 75 55 6 0 78 28 3 80 92 51 32 31 12 68 90 14 33 94 86 11 31 43 31 33 87 19 50 42 22 97 64 69 25 79 86 59 27 23 81 55 18 54 63 71 9 46 76 18 61 8 94 11 58 15 5 97 7 6 36 14 87 44 74 59 49 12 93 48 0 17 60 58 24 70 8 56 14 6 31 37 73 61 77 98 64 14 66 27 92 18 1 94 33 86 92 15 69 31 70 37 60 93 31 56 23 44 44 96 94 5 52 69 7 71 93 9 82 51 50 45 2 46 41 8 65 85 48 95 88 1 84 14 87 65 36 74 7 61 31 98 31 92 53 96 86 61 67 76 97 55 79 88 42 79 33 7 85 63 8 82 38 8 93 88 64 49 66 77 54 22 13 32 20 16 3 93 85 20 26 82 2 12 72 1 48 43 28 74 62 36 54 49 45 22 7 54 27 21 49 71 5 84 7 14 23 97 0 12 17 23 59 60 35 75 6 75 68 72 36 
87 71 65 7 82 43 91 56 81 80 84 99 0 45 41 56 32 57 43 31 93 46 6 66 50 10 9 61 10 15 39 8 66 15 20 63 9 49 85 50 48 63 45 76 46 0 96 19 11 86 20 57 22 97 34 74 56 53 21 90 59 78 58 20 56 66 11 77 49 76 44 83 50 14 58 50 73 94 80 94 63 26 21 74 13 26 89 4 1 52 14 37 73 95 12 76 68 35 90 38 97 91 3 83 98 87 76 43 55 20 43 60 11 92 11 24 51 18 15 58 76 30 0 1 44 0 12 81 58 76 51 16 77 57 42 3 32 56 29 12 92 63 15 85 58 12 39 46 25 21 11 64 8 93 98 22 49 61 95 43 30 15 12 36 9 33 39 9 47 97 62 63 43 77 45 50 17 66 3 10 96 45 28 38 40 62 57 18 81 35 1 90 76 72 5 67 78 19 52 75 86 76 91 11 22 24 34 29 26 29 11 6 72 92 24 66 44 70 42 74 78 14 63 18 20 83 7 89 90 12 9 79 62 35 99 7 40 38 57 51 87 12 8 72 3 2 98 61 99 86 64 73 22 32 56 43 43 68 23 83 31 37 95 65 66 72 59 22 98 79 99 89 13 27 44 83 87 45 52 5 1 7 96 42 99 31 89 26 57 36 92 54 28 48 96 30 45 80 46 5 
3 49 31 35 39 51 91 23 42 75 61 3 17 60 28 73 81 65 95 74 34 66 51 86 90 13 99 59 65 44 42 32 7 16 84 20 28 64 50 55 64 79 21 49 94 68 35 7 55 5 18 34 91 84 59 59 40 71 85 8 64 6 95 55 23 31 45 34 32 83 25 18 27 30 12 69 11 13 62 27 3 84 99 22 58 6 91 45 46 50 89 69 3 20 32 41 45 60 85 76 25 69 65 44 45 66 89 54 67 78 23 50 16 22 23 17 81 12 99 77 1 10 49 86 93 28 82 22 2 11 59 23 46 36 69 85 44 18 82 71 12 91 14 31 37 33 5 86 65 54 14 37 85 50 9 22 96 46 39 60 73 54 69 78 21 13 71 66 57 12 42 30 17 91 16 53 70 73 83 21 85 17 48 71 52 35 94 67 81 77 36 31 56 19 95 6 83 2 85 87 25 8 3 23 41 63 20 62 85 17 20 41 93 88 16 48 77 17 71 4 56 79 95 3 10 98 91 56 14 32 47 89 78 65 87 33 51 13 89 43 12 53 49 23 16 25 27 7 61 83 9 66 11 43 54 31 89 83 39 54 81 94 85 87 89 75 90 26 81 40 44 83 70 33 33 84 8 93 53 56 84 79 40 26 66 50 27 11 20 28 24 59 43 3 37 69 84 10 11 4 
47 95 10 38 52 81 62 16 66 87 80 59 95 70 60 55 30 19 53 47 13 91 35 8 84 99 49 38 15 87 27 77 79 19 9 13 37 24 83 71 97 8 12 20 87 9 21 13 52 96 57 67 79 17 28 54 70 43 66 98 68 43 7 82 57 7 78 2 76 19 0 85 82 84 31 27 72 64 91 27 56 90 15 49 52 15 91 55 21 24 11 42 17 93 75 94 99 91 87 6 16 40 38 8 34 72 81 52 68 56 7 80 13 53 61 30 57 54 74 22 37 6 9 97 56 59 6 0 48 40 0 73 34 23 25 58 11 8 98 42 73 66 73 75 59 53 33 72 6 49 88 42 93 88 36 80 79 83 86 47 18 32 80 38 60 0 93 17 95 63 35 78 25 73 72 58 95 34 90 72 60 41 84 23 53 75 13 57 66 29 50 89 73 4 16 36 29 36 63 45 67 98 70 85 85 45 88 65 14 53 59 14 11 6 97 53 9 95 7 0 3 50 5 22 49 26 1 90 18 44 54 8 6 75 18 19 26 13 94 97 50 89 15 80 43 56 96 26 59 79 15 50 88 19 54 64 94 37 96 95 94 83 45 69 98 44 4 14 48 24 95 45 11 52 45 32 31 1 39 32 46 19 13 6 5 0 29 61 1 99 14 10 53 59 29 36 41 82 65 29 
99 62 33 91 57 78 11 5 58 61 4 44 79 57 12 7 82 37 53 50 80 82 97 5 8 43 52 58 64 48 61 61 21 61 86 40 92 34 53 89 83 4 37 13 95 78 58 25 87 26 20 34 26 1 26 31 26 33 80 58 93 33 98 42 75 55 29 37 77 26 12 55 84 31 69 80 19 72 82 76 35 5 11 72 91 59 53 16 76 94 50 82 67 89 37 52 94 43 62 23 86 67 81 27 94 98 42 17 30 21 37 23 52 17 82 70 77 73 85 95 45 89 40 69 53 23 36 77 55 6 95 51 40 61 51 24 11 71 84 31 16 67 82 61 43 30 60 90 74 84 22 46 39 17 96 9 73 86 94 71 19 64 7 79 60 22 2 55 57 66 58 5 90 37 51 57 96 76 11 3 14 26 17 9 20 53 82 10 16 48 15 12 14 6 50 71 76 93 6 81 4 38 14 62 29 89 48 72 5 56 40 11 78 79 37 22 88 76 41 37 56 31 57 40 94 56 26 43 66 10 61 67 66 98 39 42 50 39 44 35 69 45 61 74 49 42 47 57 70 13 80 16 74 56 32 56 9 4 44 25 78 1 72 27 33 58 69 60 80 25 38 76 75 19 75 96 75 25 65 6 77 67 32 69 66 94 8 61 32 74 66 17 41 88 65 1 30 33 65 9 
8 75 0 78 65 47 61 40 51 60 95 53 30 80 41 24 62 81 82 18 69 52 80 21 47 17 1 18 30 83 19 98 45 62 96 69 62 83 48 95 94 3 76 57 52 1 18 98 9 96 28 43 89 82 55 55 13 8 25 99 97 15 35 45 45 37 71 66 51 15 17 83 24 29 14 65 69 71 57 6 19 47 83 17 58 70 60 97 1 83 22 62 33 21 19 19 27 92 13 38 78 4 17 22 97 95 47 91 15 11 24 80 3 7 84 83 31 11 76 1 12 96 12 85 85 93 41 83 54 78 99 54 97 84 91 50 80 9 3 87 98 56 68 93 92 13 24 91 16 81 92 43 44 16 54 91 86 69 29 39 5 57 86 21 3 49 16 54 70 81 54 25 60 74 74 43 68 45 68 56 36 33 22 91 12 49 97 46 57 47 66 65 99 71 15 33 66 89 30 78 50 61 33 14 63 89 81 87 24 56 38 42 94 94 70 7 53 28 61 54 84 30 53 72 28 16 91 42 98 13 35 37 32 99 48 4 83 36 31 49 78 18 31 24 76 81 97 55 52 86 78 28 89 81 87 67 71 42 88 83 55 71 51 26 51 77 59 8 21 59 88 97 34 43 76 8 80 54 95 47 52 27 56 86 64 36 89 1 81 34 38 60 50 54 99 64 11 73 85 8 
6 40 48 87 27 52 98 35 13 40 16 6 86 19 40 74 63 75 30 2 79 96 70 48 29 59 1 49 97 33 71 54 2 90 68 45 42 2 53 10 70 79 5 16 95 21 9 80 64 16 84 96 94 40 46 91 76 93 90 77 61 84 18 48 23 64 19 17 98 29 91 81 18 46 14 70 91 64 74 22 63 56 85 26 39 34 55 97 98 98 55 63 83 5 34 42 15 46 86 32 88 92 72 12 86 69 25 40 47 15 16 21 5 82 29 15 52 32 80 52 41 68 9 77 53 20 82 3 0 24 94 19 89 62 90 43 65 37 49 25 96 57 39 8 9 20 42 73 91 5 87 87 95 43 8 48 64 42 1 29 47 21 16 24 47 38 25 60 8 92 38 92 97 70 74 46 62 6 49 36 50 1 14 58 29 42 8 9 66 2 32 37 32 27 64 51 87 68 4 81 97 51 73 24 11 31 3 69 38 11 1 87 48 0 95 75 61 74 19 21 68 52 5 84 56 96 48 80 33 88 68 84 30 74 36 87 43 31 69 97 43 66 35 63 43 51 87 67 95 11 19 32 77 19 77 69 82 33 57 54 6 8 60 37 80 10 17 59 30 39 51 13 9 44 23 82 36 90 24 35 54 92 75 35 93 40 84 52 41 57 61 8 52 42 25 5 77 64 43 17 
88 67 18 39 33 4 17 33 84 59 78 9 27 47 97 54 42 50 27 24 94 6 42 14 22 35 29 10 15 74 59 26 45 94 85 53 85 4 69 50 31 94 84 59 25 30 64 42 54 46 86 14 78 81 18 17 39 34 99 68 46 10 74 80 8 49 43 58 16 83 61 22 0 27 49 31 55 89 93 91 13 71 28 45 83 18 81 23 1 57 59 73 17 39 83 44 5 48 17 97 36 68 70 82 25 13 39 70 23 18 19 73 51 19 87 95 35 41 85 55 53 64 92 35 39 35 89 1 47 57 97 82 39 80 40 77 90 20 4 26 21 6 93 13 33 91 67 70 83 60 44 12 47 61 87 99 37 1 80 56 77 91 33 57 54 37 43 45 41 0 37 20 64 23 75 41 9 68 38 35 9 71 0 59 5 39 87 11 86 91 63 72 86 26 73 91 70 89 9 81 28 75 17 91 33 51 28 53 67 51 88 44 5 53 93 58 41 81 29 94 91 32 19 83 2 87 65 43 18 32 4 35 17 23 21 25 99 64 79 70 51 78 38 35 14 89 8 53 35 30 76 30 73 29 52 6 58 69 7 73 65 29 46 90 74 71 7 95 75 29 44 93 81 14 99 84 48 20 24 59 20 17 98 45 19 23 2 38 58 30 42 68 0 12 73 93 84 48 30 97 
14 64 53 61 26 89 95 88 14 87 92 43 13 23 49 11 81 19 33 48 48 78 15 92 23 45 19 8 10 65 68 57 23 43 20 42 12 5 65 3 33 62 94 8 87 74 28 5 59 65 59 92 45 77 25 39 95 21 39 6 65 71 97 68 66 78 44 95 6 32 49 38 53 82 87 60 27 12 90 26 84 61 39 53 70 90 61 37 18 71 28 31 41 22 33 80 81 52 28 9 77 15 10 39 55 87 73 42 96 41 71 14 92 44 8 4 43 90 4 19 95 69 42 41 89 16 8 2 75 64 83 49 39 46 60 83 24 1 32 79 53 64 33 37 33 35 90 94 33 45 91 79 61 29 50 97 79 13 81 3 80 37 20 83 58 65 50 37 18 76 59 63 98 86 47 28 36 36 89 81 47 51 80 20 13 22 13 42 19 58 87 3 14 89 39 68 67 98 24 32 46 65 72 71 54 23 23 44 68 74 60 63 40 14 72 16 91 54 27 25 3 0 96 15 77 45 28 44 59 43 58 53 57 1 56 2 97 14 29 6 56 2 52 82 56 50 45 34 66 5 63 75 56 31 84 89 31 34 36 68 43 74 85 84 49 98 9 84 62 44 51 70 4 76 83 78 85 30 42 35 41 15 53 34 93 15 17 2 40 74 84 0 53 30 69 87 31 2 81 97 
50 59 29 87 85 92 2 20 56 1 41 25 84 94 73 66 69 32 45 76 5 36 23 61 70 75 82 13 56 59 32 15 54 54 39 30 73 87 1 65 1 28 85 23 37 20 77 21 41 78 94 45 0 57 51 38 62 36 3 86 7 97 21 27 47 88 75 95 55 78 42 48 82 66 52 3 80 88 39 19 64 8 73 20 95 34 29 40 19 16 93 65 24 45 11 76 38 82 19 19 20 39 71 64 8 29 85 37 96 22 78 3 15 43 60 19 28 45 0 32 77 77 39 85 70 36 85 76 91 72 40 71 89 37 71 40 97 72 68 20 2 82 50 64 64 71 1 20 71 41 24 26 71 5 24 16 8 76 57 33 72 41 43 56 5 23 60 53 94 33 48 27 32 6 0 32 1 42 88 2 4 45 50 9 84 75 54 54 0 49 13 15 7 4 31 92 10 77 79 76 57 91 68 6 36 54 13 31 76 98 91 60 53 69 85 45 16 73 2 44 23 64 54 40 23 21 77 72 68 43 7 95 75 65 38 5 11 84 74 7 22 71 38 13 19 20 48 47 42 18 8 68 20 58 76 25 21 94 31 49 66 95 13 43 96 35 6 50 15 12 76 30 14 55 0 5 11 54 86 31 89 64 97 90 85 61 98 79 23 64 47 37 14 89 64 68 2 89 36 85 
96 64 38 43 1 26 0 35 69 42 12 15 86 51 15 56 67 44 51 64 63 18 2 44 10 22 47 19 34 20 79 71 86 11 43 6 46 53 3 52 43 54 66 41 37 93 75 63 84 52 19 68 28 70 43 26 25 50 45 89 42 61 50 98 44 41 26 13 23 65 97 61 9 51 62 91 78 95 10 6 35 68 99 31 29 41 32 41 83 26 30 47 28 88 3 26 85 69 52 41 41 62 72 55 24 21 24 33 45 46 52 79 18 16 9 45 93 4 27 62 32 86 73 85 76 17 24 49 73 84 29 64 18 74 35 36 35 24 61 83 6 75 63 83 27 36 84 14 60 41 87 89 8 87 68 42 23 98 68 28 14 94 91 99 37 66 48 7 59 1 86 52 61 59 44 25 31 20 56 6 92 54 14 69 76 86 75 55 34 68 27 58 24 79 75 6 52 73 34 52 7 65 33 67 81 33 27 35 20 18 1 96 64 62 7 90 40 47 15 13 84 36 31 36 0 73 76 2 25 18 10 18 94 3 4 81 99 56 13 18 86 72 51 36 27 82 66 56 49 30 88 26 0 67 87 18 24 8 83 82 30 11 76 18 31 56 80 6 36 52 39 61 45 18 38 92 19 63 60 74 51 72 84 81 65 87 42 43 18 49 84 16 1 83 93 84 43 2 97 52 
53 42 95 3 35 8 29 73 16 65 79 89 2 97 31 31 47 79 38 90 40 95 99 2 4 78 75 13 41 60 55 43 55 87 92 17 48 35 4 28 50 47 79 69 96 45 54 47 30 85 78 25 18 41 18 64 0 39 37 60 2 79 58 12 77 21 73 65 29 28 61 2 29 7 44 37 70 99 80 8 89 96 80 92 84 99 67 72 60 56 21 19 28 99 33 88 37 28 51 13 77 8 94 20 1 33 38 67 2 37 64 37 84 96 0 34 14 66 17 10 52 76 83 62 92 29 5 95 90 43 33 7 5 55 10 95 75 5 65 21 26 34 88 33 90 80 26 51 31 50 63 79 19 58 54 20 59 15 76 42 75 48 57 13 21 72 55 88 67 91 25 6 43 50 91 85 66 64 56 1 55 92 64 58 90 15 26 58 18 65 52 25 7 24 22 58 4 87 45 72 53 60 74 78 40 43 12 13 28 59 62 28 92 23 53 77 60 30 50 46 73 84 27 53 97 81 30 73 28 94 89 24 57 38 33 34 70 43 60 10 95 77 44 19 14 31 97 71 15 74 86 46 50 43 40 65 44 92 77 59 22 97 77 53 70 47 80 11 24 17 0 79 15 75 88 28 98 6 53 71 87 67 12 76 15 6 4 34 28 21 7 88 28 85 53 79 70 62 85 50 
98 97 20 84 3 10 3 4 44 8 28 43 93 66 44 48 43 97 26 81 82 60 6 72 15 42 57 14 96 13 38 8 59 6 94 61 83 31 84 68 59 58 69 19 18 2 15 8 56 3 99 45 26 68 5 61 51 83 19 5 87 55 69 52 28 4 50 83 27 65 85 96 93 31 52 50 56 23 41 48 58 56 38 4 54 94 72 35 34 7 84 79 49 79 54 47 59 43 50 40 22 44 38 56 86 69 58 60 26 52 67 96 57 73 2 89 34 69 31 0 26 8 93 41 41 12 9 60 14 57 59 99 25 27 74 0 64 11 52 71 49 13 23 95 26 60 15 61 10 44 17 47 75 50 15 30 40 35 25 18 84 51 59 67 58 22 51 52 43 54 60 32 81 53 59 7 29 86 10 44 82 85 54 75 66 77 39 56 51 6 54 46 91 50 77 84 68 33 88 5 89 34 26 95 21 32 11 69 79 37 13 48 28 47 17 14 76 44 30 83 93 95 64 62 48 47 9 74 61 85 68 23 61 93 70 15 62 88 96 27 17 63 40 64 59 3 95 63 8 20 87 50 50 7 76 93 64 39 83 41 49 33 57 43 55 83 9 21 96 62 75 59 91 53 2 23 33 95 56 8 17 12 99 8 74 12 55 99 26 17 75 24 5 96 62 22 44 28 40 2 
83 64 25 13 60 7 81 4 20 52 40 95 39 7 4 92 70 10 90 79 21 7 36 26 33 84 88 92 54 19 79 30 38 75 62 12 44 94 7 19 50 37 70 75 40 76 3 60 20 92 56 51 89 61 31 69 57 4 79 64 11 30 48 0 33 13 28 90 84 98 49 97 78 11 62 79 54 14 67 9 24 63 11 80 61 7 76 57 75 31 60 78 11 7 23 98 8 15 18 70 73 74 14 98 80 52 44 91 68 81 82 75 91 84 17 53 42 21 3 85 74 27 6 42 32 31 22 91 0 4 67 32 39 31 22 4 76 64 44 23 75 33 50 84 39 47 39 29 29 22 29 89 12 21 8 42 47 82 74 17 94 57 71 77 13 6 58 30 61 54 35 15 63 90 70 22 32 96 9 6 42 71 78 58 80 40 8 43 23 83 19 39 50 99 47 29 66 89 82 24 84 29 76 24 85 69 92 55 84 82 62 54 65 95 62 96 27 46 94 21 4 61 68 75 20 73 50 50 64 57 65 86 56 52 7 1 98 11 90 50 58 97 5 46 65 67 15 26 40 85 61 38 47 18 41 24 76 13 23 43 0 42 83 32 96 17 33 55 98 75 46 81 28 16 37 41 45 10 10 94 13 25 47 88 88 90 43 94 66 60 36 3 42 16 22 33 44 97 10 8 
71 58 38 1 13 8 21 14 2 40 88 43 61 53 0 2 7 67 28 26 76 61 78 94 86 73 97 27 74 56 20 63 96 34 39 3 8 91 32 36 99 78 80 18 68 15 83 66 13 2 76 57 6 12 48 70 12 5 4 28 41 65 3 90 33 53 13 24 15 63 78 48 35 67 70 77 57 51 68 67 34 28 24 80 88 99 93 56 82 22 14 94 6 35 22 57 12 84 27 52 45 46 48 99 52 53 80 28 68 75 25 63 66 85 86 54 2 63 52 48 59 51 48 26 14 31 97 61 29 26 23 23 44 0 74 67 56 28 21 30 92 33 46 96 36 0 56 73 52 7 94 4 33 82 92 94 15 14 96 12 91 36 39 18 47 55 79 3 20 55 31 47 43 64 91 31 45 32 90 96 47 32 42 43 81 68 55 11 45 62 69 89 67 64 11 87 47 77 47 6 45 6 22 91 32 16 84 75 9 21 23 87 89 80 63 54 33 56 8 27 63 6 39 66 43 93 61 1 34 33 49 13 73 39 11 25 95 21 35 63 99 54 99 41 63 24 55 18 35 77 79 91 8 79 0 91 72 74 58 24 28 46 97 98 50 29 32 73 0 39 99 9 29 31 66 64 80 70 84 61 92 82 73 99 80 78 15 73 83 88 74 0 26 91 64 2 3 4 1 63 
3 84 53 35 80 63 36 98 11 27 80 64 63 13 37 38 96 26 53 48 13 34 15 38 95 72 77 71 50 74 51 46 22 66 77 60 41 53 89 77 65 7 58 89 69 66 7 65 37 23 31 88 38 87 9 17 48 75 50 6 71 58 80 15 96 85 63 93 74 80 61 40 25 72 96 63 60 98 96 98 97 40 43 31 56 26 12 83 38 52 40 71 87 55 55 61 10 67 81 39 38 76 73 14 47 94 71 20 80 6 41 61 29 81 23 85 30 98 61 30 56 86 98 61 9 10 26 79 19 17 65 30 55 40 31 60 19 6 65 50 57 70 64 30 16 70 47 24 86 28 88 5 15 71 36 33 82 53 94 23 48 67 17 96 16 27 20 76 98 59 73 43 77 37 42 94 86 23 8 0 59 35 16 78 18 78 18 65 68 75 78 16 22 8 54 37 63 0 3 15 53 2 28 34 6 12 60 10 48 25 84 96 12 68 76 6 84 89 14 56 97 12 35 19 82 42 35 12 19 82 48 85 9 3 32 87 61 37 49 36 20 14 13 99 89 81 31 92 25 19 98 71 28 78 52 88 18 45 73 67 84 7 12 50 79 87 1 63 83 36 97 16 52 15 48 26 19 53 62 25 90 29 77 92 12 45 66 32 6 55 28 67 18 54 46 47 82 83 99 23 
45 94 16 75 25 48 27 7 98 71 49 85 48 4 21 82 6 23 63 85 60 29 16 26 44 71 88 77 22 96 82 56 9 17 91 56 38 71 29 34 5 96 64 5 25 28 26 50 92 16 12 93 52 57 62 18 66 18 83 19 89 96 26 57 70 84 57 25 70 23 36 28 10 9 76 87 43 22 27 39 11 2 15 19 39 1 43 98 45 48 92 62 94 37 80 17 33 18 75 9 95 27 47 21 94 9 66 75 69 20 93 85 57 4 24 62 37 57 72 10 85 98 46 86 26 20 36 85 46 89 55 22 49 49 10 68 8 29 11 73 77 50 14 14 25 11 78 73 89 13 34 84 26 31 53 98 36 49 70 44 30 37 72 39 15 59 66 12 7 73 1 44 33 50 46 75 19 16 26 29 27 97 26 76 19 14 80 90 21 36 4 51 70 78 19 18 15 37 87 18 72 17 33 77 66 60 66 51 87 45 19 4 22 4 49 76 8 70 12 33 91 2 50 53 8 82 56 89 87 82 72 28 82 97 52 39 93 58 48 77 14 6 62 11 95 28 76 15 10 4 55 14 75 57 2 4 17 78 27 43 60 34 70 71 83 95 35 24 24 30 52 73 19 37 36 62 92 53 64 85 60 92 27 87 68 43 45 26 42 84 4 11 14 79 65 48 49 20 52 35 
8 72 30 26 35 26 72 22 10 0 11 58 39 3 28 29 0 61 62 92 33 59 80 88 39 81 63 85 81 89 61 19 88 69 7 48 84 30 73 71 47 29 3 79 8 97 9 28 59 60 74 45 92 66 81 11 49 94 8 90 26 47 20 96 61 80 8 98 73 38 17 93 73 43 99 41 42 56 85 35 90 19 67 99 77 3 61 76 20 17 12 58 85 25 20 17 78 45 42 81 79 27 73 97 38 54 72 59 43 13 56 27 89 95 16 36 24 61 74 32 77 42 62 63 19 35 6 37 64 18 29 41 71 85 79 39 78 72 79 79 76 85 96 7 50 38 80 84 56 63 60 18 29 38 81 24 28 24 42 70 23 56 86 86 95 46 90 46 95 41 94 67 7 90 71 8 28 20 72 84 31 96 53 93 68 92 55 24 73 55 68 41 65 19 84 70 52 64 63 93 40 12 2 56 64 53 91 93 4 75 94 28 94 35 42 54 23 30 2 23 5 48 6 92 65 31 13 37 95 72 59 33 82 34 45 33 79 69 19 92 21 22 44 45 52 39 29 1 60 6 17 29 77 46 3 38 35 73 39 78 69 83 58 82 51 41 2 29 90 98 21 24 82 71 9 34 89 97 15 94 57 66 35 47 90 15 72 97 54 98 31 51 37 23 0 17 18 44 72 31 
80 95 46 29 71 93 63 56 3 3 80 8 95 45 51 42 99 47 62 18 30 13 14 39 0 66 6 64 89 28 10 91 33 19 41 49 23 60 59 66 26 63 39 72 32 34 23 97 55 81 29 61 40 87 89 99 59 20 39 7 2 53 73 23 60 19 45 29 68 25 42 84 45 37 18 90 8 98 93 79 15 65 44 25 79 67 43 14 93 31 50 95 6 71 83 93 49 19 77 6 13 56 29 26 94 11 58 51 25 69 0 84 57 27 5 90 11 16 97 87 91 98 86 14 50 2 51 54 46 44 84 13 20 31 19 39 10 6 74 49 30 44 37 52 40 42 66 96 95 65 39 2 25 57 14 81 56 16 55 25 33 72 47 61 61 16 98 87 62 62 12 96 54 14 9 60 93 47 43 87 30 64 43 6 10 43 53 55 71 38 41 84 50 70 87 75 58 49 97 35 58 79 50 93 95 62 7 80 1 44 34 85 85 65 83 85 77 8 15 91 88 83 77 50 68 30 48 84 6 56 40 65 2 54 38 44 26 21 46 20 37 74 54 91 60 98 35 96 83 54 8 32 63 65 96 73 64 18 73 15 29 65 61 82 90 25 3 99 68 6 50 85 54 97 72 4 42 11 29 49 69 12 38 45 69 41 23 8 53 83 34 15 66 1 36 74 95 95 42 74 
80 65 77 4 60 40 13 64 78 55 25 45 79 49 53 18 66 20 53 85 3 4 22 15 53 38 97 84 6 11 27 37 56 63 88 14 76 10 4 85 14 2 24 22 29 74 88 77 41 33 7 17 87 18 83 77 66 6 91 13 21 27 92 1 29 33 20 67 47 27 11 21 94 13 51 30 50 65 35 12 6 58 51 43 1 21 67 42 25 42 10 47 44 81 84 59 31 92 91 79 68 40 38 49 83 23 59 77 6 24 39 68 4 79 95 77 92 10 13 85 37 5 21 76 62 2 56 49 9 52 69 38 49 46 5 32 72 31 95 71 97 37 31 23 61 5 6 13 87 60 70 11 11 99 70 32 40 79 42 2 74 14 16 88 47 20 23 83 16 44 79 77 7 96 79 92 66 24 84 29 34 84 99 28 47 54 78 43 80 17 19 39 53 88 7 18 95 58 89 54 53 39 48 56 96 5 6 9 76 32 79 65 97 55 92 55 8 4 51 67 7 83 16 99 49 30 81 5 35 8 20 40 31 99 78 21 31 38 31 13 7 46 47 33 73 54 82 5 63 16 25 3 95 34 5 3 58 48 87 52 23 33 67 56 13 75 52 27 87 73 90 13 89 95 25 7 94 91 32 14 49 82 14 88 55 79 96 40 1 22 65 54 95 80 85 68 77 4 25 59 
69 26 10 72 43 92 40 11 74 9 60 31 14 64 7 44 22 44 97 66 46 40 83 47 13 86 5 89 7 16 28 75 32 45 4 52 23 91 61 80 11 5 68 13 41 77 72 9 79 42 30 18 93 82 64 50 32 67 56 8 93 55 56 1 56 48 93 31 70 78 54 15 22 36 25 95 33 4 17 83 2 13 99 20 14 17 51 63 56 99 94 67 17 46 5 34 4 49 21 3 90 26 32 44 40 8 94 27 60 9 48 43 74 81 98 19 20 48 61 12 3 64 43 29 71 97 50 48 76 54 57 30 62 66 14 91 58 42 9 97 86 38 37 45 93 52 80 19 59 69 70 56 94 45 66 86 66 12 98 81 75 14 16 6 25 54 19 32 15 42 47 83 33 25 65 15 9 91 3 6 91 73 14 83 48 78 89 77 69 90 85 65 5 53 85 19 27 6 29 7 26 66 3 86 6 35 56 54 24 80 86 67 44 48 3 64 1 84 98 25 45 40 21 54 79 38 3 6 49 89 88 29 80 95 95 24 71 97 71 86 86 4 19 44 27 50 8 77 45 25 38 22 82 62 78 62 41 4 44 3 22 94 26 36 95 50 16 84 27 45 11 47 20 7 30 99 4 54 76 31 99 58 28 85 79 51 0 95 75 5 64 84 51 81 72 12 17 40 36 83 
97 12 24 59 20 27 54 38 53 12 69 0 13 18 67 92 10 89 28 26 79 26 51 89 20 65 57 89 78 78 27 87 3 49 79 41 50 27 12 28 55 13 32 26 28 39 33 43 21 8 56 8 77 46 39 82 37 39 83 99 46 84 69 66 9 87 91 45 88 19 92 65 49 2 43 65 2 40 22 14 53 79 64 48 59 70 98 35 61 5 68 89 65 28 58 38 15 74 42 49 68 42 2 77 5 35 16 2 96 98 71 11 63 44 51 73 43 59 65 42 10 30 3 38 57 52 21 56 58 91 81 19 18 48 71 19 92 24 22 96 12 12 17 59 28 68 33 76 7 80 13 83 81 3 23 30 88 79 72 21 80 16 7 73 11 57 54 91 19 42 40 42 72 63 8 71 23 63 49 89 82 30 51 48 34 91 36 47 29 4 16 16 34 62 37 90 53 49 72 8 24 48 15 5 87 30 3 29 89 12 32 21 34 43 92 23 35 85 30 95 78 89 11 30 99 27 60 78 66 70 62 25 95 68 65 70 7 32 42 2 9 81 63 95 78 29 91 64 83 86 97 43 38 7 74 87 98 13 12 88 15 44 51 58 60 83 0 60 20 44 14 90 44 31 64 32 85 74 38 13 50 85 21 52 79 25 3 9 98 6 43 56 21 37 21 53 63 26 70 54 
0 1 26 21 58 0 46 83 96 78 32 11 63 45 17 14 28 69 69 2 5 65 29 66 28 23 43 27 37 37 62 7 44 95 82 12 80 8 34 86 0 79 73 25 67 66 91 60 50 79 15 84 66 23 17 57 71 96 88 10 47 73 72 92 66 48 59 70 42 65 41 40 37 89 87 20 3 47 31 0 31 16 37 47 34 55 23 89 0 41 7 68 11 98 41 22 77 80 47 41 76 14 43 91 11 88 52 9 62 99 92 65 24 86 35 86 96 23 34 59 27 57 30 53 37 79 56 42 83 93 45 49 14 29 9 17 29 9 53 72 96 22 23 46 56 0 25 31 31 22 94 22 57 86 9 52 14 94 96 92 60 55 42 1 4 51 7 9 61 27 71 73 20 75 8 12 20 14 92 42 88 4 6 99 1 14 2 70 96 4 81 62 78 90 77 41 9 57 8 33 49 70 73 98 3 81 18 23 99 0 30 15 99 99 17 58 60 6 56 98 41 45 56 40 58 73 25 32 65 65 59 32 28 44 54 17 51 25 89 40 19 65 96 1 88 51 73 47 82 71 17 68 9 94 43 56 41 22 61 14 99 28 65 67 84 26 20 61 15 22 7 91 77 44 30 83 14 4 65 32 29 96 48 83 51 52 54 36 42 10 4 98 34 68 96 29 1 68 10 66 
42 90 89 49 8 73 76 96 62 94 93 28 99 0 17 58 62 97 57 24 88 72 52 6 95 76 51 76 27 50 8 51 30 9 85 87 26 40 74 43 79 73 59 77 48 1 41 7 16 11 91 34 93 81 63 22 11 14 92 69 11 90 83 40 6 2 49 94 81 29 42 83 73 79 25 2 82 82 62 6 84 68 0 49 82 12 88 11 90 1 72 0 77 47 42 29 57 32 48 34 99 7 51 58 22 0 16 53 45 7 12 68 36 3 5 39 80 29 62 35 79 24 12 45 95 22 77 24 22 96 34 9 1 81 35 6 60 32 43 51 38 56 47 6 41 29 21 84 73 82 47 48 76 49 12 46 80 91 72 36 62 91 55 18 10 79 2 47 38 21 92 49 73 7 38 39 87 53 92 95 97 44 93 4 54 42 37 46 92 6 74 69 86 58 43 20 90 34 99 28 27 64 25 83 4 89 40 23 6 92 61 92 76 4 52 13 7 52 68 9 42 39 9 52 57 43 78 75 24 22 66 44 2 53 79 11 46 27 31 67 20 47 88 99 83 95 8 85 38 52 52 60 34 40 50 39 77 77 68 92 61 47 72 42 88 91 6 55 87 12 55 26 45 53 63 89 32 6 80 30 83 52 27 94 81 93 95 32 43 58 83 70 0 35 11 63 96 82 54 54 
65 1 72 70 78 80 58 43 35 45 86 21 76 18 51 36 65 30 20 22 72 64 8 89 59 32 60 90 94 30 40 41 4 18 3 61 67 31 75 1 82 24 98 71 90 93 23 5 94 29 86 32 96 81 86 51 71 28 17 85 79 45 80 30 11 6 74 79 2 51 30 74 43 52 12 50 42 36 15 79 76 35 71 59 85 2 90 93 52 58 14 24 33 29 72 40 36 76 38 59 66 26 46 76 32 41 51 98 56 15 3 29 75 3 11 44 35 66 99 47 9 7 79 19 86 66 40 61 30 2 54 96 37 71 26 98 93 52 80 39 30 4 6 55 64 41 69 0 36 44 94 49 90 56 92 76 64 85 87 43 79 5 27 28 7 90 67 73 53 21 54 80 88 96 2 88 96 20 37 34 36 51 19 37 96 4 65 5 58 38 59 90 67 68 79 31 7 15 33 56 36 56 93 38 34 30 13 53 54 22 64 86 60 87 43 51 85 67 73 12 66 4 21 73 6 81 63 33 0 89 18 87 3 75 2 87 7 2 95 52 11 65 85 39 73 52 61 73 83 0 18 71 59 87 28 78 51 90 74 79 61 95 21 34 30 70 84 74 67 94 21 55 4 6 73 29 17 17 5 98 96 52 68 78 44 41 47 55 2 77 84 29 69 75 98 3 43 77 56 57 
56 6 22 43 9 81 58 47 23 8 57 98 13 94 19 86 54 37 6 86 85 10 52 35 65 26 59 34 93 22 82 36 70 16 12 95 6 80 97 88 65 64 9 33 98 0 40 40 29 43 73 26 75 5 59 80 13 51 11 2 22 88 32 63 99 23 54 93 31 46 12 28 0 37 67 28 73 31 74 24 51 8 92 56 30 39 53 47 32 7 5 65 4 79 41 91 16 44 98 31 89 68 34 91 34 73 68 85 87 18 78 52 16 46 12 98 20 29 49 64 84 32 66 3 67 40 38 9 9 32 45 0 41 82 44 11 18 64 82 55 25 35 93 68 55 47 83 87 81 62 57 88 11 65 26 87 14 96 92 1 34 51 98 93 99 53 5 21 92 7 24 13 41 15 58 5 37 18 16 34 57 64 24 94 42 36 26 28 72 1 35 58 14 77 15 47 1 49 14 0 87 86 75 38 11 16 21 93 43 20 2 8 11 71 44 88 72 43 24 45 50 17 89 16 0 76 4 7 41 16 21 20 10 1 14 15 82 31 46 22 74 56 91 30 25 20 78 54 83 86 47 79 19 31 83 59 79 99 87 30 92 13 21 1 47 41 68 47 5 27 87 76 87 68 97 33 18 27 36 61 76 61 33 16 40 98 67 12 78 27 50 93 54 16 5 99 77 67 74 71 
13 56 23 39 30 7 86 53 3 32 82 29 12 82 63 64 43 56 49 94 69 20 63 29 73 39 16 53 32 85 33 8 87 5 51 16 15 81 79 68 54 34 62 4 89 61 4 11 91 57 37 4 5 98 99 62 11 55 8 97 5 96 63 29 52 14 99 53 54 92 70 65 28 87 10 27 68 45 20 80 1 65 9 84 17 5 53 7 14 58 70 90 32 91 93 21 98 29 64 24 1 85 83 21 87 15 33 12 21 57 17 35 61 24 63 96 22 28 94 94 90 72 71 9 93 69 98 46 11 65 32 23 82 58 48 42 58 11 12 77 45 1 74 14 94 93 12 43 84 24 64 4 85 2 58 41 13 33 19 69 47 39 51 50 55 21 54 72 59 94 57 86 4 89 38 20 36 69 96 12 86 28 84 46 73 5 10 99 9 84 20 63 53 25 35 54 63 58 71 83 53 87 82 35 9 24 14 40 10 79 91 0 43 47 50 18 81 51 65 15 69 66 83 57 10 30 81 67 19 18 71 7 21 35 23 72 3 45 47 58 91 17 52 93 86 98 84 81 6 15 37 39 85 27 3 57 58 50 15 25 65 86 40 31 19 2 23 17 20 70 60 72 54 9 43 73 57 75 23 8 96 0 4 83 75 12 98 24 92 29 83 57 19 41 66 16 16 20 2 15 
27 74 76 7 24 69 26 84 27 62 26 75 11 55 20 74 34 77 87 94 17 65 72 71 39 26 78 12 56 97 44 5 22 49 21 82 25 8 13 63 11 61 72 38 99 76 36 14 47 78 94 42 67 72 11 97 9 14 95 74 53 29 99 77 85 51 68 48 91 36 95 71 84 65 55 22 48 64 20 46 29 83 94 11 93 78 64 71 11 46 38 31 86 73 24 96 16 82 85 83 70 85 18 41 20 25 32 99 55 69 86 4 48 18 74 16 94 92 26 31 37 73 66 23 51 62 86 92 60 54 35 28 67 85 47 85 46 15 19 62 3 10 6 39 23 87 73 94 65 83 94 49 79 75 49 75 44 78 26 29 42 97 12 13 20 63 84 16 66 87 95 71 40 0 83 43 23 66 6 45 38 83 22 46 37 63 89 75 87 45 41 55 12 88 11 33 72 64 23 94 48 84 92 78 48 85 38 96 15 90 15 91 14 49 44 0 17 79 51 53 53 94 10 75 63 27 58 36 84 11 88 69 67 35 8 44 45 58 43 78 25 41 0 42 47 41 48 45 66 90 83 78 2 28 73 45 21 0 61 51 44 80 72 60 86 70 47 0 62 56 1 18 60 96 91 91 21 79 40 74 90 88 98 93 9 93 3 54 97 17 80 64 83 43 14 52 95 1 5 36 
46 71 67 51 9 94 43 28 4 9 32 78 19 20 85 56 12 95 58 42 93 25 20 38 64 56 36 63 41 50 47 72 86 62 18 94 59 17 77 30 2 36 69 77 16 29 24 47 89 17 92 39 89 88 33 76 15 7 67 97 14 98 56 76 92 4 3 33 86 57 86 76 25 68 18 67 28 98 86 79 16 76 90 35 2 93 2 81 71 66 26 79 53 66 21 1 93 73 97 4 59 36 64 18 17 43 54 45 53 24 74 76 72 52 72 40 69 18 35 54 94 94 63 33 10 23 88 14 84 21 29 53 90 59 90 94 75 8 56 47 29 82 20 70 39 39 94 53 53 72 49 50 80 62 3 21 37 32 15 72 23 95 39 59 35 33 16 80 22 96 99 13 13 8 28 0 14 36 82 97 53 33 58 6 63 60 40 26 57 16 26 82 49 12 20 60 57 53 8 87 31 37 11 36 8 77 71 36 2 89 6 52 36 23 68 97 94 5 78 34 20 97 34 57 6 40 19 62 80 4 84 25 32 66 19 47 35 47 79 25 17 44 9 98 7 3 53 13 88 57 7 72 20 1 16 86 38 43 5 69 10 31 26 15 10 86 30 96 34 97 97 71 87 31 16 96 33 65 84 95 59 13 70 38 94 20 90 40 85 86 37 61 79 3 75 21 61 80 75 77 
0 91 66 5 8 42 66 47 70 15 84 69 46 82 45 45 94 58 93 27 27 46 99 2 11 52 12 42 4 54 83 38 37 27 97 39 35 74 24 74 8 76 61 90 62 84 63 50 98 39 11 13 0 12 69 46 13 10 24 58 28 25 54 67 9 84 66 65 0 89 99 5 47 97 61 57 23 58 75 26 46 14 64 92 15 0 47 34 14 33 5 23 47 92 45 33 53 22 83 26 41 26 98 35 66 2 29 83 55 9 14 49 58 64 40 76 66 93 9 87 12 28 39 88 60 52 10 66 45 13 11 46 20 90 65 44 29 97 71 28 69 65 73 16 39 23 75 4 81 65 75 77 6 12 6 39 64 24 1 35 18 39 95 85 65 85 56 91 0 24 48 75 27 10 54 75 41 54 55 49 50 11 3 30 3 70 28 93 75 65 36 69 65 36 11 81 72 0 14 76 25 66 76 4 32 41 95 34 12 67 43 29 42 8 83 26 48 6 95 32 29 44 29 10 79 58 89 52 88 30 74 90 52 35 78 72 5 50 66 16 55 23 27 75 45 83 97 93 80 10 9 80 36 87 40 52 6 76 8 65 48 11 98 0 62 91 36 64 93 95 77 74 26 33 69 90 62 35 67 59 16 44 5 11 82 74 74 47 16 71 34 4 87 96 94 27 33 32 60 94 
21 25 92 42 57 79 79 77 45 1 26 97 86 47 75 73 0 92 26 66 18 38 2 24 68 6 21 28 64 79 64 47 4 56 31 15 11 89 88 57 0 92 44 34 29 74 79 0 56 56 53 58 8 55 58 85 38 55 27 25 14 37 86 26 89 42 59 11 53 21 22 65 42 88 89 99 40 25 7 37 80 70 88 98 8 52 51 55 82 87 46 10 20 34 80 56 69 55 96 21 37 26 53 65 70 77 2 27 93 69 93 75 92 48 3 11 69 89 68 95 70 72 70 97 21 53 59 46 49 28 99 72 0 96 76 29 6 28 62 40 69 72 84 62 34 56 11 39 64 41 87 51 47 71 67 41 66 86 70 74 99 32 66 7 16 21 95 71 67 94 70 67 56 3 34 68 82 34 36 10 73 20 88 73 6 41 2 82 71 67 44 94 23 62 54 9 99 79 69 85 98 30 20 42 20 46 77 65 95 97 14 2 50 63 82 93 9 38 97 80 47 42 88 87 44 51 16 73 80 5 11 45 91 82 97 74 2 24 68 38 1 38 99 9 35 35 77 24 49 32 89 70 57 81 56 11 87 6 45 81 9 62 13 6 24 19 79 44 73 39 0 9 84 80 73 74 77 51 78 91 47 87 31 26 37 13 74 96 49 24 91 97 16 53 70 4 61 38 4 45 
93 94 53 37 81 56 73 5 23 56 44 34 19 63 35 27 92 66 85 70 23 44 71 41 2 64 99 58 58 8 41 1 6 0 76 65 71 44 40 13 65 88 76 52 34 8 68 50 56 27 21 23 12 69 47 6 9 50 26 66 46 74 86 87 86 22 36 66 82 32 49 10 17 86 8 48 75 72 50 44 69 85 76 70 77 32 15 35 89 64 74 12 66 49 91 33 6 25 61 60 33 15 99 7 90 65 32 88 66 38 92 75 92 75 2 26 2 1 87 30 82 58 70 38 8 78 5 7 85 49 91 37 59 73 19 53 98 15 48 95 83 55 82 64 23 12 61 55 3 90 29 92 2 52 70 93 74 90 5 27 80 90 67 77 49 97 34 22 41 46 85 89 71 36 41 85 31 21 25 30 34 7 17 31 36 64 68 65 58 42 59 29 8 43 76 83 66 14 62 5 31 51 68 57 78 7 51 8 33 23 84 97 10 45 81 77 36 55 36 43 92 40 42 24 91 21 86 72 76 97 71 50 14 18 73 49 57 14 95 48 94 45 0 97 45 30 18 15 67 0 31 85 44 9 37 1 13 35 58 30 67 47 31 62 52 80 87 48 76 96 79 14 18 80 25 99 55 85 25 50 45 54 13 21 46 75 91 51 37 66 75 53 48 94 63 27 27 71 53 48 
65 2 81 64 88 26 41 70 55 61 26 96 93 58 90 51 17 46 17 93 40 88 82 46 21 0 59 87 82 26 32 68 65 74 35 29 51 70 11 80 62 4 25 49 6 32 74 76 83 84 66 79 41 4 41 14 79 10 94 25 60 9 31 99 39 51 84 23 86 56 14 62 87 9 27 12 69 68 93 97 36 86 76 10 15 37 82 57 27 30 35 34 40 58 53 15 74 81 7 86 92 27 66 10 35 99 25 64 16 17 82 8 12 10 39 95 80 59 24 74 66 87 74 10 18 39 38 26 81 38 61 47 79 57 60 32 74 67 7 25 13 62 2 16 31 32 56 86 15 40 96 20 70 76 81 83 66 13 49 98 24 93 75 91 21 72 43 78 0 90 38 75 60 1 1 61 34 63 79 97 41 33 95 5 65 75 91 66 28 31 72 89 73 36 12 46 22 56 46 41 76 16 45 43 45 55 7 56 0 17 8 33 75 40 6 30 79 44 3 89 22 10 88 73 16 16 64 84 89 12 84 9 96 66 97 10 11 63 12 12 25 78 98 1 44 23 49 31 31 50 23 65 20 70 66 33 63 87 23 24 85 30 27 25 64 62 35 40 14 85 58 91 52 73 72 43 25 36 21 93 94 39 53 21 73 27 32 15 91 9 20 8 13 75 15 17 94 22 99 12 
22 91 75 42 75 76 8 17 1 0 35 12 67 51 1 45 15 12 28 38 52 85 78 75 76 19 33 45 59 27 86 80 64 82 87 21 42 14 20 82 38 76 39 61 29 62 59 72 22 91 35 4 62 88 69 81 18 66 99 95 43 72 59 71 30 82 53 21 44 13 26 33 86 10 89 67 1 27 81 90 82 84 58 5 95 74 11 15 0 38 70 12 38 45 30 57 40 3 42 25 14 34 30 14 91 20 14 40 11 28 65 67 38 97 35 33 95 8 96 12 32 11 15 90 48 38 36 11 21 26 60 19 70 16 0 11 54 74 63 23 53 11 3 12 63 67 42 24 15 25 99 61 35 45 52 77 14 19 35 7 77 56 50 27 40 20 3 39 70 1 98 10 79 38 16 78 90 1 97 27 91 39 77 97 7 63 64 50 11 20 55 78 38 22 44 58 35 81 21 92 28 10 44 31 16 68 41 94 75 83 35 99 15 29 72 80 56 81 91 41 91 98 47 47 65 26 23 86 84 72 69 2 20 3 30 11 14 63 50 56 85 18 55 81 2 48 62 40 72 18 83 94 10 9 38 81 25 6 3 49 21 76 10 68 70 86 94 20 37 42 45 49 68 60 99 79 65 43 22 6 28 62 46 29 51 68 73 40 66 14 6 49 24 59 96 52 86 46 52 42 
11 74 82 71 23 28 8 76 52 72 18 50 18 17 34 32 87 75 75 63 77 27 5 62 37 85 42 83 94 66 81 12 57 86 2 43 29 80 77 91 80 15 75 25 44 94 57 46 87 35 80 60 96 71 45 94 0 20 57 82 43 39 46 31 11 51 84 5 67 98 34 92 20 2 13 37 50 70 43 34 52 35 35 82 76 28 69 0 47 57 43 51 70 36 82 45 18 19 59 60 64 96 78 81 8 62 27 7 50 84 45 12 8 30 10 38 41 86 29 45 13 0 10 13 60 35 7 53 92 51 55 2 56 76 16 22 3 5 36 9 40 96 31 15 30 48 72 6 73 58 68 47 82 56 47 66 40 77 34 90 78 57 35 16 71 84 14 55 16 98 79 83 73 50 48 92 1 52 73 22 34 12 68 53 59 54 92 0 27 18 73 0 45 5 82 46 41 97 49 12 94 67 23 92 88 69 81 18 28 44 9 51 38 33 50 99 27 83 97 6 15 35 27 71 20 76 48 19 98 97 96 74 74 24 61 99 30 82 43 31 57 0 15 55 92 61 65 27 33 7 95 30 96 68 33 53 36 57 31 65 70 6 55 1 81 12 52 73 72 11 25 84 71 16 4 66 90 2 19 12 1 74 0 35 8 93 90 62 62 67 33 65 91 39 11 46 93 95 68 17 
90 94 35 87 76 7 59 9 15 27 4 11 56 77 39 81 42 17 4 79 11 95 81 18 95 71 35 89 75 73 64 23 90 89 4 43 69 29 47 22 56 76 97 4 10 79 34 0 83 41 44 85 95 98 12 43 84 91 76 19 50 49 46 95 30 13 78 39 69 46 61 42 99 73 28 57 73 69 69 29 72 2 94 47 11 48 59 66 67 99 61 81 73 3 7 63 23 73 10 60 94 68 63 48 38 37 41 15 56 41 76 44 40 18 87 37 2 46 17 74 88 47 63 7 51 24 40 57 60 53 21 67 63 15 81 41 88 87 26 27 66 88 0 37 35 74 12 22 3 92 66 18 48 59 27 13 63 94 23 19 21 23 96 72 42 87 50 68 25 52 97 99 90 78 32 51 44 70 42 40 87 29 17 57 18 60 7 93 27 61 60 21 54 40 68 95 2 36 20 20 55 72 89 37 57 79 78 12 24 89 67 66 57 64 62 12 95 21 41 95 83 44 52 98 5 34 52 49 42 98 45 45 33 90 50 54 32 48 53 14 76 86 63 3 7 21 13 76 30 40 27 41 39 39 52 50 7 2 18 74 71 61 76 58 56 2 57 13 38 26 17 11 63 79 29 20 58 78 94 88 50 72 89 95 5 63 97 73 83 88 84 3 71 2 3 31 22 35 95 95 
90 27 79 94 13 6 29 9 67 1 99 27 13 14 15 47 33 29 42 44 1 79 76 34 85 32 50 88 97 80 19 0 26 6 57 55 40 83 81 88 55 14 33 21 40 35 81 84 48 2 16 20 50 96 77 45 49 30 61 14 68 4 53 24 45 67 80 41 0 41 7 83 10 48 94 62 51 45 31 25 49 14 83 53 49 47 32 52 68 51 78 91 91 14 56 37 98 36 37 93 35 47 76 78 21 91 58 64 29 80 94 35 16 72 68 58 73 72 1 10 25 49 48 71 38 54 12 7 8 26 41 71 5 22 18 37 46 99 14 95 30 55 87 44 53 93 68 91 24 59 65 24 68 90 65 71 77 15 62 11 2 43 11 71 76 48 26 23 8 10 57 7 21 28 31 44 67 10 85 5 8 54 62 85 92 49 76 65 87 36 89 62 61 48 21 98 10 59 98 80 96 62 48 99 37 63 57 63 98 74 18 97 60 65 40 36 28 86 91 26 20 80 96 49 45 96 90 83 97 45 69 65 38 56 23 98 39 4 94 80 45 19 44 20 35 68 80 79 73 34 19 30 38 27 37 43 93 68 52 10 9 41 94 40 88 41 37 48 53 50 40 12 36 85 20 22 57 82 60 62 89 47 52 77 73 84 23 92 49 86 88 61 70 70 60 99 62 98 61 23 
73 8 82 30 84 14 4 16 5 38 78 24 45 95 37 53 74 36 70 12 24 47 15 23 49 33 34 96 53 56 82 82 99 72 29 2 49 10 73 69 29 64 33 6 83 75 60 60 1 82 4 5 83 26 21 27 44 22 53 8 91 60 34 37 43 99 44 79 7 44 93 21 51 4 44 44 31 24 83 76 31 57 73 75 6 74 80 82 25 6 91 54 45 16 85 15 54 86 56 10 17 49 95 8 15 74 24 13 48 7 97 60 0 31 8 56 40 91 10 67 19 5 93 46 60 52 30 12 52 74 66 7 33 93 94 52 34 15 85 49 53 88 99 89 24 33 90 23 97 48 40 76 27 87 36 38 41 22 36 76 60 58 91 74 35 2 62 15 66 34 49 70 70 24 74 99 86 89 55 81 90 70 47 14 84 83 1 72 49 48 59 23 31 43 33 95 5 89 6 22 71 66 38 28 16 97 15 7 53 57 47 98 38 74 31 50 79 3 12 34 72 80 83 83 63 10 62 66 17 26 42 70 66 34 85 79 87 14 94 39 54 96 39 10 36 81 80 4 22 80 48 51 31 1 19 36 18 17 49 70 34 85 21 68 38 47 37 51 55 83 0 66 10 95 97 60 90 52 20 37 26 17 8 97 2 27 38 74 7 96 38 87 45 4 60 41 35 70 96 78 
59 85 3 98 46 85 88 29 18 33 58 80 81 92 70 21 85 21 61 1 0 44 72 46 65 82 41 50 61 84 24 53 70 39 56 79 35 29 54 5 36 94 48 96 94 84 36 32 75 60 41 43 9 37 33 32 72 91 48 97 1 28 65 65 67 37 9 71 30 91 49 41 54 55 90 54 83 18 30 35 33 99 93 20 90 93 83 10 92 16 65 12 48 18 43 95 31 89 29 56 54 91 37 98 72 48 51 87 46 4 57 39 31 27 43 33 73 83 1 20 63 76 9 91 56 5 1 87 40 92 41 62 41 88 84 84 68 57 28 21 17 89 0 16 6 25 35 81 37 85 14 56 75 11 36 93 22 34 22 12 14 77 50 4 52 72 62 40 18 95 62 48 30 45 45 56 75 24 12 45 62 55 79 91 9 90 41 55 89 74 92 67 85 39 57 94 18 77 43 59 68 82 36 75 7 52 41 24 7 26 73 55 89 59 90 69 69 33 9 53 78 52 49 65 58 57 60 9 18 0 46 0 40 14 82 7 56 50 21 20 69 6 22 5 8 14 91 51 91 59 94 70 51 27 47 64 9 89 47 6 66 95 56 40 80 94 25 14 27 72 8 24 85 26 95 86 30 82 58 76 55 43 99 20 21 18 81 27 22 77 23 49 41 68 87 62 67 91 75 59 
58 48 81 30 29 52 21 8 18 18 36 88 45 88 70 51 18 3 11 5 69 37 14 5 98 30 4 4 39 28 28 12 12 86 83 86 69 94 52 70 33 0 49 54 53 48 99 89 12 51 44 30 14 60 83 97 38 79 12 28 49 14 88 43 57 79 6 24 20 49 95 52 67 68 90 4 16 95 53 70 45 14 32 8 45 80 34 44 22 4 54 11 29 77 63 76 96 40 13 11 99 6 27 35 7 42 38 36 87 2 53 64 40 16 89 31 59 69 97 76 58 96 15 49 60 25 7 68 88 36 99 15 82 41 68 3 35 42 63 22 46 89 5 77 14 62 86 20 85 51 79 83 93 59 82 81 41 77 48 62 37 25 9 66 4 0 9 45 93 97 60 67 99 74 19 73 46 4 32 52 32 76 87 80 91 92 89 84 70 40 7 67 47 79 57 68 97 16 6 92 74 49 16 87 32 58 82 18 99 54 53 18 98 6 53 16 54 93 68 31 81 52 39 48 64 14 94 50 72 82 70 14 94 2 92 33 33 9 26 45 9 79 79 66 49 28 43 72 1 33 8 88 77 50 66 8 32 63 8 95 46 30 78 62 70 34 77 99 49 65 79 30 15 96 91 59 77 64 67 18 44 86 52 99 26 90 8 36 60 75 77 36 38 55 66 16 77 17 69 71 
52 23 23 24 75 73 62 24 50 47 86 12 60 20 35 7 88 24 78 44 79 74 88 47 77 57 52 80 92 65 31 19 27 26 97 93 74 41 85 62 5 48 70 52 93 32 73 8 44 53 4 43 72 78 53 20 93 22 61 77 84 24 26 34 20 29 80 88 38 12 46 65 3 51 30 31 37 4 42 88 9 0 60 32 93 64 47 77 36 62 98 87 87 50 8 28 34 18 35 73 27 95 37 69 76 42 42 76 83 98 65 96 71 11 52 94 65 25 1 83 69 83 59 86 7 56 23 71 91 44 23 6 71 31 4 81 6 32 47 77 56 33 39 21 58 44 37 16 16 99 43 57 66 37 72 63 35 77 9 0 89 69 60 15 36 30 51 31 11 96 94 19 75 32 9 3 17 45 77 96 94 83 24 67 82 64 86 46 86 98 3 10 39 41 95 47 7 37 76 42 98 75 70 8 58 48 90 16 75 64 94 90 16 66 3 25 11 21 45 76 51 4 16 75 95 45 13 23 57 61 9 85 85 17 5 88 96 56 10 44 47 85 12 35 68 28 37 3 81 36 27 91 10 4 34 33 40 75 64 62 86 70 29 33 43 86 47 89 57 38 77 33 21 3 98 82 57 77 38 67 4 12 52 85 16 15 17 58 35 77 79 44 75 79 49 74 36 84 16 25 
79 94 50 92 68 6 32 58 12 16 93 4 16 88 68 8 11 86 60 70 74 80 6 31 14 99 37 16 41 47 85 56 63 22 79 98 37 88 23 60 87 15 62 31 23 95 64 61 60 55 88 60 3 61 58 8 76 48 70 24 76 21 60 79 45 47 9 55 42 10 21 18 44 44 71 79 58 64 61 67 19 58 66 35 24 74 77 40 76 1 90 60 11 13 88 42 81 15 35 86 54 54 78 78 83 33 48 53 91 27 28 50 59 95 23 48 40 67 31 27 72 78 17 12 98 86 6 89 84 32 71 51 29 97 92 96 67 17 98 73 9 66 29 58 38 59 30 66 24 93 38 44 23 66 94 29 4 94 62 65 5 35 54 70 87 42 41 57 41 1 14 46 6 4 11 13 44 36 90 73 39 93 71 4 6 70 27 45 19 34 31 93 79 86 63 37 57 99 21 75 2 28 3 81 59 25 78 76 52 31 24 40 5 60 99 18 79 51 48 5 92 37 35 39 85 9 18 36 92 48 23 9 14 0 55 28 25 43 17 38 14 51 7 37 73 28 82 60 30 66 10 90 19 42 12 36 60 18 40 12 23 67 65 88 85 90 42 46 56 90 64 58 7 62 6 8 48 44 33 99 6 21 73 61 27 46 17 14 14 42 66 65 1 33 32 98 12 15 69 79 
97 29 56 10 82 58 37 31 67 55 96 94 75 63 34 22 1 23 39 65 67 71 14 47 12 2 55 7 53 85 86 91 71 35 21 98 61 97 25 46 94 83 49 25 93 28 53 20 34 82 63 97 51 14 5 53 80 87 51 96 88 73 33 18 8 94 39 67 56 45 75 70 55 62 19 3 76 31 98 61 23 30 88 73 28 74 1 1 64 30 26 36 55 66 35 34 24 5 1 67 93 18 1 65 78 95 90 80 18 56 30 62 48 12 44 27 20 12 84 83 56 15 89 1 40 38 26 21 84 92 39 40 17 76 37 4 33 5 52 56 52 56 17 71 78 28 84 96 41 77 89 25 94 24 79 54 47 5 86 72 21 24 96 66 80 80 45 54 79 14 31 57 8 1 95 28 84 61 73 10 10 44 9 8 99 70 6 88 69 22 70 68 52 21 72 92 54 13 54 58 90 10 90 38 66 68 2 27 97 41 40 69 85 87 94 14 7 13 92 3 20 21 71 28 15 59 41 3 26 57 0 55 69 23 72 90 28 56 34 14 11 64 25 60 12 4 24 68 60 47 71 33 76 51 88 10 56 1 96 80 78 43 76 2 1 64 98 18 72 23 88 53 32 13 73 0 69 48 94 7 20 24 76 11 38 17 15 11 91 7 47 30 30 55 52 40 69 64 38 0 
33 36 2 4 51 4 34 92 56 46 24 61 3 70 77 21 29 82 88 29 65 83 60 85 89 69 88 89 18 70 98 54 49 66 78 35 89 42 60 33 63 76 64 78 80 67 39 96 71 14 45 78 16 92 22 75 60 22 57 77 52 40 84 31 75 79 49 59 85 25 38 87 59 31 62 86 61 86 60 98 1 56 33 88 43 69 87 86 36 45 94 2 10 94 45 13 89 70 28 28 37 3 82 46 27 97 95 80 47 22 87 56 64 52 0 85 87 82 28 83 59 44 99 38 7 43 82 98 56 82 31 46 49 17 72 14 39 52 5 31 84 36 71 67 40 84 34 8 52 9 38 30 92 96 64 82 66 47 5 55 68 80 60 33 61 49 11 97 33 70 39 86 87 43 34 83 51 9 17 44 22 60 65 59 7 71 37 37 14 19 33 39 86 77 98 67 23 44 66 22 11 53 24 96 93 29 5 53 73 80 64 56 57 34 78 4 56 27 67 67 41 7 86 17 75 0 58 96 45 17 80 13 62 79 13 2 73 78 79 0 82 99 80 74 82 50 18 99 94 84 6 79 62 14 93 8 31 38 10 97 83 89 36 62 53 45 14 89 16 67 90 60 60 12 2 49 79 29 49 8 22 95 80 6 15 3 72 66 6 63 88 51 40 27 35 3 41 32 16 27 
76 74 60 64 60 41 53 76 70 37 66 30 4 44 79 96 77 20 27 96 99 81 34 57 12 16 43 80 49 45 52 7 61 59 43 95 20 76 37 75 88 6 98 38 66 54 99 49 46 34 33 62 46 9 11 13 29 12 96 19 53 53 55 42 2 14 74 64 87 76 87 81 74 37 66 91 91 68 21 76 74 38 31 25 27 93 66 60 68 95 18 37 28 36 21 48 12 17 59 41 52 54 41 39 93 86 85 63 4 40 6 39 2 38 86 0 55 53 59 16 50 12 31 44 16 10 43 59 63 25 60 21 31 63 94 50 42 29 18 35 63 10 4 12 67 58 55 40 76 76 77 67 77 60 1 39 83 50 50 43 84 30 17 48 62 18 91 91 50 91 60 39 79 37 56 90 12 30 61 51 58 20 38 91 0 6 53 12 74 6 52 76 79 15 34 1 48 27 24 20 44 61 30 61 44 4 87 82 12 17 33 71 64 84 39 2 47 70 14 48 19 55 68 25 44 73 75 62 13 82 54 43 48 93 60 57 61 55 4 15 19 72 94 60 44 42 79 54 43 37 68 82 9 9 41 69 77 93 69 62 1 35 87 77 89 66 36 49 42 64 23 11 2 72 47 27 56 41 40 75 23 48 57 15 93 56 45 91 37 88 29 6 52 77 6 0 48 60 62 78 
20 97 97 44 36 67 82 51 57 74 27 24 62 77 35 62 30 35 12 30 45 87 68 43 64 12 63 47 26 78 3 14 81 9 43 42 64 33 31 16 97 53 96 63 79 91 13 35 81 23 38 39 71 29 45 50 78 82 78 93 51 9 73 57 27 2 59 36 91 92 53 82 7 25 95 96 66 96 51 25 43 69 6 37 29 86 40 35 23 30 79 21 10 26 5 84 32 88 91 0 88 64 53 99 29 14 45 4 56 18 58 60 57 56 82 80 36 47 86 2 90 41 12 63 68 53 38 50 6 97 93 39 69 12 68 31 79 33 30 89 3 58 71 13 36 60 48 44 52 26 64 50 48 4 94 10 40 54 9 26 42 74 83 50 80 62 71 66 73 44 12 60 13 80 10 38 13 1 40 56 45 64 48 54 71 52 98 9 80 51 94 36 49 79 41 88 17 1 87 6 46 53 11 24 72 24 27 0 45 36 48 61 48 28 10 42 85 74 86 39 61 87 18 71 27 28 29 75 93 17 24 45 23 26 32 68 53 86 38 56 20 44 78 18 52 50 41 78 73 28 25 9 22 51 76 17 74 61 96 94 71 99 76 10 31 31 36 38 52 17 28 46 24 13 9 42 43 84 33 40 80 69 91 6 41 15 99 89 9 58 85 65 74 7 37 77 67 96 58 49 
47 73 34 8 14 87 40 39 16 18 52 4 29 15 10 35 76 24 38 82 8 0 71 34 69 57 32 33 50 80 0 84 55 76 99 27 58 81 0 99 80 95 13 79 45 47 37 97 50 43 23 11 59 13 54 37 15 35 14 65 71 34 85 74 52 2 20 60 64 59 29 50 23 47 12 73 63 85 2 9 13 71 18 34 83 49 43 53 90 90 0 59 13 95 78 39 49 8 34 60 26 99 0 1 10 2 64 7 5 55 38 78 27 45 33 36 61 20 92 84 21 58 43 40 3 63 61 89 94 51 8 33 74 60 62 31 79 30 81 15 65 79 69 39 51 38 53 70 82 82 91 75 82 17 98 46 28 49 91 1 63 32 29 56 9 72 8 93 23 22 82 38 92 55 86 96 37 41 86 64 46 74 49 79 73 97 14 70 41 33 27 22 48 70 10 48 67 59 3 4 41 8 20 37 98 38 20 99 42 64 60 7 47 64 23 63 4 79 15 67 76 83 82 45 94 59 5 77 73 57 11 70 70 27 14 44 22 92 99 79 21 41 67 76 9 0 90 33 32 80 39 97 25 31 16 17 83 85 92 16 22 56 57 20 91 21 33 42 98 61 22 3 14 54 31 38 12 30 28 52 94 41 13 91 38 84 71 86 8 25 98 16 6 60 29 63 27 5 58 46 
49 44 45 78 34 14 41 35 36 38 53 8 99 55 45 92 98 33 93 22 75 95 1 81 85 95 4 66 95 64 50 74 70 78 77 95 91 33 29 62 31 2 73 74 46 12 82 66 90 94 70 92 55 49 86 83 91 85 17 16 51 17 98 53 30 42 19 83 50 85 19 70 2 88 12 24 86 31 21 52 25 72 38 14 10 58 40 70 6 34 72 52 1 72 60 51 10 22 29 93 26 99 45 3 8 79 91 79 85 10 19 38 48 41 11 61 10 23 57 57 81 4 9 69 54 5 88 93 63 86 31 6 86 63 62 4 41 27 18 50 32 71 62 3 8 29 87 8 96 66 3 36 67 72 79 17 61 92 96 45 61 82 81 64 94 39 49 97 11 48 94 94 80 77 78 47 5 59 2 94 38 41 10 54 68 34 59 80 5 2 77 34 49 90 38 0 88 81 65 6 46 86 25 17 57 67 53 79 84 62 64 16 66 11 87 94 82 76 41 3 26 88 91 11 86 93 30 39 44 59 78 59 12 33 8 77 76 31 33 75 35 71 43 42 35 19 42 68 41 93 58 95 40 85 69 85 64 66 60 47 50 61 27 18 11 86 95 11 31 83 58 35 85 11 42 96 65 51 94 10 94 82 29 42 89 18 64 76 59 92 33 0 30 53 99 14 25 94 92 95 
62 37 2 79 66 71 42 6 22 71 56 38 1 74 5 67 93 24 75 42 62 12 18 67 92 63 84 78 80 43 15 98 4 7 18 83 82 62 51 63 19 79 24 76 61 11 79 53 61 10 98 31 74 42 73 98 24 35 34 3 22 34 6 78 72 64 66 50 73 42 20 0 99 7 45 48 5 91 44 73 37 95 4 70 48 74 22 28 74 83 3 35 53 90 6 73 83 95 4 60 9 13 2 51 69 87 44 86 22 81 77 23 30 62 71 53 17 51 25 67 5 13 20 22 56 2 7 14 44 33 51 57 11 37 83 65 17 57 28 25 64 48 81 43 54 55 90 5 43 59 80 42 65 34 45 68 39 54 14 38 82 54 46 4 9 80 58 74 86 70 93 63 30 70 35 49 37 17 75 95 16 16 68 4 1 82 65 1 68 12 92 86 70 75 16 31 71 0 22 11 34 49 23 25 20 81 85 9 82 40 64 57 17 85 54 81 22 35 18 6 84 66 98 3 68 26 66 2 8 51 64 76 87 48 91 96 63 97 90 64 61 43 33 53 27 58 8 2 76 0 34 57 23 73 28 41 88 10 20 53 81 85 43 67 7 93 70 16 75 38 8 50 48 39 7 73 93 37 85 62 87 3 16 79 30 31 65 13 84 9 69 52 59 73 21 33 47 21 47 5 
19 15 52 16 57 46 33 84 0 9 77 11 94 99 25 12 81 91 24 85 63 55 89 5 66 9 4 24 72 67 23 85 25 68 9 40 91 86 49 51 40 72 82 82 13 41 86 87 71 39 80 94 23 60 66 87 62 85 63 79 29 84 75 51 46 8 83 51 69 88 39 93 97 82 65 72 33 47 52 12 32 44 90 66 96 32 55 99 44 57 14 42 1 66 7 53 14 43 67 79 84 35 30 98 18 81 89 89 28 47 29 29 52 22 57 87 87 65 14 20 77 26 11 1 31 47 20 70 35 67 65 53 9 84 54 2 13 94 54 47 5 62 26 12 70 8 52 21 67 59 51 17 1 22 9 70 18 13 71 68 3 91 29 0 98 92 79 86 9 74 17 68 25 1 99 2 48 72 44 59 96 66 86 97 92 72 56 70 17 59 17 62 65 88 73 40 64 92 46 42 2 37 93 18 11 64 4 46 1 75 68 80 72 15 63 29 20 84 93 85 72 45 0 31 9 71 43 19 1 28 3 16 12 81 23 8 12 61 36 39 62 14 85 34 8 65 74 61 25 56 68 74 36 70 91 56 21 27 43 23 67 97 18 70 17 51 53 14 16 50 74 9 9 92 77 23 19 60 17 49 63 18 53 21 11 53 8 6 52 21 43 71 94 66 41 29 80 67 80 55 
44 38 96 30 94 66 51 35 92 81 38 47 10 39 94 48 59 54 39 26 84 27 47 70 25 59 53 61 70 51 83 61 3 91 31 57 70 91 81 50 55 23 41 8 37 71 72 33 57 65 57 77 57 69 4 13 45 30 15 94 72 67 55 79 41 6 83 5 86 11 17 5 19 21 65 38 13 98 94 4 59 50 38 70 73 79 98 61 31 26 87 28 91 83 37 11 1 98 76 74 15 2 16 80 45 66 21 1 67 12 28 86 98 99 1 20 62 75 43 66 79 59 61 80 21 65 0 90 12 28 25 79 64 85 53 81 88 46 83 31 38 87 60 40 27 6 93 67 66 22 94 63 91 27 20 82 59 18 29 84 13 40 41 12 31 21 75 79 20 38 80 15 92 1 82 37 68 98 81 25 1 87 73 17 89 8 28 51 75 56 72 82 98 94 84 33 74 80 61 4 94 90 74 17 67 12 30 84 5 4 2 9 89 74 8 13 42 91 72 68 56 84 25 45 52 49 87 16 20 21 41 94 12 41 33 90 13 21 98 37 1 88 77 19 37 65 73 12 39 59 14 77 15 91 34 81 32 55 37 7 15 42 14 47 12 80 8 64 42 99 28 23 74 67 48 21 58 44 99 42 61 30 42 95 98 44 40 9 59 90 31 0 57 65 2 53 65 22 84 46 
8 76 81 6 58 86 43 72 32 45 82 69 26 90 19 73 63 72 46 78 83 42 42 3 21 33 91 59 2 60 6 31 98 55 8 31 49 34 65 68 4 0 67 68 72 24 50 58 30 23 8 96 51 35 68 46 29 0 30 96 74 37 24 97 76 5 67 84 63 14 33 3 87 19 48 11 31 89 57 49 88 1 90 68 74 48 63 42 99 20 46 70 78 80 4 59 18 36 53 12 77 52 67 50 57 9 49 80 52 61 60 86 91 71 76 38 97 95 70 27 59 28 51 59 72 48 37 89 78 10 66 54 19 60 9 41 53 15 33 9 16 28 4 91 45 67 14 11 75 58 11 82 28 33 13 70 90 72 83 57 27 83 68 60 1 19 9 37 14 25 30 31 19 94 47 4 53 24 4 89 86 97 79 43 16 99 45 39 60 63 30 64 0 82 14 74 83 80 58 41 69 58 1 1 53 77 43 56 2 7 95 60 25 91 89 41 96 69 22 64 47 93 95 37 31 12 57 43 12 68 57 8 91 62 40 90 16 35 11 69 79 57 39 14 57 61 38 81 81 38 96 81 33 76 95 35 46 71 52 33 89 1 39 83 10 55 16 83 27 86 56 44 29 95 1 20 13 91 43 76 57 93 26 34 40 27 8 51 28 64 49 88 90 57 83 24 30 7 27 95 
61 5 26 64 66 15 48 95 74 95 1 79 98 59 84 84 54 10 46 59 3 97 99 24 50 21 51 2 67 41 25 16 34 68 89 15 97 48 61 97 29 71 89 83 97 34 66 64 90 8 74 34 41 60 29 51 45 33 63 47 20 93 72 13 9 3 90 26 28 34 74 39 71 87 89 52 32 71 21 99 78 83 29 5 30 57 32 20 12 34 53 27 80 78 47 86 34 23 30 89 68 32 34 14 98 78 45 62 93 53 89 58 76 82 48 40 79 48 97 96 11 88 1 98 39 12 0 94 96 42 46 63 49 20 75 99 40 64 18 63 53 52 14 20 86 84 71 76 93 27 29 20 92 49 35 20 8 84 54 59 71 70 73 90 41 84 98 22 13 40 36 31 69 2 73 87 87 50 60 8 9 90 2 75 82 23 92 74 31 28 65 39 61 95 13 55 6 36 76 10 17 85 25 81 35 50 31 24 0 68 37 54 8 28 62 68 83 67 48 81 63 75 63 7 87 97 36 12 94 61 24 77 21 38 75 27 48 88 92 24 88 52 80 83 62 36 56 10 70 30 50 60 3 25 36 36 91 49 93 10 81 26 63 88 1 67 88 65 76 17 37 80 67 28 9 19 12 5 46 54 75 38 71 1 27 41 52 40 88 34 23 15 18 31 0 33 63 27 77 7 
98 83 46 48 41 8 63 20 79 53 62 87 38 28 75 31 38 46 55 45 39 23 62 7 9 59 3 27 66 26 83 45 53 18 30 10 41 20 12 97 89 30 11 50 86 77 93 11 48 77 28 46 8 20 77 50 88 43 78 46 35 71 63 40 23 96 43 44 40 49 70 75 42 6 47 48 33 87 89 18 28 10 88 13 41 1 2 46 94 13 17 83 5 98 3 34 63 38 7 39 58 52 60 94 85 84 96 84 62 76 4 32 86 76 48 94 1 58 22 5 93 8 68 54 45 39 7 32 40 82 8 92 37 61 89 86 76 98 22 70 9 23 44 74 70 76 45 73 50 25 21 57 98 58 48 75 10 79 67 37 75 89 3 81 14 32 18 16 87 91 83 64 88 56 84 54 11 2 59 53 59 65 86 84 0 53 54 58 35 43 26 23 91 12 68 53 44 94 83 47 62 63 85 37 62 73 82 26 42 56 73 15 99 56 58 15 85 42 85 45 99 12 68 96 99 96 87 39 60 44 38 88 48 33 5 42 81 41 74 75 10 35 37 9 87 74 5 4 68 74 57 94 50 1 96 67 18 91 32 35 98 53 17 18 53 84 11 30 47 40 8 23 9 75 21 80 41 28 1 24 78 4 60 85 58 2 83 24 80 18 12 19 56 99 36 57 26 33 80 11 
84 52 14 28 17 14 33 36 87 49 86 80 23 50 67 8 76 86 27 91 44 66 48 7 12 54 78 4 65 65 91 67 62 16 11 2 13 56 36 41 60 75 97 62 21 79 92 75 73 9 64 10 61 15 55 84 55 52 11 96 17 41 7 90 50 16 58 72 54 46 86 8 37 44 43 17 18 71 54 55 92 66 36 16 95 91 65 55 10 3 16 74 96 19 61 99 8 70 76 37 74 47 39 39 97 98 51 17 88 67 30 6 94 2 75 31 63 37 42 3 70 41 52 15 94 34 20 11 80 73 21 49 39 0 38 26 61 29 88 61 87 72 90 54 87 97 30 87 46 54 48 34 35 78 79 47 16 6 44 40 9 26 35 51 84 49 58 33 67 90 27 14 57 41 69 0 46 62 75 0 4 67 10 48 5 46 95 76 13 70 4 50 76 54 86 55 40 19 98 48 63 77 4 93 26 36 89 16 42 90 52 34 94 3 3 82 12 94 59 32 53 32 30 50 10 13 26 83 1 49 54 71 42 32 90 28 25 42 22 25 95 37 73 67 41 0 33 21 54 89 27 78 21 29 96 83 71 32 0 95 1 88 28 82 42 89 9 50 29 31 95 54 72 23 52 89 79 82 47 0 92 78 76 36 60 63 99 40 16 13 22 5 38 2 26 41 45 25 4 48 
1 12 9 9 10 90 97 43 75 46 17 69 20 63 7 54 74 7 95 26 85 22 69 79 98 91 77 38 66 32 44 61 9 48 4 98 12 91 90 29 53 15 78 26 2 38 89 90 38 48 39 41 63 75 39 21 8 4 23 88 26 34 33 75 53 25 29 54 0 3 68 50 14 37 84 23 39 46 68 31 45 7 74 12 46 73 53 85 93 93 33 73 46 22 90 95 5 97 56 51 3 61 87 99 95 50 75 5 93 4 38 96 2 13 36 17 42 67 21 16 7 36 17 59 68 64 16 42 78 4 82 20 25 79 12 69 6 40 79 8 35 60 20 32 54 26 44 89 66 41 42 51 92 81 89 64 8 72 40 64 42 23 87 25 31 71 87 75 46 80 12 90 3 5 87 48 4 87 79 47 77 45 40 51 45 87 94 25 82 55 49 24 65 66 58 84 71 3 80 88 94 53 88 4 87 9 8 84 87 52 84 94 71 87 77 55 19 10 34 13 90 44 31 11 69 82 47 98 31 89 85 87 31 12 15 26 48 98 62 17 40 22 25 35 39 5 70 55 58 49 70 54 26 1 71 42 37 21 98 85 26 93 70 52 94 93 0 57 84 2 65 34 5 38 4 60 43 30 87 98 11 9 42 52 18 14 93 18 14 67 14 82 70 94 42 83 60 53 63 86 
43 75 58 42 39 32 71 37 64 6 44 83 63 90 8 22 16 45 20 51 20 76 1 41 87 38 11 47 11 91 6 54 7 4 30 64 21 75 8 98 30 35 5 93 92 82 5 56 97 34 39 28 93 51 93 91 83 15 6 76 85 61 5 52 72 46 39 25 29 93 13 5 6 99 47 52 97 32 81 58 38 23 18 30 61 1 6 20 82 45 41 50 42 5 44 57 94 75 84 28 9 66 63 5 31 70 22 64 67 66 41 42 83 6 97 31 70 35 86 79 45 79 71 91 75 93 56 43 19 4 26 17 14 36 87 70 99 6 21 34 74 17 38 83 34 64 71 92 15 47 85 2 93 37 45 63 25 95 92 26 77 40 90 23 74 99 82 67 84 99 34 21 56 52 12 15 74 54 69 26 18 57 24 36 58 6 19 6 0 38 86 63 66 60 35 70 25 0 4 51 10 65 91 82 14 92 9 3 66 47 14 2 76 89 70 69 51 53 56 6 90 59 28 30 21 98 96 74 90 85 5 69 92 2 53 52 95 83 75 40 19 39 82 80 18 41 38 42 42 95 61 9 80 29 64 24 19 22 91 94 64 14 14 89 43 60 84 22 28 52 49 23 59 21 78 13 91 31 38 76 17 72 80 1 12 82 65 28 45 15 14 86 63 68 42 9 45 31 54 96 
36 50 30 45 75 8 90 21 26 38 61 70 56 10 66 74 23 82 48 63 76 68 25 50 22 89 39 24 65 47 2 19 14 80 20 47 31 45 97 91 12 72 37 17 58 95 15 1 24 68 88 32 86 84 26 99 88 77 56 46 19 92 5 97 46 85 67 67 69 83 68 58 9 32 95 37 82 16 40 51 51 28 53 68 83 23 72 64 68 97 47 58 75 89 56 15 49 23 53 19 8 28 47 32 89 5 36 32 49 98 37 29 6 59 62 71 15 39 95 71 12 68 16 42 59 66 8 14 34 50 81 82 69 42 35 15 39 95 32 51 73 38 40 10 21 46 86 20 82 89 70 52 99 45 3 47 39 63 65 53 75 52 74 93 99 54 91 55 30 50 93 36 21 63 99 68 82 50 31 83 58 82 78 79 93 90 6 39 44 0 54 81 22 78 49 60 75 68 65 13 91 61 47 4 88 68 73 42 60 72 9 38 26 74 93 74 36 75 14 21 11 25 75 54 46 69 97 82 77 46 42 59 45 91 30 80 52 44 70 35 5 43 52 57 5 44 16 42 29 7 84 77 20 64 76 86 17 40 21 78 18 63 81 66 6 36 70 29 24 0 47 86 22 69 77 23 8 8 3 75 93 48 64 78 50 56 88 6 37 37 72 14 32 99 99 90 62 97 92 67 
76 9 47 34 77 59 9 39 12 4 30 8 94 36 82 22 56 60 88 83 16 71 76 29 9 64 68 61 79 74 82 88 38 17 68 80 80 1 43 25 60 46 27 24 74 71 46 71 51 0 1 91 96 79 97 77 5 3 18 16 12 60 15 38 79 60 76 76 71 89 4 24 83 90 90 98 45 30 86 63 36 61 33 13 12 48 95 73 66 80 2 76 30 62 11 36 91 76 15 18 9 85 5 96 97 8 47 38 62 24 94 90 46 48 20 66 69 33 82 75 34 80 9 10 48 25 99 21 63 0 76 35 58 38 96 79 12 60 17 19 68 50 99 91 42 39 51 25 34 61 40 17 16 23 13 29 98 7 77 35 36 26 72 72 82 61 60 58 38 30 4 15 76 83 74 50 89 13 2 50 73 61 42 19 12 83 86 11 1 19 94 46 85 5 36 20 37 30 99 77 12 82 86 22 79 85 60 30 58 58 53 21 91 8 30 93 30 18 63 93 11 46 88 19 20 71 94 18 43 50 58 74 4 15 52 9 15 27 65 90 33 53 54 83 10 54 81 28 32 12 14 80 28 8 22 75 26 68 95 72 16 72 48 34 94 41 94 55 58 56 1 34 88 87 56 74 9 81 96 27 22 48 68 60 73 80 75 71 23 89 47 47 1 93 36 16 22 59 10 90 
34 33 73 61 10 79 98 25 13 92 38 1 33 24 27 99 81 92 8 17 1 80 7 57 85 63 15 18 49 2 70 46 71 46 24 57 71 32 68 61 53 48 71 54 74 26 56 20 66 71 74 53 81 8 17 24 96 72 73 9 30 19 56 94 85 86 99 11 77 60 59 88 42 71 29 60 67 84 57 54 44 86 22 95 25 73 27 12 31 85 20 78 78 73 2 88 42 54 88 71 52 39 52 22 25 29 67 41 45 46 18 96 52 20 37 39 90 83 72 55 84 39 11 84 51 19 86 72 30 1 29 29 29 58 68 65 7 36 21 86 66 77 26 53 47 87 43 16 7 59 19 53 86 8 62 46 44 72 64 89 44 3 96 58 52 69 1 68 57 46 9 51 31 18 85 18 68 84 88 68 81 2 48 92 43 36 69 52 13 30 28 90 92 32 15 93 11 49 99 32 70 42 5 31 25 30 32 14 74 63 57 4 82 68 56 26 90 51 78 71 80 89 34 67 92 25 52 54 8 98 13 86 78 36 24 29 89 42 75 31 13 75 44 53 99 5 10 39 67 7 85 54 73 88 55 67 66 6 30 21 62 8 21 37 71 45 91 9 51 66 32 44 44 10 91 73 83 10 62 95 86 34 52 76 97 37 18 19 3 31 91 7 64 85 99 96 20 50 76 6 
87 33 90 68 69 73 62 98 23 38 16 48 83 47 24 87 27 4 93 72 56 37 41 13 39 48 26 40 45 26 39 42 79 64 50 88 48 94 69 77 42 17 32 36 60 35 7 91 99 40 93 81 90 0 73 36 48 35 97 76 12 82 16 52 64 31 98 56 14 78 93 40 72 36 74 23 74 44 16 71 10 75 41 32 69 8 13 90 59 25 75 44 63 29 51 55 8 63 40 51 70 32 52 28 69 57 18 13 5 23 6 40 71 57 55 45 90 12 74 78 49 43 14 71 39 76 59 33 91 45 25 52 12 77 51 19 76 0 62 0 63 24 42 3 49 74 50 13 6 72 78 5 49 14 9 67 11 78 18 6 74 14 13 82 95 56 15 32 31 12 61 81 84 21 17 92 86 98 45 22 94 1 40 58 15 93 72 60 64 62 49 69 70 77 67 36 35 97 96 55 97 42 98 25 94 1 66 44 9 88 81 67 67 78 95 61 97 80 67 18 92 10 8 55 13 35 75 43 35 70 86 58 39 10 73 1 46 36 83 53 68 17 94 41 58 12 43 0 39 16 62 39 5 97 56 83 13 49 84 83 53 3 57 13 42 12 41 15 56 39 93 4 51 85 63 94 75 34 48 51 20 39 77 50 7 36 65 54 79 97 56 37 42 28 95 82 66 65 35 96 
79 91 90 0 31 81 0 37 1 6 36 65 41 35 1 68 48 92 26 99 13 32 94 47 33 74 77 85 66 56 0 13 22 56 29 43 73 73 18 47 60 15 85 22 97 71 19 40 31 2 0 85 12 35 60 26 77 88 96 44 9 35 49 93 73 78 33 73 53 45 33 40 98 31 47 18 23 13 98 45 65 31 42 73 85 81 98 46 82 76 88 58 24 12 50 61 44 9 35 80 9 24 2 7 74 40 47 7 13 18 9 57 33 66 93 98 77 85 46 70 69 71 9 77 15 97 67 81 65 29 79 14 3 89 51 28 70 70 30 48 45 92 64 48 7 58 75 91 98 40 33 81 59 42 22 43 47 42 2 94 27 15 28 69 49 0 5 15 3 38 43 30 54 75 60 69 0 85 8 5 46 57 31 92 16 85 63 24 45 95 92 10 49 18 84 9 1 58 88 83 64 10 26 10 41 98 60 36 62 44 32 93 69 25 64 42 72 10 13 82 89 9 52 59 46 69 20 53 56 17 38 41 54 58 65 63 0 50 63 35 53 65 29 75 58 60 22 54 47 30 3 86 43 55 40 84 63 47 10 10 75 46 36 78 75 66 97 3 19 63 61 5 6 59 57 58 63 32 6 77 62 73 11 39 65 91 33 74 16 84 0 9 33 78 93 39 45 10 41 4 
87 74 58 74 1 78 36 43 43 14 13 2 14 22 33 76 42 0 49 41 63 28 23 73 25 71 47 94 95 34 94 89 48 52 18 23 97 82 96 96 97 15 73 46 89 34 70 64 3 85 14 68 9 66 66 38 69 91 10 45 29 84 63 94 68 87 49 23 26 7 0 40 42 66 30 29 87 38 96 1 71 77 42 46 73 88 1 69 99 15 55 83 6 29 53 27 52 46 31 81 30 81 22 14 52 88 43 89 91 92 68 44 62 1 36 3 76 31 91 79 7 13 31 88 27 66 94 11 62 54 69 38 77 21 83 64 33 91 34 76 27 35 92 35 36 84 56 7 99 32 95 80 63 97 16 17 33 56 49 82 50 79 64 60 0 64 61 29 3 15 69 41 64 72 74 43 63 29 7 98 67 71 1 79 6 89 0 97 4 1 12 65 31 13 71 14 52 41 75 92 3 42 18 83 46 91 20 89 60 56 41 48 29 41 60 14 0 14 53 31 37 78 74 35 97 99 40 89 45 80 0 83 0 29 94 41 29 93 56 94 85 48 35 65 68 75 66 48 78 3 44 1 24 97 38 67 45 74 43 53 71 30 57 2 59 81 85 9 10 79 22 48 29 99 35 19 12 78 23 29 57 67 86 17 27 99 69 75 92 8 0 77 44 93 81 82 52 80 63 68 
55 8 57 94 55 97 99 59 12 13 30 58 17 68 24 3 41 79 54 85 61 79 93 66 67 41 83 15 44 71 80 94 64 73 29 3 79 63 67 97 7 39 38 63 17 21 77 35 33 31 55 95 41 37 81 76 18 26 93 86 1 65 81 30 63 79 5 42 53 16 92 14 31 58 34 1 47 88 4 16 49 51 32 16 54 18 39 65 76 89 5 63 29 55 36 67 72 12 75 80 12 55 50 0 86 53 71 89 83 20 31 71 84 19 89 23 72 76 29 1 11 55 54 10 24 17 76 52 90 7 16 45 88 26 54 23 87 85 73 74 60 10 98 18 85 10 39 9 76 80 93 74 91 14 16 49 7 31 27 31 49 45 49 43 80 93 3 47 33 24 24 13 31 65 28 12 2 62 99 57 69 70 27 64 43 34 95 74 87 17 2 38 98 74 44 78 91 54 25 10 65 99 43 42 83 78 33 27 59 84 53 22 69 33 53 16 83 27 52 14 85 62 88 89 10 58 24 5 66 27 98 21 25 26 48 94 10 32 47 75 82 21 23 69 63 20 51 16 27 65 73 53 9 22 29 9 78 99 50 28 56 77 28 35 32 59 56 9 48 81 77 67 77 28 63 41 5 27 52 61 35 97 10 30 38 56 31 17 69 63 3 40 97 44 31 0 51 5 15 19 
25 52 83 84 52 4 15 18 58 34 75 17 10 43 87 67 13 62 96 8 13 39 56 64 48 90 14 92 80 90 30 90 12 81 29 87 71 76 83 44 20 25 46 30 94 27 50 76 88 84 23 56 94 60 96 93 2 19 22 33 57 38 94 69 41 88 39 6 45 59 20 85 43 38 11 26 74 36 48 0 33 18 16 42 80 96 31 79 13 36 87 72 89 4 79 84 99 15 4 47 89 24 3 80 6 87 35 18 32 21 91 15 70 17 57 63 90 9 0 87 79 34 98 44 88 82 98 71 72 30 49 5 7 29 26 95 36 11 5 17 67 26 91 65 40 92 38 43 61 57 92 91 72 76 7 68 8 92 4 12 44 44 75 69 3 51 14 4 79 83 56 0 26 22 60 55 3 49 1 37 74 60 70 62 80 29 1 14 42 14 6 98 66 75 0 39 89 3 33 23 56 42 67 29 2 68 35 81 93 2 56 80 33 77 54 92 5 68 68 50 22 13 89 36 56 23 11 2 39 13 69 67 70 55 6 2 79 90 83 60 48 72 80 29 57 55 84 1 26 91 57 78 77 93 94 50 42 35 48 13 5 26 7 30 42 50 91 1 69 36 24 18 24 43 55 46 12 1 26 26 32 31 55 56 7 72 61 21 2 83 55 97 71 91 0 0 29 27 59 68 
35 23 26 37 50 71 24 85 9 32 20 17 26 47 26 93 18 70 85 70 86 49 31 96 62 96 67 57 84 15 34 98 34 8 84 51 55 60 49 7 98 56 8 48 42 87 56 7 30 23 26 62 35 15 79 83 56 90 34 17 38 50 93 38 23 73 58 7 56 57 91 71 39 70 19 28 99 33 29 5 30 31 37 80 68 3 62 74 3 35 37 86 18 23 0 80 14 99 77 77 40 2 67 81 45 93 33 10 15 71 79 21 56 80 4 40 32 43 16 15 12 63 7 23 46 34 2 33 71 52 73 49 82 92 20 89 75 46 76 5 10 23 3 58 82 97 78 37 19 61 34 35 12 61 51 79 9 11 24 0 27 10 79 31 69 38 28 71 79 85 61 1 81 20 32 53 31 73 70 98 70 29 80 12 96 21 50 57 13 54 22 23 50 51 75 33 66 64 97 27 2 74 83 49 80 86 3 6 90 61 61 9 21 83 62 88 13 35 69 32 44 92 0 57 59 86 35 0 12 57 51 90 11 6 34 54 14 17 89 51 22 23 84 20 43 81 83 97 3 78 27 87 14 26 28 84 88 95 97 45 69 36 17 91 20 30 82 73 41 26 89 91 34 99 44 92 68 12 28 80 47 21 32 77 86 51 41 70 73 43 10 57 58 80 20 95 10 11 83 25 
2 47 54 19 61 11 42 70 99 53 99 19 66 82 22 34 66 97 30 79 46 39 95 90 87 58 96 46 29 44 13 79 3 15 28 38 91 14 48 65 51 37 58 56 13 16 31 46 33 89 97 30 72 89 49 52 79 36 55 40 34 42 54 19 63 64 90 60 68 75 63 67 71 6 15 6 66 14 5 68 82 91 46 30 54 53 95 82 7 29 76 82 40 13 33 18 38 33 36 38 63 77 90 25 99 56 90 11 32 44 68 40 88 15 77 21 95 48 95 85 3 14 37 48 63 60 76 93 46 71 76 94 54 85 67 20 63 45 25 50 60 8 33 65 45 12 85 73 88 5 52 10 23 50 68 53 99 37 48 83 22 11 29 61 42 34 47 30 5 37 96 82 6 50 17 91 73 26 59 11 65 91 49 31 8 3 1 44 9 95 5 18 18 46 10 70 14 98 82 86 25 86 7 54 38 10 84 59 39 56 6 13 24 37 82 61 35 78 57 38 81 83 25 42 18 77 35 79 28 66 8 23 60 79 53 59 37 11 43 35 88 95 44 98 34 28 31 14 71 70 65 80 60 54 55 94 66 33 26 95 69 4 6 70 0 41 67 23 51 71 95 7 63 32 67 61 84 29 75 29 98 76 83 90 93 58 98 45 49 78 2 89 64 84 34 14 40 9 53 81 
48 86 29 99 50 47 56 8 75 62 1 35 30 26 40 75 3 14 1 27 6 44 12 99 49 82 21 29 91 9 92 40 36 69 17 88 15 99 52 31 40 30 78 99 5 92 86 0 61 77 88 87 20 57 60 82 42 64 25 85 8 12 50 32 28 61 12 81 92 78 59 5 7 27 89 65 84 78 56 72 6 56 47 5 73 28 7 94 75 35 65 0 5 58 71 86 17 19 54 28 65 74 88 67 52 42 35 38 12 89 63 0 87 11 73 53 6 12 36 61 71 25 17 90 53 93 40 47 12 68 1 14 99 89 38 34 25 60 34 8 65 7 6 83 50 87 58 24 25 14 18 30 40 45 28 57 1 72 10 44 7 2 15 80 81 18 16 30 98 4 93 19 16 83 5 73 31 46 55 59 80 93 52 51 14 5 78 51 85 30 88 37 41 53 82 25 31 95 97 74 85 61 79 58 94 96 51 41 63 63 72 28 88 19 80 77 21 30 67 49 16 0 12 65 50 65 73 60 87 76 82 47 76 45 5 53 66 0 0 99 20 93 70 38 71 26 38 91 93 83 88 12 86 75 47 46 79 15 95 86 79 97 49 24 20 0 87 44 62 36 70 11 0 16 61 51 99 18 85 56 27 22 94 18 68 32 26 77 60 5 59 19 14 21 77 1 63 16 91 84 
4 1 64 78 79 55 44 83 21 99 99 59 24 52 65 70 43 75 87 82 18 38 38 69 86 62 32 36 82 58 38 51 12 91 87 59 49 70 44 29 9 75 83 64 33 25 87 33 97 96 63 38 73 55 92 77 49 92 70 14 76 59 48 60 32 42 77 36 27 22 40 39 85 19 9 13 74 71 7 97 7 18 95 13 31 6 23 22 24 0 3 4 71 32 37 25 60 34 82 28 40 74 27 81 26 70 88 34 52 45 89 75 31 72 93 78 50 78 99 69 97 25 42 57 90 48 18 34 53 81 80 15 83 49 28 2 15 38 55 68 4 3 46 26 39 40 0 21 98 48 39 60 48 74 70 56 64 37 75 19 76 75 7 7 54 49 48 84 35 37 94 92 67 66 95 89 6 49 41 35 90 34 83 62 69 95 73 67 13 40 78 12 73 62 97 32 70 63 33 21 8 81 15 88 64 33 44 51 12 59 5 89 60 7 16 73 23 78 58 91 10 21 93 30 67 31 44 80 31 39 24 82 8 30 25 4 82 43 69 69 90 32 46 35 90 51 30 69 2 0 82 18 75 81 1 53 39 48 81 66 71 63 28 90 82 37 36 61 48 71 98 50 80 23 63 79 90 66 28 33 86 36 29 20 26 74 83 66 74 27 49 89 59 66 54 8 37 3 85 83 
34 17 1 54 5 58 9 37 15 53 23 86 21 50 46 36 68 78 5 41 41 23 2 60 6 56 30 72 39 40 0 62 70 97 95 77 73 94 0 67 22 49 18 18 79 28 13 89 40 82 9 17 17 0 26 91 79 48 89 85 47 41 16 71 88 65 27 75 49 1 7 67 25 82 8 52 45 93 48 31 74 42 39 35 84 88 78 83 37 93 75 16 46 72 53 69 69 23 99 36 74 25 13 61 51 0 80 42 50 15 76 20 17 14 2 93 87 45 47 66 46 96 48 78 91 27 15 62 42 12 29 68 96 49 49 76 32 94 0 71 15 12 41 54 26 85 4 93 10 22 13 98 39 83 19 49 43 32 65 20 1 84 97 38 11 16 17 57 99 0 11 55 8 36 51 88 58 8 79 6 52 14 71 90 58 55 39 6 89 84 0 58 78 99 77 53 50 81 71 3 60 32 38 61 56 41 57 33 37 96 21 46 10 90 28 38 36 3 33 16 32 98 30 79 14 63 37 36 26 79 22 29 71 90 11 99 39 70 28 77 38 68 4 46 8 36 97 48 11 85 7 50 15 54 55 73 49 56 34 61 19 36 36 27 41 59 6 42 65 21 40 30 22 51 10 85 0 56 86 60 93 57 5 36 1 45 6 53 46 11 30 36 16 20 64 52 42 65 55 70 
76 20 4 23 41 44 30 16 58 88 47 81 52 29 12 72 58 92 97 50 36 98 96 45 43 29 67 8 71 63 22 79 15 88 38 54 70 28 19 77 93 19 82 46 12 84 92 72 91 57 36 90 54 91 22 86 15 25 16 4 55 66 82 76 24 0 63 86 40 4 50 17 62 12 77 81 80 22 22 73 61 15 27 71 94 6 3 73 23 34 57 90 99 90 92 95 41 94 12 30 73 42 38 13 90 74 81 20 56 9 0 74 19 80 33 99 33 83 86 56 20 83 5 89 91 98 98 58 81 94 9 56 14 48 92 97 45 0 79 24 12 75 74 27 70 82 29 55 60 91 95 2 10 46 95 32 71 27 15 76 99 68 25 64 36 65 39 37 79 32 49 0 98 34 41 12 56 94 5 72 24 62 54 25 29 98 86 88 52 25 43 83 14 34 82 56 51 78 24 34 55 38 88 81 58 72 31 8 44 4 97 7 36 98 89 81 3 31 8 6 75 25 56 30 45 6 10 26 57 18 86 74 17 53 92 5 49 90 42 6 77 0 95 24 31 86 51 93 36 87 7 23 86 88 13 89 66 63 74 77 16 24 97 10 10 75 66 88 40 97 54 58 77 76 60 86 53 17 97 59 38 98 69 89 47 53 8 46 40 98 26 87 10 20 71 68 41 41 29 41 
79 43 83 70 77 52 11 3 73 46 44 40 21 88 54 35 9 22 12 80 90 87 53 81 74 56 0 63 40 85 81 30 15 14 49 12 62 45 43 67 40 56 58 67 28 52 81 92 50 64 58 35 92 37 32 15 74 69 36 17 88 48 18 28 99 77 52 6 85 46 38 9 97 24 6 44 3 55 24 8 11 73 87 87 92 21 92 51 19 88 12 16 88 37 8 18 92 54 3 33 58 19 77 38 34 8 5 90 97 37 5 77 17 26 32 6 72 14 95 16 40 44 36 62 21 41 72 95 89 55 57 83 30 66 11 44 65 60 21 87 97 83 2 25 78 40 88 85 18 77 79 58 49 24 89 74 18 75 72 20 95 48 15 5 30 8 91 56 77 98 69 66 5 96 94 81 76 33 73 99 17 71 48 64 56 3 23 87 57 70 29 82 87 55 77 74 62 81 99 78 38 17 32 55 63 66 3 68 63 40 42 65 66 18 86 91 18 65 3 99 83 0 57 45 10 49 28 43 68 10 9 30 41 61 8 57 19 49 17 76 47 2 31 56 22 80 5 15 62 76 69 22 16 28 3 75 89 51 96 50 59 40 10 12 69 9 74 7 31 13 38 50 54 24 44 11 73 3 29 51 83 6 82 70 6 62 89 11 77 95 51 62 0 63 84 90 47 66 14 83 
76 84 42 66 4 92 5 73 39 49 50 45 94 36 59 25 12 51 80 67 46 14 6 36 40 22 65 43 84 0 66 90 94 68 58 74 92 66 55 56 52 56 91 40 33 23 47 74 20 90 90 85 82 83 74 97 74 75 73 43 82 89 54 81 56 28 35 39 43 11 27 68 48 49 48 18 24 83 33 11 80 61 3 75 30 52 56 21 87 93 47 95 16 57 18 21 66 83 2 28 55 15 75 49 39 51 2 86 60 3 14 69 96 21 5 88 60 57 29 76 10 30 70 14 76 9 79 48 20 39 67 96 48 77 78 19 45 9 82 7 56 17 46 74 83 77 14 35 8 5 94 22 12 0 18 43 78 4 55 18 87 67 65 32 76 28 28 19 87 9 11 9 95 37 45 8 74 90 11 53 21 78 27 15 19 94 0 33 96 65 96 71 83 37 40 6 57 30 24 52 17 99 3 23 24 58 32 86 87 83 95 13 31 4 11 78 52 84 39 6 40 90 35 42 32 18 47 80 99 52 13 80 16 53 85 33 14 63 48 17 65 47 88 47 91 23 54 60 55 13 97 29 37 59 76 15 9 16 7 65 47 44 21 98 59 51 94 84 25 43 17 75 56 19 19 41 81 17 90 9 86 77 24 83 47 31 83 44 10 98 70 15 55 4 57 52 78 10 64 11 
87 63 29 6 93 64 65 17 22 11 69 18 50 99 82 8 24 30 98 48 51 68 83 34 28 90 67 11 21 39 27 77 18 41 19 37 1 95 8 35 3 16 75 57 59 15 32 83 21 40 22 22 50 54 6 8 2 16 80 75 78 98 49 12 20 1 96 65 38 2 38 43 34 54 32 55 39 75 92 28 52 25 76 2 71 34 12 58 26 64 71 87 23 5 51 63 32 47 79 95 52 29 50 3 77 62 45 23 19 86 19 28 12 56 43 71 71 49 98 68 70 14 50 97 1 3 47 2 19 50 18 87 71 60 90 37 36 21 4 63 18 9 72 56 23 61 11 68 76 96 8 29 33 35 0 92 19 84 46 52 43 43 44 72 60 52 73 18 64 36 63 91 53 88 36 46 2 42 28 95 33 1 52 54 63 56 50 37 97 33 28 55 97 87 96 46 68 86 86 28 66 50 38 15 95 73 57 55 85 22 67 63 61 42 28 70 64 55 87 67 31 37 75 77 72 37 71 91 84 12 34 60 99 59 30 36 76 90 97 99 4 0 63 26 77 96 73 80 35 74 60 0 7 0 4 28 79 97 93 19 48 93 11 74 47 92 18 0 1 48 92 6 66 20 86 34 56 80 22 14 77 41 90 78 28 22 5 12 67 46 23 18 68 99 67 15 78 19 53 92 
30 2 40 6 96 60 8 91 95 29 79 77 86 10 41 16 76 76 67 22 39 13 80 73 39 1 65 10 41 77 5 52 10 84 76 91 83 35 71 5 51 42 62 70 20 43 38 51 79 77 62 48 53 57 98 32 91 79 25 24 10 48 25 73 16 62 53 36 25 21 41 65 46 21 32 89 19 87 67 7 57 88 62 54 22 80 96 98 31 38 6 1 55 27 26 90 23 28 29 79 90 29 55 22 44 29 50 36 10 96 40 31 97 61 14 78 38 92 24 12 65 92 40 9 78 24 76 40 1 4 82 8 99 5 73 75 29 76 77 66 25 44 35 40 22 4 36 14 18 75 19 45 32 1 91 86 33 62 44 52 81 0 59 54 79 45 64 18 64 47 27 43 74 27 42 81 58 21 71 5 11 59 44 88 79 57 65 34 53 97 66 96 70 40 71 5 58 94 25 31 64 57 76 68 67 63 48 86 67 24 59 19 77 92 24 86 90 12 84 36 31 79 8 67 48 71 43 97 76 53 89 32 7 87 28 4 55 3 71 87 56 44 81 79 30 70 62 24 79 34 17 55 38 26 96 35 50 34 37 15 97 38 41 16 21 66 88 94 23 85 91 4 59 9 73 1 59 68 93 3 6 37 70 77 25 74 42 87 80 16 64 17 61 61 77 56 7 33 0 6 
94 39 40 11 88 15 16 0 10 17 59 70 45 76 36 98 38 16 53 17 12 15 8 1 13 53 0 56 34 28 28 75 91 2 28 97 72 84 53 45 15 81 2 49 87 56 12 52 1 32 43 84 68 62 64 2 26 62 88 20 4 76 19 0 41 4 36 20 88 63 99 42 70 96 32 97 96 98 74 59 73 25 28 22 62 0 52 43 14 74 39 39 78 54 92 96 45 69 70 48 5 65 43 99 39 38 72 67 67 9 83 69 98 57 41 98 20 63 65 90 25 37 73 63 66 25 46 74 96 84 60 43 18 34 2 99 4 22 92 0 64 31 22 0 68 86 44 76 82 71 62 42 44 51 57 38 62 98 70 34 20 46 52 85 41 85 67 90 75 15 84 73 26 42 19 70 26 69 49 83 77 93 72 24 61 19 88 58 20 60 55 27 30 1 56 37 11 25 68 69 42 3 40 13 18 98 52 12 72 0 78 66 55 58 17 3 20 43 85 68 99 47 67 77 50 38 5 27 9 48 72 33 95 30 0 2 21 94 6 33 51 56 12 19 77 90 87 64 30 39 36 50 17 41 26 5 75 44 50 47 43 8 76 64 16 97 72 81 38 96 53 88 10 16 98 75 84 9 73 63 84 24 72 85 80 74 46 35 36 88 81 70 39 20 17 61 56 39 76 54 
90 69 99 68 79 32 92 84 47 47 41 68 25 34 69 33 88 8 70 52 97 31 16 29 52 67 62 17 70 85 12 5 57 46 23 78 76 19 72 60 12 43 54 68 56 48 11 83 40 48 92 47 82 92 1 21 95 41 35 99 5 38 86 70 66 76 85 21 29 69 31 55 25 85 88 0 45 94 81 21 41 89 5 45 88 39 1 5 42 36 99 37 91 12 4 75 82 49 34 49 13 79 4 7 68 30 45 3 67 24 7 54 50 91 74 93 78 1 43 37 42 5 94 11 65 28 5 99 26 1 4 65 38 79 94 86 67 41 95 35 25 98 3 58 98 67 2 87 99 8 15 74 73 83 78 41 94 41 0 23 34 52 25 76 83 10 95 28 59 53 14 88 3 50 38 6 36 40 83 4 58 35 96 98 18 65 44 92 3 2 36 4 60 75 52 82 23 36 68 80 38 6 47 45 96 15 16 63 59 16 35 26 68 70 92 62 2 75 69 87 73 36 10 67 34 91 15 91 66 28 61 46 29 89 28 89 22 33 96 89 20 71 19 96 75 2 79 76 62 46 86 53 1 88 44 72 46 15 45 54 8 96 3 10 85 96 44 70 58 39 40 85 90 31 95 86 52 15 31 18 63 83 81 86 80 38 55 90 68 68 33 37 17 98 20 92 37 83 15 42 
43 9 56 35 88 92 29 81 95 73 98 32 99 24 66 83 64 6 57 6 5 32 31 57 82 41 70 98 7 56 30 24 78 82 99 63 26 29 68 96 37 94 72 24 2 79 12 82 54 4 85 16 79 49 17 80 94 53 28 91 54 66 78 31 84 17 80 15 30 92 97 18 96 94 18 12 94 79 75 67 26 63 48 13 31 45 69 14 28 39 81 26 38 27 48 41 36 75 17 57 15 0 9 51 16 63 13 86 17 25 6 18 62 62 24 5 33 94 14 82 23 9 16 20 35 88 19 28 58 9 56 79 19 46 95 19 0 48 87 81 83 66 80 35 16 0 94 56 27 24 91 83 74 14 50 39 46 7 99 30 43 38 29 45 54 12 59 15 0 95 88 30 55 25 55 75 65 90 56 55 93 9 23 81 66 18 22 16 38 14 26 48 71 39 20 24 87 21 19 76 98 84 24 72 37 75 71 89 2 72 70 27 81 46 72 32 44 74 60 63 11 34 82 42 7 11 26 64 51 27 15 57 91 81 88 28 66 89 59 53 3 63 78 14 36 10 88 99 74 9 77 73 0 80 82 19 53 82 31 6 5 49 4 37 93 28 7 60 50 47 57 66 33 33 80 27 87 22 27 3 97 9 65 49 55 75 44 37 84 60 11 23 36 56 1 9 22 42 58 65 
99 89 75 58 59 96 79 75 77 30 36 97 1 13 73 15 60 72 59 42 47 98 9 13 65 83 7 53 86 35 47 48 90 71 85 59 54 90 63 89 86 28 32 21 96 91 59 79 65 11 83 72 79 27 12 91 76 17 50 93 17 9 64 17 98 89 64 40 68 12 16 52 27 64 83 3 72 5 60 26 73 46 58 40 83 81 66 78 27 29 14 85 10 37 53 28 44 61 23 37 79 70 59 23 0 92 23 55 87 53 18 87 68 14 99 32 21 99 23 76 48 40 88 5 31 7 49 25 25 33 5 42 24 63 76 45 49 15 82 85 93 49 83 23 52 48 34 39 7 99 57 71 13 49 38 94 10 19 36 43 93 91 55 6 20 13 47 56 92 13 72 8 45 17 58 75 10 27 81 10 85 33 8 59 63 25 56 47 46 51 33 44 43 96 79 14 27 15 78 58 20 97 53 34 45 81 45 45 18 78 61 39 23 14 71 88 82 22 4 84 29 31 32 56 1 35 81 49 10 39 57 78 94 41 52 1 42 69 34 71 3 21 72 79 72 6 60 98 42 18 51 43 47 12 61 43 21 1 73 51 92 78 8 73 56 60 7 38 16 60 45 8 22 54 73 23 71 10 41 93 97 79 78 43 41 60 20 15 16 88 31 88 79 69 75 85 9 6 90 99 
36 20 1 75 56 95 63 58 36 54 24 46 94 5 60 0 2 18 18 68 93 23 66 32 62 20 48 39 62 72 81 6 29 67 25 99 5 84 82 59 64 8 33 67 92 91 24 40 85 21 7 88 0 16 36 37 7 73 89 55 70 52 68 37 52 64 49 4 5 94 43 68 97 96 73 19 41 49 88 87 91 22 42 76 43 71 15 24 40 17 26 63 85 88 45 34 55 91 37 53 6 88 39 67 28 29 49 64 95 39 16 52 45 22 96 48 93 78 93 60 79 79 65 89 27 25 18 95 30 92 82 64 94 5 74 85 2 84 30 86 63 14 83 12 78 43 57 12 86 65 60 17 46 57 39 87 95 58 34 68 34 6 28 57 48 48 80 68 23 66 49 20 10 10 94 10 79 32 42 43 48 80 78 9 84 13 17 55 49 32 5 14 66 66 31 25 55 11 80 11 88 46 39 79 43 29 86 4 83 63 90 19 78 63 57 33 59 73 74 82 60 99 5 22 19 33 1 23 11 86 53 56 60 64 42 87 54 3 4 54 86 68 24 35 61 65 94 19 42 52 77 95 50 41 36 51 90 97 61 2 75 32 46 6 75 64 75 91 43 40 56 77 98 97 71 39 81 2 31 54 39 59 85 31 82 12 10 90 83 9 73 61 5 79 66 10 2 60 34 18 
27 87 64 31 2 33 91 44 29 73 26 8 14 68 84 14 30 68 0 48 22 95 94 69 91 34 23 84 61 81 19 90 52 58 87 47 61 72 88 15 16 48 69 69 97 33 97 95 78 0 67 31 45 69 95 81 27 61 88 52 83 91 5 59 46 29 16 74 15 3 80 75 25 68 32 25 18 52 80 88 25 68 2 27 4 92 77 84 26 33 61 83 94 84 83 5 90 42 51 39 62 40 79 17 44 62 86 25 2 52 40 56 50 42 34 84 37 5 28 92 94 8 15 27 63 27 56 58 60 73 78 77 23 4 80 3 57 24 77 60 63 20 62 25 91 14 59 59 47 71 38 62 54 59 43 20 39 44 37 68 53 90 14 34 45 11 47 88 95 44 33 29 9 45 50 94 97 36 57 88 7 33 50 97 3 71 41 32 14 35 61 96 40 49 94 58 32 72 82 96 60 88 81 55 23 92 21 90 2 34 78 97 68 40 95 35 81 5 76 7 62 50 39 43 56 14 63 96 16 83 74 3 19 22 77 7 86 30 9 1 36 95 16 31 42 53 58 27 44 0 19 93 19 59 86 43 15 52 51 80 73 52 12 52 3 95 97 39 61 80 3 63 33 58 97 22 92 64 55 82 89 32 54 0 82 21 66 65 33 63 1 5 22 23 99 94 13 89 3 57 
40 40 99 69 6 36 58 19 2 65 2 81 10 47 92 12 22 22 59 57 29 77 65 92 17 13 65 84 11 33 63 68 72 67 66 96 20 20 99 51 77 34 55 94 94 50 61 54 85 24 66 41 99 27 95 51 10 85 81 14 9 93 47 79 19 52 20 76 93 39 4 95 46 31 95 36 87 82 7 36 67 90 46 82 26 58 4 62 9 7 83 55 89 57 70 85 7 68 3 2 31 79 75 94 65 57 83 36 70 13 47 47 40 38 99 30 86 98 41 28 99 74 37 8 22 60 88 95 48 21 42 61 33 30 75 78 21 24 67 70 26 64 49 83 74 23 26 22 67 40 18 20 27 27 37 82 49 69 63 83 13 46 72 19 68 85 28 32 33 38 79 94 39 83 6 29 21 31 72 15 15 24 69 25 40 36 15 27 51 18 82 79 8 51 80 3 56 39 46 10 9 13 65 13 60 70 60 80 91 49 89 13 84 98 50 69 39 98 42 43 45 43 11 78 14 83 82 4 2 75 28 3 76 66 4 32 29 13 22 92 54 47 56 7 68 85 92 10 39 77 48 84 24 23 22 39 59 17 51 32 59 31 14 50 80 43 28 3 25 49 89 80 83 55 51 65 80 81 7 43 40 85 18 17 30 34 87 68 21 74 74 22 61 3 77 65 2 47 29 79 
37 29 63 44 19 62 11 12 44 8 16 42 53 74 53 87 3 25 25 17 79 67 69 83 91 35 72 21 52 79 45 86 47 22 41 33 5 69 2 84 61 41 84 61 67 26 56 0 11 77 68 50 90 14 67 17 33 66 70 81 29 69 28 59 46 5 91 46 81 10 21 82 89 91 79 57 31 22 81 76 20 98 94 17 96 23 90 85 81 70 10 77 88 77 29 56 43 19 29 25 50 37 81 24 18 21 87 17 67 69 9 10 31 40 65 92 43 70 74 66 80 31 31 11 80 71 5 71 10 42 16 14 89 12 35 14 17 31 27 53 63 21 2 60 21 45 90 30 11 48 68 29 75 84 51 83 10 79 6 36 84 99 94 25 0 81 62 54 13 73 75 90 88 32 49 20 25 34 73 60 21 71 56 7 70 92 58 76 73 45 26 34 41 57 59 27 13 85 22 79 60 79 52 27 75 95 77 25 43 25 56 92 45 73 38 41 13 24 83 74 61 38 59 18 50 34 67 17 74 80 54 57 50 88 98 74 16 27 12 70 32 74 62 78 84 20 54 49 97 54 67 94 82 23 28 61 92 53 76 71 76 3 34 21 80 46 80 67 27 80 29 55 74 10 1 3 87 42 58 39 75 11 85 18 85 32 18 73 28 33 85 19 73 21 56 57 15 62 45 11 
92 12 6 40 8 24 3 77 4 59 42 96 22 14 79 40 17 45 23 72 67 77 42 72 81 39 13 38 66 42 13 46 3 96 89 70 58 22 71 14 8 7 85 92 41 45 85 72 85 31 12 66 66 62 41 96 28 44 17 38 15 80 7 88 42 67 95 9 35 56 81 90 63 81 75 15 11 68 72 88 3 32 20 83 76 10 78 35 53 10 16 71 88 77 98 15 50 61 34 63 64 53 35 44 55 57 92 95 52 10 73 99 87 18 61 75 42 93 19 4 56 39 16 86 45 40 61 92 79 94 55 32 37 43 18 47 11 5 61 28 36 99 26 95 41 88 32 53 55 81 33 31 47 54 90 21 17 25 77 9 49 51 8 86 34 46 37 79 91 46 90 66 37 99 40 1 42 64 4 26 89 57 35 39 73 94 70 41 68 48 64 80 57 87 72 66 55 96 33 28 69 84 67 94 11 13 52 58 81 48 76 64 36 35 73 33 91 62 14 87 45 15 30 16 14 34 98 59 56 90 92 98 81 66 50 16 18 12 23 87 76 60 28 16 85 97 41 94 58 96 61 48 79 18 83 19 64 67 27 68 94 80 44 3 25 41 56 1 94 23 22 66 79 13 62 34 6 14 76 17 91 22 57 60 92 24 79 86 67 28 81 69 99 38 31 57 3 72 21 56 
45 92 40 48 82 33 89 52 14 24 80 31 42 83 14 89 12 79 54 82 10 11 80 91 99 82 27 79 56 3 5 27 47 67 26 80 33 80 15 64 43 73 38 82 37 67 69 68 10 7 6 82 55 84 18 35 1 71 19 11 39 78 18 89 33 19 22 42 19 14 1 69 40 77 82 78 58 6 17 84 93 4 71 93 57 64 9 45 43 18 15 45 58 60 63 86 84 85 53 91 66 3 91 38 76 77 12 35 83 26 61 41 60 98 3 29 98 0 81 34 28 58 10 70 97 25 70 38 25 77 59 71 65 32 7 9 0 88 38 50 35 13 29 8 46 27 90 68 11 79 44 53 60 82 81 5 53 75 28 54 1 83 45 23 79 20 67 88 8 12 14 36 93 54 11 65 78 11 10 12 77 58 42 6 1 41 85 62 54 84 14 72 33 56 93 31 62 22 78 74 90 84 71 86 58 50 35 16 73 45 24 27 64 32 58 65 53 64 50 58 99 91 59 56 39 8 26 29 25 35 48 41 88 30 60 80 91 10 84 82 19 41 61 33 65 28 80 36 81 96 4 93 20 41 0 99 79 19 5 29 0 78 65 56 83 19 53 83 59 31 35 18 1 77 90 65 90 52 26 57 9 33 30 72 91 67 17 58 57 32 92 68 75 11 68 6 2 85 36 98 
18 21 88 5 81 47 82 75 96 29 7 35 61 83 79 62 8 75 79 37 94 99 68 50 44 21 24 14 15 19 37 65 69 73 80 88 63 50 84 37 35 17 28 83 92 87 34 6 98 70 33 83 75 15 20 5 69 89 64 16 48 55 19 94 66 73 88 10 82 32 44 33 75 46 13 60 63 86 79 68 18 44 31 54 24 18 17 12 81 36 44 30 6 31 88 75 31 46 36 83 64 70 78 64 34 14 67 38 18 83 35 42 67 95 37 89 0 42 42 65 93 20 82 27 82 67 10 41 66 51 50 28 26 54 87 33 94 35 1 37 31 29 68 63 63 28 39 47 63 43 20 75 94 11 56 43 38 82 82 28 39 68 23 29 93 55 77 61 46 8 88 14 67 35 6 40 35 11 63 86 10 17 47 22 12 29 23 36 30 24 97 74 3 67 71 27 75 75 33 40 83 47 76 88 42 37 11 3 11 12 54 25 2 86 22 63 83 64 42 11 19 95 4 67 46 94 48 80 65 24 16 2 86 23 15 82 92 61 64 27 46 20 39 29 65 3 56 54 39 2 42 12 4 12 29 31 32 1 17 41 80 15 39 46 75 21 27 69 77 86 33 92 52 97 29 23 23 3 78 39 65 87 86 19 51 97 32 2 97 10 13 84 43 70 61 67 43 27 89 58 
8 61 17 94 99 98 47 6 85 78 94 82 23 81 98 69 21 13 27 62 62 70 0 94 75 14 40 65 9 38 24 10 0 84 39 39 62 24 74 27 8 67 49 22 74 94 54 51 44 0 78 78 5 87 84 95 57 71 76 5 97 99 93 81 70 93 97 6 89 87 27 85 80 30 62 39 22 40 25 19 58 30 18 83 97 35 55 32 92 66 63 41 54 70 17 41 76 74 1 35 12 84 92 22 38 54 97 88 49 24 52 48 32 97 86 48 16 2 74 16 88 52 27 45 76 25 85 58 62 83 79 6 34 87 23 0 16 43 7 15 58 77 21 54 11 15 53 76 6 52 83 60 11 40 22 89 25 58 40 38 50 93 73 10 47 64 58 58 26 54 30 34 54 35 33 68 43 61 92 23 41 88 68 73 59 1 66 9 36 53 79 23 52 76 63 61 40 85 61 90 44 63 64 64 64 96 23 11 77 9 34 12 77 36 95 98 30 62 18 20 38 99 40 84 76 91 34 39 85 39 92 95 74 96 19 43 98 93 67 41 28 57 81 27 81 50 74 5 87 35 40 35 47 36 35 25 42 96 86 97 68 77 64 47 1 41 41 48 40 9 95 63 52 32 1 10 65 96 80 36 53 82 45 42 72 49 52 33 31 9 75 97 66 82 37 42 77 43 80 12 
22 2 1 17 94 1 98 20 57 52 91 52 11 38 26 34 24 27 72 52 29 4 36 85 67 77 60 81 22 32 8 73 46 89 43 4 87 40 90 44 52 47 74 71 85 38 87 23 35 90 73 18 2 10 83 53 0 87 58 73 63 72 51 69 68 86 87 87 99 90 65 98 91 85 8 87 71 27 76 83 13 12 72 44 53 34 88 52 48 18 62 64 98 29 73 36 76 46 76 10 36 46 99 85 61 9 3 46 47 27 68 20 49 64 40 84 42 4 37 36 10 33 59 43 11 80 78 9 85 44 37 7 6 38 46 97 58 66 67 74 69 38 49 20 90 77 80 18 80 83 61 23 86 49 30 44 9 58 14 79 4 30 83 74 1 77 0 3 52 23 10 33 96 13 79 31 95 50 17 38 92 22 74 60 95 78 67 76 4 43 16 34 90 31 24 24 5 97 61 7 78 47 78 68 5 65 45 9 49 62 75 13 92 31 49 16 84 4 49 95 72 74 80 16 49 1 1 38 3 67 83 88 49 82 21 88 55 86 15 95 91 50 52 57 0 48 76 34 30 39 53 57 88 48 5 97 14 33 93 15 61 44 13 81 92 40 20 17 93 25 42 28 26 45 90 70 35 3 56 77 13 1 14 46 7 43 96 54 81 5 86 38 41 73 78 68 49 23 91 99 
44 18 94 86 51 28 62 23 40 85 8 53 84 10 36 38 55 50 10 40 29 24 67 73 35 67 29 29 57 53 73 80 15 42 60 76 32 6 61 14 28 62 27 65 45 71 43 41 83 50 76 3 36 3 42 29 18 29 3 92 20 95 0 3 50 68 80 79 3 63 55 86 16 45 28 21 12 46 97 18 55 67 21 79 37 63 39 48 61 62 60 45 61 14 48 58 75 56 87 3 3 46 59 41 95 17 0 65 90 11 59 59 9 48 51 43 7 18 95 46 48 50 83 83 85 26 37 48 74 47 37 59 31 90 84 99 77 1 71 98 76 65 57 23 78 39 7 99 96 35 16 57 71 22 91 15 1 23 63 9 10 63 72 35 1 8 85 77 69 15 58 20 42 3 2 85 34 59 31 65 51 52 95 72 34 59 81 5 34 78 35 54 62 99 59 14 33 98 11 10 80 73 30 94 83 79 96 56 87 58 52 39 36 4 17 25 14 11 92 39 59 46 81 41 76 94 79 53 95 22 99 16 71 65 68 27 1 5 22 53 41 34 15 84 35 41 51 96 99 81 43 94 19 38 86 67 64 91 9 37 9 51 31 52 83 99 94 24 87 82 4 49 56 82 45 40 66 75 7 76 96 56 26 71 94 4 74 66 87 98 61 30 7 48 9 12 81 74 62 40 
20 27 83 3 81 94 37 1 39 88 15 84 62 40 12 29 63 28 37 66 32 22 58 72 14 8 81 57 13 98 77 50 82 83 89 12 21 77 82 4 20 71 20 78 42 85 60 94 22 78 58 39 8 26 71 11 69 38 35 81 43 75 6 1 0 63 7 58 38 51 91 54 80 56 29 80 77 67 70 80 32 24 13 6 68 95 13 83 5 23 33 12 64 69 51 78 54 30 8 27 22 81 15 11 56 98 52 72 99 91 82 4 74 70 27 94 57 0 35 5 76 38 77 21 11 86 24 5 90 99 70 20 98 59 93 18 50 70 7 87 30 83 83 68 99 55 11 73 98 68 69 68 30 90 45 24 2 59 73 83 64 76 63 96 66 77 30 33 16 39 91 10 67 56 7 19 51 72 89 1 46 60 27 0 12 76 24 56 98 80 40 15 43 33 43 85 96 0 58 33 93 82 78 14 73 6 61 86 79 81 25 82 83 13 44 28 93 23 78 13 25 27 52 67 30 24 61 25 98 82 90 60 76 89 17 43 77 42 43 2 55 66 99 0 37 62 35 6 10 36 71 44 61 34 53 36 64 90 42 26 39 83 84 64 87 43 12 19 6 80 10 39 94 46 14 19 37 83 73 85 18 24 10 46 57 48 55 48 99 34 76 43 62 6 5 56 12 93 25 15 
26 9 89 93 87 39 76 1 88 52 85 64 65 4 85 27 30 68 97 46 51 65 50 41 88 2 48 19 39 83 49 1 4 64 59 45 5 84 33 1 53 86 63 63 89 28 5 19 32 54 97 92 7 16 22 43 73 43 17 89 59 38 80 91 51 77 53 67 85 90 93 10 44 6 61 85 66 53 54 45 67 42 96 75 2 39 38 47 38 57 33 67 83 72 69 96 86 2 43 53 7 35 13 69 88 24 45 97 82 27 6 46 98 1 77 55 87 53 82 87 75 37 86 21 93 0 0 17 34 36 14 51 48 37 30 0 30 27 47 29 22 4 0 49 72 34 22 0 90 77 22 50 26 79 66 22 0 68 54 4 24 53 20 80 33 37 29 40 83 67 11 10 12 49 32 71 79 94 3 31 43 65 24 23 27 88 47 89 36 84 67 31 55 96 57 99 74 67 40 72 17 78 38 50 44 63 28 67 57 48 3 58 88 11 79 87 44 33 17 87 51 81 58 37 17 73 0 63 12 49 91 38 62 49 76 13 15 52 89 66 11 51 22 44 79 17 87 69 59 83 58 17 96 7 86 39 16 83 97 1 42 45 56 99 94 73 51 94 42 35 38 16 92 52 16 58 62 53 24 59 2 86 42 49 88 54 4 27 24 12 38 49 32 98 31 97 4 49 31 46 
6 82 65 58 40 0 23 56 94 86 1 80 9 33 72 22 20 60 98 93 23 59 26 4 62 34 80 54 86 22 31 71 21 43 43 99 50 26 34 22 72 36 23 74 32 99 36 92 90 79 74 17 76 51 50 11 26 25 63 13 14 69 36 2 30 43 10 84 93 83 42 26 32 5 8 18 51 98 85 76 43 78 5 42 25 39 3 71 16 36 15 30 6 51 7 49 34 60 22 57 27 10 95 61 40 2 84 62 16 17 64 28 89 70 45 88 49 65 18 66 14 39 83 87 48 91 69 65 76 2 20 64 68 72 83 92 50 10 73 76 73 93 92 11 28 4 28 14 38 51 4 46 19 30 26 63 34 26 19 45 97 29 84 39 19 49 87 64 8 73 30 3 31 68 45 0 85 8 37 31 95 65 60 31 23 0 26 5 93 83 58 76 39 15 41 83 88 71 28 34 37 51 14 6 61 29 99 38 22 49 79 61 44 60 32 90 86 27 15 63 85 65 96 64 38 66 12 70 6 32 53 55 4 57 70 39 80 99 79 98 28 39 91 26 80 61 56 71 30 10 31 70 51 60 71 21 62 77 1 36 76 17 8 77 48 8 34 84 71 9 80 47 11 70 82 82 38 89 1 21 33 33 91 49 68 53 91 1 28 7 3 79 54 11 34 58 11 82 81 18 
23 10 73 29 29 21 85 91 44 27 85 30 18 77 93 93 69 47 96 97 60 46 64 67 5 3 11 88 34 29 55 91 40 15 37 22 95 71 58 2 38 13 85 99 92 13 63 1 20 1 30 62 28 55 34 92 88 5 66 4 49 5 15 20 60 94 25 28 25 88 72 0 35 37 72 86 74 67 64 92 49 33 46 20 76 71 87 3 88 68 38 68 62 30 98 0 37 71 66 32 11 40 66 37 56 51 78 98 26 9 18 29 49 48 10 14 59 9 2 77 75 26 37 54 86 39 34 63 96 64 40 40 71 27 40 4 81 95 57 89 7 42 73 1 44 20 37 50 51 95 0 57 43 12 93 54 36 24 88 27 4 23 46 99 58 70 98 61 54 86 79 22 42 74 27 79 96 7 77 89 21 73 25 35 17 1 13 19 0 89 29 39 44 4 4 14 37 24 44 55 63 62 86 48 53 43 65 19 62 36 36 50 52 34 40 30 57 63 9 3 58 83 40 54 41 82 48 81 88 72 3 29 94 65 93 51 73 38 26 84 76 81 59 37 94 26 47 47 81 77 48 32 2 8 18 92 6 83 95 91 10 97 2 73 50 0 56 18 32 99 67 51 41 6 4 57 50 0 50 32 42 64 17 3 95 82 24 39 83 89 78 15 81 6 34 69 19 68 17 29 
