300
645785 691500 662260 687349 669164 692864 660433 675105 670126 670936 661761 634135 699011 691992 720303 717072 655316 651208 723590 663706 654366 709973 679710 676853 632375 662927 671775 689418 654453 651962 639670 683323 679809 683137 741912 685167 710920 680289 643527 705775 674991 655979 680020 707053 669609 672509 657678 705203 670116 677558 692305 685040 680512 701103 657415 626026 684783 665675 691935 695967 700172 677769 712121 660240 707533 712312 622633 629324 644294 668793 627964 664754 691863 636445 704344 694730 668280 659175 692956 645688 676231 678229 712160 685124 672924 659353 719837 636346 686556 694217 699290 672486 702283 705693 652905 732230 661857 624006 674182 686117 681667 644973 679487 616746 654340 744415 693554 702374 731286 730963 685761 690713 683661 664545 626470 666846 677983 697201 707020 701924 665912 657769 672778 677565 746811 692481 707204 656168 655720 656713 640133 684733 665492 664839 707894 673307 679193 700928 722845 634762 677672 655104 765397 645925 719164 672040 673505 671895 745386 670144 645774 609108 720902 614219 683362 646775 672973 713171 727264 672695 675922 697880 702458 675841 661195 676679 684968 709304 692876 690645 734436 695860 638444 672989 671307 664184 704570 650650 666076 690976 688449 695806 679322 707379 652940 700783 660283 674882 666311 697605 673902 690697 674990 734262 691935 695065 645208 662798 663988 679150 653653 718961 672510 746482 661574 670988 700876 684947 681016 701402 736702 691030 654845 715365 686455 652688 688259 681486 689702 679069 698561 677170 689507 701532 676902 706748 712115 689419 730270 661468 675581 715362 695071 699065 698974 653569 700647 701668 732698 704021 683663 649881 651384 712780 690198 655131 676206 668691 689541 658014 638512 665793 657750 711228 636695 674697 732759 684986 693605 678767 661985 653108 692128 716188 690143 685927 680367 703789 714246 698184 684522 636310 619682 714930 677586 659294 697763 683708 652938 704880 614459 723804 652935 685350 723450 711684 696081 712394 694115 681029 662383 670056 679858 725665 730498 682015 652410 695403 687741 675712 
725526 781314 722498 716837 739579 721538 714300 737748 735952 729538 740659 750531 788662 762907 824590 829438 787204 748391 813221 737711 778034 801153 775743 775699 732620 761203 772971 758518 759719 735619 698580 774392 742079 751748 809895 773285 787616 737697 745967 769267 777752 729962 786848 765743 765130 752465 734120 756438 725328 729508 715910 752083 745147 774398 781695 726950 776355 746590 797610 780898 780279 727356 760665 743152 814762 799281 710271 746116 741949 763424 718602 753029 778976 684134 800000 773940 773869 749984 752075 778677 749554 728671 775284 757832 748433 749476 841974 742908 780419 766551 790953 758608 746790 798119 766592 836958 745317 717392 768164 775723 810606 709245 744145 720520 764871 781786 777715 796290 796726 797170 733030 742030 760089 772454 753261 753080 783550 778684 767778 786058 769570 720852 785145 749013 790290 797414 785986 726583 733324 765336 729803 774041 721516 713244 784422 761622 763547 788238 788041 732113 761974 742394 868192 759880 797811 766819 764071 734655 844194 753794 740200 734295 752074 745807 773445 742425 767945 740185 807118 779163 737374 780312 771017 734939 765213 765742 759270 808214 764089 773053 830629 800318 734553 764593 763409 758319 765335 727539 756756 798356 808412 784535 764368 780692 762932 799772 758202 756320 750707 764551 739681 759438 767786 780560 745482 766359 728389 755556 746302 780543 730152 791691 747967 822580 681401 773586 795904 720450 755335 778218 808030 760340 725597 808815 738910 716789 748505 747101 752158 744756 782712 776869 804549 759226 764450 760754 775679 778065 823592 740122 755723 830863 802487 763064 736997 738882 749596 778647 808226 811647 780654 755715 725600 794941 768409 732506 780625 769714 754514 741913 724747 763275 715626 820731 721534 760831 772605 766889 791452 788172 735790 718222 752925 814133 769784 773336 771682 742151 795263 777676 738859 747456 731427 787226 759975 728510 742129 746471 761211 747941 742378 788580 724805 762242 777455 789759 780889 740943 828606 784653 735276 766448 744685 781312 844422 790348 736486 792795 775578 761552 
709923 789107 769964 743886 758679 777722 749797 773502 764667 751382 782206 743962 799084 787649 846876 828808 762874 751608 783077 794239 804821 816717 801889 785061 768249 753734 742658 792785 807752 744575 724685 814950 761961 812429 846804 759206 806798 801740 738817 792671 762557 764317 807600 802224 796982 759936 776752 800798 759456 742653 733960 786837 786102 797111 790371 750021 775733 764983 803682 808198 796767 778153 770003 806501 826847 836101 726202 782820 777481 767051 726842 765956 792264 713358 817082 783030 785937 770520 783122 764152 766711 788303 820046 768789 751388 758674 829052 772041 792769 791410 805101 764738 775290 788405 769976 829704 741972 731602 774517 811895 821876 740616 749749 724778 742784 809822 787139 825765 832771 826068 795463 758434 814760 795208 737383 809608 776300 792066 802340 807252 770615 739602 808242 792700 826985 802957 814825 795623 780032 798914 717594 820095 726520 766891 805920 782648 816808 805030 811220 781391 776374 767716 860182 759931 822550 782173 792095 774690 840834 729723 747528 734344 783330 738929 792465 762003 779982 781647 830336 780103 748892 785694 784681 758715 771378 799436 769138 815316 803918 789030 836494 849925 748033 782679 762977 814365 784303 783128 766390 791529 822934 810548 767209 796019 766739 833283 767697 776328 742294 818831 775563 791291 780885 789190 796104 798891 772289 755971 761190 792278 751549 810214 799884 842527 735615 773172 789927 739131 745488 782659 819019 792228 768587 826525 783807 759811 776009 759404 796082 778459 766155 793272 766602 789335 767209 790759 784032 783131 823471 760604 773716 833527 798111 787530 797746 751291 806044 788321 806219 802425 826262 758335 745823 858216 772251 769715 792769 787574 789318 747118 756309 769580 732160 832233 744838 774085 806208 789237 796849 826068 766243 777209 798115 815464 781660 796458 788902 774686 842217 766519 797708 775505 743486 780840 771294 794655 795137 785136 796478 779821 753504 816529 743795 767280 806978 805135 804633 771240 787060 795508 774711 779548 790992 825553 858394 780582 741733 805969 782610 804430 
651778 732817 689723 654196 686938 697431 668300 675197 698389 664502 692991 687306 755678 713817 724116 739524 718411 687511 720993 736394 698367 719543 722816 709284 697502 687673 715734 715727 725188 684555 632096 731614 716159 744839 738451 715546 732478 704310 704307 713127 693697 650055 742697 700657 703305 677600 710594 697433 698188 671088 688852 711374 709870 737251 724518 695615 723757 688858 697768 712333 728627 665520 690230 698818 749215 758700 685482 703018 691564 707976 640512 679357 697396 646424 735690 711325 723947 660712 690820 679234 687554 684002 708486 698962 713032 656917 759770 706939 716706 695780 716477 703924 684075 721108 708543 763553 699395 656379 725848 717239 772800 679642 662692 662645 686387 751449 728446 741208 761571 721531 714396 697737 735009 695452 708628 685302 734413 688068 767112 744978 700242 676805 705108 682628 739567 731705 726983 694868 713620 728720 693085 730528 666088 673206 759358 697097 735781 738352 692815 661965 735258 690148 771706 662229 743439 707141 694399 693166 762967 675680 679184 648650 694603 664265 721312 709625 712255 686087 747136 702412 689297 725372 721134 706247 699912 724581 698605 752558 712255 735126 740215 741783 663172 700852 682834 715126 700914 684653 696262 751780 736674 764184 719060 710370 688549 751034 715462 694419 674508 705262 689244 687768 730517 718597 710344 703542 676965 706035 681124 712051 695964 732415 698357 742468 675252 717122 691477 682651 668242 690596 748190 700684 700458 749843 722528 682251 702919 694036 691929 692847 694695 710544 686943 731948 723545 705885 737542 715092 763037 664658 684545 741443 698857 736023 683961 678174 680780 702713 746594 748113 729318 674974 692073 718447 714303 696782 700178 662407 687618 674879 683001 671762 686314 753849 663388 714468 711118 704960 730832 712746 699187 679886 699304 746637 717714 746668 710618 705005 738471 688871 706577 687420 642560 727955 707305 700050 704502 712746 677855 716494 695490 722981 665110 679374 718442 717310 728719 675125 733110 740240 677907 682020 720588 737538 758164 724564 666888 704373 695195 702125 
662225 757081 703666 691806 673464 715646 681954 725754 712299 672923 714706 698950 770462 725238 786824 760441 732465 710218 733799 738647 712196 765697 741220 741944 707839 716358 693727 722184 700140 703468 664883 774465 758758 753269 767369 700311 780044 727628 689977 723081 711540 661051 731933 769416 697638 711761 720118 733048 677275 703137 698450 754838 724567 744617 725889 689665 752771 715543 739598 752846 744546 678229 738968 736102 762612 758948 705174 702735 721754 716169 677028 702613 720309 650797 766313 724422 745060 712098 715681 699606 682396 692982 769360 725092 705608 690422 764366 696678 724695 739571 721132 729139 731950 744841 702090 766302 715865 669526 754584 743021 716272 678619 718891 654886 668399 735446 727301 781451 767021 750787 730799 697353 747537 753588 685785 708785 730224 722876 764769 737104 723223 695233 725809 732622 780352 768537 750082 669377 704168 714817 702072 744278 725960 691910 756865 695542 767463 746313 725768 699107 723087 701923 769173 699063 771430 726285 732866 720304 791300 702939 738745 677511 703338 681707 753138 721704 723463 747379 770842 695801 706677 718990 729202 702838 701854 728821 713481 757939 720571 732602 772810 755762 676895 706278 728667 697035 720275 711974 727701 734106 751361 743680 721829 719893 717816 771576 748481 711878 708480 710460 726271 730411 753089 756421 745906 722996 694226 722212 698691 744239 717776 774670 725945 788465 674246 688645 728622 687825 698162 725391 753892 725088 713496 751168 718851 684384 722835 752478 717658 725941 724330 736098 737416 725191 729928 709981 742049 711277 758191 724643 747329 769299 747108 726723 746131 693880 739277 717002 770103 766560 757318 671351 715922 777418 714457 702962 709100 710954 706846 713831 685307 691090 705820 763690 696271 726257 751143 717903 743745 735858 719980 721914 712224 773352 738369 755352 728501 712421 743704 728219 740049 709342 674878 769516 741584 725215 761683 747654 755890 751416 710006 726959 701826 715889 736924 753890 762283 754440 749014 726565 700687 723022 708117 748339 791473 721018 674593 757267 755597 723568 
678320 765225 721658 682574 697317 723135 700805 734395 727639 712824 726676 732043 761873 735831 759752 813460 760826 698883 765781 752133 751348 764846 741444 733120 701113 726825 730722 733353 737103 746567 681152 772880 781673 759438 787317 756278 784356 737959 729086 747271 740553 730141 756721 757501 755968 722223 714140 760603 700456 718403 733985 736111 740000 774480 738697 718372 750500 700364 772381 759363 749357 751798 739551 732340 791702 792684 700566 713584 714188 731385 696229 705500 758405 672454 789093 723120 738187 725384 750607 714902 739585 732219 791617 724995 721511 709175 792545 734703 763224 747868 754957 732737 741854 762777 738562 803043 702637 691709 742363 745605 783196 703875 755077 693494 684233 781615 744536 784028 783536 766265 724155 708114 747718 768401 735688 729524 757371 780912 778503 748768 761112 723548 752489 754426 795089 759552 756679 713513 707282 752714 723882 768025 712154 730077 766267 743983 762670 772785 747828 719346 783032 714966 798638 719240 791370 759696 756062 739080 837300 699486 696512 686850 734266 718714 735008 729663 772818 738183 763652 745267 700409 754964 746766 706200 743065 751448 716106 789004 743108 760981 769435 784002 700869 715878 711272 726745 755242 728738 719681 741259 778670 758238 763587 742684 715214 780219 721548 720322 737729 757726 739060 739377 748477 747906 757380 756461 712303 736845 737022 755490 714304 786097 739987 832745 717638 726356 727393 709795 713560 748216 779143 728207 721193 772257 743535 721008 738153 744486 754014 732636 736775 751919 736899 760401 754247 763712 761658 762996 771981 741213 734708 793308 763520 767718 741273 692537 778954 734191 770353 761311 760910 726061 732545 756652 733893 725742 728453 763048 721134 710806 727983 710234 712728 788643 720212 740755 793273 717041 785799 746248 719520 731283 785797 795036 743306 787916 769058 747314 772527 757957 759042 717397 703916 780963 711470 734313 773932 754178 746605 760985 717684 754607 692594 695177 775043 775697 774050 744480 760573 736332 705462 743753 763352 728077 811529 760815 695789 778771 760458 741891 
725051 766986 738949 745873 734326 722201 716978 762411 716141 734768 753420 740969 791715 753013 817610 809341 792433 746213 782085 780150 751528 779537 801465 768701 736720 765820 747638 747139 775439 752231 703057 808746 765703 756936 785000 771928 795312 723442 729196 748059 766495 727733 798181 782148 770353 756279 741853 775413 745222 750165 729402 734828 748588 756517 768144 748890 800329 743011 776883 775832 771828 756285 787917 755548 816740 794702 708271 756633 736365 741528 700828 738340 765928 701689 796558 772465 780061 735637 763608 757384 742454 723765 778785 755912 764008 741884 812754 733608 806504 771107 773027 763063 778197 792345 770628 830266 767327 716505 754151 789025 799154 724812 761863 726455 749094 786019 765587 826033 797772 801333 776328 736246 772187 754589 739586 726248 788714 759604 778495 775731 755832 735458 780313 765523 829579 785308 744994 726152 736787 749374 732898 766312 755808 740877 807870 754428 770333 762686 765626 746107 780011 752544 831086 730315 824001 753101 751898 728364 848282 724819 762759 697263 763986 737212 780401 759284 764595 726882 798348 756908 738226 750681 791217 759856 776866 777130 782171 815148 753687 757835 795049 800175 721305 762918 757745 737414 758958 725048 762990 775930 802353 803479 756797 778691 739227 820005 751023 771778 710003 723668 751345 760305 760078 798088 767410 775945 720788 768939 744615 771975 731768 821311 759845 808988 723127 779395 776594 729360 744802 723640 807693 750831 733441 814925 744979 716597 751615 760583 795034 740236 777939 754002 768749 775392 780985 771072 795077 750973 801380 733642 762054 799609 780688 750863 749057 740375 764695 791510 781396 790820 778460 763282 754010 775088 747707 747934 777700 759409 755544 739128 760209 759912 745690 822485 723769 745328 787060 736933 779285 777539 747116 707848 758796 797464 776962 766814 783066 755967 815365 771052 752606 758227 710198 792989 752994 744248 764951 759592 751053 762593 741227 784340 710717 751530 797999 799582 766221 767296 797412 760627 740344 748436 729843 796695 820647 775878 719483 795689 784226 757847 
716252 738637 730865 692794 719570 726108 698255 746467 721320 705901 749606 720111 786621 735723 773711 783374 743200 743991 793619 741583 738779 744726 766932 746054 706036 732447 710906 742444 761218 741120 657158 758591 743208 771883 783787 757129 784101 730444 738269 763402 748639 715660 778130 782540 743112 721017 747399 756672 711080 708876 731539 783989 769439 759333 748992 726217 747897 730011 762360 760013 763590 746773 752681 724185 795143 774415 691612 731518 715108 736116 703102 725976 739617 697617 797930 771605 756956 715637 738014 728594 728111 735110 772304 713534 723870 737694 781892 740707 761217 751764 732722 741386 757012 791726 746260 837504 723190 693747 749238 783258 805736 729933 720070 723733 724031 795035 761569 781532 777660 763213 748003 732715 769250 746991 728501 716259 746255 743818 815416 779839 744814 707891 757144 760837 804818 774550 775547 726800 756352 745482 714338 776026 715018 718747 777183 744676 744009 769931 756393 743377 750397 765757 816166 706099 785108 756911 737078 731379 814594 718755 680378 681103 754111 701883 749251 744359 724484 762504 779947 772464 730097 754634 743410 738422 732112 767765 741435 800760 753755 762672 781248 777627 691456 745138 734008 746559 752400 724906 724756 773426 789785 791979 739997 770698 704798 771324 749779 753168 692636 751264 711940 748488 747435 754391 741735 746469 718434 722788 747278 778718 727073 778408 719799 801655 728432 743357 742605 707048 716616 714184 791326 747227 743892 798283 754444 729051 730723 714757 771369 724598 723661 738963 735863 755807 723619 772243 751192 750684 795260 725498 756964 784794 738437 754616 763713 733749 762207 733139 785030 761075 782946 705755 710742 769764 759231 731813 745899 717753 742182 721392 692829 735555 701599 779531 694211 762636 785125 719504 751761 755091 722921 709023 759756 816306 770174 780643 764453 749444 784534 742555 730412 730868 704201 765455 728247 748648 755303 751358 769916 735515 714928 780043 694804 703809 756542 776871 749688 753603 758926 745618 718543 722379 773921 763013 826260 759474 701254 760214 755318 727033 
703349 763019 703556 686147 721141 699695 717870 734922 710003 735712 750583 723671 777157 750367 813755 811620 729580 744004 780148 753054 740080 772427 756794 750540 695555 737571 701273 750256 744398 743168 685463 764158 738675 737594 778149 741301 775687 736408 710918 736838 721628 719543 766126 755010 761799 728195 735439 730767 690609 711505 709880 747861 707658 747372 742266 716225 754131 721782 784477 736272 787190 754145 771406 712957 793865 778175 674416 734166 706042 705359 708955 726814 756237 655438 772330 744566 751376 743633 736808 715215 730038 719066 776593 736581 730304 733924 797525 723911 764028 725486 756035 755771 737094 763759 766851 790317 719938 679081 729514 783199 754429 708723 741208 671799 715354 757789 732599 778028 767381 789979 730510 709759 772259 734763 723634 728990 756131 726898 752176 768488 719614 705775 751123 724932 785860 790230 754832 698676 704381 707351 688016 786197 694781 726472 767648 764997 749745 773487 764973 712983 765428 729527 784113 717965 778982 773969 733912 748350 816805 711827 729793 694670 718180 699732 750727 722075 745204 734686 775329 715055 712291 740421 749884 724713 729092 755970 732995 792347 741936 768164 782322 780150 723981 736126 717640 744913 736671 722646 712386 764698 787559 765667 775630 756918 720606 813310 708661 741411 696070 734664 710468 719705 755707 756787 778900 746811 704512 757040 712547 781584 700433 780025 769630 806396 686995 755733 741817 689915 700063 728599 773887 722135 723897 767951 704250 712565 716674 746260 741653 739204 737375 745054 731523 739408 743450 758039 767960 732297 779585 724546 742293 796851 784340 732646 729969 702262 759516 750539 766739 749896 764353 735416 724515 756244 761383 708025 738942 754955 711658 693643 725189 717606 705485 793072 696786 733741 774578 730937 758446 753555 723416 692181 763139 801553 747301 772923 728727 726666 764267 775496 774006 726887 694596 781181 719114 717228 744857 744782 717709 738778 728452 722011 719980 737788 766294 767528 758737 757118 763689 747631 724272 741396 708981 771447 788735 760196 711768 766961 741957 765410 
725877 743997 727515 726725 717727 752400 726790 778364 715226 735302 770244 745616 792548 788364 795234 832983 763295 748982 795706 781021 767457 777940 764796 786708 749254 792431 719314 769831 760623 730633 708089 778600 791194 748209 815813 744542 787323 768516 747380 746978 769271 721632 792150 797213 742873 753468 767668 752034 740128 724344 740705 752269 761743 798610 789257 746335 790234 715540 771372 752474 767741 757265 781219 787053 802506 800105 726423 743312 753528 760745 707659 734814 778644 708475 817622 783821 788820 739816 767106 733764 732294 726027 802498 750605 763451 753970 842163 756723 780931 774475 756773 765488 755965 779529 760361 806221 777374 716999 785605 782735 785606 737853 720661 710703 744522 775731 784664 803112 814519 811852 775920 738724 779869 758525 754061 738850 758886 786596 786661 764286 738894 737320 778581 775988 830343 796904 773194 744953 738134 763176 749414 793829 739461 733050 787512 749968 780379 778585 790102 734750 771145 743072 837293 734473 827037 794239 760965 745670 832262 716562 760806 707851 769066 736167 779458 752853 773253 773969 835564 768949 738492 778383 760583 745465 755933 781569 760849 822833 754185 779046 803630 805826 721081 768139 747412 763048 765472 745756 762662 775507 792684 780621 767323 774731 755488 810226 733800 757762 716124 774522 729645 747143 782187 776102 781456 763791 740604 769821 742414 763161 745645 789056 744993 831573 718753 767707 757995 742667 753063 748160 814107 743852 742677 790513 774401 712974 750910 740823 799151 747423 755463 779550 760705 776399 770928 773933 793449 747605 789662 741656 763557 809451 765135 770610 774838 753055 770293 764128 824191 772564 778043 740568 754309 809997 750842 728452 768467 761123 752618 751064 720749 748424 727882 791448 740784 760649 769124 767308 772882 793522 758168 729433 764679 822672 782192 786424 777998 742244 800795 775348 784375 728949 698307 808605 762141 784056 760662 784966 751365 784861 733177 786210 708877 743988 786578 789444 789132 769691 787319 785007 733665 741276 782388 792664 839988 776801 706694 772521 781052 730389 
725274 781591 737223 726303 716643 746086 705075 783376 716747 773410 780702 723998 781354 777185 814026 827869 790521 733669 788256 771459 754933 806316 766329 777338 762387 777543 742945 751894 779298 755215 726467 794935 777910 793179 814794 767132 801059 790468 734150 805472 750978 754241 799549 773847 785487 736523 773524 790307 744112 762546 737818 756286 808872 788938 800264 738674 794621 742696 800931 798029 786570 769844 784976 779473 817528 807354 711196 754711 768905 762247 702039 748049 798993 701507 796058 769213 778856 752725 766140 751222 763889 753463 813304 761307 762684 740860 832743 761138 774841 800659 762549 786361 798930 788134 757853 825318 749539 727069 751630 810796 790809 744726 748992 707266 757206 794996 778454 801957 827127 807282 759075 772828 776276 753430 750153 748538 781401 769381 805590 779127 750886 719944 754734 754719 818558 783953 780640 738111 747889 781205 752215 796143 747672 766355 768700 802021 803187 777843 756576 764443 792837 748201 813170 742373 834067 812520 780013 777201 820355 707637 747665 743152 768669 728508 800368 767897 786185 775263 808535 774171 762325 759750 780491 751820 777818 778988 761225 816350 773650 751443 805865 804226 703080 731464 750187 767799 789380 734936 753914 783232 781638 787706 788985 803087 768498 797924 745945 753458 745343 764748 762225 762112 772834 795246 794302 785075 746755 759504 724143 774949 731627 812916 765072 867807 726663 774488 764294 721534 742635 780419 821784 754667 784562 814930 734343 710592 751887 752102 771281 743866 766870 771788 758256 768246 785573 804790 780808 759358 825952 722536 774839 836355 817471 748081 774891 725722 775150 769667 807184 809294 784590 756572 759462 792921 756559 752699 756567 767628 755986 723010 737072 751138 731243 823074 734141 779035 790345 777413 758972 818902 731033 766819 804974 800048 807003 800142 753746 796092 763912 792140 799170 765093 735030 811385 784687 739511 773897 803296 744363 769514 755174 781737 742168 722726 796898 806009 793384 750945 786062 800493 769439 766693 784797 817917 823479 791266 698835 772030 772253 772397 
692269 765724 718578 701433 732361 723621 726988 749602 729641 728399 731980 715042 767184 734512 776399 803611 758648 736272 762120 736609 752806 778999 754287 765459 714713 751823 727512 739842 751162 751846 683456 779331 741616 740423 804210 763479 767398 741325 734978 773738 748429 710257 743602 762925 771318 752027 763932 772295 715080 723430 733875 735581 746696 761006 757450 723138 759979 712856 773672 751784 743183 715370 735674 778930 823074 791372 711572 736005 753286 728339 688161 726900 753105 690289 801142 753167 743044 706685 757642 754132 738749 727463 789154 744109 740271 710640 805504 757717 769035 757441 758094 778204 759906 771489 770765 804168 723561 690528 733181 787699 789830 719158 756808 684944 729897 824992 770687 789937 805537 791626 745786 745852 758785 739758 724813 704406 760894 760474 790616 768985 745417 723089 778035 784549 771540 768949 750658 705911 741929 752594 710903 762565 740946 715792 765701 739316 755915 772984 733589 726819 761410 720062 810662 710806 787248 773587 727199 729944 815168 726886 692423 678221 751361 712825 744039 748688 752385 740891 780292 740096 716194 752689 772632 720474 734735 750269 731655 792419 740640 758552 791952 759727 704372 760560 738820 763399 780631 734472 760219 759180 754797 766265 766962 760706 734403 791763 721362 741920 721155 768343 734855 752067 770268 752034 753851 777821 720520 729931 749483 790269 738394 801488 747413 808968 700472 742214 734025 706973 736168 717203 797902 730869 711197 768562 747209 686587 736782 744990 764680 728821 746500 743411 735857 716884 773256 752801 762297 751780 821346 724968 742968 795897 756796 753065 754560 685665 763918 718206 793684 774607 771638 736066 711263 777872 771251 721439 747739 737289 717506 723405 723097 740099 712258 805357 695392 746527 759660 720683 794290 771147 710264 720192 764654 768664 757612 793634 759407 704965 787107 739632 724381 712282 716428 751868 746994 717315 751669 718698 742487 752211 725007 771360 712120 734051 770464 749905 775731 771283 767413 750664 736420 716161 761968 775644 807479 762593 674723 744707 765959 721937 
711285 803323 744690 737330 740195 754102 737872 777952 732068 741071 768629 747923 804583 798611 806723 839535 772241 749783 800099 780829 776425 794461 816566 785407 763943 777699 750502 816420 784872 775117 699998 802151 783593 804715 816324 777594 835868 771124 762056 784176 777307 751011 781041 810094 762241 786763 787579 790303 757231 757914 762678 778203 770335 806399 784394 755156 800057 758984 804503 767238 774579 776722 786806 746758 829728 843990 730639 788093 773160 762670 704303 746553 811559 705008 809474 783203 769973 752891 815209 743939 761317 763422 810230 759138 772557 757153 827630 775383 767314 780334 794318 764376 775869 801369 765692 814468 748982 696273 776866 799082 818505 739857 765595 689528 764538 808987 774141 803589 831853 801291 770719 774149 796914 759970 757261 761798 769028 808374 806682 793767 787316 765663 770573 767963 815427 828572 788015 771396 763821 781610 751161 809426 754379 764544 816550 750195 776560 814627 792968 725910 784186 754740 850880 768432 800926 767148 757017 792497 843891 753126 745401 717809 760555 728904 798921 777236 790744 752927 827303 788574 770478 800167 781166 761011 768945 775130 764685 813850 784456 803113 816628 811956 733716 733535 746586 774575 788882 713278 755627 825579 792684 793625 781386 781423 755300 793657 755346 788723 743740 799690 739923 777987 773877 801592 790007 786117 745724 780984 754217 803084 760638 801765 758134 824645 704595 782287 791092 742490 763801 799933 829906 769635 759007 843935 774701 742571 773246 755256 819897 751675 765506 805009 778359 827819 818602 803988 791891 758048 836057 766309 780234 826768 795451 795822 788429 725449 789126 775900 833903 810334 814481 765507 747552 816643 784907 764578 793466 757687 774935 768715 738569 752155 734166 803724 745936 782992 799825 778551 778847 815442 776925 759935 803215 859899 794454 793757 754296 778691 803781 772113 796140 755373 713683 803813 777983 750208 803217 780455 752447 776253 759892 812036 690024 759294 805075 812040 794863 788452 786492 813858 735469 784801 786423 797047 840885 791130 743517 794278 768660 776814 
663279 730964 699034 683082 683839 717400 671805 690784 696846 702386 703657 699247 729574 722302 735310 784510 730923 707419 757078 723231 725387 734081 737816 745294 712929 723654 684791 724322 711317 702313 669816 748292 730135 716112 758940 726199 751950 700883 717949 752296 720725 680228 734102 744050 734231 711027 729993 743939 708397 679338 681553 708551 713145 734821 724532 712216 718546 686979 746597 743744 749550 679027 710543 703187 781548 766329 685496 727372 709519 712318 652794 687630 698981 649239 739870 701026 726144 697396 697883 722116 684283 703879 746969 723243 681582 681940 756789 702311 736600 732268 717339 738580 726134 728869 700481 750623 685020 687528 742675 743324 753141 695141 688367 655263 688011 762132 744908 761293 801128 741694 722220 697950 736134 735149 676422 715236 730098 707404 737968 740445 719094 706654 725655 728959 760189 741572 749535 696050 739030 726326 660404 748439 696557 706107 727075 711924 730089 762970 715019 706742 708742 727869 765522 733011 764762 725917 704857 694410 780943 693815 715327 666786 697347 675042 741976 713165 715738 706505 764691 700854 684267 722095 729932 689892 708747 712779 719853 728115 742617 733738 791408 734967 687802 688553 701138 708236 731730 690834 703370 745117 754258 746068 731019 719627 707604 745217 726970 722408 690339 727895 697000 748940 703850 773276 737721 728099 732540 681709 706526 719687 699782 765006 720833 763246 708744 727063 723762 688175 675581 710468 767179 708489 695724 732169 702071 673137 709718 696870 747623 693845 707829 723908 712345 712708 743653 726422 755215 722551 764449 685524 719264 749272 736143 739729 719863 703194 732132 715503 742648 738328 758581 718710 689848 748015 724786 696913 708715 708210 677713 695006 678276 688105 682954 745208 702062 733660 735060 723031 731089 756290 703123 716717 726988 755400 720637 737992 686665 726284 765449 719191 719554 709273 696530 736389 725693 708457 750405 716053 732951 719284 683665 754734 698886 706359 747271 767020 705923 722275 723857 734296 711517 728705 728064 738279 804311 744115 682555 726639 724984 727046 
738814 777534 757913 715170 753120 716972 738181 770610 721797 734758 760843 729256 800914 771913 793822 812457 743751 742408 796129 745252 735957 793546 766499 789785 740450 732536 719162 744160 741560 735422 690797 771432 773935 764763 812897 753309 792807 721047 737136 783443 758960 695212 789216 770795 753418 730956 764253 764776 729620 702625 733166 759661 750301 765830 750963 730961 781127 751842 782220 765870 783971 764254 745728 759513 806398 793197 733802 751915 738849 747171 711304 729912 770462 684566 803362 762304 762596 756034 771585 758957 729055 749722 802355 770842 755972 731762 792134 713386 756235 765724 784143 757782 770126 771683 752164 802922 730022 687030 749068 770520 777011 718909 732641 741753 748671 795308 778683 773267 789581 798857 737496 762344 749715 763068 734554 748784 753496 751831 787222 776182 759571 738544 782851 740515 819020 777803 800099 738667 757156 760395 696537 776618 708362 764036 798090 757277 770164 796256 773235 759674 745744 737079 840159 740029 774479 765794 749897 740210 796977 721280 742479 700338 747148 710573 769434 746547 763299 762459 800915 750276 723150 792621 784267 730150 734310 778870 752421 836168 744123 772197 825298 784020 702025 772065 726295 773380 771160 718695 773677 763536 772334 787086 770221 791094 723873 786463 745933 739245 738403 776606 740282 741340 792285 784604 773131 748885 760563 727503 754513 781738 726839 787758 762633 827803 740831 761782 746561 696743 751605 747229 796834 758894 732296 788774 746705 690060 736802 743452 785294 739854 739962 747717 748826 781558 776372 781100 748142 740093 809152 743288 737135 809764 805221 749463 756121 732103 776883 740913 812035 788945 783133 728331 742114 788438 771226 745184 741017 738086 755833 728215 730071 777998 707746 811646 732879 773741 785894 765770 766264 788509 737134 752124 751932 818229 757433 757735 750824 759388 809636 769437 767896 749642 713603 767849 758095 754137 768660 762101 772191 749987 728221 762822 709665 743674 751226 793080 765915 781019 757474 784719 739729 745747 767402 794165 801177 753846 755974 787394 786368 766240 
676533 762399 714033 742025 732064 740655 704505 780303 711954 742817 753510 732147 808161 779227 774709 808762 764591 718703 752854 761540 753011 784069 742184 752087 728191 748212 738839 727890 762329 703636 723662 765539 754876 760475 782075 723715 775401 751317 760802 763378 749817 709541 770254 790366 745306 745544 752007 768308 713115 721041 725601 732791 759139 748802 773871 704553 753317 728367 783446 739869 749803 724820 741727 754112 808974 774234 723695 742466 729540 749567 712911 703718 755644 668991 774681 754574 741007 727414 757044 719966 729638 750093 775305 738319 739883 707083 802742 731177 762058 790920 750066 752423 767372 758542 724997 786922 740216 701402 750470 770682 783185 741956 705340 680326 723545 756864 783770 791142 794941 776134 755954 712755 754359 752454 728053 748127 758791 743826 794134 768391 761135 717665 736783 765677 801970 798611 756003 716513 726672 746487 739165 796806 698727 733945 795818 731194 776169 773624 750105 722255 756402 722648 787814 727833 801547 769274 757638 737933 798387 706020 730990 693060 702349 689994 785627 739070 745095 756035 777488 742986 686388 740832 748617 753910 729963 740685 767438 804220 748397 759376 797569 789203 722805 729491 700565 772932 777397 711235 747885 756028 767910 733742 751067 768783 742002 791138 760733 748962 719302 769233 729784 765665 762687 788433 741717 758612 737668 744610 727684 761914 728788 795270 746802 814480 744708 788280 752035 738251 728523 727202 785528 713964 716959 769994 704467 732308 732415 738167 757321 719494 749318 749410 767404 770014 764101 758072 746563 733000 808549 727435 742811 765329 781837 780939 761925 727222 764977 740263 813380 760646 758467 709882 723721 804528 754157 754867 723425 733658 722785 697335 725110 735513 722700 811333 713485 724096 793321 750092 755050 784681 740303 748655 761663 787158 754396 763902 734392 751391 781615 758065 755309 722767 697208 772875 741738 737937 761318 770842 727608 741263 729164 760549 676106 713912 765126 791645 739189 724812 768618 767827 736771 771166 737068 744280 828060 780439 709627 782277 755858 731949 
623418 673773 660434 628486 659855 673749 648053 675760 655937 664931 674708 669102 700730 687887 723113 751322 665739 646567 675401 674288 665501 673813 707323 705786 656656 673477 662284 700335 696013 673291 632683 697923 686216 685244 697770 661379 712645 652906 654060 707381 651814 669130 714625 696173 665717 644943 698226 719150 661881 662312 638999 697448 671667 703266 677426 672035 684950 658518 686040 696363 704216 695381 682304 667912 714585 709458 619314 669859 687013 658484 633490 648250 711262 596226 694818 684118 708802 683285 681420 693911 673930 661310 694033 668536 661861 677856 707548 684938 713857 692605 676108 680374 688895 685087 669297 699655 675503 659496 685452 683772 704291 700123 675199 637059 657925 686624 701786 707321 737535 684830 684249 664563 710694 654960 651377 656880 656975 690422 698065 714471 651791 662404 668060 664535 709491 718131 691106 677177 675302 660702 646728 716961 657018 654648 696895 648971 698247 682673 670631 659137 677847 649700 713915 631916 716821 701873 689814 676018 734534 631095 669123 644717 656330 633573 708043 666167 698673 678231 732112 678298 653213 647486 700604 668721 681139 685967 681608 725749 677487 695617 723450 678883 642761 648724 677226 682976 683933 621603 690487 709408 712675 693749 672674 669599 663066 703869 681685 672424 620034 693000 670305 673503 687843 692711 692574 670196 631769 657000 641150 700133 643543 713063 693206 733651 625334 687001 656435 657500 651230 685360 714838 669935 679016 713864 676173 629273 676027 706659 699953 634078 672619 665716 670049 691224 686041 682645 699629 667457 731439 650482 694718 716140 722176 689892 678255 657049 696146 692504 705188 684446 724145 659402 637945 693720 662063 658586 664732 702776 640683 652005 658652 642395 645322 728494 646256 651942 711598 662087 665849 694226 679026 656134 693655 725288 682912 691141 656313 703575 708118 690619 701564 672562 628053 720012 672363 651081 673142 660306 678925 708644 654633 712144 629908 658743 691032 674781 684960 662155 694737 680918 656927 651144 672315 701807 711623 678008 635265 731731 678528 663133 
670867 701953 649259 651127 653491 650451 665116 667857 665435 653558 675361 629925 693653 670114 745779 748484 684739 675849 732766 675581 717545 695108 723844 701051 666899 664428 665068 710498 694470 685029 653912 708893 675200 680801 706906 685198 701158 677370 666117 695137 676418 654535 698044 719908 691352 673490 667707 695787 650854 655494 656234 710389 692656 730613 661525 664764 725328 654517 719113 679777 707578 668829 682304 663687 735021 706066 668806 681091 675548 668304 643231 663761 683270 616952 714843 691901 679426 655338 676669 682973 671817 673609 735289 687819 684987 674668 739732 658673 686534 695358 702054 675670 715799 708008 682229 747718 629232 643552 673780 715783 698323 669723 664238 647734 654354 706154 683021 723158 721922 717114 692526 668103 683141 692751 655910 660626 696445 684492 725954 706652 681793 673479 673400 688743 761876 737842 727598 662947 648381 667647 653232 693167 649074 657768 697838 675275 705472 694972 692275 682028 690647 690987 754249 678331 745166 695889 670019 669365 766194 640251 653374 645071 696447 663326 709684 662233 694108 687686 713162 682148 673390 688813 699036 648444 684468 682529 676136 731396 703863 709407 732191 710632 659887 691101 679006 652958 682278 659977 670648 685532 718297 724996 681872 711929 666341 715381 692404 691321 647397 688633 661631 679185 695346 704829 699930 680864 682171 683490 649492 703168 647621 712447 668710 734467 663596 699875 679858 658868 663633 684378 738594 707703 670185 732245 673823 638550 655964 684203 713649 658478 674789 678789 708924 695414 691302 712044 730508 704636 703075 670387 694818 706944 701978 696710 698430 628465 694566 710896 729233 694841 722523 666256 681748 722414 694375 686191 682231 674534 670993 641620 629080 706735 675645 696324 643228 679494 729384 685657 700076 711207 666099 669090 680685 745444 710116 706371 689218 703256 710854 675876 702632 666007 658440 717340 699482 655245 692030 725139 675162 700261 669032 726909 673748 674845 696009 732768 700217 684492 698728 700920 673272 673798 685646 714187 728126 669305 682341 722429 698680 701982 
692976 802525 737562 758358 742728 724459 709959 752970 730321 741600 776074 732287 803525 748235 786500 825366 773194 734755 796152 791827 743497 788767 769827 762577 696673 771075 718484 749482 725820 734523 712159 770483 762128 778722 787156 744887 779051 734585 734863 806375 736920 709805 786848 776627 748148 734914 728802 746287 724504 737376 711819 774871 773532 784503 764783 735550 795935 767221 774225 755151 785678 756702 757673 745117 809082 807661 709122 736796 707287 730373 694574 751554 775956 695126 780625 746879 735475 725964 741256 745272 728306 718955 781232 764703 742498 728320 815058 732010 759577 773154 754043 770707 761258 764206 769991 827278 768071 704799 778558 796178 780424 715090 731634 700323 742649 793865 769406 795536 815404 787973 749624 749590 794086 761817 719636 729938 778231 767307 792749 766567 772482 729455 784504 720881 824006 792957 788275 729645 714692 765797 723281 795565 724481 725173 794821 751842 778020 796743 778568 725127 779266 714237 830026 753111 798749 794590 778589 738883 815427 710948 737652 715448 761457 728959 783273 766756 746623 746684 809885 783998 735373 762485 763639 750770 755908 735805 765188 803683 761125 782832 795024 793838 726808 772767 744331 762489 770570 758596 754312 771471 781093 769795 775729 776974 749448 810481 752418 744786 728387 761068 735486 737524 781242 795698 758239 778490 730143 761036 730112 762693 706204 815214 756407 846518 691995 789519 760182 748781 713918 739461 797243 751833 750325 788418 733665 717968 728474 749774 784334 739063 778070 776997 759486 780471 754720 780318 747999 746652 786333 750847 786769 794623 796523 793418 755143 712196 766400 768173 822016 762223 763077 737904 740177 803050 765036 743857 741763 758055 765199 729603 732261 740240 718810 794004 724891 757192 757444 760193 763897 787824 727014 721045 788571 817548 777560 774220 776613 765465 781828 750716 786210 725993 697246 813080 757602 751932 747426 789137 748730 788472 754637 760276 720821 740467 774740 795092 806869 778592 781337 785399 711271 755652 780750 773139 798613 771139 732966 777928 771277 774518 
737689 813152 768263 748691 730318 762439 762971 786879 752983 764958 775564 722642 827728 814901 794087 838173 772803 743204 781837 781736 795255 812636 801966 780311 753318 755554 762401 783765 776487 770400 721101 791661 769694 800477 812706 751299 808950 770222 744588 803597 770509 758347 800541 799788 780811 748746 803405 805223 743377 778120 759281 768658 777011 819817 788275 737903 777072 748315 802617 788774 776147 785797 791804 767375 833772 818528 748990 777202 776298 780535 737945 763836 806190 746186 811391 778703 804929 751406 815180 759453 769459 773965 810858 769435 762001 750346 835425 780628 768398 792646 783554 785456 777517 824980 782116 844744 741913 712161 770104 777399 802661 754031 769155 732541 757871 830625 789992 828903 832299 812909 775731 757491 797695 788144 753520 771833 816950 769643 798420 816795 817951 779429 774957 776174 851312 771982 800829 759759 776166 766312 768221 827458 735163 786566 802391 749854 769819 822620 780234 789280 806591 774064 842540 739449 850243 805801 793581 793670 850493 749214 742035 705566 766090 718655 789149 777853 788328 799390 811912 770430 754561 787314 764044 758583 766360 787910 758184 813064 785062 779835 823080 826850 742225 759493 793312 750439 790260 762519 813837 793594 817488 789241 787439 792813 748846 795692 761941 766118 756970 788272 760761 759638 778342 816316 802175 786959 771751 785838 763566 799655 771282 824482 770325 851669 763450 780387 787022 753962 754255 776365 823707 775020 766429 819751 755745 734125 816051 761970 775830 771208 802528 791257 763788 793970 780632 786135 797645 779298 818332 774359 755815 855190 802030 784512 790366 796396 814903 796007 809380 843783 813884 778079 765836 817102 820879 743404 796031 770602 769879 765997 784375 733099 745014 848789 769843 784410 781502 763173 813642 798291 762864 762676 775011 823023 804241 807643 792221 807021 810777 777512 796699 785486 739818 812218 757242 774129 791110 791032 776050 803517 744629 817120 751960 750740 803170 783250 801007 792371 790694 772312 748295 761702 756311 813045 850407 780305 723151 789535 782927 786618 
713423 766355 733293 722067 711981 729947 719205 760983 717093 736912 759082 740263 804789 775555 798924 809111 736696 743406 793073 753438 731597 749334 776431 775245 711224 774234 761090 743602 760916 725768 679692 769763 771122 761217 788362 752898 803756 755240 739983 739716 732414 741427 782251 801951 745016 731304 768949 781200 719562 737498 731253 745545 769615 787402 771001 723646 763276 734918 766528 782513 783576 748202 778263 739363 778357 802320 700711 740968 733168 747200 668018 721958 759873 710987 743748 763565 771076 745506 783240 704819 740676 728790 786220 735443 746412 725037 805160 773236 759168 783991 777213 752962 775730 783081 750239 790633 748310 696827 750291 733067 797425 734683 718124 711440 744351 786405 793696 765257 771704 777723 766833 728465 773452 751868 725500 723208 753260 771927 783955 788077 733959 744231 769852 772824 807955 779263 777575 707770 729957 744629 729831 770767 738536 749583 787275 765980 781084 763368 768002 756521 789014 750633 805282 741098 808953 791027 752524 751694 825239 750395 730357 722980 739346 706141 763493 722982 776438 760795 840957 759885 754750 750277 759708 737743 741581 766976 789230 818073 758526 769168 778920 802281 712154 760457 725063 734966 772563 740204 770535 760857 770982 771288 754592 789493 730485 791705 737042 750464 732771 776741 746058 776789 793044 791468 749343 761564 716686 756969 728568 748664 723556 812713 754386 832537 723776 780579 781350 727636 723707 745432 800371 775644 753009 805065 771804 723205 756985 760018 773960 737449 743166 755004 782931 801057 769340 780190 772573 741135 785300 719996 741685 790099 766700 768217 769618 724341 770542 760378 806338 767316 750627 714420 755186 782335 736964 732051 739061 724632 755842 751419 712801 727278 719480 792422 737361 760087 769011 775136 741569 797268 733498 713321 762239 806745 779261 777543 749182 752244 793975 745336 771648 741225 694535 791978 735155 744498 760031 757448 769103 757782 745938 785125 716882 717285 772254 745286 761838 763873 772059 767636 712863 746170 763845 770765 793241 754505 692929 741018 762274 752141 
710260 784130 721374 740157 733553 760228 713164 747058 711130 715808 748207 701823 767653 761781 795036 786849 752345 746776 754161 747415 742001 774815 763589 778506 739149 766855 775027 733671 737860 762217 680286 802360 753365 757469 790798 735244 778486 757028 731865 796567 761028 717903 767972 773965 726682 716706 748554 755751 727677 742952 740904 762689 755765 779746 737019 735515 757307 730841 765711 778795 756396 736926 750502 752949 805179 800748 720182 730185 756961 729888 709477 741612 759552 727557 774753 783330 755887 731480 753154 741556 740421 710234 804378 781784 751342 726154 801789 743978 769749 784121 767528 773355 776817 777837 724769 801311 722068 723735 754918 761369 777873 742278 764639 703383 735053 798302 767135 798457 816342 767386 761407 716172 771023 750955 709293 727961 758379 771863 781445 787290 756440 734027 751479 729111 811444 767663 764586 704682 722615 765529 734672 757512 732722 755938 784823 771731 770719 760503 754399 734944 768429 723284 794380 731666 810011 763157 753851 756109 819834 704396 739018 725544 755807 704981 785950 735580 772388 756931 823598 775903 722677 772850 747018 734363 745605 749083 742610 809954 756312 775983 814209 809031 715281 758380 755253 737482 766390 733719 749133 769262 762134 772375 771916 753921 751560 763781 742250 741837 739599 747552 756466 721108 772192 772801 745331 740462 742018 736773 725610 764277 733378 794990 739426 824045 702394 790578 743600 704708 725976 745831 808183 750317 732325 825479 756903 704834 769716 746042 794809 721072 775546 767732 738149 762843 765222 767105 795626 753622 787643 714509 737554 799564 770008 760870 750070 707106 767684 754955 790945 772186 781525 742518 725541 802445 739100 748237 742369 770370 748213 729071 723288 755618 712213 800930 774043 765219 775474 726174 786640 803657 747969 713632 763684 800745 748526 761199 772963 754438 805749 756224 770159 731006 729580 795544 769351 718207 757098 750062 763620 782391 743766 814957 704301 754900 797933 762569 751915 779413 777675 748092 710972 740820 740930 796365 813456 769345 707628 770504 786163 777352 
634565 696550 644951 611296 645375 659019 651100 670146 639436 638275 658935 619148 715447 670170 707801 711514 677446 650319 702053 687378 667196 707854 695658 703860 629744 662039 661858 690960 663978 667867 631415 678788 663500 694176 734873 670979 703548 690402 667863 665882 667886 630779 662814 695153 681326 634220 664148 671087 666197 652684 663330 655884 683540 681598 675426 642480 670105 659879 672524 674092 690231 648094 667106 655326 709017 670794 656304 676846 656100 655221 628480 644605 673802 602730 692957 675827 655579 653230 687639 655564 666605 640035 691453 672528 676646 656859 705198 648426 682222 684632 676259 669478 692470 692158 667576 692658 653721 631864 690170 682535 681256 644202 666828 640716 645035 710860 706138 709201 736359 696185 678117 680796 668718 651629 642538 658534 677137 678193 715349 685983 659510 632693 668523 695368 708940 711132 694422 637562 666178 685086 647079 707770 629164 636058 675956 687038 679223 683668 696443 677131 670773 627270 725493 649414 701884 633983 657749 670015 727768 653571 637383 620088 674788 616657 686712 652530 678261 681054 720479 674633 664757 680156 676083 638828 672829 666181 664655 722960 657602 699598 728410 682810 630781 676617 657530 651750 676703 655742 652310 676882 710900 696552 671558 656674 636624 680103 659055 659383 625426 664066 635545 670630 695354 687657 676685 666060 659520 653235 642710 667965 664497 700487 663751 718053 644093 672917 661001 650634 656591 675134 737743 660241 672186 695074 643455 654864 662136 653229 654847 651483 669944 675855 676508 659442 673336 689967 698471 687006 709129 650559 685206 723648 674315 689665 659318 656037 665261 675572 734475 660992 710766 668588 662078 683786 678431 679285 704753 665909 669783 652590 644051 644339 665017 691570 642550 656293 700911 667974 704465 688881 666469 682530 702598 720929 677694 702390 691382 690725 689241 671758 664595 614574 631130 695130 652268 666967 682654 695000 666851 681816 660024 736211 634413 649706 713857 697692 682682 682895 681092 678992 638818 671553 681556 708504 719523 696622 638705 670441 684171 681132 
704188 773812 728365 711562 725129 739472 691988 740932 723194 712406 759625 757662 772612 750464 767680 813669 743188 744272 751389 724737 751831 756828 759343 756751 732967 739479 719859 755351 751423 746628 708482 774600 770925 755645 809394 751906 800971 730196 716511 771748 739348 723774 776028 761291 724426 729966 772803 772611 740212 728701 730669 742073 745038 783991 786498 707581 753775 726202 759204 747557 747985 752379 750477 733341 785335 792610 723992 735198 744747 725121 691027 711125 758498 702777 775621 743072 745888 711487 757064 726822 735834 707638 768252 753500 738337 739212 808340 737245 756952 763983 785055 742197 769136 775864 757843 799271 735511 710787 774992 780321 751300 707677 728330 671077 726355 786319 772311 789494 797839 761549 753460 729559 774104 737438 738617 728581 735559 745399 793506 770717 766820 735539 755463 768600 793566 754919 764445 720053 767873 764355 714768 745049 755638 746049 785130 732181 775418 766115 767050 722610 744187 741349 782155 712156 787076 758730 735668 729162 797760 734013 734411 677950 731987 704867 787504 726967 765662 759228 808009 723166 726933 761861 742962 715110 735940 736100 758040 796862 741976 752210 765756 786402 695845 724234 729390 734369 798950 732512 754657 750039 763075 790026 737216 766265 721849 792982 711739 742747 701897 726474 698947 771299 761902 804174 778403 734539 716206 710348 736630 738708 737677 807806 735395 795563 719571 753117 783130 703382 724790 754971 777371 746324 742544 788184 726091 725210 759592 724280 756815 711471 760328 759683 730312 745356 756868 753852 754219 745383 786898 736977 727942 801592 765908 771895 772557 735165 774746 733969 784372 792604 779310 730858 739381 794130 724335 754547 772856 733426 729891 745518 729415 730137 722129 776606 719594 742400 772312 746691 765761 777135 707534 738150 755545 811212 773498 788663 741249 751018 785688 749484 757156 760523 736825 794762 735717 718023 749255 787991 750922 776845 714747 761189 695255 731438 774283 762552 753209 757791 735216 754673 715067 728207 741207 804182 816344 743851 695076 768089 742595 755248 
633521 696838 673187 649027 649042 689151 673331 678256 679156 654428 692587 662226 712771 720618 726023 756673 672212 671231 703032 679940 681167 711819 664263 685547 657487 686380 671821 689392 695896 689736 606918 704433 692242 669321 706894 668035 699022 689671 687770 699590 681461 656630 710376 701107 670027 676844 673760 685180 647818 654964 679254 693206 676265 675067 702355 662695 694324 639554 709908 685391 722604 666286 670483 659749 712878 700939 641244 666758 682204 661588 650150 685903 654841 628264 719814 711881 685042 652858 684066 671798 641471 666885 729230 685785 709322 680467 747861 686485 692816 701972 690983 710849 706394 715874 688086 736850 685848 636690 712817 706874 726161 651629 696525 643389 672156 737589 681202 687615 740105 734823 678727 697530 678834 681343 679986 664403 681565 691327 744962 701341 661925 688350 690148 700560 728005 729163 682920 670798 673112 690302 645430 680910 652896 662160 696670 683118 696066 704608 685272 655416 692775 669225 714272 664623 732793 694568 682061 679267 749638 687667 655075 616125 667273 641152 702653 679142 697163 689588 727928 662096 655571 677518 692542 672366 675841 671993 691743 746034 698012 695921 726626 704656 638167 683214 656699 666878 720452 679523 659930 684066 717569 707633 673882 707167 641633 703797 651491 692700 648014 683352 658186 646464 683156 723249 696804 663687 656924 691704 675600 692655 649808 739706 693084 754790 664917 677005 683832 673675 678563 718158 715424 687834 658165 716028 664127 672021 656420 660052 689846 686863 676173 659029 698741 681305 711763 699413 716702 692117 746610 676675 664122 724422 701678 708108 696747 655461 681057 696930 742702 709938 718685 652878 682945 721457 688327 686515 669069 657717 668174 659138 651211 685027 666435 736777 632805 678778 706218 668317 716707 726628 678417 660073 708640 730650 683932 715057 671609 677776 724871 672535 679588 650610 660953 708770 671837 660186 684015 676879 708846 700815 659315 710291 655274 665894 708827 710308 715403 670511 689227 675684 656245 664129 694254 687871 750859 690119 653027 700980 687926 698811 
660510 775562 718265 694817 696451 712991 697730 730784 719177 708899 722381 695537 746154 739828 785896 771757 720322 701763 729902 743547 732649 747482 751479 726157 687289 727883 691716 732426 721729 711242 675533 762692 723180 735086 755432 716221 746452 704301 705305 767513 718540 717574 757343 774985 688780 692071 740187 744985 698988 733669 671451 691338 733389 755079 733473 702812 739242 674539 735476 762977 741564 713881 726814 707495 785370 749185 681595 706785 714154 719749 661305 683175 734835 670296 749324 707907 738522 688506 699366 713983 713182 715323 777227 719199 704156 704235 770876 681072 708130 745170 729132 745471 748706 733550 705755 762051 703009 684505 731910 754007 729815 656357 724259 672002 697916 756043 755994 749132 770721 751157 726907 726632 730904 717907 696999 699426 739662 716231 773830 740995 741772 714074 739269 720630 808801 739640 724723 697615 693815 737694 705480 723546 682739 715756 768195 706614 769426 758402 744247 710039 721130 714258 785337 705673 762993 761480 747942 727813 776699 681562 708179 668118 720836 680514 721775 714601 739376 724392 752259 703924 690230 710392 734185 686013 721182 746594 755602 755053 727929 722182 790039 749093 700024 701496 724472 691689 741699 706490 735874 743632 742105 764981 745405 734893 689277 776481 713570 695135 692307 715723 731469 744992 728134 773412 718479 743360 704202 712817 662315 743471 693473 774442 714662 788743 677102 715462 728855 698086 699577 723365 763584 709529 709755 776228 716079 677012 707791 697378 747554 717833 737235 697628 702092 726425 718078 728662 749884 711087 753818 683874 731548 772083 745727 710697 734136 705909 704925 721706 770862 764606 754901 684668 722650 749257 730220 713971 718851 706979 721519 706162 692045 727381 706659 757662 640771 703039 750713 726783 718234 769235 682858 703786 754868 787518 724073 731316 720128 729297 738464 745257 738171 700797 673798 748737 740679 681873 724313 742436 722365 751198 682560 729168 669470 725681 764108 763071 739724 728354 699516 764775 711606 717515 719412 748911 788003 724819 675056 724831 746925 740403 
645099 741968 716004 693532 730704 736028 689548 743419 731447 734102 733450 698396 759131 719647 751311 794036 743010 701794 758933 747831 725896 772019 745037 738910 705264 717481 730232 743901 740471 724435 668223 760851 725743 779946 759090 756995 741487 728188 717077 766554 746649 717373 755097 764983 717512 726474 718713 754057 704354 718996 711953 728023 725731 734315 746698 720638 736177 686501 747962 767789 762535 731930 757941 752437 778992 774942 714011 706678 710364 731665 689456 707241 747919 683449 762089 732937 744907 721629 714870 724121 713616 690914 785117 730273 734957 701063 784420 726673 759623 740301 739546 753456 770543 740409 716915 782439 712570 668660 726639 780640 751032 710169 718745 696300 731868 797473 714089 752594 801473 767982 727089 726985 764606 759727 714596 720015 734971 734910 761091 741691 712601 703270 727997 739338 783513 763189 743891 726909 700170 725690 701977 757218 701466 698500 772295 745643 774980 753852 766646 727137 745006 709451 805473 731293 775772 776956 754061 719825 797971 698884 702102 703034 722590 714351 747434 710948 721169 742121 763041 734585 724989 745780 759276 715113 716618 769188 730541 767610 728333 756208 776274 786310 703191 718648 719299 711709 724158 724023 732214 742742 776471 756072 767657 771658 698788 775121 724268 739930 728997 741541 737979 737114 755277 790962 763207 749608 708077 741292 692476 729909 699745 772912 735015 823370 682295 735615 727972 721143 724570 735581 819629 738619 702345 790686 730863 670110 709503 700822 726469 736713 746000 732022 728182 749059 755583 765349 755450 742969 763383 722200 743860 790321 748364 766720 751887 690747 740596 738219 773508 768602 742898 670180 723318 747943 717791 737490 719005 717499 744159 748845 686116 739492 685648 784968 688540 742443 751843 727426 743335 752360 695447 700169 746997 799254 739906 739550 744786 735671 767977 725084 737331 729813 656108 764151 725199 719545 723686 775382 755026 749091 710727 737509 698261 714041 756371 764569 772286 739656 746290 749902 704136 718625 728194 743474 802374 731565 689534 760654 754243 721349 
725436 793982 711814 663885 729920 730533 708264 735621 734047 717276 735778 716079 787804 754150 785084 834114 746591 737923 773142 730880 735439 774907 760674 751853 700867 735628 728193 758481 749888 724165 669744 772357 739008 712333 775470 720490 785875 742442 724786 758236 741002 730779 770444 764356 759509 735823 738615 753208 701265 741622 765113 728403 732663 754235 756440 728488 759122 713280 781968 759697 771066 733169 763566 737337 789038 771990 704843 734989 757558 743550 701284 695637 772573 675113 772072 727305 764644 718554 770370 716244 746349 721955 776489 769054 736126 716694 798456 729553 743020 746417 746535 763840 766085 780640 749523 796253 721373 692641 745190 780043 787091 718754 741169 701387 715206 782437 748882 774525 777804 805447 750767 739668 755410 734423 738389 740262 762977 750052 769542 777286 771958 710919 723433 752442 806805 772941 769674 715553 742251 730302 727529 764475 712533 714765 783698 744698 780363 782624 762663 713072 763852 746388 810033 720937 775721 769142 759730 757423 830541 695134 717210 690520 726098 672919 783039 725317 751001 745747 799114 745874 732559 749219 757209 722789 738181 725528 728127 805838 750585 780588 808031 784219 722204 727925 744851 732487 773300 735482 729135 761180 782867 771516 781598 768413 711504 785417 718844 738215 745080 742561 726780 728814 777493 815180 735404 751153 728526 751784 734415 761255 721660 802300 754403 825967 703767 760575 747139 739036 709193 742454 823778 733077 721906 784153 731795 707875 750068 719902 763320 727544 751278 733481 742452 749523 760399 762015 793617 766302 788356 723291 738887 799045 765460 762730 743562 713539 750374 733586 780585 796572 784403 734325 710164 791511 744175 712111 756353 757694 725608 728803 719660 746808 716316 758715 722582 744878 782160 735101 767139 773574 718269 716797 764326 803069 779615 786577 763962 767940 764097 759363 741764 747351 720419 776968 741499 737957 742318 747779 732391 763624 706039 788622 717241 742698 759508 762759 761710 770308 745318 765341 705111 727864 766754 741694 793085 771362 710157 759703 759673 758909 
671561 775376 713397 701692 710383 725931 721323 742121 704093 723071 770415 682338 773975 718826 761033 801743 747421 744170 762344 739523 720074 754025 739030 750626 710861 718301 724694 752984 738770 726144 692223 748793 748707 764995 789318 757581 760495 740202 733260 736068 743342 699927 762333 726018 749438 705069 736275 752780 719473 719615 729681 732241 733351 764240 741235 722336 750528 710617 759262 772087 757986 743196 738367 727219 800075 783747 686646 727276 736174 734767 696695 698773 764553 661059 775950 752317 737933 723527 727270 726227 718288 714247 774355 738352 730187 725600 816517 736011 763227 731261 748570 767152 718880 749306 755723 794072 680162 684601 750696 761072 756342 720585 719017 702542 714417 789446 757860 781807 787016 789091 717214 727936 740376 773601 721022 734597 773707 755598 768470 769758 757593 719245 722754 732831 804700 774093 771969 737499 733805 744181 727485 771153 684684 745626 786939 782537 765052 785075 746394 715226 743391 709092 809453 716393 756449 762654 738406 720684 817268 715061 707060 680903 742705 701193 713973 736822 739850 758670 776157 745252 726778 757600 740243 725877 736131 773915 752578 800433 757485 747772 811022 787010 691918 742763 721151 771109 753084 721527 740997 757982 773113 782613 745493 758533 700876 754906 733150 750363 723786 751778 735380 724221 713565 770354 747796 742245 722836 731708 729486 768214 733009 763919 719696 828445 714925 748692 739401 713629 719391 738666 776248 736040 724734 765746 729776 714324 770868 720841 760526 728928 771800 749901 743164 732125 756159 764466 758999 742931 761958 727151 742775 805251 760316 748682 733901 704853 748627 734011 783696 786145 778352 718514 739325 783516 746182 715566 740676 746669 754155 722043 715820 720247 697598 771808 685147 714804 749833 745528 749432 751307 704421 721626 763564 793743 740173 787229 742388 762021 747269 741341 754353 711797 696864 749663 723404 712078 733993 780233 750356 745425 710411 760277 709277 738491 754285 731441 792062 747326 726895 743629 701331 732000 739901 775688 805805 767092 721365 767169 739479 756892 
727123 762459 733376 713851 705746 744150 716010 750666 732405 754254 731092 675826 783423 752183 791710 796808 757680 731468 754567 766564 773627 775658 760286 752562 743283 744517 738942 756136 755606 745509 695296 765985 743847 750947 807857 754690 775165 761044 733142 803825 757243 725959 790492 808696 736428 723648 774896 755474 692090 741948 734895 756609 751677 772444 733507 740467 763099 750170 773915 767255 789153 734711 736264 738195 808571 763787 733977 725284 739816 722968 718716 714424 746248 692205 801791 766075 768604 725214 781422 746494 742595 735740 775621 784012 750144 716849 800778 763852 763572 776018 758903 751569 758350 754571 749167 799254 718534 696212 753151 783196 798846 725188 727828 717756 746919 774181 780626 798463 778495 779428 737256 709407 762042 726881 718535 720910 789253 772286 794984 763650 756075 716955 736058 737677 808914 805731 784790 750310 733026 781740 737715 750463 715510 717120 780896 754261 770295 772924 742622 762718 769743 744751 840915 706632 820072 766393 768318 785100 800266 704590 721397 699361 729510 689627 745226 779452 768194 767182 769306 762906 739108 744377 757674 730787 769802 768160 760083 813882 759489 781412 819654 795575 714955 734312 737552 746964 756554 712142 737396 760174 781808 743502 765908 751256 719667 753649 754563 711315 729478 753227 728096 741424 778431 777159 749555 766958 744286 752962 769465 763390 721461 815984 756067 811305 725294 773594 740124 750985 717253 742139 813405 726624 727138 825495 745446 701461 744795 717148 773135 718638 735399 750842 767905 786902 749652 753075 769891 738391 789861 717269 769288 780965 769258 763090 788217 725764 743748 746341 814406 782812 801804 717510 748377 773344 799526 765671 734649 753998 743498 709383 714222 760539 740386 786892 713784 759198 801376 744447 764851 779984 733109 759531 745796 824598 785124 774206 745138 772312 806252 747633 760645 721474 695483 787474 745887 722935 762964 773205 746619 769489 738622 785361 714677 736715 777459 784170 770135 761367 774660 764190 710208 768737 742851 752010 813883 747606 728889 756000 775767 773078 
742864 813976 765603 737224 761236 770908 742602 790231 756414 715667 759247 756402 817262 791230 813964 820809 795756 754203 803202 807283 758403 811075 783314 785143 737015 761042 781649 779682 782858 785026 714225 792942 775531 800072 812106 796432 817621 771591 757274 805002 782537 750193 817629 803101 812405 765496 776158 799373 739851 752088 753954 789890 786732 796438 790939 752224 839004 747806 823956 799198 800656 788566 787048 800995 858912 816631 766171 799268 754035 799308 741025 754767 776167 730211 837104 784836 768531 748047 782513 750956 780008 796165 817237 783586 772358 734217 871789 779395 790909 812782 804487 784115 785711 795279 769154 846529 744676 744208 817684 811609 801736 772966 764875 750050 763084 829741 831609 818084 833131 829997 753194 756278 777439 766713 752646 782710 783567 807873 833936 820148 780645 754605 794446 780135 850795 817261 789481 766811 773240 771056 738623 813521 750786 772087 829780 774179 803237 817913 801378 791630 799508 748327 817256 797613 818711 792764 766052 757821 843181 761939 751406 714444 781870 723496 783465 793099 783670 774113 828708 793601 773145 795878 753819 764291 764603 755953 792518 853898 781565 807105 821385 832459 734678 763896 777359 785025 818646 737304 760627 782661 808588 814667 780924 798923 774402 829322 772398 776663 747032 794596 776456 821993 777529 832079 804877 798611 757040 761108 761956 801888 773483 807195 806926 857229 747581 809989 799826 737210 761270 792560 837205 765941 762600 844627 739889 754404 767728 760389 807292 796590 789664 820151 790025 815940 774000 800051 797506 787336 839384 782317 792164 835678 800424 799633 758183 725606 786921 781254 823829 800653 825336 800829 739465 816981 792046 790419 771435 770278 754972 758780 748757 765423 757078 846387 732745 797271 804188 783346 801800 813032 773152 754785 811524 819236 822257 812543 774948 768851 827374 797361 791976 747510 726644 824057 779497 745590 803214 807099 800383 781217 763952 790145 745939 793359 768907 819252 834698 785664 799990 783926 786463 769222 802757 793296 858010 804485 745362 783382 806962 783912 
708163 783789 722995 701941 694427 736915 700816 750500 734492 713262 761667 707821 777623 732703 737070 796262 733388 732098 771965 759450 721921 760525 777224 753038 731461 723482 717734 728908 742011 705654 704548 773729 763251 773339 771501 752129 796931 733222 712955 767366 741193 680111 737201 775162 736060 701263 743318 763248 707990 703191 707527 744068 736685 769665 744868 699914 759914 735858 760840 730913 759471 722315 738647 742421 781437 792056 727836 739183 725562 738487 678126 727263 744082 669851 789880 752035 748390 711577 759690 688348 740920 725555 755561 745156 729884 713602 824506 738692 738791 756388 769618 740896 758289 779706 751086 782834 717043 697878 772541 783795 759654 715878 720648 712114 702842 768544 763897 825349 797814 772040 738962 721281 760912 752017 700749 737935 764019 748189 770172 744463 751295 728682 716812 732749 776118 754094 780993 721560 716548 754179 703402 746075 713107 727985 765136 724127 754997 768329 754492 743528 763522 728971 794129 722939 766474 746166 749672 720452 835769 734275 714369 679263 734669 700210 766666 732195 760891 766253 795882 738315 729576 775143 751382 745069 743738 760805 752519 763506 768996 766443 811022 779054 702993 732248 724879 735540 749353 730036 747867 750949 788857 758567 737120 753484 741226 790362 754012 710295 726364 747380 690880 755480 776000 766168 781780 743798 740355 724352 743038 747708 763720 782919 747617 802445 709718 764501 765561 717328 740159 727927 797617 748571 735436 752938 732982 711157 753774 726941 729973 743728 742511 772386 749424 764772 762776 766372 755483 745963 798404 749007 744384 802221 757773 780924 762160 720230 757207 743466 781671 763324 785568 753026 722217 778139 756164 743196 734915 731021 719094 722585 728516 716951 698186 766157 729024 756520 760009 730007 750772 769873 726778 735950 769892 793208 729472 781067 771418 755397 801309 755970 747966 719308 695665 795634 738448 749445 770790 780667 738784 782790 733476 771181 690945 720271 740137 766178 756051 744901 776742 746034 724593 727633 733080 769920 803165 766776 732223 764170 711466 751368 
682671 739458 681233 675599 708175 716008 688234 714718 699443 704191 709734 692100 746977 738546 767163 774971 722137 708086 767186 735764 721552 746081 714948 737946 704975 714979 704600 736578 729295 698766 626004 769880 733262 733025 769579 742187 748773 700699 705642 719631 696219 694004 744621 744103 700988 719739 701124 769123 695809 708048 686824 736063 726135 744173 712767 683838 745627 707313 729908 744920 712841 689949 729670 703210 785212 776597 715162 694621 733808 732318 675496 684408 759233 653017 751717 697061 687850 702004 715394 717406 691013 713376 777236 687787 710505 679913 757764 696789 749907 726144 722013 707211 730415 768740 721034 752091 708586 674364 714408 721221 752766 691107 702014 670639 677172 743030 730566 751422 794368 755600 715111 712431 726315 725551 708323 719325 744544 728140 750088 745674 724914 722417 733466 748599 768615 750285 736351 684413 730155 715535 693604 738862 673224 734363 744416 685663 728322 745978 715477 696001 721549 688061 803345 691687 741393 726069 706770 700625 796355 682746 700720 647177 704824 676960 747367 712131 729890 717088 766369 721816 701215 748967 726754 696113 725472 740676 716735 776833 723982 718229 761193 768987 690273 709705 718463 706204 724125 707244 686191 734152 764914 742432 731687 678372 679655 746995 716265 709438 682628 752140 690789 734730 727509 729277 738298 733009 695851 729244 684092 744513 679868 744449 710812 785170 672532 692365 723710 671753 703229 708902 754513 705555 674763 753795 710453 678862 682603 721886 747879 728038 744066 730335 716283 721359 741253 737070 713427 707914 755663 690527 724435 753608 735907 751828 730349 687745 740849 727377 759018 750075 755772 683364 697278 761850 723643 694340 701429 730885 731602 682825 712792 693324 691935 732762 697467 720187 750730 712396 754565 723468 685416 693816 737140 771507 771100 721827 723331 739994 741314 721387 735360 696822 665775 716064 728399 731286 721916 717528 705587 728938 705595 750740 688629 674558 735445 740394 735491 743492 725534 731098 673805 732289 731636 746029 792794 718445 659218 745532 706006 715115 
691664 750140 730347 696921 732754 744631 724929 752517 737398 740822 752396 694348 787441 740882 772215 805150 777347 748266 776895 750269 772224 768089 752021 755221 722894 752384 738030 742395 773869 743041 710055 760059 768500 752414 804014 757382 783931 738649 752356 779526 752933 720492 767022 786323 744416 724199 770744 764723 725783 712760 709137 720698 743310 771763 755891 732487 783815 738212 783545 755131 764159 723795 758208 723870 817760 803721 723274 756607 734664 745434 685280 715696 767429 656443 790223 738661 752355 726146 722947 753167 726356 739084 768487 740678 723578 724543 789129 743954 787862 757784 756425 744656 750491 754725 751056 814621 730172 716502 772927 765159 787585 717359 731139 707306 732314 774233 751922 795657 780723 746826 748541 710341 766682 767651 721064 724012 775547 739215 770524 777999 776264 715072 766472 758207 819451 773541 799128 733121 743649 748977 712778 772363 704100 723568 793826 745561 801590 761526 756966 726093 774048 739358 832999 741375 792753 787975 756832 768188 810231 702190 724343 703852 739327 711055 750466 754302 753124 758465 766055 722782 694118 776876 759715 737309 751703 758855 742097 802739 759196 779368 791702 782054 713761 757869 731804 773348 743653 718566 739899 773982 807064 782199 759657 769537 735167 777662 729230 773079 689059 773433 720486 780813 782085 790079 754897 760168 719572 734647 735943 746526 714773 785984 769287 789835 729107 750364 753403 723762 743194 731549 809899 753365 726801 778762 731052 713769 748990 750046 750362 730606 764127 753555 748048 753675 743457 772265 764838 764600 763142 701757 755770 779783 769998 770480 748032 726623 740173 739071 806599 767774 781089 729551 736172 797566 768047 746592 764437 727068 730766 706770 752051 736291 719987 804140 718842 731793 766710 771568 779031 748358 726268 742108 759423 810781 750760 776616 757097 750980 775145 750058 747302 724107 679227 757702 728497 740687 761890 769750 738063 770094 744952 786473 712305 741957 755616 792028 759586 736440 751176 779428 741889 737151 745604 761843 793558 737970 699519 794286 746671 753527 
677353 707234 673601 678122 682671 698393 669576 715774 671479 662143 701874 665860 725600 710469 749408 755050 725159 673397 733117 732476 696013 719028 721841 707722 680281 725031 686770 716497 697850 694481 626929 713120 713392 709090 759372 700817 716277 702868 692814 715408 704144 674258 738942 736049 722382 685342 700912 731604 662520 654514 693426 719143 706916 709931 719190 659642 728225 702459 734542 720387 708240 656519 706218 696480 764431 750153 671624 698577 694570 707488 658264 693670 688370 631991 748402 730004 701347 663221 710416 710026 680636 662907 726722 728610 707980 671131 751946 687520 722939 710330 716528 712123 687436 738253 705738 769240 679184 641252 714002 730609 744559 709670 702060 670383 677622 737117 690932 737082 748927 740714 696650 690387 735151 724551 662391 696132 710650 685755 727872 743545 692201 671612 703565 706792 740132 726990 741566 668831 699099 685674 670239 717924 681087 711895 735155 706074 715644 708951 707366 692338 722689 699480 759152 669361 741636 718424 683180 693323 762521 670085 664816 641835 702603 673226 720896 670214 716474 719088 772738 708704 678242 722309 690222 676933 692426 712038 696998 741803 725717 724216 750681 747292 664673 697113 685427 739978 709543 679618 684447 733179 745721 717056 665745 690682 653467 727762 688809 682367 689716 708819 701406 691761 695907 745575 735640 701310 690410 697082 700058 730442 675983 724205 723375 778732 686458 743572 707517 689937 689074 685355 771687 728636 697674 733200 706484 645368 703231 705359 732227 686646 704482 698912 723860 725965 726993 705174 745733 704314 724025 682573 698783 710939 736841 715684 699142 673789 700421 718663 751986 742251 716479 684172 695256 750733 722137 697439 694098 714895 693684 681992 674487 692230 696891 744457 675565 697347 711192 688960 705909 678312 695190 683075 694404 734882 704642 728783 696695 728748 741047 707952 722155 679140 687194 719595 705060 677063 719928 696986 688719 709162 681973 727150 678958 705792 706044 694745 719870 707204 734697 714588 694167 713234 704781 719037 765480 726709 687882 740260 736964 732736 
685937 727211 673634 659749 676405 699626 647578 700900 707878 694343 674701 693240 753857 689046 739257 774055 707698 692971 734548 713169 697126 739103 718870 737001 668540 714468 699595 701855 728997 694786 645194 758243 717922 745577 743173 690003 717342 710874 670846 732318 692701 692348 732604 718040 704117 703315 727629 705565 644370 662536 687763 718611 711119 702041 700362 679398 730117 676660 728284 730605 704482 685995 698345 722207 754758 714663 691806 710848 665226 699061 650472 690116 728196 651292 750688 728617 702900 709817 692691 691279 707568 676492 766582 681276 677562 686022 771792 687309 704971 703846 719689 726729 728233 731435 676260 750508 706385 640767 709036 718420 737200 690178 692821 669569 689378 749005 706617 719997 743288 731470 686818 694485 687897 720169 686436 686035 720597 731699 711752 728676 705000 676927 708747 680062 765333 711684 725115 688829 682446 697861 685950 710292 710507 672883 743423 721556 716294 739240 721274 655745 707671 684622 790817 691556 732251 711802 676237 700701 740496 704567 677933 676044 711244 666594 691709 687256 688417 713837 727660 697676 694556 712104 708677 683188 685090 729482 686760 748530 726855 742156 767854 736933 688281 693595 661623 691864 721137 699374 715040 696773 734134 724681 709643 716592 714257 726568 689958 687860 703642 713714 712659 712495 695320 743379 691598 733001 696972 712635 683036 727897 689286 755138 708632 784340 699946 698932 689661 675817 685740 706649 784060 703828 650354 727009 700806 657301 696346 693619 737507 712297 713343 721283 721804 739666 714916 712220 729090 702799 791107 697918 692332 748391 722418 704021 680637 680525 719925 701042 775604 731166 720009 692251 682338 742824 688155 697960 711125 688502 700165 693189 659612 698898 668683 768120 712915 736771 725297 714737 727983 730033 674267 661235 704117 751225 706355 714545 713931 707536 756520 704199 713135 674616 674247 748101 691511 676354 728079 733053 716609 730093 681670 739782 668908 709126 732255 735573 732020 709474 721411 700335 674239 683452 731456 708562 773670 727390 671852 727183 722630 744217 
674180 764656 699035 747616 716626 724543 721479 760258 724878 707438 716938 694466 774814 746236 776049 792292 735096 723249 737931 756007 738521 754085 759250 755522 722518 741611 724303 738754 732193 759085 680270 752900 740970 752490 766169 723554 774820 735073 730337 737626 756371 700941 777393 759550 730776 715546 722045 743346 729621 722680 730290 738706 731519 768076 776669 695918 737991 694225 745172 741982 769585 722725 739532 726509 813701 779907 722820 735872 732221 714346 684448 718125 743591 696323 760743 736708 749273 727683 766144 739966 696878 742435 744996 715947 717510 738843 792269 733898 773079 747977 770205 749025 748854 772630 742770 795380 722425 679758 731878 742972 767038 694994 735137 715103 715515 808728 719373 773206 773912 770339 725738 727258 747330 743540 710444 730261 762872 725518 761250 753164 761003 717515 777968 742709 797275 766514 760457 727967 738390 747462 686614 765989 715802 729348 770693 752256 757561 755804 734705 735194 752700 732663 797226 713743 793974 751892 744506 724248 801926 715337 694388 683208 751142 689564 755700 749064 738168 765917 789203 731476 733500 761751 748104 712225 738995 753699 713718 780305 749374 773154 777809 767767 702731 727314 718634 703368 752123 715845 706863 727096 753460 757816 720523 761606 730866 750986 712877 741025 741006 744484 727251 744454 764908 774762 757316 768696 727776 728079 723832 754375 714404 775881 718838 824397 699408 744569 742066 682794 721265 703597 774247 723083 690281 769563 718669 703584 740791 722848 742272 718154 775766 739689 736230 728943 783675 749917 754776 714702 771674 718235 730238 800274 747779 736969 733666 706582 732196 781955 779155 763175 748016 708564 759480 783288 751257 718038 735439 716529 738081 727433 745429 723419 711104 780501 721365 724949 781973 721701 771885 787643 695148 679913 744423 784480 744373 757430 738513 724963 794369 721122 727073 717946 686773 746793 722242 737037 723414 750301 727095 767850 709976 768301 704386 731098 772194 736694 769737 743945 769935 754163 721697 734034 731237 774117 785906 746906 701676 745767 762711 739793 
755995 811075 749690 706344 724546 766959 742158 788330 762182 758880 779683 748374 816771 748794 805986 840311 768664 743233 778435 772814 800838 795350 791987 778531 754166 768814 741583 772635 754866 755439 723507 806688 783388 780018 811343 760183 814412 780867 758044 819634 765977 746396 775466 789851 767904 743442 798246 797236 741511 765945 760006 758186 800651 787200 782567 732917 787950 726063 763573 758655 808171 763191 761002 777368 819316 781771 739098 746081 796102 762003 712306 742435 810995 710034 793797 769453 766590 753173 772464 759776 767102 768186 799103 760319 779469 728065 813852 770307 773604 789017 783276 767201 776850 796327 776309 801945 754403 732411 805412 807227 809806 743886 753283 714129 773081 802429 785788 816074 817241 814344 776004 755631 778096 773571 761786 745988 760908 798823 776658 788454 754375 749581 767375 753996 829630 830654 795746 749990 759294 764561 737806 812485 735165 739252 775216 773618 776565 806050 779588 755660 798028 766713 829826 754410 790606 777093 766433 754217 833195 738792 739402 701911 756060 715618 758768 788363 770855 790411 842550 765139 761884 783180 793365 743024 759365 767320 739200 809726 776995 804311 803540 815301 722804 760400 747157 759102 796859 742420 739606 785222 801177 791493 765326 775205 753827 808014 746061 754878 729399 782843 739360 782328 781660 782418 782521 760904 754109 774397 737136 775039 757980 810261 751000 874369 723388 772935 789138 767473 763310 758408 826398 766769 758567 819086 749561 731598 753490 780637 754465 777581 783837 761965 763394 770447 775560 803930 808179 781456 796132 723399 786334 817218 787184 776575 784477 735673 764504 811751 816008 825483 808255 739886 754999 836350 786137 744039 741747 751417 771719 727879 736647 757876 742944 824299 733038 762599 815699 760578 790024 783409 744341 768608 801431 818082 775631 801788 767528 772272 791083 804191 785528 744013 713406 779740 744790 767536 778797 776267 783656 782109 757318 788882 712415 759842 794958 822071 781493 774143 781807 787957 754297 768397 796226 827018 797580 783102 755198 759960 757898 752069 
662424 737271 698080 689587 699830 691735 688439 729002 686400 680474 717185 678430 750340 740683 750337 777820 701202 687254 722602 722449 704397 720851 709467 731818 679383 721335 700657 699537 722054 708312 649586 731901 690774 707298 735896 697693 729515 706389 693243 727233 705488 684736 742696 748994 724037 708588 706810 735443 669411 699090 702692 712203 736369 721063 720199 687204 725085 694157 742868 726243 726434 694918 722517 722908 775020 757481 664776 690374 676463 700978 660251 701410 733579 634685 760476 700431 698810 672425 681231 696427 689291 685197 743916 712294 701799 707245 755202 742566 698176 739605 714325 740022 726870 734036 714987 782139 717936 671089 697623 728097 752684 683535 708007 683692 670081 736902 725514 736401 752479 757501 719499 694316 733327 710389 680573 707664 725810 718589 763024 720075 723928 703471 712758 723639 764806 732497 732433 713121 704739 708496 706481 755323 676055 716824 742768 698354 706924 731796 726243 698966 738682 689786 763952 677442 754826 726770 727894 694169 794036 678504 680480 650571 698146 671433 705419 697391 735267 725836 733281 715838 673375 729425 722953 701293 687277 718966 685164 761455 716616 729555 759932 743569 683597 702898 703561 712600 729475 702935 699811 750739 713715 743600 684482 744029 681210 754937 699486 716127 691414 737862 686975 721855 742230 760785 703652 732211 677848 735221 701291 748351 678486 732067 708805 795320 679270 717211 718188 689727 713570 692357 769439 733644 696096 726708 707258 691741 720608 700431 732890 694967 707529 711222 705666 746225 698145 722792 732808 726405 751824 674992 734135 757014 762100 689680 729029 671542 699832 694231 762516 717219 728882 680223 708054 728296 720804 684344 681233 714250 686958 680824 672418 699227 686067 766954 666866 721126 725157 691861 727888 732645 694522 691841 719027 746900 726728 744812 697892 683572 735844 717146 698275 682563 652339 753043 708130 675886 739354 717943 706903 703765 685060 737635 693397 694894 735480 708182 731715 741596 726490 742747 722835 682380 734943 712054 749424 733001 667262 720929 718779 726841 
726123 747867 718962 677813 716101 718372 706441 724240 713048 713262 736515 698667 760984 730309 768399 787715 735234 725360 780103 752726 729756 768492 747517 765769 711617 741870 735785 746840 761318 735031 678520 758092 749753 712358 793323 734974 781203 766486 702710 767789 728019 699846 775047 747001 733471 700684 744635 756766 692395 712163 702032 765534 760458 770082 728400 701650 722681 723618 766684 757418 760303 722026 745142 745123 799127 752316 709392 715520 714532 720787 691344 738601 744916 663520 777073 757763 745267 721579 773882 740463 737898 715515 787810 725351 741486 698720 787084 723065 740106 741913 746784 754612 739137 757180 742491 782802 720616 690853 739413 755237 755869 692155 704311 695408 682821 794101 763140 759453 800055 793863 733127 725361 753294 737005 708863 744088 753036 757647 750738 757863 764501 730521 758798 716811 800219 751171 774160 720675 721429 751550 713245 738579 704807 695355 767469 747639 739899 758958 737553 766490 758477 737650 807551 723265 789367 735419 764506 731126 790808 738463 711173 709137 727839 695362 759823 722203 742834 729236 766294 730388 711981 756309 722665 726898 728931 735826 738847 799771 739691 737509 786270 807261 706059 759323 742688 740468 746773 707586 727084 735632 761062 759050 772365 733420 737246 783051 716473 711780 710392 739263 716057 743507 756848 785449 758287 735506 726993 740938 745355 760565 723992 767376 731883 827861 695877 728632 750116 677883 726933 729881 782368 742777 711516 777470 735365 713064 725634 714464 772130 728659 762006 760822 738245 736476 761386 730535 755483 729827 790130 720179 722062 779390 769526 745422 707777 715215 738232 715073 771669 785335 775487 738579 708298 763024 758389 735511 733085 755072 754444 716709 713178 730327 700011 799250 710520 750630 773049 728446 749955 764151 727802 713427 749206 799969 768903 785627 770033 735227 762044 748877 744209 719002 685468 760744 726557 731765 742493 760784 754951 741474 732455 740990 700227 717987 735125 750621 745564 743547 749229 749797 713216 723661 753169 746397 814225 739040 701954 769635 756742 740677 
690226 752400 713018 688297 715973 745558 671985 720337 714177 739936 741211 698547 797128 728405 771461 805118 716956 713543 751385 748712 720142 772888 746391 775761 727360 741202 702283 751062 753809 742277 710440 752867 781125 731139 801570 738767 763694 729506 714270 765343 754603 690145 753402 774732 740341 696197 735000 764149 708097 711822 703546 711580 741659 754573 727784 711234 773595 725218 747846 743995 774097 744313 743527 746735 780034 797215 697577 715801 756112 702665 665728 728979 751634 662138 764349 732458 730828 726822 746518 742772 708820 722595 781917 734003 733086 734504 811334 700686 753372 742057 742082 736240 712600 752650 728394 777293 703497 689755 750812 766035 770422 720357 720021 685928 715499 793367 738798 765118 783890 765168 746653 719531 735481 739920 725720 707404 748341 747924 779594 754562 731526 733715 741705 737671 768176 763716 766219 699108 711271 740043 718438 736147 711874 725553 756618 748266 732291 759720 754894 724857 721710 720823 805061 714441 797718 763500 759050 731070 807603 692688 739873 689345 738185 722723 753551 739731 736549 741338 785133 725183 723470 736744 764926 711511 722828 752149 753384 812639 759306 772619 789128 768515 731014 755771 715585 755286 753823 726759 737173 756858 782742 768970 739455 784913 724853 773308 733962 724418 728376 742250 745390 742112 739799 774655 759380 748316 705477 718287 729557 751130 727092 769382 751061 812402 726847 751421 737135 711416 713025 719298 805761 714475 737888 783281 719967 679446 730137 689165 759333 721474 731254 744934 709194 746670 756201 742888 770625 745728 777186 735990 720725 796512 754379 748121 718082 695884 764271 770081 781879 767380 763192 709425 724032 761671 733249 729167 741956 728892 748964 708944 701655 751465 719861 820378 707958 733978 774720 750400 761376 756141 709365 725039 740197 787559 746522 774338 732150 736548 761447 753687 772062 723976 707718 765503 716945 736659 755225 753206 761174 761202 706349 769592 710891 720329 776178 780286 748367 775001 774842 748086 711753 743588 730830 766044 798082 742338 691828 752464 770306 735064 
686546 765205 744004 714998 705747 742464 708514 769887 716663 742421 739016 726861 797441 733894 760816 797117 742600 708774 731937 738017 746274 753954 747912 741542 668017 734729 692839 753051 733473 718595 682244 764258 739425 748725 779465 737238 797653 747304 719329 749514 745619 694842 751651 770308 712538 737296 754406 761087 705221 713292 701707 760410 732881 757344 757943 736515 763973 727751 741096 744152 734661 709287 729190 725529 786747 802276 690300 725595 756834 732882 692849 719575 787436 685667 772900 719558 772499 720702 738197 715139 721324 752126 745883 731221 726864 725530 802580 734561 736697 736153 717634 733121 758805 772082 742193 799982 731392 684090 720950 781559 785288 681251 763696 711539 737615 752803 766570 768471 760932 768819 763997 743290 759734 730926 707217 754064 763125 741904 779570 746970 769446 714413 777008 749692 810997 767153 714362 694838 737545 714632 721786 762831 711730 733559 787205 734360 732899 754003 752440 707697 761119 720310 793489 732286 790875 735092 717732 744049 819764 692982 716870 697204 730725 710990 728544 734819 746554 730729 801055 750411 727418 739985 752459 700904 721873 771538 733025 777364 741551 778798 770145 743955 712523 725869 725926 728260 741855 699894 734570 782039 755594 743492 711736 736454 725351 775515 748152 721205 712143 734515 722258 745647 764012 747566 720693 768507 715600 782813 697876 760793 716037 782358 739128 794988 728470 739496 715899 718087 739390 721230 799481 745347 739487 796090 733709 679093 716098 731710 762435 737690 734301 725502 730319 754418 744252 772562 761048 755542 791367 711950 767682 787370 768759 760283 744886 720264 779504 769326 807117 742573 759207 714195 720936 804625 725305 707147 727125 727605 717431 712803 713592 713646 689653 783649 715931 754593 785177 736921 750302 749951 730476 722357 759632 785039 780779 757066 771580 726594 778125 729099 733686 706870 708062 779533 737815 730460 742542 755020 708333 757118 716429 754077 672428 716033 806135 787161 774361 755662 776586 738705 721550 755878 747249 752141 807631 751237 722011 743730 790508 735200 
707110 775005 750102 700769 722949 730333 715708 764104 756082 752348 741481 736378 786212 748380 764866 809999 748061 722947 760843 767622 760346 763154 769788 759351 744008 733103 730860 781071 758785 717292 706940 787335 751371 767946 803110 744049 799675 750659 744241 764498 732382 746681 769608 766869 732703 734241 757991 777890 752122 742989 710190 734948 764937 772274 778464 720975 745466 692963 748895 799360 775523 766972 754539 730868 794691 793866 729853 777466 763678 756408 686691 725823 749848 708503 782004 734461 780268 738300 747402 745602 732821 755457 779201 741798 758356 713933 826889 742389 766299 745870 793998 767434 766000 762335 758189 787100 729225 705160 735522 768851 772206 720368 706763 702142 750282 797116 749950 781631 797311 787891 759685 722947 743526 790802 755517 764617 747029 765698 790620 767992 747712 722974 775107 757547 807955 763644 769951 725878 765577 735213 735239 774027 721520 742287 789738 744655 794158 773108 773626 756715 760301 723420 795500 745208 778723 753517 766874 744402 815554 753772 707301 680538 763224 722430 770023 746267 755549 750505 833279 735817 746151 765675 762843 706563 761249 774160 742424 792729 763984 767037 832450 811037 679914 757256 740304 737097 769704 724278 744892 754910 789210 789697 765886 772904 729274 813316 731133 766995 712785 778722 722868 762092 754827 776306 771244 766379 739221 766553 733611 749935 705947 777476 760792 818187 733693 733037 775063 693821 711563 711410 789367 741258 743570 822254 736406 738136 756628 746477 782319 729620 755581 749149 760468 758492 781581 745970 759335 736956 784731 750624 761084 813380 783497 736209 762071 723918 763075 753714 802887 790297 792073 725944 733062 779392 737377 760103 760035 751039 748372 756885 727148 727221 747652 784939 727346 732986 797077 756143 773033 776605 718324 739213 739164 812766 754158 791765 781994 776856 812119 779408 761601 739700 682929 781695 754131 755397 754664 753058 766247 757013 718036 766426 733292 736975 776437 787513 747517 731814 766942 768984 713593 746931 772535 777523 823740 757469 707186 771952 750273 748790 
662828 699658 710075 695394 705088 684706 668541 709153 660805 708312 691608 653616 716890 698514 753951 783415 700946 707410 749210 681272 689606 747509 713455 723533 700931 708477 698381 710110 736711 684051 661233 742660 734663 704808 738272 687311 754119 716300 690130 730731 727712 716695 721457 727010 681116 710658 707777 760313 675767 690040 694117 749012 692511 703575 729181 675200 737794 660132 729743 718679 731583 703522 745392 693093 732925 743700 663005 714931 688824 707379 648475 682311 755200 646076 723621 696966 744422 681414 733839 688685 695301 698632 740603 709473 704268 706352 745935 697531 726418 750885 721965 741492 733276 757210 686825 749725 657263 661635 710040 723300 733514 678130 722451 683985 685778 758435 713071 732975 758317 733256 706615 706529 730421 705647 690455 707779 702832 709418 748554 748428 722990 681746 697653 702909 745279 736253 734246 677661 694172 717877 679675 742705 694677 716935 733428 711617 688348 710706 731902 704016 707071 694072 751769 700241 738214 720052 707474 713582 786952 691845 683340 658027 724171 684967 720871 715784 734554 715672 767754 711392 683837 714340 726800 687310 705946 693651 716261 751276 715761 732122 762804 727243 673448 695420 685361 682677 710884 714637 699539 726070 731668 734619 694322 705943 681224 739061 693913 677466 700614 729382 695875 713612 705832 742908 711594 720982 680950 731773 681958 723658 685719 745104 696590 802352 663652 717636 710405 688855 712173 731257 760021 735850 704672 750226 706342 680970 728776 674308 751493 712256 706809 719033 707770 703462 750018 717710 717319 676743 733669 690985 692326 756096 717860 717193 706792 675052 717991 717327 745870 719913 719562 688782 695758 714878 709960 702313 735858 699509 701315 679290 652497 713464 668887 760688 667386 699584 751661 715553 712592 729450 649486 687953 696024 774030 709027 720851 707965 708803 738645 713880 709123 670532 660398 743257 712156 681421 731313 726685 735934 735920 700321 728100 700231 693878 731147 713605 735960 739077 758269 707573 698632 723250 703652 719999 770048 714548 665167 740649 728153 745228 
615254 727222 665659 638097 662408 684023 656032 681765 673715 659122 657292 669126 736944 691994 723740 749714 675507 659714 707429 711390 688974 711802 704019 687335 661104 702346 686179 700824 682632 676530 617461 706996 679521 720292 741471 675597 732109 667353 670580 709583 672797 668237 713698 699387 698992 682052 691820 705710 643143 680653 670666 691263 709433 712520 703286 662497 674025 659511 698365 666770 694009 685963 680412 700187 726358 698143 636330 647569 688214 677032 644955 652765 693042 640930 693404 686194 685302 666572 691031 671464 682248 646207 718442 675383 692219 642343 728680 664162 675818 685370 700076 672631 684982 708573 683604 746904 683917 626261 705699 681580 718252 655575 658831 618244 690465 708141 715301 683898 736176 708904 673180 654797 696496 683553 680762 676247 686257 714670 726606 722202 702212 665297 710566 699944 742703 721345 730277 654022 678046 681804 643241 694782 669721 669093 724048 665396 698395 725428 696559 677889 716180 664378 751155 646392 716659 690020 691663 677489 747602 658402 643611 643152 682947 648870 698540 669028 707786 683823 731497 689833 686099 702825 692671 660222 654790 689101 686418 738956 691037 708932 719059 738882 634777 700739 645675 690511 710684 681896 696046 670275 735711 697258 703647 703029 686396 714340 667549 670627 665010 688740 663066 697619 730243 716684 711862 680593 664272 685694 671082 701915 647678 736417 663353 769349 643636 680985 698042 674725 661120 657728 753573 692041 676666 747115 690567 643757 688723 670993 706787 655176 683794 691956 700132 673490 706905 704323 701102 700523 726794 685712 664600 723073 702355 708054 670026 680916 725981 696315 716148 737556 714157 672648 679725 698537 687103 662758 701570 679619 693298 651593 649335 683444 660457 722123 681130 695196 707121 659173 700318 709523 663769 663701 705313 734031 702290 687714 687921 683439 729808 688462 699002 672857 652957 719102 678652 683269 688611 707431 703852 672296 690757 712108 649735 676450 714365 708124 703612 689124 687076 680828 627320 680259 683721 708788 721747 680099 655013 691344 715271 688802 
673195 737010 692029 697586 710518 709295 685798 728143 714568 706155 710541 718670 740615 707696 761843 747559 751687 716584 767587 747468 735296 764163 733393 740537 744865 727741 707104 746392 742801 729893 669250 760857 725651 767487 777324 733337 750417 745971 717385 749350 736767 723634 783458 738816 745323 719994 727374 745758 696228 693895 707627 748003 741827 757316 730668 733255 754374 715274 769694 749785 747736 734161 703107 751817 767614 780836 684314 712983 735094 728492 687649 723912 753719 668169 748349 713312 731777 727997 718613 718028 705202 697319 749448 741562 730290 725384 785570 724470 764075 758911 763597 737279 752584 755132 724124 808453 680664 670496 729444 761491 751078 731224 729595 661317 716038 774631 722627 781824 783194 774505 716545 704734 756868 743139 716921 745038 736544 720997 751391 732275 741305 717185 738571 740618 775635 772667 760801 689814 731119 735267 699335 747296 697214 719855 769989 736630 747712 757262 741217 709021 746975 711614 793819 689807 760823 742458 746449 733201 818599 704573 743832 676050 687636 708812 776310 714882 718084 758168 785024 739577 711811 777406 734749 711486 705861 739109 691126 817858 758621 770666 772650 770172 704330 752907 710286 730295 735788 745550 713139 736682 758763 747592 742044 744332 696483 773802 720701 718578 725988 733671 720623 722159 721289 739704 763407 731245 709108 737910 708462 765882 698993 775509 730106 771455 703598 756803 730162 666840 708405 698963 789806 701920 704716 773870 722929 702935 728945 714134 745070 734480 745600 746407 731072 737393 748308 741990 751767 722480 777881 738855 736674 774356 728429 743174 731853 704108 759483 746828 761417 755939 768206 731050 708613 756204 736779 704868 732514 745868 718044 679252 703343 710700 681762 760803 703368 750894 745593 716991 760597 766703 706519 720408 752807 772301 751382 761688 728498 735180 752313 706377 744994 712628 718323 769905 738326 707316 718911 775278 756898 734941 707973 772440 712640 717807 749689 772180 762219 740511 770251 727374 708466 745309 734579 766619 820231 724293 718437 761775 746829 753439 
717435 723096 680119 677582 704163 666487 665152 710323 692646 675171 711283 716311 747554 745765 733436 770633 704316 710902 762863 713798 713991 736662 748885 723198 701612 723256 677162 714253 719219 694410 665290 739846 735957 734714 759431 724143 755884 702729 708402 730174 732975 690604 742689 725736 679911 730429 747812 724270 697911 657562 684609 722305 730058 729498 709812 675925 737678 696899 743861 733674 732203 710580 725210 726488 752859 768256 705011 703670 688815 726342 678774 696453 707395 657224 732230 708518 727555 699936 754483 669756 714398 703895 744558 725951 741627 709876 754869 713581 732870 730931 714522 710055 735407 731296 732427 766390 721945 673725 703944 744306 746024 666150 691957 684463 698767 756969 740725 741167 762156 774964 698001 706059 717321 684542 712743 716686 687618 731683 726511 729962 707339 721253 724137 720347 758561 741619 742992 681038 727641 711029 698485 730334 693640 704895 725763 693362 731155 755285 726263 723260 728082 693712 765805 720256 756934 728792 714180 706241 781984 683219 708030 653788 726904 687059 751877 703644 743079 719381 759898 710434 723517 723313 732998 667815 709894 741668 721079 783348 709032 743152 734648 743033 664211 720203 701514 687493 701786 708667 713484 734871 757003 727797 743919 734209 696278 776486 710678 721338 698101 738778 713085 731110 741017 745318 711311 735067 710336 726238 725055 696032 666488 766989 708250 761594 684620 725387 712443 675621 721951 712537 735897 718491 682870 779237 704193 683912 654042 695966 719811 696595 696441 714541 728929 743303 730466 738537 742898 704152 783208 677356 713699 756468 775090 735668 728697 685667 737462 684684 775008 744038 737242 710605 678710 754785 704967 721386 713439 690868 706958 688896 707092 715294 705122 749169 682930 722223 760592 712627 726730 750932 710196 706481 728649 751033 752771 737653 745017 706595 758919 727580 707851 724792 683251 743617 684576 702261 732523 718387 701685 725461 697312 733688 644655 698211 729075 741711 700063 722257 734461 735213 689357 688712 728438 726692 775938 727651 690786 717932 726313 694089 
722916 738753 709684 716021 693139 700081 692189 741667 705382 700376 727284 694217 767771 746246 762734 784444 715696 715730 734103 767664 723919 749710 732371 726954 720894 753777 727466 728639 728286 712001 694772 759591 761101 761633 787920 752946 767100 747073 724273 741167 716669 718344 757511 760163 706327 722215 748418 746862 706741 716045 689968 722697 730675 767121 744820 732132 751862 730467 783811 771208 761898 759395 728317 746341 781536 781180 709583 734029 747660 733323 677643 703174 757871 675570 773885 766402 740685 726713 727530 722533 739200 728669 765827 715313 704776 727603 794732 735511 728227 768510 730884 753856 759566 780691 750048 776772 725761 710402 745057 747697 779952 709990 734288 689287 707479 762768 773881 775314 766262 790317 752724 686395 747272 722353 726408 727341 734436 722084 779938 743821 734161 723123 745679 743981 795739 745567 758346 728069 730085 739783 733762 739723 698299 742006 778892 741260 758825 761987 766507 719256 765377 721608 774581 674864 788673 747923 749138 741277 822948 721336 707403 680858 737201 690938 753637 721027 755365 734049 778423 742129 706746 752347 758210 720227 712547 734300 760373 801269 752111 745424 789085 769483 697324 732983 718702 733191 740157 722813 732666 764022 756306 761120 762758 773096 728138 771474 725756 746324 720896 739940 726813 767090 758897 767156 760183 730806 727417 715877 720184 740473 734210 758695 742934 808930 719031 758055 742358 680975 727317 729141 789540 722131 724671 802751 738678 696983 753082 704167 770775 731428 751123 728294 734359 766752 698047 759799 739636 738505 772828 712046 718684 788524 759268 745510 747042 712112 743965 747035 773329 777456 735381 755056 706110 754820 720336 692743 732002 740758 709822 717949 697837 730201 706715 787078 728266 745753 763142 745340 730764 785392 715338 745963 752405 788996 725477 783654 738686 748497 801848 750446 734267 738800 711225 776418 712138 713531 758872 759622 766918 757906 705560 773979 716969 733971 751258 759588 745247 746440 756345 755859 710120 737368 735344 766688 798889 751404 692110 762531 751036 720103 
695328 745909 694754 679722 708673 739527 711733 732446 701329 699863 735449 714731 763224 748805 778192 787099 755819 718793 780865 742449 746680 763354 758982 746645 709034 722037 714673 745898 729999 714026 707245 736313 722319 724167 779881 735344 784654 719238 717290 735816 726778 693611 747624 741371 729079 711731 734832 761238 714700 707917 681736 758087 723462 767982 727599 707745 722426 689082 765005 727315 739660 741175 738976 725840 796071 759815 682729 705150 740961 707233 686927 714012 726758 676683 737976 737688 733877 684217 710481 706815 722274 712359 768530 755289 751105 705551 798904 733869 698602 748423 747097 748993 763445 740685 714661 779179 713062 682746 744021 762337 752366 729115 715546 675899 714578 766507 748809 795631 761571 761205 731142 686914 734367 730755 723004 704780 746826 747946 756365 753418 726385 713007 730661 747786 782968 777376 727668 719131 717151 740087 714089 735143 670638 720905 768125 727526 758479 764292 766090 724109 764485 698515 793934 697881 767642 732312 742610 722576 814386 707176 711400 671363 722216 679754 761148 737884 743485 747322 762047 735234 706107 762117 755277 713234 721608 722478 746842 780435 736220 746795 772393 794371 731430 717561 720789 720138 733231 713990 738675 748772 740757 757234 768011 763338 721711 775219 739517 727418 692209 769073 719740 715597 738155 721931 749863 733696 741607 741450 677045 758214 696867 770679 721624 781056 679336 727710 729180 700791 688745 738321 812030 730149 715511 755899 719804 701442 747017 722410 732235 748703 712955 709945 716855 744507 753631 739004 757766 733528 752934 714838 733859 782889 752712 747783 752446 700057 761170 722561 732112 756345 797762 738627 724640 781733 749595 740705 722467 727828 706606 698953 678343 707806 681346 767351 711770 726684 763550 713839 738251 772528 690182 699162 761698 805743 770076 771588 738559 724508 760106 723803 729483 713697 670675 744304 719626 737852 748408 761202 751882 748604 723993 772735 705902 720715 754628 764805 763364 726956 766146 761436 703286 737920 746883 753752 783695 729521 715963 744480 718900 689346 
682777 739871 732889 699497 734961 715536 677115 733481 705950 711029 727958 694201 813976 745899 766096 779232 715643 698960 768891 749012 745460 753382 767646 732602 718216 720312 708778 735831 771907 710719 663876 768125 740714 753193 764227 710801 777712 740831 734354 734295 739690 698342 784901 776379 724433 722150 748016 775700 718576 731809 714667 757015 755893 759300 759674 717483 752407 707361 746077 727610 750320 739199 762077 734970 805944 767839 724665 740148 734430 733984 654247 705510 745705 660341 752449 725302 747504 727874 723005 726958 733115 698874 750936 736464 745477 699241 785441 725276 734853 782910 750752 743490 745511 751997 709990 808606 702670 699687 720800 748326 774484 711056 735966 690742 695124 758390 775924 773957 784872 746979 708845 708723 742130 720519 711431 735650 748873 752510 779726 746576 745008 733875 734608 738548 786514 766819 778470 742872 736739 737377 711689 764105 693737 699868 763873 720920 753803 747615 762588 751043 752089 728930 810350 681737 778868 745045 741309 722288 803928 714267 708801 675683 743346 668561 762378 734434 742379 731578 764752 727140 725105 727464 753182 706842 746730 749125 721334 769498 725657 776786 782207 784138 676550 718639 711196 734970 727235 715298 720620 767397 777852 773186 750963 740234 721771 769479 733726 749382 698347 763863 720068 765385 740932 771482 744617 742236 718880 714676 737297 736945 703923 749143 746821 815314 714919 737778 728358 717808 708306 705308 771316 707508 746156 803998 734861 712990 724721 703198 757245 722028 752338 722645 735217 771017 737007 737280 755216 724778 776050 724149 715190 787152 757481 744950 730596 711094 737038 753613 793694 736310 743458 732336 700584 742554 726354 731963 739535 737560 721211 728001 689489 703919 726968 769495 690671 737612 769862 726881 743205 774982 710954 711658 745074 776026 748353 757143 744353 746798 783094 732342 749549 700444 687446 748921 716293 742257 788592 757129 732864 762187 726202 759488 723262 727836 769887 769775 734530 730718 776149 755456 704097 741371 707787 762701 805375 737987 728729 764723 770880 737395 
710857 759157 718070 697591 732354 734468 699690 751415 734814 706079 719915 677499 786810 757557 780156 815174 746578 702246 752052 769243 765672 757664 732642 765082 713892 741262 729905 760373 760848 746089 697914 740740 759791 747824 792752 724321 769548 767573 751528 752608 734923 704542 751577 760510 723138 712125 745527 758270 737661 720643 725020 731451 746149 786065 744110 740294 771323 748793 795423 748595 753826 746772 754643 738499 806874 789435 699174 746763 747961 743236 717658 711447 764385 672962 750283 753408 728369 719894 739482 740519 747483 743489 792293 738165 743145 723397 782823 750032 757403 767715 767399 746139 737962 770543 736164 809068 691944 719961 776069 759857 789970 748016 755710 718130 718948 804977 771384 807609 789494 775460 764934 715964 747795 734885 713938 725903 756731 761626 801176 759962 748754 746004 730613 756187 805195 795438 736345 743738 743752 788283 734290 765720 660146 755465 782493 748088 758127 773638 729707 761521 770634 732272 814155 732515 785053 753955 729951 739187 800123 722101 711490 686409 751296 685955 763020 739648 769096 744847 798409 723329 717967 745502 730225 716927 753260 745860 725127 787576 757962 733527 840551 782286 714961 703684 708206 733810 759531 706499 683251 764733 755477 780624 751139 728140 717273 777720 746934 754107 713246 776554 729621 767513 768183 779025 751643 734408 747706 719077 747253 761547 731119 765598 741798 811283 728889 737670 738555 713409 729423 740918 785191 744684 743668 776248 719343 734112 723228 744675 778155 734832 762918 754690 756288 777165 749995 764600 749927 732999 768918 738496 753321 790294 766354 756929 733179 719782 750452 755096 800175 745914 776536 748132 730945 756452 766983 748724 738352 756406 741729 702166 714997 735610 737999 811116 705381 766830 790655 748963 762876 772707 736277 747565 773526 801885 771294 774542 744117 778566 789785 755404 775259 706781 697219 782190 746517 738913 802487 770417 773052 759292 721494 773538 729652 691333 782353 792829 758692 767894 758298 762461 700388 742857 761678 779250 805955 749879 715576 778378 748758 779059 
729387 809094 758842 741202 736675 768146 742471 798978 752063 770582 805294 745944 804437 809841 826199 860663 797548 797623 812042 786867 801035 805380 819301 807032 760326 797422 767946 782273 790993 785074 726954 795319 771276 802223 857403 800024 833325 781569 768967 833568 787015 765864 800021 835462 790790 774631 780463 797344 774931 747204 760391 793394 786809 793481 782083 785091 814805 784987 804776 782792 790790 770330 782321 774156 848956 825958 754384 768706 772132 769415 719939 760826 798008 714313 820845 774369 785633 771828 793573 772255 764416 751377 795643 774396 752912 763305 847119 777418 817258 799413 806858 834645 822475 822513 787244 826356 747517 725081 825428 824080 831558 772897 755835 729603 791409 804704 809768 813742 851383 824987 785130 779335 813459 788402 747667 767580 785610 801005 820297 805265 786814 744160 775131 780973 826407 813984 799595 771131 765757 803025 768799 818905 750193 764686 801198 774895 807195 823738 814233 788999 797416 748557 853185 762728 826190 815177 793343 757918 838949 728655 782293 754626 767429 750414 793592 770701 783599 783550 825699 784992 755840 803055 795309 777043 778549 800104 770899 840946 804618 820138 845396 808073 777518 800547 783781 816445 810703 755945 770455 812721 822780 825049 788528 802677 753361 830558 764415 767477 749841 784201 777441 795287 803006 808120 793591 793942 763029 801656 765985 784207 785726 836472 801600 844572 742503 799808 799145 755831 773618 772280 854695 793306 756524 824934 771617 728563 783427 780949 791261 794059 765583 805665 799170 808189 791054 794195 799790 777612 850658 750143 808153 826916 829451 816514 793516 767107 818980 800384 845756 816799 823751 780349 742921 833277 822866 749444 786993 762891 773635 743786 755691 769636 755299 824285 769722 782605 804145 792312 808601 807783 766065 765103 795049 824092 796614 816214 776302 800031 861296 795281 746245 748125 742409 825693 774926 762579 786552 785189 758548 771767 780378 848116 755641 784401 806860 802997 784249 784527 798636 813940 768148 770916 785062 800392 857476 797940 754781 821927 801549 806554 
679412 734831 722148 680966 681272 729429 700349 733757 721328 732657 752496 714822 774226 742236 772153 756373 738131 713736 779827 734720 738728 742151 736726 744651 693951 742765 710899 720707 739974 717195 669091 765075 710210 745958 758487 738592 794467 721411 712472 740590 714970 704587 763243 753194 720217 732872 739367 746502 698932 705730 693525 752422 739405 749055 742107 702299 785528 721129 740472 739350 746466 708743 733544 724228 777468 751246 698417 723351 725698 718076 699235 695347 724507 680877 754928 726487 736552 702792 735604 717600 742086 691503 797403 714220 728684 715492 794389 685307 731246 764038 770034 733040 756633 754642 721524 784280 705596 679805 723395 758060 747714 689399 706166 677486 698074 797692 740896 757428 785284 783555 771731 704669 742059 740370 729028 708767 713387 733367 781532 740585 756863 712007 731165 754016 785576 779739 725710 694969 722677 742472 703646 725233 676464 707289 750657 742062 752685 743120 748738 749214 737610 733623 783068 705310 780199 775721 716016 713784 804741 732501 713544 670871 725507 694495 751876 719647 732838 735055 768134 716847 740440 753316 731376 713578 718285 742254 713324 783166 740414 736344 788548 770734 662779 748865 720493 722166 757029 720777 737720 725491 744825 740932 737127 736856 720378 774818 714481 728505 679650 736930 710221 730303 758897 735927 738971 733090 717634 723273 699932 744187 701889 796352 738602 806223 729805 759328 740445 688366 708322 701345 777576 705044 707860 754599 710788 708721 711363 725050 771692 740071 718355 724903 739246 727551 747063 710216 759702 692765 785778 723631 724397 768672 747863 722613 739942 744413 775632 697718 772868 743507 749063 737572 719015 772397 720630 739859 734807 720846 714907 702300 694927 712979 706231 767318 688904 734597 760930 734017 765864 769668 676453 712987 725042 783249 757751 769804 764737 744563 756026 710939 740427 714397 692078 741922 715023 713995 756186 746005 735485 767253 694542 768268 705012 711288 766763 769208 734661 727538 758672 755765 728052 718158 741271 743614 802894 717263 682731 739201 747516 744570 
675363 742984 648493 671731 692869 689242 654291 695560 677744 688546 708316 656194 727497 709579 745610 756934 737230 690887 744087 682252 698850 733463 738526 693816 709873 704573 670088 703396 695105 684519 659724 692750 708195 723304 747816 697780 731185 702265 681722 712469 718016 664147 723394 725865 689295 704288 708327 701792 649354 680428 641866 707071 686724 739529 708760 685089 696744 692643 731376 690458 712801 692716 722619 696396 759637 715266 639857 682173 681600 682264 634508 672220 724528 649168 766152 720461 721734 682105 727487 658768 695358 649621 727634 680876 691498 690315 751707 674732 719540 692235 712281 705348 720741 715163 675012 758808 662073 641777 719018 748719 730755 665242 693186 630684 684316 737443 716690 728649 737284 717358 690856 696233 723391 708976 688983 677674 716558 708080 734096 727545 724737 681480 688352 692740 735104 742473 728121 683621 656924 703790 661370 712377 661306 674953 734238 700194 687385 715735 713453 674912 708342 682239 770456 681263 739374 690713 695625 698462 771017 685370 681585 627526 707013 662210 713016 710507 683604 733323 743662 725087 705456 734465 691471 686972 685008 708770 706595 746210 697544 726973 735831 741730 642984 696575 691573 689176 717301 676084 704542 726902 727840 732325 730925 716800 703180 736877 680434 692470 683365 692291 676976 693105 715822 743697 712420 691479 693907 698410 687604 722621 690964 736759 681092 752944 660333 712633 706928 665745 689126 706440 745332 688356 678675 753337 674988 675836 701838 659842 700841 695260 690886 701648 714949 713764 701432 724770 722294 706558 750482 684927 709170 754435 697910 727935 705362 683819 715927 690957 735289 720812 699764 709519 671246 724814 718811 700949 732348 694852 704160 672547 652206 681399 629470 750051 670821 709277 719194 696251 719178 720680 686028 655535 716690 759319 711022 719557 693365 679633 727407 721789 700385 680551 657362 734834 697633 684267 697518 719191 698057 706481 683067 719181 642988 663852 719894 730187 726626 708077 710397 701482 652818 715122 696208 749512 770564 716286 660684 712131 683716 698378 
674893 741960 689357 695972 710170 680705 692631 708116 668415 708847 708956 679471 761911 739525 749070 767698 731179 675020 725549 732181 724481 758093 721785 703784 709871 706515 694542 737804 718801 687925 668925 734433 707978 735583 782031 736669 739549 716286 710104 757279 708937 704680 735386 717636 719306 687745 735815 728193 681205 717228 683293 737123 730164 730873 751534 722457 729616 710896 747370 745012 730399 716979 718410 697013 763336 740793 695134 694611 733300 738474 665564 682192 742062 690439 742953 689071 715435 691516 759378 695734 723177 700979 764475 739079 711281 682156 784280 697833 720621 730314 722776 718460 720685 749217 723563 780238 690579 698325 721064 763790 762324 675852 695723 662825 683090 736000 716545 762594 746370 749665 699570 683661 722891 731156 686403 695574 728547 731147 754620 758304 710474 722470 724244 715034 782873 756108 728184 701270 697517 720874 712929 730501 682388 717982 766365 723100 742789 746788 743764 700258 704593 699694 778572 673708 762053 741430 733290 701828 787821 685499 675672 652915 687220 680309 717626 712654 746959 720982 745117 702303 685511 731145 708222 702189 706894 732759 702753 776013 732660 761535 741772 768535 706174 706041 690589 691675 723379 711879 740035 706937 733419 730960 733872 737430 726665 737386 698680 716176 705209 714872 713281 712314 727694 714080 747999 715744 694989 721507 684653 723171 684393 789477 736115 764658 686893 718332 741580 668088 682074 708955 754212 709437 716416 774867 698889 685242 707668 682948 766334 720173 738959 714502 703970 718675 726510 717348 739816 711802 757726 697735 704911 782068 744140 712393 727059 680907 728057 713094 751253 744068 724123 691942 734057 782053 720803 712102 714477 693735 718915 685374 701336 736675 673775 746512 685308 718314 752027 709203 735809 738268 681571 728621 708005 789778 716874 741102 737432 719047 770383 731262 718025 702126 682708 738274 710524 705611 718546 741470 733824 737683 689943 741035 710094 719273 739157 721622 760845 745017 743736 725540 684855 700940 719276 728721 796176 700845 707246 743692 736063 713836 
699461 768091 709181 703188 721279 731477 705162 738350 732382 704135 744976 718119 784994 741439 776769 819832 729428 712883 751108 743376 727923 757160 710310 732626 714556 769669 711713 769966 732788 716892 682981 760767 746399 752078 798189 748756 778881 720389 715646 746157 754222 681293 767148 761829 756283 703708 745599 769653 712074 709406 712127 707135 721300 758604 745084 698629 743499 704708 754811 777206 770028 747212 760603 717040 796491 781927 696669 730929 741653 720912 707122 718977 763427 693291 761663 709448 750790 724604 743743 729893 715582 736904 750053 741354 715040 705261 808044 763405 759545 746952 736938 763011 739299 762136 733390 794225 699870 681462 768501 751923 772377 735891 727082 725718 726259 776570 758709 755020 756209 793613 741406 750667 769192 756822 709977 723299 754395 747087 780499 742699 726781 718597 756360 738986 828794 759833 770275 730197 728142 746560 713647 769000 717884 741808 765561 730506 746158 788526 746550 727907 757825 722635 803122 730493 781403 777184 740725 744044 797393 733651 716907 690570 731132 683209 763079 765224 724563 735186 786053 763748 713408 734367 742095 698175 758662 755231 766627 800675 752721 756196 758054 786500 704488 702813 729985 741862 756925 721474 732261 755127 781604 771381 730522 752452 715427 775277 745978 732509 718731 765650 758709 747791 762911 758301 757647 765230 705628 734663 749189 745790 718052 793077 725099 826421 699833 761278 733116 702359 719686 734157 782428 726057 704404 794047 729903 709044 740270 732845 755130 728362 744155 750483 770743 744577 736666 760110 740506 779639 775954 683826 711002 776495 780414 751551 734817 704532 750126 743129 797361 781889 765983 705568 738927 786436 735818 744409 751599 725418 732484 697229 748759 726275 710858 787870 721468 721678 774694 728775 757082 751050 698079 735362 759287 798319 745246 787949 752751 751282 784933 749319 750950 726697 718429 765828 721119 741348 728074 749756 744302 728964 725873 747984 696644 718455 772990 755125 754325 755939 749041 738987 681732 766936 727954 755551 782356 765924 710608 758608 753906 748357 
708772 793061 753532 719645 775570 763386 744600 762922 731992 757670 752268 737768 812334 795308 805167 820904 791762 761384 789479 770345 776154 801563 777547 776390 726097 766915 770366 778226 779870 765184 688235 793802 730491 805130 835284 767913 797618 769266 762325 762745 766395 771278 801993 802657 733703 741331 783373 789324 749439 761622 747371 781663 772569 797526 768646 761641 771708 773532 803883 830825 803134 728708 770049 774419 810635 801661 739669 745695 765233 779974 723246 721857 775823 707122 824631 770910 751466 759392 795255 736773 762304 755274 796677 774754 764065 733669 826715 752739 800911 803400 777646 768571 782936 809762 770954 827568 739717 731562 768988 789257 840985 732465 741242 710873 741746 803446 806214 832560 827061 791040 782988 728319 765689 778487 764547 762217 789693 797149 808415 800049 765223 757550 778105 745566 830115 790965 783821 766226 742940 774754 759325 794520 736703 731387 813943 780147 806400 797972 789831 742315 783641 759293 829412 738371 803181 768434 778669 783079 833957 723964 752478 724888 730600 709976 773991 790865 791890 754695 838944 784574 756385 785077 774926 743872 767044 767324 761058 824012 795999 820012 840993 801620 726294 749962 739286 772676 792881 766357 760145 806049 777982 777165 774788 810071 742459 782184 736203 768905 761131 770204 729506 785363 774927 794982 803769 764991 759192 768884 753472 796516 758676 832185 788785 811220 736955 763958 766815 741135 725117 776474 842324 754564 737851 800704 760676 747579 731129 783557 778813 757915 787580 788038 769274 771359 766397 800154 781027 771766 808117 767608 766728 818839 782581 801933 788888 739833 772681 775388 800148 805454 818495 750535 751842 800617 779550 746738 766698 760153 766863 726496 738123 760734 761027 809992 729521 762736 794262 775633 785261 818213 751095 755785 787136 821244 798073 786767 777493 768528 820785 774157 771755 766002 731369 805818 766215 765454 768133 810551 761450 781993 761123 815388 750730 749295 809275 779732 801279 795579 800648 767676 762982 753746 767433 792075 831537 791724 728907 796786 778593 755777 
668289 743443 737677 665112 715111 734886 708757 725795 709153 727734 761346 689876 761229 725465 756340 796494 707624 720068 762842 720582 741136 747435 748241 752773 721404 709096 694705 735817 721916 697023 640450 752533 737710 745744 745316 739379 795098 725566 717264 741950 742719 688024 738869 752084 745800 709857 749850 755046 705098 709237 710665 741006 745591 755099 748447 699505 768266 722849 778284 753598 758950 719754 713385 730929 760282 771945 697538 736109 742559 748670 679782 694281 755365 677648 791570 744330 713776 693479 717247 701555 703139 746773 757729 723617 706768 712960 768172 749513 742307 742410 735943 719767 732192 780719 736768 783929 689483 685253 732586 739202 767420 704956 730950 708157 706512 757508 745768 797973 775397 754437 743143 735279 748416 727835 698861 748934 744596 748739 787660 734142 732149 702330 737540 750250 769883 756896 745899 707509 731779 715823 708830 768712 697716 733785 741431 708017 736245 764867 768037 723513 723791 708854 793413 738057 753326 775407 739526 747255 775632 691877 720435 690089 722911 677192 731247 743633 771639 735883 778214 709412 715277 723356 737367 686163 718001 716234 741506 781927 740175 717288 791707 751816 700649 717385 727902 710538 734540 733856 708271 764160 731874 751576 713003 749738 698437 764090 708444 706443 666417 727506 723327 767659 742331 770893 751120 760054 706292 713623 716663 736374 716336 746498 729765 791281 706810 747705 730832 680237 727906 718920 788399 762981 704669 767549 725315 696489 724808 723624 750836 740904 740114 719043 762558 735549 734459 754705 759534 728688 783381 727905 729549 785335 745298 721081 747518 678412 738029 719602 790063 754007 752036 721844 705857 778802 729444 720266 717699 736169 719941 726473 708777 698197 670709 758481 735166 724238 736180 723597 741943 763653 704219 736761 736510 782789 771172 761026 730703 715713 774277 727613 735335 720513 692372 777305 717687 704981 742310 717184 736884 754520 715399 769387 689192 697134 743807 740763 732172 732883 743056 731240 711848 707878 746230 756107 783039 735418 692992 731631 748573 742226 
656460 721941 689348 702637 694270 692382 668672 711553 704204 689264 707397 676560 761141 722653 723069 745587 703790 651470 728506 714768 710871 746390 752145 707957 690770 700749 667035 694566 682356 704167 675129 731009 700793 709434 729276 682320 730628 704695 695557 745903 706820 664767 740428 737837 699857 677980 712508 738206 672751 682906 655416 736338 706922 713436 745871 694983 735468 682658 731579 732867 717034 692541 739222 713898 768169 740019 683420 718944 680740 711392 666300 716863 725718 669032 763446 698263 729541 693272 745459 705394 695115 713351 736571 724369 699118 652683 752017 675563 731905 732218 718097 692607 711793 702372 689976 754100 708123 676692 718832 742478 714070 683584 678263 682568 698130 741498 746888 739664 730832 734082 691943 682165 699293 727141 688819 705282 725498 709116 731662 716749 729402 697807 726676 708366 759055 713478 730932 682159 696747 688679 682621 744769 677038 694940 738375 722527 735112 708450 750754 710750 721098 700940 760930 713309 777815 725352 706306 694170 764984 671206 685134 643714 721674 686610 712341 716752 703088 727830 749552 726752 682644 709685 717798 705855 710970 727028 698485 757112 723477 733680 747213 725623 678736 711309 705236 709601 707898 682695 683102 719313 742666 718042 711164 692980 718169 741768 703542 687578 699143 733046 716066 706433 736259 761223 704513 753916 684472 710095 700789 728728 679857 748006 709017 800729 698971 727686 729966 694402 673162 710724 756243 689784 705515 757485 710916 635073 728822 691546 727656 714763 733381 725700 730615 746936 713577 698037 732088 687419 747750 697335 715516 742749 721747 719971 681025 696225 685023 722912 743321 727969 720991 692134 712789 743811 724047 728890 695357 710392 705095 678932 697177 708624 670996 772067 698988 727888 754699 718358 721457 729226 695688 687106 732807 724495 727523 741418 726742 709948 729215 715406 712783 701682 666066 760363 709993 715910 706938 729645 715953 739838 694367 733971 664554 702119 717384 736727 720833 718032 764190 704501 682829 727580 733232 718359 763198 716814 664737 720295 718860 724173 
694764 741956 702359 712386 718850 720649 698975 740172 702601 723007 738548 702533 765049 730006 757815 803575 742071 715280 763560 760362 743428 746796 764580 749322 693998 739208 730628 740100 752680 740123 683573 758154 730062 765510 784421 710153 774229 745761 741033 758834 750362 711109 789059 776315 776688 741773 756555 758720 716597 739254 733497 732399 760272 760367 749990 688550 764615 711962 778610 765380 796684 752283 745079 745456 795472 773819 715248 722202 714682 734335 702849 696132 743884 672498 777712 728407 736032 724041 749782 735435 736310 722024 753900 735970 724117 726896 775433 709976 764141 746837 739190 727458 749495 746673 748919 802364 718440 698844 720318 763118 770772 717417 723297 679871 716510 779852 728301 779682 780365 780792 729305 714008 747234 761290 705478 733721 761347 765106 763431 747230 731077 702982 764728 737627 783841 768754 773702 745250 726749 754583 707920 788010 714597 716810 759663 716583 733436 773952 766772 716608 780917 742221 787686 705574 794712 766990 737725 747587 811149 691963 717570 682368 737491 680694 746264 707066 766639 732886 780383 740189 764323 769930 739581 723801 715482 746612 720894 784622 739230 765828 791030 778134 687743 723220 726897 713122 759943 726139 721116 746962 792609 754975 716455 756930 698572 786473 708842 748732 725537 749809 719241 746138 756084 760289 754976 770707 735912 723962 719088 770879 717832 783240 730413 805740 720591 749698 733371 695785 714714 729319 796635 737103 735709 800649 738680 689525 720508 720602 746292 717718 751252 739606 743127 773945 730492 736034 776892 759154 783603 725786 740295 792486 750352 732393 741767 691688 760333 754469 774363 744903 788505 758984 734079 757304 759543 731351 738978 725756 727560 703689 719407 729336 714151 792344 701038 726165 772822 723822 757305 770928 712010 726833 754424 793038 759402 781541 740464 775150 763690 749766 743746 718545 720111 744903 715655 721344 757764 744857 735301 750505 729562 769006 696152 746644 760186 748806 749573 751114 763709 760161 735402 719086 759433 753134 805692 747159 715738 743888 760210 753006 
650169 741496 692473 706553 708523 711673 700732 715617 716604 681031 717079 687919 757309 743400 768838 777158 717098 705891 736219 728273 714703 709577 737099 730331 673067 702223 731176 716950 722325 698714 663133 771145 721222 739812 742446 722170 745992 699205 698769 740931 719409 712291 761048 715674 696806 721931 725981 773106 689552 701200 691735 734154 737393 724543 727406 697384 740852 695983 744007 739687 739444 705614 711205 716903 762232 772892 703505 707667 693139 711983 663903 696331 712096 664074 746767 708035 727322 694771 722932 687674 687919 724320 742891 729964 728552 687425 771906 713863 754679 774713 741695 739067 735355 760186 715816 782850 712283 674295 717474 733269 729735 663904 701887 685889 722472 738706 736293 764022 780607 746748 745768 687466 763778 728411 712325 734033 729685 745176 743090 741832 721917 700745 734540 731385 802690 738468 716821 685165 712326 708833 687615 730713 698024 722394 756892 718063 748427 765212 732590 712520 728418 712506 801666 699039 735131 736092 714512 708163 787732 699974 681618 645453 706810 698877 745290 733480 717063 714305 771709 699019 691651 731836 694042 713890 709060 703886 723020 768198 748764 723784 756893 750104 676641 712165 682081 708332 741114 703353 711286 735568 750986 745135 732348 750229 712351 764900 700221 690448 690553 732894 720002 742731 724742 728366 735271 755125 705089 695818 709767 726095 695437 767936 709627 788807 689776 725506 735025 669568 700970 688102 755330 723962 704186 759891 691333 698644 691223 714022 755162 717828 735668 711035 709874 719665 722665 748615 730277 712508 773075 709900 715602 767306 750156 735159 717704 691603 715716 731314 779050 780352 749915 712747 713797 731720 740289 699504 734552 705892 710328 679903 699468 667835 714998 752540 691055 733720 756743 686286 718674 758857 694279 704289 709932 761205 730382 725754 739613 754449 769942 751939 728980 704974 687911 753355 720595 703176 756173 728493 752546 734945 703087 742545 694295 713892 740619 739471 715404 741011 741454 721367 692925 720708 722105 739529 796084 746582 666503 757899 743641 746901 
689737 758922 718014 683112 707983 702416 725894 729243 708099 724012 752608 746467 771409 742105 799116 814197 751843 701778 772096 749357 728291 769766 745230 742509 704527 709851 718192 764853 720251 738736 683595 792942 739689 784311 784825 756090 775504 734596 724404 759265 721243 701144 760464 766372 718098 726483 738659 757964 721559 715255 716637 783260 763045 770018 750210 722522 782381 710928 722532 743777 740630 759436 752390 735744 775648 780630 689973 711301 759550 701519 680436 723724 748272 676181 768457 763974 750713 726368 741044 730739 720328 717567 774026 749048 751696 731369 786245 729337 774122 753887 756456 749037 757377 791677 740807 782368 719995 692265 764831 774429 761245 724829 753505 701593 733378 761201 751501 766556 799910 806914 746053 744364 739325 750860 712061 717174 741028 741277 765594 752486 730200 720312 730364 742685 822717 790446 761306 722272 717245 741734 733909 755948 710905 710822 759033 770338 766281 770766 777863 727319 722700 729163 830127 726013 785351 748557 723658 714945 824331 713291 717540 698550 729349 708137 737080 728752 717415 734955 781338 744779 745954 748828 757298 732520 725712 769262 714172 774976 740804 777531 785858 777663 710231 735866 733946 723142 718716 711785 727587 748669 790082 777622 752459 761852 702534 765120 737275 762202 726299 732933 712729 750069 729764 738441 731864 755464 725227 732978 698749 764351 719054 749978 707917 804982 694890 734714 744232 703806 734780 727931 795327 714737 750816 761276 726234 715046 731647 713383 769843 739875 751886 733882 729613 729140 728480 734260 751709 749938 808793 714620 750348 816381 788396 739319 732772 719373 752388 745718 801157 776723 769800 728052 728366 760149 751954 706103 738702 733000 737453 718375 705357 685021 730451 783074 703306 751685 753660 710693 756165 757679 692099 731786 746102 793294 778683 748212 760672 776649 785362 754642 747098 692838 693201 786402 733899 738177 779739 774903 790701 746558 708777 772570 723022 731053 789058 768113 751637 754301 761761 753918 715748 755016 768438 780809 800021 746310 700764 775179 761455 706445 
681447 742890 702511 699638 699987 719532 712641 727874 713281 672494 719775 699554 766631 728746 783127 769612 759932 706687 741894 758857 733292 730636 750433 720736 695698 725811 700538 732173 739455 723930 659726 734293 737015 729157 773514 711566 755328 724668 723195 720492 735360 683251 736661 759905 723975 717699 723886 774536 691633 686342 680347 745798 731001 750646 739720 721598 744234 720458 761535 744930 748644 721751 731503 738531 798384 772022 692967 719915 718709 703234 667639 716979 732601 661531 756918 759337 721407 703247 703424 726591 704701 706561 744865 734792 718413 700097 800349 726926 700553 749390 715449 733011 759404 726981 731228 771675 718742 679795 729902 761190 744768 691523 724821 675941 718165 780381 748642 742798 787492 751080 737832 725139 763290 712994 699568 704237 755505 741129 798439 749156 726892 710990 722319 751338 770891 737751 730496 721962 697487 733360 697973 754303 683489 699605 736269 724368 723076 753480 753986 736108 738603 715179 801639 712844 797134 747488 743059 725717 781345 724594 700357 685911 726034 666038 739939 718655 740974 752436 779079 716794 722918 753572 735115 685884 703778 726747 751662 746397 711029 748352 801739 767879 700883 708162 714676 748354 738403 700172 714083 760567 767303 757145 729975 759259 706773 760516 717287 714320 708955 748420 721943 748685 755360 751840 738616 738528 717745 721800 705203 750806 694455 768808 744725 798985 682145 716072 744910 726099 729652 723889 783267 741601 715261 770453 743391 707719 707525 712390 749554 714654 711217 732211 745361 725342 740905 769564 732549 731191 755199 690985 745805 771243 776699 750553 752810 697794 762263 749583 772494 763203 745278 683329 714702 765023 755522 698047 703263 727638 721619 710835 693036 717031 710432 758845 710130 757550 761405 707172 741527 774084 695557 718945 731036 790590 757186 770390 719312 736880 767976 731602 711716 723092 691379 776072 707071 734203 747109 745949 728009 743505 703819 762598 702923 695773 763689 766683 757392 735652 727748 748094 701000 726111 742430 730966 789459 738410 703297 753946 733792 740961 
679917 730083 712472 689469 715744 720918 696861 726402 703857 736385 744041 729649 787179 737550 798318 797274 737079 685273 763553 752844 720364 761415 747854 757414 714260 733156 696936 768489 757243 708082 688704 784580 748496 739479 766965 706234 790812 744829 707334 756384 739139 697718 762895 757306 710715 728223 764258 745269 709639 729049 692603 721074 749821 748681 724349 691481 769879 719330 756119 744567 751233 729495 755867 710955 762892 783299 707755 729613 705036 755162 671725 728248 766916 674054 757730 748143 740447 694524 761116 713938 706664 722304 766175 726145 746535 707928 760517 730858 751924 741081 757397 694735 726850 751367 708325 792329 718375 692083 712916 748097 771051 706066 719751 689644 733764 773558 751630 782111 801202 749310 746073 698058 720195 735972 731205 739460 741756 742228 736705 767596 725830 729622 744700 729937 797804 754898 777213 702867 735724 720706 714813 763455 714118 729617 750610 738378 735673 752542 751016 757374 749424 721506 800385 705201 771546 749704 748905 791879 800070 682449 707977 702469 749943 678079 751333 745703 756601 742567 781695 702331 747218 757553 721321 717240 720135 771430 739410 793222 750195 733182 784318 754387 695903 745862 719384 722802 735504 708048 715864 728303 779448 757152 755040 739702 692558 761836 728684 701867 706734 763892 729480 734251 759184 742945 742267 749972 736732 753153 710744 753813 705542 762785 752225 798361 702794 742632 727029 718936 714172 720385 802957 719805 708584 770596 700505 720388 722046 742204 783183 732591 718848 737579 752880 743108 721311 736057 762982 709219 785141 697040 729729 778035 746131 751520 714776 726752 767636 725996 772616 760793 775267 733093 720936 781556 731798 714751 759594 735616 749158 687598 713871 671823 731747 768273 718846 727268 755995 743270 729776 770218 709424 735649 731134 783297 770009 740684 755884 761983 750919 738839 751891 708202 664050 750243 726539 740081 748717 755969 741603 774498 724452 776279 710296 720635 750919 746796 750070 759818 763360 738325 709627 752690 749191 762032 793752 723626 699681 757774 759335 762185 
669317 737781 698859 691572 682947 718099 662890 694545 690980 694600 707645 684227 753365 717676 727228 769148 699038 680264 729097 716499 712167 745605 736823 736327 682993 699689 685596 722342 730930 696120 659672 737647 718530 724960 719091 681565 721908 707145 687129 739594 722504 680377 715914 744668 685809 683068 706428 737880 668544 685696 682541 697022 724829 689635 711563 695883 708237 703118 738907 700222 722863 714283 713266 710981 749071 732622 665815 697934 684476 670445 648941 694212 734047 652672 749511 710092 705750 674799 708338 720057 689493 663495 766331 714676 727920 687908 750769 693128 717936 719958 719452 745917 727926 752564 689485 750917 711552 640895 722561 716202 728909 671769 715889 693629 685469 756686 732190 733149 775013 738159 708942 711799 718945 732286 668006 680058 685306 739570 730466 712141 719128 684374 723936 696073 751389 735434 740898 669695 692705 707053 689255 737683 676504 693335 725645 717609 732558 732165 720850 736886 709591 686434 775246 675700 740681 714873 709270 682612 769551 686231 693673 656373 712460 676633 708815 677402 702922 714836 770073 697233 700355 728604 735497 676377 704627 727104 710794 751579 734160 731156 763378 753129 669849 701023 698087 695989 708447 702463 716100 730413 741994 725351 723493 712283 711307 758918 712054 678833 707169 701101 698516 724215 709061 735039 718671 717336 677922 722494 676147 697657 725032 756438 706238 777678 687018 703952 712475 664423 715366 714300 769315 713156 703224 763140 684897 690759 711933 710902 733272 708825 734865 716512 713150 727914 709590 724848 719257 682292 799752 674827 694827 741830 739242 725077 704271 694273 695405 726366 741980 762670 735606 679247 692349 718269 697040 687399 708592 702163 719110 680790 688603 674210 675416 770316 696390 726811 729549 698550 706048 742500 684298 706063 717789 746991 720180 752102 695112 743629 757855 705843 723149 684439 694200 746374 693214 687964 729109 726989 730807 729004 683014 753058 676133 697176 747204 724426 715344 726901 725315 722914 693260 721971 698836 741840 760558 720434 675038 707239 717437 738545 
685311 717382 704993 666911 685218 692145 658429 722211 697685 695585 716081 694618 758088 717569 736826 769175 701023 691853 713000 727752 733729 735221 725285 730173 679282 698511 684553 734411 736070 677363 646459 722249 691917 726733 745893 686593 727360 698654 697220 736381 713624 680116 722165 757835 697420 686385 712301 739361 684833 662019 677769 729394 709061 733679 723227 677220 746015 691440 736852 721065 758097 705483 705372 714935 744966 731601 668421 707567 711825 739679 659082 689678 732547 659926 758063 713411 700880 701070 716106 702146 681419 705208 727354 703751 718500 695459 761841 677054 730515 733446 715105 747814 768372 737561 731269 781715 705700 695682 707158 744844 749173 699866 697254 687325 706030 754570 738540 729675 752230 775517 709594 687855 733640 732706 695986 701314 729371 716913 743169 701609 708105 708055 723492 710760 780372 723222 727187 704774 704013 725499 677912 730760 667877 723839 735978 696889 709698 744080 715442 719207 700935 692119 768076 692599 770798 709966 715616 691507 787780 685698 672791 656024 741600 671674 731932 693171 727389 715705 751841 714491 684618 730896 738130 696752 695399 724226 723608 778916 737600 723883 778377 748003 665009 699803 723201 702392 721569 709100 734071 719228 742925 736829 718713 729933 677236 748847 731857 724678 701276 729095 667306 714764 703291 733629 709162 698446 698993 722624 707691 718455 668709 774577 718324 790617 694127 724945 695014 666317 685377 703373 744002 703804 706716 730928 693406 698601 701648 680002 749095 693242 711383 697991 717258 741225 692718 744135 720737 713739 774240 670600 702188 754170 732342 726214 714085 693732 745737 746018 770960 753994 748382 682724 704523 733901 694131 680105 699163 704991 711855 686864 682522 725137 688804 775062 684573 717535 725829 693848 723364 739794 696701 692881 723312 739781 735965 730037 700526 707235 744671 702005 727230 700460 685767 742415 686903 726209 744754 727548 706793 742241 685134 753748 692825 690553 743614 744919 714455 717585 713050 726237 670151 700618 753829 743446 771649 735130 698575 732200 715785 735188 
710318 739987 713656 709897 721920 691711 686473 753075 705656 701461 722685 693172 774366 722174 774922 785882 691907 705840 775825 743678 738304 748512 719839 718535 714893 737883 724983 765724 736083 722046 704901 744804 728832 753687 753557 726245 777085 735341 731443 753778 738077 691646 766530 773587 710899 714544 709671 765367 689913 713287 702848 728807 733159 711617 753670 722594 744380 709269 774104 757087 754890 735839 741776 735408 769493 731172 694650 728086 718774 730720 684184 695406 730205 667107 791107 734740 756701 727843 739575 706422 744169 710683 744047 714202 726940 725105 775229 710845 732412 784243 760213 739191 759481 746378 709303 813154 716480 681018 733671 747121 737631 714811 739933 690941 712547 785182 769393 752605 773889 769907 713153 707943 730177 715472 709156 722528 742875 741493 787513 745127 736459 731606 741968 737115 802601 765744 777171 705063 703540 730681 716984 784768 695806 685497 801157 695481 746703 766481 727179 745534 750707 743222 791760 720626 768137 732233 743883 739393 785716 683620 713260 686420 715773 672757 738169 730612 732007 729674 771009 751963 713797 737136 765342 705747 722560 747993 743795 767240 718250 771567 767002 777802 656660 704000 722875 696381 731443 690510 738200 747362 776243 751339 756371 758357 727639 740686 731061 744592 720238 739141 703738 764761 742531 792155 709826 721234 683859 717413 743692 731427 666913 781221 754549 803200 706451 742274 749448 701026 734408 727315 767867 714163 707676 772808 700482 708498 729099 736512 754721 705520 728573 731248 741488 758749 718279 750779 736480 733262 772520 710590 710435 802280 759506 719675 762368 734329 714222 728382 758096 765794 760302 717150 711616 761156 716937 701149 740902 704593 725295 692421 705587 707922 723510 758788 704717 725825 770621 729670 722036 774443 699132 713296 732897 775956 751502 760452 733436 700725 771660 712967 738255 720708 681873 746610 745059 698050 750745 752052 734861 739354 689581 729598 706084 726738 770744 757958 756425 759985 743108 753469 709334 746072 732383 755817 783177 745745 697238 724967 745796 728454 
651137 715544 670753 670776 668811 702627 676950 713002 651221 657346 696919 685134 693246 699874 739492 766063 696420 663450 721371 702938 700477 736225 724383 701672 657456 656308 670042 688232 686370 689206 607994 685583 703008 698423 736196 715323 697009 698141 681148 719219 704349 647187 694245 700767 681351 658503 671822 691967 630875 679457 678891 674902 683590 716163 711065 665604 733187 666770 709388 719530 725572 679670 692077 689253 749674 752503 665409 670622 686591 654799 661073 696648 666392 637117 726314 702258 680881 663296 718582 666065 656619 676172 718102 680927 703012 667599 744301 665745 708635 693036 696824 686647 711291 684029 688693 756293 655268 645780 709938 722683 682566 695011 658970 656655 695469 740342 684247 741579 721070 709221 704006 678085 715169 695756 672378 672058 689323 700975 721001 698025 703508 658708 693571 665768 726593 725561 723439 650011 669148 696412 680182 692659 655439 668393 706087 704984 715544 707398 715732 661843 701061 662322 766802 653540 734832 707991 709715 687646 753285 678400 659681 632847 694124 655998 710287 680600 685699 715181 729418 675091 681432 721698 696174 676775 688078 699858 704824 745724 694812 714308 726440 724796 643545 697351 677165 721197 688850 654678 679280 699182 719245 698115 688687 700940 675594 719100 700345 688109 678611 677807 663893 690408 711420 718619 698531 703941 647247 699760 687433 723001 671887 731694 704395 758377 672328 715052 719083 681788 666986 697106 729424 679365 683997 737925 693657 625619 692046 675697 714045 689824 712808 689542 691318 682781 709729 686162 705445 701128 747158 670947 665743 759745 731156 691111 693622 657854 708810 712500 734818 715342 705009 673402 655735 734541 715808 689800 692308 716346 686349 687536 650794 695062 665656 731821 632535 686941 721996 686687 702752 721488 673944 698884 701363 721042 674183 721579 664386 699667 726707 686592 676626 670519 657066 713028 689733 676162 716425 690243 672182 716579 651873 708930 671760 677004 734126 683557 696533 691934 704333 706952 662051 693684 715771 722993 759242 705472 639801 729332 676190 692299 
698367 802371 729567 732119 736588 743508 707085 769024 754205 729045 782261 737694 769011 726502 805517 818138 745501 750655 776969 756025 780039 780839 792424 763742 713112 748567 749160 762043 762215 746657 698982 792578 773741 771587 792369 750861 821137 757216 712378 792667 755655 755872 779678 782491 769349 728233 745363 759404 746553 746907 746230 728546 753590 799862 761022 714037 748436 700149 768221 781001 795351 765241 772616 734035 813405 799943 719046 764985 730874 731213 685618 746805 805370 693176 816641 768798 746866 740874 753947 757968 729012 723084 789518 725219 741420 743372 816717 759448 759121 768041 756518 788794 782621 780307 743129 801521 733282 717399 795631 776477 793550 725174 764433 709595 755984 794749 783036 797113 811402 788583 766029 747822 781836 777529 738213 741759 776491 761850 802761 768120 779632 718756 774657 752060 807635 778477 781169 714000 772986 751151 730429 800851 727914 737663 765595 759447 770779 792112 768216 762681 768455 741312 832450 731585 778277 775039 750637 758596 845832 721916 724926 719273 738055 712950 781554 730793 751278 761497 799524 766666 723181 768738 773938 733141 739491 751790 776028 811559 748420 769795 798733 798880 707240 748659 747692 750994 786191 741530 745557 787838 787847 766940 759034 782447 733082 817082 758050 747531 716061 761865 740944 753487 760428 809160 790966 741592 744473 734022 735109 785158 730598 794604 765399 825675 724438 755340 756047 718491 732962 765113 792084 750281 742337 791759 768113 733069 755115 770260 771119 742791 778892 761580 744840 771890 768217 803393 739294 753547 799871 732849 769376 808068 767010 775006 747496 726104 768297 757748 805268 774090 809722 725147 731398 788450 748798 732619 752885 777502 729113 732178 739058 759282 724867 812462 717254 771404 786056 722690 772729 772603 747028 730759 782641 810385 778243 817529 753054 781602 812721 768199 760818 738141 716227 781051 772089 729057 769230 783397 790140 777421 757195 775578 740354 750763 781845 793905 779203 768674 774589 757428 743006 756130 743410 775318 813734 787844 716589 788382 778616 767137 
737257 769519 770893 751359 748224 765582 707694 771456 761623 746810 772310 760163 837354 765321 815994 831309 783708 768821 785780 785429 800444 804844 781690 757395 766918 770100 740181 783971 790442 754285 712033 803286 784643 789077 829405 779811 792082 752313 735692 789548 766402 740564 826067 789902 784812 758566 805140 776779 768588 750208 744623 778024 770394 794057 787242 781391 793878 760556 813263 804595 794455 762001 768761 755608 847060 828474 710768 796322 762654 737616 738901 764953 797014 712191 802839 789800 778087 762571 734908 792585 759308 791927 813325 754158 755138 758037 845505 792361 807021 784896 785394 840166 790798 790592 777034 831053 769811 726605 767998 794399 842297 749453 769720 727624 766571 838153 792576 806516 850860 819271 775082 744937 757966 773660 738908 772583 796374 776085 827818 791800 779497 781106 806239 794962 844442 807380 779146 738454 766476 786209 752350 780320 722356 769618 805191 758697 783596 806342 786748 764620 775603 735382 856990 750567 795458 802552 777308 770254 840956 732878 755726 727624 809130 735521 791843 760299 793177 771330 820259 769924 731499 795020 765829 761617 763145 767831 788804 847156 784728 794325 850924 839953 740757 771205 765452 768691 780086 759640 756250 782202 806736 789729 788023 791676 745466 812377 742950 770465 745952 795420 769606 795227 780793 817592 808286 778082 770901 768994 751992 779573 752687 825791 790370 851988 768793 769936 782751 745526 767561 765522 806773 774388 764252 825105 782475 721121 779320 772472 801192 764539 795921 784880 775294 793891 783069 802831 775776 761150 811354 744534 768789 813319 783561 796240 780120 753026 774192 793191 821788 822989 801729 763855 754022 794083 797979 733273 790315 752471 763923 763776 772760 771259 744478 856781 745698 777349 813355 747439 767844 814846 755097 761529 791402 824599 790567 800383 768352 775377 834861 759283 786630 763562 716206 818677 741911 793137 791616 786094 792872 795783 751422 807027 751830 753567 803373 812834 754865 783987 792406 779676 748277 776943 779286 782890 871841 772196 746597 805287 805314 805146 
685181 758218 701042 700645 728748 694721 719273 727104 725845 699297 725399 705629 767440 744040 764952 812948 721955 713986 759424 723640 764750 775107 751137 755969 711954 720964 706135 739848 733096 727580 694119 754745 743931 748212 778013 739362 780342 725819 697436 739653 756962 699115 750162 749444 725949 739563 715012 776053 690811 718992 707639 741764 724756 752363 743773 722069 746986 720013 788485 745334 756400 740517 746858 716266 797772 806787 720606 719399 729721 744672 664699 710053 757400 652188 782095 727115 718436 729068 761014 736481 716437 729780 753180 719464 743240 724951 779497 752554 759486 753846 761586 746222 758810 751718 707308 815346 712737 682450 739203 770113 774754 688145 718250 674018 742284 765887 740649 773327 758820 754491 751817 738217 758521 742458 741679 714685 753927 761991 755570 756648 752867 738701 745374 742757 764595 757420 765969 693787 734157 715468 709232 759569 720752 711129 785289 716076 758098 763781 747572 736366 741105 738994 811271 727934 781669 733569 737701 709655 824118 713370 699977 687835 752443 691246 773133 721798 739267 752105 783057 740122 707575 744594 767448 711434 733963 749092 709349 767379 770000 763953 768624 761689 699376 741770 722816 728182 754839 709786 720479 737508 770435 771139 741778 740498 708120 778877 723803 788212 733624 749282 709146 751477 717829 784312 745813 747678 712863 736338 718759 743244 708382 767341 750186 768814 698302 703920 781125 696072 717601 729887 806659 729417 711209 752436 720842 716944 730179 724874 761468 735408 745062 742943 719108 768313 744454 786726 757237 745507 764833 723872 748104 819499 732359 777900 737955 719966 746316 727922 769699 753047 755281 721159 720800 775799 733702 727791 757875 754566 727950 731599 719125 721622 697747 798214 704357 766806 748054 750564 739991 745325 690422 700260 747948 755806 761667 743647 733534 726071 765226 740085 746767 727660 732621 764204 742515 751813 787829 767413 731478 760829 711685 744929 722286 741970 747592 759680 772965 765487 772850 770244 712395 723187 756321 745134 805090 742448 711698 754667 763202 765670 
682577 774184 706421 694096 696986 719410 701328 725798 714609 736013 742982 717941 782474 759464 779396 798928 749528 735764 782322 753007 730954 763523 759957 745580 723549 734495 685628 710903 734635 681645 672246 739004 734372 732060 784962 738828 755869 701730 719003 769655 704739 694920 739274 761475 743689 707937 716796 734679 741057 728102 688733 728269 726690 734397 726359 729155 771613 705351 751817 745443 765097 740661 738905 737064 770371 771173 678996 722698 709839 730701 668070 726133 714340 668873 768060 755626 727491 713001 752965 718619 723726 721007 770228 740080 750316 669380 797920 738693 739018 732520 742276 733892 749423 767615 744579 785461 718012 699046 772982 743438 776965 710218 710505 703330 723083 752215 777238 772118 795350 768818 731852 724772 747794 734409 687073 717005 743230 756985 772494 770840 744670 711875 734517 756122 786829 760208 764139 720124 722408 722523 684837 747457 712822 700970 751937 750799 749637 767347 745610 735948 730848 703342 800993 731456 747145 761574 732548 722002 791775 704461 712523 681878 705107 704658 734171 754932 728841 734357 798262 728510 715183 737664 747000 725486 721103 767374 734386 772179 720788 740512 771264 766030 717656 730353 710338 731040 745802 695653 730587 740383 766682 765245 763471 739645 714218 789001 717980 745378 707342 768636 719971 714540 765681 753551 734790 725769 729001 721706 710114 764743 678074 788610 723823 791875 718742 725266 764705 741915 696360 690298 771903 758847 719660 767716 736333 675939 725606 744804 743580 720044 733607 748423 742288 731332 754752 723113 748403 713575 746971 744729 752359 770608 758667 725792 722841 728052 751845 725257 773092 757551 763779 710454 695941 761195 762639 744477 737033 732351 731967 717712 686562 706154 712212 803337 705896 721121 735120 729114 770759 782284 715206 695637 742582 797031 765658 762713 746254 729707 787121 730349 752750 700457 689581 776295 756873 733409 748089 748477 720769 736193 735076 762148 691339 721062 780848 774822 764842 733851 761370 756285 719933 719360 755765 741523 791540 735921 687140 753557 717265 706262 
720332 775409 738339 712050 727719 740943 704995 753684 759519 763472 771788 709681 828399 772372 792861 844951 761552 729942 798586 757783 738781 789568 774017 757488 754609 764556 703833 776551 768404 738904 702796 809921 754467 768934 805681 768556 806297 751129 724082 793969 765954 725702 784754 783824 760477 752024 767991 780379 731280 729746 737447 764788 764679 784724 762955 733253 784314 728675 796041 761178 779635 762305 757277 769235 826331 814947 705334 756201 743151 754012 668168 739544 790666 688047 818165 764664 752346 737544 758465 774839 752378 740890 797088 750220 770122 737402 846793 763457 773879 781862 777593 758948 774153 794759 748409 811922 760200 713190 763515 780120 792656 716213 778035 729188 765603 784458 769667 809499 793504 787344 770648 737568 748490 745887 724865 761733 768456 786260 806723 792885 751318 723715 800733 771202 841281 801254 799615 764025 743132 738362 739966 796083 731712 723982 793230 748028 783253 786538 768322 755707 774241 736589 846672 755508 820458 783208 750170 768577 817327 733666 761096 725984 768199 737488 767022 774466 768785 775354 770743 753775 736208 754162 775666 719240 749324 776097 768877 792972 764184 764623 811661 802774 720073 767576 778469 763452 770159 731098 764070 782855 777715 780922 762288 793160 751996 794850 741221 747482 733070 762204 755095 760545 784252 808229 778188 778852 744054 776712 733076 770522 729852 823140 775995 815405 765656 784461 773373 713281 765463 747496 830811 751962 733470 803318 761776 706465 763865 747364 804177 765809 770184 757514 775851 793216 757340 776978 773900 725798 812253 742847 775900 812795 771020 786103 782846 729617 749268 775497 817523 782325 778773 745820 739030 773004 787460 757211 741302 769042 746339 741242 737329 757630 724664 822223 755062 760552 789533 739529 755026 774235 750443 739817 770897 806156 794066 777916 752720 747965 816314 798567 769822 721224 684648 792465 774847 745072 792143 776053 769767 773726 730195 794021 725739 752128 799146 834474 775203 767751 774839 791412 728780 735229 758496 789021 821199 741431 750812 769874 789328 744629 
677193 751128 697716 686221 709896 703555 694727 710104 714208 703882 700496 703185 760593 730847 757104 778985 703644 710142 752091 729006 724550 742971 729679 735354 696796 682997 702292 723546 741579 702598 683981 767666 746278 739177 764393 714282 747761 724368 724859 747406 720797 695781 749285 744677 710163 714402 727292 749273 691705 721135 687036 719028 727220 750988 729102 705627 729831 689611 762968 745528 768948 742531 742754 715894 761857 786881 666881 721338 700620 702758 672921 705835 721682 658009 753166 751511 722315 700801 698047 729997 725530 703323 773029 714521 738857 686343 771820 732596 730745 755184 734383 731127 732075 753083 694940 805038 694539 681124 740732 741917 750992 710658 748089 677711 709799 751155 742135 767243 762496 750820 719942 716222 749819 726837 704840 692144 699212 727564 759944 735681 734621 700497 737422 723204 771345 739653 765078 709219 698015 722312 725036 763291 705347 701379 760548 734821 751395 742789 751098 742288 749348 735394 810887 708855 780384 747068 715448 727571 793368 692309 689516 675435 726037 697138 719164 723361 740953 722003 749686 712856 712447 752813 727306 689675 726033 729388 713297 773496 751837 725748 774779 767480 695687 727865 692806 706481 745306 695110 696245 745494 734225 763498 760458 738790 684777 755525 720715 717908 714282 732736 720409 742177 723110 757241 727221 720634 702385 728918 676114 740629 691900 764339 737440 773850 683071 721276 728331 679345 703443 701917 785170 702215 703513 771037 697029 680629 703062 726490 729882 706059 727535 734485 736321 748038 712379 723601 737174 708022 755054 719985 724437 750095 737060 715882 720293 701408 728615 729331 764509 758480 758634 693999 710999 741637 727651 716039 737749 714829 717023 690099 678813 698388 683729 790257 684581 728560 740995 737395 742305 767705 694330 708595 753976 794034 736576 739444 717854 733274 772040 737435 731934 673947 690019 741839 710892 702449 745105 745940 729829 739150 708611 749873 678554 710672 761240 769661 741747 739642 749108 787818 703329 715837 736685 756613 789915 742687 680930 738109 736605 721787 
701305 751631 705295 692514 716883 726626 726309 740764 717437 729332 752011 705342 779548 755234 781224 808640 748312 718224 766922 771304 753191 778268 751448 777094 721354 745145 725356 737613 731099 733534 671843 772754 748789 748920 787011 721288 788072 722327 710876 762129 714614 727935 773179 779930 743147 737146 735277 756598 725435 726115 742214 765470 767470 750297 773540 727905 774166 749497 767436 764864 773570 712571 740877 741350 789962 791517 688498 730855 716108 747166 704939 727392 777210 663813 789682 758970 725321 738734 731554 725081 747914 702431 779045 753709 751721 718683 816943 696106 757090 801287 782990 754603 757019 763272 748641 793544 719358 705579 772187 779158 761404 717919 728391 707127 728204 778102 755543 787173 770634 778519 756011 725493 749036 740469 716944 720383 749388 746967 800126 765612 739251 697786 724336 762123 788142 793092 777628 718312 734354 764629 709954 785667 716784 736728 767674 717873 763682 797531 771741 713523 735179 732743 844999 722766 781706 761983 752278 756408 825338 699860 733022 694975 735096 700307 793850 717333 770664 759091 781728 734450 717416 743817 764126 712179 722650 754313 756112 798208 766676 759912 828752 766389 716545 732529 748743 738048 732915 711196 726101 771264 787670 773108 753445 749419 741311 778659 764870 708902 707609 719234 714934 757570 781843 788260 747935 766023 697659 729185 722571 771078 688877 783460 734810 789762 714205 747084 748180 729436 722044 720561 793872 740345 732024 771895 730678 700478 711446 735204 743878 714407 719935 754327 776572 751707 768558 765301 772503 753872 764463 721961 745417 771368 788535 735576 743354 712341 774608 773545 829618 761853 783444 735290 718260 774702 767261 723315 736123 772541 727172 714017 703555 730847 717600 761689 728514 758772 763085 760740 739844 754731 735294 737295 755146 806001 774224 725590 708145 742454 766359 785153 782263 713148 714331 769218 752680 742424 762511 759338 755455 738508 741422 784086 706593 726096 795064 786172 775330 761404 766960 765323 703399 757319 757452 774540 779693 767379 739264 767152 778665 763214 
698326 790128 748380 725245 740047 755358 740377 770742 723432 717705 759775 756081 807251 759008 791810 854142 782416 760912 780684 751287 765899 801856 764588 805734 739153 795234 748609 791710 770113 770127 695968 780761 780015 778550 828227 772434 798100 751800 743145 768728 735508 724356 768563 818558 766851 741813 762294 782967 734482 731627 734176 791101 766371 794121 769133 758564 768462 743607 763013 784909 772126 752865 767888 777012 816289 808434 724982 755085 759433 745463 713929 747495 759123 682611 813922 778548 754421 731746 765094 765203 736079 743072 806101 774513 767093 757252 827156 757531 783725 781655 787368 784927 799440 812208 774333 807148 748345 743608 795165 793300 811853 759247 772827 727613 723793 828877 752823 804932 825368 803425 776870 761299 790870 778262 760442 728590 760193 754948 839016 787383 756163 747010 790125 794452 843344 796682 797236 751683 728974 772167 732203 776283 730134 741298 781859 735487 807006 789517 782129 751474 738855 760748 841415 754508 796899 766356 771773 768809 841303 721877 737460 728440 772290 722645 794729 764260 787626 779222 843864 768119 720617 772259 774630 734332 738071 767276 765917 840034 772736 790207 816190 794371 735508 754544 757499 749854 760674 744207 763175 789683 792150 779970 781578 811033 749934 806014 779654 777880 716175 764199 749020 751208 774224 771352 792022 769653 733113 747691 755156 795269 741222 818210 770024 813353 733240 756740 735863 710679 746631 759122 847917 749006 740910 795267 756356 731112 754985 761034 766338 748200 771063 795773 759891 740515 797798 793888 787656 751499 796202 746737 762294 827569 786101 784406 771833 741870 788051 789536 805260 823982 798964 729580 752087 809151 763142 746722 773141 762833 769701 743872 746167 765133 731783 800516 737116 758364 795126 758218 811658 795893 757173 726034 769779 828114 817182 815015 745496 770171 799318 797605 765125 750333 746650 781682 792729 783668 789808 775192 782305 792944 758713 802048 728180 735902 797280 784060 779523 788898 765678 774992 743858 776191 789768 773134 814375 795047 711389 805738 778901 765299 
702780 768409 715404 696977 732168 748185 728868 760256 707545 711558 701064 703532 790868 760589 798398 798520 756970 725676 811676 764030 732343 767850 763200 747793 730583 747665 735849 751172 769003 746315 699338 783048 737878 750895 807595 762231 791692 754492 733587 779793 765260 730507 796327 789624 757242 731933 756209 739378 735081 712575 689519 756480 803240 779880 763060 740784 787783 742516 777452 758595 779175 758326 770277 763845 817143 758025 697879 755967 723151 759336 695634 741359 796147 698167 794140 759712 762285 720364 777201 690555 762886 734322 789495 779197 787843 741147 794165 737682 763461 797062 768177 743481 778079 789217 725155 792035 734588 722518 759768 830274 764687 749137 707759 731956 717831 756777 762907 792046 821295 807271 758106 724014 734502 742809 730821 767508 756206 734888 759448 783786 745436 736439 742254 767164 815676 758754 760562 755245 723424 764067 708546 771179 741746 732635 800201 737005 770625 770466 787245 733469 769749 724778 821999 726421 793738 758856 759229 776448 825169 708782 753369 690782 733994 707120 766013 723625 771973 754248 801602 754815 716106 778326 781218 737929 763429 745161 733844 812236 766810 772719 801173 792874 709483 709957 742486 748388 767694 737661 724860 767935 772667 794707 756440 783116 718141 814574 755335 759949 731666 761929 711415 783558 740826 790620 773447 756214 731396 746171 743537 780633 708858 799343 757837 797509 705555 779970 760057 726620 745719 741467 815811 754751 709176 769755 751382 750747 758525 736288 761912 736453 730172 756584 766947 764993 770295 774854 792668 756437 794776 723146 752212 791867 763164 746769 756122 743511 769186 719409 784218 767706 779893 727576 741354 755666 748286 753613 747101 749258 752527 694783 713408 728278 738830 778042 731651 780982 750036 750147 752994 794158 738125 741910 757422 814971 770882 774043 769104 769752 781828 762084 779630 703073 694308 819251 750087 716744 765844 758961 774164 734779 752077 770545 713708 740581 792281 773654 795534 748286 785029 783244 749594 743990 770646 786076 788659 769612 714744 815238 726988 749908 
723117 770510 738678 734528 749635 730222 709160 750782 737834 739662 756317 699544 805376 777140 794764 776884 748205 745326 779963 735123 776918 801627 749088 751232 733966 734311 721071 762183 716981 744564 727722 784570 790283 750713 785867 744256 790209 764590 721878 776049 743457 728028 777358 773948 745572 760898 749446 753313 735084 747542 730166 751547 763214 756822 757604 721609 793160 756087 783218 763377 750154 760798 764676 728095 801787 807831 722545 755272 722861 741897 702285 768140 792359 697185 790630 728133 747596 726684 774746 736334 728750 736184 782136 773785 777074 726664 775513 749515 765208 748654 761407 773171 792328 756261 727597 825518 749433 674731 743923 811458 775969 730433 753761 705783 754036 760567 767237 811482 788246 796252 730554 731789 748630 765965 747712 757066 768770 770541 756977 778576 759066 742420 780288 755186 798023 792466 780135 710106 743554 741880 727327 783701 717557 743311 781288 754874 778129 758945 780378 739103 774297 703954 847544 723039 789002 777144 756335 768788 826761 707529 726765 683504 759586 740736 773983 727093 742479 750571 804893 754095 744468 770786 777483 751645 766447 776246 731467 809164 772230 780757 808559 809750 725678 736235 715298 777486 749286 735455 733270 768055 782056 746940 758669 762512 739787 790041 727180 756267 715844 789175 725427 767186 781512 802301 774683 746106 726336 764502 730900 767454 703883 813715 749917 821241 709869 780988 746421 725142 740427 734623 803343 754776 746151 796866 713687 718755 739170 767159 802349 754383 734708 768584 730174 797414 771716 774640 779210 760812 791849 730190 764438 784001 777065 774578 763056 721213 760359 760987 809053 759183 774466 744679 724843 816722 749475 736199 762960 761907 764743 717507 720572 740809 750265 792728 735565 769717 807074 780349 766574 792837 746451 734713 761551 787486 768245 751527 780120 766121 796627 720701 760029 725136 669411 767861 757382 746508 780832 786088 760998 780090 736688 801830 724936 738088 777864 823153 768089 792654 777423 769256 726473 755851 761471 757029 833046 746357 721683 779613 764988 762732 
694886 769844 752815 727577 755540 733486 728242 770607 750912 734966 741658 735591 805017 768277 812526 843749 777199 721306 791294 756493 784240 764000 794017 774474 757355 770846 720367 774453 774636 764350 707545 800231 778920 775195 807621 741014 799005 779225 738391 783191 757720 739379 794252 782368 763908 758290 765174 791226 719529 746734 721911 765809 767474 758498 791577 748837 797885 752299 796903 763199 783969 783649 756865 776034 812913 813399 715456 775514 749906 732773 727044 738046 819320 706031 781116 753957 785546 725531 755419 770918 728773 754393 787698 763491 779172 749311 823619 753440 763603 794523 786902 768391 775899 775215 746565 827479 738954 713231 754323 792966 790414 723132 768883 705447 746605 787790 753476 812832 792918 804576 791460 769231 803553 779942 747470 758066 770253 760090 810410 782616 750550 750585 776747 769912 807467 770353 784990 754043 740823 754499 723360 826201 743322 762009 797386 746759 746681 794482 781719 743057 752715 731173 835825 741558 833682 771107 764468 757347 839879 725072 734556 691458 773384 715535 760414 775136 761786 752835 826175 753357 740089 769094 777413 764036 728582 744386 745625 811408 765590 767271 797488 803634 740864 754192 750139 773337 788309 754698 746583 779387 778439 807842 750857 781042 748057 838109 767372 753323 728872 766108 770387 748627 769028 773900 745312 775413 757038 772624 728418 781667 721628 782258 750644 843830 734952 758767 758402 722198 735660 745591 815576 759229 748665 820164 742623 712103 767651 745112 804263 749494 747912 752747 752473 775573 771669 790972 776890 758885 827013 738057 766434 785125 789071 756633 764856 731654 765947 774686 818672 756429 803706 752272 742398 786041 772208 750049 759584 764575 743906 726913 702532 747786 737411 822933 733496 765033 808616 758565 777495 816609 731548 743720 772012 786552 768183 790671 747771 778094 772865 764665 771969 721579 725649 801965 780130 750831 787771 790651 766229 770537 746367 789866 736650 739528 787020 797724 803487 766552 796841 812777 737186 761994 793147 795171 828344 796004 723886 786502 776779 786019 
665380 735333 705447 700582 695810 710065 674945 705226 678334 717458 715636 696828 772411 717444 771468 772783 727433 686320 742357 714645 710899 725185 719257 739428 685445 733307 700384 693832 732230 689228 659510 750816 724094 738013 772024 709373 754196 711101 694000 723006 721974 681531 744075 755775 729761 715762 717460 748998 679735 709944 712212 712477 695224 712056 714878 701433 749471 696228 723173 739877 739168 726323 725596 708178 776360 750722 674503 703833 694330 710735 657720 698146 737942 674553 744422 729008 709114 700589 716181 708704 693272 686900 732249 715116 732065 687262 779037 703429 707526 745062 724936 716767 728948 749872 696549 765021 682989 666036 724950 741742 731764 697361 698351 677108 692099 776109 713864 756022 754250 776140 737365 709613 725601 738067 721565 690728 720329 729081 769696 736743 707565 689696 723271 722642 769976 749243 738640 687538 705007 698381 689820 763547 708813 699975 724334 724163 714985 759515 717064 703515 732035 714856 793346 692101 766505 719303 699529 729247 785788 674739 701582 654098 706480 670162 736743 712281 717968 696333 768797 727203 704192 746776 739984 710062 703295 712047 710464 779378 715643 736599 768931 741715 699644 715306 679612 722407 729644 715796 729753 721893 727584 735539 707142 730636 697869 761763 723634 684640 709077 716124 713685 717896 740434 724195 742203 755655 670213 718032 714277 720313 681523 742592 730717 785818 701077 703378 718138 710504 686808 718443 766762 718772 720869 758635 711023 683556 697197 694736 750087 690069 712217 721163 712608 722929 711239 732796 734859 709044 755738 682480 705864 747134 738995 732298 730046 708546 730975 734749 779890 738759 716730 671910 701637 730383 713385 708588 729294 740565 716812 690105 689754 712522 687311 744744 690910 731750 766070 709433 742803 753965 697987 702859 728123 763756 725571 761859 707705 734949 732617 748700 728300 703001 696950 746066 713926 708894 734950 736378 726242 733862 704081 750967 694127 726302 729978 746890 735596 755898 768647 734525 697189 726969 744779 730866 785871 715409 679616 751191 739482 743178 
681852 759531 733084 685711 727053 717614 705271 757605 728750 710244 730664 721359 765553 752708 807321 798491 735693 752319 760975 753703 739797 769726 745144 742610 717204 720438 724833 767273 756490 730022 666804 740285 739785 759457 794482 741092 762127 710726 723627 742195 705679 723592 754353 767268 745705 740494 714788 763390 702918 716809 715700 735125 742000 783379 748412 731215 791437 730088 735489 765010 772895 717046 728474 739826 788441 746672 691970 724957 731200 729092 698308 709254 746347 658158 779722 734189 750513 722431 759067 711225 728399 739492 792560 727511 745903 704192 824022 721514 733381 751438 742785 750968 764489 769363 737594 779122 705240 682782 771626 725298 753722 690274 721360 676015 718288 779667 765401 779697 792262 774327 739452 736151 761813 755248 716718 725520 766424 747551 772403 747447 754104 715280 751196 727972 813030 774232 725823 738681 714586 728561 700141 722169 713762 739404 746231 741729 784044 767057 774306 734776 727138 721906 829321 722595 794106 742305 741880 733501 820986 711713 687629 681200 742686 685911 744273 748476 746781 743934 792760 742321 704556 752376 733573 710928 761072 732932 724665 773687 748488 790319 818578 778655 686032 737979 727140 728901 743525 730305 736307 758225 753278 762696 766944 759632 711483 797224 723185 725344 720500 743222 706973 760756 760421 783798 741837 753393 709191 736831 693744 773709 727756 762173 764752 838895 708903 756073 737944 719448 719900 757291 780614 736745 735990 756219 745427 703238 703171 729449 762799 712606 752366 750079 758259 728994 742230 747606 767957 748303 775393 698338 742295 798533 792735 743354 754919 705180 762008 748055 776806 771809 799647 737717 710385 772377 732236 710176 715542 730419 709916 707599 738427 746903 694400 771392 696436 730247 791372 725092 760254 774710 704757 745687 780268 790900 772957 764059 734679 739257 779220 737355 743067 723975 690533 790467 728694 741567 750123 728634 733592 738649 707152 779249 719860 717783 764817 745598 762095 746545 744552 759870 728241 755625 766159 767395 808346 746161 700598 772820 766868 752789 
744848 804112 743456 739886 735359 764840 730272 784270 759202 722080 771896 734262 811296 762789 815971 845955 774354 750039 802389 777775 758328 796674 784628 770677 761321 768005 758237 801191 769746 765359 711450 793140 783280 785163 812302 758106 799269 791655 738529 826372 770309 751515 774313 814327 755045 752306 756333 794289 730290 736643 756637 760152 780375 782542 814769 750865 792435 752310 780909 756934 774843 753093 767140 759146 821284 820940 751809 786999 736655 785928 716806 750993 798166 700796 821725 789458 759297 724356 818662 734832 765663 757260 795355 771456 754643 754126 820374 788280 780237 796315 792012 778994 760125 808954 782480 803584 758346 731234 802618 793494 804847 757339 740052 739287 763443 823785 800957 806439 829226 810737 766174 762525 773556 768841 737175 759128 789176 782826 806278 813382 791832 743133 753656 792516 806796 802304 810513 768225 762440 767799 751529 796220 746549 754438 793481 755267 762351 811273 767106 774637 771200 759301 828844 737124 824340 784783 782426 750837 862690 728522 758576 723694 770164 718324 803969 740971 775161 771670 794487 776353 762132 762910 788845 780649 789909 784637 757025 844683 786185 812349 836183 825151 728005 731357 781049 779114 789957 736713 734243 796527 817004 804591 782446 765652 732351 823816 765321 756425 761496 805982 757402 776305 798837 829228 789749 804683 748684 761934 775042 779530 746431 840926 777086 853375 759015 799400 783494 771535 742519 795857 830383 756290 742577 804448 792008 725362 788530 740736 802411 755470 764351 796538 795451 787411 789776 796182 800366 771170 830052 754764 781028 813850 802551 790083 784852 733768 760589 775199 836547 822250 812946 754702 727701 817748 835117 759085 795554 757898 764060 748788 751333 774303 778550 822064 738716 772997 807526 783132 796104 779134 763536 762656 790737 820172 807947 805515 764086 797910 776264 761032 814482 752424 729725 793791 781228 766183 791854 795254 768172 802660 751598 794987 715633 763630 795905 786564 793972 801459 796554 771797 738957 802087 798795 778059 836918 798431 737540 798145 789844 796664 
655908 719050 677561 664068 682657 667682 680936 710885 705642 679546 721168 686781 718050 699897 771435 760367 716321 668109 722597 708641 693806 699140 705423 714899 698779 708778 694376 702074 695978 693623 640917 734416 726428 713479 737888 690093 726466 718959 662666 719979 689284 666375 711501 736181 690897 692698 685721 721534 677043 678061 672400 727234 721409 735657 718037 653451 716864 652273 726809 712346 713688 689565 710489 700650 720184 736313 703088 672423 685674 706114 632226 676996 709232 632939 736565 711046 687993 694498 711934 690268 681751 661078 719457 701211 687993 674885 750476 719074 703566 710423 695728 717682 714979 741602 713339 747061 691301 653613 697793 739695 741852 672232 690270 643063 648282 725195 719023 721551 747449 721008 683215 708528 724011 714094 651809 677752 723002 717399 721326 742445 695308 666488 718317 715899 752648 705171 715890 673894 677205 695979 667784 729160 690773 682536 761106 686942 719828 721653 688961 693997 699486 682769 757135 683264 728479 720178 724117 700407 782812 673063 698338 646374 680095 663594 716855 702342 696047 701494 713546 697486 682533 697807 723304 680276 694183 717259 693689 752346 712419 719819 741405 744024 692149 700004 711839 678587 715269 681668 688753 704511 719412 730589 717403 699968 663000 747397 692946 709813 684617 692689 712184 698347 704507 729410 722718 706953 671773 701387 680337 707305 661273 748371 685833 778081 675018 668105 697591 673630 688381 692871 741859 705612 681418 713903 715124 646607 694485 688183 725410 730910 682241 724302 715480 707792 726809 725852 720099 691345 752517 683590 722126 757021 723253 709357 707113 664799 717053 686575 752666 737627 722986 670892 691115 735633 719006 682721 701042 720542 689482 703040 659804 676059 668175 762149 652377 707129 707699 681692 701553 702454 661916 679629 713745 741619 718382 714408 692468 733842 707121 708108 695607 676558 656542 725172 723879 708247 728990 740456 711973 732393 685734 714251 656476 678464 715119 702214 746459 709336 723035 729825 680472 697218 711212 711107 764545 703944 661844 693830 719327 706572 
650511 688290 672982 669588 688315 681238 676896 705062 687481 675637 689941 647880 725997 709766 715587 726564 682135 677703 719825 704221 692014 697711 686326 693434 660765 696427 666170 723878 675916 663251 639165 725768 683921 697838 730155 697195 730357 689819 696928 692796 694505 682656 746781 692772 677888 678061 697846 697916 669732 680390 655375 706633 683919 713881 715633 687363 698904 676313 697873 735902 707790 691149 672809 693396 737182 724009 677216 677261 707180 707518 653504 674894 719928 645690 708225 680365 694037 704125 697267 687425 665535 662070 724512 677314 667838 649429 724823 677673 712830 734437 706851 694184 703084 724061 700364 750820 645587 652080 681244 744168 714394 686448 655065 672391 663414 746864 681840 718908 748344 750138 696524 686826 689222 669144 679495 702291 682507 687872 735153 695552 706484 691357 690951 697576 718953 710687 720453 684652 679069 674998 676499 738573 660794 684445 729858 672822 705765 708538 719477 668111 703315 696667 763403 642637 731857 679811 715212 674728 791851 665409 673220 634614 682130 650695 705025 680083 703882 688003 741188 697403 684584 682982 714176 650195 689328 696268 676793 733211 705882 718077 746764 718101 635064 679659 675656 675787 698400 677985 660486 707818 750187 704796 708681 712467 659367 692530 700956 697086 655966 674425 683743 732349 696133 724322 695311 692443 659073 655856 651983 704668 673148 725975 672002 766330 665215 701485 685337 673482 678945 670042 737274 682146 661897 741097 683437 666762 669987 696667 699064 676495 703583 683430 698250 707924 695839 726248 700683 709335 718979 665869 679363 754302 690482 709053 664665 672149 703721 700000 743346 740453 700459 652814 675217 704749 702635 674613 700679 700929 689449 657659 673381 660940 666128 709050 667465 687955 722764 678070 715157 708819 677207 665981 710568 729628 704880 716947 681558 694777 724531 702052 702019 706951 660837 705699 695833 696987 705765 701131 706926 704098 660315 726511 676164 664861 721915 696255 708130 715493 722558 717371 673442 705529 696587 722896 763509 714799 652375 698750 690085 700399 
694469 746388 694922 706183 710989 705608 692438 724839 679581 723393 741891 717872 753658 718050 768070 768351 710718 710908 767732 727072 745707 756489 726419 747336 692915 726125 694365 746204 734417 716949 682911 735671 749056 735032 755677 689330 759289 713186 739940 752832 717548 696089 784922 769576 727228 714696 716849 728458 703958 696759 687009 728999 721688 757426 749990 710864 758971 698644 742359 748813 769427 735801 737894 717625 772960 779994 687041 739614 704606 737224 677125 730172 750302 693737 751561 750122 745991 714659 725891 727606 712667 692161 761656 738865 733082 726504 781438 699804 723570 717736 727194 748989 732150 755198 710221 757463 703679 707431 759281 788397 747251 737354 700425 686858 738692 762898 741161 781668 783394 733846 715285 717338 753741 724815 718574 703456 727809 746802 763181 751825 728523 695192 735384 753631 772198 759433 742448 696748 716603 732112 720312 750999 697329 713130 766668 723512 756352 731581 730692 726001 760993 719900 772876 719828 780110 750240 721859 730965 806487 693509 723989 701744 750026 706930 751166 727712 751317 768344 772098 740222 717381 738950 749067 718520 721930 761699 747081 781659 749422 763714 796566 778559 681915 704802 726275 710765 725319 700836 693486 737893 772854 744682 734914 753360 721440 782461 730943 724909 695503 762651 709497 754530 725191 757654 752804 763267 694037 713024 686591 738358 673923 790021 757631 789638 704324 729059 738194 711861 690879 745811 769604 705284 719389 745854 731323 714021 716624 717960 750116 729742 723645 748156 738189 761727 739090 742328 737544 678214 754248 699298 753460 783529 788533 757814 739467 704301 753895 761622 769960 765414 755583 713289 711488 757911 758410 704850 737257 741443 754258 697022 714984 730070 706584 777495 707188 763169 758828 718043 737185 744619 710113 712550 775722 778425 725264 759967 717496 750525 767830 723391 742037 699488 660980 746052 695746 721039 737170 734558 726245 768288 723297 770263 685991 727318 760475 767557 740717 725099 756980 742266 722066 726196 760567 773124 783181 720513 696837 768399 739291 735252 
655727 741146 706469 700669 719754 710179 697164 744114 740912 715138 726758 684310 779364 729585 762525 786072 732715 712942 761454 743259 712063 733454 737801 729790 686473 724231 743953 733778 719310 721037 686951 730516 736831 730223 775559 739346 732529 729431 714422 746188 707245 695358 741580 754554 710964 678542 726855 760203 729754 727242 707106 744671 743794 753249 756202 720395 768308 734044 740845 738936 743986 719472 729866 725591 772630 775891 648612 719776 697457 707136 654987 699796 745555 672197 778605 713059 741210 700481 720026 720488 710139 708863 769393 690463 716172 712099 779529 722711 745963 743414 752320 758807 740301 757717 728169 804075 711145 695519 760840 728739 761306 715802 742290 694741 716840 760314 741181 738986 781582 764617 743935 716362 744526 721357 687876 689441 758507 741854 778815 767476 733547 718455 725301 721721 774783 731882 743073 736754 713792 749363 692824 757703 713196 724540 746020 713825 741509 738474 774741 718329 720220 737330 784586 709134 781405 765154 731249 702719 822881 711955 704293 674430 736647 708251 741441 713823 739407 710614 788573 743614 704878 733160 749217 711902 724654 723088 719414 775564 733340 736976 780584 764844 703642 723023 719346 721652 744046 704322 739983 739479 756349 786141 729617 756569 681135 782648 727066 730316 691374 743457 727207 752107 752479 750331 736015 736889 697479 709393 707887 748738 699744 759884 732856 805411 724304 764443 729683 705852 710925 723544 793829 731683 718443 739654 739096 698795 748676 701660 750744 706137 733798 716960 749768 750428 728682 743145 738686 722733 782634 720758 738780 774222 745742 751578 757644 699750 742008 725613 748736 739786 728938 707886 713508 742766 742081 747138 708935 728517 712031 714346 710447 707727 711541 784645 699466 713642 745992 720206 729001 746438 700750 709376 716931 757395 722404 767980 735198 754336 774725 711894 729123 690233 691272 778204 750830 712056 755570 752014 732174 717770 706147 749324 673467 720053 750412 738761 768989 731137 764620 739793 709945 722897 720605 758363 790801 732611 669633 738402 746466 745283 
713546 769190 714269 703558 733461 724419 727032 766220 732788 732156 745520 701927 789204 762549 810396 816460 789090 760646 761720 767367 741252 822305 763160 791693 751176 757099 766137 758571 753303 785348 708365 785365 787364 761665 816440 795110 797201 781318 753562 789628 754620 727693 764169 748915 759615 755410 751803 767037 746698 757412 709644 732605 758507 744844 792054 746475 772882 705131 782405 779839 782072 755752 753614 756444 799652 786382 724859 744779 748955 750652 708085 738955 790749 677843 787113 792344 740551 730194 748291 753520 733482 748390 797817 749748 758383 744679 835927 761344 786893 775977 772400 790299 755661 782902 764737 804427 732665 671662 751845 780580 790373 723163 785178 703466 711722 821017 765112 803987 795172 796790 756757 758039 773586 746161 740291 730451 789069 749938 784139 759749 765096 729804 760507 751300 777411 783528 792338 698641 739533 769033 749419 805865 734368 750740 806897 767946 767738 772505 766364 765853 771442 711045 817652 720342 767813 795904 765273 750629 830480 717657 749435 717532 744791 722694 764578 751011 769604 740888 792611 736611 719145 757731 782941 742999 743382 758685 753915 814389 768603 798881 804391 783642 740198 762075 772657 758939 739247 762907 759058 788135 802398 795681 774165 742178 742640 799818 758500 735971 716733 735094 740150 756431 760070 786128 774787 774169 725444 754130 715716 809450 731935 794183 754664 825261 708821 784519 771962 721366 749629 757157 826652 740145 746585 798708 731219 732725 762095 732851 784179 744330 776618 769051 761905 759068 788938 761811 788151 768125 793379 735045 749311 818238 762259 748839 735279 706371 751047 753034 829757 813253 792248 737546 718488 810985 772456 725151 746597 755533 738494 754857 724729 742360 717114 797668 712161 769044 789275 734489 782814 789630 720808 718364 781227 827758 773893 810216 760423 727913 793970 771537 771952 725516 706490 778672 760516 747060 787659 777477 761669 757719 743154 788371 697861 740990 805409 793683 791959 781542 751484 761233 732899 770592 755155 791793 821960 794311 721975 750369 764997 753435 
720869 779475 748356 720439 736082 752470 719854 761354 726586 729431 783773 728178 785355 736337 754434 827199 727577 714999 769379 749274 754735 806150 771745 775896 725244 741157 735175 741454 791767 740745 691431 768168 771343 815722 800866 750406 781829 774812 743427 775131 737863 730398 792932 770779 753159 736743 778074 748760 753947 739331 722689 762109 782696 783327 784333 742526 783026 711424 787325 760066 777479 762636 767769 768803 790934 785909 745151 753532 772742 741360 693831 735019 755885 745895 780728 793333 786604 704345 748091 749061 764094 732201 816363 722363 745506 756720 827569 746569 761037 779332 774883 772203 787354 786571 750443 815597 719125 708172 776016 794125 793041 711520 762167 725026 764560 792130 765056 800327 822115 802751 769686 747398 746725 765332 732208 751172 772330 764745 784874 764871 752524 737867 765750 762122 820757 799069 755884 754613 771113 739131 725365 785061 719293 733670 806582 760725 796761 788387 748617 740200 773547 734025 794926 727514 798625 774263 728759 766502 861267 733048 724672 702763 745904 713297 760260 751399 785825 760338 793205 760767 734640 784493 766032 741932 746296 778442 764572 797451 768372 745603 819260 775717 697924 776398 732439 738160 783657 737833 770368 763876 780168 790583 746590 787480 735132 800885 745861 755787 716834 759485 726728 765182 729483 748809 793659 757633 752219 742834 719201 744482 727704 813842 746415 828259 737536 776471 767377 702559 726995 758929 795092 735262 726262 805379 729340 688554 760711 729971 773596 745027 793718 739769 773905 758047 738173 777997 767097 728579 818463 743568 751518 826873 765597 792655 747646 729129 790985 768252 808801 781740 788765 745433 751920 796640 765259 739196 767538 752934 734307 736130 750428 738067 707785 812536 727690 745417 796766 734655 783154 785069 736926 743784 763872 802492 775757 784275 778130 764250 782821 761978 758520 732168 725621 789261 756455 735132 774838 797702 786151 781641 745240 811534 737984 732789 788663 781371 773206 740723 775198 753168 747018 752669 776965 796808 837782 767693 714152 774232 752328 743692 
697371 752246 727141 696061 703251 710298 711509 748530 713065 713423 764588 740996 798505 753695 801185 823657 732226 720430 737547 758902 741813 744582 748385 740551 733202 777900 724434 766064 755575 741348 700617 775795 734191 764938 799507 752805 784798 716903 723950 760730 726877 721199 786092 773449 714130 717906 741511 784053 694185 726477 705762 771134 735666 744444 742232 712637 778965 732354 756711 756216 768982 735166 741191 739984 795421 752235 699965 743378 718409 732945 690588 729741 730038 685591 786658 746368 770822 704823 754334 721537 756842 714803 776076 763859 720574 749596 817193 735650 765226 772200 752552 762874 756570 779285 755736 796305 722420 719672 754412 783821 781833 714880 723409 698428 746807 783645 781836 778179 784916 767168 735321 713791 754364 742598 716902 727281 762286 770505 791457 781619 744427 730189 744722 745779 823319 744678 751413 709275 718753 750422 721760 763489 717501 727514 791811 744661 753531 773368 753695 744272 760163 751508 787892 736066 804760 758531 753357 719660 819512 723816 739499 685238 731244 707177 756328 729966 760331 742373 806472 738869 703243 760302 725453 717087 740673 741851 754214 786310 759226 749064 795922 786355 690790 731228 742009 712414 768653 730979 721408 754508 793508 803216 762775 751793 745386 803278 751009 754491 734870 740764 727798 756608 766274 761135 757720 748734 683247 736760 741090 748919 715177 797013 752047 805583 716189 728661 769885 739731 699340 742807 770302 731819 746905 799056 729449 731714 744422 725951 769598 719559 745414 768746 757279 754975 741078 791366 757514 735479 780188 744384 743732 798976 787171 766128 744992 740608 769576 750334 796424 766159 795792 711787 734020 766496 745930 735765 774257 734997 752082 739229 713707 755309 733641 803526 717628 724969 774096 724882 758895 780664 692840 696400 769141 797324 750277 774849 766786 745748 776019 786824 756570 751860 707482 795336 727310 730564 735713 736867 777828 770722 740829 783530 685394 751657 767022 765242 765692 766661 753074 748656 707768 745831 767251 749770 800036 754921 733901 797523 732285 758542 
716677 775573 742386 693281 727938 769410 721817 761737 752309 737985 758151 703185 824249 764243 822852 805652 756921 739669 804363 752755 742398 820862 786555 770277 734001 755479 732062 763384 790413 774127 692861 800526 754760 776469 812616 795224 780167 747780 739541 785279 769515 734477 764686 775729 760579 758168 765532 788358 731079 752472 726891 768808 786002 778571 777805 741739 775271 729484 790571 766562 789307 723918 787916 756393 810569 806905 728829 753889 734922 755846 695674 782167 771503 702825 790204 777673 772604 745396 775931 740498 751578 736200 802624 754519 765103 725473 829207 739154 765739 801021 781753 764487 774452 786823 765483 834828 734643 707509 794429 799508 797413 735373 741221 696710 758142 800240 792428 796282 800481 785728 769772 750274 778071 782230 715295 739704 760778 794173 783332 798949 755939 743579 785338 752498 808901 793549 804352 722925 735803 751333 749335 779112 740255 734922 795990 775464 775540 785227 785316 762248 781300 767073 815809 734194 817956 772953 751492 778397 845839 734593 719424 693094 771830 725976 794481 755879 765989 757284 795308 769294 738793 745459 762494 762840 765874 780983 766593 820802 783076 781171 798367 816762 742319 761676 761265 735224 746716 742518 737844 796569 808496 794225 766106 783298 766703 807454 744699 757442 734627 772782 733179 778578 764025 791979 784047 792734 718510 762396 771943 797689 749951 797632 776743 844556 726742 773297 777739 731561 725237 776560 843848 765195 761905 804521 770244 703611 755360 735212 805290 743784 736752 774620 797298 786319 776464 779406 803923 789983 809192 748248 796981 790777 787680 792452 753599 743555 748163 780112 804427 808061 812538 747259 744060 800011 777449 756391 751973 769417 764054 739575 734931 779460 709119 822264 731643 784777 814421 754283 790226 792974 756762 745212 795474 814473 784820 793577 782273 778595 797276 796664 784109 733785 730203 802680 764624 751165 790785 787440 772303 767467 779768 805373 724427 746457 784937 792238 784198 780877 774814 763459 737382 771044 775409 794704 833009 770741 725478 796691 777165 796192 
683721 739067 692438 684743 690185 704392 658880 713956 672591 684958 726320 681332 761948 726652 768492 775081 731498 727419 745934 742195 720224 731423 749147 736116 718556 717267 720303 742818 748520 688554 670004 725955 716021 721445 796972 689171 749946 718758 698204 748886 724826 687807 746211 727399 725124 701752 739169 726724 700151 731992 671218 702729 718019 765545 737276 716087 719894 689472 740020 731087 719131 722382 749808 708455 814355 765252 655406 688456 709171 708485 638381 684629 725166 661177 758029 736230 733267 677701 730504 720175 721917 709890 758608 729577 715145 707614 790708 727709 718570 724625 733725 733904 737705 718076 713521 764665 698914 684945 745963 733815 749375 673571 709572 662673 699358 745585 738083 767717 784195 753655 727489 678008 730916 721890 704605 718441 731626 704389 754351 730434 714915 701677 733841 716094 767150 743225 760475 699752 692575 723041 698915 722029 678863 695962 746730 742455 745342 718871 747614 720226 725355 732718 781397 701496 751584 738293 733803 698567 812920 692453 703618 666356 749893 671397 716197 706003 743752 716197 791653 718022 705837 724886 703150 698889 743814 726019 710827 769828 734100 734140 779672 782383 670643 718008 702529 714219 738995 702179 685611 740079 761392 754276 756809 740543 670446 748476 705643 706140 710854 703677 708967 712164 718942 755188 726291 737573 714807 727007 708583 728678 712432 758565 710847 791275 687769 731687 744436 685300 701202 698622 777405 729880 709989 756211 701421 713443 717387 716228 744282 696345 715812 732463 726966 724920 725431 729360 712439 704346 731631 682158 725175 752527 744782 730429 707094 691538 726055 724729 744933 775294 760621 716413 693421 765351 721737 713572 718344 692724 717178 697845 704682 711772 695114 728240 675273 728176 737798 710434 728950 752612 699930 690272 726548 793061 749735 741417 717531 749581 759863 743473 747908 697994 674828 763834 705747 722702 729809 726849 722546 739018 695586 747227 686513 703762 747658 742475 749530 740745 715197 749555 701763 721730 705886 740975 789654 722983 664606 739367 726678 742810 
664233 722114 681000 691887 694116 678577 668912 707156 669705 649240 715931 663015 733315 730354 735316 784707 703569 666718 706242 708630 694181 732322 689193 700090 651152 693696 692475 693716 682891 694741 664528 716835 722383 714443 755531 693602 753802 697974 661482 712040 701646 689275 713856 727269 676074 711710 713619 716231 660536 692865 654730 711533 690634 726230 702092 662113 717667 697774 707090 735260 700648 683928 734700 687472 759827 739023 674059 676817 693924 704717 652191 681121 725643 645081 727902 691903 696166 656159 754096 659623 697868 671388 754654 688465 687453 696026 758645 690022 739220 739147 717406 711298 728834 725355 666469 766620 696530 655176 672217 734502 711229 665894 676446 668029 689099 717215 689296 732733 728999 727043 718587 678927 693346 690595 701892 668576 718942 740595 744787 720935 703532 684642 717544 678997 752463 724100 734899 683527 680922 696797 675790 720180 690832 737721 721844 687682 734453 713615 721894 695863 699762 668977 763233 684268 760074 705839 679374 701587 768728 656393 672226 663346 702587 660037 708616 702651 710302 688315 739490 680726 673781 698905 701247 664398 672589 690725 681513 738410 689845 714497 748298 703848 675615 689299 694029 700642 706150 664832 699647 737288 697126 721899 711810 742624 677766 742647 707075 692384 673803 724289 696914 741082 722048 731754 695124 722792 674518 706576 665429 727092 695719 763954 671178 784426 664199 686598 700067 660291 678256 686681 733401 683775 700766 726829 665365 670504 686783 725441 737636 677916 698314 718519 700814 743716 717044 724115 716348 699450 744189 663586 683371 751725 732270 691021 693191 682874 714752 686211 756435 724508 696970 667229 690132 736307 690472 682646 684807 673060 678835 669685 676578 665747 677993 742840 690729 714246 745137 710394 700203 757917 657549 671910 696793 744320 725576 723150 685270 714285 721742 728513 706207 701069 648694 741157 735170 702183 737318 697444 703982 742795 670055 718787 693558 685045 732408 710670 717164 736855 715134 697413 687833 707456 700925 699911 731644 714090 671733 711726 727956 714848 
664590 741747 718287 724133 718764 715185 680502 727422 702184 712975 739300 709921 757582 754985 762243 762694 734594 741813 741224 754161 745548 772924 758418 745666 702595 749829 711779 734729 765546 727669 692572 736215 737187 732276 783678 710759 745262 720337 721491 780491 725436 698399 770493 754173 726109 713894 755754 761635 688000 705184 699034 716663 697249 757619 736856 726073 731282 693232 757012 740766 755613 728082 721682 714521 779501 731171 694891 704052 692004 701251 685471 709092 712081 669424 779059 742674 717936 726377 759688 726687 742461 712759 797904 746783 717579 703117 764882 699027 740027 752155 716495 775206 779571 733181 728466 782626 695432 679330 743025 735493 763279 708790 705087 676380 712106 765026 750772 775886 786493 779657 723101 685642 751888 748380 712979 719840 749710 735545 744659 747545 732645 708308 744751 756334 776940 747228 770975 713499 731303 760440 682460 748212 713472 711927 759186 724854 755740 768854 742086 737730 748597 723769 798119 699231 769922 739597 732171 725399 800255 715148 698220 674752 732428 683224 735503 717282 732584 744158 766397 713208 699192 732083 748117 706118 734043 752546 752384 778816 758696 736496 802482 797930 684935 731922 722019 709816 734541 717646 728995 731297 773266 768068 759850 739776 698981 765941 743328 734904 706419 729855 709225 718489 740053 756463 727431 749281 722021 714710 713680 736730 715143 777215 738255 793985 693341 723006 737140 694864 696895 737472 766616 733930 737055 789268 712486 696462 734041 719969 745158 710234 724737 735659 717937 723702 728529 746643 752598 723929 768995 693926 707463 775960 742360 729614 722515 707989 743351 735362 772271 757827 764325 720343 711859 743017 736779 708447 749294 723425 714336 720465 714343 735049 696024 800802 708293 712927 727698 698196 747307 771921 711651 690285 732820 774851 727720 733519 741330 739165 754495 734274 741087 707508 665268 741386 713677 710232 721063 732987 734737 751707 725629 785096 680616 731555 749319 740323 754589 748066 724306 741947 705217 726389 726454 748004 819483 726996 694831 728040 765047 751987 
709324 739480 694891 700312 718151 708895 707806 725007 726916 747498 751169 730089 765130 728672 770277 813528 726080 717040 769203 722130 750830 745720 741167 755262 715599 740878 732925 768221 748443 731127 689954 793230 739009 749141 785801 737924 771509 749207 737355 773531 744861 744461 753887 789475 728142 746372 742551 774421 714058 700520 684392 746867 750784 731852 770212 728044 762632 710897 759696 736504 753322 719807 742125 763678 790108 759940 696234 726146 726309 760069 688265 733023 777101 672661 775699 730887 739793 724522 746343 712363 726494 729848 798984 743081 738202 723088 792140 742291 758165 772884 760282 742275 780099 775044 725895 792358 728714 725971 729306 763165 772236 696711 745517 714121 731686 788003 758593 767546 760958 780173 736167 722223 784013 751134 744962 726563 736809 770982 776661 764230 737380 735113 749820 775887 790104 780138 766026 726639 722528 727605 703663 782805 689152 759421 771917 727286 761746 748769 783384 740641 730597 715579 797417 732990 772045 767557 742388 742202 821433 715848 678522 690701 734166 698560 740408 730711 745208 733927 791063 735995 685501 759701 760574 706412 699776 719059 730709 764169 754296 747737 767457 752570 710688 714088 734860 733662 753308 738158 735343 759682 757676 752250 785037 748763 720285 805475 732074 706769 711481 786996 706526 778528 745190 752469 753064 734732 728790 744173 700744 749527 715394 790948 752868 809039 713689 743865 750309 701493 733361 720273 798726 759527 747920 802591 707518 705258 724663 726855 760493 754872 737854 750572 751309 769256 753605 759781 774240 737729 772649 734520 717037 774983 738183 730545 743193 702772 763589 740062 779286 748599 758670 720612 726762 784332 722255 741049 766036 737002 738459 722441 702356 742015 710004 773529 713123 738763 760760 752544 757807 780721 708869 738433 765889 814905 743169 785387 753182 748295 764534 738682 732952 749191 711838 772807 725905 731600 746685 724073 770525 789466 686334 751392 699510 735258 771894 779583 799959 767611 773291 740537 699448 740822 766833 761933 804641 753315 701995 740569 740994 735990 
686655 763175 755071 704640 708237 717875 713735 777800 734265 718010 751196 721791 795284 767725 797317 818970 760640 736971 766598 776738 765768 735201 786788 750597 732647 764551 747232 750462 766167 743082 731992 797941 783319 762568 807427 739061 792012 755463 759608 775735 732486 695986 769419 759250 735621 729128 735158 775161 724016 748885 725239 744124 735628 758706 773189 730936 784116 707612 758383 764136 762847 768472 763410 759962 808919 797408 697648 775198 739965 702059 713239 754279 747094 680245 772144 786575 747779 721544 770813 751309 733229 736799 816522 754823 760015 750239 830454 767663 745589 795245 794004 785988 770643 735552 742952 804802 758084 707011 767834 765388 787259 735422 719008 706164 731906 799779 780298 772394 783709 791602 759314 714578 749296 759688 713664 748402 772817 765540 770236 793714 784716 733177 760508 787243 789802 787279 782415 692430 756366 755491 739023 772144 716820 751441 832405 744526 751313 764703 745329 736133 785516 725800 810219 748040 780650 749061 739967 741825 850034 721398 737037 713213 758306 719766 769781 723391 744381 758899 787350 706601 702017 766969 777937 749945 740721 767563 747393 797685 745906 773180 819100 780254 711330 743234 736535 762235 773189 731241 733704 766222 776817 783995 739387 767757 722328 817796 747404 772354 746845 796707 749320 766541 759419 818238 757748 765502 753341 766035 735999 777041 717854 768168 759074 837787 734277 736144 778802 749126 739176 737968 803248 779591 744048 798856 766399 723239 785539 730422 768165 734476 757131 766438 749139 771187 769132 755208 765243 743312 797779 722613 754726 828262 777725 747672 737424 724759 782217 747774 808676 749667 803086 763858 724034 764702 760715 738543 750549 758591 743278 728835 733981 756762 740983 817411 714798 753289 779573 744531 782969 792024 729515 733607 758073 789832 741392 761248 761616 748930 775539 777078 775444 697031 725282 785227 741795 743139 782720 775038 770300 760946 741131 777020 738826 735783 794090 787109 755285 773343 767638 763032 720159 739401 765946 777228 821446 782040 725361 769818 772668 752528 
693815 742071 712286 707453 723876 727685 719962 728582 714175 734462 765635 711896 792671 715361 793845 784685 741491 713716 776029 745857 765591 775564 731259 730739 722645 758405 715313 726977 754901 744495 708532 751742 754231 766910 777207 727279 786949 750076 733957 736820 736388 712373 785386 765414 730066 727457 744169 770143 725604 712246 682521 734889 734836 763440 766397 733939 773242 732251 770589 764269 794403 725833 749751 759747 764891 762848 711790 753038 707379 718147 699222 743332 765116 676060 778578 771413 730092 728494 724181 742633 745594 691481 803068 728776 727843 717654 786575 742635 770202 778772 762323 757111 763020 754180 716836 784531 703713 685575 739779 764201 776100 709033 752684 705271 732770 788432 753934 790934 781556 735755 719587 716758 728739 762932 732950 748440 766778 762193 798786 773874 762079 754957 760737 745450 779284 770865 760745 725355 745808 748869 733824 756838 699042 732778 771577 725216 762553 773556 734801 747677 743024 728644 847321 702237 773855 778971 713038 772070 823229 715363 712897 681073 734923 700261 770455 745987 743296 756259 774415 737822 725510 763246 784837 732893 723258 775745 745177 810039 767905 767127 793735 785086 718922 760083 727947 730482 710854 720900 726379 757613 786134 774167 759195 736818 715842 797664 721611 729791 730761 761869 721385 746951 760576 785639 738939 745383 718636 743974 722632 751212 703630 734879 770400 808724 738972 722763 733069 719301 703465 722465 789990 711260 719447 764873 720361 714497 759260 714897 756924 734063 759684 758197 758413 734268 761865 774907 778127 732054 748143 714656 741882 786933 757499 754296 729057 710248 759541 767122 806022 771896 760227 739025 724237 759310 760760 730250 736820 746381 747922 715144 711180 738810 720828 802463 706025 735640 782089 710265 764199 764015 689572 713095 772664 812419 750376 769064 776229 753635 742882 748479 734177 708517 699403 780916 715572 749685 748805 785449 768890 787880 724713 786259 719434 730547 776742 774296 776176 757881 790933 752296 691679 745935 745657 774024 828943 746774 709088 784392 739746 745539 
703851 752482 722136 701015 741606 735727 701985 731309 743015 734975 743340 725677 783104 749965 779498 818504 736947 720870 766800 763930 733854 764072 755941 759816 744331 775369 769629 760728 771713 726635 677458 772349 745754 756753 787895 739484 785503 754643 731942 757729 732600 733124 758021 740131 726879 704603 747420 799589 729464 750757 712930 741818 733665 759345 757489 708397 774214 717554 781009 781913 802945 730327 750118 745075 815627 801456 673998 729639 758220 744728 704622 740603 756223 678287 777541 750684 773041 729124 740706 740549 741652 756478 765029 759520 734111 706132 797518 767022 758744 783052 781364 741957 741255 775895 744114 784903 729195 723005 741700 757872 768126 705680 732254 713737 737952 790109 762109 770967 801328 782374 743803 725320 776270 738403 726206 732086 770171 749317 764882 778868 756623 719051 749509 728278 835244 765195 763895 731996 735809 753049 707350 738797 751318 728673 786710 765547 756345 778332 752147 714759 783590 744068 821431 728172 796058 727209 760861 753856 809765 744067 716305 680337 747592 705397 749177 747523 764208 742252 792009 745450 720683 756271 732833 747091 756095 752026 765756 786991 783669 769305 811272 810505 705178 738831 739504 744341 766025 710830 740798 764260 793528 777624 764812 773728 745699 777597 731819 749042 735504 752020 748442 759797 773411 774180 765838 764425 726806 731112 733742 754756 729718 784754 742053 817134 711556 740876 762422 717406 718780 734729 796655 731321 718722 758747 748022 709274 746057 735075 748638 745044 781552 778111 752224 760887 744932 787567 752301 737713 766433 726949 734169 795527 763509 781321 750006 725436 754961 777693 794115 805194 769404 723386 749279 783100 769905 745873 748308 725220 749580 716631 704704 741897 718053 801125 707986 722708 793689 728413 760165 765681 715528 714196 758113 790182 760204 780866 761169 761201 788806 767833 756474 740107 688799 749980 738403 732410 766778 767904 772504 770899 736237 773250 720035 738141 765419 774837 752676 767787 773343 765412 715057 769097 746228 751695 819149 780855 682853 754907 739968 755228 
695196 742178 705043 709898 715588 728085 729159 733737 694907 716796 718068 684263 749052 742679 757777 791648 732248 711809 765724 752059 747065 756420 761839 749442 721550 740191 707951 770702 763259 705882 704736 778818 742255 736369 750629 741185 791571 735441 745753 756671 758409 684380 745968 748557 723585 728034 759915 753920 716871 728542 685390 718610 731328 729560 732112 717587 729795 720169 766304 735551 794903 721477 750450 712149 787334 754006 692133 740526 721122 747348 691281 721110 767154 666621 769090 734646 751158 709432 735988 730652 726910 707768 744311 727013 743585 695616 770322 753143 754152 759369 764820 748318 742332 735072 736927 775837 698541 678643 729929 780930 768801 684452 697580 691536 709085 759679 750422 770368 771586 761195 747134 737547 753799 742732 731100 752058 772840 741452 758396 761314 743072 708674 735408 762051 796036 761779 775851 718006 738566 716477 694182 796394 712090 735055 778314 721977 748725 753941 755869 768539 741256 707137 782265 717545 807974 755579 753642 765306 808579 697583 726077 689596 734624 704873 762808 720769 741676 717892 785079 741058 702547 760555 770723 724813 727600 726613 748456 807749 746615 739546 805768 767980 691155 726945 723786 755309 745361 712368 726118 750558 755973 780676 760597 752405 719600 796678 714966 739748 731581 747036 731513 745966 737496 775802 759136 742069 729883 740379 747821 749759 707600 774055 744967 791148 718727 722208 753995 714199 713011 732097 755491 726629 719532 757078 716360 726388 737623 732741 766388 709613 752033 743531 751933 762907 745608 760594 756298 752961 750869 696994 778287 758943 741263 727272 739911 705578 742325 714590 776373 761524 784255 706249 729636 759906 758945 752593 721052 728162 729805 719593 712500 739072 719045 812319 701875 757415 774472 735331 777076 779680 727816 723808 765187 807108 758556 774212 721074 729157 736337 767216 710784 722491 741236 771012 703548 755950 721333 767254 708868 756805 715213 772655 687569 732799 763926 782812 769309 751285 751039 784583 719866 713183 734400 754392 776499 749219 714808 776466 730814 737134 
675499 747553 715832 723862 707616 741843 721446 749443 723212 703039 744265 728246 773169 747511 787480 821420 748063 711591 760587 731106 752749 748375 750252 747713 695690 730057 721885 746437 737734 741999 670319 740207 735478 754966 799951 744717 786740 738837 737702 744466 716802 713241 753334 728920 726885 732890 746123 755006 696856 736708 705496 737513 741415 785394 753454 710685 765427 721913 795966 744214 743659 706223 732348 740507 780551 810042 691871 727167 712615 739586 667795 715539 752459 677022 764292 736593 715724 736311 709312 718282 718842 709075 772843 735511 734509 730177 790005 733816 742711 748797 737475 733643 755996 762658 712648 795799 711837 683654 743527 761402 756570 706053 723154 671071 732502 773492 767362 782966 778811 781224 731056 730003 728888 731324 710263 713099 721273 748859 783139 742763 750297 735374 749087 736009 787219 771220 758131 723534 725421 754885 705011 785992 689360 741557 758402 730416 754514 787961 777285 703739 744752 716532 803107 741881 768130 730851 751045 726413 799035 697450 702440 708213 732960 707446 739754 747700 731057 730610 782832 741857 742410 740138 744802 694336 725703 735456 730469 783564 728310 770707 758590 769809 723131 735572 737297 728647 749368 718298 718175 762950 766324 769511 753383 744715 671404 783380 743949 734488 706010 728219 733812 719772 761580 776518 744595 744555 707052 730797 735490 750951 715641 796357 719044 783887 731503 758740 730939 712393 711824 716594 787941 740860 724954 791694 684814 730894 720696 756682 779778 729830 746262 735571 768592 747125 727419 724899 772494 704318 788095 700660 724788 774609 771541 734600 732676 697478 745914 741445 761180 784640 803542 752816 698709 782483 728454 719412 735997 742682 745351 732055 725314 704050 718399 782922 710286 735855 761091 751537 724929 761474 712324 713259 761191 784849 739149 778321 750196 751622 795158 728478 760637 703976 694662 760570 720291 717774 736444 751586 723225 763161 706195 774123 699361 716427 804386 728884 743870 733750 771557 744787 700844 746137 741488 759342 799425 732632 688528 746677 761876 751532 
685412 740088 692375 712559 697084 687587 675589 707636 692361 681134 718064 708043 742982 714819 766792 799987 718241 705278 736089 703913 743872 747630 756334 743204 684752 709625 697735 715124 729414 694456 661127 747930 763328 726184 752406 712544 744164 710744 718635 744956 703147 687349 723393 731045 710370 695865 719290 712999 652836 708187 683828 708684 713006 743833 730178 695723 748408 700850 744973 715157 742411 722612 718766 706214 769765 759074 709949 732287 705857 707142 646136 705742 730931 652375 763422 736790 725605 701266 709017 708423 700313 694100 738405 678769 720299 693123 783316 689658 721739 714239 745153 727276 752053 747439 706597 763809 694417 679355 751064 748694 750849 717921 689094 659989 710616 754965 726933 754000 785625 739801 716592 717271 727085 714341 703195 682153 712243 714588 754468 751782 705719 684928 724736 711405 766832 745323 763482 692730 710850 714463 682405 753644 702574 728696 752792 725797 712196 741862 712938 719288 720331 691411 780180 687163 775217 710782 721620 689821 799767 676691 678351 676363 712131 687783 723601 715103 749829 711399 739054 727754 707434 723953 724895 708462 703395 730430 731429 784845 701044 720892 771663 753580 685781 721690 690175 690250 742377 708084 715365 713260 740198 749706 720418 725685 723097 764938 715107 705179 654653 714505 698172 720829 716657 735783 739317 714468 663817 687490 693637 736343 686350 767498 719159 796590 665949 739789 722713 714682 693822 729107 762336 714301 712444 759047 716924 682259 690213 692785 753364 695943 726715 720297 729814 740400 737715 744125 734285 706179 751772 723476 732639 733386 751268 724913 699802 717701 727343 724343 760151 760091 759636 694360 723476 747014 729106 705450 722001 731040 713787 697471 676867 742884 701028 757616 679874 721129 759333 702454 726604 752055 701308 678342 714687 778420 714845 731476 719765 714528 757965 725594 727858 687077 652810 741018 716320 689806 726462 711991 695308 772806 699296 743683 698529 705979 739731 731646 725071 738633 732858 743638 707089 689239 722664 735007 773075 732531 686198 777588 737363 727754 
627898 656305 624076 619954 657726 643062 647753 637874 632288 673611 655040 636550 712653 658641 725692 722854 672730 628329 693524 667096 690717 697081 679162 683465 651481 668120 622352 693919 674058 655615 617691 699523 681990 650373 700659 674366 697267 697366 651369 680784 652787 654616 690004 699030 671771 663676 660606 686032 624109 668870 639983 655979 659315 679195 681246 672276 684147 668317 701616 660233 659729 636369 672193 669767 721502 696500 646062 673972 631625 671988 651372 664631 678920 600508 725670 651843 676295 629121 679053 639030 637938 621137 688954 684593 673183 655325 732730 681191 672963 681407 695553 670514 687618 693269 643644 730244 674093 610711 673432 696364 693437 647937 659774 622436 661269 674782 671000 731824 709749 682665 664957 643057 688946 673425 659363 669392 706057 664189 699564 672110 676523 644800 683766 699891 722659 715707 716668 655473 666751 669515 642934 708248 649979 659060 691346 658268 683343 660919 682947 702230 689129 655523 729890 656184 721189 684551 669384 663802 751441 617143 647937 620028 659075 638047 715507 658430 664901 664110 692885 670844 664633 675920 680672 671651 639037 693468 674949 701708 673510 680109 717263 726100 651996 667953 632985 676170 680526 660277 635475 687680 689323 680241 672638 683255 669124 702744 649418 669795 611852 663115 642997 681468 667879 710903 703981 674399 667162 670823 626416 692201 658387 692736 678088 730384 652086 689468 676464 659357 625172 671495 724868 663238 642952 722371 647058 644792 655551 661449 687916 658432 644685 654262 679209 675385 669648 693623 716220 685246 725256 658780 684944 711333 679161 656654 669901 617216 674154 667885 680088 657392 682895 669591 664289 682397 646321 655794 662347 682824 666751 652464 627097 659096 670658 688753 650462 678829 682437 663780 668005 706474 658111 648953 669940 710138 678312 686734 673357 665248 707915 655546 668884 649557 652236 694006 667504 661850 656833 712015 650495 663905 649010 700002 645950 659392 661437 689275 695234 666886 702785 667686 653207 666378 687832 667481 745779 672798 643306 706655 693427 657275 
681243 729165 700756 708504 690061 703492 703673 744293 702841 729660 763763 687272 774251 732670 773617 774636 748458 709244 760537 776134 759307 750865 742508 733127 713228 735571 738737 754809 736916 743400 680631 764102 756206 772331 804265 747341 770019 745916 729650 758470 723488 688341 779387 760284 738090 740825 732867 725776 721716 731138 717218 727005 738140 744602 745227 713981 752087 739334 757608 759556 748195 751409 720768 714948 791030 785729 694240 730752 726007 758587 702888 721810 766757 654916 776681 760481 737968 708076 731336 729504 741323 721012 757882 718773 729751 694103 781091 740277 734049 771933 758631 765819 744664 765260 724927 777404 711398 690746 715472 772230 775768 711408 753012 679844 727359 794755 753000 782306 801158 773993 732064 718323 739865 756916 696301 731683 766670 756248 752942 751923 738287 719270 745442 745608 778028 782754 758030 709470 714276 748442 738777 756256 682740 732688 775243 743878 721703 766090 747033 747717 745572 704971 808142 727857 777463 765730 734138 751781 807342 678462 709715 726301 743987 691307 761915 740180 739087 730976 784739 745120 702511 738399 755147 747120 719762 755766 745289 788954 754157 744130 783503 772074 705039 760461 739788 730834 755468 729035 725579 750128 781820 750608 748363 739639 702614 775979 744422 737622 722874 776063 710186 750797 770930 751054 723462 741050 735880 727633 719578 761048 696950 742629 737159 825761 698464 751194 745900 709932 713312 701997 778144 727396 740297 786496 726847 711204 730954 724022 755980 723159 756475 745857 740714 741416 742256 751122 745632 755618 760415 687943 769231 794698 764357 750550 733546 730835 755756 731423 780631 758595 789632 721654 707705 764910 740297 719124 718405 734296 744617 721750 720587 665649 725922 802274 699180 760048 776323 732767 760979 767479 716473 738819 757282 793229 757186 767404 752522 717251 736015 709843 726014 707831 691560 776112 743606 741447 742076 735690 743861 753595 747141 764610 695869 726121 793260 750042 745933 735314 775903 754425 710001 747724 744489 757535 822683 764665 693676 743587 759494 749072 
649530 734572 697266 664306 673893 686978 681356 688043 719951 688284 722754 697131 737011 713178 752513 760838 702506 710888 709927 741204 739050 744056 732359 741017 709349 697367 664346 724986 698744 685781 658818 742011 718922 728406 777519 735794 716421 702291 683724 740742 696311 673628 717357 739039 697676 679086 709991 725582 693759 718137 673171 699021 729252 723151 711567 700118 689401 691523 694728 729006 720520 705980 708197 703970 763822 748316 681668 701887 706099 702741 647540 690999 714824 647190 763429 693839 740043 684401 721131 701937 700918 725253 734214 710062 689351 679727 752299 696225 753232 731206 725965 736818 743846 767267 725833 784667 732368 669099 702717 727571 770527 685800 692728 670454 726286 728616 722291 751690 760945 737101 724274 682117 708046 714337 691631 706394 705936 740370 726098 707069 708987 686073 726117 707323 779446 744992 740778 679926 694274 712614 698999 715867 662056 667788 715434 728557 740321 725548 729842 697947 702361 708203 774385 702330 760791 731990 713966 691953 789999 683559 687016 683858 728857 670807 734764 715141 725371 710866 760112 711089 703034 714156 716697 707387 705287 756049 720837 768320 715212 716260 762492 736208 668014 702475 666408 718425 720419 669232 673469 727040 755392 729176 729343 721653 710917 744462 696888 741505 641802 730139 715457 695015 726459 711430 714605 744004 672228 710871 698230 699394 710875 727274 691813 735075 679835 723459 734022 680900 697397 688243 772746 700934 688859 770039 699143 657532 707363 701430 740620 687764 711022 714415 721953 733389 710907 748209 732211 710466 764078 694590 751474 757119 754288 731056 729929 703606 726540 732868 754392 725372 735737 695738 702297 748869 699994 716058 714806 705476 705527 704688 694489 705763 677890 745173 687612 696216 731739 721583 729677 739530 711690 682655 724616 741904 747308 718700 709221 738810 769453 733766 722282 690962 671394 753722 702360 714751 730141 728869 705051 728287 704555 735229 668852 721096 744488 749874 671790 709288 744808 733483 693315 694846 706193 718130 793653 739180 691630 743235 731383 714676 
661631 756433 715776 721457 720797 742710 707750 710084 708958 704304 734934 706700 771485 727030 771078 789973 757923 733366 772390 717828 730763 771336 759129 745228 687655 717000 717338 717360 736834 734728 671174 738355 726161 746432 776106 733574 777375 710785 725129 751216 729089 694912 761738 766818 720131 716838 745616 762008 712459 700361 694648 750709 737398 744548 731946 688713 745408 707019 765783 760754 734292 723581 751920 724811 778234 752287 696342 714589 710102 713282 695395 730718 730650 680052 754164 729540 733732 698576 740763 699518 726130 730300 769540 734283 728361 687750 772066 727293 739774 773151 723839 756464 752888 769647 725483 832733 702834 692421 727387 765004 741646 711870 728564 687340 704913 781521 740667 781785 771639 772668 719516 694783 765925 721668 699165 728659 738645 741938 777641 753650 768241 723175 724767 724252 793677 749056 768820 711252 724344 731947 718303 747557 711432 714089 774965 718695 724874 752808 735043 746089 750332 739643 794449 710731 803550 764551 759313 763236 800250 704205 718324 671136 736796 694995 735485 723904 752378 762864 791248 755692 723975 759486 717104 730762 717181 739976 750980 780792 725525 755742 763529 775289 713177 714740 731250 750278 765482 707300 709556 747168 769979 731934 738928 768373 688563 766846 709222 758192 704132 711275 710101 735175 742758 749843 758993 739021 696442 713332 717589 758938 711039 760303 730971 779828 708320 738370 748827 711839 715470 726762 771715 710287 727314 776728 724296 703288 734373 726133 743557 708224 745416 744066 758069 738527 743576 727427 758116 727571 747786 718119 714964 782136 753061 771520 748999 731883 759975 734171 767721 755027 750043 687344 722718 775203 760473 730945 708302 701871 717833 675429 714544 726923 705079 769950 703365 715218 737201 727777 729638 767686 697437 696891 753724 787732 765109 770343 739082 747581 767935 735210 734540 726867 672590 786693 719950 735651 762998 766412 736889 761482 707574 746371 703815 717927 729023 740053 742120 767998 749747 725330 736361 736849 744750 741508 785204 733474 695767 772954 741625 725931 
666722 729064 704549 698461 693320 699602 693458 721381 727521 714847 723916 701906 778500 702685 757616 779717 737051 696539 736655 714916 717927 746777 738813 721325 674141 721996 712308 747993 722495 729117 652223 753117 706637 761520 763387 736960 754811 709164 692876 744273 735341 678290 736300 744040 714658 705777 729742 728272 703743 709769 708406 700444 729549 729016 749671 690413 725948 695062 753851 735707 759741 756158 739364 696085 754548 782918 646383 716402 730352 721580 679082 688780 710549 667343 773089 706537 732915 700309 726314 719103 721203 716406 733389 721617 704173 708797 804978 717635 756629 733900 741573 707115 728932 748641 739085 773117 711900 662088 721552 766756 765266 677388 724605 682745 709888 753732 726917 776107 753211 748900 731885 719501 736725 730359 691728 733381 715833 698823 768159 754901 724124 710181 728830 726643 795356 745917 748196 686114 705154 723281 713244 731890 696366 704356 776132 730201 759607 765272 738169 707078 725276 705975 768058 720523 759617 741798 736408 713444 800480 685482 687486 646331 720756 685226 739869 713919 728437 715856 778493 720597 713011 710478 700401 694351 722635 737994 721986 761237 729073 749654 776440 757321 705953 718695 721425 690635 711039 732894 705889 763083 760223 784524 738615 735954 716615 766762 700270 742895 688959 688260 701908 707270 729827 742648 746304 732068 694089 721751 698766 764984 688793 770788 703593 780107 670333 715957 707031 701881 691209 719619 750414 723212 690722 753099 711884 700829 709049 720959 737884 690046 732494 723784 731778 734057 749181 742835 739984 714332 763169 719015 732603 773243 739104 742886 732438 687615 719291 729910 777871 761316 760879 691349 737416 757688 727457 695649 769414 709077 732388 731226 700428 707793 689840 769156 670545 721448 752392 693187 748242 757470 717556 685442 734050 806012 721651 756149 721479 725144 749422 753665 717840 680180 655355 753433 713156 699038 734660 753639 738419 729557 703166 757223 667882 714843 760134 739866 754647 728450 727699 729475 657610 713760 710029 778724 788353 726816 685326 737403 749344 713356 
646878 726990 689307 648055 692500 678639 652693 672972 684529 697107 712183 693250 723179 724249 745304 780887 677531 666656 691505 682491 714947 712747 710313 696700 679520 686012 666950 685598 682829 687018 638577 725029 721265 694177 746242 691309 742565 666934 669450 707880 714553 677379 712171 739146 689812 685158 710224 701182 685141 671333 691247 703931 691175 734343 711891 683541 710166 678488 731358 716729 707553 691952 711841 692297 748198 736060 637541 676135 686033 671785 639232 679044 716429 637383 722855 714160 678121 683600 725005 668949 691853 686155 757524 687089 709868 680741 759554 688530 675211 690351 713784 678043 716242 739574 681601 739112 705621 654434 701015 728928 760225 668608 684901 666419 673520 756437 720637 746849 744571 742276 711703 662782 688496 689890 674454 678890 708676 728456 761754 732712 705545 679976 682947 732464 737320 713855 698027 681098 719295 737324 654909 693310 682055 706785 712803 696650 704459 734822 719893 680268 715577 696996 776582 644559 728397 714751 683439 705647 753152 637870 654839 615219 721301 656745 747859 700838 699464 717500 719159 700867 660475 690650 726067 663378 672383 738614 685276 758724 709828 737075 732423 725947 702304 699087 694334 685592 689350 676731 663262 743457 723154 721568 706339 713718 662334 760569 656082 677549 664641 715882 703056 700577 704005 731562 723293 719691 676270 672774 666633 707669 677645 722928 688830 764919 660969 711768 702931 652558 672342 689828 762060 688303 669598 743126 678490 655486 706897 670486 727478 698973 682578 692310 690847 694591 699269 700611 742327 685996 746500 682203 678138 738588 701480 705239 716525 670677 723489 706794 731234 737615 705665 699420 689591 721675 693580 663522 685971 714278 686718 668266 678840 703383 647527 745499 683910 699934 737136 696527 714386 747260 673394 670116 711151 751826 694166 712116 701158 710908 747004 711070 693718 667901 665370 693194 689005 675778 707107 692572 699834 709730 660551 749540 661835 693151 735770 719522 714679 741072 726772 709051 677233 686292 692133 706209 744208 715530 661587 712471 719918 694442 
670752 751717 718540 659932 703062 704745 690189 714728 696953 696349 735220 688559 753922 723291 758931 775253 727756 695062 756631 743832 729604 762690 729057 732448 701584 706804 685051 738825 727836 717733 676039 748167 711133 731552 784896 713719 753259 718436 731985 754310 713894 679796 739073 743547 715596 706397 717947 734606 705103 702141 704106 695609 726109 732613 723821 710240 753575 697728 732168 734934 762700 728543 707958 703107 755405 774563 684432 713544 691324 724944 664194 701422 747558 665493 729304 729812 736556 683610 710636 728647 700951 690281 768448 717752 712473 676659 790122 718534 724719 735341 750718 734044 726912 737903 711654 782979 708710 693130 736434 737568 749329 696129 727895 678692 719287 758633 724534 767685 784569 741567 730106 714203 730006 723900 707299 712296 711415 726467 771952 733494 709744 676522 724036 735969 768444 748476 749906 712326 718438 737880 728803 731814 672333 672281 758848 732610 741234 731845 733118 726655 720347 695738 780182 673110 748412 733194 708792 739203 801653 686337 705148 687688 720342 674660 739768 722805 739102 735330 769100 719279 702057 760431 730944 716091 690294 752073 746827 794130 751917 725644 762150 771671 696785 719753 687351 716915 734703 717613 720244 732365 750993 744047 740292 723902 697748 768097 732217 741968 696991 764884 698428 722199 744175 744858 738940 700977 715909 715317 707024 740168 701965 754645 726145 764048 691010 741522 735608 684454 711822 723194 786729 728778 715919 750128 684085 703255 716629 699594 721714 715500 711262 734983 732889 724472 724119 746006 740345 724078 753402 705212 721091 757036 746079 728205 733573 701823 746852 716234 768371 733355 769073 687439 706809 769354 733770 706937 711448 731352 712792 701638 714502 701146 682691 764752 670141 732861 740093 729846 763121 760240 697676 705346 736193 786678 749023 748697 740805 737103 742911 718833 741875 699650 695267 755752 716337 701602 748897 758764 730731 742063 705189 747960 670429 745146 770080 775123 739706 721925 736646 744529 702374 734879 735905 738219 783048 728020 684297 731398 705802 740153 
736212 769223 729366 715847 741491 771250 731657 785833 769666 755998 795278 767043 811236 767620 803826 841849 791780 742693 790681 786461 786844 826181 777038 790119 741370 758498 764344 800690 787847 768180 714472 816321 774310 794957 823661 758842 798947 772334 770508 797393 784990 735589 795068 806834 761219 746391 772216 797813 751492 748709 747567 767873 781135 767565 799600 764278 796771 730792 797399 800817 805127 769806 787358 782213 854104 807630 727221 749635 784238 777379 737725 760594 785593 708305 797078 791914 773840 762971 773376 796606 757246 763310 798670 772062 770870 748263 808338 732883 805198 779142 776918 819474 790895 811405 781081 851781 746874 739935 790136 796905 773454 738875 760148 743918 768657 836660 791305 803688 837044 817801 782727 795191 791751 775975 749149 752518 768392 779230 787458 775149 753250 741172 764742 786156 827794 814878 788380 758766 753589 790300 783991 782278 731941 764103 790216 782474 806309 802722 798245 768269 801522 782114 845956 723093 830358 829997 788335 750917 839309 730995 744722 726093 776543 734345 810262 738060 797064 809447 820506 779601 714894 790539 792001 766211 767250 799853 801425 837677 784335 763542 840000 814145 738295 758012 755538 749555 780910 779930 783147 769301 801667 814743 801704 776021 761022 793220 763508 784559 748281 785436 740631 770591 782679 788119 802437 777124 747114 771962 755162 805318 752965 834998 779296 839742 737729 779708 770418 715197 766999 770696 806256 765259 738653 824035 735588 724557 777036 765563 791393 798692 788804 778278 783929 790043 791512 776514 812229 768646 822942 768380 752992 835671 815186 787580 794246 730186 803002 806756 827713 836032 790336 741803 758886 846537 756426 743865 785695 766564 783075 755022 752969 774124 727388 827887 741370 764003 790889 762345 812422 821363 757240 764833 768415 838254 792343 801923 789002 754891 809603 767268 762607 757372 728743 785741 756511 758869 807965 786106 785745 787191 758251 795068 768091 777268 791221 781433 809098 783214 802918 756265 782608 756118 778912 787503 857300 772860 761953 810801 774936 773971 
690409 752975 736893 712446 734617 730914 706393 767086 724716 739460 753087 707865 777450 758820 783317 813381 739051 712120 776792 738220 762689 792471 764411 781184 721795 761482 725156 763467 749853 725119 704686 784256 756276 769650 773956 743188 798351 740206 723784 747765 752219 721711 796370 747920 751150 738780 797407 771428 715517 723042 723151 757995 755638 774290 752612 729267 754148 719561 778658 767161 764274 742257 779487 722219 808954 813568 696959 736254 726971 762828 704155 703548 771058 661920 770048 752912 778657 725347 739039 730932 711736 726397 808182 725809 741760 728999 794313 751350 771811 784618 759354 747595 771795 786327 741355 801693 720541 710674 764076 770027 771681 719171 740105 676941 727781 776633 781245 775874 810694 800770 752339 721946 777858 738005 724327 745579 769414 744317 776951 771265 764530 738360 758059 761609 808625 787984 772399 736336 764180 744296 706899 778637 724543 763877 775334 747214 754356 783312 724372 747793 764253 746109 789304 755657 794116 752877 726692 767979 814666 714003 725044 691645 725842 719684 780876 744572 755016 788266 803532 774035 716071 774880 754839 721873 726335 750280 764701 805828 757356 757463 777607 800506 709801 782302 733065 741564 775105 735616 740231 742338 787927 782123 769086 762497 721397 798019 727558 727606 724598 784825 736988 781259 773374 789846 765616 754797 740443 741910 724657 748155 715846 794770 737644 858897 691537 758578 767479 693613 746782 753707 805691 740717 729987 789641 757595 691216 759299 743611 785850 726188 751514 739716 764042 754733 755901 753638 765709 768754 778440 720374 740700 801340 758371 751071 767371 736845 777257 737977 807310 789934 746362 744048 738549 782088 762676 719504 759158 765014 730396 745723 721319 728689 706922 788586 719180 752259 774631 745304 747013 797851 744327 725821 789099 824359 767557 765262 747858 744420 749545 749289 738479 739502 684170 772708 751168 721421 759538 762954 751314 757742 721420 792398 726416 728613 752565 772544 766655 765595 744441 765903 733270 772544 744627 776322 816752 759166 713054 758529 772108 773002 
655647 759026 683903 681255 670857 689160 678611 695164 717289 693632 717096 673118 767194 723011 747793 781719 688576 674366 725713 734649 709643 727368 706580 730259 710633 705934 681797 708403 725418 708678 681210 742304 698086 722622 772548 700164 749848 709251 679657 737511 702571 666906 734970 733816 702825 694977 728362 709124 670020 696683 679296 703050 726988 728253 725397 697701 749038 681102 740256 712016 709300 699436 687561 727244 763527 763571 653280 714493 723375 671945 661589 664698 746346 659644 752133 704506 713453 696453 725412 708181 696450 703610 769046 700357 724955 671447 781170 696588 698753 753746 739186 702439 707258 733781 695583 758249 663109 648919 729066 719582 753365 677218 703624 639071 676046 717922 738890 754884 769426 746768 738475 688775 716986 729985 691745 707265 710977 711044 750411 724937 713857 719303 738432 731485 762809 747560 739449 710957 701289 697184 681733 706095 690281 693736 749091 703235 720921 734422 730080 705058 733138 681348 768926 687010 757763 735165 722772 709736 767397 663073 670762 651271 711257 672784 714919 717257 721114 684711 764213 710210 691938 707741 700456 678361 690192 731936 706379 744288 722976 750128 746746 759849 666372 711621 686674 696391 724702 689108 691908 729905 727631 724897 714975 740860 696218 731761 707790 685725 697938 719012 681465 729703 740014 743295 736470 715564 680162 694234 711608 742862 687662 751409 714760 788012 709768 712075 725378 661615 692773 670372 773732 715089 698126 750703 689302 657264 707108 697968 735374 695176 713361 706406 722338 742851 711570 734586 749338 723132 755699 696604 709341 758286 742228 713351 718997 692012 705618 706690 763478 698241 745773 722431 708679 769448 715886 702628 713153 726357 690313 657721 685738 688766 683788 737810 709887 714248 724651 718478 728471 726387 683591 689613 705101 757309 713824 728633 727998 697257 756227 717969 746078 696683 677319 750107 696021 715431 720967 727012 730970 733034 698378 748126 692004 696066 745841 758639 742499 749753 749362 733787 686886 701679 715835 734152 754210 724497 681498 730820 715016 693695 
700687 754951 706766 683519 722575 720408 702990 730924 695108 721886 735899 660277 763157 716306 732847 787531 722986 691731 703123 714528 743360 772546 740945 747733 672772 719124 700346 726078 745022 699311 691595 723993 717491 726619 768954 719781 736310 732487 715293 742764 759063 694766 744946 750521 698508 695241 725918 765360 670756 697175 707911 707319 729833 730477 722362 754239 741444 711548 721144 726292 759877 697288 687912 727805 774996 755492 687949 696239 725617 728607 660191 688318 734179 657361 754584 724747 707472 709862 743132 719861 701544 706589 736086 726999 744763 691385 768908 699736 738388 751075 723852 757856 757410 753879 707334 759570 685022 690845 731621 763892 748329 707408 697911 702032 709461 747084 739974 770221 787837 762137 744144 725418 726484 747260 718506 739574 738097 748461 778857 755647 731090 723575 716725 737133 772860 757360 740046 701738 699823 734303 695967 741693 665269 702406 752794 717690 769343 765034 703033 727277 725098 708734 785511 715769 744914 744751 726252 690946 790063 675655 695945 660168 715841 685758 753843 698669 753602 748538 753653 751775 690798 729792 774932 701057 708062 756269 731688 781488 758458 739250 778304 758288 681598 738457 703410 716038 758225 707748 705734 749427 729574 742294 722294 751082 709180 751303 735315 701853 710756 742390 699698 729078 715348 772638 743524 724101 701447 728485 705291 727572 729414 761802 726324 802997 699623 721077 723486 693147 699096 751268 775301 708556 684340 763343 718495 667522 710414 691390 729715 703048 731392 711049 706678 730669 763402 765342 761720 749579 766743 702072 728231 763375 741347 733701 750498 689138 738509 733876 767653 774446 743161 705450 701892 771005 729059 725000 733856 732824 744193 692725 700169 737768 685694 771817 700968 726128 766610 727095 727376 729819 702324 714831 742735 748062 715780 738316 695862 729939 769651 757614 707686 723225 703379 717182 726722 709319 760043 745710 724734 734403 692410 772728 692475 709787 752037 756611 741507 729503 742039 757352 709674 726481 705028 758804 791894 727817 715524 744442 744128 745140 
717840 816936 741662 740301 744987 744534 736485 784538 725751 742872 783743 743750 825324 767897 821291 819809 803543 768897 800567 755406 775083 773889 788649 798765 747374 748845 754211 747722 757885 760670 726228 804014 764249 782719 826682 781284 816871 785266 744257 807140 768342 725317 766686 777116 757314 780214 764910 775556 733271 718692 737097 786026 760683 782964 763778 724463 784796 711899 781661 765268 794989 759294 755725 792471 826562 808529 726579 777240 758008 742634 714673 760780 771617 688019 809602 801323 807435 781238 765996 764845 752378 769657 816860 778684 762679 756183 851213 743334 784473 794894 809733 779064 752147 792991 761746 839293 728877 728409 800701 810808 786940 732386 756893 742805 748645 804517 808366 822937 823155 796861 782090 761316 760899 797595 726719 759991 771770 784622 799355 792369 772797 744551 778511 780452 829726 794792 816225 736773 741947 765701 739767 791452 737165 737256 805539 769056 790049 808492 798752 751000 764350 745093 850479 750852 792284 796453 740007 745764 852877 760881 725100 723155 769963 756379 785154 764731 754833 790783 783170 759584 747000 783475 787888 753701 792765 796655 765259 787765 776072 776311 842007 811105 721527 787561 759474 787282 770241 767091 780182 762776 771841 782568 756137 772018 770570 796482 771693 762098 737982 790966 738656 770753 752683 773054 769498 776456 751294 746433 776244 797373 774330 810228 786995 827123 739134 791146 776187 734568 747063 762008 812475 765358 750576 796158 780139 742237 775227 759732 806806 772063 775242 772509 774984 767019 803598 803787 772545 764769 810393 748877 798741 839381 796197 764811 790592 736473 763223 790113 814966 783468 783933 764695 749852 829808 767308 745569 764407 755511 740695 752398 737413 765287 725195 823406 735116 773540 793405 741083 768926 775979 724395 758644 776430 818191 786313 805250 781816 781037 815879 775602 778614 770916 729251 793868 747233 758933 798570 789661 782753 765241 756470 791188 733254 746065 791786 795779 810857 770617 795722 774769 761613 775432 792324 808059 878963 769897 738360 798376 778164 767671 
648784 720929 695298 675814 688693 699896 690654 739160 709019 686118 709582 696730 763653 737699 747212 738277 680968 688846 740120 702418 709510 743237 721824 706405 695536 705705 677047 707146 723820 703758 663839 716633 720689 710474 756180 721866 747762 710236 676444 731223 712704 675911 737685 733401 700813 664500 727249 714310 697576 690047 706538 720351 728533 746490 700238 686075 729232 693270 742444 710186 711312 710129 726695 711553 766391 750057 665307 712700 689711 672560 687215 696855 718658 652065 738123 717950 730652 686720 722690 714635 704305 675043 772324 716354 705590 710533 768590 686978 684807 729345 730660 708296 701933 713019 708646 767728 687736 644299 735373 741309 742632 659289 707934 683716 683387 750887 719594 717018 748200 760943 710820 705462 738038 700798 696620 681583 708560 702392 747257 738764 737845 697102 723866 713707 757174 735353 745385 697819 706421 718350 669641 721030 673926 702356 739331 707267 751692 752635 734064 715109 695494 701452 795218 681013 754413 722840 719826 729172 766500 677165 659704 662876 703591 666997 731024 679750 723000 729010 754321 706511 700997 730134 691514 703912 677219 717930 717082 737044 713441 707657 752781 762714 687813 727955 691377 737966 712302 698698 707470 713369 734468 755432 737505 733173 656481 762188 686065 696913 694393 734002 692732 693965 712223 763448 725536 705021 699571 694991 708301 723698 677221 709412 721077 809102 696579 698511 682512 657369 683593 689157 762324 709767 687872 752981 703332 646139 726639 681681 747917 715801 705296 717914 694682 731400 710426 711368 717812 696054 776129 675318 689365 768252 737039 717009 726072 678730 722065 710721 754774 753167 728948 699581 666648 746569 719924 692577 707054 675767 705191 691432 664888 712048 666081 761682 685147 695430 744313 700269 732741 733184 685120 701002 724979 761728 724391 714548 697228 721781 735799 702593 712863 692664 672367 726188 711257 697187 723200 766279 710677 698805 718488 722683 673473 680998 706538 724609 727033 708062 723405 752289 697608 711994 721637 733458 787554 701940 663508 718405 727295 716814 
675176 751935 715847 671273 705952 722363 690048 731613 715824 686900 744654 699759 738342 715168 758455 776911 738258 691270 746185 721510 699544 751768 733082 736121 665861 740502 702156 713321 724415 708605 690000 724174 731124 738571 785157 735879 746904 726735 710619 736344 725154 676147 736470 722292 738912 677150 721429 739987 713545 674793 677882 732111 709675 727883 717849 669195 739361 707136 732036 728014 759156 707227 707674 725411 776587 755812 668172 714577 692443 693873 682986 711836 696579 660818 737632 738690 753055 710126 700111 718588 694802 696168 722157 712900 719312 708271 753512 708625 748912 717255 730133 726700 720595 725301 711688 783800 705226 664880 741149 726586 726984 699463 692734 714869 725681 763089 728547 740824 795307 763242 745835 714825 728423 725331 678713 706275 706381 747158 759055 733964 700304 683640 737502 705568 778128 742551 761296 687228 744870 708848 688181 740030 689198 691816 763578 709921 747013 739490 719676 697008 730461 706666 778374 711673 759685 746295 714056 721341 791430 707113 715241 678687 712799 670975 729194 699406 713880 705220 762205 726958 689002 731680 733437 697432 730117 721483 725914 790719 717202 749903 763703 733660 679488 694240 703947 712218 729826 696382 700351 751244 769647 752855 697527 710822 688909 772109 715633 709480 667004 725966 710376 729991 739601 765203 731102 737121 673847 721392 695566 717577 700773 763408 719910 760179 690528 725041 735829 692753 729767 742134 795460 702898 709686 747631 690350 705395 705942 691224 730877 742038 733314 705024 720747 720526 720675 746231 720852 702678 775923 683844 737199 762944 751881 766308 707614 695615 726582 723115 766331 746054 747066 699478 707292 733719 719261 715103 727061 732205 711812 666719 706813 689055 702866 773556 680234 680225 735825 715068 734748 739442 701064 724672 752627 744582 725460 745281 748090 739943 729303 734443 726872 687500 677109 775132 699353 710560 755542 744419 716114 732474 682865 762403 670988 708259 762458 765737 731127 750771 754438 702665 692088 726974 738804 746822 757824 729353 682967 719947 729880 733390 
692903 767068 711200 678079 704222 730504 686368 747991 716383 730294 748944 698383 782673 743560 769397 782518 778702 743009 787540 784945 717564 746955 785245 755175 730547 758430 725418 779883 762797 731965 673478 776971 762875 766335 776585 768500 792710 744593 751210 770310 723054 718133 781719 765388 751396 719106 747515 759526 698763 718277 706475 766552 770753 774157 755161 728787 746616 742927 774243 750450 757926 746204 723195 752899 823025 789027 732497 749998 701291 771873 673109 708580 759526 671783 797613 744217 732909 730941 744954 724161 736197 741415 787114 717916 727185 701176 771579 729546 771176 777988 789056 751383 751765 767765 755932 792542 707734 709353 765569 760984 769545 710997 739389 681137 735879 767549 767064 765836 811082 777968 760346 717665 773477 752416 717829 729235 770877 756716 777067 736315 723660 734521 742612 743242 784841 766488 768708 717012 736591 743016 732041 767519 709628 689478 803792 736249 770872 755354 726652 755320 756350 727433 768517 733890 789692 752648 738929 758852 810070 731601 749300 722706 743299 705944 744985 731756 769426 762594 787432 716464 703252 758513 734498 718310 726901 750666 760512 822044 747437 782441 784730 797920 715001 735723 720015 702548 747670 747695 731558 760524 803697 768408 751016 755602 742370 792680 737387 733392 710917 737116 754876 777325 743168 757468 780423 772754 742035 718841 717929 779417 711215 790759 739418 784118 724717 766223 747204 708982 744796 732742 804833 724263 706519 828703 743691 713240 732722 730928 770454 713171 740934 755035 738172 759114 742741 739916 767355 741616 772948 760937 773183 784678 744618 744435 735163 705993 763533 737124 782062 786031 779415 736690 734371 733756 768049 739010 741698 737538 719965 727010 722944 723906 726568 782088 718663 737452 782727 741958 771290 781243 741378 725244 762312 793709 787933 787928 736005 736328 762172 738474 767617 718636 718934 782577 751117 723171 739847 781919 733359 747376 728715 768471 678226 723069 766968 783622 734758 725074 741659 755426 733611 752888 751962 762683 806208 736386 709512 756073 759526 752991 
670850 756193 710530 688749 715579 718601 720230 736048 724958 742537 741523 708283 789782 788492 790468 790901 766558 713652 762457 759336 747974 774849 748805 776772 705805 752315 751017 734072 767012 729075 703398 772209 715111 757439 782332 764596 757860 746992 751875 750145 734362 721534 773903 743006 722656 711481 742256 781380 709190 736685 699660 741421 749872 748488 749191 730338 762838 712865 733716 773195 786922 739131 738486 755708 790570 773185 716059 749411 723128 730344 680799 748527 742180 697081 794388 757008 767251 745684 760484 732471 727770 734047 778957 755522 756336 723452 807731 724167 748627 780980 758107 746146 773237 767857 753847 797890 729981 725411 714086 769505 763173 732312 716245 687543 719986 773101 753116 777896 810193 788107 756966 713248 745054 742465 736912 729699 727778 736828 771048 766394 741518 722836 728749 741516 790467 752692 749427 722820 716609 769610 732734 773985 709065 741932 763444 749827 725100 761585 761127 729583 751679 744613 816752 697147 798730 769288 757912 734716 804541 693529 725822 679999 697275 724652 755003 731705 742782 742101 800922 771464 727153 764983 759588 725003 730582 775196 769575 770065 735294 766538 797717 779602 703267 746455 730079 731690 754616 717578 748595 787991 753490 764541 744249 753760 719500 770238 740239 748840 717419 758956 708308 743203 747020 760369 726024 724518 709716 716601 690441 774686 723928 755055 757619 795060 706628 763061 741149 709320 711565 716125 822329 736913 714122 782654 708317 720566 736760 737542 770735 736446 741368 741585 729393 745086 754490 743322 782401 724965 771302 720191 739393 784637 754780 768930 760819 712899 760733 754623 769649 765093 769635 725777 701818 768133 739909 719588 724882 737221 734003 703669 702040 725409 718748 793584 723492 740236 778632 719638 757443 792244 730347 710001 725443 797269 758337 771537 766678 729003 777469 756683 750271 735953 708886 757114 730988 727198 737754 746120 774681 748626 724489 786245 710259 773043 786905 756483 757616 744938 765834 786036 738017 748526 760445 776351 816741 739537 705788 757276 736720 715731 
636952 679190 675501 651095 658767 676771 643462 685327 652820 634330 673560 621261 666690 683233 697573 734735 691471 649342 717849 693969 670809 679072 697458 688323 633849 669144 684392 689092 712490 665478 618137 686133 677743 677078 724691 673977 715970 703097 664555 698010 660717 632180 691630 698090 663210 652881 658309 713809 657186 649346 633249 683058 671953 719391 675530 639085 677962 656268 732507 718591 691779 649941 709055 649756 707887 726180 656948 628806 678250 691562 650547 654955 657948 606013 700476 688244 683871 648468 660865 663605 658893 648980 704946 675146 652449 659338 731410 665002 674100 685004 663405 691861 687522 677734 678086 734039 648354 643470 664717 684764 682615 625625 685651 643087 647406 688550 680968 692715 726829 698665 715477 674825 707212 677283 665262 660113 683502 681341 698817 683599 657406 658165 672360 668609 718867 687278 705910 637061 684372 669326 676797 696952 647251 660466 705291 657238 677522 689000 700630 680700 699779 669516 748885 688331 726729 689429 666093 671876 744427 649850 648870 649852 687725 648554 699581 648010 700178 696435 699774 665600 657952 691561 661559 640610 668483 672777 666386 694967 691017 654637 711595 681774 625772 675379 683403 667613 681953 646907 641352 675008 684789 695280 665656 658497 626842 714851 664907 667421 661542 654423 677857 699453 696032 720476 720259 702733 651728 700371 659216 678294 652660 707981 654990 755743 618327 663756 696356 641004 672717 673364 723565 680295 656002 714586 669473 626442 686706 667453 713753 669728 680363 672930 693952 670053 703615 663768 686500 681949 726494 671278 678819 707108 695640 675079 690412 659950 713078 667511 702242 723651 680987 646443 639654 698235 682935 667440 663601 668396 669509 664588 645465 662918 637568 723283 622301 674367 696539 661967 685229 702416 659210 663538 695423 708379 676812 698726 669253 671935 683406 682148 684724 666029 646252 695915 674981 668158 695245 689326 677434 700063 654186 681199 654623 664194 690550 674482 693776 664919 695662 689629 642136 646657 675862 682245 741721 689584 640497 696424 715563 696531 
694594 719304 709671 681937 716403 693935 657401 730110 685868 701652 697735 712141 741248 708449 738075 770063 748293 672672 739767 734230 722486 725271 733416 736607 695804 718799 698960 737771 727431 691661 662420 726793 718374 721193 763764 700825 738954 690992 708596 756162 736294 702878 748503 762476 700848 686735 709268 724613 676049 676016 727829 740546 730803 741457 706652 687846 737326 704332 753446 715584 740744 719894 720197 701013 762068 757004 668485 711421 691479 730021 664864 690273 736233 656871 742629 711085 721348 686130 722165 710040 693358 684805 727702 735681 749012 656406 767515 717706 738817 734524 708815 709569 712790 725106 702770 773350 698637 691636 705906 749707 753996 710988 682410 687366 708053 749602 696125 782779 760037 757763 714732 684749 716383 722669 705598 698212 705845 737505 753122 746746 699816 689241 726401 711874 770652 740211 732853 677465 699158 717751 716543 728730 692622 676653 754919 715914 757409 724729 739512 683427 731763 674587 767853 695455 763315 745269 733407 722124 771561 695415 699421 669730 728057 706172 745551 729921 761444 718754 767869 721575 707403 740488 707408 683537 722790 716589 714803 803413 737267 755572 761553 750615 675868 735226 707516 706177 709585 652684 708520 747523 715704 725260 719609 755372 724160 757864 682606 698188 737720 753801 725094 729398 738497 744312 742075 734221 685393 756063 709592 713407 681035 775264 746220 786166 694331 734038 713370 703939 724919 725970 781429 723924 706904 774297 731707 681029 696683 670953 719250 721664 700502 723790 699228 748450 741058 744184 739582 711816 752136 680729 738793 751262 758291 733881 744815 685347 719791 729979 785797 743495 736216 697175 705244 747963 743641 718700 709849 714157 732684 681472 686909 738513 697867 758460 691371 718078 746453 724366 722345 722247 742475 710348 741983 736416 738289 738783 729927 715283 750496 705822 703039 692465 659390 764820 710468 704727 708725 731902 714340 741507 693898 736830 684612 695424 724076 749185 719464 698180 771218 737174 696630 697525 736712 728090 799710 700724 691202 755302 747021 725799 
681560 758845 741527 680848 752082 737644 709965 723763 698334 707044 743558 707425 764559 734862 746868 801465 750606 719564 774382 740583 734050 769258 749670 757254 726736 709923 715522 736693 724565 735920 657200 730295 752147 746486 795159 756776 758042 717992 715612 769284 728091 702053 758875 750166 729198 698514 726371 717430 712192 718532 724411 745606 741607 767680 741565 699553 761257 714923 774122 728331 743203 700162 753256 728900 786135 776813 691422 732687 714063 747196 674131 709625 744865 688115 787991 750621 749274 675911 781200 732535 727110 739709 776076 732591 754684 697238 792964 709869 772158 753513 729680 731286 751138 787666 730312 812910 703354 695364 742648 762516 752296 717051 738895 728698 727243 798781 735639 782469 760799 784461 732358 708603 719025 752337 712967 725058 764861 730959 779160 746507 746536 706076 726485 722042 783766 762842 771948 714233 731303 743640 693906 750779 699479 713877 774978 733175 780265 736577 747375 715318 749381 716057 794363 718507 776701 769013 742945 747253 790933 729251 708388 673894 746736 697781 772081 753163 753257 731913 786263 744175 711121 764142 746390 733099 729044 731834 743537 805808 734560 775424 804653 755156 690741 731315 738441 753283 735108 701433 736891 757978 772751 747794 747489 750760 722675 777264 716245 724707 723791 718510 731551 740130 770362 757622 767845 737220 736267 701117 742754 724309 727598 752119 739489 776752 712281 746768 732670 709875 710664 746453 796041 728913 717049 779404 702790 680578 703786 710729 740911 721062 757584 710071 757720 732169 766551 747380 741504 722533 783737 716502 708955 807304 785144 743265 723545 680618 742493 738180 768727 755903 781934 718691 716428 757436 757037 741128 722863 714797 712399 726005 727535 739414 726927 775949 686352 730215 748313 718263 723259 765006 732620 732041 733861 760891 748584 773444 739716 733153 756270 732230 724219 729536 694562 762214 730075 710044 730154 738168 710181 749364 739144 791854 689961 705260 735495 748118 755939 741894 792851 757837 707975 717912 748171 748704 801067 746181 709168 802489 768036 721826 
666235 725105 704653 656678 664267 674409 672545 697773 660966 670711 683228 712854 730757 711336 741334 763590 702361 685879 733411 705424 703453 736393 692961 699433 694165 699824 675870 705282 731162 696217 630024 728224 713635 684885 737434 681285 719451 689015 687933 701512 697207 698888 760512 715126 707415 699437 697347 715041 681275 674126 673871 692839 695058 727945 738599 718255 718085 705406 722992 734409 686927 707824 685310 699878 754313 754307 664613 719677 700264 706085 656760 682320 739273 651352 743242 674547 690410 678651 716273 669195 710971 716357 741052 737876 695813 661730 795374 691512 716234 727659 713903 701088 714066 737305 714524 729466 671358 651610 721240 728203 741203 688847 681777 654374 708070 745189 734803 744039 742685 720404 704478 675977 719944 716215 731569 686259 736246 709826 719981 731490 709693 693927 728582 710154 737240 726704 686510 692736 698330 715905 693419 751583 686264 689851 760222 706759 740155 722246 741548 692474 737516 702297 754323 706983 752992 721525 699510 685482 801155 689081 695794 664700 699812 667338 703057 696788 734305 696801 747211 698770 666205 723941 705515 682733 701461 716276 718839 754589 733686 729667 739242 773429 686536 674861 667103 695085 707247 677526 681087 717100 737472 723872 723898 710545 712027 745150 704078 695811 668744 692533 693261 724147 676829 727061 707445 738619 693026 713734 669747 735402 675126 757374 713454 767909 658082 703685 713096 690289 681180 696526 753629 717657 693771 757015 688259 669755 682364 697326 697563 700306 699442 730111 708397 717781 719293 718347 738758 689212 748289 679827 678241 741342 731759 708422 679000 680219 722030 729622 757389 731581 719641 706664 694829 724278 701045 691280 732079 715753 701347 677291 689703 681754 684071 733277 707013 710690 697620 708070 715175 737164 680522 704459 714590 739682 723910 726622 698722 714637 741400 685977 716381 694416 671992 734544 699679 687286 691063 701023 713893 709892 720651 740103 665319 680652 741609 724066 726232 686871 745684 722794 686094 709217 713811 698199 761818 735013 675927 712128 732368 735410 
692458 754852 722746 696787 719732 723931 727250 702261 711110 718075 746489 702775 784577 747608 778552 812977 745779 662702 771794 740593 746089 749165 759401 754891 742166 727535 727388 727463 752477 725398 681481 748888 745513 720253 774649 745033 781452 737194 735328 755584 740648 711479 744763 761791 728309 739717 727895 752324 702545 721060 705304 721423 743499 740338 736602 730065 725928 732998 761048 733467 741673 732373 724528 729885 800404 780928 693918 733204 712131 706529 663709 703803 745357 656791 755985 767010 731517 707945 749726 743096 717603 737875 753911 747519 735147 691486 762044 690867 728987 773037 751699 741926 758455 763442 719176 774800 738689 690035 712284 756839 762529 688451 732827 704503 715164 793514 773884 772436 795924 758371 732888 735244 740072 731523 711787 730541 726807 774694 769062 759811 737538 729400 740801 753474 771028 763059 793575 711593 728370 757701 708344 772111 696713 705925 767028 721750 751728 761498 782972 717416 743506 716435 829119 698275 783927 745093 735043 699762 802541 699963 702911 674193 747710 685426 754255 733781 725169 731511 745283 716919 716078 736456 796534 737163 712954 756580 724951 753760 745477 762212 765876 765555 704551 722807 746976 708160 745161 708621 723087 759436 775264 745469 757715 760238 715580 748902 742588 720827 710400 724183 715827 716488 763712 791153 736728 761553 709266 717434 698803 748742 736646 761957 752506 778696 694900 739283 741713 728663 720145 733912 820794 710637 708620 801071 714199 700459 730988 716080 752777 725427 724778 722803 716813 739267 751176 744675 760172 711162 787363 709321 725265 777070 764409 747075 731733 717065 746308 751285 769678 758954 767943 723461 722197 745643 747104 708230 734622 738417 721005 700515 702111 719569 708406 795395 705053 741575 748000 712129 741424 759386 692172 718412 758721 809301 750744 761239 725887 762652 763184 749672 745506 711328 696808 755017 729030 736195 733218 729981 739382 749419 709616 779755 689878 737797 758946 751745 744595 729269 787396 766891 684927 739936 742311 747218 793272 757871 697832 723672 737264 726366 
703992 758111 733899 727922 743354 727450 717521 760542 759782 759251 765426 734847 791211 736137 796031 812351 782834 726289 819471 770482 743461 754883 783394 791934 729831 738372 777263 786302 778048 740734 706951 780175 751774 775569 809854 740291 812623 747446 739958 805998 768623 734445 798953 794440 738275 764538 752206 756584 742745 731238 713057 763678 761786 796133 771926 748015 769751 750959 764543 779208 788731 753226 792028 758646 817085 807458 727975 762896 756030 764265 721087 725912 797718 693456 808673 746042 743378 711982 763161 737004 771652 727212 774166 747556 757550 746803 810451 758376 770579 782805 782705 750375 793028 792340 730967 816262 743104 730919 753270 803197 800629 739286 746264 709451 733959 791146 779002 794784 806613 784941 741885 750763 756935 771264 762358 760612 760365 765199 810760 787708 750454 744359 750707 769030 812016 777642 755745 749035 753356 766457 734189 764277 725998 737271 804039 758617 778108 788177 773603 727083 752961 722570 802894 721638 790425 754484 759572 738030 822160 740029 747303 703384 761868 724919 769657 748186 740967 747401 803325 758840 743944 755375 775298 717053 737102 740606 757720 805550 790266 784806 791130 792731 714955 757280 743661 733585 733689 752322 739594 763991 791255 782334 769809 767002 743250 796231 755447 766550 736141 750582 744496 767169 765102 790196 768743 750561 722771 766685 750338 776941 714302 831190 737163 822552 718628 749830 728277 734641 738553 751940 793725 743103 727897 799069 726980 738094 729055 758505 767423 743215 756348 750940 758274 760924 787940 780879 770478 752972 805945 744798 764307 808739 751584 780890 730025 738449 748697 749276 825744 803577 788586 739349 749291 796174 739366 757955 793937 746125 738808 724440 706631 744560 719248 783857 730275 773646 781762 758068 761932 791557 737626 717177 772326 822610 768075 787213 756849 748225 776491 756809 748867 738405 701678 794271 762101 743869 758512 778032 777239 766596 745424 774355 718771 734746 784342 779539 790493 765145 770524 776350 741111 764351 760737 800639 824747 768000 709257 769811 743353 766686 
720803 793448 719052 729125 757011 770485 726749 790719 744890 752358 784828 733798 845023 774146 794672 862329 777443 764210 816972 787755 758993 782161 773804 788987 769056 786416 791811 818811 815749 782463 746435 798602 783686 784022 800684 765444 807799 769021 752419 803778 765385 745365 828027 777050 782102 755271 796966 799646 752001 758834 729555 783319 789402 800819 779735 761675 808474 755552 802822 792864 793116 792623 777054 762361 846531 819788 729806 806054 795983 792650 720689 759205 806188 719989 823062 788582 781351 760721 786695 780393 784286 772030 820772 773027 741407 774032 842801 784720 795810 808471 789812 794995 769466 800004 784527 830229 758721 735841 772470 800084 837067 756037 760209 736253 755973 810835 807682 796231 817341 802492 798314 750034 791823 789174 779943 748293 793434 790301 820850 801821 770612 773893 796027 772100 842244 811595 801506 757117 777390 790451 768207 796797 752699 771966 835580 753540 801317 812997 765412 754636 770354 742578 836217 783706 814267 797658 751467 777691 866964 774078 757450 746043 779386 741848 794008 770852 820127 776518 831627 728390 738781 779328 777078 731868 770775 789426 786126 817135 802281 821186 834049 801437 727002 777495 776797 791976 800571 755782 781477 785094 817135 803371 777722 795968 759127 832513 770976 761422 765275 797459 757095 782834 778738 797471 788465 795279 757888 783034 754177 788663 737389 827818 778381 863510 747426 783412 794661 748364 730854 754639 811091 768001 729253 806702 767170 747962 769373 791785 815965 746262 795358 792593 779525 797808 790611 787655 804788 781602 831419 760067 752076 843540 795603 801223 750424 747309 793976 779806 830804 819072 798712 763952 743112 824990 764584 781058 783033 780966 763110 746457 742607 766873 739537 842185 735616 803643 801257 769516 794418 824209 752370 755290 803642 846465 786301 829890 788947 787760 803324 813444 810598 767293 736976 797567 777763 762677 798064 777782 796563 803121 762609 826684 742080 751204 801053 800942 789654 779958 784990 792576 750734 780345 779469 772088 862074 781070 719280 801279 792687 791673 
662849 726512 741340 716347 695864 701237 662786 743958 701796 718139 743927 716820 762467 750954 766083 791684 729270 689508 736102 736867 746201 724199 713093 732968 716892 744193 691308 725502 736503 708787 693032 771919 723580 724445 765518 724819 748008 727454 725054 735841 731905 690853 768426 781035 705223 731323 731589 750536 696182 694592 708859 700814 715475 748811 746305 717186 726722 697104 751601 750584 760190 744291 711964 758827 764106 780058 669760 703004 722563 734520 674661 688817 743283 661317 780750 735231 727705 724660 720896 731824 709557 735587 758927 736320 691772 710523 805551 717580 742828 744859 758958 740002 730703 747899 705866 763448 696235 682330 729642 745295 763725 714946 730780 682650 707726 777476 762259 801663 780818 746543 734751 693880 729205 756730 706036 743541 752670 740896 766791 764103 730471 719701 773124 738577 792965 757807 756643 730322 709432 726480 703903 752734 673076 729184 783179 691769 757948 759289 742909 741059 742431 721480 793982 702596 752964 764900 736600 744716 806682 658063 724944 682689 713160 707368 747561 725566 741824 736936 762802 752618 675978 732330 740614 714370 730448 753799 743070 776905 764875 738322 751928 779468 692559 711450 707270 709612 748003 707370 734924 731063 754228 763992 731883 760610 701943 777180 710436 713124 708095 763262 719471 751364 757771 762961 752627 729277 728550 708773 703247 712606 716692 792762 744872 799696 684248 733058 717625 695451 718071 724952 776008 713335 704980 752476 735358 685887 733228 728394 757249 720851 726821 711296 730925 737001 732420 753629 748209 728630 757561 683073 737215 768961 753560 741196 774122 721461 741032 726761 743030 760527 764162 712274 719273 735598 744819 712037 706448 713400 721317 706487 692751 729931 720081 792883 690858 711107 770178 708759 737468 751956 702334 721195 739470 770522 740768 737520 722725 736440 775777 737556 731758 701738 684133 729016 706068 726893 731895 729686 758704 734931 708703 764779 682388 709051 771031 769456 728702 749230 762439 760157 681669 742895 730384 760999 781849 742704 716395 766493 765877 732616 
656326 740745 700571 662361 657914 711120 676400 712853 717214 669026 723580 679930 721733 711614 752960 785492 693969 688987 721299 714300 710955 721893 724071 703383 656121 696048 688783 701216 725041 702004 659464 726719 689996 719110 766492 701007 729608 719322 710205 739388 698544 670714 734137 707438 703972 691506 712176 706781 674137 685247 699317 698245 711638 725589 703399 680557 751821 654691 734929 711970 736321 725058 719618 713136 737613 729105 672594 718759 688143 691268 668744 686015 704450 659808 742540 720217 725438 686952 709725 708538 705478 707454 755524 696189 669529 687518 765435 711186 728432 710675 726697 714813 709021 730083 703616 773774 700479 650578 724476 706505 769901 686913 699941 670368 705618 734702 717153 734641 763242 748564 692898 661802 678788 718133 689123 688401 703300 734745 755836 702357 693300 697221 727829 704885 762731 752453 742742 699052 699240 709897 681591 720485 669481 671288 725616 709294 714728 732397 731810 687867 719399 698281 752013 698240 741562 715147 713869 711807 770689 675043 709415 671832 691808 693065 698195 717949 716841 719034 756935 716228 685678 725585 709891 686074 702270 725382 723630 770810 703705 733962 760375 747397 660078 712327 683900 730795 731373 684978 681719 730992 747531 734261 695026 700666 665628 735578 686489 709032 696082 747945 715800 711481 715989 742271 710391 704536 680643 725209 700511 719829 696531 756007 685561 774302 661352 717371 711655 685835 698804 727952 746596 700490 680540 763791 718089 672894 719837 691443 720274 666706 712519 703735 732876 734852 727282 734300 749975 707223 745640 683831 723661 743197 711383 730057 742633 692286 708801 717588 746964 744638 734858 693406 671435 747466 723542 698336 701353 696156 720123 679223 680223 733211 697001 763666 667786 675877 747300 719583 723113 740276 689062 665733 722115 736781 714965 751429 724215 729037 741365 708137 735810 697250 653152 759700 678467 685135 720889 717179 747483 720426 676391 756905 673218 700962 749951 751819 732546 714065 720446 711217 675866 718163 725038 707719 790131 717159 662279 725327 707455 700014 
712806 761860 729866 695661 728071 765556 733247 766454 702927 722578 728323 730018 794698 768822 811396 829375 774292 724869 787667 775412 771542 779518 778304 774362 732907 748457 742875 777337 775232 764609 710002 774012 760071 748077 811462 756445 784509 764825 754074 760843 760011 737362 765433 775655 727933 743745 753377 794852 717431 738649 721846 740922 795831 747097 766715 733383 769871 738490 775022 751520 772334 747610 769161 785416 816475 801030 717867 764156 724654 747535 690193 717847 774273 663068 799953 754838 775398 722704 749100 751607 756038 757530 762147 743105 749237 726154 799273 743930 765699 760313 755230 758411 741953 766487 752098 796814 748755 700112 769518 771913 773127 696968 745956 717560 750617 797168 770734 763903 803423 758242 748447 720711 767693 721118 727160 748149 737890 778808 787849 787110 764116 731866 771846 755613 807953 787990 791210 729436 752541 750148 750988 768223 713965 722241 757681 745071 790173 750160 770729 763016 768144 736268 808442 744341 802431 766018 755073 761769 833909 721097 729065 686489 762871 708476 747439 779501 782016 733722 805332 750121 725750 775940 759729 718278 764955 759471 742687 789155 761022 788324 806482 786511 720200 748716 730359 729148 757984 712762 729795 760411 782086 768215 753999 754785 754645 777515 765640 762078 725664 785357 719788 788624 759197 767572 767322 777147 723233 745678 736302 788807 716941 794764 755526 816006 705974 746295 779781 730987 754672 758860 816082 744123 726473 783071 727645 743362 733927 748492 773517 722180 753302 760200 770950 771641 756797 784797 775646 725961 793497 727705 769487 809660 802509 745361 786126 716565 770468 759955 802774 788004 770970 732270 731628 807088 785356 754147 748073 740880 760479 724981 733321 729296 752142 795965 706753 732940 817648 764664 766247 788178 719050 744311 745478 809307 784812 775629 755926 782280 778613 763996 768473 721822 695283 794643 730602 732488 762657 781969 733653 744213 736098 774220 706192 729222 797720 772896 752775 735559 784023 790051 752213 749432 773543 778377 828011 757990 701343 753092 743287 768510 
660511 728040 700881 676854 674784 703559 686588 710289 698337 718437 713380 671253 726337 725443 766577 777233 707203 692662 712947 707826 719322 732099 706949 700256 689751 715469 713964 711636 725270 720065 647046 716170 745895 709487 743675 709581 734783 720549 705521 720295 717954 680031 747028 734273 726047 693596 739427 710647 694779 679877 690678 693757 736227 742318 753006 714958 726843 701657 742222 717675 717162 711558 702383 729810 781280 752584 692823 681163 679020 694544 670803 689503 726237 644527 744496 723285 701991 715497 717095 706932 712541 686523 732108 696967 706217 681679 780309 728332 712311 727315 732514 731159 735663 729235 704244 752898 711414 677312 712864 732827 752933 697249 692927 677187 693518 777310 721739 723185 743239 754940 704843 728421 721319 720637 692758 697501 735673 724904 752877 733243 741764 695230 732105 728085 785720 749830 726229 706945 689648 734529 691511 724960 686154 715697 779540 722459 739804 742140 714100 715104 740446 683410 797149 646495 773530 743482 719006 713448 788286 675532 683294 655541 698734 640522 732956 694685 725700 705586 730082 719335 687539 728728 749646 713547 711551 735300 721046 783200 741116 720783 758434 758998 702737 688345 690364 720804 729771 695966 704160 716318 748831 737432 736439 730160 718425 751242 685767 713287 699785 719090 718652 737749 737460 762680 740297 744942 686921 715053 693450 734079 690764 769858 714277 783370 684463 731870 698509 682428 698961 731443 786059 699647 692393 777539 693744 665853 704207 700913 736795 710148 694082 720723 737652 722838 742486 739105 739320 712706 754874 682642 705710 767143 741311 717849 707877 692389 716097 706220 756786 754471 730830 680738 711765 718002 716801 681474 729000 713064 693032 682505 706058 700511 702669 760855 672368 726869 743308 712759 724011 758926 688161 726545 743931 759097 716503 752469 682220 719822 770575 712783 710691 696455 688617 753818 708135 691230 732816 740336 726077 727875 678388 729702 659041 690788 750468 726213 751717 729961 730220 728622 683520 735557 708409 729088 781429 746043 685658 720752 747079 723809 
671542 729686 690026 694009 659533 690033 692208 720146 675626 677095 702650 687231 751588 699844 756848 760187 704326 668272 757605 706932 745120 692887 740425 718190 691353 701656 681712 713735 727311 674028 667061 711524 705572 703701 741104 690700 754359 689651 672030 747493 692270 695800 753650 737522 713896 682152 712151 704086 667702 684159 688226 697498 728074 735074 715867 684473 718611 680880 725991 714207 728893 720387 714385 721606 758060 736316 633363 692375 685882 702285 664428 653191 743519 645888 745146 715051 714484 683112 710390 705017 703850 694605 753032 680997 716276 678305 746173 703329 685640 740714 722417 707301 710197 745280 709183 745024 673211 668287 714193 720812 758646 689165 696633 665182 704042 731670 711117 765416 762858 740885 702697 681903 732245 711753 665088 712854 720951 723643 745541 724976 729214 666139 712162 694569 751275 713952 728108 697231 697905 706726 664855 739111 684765 706608 747680 673386 738203 743356 723824 698806 719211 695445 773437 678621 742772 706642 704424 693883 756738 689268 688807 651005 702758 658668 724227 704031 701066 702191 762604 695387 676421 710405 719562 701718 682980 727410 711154 748942 734116 710401 743444 768790 663819 689504 705657 681847 722550 686389 701691 718414 715265 739933 718551 753077 690207 766024 721180 691377 682338 703644 695728 718714 727034 724527 708254 704883 700730 702302 692595 700395 683421 750280 704341 777264 676084 727448 699206 687780 688205 712251 793773 681239 688451 750590 706675 658780 689174 683057 714684 688428 708588 708411 705855 724641 718153 712824 710292 691942 750489 689536 699649 730628 751607 699842 678862 681612 699605 715642 754770 736448 758294 695108 691608 717726 708829 711750 695667 693149 689265 660885 681153 701930 651490 714376 690651 723103 728233 705862 703273 759016 657817 698208 730089 742760 733505 722736 710371 697476 735307 696559 723014 707180 693798 750403 693769 688292 690605 714857 703459 723071 713020 746862 668579 688325 728106 738194 717188 710467 736139 716952 676649 699916 719430 743284 758493 723353 689882 740441 699852 714206 
674607 759827 706792 725084 736005 718941 723275 760099 716885 718917 739525 754717 796160 776326 784706 826011 770982 732775 783472 750806 748798 794382 771546 775278 744952 755210 722928 762079 761504 761061 683937 777015 792397 762393 797485 759756 779707 735293 742169 765779 749452 725643 766927 778211 740655 746480 761550 766531 723640 737921 739020 733328 769716 798600 788827 752774 754012 713226 771277 770916 783094 751614 757412 752050 815076 790701 723307 744562 750927 729539 682900 731971 764968 698552 777287 751161 744987 737563 764337 728027 738047 753146 789090 762201 755885 726840 785170 719792 765961 748587 757627 744258 748784 786578 740474 791054 722963 695238 756171 785231 769615 735336 741112 702723 718559 786859 758430 794856 778156 784505 758876 730028 761260 746424 761088 733537 757912 752392 757308 767964 766763 722742 768844 778683 820576 794975 791286 716830 724392 751643 728344 775986 705650 745878 806391 762846 800660 767536 773591 742095 771931 737433 827803 722115 799862 774000 763133 757491 840981 726404 718835 699959 771203 701089 727405 751095 793039 752937 812292 759278 750905 766339 768086 713371 759181 765982 751960 808075 769563 791212 775332 758547 705352 756500 711510 737610 749396 713504 728950 776812 786028 783167 766148 773493 762605 793555 738632 751950 713167 771678 713998 761130 742334 775695 776358 782825 729289 746761 745025 775163 723955 793920 753915 837976 743805 741969 751602 741059 739718 778167 794217 749866 732967 796510 740067 729229 722878 738549 757886 730713 764434 753621 739798 788617 761766 780843 786820 736630 784215 723739 748637 811785 806026 747144 731531 703407 750758 769527 821772 777285 776811 736206 746107 793025 771206 747757 775252 757950 757859 736339 726162 730253 729724 778540 722847 756735 779134 764019 794794 752858 731818 739107 771025 786059 751877 759531 778918 762273 762457 783702 743935 735706 685966 767700 723771 753833 784153 769868 734464 780143 731380 775593 715080 720577 799960 792015 773691 760080 763797 757087 716746 742766 753801 787752 814623 770918 717324 773689 783643 768082 
712233 772893 713426 718511 716959 721491 697415 763319 740177 708775 751329 708876 788955 759282 782839 826203 761355 718099 769504 769967 770156 776031 757585 752860 721548 736917 733289 762421 741975 743027 683272 734663 756584 760739 781090 730367 783962 764326 745379 776217 737695 726949 748338 765770 717600 742441 738296 748208 726292 723380 744897 745831 758602 773169 768024 721933 781684 718860 788149 746275 782874 721440 787360 748242 799834 787729 735748 748783 719146 749483 689325 732066 739500 670665 769384 749213 733337 718176 753636 722870 736837 720783 778748 736333 740935 725639 782108 737067 770876 757124 763545 758246 765421 767684 725718 810286 730753 700212 750543 778826 765129 712903 743005 699719 740161 767404 786594 761123 791867 762777 730026 710879 758223 730383 696182 730185 741903 777817 792560 770715 743773 722288 763039 751474 779477 808393 772834 735857 749716 778629 713784 768901 712677 747540 772020 768374 763800 745522 736991 750892 781664 753709 805619 735685 787110 756015 730665 750992 796693 710011 716692 707592 752794 719841 766583 754156 752555 743948 795165 748926 730572 737438 768109 712185 718040 763708 728569 787112 746640 750638 800767 770142 702626 750076 721317 746782 757526 680868 701511 762212 786430 765581 758167 748111 736757 797772 705529 744643 721548 747345 733233 765006 772998 773220 746687 774234 714966 703632 749588 782952 727530 804672 758133 817601 711001 769796 738705 727681 742081 753731 800705 735418 722196 796721 735953 719252 712885 733608 778451 718980 749972 725674 764935 772402 740748 749500 787351 724687 790321 738924 755262 801888 774008 765404 752258 740545 747970 759930 787780 774254 781048 728030 705325 777982 774866 742636 741259 747538 738914 709671 696375 734303 732330 795329 708532 726830 788627 764862 724842 778644 728960 734840 761762 789970 768996 745988 743868 738667 767505 743616 750976 736207 700751 767731 764658 727303 780394 758777 744701 766186 734005 772229 715213 719162 761855 776355 772071 760597 751052 769751 731856 733221 776688 798786 818859 746922 731476 740269 772204 762794 
730721 777686 752252 705490 765996 754520 709619 781272 763116 757603 776710 730330 829021 768943 800527 836786 758555 753052 785152 754134 774174 766641 787279 786258 758160 751461 738914 758698 790982 721078 703934 783735 784708 767982 822978 765057 806532 758697 738884 776776 781696 737519 801001 766886 735264 751764 792888 778727 720577 726327 711352 773936 742314 778370 763264 752065 765818 704436 793036 782446 787873 753906 766567 737215 831722 802861 713410 767879 739858 763392 687888 733378 790388 696961 793359 785072 761882 746648 753945 760812 710797 733032 805134 754910 757703 726089 807372 789330 783789 792033 761244 778583 774803 765434 723417 815201 763687 702764 754485 780533 807402 715152 763660 763286 760323 782992 769026 781596 813912 772686 755111 722973 774037 753922 762502 739049 795183 772128 799929 767840 749829 747298 784739 769328 800123 767939 769514 732260 743603 745346 737563 806808 713075 753228 793210 748885 774236 775541 767424 760545 787747 725220 837992 739477 783428 800678 772075 780838 813433 707544 722431 734555 777091 737461 754502 768377 773194 736383 784466 728235 736786 779463 765285 729733 756422 772187 738179 838500 749049 765112 818967 789146 737831 783895 734756 763370 760623 732265 747323 776708 801197 792525 782771 750485 712989 821815 756466 751286 714366 783034 757167 751811 757716 782484 742687 768172 725037 773908 743288 788643 731268 793613 760268 855528 725878 768545 768912 745212 720018 737006 807729 773867 733758 815490 749316 737887 735426 758772 771062 751915 753706 747840 776760 787933 744355 800380 789119 767952 798505 697741 755350 823627 782454 760776 751763 706191 787853 749630 827947 791042 780384 706607 727450 780500 778328 738724 762771 745095 746243 733219 735041 721266 727588 824684 739927 770486 804302 745003 746263 790160 730658 719762 785061 811880 784956 800821 760968 758364 777118 769703 757330 745705 713662 789098 753169 756594 786700 769150 739889 765704 747088 783858 716985 718575 781591 785554 779194 760216 772969 756890 719570 749963 770962 782132 841290 773919 732367 759424 777608 778137 
645925 730727 702419 666325 686006 670042 664093 714742 683297 693852 688941 680849 718971 706131 741241 753901 719076 682047 730768 711450 693553 743002 702626 706785 711147 706505 674485 710999 703108 698875 648112 734921 735649 702868 741491 712674 745915 696152 671077 725891 699882 679146 758520 736006 708193 682722 708559 711429 671145 676862 701706 712418 710874 723361 703486 683557 710054 676934 708305 725404 730255 708498 695670 710619 739062 734860 665964 721587 690642 692948 660178 710668 710642 653823 760755 707038 747597 697995 725887 695226 695324 684198 735202 712453 697433 682363 753221 722082 735262 734138 705814 682171 718615 723508 705216 747008 678248 644904 701091 741000 722464 673503 686990 662789 683013 774432 722082 731745 749671 741922 684577 693351 725057 710402 673807 694203 716765 704002 735712 716468 704871 690886 713803 726342 763867 739848 720857 692249 692114 706552 675449 710069 683879 711722 742939 730261 706021 706051 727262 708392 700851 685835 766073 681594 791261 735546 699768 707619 758503 693437 680063 660735 693960 686307 698314 709628 699593 731373 758970 684358 692829 732862 706230 690954 699340 735958 678431 733104 692431 726464 744351 751832 683438 722347 708761 704112 703206 688111 693719 721505 733859 720583 704065 730644 681985 763898 666945 701899 688019 720967 686470 704225 712479 724444 706246 718661 670205 708810 703343 711255 691547 740649 713214 797201 675090 728168 728482 702792 703132 716222 753531 713824 701332 760360 703260 659618 705537 686109 737054 709808 720973 699106 726163 718201 709839 733061 742559 727707 731135 672803 715359 755434 712996 710044 712222 707185 688944 721193 766087 701467 727073 665754 716129 754855 701589 706002 703387 708095 691663 684161 658019 681983 679685 760135 676417 688183 728168 696028 712615 730850 680568 709664 704946 742089 722502 739636 742208 688518 712116 691919 696569 671623 657531 751764 692489 670752 699971 714208 699236 731640 669944 746197 692125 691840 714463 715366 711287 722119 720811 727005 675865 720644 713262 726862 789722 701491 666741 745534 721907 738882 
687917 753922 708545 672727 723070 709023 691615 737050 681388 685370 723320 724380 781436 735023 778685 784975 733182 702392 763900 734614 742228 739082 730930 754212 693762 677528 723399 735006 746774 736370 655061 760329 718696 716043 770654 715158 765069 697089 712436 752009 704539 694441 767375 754224 742290 710921 685372 744132 723704 748035 707172 729678 739811 740196 734309 709801 728043 703154 769581 731858 764390 728272 734102 732344 788022 765743 702402 725071 718878 727878 717054 714850 767681 641198 754979 742526 738891 694550 747665 708166 715990 704624 749319 746604 735670 724647 823677 722770 751738 762821 714528 738748 752635 765479 737730 782887 711192 677325 734179 751016 768571 720380 708940 683780 694038 757477 740368 764610 766866 777903 715954 715841 763187 724946 725218 738588 741977 714360 787810 739199 744922 699970 766860 730505 791262 779300 778104 699052 725907 735908 697608 767703 701080 743742 758770 728532 746026 749405 759614 689666 714516 715166 789003 711355 742435 742378 737768 714209 823227 700839 680779 671356 715836 679046 764798 719468 743492 738811 780955 742865 730419 717321 732415 718058 716761 735390 734075 774082 741881 771834 780770 790225 709938 732928 733779 725954 735790 698705 737365 737304 756091 742779 731914 755477 714478 757219 726284 717412 703743 748006 703666 743237 730832 750979 775969 742626 706182 735502 718101 760202 713726 770054 718439 803466 695841 748807 752999 691974 686421 717262 782569 727661 725328 779233 731970 695129 730327 693121 745645 715865 754481 722638 741171 741255 756050 751863 769160 732201 746284 729009 750200 776984 747533 751084 720854 693932 743615 734795 776133 743955 785555 711750 727382 737478 732967 728983 718726 727095 734075 695100 688410 725935 670526 751365 698712 717031 764487 718107 732780 761448 707825 704617 747003 776671 748575 753409 759646 700323 755002 755047 741328 719269 705107 723523 704314 731117 734236 746590 752937 716752 713912 761947 707353 725745 742939 730665 747554 754485 772241 745591 698292 706289 741766 749998 797366 781353 698321 750709 767818 740076 
701659 776548 720633 717058 714744 712886 731068 764136 708345 749222 754812 714279 790552 766421 819345 813405 772902 719924 738908 762518 733416 770859 761284 740211 727002 741776 713514 768234 756204 759148 685756 780335 752687 765216 802234 737438 747646 736270 736931 767377 745792 720991 791781 740763 739658 718342 755950 761879 725338 723369 735097 767321 724683 774993 765518 708410 737797 693262 774818 769548 777589 734044 736447 718619 796286 771840 687432 741234 746935 751189 686435 733462 767638 694255 788952 744372 758729 711656 738190 738750 720153 743263 765322 744446 738156 712992 791158 726692 771339 758341 759339 748826 757458 785150 757836 808886 722991 709878 720622 781607 760341 744825 742250 709735 730959 787522 776250 765517 795487 773174 732185 720363 747869 749659 721857 728572 771758 758419 789143 790540 747474 743172 770832 731129 795529 771906 778335 727711 716266 734754 697947 752588 697856 745422 773132 749979 764146 753164 766735 728660 742696 727291 809463 726206 796958 789183 734823 735605 827395 718981 722411 692167 747691 698130 769656 728087 743498 763777 798664 725674 726994 752536 750636 728174 729001 781800 760585 819431 749034 766378 782711 781199 708260 769387 726631 736205 741713 734611 750037 755788 796172 745764 767239 739458 755175 765585 710259 747406 713092 749045 728206 753178 769572 785449 761281 734094 731012 728363 725296 777942 719312 776442 733370 843335 706115 755602 746049 719043 722549 736301 813415 745792 742268 789345 733846 711056 718817 733293 765871 746085 774121 720216 746356 751851 746064 786858 765947 755553 779644 693666 736605 788291 775939 751013 740828 699653 722702 789438 775127 759642 766563 734630 756561 780865 749473 743310 730138 720122 749525 733971 732900 712856 752922 779929 721276 746125 787528 763697 740298 765325 740156 728268 761892 763883 758132 753321 752887 785555 767735 747347 758182 720553 708056 782705 733480 754866 761869 767088 746303 787346 717247 783198 715518 742002 777113 765236 761901 748678 745843 770342 694382 746540 742088 792456 799199 740175 717767 770221 757629 745804 
752779 828830 752369 753646 802795 803345 774531 826279 784430 791581 827672 759156 867392 820805 878714 862488 826628 781716 828762 828022 785390 842311 833366 798235 777770 808296 784764 808282 795374 791859 774738 826678 822200 815916 835830 813818 832062 816432 784531 818792 815516 767846 827909 847054 802908 767331 801178 822200 764897 785391 779943 793035 804065 839043 810621 750644 832162 773855 848492 806215 848429 814412 808765 812022 865491 823826 766454 822354 809486 793226 747846 810445 811315 727983 834709 811978 807140 770390 823792 783516 794999 767210 843652 808181 817130 792594 870938 783118 823438 843874 810830 812533 806812 829208 810600 874476 789668 755668 813265 837179 821586 763492 803901 758102 790484 847157 809234 831058 870700 853799 819498 808244 815229 822000 775708 801248 803171 817228 858191 834188 792173 793931 800485 818098 844360 838329 831082 765659 791024 817397 786183 830120 768123 788918 840094 806079 814423 821410 827245 822538 809580 774724 896521 805643 857901 825705 810941 813996 901331 802268 801699 767775 806083 756187 845715 795717 833234 824097 849632 794237 784725 808989 799639 766895 796735 805953 843528 850040 811272 855929 861515 842857 769780 808710 805894 791757 798752 803054 800217 835994 842243 816958 807600 837349 762361 858064 797262 778253 786732 828080 782866 829397 816571 841182 812786 814857 769378 803482 795366 813588 800848 862071 802628 903911 773745 808301 817824 770609 813051 783223 866461 803293 787537 828052 799614 763485 811546 792553 831825 792876 795769 807364 827129 818832 828596 843172 813918 816705 857311 789439 801687 889698 821137 821038 802554 782687 807264 808456 857845 837970 824066 802363 811565 828720 823130 799848 812194 799399 828793 797544 761059 800590 790468 845606 781025 814292 847714 798323 813444 840873 796409 809463 831234 888298 817242 820336 826124 814774 829961 826948 815579 772004 764981 835541 803222 825853 807621 831050 843632 825523 786658 846739 775222 768086 838487 845324 835632 817762 807941 859642 776034 799221 812664 826997 851756 831177 769122 838264 814734 812999 
691373 768761 727045 680088 709999 715323 712105 768403 720960 730197 754443 741000 790785 768676 796254 802683 732930 732364 779225 766246 751764 747694 742390 771968 745125 743689 726589 796612 762768 745093 685424 770689 758261 758059 780966 770676 755565 733673 744771 750035 738902 708609 776984 771399 741814 706215 755564 775361 718272 698989 696804 747303 755621 755561 779690 738592 754837 738813 758090 787797 762530 734163 721053 745706 798619 756866 706318 726670 743693 775084 704320 738967 761409 694386 789528 751087 754449 733995 745740 746525 725227 735637 767624 747315 751942 731852 794427 735454 769492 739913 751549 766516 762251 781561 762827 763748 715514 696634 785772 790952 768110 729012 730332 710173 750980 807197 774813 777367 807394 787470 757672 729020 778451 746220 744634 737191 766540 756477 768402 764313 745528 746183 769797 753360 838470 793376 748291 750622 722869 743132 706685 764008 719859 737206 769277 748666 774260 792210 739447 752553 729055 726774 798878 705078 790606 761510 754733 748967 804439 739401 740285 696629 760935 710853 747120 741070 748055 742818 834193 739610 736291 755283 743867 734502 740458 766419 761617 818843 786342 760314 816093 760624 693142 753250 753807 745958 752977 740137 770911 768201 801119 804774 770519 765812 735662 787603 741725 719052 705614 756054 713720 791182 731055 802736 783387 759345 730147 751928 747997 759253 721395 772794 739014 830629 730271 734736 747617 705968 747994 750476 812449 752537 741500 781882 724075 723564 734506 748939 766302 731757 785073 766585 746044 769226 754327 768287 765013 748743 808590 725827 736707 789168 783383 744363 726540 721283 753493 763562 808088 818661 789656 715025 750362 785685 719971 741473 756556 725456 752010 722307 704890 722256 726413 792541 685757 770135 770979 762021 773594 777268 726325 738795 776623 762460 760613 787183 750396 743979 786998 767181 737709 739071 702735 797912 730576 727235 749033 743842 762183 766800 727587 785013 712565 743354 789206 773692 759878 766848 764041 748756 710425 758387 755081 758749 805858 749251 696941 797393 775960 771513 
707459 757794 746086 717023 729729 754678 732924 780571 740759 732735 759132 747143 800685 775286 799082 795330 749528 726723 792981 791174 788787 788454 780733 759265 702982 757484 761375 755262 760033 743519 694375 778159 756965 763693 803448 758626 764224 764713 741698 777373 742681 737082 798055 762286 764253 707108 755135 756256 715872 731674 724258 781346 769518 799333 753052 734423 777423 715246 778219 781280 796650 736957 751513 761232 824554 789950 723966 739065 749968 768235 700090 765693 775360 709318 800587 777441 780373 717935 738670 762049 766710 724904 778765 739314 767695 724905 786025 751257 771120 758275 746113 769692 773040 789056 751090 820927 729872 726446 765664 779911 782952 731438 738355 710689 753764 791808 778053 782564 828478 779098 768545 716236 754100 781048 747236 750726 757130 748243 805361 801698 733519 748456 773409 748247 799704 773414 768359 738293 740142 763542 709005 775364 747859 729236 748632 750785 772818 774365 775270 757733 781222 745773 833201 736847 811037 767770 734201 754305 850219 749630 708641 695730 757878 709850 781083 736830 790470 765912 810472 756992 743494 785991 758959 741614 747461 737721 752442 818202 772386 773095 812210 790889 717864 774520 723879 757695 760516 749782 760470 785267 799715 785512 754066 765119 734900 792785 752178 750448 714468 769539 755987 761850 765851 780248 759260 770329 743528 739015 738062 783922 727704 779023 764055 833590 709910 762015 740414 716005 740126 762077 824467 770611 738552 794256 758574 690659 741705 754849 746361 749163 778676 761554 750088 763692 760235 761064 758300 752225 798225 733639 733572 814534 780030 776124 735664 729252 792148 768823 792892 784398 780108 756489 731692 790181 771036 760232 758960 761200 732761 739489 685118 746967 747937 818182 724891 771682 789501 739821 769334 790156 767954 744391 760862 806948 748005 780692 756875 770484 799723 774144 730840 741315 710005 796679 757184 739893 767221 747026 777103 752779 762016 778129 719435 747472 777849 776542 788343 744043 807164 785527 748123 731591 741476 779046 860013 760856 720968 778991 791671 753122 
671711 717670 669330 677612 669742 686224 668805 685484 654777 676679 705539 663879 729961 699111 751923 763675 698460 676536 727143 713957 718276 713778 689303 735514 674563 692706 675066 691987 720171 696899 654241 711248 730015 691395 741256 707227 729219 692049 664902 717035 696907 694529 712754 730811 687447 682211 685918 707058 656162 690596 644707 699022 711386 694847 693873 682923 709619 667683 703211 726708 702822 704835 697731 692077 780265 744911 668952 690888 678100 703671 641291 695839 718986 645376 753891 712593 687147 680509 713317 684897 674355 692542 731049 702875 695158 679241 724871 668396 732258 718654 696468 734440 753088 734322 709232 750507 700531 679770 713168 735390 713280 677493 712532 667385 697635 727418 705675 743497 762425 757991 711032 669947 710437 694466 704142 694663 710750 733516 714944 699659 694319 670969 720157 707168 745257 723111 704323 693849 701503 711332 678771 703916 665477 679958 694236 706525 714089 723270 708767 674089 699507 666699 760553 654762 745044 717637 697733 678328 763130 681215 675121 657426 689619 666940 684011 700655 712364 700301 730791 712665 705944 713144 711007 696748 716433 740332 703366 758994 733454 698710 761023 721118 643613 695314 691746 681617 721264 675149 690609 714458 701138 715097 733352 705870 693634 740915 702320 688777 678958 724362 677464 718994 716272 710925 679957 711983 697246 677726 662139 711461 665317 730428 699830 783122 675731 705774 679659 653333 678076 678396 746302 690368 678645 722444 676215 678425 689709 679054 712696 681215 695274 700307 668017 712345 683645 729669 721480 689615 746843 666426 721322 735633 747734 692593 715395 672488 701636 708584 756789 734941 713415 704624 700170 719386 712225 688812 705346 700594 711950 657860 677271 683941 670796 734002 660962 691822 720432 697350 702973 720046 665955 668911 713899 736488 739864 717247 718200 720808 754031 717010 727315 697902 663152 733568 709937 690331 726765 704926 679634 714385 667921 706982 670066 723549 753158 718682 721383 703765 747507 729249 677422 681162 701956 723385 760333 707224 655173 733705 689458 702008 
686159 753917 713479 681429 709192 716039 689008 696759 709777 725367 735111 700519 747606 723002 760784 770837 700906 717401 746599 718988 736200 749057 725066 722405 689692 720244 722189 729736 710299 699760 673621 767926 739483 717813 736945 711681 742822 697529 708511 755473 708542 692085 750351 727764 697746 707162 718677 741016 697545 712803 698737 722751 721345 750741 730567 721393 749623 704814 721099 727608 730038 684537 724581 716495 760097 769820 689810 708083 689600 691486 654659 713261 747064 675505 735891 714819 737341 686116 701932 719570 707315 702156 772985 713075 712523 683744 764689 734092 738908 725760 738318 731414 764077 750604 698063 781970 690381 669598 712629 742149 759648 691284 720840 672609 686903 769507 758281 761320 781504 757038 721114 697025 732745 735115 713736 710795 705726 733666 772663 755711 729876 723819 747563 708683 797344 739580 751958 687309 692614 731538 699922 744521 690057 708121 753794 729221 763806 756088 723903 716178 730217 696074 783212 677964 739360 736849 699309 728394 800630 685536 700476 676591 720934 686573 722327 722331 729943 688562 761219 705429 719918 758224 737006 716188 698444 717039 728923 761995 727036 750484 771395 784490 688844 740209 716643 717839 730834 723589 716956 747415 733480 763528 739795 726654 685497 744818 706845 703370 694293 730877 687185 720763 752749 756992 725583 709180 727474 713443 671089 734698 706450 752209 720937 800888 688013 736880 706761 679964 706915 693365 783223 719292 701202 772034 701220 695313 708905 698868 745893 744746 714799 731404 707524 728438 712473 722101 720686 699049 743915 707867 704437 756271 745538 744211 745090 680007 746017 712711 744333 748775 751550 727944 691361 748225 706982 702977 714280 722291 718799 693861 706022 693911 662412 772717 698003 710186 727473 708600 743010 767325 683565 702637 726027 766023 730102 749964 729851 731929 774193 688488 721686 701588 686548 771259 717819 688711 724032 746376 733425 752416 719453 773016 669338 705178 761484 751604 742863 741075 749621 745809 700172 697100 743791 753746 775830 715353 669186 727964 737259 715400 
646283 732422 675420 683203 672511 668810 670525 701080 679014 662316 708517 670363 720923 727603 733749 759274 701887 696510 715935 704257 689753 726352 711740 690494 685573 716177 659495 708342 716754 686378 671019 713955 706014 707649 739692 691576 716937 700988 725177 709807 671960 666793 735260 721111 680708 702906 702474 731736 699615 671202 635985 690361 688385 707678 716035 707168 710491 701728 750434 720066 693895 708663 690884 694588 762525 735428 647418 715166 659178 691866 665659 682225 692848 638307 737088 704023 711071 684835 709213 685973 696947 681952 725304 745412 685826 694614 733558 695057 731203 717718 715548 706070 730216 696457 686689 769511 667310 655800 704386 729154 726083 669741 689978 654934 678093 756849 723720 753972 770522 760078 694510 698119 715669 710983 685061 691677 721622 713202 714883 716342 691124 719278 716238 704986 771759 749931 686226 692690 676619 697597 679794 713457 648778 660966 749285 719107 727129 715521 717343 706581 731062 697706 772815 694302 743325 740981 689706 696207 800964 639819 663888 661961 704778 672540 711774 683508 714280 710745 759540 701306 650957 724544 713575 690921 706507 739740 689376 720343 720457 715666 757131 744514 678752 678460 670684 687809 705986 694650 658117 704825 735258 741805 721074 702033 698432 740833 658330 686380 691839 732372 667302 691467 702065 726475 707807 695333 682105 708161 668694 708407 680238 749211 731626 743246 652770 709530 709698 681375 672344 712178 752293 703009 710432 754682 682564 687521 690831 715620 751498 708107 691827 746639 705121 729259 699397 703651 738132 715612 748697 702802 731894 756645 711574 698602 715462 677731 733926 687924 727470 737407 732440 725259 702058 719933 696028 675795 687789 719369 709629 676038 685221 696667 688109 723660 655236 716111 751387 700100 744647 748241 673981 713130 719530 765433 733004 754757 721891 722571 748917 696343 722336 674338 651383 756768 705940 679542 702736 721240 692418 702405 673214 749796 683552 682489 725346 749693 720907 739551 716170 693350 667753 688487 722699 735248 756688 694073 699152 720178 694548 733080 
634062 701339 666371 656864 658883 685208 665156 693951 674551 662767 690915 673155 690705 724394 730703 765351 705244 669762 699405 688854 686775 712052 683248 717603 668419 690480 683953 689876 726511 693777 656866 703289 689575 694418 750482 683566 718464 692783 699549 724459 696507 670152 723220 733218 693633 699543 711418 715756 677273 670770 656011 683512 680969 686933 708051 710787 688066 678247 720978 715552 704638 686162 680346 716359 731288 748409 650897 691677 688805 688100 649052 673482 692004 609516 734006 713759 672090 679062 702769 681475 692847 681944 713336 706859 660484 708848 766214 702912 693979 728112 711235 723576 704337 706664 678443 746886 683122 641775 690923 726636 736356 668932 667855 651285 691925 731841 729164 719282 741570 719057 692823 680033 703349 688626 675542 686635 679858 709193 752474 723656 710329 690143 706080 700663 754977 724875 738195 683354 697124 692844 673878 683862 647633 689254 745026 689037 718014 706820 697819 697242 710041 681322 756434 680566 732518 715051 708268 702115 777146 677409 680172 643967 675908 655842 699883 684434 710962 706476 744877 682606 657667 700565 704102 658095 685576 696103 681921 749436 709244 726698 727681 712403 664781 682591 674880 710843 708178 680553 667541 723377 726187 712726 703762 705184 708234 733010 682007 687619 694758 733653 664851 704891 718181 731516 679433 692072 684698 684125 677566 712234 687912 745086 690489 752895 654580 687968 711090 676147 670882 691984 727898 701282 685023 721315 678503 659752 673865 691031 717001 661225 687430 666368 719257 720236 707706 750898 715398 695201 742748 673712 695638 707284 723702 718441 707808 676577 712458 705093 748670 729475 727843 675293 664468 723570 689155 681669 686965 674308 682241 660584 640828 698500 679028 734308 644588 706772 731899 711936 708487 761172 679433 657259 723779 754255 691386 712936 692495 695674 732308 692772 691155 655358 677622 728329 674293 692088 708010 700013 707782 696675 670871 746871 677370 687904 721414 754040 712479 704603 713692 715811 649809 715375 701562 695909 738593 736715 668229 719206 692318 699093 
696511 793155 721716 712306 749165 722049 742187 750134 723453 721446 739104 716558 780096 763872 811069 804886 752655 720038 786618 755525 759473 800869 759560 764754 711079 735008 736875 745520 749457 747498 675140 740324 769851 762135 802053 747872 803385 745231 731190 769726 754054 727330 764619 774180 753663 732280 755448 770681 724191 733251 718801 743188 722667 799136 755235 731962 762874 729098 778470 767179 776434 755116 755437 754388 794227 783829 715693 741997 740190 747270 732504 710437 764160 685627 790033 751663 736064 724189 750844 730309 736246 743125 774215 759906 733601 712906 771725 753275 758946 780756 761967 758838 738334 783396 745355 812419 721246 688172 781367 768474 792206 711574 721840 698557 732331 774797 774298 777585 815999 801092 733369 729894 762896 752359 734295 736649 765470 774622 774578 768250 759310 710914 790312 763579 814174 797357 751660 715693 731546 735977 751725 759086 711312 729927 770955 752478 764221 795236 767002 743072 747376 717826 807260 702876 787498 778697 743390 743562 825586 710605 737370 705608 745779 701751 766070 753669 751411 765659 770603 733510 727516 738917 760473 696130 754153 744281 748536 803440 778983 756821 831659 787906 708224 757042 742530 742460 761941 735544 718645 763244 803877 758181 749796 760293 711430 783502 745624 748813 723244 758119 743099 766976 736343 786342 765370 745323 752128 737607 732526 766713 740158 764222 744420 817291 721513 752961 774254 750512 723862 773365 804081 752995 745463 777117 731969 746808 739875 746046 772713 756051 750432 758195 758027 754041 737740 775268 775071 763390 777951 735385 766628 793110 753408 775098 739826 685054 755896 728333 781690 827149 771538 739986 749376 772786 760547 733545 741270 764644 746181 717240 721292 719585 716232 777445 703529 732395 794724 727745 760716 766369 731360 729180 769389 786619 770934 775768 749810 749245 762838 759096 755746 728415 718367 773870 721680 761421 767318 786342 759759 745372 716690 759386 722201 735073 754986 765200 772599 757861 762977 761846 719318 756754 764175 776463 813246 743426 703688 759738 766645 755694 
670826 745049 713660 673632 714626 713647 686803 740868 713487 712300 731010 690666 772542 743586 753562 763332 736229 719512 764970 731803 722169 750639 757730 751593 689731 733760 700141 731206 724226 736995 664305 717622 717492 736383 754813 735278 757258 718728 707236 743623 736643 694867 724972 778814 701167 718122 730607 726337 703254 703991 723793 704325 710407 743835 712718 703325 737784 695484 750890 728756 734754 718474 722464 729260 762767 753733 656740 716632 700879 688215 678299 692174 742890 664988 753365 739786 721965 694242 772634 723103 722645 730155 739487 721214 709895 721537 765088 686126 741916 742528 740606 744834 755566 730801 734604 766426 696272 662994 734179 761584 756843 659167 726257 691311 701465 792606 721646 765779 759727 773623 734163 693729 731374 715038 714112 726098 742291 753284 745106 718068 719605 692953 738442 740298 773885 741669 735393 697991 688195 725339 680957 739108 684740 689873 747647 705088 758972 763817 752340 744433 751195 688255 781164 696569 752387 761374 721982 719957 788865 677555 729468 668078 745314 678227 741705 673561 744439 715025 779823 725174 710702 737409 738133 700948 728672 742506 725292 775109 740584 752102 812490 755753 657847 716743 733843 709509 714054 703851 734149 744322 742659 748092 723803 731217 705084 774165 722760 721854 696268 739238 701160 753089 729273 742516 735651 730676 718809 713487 731449 757550 710221 789891 727750 801974 683155 732816 720029 679925 725272 688613 764762 698237 689305 763122 720777 686698 718485 695398 753964 698388 711823 705450 710078 713123 742278 749107 754196 730537 753134 698622 715393 800562 742371 723634 732322 693845 729926 728454 763980 745047 717409 714431 701533 766018 746084 686866 710453 715544 724692 693505 708190 731481 706314 768504 673501 700956 750398 696995 736191 759824 708730 682850 732620 741701 753399 739355 724930 705196 739596 739261 730986 706142 685686 740087 717009 710825 745736 724119 715043 715693 718645 738966 661974 703414 772457 769227 718947 727922 723124 725640 711576 717463 729802 742253 806582 737680 681215 748780 735981 728557 
688017 728306 674795 671964 675068 696332 685213 697524 700423 669900 720655 693656 726417 695878 778120 769728 698524 710707 733315 718923 714955 697152 731188 730870 693162 725400 697264 732340 730376 689063 651466 732799 744819 722294 734795 666930 744348 710814 718590 723273 698270 686019 749393 730836 695987 674622 719642 734155 679895 678069 677143 706691 700347 740896 742896 677369 734561 686404 710021 719372 706758 695232 733021 704545 754815 713994 684831 712269 699827 732529 668062 696325 736297 652533 738868 704538 715271 683317 720723 687844 711156 689280 701921 724431 699097 706538 756660 716433 695320 712998 731705 705041 738549 738577 691042 755284 667347 680998 722062 759505 729332 699863 695776 662885 675212 757331 704031 759973 756434 755417 726411 715251 714219 721986 717820 696699 734430 725321 746789 745498 694344 698481 709937 711689 774338 736541 720432 687237 688102 716358 684048 735852 668799 686357 754946 682765 716074 728596 713000 709793 734511 709442 761177 691149 767041 732126 720687 722211 798871 706296 708697 690830 709522 667680 715524 696378 750999 718073 774217 727677 695292 725768 723199 685219 708244 726377 735828 750165 739625 724273 780270 746858 664612 692234 683234 709575 742222 690911 672709 712295 750929 722556 715416 723650 667337 761548 701659 707279 674612 735310 681973 720488 711759 725718 713450 707051 700876 704531 702994 719385 673574 781918 695557 773998 675347 727602 721898 697673 705453 714671 752108 704614 668683 755786 679872 688117 672558 694013 718580 708984 677056 703733 741153 724844 713418 731492 726196 727565 756574 698529 702588 752147 713424 732439 683259 694995 731034 698865 758896 757338 728939 681588 680920 750901 714423 683757 714684 699803 701055 676011 665830 687672 715429 709174 661395 710699 745163 717948 718372 738826 686773 687930 728085 744634 741242 732107 709203 718747 740711 703001 719963 696679 681023 732015 723527 694075 712605 715704 696410 728493 687808 751863 654069 693377 734847 764107 728929 725804 708858 726759 702294 715320 722090 719750 726442 721847 686315 735217 712897 703267 
655306 731104 730529 661218 708484 693701 653778 733761 716752 693124 707632 674107 776615 722286 732417 762173 699296 687774 733139 726681 691833 731284 721923 713070 675169 713060 687797 723161 714423 683130 652068 715641 715147 722566 730205 710426 754161 751256 686136 744621 699202 700825 711281 734180 709472 696233 693648 745597 685556 718732 703244 719393 714939 719673 721643 689731 736962 727818 737239 722407 742040 689014 709108 720746 752178 756585 663006 722948 716760 717157 658591 701318 747958 640517 751630 725845 716211 703288 735801 711811 697879 711614 766976 704472 710051 688990 780996 715430 719726 745620 748186 711810 725884 749402 698189 749225 688847 651976 713660 738549 750736 708684 700052 670014 704152 743630 717381 732759 739309 725105 744528 684747 727966 731703 687266 694254 704096 733798 738993 713939 709985 705322 711671 720012 771433 742768 731593 707697 701680 715908 699684 752322 704604 667459 720748 724772 708308 728680 744218 718291 724516 689782 761004 690405 741671 751017 736206 725853 754786 682394 686736 651219 706473 671314 746407 704884 709066 718332 741759 703778 703563 706088 740121 692880 694887 713021 687828 750131 715874 746724 775751 737994 693304 680782 694852 700852 724490 681252 692838 738762 760164 741084 703255 744750 686943 741477 707860 698258 697885 705783 723172 738064 728865 726015 725461 711525 683728 732709 681350 721445 691747 753335 708308 787571 667713 728401 713289 701377 697540 710819 777403 689816 725535 754259 721350 696573 714110 677469 749580 697351 712042 721439 730105 732278 746440 709384 763350 697575 762071 717704 732264 749709 733917 698177 700316 683723 736580 726168 769290 751566 709179 675322 702106 737916 695322 700302 694916 721232 696108 695669 667741 712780 666170 768612 689876 718363 744313 703087 702539 742687 675847 691664 718370 751242 735011 756439 714109 724760 769665 704909 746219 685401 685162 772440 695503 710802 720485 735712 708331 726561 722247 737047 660436 663177 745587 757520 730617 721132 745816 733596 703875 714317 751048 744714 779505 699249 660398 732443 718753 720242 
652905 710300 697486 658752 696122 680736 693486 709555 664721 720512 686917 675001 725623 705651 711111 765128 704692 690543 722678 720631 704826 708695 706171 711454 676049 703421 703271 702997 699179 690116 655333 722101 708854 716806 748081 716831 713457 682869 687876 709748 718860 711682 733020 719852 684428 685524 695209 722889 679903 680743 701716 727658 674405 700138 760384 689865 698333 672642 713653 723570 737855 702425 698855 690797 722216 745542 672434 695059 674681 706088 648215 696902 696361 628917 754308 703342 686419 677426 706183 702213 692941 677353 702072 675784 706813 674143 795160 691557 714376 710442 702236 712133 718401 758724 720712 748622 670824 639551 714601 741030 728282 693440 696315 681180 695754 743273 693732 724213 762214 715006 688602 670158 721602 722805 706391 710084 705990 702212 763175 704163 701023 670665 701382 687890 747405 695128 741336 704259 674114 692634 689372 734006 680103 691449 719413 697861 680574 760373 730008 664538 715825 686582 751961 652532 711962 709424 735462 706061 791621 660490 682634 654552 650048 675615 704881 689840 685773 694588 741634 709887 685078 750604 694862 680900 697864 695461 707341 745874 701987 754288 756001 744777 668672 696894 694004 679819 693105 698914 675077 724904 740367 734788 708199 721610 668794 735482 669310 690716 685832 666443 665585 713313 716965 734213 722572 692036 692650 697036 682744 725197 664209 730319 675340 779059 669122 703678 716907 672780 692744 682080 754918 693512 680417 746145 683835 669498 689561 671335 724284 718845 718002 724347 706660 706274 720507 721548 697408 690402 740464 670332 678117 770097 719296 726947 718719 679809 675533 727224 713372 752297 703900 667009 667280 718038 743207 687939 694746 709783 699831 694015 660972 688614 657537 748877 676281 684980 702027 678676 733255 729679 681726 652741 716974 767936 695393 738507 683954 678743 763359 709690 696602 682450 656111 729676 675830 670451 695930 727589 698785 713333 686344 718903 648227 678799 729284 699274 721388 706247 712250 698962 690994 679712 701485 734222 762842 717604 666425 732079 733300 713307 
717399 767255 740201 708653 719882 718819 698348 761598 749333 728045 755620 738225 810249 749751 783661 813363 754310 739164 788436 756305 725860 765798 769696 760836 725712 743987 751451 761531 746370 753234 700020 776315 764412 757603 814294 754972 774172 748740 744493 763039 725411 739034 776010 741683 760570 762816 770924 767329 696322 774461 737611 743740 720627 768897 774452 698305 753338 729538 772688 763476 785189 765489 771016 720674 813412 807137 677262 746224 737357 727288 672693 753227 760460 698646 760319 774920 762710 710329 751444 772442 748584 739993 786213 731080 744934 749580 802616 729520 765621 760391 783828 762828 747882 776668 766973 831164 744450 706939 774362 768213 763238 729840 749768 715658 741459 789040 782118 795401 798499 775377 765790 746145 753391 753515 725021 722367 759403 759161 778123 766287 772760 737118 760829 744577 799673 747604 800784 722929 744710 740042 731117 755934 718723 728050 782014 737891 777976 784528 775510 735757 770909 728361 799598 718275 802530 727174 732945 737037 821421 738779 749810 698873 751505 721103 764071 710337 741938 775093 803913 735365 719769 782109 754532 728195 763245 758741 752008 795425 728183 768493 783228 804319 702628 724691 739056 721503 744383 735170 752784 762689 781842 801045 750328 762280 715092 786461 762754 749302 721180 773127 735190 742791 783440 802036 746015 729385 711545 747665 736507 757043 730899 784445 752447 824656 720784 766815 775431 725609 741112 749834 782906 714903 727541 798105 763994 712853 771346 732154 756675 715872 791081 760831 753710 783799 778167 759936 735338 744567 800311 750661 768820 797630 777446 742859 756805 740461 759870 772913 788320 771639 777600 744089 718699 797005 761505 735570 753192 744256 735824 756295 727606 750994 702950 819643 710529 756862 773361 755034 792440 785270 747906 690237 780879 807238 786554 783430 749125 771521 769832 762698 781921 730309 692579 771587 722248 753900 770500 769720 756625 777864 738809 760926 699928 726487 776844 786207 768938 738823 757773 753258 716817 761399 755052 757800 835662 747792 693572 789459 710318 765544 
673126 725149 689249 671368 694845 695521 691989 722687 687082 705225 706673 691213 760470 715650 760750 762609 717285 710879 741199 730010 712257 731534 731118 717620 703865 705031 707855 731124 717323 719000 646035 750404 712534 732518 774515 702773 765009 714515 730614 747600 706305 696298 725725 734405 687844 713860 723567 741820 683680 694978 686268 731005 732909 754315 706235 691235 732629 668055 749666 745812 706058 714285 736307 703435 778740 766430 670600 696689 713284 703590 651925 695219 748572 664485 736779 717841 725316 725313 724232 716841 703795 697170 744872 720532 724131 698167 753903 733737 708638 750289 754281 729947 725477 744872 697096 785390 689811 694446 732456 737368 735839 680944 707306 684817 737242 774098 737852 756277 758614 736783 714742 702003 715102 705411 689157 695853 731150 738403 744755 719191 704154 693260 738016 694401 741172 727534 716350 696690 687873 739576 699013 725636 676450 695824 756684 733739 748709 724403 732263 703875 739318 735786 792232 699952 743336 729752 680587 720296 791390 691789 698665 664666 720963 675689 739264 729635 725988 720193 782297 734678 718657 726189 719881 687607 717887 733629 709179 760589 723922 740864 768646 743647 683783 757073 701272 718616 733321 700665 686198 736366 735991 759722 719501 725194 701505 736561 689957 701079 702815 735494 693789 718102 735524 732556 707785 714115 719753 699440 702279 726846 698472 742257 700885 785532 681036 706884 710048 695641 699824 693046 758738 719310 698265 795446 713162 684510 695252 692134 735298 718252 695888 731712 704578 713970 724930 739405 714316 711402 739817 703691 702542 774372 736990 720300 714369 684573 722168 730227 748707 773178 735885 701462 698862 762677 738016 689677 706566 695004 715845 685196 678524 713038 696691 750526 687398 752560 746974 714034 727523 749185 690410 695211 737738 758253 730928 731843 716170 732249 723981 721585 698381 714977 646129 754293 729056 711080 717771 724065 748130 695433 701122 727047 674130 713960 733891 748940 750166 714084 733719 728674 684628 707937 721280 742091 794582 713536 666555 751828 705984 712215 
741175 775242 703783 700346 715308 744049 724775 727824 704471 714596 742105 703999 789469 748057 779169 821493 774103 718164 779012 768877 764381 757444 761939 757083 721972 741198 725813 758397 760886 756864 700055 759945 769612 728272 808838 725792 752649 723867 725983 771743 737523 731403 780857 773593 753086 727803 742171 757119 736246 748912 701648 761070 777516 761311 761610 725267 769010 697246 748626 745952 783586 750235 740592 751056 790010 755725 697346 752290 746074 749662 681928 729173 759391 665056 795875 732090 758289 723934 757373 732717 762595 711515 792175 747222 734831 707439 803786 743739 757191 764823 738157 744171 760367 785064 769974 797593 726240 686111 774550 808917 797790 731059 770446 717121 738541 784184 735969 783128 792348 796725 731450 698544 763665 742473 730962 733205 757255 772878 804660 777259 763613 707976 748944 756956 794071 736423 774004 768658 737740 770709 700557 758235 733829 725004 739481 751413 769376 755930 756982 735540 777200 744048 821469 719879 789060 784951 773486 749852 809629 735173 720211 685917 734019 696827 761432 752220 757750 722467 799055 735947 741259 755536 744952 712038 748520 751776 756961 804231 757423 776333 801823 792506 709760 739713 724184 743321 752391 712691 726858 754914 799354 762803 772010 775250 749140 802899 746704 734368 728433 746992 735446 775272 761620 765241 773287 763462 729522 719678 744672 781863 728177 790931 752342 822010 734871 740138 745740 735888 730629 736912 801607 747929 744123 761746 737060 700486 732962 704413 763074 720325 745843 758879 733590 753120 755035 771455 760444 733355 767324 727700 749368 810827 776878 743251 747061 704070 760116 749661 794554 813921 760224 732669 734297 766714 801564 746408 736629 752129 762784 725849 716775 740719 731064 784938 719672 732762 773826 741962 767604 771697 725499 729320 773170 791837 774034 767346 762453 733802 768977 784337 758219 749698 719237 753963 718044 746738 757207 758246 766571 756465 750938 767846 708852 737313 768240 787244 772334 761964 764330 764105 749543 713028 750648 765874 809311 755142 707942 796636 755674 757725 
693114 745400 726909 676620 736288 731822 720313 754651 720822 735892 745428 714317 788772 756708 754513 783083 751733 723791 755426 754377 750499 752319 740918 752793 716130 728688 718790 753727 738795 732001 691680 765896 747958 772285 810888 741522 781607 742446 734743 765779 758880 730372 776843 736697 716408 719796 764486 754948 694258 712650 729658 748137 770077 770443 762325 723629 735784 709885 776003 772389 774963 753146 740290 748337 787372 784716 702155 724910 733801 764658 699198 720956 749454 665381 782685 720400 753112 734026 753328 714753 713497 720277 782777 749211 746618 714041 784603 718612 778830 755730 783493 737478 757445 761412 736168 785889 699399 703413 734440 766165 748590 700671 720541 688862 728360 802353 758263 795626 785524 773799 757950 724828 731090 743780 716009 744361 733866 729064 760481 760162 764269 733138 748936 751142 803262 770622 758862 711196 734386 769754 728279 761960 697950 735402 788622 741427 774165 770585 728610 745628 739290 742193 797624 726368 782601 760035 755174 773911 808958 694046 726766 698743 715734 709000 754805 727766 749907 759013 781149 743662 716219 738674 752888 704291 728256 761838 745272 776933 753022 763463 796745 791357 692561 761472 731414 728138 728722 717887 732016 727006 769187 762329 774308 752295 736769 782637 721038 731273 749330 752597 721913 757345 766910 767175 750756 760899 703626 727923 735234 764742 716776 798716 757781 825896 717414 756181 736118 701166 730246 748208 792048 716471 732022 786835 753982 726823 736877 729489 778063 723122 758545 754156 746841 713480 769987 730687 760399 747645 768727 734560 740684 815501 798899 726701 750683 723868 757559 733231 786334 799188 758267 718192 739191 758006 741299 714975 760492 738746 717724 706252 728019 712541 716879 798013 712326 753741 776400 758613 742836 751251 740735 761789 755259 804485 772552 767184 759692 757005 751428 758155 766312 740127 673330 779550 730273 757484 742836 765705 780085 757257 706893 732214 703083 730014 771715 753473 772720 742117 745394 743983 706216 748688 779160 780746 810227 714719 687728 792000 776544 758662 
721676 779553 726023 701715 755240 731149 723964 780954 754804 760023 780358 729267 810346 781593 802499 805155 774021 719615 799833 788619 776157 780582 774793 793060 737961 763066 769114 795751 779112 752478 726769 779609 762155 778087 796170 771496 793201 767101 726554 785630 772032 719211 766676 784144 755798 724985 762905 806611 729709 748670 747543 748107 774388 790081 760547 727505 778920 748031 769900 779857 781120 768425 784981 748667 831215 812861 728140 735063 773482 783962 714729 711337 789438 686112 819719 770982 779201 722225 783120 750453 724924 732253 768110 782855 762185 750788 823055 765953 785757 767623 769081 766931 764460 786758 763890 815438 748902 720017 767260 770588 792965 747971 748102 706907 756558 803179 769300 785658 817179 775299 765849 734607 777789 761292 765851 754229 787795 760677 796294 778703 763775 723756 755634 763776 835420 800770 764779 708671 749045 778709 765758 754830 712177 739185 793756 763247 785024 777091 785535 746625 785418 731185 816191 745187 802499 789920 771980 740395 812592 708424 752560 718409 761993 729938 800391 760857 764796 773354 795982 748134 720192 811413 754657 762686 780517 787461 762966 823882 785248 775378 813183 774922 719724 759574 754109 765348 755661 760373 743122 796048 800298 783116 790913 767184 765218 821572 764942 764296 734336 774632 773878 767962 783175 782607 768845 765688 748873 755882 746501 758958 759193 813532 740076 828820 711274 768305 764482 710644 744903 751471 824909 759352 748538 818261 733595 716502 736517 749337 749911 753077 754332 766290 758908 761021 774112 781332 781701 767154 824129 724664 782928 816897 801319 788183 787914 744979 777912 745867 811592 778597 781232 770150 732758 806742 758871 763703 789067 754611 774988 750025 734904 716758 743832 782713 706000 764417 781909 764049 793930 811333 759248 766462 775692 811022 801050 798881 759013 786709 774863 764743 768380 750504 719360 775283 767659 750797 794330 794204 781692 801179 736733 771789 729487 746552 792355 772820 767532 774001 792758 782327 726813 768495 765575 794363 807354 770704 731027 782879 777803 765571 
693686 766456 724191 716917 722022 726209 722689 725153 725719 717227 708549 709267 768820 741040 788046 819787 718582 708633 755844 748219 719379 768914 754608 752061 727091 716651 701404 765432 727368 726263 661356 761593 733269 766665 795661 727758 785168 743784 717688 763902 723729 733452 769274 771139 734002 716039 743001 758145 737715 725207 721607 733065 729269 744844 755634 733484 749103 730777 777868 759898 773515 723391 742062 748248 783323 799322 704752 755411 712012 713457 708837 710872 776897 689859 766368 732945 731026 708945 755421 709682 717922 716607 771952 735623 733135 700559 806528 726681 751738 748729 748310 756174 761755 770389 707025 773683 700696 697416 747103 778411 791904 723247 713273 727513 739706 771199 765441 750987 761768 766208 751275 710258 776338 740809 742685 730989 746017 730854 787985 737237 746094 751053 745683 756971 791327 782300 760308 735129 737703 733223 702546 764490 710424 728759 781314 743480 755699 760967 773719 742429 722640 736505 815373 724367 750001 781105 746842 742706 808468 735291 693628 698183 719628 684095 762742 766006 739500 737543 787323 710155 706826 762146 759755 728270 728859 728062 731918 788126 754358 761714 799718 763974 708479 719079 725767 765702 740644 699306 708672 749605 758117 755453 760804 756251 709277 778597 747048 721488 727127 738808 731986 750764 752520 757688 741236 744544 727330 731671 717821 762444 690577 792499 756307 818721 704661 741486 755523 704285 681951 731889 800867 749194 716325 784475 738363 686600 722760 727663 739624 750524 762198 721315 775563 764701 757071 754951 743210 742067 804474 722358 734645 772083 764104 743428 748763 736087 739899 766070 773693 777772 780248 709854 707460 774137 767644 747923 738732 721617 739640 719949 718684 725445 697144 773176 706230 734149 778429 746373 724093 765714 728480 718880 735906 796248 737538 762062 732587 757065 814627 740873 752774 719743 703611 776808 736953 714855 762993 743864 747099 773159 714797 767353 723108 695251 748809 790974 770087 729116 750172 775876 723497 737735 738648 770120 818462 748559 728669 782399 772674 731258 
683693 751442 730157 706117 718370 712073 682467 708289 693980 707172 743657 716654 767623 743549 762610 797335 718190 675916 735344 706670 735759 720937 746139 745960 717969 728549 713871 721136 766915 707917 674614 728398 746680 749010 760479 736593 770565 730469 721174 747862 745989 696423 757326 753022 703884 725317 774891 721515 711676 692175 699730 722284 746786 775648 724776 702352 794443 719869 752309 738149 727068 736267 716376 726362 767061 788458 701392 729757 734936 746471 648291 698215 758162 696370 750287 733469 730763 719039 728480 714576 690320 703751 714163 753125 709859 739498 777162 743403 708891 733109 743262 723388 751272 747821 720389 753361 686612 699321 749902 763347 753950 702108 735195 705412 725779 752803 716937 753129 784931 752052 747056 711324 729302 729621 719607 717200 726513 761968 756772 753739 720397 712378 764482 730825 805396 763227 737780 714200 733726 748710 708024 714333 690834 728706 767349 732328 758219 748994 787443 714652 754736 694933 809442 698282 768665 759248 716116 731818 792141 687575 711847 689312 729898 689817 726806 734901 746457 734823 791670 744801 716291 736230 744669 692038 727605 766104 738310 783978 749414 753502 790706 744293 690838 737044 715040 723969 739323 711882 695387 741288 749544 754413 718771 741206 696016 774102 715954 700496 711457 750608 695245 756598 753911 746507 712777 736869 699008 729248 720828 731093 708052 763089 716885 806979 698273 765742 723726 685216 732885 737113 786928 734520 712962 773544 718031 721514 709235 734293 769560 731904 728651 746671 730450 752005 722262 735372 726576 727301 795895 692010 724185 785680 764791 724964 726768 708313 733178 728805 800581 756570 751430 706455 729727 760653 720430 703960 719173 738530 744876 704814 695197 720818 716817 766498 691237 760191 760030 730579 736891 745954 690595 750061 722546 772415 742797 735604 741392 745998 808950 721894 735573 708818 693282 784245 740027 721137 749843 716827 729826 746639 702691 762788 697452 716617 783320 765319 732034 742629 770239 743561 690382 725031 733622 753036 784792 735349 728284 762652 771084 744143 
659229 700773 683673 674010 674984 703173 682391 720400 690799 678599 697354 697053 721626 702972 738509 764133 728383 681551 724655 736292 736902 727782 725785 713780 692422 744645 674354 736156 720004 697886 654254 728850 704417 685975 785608 714930 733529 687235 711854 732386 726072 675548 766339 722387 707063 687113 704900 737881 697752 680863 652106 720627 729750 743049 724967 699097 717615 699272 723376 707390 741056 708020 702120 701833 744638 742086 673547 690395 702154 709637 664378 684405 726941 657959 752172 680450 712527 713916 710359 701508 695612 665370 733839 732625 711204 663649 767799 710628 710853 752703 723417 719093 724591 735660 697407 726669 691569 695295 729868 754578 725779 719214 692437 647343 707741 753428 729824 754846 763152 698574 716101 682941 726233 714192 700143 682250 725513 686318 745453 722703 708524 727923 717158 714805 746834 738093 709656 692369 703932 718111 668402 713293 657337 710751 752060 691859 742592 700482 748411 685896 709485 684163 773965 670800 760988 723249 728246 712100 759711 684947 686337 664924 693167 674008 730808 714704 697412 720184 770288 719345 681305 720409 705315 707786 696330 728193 709025 761508 713352 744497 746501 753800 679453 689642 698052 704849 698601 694097 680769 724982 733989 731184 731821 721394 689986 763382 700234 707643 672722 716505 682856 701341 735761 745863 711226 707751 692615 696200 692520 724370 666965 730966 706697 753109 647436 706025 715491 678868 711984 700741 753504 712054 708868 748942 709048 657302 706550 704788 743976 710250 726130 709320 715089 712703 733742 699473 710112 698344 755670 685624 709070 727654 720350 698211 682877 686163 693460 709333 754097 714707 737544 684629 695075 730419 706885 699511 742971 701766 712338 669695 696023 693874 693495 757344 699664 709824 743148 700998 700638 699453 696748 702934 747716 733849 703074 740292 693562 699005 761494 696270 720585 682190 663998 745167 690292 694394 745923 712167 709063 728736 690646 739961 677992 702957 763451 711590 691858 712399 718550 735632 681219 723581 728708 741293 779532 727484 702785 736220 733089 736801 
687742 765829 751934 699654 722085 721187 722180 714441 722660 744005 761663 709931 771825 772107 781936 803136 737148 737780 794299 755131 718378 778711 751688 782191 738545 752477 720745 733265 749625 750215 669826 778846 727979 779628 797760 748042 770088 748269 739111 793494 743423 719965 790734 786322 753030 714750 712822 792975 737936 734400 734180 752692 765306 749484 768647 721202 778840 752836 784199 790537 756943 751567 785594 767382 807944 779305 684469 729161 684783 732289 696152 735335 756783 699755 771661 745700 742783 718193 755044 751991 697576 738953 827151 793232 732593 749744 785847 735167 763862 783655 776734 752801 795166 788131 731583 798056 749749 699124 740327 778239 778890 715587 739224 724433 751633 797937 755437 802469 815400 793055 727233 733832 753089 751823 744009 726925 753280 773562 789598 793587 773705 735388 750913 776944 805117 793132 776046 744502 762213 758366 711499 789365 708061 751924 779008 761930 765614 777975 771930 726808 755375 732480 804119 725502 768892 793145 787520 765897 820144 714043 729114 698485 753301 703516 799638 742317 756393 760790 801083 743472 734623 782060 761365 735694 742067 790743 738718 807947 783359 752362 811551 770195 743634 752773 729737 763500 752951 745636 713662 785651 821318 804028 761938 783268 707228 790960 718362 763975 742973 750057 734917 739800 774349 771139 793332 749502 729225 751923 685548 772898 729476 791036 758136 811050 699635 754314 757535 750964 720912 737189 837931 758024 727418 789743 718490 715445 745497 731750 758466 739635 750502 748901 760635 765560 738688 756428 814441 748674 785339 722818 752906 794786 776370 764579 779833 724970 766435 780997 781415 743052 780449 745599 737326 761705 778996 739901 731034 748838 766813 725023 732608 759203 722649 783321 730215 743527 758697 754653 769573 785675 713345 704967 767726 785861 769391 760128 769314 799738 791478 748674 755934 724843 711430 789748 728660 727197 751103 780648 771319 736730 729082 824237 736258 726398 772119 807670 784136 780671 780340 748320 746276 751662 771366 782403 823392 758176 702478 788337 772476 752970 
741797 744539 740133 707755 738274 760627 746675 753828 710127 735708 767466 729194 807390 730270 806332 854459 773627 742865 788163 744440 776216 767747 773804 757885 697373 766425 751878 785364 764115 732136 664955 769778 761953 752686 777525 760640 786365 746165 726894 773773 790580 733639 789324 800151 763785 750509 754272 782727 721283 735586 761179 741250 777106 784964 777555 759251 784310 731808 774934 776142 802520 752299 757165 762399 822658 807967 710509 752109 776360 748531 706832 743538 789051 729273 800311 758207 745998 735965 760231 752137 748054 756799 790401 720435 747925 736040 803965 746684 780303 777198 785199 776470 784443 784323 778278 809559 718075 731288 749492 785656 791400 740610 758980 730398 753903 773846 761555 828362 803820 797780 772027 743753 740540 787921 740490 740719 770282 791053 792928 797979 780397 735455 772841 772656 820646 775978 767621 714638 746201 760943 732239 768715 733709 757708 791910 764031 764150 796608 764788 746538 780588 724262 823638 731643 811442 759661 740316 751404 850583 738889 729139 699849 774473 712316 780389 773112 778017 749540 812205 741724 729805 806280 794618 733126 733593 774110 759649 823864 823107 794083 826322 816152 723047 765909 754084 763214 770858 776521 768876 791745 799900 797862 753360 794773 757355 805465 736500 760544 718051 755718 751600 759006 754114 778160 758136 768492 744289 768787 746386 793315 734516 804120 777445 820058 735693 752459 755306 712886 738064 753188 820456 765521 757708 787358 758284 727826 733240 734833 762067 735584 776121 744234 764342 749044 767390 794436 792566 762195 787843 737655 747178 796400 775176 788875 744655 739943 771735 779870 805936 774151 793451 758287 734617 761297 764570 736149 770563 761028 767223 720593 731281 762166 706983 816919 727370 791672 794243 771683 780386 783206 724114 745393 771660 811847 783499 767346 768692 763772 808314 769011 767405 752276 744482 792168 746435 765246 786220 759001 771250 777549 746846 807309 701830 754200 792476 787158 758604 776396 796429 748411 723675 762197 777811 788948 809342 775061 744434 775887 771267 755660 
692772 742923 691732 716918 725971 715489 705829 771046 709936 726700 716587 723005 773406 736881 793336 791138 761515 695979 730460 757656 757424 776409 722722 739498 699948 733778 692311 759734 753637 745986 679795 760726 734784 744552 791153 710366 737261 712923 747417 748043 731598 707521 768609 772049 729331 741604 745848 758327 722621 696643 702349 751347 717649 747641 741718 709115 722777 708011 778364 742964 744971 751744 720016 739626 783089 757832 691941 744790 726561 734001 702479 697061 727370 660998 766824 748775 743089 723109 733269 698268 718712 697355 774799 731063 739776 689584 798269 698308 763084 731673 742612 744677 753048 763374 710363 774002 712118 694924 728034 780456 766699 737277 738760 709516 739985 758455 774632 783570 780370 771609 746994 731523 755926 723243 735014 739170 719026 746039 782621 738760 697040 718629 740397 747855 797031 798313 746129 721806 770006 763380 712349 766999 718007 726146 775553 737040 760017 731719 775320 718178 739399 741127 804954 739215 775351 764417 711775 765706 786964 710267 705678 687995 744840 705087 760480 734444 753393 747291 782280 734228 707563 726409 726907 695030 723467 750458 747892 771088 753774 771434 786299 762724 700322 723244 702366 741924 736051 691583 719732 741943 766180 727204 736241 767098 728709 763122 706723 745131 727932 764604 709224 757537 738415 742727 742077 766398 717442 722763 713231 770070 702742 789487 756448 792153 712982 738227 726202 711971 722838 735499 780294 744296 721116 784887 740984 702313 712887 741387 754176 711599 720862 740825 754219 755489 754814 746261 739415 719860 787488 720971 752107 781021 778115 755801 759522 718552 750295 741996 788218 777427 728084 703879 707164 765279 735034 747207 737008 740912 731319 694218 697493 710622 704309 785505 683963 723977 771820 728574 737689 792292 755786 726800 749864 771172 745032 771650 745664 756145 786820 722074 734339 699759 675651 766914 740438 723710 757603 739045 735860 755440 708954 758893 707107 708181 764866 751444 743436 737804 746515 745006 723371 735309 747283 752477 803779 761452 715373 792602 745174 764081 
675879 756332 740627 706826 728115 724194 701821 765311 710485 722348 744837 710841 791708 752741 803677 788944 736017 708238 755154 753804 757000 754736 734521 778370 717897 749298 745665 739978 758087 761433 692487 756868 773767 755870 776452 713449 752463 774225 732601 756854 743139 717258 775590 780281 738122 717605 732823 749800 741827 720909 726185 748009 748688 731347 745276 728131 763716 704104 751392 744759 755190 747100 728888 755778 798401 793136 685416 740769 734248 734912 677669 727126 758427 676809 757909 748090 741036 721545 731998 746802 692599 711204 759365 745331 753867 733017 774894 728356 749161 751774 733124 747190 760253 757960 715315 777620 707065 704528 751465 753511 782536 713916 746555 708093 731172 780087 766226 765262 822561 794457 769941 730575 756007 748990 717472 722874 741702 777250 756220 778601 742815 731820 784966 743279 789602 778457 750706 737230 737490 752285 701593 771864 719404 737667 756853 744973 751627 754936 749902 737461 747190 739875 780979 720980 772233 765609 752583 754125 816314 705734 732260 700932 707810 704255 756086 756519 751488 728491 788604 769831 713334 737474 767692 720959 720907 723422 719054 779634 742248 769954 786914 781990 709542 719449 731458 723908 761828 723562 711067 738905 778300 753812 742937 738634 711245 789980 726009 715837 716930 761405 728806 758854 756511 770581 732870 743311 733034 722045 709600 730282 722534 766025 721752 831873 689905 760683 733934 704915 720512 728399 825327 753188 727404 767654 741219 703108 735770 705629 763827 745272 749103 737895 726591 762782 752598 768499 760112 708992 810153 716774 752750 783511 782280 749059 747819 724864 736129 759293 761788 762311 764005 754247 753121 770432 739447 739907 724515 741251 743250 703273 694960 721773 732832 796867 739244 732034 780611 736694 761925 776688 745861 734176 753425 781043 747059 779901 769800 771081 797337 717932 735664 714971 697534 774906 745955 721798 773296 758436 775234 742627 729644 774656 697539 723122 782250 781182 776876 755003 794468 764121 723909 761516 756555 782457 795270 751713 690518 741102 768597 752017 
699949 764897 725189 723007 719222 728761 719555 749121 721171 737968 731379 709362 770401 731200 777772 791653 742606 717223 766188 767971 759893 799420 766786 741963 749345 735819 726572 749904 743391 716518 694348 792859 743639 754921 777571 723574 794189 759559 749212 769503 739711 719287 749673 804162 713826 702040 744491 768107 716947 740276 701963 751370 752046 791046 752664 713319 750458 723062 753841 764312 769129 722431 761820 731332 789983 761956 729541 726578 739673 738068 672444 722290 757648 675373 755269 754616 740322 702721 762221 726797 728393 714418 784940 737085 723607 729439 808154 756307 756344 750708 730855 767748 790519 743399 735115 784480 709791 681233 749313 784484 791007 698033 713917 677118 707664 781017 770488 778774 776826 789272 752057 733048 740459 758602 732254 744644 761361 770122 781823 770955 756208 708538 757992 760159 788910 780859 753135 706437 747875 767175 722900 771977 713015 743919 792388 744001 755341 749007 742186 729171 753503 732742 792241 738556 778495 726272 753365 734793 822077 709459 712511 689563 743065 707616 760172 721037 749594 727377 797077 752533 731515 763828 749740 708856 745294 740421 728745 795155 767583 754176 805771 759826 706397 741834 717546 754627 764006 711751 720892 761607 758058 758172 717924 756530 738024 790257 740306 758066 738044 764089 734741 754858 722848 766786 779515 759122 728925 758582 725966 767432 736936 779850 717577 809242 731182 726093 756203 725854 727367 758383 788322 755813 722879 757300 736854 720631 746759 723956 775120 710799 764146 760176 744118 729292 746277 747227 746864 751439 775078 708451 756581 778794 757888 738688 746671 711288 751351 744565 803118 773971 780110 728970 726623 780367 766993 741968 729859 752780 735377 722236 691050 761841 732077 777294 695356 745883 777035 730884 752638 790090 717113 720085 744370 808265 759509 775680 753398 771960 743337 761264 749798 713749 698776 774770 736512 748395 745901 778278 759345 783540 726121 761298 724869 741954 763928 762238 757763 756578 760735 770032 714590 735611 762534 760951 820865 772809 706189 774507 741360 735411 
698517 778372 733931 695452 734291 697184 734660 747937 722382 741207 752392 700375 766880 740993 780209 800030 741899 715924 764470 750587 752800 780155 780846 755657 716489 739454 720275 771841 751931 753970 689340 771727 731262 746142 784233 758500 775020 739887 715089 764620 749419 721400 776122 791808 733263 741692 730787 754939 709200 699062 746475 744503 731319 771242 763615 719144 754620 729230 767152 763030 783593 741953 735673 729522 792529 781612 723867 737798 735844 751463 697860 724729 762947 683734 788522 729959 761715 750124 760912 725585 714271 758964 771141 744060 725119 717342 821355 716804 745756 759567 766810 739172 762794 773364 764729 816263 694297 686393 764631 768523 798119 716587 732334 737272 748023 770095 758797 784816 798961 781630 741468 704604 761519 752068 727749 758182 764957 754361 770597 762985 746301 708188 755699 739527 809982 778327 749706 764371 759660 748067 716803 780079 717786 742313 764915 735071 769700 778516 766839 718410 756281 746055 818581 730610 790718 765560 747609 747775 827359 693314 703582 685258 740505 706445 760188 773899 728219 761826 781003 749620 701502 751841 744304 719978 748592 786609 751383 791921 771364 784052 779755 796180 709480 739681 739257 752341 745194 717705 735184 778443 772782 785183 758211 786926 721756 753300 744291 777911 695587 744008 722991 751642 760022 760032 758820 741419 717304 749025 730733 747933 713795 787027 729373 798376 709207 742517 744600 699478 711120 728353 797506 760161 734380 788408 711137 710354 740431 740722 775944 735648 769047 744829 750673 758898 737437 800209 785082 767216 795757 713541 789422 790802 756077 752781 773046 699755 735490 775065 806558 762316 781718 730507 755172 778753 763792 741447 714909 716065 721572 717642 732801 729926 729860 770025 730300 734176 786657 742398 761107 759164 736073 735847 754966 817667 742510 760462 759620 745257 777056 732674 739457 731652 706533 769429 745850 714007 744474 770618 756879 760507 717182 795079 728989 751958 755694 766302 745457 759743 772076 773361 731467 759572 751357 782022 779777 769973 749227 753331 750778 743085 
674757 734522 710893 695008 685758 713650 694874 767748 704291 692679 719814 711431 766564 738722 757585 780943 714009 703038 729056 752557 727839 794529 750963 729295 688888 731695 663038 727948 723292 728075 669280 737605 751169 747073 751014 743670 763527 728109 695315 736190 709139 691853 737983 777030 722607 698950 745053 745045 701289 703808 709788 729488 734296 737640 740203 719425 748676 719742 747074 736332 724064 761490 738049 739936 776190 764730 706484 744316 725176 689590 668201 700570 697432 677953 743642 755541 726974 712648 743110 721503 733088 682424 766399 719766 733629 715082 786856 701835 738326 748710 734246 716455 737202 734886 740144 772359 704813 671680 751972 736602 740121 696928 709523 675504 702868 752949 748844 770027 786355 761314 723623 704556 735548 732991 696361 707130 729408 754135 766479 749586 725037 701418 749147 732884 766725 762862 743060 677075 714665 725982 706425 739544 691762 732962 753306 740372 757190 748854 762863 732233 739920 730870 758469 700306 787807 767732 726522 721640 803669 689298 722575 695327 718305 686214 736988 735345 723828 730745 767950 743905 711302 741565 727387 697286 744858 737963 733222 772939 760044 751696 779367 754317 669329 756767 697438 744813 732211 711163 714495 736067 758143 755303 724117 760037 733325 770657 705741 714308 690961 704732 698868 733468 754761 763347 746047 750768 711366 718334 702510 751440 697391 771615 742459 783339 708936 730209 719534 691306 708460 694564 757220 735531 703390 771032 734076 717143 724568 714088 748167 704016 711267 743969 729911 746080 747008 735889 726912 722343 786148 721414 746096 770124 757584 723421 743864 699056 745077 724884 781750 749701 751046 724214 697763 771474 743251 707124 723252 731688 729794 732062 701604 726760 713520 776924 724387 727182 766036 709240 737805 776004 703346 713397 757947 800059 752107 744281 740863 730339 762015 725206 736093 704904 662862 774057 721832 713556 748463 769107 735260 752494 705743 767836 680737 695832 730328 765525 756394 737616 711817 721964 672893 705291 734598 771133 782335 760989 722078 754646 739710 738111 
646388 726477 717432 679603 691005 734899 684591 698617 700532 704279 720218 706248 744885 714187 786504 774912 734826 710141 743042 728718 717269 745562 756248 753131 677435 736180 701290 714534 735606 694047 660695 760478 740763 719374 755577 708457 761389 712333 694162 725954 738165 705212 748966 763222 712502 688199 742445 724673 689210 669847 684413 727753 727359 733369 725918 707431 734764 676292 733174 722986 718779 679345 716617 753021 786055 772041 680836 703906 700865 720407 650545 721119 739663 645207 775393 739598 713662 701437 722407 709610 692543 733510 746453 707167 732755 678175 771549 700183 736697 746969 744178 732610 726136 725963 725496 752583 715400 699612 742888 738507 754993 695829 693464 666676 687414 761968 741454 764454 781853 794919 705442 701026 722255 716163 693861 711104 730375 711895 752139 720795 710488 713799 705798 725237 759175 730705 734136 699702 678867 734659 683808 719845 696782 683728 750144 714751 742382 737299 733922 714227 716869 713047 759784 716291 761019 727822 735370 710774 785566 682389 688758 661462 711604 676709 714942 725615 737526 711747 774373 717359 699306 743025 739933 716320 713226 718107 721561 777008 743845 699899 773955 760495 710091 732782 727106 719167 733863 674122 716837 732296 742068 741156 748658 740026 691015 774244 701008 694197 666844 722395 709319 721866 721380 748060 739492 735332 703436 701672 690274 725879 689362 771285 724698 793484 672901 710906 728139 694152 693015 727338 770425 703414 685597 752574 724410 685953 693343 736078 738953 727354 715396 723806 749846 736683 737584 740570 750677 725055 769553 702969 713449 761545 735332 751664 721116 698116 729837 707887 769672 757384 753489 696421 675192 768929 732100 687964 725489 720017 702038 696037 693081 714536 726737 767635 682127 719855 751680 711596 720221 749525 719946 664317 739085 767077 717129 740518 711385 727987 751051 742912 724999 693964 648133 732470 735577 707279 756452 737230 716916 729409 701920 744847 666170 717362 706248 748508 743862 706779 742987 724298 705593 730132 727961 741129 757646 719387 687757 722905 756177 715296 
670021 782568 735612 724564 691318 722477 722587 771033 716604 731418 775858 729658 792719 736405 784978 822075 751372 694180 727546 776124 750088 771206 776860 742134 710974 768508 726081 717632 740495 753900 694959 757661 751191 772315 796864 750335 812182 754417 738678 793945 736481 734165 767414 796303 745308 725909 751732 774382 723526 732537 710614 752771 774864 753184 728352 737745 761544 713766 779951 749349 771316 765043 723774 768592 801393 778074 685957 743135 748753 720658 681780 717941 749224 690840 774403 730362 772094 750156 756468 709350 740619 725930 780419 755745 734262 721380 802827 750794 772600 779622 760824 745377 781422 743082 734909 809200 732530 716037 756828 767141 774463 715868 737916 711887 749883 777675 786373 781972 820838 768780 754206 705824 750202 756638 684729 735343 738705 770824 803162 737648 718144 742507 755918 761964 783600 772317 773500 731863 732328 775967 703711 756093 712515 738869 774769 751754 770207 747152 768627 770026 785189 714164 802648 728771 787398 769052 758326 738917 829056 691316 711592 693624 751680 698911 771290 757546 760269 758812 783138 745937 735853 752523 775010 732116 727256 769085 724530 814733 750992 801018 790090 763697 702672 765211 734609 746539 781270 730572 755381 767594 774465 754399 733008 771809 740898 786061 733368 741941 718516 758710 742218 743948 790802 756784 730585 757098 750159 724190 719679 749417 753882 794479 776104 804397 722239 764784 740514 728082 721155 727093 785398 776672 740817 816439 757608 730773 748919 730968 763655 737719 748207 745360 723304 766897 748680 775109 768312 743916 779327 723083 743403 788311 740408 762140 769702 719019 741288 752276 787592 748591 775263 727915 729978 776409 729928 736096 726880 723992 770296 717875 711233 738578 720475 790178 719363 745338 790562 733381 745700 785295 736711 741407 787879 809949 757690 774288 778086 756838 804444 742453 743579 706323 691112 788449 732683 744347 765080 754869 768414 765226 714844 797932 707251 728813 762048 753478 759180 741231 787222 760105 707026 735968 781662 753927 817072 764001 709732 770997 767643 745221 
635164 676552 660442 642559 639412 627508 647215 661220 667583 671204 688232 658685 699942 671331 720319 736487 668916 651233 676660 674143 646979 696340 700718 689307 654663 669880 675249 673147 692080 651316 623532 678865 666107 699911 712718 659939 687024 671758 673311 685065 679231 643132 683781 692047 662042 685961 675684 713322 638899 644671 654985 641446 669037 668302 691151 666639 707741 666108 712807 693178 689836 659624 675364 694371 695848 695710 622630 633652 670365 641108 624314 632075 691282 637250 694293 697603 693495 656584 666569 671405 658452 673494 740320 685547 673451 674217 743273 685229 674206 677301 692305 654438 704057 655058 660008 700708 649984 614224 681706 682986 727019 631223 673616 634772 677495 709139 714225 677255 719691 704103 664202 628404 669637 686814 655465 675265 665466 703551 697476 707305 645741 663339 682641 673521 702370 704481 664822 620671 631824 661823 648442 681408 645170 673262 698731 650794 688777 690787 681283 651195 672112 664568 748296 666393 697415 698970 662511 645215 730201 666113 652803 626558 688413 639275 675510 661612 687094 672135 712300 657021 644549 685413 688433 674078 677400 694011 663784 719728 674370 677271 720765 671606 649027 664435 653135 716701 673953 666043 678639 694482 689025 718863 683403 665642 638732 708848 669705 665573 652653 702378 657484 677161 697182 693901 695176 667872 641060 674974 670264 679760 653583 699431 687899 724230 642985 690099 657079 638574 649879 666266 700120 681664 664223 719343 639984 641921 661867 667731 682577 696297 679936 687583 699212 673605 669443 713894 681922 646574 729136 669379 666689 693586 675289 680908 696113 624765 703606 700172 732145 676429 713040 641449 643671 695121 658012 651561 657594 663790 660910 642286 652283 655620 653670 722663 621281 680070 673409 684736 692284 703830 646599 644975 667723 729967 677872 668791 679864 662975 697003 671399 681595 656712 628489 724769 651371 642184 691587 663034 683247 700173 659666 707678 640262 662219 706867 724576 713228 695003 699604 677753 646514 668332 693428 691336 702224 677684 632203 678356 668901 674152 
706920 745548 689731 709074 687318 700631 712960 716679 712809 696904 714105 705062 768415 740129 777428 782884 738127 712266 750352 790880 735743 740624 748286 715787 728873 738311 701018 773501 741556 715560 700112 756408 749721 766314 789538 717990 761464 707107 724501 751765 729641 715009 755311 754907 745032 727392 740344 768243 691778 702498 699749 754230 706317 762781 724412 731798 724371 698386 720061 758824 749732 731706 745620 731856 795270 745902 679724 698311 730941 721573 657875 709147 733160 688635 754241 762222 737437 716713 745539 717756 737336 713531 788183 749741 753832 717390 786547 726879 749010 746487 723294 744160 755698 745678 731792 776040 719169 681337 732354 765694 757235 699103 721392 682672 727686 787679 747609 762280 806138 793469 748729 719767 740328 746215 727429 702517 761777 752336 787574 771933 733521 722696 725853 769144 802294 767136 746212 704034 709738 744719 696876 743890 705300 719303 789535 691197 756339 761763 755499 737210 767203 718122 794965 709826 775942 724793 750361 732386 808654 685491 693424 666222 760071 693442 739915 730550 746248 776879 780548 744245 705114 754449 738339 701296 732388 761426 730469 772510 723626 760703 777954 764560 683826 711874 736172 704417 730191 708952 739577 755863 770959 778433 761381 756697 699357 775857 733133 743517 705571 756517 714954 726186 752144 752605 753712 734374 724713 734397 681550 747717 714711 754728 736415 784252 679912 722592 743119 712640 705321 715654 785325 730345 711395 790873 735410 710489 727696 724987 708266 695110 728385 731946 730450 750342 721409 735223 765925 751474 759843 694067 734029 789733 740670 727663 739467 708970 751395 743249 772310 775317 755376 696867 728995 742260 738976 707085 730681 706985 731436 716183 713701 718347 716317 762086 716792 730953 761427 701183 742192 763880 695656 700836 750987 800776 770974 764739 735989 737419 781734 752056 768837 719452 680239 760928 721037 727093 744646 748626 720903 748441 700494 748205 710891 729971 732083 762051 786527 738381 721266 741544 702250 723990 744016 765063 789636 712644 717170 758826 726332 733611 
725169 809618 793861 763209 766644 783551 771076 775708 758268 789456 818981 758347 814328 790664 835729 854909 797105 765011 804562 801124 804140 818230 783179 786878 767671 789591 738521 778925 768428 774047 714868 814773 794449 813503 854885 780002 820756 790959 763787 822241 762516 755053 783279 829548 789906 729415 782292 803917 749974 767675 736984 789022 782968 788401 781766 746576 788551 749792 809264 809307 795994 754549 795178 780140 849590 819841 742722 769442 765852 777793 735937 763971 780601 718655 847551 806956 764774 759532 785874 777013 736398 772731 818920 778767 789839 736636 843172 777033 796517 810479 772546 804544 810880 823065 779155 811446 773184 734052 790743 820806 825307 766181 774756 734782 777521 844172 811786 810656 832418 837455 779266 788378 783271 801103 756866 738909 787934 800925 826296 795094 777428 785126 780554 784890 836917 816039 797636 755810 776294 795810 764872 823899 746544 771213 823619 782696 778185 822732 819463 777849 802309 763178 827040 769241 837149 823522 797218 754739 815238 746427 750617 722808 760026 745720 790440 793857 785267 796692 815745 779425 734302 806242 812656 775177 768662 798289 776601 852753 777386 791059 846283 783800 773140 771404 774460 790001 825284 747374 768479 824695 807440 801715 765460 777655 762915 811247 777105 776224 749293 765719 797109 789266 798379 796592 799998 779858 745098 777619 763068 829423 773737 825981 774680 864103 740871 783474 786904 772638 745601 800233 849508 757003 787280 825516 755889 742945 776405 778366 809489 760200 769251 769251 798433 796925 780064 792451 809552 774039 826698 758617 783151 839590 817304 763100 802907 781329 788580 794500 828135 810137 808739 758368 764951 820038 794894 767376 765857 794709 797807 762270 742422 794062 763300 837186 736335 772879 795727 790298 798753 822822 772300 770537 811118 809984 788983 834164 759809 803564 837140 792338 809509 759578 732407 832597 791386 782434 799993 812905 777057 808268 759996 827227 754901 744647 811636 794013 807938 793971 801078 792562 776371 781569 808756 809038 839873 805395 737558 814317 796538 798167 
693973 737803 707437 711998 722756 733147 694963 750106 705083 736188 736915 726905 797581 753394 772678 787602 725625 721142 752925 758032 739494 735921 722912 750843 688498 733039 734678 741459 728182 738629 655498 721942 754702 749979 778342 728706 765695 736164 728123 740461 739430 722156 761202 710289 730486 714595 716665 758225 749159 751808 732423 761789 722989 766123 734720 714979 777019 747197 781621 760548 762656 749176 750150 726912 770751 810785 707846 738432 729558 741102 725940 725366 747595 706387 768250 728140 762791 720199 745249 739348 710524 692495 766858 725320 729239 711988 798054 725744 735321 731436 743824 747102 725153 750200 727071 798317 716463 684864 742120 740896 754963 719602 726724 712878 727929 770810 758543 762219 780804 756270 759860 706159 738276 726971 716664 717237 755670 751037 765679 750700 738604 729069 764136 721752 788379 788239 770389 711317 735707 743437 690859 771095 721333 740417 770727 749654 749393 763983 770021 721445 750598 724353 791173 741130 772575 767771 724529 716881 823495 710547 727824 686130 712715 700214 753205 737301 756235 739546 777941 745575 731582 742384 754808 741025 748673 740911 726240 814989 743172 755585 799136 760782 698841 738087 726390 737452 768160 707555 713362 731891 751051 733316 756050 742121 720867 786733 698361 720432 706365 750607 741243 733922 793039 781063 753574 763673 722897 742432 710486 762026 715051 759333 727429 830541 723218 744639 750633 714464 708033 716971 778230 722746 707864 796484 732866 693635 726575 742136 778631 736873 750652 739599 724758 764745 777845 753954 734132 720207 766405 724887 760155 788712 769981 758890 750790 713436 744724 757494 758140 737758 764511 720738 726259 789921 721570 721765 720598 747879 762485 724195 719252 718660 710266 785367 724402 738791 790019 741444 754108 771731 719623 723294 745915 756451 751256 784935 770880 719249 786776 733488 752675 705880 682630 787441 731668 737310 738175 750978 750263 757251 709481 751620 715877 730613 768765 732825 775974 760329 774787 734464 730308 731071 740166 750285 826120 733543 702354 765158 772812 731056 
669836 704222 687138 644818 681285 701442 683993 699395 693916 721566 693173 669666 722953 680256 767041 762381 726330 668184 719879 735176 699769 701385 715991 710540 677879 707254 707942 746379 719867 693237 668373 707785 692933 717207 760890 711266 720905 685179 689710 736201 690462 670218 725998 703349 713190 674983 684284 730326 671254 679981 651520 706978 718968 705068 726859 704721 744191 695208 718603 726908 724034 666987 694480 714992 764499 740831 662037 690260 704340 697348 652458 689274 717369 646777 763774 721429 709561 696755 694783 710484 693061 698854 716544 704734 678478 687901 759597 693434 722745 704694 712298 692487 717638 721908 701983 744617 700987 660749 716995 738835 751064 705689 677808 678243 689185 764294 708975 721845 765267 743286 715126 675452 701157 715278 674273 721356 708995 754764 761063 714779 664440 671189 702474 699406 751321 723432 710825 683497 679901 728675 678903 726295 662034 656350 737331 702339 726644 744461 729079 667231 694192 685763 775007 659805 731257 720429 710373 696780 763679 683071 679604 647069 688575 648404 694708 715534 738911 699783 733598 675448 671669 716360 705316 700484 708318 707777 692891 769567 716648 736882 753146 741825 669448 691167 700190 722671 728154 684737 697976 740242 733741 745445 718278 711867 665681 749924 699576 683374 658763 712038 681833 684538 729400 720630 711764 720596 690528 689268 711793 724796 684198 732831 708640 747283 660159 713571 711338 676941 667169 683060 744923 689223 686433 742068 688320 648917 684257 672453 697939 704923 693433 704339 732866 699852 679552 716998 714990 716229 751596 707140 693186 741534 725346 726723 701475 673533 730088 713886 765731 744076 744178 679089 670697 747660 708753 683779 707390 699919 702962 671074 678622 710406 653741 747957 696847 685632 703064 708342 722115 730776 687172 696122 738275 739715 723658 719183 704680 713313 761893 706791 714309 689701 671957 735748 686733 685596 690826 696925 691137 710701 676222 733216 662147 683721 767179 741817 738179 727389 727260 720945 665384 695630 704213 724267 745758 692982 664963 720599 689833 704478 
679460 734329 719551 713141 725786 729133 714618 726520 718244 696903 753456 737580 772696 745344 791714 786669 732691 714164 762060 734871 740371 750695 737809 748953 683989 720156 718115 747389 743888 755125 694813 770200 738305 760249 792533 725466 786490 746543 721417 759984 739314 683953 765386 737455 741497 739847 740277 766094 706753 723649 717606 743980 746332 746152 740015 704314 770321 724183 773491 748748 749807 717724 753685 742125 784615 796670 703165 722203 714162 713758 708240 725891 745684 683019 785625 740780 740630 721499 748602 716945 719285 757252 759698 724039 736843 729826 780139 702687 743582 756567 736856 728226 772986 767177 758499 805804 728110 683862 733586 759847 768836 698049 726193 693471 720650 775499 725664 769976 771427 760610 763281 715114 754246 738474 716817 730056 758620 750635 768922 769715 728162 714745 763144 750196 813135 739722 771736 691217 716643 738548 695896 788671 715244 720866 752093 734941 741581 791457 772883 710982 770500 719360 768132 723640 783987 752083 733682 728700 810807 717973 711955 670134 760108 698322 756166 729722 733287 749038 766283 741789 715608 759871 756846 715173 722580 726574 736139 783817 759893 754016 780749 761635 704002 732356 719093 735400 750464 714079 697857 742964 795433 787018 732172 749716 696133 782535 710096 746758 696603 712716 742007 744082 750905 756548 749550 760676 714513 743760 717560 773456 726079 778778 729460 800822 690306 741507 728722 663951 719215 734942 788152 739246 712105 776302 731540 716514 736417 732041 763146 735454 692999 743502 740330 738646 752661 751805 746645 739347 788364 715484 748410 781319 767321 735703 727417 699992 785065 752208 781995 775838 771387 721276 708540 753523 742285 701821 752851 714680 736132 713615 738767 725371 719416 785218 699211 735664 745425 724867 757507 771445 706734 699532 781661 781939 750577 760188 766760 747317 775365 735393 737253 722768 702390 760358 716542 722122 752590 726737 737388 763564 720004 801563 686601 723870 757138 749923 746181 769272 753087 741809 764728 723740 748069 742972 805934 774763 691933 748479 786965 740292 
716391 780272 746608 713101 721184 759516 741772 770973 731812 737025 773507 719703 799777 785004 787977 826422 757126 734208 750207 783199 743212 791737 748173 735628 708664 775305 725340 780367 742633 748728 697904 774057 760270 764075 809637 778957 754305 746865 746353 767037 735756 708755 741889 763840 743584 728303 763821 784891 710656 714241 722849 763803 764815 762350 753320 736429 771345 720008 799220 747839 788111 727724 729956 745813 804798 756868 723911 725475 735467 774209 694901 729834 761550 679698 804823 760791 743513 732596 754667 717571 743740 746441 786269 756912 747355 724839 813825 719703 761712 745045 760374 759808 765419 787984 754544 817590 742057 694121 773429 781832 769257 720218 736332 704156 721837 800230 772018 770207 775105 798641 747828 751831 769684 742608 754684 733009 731683 769695 803215 776951 712300 741242 770835 747374 837072 793906 761300 754625 740881 752637 722186 755949 712300 719402 787663 766267 775293 771295 787068 723619 783128 746717 826192 710828 821608 756298 730065 732937 842719 694333 699594 688906 755059 703420 743868 767331 753416 757350 811216 750199 716787 759021 766066 737138 735684 781152 772931 818056 761160 764757 802291 772017 710205 728280 741233 755626 766524 731054 744699 765513 787736 787461 752162 741697 741749 799395 734011 744318 712461 749728 731843 759766 768204 767446 737914 751849 724380 730606 738786 755566 709252 805150 751403 801298 731426 747234 740205 711563 739938 761745 811269 751085 749720 789475 726026 733644 731522 745124 801557 751354 756870 766988 751008 757448 724534 759006 778438 750154 795748 736488 735953 791822 783940 758999 762379 737236 762789 753935 792237 785342 768642 752444 752664 794338 750570 735668 756223 732267 745259 721787 721863 757930 727131 813427 718752 743772 803179 755733 783715 756115 750325 759791 773494 817783 784702 798575 733586 771355 792741 774828 778468 715007 697385 769880 746455 730044 774385 777274 738977 766827 728850 759118 695434 754092 798905 770723 784378 761634 743253 768183 734937 753286 780046 808041 793218 744079 731571 751947 774839 778087 
733152 792605 740618 747744 742759 748265 738143 763356 760865 757796 788971 722897 805176 764492 831809 834897 774286 749858 813165 771086 792432 788752 758809 761858 735028 758356 745812 789506 773160 748269 708578 779069 748670 771833 804426 789785 756243 759332 768621 782881 741026 736792 793572 806774 771721 754448 764100 792634 750107 744187 746391 762536 779371 788445 791230 756087 796940 765416 783870 808069 768792 753062 750322 773370 818898 811974 748084 774974 764958 787935 692205 762111 784579 717981 832300 774654 768040 741954 757688 739554 747574 755602 800588 739837 763540 749125 838301 755612 787301 781505 782999 804207 785967 807352 765905 838216 753837 753437 782317 793425 818538 757185 771595 744874 812353 831481 794804 795691 851506 820642 747658 736116 760510 776040 754660 762921 792374 803835 821756 779281 770510 750708 799454 783725 832962 789918 779938 757451 762162 787152 788999 812524 706050 773509 819564 774477 800618 805463 775335 772986 797035 754165 849101 735340 803683 794475 768852 757629 864871 719832 738586 733893 781833 728722 779426 774452 771230 771253 823724 774128 762605 769645 780429 769477 779755 819743 795578 817331 792689 774222 836929 811996 715832 756656 751956 753235 806198 735564 746846 778906 789995 824202 784071 777972 742176 793552 788988 775221 721818 766615 742740 790505 811096 819057 776638 778943 734721 767852 774003 791376 733549 811343 781581 821305 750576 792374 789845 752829 754584 758783 829425 749489 758301 832426 737481 745070 749521 752634 802341 764226 773620 777690 779545 810684 763672 791683 795602 755930 829367 757918 769473 812119 790338 831900 783117 764745 791409 784351 826689 798890 788279 744747 747797 792574 789213 752013 758087 781797 773217 732179 742428 771641 749403 821223 742248 778562 787788 774284 800163 801561 723372 767041 785100 801048 787244 791049 775563 781282 835138 782266 761049 777787 730490 799172 789086 763157 787602 789075 757228 779093 763098 807326 746019 745010 802923 796225 775971 810286 791539 759139 739645 775949 805259 808021 832085 788618 740482 787556 766322 818097 
653019 743089 717667 711629 697167 698299 665056 740846 726476 681405 722307 707858 769861 747731 780060 793159 723989 698907 742017 720925 736635 766028 738583 719384 673936 734047 693086 738557 708755 723967 671101 755660 724236 752500 764283 746711 752312 704505 728013 742702 719538 721856 746167 736468 718787 728838 729152 736908 701894 706361 718341 743290 708681 748494 774429 719191 753344 686477 737482 765469 730146 735864 725262 713693 755273 737864 689985 699261 725429 719962 675281 699826 745275 682133 728248 726170 723960 700700 723398 736901 722196 705676 779769 697114 722315 683615 780792 706976 736060 738012 730863 747455 717829 740382 729579 788292 698142 695195 747785 750744 767151 720914 726244 673395 713488 781499 750497 741530 774488 777700 746478 687886 713765 727376 740186 696268 739629 721976 763935 745599 705637 700640 746021 742175 781012 770374 729032 697439 702229 704385 698974 762309 680651 705324 779807 712957 760583 759715 752316 715100 723987 714103 748256 716524 764176 752169 715794 736097 778763 687674 724527 692557 693130 698688 727114 730586 742570 723038 769383 737328 687012 732689 747430 719535 719215 716425 740783 793293 732097 721616 766068 731752 682969 714621 707075 716266 752468 715137 715865 748681 750964 755454 729884 752706 698228 764462 729232 700022 708678 732771 735535 729579 737492 753263 724377 741618 693748 720247 694293 733371 694032 765844 728304 802147 695158 745535 731414 701007 720706 715236 779136 701675 717898 784263 706271 675795 704264 726336 736187 694664 721399 734512 727510 737199 754994 725821 744758 708683 791250 734318 710100 789809 750021 734577 727818 711015 746439 742337 763140 740659 758441 718094 719336 761282 739293 721729 753928 731827 725154 704821 706713 732689 705329 765968 698721 716120 767298 733767 728008 768361 723365 696842 753667 750782 733470 763946 712659 741151 743419 763670 709391 719528 677005 763832 764990 713876 726174 719022 730382 755631 707297 749924 682403 704878 759332 744504 739428 721782 737397 751249 704225 735807 713490 743353 793284 747310 690931 756290 730058 734466 
674527 749386 697578 672287 708497 716824 692621 719975 699585 686641 689336 702216 733107 718195 775934 769262 714046 681678 738290 743013 744321 735183 754232 756843 703490 695832 714396 746609 744689 716797 674484 726552 718914 729522 773926 702204 754524 714238 725944 773525 738590 673025 739019 749247 731463 703937 709398 710400 691835 712753 686452 693665 739327 733195 708332 683627 734112 671542 714131 726451 737202 721132 720245 737717 772996 739886 678158 696327 699848 718141 679648 710557 720156 685350 750154 758860 708627 703666 759861 713637 704884 680782 762948 733624 697136 728533 757905 711217 700196 736895 728041 725306 754182 715330 713724 783055 694339 671377 721439 775726 728031 695222 689964 689777 704901 781624 729986 770281 788291 786950 722441 693804 710104 711236 716607 699865 740001 752739 733669 737709 737374 710174 723882 735873 768172 751633 763804 715755 700414 709656 683334 738606 701733 721673 763709 709656 738864 724896 733799 727710 761648 726765 774526 710878 749776 755575 704108 721098 800438 676538 711451 668267 708956 699181 754780 717393 742671 751654 733345 732429 710644 727714 757603 707886 712912 727045 740769 781602 707470 718715 768663 761610 675224 709732 722024 732663 752169 712520 706000 726712 747647 728663 728782 731965 678412 769962 710063 704251 706194 783787 694461 719246 728881 764959 735738 725967 748610 699098 701775 735266 683755 803371 715287 795343 664104 743162 747818 707853 689729 701595 785237 714578 716590 761803 680537 683282 710479 713511 748246 704540 726950 727168 726675 753192 748711 736945 754437 708723 772584 713570 737805 753753 736718 725341 747391 667714 764239 739127 740411 767857 765702 707737 720613 752525 727165 711192 712212 717445 738122 670397 694357 732129 725316 744741 658549 695376 778050 721545 721796 744904 685070 702039 736050 754860 730608 749207 745432 736980 744093 690792 734136 710838 691538 731671 693357 707480 733335 730930 724012 732139 693976 741189 696500 730991 755471 754014 768405 758284 734857 719471 716194 722504 708567 746964 774218 715742 699387 753099 707366 705082 
680231 763054 743601 723964 729055 726144 700522 742882 711179 676967 766482 711138 787009 736784 764301 784035 705125 695846 763481 736812 753063 758034 746976 752682 726256 736417 709849 741666 733418 700111 699867 758750 737971 739052 792129 716380 781938 730312 720751 772512 732342 716499 776484 772751 719421 730485 753730 742705 675959 721220 699857 749186 723842 758406 729878 720251 730526 716097 762553 739552 737499 731162 703239 746697 772747 809025 710364 730287 718912 731632 674776 716674 748943 635469 788046 766173 736095 698955 714073 715115 717691 736573 749033 738300 701188 717236 801304 740478 761715 781047 753573 762451 751091 780464 722039 785535 683410 690304 754881 769221 755646 721848 757123 674154 727080 772090 768081 769823 797966 740396 732231 729793 738082 734043 709884 732961 744597 702071 784430 736391 747036 728102 757074 743448 801355 784861 791146 738291 716516 741101 699957 739791 695491 711732 753213 731231 762560 783671 736804 756389 743073 716350 804196 734954 766834 744152 733021 731844 801580 669444 714527 700712 722844 729172 768756 739745 717660 746432 750472 760707 726725 741579 751560 714311 698817 781982 742676 768182 741805 743899 797167 775817 701689 767262 742879 720993 734892 721337 722115 734513 793865 735933 756056 730382 724652 772551 753156 722849 701900 759642 743681 758764 771322 742325 745257 720413 718951 706758 735936 721004 703707 776039 735913 788852 699498 763559 744278 715989 718989 739501 798659 711769 721892 774498 741990 702325 713879 731780 756445 713945 742753 754440 745402 763945 752278 768141 732293 714250 782698 708990 759120 784094 778303 732043 745640 705469 741776 744834 788196 771688 789436 730702 708626 765463 760202 741268 729748 750072 726734 703099 740533 745037 703350 745781 692412 735260 756174 720924 735187 746865 721611 720637 743616 785137 755190 736971 747055 731162 795969 738258 753793 721157 709985 772867 752177 720865 726466 762400 732112 771300 738776 777960 709827 725040 723801 760165 721021 739490 780803 764705 707051 727259 746418 765573 817977 751278 691673 766197 767050 768234 
646787 756110 700502 704613 708474 716431 710105 734016 752001 687636 739831 703885 783143 755914 761492 778836 722054 703973 725727 740418 734639 755545 745216 745991 708314 722862 696089 736254 726453 713048 686811 736256 729400 764705 761572 705846 742990 725017 710426 755672 718701 693835 744762 748126 713436 703393 745860 763251 721348 700058 690003 742227 742893 754451 729220 687546 765041 699104 726068 745863 731212 724828 724240 743508 777632 773108 681150 739170 705399 713780 699984 707589 741498 668486 741869 715542 750668 681517 731696 737684 703900 726260 782520 734758 732163 721475 770656 731020 745281 750049 747264 748052 738319 728625 700852 780938 718411 692136 728878 762006 747603 716498 720496 673218 700320 773079 738065 745750 804032 747904 745885 690553 753466 747268 701215 729627 719642 735559 754151 740376 732772 705463 766227 733204 796262 750908 764736 714396 716457 738898 681223 742784 707189 737464 763377 722699 745607 717933 745541 751000 722847 703363 793984 730641 757721 738461 727632 755562 795927 727637 721071 667705 739854 692976 732567 738367 735680 736913 819498 708884 710837 756149 712194 723594 705772 706279 726689 778258 742125 772519 821723 765346 673579 712591 698963 739624 755784 721343 702809 747382 752053 763113 721623 724294 702370 766106 730460 705098 685171 736543 734222 755085 727006 760020 719679 736523 712804 722855 689350 748313 731051 764863 720442 788387 710313 711878 736264 684270 732362 721153 795539 706358 733094 793653 713979 659056 732539 720611 761310 725570 731039 737256 731089 744268 753183 735934 739879 714865 782273 721193 721150 786588 741191 755264 704236 710238 734247 752701 774360 750658 750333 696249 718934 764585 726707 716786 729934 719978 735385 706539 673287 708766 729799 796357 664038 748427 769505 705135 746395 772493 711231 725977 739701 767697 736654 721750 711532 730697 768422 739799 732682 716027 706083 797295 732474 730873 748836 741010 750911 742903 711190 763876 670285 696770 754851 765178 732850 744132 732485 724582 711978 728684 739228 777335 813573 739801 718097 723686 734649 716315 
704893 767612 712491 699620 712635 728723 708276 765244 753220 729883 732848 717967 790503 749293 776746 802663 743482 732099 791506 761189 765902 769430 756714 737612 716520 751974 708869 734625 737439 745500 699875 772524 741385 753508 784595 742493 781699 739761 736724 768564 731744 724083 794273 775611 733625 734844 742004 777096 715288 707403 703226 752365 729534 755311 760968 716209 775190 728022 763022 749759 772305 762640 735263 759107 781683 799998 693663 739337 727158 742748 695331 756053 779678 690057 772148 738599 717309 756912 746813 742264 732231 736116 783460 737063 717086 720238 799298 728531 732642 764954 744925 765317 756998 754028 734980 771479 710229 687187 747880 780923 768700 707848 742835 713038 719345 802801 774444 757116 794449 799306 750848 714970 750456 748818 733260 732368 756997 765856 783223 757508 749804 750997 784393 776086 806489 792791 740571 746371 737759 715419 719374 783474 689705 731613 772845 743256 770834 799373 780865 728136 775166 745317 783866 748620 774652 772460 741230 731640 826523 706656 755637 692748 746312 731005 744859 750950 736846 754689 788743 754567 704615 738412 782265 713143 733205 754993 748142 810072 741529 773656 787340 772883 720588 731143 738341 712210 737919 713697 741980 772794 790162 773224 725418 753984 720966 809971 742569 723710 739518 764665 761703 740405 783431 774401 718947 771264 749277 757691 690508 769665 695487 770440 734402 830357 736261 748517 761668 724466 723635 721842 795254 730448 699496 783767 747524 714631 736616 726513 752735 740920 751238 748627 717702 777804 767994 741484 760747 740147 781403 746628 757315 778575 784270 740597 758141 720426 765273 764135 792334 763521 753315 734535 732422 769940 745385 742482 729127 768438 730219 703500 722924 758391 711751 785930 700422 760696 792759 749655 754887 779248 733651 727984 761525 785173 764478 768200 776572 741464 791714 765110 750485 703946 724053 764427 752031 754962 768107 775472 755200 771260 716466 767929 691538 717151 798111 796004 752323 738763 767617 771753 724101 745156 750583 772769 818137 740547 720315 756097 760376 748178 
719697 763218 739171 711743 743697 743747 717787 778596 741726 718032 767878 716042 801032 750060 781797 796940 762060 724135 816457 786321 751874 767918 761042 785865 725176 748154 733140 760336 755399 730857 723685 776814 774781 758279 786394 734352 793623 760330 734683 773780 765555 719553 804255 799149 749384 738317 738068 762258 752011 735915 736421 769180 760960 764171 749547 740918 766045 744816 761329 785580 759238 791963 746821 757666 799086 819361 715599 775954 770222 746503 678133 734977 762881 689501 787330 795776 755034 744038 766903 762066 767297 736469 779253 747663 744545 736415 835836 724745 774906 786328 760635 795146 767256 781778 756135 805551 744583 716756 759382 802832 804415 737520 733161 701888 745352 820824 767170 792779 828618 815465 762070 725308 753811 766708 742278 756527 768583 791560 803807 741965 727676 764123 769314 751856 801591 768530 790934 754325 765256 753521 727445 776613 721906 737600 796027 753351 793928 796644 790513 770117 747833 768018 834182 747535 799962 764579 775986 709257 834532 745175 769272 729576 769062 726705 776653 731290 756253 773281 808560 774483 740240 778416 784682 729511 745210 769351 743884 816596 774578 801464 830762 815799 725532 767813 752064 752926 787216 746731 749502 753450 786526 779049 767721 800115 730933 795668 766106 759455 745041 784906 758291 771800 769859 778611 772267 769354 748384 739742 714983 774703 729883 789091 772237 857694 697267 753509 779856 729920 721998 756812 795834 746156 728808 786259 755871 723969 734869 747387 770737 727414 761814 764771 747928 794945 781895 775606 778429 749452 797810 759451 748366 816173 777170 772023 755838 729822 771391 761838 808054 789215 762579 722908 733787 799084 757137 736367 769578 760740 747066 731522 728245 755786 722947 819533 713800 765601 766418 765479 760075 800218 710178 720178 769451 809178 773393 785893 770430 746132 813562 751876 772631 767855 737575 791189 753314 771988 770832 771792 776430 775098 724428 794397 730328 740980 773627 803736 786056 773413 787428 789064 721626 734851 768901 792029 812110 756828 722980 763205 780864 757209 
649176 730078 687309 671803 669751 705682 662888 705711 691305 681338 705146 663330 737567 704104 723878 770414 695939 689635 706023 710406 701831 722360 722462 704514 673814 705638 682656 709407 704977 687976 646199 728712 715673 710167 774031 670308 726214 709885 696365 718257 692181 684367 716839 697047 657748 665569 705468 712637 670943 677014 646002 695161 707783 732583 706456 668516 710365 673675 731910 713659 720628 671221 719268 702148 766143 751755 662742 695612 708515 693876 642514 657415 714063 658392 719206 683864 704037 655981 724461 690951 692925 700277 722378 693663 694070 678378 759485 686727 710114 720648 704302 686248 715193 724876 675434 750813 672555 641086 681073 721096 718831 653392 681136 638670 693035 715961 719572 720919 740457 718322 698109 701493 729409 705621 684592 685175 726261 736048 742908 730011 724900 698194 730502 707536 751944 730835 721120 689836 681585 708848 678254 717027 671022 703363 734661 708624 727740 720602 708267 683586 706671 680943 782032 663916 742099 712562 721120 695084 774917 665462 669298 652018 723167 655762 726913 709614 698754 709968 739564 702702 675863 712089 695671 666459 689074 721692 717957 747014 708066 731954 748770 738801 659893 699004 689087 690631 721207 692691 708718 724427 734771 682056 704439 719471 672787 738123 694963 689471 688235 693652 692532 672992 713221 715464 701088 698902 705694 709237 683327 713873 707480 758724 689226 754855 676600 690092 702196 673413 677558 682988 773530 683926 679975 747654 672108 656817 695710 676513 738828 697030 698383 706924 683216 706613 705991 717642 734603 677493 744227 673405 692819 718863 716349 703545 708853 649112 715117 701532 734811 740266 735881 681698 694918 747401 683998 673156 693674 699907 697180 668952 664452 706053 649652 748451 696617 693956 737547 693166 718563 732643 675570 705290 727666 756282 726318 733487 741175 730037 738873 705748 696726 682439 679250 716964 683066 709750 691311 710282 713452 729072 678512 748225 656328 664397 727254 701366 731186 731348 727135 714205 652633 685027 730017 706475 749637 716719 656648 719375 704985 694134 
685394 750572 733641 698280 713478 730433 702968 747555 739364 718545 730873 726710 804929 736759 783690 784995 730644 719422 773154 748843 741084 743132 767832 761180 722357 742196 712571 737378 733286 702228 682965 762032 732992 741905 793769 743506 790965 738624 724156 755792 722103 705834 778101 763487 729346 703028 769948 753132 695556 729722 710628 748196 732571 768523 730822 733842 750524 726570 769295 730393 767208 726556 737437 754033 811510 780462 681128 730445 733034 741930 704053 710445 732437 700573 791139 747174 759723 716639 728930 715026 710583 725797 779275 745374 752433 716646 801267 765543 759386 753005 745745 744177 758599 774766 715224 802681 713921 684403 752829 762240 767322 693543 707911 699659 722934 756494 785389 778216 782307 765806 750456 731614 750238 750424 721839 728769 747629 753403 783793 738111 750963 739297 749958 757935 785886 768646 759487 735285 735725 744809 705772 756875 733669 712636 768887 707228 754258 764915 759052 742386 757705 749522 778269 734057 785094 748087 734994 727785 819306 721637 694959 656096 760357 705688 752342 745238 743525 761697 786127 725543 709079 754127 760233 710567 725615 748561 755888 786354 733672 752909 812882 773594 712218 718899 741555 706061 757723 718299 739895 729872 754151 762993 739236 768046 723894 775464 742693 733280 709006 750060 719748 768537 759867 757244 759489 748570 714400 746630 722335 758608 739953 783564 734496 801611 706618 735097 764145 735375 706061 735723 814833 735321 720937 782540 752689 725073 739905 707752 745949 716551 757601 718721 762078 752261 736411 743162 763553 738959 810370 719502 759784 771675 755905 735753 760160 722404 749329 734352 767246 766402 767934 722611 726420 755825 724735 744571 725415 711244 710477 721179 699178 712949 690038 748993 742940 757033 768191 719614 731828 784328 705579 724752 755059 786354 746555 768402 733632 717429 769632 734967 761841 703502 686193 785168 715506 731285 741545 764370 724954 742155 738892 786504 704606 718255 745236 778240 768459 730971 767210 750736 743492 730531 745247 781450 810257 725797 707313 762511 761416 754544 
682748 762163 709822 702286 710266 730013 716368 745459 716040 728670 748781 703883 793456 787627 788703 798974 735226 722665 750181 760555 710514 785434 753961 736567 705515 747405 718691 762722 757609 707864 689202 740405 728899 752010 780249 728683 771557 706380 707730 743330 731587 717586 751639 756890 728533 710102 702781 771249 701067 721807 694134 728588 739676 752466 740188 725741 753313 729641 761944 773771 792552 725839 739168 715155 777549 761308 660571 721645 718929 741958 668135 729905 734581 653154 757062 761487 775221 701129 766780 709980 716532 718652 788986 761081 717959 725167 791775 727987 760252 752182 744593 734038 738265 755939 759757 816974 695281 671656 716643 742795 790355 727260 708030 682213 697412 762844 746795 764480 751368 743818 734042 716314 741885 747727 712483 730872 773034 738348 771198 745072 738451 712929 739117 746656 799800 757447 763381 736092 692978 756951 677493 735722 708805 715060 770226 742012 751950 737069 744759 750208 751508 725549 812954 746625 792613 736312 729311 753402 802967 696732 718237 660514 739600 700232 765312 748950 743542 735626 774150 732630 709043 765053 767665 733712 728219 759626 733331 808582 731122 766109 811549 774512 720057 740841 739009 720888 745191 705406 741974 763630 786803 743949 756664 774251 723564 773429 740518 724763 712946 743311 733562 734846 789662 766262 741845 762801 719512 713446 702487 738263 702449 805538 757559 801541 697595 749642 758252 715075 705692 750425 818351 745758 717804 774619 741118 714877 712623 713029 754924 706972 741250 750472 762460 751765 739999 760020 763825 752674 772492 718436 751491 791788 768506 765866 742169 714118 759941 739964 764027 774908 768173 701020 719068 802275 752817 726525 745230 705171 745217 693813 718385 739801 682817 772291 706890 764112 782360 730077 758233 791140 706846 716279 744417 778327 737189 761046 738395 749049 732857 771843 747351 724293 701833 777128 742303 731094 723365 735712 741750 758280 747876 783024 692550 713620 762858 761952 758396 760189 734272 756747 730200 764383 756297 766535 802464 737286 723114 751323 741089 732137 
714207 714759 704442 727638 748999 699138 718256 753628 741482 698761 761699 681608 783143 776109 784690 780003 739562 735264 789233 731649 728031 753099 738741 772957 732833 756092 704348 749008 740691 737026 676531 722385 736254 755347 773855 741790 770512 762679 718378 736648 734382 697855 751364 742614 746038 747085 706130 787086 715775 715848 729260 752417 723704 749699 752808 735216 765422 734792 804188 753801 778005 769042 749608 753849 808114 771555 689879 747015 728221 746465 733142 711506 755043 655218 781240 762550 747138 709597 750810 727067 700477 746524 768681 757615 736033 738503 783555 753933 769091 753489 735310 741166 726709 758863 736197 792443 708675 686009 755713 766842 784769 702677 729594 698886 724335 784314 760351 797563 793666 756882 753318 715018 752534 730102 728149 742978 760960 762802 761635 766072 747813 705084 770868 736391 818103 792150 750509 738018 731549 728266 712308 796861 708309 748908 746305 710885 738966 777930 752655 741773 747275 727313 808241 727481 781900 754012 734042 735687 816063 709340 731124 690628 749494 685558 756282 743924 732944 748043 773543 732827 711852 735890 735238 762348 732400 705912 738074 787171 754571 761632 814944 772265 679842 732119 745484 736795 752938 727781 702847 751511 788922 781057 761582 753584 715727 796084 713770 731148 706786 735363 738216 729939 755506 795695 762904 767098 710379 740301 728592 786406 721220 756659 744544 821855 704216 748834 746010 719779 706842 754992 807493 744319 727227 782214 731650 697256 755207 704896 782477 734194 748310 754550 729588 756112 727030 770153 783144 726469 795399 736845 765165 793594 754785 766904 751810 712609 768185 748711 779994 763188 757407 742173 727171 791527 765499 722036 755293 735245 721139 728881 700361 741235 696074 810490 716908 763588 770781 725720 778673 761332 716665 711423 746088 787545 765656 766929 745741 740461 772693 750626 748038 732060 714617 800464 765711 742011 774512 747922 742351 759893 736355 781869 711920 726659 765886 768903 758574 783694 755843 739302 718858 739453 768535 770667 821021 743423 706914 759358 786933 768705 
690028 764726 675835 703766 701207 719613 706501 758612 702936 696053 715360 703392 764434 735518 776942 797448 764693 699567 741068 761810 758231 769180 739966 764876 720951 763288 725568 758155 714433 733137 692615 754413 723322 763739 795428 728931 785594 732177 731141 791807 739817 726473 758848 768299 739362 723249 759417 758856 730661 718826 725511 739195 743146 751447 759241 724969 727725 714210 756959 766086 764192 771475 723581 759215 784335 789478 705061 727534 724928 748439 711816 721535 759508 691956 755166 716028 721029 730421 763236 696697 733629 704441 752316 751262 746119 689877 802950 744490 771760 741648 775983 754525 741720 763752 730020 789189 731425 718229 739729 798505 757407 689509 726756 700545 716577 765639 757954 796450 774878 769175 751276 724046 749710 752611 710677 712207 753522 770862 752946 753217 721721 742143 778179 758773 827660 781430 761577 710438 724234 735375 723158 771746 708139 742450 770266 785254 763763 762886 766450 725732 755474 732689 800810 732520 774722 766298 749747 719535 812106 704360 736314 713698 726288 713906 737512 748251 742662 760407 823663 726564 696164 783484 734992 711189 730084 754329 717890 800935 782609 771382 767874 775522 720422 750948 727330 715878 754901 714045 723690 722173 775100 750062 741993 746199 768604 791490 692857 731509 727041 758517 733597 752072 769932 760898 736007 760042 717771 745606 725365 784878 704487 817260 732758 792895 673767 741692 780912 694422 732417 731900 788294 733522 733580 769827 722322 727297 711642 752933 748524 714247 739803 738332 725987 750163 766124 748585 755445 746914 776429 711415 751622 776648 755991 753944 745808 728179 737550 730151 789780 805171 757492 720493 708919 774180 737397 728564 745492 749244 764201 694439 718158 736838 721068 773983 695469 746997 788894 776005 749726 767942 721616 723008 771834 788362 755727 780063 747798 753503 792908 751615 721411 705665 689494 782440 768518 742139 768426 767306 755554 748188 699836 750024 690317 733124 773878 777701 767770 766338 720070 755422 695451 734700 745238 784649 806084 742401 739979 754566 728533 752214 
723523 820061 749542 727420 731701 756129 742609 798223 792349 764881 812105 710280 825992 823103 833158 833523 772234 762622 810540 819466 759673 780052 811103 775062 746573 777158 766564 807577 773600 791069 734287 821869 781869 796132 821535 777684 795540 796689 760484 796814 757366 768719 839227 812058 779714 765017 780943 781840 753813 787926 767980 814942 803429 809518 797561 777726 798282 767273 779023 803903 808095 774372 809411 786937 866448 811575 717017 808165 778472 780241 709976 768939 781360 713502 805508 775890 796481 774315 783364 780301 803312 774189 823151 800373 771241 766527 837063 770330 820621 784113 775614 805872 797394 825135 792223 867792 723008 724632 796831 807739 827493 764631 761176 730194 754078 805949 795626 817882 824738 837118 799812 768360 794174 794725 743104 763931 784562 809340 830591 802070 785766 738992 797424 772191 856862 838555 793503 789314 770346 798790 772851 787466 739878 772366 813313 774050 801898 782645 789951 788928 803035 783596 856894 778519 836313 814653 770053 771731 861911 734883 764125 748761 757889 736194 819290 785952 745827 778535 820239 790567 757324 773502 790191 752644 800215 808000 785786 818252 794138 814974 847679 827535 746752 771407 777661 750991 773627 754193 730453 794805 794713 819223 783302 793926 752941 826864 774970 771133 749572 811791 747770 790508 816856 811813 775708 796508 756420 800132 761271 776819 768289 805260 772735 864192 760270 787836 794528 767808 751418 773707 856199 781843 752286 823902 782355 748125 798063 750426 821127 763443 798767 797650 785246 806338 807698 776765 846963 783341 833850 734852 818063 829336 827319 778682 778659 762305 747230 804754 836520 807135 811624 780487 775911 826831 811672 784268 761214 780335 772589 771628 734193 779098 753002 824306 757143 778856 804930 750732 796405 815844 766689 773026 804934 841189 807958 813645 797292 780340 800124 791401 817396 756762 734414 811383 779244 774452 774399 796753 780720 811791 759785 813960 764000 785717 801369 799860 783473 797934 816971 824615 749983 773480 821519 819088 859405 784348 757544 787301 819368 797310 
634958 681987 657328 653397 667503 657637 655802 691183 671052 661957 692446 649424 713578 681316 693329 764468 696909 654943 722155 698721 698435 690031 675405 678547 687310 683286 634767 710983 677066 653563 622246 721475 697721 697499 729161 687018 693008 677445 647784 707327 688226 651026 715795 700473 686339 658798 657429 688334 679977 674644 657982 684906 689332 686648 705455 681512 696286 683922 691146 700334 699889 669932 653878 678009 745236 718647 640787 683965 682877 675454 609616 652631 714246 643681 720143 684164 699005 655843 669666 662657 664497 689665 715029 705454 669017 674116 754540 669980 693718 707016 691470 675439 695067 718016 690181 727087 658993 626465 691876 713954 718076 668599 673678 655354 667967 721070 670323 711659 696237 704056 700667 645355 693989 698964 654370 668666 706739 690799 727019 706061 672426 665676 720116 707736 753823 705994 724393 681087 652348 705747 661095 708564 632027 688044 710074 688666 702517 698618 703302 659007 682095 668681 763867 677604 730632 708513 693556 649869 758014 661916 652550 620811 688185 642718 673184 676071 692061 708900 723217 682908 641907 720827 657412 663088 679307 697257 676523 748066 699746 701038 701466 722127 669020 660825 636765 695813 695371 657235 651071 699467 735356 710778 672825 696417 652837 718134 664559 687489 617785 683074 683392 692573 683980 682429 692197 678971 653318 688840 658672 693749 668674 733239 665009 741049 665386 681288 714780 647414 662695 673150 727978 694261 659190 700245 665081 668386 678583 662854 690157 655085 687942 662856 701084 697577 683732 729744 705696 708169 709528 645674 688280 709478 693930 697129 686772 654022 679643 689235 731565 690027 701393 644356 676841 726404 712084 665062 675622 663999 712001 655648 657930 672325 669693 703290 656550 658917 705884 704944 708909 705729 670037 660568 698632 712443 702957 713841 685822 710622 737500 687933 686081 665844 678759 688096 679983 665710 690553 709036 691446 698221 673205 712568 671796 640543 695026 702759 710460 698822 680754 701005 659766 671588 698210 718604 742426 697528 677961 695362 694093 680233 
687128 742521 708110 692445 712989 721570 691539 712543 699563 706060 727958 695938 769940 748440 794236 778490 727702 747184 753475 724500 757413 782171 764323 765118 731488 732211 723459 713424 721426 754062 669213 745794 762263 755710 799873 749493 769378 755828 705510 747268 728083 733976 756367 768089 737666 714288 747684 746606 729037 753280 695271 748537 767022 761695 743499 721024 766844 728603 763984 730465 763798 733813 757421 738613 791066 776821 689316 724075 712260 728084 653612 720792 753248 690320 797889 747938 715749 722542 723672 721189 705800 718426 784834 713372 752589 718525 797281 709249 737734 737386 747034 741774 762787 775217 745822 770324 732524 695672 726996 750346 743614 683670 724382 671049 722630 770438 751178 754159 774409 739675 740157 701094 739591 722774 724303 700217 764611 760449 783345 754810 734734 720684 758434 741188 771518 780031 749179 718262 727790 739530 706204 745502 724116 735014 758259 719654 754113 763994 752973 719658 743531 697726 787006 685002 777211 747321 748666 761338 806235 710584 723668 680732 748936 684496 743146 737954 741986 738494 787465 735328 707204 747006 757134 735025 709751 729996 764761 820319 719762 745312 797816 783555 697593 723461 728330 721844 758061 693228 731675 736525 766936 783014 758500 782232 709092 789689 718651 737370 693029 714746 725762 724837 740287 740831 759672 744779 692321 721948 703141 763459 710992 762155 742656 788263 716194 720145 755335 667267 712435 748219 778741 716249 695889 776759 709074 727685 731530 720851 772544 709369 754285 721325 743433 733335 734051 764151 784030 708479 777654 712274 739142 797729 760358 743065 744201 708914 744095 748033 761180 753357 767860 718054 708737 767666 762212 700818 725169 713056 712222 720892 708745 745759 716608 807999 701722 742657 778787 721011 743304 758204 747792 693453 742286 773490 741136 773888 722262 729331 759665 776729 773327 704967 684173 753916 736928 732676 749986 748716 729883 773667 725601 764038 697954 723321 763896 767673 751363 742438 754652 747429 696307 716752 745450 778014 825792 751062 679533 763915 760252 718631 
666660 723858 678095 682421 682102 705825 696380 716281 700648 718383 716166 675140 747929 728401 747168 766569 696770 688225 766933 735596 737093 719505 706302 740347 709706 709435 699982 717039 715580 695844 667574 749001 739871 717976 762999 735552 756924 713524 699105 719804 707718 691291 753790 729999 717295 706696 710957 761330 699585 678566 680334 752512 724906 731457 748756 670526 731701 718438 720690 736960 741008 704146 720988 710873 751079 765930 679118 686964 699126 717057 664056 692473 726055 634025 746592 729393 708575 711024 731402 713892 714201 673907 752854 700800 736858 679563 791614 721977 706221 761851 740315 718546 733722 767357 728424 761984 687597 667593 730789 764902 748708 685951 715993 665069 718724 756746 735310 750429 774298 749889 733298 718996 735075 743986 720428 696812 714472 752010 766116 734718 713115 712083 714535 733713 771498 748319 745707 718856 730313 720758 679969 738174 707285 722097 731926 717754 744159 758167 722072 721810 727951 710228 779005 679449 772207 736074 731718 725542 802559 704901 672678 677837 728703 684037 728905 719496 720116 750548 770514 740316 735397 751634 755417 704193 708877 720728 703769 807819 750019 728357 735406 766018 707756 741526 692360 729162 728127 708096 707554 738547 756005 748812 728497 745620 690752 749507 693712 690189 687620 717704 701953 705214 718891 741716 744215 734519 663516 710479 691041 731145 701312 751478 691892 787717 687893 732178 719629 683142 706026 735489 790953 675619 719562 771479 714523 676065 695252 713077 766391 714286 717470 714592 733706 728509 748333 742567 748724 720931 752281 706180 729012 767006 754227 734911 724433 681844 729310 714096 751366 735903 759106 702141 719725 752510 710823 707587 709418 702890 713170 684105 651998 707634 699481 758951 664354 745624 777197 722428 737146 760289 692610 706133 758374 752483 743027 741780 722616 707253 742410 715363 724778 677252 692307 726206 711666 736156 730706 753414 728737 733787 703677 768253 693953 720452 760385 743251 737496 748007 766965 719681 668156 718260 724644 727472 766081 742517 699622 735764 737509 704601 
695616 768728 723491 743274 723004 757911 716850 764594 759378 742819 775064 732832 826957 775740 831461 843468 792754 748976 789052 786402 740393 773861 776913 784236 754946 765176 760902 789265 732526 749761 715284 787690 782507 799382 816326 750294 800640 759481 758929 769180 740600 740269 805374 796172 792362 758121 743930 805177 737040 761292 730215 782037 776540 796117 781840 758218 785815 745063 813345 780749 785882 768521 773921 750025 844387 818772 737524 751682 757844 747357 682673 725808 780053 693959 805340 773345 747133 762182 745149 771135 738384 741661 794883 747399 730885 764009 851570 733077 766145 786030 769634 798709 785358 778594 747971 803659 742227 707950 774344 782288 763330 720869 766377 691749 771307 808863 803798 776177 842285 814240 760960 768528 781036 772464 729595 727003 775877 769441 835722 776851 781549 745571 794535 771268 807849 811408 802719 745616 745487 774850 744665 791941 729922 764676 812891 774770 784907 798216 786459 750259 797067 764595 852392 757973 806466 788127 772359 772305 820481 753511 729886 719207 761046 708384 811895 775250 784331 764669 815544 779047 764531 772102 759218 737103 764253 774586 768909 818799 770034 819083 813224 813995 737591 764457 736894 748541 772119 766167 753887 784545 827385 812026 780089 785631 754471 797605 774883 766029 754617 765198 773745 778228 807676 771476 790520 779228 716801 762961 737412 793582 768695 845751 760500 853056 725933 791432 777063 737942 754614 769542 810748 763694 762704 827286 747476 727924 773485 741522 779617 748191 765318 756864 782437 789955 804778 793531 772641 765521 818868 744808 775685 816864 808315 764705 764549 741840 753570 789765 810731 816303 813297 754102 775978 772429 789957 743645 759457 743412 767290 753737 738843 756221 760708 788743 724208 776571 813442 766726 735688 793151 741186 730170 786203 839941 778387 793163 767556 788726 844529 767046 792337 740154 718690 806898 743300 756927 777587 803463 774459 777169 742979 795658 745718 739551 772645 821126 781964 768713 779307 775743 734111 779029 790012 790160 862985 785369 717402 795277 794252 788900 
745407 804319 740029 721821 731534 756937 715659 750610 747152 723371 769610 722366 791202 778392 785709 812487 774640 732106 777067 788220 776767 773458 788504 769724 764419 762183 755979 768047 766727 755237 701545 790843 771986 798020 806407 756577 791878 770892 761944 804907 764820 718650 782007 806710 736207 740886 795005 759235 730825 747243 732583 763572 802269 801028 793436 738336 790519 758517 778055 802457 791297 776444 781623 767697 801911 787267 735796 748787 756755 771765 695174 732802 778823 707596 785332 770015 769392 773352 769772 771996 788572 732833 801913 735252 717544 719780 828370 764747 761607 783873 769729 799531 763716 792939 745233 810716 749571 726209 774393 783789 806368 734968 752124 714301 736098 831514 809241 800839 835149 803495 766449 753925 758492 777007 726112 745958 766902 788661 799625 780827 775973 738019 764531 765599 818757 808768 794223 753217 764724 789523 752200 794260 723135 754605 787828 769806 786399 763109 762208 741402 760003 724388 826927 739347 790207 764332 775096 760347 824626 748017 772758 721815 755649 696600 788106 769536 763643 772778 822049 766264 782185 765572 777578 742228 751900 772201 771368 825065 747711 802206 789352 792134 720712 748734 748752 731733 767056 754483 751611 780583 784652 783556 774838 783242 768577 815061 750949 736144 739565 763251 758142 783707 798128 782041 811525 802229 734218 746370 757385 768557 766376 825666 762001 839168 713624 782237 763539 727300 762368 775417 790725 769738 750737 821639 739973 718264 749328 753426 777500 742911 783386 777358 757638 764639 764888 764974 815272 746411 826224 741153 754444 821061 793733 764455 756592 734219 750882 777696 804619 805034 797650 757520 745954 801586 774820 736837 789435 774509 755013 737055 729248 749264 739890 816803 712926 778331 774840 788413 774731 808786 748218 754604 773740 819917 774247 812043 768721 750278 790940 782850 777099 748337 728221 793042 747336 731067 758144 762173 794458 795415 748956 789921 726087 759814 797799 767799 767744 763416 783780 790963 735167 752174 751337 792798 839293 776048 712252 758384 780712 754534 
707290 799553 726751 748728 767202 782814 750729 763388 740151 762480 769161 727837 805284 784024 808571 830981 792383 741546 812622 795681 809475 817119 820569 791411 775465 773830 777693 777720 797198 761647 691968 785615 752909 813796 852775 782919 818537 794816 758118 791011 764873 740756 800565 794159 786913 752470 775037 799119 749408 747596 760053 767920 777311 793626 773390 732145 793801 755696 820189 791217 802516 775297 782721 765369 868401 805586 719981 747031 760274 751231 729229 729468 754468 703036 827425 813841 777528 779611 777330 762336 768639 746715 811688 748324 742914 759283 866765 752757 749722 799765 780379 800544 798062 798576 743220 834785 730831 723459 787958 793861 817742 754490 754469 717694 781884 819181 809826 802165 825902 824050 772317 766608 781036 757098 741384 747823 782143 788015 801798 790288 793657 778704 751768 754653 819655 834585 798054 768628 802698 787056 768658 797404 735486 784394 827423 775588 795803 829343 780781 754809 793424 782773 868598 760000 800770 789037 776043 752378 851914 731630 759788 718721 763886 714090 800616 761522 783189 805401 795908 768147 761476 793790 788346 753741 758473 778218 772849 824557 774189 770585 822377 845500 767558 774711 752144 745867 806089 742406 779915 824702 822753 813471 800852 804415 768078 802067 788844 786092 767378 769279 765534 772086 767800 781901 796021 773045 739339 736590 723183 791774 760818 827515 787891 841387 735083 778550 771432 753123 752168 796529 834107 773869 748039 835772 776124 746295 756126 756408 786814 755579 808513 794864 794467 764445 774679 797059 808461 786320 826683 754487 781813 829271 797532 782153 773341 761817 795775 791487 814910 813291 815202 761022 770884 810212 763833 735190 768371 742467 755064 730579 731944 773543 710238 808500 721789 758364 824459 765553 789328 790215 760331 755589 777347 836675 765574 837393 780191 794858 830010 766834 805071 758045 715934 792313 760007 749746 791033 800089 782005 774496 754336 824084 753128 772214 791974 790007 798233 784590 785502 788784 754599 784744 812887 812708 832657 781596 753567 790718 769280 776255 
745936 783002 719972 722784 734472 736649 702640 743148 731849 752554 766841 730307 810491 764824 811357 801069 754099 752157 766097 759991 761228 796725 792919 768626 734118 747830 739909 747100 753573 747767 727308 805662 771570 766394 797578 736036 783389 749764 709567 796414 756500 745686 756278 780675 760745 728917 795756 786706 712767 743008 759132 743979 785407 775427 771125 741667 779821 740389 768946 797871 767819 721722 755824 757328 824178 829726 730128 728788 735135 738729 685008 754062 793058 682200 791630 757855 748927 770237 762753 760935 748317 755930 804226 743179 722988 749275 813408 744688 762828 776401 790276 761603 776794 761417 762828 804619 720483 723867 774820 767182 788907 713054 739536 711406 741960 786579 785045 803559 794212 797474 779120 726458 756201 772170 747141 755723 785347 760732 790354 783123 762954 735763 771452 752428 798159 775045 791322 715970 739937 768713 751983 786755 723652 752829 773945 768214 755191 794395 794920 739981 760162 760692 821756 710011 778056 773452 774222 751799 845374 725765 729690 705732 760983 703926 785007 752382 758626 771161 796788 752817 744940 774956 790854 751797 751233 755790 752273 812598 789583 792397 807753 799994 726995 768433 709164 748997 756945 752917 744608 799214 798652 793688 757512 771648 734267 794112 724475 710893 710020 749110 723214 742969 753139 777586 747378 769694 759132 742035 732428 758308 766936 787813 746181 810599 749280 762017 746886 709697 745050 735711 820644 766272 753368 793661 736034 691887 739183 758789 772781 758874 745317 754518 746823 771461 746688 764918 796736 780000 809936 711235 772654 803682 783892 746699 767313 711172 768233 774350 813051 762074 799374 785581 734065 821839 764321 728440 773612 715905 750601 742739 715566 736357 733787 792496 730358 753076 790956 774285 777079 779040 754209 735331 762348 820568 765254 765308 766745 759762 782490 781627 769734 758665 743278 766463 736164 745075 786771 772917 765365 786109 717095 807757 731872 756148 789648 767762 779435 793910 780313 782541 729153 752816 750660 814739 812458 774412 712464 761099 774252 772180 
704548 793099 757063 726602 767609 749819 710580 754509 718806 769355 756090 733020 808118 764806 799688 835734 767835 756218 793482 771549 742578 787747 797487 759813 762245 783563 740760 774286 785827 767887 703400 807665 778602 798434 820040 789968 803318 743450 762547 759549 797649 722544 817955 792111 760346 764817 787766 785415 724126 710485 743959 790882 766158 798824 767973 755631 813932 775105 816854 783877 804461 777462 755985 757200 820167 816486 729927 754856 770587 735891 696749 731077 776014 702752 794147 759518 778706 749309 763573 730865 762765 752574 813663 763641 765738 738864 839722 739224 765684 795124 796816 748048 790287 770406 763431 832782 716005 700025 789073 796562 777426 737524 767373 722051 757529 809096 760886 791675 802677 790741 773139 732801 788359 766699 761445 763861 775318 788409 797521 781507 749192 782756 785086 751392 807409 791750 798023 753565 770536 764493 725262 756354 762993 744388 812997 745038 788845 800731 780456 753750 770620 744496 862985 739592 837878 797144 741568 775075 859379 729535 756302 691615 776262 738868 777236 754768 785852 758297 789889 754793 757995 802190 772248 735250 743023 780183 759068 827822 769892 817793 813019 807370 727117 786580 755412 756593 765068 759679 769746 773092 802617 784337 765826 803820 744945 800564 756450 766235 730992 762164 741974 790952 789130 817494 758966 796409 735059 732385 727827 782844 737005 798586 782684 821380 716134 785823 763547 695624 741276 768558 848898 744271 748364 814461 786046 731704 757318 718961 790520 753296 770479 766736 742629 769401 766614 806655 780127 776300 802523 734331 762751 818399 786850 808813 761035 735294 777474 781903 811754 786035 788176 774690 764487 784168 766854 762286 757129 734529 728251 729881 722088 786959 724541 817200 731990 769976 804937 775434 754408 806782 734583 744751 769356 830529 793201 778219 783502 793573 780168 776079 789327 734166 713940 822901 778940 743591 794301 758204 770657 799201 761542 802299 729871 764769 785283 807714 769936 775028 783587 814181 750066 766637 787043 783553 867444 761960 745672 806291 811768 776412 
647139 700604 679560 627894 688756 700173 682808 681164 680448 676065 707815 691503 714507 696675 721771 768070 692076 678245 725079 703923 716979 733063 708802 715682 677703 713936 655567 719651 729773 690663 654162 740021 689356 708719 753629 692175 722324 718575 679885 704110 712998 674105 716930 708916 671327 647249 701616 729682 672783 658743 664944 694323 694116 717934 675611 668983 697176 652021 750105 723969 729810 662398 684935 682122 747443 734923 655005 682755 693039 699214 669440 680628 701270 639615 739650 708820 700269 696771 675059 699643 680166 697173 736690 702986 686707 707775 741090 706373 708636 721164 704808 721336 718627 711771 689281 722044 678169 672758 694496 694618 757181 675612 712189 636680 683086 728847 702834 731869 744531 731994 716274 682726 718819 706843 700061 695172 695768 706375 718108 732801 695280 684420 739453 733852 759588 721059 725286 683668 704281 707447 670796 728828 662639 685782 731328 705501 706771 721480 708189 665991 719817 669817 769339 696700 747845 704683 699738 711997 769090 674755 675821 649514 706778 643621 695039 683110 728384 722338 725490 719693 652822 722414 717636 654523 682845 719203 707468 758252 730504 703490 760079 730347 669047 684580 689306 694012 715556 666753 680754 731230 727513 712769 696513 692926 668039 729842 675095 706319 675855 708601 708905 686391 691280 717514 703716 685700 679760 720988 684734 703756 661483 732357 714288 764789 686681 667660 717714 656275 688051 706137 757896 674293 671503 733418 673822 653405 723228 699554 725015 690231 703740 698210 695996 717100 701533 721590 727458 730729 741499 694875 715515 738334 720432 689191 717041 665553 714941 699586 743302 753222 736057 683213 681632 761473 684567 680542 695815 710705 701500 682247 660657 680441 668616 751217 659321 671124 713896 708971 720988 716543 694199 680344 739418 734096 712855 734214 721414 726742 735934 710143 688706 708215 679903 716746 673518 684554 699223 714918 725420 710967 669664 751891 655256 676746 734152 747407 728289 708266 702354 723272 694313 671644 699917 683080 780703 718485 682580 721749 712956 691942 
658681 740980 697032 698626 707946 689267 691691 730207 697841 700809 718710 694804 739522 706600 752313 782052 736034 697886 737404 728449 748005 740623 737307 705053 696258 706225 682995 738836 681908 699676 626247 736157 742574 743314 751846 695369 747411 730721 706761 735175 698517 694430 728673 747955 688003 692558 701431 730644 676824 710001 692819 713680 695458 737673 719057 687762 752392 699928 697253 718690 728375 698944 717247 697078 757998 747440 673547 702930 700974 690541 660311 706646 742834 653707 762227 718171 731375 719675 725410 698707 666183 686893 729630 715575 729188 717754 748794 713973 719338 745971 714905 729521 731594 739584 691365 775082 704733 667973 746110 707028 735875 680478 724143 670852 708743 751972 717707 744245 783508 754169 736007 705297 721412 716151 704509 696176 728521 737369 733903 713839 721648 705079 719357 727815 751068 752201 724625 694345 698825 723237 680764 764111 674613 687359 748766 704047 734864 724520 734281 692647 730676 694214 791369 697374 748085 739571 728668 696740 802331 683584 699649 675633 707157 692611 717265 736943 735815 728896 753761 752445 679445 745312 724450 702310 721719 722039 720660 769131 721363 711411 754921 748726 657502 691928 706996 713129 740697 690933 695607 722706 726853 704611 714355 718361 681746 735837 726838 708126 665387 715228 693380 721947 735428 733492 713413 713021 681059 721411 702038 716521 703382 738645 694220 776252 681687 737886 715007 700274 716587 705706 733270 685839 693136 750740 692213 687507 718779 723160 714294 684603 727595 700914 714077 707797 700148 756997 716688 728739 759551 699249 725392 766678 714123 720946 742642 694008 753239 750477 773659 715589 741548 697369 687390 745169 725391 689928 720571 722077 714769 682654 700226 700289 708629 754689 701097 696156 739259 693496 707931 725002 710723 684677 742316 749482 720278 725662 698424 728747 726008 704323 729297 698902 680953 729007 727714 711288 723149 726566 728174 731690 714977 738467 707390 669030 727562 729722 713297 710765 746213 743004 679686 726810 735950 754078 770913 730576 665480 735427 706712 720186 
708386 733324 694006 688834 711948 687732 679270 730494 725736 699489 706174 664426 754653 714573 766241 778226 721332 682392 736829 723072 753985 738361 704347 739311 687580 717132 699824 725332 724859 712318 671001 749757 746453 708059 773992 722552 751579 734162 707973 762543 695917 686570 717069 753810 688806 705399 722349 733869 677477 720136 695741 723279 728988 716172 717563 687468 731406 694606 729549 730085 721312 728535 744362 702644 776274 765165 710994 713562 705633 710269 684310 697256 728515 678726 762669 729062 735379 707698 733993 721199 727013 708040 730062 716787 712667 691971 761953 723809 730718 758776 735488 723384 756784 739469 706569 762463 712562 684915 746317 782222 752881 698413 722031 685388 730379 764841 734116 752256 754416 763253 721941 693036 748893 718321 683245 690587 719459 722156 752678 739388 718881 703002 744735 735098 782656 743895 763219 724877 729420 719880 706660 729721 703779 711059 764492 720300 744757 741134 721881 724496 734054 720278 776297 679457 752441 739369 726780 742994 782669 703536 679620 667027 718030 660890 717550 713573 728418 708154 761277 723259 717309 721650 707969 716088 717553 725003 731473 753091 731099 724407 792929 740806 672935 729628 699488 725012 744980 697544 708813 720033 739285 767109 726164 716023 697457 753034 710331 741453 699754 749420 679880 742109 725704 750905 711921 719307 708731 698400 718425 755627 709979 767345 724024 769153 694220 696924 723030 717421 705840 704552 765774 712230 706725 772237 714341 701225 704515 710163 741054 689396 707482 705738 716194 755896 689540 742357 721863 708464 751437 702552 724317 775121 741337 703358 753059 714572 741662 695613 769898 733517 757701 705686 685665 747574 730670 716650 719243 718004 716267 718272 692369 714782 718342 767547 689026 696341 766833 705221 717593 753643 705641 715461 706043 759490 763519 737232 723100 712516 759298 718164 729737 700427 684484 768981 732623 709264 750724 742667 715627 721908 691750 747705 696753 724808 748488 747925 747613 737655 748300 733574 698869 690590 720507 748902 801405 718926 689091 759421 735097 735779 
693260 760953 717882 682021 725979 719960 675394 758809 694095 703486 732285 706599 779739 751846 752752 792691 719194 713736 757840 737183 733634 770257 751646 749750 731173 736099 682608 729831 724238 698977 695517 753944 753185 757414 770243 708389 770509 723771 728380 761622 734497 710986 761772 742530 725550 711247 733847 734781 724198 699020 699825 722309 736238 745024 739693 711819 765052 718379 749525 714819 733281 765068 731256 707439 774463 776179 707783 725570 732394 726952 684788 732823 758207 679982 744229 738798 738499 717626 744246 718656 734639 716966 775024 732118 740842 722633 759079 721063 730527 752549 722378 750797 745746 773286 719927 788460 724780 694796 741504 771923 753267 726495 696981 679810 713094 770747 726118 775615 791363 770620 736326 726632 709863 736742 717571 707492 729470 746830 743066 737831 740105 711507 736712 743098 769472 743702 729807 706987 709024 738273 730465 746201 696700 723561 764706 730978 737239 754422 747647 712162 732159 721568 794741 694547 740287 757174 707879 722527 822152 691726 722835 692105 750096 695036 765290 734096 735252 737007 774334 727153 709499 738628 762197 709446 726114 738280 717414 782124 756869 758140 791900 783515 678821 716458 683882 714836 761132 700234 707040 719965 745735 745878 735794 743475 689325 774338 712885 746185 705364 734374 717120 741296 724649 758441 724010 760279 730385 724636 716867 731916 696762 744778 705511 802865 694387 754179 738938 700831 726483 689197 799982 714400 715278 787050 702468 670198 730013 699033 770631 710673 742988 717418 737855 742432 730956 721912 744328 750550 788345 720134 732625 787502 774043 747620 719984 724624 756815 737230 763231 768440 761368 729038 706806 754218 733085 724789 721413 738437 723382 705542 693935 722302 693529 787448 726700 715762 781350 737697 755361 753045 713190 707868 747860 761488 752472 736750 722181 750903 744467 739624 754831 718746 698124 763703 728850 726652 745256 727398 729539 715583 731215 738712 661944 720280 758800 753665 721952 700190 746281 767888 734436 730374 734563 756431 805847 722094 712572 757160 748593 733972 
668625 764463 715276 704220 738048 700919 697645 739838 715853 699135 742390 706879 780915 771181 780659 761050 739760 735115 742951 738430 735564 760104 756255 757224 697472 710566 717195 743737 751935 731438 687796 768224 735814 758795 778952 729656 768082 765195 726823 761553 745873 676401 766497 735973 763091 704661 736813 758511 718052 727892 712013 738907 719374 743881 738056 717513 734871 715726 757606 753410 746327 766949 749245 735770 781319 787281 687141 729332 734768 750783 711011 727935 737747 675321 785703 751812 728490 707038 731322 717656 730552 728403 761594 740471 743875 716232 811079 735746 731239 762435 752491 731485 756886 758735 706373 801840 704447 680363 731617 746057 771193 696099 712932 691109 721441 760997 755836 793567 798677 751012 758488 728659 782233 737748 724782 737078 757260 743299 768469 759923 759997 709080 771796 737275 795067 772802 768534 721198 737132 712543 707417 775303 724580 733475 754093 751159 762705 739181 758943 736391 757035 715849 806631 715717 783881 758938 726769 726556 802773 714728 731209 717013 714683 694101 774435 729020 698364 758879 778605 735564 699082 744677 745546 727732 697294 757871 760776 787078 735656 743287 785879 772908 709780 740582 720497 737276 740286 744537 731423 724202 784250 756306 757504 753323 714367 824247 736217 746181 696919 753811 740965 760562 767641 760460 752711 755370 724268 744356 716074 767947 710207 757729 734441 785077 678321 746664 752577 690247 701998 725977 779884 723264 729239 752349 731369 717615 731691 739022 775191 716955 734338 733246 733055 766536 750052 759362 749914 731491 795448 715809 769165 780049 744656 737572 728507 703663 734621 735638 776642 751001 768004 715557 735003 760971 724362 737055 743211 757728 719009 721440 719751 693756 697865 790978 721100 752621 767109 729341 747479 778602 713294 738677 744204 797194 747112 781560 749377 738248 780041 740155 733862 718649 729682 772828 743796 743152 741887 778731 742123 758957 729524 778662 702429 719745 754519 776992 755765 756611 731765 755982 722177 719111 721862 783987 816873 768784 712250 781436 772639 747160 
715354 747558 726329 684332 710906 721252 698446 731177 709362 725522 731184 695774 788146 736990 754405 783295 726662 728256 778524 742245 729821 779987 730601 740517 710597 744316 713363 726200 726159 709149 671671 764246 759247 749551 779137 731540 792393 685594 716246 753113 737343 714083 753344 773424 738330 699821 726015 754299 681364 718607 687829 754954 733630 767418 745380 708733 751094 725250 767877 789277 788458 741018 750419 739607 772309 787127 693095 731483 722690 758923 683564 688296 757422 687319 747815 769828 722339 729112 747100 719190 734668 715689 775961 729844 726174 690087 791910 741295 717434 754921 762722 735475 768540 763119 711188 777429 691238 679867 765056 746172 765544 709443 745501 723474 708783 778272 729636 782947 748894 779181 731649 741664 754230 748834 717750 731619 752804 749458 793684 753008 727119 716927 738870 719746 797483 759314 763200 717929 749067 753765 708500 752858 714010 716131 753945 716341 757075 782301 775216 727209 761257 714670 792712 730253 780789 763375 743708 742685 779781 711386 714224 697562 718208 700378 722801 723026 741752 724768 782170 729213 690061 763966 747976 705408 717924 735198 725488 804076 747869 750365 776953 768338 704981 736644 730112 707726 730865 736230 748086 747225 762876 764437 747300 771017 710349 785597 722183 729123 690393 745831 705145 721017 759246 771166 740589 744458 709045 720779 711559 750935 713502 796688 712495 797726 706743 765290 744453 664165 728956 727573 796220 735494 725550 783606 722354 729732 720499 726200 748290 706381 726974 742874 744240 758827 746643 746027 763671 731498 776035 706301 732453 768582 733616 746871 733347 682367 742495 715529 806964 785454 733094 743797 737333 769943 733613 734850 731702 730656 727706 725072 698387 727349 668928 782128 709101 730499 762722 738310 726146 802550 691580 695170 761401 808095 742913 771781 762027 733671 766408 757699 760236 707119 695201 772418 749576 723465 773804 746672 738617 759245 705094 769429 724947 722573 764650 788288 757023 757452 746277 761677 712104 716814 757962 759547 784026 743968 718771 745766 745432 734091 
688380 746933 722762 714420 702364 701519 694940 698647 705721 712139 737011 705253 758121 732674 753882 769124 737932 730754 764763 732939 756395 759099 730325 751427 677632 746298 687634 738472 722907 707549 677877 747189 742923 716650 784006 746968 744815 728991 752091 771281 718940 704554 771537 747322 715885 726834 770959 747753 725428 735130 713336 713301 756195 748074 735743 741797 755020 714343 734985 749923 751465 743235 726941 721758 783342 795169 668590 722704 691277 702167 689310 713660 758724 685715 719560 703230 759043 737004 722218 739156 719136 716377 783216 750801 753546 713444 772942 732229 746753 759547 752427 746286 737351 756415 721834 796498 716486 694553 750647 766425 778451 713787 722499 693530 717245 757479 744846 787872 762400 785545 724131 704297 740034 732773 700982 720416 738737 751304 757007 740182 721722 721646 753983 758662 798929 771925 764971 682056 705371 751005 740130 774612 682121 699704 759672 759965 763870 775464 745467 727806 747391 716403 771738 718617 779077 760434 741231 728626 833963 704678 731610 687765 725398 712607 695075 720334 726619 741573 802262 721459 705715 754346 728832 714791 735901 755871 751392 780262 714912 750283 764867 769495 689378 739851 707939 727028 752896 698183 727809 744181 749508 773841 755314 748391 713900 803421 707926 729393 726457 751664 743350 744384 745325 759921 755254 734701 716247 754543 702794 743483 700612 759046 740413 801445 718718 722189 767354 726206 718135 741877 754692 734521 737404 797384 717926 705869 727643 717986 772234 718534 742140 719258 720116 729540 704224 726648 747385 735661 731995 689976 758321 784881 774883 740855 761029 709839 755341 720917 794837 733183 739790 704380 698999 758907 762827 698676 718323 737819 730498 707931 731672 744124 701576 801801 697374 746698 757018 730235 764579 770611 710343 699863 751023 769029 752221 752527 749353 721325 736069 755543 756439 709089 678557 771277 721854 677367 716951 764404 746817 716361 709346 743296 694788 727009 770713 784010 751386 728288 737568 732482 716283 702031 733191 751678 790664 722674 707595 750296 740781 740752 
709887 761730 736004 664551 740121 728349 690087 736035 743913 705658 763030 704619 773956 731863 807277 776152 743898 751851 776743 758341 735026 788332 789476 758514 686762 733628 747157 744272 781560 755840 692695 780522 733014 768783 787734 740261 769609 749261 755379 786895 762036 711946 793158 766807 733626 714685 755465 758005 719384 704158 738317 782357 777220 744545 756344 714732 782532 734221 763523 743753 751514 722852 735213 745078 768148 764793 687914 740819 720188 733457 695419 734616 742421 661240 792185 780394 761604 720853 771239 722549 748022 712361 795721 729396 743350 730862 822575 722408 745097 771907 766556 760813 750062 772077 722354 817313 727064 691302 772938 777634 779388 710697 690647 708699 741126 800101 768685 773365 798908 761753 752027 717918 733355 763289 718543 740886 750437 767634 790350 769511 767987 730806 758500 717606 835935 772078 789858 729703 757932 747073 709859 752893 730878 727336 787765 755823 777211 761870 755629 752689 766911 763018 817406 723238 754747 761761 741943 759144 817199 716828 751185 721325 737635 702044 749431 733820 761484 742699 766997 744563 721700 748636 764174 729555 732329 748706 739864 815483 758351 788230 815861 767401 713737 751151 739203 749474 735227 745031 732133 757413 782606 775999 727482 764128 745421 790603 731805 725396 752640 751772 730370 771526 766705 768956 754408 755940 746855 740147 731784 768739 730490 797609 735518 812005 718849 770203 754459 702034 743973 729191 791943 750012 712030 785092 740331 713160 717346 736981 772417 727776 732155 744760 768883 772416 762098 793854 782293 725224 814452 758628 741173 796713 780450 768964 751998 735727 782621 746218 796874 766652 789225 732811 721886 798752 754776 725477 771703 736665 723088 694604 735391 751505 730144 777564 713774 736745 794017 740665 761662 779368 755631 727130 745322 785844 763038 767856 754495 733635 777737 734338 747145 739755 727384 792484 753853 718494 766829 756633 745193 735931 750370 793366 721209 748010 775570 796646 774530 752150 759171 766302 721055 732212 752641 789963 806461 775389 721484 776098 771725 774151 
738924 821894 764773 738768 763916 775567 776991 771797 756597 773632 793607 768024 872992 791465 819028 875674 817781 770940 826781 791500 797658 799138 815771 839315 763831 787640 778312 790246 799288 789696 700097 810980 787447 804926 848847 811978 815142 778675 778445 806264 774072 764116 819546 831233 763740 785034 764099 821209 770457 750362 741979 787173 807378 814546 816844 800654 788970 784768 823371 810213 803425 754341 778685 802852 846747 835732 763034 760675 767065 791053 745412 750943 788708 724232 849310 794048 789302 774133 780427 763350 772151 751972 832363 792383 803552 748994 835795 771011 807665 809478 782278 822798 826105 812931 799495 848566 789204 754146 824668 809010 831672 772739 779846 754578 785997 820016 809522 848760 863462 821667 767280 780597 793708 780115 778791 791634 799219 803693 834053 821943 803080 768722 808090 788689 845153 810926 835320 773437 790601 817512 781817 813460 742448 742057 812289 797886 817576 832509 798605 770952 788505 783215 880691 749556 838308 806177 798841 786483 882221 746808 745020 744554 779235 764597 823166 785290 786800 789979 831020 793388 782371 792792 818597 770068 786953 817414 804119 832120 820436 808436 868493 852123 745367 787309 770664 787898 784993 766339 766636 782887 833456 815554 827415 818785 779163 809330 785208 786211 743486 774685 752706 799041 800473 831691 786878 809415 756821 772290 775590 785381 772314 819206 808523 847025 779326 793006 771892 767807 746904 796712 887448 786032 781125 842629 786131 759104 772667 770162 796181 791618 784297 786750 807466 769802 821249 832072 802831 772833 843524 768512 792053 856194 809262 832481 777134 766174 795009 800200 828129 840465 840081 777494 776884 801897 809642 767148 801668 796604 769967 751424 758646 772041 750998 837424 764383 792432 805182 776643 777106 849414 773127 755907 815066 849505 831620 822617 783737 824791 818977 810412 789254 788841 740708 829020 787186 813271 797081 811195 791039 819713 766234 810161 735678 785360 817790 804692 807795 801575 818953 790313 769459 804647 823251 792239 902830 802969 740224 794665 818494 796210 
690628 737008 732173 686365 754933 741408 704294 745871 720885 724583 748825 720384 797153 785319 771623 789389 721380 715476 762553 727892 751584 774185 734543 758283 742116 750124 681098 760587 725955 715037 680333 770700 778453 723693 796187 755879 761063 723291 743997 753192 757997 710435 765409 734721 706246 727493 752968 785029 692164 729727 726040 754096 722829 762553 759020 694292 737354 705799 741154 750642 745945 751111 728724 708343 802658 818670 699163 716239 739006 719141 669162 740396 743967 681377 741219 740350 736148 745914 730638 754482 700742 728961 776510 757491 733484 707584 804320 702706 742478 769138 776344 747677 750451 765861 730290 786484 718247 692761 756282 773370 759634 729244 713616 695892 747006 799471 740527 773228 778688 773551 771237 727831 770130 742581 725534 733651 720166 771762 767737 767381 742421 720251 759478 753672 786609 755664 790791 716100 735001 738007 695895 755556 697935 725140 770811 762154 772623 785094 752680 723295 757574 738143 818643 689385 792196 769651 733146 730757 821471 724476 723762 685506 735304 713659 767146 732051 729981 747021 772904 765079 720944 744826 759366 722818 725186 773078 738950 782757 750791 751226 781959 796908 720719 744102 731702 740563 769303 726442 738701 757030 770197 780148 748107 737431 721879 777967 753649 731170 682584 784847 736449 741970 780371 761767 755331 756290 726756 710361 725185 734514 699505 775695 733065 798380 703676 730231 769543 709658 716999 733396 783006 724007 737533 791594 741304 697230 740807 732831 784178 754015 742831 742192 742249 754090 733597 753103 735449 718534 789619 729627 728978 768685 770083 751321 752237 722766 733163 754558 780306 782740 772073 716357 712285 788584 751354 726438 740753 765524 761658 725624 715645 734272 686050 801593 714063 751842 776815 718338 762763 763940 713555 711837 746317 769449 771108 752975 744516 753233 801152 757304 762733 728119 685301 753450 756981 717355 766553 757008 753395 751736 719228 775759 701513 719357 766557 777248 760280 748725 754981 771635 734924 733724 746533 759163 817002 723521 706571 775704 751257 741015 
680571 734998 690625 680837 681227 684542 686484 684532 690172 686937 719691 644142 712986 696566 722470 750804 703222 697210 724971 695087 728640 750033 732271 695038 702980 714331 664815 691172 702461 684955 652594 715993 719546 706936 744456 686774 755010 717964 689722 713555 686647 697183 723828 731616 705741 678882 714993 726018 686140 672092 686948 679003 732894 708567 699505 669153 738632 678164 733718 718959 722585 701183 724683 717538 752854 724146 664553 703121 679074 700935 661089 675520 742157 662635 732225 720135 711914 704291 718736 715120 698699 682911 779464 707566 696686 657552 759930 714331 712758 735085 698314 721858 719636 716197 697078 759418 686892 668157 713565 732911 732051 657207 713500 662760 703868 723915 711034 755222 754092 723908 700652 699473 716023 696463 674964 692744 705572 736414 745682 721116 717411 654346 698418 690221 742806 734461 710671 701872 706217 697174 687018 740067 690597 685076 745017 683986 741802 741947 710756 704831 710400 655074 796532 687954 726669 729972 705350 718638 750391 684660 665776 665582 694571 664946 719453 709522 712466 722168 738707 678028 695555 695366 709188 717538 690133 728240 715693 736751 696482 695783 754477 752199 672519 668114 712920 721949 711163 666715 698983 740556 723008 702657 720335 717784 692257 743306 688010 719043 682867 740426 718906 701472 718922 746120 722554 708694 676031 693067 690612 721942 701086 725754 705661 792413 654597 723240 701542 700994 697307 708112 760701 703199 686937 770415 684014 657068 706031 695735 730723 703091 697718 725461 691890 707443 716890 724812 732616 681335 734760 679534 694523 748483 741665 706496 723645 667028 716490 713682 749454 722674 729152 669702 683679 751801 716807 697586 695728 672159 705838 692051 680373 721004 669548 756614 678063 700509 737339 694960 713670 733489 656848 705959 726530 748557 717053 729946 716348 714664 721537 697753 726658 701502 647496 737352 675514 683780 695286 730478 712541 737040 692819 738698 652073 710032 728358 745245 719888 693246 717960 719434 674115 702699 711708 716609 765677 705602 674388 725764 698565 693475 
656911 733963 710432 682827 674739 700872 695812 742496 686455 711107 722362 712475 742508 747016 764904 789253 706383 700899 747007 729603 717859 728091 731859 743508 683830 747592 694964 734606 736719 733352 657861 768858 718948 750703 771500 727411 749224 701789 740826 744629 709206 664469 763093 758316 717498 698594 728319 760163 667080 676928 681453 743747 746815 756318 750215 725315 749585 676491 745423 738970 726697 702166 730909 734234 786968 785034 675864 696459 707751 729279 644287 713059 739586 653226 773789 734654 728539 714447 715692 735573 708058 711301 758229 708809 731439 689247 783441 734545 732479 746176 726862 728633 747029 776821 739411 789107 718372 689241 735616 753315 748466 692240 728809 695140 692595 753259 749955 734716 773903 789349 724921 734874 738714 728026 700156 713085 719443 723358 777063 747303 755798 700708 724354 757450 822892 730463 734542 716857 714701 740588 676167 730015 705840 744369 765344 713923 754159 755178 731152 735309 730842 707286 782544 711735 778502 731187 712986 725788 792868 690433 696172 677085 725480 686685 743472 703096 757738 754525 774369 748428 719562 731604 746263 669386 689456 770049 746297 754178 739941 748054 744448 769998 695245 732493 726317 726176 736155 707894 715319 752619 756341 775231 708897 737166 697704 757828 729838 723787 707376 733368 711001 732583 733150 782730 746451 759299 723687 709622 702479 746383 696508 731974 736109 798374 687112 715976 731455 684356 719075 722362 811518 739551 690506 762851 737670 671132 717768 692715 759905 738066 722180 742120 742525 739599 719154 742847 751968 700238 740713 714876 720403 768905 762824 733234 736108 689143 749642 737311 772395 747076 764849 710817 730525 747226 724363 700030 697588 727117 708149 706099 692272 727008 687278 791990 708251 751334 728224 728310 755552 734553 723639 706610 765885 756095 727249 751282 720060 719167 755261 756090 736225 696027 693717 734216 692149 726420 755235 747325 734061 718879 702772 752876 668760 722230 757008 757720 748306 745232 748048 760572 714845 708034 741075 715009 780032 735613 688072 749799 760010 732795 
694361 752695 723361 718105 732738 718790 732038 767426 735886 745690 740721 720931 795235 749600 793740 813994 744779 714525 780280 778421 763898 776511 748490 767963 745890 753453 743781 741562 744824 743585 687835 798654 777640 784329 783575 756992 787825 743833 738908 786303 728958 724517 800655 772332 716796 748606 742420 790365 707764 747099 699517 768771 784378 781008 757423 707619 781999 748922 764945 776495 757110 715733 772983 750115 811337 797960 716297 719484 753586 744243 713847 721195 761892 684481 791943 769566 759885 727656 747719 740207 733789 731812 807152 774374 755228 739992 760172 744121 763886 775590 742390 743355 768886 779898 711103 828507 755024 733506 750689 776624 791017 743918 725664 711775 731812 786270 762250 808915 809913 766139 750991 724474 766248 755766 750129 757203 750836 777611 771540 799649 777461 720063 765793 771253 838225 787919 796410 737096 771803 746414 724456 774312 727577 717229 793564 731929 795398 769525 761166 749980 775753 745248 839044 718374 799399 761308 769375 759921 833866 703024 710866 679963 773922 708522 750023 733904 762035 741713 801162 765848 737190 745474 756281 733521 738412 790338 744346 801634 779078 780008 792900 801627 710582 736351 728775 741330 752719 731619 744143 768230 778469 766478 750842 773897 743341 783717 771127 763491 734998 763831 727780 785400 752047 763247 744679 769966 725736 730068 732356 771282 713845 804838 751301 822827 699684 751090 736498 744909 721581 744109 823953 738311 724514 794899 734245 712099 721098 775160 756375 725460 747075 747878 765007 763936 733213 749956 785611 742217 784365 730832 751179 788825 802711 749268 775951 718958 765662 755580 787759 754967 804131 730115 736604 786449 745464 737501 744289 742489 746848 711058 700444 735778 736295 810606 719421 775008 778849 725724 756516 801305 708568 744622 759103 792509 765673 753051 745016 766511 781263 760492 750120 716162 687907 779944 748563 754359 761973 748669 763328 776264 722281 756692 696550 726376 788349 770993 760400 770442 797513 776631 741447 747832 768560 773195 839068 778127 718064 784733 775229 729425 
691411 737746 715408 672817 660177 700682 685217 696913 707728 696872 710278 693617 736443 701013 762345 740819 735050 687768 764149 716783 707646 718416 756652 746540 687890 714150 682668 729802 720504 695959 680510 718564 709030 729289 779137 716222 753308 703154 696304 753934 719932 694278 743529 741824 725693 715205 690571 743832 701209 669002 680733 724571 740639 771069 712870 681785 732954 680193 720430 721004 730411 707902 725213 732979 747196 744224 672975 723112 711005 724157 685413 696870 741347 664255 748254 694694 754195 690896 723346 722877 723389 702541 745017 741096 718585 716650 745032 699095 736987 722230 711138 706198 731810 737224 712801 789424 686780 686851 695285 742470 746549 686284 716889 694481 681503 748677 720841 778721 801810 783162 709154 722297 714649 716811 676084 718654 720212 736773 729161 736531 711747 685966 711857 731141 770678 712054 721736 685942 699020 689616 701764 721234 717179 682803 758511 691435 730174 735791 711045 726723 725648 717902 772155 698079 739522 724262 691087 728453 782432 700641 673307 676587 713760 708661 748808 706647 734082 696601 761219 712722 702019 715793 729080 679715 723364 739741 706808 737320 752063 727522 746578 744700 670874 700934 726525 720664 722282 669886 731600 716072 713868 710670 706741 707079 692410 751398 718622 718083 686148 723007 707266 719729 706363 732365 728410 697661 708852 709637 692313 723570 705075 762543 735952 771253 667898 716260 718972 699995 691495 690577 783119 701151 723757 765542 700393 661042 724081 704934 735333 713669 717793 721263 734311 708698 736158 737174 732570 738684 778921 706412 722775 767735 735874 738771 725635 714977 753098 737473 777798 758587 761938 715324 698159 724769 711454 692400 723562 718945 703079 691052 680355 710693 661779 769556 698979 701553 724293 660602 736776 719310 702632 727126 719589 752643 731439 739183 733417 742998 747141 728415 719202 709086 699527 755700 701278 708322 722402 719173 716272 719256 693552 776515 672141 711661 741186 758377 715915 701897 749758 707119 703251 724276 718798 745908 769344 721948 682857 755191 713188 718499 
723250 764757 737642 709948 773510 725611 721693 774800 730658 710682 742234 695724 783436 768009 772822 796079 737313 711283 772409 734707 782266 783132 783548 770077 724838 728785 748404 751275 788078 747578 714435 773670 779236 782735 796397 740533 805833 783557 729799 776580 750637 743374 775407 777698 742184 751442 759522 782618 743148 758210 714530 756511 756404 774875 753180 751861 770228 724053 774919 775601 780628 749515 770194 745364 788922 799202 734901 735865 764465 750704 685904 728830 765258 681449 769258 780164 769920 727859 767844 733473 734132 741176 783448 760527 760628 723620 807535 736968 789725 770666 745757 751711 780652 767135 752044 809315 736608 671980 728862 767890 785118 701568 750533 696417 722787 781022 760878 767088 800562 774468 768395 722880 775798 744033 741196 748459 769170 761528 793939 784511 769588 732533 776134 765107 814428 782910 766505 723130 760747 754766 724123 768398 726696 760148 781971 763572 761443 777357 789045 743964 774281 735516 832208 724814 788156 778489 766189 752524 828313 709038 714490 697541 744577 714917 771904 760110 745964 727442 779338 748774 740261 755257 754366 740096 750452 782203 735662 811212 754117 754870 802050 769684 702664 759409 724700 753345 752226 678878 732716 769389 754297 765799 777647 766019 738266 775787 750931 754370 712426 789251 752813 769820 782909 775487 748237 763871 742499 767479 718906 760772 729214 793087 743554 834604 717787 741065 770772 694616 738314 741239 792021 734866 771013 797966 758606 712696 737712 728894 759980 728231 759826 743977 785962 780193 777100 779462 772118 741621 818131 728260 769818 809341 798288 727782 763234 725595 807401 740605 823194 794557 770658 750144 730802 796678 771195 715773 757138 754873 754040 721409 714903 735241 718821 790426 733505 753470 815289 724611 763094 811028 741745 761964 743396 816226 773259 775812 780031 768918 783507 754954 772856 736117 698744 760557 771117 751135 801785 772359 745220 790690 740395 780161 749147 717720 769393 780859 779174 770525 780639 773204 727026 738050 747633 785243 831948 768628 729140 788111 765235 754376 
734872 812668 746265 753947 773682 751259 756026 755439 761102 742177 771723 708039 795295 781800 830489 831253 760285 762698 811796 764296 772650 803842 797236 808513 755783 761871 730302 793497 758349 772816 706256 799325 779725 760035 819612 758717 796932 794919 758020 798451 765654 720276 801485 822804 756506 764339 781722 782513 771501 726342 726553 788156 778834 794783 776734 742347 811603 778857 777462 772435 775190 760599 790050 789774 838573 827298 753166 785501 747161 776181 695843 744065 796751 701193 810217 760778 786582 748613 770790 738066 741391 751185 773080 805210 765288 749065 800756 747184 770376 790102 779533 778144 797976 814661 759319 816843 749001 728727 799884 809400 801166 745383 777778 717942 769232 804268 803576 814026 819087 800526 781246 767674 773174 770420 753178 765864 767736 793947 811527 807346 779975 770704 800085 764630 851174 818010 806989 765142 765463 778267 744130 798958 748049 744916 809004 783716 797251 800141 784170 754172 747613 751130 837396 758152 805875 773610 769724 782655 875769 741111 735072 699415 790206 738746 767809 767318 760825 787439 846582 757646 749315 773213 776453 778400 773900 764330 757099 820110 781148 803001 817922 794933 745636 766821 749863 778611 787144 751240 765448 785315 819291 796835 801673 780034 757187 819944 766000 774789 754515 794344 761191 790437 773465 807546 770464 783842 753126 756466 759566 782645 761774 812463 767870 814034 725555 766005 775389 741484 757687 795478 836081 754916 745844 818311 766232 732205 757447 766039 802598 748729 773596 778788 776398 783997 772698 779081 804401 777170 826167 751337 792183 806830 801214 802465 776017 737746 776363 765688 825000 787643 783308 750526 749023 794791 787006 765958 793563 757492 766594 748236 735127 772145 770647 824659 718691 787946 806283 789197 792234 818480 749115 758076 800971 832176 767397 821893 792899 804680 827404 771810 787916 740101 739195 808889 781932 760946 797680 778053 779586 806306 756766 795079 738429 777118 790604 797005 769618 808437 816673 794889 751766 793753 767587 814182 835352 780417 743478 779853 794568 796802 
685767 739873 684940 708123 676457 706212 697243 746075 701274 673634 717905 694593 785221 744777 754104 780853 728485 705938 759635 745499 705185 718794 723530 749926 706395 697143 704427 724046 735389 731989 685253 741352 719303 750718 786124 705836 756543 743195 714239 738063 699939 682107 755588 739022 698584 716952 718026 734087 692908 703486 693851 725854 759811 751271 747771 708733 757138 711125 789470 743125 737034 750380 725812 729487 779564 761154 689456 767745 701783 715411 693149 669775 748741 669640 745724 726404 712525 730683 720194 719709 712849 734355 747753 711749 726556 725528 751396 722732 731500 767046 741666 709979 741846 742253 697881 761261 694610 677386 728544 755714 741659 693072 729515 686631 700699 745327 741480 783689 782285 781128 736928 707695 725698 721005 709720 733429 735297 705604 769089 749325 725733 719711 715052 744842 786989 759842 731056 731126 737683 725332 693794 739751 695884 713271 764330 714913 738840 746494 742289 721625 758951 698477 813215 736278 756555 732166 698552 758335 804240 721789 693211 667965 735692 676561 747514 692652 708935 741316 804605 736776 685916 733175 722200 699075 721710 757225 711542 746298 762689 755262 777841 752765 676426 723543 696061 724129 715353 696934 691340 752129 764936 749949 732412 739017 689476 754697 737122 719280 693419 752386 691031 740687 735633 774983 736709 716728 709912 721659 733624 741920 686213 754896 754840 778299 711510 731810 713694 686723 722113 729084 780121 697786 701502 767541 718419 719231 712684 727104 727683 697589 731270 755374 728419 761150 716531 751852 722228 713433 776923 720242 738859 786318 744322 729651 716392 705734 731889 746952 790898 754993 753590 700750 704630 745971 731591 714410 703854 728409 729717 698000 699419 698655 720540 765169 678219 735804 747422 730777 733376 719778 732173 738471 735702 788081 725523 738264 733056 733813 776347 718940 768619 686881 654491 777723 698994 721686 738065 760777 747910 708420 693180 765747 696046 693857 741109 791135 738997 743161 744099 715348 697610 720261 723777 740442 801220 738843 683023 755566 740742 747598 
674688 757246 720658 689311 699254 727092 702965 741274 712949 709723 732440 723449 775389 727588 753040 791823 711546 712039 744673 744719 729762 747575 748437 745469 687264 753118 703076 741795 737975 717689 674511 776151 716463 727564 790591 728702 776055 733389 696317 739455 714743 709022 737430 748032 718333 727781 738254 755503 678059 707240 692961 736352 737071 758015 727271 710942 762421 701384 750657 769759 743735 705863 727190 721026 787939 788431 671824 714672 729654 723311 662448 701827 731097 698671 762955 724618 731365 722065 715246 725934 725013 725645 776672 714181 718327 690983 762525 703414 715834 767909 744031 757919 765489 767937 728329 804392 722770 705762 735872 749605 755620 708166 723660 696277 719234 800664 763383 756514 802367 779841 754970 700722 711634 733476 702867 714026 716221 764826 766220 753680 734502 719527 741836 755182 770223 744984 734711 706892 721409 728110 688439 753518 670955 710192 768648 702251 755866 789985 752701 714394 729173 713527 771383 700757 751697 748961 737581 710640 774804 690049 691860 666716 739071 719352 744326 727384 734323 736628 766800 719375 703388 723513 740582 711307 728359 730213 714029 816885 736192 728661 757909 759881 681039 734628 698201 713570 770162 721811 737599 746227 732850 766176 738816 758548 703517 761681 754648 731895 689414 752621 744309 720287 749433 741520 736702 754312 688032 713905 729950 740152 710185 764005 727596 796361 706002 736267 736574 689489 705541 715398 772204 703838 704068 785890 716790 700595 740157 724695 767494 704987 753226 728914 741298 741037 731391 723682 756295 722933 761173 713744 738737 762364 723093 706373 746545 686816 758248 745760 793683 751053 767433 719425 724391 769474 721839 724055 738063 704465 717543 711881 720800 725645 706336 789254 695203 733161 766167 741111 748340 750314 679023 690272 741838 765146 740254 748548 760315 720393 755648 757491 737456 724267 695168 744036 712044 722502 762596 738728 726470 761805 677336 758812 720501 716177 762327 752134 741464 738667 753280 756220 718354 711700 744653 740084 823192 743484 669171 733460 727256 730299 
699304 746606 705540 671917 701213 721127 691022 734845 703897 679874 694307 682292 755202 709391 757853 791139 730119 678867 741405 735629 724529 738643 728080 717303 700676 710088 724295 715961 754874 710519 649866 742570 705650 720755 761978 733510 770535 719540 690292 744935 724529 707188 725668 749275 703067 718121 730785 705159 672417 678643 685785 708692 689571 741436 714986 695956 756173 719390 755865 727123 739546 711214 714978 710038 769176 759565 690552 693589 698083 699556 686916 716125 720440 658989 751620 732075 716306 698114 724813 697219 701912 718406 752286 733378 714082 712821 779193 730554 705794 743631 736494 747237 712836 724312 722755 764959 700417 680189 727488 730865 733538 668681 716660 702212 704650 735514 740182 755786 768814 747983 721206 718675 721927 721607 696623 695764 744693 722248 751479 738447 728507 704820 723820 728532 775564 736118 748494 698125 702788 737928 692671 741949 684372 695203 752742 700160 734437 754842 731009 681423 708534 670608 803154 694565 756482 736414 717762 730034 793156 688919 696269 665607 705383 680933 708447 700160 722066 728242 753758 715657 717298 753716 734244 710603 713985 744581 720687 769598 740062 726036 791814 779259 705831 736319 744094 711648 732520 721947 729570 721967 747257 751213 720858 727990 689889 757637 713684 709404 719818 713939 689089 718338 738714 743849 682744 731215 680841 709172 717871 767244 707268 782868 748418 778463 667158 729056 729391 675970 705231 719929 764633 700912 702188 757453 719777 695791 728419 707398 732483 703166 720072 753771 695866 724168 730011 723058 715824 722372 783248 686478 701069 773861 745525 693682 719516 688489 705907 709988 761822 750583 758048 713366 680256 749366 741744 695977 726607 712264 698487 689143 690389 723854 682187 778762 675923 731370 741969 702297 727712 744879 677956 711370 725387 765449 742080 737168 714349 735012 733838 698102 713689 700630 678214 771463 732064 711971 747717 742675 736363 731689 704552 746406 677999 697937 743225 732966 733771 726008 729759 742772 697979 724089 756765 744577 799325 726977 673857 724066 728353 754456 
632497 710204 662767 648154 659763 668777 654236 687639 673388 685119 682688 639478 744926 706037 713300 758139 703763 663305 705003 683772 685379 715666 699796 698991 654828 703026 654378 658815 674791 658056 628421 699972 686631 665726 746628 676963 722779 654752 671292 707512 686491 643464 716213 701393 686218 676776 697442 691479 667950 651740 657485 691671 682350 697823 707034 678995 702608 670219 685340 685548 695640 686346 677342 687930 782086 712075 637414 683261 650675 681750 646874 670072 696438 650647 736312 681105 683445 689956 703819 660694 668844 660081 720771 684279 669056 622747 749343 665018 686887 700772 724045 694185 682520 688080 686287 737730 636967 635126 700028 706113 697540 665508 651552 625446 666419 727611 702374 708080 750129 711713 655122 650384 693138 699298 687516 659914 694639 691381 717720 705072 707973 648533 717758 685333 718635 692425 718132 669686 668845 687952 643417 697027 646220 678872 718112 706232 671643 705343 684147 689070 684713 656746 756504 664699 725113 697664 679528 666454 731819 660049 647762 613747 661400 664492 694953 685395 663702 705716 724356 686542 667319 717389 671859 678197 686318 703089 681786 741161 696695 726019 745997 752599 653105 678475 645085 697416 701965 669169 675593 687963 708978 695347 714830 673236 677489 705588 647491 657431 648059 714791 654186 684115 716638 718040 677501 684309 672197 671593 670950 711033 665764 734178 682733 769670 644772 702280 693314 657781 666731 657111 721162 667818 664889 711712 661944 661515 667036 652194 713897 675733 654025 690151 675670 667017 704306 701403 694716 683698 701215 651274 671860 713493 713432 700544 665213 695068 693131 687054 714390 702300 717722 684422 667110 708472 684067 655349 686241 696382 713289 635008 658170 674017 661724 704134 684280 680728 710176 682466 688039 755680 661256 663734 710221 736755 678861 708113 695164 679383 733432 679961 703520 642169 649059 710359 690597 664744 670612 686671 674565 690109 649903 721844 649335 697942 715625 699399 678746 692872 695428 693296 644662 719590 693792 711354 740735 706337 659781 691176 689474 707422 
636782 728902 683254 646093 678750 685034 643062 697744 680003 679310 715719 673248 730824 715209 738166 749479 709438 703678 706140 702068 681614 709303 716263 703004 662689 702434 695512 696523 711246 712240 650562 723198 716984 715406 732484 708073 733500 680717 702312 709899 700763 670803 726806 715389 687651 672736 735629 714143 676867 663108 695305 710088 679314 743436 698260 665966 713484 685805 699865 718295 718878 673252 675796 702377 733995 748809 669941 686460 693957 698963 625977 690789 684187 642077 730684 720483 704524 668317 680285 664446 681683 695068 728678 700141 679902 665566 763138 704730 704980 710232 720623 706993 706546 721868 691684 730055 669141 664358 722127 703951 709911 684654 669511 669406 697753 750745 712764 742331 731059 687284 692861 653678 698664 715988 665977 699434 717016 722493 721760 718046 706750 688562 733572 684359 778907 703818 719998 664267 698110 720661 672253 713062 667394 693925 729012 715967 733726 717419 697930 707964 712164 693712 769481 660114 761805 731624 664206 705632 779627 666132 677070 653433 691840 660126 707212 687876 697828 720871 742282 705276 671354 710086 695938 669664 686578 718204 715147 747196 710319 720163 774889 729558 675072 705532 687734 657093 705085 692375 690396 710098 719726 741211 702267 692377 684028 729151 691203 676282 674223 698654 674176 718497 722181 723335 686192 713713 669750 682130 677663 723858 672704 727780 699394 758212 672925 713083 684958 665683 658665 719072 744574 686387 691103 743011 686885 701467 676844 676872 725882 658878 701959 707235 712100 702204 715200 723443 725004 696445 730445 679183 713757 720437 706583 715765 694499 672640 708822 699818 748026 729776 726761 669783 673845 736288 716871 659360 681010 704644 683269 657357 671369 674309 681431 717883 660688 709142 735842 688540 723742 727269 670293 667028 727386 734862 718045 707811 704742 701664 728498 712407 702448 687129 661609 747765 693280 703410 711872 710755 700052 715235 688536 730307 644237 683365 723051 718642 699040 712600 697263 701176 680136 697454 709337 749124 761755 700940 665494 707869 722103 713901 
718002 796475 723290 728116 734335 734911 721904 768797 728635 761353 754923 714118 775822 773490 806981 829198 770267 726663 792585 761749 782028 796280 796524 782753 742827 757832 732789 769093 782584 735936 705415 778855 750980 773115 811972 749910 774764 769892 775227 785256 753214 743116 757770 803438 745704 756291 760662 778737 737825 742405 737911 740743 758972 789223 794556 724358 766981 745987 792755 753346 776183 753161 769322 768461 809024 793837 710332 758190 756017 751574 733877 721649 789794 709972 804024 775286 741448 714510 764049 750412 708883 728388 788369 745874 756724 727041 793953 738306 741434 762960 780790 784812 778742 819652 754662 830191 728637 729512 780209 802158 792362 736092 781169 720589 747310 806042 773151 796808 816181 777004 769923 770510 780167 786218 750252 725221 762802 756663 793063 795486 780198 730007 750284 779720 804908 807789 771622 742405 757097 742396 750942 801697 717295 747905 806104 755964 793806 773360 776215 757297 781185 745897 818876 735191 790730 805665 777704 779631 837502 701216 743781 697124 746590 722437 769527 759348 783098 745696 820307 771433 732071 768145 770987 722737 746089 778052 774348 810918 769912 760937 788851 789733 706876 775153 756901 744712 768741 752444 770514 777750 782726 795018 791650 795007 748704 786981 752150 758581 761380 759195 726758 758886 767264 787578 774237 758287 736031 766115 716262 784176 725021 819485 766358 845903 723679 779956 751697 746964 753043 770260 829372 742048 766931 824428 737507 737599 762642 728649 742903 758639 766394 741606 767778 774681 767861 774889 786221 758861 800648 740651 768799 823632 772125 793098 787101 737813 761087 785687 799137 783084 781672 762242 762383 781749 768897 757863 728391 740570 769581 719763 735706 768979 731335 799931 728292 755462 783420 762412 769365 773133 745092 751267 779737 802223 765133 771747 769457 752033 765250 755765 764670 730224 716398 801518 761430 768319 777179 780695 763718 767050 734389 778597 749823 738143 809083 808327 788839 754056 781244 783231 724810 757663 790929 801874 837788 791745 717381 791388 742155 767399 
688800 749640 727365 699041 749211 731109 713034 758617 709405 713596 726355 705440 794590 740259 778243 784888 762781 707057 758510 758341 749505 743715 778364 748510 728828 737286 745081 740970 749206 736600 691467 770010 735879 764217 772129 746076 798133 740312 708523 762805 723652 712930 753594 758314 715641 711150 752546 765222 712766 728036 704767 771757 750075 748826 747313 705874 782151 724936 775586 741520 768650 762977 769148 745327 813863 790767 695867 747294 737204 758522 696083 740890 758409 690051 785883 744942 720312 717673 737946 720741 732063 733648 776311 741854 739972 697304 793969 747676 756859 769925 772857 743614 733225 765982 698961 784783 731474 716326 729538 767815 761599 700986 716334 699879 748056 788795 747177 781940 783922 778769 772128 708314 746164 746178 705783 738254 761563 751246 778714 755995 730027 729956 749639 748203 794253 769814 755778 702285 738716 739267 723213 764241 698350 736837 787321 720951 743320 761539 752583 753272 747573 747427 808851 734964 784838 771694 730500 743556 817085 728831 740046 685417 741850 693012 747877 741644 767296 755242 797238 742678 711390 756872 730477 720893 739661 733573 725225 784671 759693 738545 801915 788710 676501 739234 738097 751879 743188 719855 716632 764682 759633 775405 744679 752958 733616 786650 722664 745764 736035 758393 724492 742128 746679 760206 748448 762325 709902 754435 733583 771510 716047 776162 730869 799837 721404 741092 777511 729317 736270 742697 782395 732309 698470 778701 741711 709760 750671 721329 781954 731393 751335 764545 739338 753012 731745 775136 733277 726656 776179 740900 744334 799278 773145 745155 746975 734550 738757 756824 797100 750262 764557 715448 751437 770930 746654 731431 728546 716704 725592 733323 713920 711631 712288 780031 741023 741266 745808 737012 761541 767234 733401 731696 739857 779661 757180 746252 720738 730129 766246 754662 741582 744509 683179 789014 737732 744429 749915 760236 755203 750875 700600 744436 702766 714590 753745 776289 783905 742763 762351 751763 706853 713552 743756 779244 812123 741628 719827 759010 777125 766271 
710447 774327 745234 726097 736474 738739 713987 763136 746981 756652 763944 737858 806435 779766 817847 841155 784608 740376 795293 783392 772331 781932 792035 801819 753806 750384 772149 768664 752924 752427 724753 786151 783678 786481 819494 754247 795442 751473 718577 764765 749366 749806 791869 792436 751603 741377 758782 778806 746145 751060 726538 784275 753939 791468 764297 738968 796233 744127 797266 795595 794983 774715 775997 783611 814255 800470 725153 765148 734282 770579 709587 714130 764170 707507 797304 780429 770270 758393 792296 755953 725530 756342 805885 768009 748125 737779 807514 757056 754514 794132 781229 801035 801553 791098 749930 814118 753142 725892 747555 796671 793284 744475 754855 713294 738199 774041 794433 794404 826966 800313 768803 731490 779696 748688 741515 734756 784080 763273 794456 803776 765204 752993 752802 759627 815347 803972 777048 759076 754798 795077 736311 763634 746903 757445 793289 756197 767694 791894 752824 776135 775021 743048 856483 740164 805070 776256 778075 772592 818769 717771 741957 728714 777707 746944 786177 792373 776654 773263 814556 775101 717690 805106 790282 760473 751121 767147 760085 835333 752249 769699 843309 791231 742443 727687 742084 754942 783556 738747 756198 780806 782170 795765 791934 789599 745583 804678 774154 755585 756770 798357 754110 780202 804682 771166 793229 767884 747039 756226 755742 800376 751744 822970 770569 845124 701944 771618 763068 735234 735676 779440 816174 767845 753482 806430 751783 716255 773695 772606 805259 728121 771942 772516 747800 790581 804638 796432 784674 767250 811221 757222 765185 810564 764518 759675 765580 736126 781465 768283 807856 811479 805725 741994 732094 797794 770250 744593 750460 754604 744164 739637 717983 756117 765269 819370 703887 769921 801570 762593 741901 837429 739756 714268 761034 806473 775642 772617 771867 757273 819008 757034 787714 767208 688256 800784 775485 760654 806097 800478 773032 793255 746093 785675 747991 732073 780613 820397 795179 789358 796340 793973 763999 773264 785505 776900 856736 773488 722408 781235 783646 756814 
709152 757926 709898 713476 734144 710040 679545 743217 702005 712979 748672 704831 792536 756978 774184 770496 747791 711410 760605 735734 758658 760150 742229 771936 728695 719202 736947 720353 720119 725392 673134 762939 741497 747628 791119 756219 792742 733274 719347 742828 732812 691211 759544 736582 743367 725074 727938 785295 713468 733009 748279 752631 725229 763411 757911 702828 759403 708818 777166 752710 758186 740281 763094 722533 791584 791382 701964 725148 751749 737700 702009 708536 751592 655508 804740 734427 728730 696649 766336 706075 694157 733357 772226 745722 728231 703496 796580 743200 755277 755733 773623 724334 749044 763661 733245 791779 714222 697173 751093 776872 781693 714327 725174 694501 733290 788744 755267 815790 768848 755138 737740 697811 754047 716651 741698 739966 758873 737142 774104 763158 773179 711765 746444 754160 794448 769071 766385 683493 749392 728704 719103 784654 721971 755400 750342 766141 747596 771823 753832 745313 750593 730400 808059 709993 788298 755534 728824 717375 808633 694926 736109 668806 746881 693738 787141 729080 745511 778640 783846 716502 698759 748022 768724 728603 738941 739667 736768 795037 759729 726264 782659 782668 692629 742806 719988 734022 757035 717280 713582 752412 768804 785575 776671 747122 733996 799010 721088 746862 695756 739947 750078 770223 759000 776819 778590 762625 688047 723230 750113 766542 723870 790134 722995 783460 703133 781551 766753 700842 705162 736981 813883 727479 702508 793327 729102 705115 744599 742999 769480 725148 741510 767794 724233 748015 788885 772574 780772 732051 771775 732872 727990 793289 741698 743993 754532 708500 770023 732905 773469 760421 756871 727589 732088 779182 745500 707699 731268 734188 711625 720243 734784 746808 717480 772350 720845 744954 786787 741823 775938 763609 725839 715490 746791 782570 790179 748350 743923 716599 767433 736205 725938 717253 719022 767011 758298 743625 753548 738417 743008 741251 718385 769112 717436 712844 769129 762391 735600 761263 770525 750522 732677 745898 728739 758529 821940 766866 708862 766759 736130 733302 
687864 723367 726426 672628 708801 702101 701374 697078 686071 721383 717694 705408 770015 703595 749541 814272 722433 686658 740258 712140 733729 729532 748887 756039 694475 706421 736074 738828 733591 715251 637697 757707 723608 726289 750009 700296 776844 677808 714177 742920 713261 693335 763061 763566 713340 714835 755318 757093 663981 689225 681255 728755 717619 746113 737498 729262 764549 700246 722862 738423 733942 696752 735475 717301 774955 746882 667498 705309 744135 720675 656957 689070 740183 656191 759956 718779 745816 708605 721603 701729 718282 707929 740524 723705 707786 700844 763403 723391 726809 727389 733580 724682 732993 740819 723532 762118 685286 684325 760690 743369 750678 688155 737172 690414 694196 748456 747856 764927 733860 760288 723008 706162 718971 726209 721490 726842 734956 739755 764613 783894 707669 721987 734697 735097 781007 743665 742221 695385 702271 710251 684770 741425 674850 730737 756986 711723 745631 743842 721095 707840 729076 714340 795087 681036 735604 742909 700469 743765 785596 676446 674931 635043 716206 668450 743072 708545 749068 713015 766768 751335 681314 712310 740943 692607 705460 692658 728670 776617 736793 718686 773595 765358 682182 729099 714540 727839 722682 715824 718477 749324 758279 753766 736756 704719 702759 758514 702865 720678 649309 724000 681275 740257 723144 771617 735520 713490 670311 705212 715547 745777 694910 745963 726867 791075 684475 730508 705051 692496 678934 708841 769645 711685 713914 756025 687532 689667 732366 721195 752067 717740 728233 710829 722864 735162 736075 743505 749882 736557 776002 683643 706422 766561 711778 710349 714132 686564 713343 736629 761394 785697 756896 705867 730596 730771 722999 685903 718854 738481 690564 702627 722032 691902 688318 784288 674284 711115 748542 711527 729268 744547 689631 690222 733411 803833 737647 747693 694348 733755 753624 729892 709568 716339 714105 754801 687866 703376 721971 699551 735033 733160 706544 737877 687001 712651 731077 730799 744334 754463 745551 719802 693544 706541 706592 742383 764341 733970 687118 730847 726130 709736 
659720 752684 694067 673985 685766 694422 687172 703894 702916 691368 730093 680624 769838 718848 750771 778538 712177 691020 715321 718243 701061 733452 713455 718400 678013 704130 683337 698146 689629 710810 642926 753206 723062 720169 756986 687552 756641 708015 682019 725823 706560 678950 767899 704946 712521 699175 700800 736956 715184 714973 709011 711237 718552 732912 729217 688478 748333 689238 731639 713477 738320 701892 709235 713267 777202 761323 682010 702201 710602 708070 656496 672509 749869 672724 742686 704639 715984 669771 716948 705306 709023 715617 745760 707938 726507 692049 778898 686149 754738 744916 743721 740620 735420 763340 702154 759404 670826 681023 733379 746408 717052 681983 720388 659536 697301 740767 717885 779172 749576 756426 718035 718391 707194 725517 693784 715851 721632 735137 748328 720066 725025 709677 732191 730731 761876 732739 748483 717205 720390 737647 675396 725930 673190 706229 742818 702935 736635 753603 753461 707460 723245 701090 792477 702821 744607 758469 725418 692638 790443 688652 701742 649411 721075 649970 726751 703502 728633 729616 767968 692234 688333 733486 724797 682573 703128 713119 733315 750867 707392 732472 784495 764181 665509 702129 681395 701877 735326 694888 686684 730709 750910 730915 704498 729687 673368 767493 681688 701725 691109 722359 715654 748604 703187 742874 720137 734088 703997 714875 691859 741927 681484 750982 717023 795560 695731 720914 712618 655255 715662 712583 751467 689005 689885 750960 713823 667353 709933 689053 752603 693145 737045 685674 727342 720813 727564 728899 733237 718604 756443 697262 729246 749740 740996 726066 711270 683033 696706 732083 781203 747233 728910 693781 687918 750742 716681 689531 714339 695616 711520 674635 688323 674367 686191 725439 684670 690209 754670 707201 712844 736260 682051 689420 747224 733421 719750 751422 714251 746371 748650 730184 730885 692300 668969 721569 712756 688936 745631 706919 709129 757251 669418 755476 687249 726754 740913 753890 727301 712244 720619 754144 718453 699903 724249 718627 789588 735613 717700 753833 743481 717654 
694523 799312 755706 744799 749980 724557 730908 764253 750436 735167 756357 746109 793600 790826 823702 833019 771731 769819 788503 799429 760157 826201 812100 804461 742997 738033 760515 767919 762437 765258 740701 809142 776219 816183 815936 765984 821755 764128 752363 779454 779675 761244 803931 790774 749740 784605 776471 778502 771741 744925 740908 801715 744478 786569 765487 734134 791388 743668 794428 788559 769681 752904 772386 767345 829112 824472 742464 772728 748663 766865 709940 766161 772846 724461 813994 784361 764010 742539 798797 755749 765909 777023 827859 784833 768748 742533 833686 750469 785163 797528 781393 789670 797965 799540 727818 842509 732512 711556 776619 806902 788862 710585 740459 701242 757347 806243 799524 814895 837306 806502 790801 735113 772395 779472 758244 762401 756378 776701 774424 781220 774755 767658 778704 755289 826471 802784 806658 768957 778206 751835 733423 781694 760180 739987 829553 772521 817620 806453 784622 782291 781008 758694 831514 780237 810797 798360 764838 789885 866445 728461 742720 737263 770792 745897 782318 794872 782781 765338 803965 765910 741571 795885 777146 773297 770172 765606 763658 804288 797320 796794 825917 800909 732548 786369 742152 731249 770368 772644 754772 767223 793503 790442 801391 802922 754784 820639 776480 753364 745672 778523 769780 779631 756852 778932 756392 779614 752941 757706 747436 785936 738785 806025 762652 830054 717702 786159 793050 716565 751536 789699 810207 791055 765447 845375 746698 741514 762270 764880 811672 753995 773150 784587 765252 810016 786186 789091 817593 774704 853675 767151 773112 813982 795619 780411 780028 754025 774651 767072 816564 806316 798940 785630 780481 821728 763467 766056 761692 760377 763573 757418 736562 784338 737876 822437 733588 775178 819612 761190 790150 810050 739712 737582 793083 836377 783169 792313 786993 802807 819912 770802 755374 759521 739393 841615 772057 754055 791749 793109 763728 789665 755250 808341 727803 762831 790651 786536 786535 780885 781285 819782 756748 763089 773675 828556 854830 781938 752022 794394 783095 787023 
668074 757588 722002 726154 701442 757351 688000 744768 754213 717943 767799 700188 790888 755020 762272 796376 722674 735582 749642 719918 748729 768498 712159 751485 718911 737020 724338 699165 733770 719552 694661 771563 744334 735291 791103 732338 777092 746904 703144 756059 725416 705661 772117 777343 738687 712308 755321 766104 691769 721412 706497 735827 772140 754610 742199 702508 738671 713735 757914 726875 741719 717357 715116 730412 798206 786982 705030 727659 728504 733642 682516 695280 763159 674195 762747 705728 717347 717647 723148 723868 707804 710000 773277 713546 707125 706040 793373 729323 732404 769579 743562 767012 772901 775685 727945 801419 704225 677763 748130 787542 772047 702613 741626 688929 728924 727441 737834 787481 766437 770433 744091 706128 746578 756530 734112 714323 727357 732292 761667 749190 757721 721245 748640 735688 783015 754291 765238 702096 705443 732957 714182 737723 707057 744485 750189 745355 763603 778015 730744 731749 768368 697536 778736 708098 772782 758175 758881 719782 811376 698272 714173 699980 725614 695760 767154 701544 738679 766751 807256 736959 707479 746950 740437 741632 700512 740739 726246 776900 749050 753025 804473 790786 723551 751782 702948 740969 745918 752646 733507 751062 754282 766166 727902 736297 734783 774048 747489 724581 722307 751712 747398 737117 766219 791340 757582 738407 702780 723647 732670 750967 708211 764489 729929 828281 707324 723310 735695 684122 715438 736720 803073 719030 722021 758955 717054 686129 742356 731621 780285 750569 722868 727054 727449 762781 753901 745223 752187 735881 788116 709391 739612 780973 768978 754722 752136 703334 741638 740363 778706 759041 720513 707372 716627 779391 728613 701547 705486 740833 723694 729713 699549 716798 687070 791726 719911 761640 769320 764838 752493 757278 702502 715637 762797 771055 724521 736322 738797 730632 782896 742170 758700 718206 673950 745890 714081 728359 764676 788994 777538 738892 741482 769838 687174 733817 749653 762921 730371 756280 752090 766283 740272 754063 722904 768474 811757 740346 685235 746811 747935 766466 
699334 763986 729077 701779 727906 728407 695532 748464 702824 713131 708432 694383 764556 724834 768772 783499 721736 729585 767171 750595 735126 760857 744463 755188 705599 720029 714852 737213 734305 728936 683940 782429 763744 740645 789488 711628 779684 720221 693395 765987 735329 712763 763433 745617 719819 697523 726503 755102 711268 744973 690061 735188 722055 750332 741614 701188 768014 734555 761576 755843 799111 706483 748693 725813 787558 778928 706682 726159 731677 731004 699449 692159 723230 670059 754554 725335 748318 727476 731164 739359 710031 730765 784632 730689 733876 713572 775593 735225 761257 759843 735397 747408 750392 771699 710135 782139 682596 697311 736184 751164 766750 685241 722469 716318 684563 764708 732447 795005 766949 771469 760739 729927 761272 747278 709029 730930 745877 733815 758132 763986 697032 719458 737045 728262 799805 765028 760961 723917 734129 732077 687124 744061 701073 708611 784491 730279 767989 765135 754078 716649 739989 730293 790492 730272 776186 768574 746064 747668 790380 726147 713596 711681 742497 690453 752012 736704 734828 745713 810409 731898 686523 727622 769647 705199 755458 733880 728001 777064 756572 736065 783604 774284 685081 704792 708645 722797 726071 705451 716593 756140 750781 760043 744046 743092 705615 780625 738098 745731 706023 732725 730501 742287 733772 763777 752759 731925 702666 724692 716879 743273 727410 761658 755099 793791 712088 734531 763283 671426 698921 744916 786935 726929 716138 780885 705459 720483 715821 728342 778037 744394 759504 737224 733975 765334 748794 771273 735720 744108 768327 715746 749885 781804 720872 740509 741821 718906 730328 743622 769804 777539 779751 690687 713146 787974 709576 731849 723103 727464 742599 733915 703852 734727 698182 790244 698838 716036 755207 731056 737648 765479 723735 696770 755373 768987 757319 763405 737829 736644 747551 739647 764067 730897 702099 754184 731510 727868 758653 751930 719630 773269 714384 772338 727335 733980 757628 774776 788459 779723 767780 773696 720572 721613 714073 753368 778520 732834 695960 745856 749461 750995 
657237 732052 686701 680736 717850 703282 684574 745426 709039 688951 717960 709845 759257 713479 749442 763860 713359 708103 750757 695406 708877 754261 722419 725843 676508 730446 685279 744735 730308 704155 643372 697109 700608 708904 736877 741167 742144 695292 691175 714762 703426 694708 701356 696170 711686 691322 681750 732263 693718 682496 702786 706511 689195 736202 741066 653109 706055 688753 728321 734075 733797 708055 720629 707138 750229 733221 652536 715610 688145 720286 664715 712034 751001 651193 714425 724288 706914 704488 735055 696767 706809 704719 751964 681496 712993 695671 782214 692007 719746 700115 739094 719858 723769 734048 706628 776788 699270 677175 724531 712215 727194 707233 708455 674714 746241 770628 733692 740342 768638 750197 718964 699622 738446 706548 699464 699003 724037 745280 719472 721386 713206 682981 741406 698583 769985 713285 718295 685937 701560 683222 698254 738747 690497 702239 747927 680825 722263 744117 722216 704203 718810 699392 783201 683841 766634 721179 690987 719842 775550 725651 708004 697676 721623 687084 717592 688879 718891 731692 761670 728318 673800 734860 725295 676139 696184 721245 742190 774885 728449 730076 763450 768666 671106 708224 707747 717290 712603 701275 753451 719906 737732 709995 714456 731964 705389 752789 711620 734159 673278 730657 708364 719013 729865 737243 729607 707428 677891 694873 696650 727702 685600 783859 698224 767014 669311 725964 726654 688304 730516 716825 767364 712542 712057 743438 692861 695774 706445 729382 746351 705451 734324 709324 738223 709333 718528 742168 723141 711004 754121 708083 701797 755050 754214 731284 705795 672544 727065 722402 750379 747031 736200 680991 686373 765185 692743 708699 705904 683599 718823 717729 700503 703343 662289 740753 700149 702088 750245 702606 725312 758157 687473 699296 696925 734689 749731 724225 748583 690454 724776 681951 719704 693872 662946 746517 726665 708020 695691 705194 698982 722237 718067 776787 640514 697105 757804 746063 734253 703717 695133 688824 690656 709950 737420 726595 759571 698320 698762 759942 707297 708576 
696687 794564 734391 713805 754057 710928 683346 764819 734953 719388 728817 730760 788435 754814 794775 807573 754215 736274 779525 731151 780685 767245 786477 756342 729714 733097 737574 737705 764533 739239 699075 788095 750766 764435 821302 744493 803052 756027 710909 789185 761327 713308 778863 787161 764066 719510 738494 766944 682776 726477 700064 763070 745028 782202 771979 713845 765027 728330 779538 785505 747227 760362 766913 750158 817468 830910 722040 733093 721911 721429 699934 726194 754477 693662 790666 751889 781376 746886 757022 748239 728276 740531 810820 742382 753093 739020 812345 739508 771158 740954 764889 753332 803842 772841 710662 803403 713711 695050 751431 787679 755508 751231 757990 724872 723062 794019 743612 793443 813080 766663 757817 723751 779054 734737 724007 742317 763999 742228 780051 780703 752607 713532 770534 759567 810618 780773 772877 729858 723692 736092 693208 755581 729028 718029 788007 756987 779769 774335 760741 732844 746464 717559 841690 744571 772386 756332 746504 756770 843477 720696 741106 684100 751675 728102 763173 729746 724218 756474 789321 746552 737222 753784 745200 715823 740198 765507 733312 776371 745706 774138 784066 783253 700909 761203 723343 738260 749100 743612 725328 752007 781458 779599 757963 763793 728521 799582 766184 754251 702598 760936 754940 779009 766088 789225 763882 783775 734882 743377 725652 773238 739984 802851 766722 808940 713208 771720 766763 682147 702130 750447 816047 740473 715230 812567 737426 716515 738815 752343 757714 744184 740929 754000 763955 753438 771208 766998 737107 756922 804975 737951 748127 814198 771554 756716 768812 685210 787818 774526 801853 773285 765210 714277 694860 782311 738489 729674 760421 764698 704043 722027 727759 726563 734201 800364 708216 750764 778350 741977 773928 790546 730536 730720 761041 799218 763796 760509 763030 774208 791937 750736 738106 737360 703298 789217 755424 731285 758998 746559 743863 754269 708822 767982 718375 717395 767862 789299 757135 751153 799386 761020 733885 752720 730966 762884 866255 752901 695820 783252 773664 757455 
782527 832861 768742 761708 784618 761466 754277 790120 778403 797945 778752 749140 833179 798055 831955 843592 778556 755102 806799 790734 796062 829898 810226 835667 773027 772752 765679 789327 804706 785719 716934 813711 792537 803544 839967 783006 800487 795627 764232 828924 798549 744604 816857 805853 777525 750156 811271 768779 739199 755650 781998 748275 777580 792117 804249 774382 781785 767642 824787 803250 808810 774038 791750 788026 840839 831616 773878 781032 770696 761099 754340 759224 802821 754768 829942 796145 813452 769618 808615 799313 762563 763663 798617 778593 783618 764886 857661 793410 800946 792871 794784 797942 796296 794439 779158 834302 788085 742049 801800 805151 855702 743013 768383 752004 798202 825202 794019 822863 837309 821629 783381 777563 814033 785881 792275 773169 811482 784884 831272 805836 788610 778227 785756 781212 844507 811623 802447 751162 771208 803912 770757 824240 760348 764748 810434 791497 800750 807877 781884 766293 786108 779497 845172 764459 846639 827993 805125 791134 840563 756334 769889 724183 772848 733055 810977 787834 794559 795846 837392 805409 777464 793219 797859 768421 794386 798712 776820 853091 792046 826555 833228 831654 740721 802075 792061 811261 794733 764030 784946 805308 842830 814292 808499 789254 783855 847964 758219 776416 771816 819431 768315 765974 805647 829732 822188 797146 762392 798085 784400 817995 779626 856067 792425 881096 732245 812994 793617 770473 744933 796355 828177 779540 777382 832144 782706 727035 779457 776049 807526 784245 805334 808116 806697 825650 798273 811709 814124 796282 846202 768464 783709 842528 805768 815534 814623 748557 800617 810297 844456 832839 808838 743761 771806 869601 798370 807215 794292 777384 797357 777526 765501 786655 769867 850136 767884 803396 810917 788502 809100 846176 777806 774439 802572 852773 783373 822977 790709 800092 809564 799594 803605 795034 728584 813732 781428 787614 782194 785669 799038 813426 737733 814381 750709 802700 806719 830917 840103 798344 808104 811337 761446 768852 783360 809917 847397 778916 758288 823062 817783 810858 
658902 729646 685203 641735 685617 691711 682903 694013 684856 659139 712059 697446 737718 715919 729348 771011 684737 707554 712050 711709 716179 711256 700472 705965 673429 709221 689019 719491 684981 676992 659131 725309 728279 722694 758893 689865 734172 711839 689329 712023 700908 666019 717516 725098 702618 677722 701213 729485 685793 688935 677341 711476 725992 703496 722970 705302 700770 673738 689032 713810 738761 658589 692212 688339 773455 734348 643566 709732 690287 667130 636483 716016 699527 634719 724224 707801 712909 654134 693592 701268 687893 686904 710740 706592 732704 683947 760157 718841 700360 733176 716769 725738 726714 722204 665698 759147 708744 649945 710219 718976 741728 690738 684804 663504 678176 741564 709304 740750 749535 720216 686394 685667 733664 694807 664882 691806 694083 731924 741277 736515 734504 671513 722743 712468 756441 727010 722643 687787 679357 729736 690398 731830 661110 668762 733910 662267 713382 743941 709067 697964 722828 676579 767812 677254 748737 702212 693858 696634 744354 706623 666133 659905 705222 685006 717174 712640 712293 696183 753019 702327 657385 719840 690954 688206 676883 690508 694048 731404 701542 739903 771695 751369 680452 672907 669637 701101 702065 688908 678148 725666 704559 717190 698053 693847 683469 755445 718595 689315 692494 730791 698435 723211 702030 740938 706293 691299 697590 713877 696415 725295 669463 733972 711062 766087 673046 714396 716046 659447 687016 689095 741639 723758 691271 739023 671299 661701 690626 667708 723138 705939 691806 711552 716004 727092 728584 705806 709449 691899 719156 668943 715768 733645 743408 701238 699088 676162 719630 714537 754537 722407 717170 673031 659553 757527 695679 688557 696621 695522 689952 680426 668590 680535 684943 754533 670391 725395 728213 699346 739862 711512 661558 692996 729483 752331 725897 718383 683481 696758 770517 700308 689391 682681 680365 730458 685027 684280 734557 714810 721321 704635 679501 695450 663863 674361 742909 734430 713027 720941 718840 704193 673108 709476 733472 726449 764729 729164 660679 706105 710992 697822 
675165 777726 739827 713051 724133 705521 712962 735111 728485 735424 754973 706268 799402 727010 795540 816820 760516 725107 761674 753889 743251 772161 805527 731880 725437 737923 716297 736824 736110 715113 699677 795599 732738 759585 780119 753253 803607 747945 733028 764939 721776 718757 758510 783240 726673 733716 732849 770204 710709 729007 683737 749767 750269 728100 740090 706285 772537 733143 772826 766765 763136 731968 755871 747454 824112 774137 690633 728486 720724 729753 673006 752065 740087 666827 782850 772439 776693 733742 766109 709686 741944 737572 773775 769483 736242 744042 817243 731873 760536 763379 766435 764971 749145 757306 753772 806645 752294 717977 777820 772046 778435 696085 722974 718714 725044 775915 787413 796543 798552 793170 736673 721612 745341 755196 707671 749706 769604 770698 769953 768389 747740 727097 753313 754489 815936 761218 759682 698577 731694 728935 744962 729359 711510 700359 778969 770436 786357 763161 768836 732061 741696 709133 825361 740235 761172 738707 747935 742222 807065 733783 730517 688844 741530 719122 732303 736776 752861 760780 778837 723753 708277 739711 749170 704313 721345 803012 755514 768015 742469 764714 798938 762793 743392 744082 726458 759340 762973 720266 758881 765920 743791 764302 760081 754722 718798 798607 735004 723117 722814 781529 741531 744412 755105 759452 732710 751056 727667 759079 706429 763959 737683 809936 754551 801218 696062 743815 762330 719376 703311 732870 775346 721970 735793 763795 756642 714055 734839 740205 761510 742375 750216 733780 751867 744688 764741 743344 764976 742689 802214 765381 757136 791860 756703 730874 752907 713769 781027 728818 777287 787250 762597 707641 705693 789063 743612 716235 755047 732267 726876 729209 692115 720378 715063 775345 681490 755262 775991 751321 733202 813960 708626 743291 750176 807960 790542 788167 745971 767827 781001 742625 777858 722781 677563 779899 743047 735451 757709 778443 727420 762382 726303 774490 723352 742793 771789 796428 767284 753944 770644 738747 736726 754424 751872 741422 816046 737065 715730 779088 721605 755918 
669554 748962 716475 672028 709281 706019 725626 714619 724074 714214 734883 716366 776601 741120 751885 811192 734414 707640 758626 727369 702918 747697 751878 739136 694149 716508 709843 739584 728214 703261 657994 758491 730693 737901 759714 755916 767962 676029 715686 741860 723402 690361 753568 728488 701329 734796 727381 742172 737088 686040 702062 761176 748117 753931 751634 696782 731444 695146 741268 712550 769636 710493 721310 713284 759713 769332 690909 684650 703626 723757 670651 700200 737208 682650 766918 714740 719948 675515 731605 709140 719742 707152 764339 703786 721683 717697 781191 723393 755482 731419 736449 729959 744548 747549 731686 802047 731953 708443 752154 760894 775570 682365 709579 682771 691653 749832 747235 751562 775696 769415 737470 709065 736030 735356 705162 716578 712180 750534 768198 746239 731966 723007 731360 719697 813049 743364 761201 709016 724447 724848 690202 740013 681732 691259 748490 727799 757441 749974 759401 720174 719997 708149 789013 698997 774382 727029 720669 684365 800203 706471 703078 661639 719355 681890 739695 706246 737559 748678 768559 701807 710392 757748 770509 698944 707226 735438 723574 780092 755270 753157 772361 764272 711612 735447 749094 702870 724226 699948 717141 750126 753262 757835 725954 730706 695904 771612 709924 724612 710167 739756 705369 752127 718993 747055 741933 718579 701340 730935 704647 748801 683545 777154 734089 807664 708537 721137 754352 700580 722755 732227 787939 705393 697053 754215 706546 693970 712780 697950 747802 733656 746042 738161 732912 721345 739224 725624 733557 711357 797285 714508 724689 785369 726228 736803 713436 694825 737512 712278 761043 747967 767287 694909 684511 766076 720600 716734 710349 717176 731229 711852 702760 691711 691221 786214 682736 720317 753928 728301 746823 748049 699235 697942 757587 784899 763923 758771 738975 738869 770575 748497 714440 719200 686782 760590 709587 732086 749270 745668 752606 742071 675334 743378 664591 726061 758830 732985 758470 744812 730061 732012 702057 713507 745146 748990 769214 739500 703840 736865 733431 711155 
722699 786183 745523 725744 740868 722360 708087 736448 716880 717527 762590 718572 802323 755950 786655 802797 746303 745651 779069 753722 744439 764682 788929 758197 756246 726780 734301 759424 781481 742327 694819 779165 759426 761183 769980 750816 783687 760147 731004 798904 743726 720246 813289 775335 780281 743415 751652 783020 732657 738963 731750 742073 782137 768367 757587 737532 772438 751696 781108 760615 801268 745148 757167 757932 813641 817177 726079 741055 708000 745202 723042 730495 802089 686754 783286 727835 769736 693885 744457 753984 737855 733732 788189 769006 762258 732100 799731 765671 776604 756273 767849 759788 782011 789609 775841 821322 717068 717701 764675 783489 794937 721646 751310 728686 749632 803889 775126 797253 785771 772383 771525 726468 772918 783251 734797 724407 789520 767353 783831 787946 787831 743017 778658 754689 816882 799423 781127 731943 745246 776718 745350 774586 724228 734316 802240 738059 764103 772243 756211 764125 749352 722227 783200 715574 785106 760103 760527 733408 836476 770073 722095 685014 761996 737352 747272 773004 768578 760707 810402 739132 731117 761700 758864 757100 725304 762914 767877 797144 771966 771681 799613 817717 729230 753564 723360 755343 761523 742228 758872 744088 781997 805718 735133 763831 740890 787298 744526 762756 750533 758962 723640 763198 744086 779849 757407 740620 754448 772178 751982 771041 721049 814397 741401 823947 719414 772035 760049 704114 714439 748280 822359 756368 731571 783877 733209 701194 744074 740605 762262 732774 771683 743462 777771 761460 763629 731332 768569 747762 774579 754655 771836 794443 781837 760162 739435 704427 780855 763158 791686 770648 789428 731403 742497 769627 777726 769317 777861 717242 723493 739854 719843 743526 735382 813429 698095 764568 778032 759355 772642 781128 717232 731232 749735 789646 765988 777858 763351 755497 807147 742584 754312 751642 742748 761403 734783 737303 788954 776560 763601 761043 741651 770164 706822 738152 762469 774851 763513 750875 776663 775148 727663 757614 765207 784983 837259 746465 717251 763177 773207 758454 
699835 746919 731861 689602 712066 767250 715913 731192 732604 711677 744844 710281 786266 746730 806054 824612 761917 701309 767910 763767 751166 789375 754813 765000 719689 739339 726907 746926 765259 744372 686601 788753 769700 744169 811412 746919 780027 752392 746944 771849 744111 704845 758598 781027 756513 728035 748921 769887 724135 722297 714047 750750 740585 735854 773417 739977 755233 727635 765083 740993 743431 725900 754035 762116 827159 777790 713857 728070 747002 743956 701856 720783 751405 671810 766638 781486 753113 696625 740387 735784 737548 719561 797579 748622 722073 719995 808494 740275 782560 776555 754972 752680 743352 762620 736833 783452 747283 702904 758547 777055 778676 725591 739269 718211 726922 787467 755433 783634 812955 794159 752006 722744 746379 769220 736715 742567 750748 754916 776182 770130 756427 711554 758645 766961 805206 812900 789250 724807 794698 754197 726542 761659 709001 754606 767239 747538 767389 764540 757906 713685 738172 721637 836087 739059 771551 790650 745082 761899 795933 713937 723863 714795 700913 682827 745491 734492 760161 736646 775442 729601 727651 731531 732269 744647 747200 743748 734739 815627 761257 765646 795974 790095 739159 730339 739348 761881 744316 727282 725310 772728 788967 769499 777888 752211 721425 783643 735489 749944 706891 764382 734302 750982 784811 764094 768188 776497 702548 739286 749146 777987 736425 803472 759363 808430 713186 734281 752777 698045 734677 740285 815236 750566 707683 776966 728749 713530 754675 752190 774993 761409 749047 748157 748490 750619 745840 766062 779112 718203 812252 733811 767141 804368 789233 751206 761923 718927 745523 737918 790246 779181 801151 730751 733097 782880 789053 723658 740336 729780 741178 719491 720689 723789 747338 792906 724699 742007 787939 733023 767917 750171 736569 696189 767757 842095 781838 770229 757383 760854 795148 754297 757265 705959 692712 762881 712436 739028 761552 751911 759314 767572 724640 775429 721431 732584 770534 776910 764611 764424 755341 760255 717315 727533 771329 769519 801187 744053 701556 782758 745166 728309 
701438 737345 704136 705471 708978 720333 728316 704981 722080 730525 752495 700141 765590 738596 764302 816764 756792 720933 750038 728410 756023 761630 750298 743960 714888 720231 723957 747259 746804 731539 671636 773619 764527 747915 770722 733275 771671 771699 729108 760060 723807 734802 758933 767533 718246 724426 752011 754903 688775 737665 695267 720939 734842 743145 756145 715290 765930 737549 764700 748079 740123 728575 746703 752520 815189 780265 728376 759119 730496 740621 701896 699933 762387 685123 803594 743934 753678 730616 778282 726943 738704 737251 773354 730611 726209 722541 781925 750614 754141 777377 752111 738473 766871 780675 727800 775804 714881 708046 748072 754942 794381 703404 722247 694106 746499 758487 732145 782292 768830 786582 739377 711897 740433 754341 730262 727456 738853 756280 769631 763317 751041 727395 751041 733202 800582 787680 763796 707997 734792 737892 746616 775826 690227 739528 771289 738065 754242 750204 736862 732383 757196 729634 804573 714954 777282 749625 734013 725248 832448 712484 709261 708505 727860 676415 758563 768331 745216 730776 764025 747467 703697 741168 760391 730132 734815 735810 748551 787144 740037 772022 808354 780112 706692 725957 702947 736755 753053 730214 718795 759031 777579 772153 748904 742184 756346 786220 730914 727612 701654 760030 722401 743499 742094 735120 737366 749860 722737 728642 709385 751792 727783 753806 751627 797581 712694 725856 742258 730682 706818 738654 778682 732149 696605 828398 714498 722794 729944 741484 772522 728377 749377 740195 717559 758040 729958 774194 775961 742902 771565 709921 753632 793626 766663 764968 755932 703236 742764 735436 775794 765304 761412 743803 736723 767520 734891 722203 727515 740578 720751 750286 715248 735077 719866 764138 706383 716157 783773 754515 750421 771465 701609 734505 717177 774360 761248 777757 767327 747738 791602 731838 718778 747771 702781 764678 721957 744695 732563 769952 747727 738606 719109 794419 715544 725001 759795 765798 746759 745957 754278 754381 722396 731434 731888 769156 811164 722723 703580 772261 754524 715002 
719995 781430 740335 709922 754686 727076 690787 762258 704052 742935 757273 753153 773455 745533 784308 824297 765271 735965 771529 747154 761124 764640 765495 772381 720491 742388 718700 748363 755173 722920 697316 797123 747041 747845 823268 759238 797216 728423 733195 760040 734734 703264 769106 758672 724174 753727 759406 760106 724712 738279 712241 732579 727875 759701 744118 746786 759387 740883 774334 774167 746189 725499 752419 748683 799706 779823 715174 741710 734801 732307 699179 733541 769974 667917 799279 742210 758912 734258 778715 764283 721964 732988 788003 744878 728498 725098 784342 728165 765915 754442 762999 757669 779485 780496 734414 810381 731558 732871 765077 778335 764941 727681 757142 694634 729362 789465 760077 800587 793626 784918 756806 724158 746720 736914 744133 740526 734556 767788 778836 783208 731410 728535 751323 739256 795404 785490 785229 722973 754002 755136 698670 764191 704262 729276 783796 754087 777978 793243 758359 726239 756615 729154 798672 723185 760539 764006 716687 754499 819543 710238 737346 704866 758713 716486 767893 737767 748559 759288 795827 766899 734171 753707 781814 736618 728183 779902 724557 796832 750531 740274 789660 800332 695423 758718 730072 740521 763697 722283 726278 763736 764254 778377 775031 762378 730582 775219 721791 734117 703114 769660 725984 751473 760260 783543 747873 754684 728889 729813 741327 758936 746867 788051 733933 805367 715854 748052 735299 692542 749235 729622 797596 738468 710696 803014 753791 694465 727049 745076 800991 722996 755836 733425 758620 764933 764619 762720 754784 757344 785791 716931 765038 806418 770997 748361 764755 735761 779882 739729 771570 771402 770367 726749 742129 820727 731289 731599 720185 726214 729861 699335 730731 742486 700615 782350 718114 752445 774299 744426 764002 756341 738987 713016 755127 776488 769237 789974 749074 761010 805878 781225 775352 716678 683515 753397 751867 734014 740220 753992 733693 744097 737979 785510 726608 761283 765761 776655 730509 775976 752275 757766 722707 734441 746105 773260 813163 757932 719231 779025 772228 788035 
695437 734101 704510 706420 704268 708476 700410 722781 724678 710972 732942 697076 781454 722087 784454 797487 727225 705940 749337 754176 729881 743552 760044 749989 719080 734493 721731 731221 748362 729495 665608 752073 748815 769050 782325 741181 790021 745194 716868 731039 717858 709980 778785 768715 715064 727597 727125 748146 715623 707721 715820 762298 756370 750693 769846 719003 774327 731031 759688 766605 765704 747669 742650 750118 787327 761548 708261 723688 732101 721440 673265 704892 749233 669324 771074 775410 730336 752383 729191 714392 714737 698694 751258 719176 708587 719935 802067 714463 722653 759387 751480 748976 755873 742921 728836 762598 720675 705130 733003 762080 766181 691932 737039 695746 741784 760630 716401 780631 772957 769864 716688 718924 755585 708557 714898 721557 754176 778387 761848 765385 720407 694248 729918 716241 777873 774304 764760 703067 716925 734799 726032 753621 713897 700576 772288 739238 734841 777693 773571 707723 743687 722685 803327 725014 789262 727101 747273 739743 790568 709595 720398 697693 747693 698617 758793 712391 757491 724872 800893 739338 730133 756151 732663 723816 699204 759977 735590 770922 770451 782617 771606 772635 713993 778313 702137 734950 718496 714576 713125 733701 810507 776290 763517 798930 708166 788137 698743 758208 719489 728706 732520 745589 729779 747460 777502 741318 676584 714206 719988 763365 695620 789095 741183 810728 695026 739446 749363 667510 693864 737775 792567 717089 731894 798589 722221 700297 697188 737836 735586 723523 727349 742405 776013 740284 733152 767955 767319 728491 774208 717899 740327 793202 751722 735741 733369 708423 721230 758931 784089 758138 768672 703157 696397 746402 734976 699882 727262 718047 737918 723471 690425 717745 713791 786189 696736 735983 766596 772310 729264 791410 699519 699926 734709 794020 774978 741166 748168 760173 758847 735642 746551 712379 692562 786199 740956 731919 734843 764799 749417 772962 718815 751966 719023 743563 770214 768096 756615 742644 761221 730587 730365 763756 747922 739573 768843 770012 715656 767268 765297 715257 
670969 731859 710489 697306 742524 734609 687976 736678 680003 713532 723774 712228 758879 703498 758734 750653 731673 701352 736335 741126 698778 766776 744302 727669 696222 730076 725479 716923 717481 713409 663081 740719 697213 759010 764245 703549 769425 725465 712880 763333 699801 695977 767883 774553 715809 714534 707217 756131 685660 718040 693354 728461 729480 773211 731705 739284 754247 700775 735626 770990 731986 716477 724398 732960 798460 788729 685203 706843 730295 716729 683230 707510 738296 692055 736538 719208 731358 705794 719700 705820 744292 690437 748919 714244 710727 703951 768934 694049 743464 743512 740971 744428 773873 735757 700864 801085 701855 675592 744238 778004 732219 711694 705331 698365 719810 773993 735860 732591 776249 766899 727617 708116 744183 735005 713052 728698 724826 710198 768065 734053 745517 700189 700942 738171 785006 760379 741235 724522 724266 706409 703424 731006 672620 691232 781104 728894 778845 738758 737772 713152 746447 717001 774642 707657 763352 739633 739195 723170 796222 695842 730251 683457 713481 660612 752566 717436 743350 725718 750398 739729 719476 736754 739593 717128 712650 739323 709620 781833 743859 791645 762419 790058 699280 707957 696176 731562 710652 726913 713138 727970 773017 742304 735868 751381 696464 744042 750192 752391 680270 710388 735902 717766 739977 759135 749494 776523 693810 716168 696805 729527 683722 802271 733942 767772 694814 745133 701163 716022 697017 691192 777046 684986 727889 764333 728702 684830 709294 722986 722323 707802 716515 703578 738342 737713 730523 737988 749414 712468 740356 683238 738854 769518 762408 719186 723531 708390 758028 733214 775227 751461 776535 699116 716431 752654 716872 741255 707748 722675 708495 707709 695763 728993 721014 756309 692144 718716 753014 711180 739931 741246 691636 689200 727937 809698 736591 744309 715404 749027 766749 712261 745099 708286 680490 757108 705286 709955 722810 768700 720346 728967 698071 746427 687389 695281 763138 741315 740549 728465 738231 746140 710283 731466 712871 731111 797609 744953 674824 751525 721053 723943 
670998 775674 731807 691151 736360 728190 699065 764765 752445 730505 738774 681815 771449 752229 782594 804930 746671 747861 763434 745603 745249 780788 744973 742043 725916 738401 726389 757337 746760 767780 699528 762147 758578 759824 799843 756233 769714 769502 709328 791184 721752 723761 762818 768924 754527 720914 759483 753738 700939 746623 734379 746980 757343 781878 764572 722882 766015 701874 767311 776596 775145 742123 751898 759295 804678 768704 697801 743721 726679 771153 696840 721330 750265 687632 791180 758601 751310 733423 783940 731073 742551 746546 792485 736759 743869 715200 800098 740669 781876 760067 773239 744237 744921 766717 751194 798150 730626 701344 751668 778628 744886 711197 747424 695147 717058 784368 772133 793805 799003 792552 727287 726635 762024 735946 702281 727095 759666 759816 779673 750724 738836 720479 748937 749197 790821 791362 787212 738567 751494 771659 718650 778016 734909 728678 783435 758284 794671 764594 753198 760233 769178 745976 805464 741855 788192 775227 733697 803667 816436 708586 719791 707334 726683 703233 763791 748556 777904 753792 799120 758407 724991 751852 745129 713631 746984 767526 760349 785013 765951 770626 814942 790924 683018 743656 739204 733425 746065 737537 747667 776360 774757 776549 756082 753343 728433 774198 728383 733862 726251 749012 726943 768921 752241 780137 761171 745529 713645 746754 714295 767264 724027 806555 744624 828384 709806 728074 767352 743925 736018 741345 805370 736240 735147 796967 741519 724602 766263 746946 773943 712009 753328 769001 755315 776945 763447 754520 789943 757317 792527 733972 751572 812213 773199 736738 763286 716148 748030 724561 804154 779423 758680 720761 755822 783349 755273 751344 722302 762428 740666 733212 721037 737360 717847 797918 705854 778195 776607 731773 771006 771597 735155 742507 754881 802295 762044 789534 742712 772994 784163 783918 756583 722738 711447 779639 764677 725971 764446 787521 760973 725162 743042 783103 683747 743170 769098 774555 779048 762981 753065 735756 704138 733030 746929 789210 813103 757864 711210 753674 768634 773363 
731363 804645 739258 735011 759095 765539 741134 769746 751535 760768 768551 731790 823045 792235 794963 838386 769904 750647 782110 771572 744616 800000 768792 782245 736321 779027 746544 793807 758950 756239 725958 790077 775573 798571 818928 797456 816033 777551 763026 768225 779702 733490 780303 777380 762924 749155 788233 790797 778271 742519 748849 799690 744388 800031 775928 740652 774641 765511 803739 795302 821429 771369 791798 762035 830569 818899 723820 763104 741176 779749 719283 747382 769006 718020 813384 780821 791350 740168 754767 718505 774608 741041 815850 761328 739102 756098 819791 751761 781848 790526 769255 790387 779505 802374 778527 837223 766201 715520 781912 798950 820495 763185 785626 727777 768905 830253 775500 784356 824899 804758 787347 732584 793612 755101 768365 741069 797579 769755 815015 789611 776466 756991 793653 782386 846142 820220 814978 752386 784607 780470 761237 791820 731685 748786 800909 789300 812575 790986 775777 764479 795806 756437 808721 760529 815784 788342 734832 779269 844705 740823 733343 727698 795226 723548 816627 785086 771137 781283 829562 764961 744859 779935 778291 739429 749318 764067 761844 844549 790816 799321 813178 790755 749921 781858 757800 746662 762216 755904 763087 784748 794290 796490 795901 803183 758312 805155 755855 770933 745362 790445 769174 778978 788398 822002 782055 802967 747270 752697 767137 790706 739774 827814 794867 845561 740799 770966 779540 721696 740799 776923 851283 767561 748884 794512 738183 751657 763933 773354 790980 753293 789716 765453 762643 772708 765855 793361 787148 795801 819592 740572 799464 827255 788136 784321 804252 737886 778323 766713 790796 795829 783861 763471 774185 824794 767178 760611 773742 776355 768087 765002 740096 754948 738455 805126 732566 769256 828697 779279 815662 822429 763913 744224 763294 830506 779425 814311 797106 795523 806942 808727 763922 747826 730882 800240 772233 762543 794101 798661 784144 809018 738811 800067 747426 772925 812783 785182 779917 802156 790640 775831 784272 761862 759399 807169 844859 776906 742315 789487 790925 778894 
682611 716608 689409 690554 680868 671814 663066 734736 697385 687267 724256 684072 733238 716005 738410 757060 730874 694624 737485 730029 725404 763930 726682 724099 696642 732326 703754 727199 722110 703176 697296 711898 732237 740331 759073 724420 772467 733628 709974 730610 739715 727436 744027 735880 720308 729161 697656 720853 718868 688591 726156 695030 713328 743459 727059 705829 734140 709110 713506 744076 760651 742447 726520 687058 761340 774509 672682 710953 700337 720296 677965 725873 726731 656273 704540 723795 719150 717106 732793 717002 727925 705554 747804 732284 700046 725409 787839 711727 742859 733830 738647 737407 721629 733868 694546 784982 697391 667062 728659 763760 743511 707287 683544 677954 713873 782948 748967 757298 775924 765615 717218 702732 714496 703849 712574 706151 732157 733551 735087 732292 739914 679232 732482 742848 781845 756377 744842 683706 723376 729386 703067 744152 680541 736108 748946 718260 719030 746869 727530 709056 747012 707339 791054 713562 780315 713093 710751 708986 817908 695379 725829 672702 716551 703737 736753 680687 740219 727626 753217 733418 702875 745602 747991 699901 723684 720778 730565 766180 736909 722540 777294 766148 684549 715097 703575 685948 717767 713417 709272 735453 741525 743240 730545 725076 726020 780155 722618 743062 703904 732461 713147 735090 711747 770622 716805 722495 698821 717335 692980 707415 679568 765650 709391 777956 680785 723090 753915 719062 734607 728302 754568 719400 707733 776361 667185 705755 712705 720410 739170 709782 724679 744663 714124 754950 736888 742788 760879 715853 776504 696707 727104 759228 757303 719188 711494 702638 721883 740244 786720 752680 733590 724958 707736 760935 721873 691435 725848 714122 739942 683343 698560 721544 699513 761394 689255 707815 766256 712609 756965 741221 714135 703949 741067 771394 717634 715223 714946 726693 743048 736162 729103 696699 669978 763020 707105 685561 746540 727774 725224 720281 675973 752276 663895 719115 759148 767736 727408 714268 721697 742618 713865 722788 705811 771557 799665 719498 708781 726303 709859 734140 
688705 757618 730232 698241 727972 756473 720511 725701 715391 738853 739023 719085 780511 747959 778023 821574 742968 729469 792923 772494 767535 787942 765767 752497 723696 746480 724004 758744 746986 744622 687042 786483 753184 754302 802977 735557 789569 734006 745604 778881 758078 747807 781483 774822 731233 720179 758248 775733 715984 748409 719436 741690 758663 792887 779099 738491 759270 733192 769149 784228 767361 711291 752472 746227 801823 808658 704718 752253 743350 742325 709802 730064 767578 686590 777416 731709 766947 752054 757253 742879 734470 738954 781192 730971 745189 719164 824103 755672 758812 740210 761522 766377 755150 775971 738341 792382 722374 714649 789380 753580 801248 721591 727594 697592 763735 802547 781423 810848 773426 749648 764232 713483 755643 756066 727383 734926 753188 764027 788452 795064 769760 747336 738941 742556 814016 798808 768248 747287 738050 743167 733730 764298 717564 715295 773467 767441 772668 786952 748814 750014 760252 745451 836584 736832 797656 798451 774500 765653 822027 711367 745004 707073 739188 708046 753794 729057 746338 764094 793560 753660 732805 743940 757456 731204 750881 762309 744951 812458 759770 782427 799855 796886 753931 723906 743387 730099 753886 723752 728839 785699 795123 780868 755128 760141 747375 787564 745341 747371 729888 770855 748619 764317 750619 792044 757818 782291 717289 733778 759563 786530 735294 805884 730679 825144 738133 753052 777234 729849 742435 785638 805193 737468 737214 796147 752851 693127 740224 752818 789256 739152 779615 740210 765209 766725 767654 739873 777947 751732 799843 742177 746165 797218 768313 745516 748529 719829 747797 750067 811195 804849 781132 707564 708018 796415 776684 736207 767527 753154 731179 725108 729028 731092 709948 806987 691180 757973 783265 768278 776260 782035 711527 720082 765670 803754 751408 783911 770367 755540 795088 737661 783899 719796 705908 793951 728668 723072 776128 771894 767943 773185 744140 800113 715770 732763 798593 796248 756501 772267 756504 776791 722284 741566 755838 756408 824701 738533 702094 789486 776165 767297 
747104 797785 781391 773309 775821 780922 750265 807942 770929 785818 781700 789309 854746 827337 825848 864287 804605 769949 824862 805065 799198 822174 818628 816486 777320 823881 767990 809610 810480 775340 745358 826581 807485 793125 813464 803082 834797 799601 777207 815132 811792 781008 832041 820354 812889 791347 803004 804173 808959 784730 770257 819733 803305 850706 811898 780881 811950 782001 835538 809560 818620 819207 824854 782238 853306 831252 757792 812713 796520 798702 772450 789448 820183 751371 823433 787858 813816 779691 839071 784502 780778 737131 849245 818880 790459 776363 872240 793401 816171 808405 807300 802502 797422 814809 830150 873929 777469 743935 804810 842668 847635 767936 783414 776745 777554 844532 814728 831133 832479 844472 827571 778018 797976 802474 779450 774656 802620 811633 813475 827749 839280 777545 832372 819734 856837 844604 809956 803664 804811 792651 759221 822258 781686 775547 866799 773454 824673 796182 816681 800601 825574 816254 852664 798356 849239 864073 815112 788614 889324 766587 781870 738002 773134 780676 814779 808296 848298 795684 859103 795227 766774 783899 802583 780421 810996 799449 793721 867633 799810 842797 827479 848602 782777 805139 776506 793275 807352 778315 800284 798052 844877 826277 809037 816492 795944 847756 770506 777350 783711 814726 800096 816339 828668 846810 842522 833390 781272 812973 767337 812095 748723 872309 808345 904268 772007 829608 814920 765145 775807 776884 824369 808186 790356 864742 789671 761145 813036 789652 840196 796136 819573 805566 809307 811792 816815 798681 826671 782284 852287 787226 788433 857446 815329 819917 778143 769148 825120 833153 861787 842389 791225 787939 800209 847072 797527 797593 821558 796331 812364 771411 772079 821022 757659 860727 777600 816415 831512 801026 815293 847030 795958 776652 812914 876072 805178 848744 824579 820222 829912 818503 801775 782863 773802 836761 809674 787544 787546 817641 800361 823962 796349 817239 781458 795274 832158 815640 814277 809204 828680 837353 785132 779315 817603 825534 872825 798907 776420 833558 825224 811615 
696003 712461 684112 648956 695619 685270 684877 737312 686667 699235 736526 694025 759346 716529 746457 785250 697510 712798 739239 702108 698988 753241 730847 729615 674672 724761 702107 742417 702503 717800 663275 717441 714642 723501 765732 722626 750025 733584 700139 713035 715329 694510 742648 734742 708877 696277 703563 726201 705551 675318 709349 719803 708754 735684 734731 697061 721403 674642 730148 737261 753684 719929 729365 707077 769654 735892 647425 726098 713146 701411 664587 677998 710044 658080 720610 721530 737744 694843 707743 691126 687664 684530 752007 692119 706444 683248 756082 704951 737038 730689 719063 738161 726283 725920 690408 771172 679831 674029 714503 743890 740349 697270 678421 681810 720575 757780 756053 727529 751507 740986 710641 703614 713990 716549 706384 698505 730084 702117 749197 738438 728278 702784 715757 707685 757966 753661 707882 704682 690581 724117 707368 757753 696995 716563 750526 717084 706537 749035 711497 714479 715568 714142 759328 703743 766772 734800 696582 739027 782532 696683 687573 690527 694075 694222 730262 714000 725615 697719 746628 697780 693337 707065 721785 693315 695741 715971 733296 769655 713773 753394 768748 755837 674822 685136 682639 723293 717926 685431 680351 751518 756644 742473 731650 735027 666435 764869 701475 720618 673857 713141 683691 715494 693547 751182 705081 682253 679106 717029 692839 745955 676818 772726 721168 771041 676592 724513 709862 664838 692303 701249 743825 738135 705655 755371 690997 700696 700657 685597 723051 697950 678188 741197 720772 726154 743454 718046 740522 719142 735867 671793 716411 763107 755223 718117 671735 694294 733621 714781 752257 758272 724502 700423 699617 746238 697789 699323 719000 688016 730687 674255 698118 711451 705937 748196 701721 693809 743689 709409 726599 720403 709775 689876 729415 790594 737269 746630 710244 698305 761770 692128 710593 709170 655432 771876 693300 701908 728717 739949 702204 718856 678459 729872 670556 666541 764270 749070 731150 735370 690057 690070 694535 722812 745272 758143 779216 733887 675777 696392 708633 697369 
709890 757178 726597 706604 733429 714142 729542 748127 720115 727042 735071 722105 761352 736123 790073 797449 719118 699207 779510 754092 741821 782902 741117 755781 739952 735907 715525 761041 741868 726801 674243 777138 723414 743605 775974 755267 771957 775265 716558 751546 720290 725871 735462 775993 722161 730297 736323 758854 701771 696731 715376 742343 749680 748874 754896 695565 778693 704018 758678 759767 754080 724121 753942 749881 789951 759926 714656 721480 701165 745996 691065 711858 771166 680303 757437 770608 729819 726069 758371 713362 707807 709577 777106 762286 751571 723226 796036 723409 739805 764727 755994 770849 767665 763407 737990 788004 753456 720617 756463 774695 757537 709112 748276 699494 731580 795005 769024 773678 794127 762927 750234 730800 738898 738872 729257 745639 755608 743906 755420 756981 730197 718511 759066 739574 798597 782239 751844 719838 717091 733779 722131 771837 683801 706988 766523 719697 769048 740348 786529 728528 746065 715613 800831 739862 793868 749981 748887 730496 817811 723257 725841 703841 757989 703153 751608 758834 754154 759551 785531 724438 727406 762383 749429 735412 725137 745811 733651 822325 753815 755426 800759 783928 695555 728227 747174 726889 757736 719437 727002 769651 758481 736774 776315 783068 717215 790732 749399 744236 729526 764823 707647 751893 755013 771830 733844 757394 711433 737826 713250 755981 714484 798663 776560 813668 713627 762945 761129 709155 732371 727542 791881 750989 712344 771828 740619 719283 723125 743417 728806 749050 736438 738914 749894 744908 749678 782753 777425 747018 787078 727781 751821 803679 770609 753336 745297 699460 750967 754585 792746 739537 753841 719828 723774 800999 729428 712737 734889 721343 761981 715617 713807 740631 723875 787723 694898 756536 777766 745060 750032 766901 707474 721862 732961 777854 773754 762101 736722 757954 764592 740306 737421 714010 690445 773374 736897 745014 756476 769008 761261 773080 702515 762917 720122 736213 784166 769346 758732 737650 749771 760580 705340 731348 761419 777272 791786 754537 733158 750807 727757 762020 
730389 814609 773338 754109 765600 766913 757163 767434 753204 735312 807140 753818 816169 791791 833392 825629 795031 790924 814263 801553 772627 807217 809358 807920 754824 801510 762285 760824 771515 769182 727320 823471 790116 810211 835659 790084 838547 783493 766516 824624 784940 733042 782098 822930 785900 751120 777017 816658 758330 734983 756910 810282 778016 824627 777662 742451 799987 765943 803553 809561 808881 751749 780315 779723 841386 821002 726624 784478 776751 769703 734484 769992 797956 725865 821840 785578 798018 768989 797504 763574 756821 756279 830545 798015 771229 759705 844449 776319 781423 806424 809958 783761 799675 793484 788848 826562 728034 738953 789385 814430 810670 734308 765448 746620 766187 824511 799478 809079 846760 826759 786810 769161 786706 791676 760353 771072 792449 789298 838979 808026 800983 745302 816621 779269 857793 810887 804360 768328 762821 808937 739625 814824 752407 774487 808293 776084 784038 798323 810116 777240 790357 759623 862400 773721 846770 782353 761846 786731 845918 762741 749047 735130 771714 774187 774262 774063 769360 804289 830339 769084 772994 809825 780277 762518 756139 776140 812269 844507 797943 819141 870671 809437 753759 797794 795420 803472 786135 751714 806422 786480 820734 829782 760076 788395 769577 822823 773557 777101 750938 791500 777748 764743 809306 816571 776391 781681 768093 777479 768739 792960 786856 824642 758086 833870 747939 799463 814492 738792 785323 775335 828327 805961 774642 827257 757291 744664 782384 771780 806581 768722 783232 798986 788594 789950 782930 801154 801702 792319 814719 747548 786615 827340 813821 807022 797978 745412 789315 785414 836596 810261 795048 746167 783227 813243 802762 796155 777937 749629 770717 750440 722083 787888 749762 811998 745259 774826 790048 797552 804919 816174 758681 771032 785698 841279 791496 815345 792782 773672 815036 766778 795885 761360 732703 823609 786780 765892 781774 809164 790196 791415 759106 821167 756982 785809 776466 831559 802324 811590 779240 804998 757788 761583 798007 802096 827814 784656 745696 787017 809597 792043 
686556 727227 716050 687674 701451 738173 689061 773341 714668 709321 715875 688805 766938 730032 757855 766023 716019 699177 751582 721722 749093 755838 722676 736391 715483 711286 699609 713247 713920 710843 666673 713120 720929 753398 766278 726315 757141 741889 707263 721843 716481 696735 748961 742357 701106 697815 727032 744964 711946 706006 707407 721686 721677 745989 719826 684996 763660 722905 760734 703049 740169 711896 737506 703878 789713 763679 687262 735094 692485 722519 673646 723484 736836 691904 760998 726397 716103 695213 722178 707988 688596 723434 742033 711291 724096 720374 769550 731300 753814 745992 724851 724379 757270 753005 694864 780274 722716 670344 741067 756796 762923 706485 717993 698821 743486 754161 753193 732306 765398 744706 723101 720055 720549 712797 693921 704287 736691 730353 747527 747596 737582 734782 718591 730442 766901 750122 730818 715025 714733 726560 697627 739553 700336 711663 744186 728544 735770 749010 738112 729578 727792 678982 786449 701894 758682 757078 732891 715519 790241 711233 687149 675097 735644 668373 740940 736519 712550 757666 770847 725266 702735 752304 724105 716853 737901 754132 728489 765699 736286 722854 789078 771467 689576 709359 688499 740278 734910 691195 705063 723576 767079 744704 738536 727919 687860 761083 713823 728525 709336 745462 736378 735483 740815 761519 722875 704849 697319 724503 693057 736663 693637 763205 734612 793446 688185 739320 732407 694599 711003 708181 770958 730533 696571 749545 681827 692076 754475 730032 739249 718356 720599 743138 748047 741507 726910 732065 735434 705938 776191 698292 725841 762651 750918 738696 732259 725751 738607 745123 768022 755434 719240 710220 712666 767058 725289 698585 720764 694034 717446 733436 702789 713520 693142 803349 713583 717801 751784 727951 738259 736525 709604 704028 747976 776016 724509 738121 717524 723549 806577 707202 723396 707829 668903 749975 714688 708206 727145 751571 700253 755053 697871 760997 660057 689668 753015 738298 714904 708672 762679 756535 699878 732253 742017 763186 811062 725547 706154 727658 723437 732076 
699071 776317 733685 720407 715500 746764 731380 745735 734434 748061 764137 748316 818115 782967 791450 831513 763707 739727 773517 759718 765002 782393 794729 775492 743378 752469 760302 762243 746597 770134 705746 780265 779447 771688 825573 744402 779747 738310 751305 788797 770258 729932 770920 794811 763863 752486 768631 790876 736540 735206 763778 775222 771206 800632 794787 725191 790331 753030 800761 776700 800221 765596 757809 736895 808133 838596 729165 749200 739819 738410 683058 737880 753983 698599 817471 746266 776379 708813 790502 772012 736242 766988 780392 781502 767454 731956 812587 743879 773841 785580 795362 770701 773917 774437 746210 827281 759271 739508 779834 781539 807439 744644 761965 727199 772292 808540 766690 804541 808688 786585 735757 747823 750223 771857 748127 771805 778201 780063 797387 795731 771749 735875 789762 782916 825347 783235 789539 731639 753904 769511 727224 786398 737202 750920 786534 766877 778293 789597 805501 762924 771530 756523 841893 743389 831441 754626 771684 734493 857562 744921 735772 705081 787011 718833 765835 771296 791654 775430 812064 769232 769429 785865 756001 733153 770097 769837 768864 835956 793495 765105 817432 826419 723729 759718 732209 742334 776532 730836 759277 734491 800766 768976 785244 760858 761943 809724 763198 758242 724951 811643 735784 755365 783682 796088 760459 774852 748543 733133 757517 755674 744671 823854 763129 832768 753651 778879 766892 698483 746764 757518 821638 783115 772849 805340 733277 715403 747497 741038 782015 733576 759693 778696 789422 781734 790539 787242 788250 757766 825272 736256 764227 804861 802935 778394 759634 721080 777930 753226 803998 775018 795703 780882 765354 812091 775857 749286 793314 775591 755974 720357 740590 751894 733622 808814 734781 782224 821048 741791 790719 790363 748432 755558 780971 824306 762886 779321 777916 787950 803775 772210 765785 753424 744266 776690 771830 754377 826554 751631 773568 782347 740860 794649 733164 773942 804391 791902 786884 781916 801772 787806 726775 782131 793618 757923 832613 778711 709695 773157 778197 788180 
716685 772598 722005 736988 746296 738469 719162 765835 729365 762357 750281 727124 796176 757727 804124 815437 758386 740964 789587 739846 779354 773895 765344 776323 749724 757969 721700 773654 762855 741109 716543 775544 783871 773202 800083 737814 804374 757687 715976 784524 769465 712034 799180 773717 767616 754268 767101 746541 719298 735049 737070 760562 727566 801955 777622 749351 782165 744359 775111 772780 783799 779011 752846 762344 793517 806721 723429 761927 758997 746108 732046 749225 782270 695294 776509 796145 776364 727785 750019 757681 739232 727565 770763 750861 755228 744627 829395 753686 766268 765232 795298 763548 763359 776310 748542 836678 719887 709365 768913 788414 763147 726140 742989 714185 738227 798730 736148 791647 810812 809722 768241 743750 785631 765048 738306 743255 769089 783723 800765 769223 748383 752877 782476 782748 790139 755784 795768 716889 729529 746542 748218 770497 743034 760590 787640 758679 771909 788281 743890 741828 738998 732370 815265 719415 817283 764649 734503 767320 839303 726950 747556 723960 777395 715527 778558 750423 791466 785370 785553 750229 740870 763726 759476 728951 760982 762631 791275 823716 779404 778331 833195 804179 707046 782007 721819 764792 768237 750083 766815 743520 795660 764171 742884 766965 727936 791878 756784 768081 729471 753178 754817 765280 765345 791464 773173 762974 746055 754541 733482 752798 704559 790185 735973 850201 731405 738631 784720 722186 752130 740651 794503 743041 748918 771612 759713 719295 761293 740973 785120 735357 759942 773265 779725 774997 771333 795604 760143 766735 793142 707982 763129 809252 772830 768968 761316 732563 807018 739995 843564 786412 751005 740288 741808 779317 769041 773649 762397 764467 750520 740594 742012 739378 702297 809802 741829 749421 799277 751519 787971 799159 744362 736810 753164 774185 786064 766740 760499 773864 763941 771620 772764 732524 735364 786843 743353 762767 799355 774748 764809 803139 739408 788702 743890 729073 784742 773009 761504 785468 775849 760020 728585 747691 759583 771041 829849 770490 703384 791676 763109 768133 
606451 639086 630458 647601 664953 665138 628155 653325 638258 648667 647788 618075 699457 670842 699464 723441 690461 629292 666385 670124 670863 660399 664635 690182 636527 652301 668529 653552 675264 651811 602914 679315 641062 670890 706142 669254 692900 648664 664438 690190 654499 638662 702435 688395 656658 665128 659142 679068 653819 650079 635752 667921 676486 663536 657608 648165 667467 642930 685743 676612 666423 658839 643932 680681 724823 701500 621094 648990 650373 666949 619538 639285 662198 624240 659491 669696 653107 632798 667630 656663 635536 647518 662091 660039 668444 649194 697780 646956 673921 704106 673871 671528 681033 669169 660123 727814 650060 638209 652060 692771 692542 621242 663336 651463 658081 722367 664340 705359 700268 707408 686490 623934 684246 693882 645083 663678 663748 670397 696870 696844 690143 654505 683799 665662 712132 699529 705069 626621 650934 669126 644144 696018 595892 662253 676886 641869 693319 672538 701361 657306 691710 656250 727022 652619 730285 685605 676619 640394 716001 638385 635623 611330 686412 617448 676977 643973 660052 703666 727284 670038 636843 671549 676338 653451 649866 658414 669641 700596 676938 695927 705649 697660 631174 673531 678658 666016 681366 651554 638062 680745 692143 689482 672978 698048 660836 702666 660192 665592 646581 650462 666664 650974 690324 690362 661896 694753 642507 658104 625241 695346 644786 696242 680057 724280 617005 662115 653383 648055 650411 672532 735090 655648 648424 711725 643877 646742 642616 664668 684545 655227 657090 643839 658677 665079 678576 655744 659927 662205 679651 659591 662318 686572 660965 663761 659834 632629 647942 699538 692097 682589 681972 627133 646880 687748 644861 665198 633279 638558 653836 636182 620849 662215 660645 704249 639614 687844 684152 693642 658934 697780 615772 630361 679708 710528 690868 673554 677604 675509 719872 651877 663895 662605 622333 672407 668646 671605 661909 671824 688499 676436 631965 691737 628232 648625 659487 699765 684717 680284 672601 659092 635520 661543 663172 676961 731843 694284 658695 675011 688240 671870 
673181 742122 717105 680185 688069 741904 694547 721094 704675 739048 726526 711915 784127 721725 763417 782239 704306 719883 750594 737022 720271 759617 756792 742397 702721 712359 699205 736975 747693 714201 665093 771595 739387 736485 767753 748594 738049 719448 721577 745373 722435 694600 749896 747418 706645 716798 730717 757908 696725 691877 694387 732379 741842 765252 752975 691933 740994 706808 744927 766972 734148 686224 714218 716501 786187 749070 691677 718286 714122 728833 684475 716155 765773 665714 769911 725162 711600 705047 735207 694575 708641 741499 772543 721295 715490 690555 756563 733426 738371 735867 732460 742492 749396 740592 718120 799488 700982 692740 715454 736787 762220 693287 724610 707487 719489 774218 769810 769330 789076 765976 704707 722186 716127 736627 727569 730629 744285 757900 753707 752294 734403 730232 721475 741410 758644 723361 719438 692144 724136 728886 711906 762538 698185 714507 741965 731622 733785 755393 763404 714943 732585 704527 810217 737306 765060 752687 742741 741248 779181 686170 673442 680085 733962 674171 742266 714861 735004 725986 774276 700184 716706 750946 747137 695834 713118 748077 742007 804552 733584 721547 786983 767334 704113 719105 705778 709817 724698 702655 698567 754676 753767 760127 757105 754505 683046 774941 713133 709235 706664 745289 700270 741900 727847 770623 712003 747293 707529 741961 711096 745507 707422 756528 703033 790582 707174 739425 696867 672758 713044 697429 779690 732132 683726 772322 728665 693449 701074 733440 745666 738884 717527 749862 724980 722669 732978 740965 769479 756437 805707 707345 714464 767435 756427 745784 728207 685334 732192 718141 766944 758628 747575 716133 723460 772810 717065 710582 714140 720927 730470 687423 701472 705202 693919 766104 712744 741357 760390 736361 748763 765998 693180 728949 741762 778418 745795 755808 726651 748615 750611 730419 741553 696269 678289 765856 710610 721844 721662 725481 719912 742823 709521 745475 682036 705868 773775 758832 744779 737044 710846 728326 705276 718209 728638 735322 795734 752257 703392 743194 736446 738136 
695462 774395 715215 710186 740491 718209 719850 742641 720058 706572 732033 704978 764638 747979 774272 778819 739457 720306 786928 747569 754594 745504 766039 741485 732955 733476 694975 742080 762643 738428 664149 772143 730233 751999 790041 752573 776038 741449 723065 755277 736063 696738 778000 771567 744474 708249 777787 766897 697463 716459 720076 749111 756980 792572 745106 702166 765281 734601 748056 755093 747539 719187 734788 696077 796394 785628 701297 728837 727666 716283 698942 722723 739653 690731 765721 719738 758813 722021 756371 725065 719891 708876 746530 703667 740783 714109 759205 717834 742049 752462 753635 735780 751396 765557 748968 825182 686932 705719 774875 761912 758988 701701 746289 708599 723256 769254 756309 754955 795231 762595 754490 725612 761125 746459 703071 728550 720801 756374 760785 759468 770376 738557 773852 718357 806976 752589 797074 717683 722207 743014 717427 777029 698694 723376 756698 722831 751256 757068 774874 744887 747553 730889 821717 696866 798740 729280 729481 716548 807369 711512 721734 673532 745250 699240 759383 718374 740759 763109 783130 731481 726799 762028 758504 713249 731729 753764 747491 791426 723515 778976 784040 791626 682129 754396 726076 721630 744190 722521 741438 752355 739622 771473 706098 739361 730752 759755 756655 716025 727264 756342 736557 776137 780250 786633 756273 736806 711892 723966 731535 772091 718941 773362 750667 829769 709070 756229 763681 719280 724806 740814 773306 734590 700907 791427 733143 691281 743786 741173 777420 733507 739344 753960 741102 770333 740791 748709 744682 746907 784954 712291 737661 775602 761186 748592 752297 711689 729558 758795 760947 759227 754570 721697 718393 778461 751566 739447 730875 738589 723309 716917 731021 718492 719138 791803 692679 753166 762962 764478 762954 752710 707258 752596 762932 786615 743533 751144 758504 744718 781611 732862 717646 744489 707800 770575 727750 745065 743658 765193 737929 750217 729604 757906 694215 718573 742487 764709 732923 738418 765107 764691 705810 723370 743411 770507 837098 742286 727237 772842 739278 761998 
708932 764770 696409 727502 721536 735031 709392 737443 709101 736313 751716 722706 779625 728448 758781 795460 752521 718831 758266 715161 745327 769792 769389 758860 720393 732665 701729 761057 728563 749380 680405 733343 729217 747179 790272 736510 768899 753348 732888 768180 736473 701268 782622 772211 720021 725016 727774 743268 710729 719333 696419 727104 738434 757238 744863 736753 747484 714264 773289 748033 747403 755236 739632 747436 768469 792133 704627 723487 728316 721658 701804 719951 772820 733429 771955 725815 756992 720967 747164 717667 745025 691388 747188 749573 736800 721759 771388 752679 727622 755311 751730 759405 771133 750154 728894 763046 727252 677519 772413 800412 753157 725651 744637 699061 728941 790627 753921 765553 757234 739279 722725 737643 764714 734705 723148 740749 743316 742485 780919 763220 730740 722243 759685 767295 801092 777603 761664 715558 733704 745012 716620 763144 686565 715070 793168 735313 763022 758487 755871 754406 751774 705050 791213 712111 779935 748063 750120 739033 820346 713414 719867 702214 743795 709848 751902 727651 747140 740467 783936 751160 736802 782694 743116 704201 737519 774683 728195 773851 756074 755393 769352 786449 682504 738179 731734 737141 743882 733500 722072 718507 763769 756415 740765 713912 725643 779540 723157 758703 706629 754877 694274 736836 745367 763739 751205 746766 695862 745722 738991 757395 698870 794931 751125 813265 691815 755577 737527 706244 710113 736368 782857 730891 700972 792718 734717 702165 739706 725149 760647 726073 748968 725933 759934 728457 742145 785908 741072 735134 776594 690157 740467 802690 750135 767735 735557 710592 766623 745198 755709 739628 781270 699376 712461 769166 747069 724709 736047 739710 748581 680648 738243 736713 685635 810085 710395 739093 757339 730015 756512 774311 702882 693239 778051 790207 781237 758679 724981 731772 752045 745046 767070 707794 683413 774078 706011 748084 720795 756393 743384 738335 711062 742664 692623 721211 769382 745038 754798 743795 769380 728414 706659 746862 764470 752872 812863 752708 713146 758678 743604 753419 
709962 754911 710995 705596 713339 751384 710821 719566 730205 725352 694744 699554 770573 719673 781586 791642 724342 720088 758588 756074 747008 789624 722920 739798 729814 726527 718244 753890 762488 723757 675747 753503 731184 739143 760286 740324 751737 731717 709426 764132 747179 717944 763560 770112 709568 710138 754191 752523 698472 708268 666179 717266 742145 757844 757247 734364 759413 713239 772136 770749 769753 722457 728931 754862 779799 774683 689096 707777 745593 737743 695319 713569 745264 685759 772826 747932 749247 708792 721851 733913 730283 710356 806297 726517 729865 694614 783137 730802 756159 772538 746604 756022 755995 751956 720681 787137 726904 688338 724068 749816 773451 701994 733662 699319 703008 813250 762612 767184 795297 796438 739308 730928 746809 757226 720148 722638 759607 749724 759532 743094 761667 752087 745885 775807 790346 773987 753821 693456 719280 714482 718837 737433 701189 703377 786014 713687 778470 752896 735215 719515 705331 726763 791139 711082 802223 759509 745441 738161 797677 715991 709149 674254 742638 710132 736756 724678 765102 742525 780258 734574 717880 736895 764915 711312 737603 747665 742066 809499 763696 760061 803843 787321 717953 748500 748478 748208 750260 739385 749760 745755 767091 732144 763196 772480 701011 761546 735064 729239 731792 754368 725879 757087 733536 769282 731591 772405 706107 720757 687002 759345 709408 792549 767495 802601 714922 754802 736317 707147 699152 722124 809157 739755 721446 761330 737367 705219 732321 722781 748103 724589 748291 748230 734087 719141 738682 732985 770968 749926 759696 717514 715781 773528 720353 736474 720046 703189 729204 728323 762556 801810 780509 721936 727737 757214 741990 722950 738663 738738 733420 708355 705203 715357 685324 789859 691718 730174 765986 738217 730159 764493 699691 736426 743040 773554 765011 794839 740576 747679 750251 744452 765267 719738 697775 759624 722555 736780 739997 746861 755537 763984 700334 764277 699429 728722 774973 750927 756340 740763 747116 760628 728009 733187 732047 760333 813915 719683 687166 744001 740813 726353 
698442 760494 728945 660367 746292 703001 711007 746345 729488 716206 705609 694083 767057 727659 757499 771507 735305 724703 738455 734248 734720 764089 748947 759610 693408 737172 721296 708630 743197 702517 698360 766942 754874 729139 765562 715187 775214 698377 709274 762396 735146 703802 755726 741912 734974 702432 730789 733275 721057 716134 701521 720692 721871 728843 747756 719632 745569 698461 754945 749566 750353 727799 746494 721562 789884 764019 702247 730477 719497 728634 713851 702105 749494 661684 769245 725660 737054 723629 737739 710296 720675 727301 760482 727651 734185 690082 798412 718447 765215 754624 738746 732778 717592 743696 735389 780279 700206 702323 736114 750175 762266 695228 701710 689620 704412 759793 742418 781937 792231 780547 723805 689156 750362 740315 736409 726625 770522 728611 761951 728192 739597 700696 735799 738179 788087 730975 746207 693202 736427 745180 708386 773978 731217 758326 764557 710055 735724 787216 750836 710390 738836 724975 781690 719789 744711 767147 745548 734688 788879 688449 715336 678891 701597 692451 747419 737836 758804 720037 767413 710920 681190 750665 725577 701565 720987 748843 738411 788463 721185 765536 795677 763096 671365 715880 695243 728634 693966 702414 723726 761629 757096 751138 730691 733198 710871 775813 708676 708188 686660 727084 727531 748448 720246 764100 746169 760750 714369 719963 729464 790838 679926 781301 698665 774839 690564 723705 731872 685572 718076 680840 769721 701572 703760 766499 712357 686188 701644 701005 762475 713831 723012 766712 729430 762796 744535 727722 734418 732191 777447 723332 713421 761817 755322 730839 733538 714965 756038 718721 788738 769270 750706 716557 703421 779600 758455 705485 742307 735940 724221 687406 724745 725510 694224 756393 746452 709773 747436 715654 756301 746736 724262 713704 739862 789399 756840 750661 716649 715515 767258 730833 742378 743836 677984 737559 723712 700642 732083 741785 728692 734345 720211 755082 686876 707542 744519 772046 765570 739311 743299 727345 699035 691993 707227 751370 774751 721734 700457 750603 742237 756062 
714417 747781 726420 713526 726026 726278 718253 754732 726013 686190 771781 728443 790773 768394 822801 832136 748830 713751 775150 769072 768102 761627 759160 762018 705004 757006 738107 770754 754972 758165 687033 782331 754384 758440 779695 733366 766665 774907 735100 793727 735477 734472 780430 771522 719228 753679 748483 758929 711281 769798 742038 758421 750918 769016 777253 718135 786081 738807 783800 768949 784997 743021 754065 714584 811333 789843 686278 757903 743696 735879 708497 750861 760640 715430 778745 757320 775061 683577 744708 741983 727532 749758 802320 756069 769319 757791 782916 716635 792137 788898 784022 763253 788340 780832 748419 822979 732020 714728 788381 780742 765080 726945 752686 694526 753136 784276 783589 790897 790267 783336 765560 770304 735453 760562 705387 717484 736651 783831 797176 761779 751147 731530 768021 764502 813771 813818 803594 735637 761161 780562 732242 786478 742950 718265 767104 734930 775642 786120 763436 736045 752942 732724 806096 744660 801947 741150 732044 742565 813236 739479 738950 708278 762315 698599 767653 757212 754524 756137 792476 735664 724634 743446 755119 740270 767916 773626 767343 798601 765049 764208 794565 798453 710124 722063 739649 727540 760831 734969 740637 739892 796475 769680 744843 751709 715398 789116 773087 747130 727636 744196 737453 785931 775246 791662 770110 758256 704960 754564 727395 771440 725095 808964 751754 824253 716509 757698 764684 741070 748887 761361 786259 749970 732502 786895 727369 745168 747263 745015 775788 705178 764681 748821 777599 759572 758133 750980 766569 721023 786841 711874 769374 805210 806706 766289 759121 734496 754925 750446 826126 761652 798317 759350 730056 775997 737930 754182 767280 737199 745523 720102 733428 748075 740153 799511 700925 767092 792946 746285 738840 798008 756267 728155 782878 807983 772971 777811 756790 772882 788847 778236 769898 732301 711170 781715 781017 742872 763758 761630 756172 760336 755932 770006 734830 757357 786465 761021 766978 750022 789802 761343 714217 762327 787945 773553 814977 774191 716002 775818 747854 766731 
692482 773055 742886 699542 737770 737083 720525 777756 711660 734562 751316 738981 799077 761389 788929 817229 773097 711785 777286 757863 779343 774771 794192 768600 730308 750949 756388 764253 764151 736244 711200 812860 744766 777457 804199 728959 808209 759411 749069 770864 766962 717906 766506 766145 755720 760597 773335 776484 707665 736919 748581 803859 756864 774908 776237 720097 796170 717237 793570 760247 773830 774673 790822 751437 800230 807104 722074 745846 780806 755278 725056 731484 772001 713870 779523 760110 770278 747712 788938 760750 730955 768491 783318 751943 755600 721421 801947 750271 768685 755396 784139 752857 758454 789252 761071 842051 745799 728608 753739 773368 780980 737478 771379 697836 747633 788129 777148 775979 809227 786371 769280 734955 788578 750613 715752 740374 743187 779621 785205 820655 740361 723406 750152 800004 819621 805348 780472 741891 752903 737761 700905 788247 731998 744126 789719 764549 760167 754982 776707 734183 806530 744454 815139 720642 817514 781340 775459 780305 812786 744866 734680 699861 751077 728613 757842 786922 778939 770572 785398 783623 756198 771633 763344 727922 741967 781463 774119 801143 756597 776897 794687 804480 701591 756966 736403 776310 781596 746578 751067 748542 796899 777772 762955 774493 739386 788897 730723 755592 742349 799018 770984 747163 794159 747243 758592 764037 737165 773534 738835 785398 715469 798545 748393 830301 747281 762986 756993 711128 774828 726757 795381 772429 758456 806001 759821 704646 756654 759168 787109 753817 729524 764716 764280 777631 762999 766136 775632 741962 806881 740958 775353 802096 802535 756334 776266 718630 793619 778598 797156 771683 796325 751566 740624 782770 763472 761103 767032 747602 753367 715057 716884 757007 746046 806270 704011 757373 800409 735637 755812 785095 735866 755827 769960 820123 777305 784155 767916 766764 804690 740876 747620 746530 701599 789467 740063 733267 774880 766894 757312 778896 729720 781506 737691 743921 781945 774192 794352 777715 807546 777723 755723 726797 780222 769400 809687 789084 719282 776477 768088 756153 
633475 698639 668422 640086 678534 687683 648853 699645 651446 690757 686765 658253 737924 712725 724439 719159 705954 670133 691365 697256 674839 709082 724107 718588 690262 689261 652814 715797 688112 699521 629246 720019 667507 700551 743196 680633 709552 677054 670078 722537 674790 658997 711566 728160 665832 651578 695441 689337 657812 666750 672425 714654 694524 718248 662660 691209 694136 660198 698298 718548 706627 651732 686710 695005 746109 729816 645799 675924 670351 669099 633202 662827 708328 617981 718238 699024 697744 678075 719505 676601 658189 653501 726887 689656 689013 664255 737097 690517 696859 719257 695515 706197 717317 701121 687414 739749 683668 649393 693445 737459 698718 683485 692196 648560 687872 726093 720130 724665 726873 728343 680306 667929 699620 654976 652072 677200 713508 676093 729158 723946 682596 673249 664047 670313 718913 714242 708516 674457 653784 675973 662958 714244 657202 638826 731501 696864 727437 699231 687902 662746 704775 685252 743170 640230 742935 685802 691309 715087 757773 660705 680987 654634 668811 654372 711053 674994 692575 700903 716571 674348 679325 699664 689347 689423 674350 702495 683391 738242 701020 708429 716382 711704 668103 677938 670662 726990 696754 680840 678605 721096 719691 701515 701914 723173 684180 697243 670902 702656 664313 699703 656567 666543 680858 726747 714860 703212 649991 671583 664573 684794 679071 762326 712802 740556 661361 708301 690405 684001 660447 680155 747612 662631 707230 731939 669974 639734 677131 691351 700380 684436 666000 687186 678155 704347 679392 700995 707478 711775 739317 640824 681812 715558 705516 697833 672687 657947 674840 680377 737732 704218 727122 665656 674143 719731 689022 680289 651150 668534 659406 648354 662114 668992 681772 727697 666732 671374 711717 693915 707529 725998 693244 678839 683171 717647 691223 723794 669137 705176 707201 682022 707309 654875 645817 735138 686749 656631 715937 735776 667426 707938 664268 723419 657280 675279 717058 719879 705433 713406 694758 687466 692272 689982 689088 684842 739065 716306 643602 697406 678079 692596 
701815 784635 746607 733958 720824 764299 729062 785098 741317 716836 756744 748104 791010 764428 826629 820074 743202 735264 788294 771082 772353 770559 753709 766129 738316 743713 743970 772384 795033 769293 718557 800121 757585 779615 796765 771769 778809 740115 712203 774785 748849 723716 771894 769044 756534 754918 765194 768751 738352 742776 719600 741090 777125 787015 761424 745900 800577 722570 799115 780269 741742 746241 765523 747953 816504 785697 711633 756092 778449 732425 702431 735340 776179 719023 808563 728913 766978 726759 758077 737262 744323 755162 802966 757290 745415 744231 839245 756906 756399 772826 739517 778023 796632 775788 776644 802660 748439 696016 741204 812077 804255 747786 740769 688166 738558 790365 776660 779919 815677 814963 714720 736503 774274 758761 721401 759292 773724 777409 795023 786805 758607 738083 773142 781100 807867 782812 761165 732818 731461 764728 724991 790222 736573 769564 800690 722783 780638 807027 777743 741611 745147 745899 808461 729917 802795 808741 785300 734224 832101 736760 735757 694927 755658 735898 768061 762696 776858 758235 818928 775449 746084 762813 767413 735491 784082 766979 753577 820357 758594 782290 818853 817037 729061 744105 754793 776242 768153 754732 765629 771400 776840 777304 758522 784275 732809 805117 771302 749457 752456 772599 747596 782181 766026 786685 789527 770020 727181 756724 751914 765444 719843 828690 782948 828572 737482 777040 757863 708442 732482 759630 767969 769372 752735 796297 757830 701217 758873 763156 778326 763508 756620 788808 774862 788435 778556 774872 764137 745514 806197 712401 758519 814771 811439 743943 795030 710344 778355 775699 794944 797995 809240 751917 726494 850751 741855 728161 748168 751447 754879 751507 754484 765669 723928 804552 727033 774140 789631 726781 769557 808787 732263 767359 767297 818521 770851 789510 772820 745589 798400 757268 768167 743924 709535 794500 744196 732909 779750 761261 773183 763780 726265 796046 714182 721371 798772 774351 809040 777691 775630 778355 753650 740666 771454 791868 830842 746694 692633 786628 751084 776649 
677272 770421 706921 691801 726558 702057 698443 744603 708351 716232 765186 726744 786153 763100 774642 806102 725627 728370 761965 734507 739760 785789 775156 760729 716503 747766 724226 724652 759961 726209 671481 736826 753870 779685 760813 748026 792515 753903 724795 736343 732232 714960 772218 735150 732886 716021 769637 743463 692319 721084 724279 734394 735077 777237 753571 723170 727277 719289 790836 762909 755321 741357 738682 751703 803979 760025 721687 748776 717739 741966 674514 707879 751903 675609 786400 753288 751617 714446 757067 702254 744126 716373 777928 730118 742078 718747 778715 741943 730869 758534 764268 744886 739987 736532 737050 781218 731536 676134 730030 753279 774415 707835 731801 692187 718349 789251 756283 754086 788704 732806 709541 687467 762255 727994 720554 705856 759024 761190 755125 766927 755470 698100 745879 735905 780016 775785 756672 730473 758680 741909 720120 767640 681583 702977 770955 708119 752515 770930 755653 751789 773812 726013 763994 697316 769338 750847 739058 734830 795409 712140 719037 722211 748344 685554 744120 745507 738687 759783 764506 737527 712005 780538 739692 721458 723717 733770 723439 829231 734327 765972 783651 764456 682471 716186 729609 722145 753442 726715 731018 733431 765552 755342 735572 736003 742298 757244 726825 752991 696156 757530 748330 771527 749008 776699 768141 749896 750519 723472 739900 746884 728235 796266 741742 802585 718366 779686 731937 706559 709452 748583 779554 711756 716411 790204 719417 749025 739011 727815 743846 711984 763877 727042 729176 743997 743973 764832 767691 703092 789895 718581 725551 812348 744150 731413 739962 692886 757491 726896 777919 762086 781931 755574 730215 773291 762813 739017 741344 727398 715931 740738 719760 714422 731396 764609 704453 755957 766171 732080 737397 774068 707736 740014 723732 781735 767100 774048 731061 738898 756282 736513 739508 727746 700094 759854 726152 734560 757986 756101 751313 755574 724684 760225 694878 718228 738503 737848 752705 695942 743242 736101 713914 714999 764170 791635 809973 767248 713802 763867 747218 754281 
691399 760255 758744 696080 723934 730869 715467 722499 694381 716112 752052 715314 776157 734143 771518 792939 708528 705016 744587 760299 746710 774054 793120 735838 708248 753574 713154 762526 765701 683557 697710 781235 763162 745710 750162 749148 810184 741787 716940 737873 747164 713770 794452 758734 767292 696287 756378 766272 709327 733119 718485 763786 734712 743494 743229 717521 764269 726062 740388 766696 766057 757042 754733 745375 781979 777428 693739 753929 752901 749913 688374 727139 750956 696557 760007 761733 735159 722584 741256 735379 732526 720276 775846 743521 737386 698546 786539 740700 755248 747911 772206 739248 767174 761836 730090 815613 717004 688713 757051 776162 762947 724891 715661 690660 708044 781710 757048 810349 797097 784944 759076 735399 749035 753284 720819 732577 765870 754239 773138 755186 753941 749207 736603 743842 771461 763443 762977 715585 740991 719469 705711 752685 708639 684916 773249 710547 764458 765848 732387 752639 760310 719893 806168 726712 785110 744364 760626 744987 818235 732312 723822 697938 723167 716097 749585 762642 766430 746371 770955 712403 742719 775735 749450 709352 720623 740789 780825 796427 760469 757952 797814 795965 723105 753510 745878 728587 749322 737467 737569 735547 782558 751416 753420 756543 723077 801926 724816 736362 707309 752167 727296 752275 761077 782761 763845 741150 725200 756640 717923 730164 694515 768753 764869 800082 686524 736241 744142 732010 719126 741286 777978 719376 737553 776786 735590 715246 728627 735534 728062 733456 751505 724928 746343 750077 760608 760058 761474 731155 781742 732799 732862 795819 775877 751451 715647 709440 759597 763046 807290 776734 754839 719945 729471 768998 747843 724465 761864 720893 743121 729816 715583 719873 687740 782481 725023 741184 793401 716425 748634 778476 694683 720415 750207 801385 767280 752339 740008 738997 788064 756477 730611 724958 686242 776615 714379 731374 754912 770553 716039 766363 724953 796582 712251 735267 752176 799023 752380 732309 736794 738742 712248 703232 734652 783903 789278 735407 707840 762359 739632 742773 
651174 720330 692517 682268 683285 671651 676211 698175 672375 660017 670528 683547 726411 694932 732942 750559 694439 673998 710753 708624 725474 720164 709151 708775 682468 710946 685732 696665 721700 696348 631390 755580 713513 695581 713172 696117 756269 697459 667800 724849 731304 677101 733471 735138 685362 710277 713094 705661 676826 686575 654854 709091 689923 725106 701348 667722 721628 711543 702884 700794 681321 683054 713108 696582 748409 732761 653493 690371 685834 674212 647193 693218 706645 635977 729140 711251 740850 678099 726784 697136 689786 662041 757295 721515 699286 718348 741575 683647 712710 698357 718985 692975 717664 725203 688561 759766 666021 669061 706989 738052 717790 671624 693252 648074 682485 747083 703336 742824 759606 718101 711834 678760 718139 686651 699064 682860 705008 691251 695052 728457 691690 706033 724207 704176 767960 739400 729217 681554 684909 692369 645843 700812 676281 691864 732514 676383 714325 707878 705066 702447 700267 713331 786826 684538 741407 706910 694362 717467 783447 656158 669190 634528 690576 672911 698001 697584 708297 720234 744652 704662 694516 717815 716595 669953 692457 710555 685099 727133 698002 709348 738660 744525 672730 687135 710845 666207 705831 681011 675914 716076 726392 742725 714155 707218 687800 742878 683392 675525 691212 703915 682637 725959 696014 734384 696713 706838 668996 698052 669700 687820 695791 737456 702975 762549 642621 682933 699931 662691 697813 672817 742107 692822 676862 738405 709923 647662 683964 677290 726597 684022 713496 723618 699141 712775 727905 721359 728220 699774 731353 695392 707013 733217 734458 705250 705444 675753 727714 722076 751432 744439 713676 676964 677635 735496 709985 677246 742575 683087 689609 668994 667212 707102 681396 743244 643472 714750 722669 670856 718851 744150 680398 678944 672853 764566 719551 719444 707009 718460 744291 687136 703979 681681 651331 748557 689364 669249 695408 704647 688713 731403 693558 716585 670938 698067 719222 739189 736014 726755 737241 713742 675911 678794 689903 744651 764425 680134 677211 728315 708867 732314 
701889 776334 749064 740864 751921 741391 710248 787889 764581 742574 766628 763257 811375 772460 805840 847204 774585 736498 784332 787990 771160 815128 764047 770660 747866 765036 745502 775910 751026 762426 712544 796991 754973 769583 835079 764252 794747 747417 741939 786126 763678 751424 822937 792813 774954 748178 775569 795369 716947 740572 749281 785244 778840 778708 803173 744373 783606 750579 796970 809846 766199 754250 750616 762308 849663 813307 709787 750369 770527 773455 695200 729475 771735 700287 806418 774838 777084 771832 771041 781643 753842 774560 827156 755613 753981 729877 853295 734453 775985 802198 778932 779797 774731 803557 735994 823852 724896 719848 770417 786077 785993 736875 750845 707851 761952 824492 798834 826864 810802 793152 778313 743459 765804 782516 758637 760772 777394 792371 812191 771292 770373 763592 803965 765799 810196 796324 788723 760170 745514 779509 737671 801163 735546 770897 793438 776508 804074 794268 787568 761136 796970 773422 828580 748624 821683 801243 780022 761481 832548 730692 753014 713654 761179 741300 800079 790423 796587 779436 822046 795530 738398 755604 788318 736880 770975 769098 765226 843435 773184 825145 791712 815447 730127 745914 756730 757387 788528 749186 774207 805464 797869 793915 771006 775184 756504 811776 761762 728737 749179 767986 778242 780407 788696 792333 768141 769940 743674 743144 725569 778545 749337 828708 774155 834074 754067 781898 785061 719822 746979 751698 826430 751367 767639 808394 771159 704227 744083 761720 798034 741664 770934 756909 775193 803361 776224 779251 810707 758689 815561 753409 762029 806438 813252 768448 791591 744683 767094 800725 811814 777716 801929 763694 764563 814153 775631 753077 765107 770489 766730 755879 746632 756639 750467 806052 737508 774434 809421 783399 775346 789975 754656 738718 802023 812047 785771 799679 781840 775388 834745 746705 763629 764239 740672 796088 764038 746695 774957 758710 760696 779359 757673 830103 741349 758890 810995 797985 797139 761440 797121 796224 753846 784715 785474 813861 844184 790879 732699 785901 790570 761072 
703457 766564 742827 713699 733584 754496 717485 771740 708513 747881 770898 742947 813338 759918 803769 822458 740238 745721 780195 771064 766996 813130 791179 783177 752001 765901 746358 768972 776839 745886 713693 786454 762736 780423 793965 761837 808982 783556 730665 780787 770660 724530 772740 772405 752444 742963 757973 786005 733293 734495 739357 741937 806844 788432 774882 756488 777026 730319 799001 773669 770782 753922 738172 784897 835797 782202 726312 737537 746809 759699 701384 751210 793194 692194 800138 772300 774206 742565 739806 740235 745628 753150 806221 758253 739729 768291 819540 750604 746127 773472 799159 785159 801624 776446 753981 842682 733103 690361 758391 792860 768695 737286 771875 710726 734319 811768 776868 812776 805277 772760 760012 760066 756881 738713 749128 724389 754112 770122 776826 782832 759102 744359 768706 742535 813064 758800 771272 732490 728890 779541 734600 772523 742481 732797 781697 750397 769683 769719 778207 751776 782163 743911 839075 721477 815464 787232 752034 748886 830861 718766 750282 729468 781420 716828 775131 761502 793487 792407 782894 750640 745548 789281 780067 732849 757943 785074 751264 811671 775302 775657 794258 807002 736578 761251 728969 763491 772292 767898 780350 769777 794238 780698 773316 764049 751139 796551 757391 763130 718217 769671 747878 770030 777458 772000 778918 745340 755215 740618 732304 766955 713930 835754 766866 825981 729792 788654 749821 716428 752616 723872 818612 754944 754455 770051 759975 717372 776416 776279 792227 740070 774770 762412 779764 775134 774099 804814 797783 759842 797950 736933 756620 830381 795602 752828 776683 715441 795099 771257 815771 782876 766751 764262 739781 801966 756605 724772 754978 739676 754528 724086 734104 764221 728723 810367 737553 768343 799003 773793 786626 763221 725234 746893 768523 808272 769214 767959 777636 771818 819885 749321 764540 740988 716277 795317 743050 737104 791384 772418 773962 769079 741815 785437 734115 758314 803071 786025 780515 766363 773166 785824 734983 742417 776092 799134 798473 799028 720263 806840 756379 770364 
667955 749015 688339 695567 703111 696518 690874 719636 699525 718464 734364 672372 764527 742664 755782 761115 700706 696341 730954 703558 710661 725091 717404 731871 675193 715533 687351 701418 695539 705914 692144 718808 724430 713856 776237 706573 717995 722849 692305 724696 710747 675275 723389 727035 719119 689775 728132 745508 670405 700268 682563 732090 716235 729698 718407 692795 745037 716446 753918 705142 703273 702373 712633 696134 768862 738943 640360 691766 725121 694762 666287 675065 748704 646676 741368 726340 718131 717512 715007 721213 687769 707497 759050 719884 704411 736740 785186 685232 707653 733577 713006 719915 734377 740908 710671 769287 678483 649377 742210 718072 752893 686806 715862 672823 704938 765614 725101 748781 765674 757314 715547 708471 734841 727723 692254 705129 719311 723883 741496 704311 739690 686105 735444 721945 746590 762085 733432 696123 690320 703327 693426 734755 657114 701483 728744 729972 722532 732003 749139 684960 730612 689251 819221 705921 740965 734417 726947 691066 768604 660840 675546 641029 688139 659484 723322 682882 691470 737941 757032 717250 676617 698869 722672 693384 721939 729219 737752 760070 708503 730707 746184 725252 669559 707652 690605 717988 744577 700435 693419 729624 748837 742406 723347 724189 665764 775310 720360 694377 672147 734011 685589 701252 743699 744490 733314 713818 699019 707994 708420 722228 690503 735427 692322 786235 692358 751526 696402 681234 700732 702199 761269 711199 695096 737605 680646 694921 709545 711568 762117 726637 712521 711729 703048 747171 710259 727657 737806 705123 745603 691662 694587 749507 735257 739568 726794 680927 735436 732256 750447 731991 736758 701518 693663 749211 693432 678794 706568 719377 716527 683208 707258 696479 680104 765399 703465 702097 726553 730452 733999 729257 657747 710044 735536 773153 733747 743870 722116 719033 734339 691236 748140 680836 687958 729284 686915 691415 692624 742637 688546 715419 703826 742839 713348 682368 719552 734567 729383 714283 756173 711747 690979 720706 717455 742328 754642 702190 668645 706987 735810 727344 
707579 765996 725564 714528 742025 735316 726157 749287 765938 733550 738183 735595 802383 765111 808852 821513 749480 734306 791526 771154 778271 786854 749178 780873 736450 768552 745870 782482 758188 772902 718144 768184 763309 758858 824876 753216 802110 777460 762962 787487 758549 733186 803901 771378 759719 727687 777351 768613 715578 753696 722177 771130 764366 769479 784208 768419 779058 736898 793994 799069 787096 767724 792760 782447 818818 796240 701640 728158 744225 731873 702274 726365 752015 697805 793967 777293 774541 740282 770959 752431 740574 725541 831726 776927 768050 749478 808222 736733 768787 809772 788685 796208 782921 795184 766465 819229 744799 723676 755754 790637 802947 736483 755049 697677 760733 819944 828448 795840 803520 801340 748611 743151 790899 750960 749614 741625 774576 780696 789505 783473 788205 748762 764325 760385 809374 809423 783531 746870 761988 793720 726099 794522 734507 750570 819497 755631 780200 799819 783113 759445 750926 786981 837214 725765 793244 757146 750791 741290 819023 752469 743869 707900 763411 761152 763033 742827 794030 773671 808032 751323 739833 785819 784955 730948 735408 756631 776184 797167 765963 765392 820610 824326 714144 746425 743209 781058 787896 740777 766851 786407 767877 812112 783671 771354 736638 782177 766618 735314 742020 780513 734196 772421 783049 784855 771869 753235 710425 719840 742402 815722 747816 841641 786144 827704 695264 766753 761051 717105 721609 762887 838835 744628 740454 810017 758933 710382 747663 741577 809723 728358 760272 763911 763863 741518 757360 764291 780680 762622 791314 788162 730867 791786 796552 738455 753268 765538 783820 777458 793362 797339 783548 731527 730970 766960 754628 738817 795980 767243 715648 718098 721418 760914 707101 808762 729070 793988 784361 756612 756416 819254 693879 748871 769019 849997 769293 780519 764673 788933 783447 764058 772139 751802 730096 785860 767674 735526 787878 774051 793400 776665 762418 785550 710740 747746 792413 806019 786607 787575 768651 762436 747083 756070 770632 804404 842050 779988 736342 792072 757357 773240 
641688 711651 669861 660113 664898 675881 671170 706755 662266 630745 707331 666312 735201 699569 722300 739160 707007 672044 701402 723319 690611 709980 713419 711422 632870 705142 693704 691004 710676 685499 657404 721933 685839 724325 758401 689850 722269 682915 684813 679406 662305 662604 728477 689333 684701 693972 688762 732837 675848 682038 659782 733934 719330 722851 708378 656875 713404 695836 713828 703533 706159 684895 705594 701441 737085 740359 656647 696927 696587 695192 639575 653724 695573 618203 716619 707080 699585 704360 683447 686246 721080 673336 734550 666278 689187 666996 756467 672789 712432 680005 690942 684011 706047 715575 669960 745244 674370 629223 694485 711590 709762 661345 662366 636775 656944 724047 721126 733654 724640 714390 701777 703440 699132 690395 679801 672786 687419 709036 731931 733611 690174 684518 722899 675557 746515 712336 705026 669817 663582 697523 677150 715756 654872 685573 730569 723103 718467 701823 709114 682930 681520 686511 750094 686013 750500 694473 688072 677732 769358 669499 673400 649031 685027 667434 697228 688820 681135 681243 750689 701275 689948 710346 709311 671864 695509 698224 707168 701585 667098 699209 732247 731733 658706 681555 656698 700728 713706 653466 690884 697749 719197 735722 726711 702242 676012 746030 681323 701488 675014 697798 672711 692845 694480 709119 706474 698478 657797 706361 659042 707544 667446 744391 668788 740216 660933 683900 712621 673995 664762 708518 746114 685761 690753 745265 694387 668283 665087 673253 710283 664619 706711 711187 689865 696575 732304 725589 718093 678381 732434 647499 721716 751270 751616 723918 669799 681629 720082 679263 732326 708704 745577 692665 674808 721525 671232 680191 695985 678656 659484 685539 660680 681185 655959 740869 667571 664289 726818 711368 700134 722048 668160 692246 717841 735437 704008 728806 715136 680734 706235 701976 712204 685265 655764 744537 682298 661180 685291 704500 674093 708383 681251 732028 653061 680394 726423 713589 713495 701758 698786 726947 678414 679874 678644 726425 760079 718708 660389 685903 706106 694445 
655721 729448 698288 662595 663069 676179 653781 709712 687412 683241 692884 696825 721463 716372 760999 766749 713999 686267 762446 715119 706433 724378 723284 707859 669090 689051 677787 724189 723656 700735 665023 736989 723833 720894 756368 709912 748044 684437 686134 696563 690281 687470 747610 713464 721901 691117 694824 726453 659476 683053 691734 690505 710397 721666 716914 684239 726666 675378 725668 728373 735218 709123 737054 742339 752467 750346 658825 701613 701842 708135 644990 687733 716184 639915 764084 714596 712568 699334 707776 694217 721028 712802 734591 679654 700047 691133 793916 697540 718795 710461 719367 694426 727924 739948 693345 753990 673524 655266 710691 710771 698157 689243 703487 667281 708790 730706 719168 757205 745553 740628 692330 702617 717653 713639 691467 675234 707643 725329 726465 728672 682587 673960 736836 691783 757591 710236 736133 695747 699474 676893 699203 738424 694024 712176 753070 690021 750973 714790 709452 722768 719308 706872 755530 687432 776299 710092 684348 704311 805427 676867 701981 647377 723758 688875 689723 697878 712899 720684 736516 717741 693153 735635 705902 668838 712727 691393 734975 744848 715845 704223 749464 743238 666418 709386 698633 662726 694861 704954 712965 715497 777452 732844 707171 741016 688915 755375 691784 689515 674800 679565 684920 721914 699218 714232 741808 712715 678278 691666 679372 719354 671423 785359 710575 769803 693121 712486 720938 664088 694019 703371 748990 682463 702778 767002 691250 672946 693092 700887 707311 685844 716732 689854 730175 715505 710320 735628 716619 695166 767086 682944 731797 751150 734593 697684 692815 700997 712734 727552 749083 739332 729976 674263 680459 716909 700816 680850 729214 708854 688182 677640 703257 710670 680543 741153 678222 677578 745301 672682 735113 730910 672215 701010 708193 769168 724908 735082 721569 708170 738027 716927 704055 698613 679933 748764 684241 680700 711463 704598 712567 724150 664016 760210 664228 673046 718453 728005 729381 728158 721663 701727 672662 686513 725947 741069 750276 732267 662121 729436 745400 706949 
701359 728098 714692 657297 707588 715076 717274 737471 719853 706883 714467 670799 767708 684563 746342 783887 713981 699141 741246 719699 734934 760642 743407 737264 670881 739653 680615 715223 720654 716310 690934 741455 722906 749744 789128 733071 790313 732701 704592 741020 719442 723246 738076 763441 690823 693851 726430 741850 713603 730311 701367 715723 727979 722215 712153 702103 749471 717056 738521 746292 764969 711302 739212 733213 775375 765522 675392 728548 743696 707648 682901 726599 724643 696489 743402 737916 721283 700936 718218 722607 747003 703337 749710 729581 729237 709042 785138 741833 756595 748455 727342 725554 735713 764985 718527 777801 701199 696171 712739 783032 774166 693831 699113 701600 697139 740811 746434 782852 775311 757227 749899 696165 740376 748080 701832 729530 736900 746112 772877 751584 728845 687101 736365 744961 787469 736470 759556 685823 719749 706403 717248 755425 692385 730685 725691 723659 760848 753988 716849 716546 734735 708958 784143 715905 759447 741314 760445 747878 780114 684770 713953 696221 716337 675925 751435 699778 738360 731435 774094 739128 707529 736908 727328 693873 701969 746353 741164 758499 744449 754763 796237 766359 673638 729019 732004 738398 744310 693307 708746 761973 720487 743076 730816 773347 720984 772023 708477 729981 684928 729417 709158 720898 712603 764749 744339 722473 674013 719639 695512 770871 718417 758817 740352 785200 685821 697237 752829 684302 696729 717650 762123 713592 690261 770043 701762 698954 714769 704512 718300 705747 750883 734043 707421 741022 720048 758347 769263 711409 764409 716340 707677 766095 755298 724659 733542 714572 735557 747513 780599 752646 753098 683686 703364 771140 725979 695430 710208 732723 727363 718890 703999 710266 676198 805865 711530 714904 759192 736735 743449 738471 696579 681762 738192 770418 743279 736750 736451 730537 748147 754697 742448 695397 677366 761020 719995 715735 726912 746321 729668 759553 701872 767137 681238 699452 754456 777165 740069 735976 751761 747132 715526 698136 720381 744400 788933 725388 703821 756848 720185 713793 
684905 721144 694187 678065 678666 692580 671622 724380 702946 660329 697495 671759 723321 714205 776175 753310 727088 706881 729292 719877 725531 732850 764515 711070 694339 711762 719202 715925 739593 720255 675345 726885 703328 736693 757460 712861 737650 724411 687126 715477 694667 698368 746668 751470 732237 695920 746993 761107 679975 673547 688380 740452 705543 739643 740436 686110 739302 688143 739195 744269 754996 696430 722159 740881 752703 721890 660939 728034 724770 710167 657888 698457 708845 660799 761305 724524 728750 690168 717984 695711 711128 689893 752744 705654 727254 683936 791176 698068 711655 716762 738580 730565 755081 725575 686359 764976 697017 673249 738224 735371 743699 675098 687584 679435 693190 755911 735371 746434 759081 741402 730406 698626 737291 714186 714560 712607 719047 750428 740381 745769 695000 691213 728124 710815 787203 748378 713648 717306 723221 719430 701293 717987 691061 704449 744807 701515 756730 720977 722269 723476 770662 692064 783623 696282 751432 749837 686928 752986 797706 690782 678471 673211 727926 676132 734022 718444 733697 713950 787072 713876 693136 743626 708116 691769 682707 704006 726913 768985 743467 729788 773396 755700 670872 709239 726862 708552 708001 690993 705049 709603 752679 746273 713171 743881 715997 786687 710997 696460 688289 732549 713757 751800 735276 742048 747469 722674 690174 717218 698027 730605 664570 771081 740927 762495 672801 710428 730459 660605 695329 728479 763333 725843 695942 748492 719001 675325 730936 715545 723409 709623 708744 711075 750638 736477 724167 743514 734397 710081 778267 706486 718886 781906 738041 734322 723617 690032 725052 728702 760744 734520 734924 697229 714804 712518 704523 702284 711281 713617 679464 675864 694704 697303 683204 776670 664639 715894 740559 717674 732959 744636 731882 712659 719299 766869 691109 745666 719873 710231 764952 732652 708496 689900 666678 744572 711683 710265 750925 734095 703666 722877 724070 750746 703916 704006 727533 742557 737801 721361 732022 738510 717531 706612 719287 757455 746091 737224 704520 749766 709032 746133 
655241 713663 669437 679444 661463 666757 677997 696010 657728 692125 690583 683828 712361 709390 741704 712097 695841 686957 703916 709538 686363 706774 675067 669968 683022 704412 653277 705123 691097 671844 645656 719732 680479 708966 747454 687308 738917 664894 666976 695802 687323 652694 691086 698989 695958 676316 683453 698201 650131 665824 670713 700160 680622 718170 701178 654312 691644 680823 725035 715218 713167 646594 697127 669496 734995 713859 636470 688890 691518 680117 641027 666003 687066 622913 730782 681169 673385 655879 699099 682506 678996 698551 710126 680045 679233 652372 760969 665804 675749 704676 693403 666228 710397 714513 677937 743684 697711 637176 700159 703681 706953 688455 646792 661063 685091 723515 712628 726809 722841 728290 685643 670984 699119 683479 660150 683771 711709 692971 710815 723706 674102 659367 703654 693717 740701 705719 695759 668367 662521 675594 648635 697094 664640 663338 733052 682548 735377 689311 704367 676072 715938 654722 737951 662924 754194 676987 689130 712304 727972 652478 674981 641196 705031 630023 697982 694315 702090 670352 720567 701717 687027 709157 681428 674391 699636 681842 704054 743148 694642 672983 719040 730937 639699 673452 681936 694773 687827 660229 691403 707540 732775 697092 696523 707855 698979 717654 679603 687322 642678 701158 646434 673223 706153 709194 706952 694406 670849 670053 673393 697704 669199 754473 685708 757654 662817 697432 683000 632383 682722 675542 707080 688280 684483 728814 667808 647472 655779 705615 698211 655531 690415 713743 697267 706041 678504 718609 690758 702398 739907 637976 705783 729002 726185 674192 695388 677331 692419 682874 732565 695958 733244 687857 710045 728874 679154 692013 701817 680565 682664 664808 684095 663581 669180 713167 683852 674657 723137 697278 714809 691397 678587 674751 717950 732915 702593 709816 709245 718673 693564 699542 678756 683061 640486 690964 682336 662712 677834 701965 657616 689739 687061 739674 658267 655732 702152 701289 720244 690271 706510 719874 666078 667029 702036 725528 727420 704408 623035 704941 701626 691668 
675968 716752 724713 704260 725580 723090 697433 713829 719801 748728 713535 707701 739518 722877 775267 784649 741334 714185 777898 751064 736668 772097 740535 761161 723011 729939 708541 748370 758352 740376 671838 759169 735659 761183 779012 744719 766972 728903 740223 766612 729625 699445 786660 760850 750825 706116 738466 741182 736783 712539 701740 739858 724107 761902 747926 723208 754779 705663 766750 757140 758646 736455 743480 762418 771754 770713 686274 720394 737968 732279 687704 698363 747741 677623 763167 754874 738094 733973 740078 730438 744914 723033 782726 716703 726583 716303 779956 721237 745608 738255 746955 724958 738053 752391 732460 762013 682417 701943 740819 756472 801137 690431 717810 681760 705540 803596 741620 769077 784950 804626 749951 704912 758425 744150 703463 712237 753595 742513 751510 756133 753323 732085 757321 732283 808705 777512 760145 756056 741076 737330 691798 755979 695549 730886 797066 711007 760555 772592 744592 726885 721320 734126 796398 722936 780361 748888 735056 732031 799949 708151 707999 693587 716347 693349 724437 744694 764395 733636 756923 720317 704752 773521 767804 716739 729054 738366 721162 805099 759954 754167 788534 778577 724674 748685 726267 742437 730317 719244 718496 756792 769267 756316 743956 765169 684480 773587 716999 735233 713530 742543 702721 741587 721444 752288 765008 760904 713859 728352 713661 752551 705154 769689 750606 794090 711999 751675 745749 710643 713992 735075 799804 717555 713253 775290 727575 680033 729010 694670 762991 737955 759249 727258 747996 742866 738054 730095 759496 730657 773760 715340 740342 759512 721671 728455 728116 691154 747929 735252 777722 757374 782565 721172 723988 748514 742372 738277 717932 739157 708984 698593 701179 724595 693434 796047 686100 728605 752934 726810 743378 768049 723448 733698 760784 810955 749431 759234 746026 738814 767610 747060 736029 706895 691726 749726 720279 733745 755939 759984 735387 754755 685993 769491 680234 710383 755673 793220 757668 744408 726553 760423 733250 701526 747981 785535 784670 735079 716801 754166 763379 720657 
689564 724655 697834 676218 716362 690274 654495 715417 690047 706285 696801 677555 738627 701381 760126 779513 729022 707457 754751 702605 703024 749004 756629 732997 682748 710332 695481 714316 720988 703172 673000 745526 729259 728541 784241 727663 739176 714296 700915 752241 703377 700222 738298 714988 701915 689384 713869 717860 683299 700516 686287 716784 720840 735461 715314 671939 729975 691915 738987 716260 738660 719034 721949 704708 766739 754046 685541 721614 714385 715149 654068 686242 737784 633452 752302 727672 741926 713704 739426 727020 665565 726845 746234 717309 695913 683972 749219 704251 734731 707903 719784 706583 717397 736003 722312 743233 679673 666342 695396 732358 747884 687847 709376 678279 697416 736575 726443 742767 765220 757113 727390 700660 733822 698941 688215 696043 719106 707671 747874 745512 706424 667040 724387 696465 753729 726660 731624 685269 711163 688573 695699 721381 706654 703126 746366 749589 736324 750892 707921 706824 729124 674731 763032 726737 732523 726696 723697 720550 769128 671383 684393 671139 706414 675568 726676 706737 732818 688920 776423 712334 689235 699213 720836 676606 710187 734584 739217 773868 701934 719415 753628 742987 673059 726382 693640 724436 723044 682639 702665 757458 756847 727672 709012 727208 690613 759118 693875 697323 699133 729096 721489 728301 698471 741034 731687 705472 716172 716590 686576 732724 690829 758209 702156 791126 672311 736032 730927 672112 687723 741876 756167 722989 688708 759381 696028 654389 698079 686932 750960 703530 725450 689408 711954 717616 725135 712925 709254 712327 778395 690291 711084 743245 764878 710696 734824 670977 707723 709568 741762 769967 729693 693687 687518 746882 712547 696712 687480 708141 697073 671644 704339 698190 674958 758358 686269 709431 741214 709784 734705 741876 737244 712646 721758 746330 735148 740817 729053 724066 746324 725980 737187 723766 683145 745077 709070 688728 712151 715021 700591 713634 707458 734688 690257 691389 733395 740772 731292 721190 721461 721840 715382 716038 699805 735591 758950 712695 657721 743024 728004 714394 
667682 673214 641005 652886 658793 671340 655823 676225 682293 701594 716321 657193 731263 670673 696495 753226 697206 683185 718179 665830 692508 699175 690751 663364 665237 688304 659111 687209 667018 668278 619044 686379 706961 659348 737112 675090 703804 680526 659652 691676 683934 659992 709759 690557 681961 674285 692058 713445 662328 648559 632876 672783 655163 718616 702548 667004 706961 666920 733239 712818 731428 656039 691530 693970 735746 721228 634793 648534 650242 684539 610951 652888 714229 610400 731120 687660 693511 677006 666160 668482 663693 665836 740030 677926 660903 655436 724286 667068 670531 719077 679812 703081 707976 706433 661392 732042 656701 638322 664952 696914 710508 642003 700439 642650 694421 726314 712813 700609 724510 691641 663853 657468 687544 680997 655393 664847 710652 700694 728961 695415 697817 686253 682636 670896 720406 680278 696020 641727 664270 696638 623152 711745 634273 648272 700923 660775 707430 698300 698985 680723 712030 700804 769723 667754 721784 719506 655568 693599 744873 674611 647850 643437 696448 636566 693233 690283 679416 717106 716790 688836 638047 697129 707721 670973 637520 697868 666221 718612 676105 690657 736901 708026 653729 671196 675533 668145 691070 666910 683540 721283 728076 705241 711229 657295 664556 705775 661169 677267 624548 658021 674603 691075 728189 721892 678472 693899 677471 659069 647528 697686 677574 697063 692831 704346 671933 697364 665933 645099 653246 682134 772153 679373 659921 719109 686880 619099 668767 671569 704646 672238 685155 665935 672706 679833 690623 706219 685401 661189 692135 674953 684457 720252 702042 683791 675808 650968 709935 675571 696026 685125 699531 659711 642989 703462 686869 658045 664380 685327 659710 663319 646636 680162 640809 721989 659784 705395 696532 698652 679745 712685 660478 658900 703664 712014 712973 700395 674332 681760 723753 691951 699641 669151 646607 706575 705703 659780 704677 687041 690601 705888 675858 720024 654938 665903 696469 710134 687095 699252 716063 664950 671298 679566 715906 701619 747119 692506 644485 671803 714720 676524 
683379 750598 691365 729274 713455 722704 720596 729242 713401 723910 728829 713899 774141 732735 782279 819246 755708 724500 749615 741995 747791 779359 767424 757413 713262 720258 731160 712544 736128 736414 673693 775935 755528 756983 788568 747923 750380 736612 724263 772704 742476 694205 749545 774934 725065 729530 750627 769039 739685 740042 723958 744720 773156 769214 753452 706789 763865 737787 775651 754533 744705 718448 767861 724790 785797 778005 731859 718875 733100 745655 694685 700451 756191 694666 787604 755654 729348 713667 735955 708646 735461 718399 777591 723763 749957 728220 798061 725005 755925 728777 736960 753202 755011 760313 734364 793899 737688 700625 749865 791343 789725 716622 702811 693187 725415 769833 765059 785897 770395 780616 749609 709008 748347 774328 741693 718837 757501 745127 754524 758840 752871 707610 732512 734845 800438 753596 763239 693992 755416 736763 733600 750073 717863 726712 796634 730184 764412 759016 780180 715227 749588 701049 801549 729624 788459 763690 737661 725367 807707 708018 691393 687518 742137 685953 756041 716800 746526 753342 804607 715006 715908 735961 771408 722310 730252 759387 740845 792348 749785 756174 787918 767286 704498 721924 727670 747477 764442 724172 740413 742912 762950 778212 757691 760402 718180 790735 754307 764884 715791 737715 706279 748245 743572 755304 776603 749195 705908 740201 736466 769903 694013 780812 747130 823977 738720 715842 745894 714849 701583 722667 799855 760232 707603 795106 717129 704165 698707 746903 757090 734932 757046 758172 743416 755820 758823 756703 761176 756269 790941 736560 743044 788819 752196 749841 737737 690362 765287 731117 786506 757275 771689 727273 712397 788394 723806 744592 714946 723287 736404 727572 681073 727438 742774 795980 690913 766818 765276 770470 746889 753395 700893 726911 741415 801457 734600 766764 755472 758600 771031 746569 756803 728127 696838 772785 740306 737077 751651 761713 729257 768984 729214 765827 709702 727524 775608 758395 745325 760147 758381 730799 723944 733359 746647 753483 800121 743322 719310 773776 770890 719016 
714795 789583 737228 715133 762768 706751 735890 748725 732216 743133 762753 728981 767608 772065 821301 812899 768675 741905 798236 760450 762135 781898 789830 764160 748880 751394 733870 772243 752891 736749 715108 785482 737359 751446 801376 736843 805478 748676 749511 807786 749793 705393 774010 787338 763672 754656 748870 776771 713637 773299 712507 756673 759001 804694 750881 732129 774492 746081 775484 772950 780931 758501 773607 767721 812822 758872 726489 748748 750144 775207 699491 753214 783299 701123 795994 748776 774936 757126 779380 736075 770358 756441 778003 777773 758308 737955 803768 736062 764748 777940 773438 750890 807979 793416 754203 837820 720124 707992 749957 788653 766626 729368 734277 714212 745293 794835 785091 788227 810358 809963 751712 748439 748278 764926 727548 748466 773844 769353 782765 775730 742377 734435 760968 753656 823448 806643 788213 757190 742080 734402 726352 768725 709779 736724 812810 763917 766149 763131 786054 767069 767211 728821 816392 736284 805081 761701 765011 750930 831408 726417 737531 729454 759917 713957 767265 770815 749548 765979 797139 763040 746949 767569 781795 757606 770715 784160 755204 810525 746084 766297 812639 784240 718512 759150 735882 728202 762851 739996 761858 770551 785900 750072 766501 775533 748801 793663 763082 783156 701544 746253 745027 762635 776324 786706 763508 770196 726098 740585 734536 777435 722640 802196 746575 806058 712257 793197 783503 733566 749735 744523 805616 773939 775602 813594 726176 734726 749072 763637 800792 738974 768862 719940 791336 781904 759331 775786 783097 752412 804407 723066 795401 794467 782153 731886 763501 745907 769332 746560 807692 784258 776849 750982 750174 780753 748494 749288 745487 762562 759474 728225 718727 767066 717769 787887 710298 756320 781590 743032 763598 791865 742825 737087 757187 819009 783179 765050 782087 766877 795269 760758 750210 728883 732516 785411 755988 716443 749924 784791 756503 772192 740209 807578 732903 740184 774761 779775 748368 781595 773670 787821 718876 754800 761364 810685 789330 768555 739094 785154 757942 764909 
764743 790339 762272 722462 739414 739135 728215 765801 744221 747296 769911 736738 809954 760658 809289 814864 775025 761303 799545 741827 788524 804172 804703 778079 726660 784515 736253 753227 763325 760072 741855 795375 785507 779395 832161 760145 816769 786695 749352 782797 760213 739316 801307 811969 782139 761359 790320 793091 733824 731678 722182 787916 793492 773113 776091 745099 814879 762479 812720 774427 792535 734688 797381 779763 814386 797176 720844 770213 768238 744493 712276 752687 779508 702995 820066 773822 796617 769158 768119 748028 773543 722872 809330 757980 784485 746758 848677 763257 785215 792412 789241 772909 788398 806871 777858 832980 784638 713178 779972 816821 797214 753110 750699 695241 748673 805617 803959 842181 805681 803602 769083 748821 803950 794876 730476 747225 769859 783794 822955 786182 773116 722414 794475 745509 826118 801615 834479 734676 741568 744012 741829 797494 743900 748688 816999 779852 797812 798132 788302 772565 788075 739593 829999 755789 825853 789704 775054 784551 835666 752202 744575 710912 765408 726193 759061 759493 797235 775253 832488 771272 789453 781462 770620 735715 748434 768728 783821 798435 766276 812986 798894 817864 726021 770861 745378 786647 795333 756677 767438 769583 791241 788743 771058 805245 739525 813451 747274 773690 742986 770770 731508 790767 792645 803621 810009 763032 734949 779676 780208 777536 759460 832604 769163 828341 751186 790952 795650 739820 762093 760393 825262 748541 785271 823078 767128 733542 733216 774565 788013 797206 749229 759479 812865 794302 761878 789995 782018 759085 800069 741719 751570 822990 799723 781295 776678 756202 789631 757191 802393 780115 813295 729407 737112 805685 767586 750633 759142 765155 744539 744996 747552 766022 750544 809135 758789 770465 777084 790233 760038 802813 726761 762539 798576 790073 798839 800710 765454 743769 816896 745083 790656 761416 731648 799927 742838 761315 786028 792290 746952 774028 763048 781912 723634 736468 801281 809076 793153 782235 782812 784543 759387 763568 772596 791653 818830 767843 732080 787467 762777 768611 
681997 726534 680870 704846 722858 729848 700872 715834 727127 695842 741539 704216 769407 729925 765235 778637 740453 686585 753264 744694 728842 753323 750720 763004 701519 779183 713272 726036 730145 723053 682014 739041 740776 743167 752838 715108 759695 734193 707921 743862 736894 702274 741481 745615 722222 721002 735989 764838 681732 707687 724531 755875 722774 725235 753412 697769 751314 724773 756688 746478 751174 686104 767103 745817 793889 744612 682158 735853 703602 749041 665833 704335 730638 684871 784466 724133 717471 717125 719185 688420 709501 697147 782365 744988 744277 703093 768719 690637 725827 749963 750525 721445 742687 757769 697985 772138 715710 669069 733058 770244 742476 712781 715205 701523 719398 774642 749880 756783 767934 748295 755357 721685 732263 742288 713682 686986 724498 767944 765476 768394 714265 716475 723597 732345 778935 745288 751891 701525 717764 719323 696625 767006 687591 716267 733617 695097 740066 759542 758291 712424 752165 710104 789294 716134 764281 743592 706112 728733 775664 715683 705955 689876 730975 692184 748678 721800 719298 762738 771280 728503 721800 764139 717901 696635 703774 704229 729845 766672 724222 764222 775216 757936 689190 710755 720206 721057 716732 700636 701507 732601 782699 749659 733204 727558 718671 758875 711511 719740 700712 730720 727933 735650 764497 757807 744416 736412 705475 701498 704650 743852 716174 785485 739164 772902 698428 727374 727756 694718 728716 726100 792488 717989 703529 775250 716506 712346 727325 726680 755666 725588 729381 708048 730570 743269 735519 755562 774897 719076 765145 712341 729954 763804 741907 717529 742659 701348 707621 712779 765921 752402 721009 737250 695851 748954 727737 725354 738778 710466 719852 719848 683529 705359 694489 781393 731099 737733 758765 738958 717290 739415 715674 699247 744968 777249 744515 768182 730382 736742 763024 722234 742659 714072 694232 748358 734250 717835 737888 742922 725986 764218 720826 784832 688979 709556 740282 769472 767635 740331 771797 730049 726025 712400 750769 763169 776097 735983 701172 749531 754450 721733 
731147 790902 751148 727648 768149 751783 746699 783543 767477 752051 765403 752757 825362 803991 816374 817821 760369 728947 778898 778157 792446 804693 797457 790792 755348 774805 718470 802335 785089 765613 713753 776995 754838 784659 833561 764734 816950 758039 752770 774430 774766 728252 769343 783758 734312 763641 778794 777486 736577 746202 748742 772251 765238 776178 792556 751450 788975 760532 791090 776650 802849 752735 779541 783188 838217 808252 730403 755399 772228 750173 736565 733294 779709 720820 793469 755166 774133 756377 800157 767880 755342 752434 811092 763882 790953 742498 821857 754188 767480 765348 780165 776033 786576 789431 773602 825525 759937 728389 783533 801925 825168 735540 769371 723989 748233 804467 782169 805246 799610 790614 785544 728202 784891 755051 768230 766022 784056 792174 801451 797399 758461 747158 789361 770842 837322 829942 752954 744296 732973 742486 755855 801307 707932 753490 793706 785634 795589 797242 797662 766700 796374 749179 815332 732132 832369 780254 779820 773038 832964 721315 733016 717864 790991 725640 786073 786129 777866 789950 834329 782104 724888 793941 778862 742807 748712 766272 767044 831299 759358 775645 824578 808395 714615 759768 737199 781775 786425 734561 757370 763882 783084 791346 787762 798317 759914 789940 752258 773949 745399 797189 765427 765038 792109 779401 765104 755552 735991 783705 763619 794931 742883 796155 782136 838196 742433 776600 769934 720312 730285 765528 817006 747595 763928 816946 755004 726542 761186 770238 812903 771000 768084 755508 762656 772465 759309 775130 787252 782657 790103 746669 778273 818169 815527 775348 789012 744949 783691 799612 786889 814822 803424 727006 753040 834064 748322 753914 766854 763626 756247 743111 740923 772673 747691 824111 728719 759137 833355 774306 785079 805868 769436 750219 794221 797209 802027 801434 778558 748218 807776 767709 764647 765131 723117 784327 775474 764161 790232 781308 758126 791869 757547 797859 738549 754973 813619 785622 798275 785245 773969 795067 756079 767971 772562 807758 830547 766357 775525 814331 791673 760801 
693375 735828 681731 680864 721713 715011 685358 705732 684369 693773 708138 672978 758268 740246 746853 779325 726954 723813 750348 716002 717042 751469 709685 707875 679095 714290 720844 734923 707596 707158 679585 745479 727925 726163 777186 714266 731272 706216 702891 718255 710295 661581 759763 718245 701806 702042 716965 726107 678452 700921 679738 738079 696248 745666 718395 690318 749065 700031 736426 742468 753817 717682 708334 693371 756286 755548 662964 724039 723506 715069 657052 700293 709547 651075 774803 718033 715904 697580 707436 696832 702994 699853 739498 707530 698985 677421 757968 708162 744631 748255 718864 713714 730467 731923 694566 783591 705329 662472 724916 737427 754694 673119 708018 660863 723340 744651 710463 741129 758253 767130 737591 679784 728447 713790 697306 706163 709645 726645 756275 748712 693232 701413 717980 688714 770589 752616 733154 717653 724314 724592 700109 715284 696184 691351 767244 716984 746777 733913 708492 702548 744172 694828 775037 706756 752945 736538 684144 705733 776258 686395 708231 667333 727081 691270 727961 679794 763431 706181 752201 703205 680583 746430 719287 702715 682009 714678 705598 770695 735040 761387 773461 756044 692319 723189 680997 694183 726384 710575 682579 735008 760827 717244 694794 741507 687919 759073 716049 717211 698739 720074 723074 751024 724802 746929 741359 730804 698524 692252 704854 736619 719658 734636 690261 766744 694129 721349 715812 673090 696919 721099 756718 714505 682977 742707 702377 703767 715513 717948 724046 691822 700119 718552 715729 743553 715275 752450 730249 716734 762634 697267 693782 753227 739205 747738 701155 689978 727971 734535 763429 760051 740514 696338 717305 758258 722118 713057 709790 709180 700955 675445 699216 707887 683723 753549 662242 711369 729195 723354 725366 754254 727061 695333 698920 764052 727005 759067 720001 711045 774520 730166 716159 696839 685736 738515 741959 700455 721722 721735 730791 729797 714394 746015 715436 716721 736642 742225 712892 737246 747981 745683 706388 708135 717170 737553 777578 734853 686063 757332 733415 742776 
672242 754401 713685 713135 687628 725477 710722 743909 717554 725155 765258 709097 789247 768622 769145 789686 749331 728106 759099 742387 754966 797807 742872 773845 695325 752929 709383 748313 709067 745494 696027 745365 741203 756297 785784 761086 780828 755899 744695 751277 730338 711441 778462 774108 734919 724313 745366 740551 756722 729099 726326 734631 743889 728130 735610 736671 764909 719208 753924 782391 772294 725604 730000 736319 782571 773294 695405 704966 729750 731541 699326 690603 742704 645889 734955 750823 756259 751357 733752 711839 733285 732526 786754 730893 733264 730824 818206 716159 761915 760359 729139 772172 756254 745146 755760 790347 714434 711884 760701 765936 780331 712330 697228 688956 726452 775474 778985 779217 767823 789450 757994 675960 736108 746209 731142 739048 766471 774683 760703 752779 748596 727564 742474 745949 796146 777777 747586 704853 732282 755761 725477 761293 722429 752790 746294 757247 759196 783358 734444 730472 749504 739107 802843 724832 792792 756418 735921 728533 804366 724028 722410 698991 695306 711896 763598 719548 740220 759107 773541 737333 707890 740975 774868 713182 722702 753682 746485 814302 736456 771783 790057 779583 701150 732778 713330 759582 782126 716333 723667 757731 764772 765717 752204 764775 736163 773958 761066 741341 721968 768059 732623 761843 773836 776027 750635 755078 710352 733136 693825 751338 713856 792737 740226 804712 708966 722102 741454 683548 709114 746969 778315 738853 750759 748001 735690 723736 726861 742654 794848 721525 743513 724083 740265 733565 759589 751206 775983 765083 774080 696772 740679 766901 775560 740715 762108 717389 767089 752567 774104 753764 781530 729670 755107 782020 739492 704957 697930 741348 733220 696620 731188 736450 717747 793580 719288 745296 799494 763569 742536 783239 713038 731152 746601 786649 762417 774507 756503 738396 758925 761845 788006 725647 694840 769894 717655 731078 762408 750519 757667 748271 730566 774764 727526 760756 790998 786035 757568 759046 757827 734038 743952 743648 762563 754369 801116 750612 744143 779494 750387 730269 
720638 820832 788376 750429 769036 743467 745209 759013 744688 751886 780015 732003 800764 789003 804423 817384 777947 744113 774039 808975 773119 836957 792569 782760 735352 766877 765570 794716 786747 772660 743577 774060 778913 785076 827275 780349 809865 799438 765779 791126 786538 747617 784261 797302 785560 747658 771353 809803 774767 771934 768606 788908 778892 766707 791558 756413 798083 770855 795627 781523 812227 758601 785820 755728 834030 824082 752518 783413 772457 799735 715039 757243 783184 734187 803756 792825 787143 726990 793728 756781 768915 766037 812342 799661 796331 731278 818807 758693 794803 772357 792989 765772 769369 820704 767956 820073 744438 713583 778618 805037 807280 766359 764673 727063 788830 821604 809207 793366 841083 822593 794475 757473 803646 772629 755539 765363 799486 784682 809461 808492 781120 751692 781684 771042 832297 795500 792929 752455 790841 764848 733870 820852 743252 745914 820887 779143 768752 810316 797367 779008 797966 753002 830116 778036 813293 826403 788472 778694 826665 734651 759155 719004 760943 713693 801144 748238 790083 732526 813180 761054 753079 797260 772834 760291 764149 768945 778362 833082 791781 800634 821065 809081 742710 769583 768376 756329 784720 726069 736174 824791 810819 809869 794450 778160 774467 815353 761007 773256 755864 785778 772344 800607 813615 835015 796843 777452 746848 769329 772673 773727 774143 804179 772646 839364 730861 778673 759011 768575 775703 791768 841122 758193 776982 829511 765004 754209 760690 755143 802969 753564 782386 782637 739495 798784 795004 796498 793545 774502 821886 760911 778733 833831 813200 774371 775078 747066 789227 781322 831916 814282 823533 778237 758482 803912 800880 779926 765303 774810 766014 748553 753011 745128 752906 824791 772169 793021 791328 783561 788060 799494 757893 772790 786576 827091 814868 808372 783210 812401 820629 776589 791826 741291 727976 819429 769959 748359 783063 793537 757546 800184 774088 807477 735553 767980 798563 814592 782855 779915 806914 808552 773046 781645 781685 810674 839140 784214 746984 799336 802385 805834 
713567 771590 728094 715792 747427 766582 720815 765597 746225 748097 742642 754279 808465 787962 806707 823606 781314 728512 783005 763675 764399 778483 793806 776839 737935 765633 753681 768080 757212 754704 726197 781959 764099 773452 823072 747525 804764 742391 743272 788483 753969 713509 784304 787369 753983 726982 762612 779060 717376 731658 724979 739216 753676 810562 750551 759550 789506 737613 765720 784870 766643 785547 754284 784587 825184 807876 689221 736823 767958 736698 697205 720411 777751 684691 778896 766500 750469 734536 800269 746610 739127 750721 780805 770059 748383 750770 804858 742662 774350 796310 774372 761327 779000 780732 747658 812271 759094 727291 761699 765763 773132 742385 739746 720296 753436 793573 794773 801902 807880 780332 790412 738322 765542 746739 744260 773490 766194 778906 804368 797916 796071 727461 763341 756274 823285 771117 774325 721918 753655 786603 748734 777061 720872 763149 798033 746578 799536 796588 791681 750118 753098 736369 843835 734589 803061 775524 772894 746327 828450 721682 764398 698518 765274 705856 782521 756344 764751 778800 810966 749145 735582 757024 775038 723774 762930 775078 755309 834839 764145 791876 801347 809781 744135 744725 755179 766282 776292 740202 773971 803776 829019 789649 799452 771060 749151 821886 787067 777610 735711 787388 753718 755537 794483 774732 754887 784902 742093 750435 695500 784850 750240 815659 743588 831730 711493 767047 762704 746178 735815 741564 821613 740048 748609 807403 770603 726607 737768 752578 773631 726903 743840 774004 762661 773321 754796 771801 786717 761374 818864 727662 768984 818650 806017 767029 757792 744970 807178 748766 817926 767959 805855 754904 754360 789050 761859 747696 759497 762229 747097 716661 762501 736047 734276 799871 751365 782186 791324 743743 773812 811444 730306 733894 772449 808510 763217 767556 781149 783515 805258 785113 767278 743623 733546 790503 757824 759104 765916 761956 741758 761764 727853 810972 728136 748288 833483 801589 771785 769255 778331 779773 706678 761287 764620 796289 818775 781645 730310 795009 757339 753364 
631074 686270 662944 634286 662415 682569 673424 682678 663856 665851 711976 658797 732699 679473 730949 761222 707021 655102 726023 713536 693026 731383 725516 705089 663664 705338 686348 721541 696542 682714 641978 714969 707674 722070 765165 676292 723897 690833 699260 706365 671916 653660 718503 719431 665051 669565 716921 714392 676119 679507 665416 687124 702379 736670 710551 682452 709754 695602 699095 704969 705111 674560 707656 693279 771956 723764 636479 679968 665163 690354 661136 691902 699080 655369 719469 716014 678903 681358 719613 683264 694976 670004 703708 706696 711926 668497 718467 699787 707484 705398 711416 708346 697896 699777 686222 749485 674279 675156 707729 730123 721225 682941 701015 642501 690680 703073 692385 750408 767389 711758 702797 672703 705775 700593 697329 672106 704265 707604 697212 742536 660595 656625 684045 680590 739350 728010 706905 677346 683140 685949 704991 710012 642074 668208 737953 669783 700764 724443 698528 681452 715386 677509 742584 668893 741061 703827 700570 718436 779970 650862 672761 647805 700985 660058 705633 665218 715831 716340 742498 700104 644235 722243 682203 690482 683454 696713 723124 755671 732868 703409 744895 724622 653789 669840 680147 670811 718593 677802 670156 696961 727403 722920 708265 710476 663105 714795 686824 690900 675808 684396 669794 680380 666523 723016 731402 678600 675461 693879 684607 708348 674054 746586 696823 752756 673073 680595 696793 648767 680208 694075 742264 673191 667677 745157 646354 670000 684445 704582 700749 683691 669269 708700 688987 690887 693688 694369 739417 709803 742869 679869 686076 715216 682222 709677 687120 670974 718715 721500 743403 718273 716678 701081 673270 738206 685034 673674 692706 685441 679355 673260 665239 663538 676492 729997 656528 710907 716741 684130 718479 713153 671815 664995 692564 747708 709464 697971 700454 702159 713649 702412 711084 667556 634785 737574 688388 687684 707943 725545 710520 709399 662937 740895 643295 685234 746681 733733 722147 694309 700993 680597 656304 717339 708616 702248 751523 698750 665401 698719 691687 699893 
711620 760784 740460 712149 734725 757745 720925 779489 770935 737445 777195 716820 835187 784023 814397 832842 754973 760336 804456 771074 752216 775126 782288 789726 744972 785134 744648 778408 785907 738803 709657 786702 776739 775417 791766 746552 820858 766699 734699 775463 769700 752449 797539 795148 744284 751542 779239 795555 743251 745915 711828 778298 772617 774710 797149 745720 778162 754341 794128 783544 769939 757204 785277 768235 827419 809020 725517 792098 766298 763884 683561 751919 776775 695415 796530 785256 778694 749125 772449 753357 757731 776199 792302 750269 747351 726833 838958 760654 795343 796875 797862 770544 781913 822927 762923 821090 776826 707278 760781 785571 812313 726360 736543 702346 737048 787373 785516 803460 826374 792338 768965 754656 795939 745973 713997 739670 772097 783202 807526 804857 759409 745856 785143 753548 810360 798067 800296 755074 750067 750039 748996 787092 774683 745490 796993 772353 782836 798109 764501 750979 778799 767736 848203 733158 839736 773071 781098 785125 811871 739606 749794 740449 776161 741248 797097 768659 782161 762187 816441 784133 744671 778841 747974 768727 768569 783085 769636 810815 776905 787165 829421 819814 736487 784090 750559 773560 777044 764651 719764 791421 810203 783917 780725 804057 752396 802910 744584 771925 749088 766182 779811 785529 792319 792854 786051 790539 755311 784030 733251 801974 747455 792290 761818 861452 721418 770887 775166 746404 743518 770319 835970 770952 742421 819979 775030 719660 766628 764238 791228 751393 760097 788998 782124 782008 799288 787192 797956 757138 818145 738766 780289 804983 801252 794055 767962 727773 758360 771351 823060 814845 781061 741264 739408 792390 782421 753483 761060 750322 745644 755816 749247 757041 715779 815960 746725 767049 806956 762643 769674 794891 731591 744187 790102 793777 794927 762551 766586 767173 820771 763613 770580 760447 709988 815462 779271 757784 791702 774034 783885 777878 761318 793869 716186 729561 788644 791513 784025 773497 787193 793145 761594 758487 798415 798031 826563 778454 719304 815899 787866 742480 
670609 754477 708059 673222 688788 739247 705545 737129 698147 706598 733049 687424 767567 736220 716841 785834 712451 678373 730079 732369 726285 743492 695626 703652 728225 736753 681799 731576 720320 714817 657696 719232 727629 742943 762688 733034 768813 708846 705558 717120 708771 707782 713862 712141 725634 675447 727075 750515 686688 718326 709168 731242 721206 738084 751525 694536 726150 698023 752594 737173 763633 699521 701339 704845 762698 762165 673766 695738 714509 683628 674154 692949 744810 673894 749141 735923 731516 676525 701433 711579 698538 688970 742336 714461 720071 694694 768439 718748 742879 732884 741715 723938 720198 758276 697029 771792 712308 683701 745823 747973 730199 696133 720539 696157 699993 755691 728746 746641 753903 759478 720262 708548 730214 724949 713815 704862 731811 743017 747548 731890 712324 715952 701203 737248 773751 741931 736159 698144 728867 737607 687727 754819 688526 700174 760187 712158 752335 743846 767666 709808 722253 717828 756247 704999 757309 728622 716404 700827 804247 664614 684716 644396 701819 692766 735876 705754 731171 697874 748645 709995 689533 739795 738960 717648 705153 700118 715546 793756 721784 720137 751696 748130 696262 685562 695654 705269 753052 688926 721966 731796 750588 770586 704637 740201 696519 766947 699730 709842 702403 711361 697941 722870 744303 755103 729673 727975 665274 679428 713755 738257 689714 756227 701791 790673 688776 726430 748898 691667 687041 697153 772998 728612 723414 755783 699981 692109 701236 696763 709197 690952 740876 732730 716874 702834 720721 700781 716177 721571 756953 701462 718157 774595 745274 729351 719355 691966 729190 730104 755987 761155 757373 704035 716605 742761 730045 695091 739141 733876 715571 702843 697007 714011 707470 764914 681805 696024 743342 714952 725546 730561 687697 708248 754995 762881 731280 761209 700447 727502 752770 741646 733931 699891 666705 758898 726489 697245 729110 761198 723485 745631 706238 729198 661904 682320 774708 749106 758074 710089 736602 738203 690730 723960 742814 747309 777767 721831 673324 738887 703561 717727 
702654 756205 689725 702006 716182 684958 685545 743796 731846 700616 760047 716215 767357 734923 775297 789792 745289 686096 774101 760723 737766 754850 755564 734231 709180 725672 689107 739302 747286 712026 704384 758816 741472 745901 769776 730892 748009 744363 742619 743848 727013 693778 746068 746313 740797 712395 751392 743370 705741 712601 691381 732557 735727 731973 736659 726823 748993 723556 782271 746047 771082 733322 736657 746582 791395 754268 691946 755365 708239 722655 649889 708191 740754 669063 770658 752817 740463 709398 739786 702414 720465 703682 772471 742790 748695 706458 793024 718886 763279 745876 753989 734119 721557 740568 729929 775847 728565 687611 734419 749119 767176 683823 704590 665082 721218 766085 751532 761254 779558 764702 743289 713654 747631 765869 712741 701377 741255 745050 798830 757708 723957 723281 762096 737508 802820 762525 773442 711683 730561 716812 743690 750747 687875 711217 781077 737878 763873 748404 739514 719429 725164 707214 786501 720938 795030 747350 720361 715389 810802 715881 711558 686551 754912 697957 717576 732333 737744 734716 796093 710891 699138 762041 734581 691051 710316 749188 771787 793106 738968 770583 751413 757864 701095 736064 719572 722277 723712 711321 733970 759377 769274 767447 728996 748450 710035 772612 727628 733704 731372 754527 735763 763688 744747 778712 756757 728359 721421 732886 727237 733283 708229 774522 757457 798331 713602 733646 742655 709644 719987 745632 770314 705577 724951 765608 743408 728011 707148 711575 754840 717456 749053 728143 741612 757049 713228 775712 760258 719708 782544 715183 728377 768237 756811 750070 734018 693550 745858 734714 763264 756742 760386 715873 702973 755643 750648 723029 715099 710764 727080 711178 713814 734923 728843 781433 708573 731048 766717 745399 737387 749246 725909 763697 739538 773660 748469 762899 725728 767890 743511 745409 732480 714854 709177 759947 721324 722407 768507 766633 750406 761925 726767 757909 706901 702467 749343 780223 746484 716293 717503 751211 701200 717250 758537 779382 812205 742901 707443 748945 738193 741690 
654443 730195 678838 694143 670429 686280 669016 748663 703613 691838 704189 692830 714811 736342 754729 774268 712361 698754 726285 708709 717624 724248 702559 721690 700316 722551 683097 699428 687445 714903 679889 712267 692151 714247 759558 703315 743809 708356 684437 727460 706269 670794 715949 743663 707370 672245 705208 693268 706895 703907 662718 693515 717865 745846 729738 699865 697628 635654 739137 733803 692241 701880 705740 729413 770038 754592 670653 704802 699565 667437 654096 680604 712069 648297 747919 738231 688525 696586 704689 704743 683922 692804 749772 685946 693571 686275 767073 729271 723416 739608 703555 743367 746534 709340 684080 728605 683095 686725 718972 739031 738120 730585 688893 641597 681760 762808 750794 747466 772536 754393 706474 707519 674875 706218 699254 693265 717193 681591 752072 691811 714342 688893 743937 721713 754145 743784 716855 681165 677338 726578 693351 727525 683609 695497 758641 697211 717721 722065 709787 701775 711234 699206 758022 694064 736985 689325 698468 707793 757313 663421 691284 669052 690303 659466 740989 707706 707214 719769 748804 709272 678190 706756 756416 671229 716696 697746 714365 742121 695360 726944 726690 751882 670822 683407 699903 717404 717377 694484 690720 722684 742827 723102 703536 730292 667482 767596 709428 705335 693933 721727 695807 702772 705633 751430 724770 718024 709932 691638 699871 711500 696992 742568 690302 780657 676635 723558 726816 690141 691375 703346 756230 720599 684174 760006 690521 640648 716101 685200 727053 706059 714735 730984 728043 701637 720483 717643 730332 698643 751502 667076 674360 770757 713655 731122 717726 676669 699325 715025 722065 738475 740601 692529 688060 755924 712332 695266 691704 692194 695588 672957 698533 693096 702678 747252 661776 699233 729545 708416 715470 749946 711436 707265 728965 741249 701079 757219 682845 710175 712210 719309 703778 684365 665254 728639 701899 713163 724322 724397 712017 714221 673087 706549 662120 691356 747863 744149 692492 712837 723834 731475 691980 705514 700191 748083 799007 754546 661369 714051 705046 691250 
693448 773727 723664 695671 732903 709507 715603 759317 756027 722701 738278 722274 787766 762559 791522 799302 740727 744963 753909 764602 758427 767065 768510 758657 733499 744667 728267 781948 767128 747803 706512 780309 768951 756071 783780 736770 783951 750380 725048 774299 737603 708971 755745 738556 752306 736544 748334 773823 720590 752064 725129 754378 720101 776296 766193 721454 728615 711134 757820 750453 762807 750250 766908 740036 788039 765236 710322 772081 736704 741878 707382 709148 787074 668482 780339 771412 763797 729908 773452 748432 726351 720211 788992 724372 743306 710758 814762 724835 754789 744263 787835 738982 750234 758596 745031 805547 742129 702363 757502 753960 764895 710242 734222 694944 717612 790050 773488 763721 799980 775471 750619 721196 796567 743786 729791 707852 748733 757867 792672 748939 747769 715468 749514 747110 794509 761427 790666 716005 726356 740697 727459 776104 729033 721428 762135 744204 743325 778443 761428 740198 749921 737556 789449 692447 803885 728584 718507 745324 807724 721095 698179 696184 745501 690418 770780 747825 734752 772165 776703 731043 708449 749766 752558 724187 749685 734414 761580 795119 742314 788929 797303 781242 681755 726706 746662 739061 736186 730394 717329 770593 791961 772698 762579 765199 730093 763396 739596 747980 731112 738993 754171 744533 762246 783042 781422 751708 746900 754399 705520 774914 722813 777923 737267 839157 716588 730526 747775 724430 717930 751982 798291 723719 724632 808825 731893 736995 759852 731271 774260 757755 724158 773076 750740 758395 754135 762912 730656 743890 791760 726081 748049 782603 754415 749905 751490 696471 765005 758741 793261 795884 772724 728482 736785 771202 756688 743267 748365 728818 750988 738808 726177 707479 718445 807347 707305 746411 776382 728905 756161 784647 715915 736040 770168 795459 773440 779669 744504 761771 774219 751178 765264 710697 717865 753776 738853 749665 740446 769900 761635 772032 733944 773909 693519 713144 754037 749313 774945 749103 740922 724733 726223 743946 738653 769092 793678 745206 705356 763862 774922 753739 
674319 713699 691639 685355 723254 716803 677017 724234 691732 711806 708058 680725 760176 698200 752895 772540 745239 705904 760351 713174 735293 732545 752080 743515 672163 730432 696235 721387 726837 698023 674981 739381 724662 741320 791816 690927 756310 723030 717741 734959 725091 672787 728867 752123 729959 707695 705272 744760 688556 672895 698894 719560 721565 742051 700287 723406 738558 698855 754544 712620 771279 714555 706681 733567 775819 759068 679302 717913 700668 730397 671480 716996 723272 644814 750281 717673 735362 738012 714036 731552 705482 717471 717265 731228 720280 692053 759730 716523 737946 723454 718238 727610 724769 748012 680293 771914 686839 703336 703888 729375 725430 689141 713143 703852 691680 774800 755262 770480 792686 759975 719099 723631 721496 706254 679010 755161 704855 732402 757871 752937 698637 693218 735630 738047 794401 747597 741894 700817 710157 707831 686542 750318 687106 698565 717808 713881 719395 747017 760726 678733 727013 698510 797799 684971 773130 738089 711527 716637 813289 690921 701649 642638 750815 680199 728816 707165 729309 736276 755659 741360 690751 730498 743739 703946 716885 724452 729461 759879 743514 736448 778313 749849 677016 739292 710144 681910 700314 699941 711992 741167 755482 717021 716185 720814 723821 745439 714023 719989 699818 755425 711829 723129 715902 747341 717841 734327 680352 702785 684139 751106 705885 782836 727862 788985 698138 737154 701880 699319 712626 722481 760552 693857 677021 748909 702026 696999 723746 718085 709586 706965 728108 731119 721589 728167 727973 744440 734734 737632 782013 694573 756313 785020 742959 730851 735558 688443 743709 730534 767497 755290 731073 694295 713796 768566 716220 712014 727205 725655 695750 679500 705536 689594 682156 771952 692527 723103 764918 706748 759156 729239 725889 679541 737616 774180 696031 759674 757826 731984 752542 738463 703073 702597 697233 757726 711349 702446 728228 717945 693833 735157 690241 772382 706212 721127 756698 759096 755650 732733 751559 734036 710487 706052 708989 750289 812848 730748 669655 749074 743294 721280 
678331 732431 677670 669445 706402 722641 673497 708728 704477 681743 711968 669961 750039 708362 746775 747245 729254 706511 763266 727720 736426 745316 723794 749465 695001 666865 727671 703375 739831 691735 626793 726646 733670 728604 785096 701131 738655 723310 686435 716681 715692 689142 746549 765086 706097 692887 715390 744344 687071 703675 687259 721709 737590 758218 710289 708527 740114 699328 738379 742511 715963 686918 713616 736765 784394 769556 697813 700865 722903 714570 655439 689326 753341 643792 764090 718715 714800 715004 729589 690216 676767 720136 739748 724260 717886 684179 753627 712640 712093 754813 717863 730192 734978 728602 683623 779499 696296 676360 732255 736708 754846 694363 695357 674437 684324 750928 725895 765412 787243 753418 710576 675012 717095 713123 699673 704660 734923 723639 739745 717767 712680 712360 728440 715161 774015 740888 739661 688693 718041 735402 703547 723706 687983 696317 733533 715525 740978 737314 737638 659371 722588 705524 806938 679713 755445 735385 709327 730095 778668 666964 674836 642966 734128 668336 725244 706157 734811 725992 756093 711492 701357 713471 720319 717275 727390 748683 700780 785555 732282 736604 757482 760511 722549 723529 728831 721775 721621 688895 703043 734984 742861 736195 724166 719568 681488 750312 710279 728444 677751 733337 722681 738835 723689 729792 729354 747147 650054 706232 712186 748346 693118 736717 729032 771712 695646 724747 718839 700441 683892 713360 791873 700041 678251 760742 721252 677588 704776 690375 714924 709749 730013 730828 693459 736474 740507 723640 759713 708271 774548 700833 736866 770016 720429 736859 727580 682631 731640 724317 763681 752514 747099 693175 688939 750112 718665 699840 686990 717857 699380 675374 706672 712250 693817 744301 663482 720468 732094 724592 715025 732252 684458 708553 723477 746638 729938 723001 724152 721318 742878 701576 717455 701493 687152 729316 712267 701393 738641 759320 715586 706947 707519 735483 706012 697500 727056 709497 729296 729927 749387 732233 730809 699110 719037 742482 804095 717503 650540 705619 730534 707386 
687235 749169 740541 706702 710465 743753 748232 773641 723077 757751 744192 723914 784456 764740 796000 816621 747064 731752 799813 749275 748049 763081 739718 770719 739383 762939 767538 771853 778642 785559 696825 781472 756344 762596 788519 773967 807093 760314 747505 775197 769597 733559 819520 806081 750608 749304 739905 774386 714630 743954 744082 768736 768506 772822 773465 756379 775448 727112 759586 776192 805372 753434 744990 767167 791195 783177 716162 742491 768589 738619 707494 733270 776814 687716 785618 754991 785272 747852 760514 731087 734517 735408 778326 763591 764435 748023 820860 737139 817541 796870 799142 766886 781100 787201 767541 799989 723739 706023 789738 785902 787355 729208 761539 712285 753408 796602 752899 768167 804977 801766 759631 734732 746239 756757 736460 764039 763232 765375 816196 793508 757697 747787 765193 764787 834731 784142 769279 738527 714266 783941 743807 762374 742974 736954 794453 740918 782923 798896 751028 752484 748919 730792 834907 737514 818837 788503 772855 750029 837147 708439 743825 713023 722902 719260 793408 741616 764685 754965 799248 763332 743438 750467 764634 731963 737918 765760 764322 825966 779078 785230 803935 806559 717110 771468 752641 758917 739451 731631 767380 754789 818150 776642 793838 766754 753835 780330 741049 753926 739916 754533 751307 769237 761116 803426 760013 727281 723129 750934 748237 758058 732196 802771 774697 828259 739560 753124 751982 718855 732448 749713 812028 750049 728297 794205 733533 725281 769953 730713 773203 758805 760822 776878 766682 748084 786396 773789 797573 758273 802942 729158 735922 802240 755738 767724 749860 722477 764946 755509 827526 817718 786557 721353 758382 763414 756458 737555 759996 739247 751905 734398 709977 745400 744260 803476 714549 752140 784507 735482 786913 791264 742386 718616 760651 836874 798598 769613 782647 745822 790163 767256 767846 710919 724841 766835 745994 764563 777425 764551 793758 768587 746495 766142 727762 754047 771685 787224 795882 767889 804710 777973 724619 761880 784646 744471 819303 737579 711853 803565 772424 757136 
733974 761224 769287 731215 737476 757725 741431 766286 736060 742414 778841 745018 812658 749122 822048 810922 756377 717576 801245 764115 756664 785243 779705 788505 757103 760984 715321 771547 754650 725311 714023 785497 795558 774450 798219 777369 791514 728066 740709 780113 752308 728775 765705 796919 743546 752820 764664 777002 757946 723588 719272 748030 753757 808678 788439 717926 790956 744200 781444 785697 780344 763625 734918 753030 779761 807488 717021 793457 746405 760370 727651 740976 797742 707550 781426 746399 749257 746735 766970 728369 733959 752187 779887 767503 749102 714316 794495 738000 745706 782229 790489 771280 792061 779037 759613 815903 735142 717948 797969 807470 805214 737614 757815 725662 750376 784020 787448 791185 838625 808221 787020 786536 764525 763038 737413 770982 764021 786721 796989 791828 763192 743076 793962 784713 865520 774856 776013 737188 754724 757431 719944 801611 747993 762650 784482 740324 792965 783348 769948 768398 768481 732316 853771 734280 775559 811143 768918 781999 810218 727969 751018 736110 749446 732919 788861 768570 766116 732115 792051 767803 747536 772139 772825 729771 766313 774736 771770 806540 799959 766988 823622 789488 695171 740591 754411 767465 776646 714909 754548 761114 780262 789904 772757 774493 737560 798923 761523 748134 701492 777769 760210 781234 770725 809336 783646 750936 739938 734049 742066 764796 726768 834175 750315 831347 749035 776586 766265 741657 769521 759916 774627 769558 774226 807295 751196 706856 761198 776781 792222 771624 751359 785900 765747 768416 765599 810807 776899 768764 829133 745571 753830 802343 776732 755745 768417 735083 785873 760899 815215 816869 789837 756625 747615 792798 762105 747084 771032 770597 758025 740033 724235 749382 744418 829029 713338 756632 770081 744456 757416 793465 762813 730408 799823 802276 775767 754768 770262 784240 817669 770804 782311 742136 719433 803454 784337 774532 782310 788721 750268 783057 751714 777034 713458 731911 813491 832091 774617 749417 770506 786535 745931 765565 775913 778257 818913 785705 748332 801573 769593 782995 
678346 734768 694120 685798 704762 715469 686382 738473 688613 693543 722564 697317 760080 735347 768581 773779 731890 735695 779820 749606 740661 767250 723214 744241 711859 738802 682079 754339 724006 734155 676070 758828 746801 732143 779739 714024 773983 731840 730626 753210 716644 689797 767441 761938 718147 682896 725419 732428 687863 718606 687930 688847 751465 741946 723832 712382 731744 678362 743773 753483 722534 698903 735042 748202 784035 770087 711848 724839 694208 735464 676249 704220 773421 662127 761885 727118 739977 716005 740278 698869 731221 705628 770445 707833 703322 720897 784779 715496 739192 778979 736610 748113 762082 738607 701119 770120 710927 691261 747338 734540 759918 690281 724135 679845 690145 777801 755608 797055 762467 775201 737225 697556 724691 718871 728645 716193 748082 736098 756564 702007 745743 732985 743739 734197 785716 779102 738974 693839 713974 739986 729460 753830 675589 705112 760301 741880 780211 746161 747641 704321 732013 749356 744486 726847 773044 738157 739754 724458 799285 685421 746608 712365 690511 686882 731232 767474 745927 738338 794587 733658 678128 743399 745756 714131 719432 731031 749476 767999 731319 734918 755918 760360 683757 706357 712889 728229 758478 722459 707997 761995 753145 737705 726206 752858 697257 759208 739194 708594 712565 744676 710223 763719 744018 741938 733167 722592 749529 731340 692408 731232 713008 795871 727049 798323 713916 754629 749969 705067 699497 710816 776292 729683 739322 749306 704354 704148 714200 714107 747482 721155 719406 740645 737852 729711 729677 736071 749975 730908 750323 736950 726315 763143 743518 739581 720628 704602 752170 721505 777031 765277 772671 749094 719307 770099 737361 715199 731555 723871 733700 695614 734693 715041 713252 749915 688944 732492 765015 724960 716769 768419 717672 728672 748518 767656 734253 791701 751422 742447 777597 737391 754906 727679 707796 763324 736028 711572 757419 763349 746276 741367 716760 749084 658751 708878 758265 766455 737188 723643 732842 741770 729159 720012 739544 760764 801817 745782 710394 759733 728525 725247 
654155 747132 692139 696858 723876 692331 679187 734547 712758 704389 702854 682089 748852 759739 755020 787392 725927 717880 744932 740823 754044 754389 732883 735887 738109 715847 690915 709928 765072 736938 668557 730547 742013 741675 764285 703276 760367 721931 700042 741348 721965 706173 770330 772884 757649 714592 729423 759891 691353 712143 707013 700464 733688 740648 745768 700244 760761 691726 759341 764975 719274 747863 737924 720248 768454 769490 689513 746116 733366 700077 673676 682062 739910 668478 789288 729973 715218 704505 748300 730465 687003 716922 779434 710510 725022 701086 777431 719106 753671 736270 765361 731165 750992 748622 725688 785986 730003 664998 746414 743287 750208 689943 711172 661380 735040 760994 737203 756979 777608 753469 725589 682636 743715 733659 708762 724857 734011 756015 744257 735305 723192 691980 740862 713895 766883 765058 740817 723428 757374 709456 692386 744207 709780 745770 762090 708405 753115 745473 753076 711719 740578 703300 811136 696971 771878 779922 723788 732856 786723 678476 716256 682958 717930 688908 739413 728558 749147 726020 758523 700056 716024 741249 744421 714964 694916 731751 733573 786102 742999 733591 781440 776240 686634 739687 700027 730911 747630 713616 708743 745411 777427 751360 721876 763977 697341 778436 680739 736700 676496 727277 706615 745174 749528 750869 757257 744718 711073 692527 721930 766288 725208 749980 749734 811493 706304 747560 724268 692681 699748 713174 773978 724504 703365 792234 712499 703936 708534 729427 748090 716891 708474 736530 725082 754594 712040 763559 753555 710434 772582 717091 740229 781345 764350 739659 738459 682189 746526 734707 785443 759093 756282 705493 720632 738046 729784 693997 728280 732778 694639 679603 709663 713010 723783 787753 685747 706713 739942 709813 724323 752662 696766 717899 726484 783426 736779 729417 734995 744881 776945 728605 734461 711858 688715 753305 733637 746922 730789 731027 708544 724956 728348 763132 712541 718369 750917 753889 728071 745981 728887 736080 686656 702325 737208 770275 775132 707344 689833 766119 744936 730009 
678983 760630 705300 672478 727806 698667 692407 706497 674202 724832 743954 704705 786161 735633 776337 748393 703405 687110 753221 725301 724933 760757 728607 755018 708914 716449 711055 717233 716097 701096 694559 732866 731400 736629 773003 720782 768813 714282 727819 708812 716668 684901 753795 740871 730080 699786 696351 762470 702360 715369 719501 734098 724125 721105 721094 692026 751178 718705 750394 714706 740059 722978 730679 751210 775030 787593 693895 752692 717629 727376 662010 720826 740500 651562 743920 730677 717045 690118 729410 710461 706997 695486 766929 754938 713105 716566 797203 707055 737917 726012 737264 731359 732340 742108 697843 771441 685170 683132 735824 767478 762693 701242 720898 657871 725768 768844 742243 774199 769801 740361 703089 701691 730426 726688 704088 726163 730400 750427 771039 750354 743686 717847 739732 719706 757057 755720 743002 708562 717319 718668 701505 741403 674230 698955 770066 736892 740646 751255 728921 708031 743758 688958 786642 713642 725589 751547 706963 727877 794735 686088 746772 674705 704638 684134 748166 729352 719766 705812 749675 705449 703264 744144 752151 700461 697196 736808 729642 747533 722201 751321 782256 745429 689887 724528 709541 729634 735377 702869 693664 722885 762069 739042 732997 721266 727802 775244 708749 724552 710879 773533 726379 746219 747115 760362 734877 712722 705303 704395 730600 727989 712927 762611 721991 781483 660872 718683 769465 688563 710853 707618 764442 710876 721225 788799 696817 706537 723598 722317 745346 725261 740328 723360 690416 732224 751369 730748 729430 718467 770360 710695 716440 800669 771315 727171 740297 694583 746108 738140 747474 765834 756611 726539 687482 764026 720242 705631 720617 719395 728396 721728 690263 732180 696829 758537 699779 706160 778629 711336 761182 763468 687171 696936 729220 757110 725086 754607 740378 719717 754546 707046 738375 695736 678277 754945 717031 702702 745075 738071 748791 724812 707867 755688 718642 706410 761929 761451 721667 733369 741731 754405 735663 725411 744665 774246 814116 724403 688717 780883 713557 734306 
669127 710340 697698 659236 728092 679234 669086 688749 700232 678016 699663 694395 734740 710618 761837 750774 682484 699889 737113 713235 726197 736850 741398 743974 676831 720552 694388 714617 703449 690357 657879 725917 715436 713193 757089 723872 743335 689175 692524 714506 722595 713519 741162 737730 715174 704315 726375 744430 681264 690921 677555 728665 735884 704659 721375 702747 727898 709047 727334 734059 717045 690366 719607 698747 775232 747894 678151 718695 689100 730344 646803 676315 729093 654711 751844 694202 732042 727388 708058 703890 719672 677848 746724 711522 703678 694663 742022 699649 719186 728574 726013 720135 734095 737223 708746 756386 714348 657451 715538 747119 758333 683262 702855 680287 707529 745057 713955 754116 750512 724164 712223 672275 728838 718016 680429 695069 717365 733199 731436 704755 716358 686176 730072 710629 760773 730184 733086 694282 701766 721220 685861 701751 690629 691015 740726 724274 743288 749780 717188 707892 727005 689602 787517 672329 740492 728930 708325 701985 771078 680378 687341 659169 707880 664966 719544 688602 721098 686180 751222 699036 676885 707249 728719 699436 737967 739893 703084 767281 751447 738363 742386 756149 692976 684986 693927 711012 693954 706320 700355 724722 764103 756345 728545 728905 675132 776563 720800 702146 681126 739213 708005 709016 725287 733105 718680 729746 693509 705757 702123 720280 670728 742628 712757 778509 681403 707736 718790 673462 673669 680115 761043 680876 685716 753293 685778 685091 684743 717408 739727 704897 709572 727876 723782 745156 705581 733604 748953 715939 740895 679070 720975 746345 729088 728359 720466 679749 730203 706787 747064 748469 729162 661752 689919 733334 694960 680207 714371 685545 711666 683503 687376 695291 676200 742441 686496 717139 724965 709455 712459 738530 668141 678899 749183 775110 731575 731068 695316 701618 742859 692815 725693 719278 655644 740500 693637 699459 719420 715207 697787 726158 712058 736360 690785 705522 707128 733277 722565 733091 740203 717215 704416 712444 716666 736864 751312 718179 692271 730817 733551 727294 
699162 759850 720281 714376 711608 728894 722489 760290 712846 724274 738781 716349 784208 763157 797482 801627 739990 720543 780736 760026 758308 734130 777195 758661 746328 762500 735133 740489 751037 716708 688975 794463 760156 771726 778285 705583 776766 747540 758207 788067 739810 698078 778290 771338 754386 740409 758790 763319 713351 740553 723780 749666 770756 766128 778970 707417 771823 717968 761844 760041 770816 742093 774933 739194 803472 793579 708850 734311 720384 701598 702591 720191 762351 709825 776735 760038 752752 751751 739300 759732 710810 730321 763167 725114 734854 730950 786179 736141 738458 796849 780424 739790 766767 749498 727121 822159 733160 711827 732900 768749 741807 721931 734189 693629 731418 788215 770293 757577 791826 769913 750823 743408 755651 749092 706717 702760 764294 781165 779679 775356 751610 743585 737458 762531 777041 780587 762194 715511 725562 764767 728701 784288 715038 743480 788659 739790 746300 773015 757686 741723 745907 728279 794808 692386 788664 758378 736800 725621 810656 735754 738475 679928 739819 691387 776759 720833 729814 756110 801178 745047 735203 776274 789756 733211 727165 769550 761874 797109 730797 756297 776791 802105 728811 717908 701073 763911 750300 729723 745263 759785 803030 778077 753319 759445 730246 796672 736486 731215 739632 763876 723675 749958 764118 762176 762055 732119 739024 731523 695174 768735 723550 807380 735626 836502 693708 753205 733656 749704 743864 738735 804851 728096 743759 794179 739997 713933 723677 719573 759277 729378 725879 774751 761559 730197 741471 763199 772021 742929 793792 713944 749625 788478 773766 737672 749948 722217 776370 759282 791410 735405 784206 720230 736656 787920 750800 714540 736565 726650 722298 704150 690342 737056 737563 782473 706744 767460 774164 757757 738733 783651 718379 739390 758257 804273 738393 787059 749727 753359 754057 739253 783644 734907 698277 776598 717160 731872 751977 754723 739195 766210 735117 775020 719942 749061 781602 798499 782124 752526 763699 753693 702843 746705 740650 773514 802045 768166 704663 764321 726507 748033 
686167 740888 718571 697532 718943 735185 693369 727997 726439 720626 750298 716083 774019 747064 770409 794909 745866 719767 783313 730796 731866 735894 774761 748904 717622 737841 737436 746590 768276 743468 667669 760673 741653 767573 798287 757866 769118 749457 725993 747962 736063 710222 764203 764711 736312 740360 746433 759810 729417 715286 726830 736300 736807 741566 742327 717915 763527 720067 766439 747252 750889 705158 747796 738789 799062 783703 700169 739176 742906 752685 681840 719241 735025 703088 781998 727579 772524 697155 732172 726121 703387 712617 756306 739080 741306 723322 778921 721839 750984 753573 744098 748703 763740 772476 753567 805976 729967 726844 744251 759313 781066 701825 723434 680866 735888 791776 740167 774113 800540 774050 749783 693287 755421 745157 731962 734675 741240 765237 769576 790961 730176 736357 749159 742162 776872 758260 727818 687924 746112 739582 718176 760572 701305 715009 767606 720035 757480 752462 755292 731110 735512 723552 776897 719821 793877 751560 716687 737491 817844 740034 721653 666748 735772 699530 751638 728076 764848 737849 816573 762328 710133 743958 757283 721309 719379 752032 753792 800871 732352 749620 772819 776185 701245 737062 732442 739383 756000 705630 735472 754688 771490 766086 764529 742841 700675 815175 724112 729665 696979 757150 697528 735109 754964 743638 745366 718260 685120 752594 729433 780702 703206 790092 753343 810048 714881 725897 767388 681183 709392 731301 787633 738587 700626 758553 720657 709774 719516 727179 762748 737207 745486 744946 750402 749840 754236 728752 747290 743129 793983 725469 767101 804666 757023 758126 758021 740442 776529 743410 774900 748496 780120 711326 724146 778540 733662 725976 732952 722765 717988 738128 725908 719315 725742 798375 706808 758063 799827 725058 786756 753628 722277 715137 753520 797780 739234 780163 737957 737991 763157 753498 719636 743125 697719 757075 748324 724440 761486 719031 742762 748168 713795 779487 719282 728762 776691 764993 743366 743923 775895 726515 725851 741300 731068 765249 816647 736840 674207 768520 740502 746723 
632642 683311 678444 654132 672136 669312 634965 714125 687102 669900 699465 639701 720701 678668 737072 749169 677765 692480 709915 702572 674963 707410 714235 693566 659209 698368 656911 693726 690098 676951 645511 717545 691790 708376 725848 685591 716738 666928 683167 701615 691128 670290 710506 717793 684389 672775 699388 709965 653871 662316 648971 690992 676451 690537 702893 673122 716773 688423 724938 693022 712865 650441 704706 705950 762190 723136 627382 662375 660313 679146 646621 677546 678772 630719 714571 703238 712699 682642 703561 695576 690469 696384 716954 694964 694248 659835 770600 701606 734941 705356 692808 687121 725753 731999 666098 737483 662935 657923 711398 712275 703771 683005 696610 655820 669192 726879 708798 727350 749928 716002 668177 672231 712938 682291 642923 692928 707305 690360 716634 723744 711106 644592 704895 688847 757610 736607 710756 674576 687214 712874 672386 715478 656265 673243 725802 686115 719412 698597 732124 700185 693571 693005 763983 679278 736239 726869 710628 692450 746992 661557 680194 657060 673901 652607 693372 692822 683758 701140 758363 725770 651720 693847 680160 656002 685997 682656 738453 757926 694151 692168 727732 733114 659739 688530 671915 688606 690665 690940 636118 701090 746313 724730 709870 721397 664024 735289 667963 669961 658559 702002 675632 706587 705255 730967 712395 713895 657334 690677 696997 709691 673158 740759 716592 752524 659621 724974 690115 688423 694503 717128 745223 698611 698901 731823 678150 653350 663410 680343 698595 696037 683326 702072 710612 697144 707279 702979 707089 668148 720834 660218 697836 748605 722417 690338 693575 631621 687135 664658 713037 716208 740609 663806 657355 734240 703492 662360 680111 684993 680359 671583 674550 670272 702292 731045 650915 683999 697518 684200 700499 697760 699282 689643 710782 737009 710398 717184 697049 666528 732373 675621 698757 669316 621602 712905 662402 670635 711554 681257 691511 715688 658919 736142 654775 685366 714395 717974 725239 709032 703904 712626 669241 663833 709725 711975 745522 683311 670872 714102 719379 690983 
694317 731193 708978 679910 679910 729009 693186 747541 692927 692148 738556 689492 763361 714360 741303 759565 705352 688390 748725 725644 739227 769237 739561 738697 701674 719432 700021 746789 704925 733019 688885 753122 752241 758293 764853 738868 769389 749395 700121 762773 701302 682725 740755 753130 723943 694745 741085 733695 693501 693340 682141 726036 757610 744577 710129 703154 754499 716182 719009 727737 747240 718945 702061 725061 763770 783184 706268 736326 710638 734755 672947 738343 729954 668092 781602 735830 735460 687002 743340 706380 712536 702413 751091 718961 720643 707314 781139 734839 747195 742582 745464 742419 724594 737283 726565 751565 695139 649992 744863 766748 749153 697206 728081 671401 706760 748257 730830 762873 764457 753437 719285 712604 732893 727346 688132 715188 727741 714444 754594 752882 723541 699450 739663 731405 763917 740206 778212 695105 725295 721638 699060 756591 699483 717676 728084 720625 768151 732603 731277 729993 739813 715734 774488 723907 755115 732757 746300 752675 770011 695547 711762 690264 731748 698041 751056 728067 738199 737797 780656 717142 706503 739208 733693 715466 706860 726497 732687 811478 734035 748592 781410 760553 679166 741202 709693 735431 719961 700621 733626 711163 765670 764730 735204 748735 725910 788596 742226 698868 702845 752633 726066 744100 762298 756239 746646 754086 704127 741003 726251 751396 693126 766796 740103 769302 717423 733375 717760 668637 721804 729949 747163 723941 695559 746651 722523 690281 724080 722463 736197 680773 738932 738431 718683 718009 737362 733967 738525 728683 781890 673842 743513 781766 758222 707629 737182 693107 725496 720864 797301 792897 784719 686624 689342 778144 756791 706583 709180 740315 710020 721138 707421 710969 711231 785669 700036 746702 785472 703299 747278 736571 703326 727839 743291 753352 743328 760832 717636 696980 759151 753557 736853 698886 691380 743146 719260 700145 744113 760299 715551 729510 729640 744382 693936 708243 750495 734454 720383 724759 736964 739928 726255 730329 756294 752379 793053 743767 682604 753373 732043 730401 
629520 730581 700008 667317 695716 710845 690384 749778 675443 709899 738200 697046 777402 725809 769226 781603 719841 675465 744854 739874 722523 748734 746274 746124 692373 732637 704096 729812 742190 724483 680013 738735 737982 748409 750526 722447 777218 711886 725714 732597 711124 698153 755331 738808 700170 704790 722070 753764 692335 704218 706560 732853 754711 742438 764190 694412 751612 725350 743731 718279 724097 715052 719728 730948 782671 759240 683124 704594 701236 745047 675259 712711 760097 669084 767967 745808 694532 711432 721069 707216 677701 720718 752880 726407 712062 717648 740169 723687 722641 770769 747326 708824 724330 751977 708968 782868 707765 679487 698182 734193 747701 690000 714578 662554 676075 759506 733898 755099 776132 756348 726637 703391 737666 753424 691628 701543 744245 730004 750246 731659 750850 708784 734101 730730 778057 754046 734961 694197 704614 729072 703185 762298 702334 705128 751982 725931 731372 733837 722676 732596 727500 687911 781102 715001 777985 748206 702800 719124 803364 660625 702017 664499 725359 686504 734689 712728 729682 726943 756023 719963 699643 741352 740737 696875 739704 750379 693750 776195 752896 731559 740690 740968 689769 705568 726104 718128 743891 713485 711512 742335 772966 740399 720082 749814 692477 750380 713268 705933 695593 737639 694446 732787 757735 741332 722574 737516 705212 700877 717218 731800 683340 754057 721494 805308 699377 729723 731975 698858 705443 702059 777543 718066 707582 758855 706450 714055 711250 736098 730369 679270 706984 728829 735503 728006 735011 731476 750134 716856 747875 705239 742647 767698 755683 712256 721662 686261 755061 708391 773934 741219 770951 712450 726307 757423 695457 707929 700563 708601 726485 695889 714710 700051 713016 740938 699622 731796 758921 717669 726801 752700 687047 737590 761302 784499 734971 764024 747057 723361 751791 710709 726922 721391 686468 783104 701035 744070 724310 750037 742136 739910 689716 758511 677342 690718 754266 744529 757736 739104 727475 728193 685944 740889 754961 757234 749011 726243 709387 732908 731833 724750 
707689 753341 741782 713473 736723 748657 745889 750541 727440 722026 739186 749723 785553 742540 823028 827882 802627 744973 780687 766171 764638 772258 764546 756013 720390 742567 763550 767873 780455 763694 693373 768977 758858 759463 796498 760296 768134 756031 758808 803226 763100 748600 804170 798940 757674 762403 755055 773316 747056 745954 738905 756168 792987 786970 787980 752115 773629 729822 810366 766823 772082 745856 740020 775606 814531 814053 742138 734521 761709 781471 708487 751813 779502 684641 802972 770997 753674 736435 761846 739835 762441 771031 764023 746658 765439 753856 839691 739128 771300 777656 777877 774999 749421 783059 771949 821960 739894 731358 735696 787647 787208 734376 739676 713427 757250 803035 790903 806775 801049 800475 753730 746793 782341 756433 746833 754822 794654 777039 804536 771331 774613 728622 792893 744666 818673 793075 790131 736857 747171 774149 746210 808943 732711 760341 805194 758414 781614 786593 777057 715470 792510 754662 810783 716750 822351 771060 767493 742188 850894 733136 731563 697999 762825 696262 788361 760965 778863 766721 814302 753838 745842 768868 785091 756273 742346 787961 755730 805116 775738 783950 818768 791554 703607 759872 759508 763078 779234 748819 772909 806286 803614 785751 748575 783922 759184 786951 731873 764753 738733 739714 745014 755930 767292 789177 761642 758242 756525 756890 733287 798328 711246 799065 755186 833251 738980 764029 761003 728840 724478 765699 803878 751688 764854 827953 747747 720726 728340 747200 764184 733438 792822 757015 753122 766174 779897 788320 797363 758454 811393 746520 767428 816097 809463 778354 747252 711325 761027 784538 807832 801231 791119 754529 733353 770145 764553 737904 768130 758221 710151 727386 729357 744374 720825 828346 686046 780787 791301 769448 752172 775503 732498 750512 773431 799324 773492 781628 774014 770839 810437 764544 764335 763185 749085 799073 776488 743807 760326 769324 744284 764859 748839 769061 721919 738526 789328 771643 786624 742084 797120 756084 733310 765937 770108 803554 820866 776447 726084 787144 783377 756198 
671806 775626 720107 704133 712933 713914 682797 738517 703329 708012 737429 686050 769815 727936 765477 793007 725615 707711 742345 756743 721628 756000 740649 746546 687720 726593 687554 733739 731969 712196 660874 753748 725723 764706 745304 695651 755298 719392 716990 712309 716034 692085 752749 757097 712901 700276 733334 735513 720267 700451 706008 725060 720419 744356 730505 708309 753871 680245 735335 746583 750226 702905 714453 717136 775170 759194 696692 717887 714913 714919 676916 730284 726941 655416 760537 751619 715886 722021 726527 716347 706734 682272 762867 733171 747188 704769 788576 716448 753061 735971 751535 734219 745839 742595 712106 771002 688687 677850 753809 776876 739481 728241 724300 675890 705654 763437 764215 772642 784692 746483 726546 686180 739870 727042 729123 733055 715296 724451 768252 753562 723259 724434 742639 733137 786883 758687 749325 716917 712586 733561 691626 739935 696385 693614 760079 719398 735443 756690 726379 725110 733931 717126 783626 716084 757604 732574 715370 742442 804919 693669 698512 660806 755501 709585 761794 715715 739359 736877 767961 707178 717738 750494 737442 695527 724053 755188 723603 768235 737875 767487 789796 743380 674140 737538 722691 722529 730231 701305 706447 715055 764179 746029 726498 731568 715675 757952 713696 715704 706705 742623 711205 750734 756223 777916 752699 726453 692448 698927 719850 743056 687623 789397 738285 809206 685473 733770 730414 715222 715331 711055 752559 715837 726595 755742 719627 684510 710560 708182 739388 721278 753374 724125 736640 729491 733839 734758 744522 724629 770683 707185 721942 792186 745147 727543 736216 705677 746926 761786 795300 764984 727017 712582 696422 765861 728068 722401 716568 717790 712762 698898 694302 709976 714660 769874 689387 726345 754348 725507 742371 779778 697901 732359 736263 767269 718315 718604 732080 747221 747714 733140 744573 693923 661720 781002 709152 694387 740398 761802 734327 748627 726418 751823 704729 694338 767612 786782 752907 730833 743932 744971 724091 698461 715282 776970 778493 712226 738503 772116 737422 753975 
693190 765202 750544 708586 719949 723403 683130 734199 727427 727747 748764 740098 782772 742001 795514 796155 733000 743990 757860 724221 747921 778288 755690 733345 721178 716497 700309 759459 768498 711644 684414 773369 771607 734065 751846 697228 761935 717257 747144 743419 752091 703543 771846 772248 698288 726956 754155 770371 704852 696859 716247 738871 732740 742055 740492 730970 795865 714198 783011 752614 753186 731394 734194 721994 804761 790103 692203 762846 725214 726413 664376 722854 777633 676369 791069 740943 754225 730830 738111 731694 696908 744540 800881 771801 737059 719387 826043 746069 753328 759203 755725 759475 749483 754255 718229 757583 760300 691258 752890 765945 787537 719450 715602 703558 739123 799944 751722 763319 800535 769999 728525 712680 778833 757282 730155 729745 757834 753455 779179 752337 751805 714396 742999 742150 793780 769492 727774 696911 745694 759904 721752 750589 709468 732705 802020 755998 789370 748672 765578 734805 748886 700789 826751 727161 782379 773099 724547 745105 838531 754727 721235 681599 756618 701190 744356 750248 769164 747876 790154 715836 713666 759688 748102 744678 726486 764815 750606 791507 758745 753832 817382 785593 707985 723428 721926 741553 772947 716368 726515 763763 763882 741362 767506 751360 706718 779423 742009 729438 718635 745519 722884 743850 746230 767186 739265 760176 710757 743896 697570 757563 726211 785655 766423 817818 721923 750905 741498 719216 694835 754189 789507 760056 726339 775257 746832 707715 726606 728910 756792 746384 755751 736520 730475 751886 737122 774323 749334 712425 803953 718985 744631 806434 775549 778626 751021 713213 756416 744416 789079 777680 785079 698581 732746 786819 756674 725246 738466 725838 729458 712095 724873 747579 735056 815272 714078 762898 761687 728329 755464 759969 724226 736621 758215 809801 746908 762842 755002 759575 798298 741424 758584 743643 710254 782236 735173 698383 748351 729833 758463 780909 729278 782388 717301 706778 761097 780382 748687 763911 782767 789756 728769 743425 754779 749702 807164 738959 689553 755687 756812 743541 
