400
63 59 63 29 95 74 8 94 32 29 62 18 29 34 32 34 76 98 70 57 29 13 57 6 67 26 8 92 60 82 12 82 39 32 82 14 57 42 58 45 63 19 97 81 1 40 62 29 81 34 86 69 45 63 91 93 57 75 32 83 84 91 92 67 66 85 22 88 29 1 10 89 40 66 75 19 37 71 6 71 91 21 46 67 41 59 34 80 26 10 80 47 9 23 37 79 95 58 82 26 19 27 38 29 6 67 24 98 58 15 72 9 23 67 18 47 97 59 6 21 42 87 96 8 69 60 35 83 56 58 72 17 99 99 53 58 23 31 64 76 7 55 12 70 49 34 84 4 51 66 18 50 4 42 33 9 13 41 97 20 20 44 35 88 46 28 87 65 29 96 52 10 16 24 39 8 39 0 82 78 4 51 97 67 11 44 15 75 85 58 52 37 47 49 97 84 53 79 51 50 11 54 0 65 79 58 64 35 69 66 29 51 9 1 20 58 80 68 10 60 36 97 35 97 78 40 0 20 43 51 9 6 13 27 79 38 73 23 72 98 60 84 67 19 23 20 66 23 49 41 69 69 46 89 42 42 74 14 76 11 28 17 54 65 30 84 93 45 93 90 96 76 9 63 40 71 46 45 61 15 71 38 44 83 31 64 63 31 30 12 26 54 97 10 63 14 87 14 82 84 76 65 0 29 67 69 39 16 64 42 24 0 64 77 5 62 33 8 19 31 16 54 20 82 99 98 4 19 77 32 65 87 18 53 33 91 91 68 41 22 83 79 74 79 49 37 6 88 92 67 80 88 5 36 24 77 33 31 60 61 18 9 57 22 72 53 67 70 49 3 70 98 67 8 36 95 22 51 26 67 73 0 77 9 15 60 76 21 40 62 92 14 80 5 73 85 85 49 35 59 
45 5 62 14 15 91 84 20 60 75 29 23 76 99 99 60 60 85 42 73 60 16 99 51 38 42 25 26 58 71 96 71 28 87 16 88 49 35 38 35 4 70 58 52 95 36 19 41 34 43 48 71 66 37 71 36 23 32 88 50 42 8 41 55 36 35 28 0 51 36 77 3 27 55 76 94 95 17 39 18 65 23 60 47 40 2 85 97 83 64 73 54 6 69 22 99 58 6 1 92 10 52 87 7 94 43 37 15 93 93 84 83 69 59 30 4 53 50 17 3 98 76 78 44 69 15 40 24 16 45 60 7 55 25 16 58 65 51 19 8 12 38 71 64 75 0 63 52 33 26 9 51 99 47 33 46 55 97 76 21 84 27 54 43 21 63 26 20 12 73 56 66 20 65 34 29 98 38 50 37 99 18 73 99 19 48 95 90 2 82 48 88 25 21 25 83 25 11 69 47 86 68 24 86 42 67 90 35 44 73 21 31 93 37 29 34 39 70 80 13 9 84 7 11 52 73 48 73 73 91 64 6 32 12 23 76 99 43 75 29 20 31 58 21 39 72 38 95 23 90 84 57 37 16 72 64 91 57 51 83 29 80 44 73 56 46 96 77 26 11 14 12 93 49 6 60 55 18 56 65 9 66 47 34 45 31 99 21 75 10 58 87 45 77 83 97 12 13 46 92 94 75 35 97 12 8 15 54 7 6 46 15 30 79 28 77 40 79 84 87 54 26 82 88 78 35 52 62 14 93 48 14 85 71 73 91 66 56 45 34 35 43 6 72 12 45 55 29 50 97 21 75 91 62 94 33 33 26 81 76 21 47 75 40 50 26 82 68 56 56 47 57 59 24 41 45 65 80 9 90 75 87 81 24 89 47 29 75 12 1 4 27 80 88 77 98 87 50 8 32 
73 58 38 32 95 91 23 83 43 86 34 89 41 24 82 24 69 92 83 0 10 50 65 11 8 5 54 83 96 39 89 38 45 67 24 0 3 56 74 65 8 14 43 82 41 10 11 49 33 43 38 71 25 99 25 2 7 70 38 48 25 64 11 22 47 94 26 86 36 71 39 20 83 78 42 95 6 43 66 85 46 15 67 56 16 30 68 24 26 80 89 0 34 32 50 26 37 4 91 39 84 30 50 84 14 76 52 95 11 18 6 13 80 86 81 77 34 43 80 56 73 7 10 77 68 99 43 37 20 23 64 87 45 48 75 20 24 69 18 13 25 60 72 18 56 79 52 91 51 60 84 53 96 25 32 42 27 12 80 98 94 74 36 48 2 75 15 70 99 60 20 33 32 49 51 30 47 43 70 36 87 60 32 50 64 13 27 14 67 11 51 47 70 91 16 69 93 22 78 7 58 60 3 74 49 68 55 36 7 99 28 72 6 27 47 16 35 43 95 74 6 91 92 30 5 64 4 17 65 61 97 27 84 91 85 41 57 40 22 89 18 49 63 73 75 39 88 60 95 94 36 55 18 1 79 73 1 42 16 6 95 8 20 95 40 79 81 65 1 52 1 14 86 39 14 3 12 18 70 56 58 31 68 95 25 66 42 87 1 63 16 36 31 52 53 6 78 80 3 28 43 99 0 68 84 72 29 16 88 64 62 24 68 98 68 12 56 26 66 5 79 68 99 62 84 48 10 58 86 71 63 50 85 20 68 59 91 51 30 79 88 96 84 58 72 39 0 15 11 10 34 32 11 97 86 19 42 6 50 22 9 52 54 87 7 48 86 35 44 62 86 91 85 99 24 21 97 47 0 52 56 44 4 29 61 6 86 89 65 79 13 39 38 83 72 15 70 4 34 1 
41 94 3 40 56 76 3 77 67 8 99 44 87 29 84 60 96 16 25 71 98 46 81 63 58 67 43 20 52 29 79 48 52 75 33 75 60 3 78 66 60 59 26 78 89 96 40 96 72 60 87 1 43 77 45 86 45 15 12 97 95 33 42 50 20 81 93 60 83 45 69 60 57 14 30 22 31 32 65 40 25 44 59 52 56 92 15 7 62 7 72 33 69 60 17 15 81 89 2 21 89 59 43 67 55 20 91 65 35 42 72 49 11 14 83 31 52 8 99 74 97 35 46 34 57 74 97 6 74 25 90 18 99 25 66 90 42 76 38 0 62 35 60 85 93 24 3 96 88 74 56 62 81 51 15 77 80 51 23 31 46 69 48 96 15 26 70 54 14 67 91 36 41 4 19 46 54 38 64 29 50 85 62 84 78 83 9 10 3 37 57 18 57 54 53 49 63 84 93 99 25 88 78 94 69 81 46 34 66 86 20 80 95 82 4 52 69 89 29 51 78 39 47 95 86 92 62 17 6 73 38 42 36 69 74 80 52 90 32 28 81 64 80 68 84 89 78 61 5 94 46 70 55 39 40 70 78 23 15 17 54 89 76 77 68 28 50 12 46 43 17 21 37 46 53 48 8 91 88 21 51 80 26 71 49 66 87 77 61 72 54 4 7 60 11 72 68 90 89 98 1 83 23 2 27 44 43 50 20 54 19 89 4 78 3 19 6 1 91 80 47 59 56 67 52 95 10 58 75 60 63 63 44 65 16 67 95 84 44 66 39 84 92 41 90 97 52 86 73 98 69 35 49 83 33 45 0 75 75 52 5 36 49 61 53 25 96 90 31 54 78 89 43 96 87 25 92 2 4 6 58 43 53 79 97 93 58 76 13 59 4 33 21 0 25 76 32 96 50 57 
63 57 18 43 0 11 75 47 20 13 93 17 24 60 98 59 13 15 65 80 96 16 94 83 31 90 10 95 43 85 24 59 14 22 68 81 20 77 7 74 89 89 46 78 31 70 93 76 33 52 31 70 40 36 34 93 30 25 23 63 86 12 89 14 25 77 31 71 35 89 1 8 86 23 81 64 44 32 44 90 61 99 18 46 84 44 93 10 35 21 39 33 70 91 84 52 15 1 83 55 18 87 25 54 99 91 80 6 17 9 52 39 33 41 92 73 98 69 59 14 39 62 38 75 40 69 12 43 53 15 93 13 23 69 94 13 24 91 71 51 41 4 84 69 92 18 83 70 63 84 45 19 21 36 23 6 10 12 76 0 23 4 83 91 92 66 29 72 60 89 83 74 28 53 7 72 62 3 24 76 31 11 42 29 32 79 34 4 73 89 68 63 94 69 3 33 67 57 68 40 41 81 66 42 34 6 48 33 71 97 86 9 84 51 27 37 95 63 55 71 25 84 25 6 59 0 3 90 30 27 45 71 77 53 38 93 34 93 49 72 39 93 31 53 77 17 32 86 36 84 74 45 76 64 19 40 37 73 49 51 65 10 45 42 72 99 12 54 14 39 24 87 80 45 45 9 9 6 18 57 57 26 16 46 15 65 86 81 71 66 13 91 5 67 94 17 15 19 82 67 65 93 5 45 94 79 94 29 28 52 53 12 40 26 11 38 81 70 64 80 97 85 9 72 50 33 43 44 2 2 3 85 41 39 48 3 86 31 78 66 3 59 74 67 5 71 96 76 98 17 53 23 48 88 78 39 45 18 85 86 76 95 80 96 41 16 87 17 28 17 50 11 72 73 18 50 39 25 16 67 25 43 73 20 23 15 89 25 62 22 38 66 72 31 36 17 30 50 92 62 
59 4 94 69 52 14 9 19 69 73 25 57 90 56 78 44 12 11 79 51 34 30 30 46 6 15 26 34 32 81 5 15 38 90 18 39 27 6 7 26 59 39 97 65 38 99 52 51 12 73 58 92 27 83 28 19 42 81 53 32 98 65 56 67 44 47 99 89 77 72 46 30 89 67 22 73 93 91 97 59 76 69 67 99 24 95 2 3 54 72 53 35 69 80 78 78 36 99 96 77 98 72 54 79 48 22 69 84 89 47 97 28 67 37 14 15 8 3 13 72 35 40 80 66 30 73 11 28 73 65 2 55 89 61 9 45 86 86 55 44 75 95 60 33 54 47 97 8 27 84 84 1 93 76 83 97 43 81 83 78 20 96 66 83 5 54 38 8 53 67 95 48 5 76 79 74 44 63 9 73 94 77 53 31 76 93 24 29 83 59 97 96 82 63 66 20 22 74 19 4 24 8 28 22 52 88 23 22 77 57 76 73 72 99 28 97 14 42 65 42 56 66 43 42 8 39 79 36 20 79 71 3 78 64 62 82 54 34 12 58 42 16 37 14 51 78 68 51 13 60 79 18 83 81 23 77 65 67 58 49 6 67 80 63 9 22 60 14 53 47 72 22 49 84 64 37 84 84 46 65 5 81 77 9 61 36 59 79 71 17 76 90 77 71 16 74 7 47 5 81 85 54 12 53 75 33 44 10 69 91 0 93 38 29 0 4 51 73 24 35 56 67 84 58 19 51 2 81 48 69 79 48 15 49 32 59 47 29 29 23 66 13 23 62 79 78 35 89 45 58 0 74 23 4 35 71 26 58 36 16 86 62 68 14 13 84 16 17 96 22 20 20 94 60 17 46 92 33 49 5 11 91 57 55 56 96 91 3 48 6 49 11 16 86 59 44 62 35 56 22 
3 62 46 79 11 81 11 70 33 18 11 0 21 47 69 47 15 21 73 38 56 38 44 98 40 56 59 38 81 60 34 5 30 58 68 48 32 27 40 51 59 5 28 76 54 29 8 58 77 39 9 47 22 49 26 4 36 53 17 0 45 60 46 90 95 83 80 55 49 89 52 56 86 11 30 71 88 61 72 65 77 75 31 29 35 69 88 18 95 27 77 82 51 10 6 5 23 90 89 26 95 67 50 95 53 79 88 11 20 3 8 5 69 93 33 27 97 74 81 90 1 73 62 0 40 46 85 4 82 83 84 81 79 24 31 6 45 34 3 79 56 59 37 29 22 99 12 96 96 30 1 38 76 18 78 72 21 82 21 31 45 38 0 31 16 15 42 56 46 66 82 21 83 8 15 69 47 93 61 38 84 29 43 37 39 68 97 74 60 27 81 69 27 66 77 17 97 47 98 89 71 93 69 20 1 65 45 34 32 84 77 54 37 91 61 69 30 11 14 47 87 69 91 91 2 51 85 74 50 86 37 32 89 52 71 70 53 67 55 48 77 82 21 3 16 52 32 89 27 84 74 22 52 58 86 1 17 62 69 33 90 31 96 85 48 43 3 6 70 3 56 93 40 34 76 66 54 99 72 55 10 63 98 95 60 55 35 80 15 19 24 56 57 99 84 0 95 85 53 73 42 18 29 14 72 7 29 43 27 4 37 29 32 61 63 17 73 32 84 6 3 95 48 89 65 3 25 94 66 36 14 62 53 52 14 98 78 25 71 15 49 95 93 88 74 38 50 42 19 61 26 55 17 19 50 27 96 23 62 82 69 87 3 35 71 25 94 97 19 17 99 83 3 39 99 39 68 47 26 69 94 47 92 97 57 16 55 24 54 20 73 42 23 32 2 50 17 64 31 52 
28 50 17 84 65 56 70 37 60 85 10 65 48 42 77 92 23 83 61 81 45 58 86 39 46 94 44 29 0 9 0 90 15 97 66 72 37 76 29 22 73 22 75 25 65 28 68 58 77 65 77 9 49 83 22 14 42 91 78 17 2 47 35 81 59 70 60 7 90 67 85 28 15 49 50 8 6 68 57 68 76 61 68 67 62 24 36 3 12 71 39 40 96 85 74 57 99 92 18 4 48 77 58 27 12 72 39 73 35 45 97 96 54 95 40 61 81 9 97 47 44 73 52 7 98 21 73 15 25 14 49 22 78 22 67 39 14 52 92 29 64 63 73 48 17 23 2 8 16 13 25 42 69 32 17 43 26 17 39 70 20 12 32 28 19 42 42 48 46 97 72 38 70 91 23 62 77 74 69 55 9 76 73 76 37 47 73 54 87 71 80 75 95 63 41 24 73 73 97 61 53 85 55 27 16 2 25 97 8 56 15 52 81 93 5 10 11 37 20 13 68 82 80 38 59 0 6 79 55 57 92 79 71 4 83 13 55 75 18 70 86 43 35 45 15 32 58 5 87 45 97 88 88 99 44 91 80 59 29 63 67 69 98 12 13 33 78 14 18 31 14 90 40 19 46 61 19 98 9 77 11 5 16 79 20 36 32 3 99 39 43 19 4 38 15 23 52 3 11 42 91 64 87 1 55 11 44 77 71 84 85 37 35 32 62 77 98 68 15 17 71 25 23 21 86 77 91 3 33 15 86 99 82 14 68 82 87 65 92 86 26 52 50 99 40 7 74 15 30 61 30 23 74 99 2 41 51 71 55 44 11 35 6 86 75 4 81 39 9 47 66 24 42 50 99 28 69 86 25 11 97 96 69 41 47 1 29 75 43 6 30 11 9 6 96 81 62 54 36 77 
71 25 22 33 22 91 80 70 67 72 2 30 57 61 87 94 27 27 27 77 85 25 33 34 62 35 26 20 46 33 5 35 58 53 51 83 86 44 4 31 38 16 72 20 30 49 39 56 94 91 75 95 53 91 90 79 93 91 30 68 94 15 94 81 13 19 19 61 3 50 91 40 23 65 51 70 16 18 12 39 23 29 38 25 17 5 72 87 6 90 0 88 92 2 20 12 22 65 92 77 60 12 64 85 71 10 54 2 32 25 45 51 61 85 23 99 69 1 11 4 72 43 34 20 63 82 61 69 79 24 3 46 53 11 95 23 53 82 63 46 90 36 25 25 33 26 11 56 49 11 96 21 83 75 17 47 31 51 31 80 31 91 95 43 8 51 19 87 35 91 5 35 22 3 79 63 63 58 13 86 96 49 48 43 63 3 73 92 22 49 74 97 0 43 9 69 11 91 90 36 49 34 68 30 53 48 88 6 83 15 30 5 19 22 28 56 36 8 83 57 58 92 71 34 40 22 20 92 6 51 85 83 29 79 56 66 8 87 9 70 48 93 17 90 29 96 45 65 55 43 35 8 70 15 81 69 38 30 91 82 61 86 74 59 11 53 51 82 42 84 22 4 33 65 73 2 6 99 0 65 48 5 93 73 73 73 78 21 29 19 35 8 24 5 35 69 44 24 29 62 36 14 47 54 20 7 35 62 64 95 95 66 62 9 50 78 76 53 75 15 46 79 90 48 15 32 97 78 38 21 32 64 58 50 17 51 31 40 0 7 53 64 65 25 9 78 9 11 66 73 41 47 90 10 37 76 7 80 47 29 75 53 32 34 51 21 54 31 43 7 42 52 40 17 73 75 71 79 9 50 46 32 97 72 68 25 75 5 1 41 30 6 76 9 27 79 9 27 54 54 
15 85 85 55 23 19 73 2 25 38 1 29 56 60 76 96 47 26 11 56 60 66 47 20 87 10 40 23 33 33 74 9 95 73 35 43 83 40 66 28 95 20 71 31 88 44 48 41 34 26 60 98 33 6 71 20 51 47 83 68 10 1 45 81 24 75 79 11 36 36 33 10 42 7 6 34 60 95 50 35 80 87 7 13 24 32 63 46 28 73 31 75 18 20 77 40 30 61 53 49 5 56 40 82 59 33 4 36 26 27 14 82 10 76 69 91 38 10 86 8 9 76 69 36 96 21 68 61 51 91 50 32 76 80 44 28 81 9 83 71 33 70 58 7 6 48 44 27 18 64 79 44 78 8 93 16 86 6 68 65 72 88 31 24 3 17 91 54 1 38 20 23 97 92 10 50 62 8 7 92 73 55 22 59 0 22 79 72 25 92 69 54 64 83 1 9 14 45 81 8 12 51 1 88 18 81 13 35 0 65 54 55 13 52 5 82 2 75 55 50 60 78 70 23 9 24 54 45 98 89 25 99 87 52 36 17 23 90 86 55 16 73 36 14 93 74 38 71 59 45 92 94 15 66 23 94 75 65 24 6 98 82 6 51 39 16 34 65 0 93 80 14 97 54 82 32 24 71 12 42 41 39 91 69 58 94 50 75 35 6 37 77 34 3 86 34 41 46 48 32 51 83 47 35 28 57 93 56 52 65 31 26 23 81 57 41 73 27 67 36 58 46 14 9 26 90 80 25 64 62 49 77 54 42 90 44 93 76 8 96 21 93 78 83 99 55 84 8 78 83 88 45 23 86 88 20 22 82 76 21 67 56 26 64 12 64 45 36 19 11 64 3 90 70 48 95 30 44 35 67 32 23 96 53 65 35 51 81 5 73 39 65 64 6 28 25 75 47 48 10 
70 9 19 68 55 13 43 58 15 20 49 26 46 54 29 32 54 3 72 2 82 27 11 13 33 27 29 27 98 56 50 21 6 66 95 29 65 96 68 90 89 57 67 79 17 53 18 85 50 15 36 46 31 3 3 10 71 18 90 89 86 91 67 70 58 49 10 77 82 12 66 42 74 59 80 8 24 64 5 21 72 26 14 46 73 40 62 61 49 49 38 74 63 50 87 90 23 21 93 81 40 50 43 44 77 60 8 77 26 75 97 3 50 95 93 51 5 3 94 69 79 95 3 65 31 3 88 91 6 36 94 24 40 37 62 63 23 8 77 57 94 59 71 38 71 65 38 78 3 20 66 2 17 49 30 2 84 68 32 35 67 87 93 6 78 44 11 28 43 99 79 12 78 73 19 68 48 16 38 21 75 22 73 59 70 99 15 88 30 60 70 34 42 19 14 93 3 27 83 99 74 65 24 93 99 99 80 99 82 58 72 84 7 50 8 1 18 2 67 44 71 50 54 11 2 40 53 91 11 52 92 52 35 39 15 56 24 64 56 17 17 10 93 41 29 83 38 40 41 74 96 9 8 54 21 54 23 15 56 47 74 6 24 28 15 73 57 39 6 64 5 73 78 68 68 65 20 10 61 58 11 74 51 53 3 46 88 72 49 42 95 80 69 16 88 19 47 9 96 79 81 4 62 16 98 14 50 68 10 93 1 69 69 82 98 93 41 65 26 42 72 57 19 75 41 29 82 41 88 63 61 74 20 31 24 80 10 6 19 4 87 19 73 18 94 15 90 63 7 38 84 92 18 54 5 61 27 14 81 7 53 22 97 50 34 29 96 43 57 45 95 52 93 50 60 3 99 30 74 92 21 8 6 20 72 13 81 1 60 55 53 79 1 96 74 23 59 42 16 7 
75 13 24 93 69 34 5 15 77 35 31 48 66 2 98 53 11 54 50 59 22 74 85 88 85 51 12 29 87 34 38 23 90 55 31 26 95 66 97 96 60 23 9 47 16 58 57 40 71 83 28 62 36 17 15 83 11 51 6 49 85 57 50 43 14 39 45 70 21 10 75 84 79 61 14 19 70 89 0 54 47 59 68 20 53 5 49 13 81 53 71 52 47 90 92 87 34 85 7 97 9 9 0 87 64 60 24 29 78 32 48 68 54 18 73 12 90 77 64 32 10 29 33 47 64 55 22 31 14 69 1 49 80 33 23 7 77 10 49 9 47 61 36 11 29 59 59 57 54 75 21 34 11 88 42 71 74 33 30 62 20 81 38 21 62 82 82 56 66 10 29 22 67 2 56 45 19 71 64 83 88 77 76 85 58 97 92 14 40 80 28 78 60 99 53 71 61 66 25 79 21 30 25 7 41 46 18 98 67 76 18 7 89 25 66 83 74 51 72 15 88 91 84 33 58 61 29 90 24 28 54 5 52 16 12 96 3 0 24 38 99 51 9 65 24 96 35 47 17 88 95 25 25 98 80 75 70 82 52 46 34 37 73 51 66 82 11 79 92 53 83 87 88 99 75 12 84 33 54 71 78 95 40 38 31 18 21 94 4 15 92 50 52 86 98 25 65 54 68 43 88 31 35 11 85 3 68 15 40 2 9 33 37 49 6 77 29 68 42 85 94 36 86 35 24 48 25 4 81 43 68 68 17 85 19 32 84 45 1 90 86 72 60 80 7 10 99 99 24 63 31 22 73 11 9 81 55 24 40 23 85 71 14 53 34 16 53 45 48 62 9 2 28 98 58 17 79 24 1 97 32 26 61 58 19 33 84 20 84 30 55 19 30 37 16 29 52 41 27 74 
80 39 89 82 36 96 86 87 43 9 37 96 20 67 24 36 89 63 88 68 50 5 11 86 2 19 48 44 86 29 49 42 39 64 80 46 45 94 83 14 52 12 3 60 47 29 75 62 69 9 12 21 91 20 36 79 25 6 59 74 80 53 92 69 80 18 71 25 7 18 20 65 22 48 19 79 95 69 27 51 93 89 38 54 14 80 76 25 11 45 85 71 74 95 40 29 5 90 37 3 0 68 89 64 37 57 76 80 99 42 36 82 70 70 67 74 1 33 67 67 27 96 71 51 2 26 60 39 83 49 45 5 40 1 46 89 5 87 48 3 62 76 59 42 4 90 94 58 74 8 14 12 93 16 44 94 65 9 97 98 50 81 66 27 50 36 33 10 87 2 83 50 49 80 97 33 21 16 56 62 5 69 22 90 99 99 99 70 64 86 49 43 48 80 51 7 68 96 28 22 42 9 85 40 89 88 30 74 30 43 73 90 37 1 42 38 38 97 63 19 29 25 38 85 57 10 60 50 5 3 95 81 33 31 76 56 23 77 89 28 48 39 6 0 14 44 70 44 77 53 65 42 7 39 62 62 17 47 82 35 88 59 38 27 97 87 45 66 47 61 32 19 66 32 97 93 67 3 50 44 82 47 36 0 68 91 60 30 87 91 15 54 88 87 35 77 26 43 78 51 96 53 38 81 60 98 24 49 91 44 7 99 62 61 66 34 8 28 84 33 43 85 68 67 54 49 11 97 21 61 18 76 57 49 84 20 37 57 83 89 88 64 92 99 66 36 30 61 74 93 27 80 26 90 15 14 78 11 26 29 50 41 90 83 37 0 14 44 47 50 60 10 88 89 35 16 29 83 76 22 75 28 25 83 47 97 35 63 22 79 98 14 73 40 75 66 81 91 79 40 
15 7 76 49 24 74 45 14 73 25 83 80 46 71 44 76 24 9 79 25 72 33 21 6 36 60 16 35 87 62 62 85 99 17 45 65 81 88 7 55 95 11 13 22 47 92 31 75 95 45 6 24 53 87 20 86 96 67 30 50 52 15 78 24 57 36 80 72 96 94 77 55 55 98 55 35 19 88 42 15 70 4 69 46 13 33 72 54 54 97 34 74 34 56 68 91 4 47 40 89 22 56 18 40 63 15 3 45 80 66 0 59 96 0 87 54 52 31 81 93 4 47 65 86 68 22 55 71 53 60 86 61 40 56 63 73 21 72 4 14 57 91 90 96 50 41 99 21 9 88 17 95 35 36 12 35 42 65 16 82 0 59 95 82 0 64 98 50 51 10 35 75 70 15 26 12 66 91 68 67 13 36 48 7 57 11 27 34 46 8 97 24 8 24 15 1 13 34 42 76 41 26 30 33 25 25 15 85 43 99 91 33 72 12 29 28 19 92 99 25 43 27 58 41 86 46 78 65 31 93 16 98 34 35 46 52 65 20 59 29 72 20 30 12 70 84 5 27 66 64 36 62 59 45 14 18 74 12 26 82 44 72 71 60 90 18 52 11 85 80 85 46 44 75 20 26 87 65 61 90 66 42 66 90 23 18 39 96 72 53 93 70 49 11 4 10 65 19 15 15 26 57 82 64 70 78 82 87 44 57 75 25 60 22 38 15 19 67 59 78 55 10 24 25 25 57 6 1 23 70 12 46 57 13 25 83 69 38 33 20 8 38 21 17 42 28 48 81 33 27 30 67 25 63 98 1 77 4 94 96 62 71 51 52 59 83 38 96 18 94 66 18 70 17 12 28 34 52 41 90 29 79 73 86 85 22 0 57 61 3 83 81 93 57 81 27 99 90 39 90 
39 46 50 14 6 66 89 41 24 1 70 93 51 47 82 95 27 15 28 91 70 97 67 5 14 45 76 64 8 52 45 75 46 70 70 21 69 17 37 25 10 6 64 25 39 7 61 45 99 85 28 82 28 2 55 34 21 83 58 68 74 17 17 9 58 57 11 65 64 9 51 10 61 40 54 29 21 29 60 51 51 14 87 56 18 51 46 9 1 63 65 29 10 35 88 7 42 54 45 63 29 18 28 75 80 39 1 26 17 20 80 75 35 43 70 7 46 86 69 74 73 71 71 93 57 29 3 2 85 81 24 28 92 70 88 63 31 10 14 23 99 8 10 51 90 63 66 59 45 90 64 58 42 31 29 69 12 85 1 41 82 20 49 36 71 70 57 4 14 17 8 0 70 34 45 53 54 26 57 6 33 50 57 38 84 45 33 62 36 76 29 77 25 24 38 52 93 11 38 98 81 0 56 64 28 72 61 97 62 92 94 1 22 19 3 92 24 38 68 16 64 39 24 61 86 1 87 39 47 87 51 13 91 13 91 35 65 97 91 92 82 9 62 42 55 90 81 48 45 95 82 93 45 64 41 76 44 8 43 11 49 19 2 78 0 51 73 19 74 8 90 55 52 50 62 33 26 92 22 90 60 28 42 79 10 17 94 38 35 74 94 1 17 42 33 14 12 61 89 23 41 30 66 96 4 28 72 77 37 57 82 95 70 41 42 13 77 15 53 15 28 75 73 36 99 47 18 29 18 92 32 30 29 99 81 4 50 88 18 19 8 23 34 37 55 42 96 83 87 15 89 9 8 4 24 54 56 21 41 8 42 76 33 79 93 5 40 69 55 81 87 88 25 48 92 31 21 24 14 63 19 60 39 4 20 90 64 81 71 82 96 56 63 49 85 57 86 75 52 44 
64 11 16 30 61 57 78 88 49 40 53 8 83 51 42 49 97 29 83 6 78 53 79 42 13 7 90 72 83 61 18 35 7 30 74 26 23 84 67 88 13 99 93 52 86 15 68 96 96 46 93 57 61 69 72 20 33 2 40 38 14 77 27 95 12 99 13 89 16 90 75 91 63 69 86 90 86 12 69 96 56 0 64 22 10 40 79 53 35 79 17 36 21 3 31 19 72 66 70 71 82 24 10 16 87 21 92 75 94 3 5 39 9 24 95 34 7 17 18 74 23 43 38 76 44 71 33 68 69 99 79 0 94 60 63 8 36 48 74 7 90 4 52 15 42 49 22 10 49 17 19 66 69 4 66 58 55 46 7 52 38 11 84 49 43 73 23 23 14 46 99 31 83 96 81 42 49 3 33 42 61 15 22 24 17 20 36 66 23 30 36 13 53 62 15 56 56 44 80 53 12 45 83 21 85 74 32 9 6 23 7 58 6 71 27 9 54 38 43 88 9 72 78 92 82 15 28 75 6 27 54 79 8 57 31 3 75 11 66 87 99 95 98 90 33 19 99 77 29 26 21 25 85 92 86 60 12 64 94 20 49 11 55 57 75 72 6 2 30 92 3 0 27 63 79 87 71 84 44 33 47 69 29 74 92 34 70 9 78 78 16 82 1 22 35 76 28 88 92 8 88 7 71 62 4 92 73 17 96 9 61 19 69 7 0 72 0 82 4 71 1 35 72 69 49 88 64 92 34 23 76 22 97 87 67 9 98 35 53 25 56 76 43 16 14 89 5 92 14 43 15 64 34 76 35 12 59 15 86 50 63 36 93 37 72 98 30 15 79 42 70 87 74 29 76 80 45 67 45 85 22 40 25 13 54 40 39 54 83 39 68 56 75 21 53 53 94 42 40 80 
65 48 10 27 51 85 21 88 90 85 58 9 81 27 84 48 89 1 95 55 52 27 44 53 73 2 83 46 87 18 49 11 14 25 60 7 75 99 98 73 26 40 39 56 49 52 69 15 25 56 42 6 43 98 1 1 51 96 32 29 16 94 48 43 49 35 75 69 71 79 85 58 17 97 78 66 79 51 29 60 93 47 35 13 34 9 97 40 37 81 77 57 17 47 81 0 4 96 57 29 78 16 55 16 12 82 3 27 90 98 12 25 28 90 3 86 62 9 25 8 63 10 46 92 91 43 91 25 75 88 91 8 71 81 7 32 24 15 69 22 64 46 59 12 57 87 48 1 9 98 25 60 84 38 37 71 60 51 60 20 61 73 14 81 66 88 8 69 38 76 5 95 74 64 92 64 46 65 31 39 36 65 12 74 94 90 91 42 0 82 13 76 58 60 99 18 62 22 6 64 30 92 25 39 58 68 21 96 93 0 73 56 47 17 33 58 7 88 47 15 85 86 36 45 81 65 96 92 84 12 25 96 78 39 61 23 76 30 4 37 40 87 53 7 83 91 33 66 46 94 32 50 81 94 14 81 1 81 2 18 16 8 82 84 20 82 24 55 89 30 72 74 49 13 36 13 47 12 74 92 88 1 63 57 54 77 32 91 26 9 73 88 87 97 28 7 34 75 71 1 89 81 92 74 41 23 70 98 87 55 97 62 59 93 80 11 76 51 70 37 6 3 13 25 17 75 92 3 88 11 12 91 63 78 85 90 86 52 91 6 82 15 76 25 93 68 61 26 18 51 15 76 44 2 62 57 33 57 62 71 38 1 90 20 62 40 27 51 35 94 16 41 2 0 62 58 51 1 41 63 30 29 14 61 0 12 88 95 62 39 12 66 85 33 40 66 71 78 39 19 
96 45 67 74 14 17 96 25 95 47 62 49 38 88 22 77 25 49 59 93 63 31 39 64 62 81 42 82 2 41 82 59 74 1 93 19 54 42 69 32 21 83 18 35 72 30 24 91 24 5 38 28 4 94 50 73 29 98 18 8 2 96 34 21 88 28 21 49 90 49 85 23 41 60 91 40 1 93 80 70 87 66 24 33 92 44 89 84 49 70 30 77 42 44 23 74 59 94 23 82 30 2 43 26 23 16 93 5 51 91 57 26 92 77 80 45 36 66 60 78 77 16 56 53 10 55 70 62 91 82 59 29 93 89 57 47 40 10 38 36 94 58 38 19 80 83 85 17 12 11 5 11 84 89 18 30 80 24 89 23 22 7 37 83 44 50 5 56 22 83 63 15 33 44 68 26 39 49 1 46 17 96 13 29 47 62 98 76 32 54 63 18 80 14 96 85 3 68 18 52 62 91 77 47 48 77 94 44 49 37 78 47 97 8 14 48 13 54 9 86 42 13 30 64 15 79 56 66 79 7 86 99 8 52 58 39 91 15 53 54 50 12 19 4 49 93 33 71 97 39 98 95 14 84 33 29 22 2 85 42 49 41 11 53 14 51 72 11 69 30 70 34 92 88 92 33 51 43 56 1 62 31 62 45 87 45 92 65 43 98 89 78 11 58 72 87 14 97 8 87 89 71 26 73 31 96 25 76 44 88 44 44 13 80 78 86 42 40 56 93 44 89 86 40 70 49 5 98 6 19 83 37 31 33 82 55 83 63 56 10 36 85 70 11 76 10 82 5 4 88 54 18 39 22 35 61 68 88 78 50 74 20 86 73 72 7 34 72 31 31 4 81 28 89 30 18 14 80 76 49 68 2 16 56 47 36 81 37 8 77 45 20 12 63 59 97 75 56 48 15 
14 33 5 98 85 85 34 69 40 60 24 14 74 46 86 35 86 78 28 99 60 92 61 59 24 37 46 50 7 82 35 35 66 82 42 91 6 38 4 38 14 31 75 36 83 45 26 62 69 20 65 48 62 53 43 67 34 43 58 26 17 47 14 94 32 15 61 42 36 22 71 17 56 18 36 90 78 28 33 89 99 68 68 20 45 48 71 42 52 70 55 15 87 37 81 89 9 95 98 88 78 39 79 57 23 94 16 84 47 10 86 81 8 39 55 28 21 63 87 55 69 81 22 53 57 3 35 67 24 71 72 71 50 26 2 31 73 62 29 29 50 94 52 43 75 58 43 32 7 5 67 79 24 63 92 3 20 39 17 42 12 67 78 77 68 49 58 39 96 57 53 26 37 72 77 18 64 18 23 86 20 40 3 73 5 6 93 74 62 24 71 73 84 5 73 23 21 80 18 97 75 31 6 7 30 45 59 58 80 68 44 11 4 94 9 39 99 56 52 64 22 32 78 83 90 23 78 92 65 90 49 74 8 69 98 16 13 30 34 28 25 33 43 25 40 27 33 71 66 4 30 47 25 65 90 41 35 77 49 35 56 2 5 78 57 2 97 51 61 64 25 67 1 70 14 42 17 29 58 75 93 1 15 15 78 88 60 95 0 24 49 70 55 84 34 41 87 83 51 69 97 46 34 28 52 13 62 93 22 84 63 28 53 65 78 20 39 28 35 29 63 4 55 5 21 98 19 52 52 79 29 71 83 77 71 47 10 17 49 93 87 61 88 30 88 46 32 70 13 33 64 16 24 1 87 57 14 77 3 42 58 29 49 56 7 86 68 79 84 20 68 46 5 23 10 24 42 92 42 47 87 33 32 75 73 53 93 66 63 41 34 54 86 74 88 34 52 93 51 67 
58 11 14 44 39 73 0 49 31 15 89 47 8 1 79 27 28 60 25 9 10 1 14 24 71 91 87 16 68 80 85 40 99 64 75 72 41 56 91 95 15 14 48 68 7 52 14 89 19 37 85 30 33 45 90 78 51 87 5 22 34 73 32 2 82 28 42 86 27 64 16 83 56 84 83 16 89 21 42 99 66 63 20 13 30 65 6 46 98 59 69 91 61 62 7 96 27 78 57 96 13 32 69 51 77 11 42 52 3 28 93 22 75 28 7 87 20 19 49 38 78 17 32 7 90 80 68 30 77 89 12 41 66 80 65 89 43 19 20 35 28 76 23 26 45 64 73 50 66 55 26 76 78 92 35 95 52 81 4 76 16 20 48 0 55 5 0 53 35 3 32 78 84 99 1 1 8 52 99 19 69 94 88 91 97 26 19 68 44 71 34 31 62 34 38 41 29 38 26 27 44 10 70 27 91 99 0 58 67 22 87 52 19 90 48 73 77 96 95 19 40 93 5 58 10 30 64 50 14 89 28 25 80 79 75 97 90 68 95 22 9 1 63 14 91 76 82 33 69 56 9 56 98 60 81 63 15 76 24 16 38 84 0 90 0 39 82 31 31 50 72 77 66 50 56 62 48 88 34 47 86 18 57 30 87 95 23 83 27 68 77 77 22 53 49 61 68 21 75 39 41 97 44 60 17 46 28 29 7 73 49 19 81 64 45 90 12 86 69 36 18 16 20 12 61 37 56 38 15 66 88 19 7 13 42 82 53 45 72 72 56 89 26 13 72 21 88 94 14 3 35 34 8 0 10 22 48 4 56 5 4 8 45 63 90 37 78 27 27 14 42 88 20 79 62 38 44 67 2 57 22 90 88 23 22 46 96 22 82 20 89 89 84 52 9 1 71 74 42 83 
63 3 80 0 58 83 27 75 89 91 21 0 84 46 69 30 43 61 43 55 44 94 65 59 96 38 86 82 52 45 62 23 15 7 23 74 67 62 77 71 96 14 69 71 48 14 47 89 16 47 44 76 47 90 46 84 22 5 10 82 8 2 88 83 24 7 75 30 12 27 66 23 12 86 35 95 91 34 90 78 71 93 76 25 68 70 37 71 24 76 22 55 94 10 34 12 19 31 17 44 79 8 77 71 59 95 81 83 20 72 87 87 93 41 79 65 41 61 19 62 42 31 48 75 2 46 58 56 14 65 25 10 87 24 79 95 62 15 48 86 72 82 21 17 31 96 56 59 84 87 59 4 8 30 45 1 75 17 19 55 32 73 2 16 3 55 96 47 23 62 8 63 42 90 47 3 99 44 97 50 16 13 84 79 3 93 56 64 6 44 67 19 78 65 36 57 14 48 51 78 28 15 2 39 34 65 55 74 78 5 48 61 45 30 26 21 53 17 90 63 91 48 66 68 32 82 73 28 94 1 91 74 28 53 0 31 78 17 12 73 20 72 56 47 18 44 30 76 31 88 78 71 1 47 35 95 50 92 25 95 2 24 19 72 25 25 18 47 85 63 0 57 47 86 95 96 29 34 20 26 39 66 11 97 68 87 71 13 0 44 84 21 16 41 72 67 66 79 97 17 30 22 7 54 94 68 30 80 38 35 60 91 71 91 27 15 96 99 95 21 97 55 2 75 24 2 25 73 1 66 5 12 60 71 57 7 52 14 81 89 64 1 40 93 16 18 65 47 75 99 9 13 1 13 74 69 23 85 77 48 53 89 79 58 25 17 80 59 67 48 19 37 61 36 99 83 77 66 97 66 61 78 38 68 4 6 23 17 86 38 55 99 62 80 8 67 2 56 88 77 
75 95 39 47 50 93 83 48 71 56 68 74 93 94 48 14 67 5 76 95 12 50 45 81 23 38 59 74 33 45 57 0 86 82 40 90 94 15 68 51 3 65 50 9 60 90 63 75 73 14 21 67 9 52 99 96 74 38 98 71 40 29 4 82 76 23 90 16 75 52 82 49 11 2 75 26 39 49 7 45 82 5 7 50 50 71 88 18 4 90 46 42 52 27 54 34 22 46 51 29 97 28 31 32 96 61 43 14 2 48 13 12 52 18 4 80 36 90 72 31 57 16 20 94 25 43 79 10 2 56 72 99 11 25 7 86 33 36 19 25 32 87 32 9 96 98 12 40 44 10 94 81 14 72 94 77 14 85 15 91 42 3 25 6 65 91 15 87 9 77 92 6 35 56 34 8 1 70 80 1 1 46 78 24 37 90 52 94 92 5 74 59 30 22 22 20 21 94 46 58 77 71 63 14 90 39 5 51 46 34 39 57 30 43 95 60 9 93 99 83 51 64 38 86 95 76 8 32 88 75 74 67 11 49 11 85 73 91 47 63 17 1 93 91 42 71 35 57 70 6 63 5 35 67 92 78 49 67 46 32 94 18 70 16 5 70 80 63 46 37 32 73 66 62 65 12 68 45 91 39 17 75 92 79 58 48 97 70 35 18 27 21 83 90 20 22 53 85 67 74 37 73 8 18 88 47 84 85 54 31 42 90 38 5 64 82 95 24 62 44 95 59 99 19 43 57 79 82 49 77 67 88 95 20 53 89 37 12 94 48 53 3 14 26 44 89 67 38 24 74 96 52 68 0 34 12 77 43 32 24 34 43 48 66 99 58 8 91 73 61 67 14 79 47 64 8 36 33 93 27 67 55 8 80 41 38 30 38 97 27 16 80 50 96 31 35 85 57 18 76 
25 18 79 64 9 42 56 92 92 21 28 50 57 6 30 14 78 22 89 63 95 59 25 80 45 38 49 65 91 71 79 94 48 71 50 8 3 50 7 0 85 20 48 13 13 17 73 89 16 76 49 76 95 70 50 62 20 13 33 18 33 15 74 5 62 25 12 49 99 11 56 25 52 9 4 46 70 41 23 41 87 34 88 54 0 33 54 65 43 50 97 44 22 83 21 33 55 13 58 50 13 92 30 78 18 92 67 68 72 36 97 13 8 84 88 61 18 65 81 61 70 30 41 12 57 72 42 84 70 79 94 17 87 87 2 78 43 76 7 70 5 9 16 12 35 64 60 60 73 10 26 53 37 66 22 89 25 33 30 73 47 47 16 89 79 44 62 50 35 81 87 96 36 27 14 88 78 24 41 98 45 70 38 86 38 76 59 91 16 55 61 46 65 72 41 12 97 10 56 11 50 61 97 50 98 49 84 84 14 54 66 89 28 39 12 71 0 48 91 80 26 25 58 40 58 41 16 46 92 97 57 86 41 22 18 42 43 22 42 70 82 5 79 7 21 78 69 22 65 84 56 74 60 37 6 23 58 4 28 58 47 74 92 32 49 64 45 65 10 77 55 69 3 52 83 52 90 10 63 43 31 47 19 72 86 18 31 22 30 31 12 11 55 0 22 63 89 16 12 72 85 5 33 9 11 73 73 2 92 12 47 65 55 70 38 3 93 99 29 95 74 92 35 2 66 28 36 11 32 54 39 75 94 66 88 13 16 38 38 19 43 59 5 31 60 35 18 4 35 43 47 77 76 64 37 13 83 9 99 57 42 72 52 57 57 2 21 80 99 94 94 7 23 86 99 84 67 51 51 95 16 89 94 25 27 7 92 91 32 48 82 68 76 12 14 58 20 23 17 28 
81 19 47 4 68 44 28 73 77 62 42 3 7 59 57 79 51 41 27 31 53 50 36 50 34 91 59 76 83 33 28 30 50 72 37 17 95 43 33 31 37 47 53 34 21 90 97 42 97 81 23 81 29 43 75 4 68 93 94 34 83 73 90 67 10 94 89 99 30 70 4 8 3 43 1 24 88 51 58 87 31 68 81 28 49 12 65 81 53 75 52 66 20 66 83 53 78 96 41 53 31 39 98 62 95 78 11 44 5 65 62 4 53 78 87 32 82 86 6 85 77 33 11 46 68 8 83 96 81 83 20 83 64 37 31 5 89 38 29 45 73 18 82 35 76 25 23 64 20 30 94 79 36 44 13 13 90 7 48 50 40 71 68 73 73 76 41 11 43 53 95 20 31 85 89 2 60 29 64 12 48 50 62 13 98 93 95 11 18 70 9 27 85 56 46 87 53 79 62 38 50 13 92 43 65 96 21 31 95 79 44 58 64 9 42 42 8 30 41 91 96 30 13 48 11 30 42 1 17 96 86 14 68 17 4 5 13 73 29 11 83 67 26 46 46 31 83 53 59 67 18 87 89 61 59 12 87 2 7 84 40 84 87 88 66 52 24 40 81 55 69 55 20 49 87 79 40 24 73 46 22 68 66 62 21 4 56 44 73 70 26 16 19 46 52 50 21 58 10 3 11 87 11 15 0 71 20 77 6 82 67 81 31 46 50 25 60 51 50 40 44 44 0 53 54 49 92 80 52 67 8 37 38 91 80 3 43 36 37 22 34 89 30 34 61 27 68 10 78 59 58 48 18 38 39 86 21 1 12 45 48 13 80 66 84 22 72 33 30 82 35 15 23 36 19 52 29 35 23 52 36 61 78 61 96 63 57 75 93 14 51 86 8 0 91 72 84 25 36 93 
53 60 14 18 72 42 37 41 19 61 87 55 93 0 39 17 7 72 8 34 53 80 62 87 99 29 95 88 60 29 31 62 24 79 85 95 77 30 4 24 10 55 91 17 48 86 86 97 52 96 82 63 75 92 8 15 40 35 5 64 20 96 42 27 33 61 56 9 71 14 73 82 68 45 41 5 11 93 93 8 94 25 64 22 6 72 64 58 26 68 89 43 94 17 61 78 68 85 25 1 56 70 88 12 26 71 61 2 28 27 41 32 49 49 16 40 86 84 89 6 56 4 88 77 7 7 50 68 73 7 48 33 48 44 50 75 27 14 91 45 18 91 69 12 96 53 75 73 39 32 55 30 38 18 48 4 41 70 63 73 21 57 83 24 26 76 82 41 48 75 0 12 62 50 22 34 67 41 98 0 59 94 71 57 13 49 64 38 74 88 46 32 14 48 39 92 83 77 49 23 12 37 93 42 21 90 44 19 71 56 92 58 73 89 59 34 41 16 92 68 78 31 25 5 24 67 37 30 41 56 16 31 4 10 20 68 26 66 83 32 6 45 69 75 48 35 65 82 63 75 89 6 0 75 92 56 36 63 70 17 27 92 41 66 2 24 70 16 54 4 98 29 94 23 89 34 80 43 64 9 3 89 92 16 96 21 1 75 77 31 10 62 63 42 92 89 39 76 66 68 70 46 91 44 20 88 83 21 96 27 18 46 29 71 84 50 33 49 37 43 53 64 57 5 14 69 96 16 65 66 93 38 81 99 57 6 43 57 91 22 74 75 43 16 87 53 72 90 1 71 83 56 23 79 84 48 56 65 57 53 27 64 10 79 32 66 45 4 68 43 34 44 85 4 81 50 64 35 3 98 84 42 27 46 51 84 97 56 5 17 51 75 25 56 57 88 14 39 58 40 
80 72 85 89 62 4 28 65 82 48 38 80 67 69 94 27 8 64 27 43 8 11 61 6 17 55 47 97 8 84 38 62 33 95 72 20 90 93 5 85 55 61 65 15 97 34 24 84 26 34 52 37 96 64 94 73 71 74 77 99 90 95 25 1 53 55 85 40 94 17 10 57 13 9 83 1 63 44 48 98 0 43 33 27 96 64 18 93 80 14 52 19 29 68 37 38 41 28 6 54 32 77 24 66 88 28 59 52 37 74 24 12 93 37 2 65 81 71 34 61 9 79 49 90 0 83 13 2 11 90 93 26 31 15 53 44 19 78 51 33 37 63 12 15 17 47 45 26 0 99 63 36 80 66 58 3 19 57 74 93 62 58 46 66 56 99 86 91 72 8 44 55 73 63 88 90 27 48 67 48 81 54 5 70 51 38 8 55 22 31 99 9 10 92 48 43 55 54 90 3 52 38 82 6 94 51 43 94 48 73 93 32 76 53 23 95 27 0 83 69 67 14 53 59 60 9 53 27 32 65 85 0 99 91 41 33 50 39 81 74 21 52 92 89 30 21 35 47 62 34 21 37 74 6 44 69 93 77 75 7 78 82 99 63 6 78 5 73 32 82 40 64 23 59 57 8 54 75 41 82 62 83 38 7 13 94 58 5 18 54 1 53 3 4 10 42 86 90 79 93 21 19 78 56 3 85 42 82 13 97 87 44 67 12 17 77 95 81 27 59 2 98 10 42 36 94 37 30 8 28 65 71 75 74 26 90 97 0 33 56 53 4 23 14 14 19 88 6 51 86 4 67 96 45 89 31 35 32 64 82 76 34 64 60 24 36 52 59 59 68 1 90 20 8 74 62 16 72 73 17 76 40 31 74 26 2 20 1 77 14 50 69 12 64 63 57 77 82 28 68 
16 8 2 9 35 63 23 0 17 64 15 58 76 20 61 52 82 71 79 51 50 12 4 68 32 33 22 21 56 27 80 95 37 4 6 12 0 38 63 16 92 34 61 77 64 4 89 87 57 0 56 51 75 52 76 52 54 71 29 48 51 8 89 98 50 33 74 95 54 38 27 11 55 49 43 75 12 52 3 50 40 50 98 76 96 55 82 7 54 74 33 35 5 81 23 48 15 42 24 43 65 84 56 63 50 48 2 44 72 21 3 98 61 58 64 70 3 51 78 2 71 96 20 64 6 12 23 57 18 3 4 96 41 90 31 62 92 35 10 7 36 16 10 71 69 71 44 10 38 24 73 69 2 60 63 29 14 66 79 92 25 95 45 39 18 29 39 42 83 14 16 3 18 97 75 83 3 85 13 0 7 1 93 95 60 87 85 34 89 85 98 90 23 12 80 98 33 80 98 16 14 59 36 18 63 26 84 83 48 82 34 41 59 56 18 5 74 8 15 65 48 2 20 69 10 61 62 4 37 58 27 39 4 12 39 87 61 65 70 59 70 17 20 62 47 44 43 99 71 51 76 20 95 72 34 61 81 38 0 81 14 5 93 73 49 99 83 23 83 90 53 79 6 92 13 33 14 26 51 48 87 65 49 53 7 98 52 80 6 71 99 36 5 71 30 53 8 5 48 83 20 27 52 42 46 19 66 11 72 42 83 39 64 13 28 42 96 16 78 6 17 6 1 51 7 86 68 94 73 94 1 11 33 67 88 27 83 43 3 61 58 46 92 10 13 78 2 4 75 58 96 19 88 66 41 69 32 69 76 56 91 28 76 94 63 43 19 73 88 63 14 69 20 52 58 43 11 47 71 68 83 37 54 35 63 30 21 69 37 45 99 49 26 19 75 44 99 49 76 22 
94 54 58 15 51 63 46 65 46 67 92 71 77 28 92 3 39 85 63 43 38 44 39 45 75 58 96 77 16 69 1 21 86 43 24 24 5 90 20 34 17 73 5 4 95 96 23 47 72 10 58 66 87 72 4 66 91 0 80 18 90 8 98 75 46 90 6 63 89 7 66 13 3 66 63 26 51 88 49 65 41 58 6 90 50 1 79 98 55 44 49 1 81 77 27 7 3 27 10 89 56 10 46 38 1 74 8 48 34 47 76 17 79 55 86 61 39 92 55 65 74 49 26 50 72 69 89 55 31 19 44 27 82 96 59 63 61 87 78 3 5 73 78 89 67 64 35 53 69 21 3 19 67 88 48 40 74 45 53 94 1 22 25 21 18 67 73 6 89 66 73 35 12 57 29 56 46 20 96 19 62 44 22 2 25 72 13 48 29 35 28 93 71 32 13 16 86 91 88 18 88 57 67 28 25 18 90 19 31 25 5 76 40 0 57 3 68 88 79 12 19 33 10 47 1 56 58 31 24 62 9 70 19 89 13 91 59 91 0 58 22 80 90 19 94 58 25 86 69 35 74 60 5 91 3 81 8 20 70 15 87 89 3 16 68 43 40 47 80 61 35 85 25 46 86 71 79 87 37 17 12 45 78 64 20 91 8 44 52 56 32 99 0 47 46 85 15 16 90 52 51 53 60 3 95 28 64 56 98 9 15 91 19 47 29 99 54 81 23 55 81 77 24 93 34 15 60 84 52 38 87 0 97 54 94 70 38 56 40 5 87 13 61 78 34 45 50 62 81 95 31 13 5 29 61 95 27 75 85 34 53 51 3 3 39 37 86 79 49 18 58 30 84 95 34 19 33 20 86 54 34 47 72 50 6 28 88 77 41 30 1 2 81 81 11 59 58 3 0 23 
62 69 81 65 13 86 68 17 82 96 94 76 41 56 89 88 46 88 9 95 78 36 14 68 98 45 17 99 61 23 62 18 62 98 23 63 42 35 56 28 59 37 29 68 35 13 24 20 98 24 37 19 8 39 18 67 63 81 63 97 71 67 77 37 65 27 60 9 59 3 24 5 66 1 99 97 88 37 81 94 72 59 11 54 97 44 33 91 43 98 4 60 28 64 95 66 0 85 10 61 14 98 2 79 31 79 21 9 8 91 39 19 39 1 64 79 72 10 59 35 68 89 78 85 80 90 60 43 48 85 40 63 15 31 82 52 49 93 61 95 1 85 39 14 56 65 46 11 85 60 81 12 68 56 58 56 69 24 98 60 86 2 85 53 14 10 1 10 9 49 15 37 10 59 56 92 49 19 86 3 82 67 15 70 49 70 78 39 5 94 98 57 89 40 94 57 83 86 46 57 51 39 35 54 45 14 67 97 60 33 53 46 55 5 2 96 37 74 93 15 80 63 12 93 51 68 86 35 23 72 48 14 3 95 16 3 69 26 94 75 52 76 25 35 57 92 43 34 60 38 52 43 23 98 17 85 82 17 77 62 44 76 92 41 86 34 3 66 14 17 42 3 71 41 86 64 22 9 99 27 82 66 57 64 78 18 21 23 51 98 57 32 97 1 48 47 30 9 45 98 78 96 84 28 0 65 79 42 3 26 74 21 90 60 42 25 12 98 95 0 30 84 65 29 53 44 18 78 4 16 30 90 3 70 64 53 43 93 22 89 73 34 14 58 32 73 54 30 13 53 22 87 41 34 96 1 37 33 38 53 15 82 92 45 42 2 65 29 64 25 77 56 92 50 57 95 99 77 27 23 85 67 88 19 10 97 36 0 52 51 2 41 66 43 76 80 60 96 47 72 
8 26 37 63 68 81 14 94 73 53 48 72 39 98 57 82 33 12 72 54 56 3 64 6 76 46 81 42 12 9 1 31 56 53 46 59 57 73 50 39 26 7 11 18 40 47 68 8 54 55 22 87 78 49 92 85 49 13 70 14 1 94 30 26 53 57 74 35 73 99 67 3 91 6 50 7 76 33 40 89 91 49 78 78 36 37 80 72 84 57 31 44 50 91 0 3 65 36 28 48 55 77 24 89 3 64 90 1 28 35 24 47 30 98 5 76 49 16 1 69 23 34 93 56 74 90 66 5 41 21 65 10 38 13 70 20 61 87 89 57 17 64 15 43 46 68 48 73 82 49 80 48 57 10 97 22 15 35 30 18 48 43 32 23 72 34 85 66 76 75 50 29 74 77 33 95 22 7 64 19 81 34 17 73 43 25 18 46 64 67 47 72 20 73 19 18 48 16 98 54 19 5 23 67 65 71 99 76 52 53 64 61 33 54 56 33 59 30 34 96 91 91 96 77 35 89 96 64 81 97 76 87 49 31 29 96 98 37 7 95 76 17 86 42 5 69 55 9 82 30 27 29 84 67 15 66 94 15 95 58 24 77 25 5 34 23 48 92 11 6 79 34 68 9 23 99 27 59 53 84 51 58 32 74 32 80 9 41 92 29 35 31 78 90 57 1 91 62 28 4 24 98 94 15 4 38 21 81 93 55 17 51 34 53 78 4 13 42 18 13 70 61 14 14 93 73 20 13 29 65 42 17 13 37 10 46 67 74 71 1 86 41 99 83 73 55 19 17 73 9 28 10 3 63 6 19 16 25 65 5 76 23 4 75 10 83 49 34 5 75 94 55 50 84 81 48 72 77 97 66 55 76 40 21 86 48 6 4 31 3 44 13 19 49 58 77 0 84 30 31 
73 48 24 78 11 8 4 0 15 74 67 99 49 9 77 29 36 66 80 95 1 8 2 95 88 71 83 71 99 5 81 77 8 26 21 58 63 56 71 51 70 84 44 86 12 87 3 25 70 18 79 94 85 35 45 44 75 86 47 60 48 50 69 11 22 70 62 52 29 57 54 18 11 9 40 35 92 29 21 83 70 3 6 66 47 36 2 47 97 18 82 14 61 9 63 21 16 2 41 65 15 99 95 3 44 65 13 83 7 41 37 91 30 0 15 97 13 10 15 94 61 69 82 60 3 62 82 55 52 58 31 10 74 11 28 83 29 49 97 82 44 61 41 93 60 56 29 15 29 27 57 58 39 97 41 7 85 39 32 80 48 41 66 54 36 35 57 73 39 77 98 95 4 38 21 95 10 23 29 48 64 29 82 74 68 71 36 65 68 9 38 39 31 28 94 55 63 66 2 47 24 84 26 21 51 25 57 45 16 99 56 43 41 60 38 35 61 9 42 58 64 91 87 71 60 81 67 62 30 90 57 71 10 59 54 93 59 46 57 32 34 62 40 38 95 4 35 17 47 3 62 82 61 94 41 10 58 44 33 69 66 49 54 51 87 33 84 77 55 69 58 61 20 94 82 64 99 12 91 55 65 13 34 46 12 80 94 34 47 59 26 84 21 61 39 9 98 33 1 37 68 36 85 8 52 5 85 55 83 78 57 62 28 3 49 28 59 98 38 7 10 58 22 21 31 15 29 79 53 27 66 58 23 81 9 19 31 11 15 0 12 62 56 81 73 76 58 72 26 40 10 49 30 77 80 22 16 64 64 89 88 79 25 65 30 95 26 88 9 93 55 42 86 0 53 37 26 22 17 52 54 35 34 17 57 46 93 50 29 5 80 61 6 34 51 95 10 20 19 46 
97 82 60 34 41 85 10 65 52 89 35 23 32 20 76 45 25 18 64 54 50 31 53 95 37 21 93 52 12 89 48 7 43 32 44 97 96 22 89 47 44 30 43 71 10 47 87 45 69 28 79 94 18 57 70 82 75 83 38 40 10 1 41 60 57 80 12 93 42 61 20 94 45 57 57 14 65 52 83 51 62 19 11 16 44 37 28 68 2 82 53 85 83 78 68 86 8 12 40 27 9 5 52 20 65 12 22 91 79 9 9 0 33 16 10 25 4 6 90 37 12 66 23 6 83 2 86 28 89 18 16 78 26 5 32 96 72 91 12 32 14 23 40 48 38 32 49 81 38 58 26 49 12 80 64 45 94 39 59 23 20 43 70 23 62 22 4 70 85 38 87 46 67 70 83 36 97 7 31 53 85 97 32 78 95 23 49 20 46 19 21 22 9 99 70 43 63 4 68 79 45 68 52 70 97 47 57 19 45 82 13 48 36 52 87 79 38 23 13 32 49 20 41 15 80 73 80 84 17 71 76 66 92 3 35 7 65 66 99 66 53 68 42 92 4 46 37 96 75 3 37 78 1 77 48 59 27 39 70 59 92 41 47 76 21 65 13 95 32 20 80 40 76 67 26 71 65 37 30 55 23 27 97 17 59 79 58 40 21 38 29 72 48 11 47 47 12 47 20 61 63 5 20 24 81 34 30 45 84 11 92 22 13 4 51 82 27 35 39 89 26 45 98 66 0 78 82 68 41 25 65 2 95 9 82 38 7 22 45 26 36 18 79 35 69 45 8 60 79 21 48 87 7 24 89 31 91 3 18 89 62 83 90 46 32 51 24 11 25 79 89 51 96 95 69 99 85 57 73 49 94 68 66 2 83 29 91 27 41 72 17 17 32 6 66 88 23 74 88 96 
93 59 94 27 39 45 66 70 88 28 77 34 75 96 81 78 93 80 7 33 27 75 47 1 80 53 34 90 58 85 34 19 1 63 81 18 49 49 47 55 21 56 2 26 66 91 29 91 17 25 84 95 93 79 55 42 58 72 76 18 7 96 84 59 64 80 33 57 50 39 14 74 65 60 79 24 42 39 44 9 26 59 42 89 94 98 91 85 95 61 47 56 35 33 9 23 29 55 18 23 80 50 95 54 73 57 22 49 52 75 94 64 61 97 69 91 43 89 96 65 23 18 60 12 96 3 77 38 71 1 65 86 49 86 17 31 69 53 88 14 45 15 90 59 37 3 88 74 40 7 27 32 0 85 98 31 10 42 96 79 90 80 96 3 92 31 92 30 25 20 78 43 16 92 18 76 33 7 96 46 44 61 75 97 16 99 15 1 65 44 68 38 10 38 37 54 16 69 22 60 9 54 23 73 24 93 60 61 14 82 74 21 27 7 10 71 35 83 2 56 37 29 16 67 8 77 52 25 41 58 29 38 74 62 76 45 70 70 95 88 7 80 58 8 44 34 39 69 58 96 15 53 6 95 46 27 79 23 51 30 71 66 72 50 55 4 47 79 5 43 17 80 61 8 42 45 29 49 56 66 17 91 79 57 56 16 31 60 43 3 13 68 79 76 17 34 8 14 35 94 66 5 14 69 13 50 63 93 38 98 9 56 11 56 36 53 0 26 70 52 64 23 25 12 50 39 20 94 31 42 38 40 41 28 58 47 1 43 16 59 13 48 92 54 89 54 67 12 45 49 65 50 73 49 55 64 8 72 13 26 65 30 90 99 2 83 58 61 81 46 18 58 31 8 0 75 97 89 28 4 8 54 27 40 40 70 10 20 94 84 79 29 34 63 61 60 48 12 75 92 
74 8 40 2 98 26 79 38 73 77 14 0 75 6 61 42 35 86 61 82 0 0 75 49 81 25 48 71 76 95 95 23 87 68 36 93 49 38 76 32 38 50 79 39 16 70 43 11 77 83 96 83 3 66 82 6 58 70 14 98 32 0 64 24 7 13 19 74 10 93 49 54 85 59 48 62 18 1 75 24 38 68 15 59 82 79 97 85 74 63 40 30 99 67 30 24 94 14 82 54 79 21 85 32 89 71 73 89 97 98 24 94 50 93 28 70 78 44 32 3 11 11 44 83 73 99 46 95 88 75 9 9 77 89 65 77 60 57 3 6 42 2 59 57 92 76 20 28 69 90 59 16 92 1 26 71 78 95 5 93 1 34 21 30 83 68 20 98 65 70 74 32 93 56 34 35 34 76 62 20 77 86 8 65 68 63 80 67 76 59 69 94 21 26 19 64 12 12 75 49 22 6 72 1 67 26 3 22 57 89 94 66 62 0 34 87 62 39 17 59 55 21 65 50 41 51 11 64 44 42 22 81 58 25 52 85 27 23 9 90 65 87 60 2 48 24 70 42 19 7 99 1 21 93 15 42 30 72 12 20 37 94 8 19 87 27 21 5 25 63 55 88 24 57 73 83 9 88 9 74 85 74 39 47 8 76 96 43 4 29 95 83 2 18 56 46 87 38 34 44 48 33 72 87 62 46 42 39 64 65 36 50 85 43 57 88 8 5 72 65 89 27 93 38 69 48 16 16 53 61 97 58 34 38 25 33 16 54 32 3 13 61 5 82 41 54 76 97 3 40 38 54 11 93 22 26 25 18 81 15 50 90 36 32 75 70 56 26 18 53 10 77 90 48 12 80 12 47 30 84 27 66 76 58 84 86 64 21 46 27 5 96 21 39 57 47 27 20 38 4 
19 4 53 39 42 86 25 36 46 94 26 49 54 18 14 0 94 83 44 42 97 26 99 76 86 9 15 34 66 49 73 70 38 16 74 28 31 24 90 47 47 99 4 43 19 37 61 36 37 47 52 18 6 38 50 97 17 58 19 65 76 19 47 10 23 59 71 56 64 83 6 71 75 14 74 91 71 93 13 90 37 95 17 85 3 3 11 1 80 42 19 17 36 73 75 18 46 84 19 30 79 80 3 44 54 14 61 65 2 11 40 46 4 60 66 83 78 27 54 99 73 60 81 59 88 70 32 16 63 31 34 59 97 3 97 56 28 35 49 15 51 86 46 72 8 90 26 67 37 86 91 94 84 88 63 94 73 94 0 50 68 43 60 6 75 28 27 6 4 93 53 13 11 11 88 22 85 87 97 49 15 7 66 98 60 93 89 27 70 8 97 46 69 8 67 91 24 10 24 22 3 75 33 95 20 67 40 99 71 37 28 28 87 76 70 1 93 64 81 11 19 20 9 70 47 20 95 2 12 22 31 24 39 98 99 60 41 42 65 73 52 76 47 82 65 95 3 5 45 97 89 25 24 56 14 78 9 37 66 71 80 38 4 92 43 57 71 70 82 79 87 32 18 19 4 98 27 52 31 97 38 2 75 20 11 98 30 59 55 96 97 33 24 32 63 75 50 10 28 77 28 50 95 87 76 76 37 77 36 19 55 11 10 61 3 50 48 60 84 44 86 36 95 26 84 48 36 44 42 40 20 62 25 88 11 8 42 52 9 13 18 66 97 32 74 71 47 6 41 90 76 98 99 16 86 42 46 78 61 23 61 19 75 5 87 4 91 13 43 55 39 3 8 80 96 95 19 28 21 98 85 73 74 85 43 88 44 32 31 83 49 57 36 52 89 54 87 54 14 19 
46 68 87 44 36 47 52 22 42 27 65 79 19 77 63 5 92 58 88 16 45 65 34 7 91 25 85 4 36 71 4 4 89 78 84 93 33 49 66 65 8 89 68 0 91 40 10 20 65 42 43 62 29 76 49 21 81 35 51 50 70 89 15 10 63 92 68 3 51 62 60 86 71 61 73 72 58 19 86 61 83 48 88 28 40 27 91 63 71 88 13 24 83 2 75 49 3 73 49 11 81 0 32 3 40 51 95 55 82 54 29 41 60 60 58 2 94 32 1 48 70 39 55 0 13 33 40 63 5 40 76 18 20 93 50 41 62 89 42 27 63 56 39 73 30 27 57 38 37 50 54 72 62 2 4 51 62 95 30 54 42 58 59 93 88 49 11 25 8 8 20 84 52 60 94 3 69 36 2 34 14 18 21 77 61 64 25 81 70 73 77 92 76 1 37 61 5 49 7 85 65 38 12 43 94 95 52 34 76 47 91 75 51 73 60 80 75 35 80 54 69 53 80 90 57 45 6 19 58 79 59 20 17 69 0 63 39 64 21 6 36 30 32 35 77 57 69 16 79 6 9 27 14 49 33 48 86 87 72 92 50 35 95 52 31 2 26 52 0 92 39 99 28 94 48 38 15 74 77 49 8 9 6 73 30 32 76 53 18 30 40 26 79 5 92 75 80 86 85 28 95 34 98 65 13 22 94 74 30 97 43 41 46 60 10 70 57 32 82 12 84 96 15 50 88 77 67 78 90 15 26 21 95 53 3 76 36 67 26 42 34 19 25 56 4 23 73 73 52 51 83 59 98 0 2 68 17 74 76 10 11 98 28 22 35 16 22 17 35 85 21 22 66 64 80 55 77 64 90 4 11 31 94 62 12 15 6 92 66 35 36 99 33 77 10 26 91 98 57 83 
38 3 57 11 52 10 53 7 77 87 64 91 24 63 81 96 30 79 2 10 53 51 11 81 65 62 87 58 64 7 21 29 36 92 51 13 69 87 11 46 44 41 14 12 20 67 97 57 14 54 9 72 14 30 73 55 65 78 93 20 64 14 24 5 23 70 74 74 89 19 15 41 88 84 83 0 29 91 47 38 16 15 60 12 37 25 13 88 43 57 55 61 69 28 87 27 52 72 51 34 42 43 37 45 97 75 15 32 84 83 75 55 16 94 6 24 92 80 58 83 33 15 49 89 74 89 62 96 84 88 15 43 34 57 22 40 33 43 86 51 88 68 81 75 22 61 43 67 2 53 47 12 72 23 60 95 48 58 79 4 36 1 81 19 9 58 40 71 51 15 67 27 54 57 80 64 93 4 0 40 71 43 17 21 38 33 68 14 81 68 17 21 20 99 16 72 83 47 92 47 93 10 76 4 29 10 51 14 55 37 95 8 72 11 68 54 43 85 33 63 97 15 97 26 15 87 48 69 20 64 41 24 22 79 93 15 91 17 91 12 9 43 95 94 12 20 62 73 35 18 25 93 69 95 86 78 55 76 10 18 7 57 13 0 62 6 45 3 36 4 35 0 28 88 57 98 64 95 45 15 76 36 71 78 6 24 48 38 54 82 91 67 28 28 10 64 8 3 21 28 18 21 43 1 47 1 80 80 31 4 7 63 54 9 24 81 69 40 72 68 53 38 38 52 1 31 73 57 21 77 81 12 23 19 25 57 48 3 46 64 41 62 11 13 1 98 60 52 6 1 79 1 24 38 25 99 98 41 52 11 28 61 28 28 94 5 90 79 46 2 94 77 85 91 27 84 54 8 90 24 45 17 92 94 42 32 26 61 8 84 87 67 21 16 41 56 81 21 75 94 
43 55 36 17 6 29 31 45 57 94 63 63 43 35 15 42 76 69 64 7 48 32 73 83 75 94 7 95 45 86 96 44 26 89 60 84 16 73 46 68 86 73 27 21 8 0 2 87 32 39 2 23 15 43 68 60 63 87 57 11 28 6 42 61 57 44 31 75 20 90 99 6 63 33 5 49 62 96 64 7 47 52 45 41 73 83 69 19 54 16 61 39 22 85 62 33 71 15 85 64 37 20 5 79 65 96 24 23 68 87 96 85 92 23 50 66 43 28 69 16 95 80 74 31 95 57 28 60 42 77 16 36 59 73 39 51 40 16 17 68 88 83 47 90 53 84 99 58 52 28 63 93 79 2 94 54 63 85 54 72 79 96 55 69 18 77 95 79 92 84 25 18 61 67 58 91 69 7 97 6 49 11 91 52 26 8 87 20 13 89 79 56 1 18 27 36 76 8 79 58 73 14 19 98 67 4 41 6 89 61 72 87 12 90 62 49 40 18 20 58 86 2 5 82 15 35 49 80 29 80 50 77 56 10 40 74 17 58 50 30 68 47 17 94 18 37 52 65 61 49 66 56 89 35 98 32 50 40 69 6 41 34 36 43 57 79 79 1 5 1 35 31 37 32 64 37 10 20 34 99 37 55 92 78 48 94 9 40 47 87 19 39 76 2 47 83 59 6 81 89 26 18 87 66 18 71 0 94 14 43 76 19 24 88 49 89 92 3 68 79 45 26 33 3 42 48 79 25 38 36 10 94 70 52 80 23 12 16 91 16 75 17 45 26 43 94 69 19 75 5 31 12 20 55 15 98 76 54 79 83 72 1 5 3 14 9 46 66 65 33 46 62 31 77 68 79 74 48 67 97 96 67 64 89 19 37 2 1 98 97 97 41 54 44 77 77 41 9 1 58 
53 89 14 93 25 2 92 15 77 20 53 58 79 93 47 59 16 61 94 15 54 25 77 77 43 77 46 4 49 34 63 77 79 79 47 88 98 48 13 90 82 15 43 39 7 42 99 94 62 12 96 92 79 15 24 23 61 36 73 65 98 9 88 60 72 6 27 49 39 89 90 54 78 96 47 36 90 94 1 90 57 12 53 64 41 85 59 78 40 94 93 18 91 6 26 13 42 33 93 16 68 40 69 57 2 61 74 46 89 63 10 9 26 63 18 74 45 65 43 37 79 75 99 94 40 75 51 52 2 74 18 57 16 12 19 43 58 42 49 82 52 52 71 93 8 51 11 14 24 64 79 96 74 89 45 85 59 37 58 7 62 28 27 80 72 43 59 4 54 85 47 59 84 0 80 45 8 13 39 80 22 59 17 17 33 19 31 97 43 86 18 10 42 79 9 46 89 8 2 51 81 74 18 22 88 28 90 14 87 24 70 30 1 38 38 28 52 84 35 92 32 74 73 25 56 65 7 59 46 41 61 26 44 56 19 22 12 47 97 14 31 40 45 86 0 97 65 2 5 63 69 15 0 16 10 53 83 60 66 0 94 16 74 27 57 17 71 54 24 25 64 8 97 97 76 48 66 26 63 85 63 18 27 44 11 8 85 9 77 39 80 79 74 8 28 99 75 36 51 2 2 28 11 78 85 44 9 45 57 42 99 53 96 7 60 31 84 65 65 76 74 59 72 37 47 8 54 12 95 98 85 30 8 21 62 60 39 69 53 67 86 18 12 69 72 14 85 81 76 34 85 24 79 74 42 66 94 88 3 96 66 38 51 23 91 45 85 25 79 13 23 90 71 76 91 25 67 66 97 29 91 95 23 59 85 89 92 77 0 51 92 40 22 25 10 27 72 36 64 57 
40 11 52 70 18 5 94 50 99 77 94 48 8 90 70 5 53 45 43 40 44 81 6 94 44 44 79 16 22 51 20 22 30 73 44 15 61 29 62 96 71 66 83 98 8 38 18 98 14 71 81 64 78 22 90 65 63 89 37 94 32 14 31 13 45 5 69 13 89 9 72 41 41 95 22 30 86 45 93 15 67 38 35 20 68 77 18 87 62 90 33 3 94 12 70 36 7 50 80 97 28 25 55 19 20 40 43 85 37 78 78 5 41 89 89 67 9 86 28 73 85 80 7 74 27 89 68 7 15 32 99 95 51 38 54 54 68 44 87 40 16 87 45 8 9 41 2 64 1 37 43 16 34 68 89 65 56 18 27 4 19 17 48 38 90 56 56 47 15 63 61 55 90 69 79 10 96 69 13 34 81 34 55 80 19 60 68 34 71 60 95 57 19 95 81 92 10 21 89 67 51 20 4 36 49 71 2 58 57 47 55 87 45 96 78 89 99 85 80 68 5 98 57 30 78 68 57 37 21 53 90 72 9 10 41 87 4 96 25 14 74 95 44 48 47 68 91 73 8 89 8 62 81 2 68 56 98 75 73 22 59 19 3 16 79 37 99 73 71 23 12 64 87 38 34 7 34 14 26 78 27 63 81 89 57 33 4 45 36 39 52 74 99 83 86 42 71 54 64 38 20 32 9 44 73 13 72 35 54 17 1 99 23 90 51 92 75 42 60 25 19 95 70 45 34 35 2 35 61 50 3 44 49 6 9 12 69 15 5 85 52 27 21 41 68 47 93 14 96 28 55 66 20 62 57 27 63 67 77 80 44 75 76 33 29 66 81 95 75 68 82 9 38 5 78 16 60 96 70 38 14 61 33 53 13 55 17 13 91 8 61 11 85 63 2 65 10 39 10 49 
19 80 20 60 34 62 15 81 76 42 78 1 42 30 79 69 58 36 13 45 6 96 59 55 44 19 31 51 88 43 52 49 75 17 70 12 75 6 99 19 42 34 68 55 48 46 84 36 43 61 63 28 71 10 41 97 14 86 48 57 21 10 61 85 97 72 55 75 26 1 45 20 23 28 1 15 50 7 11 96 71 67 46 87 48 84 80 58 90 30 97 90 14 0 65 72 54 43 52 76 47 82 8 7 87 47 40 45 94 76 97 16 57 77 13 40 90 36 56 16 47 69 33 54 69 86 84 5 2 64 88 19 7 7 6 42 44 36 47 13 53 66 53 16 72 99 62 95 91 57 91 76 78 47 14 85 63 21 89 62 73 60 23 32 64 28 11 92 12 79 95 78 79 21 61 95 35 0 70 7 16 89 19 59 55 78 60 99 36 75 54 74 38 84 98 41 50 4 11 83 99 67 21 88 23 61 68 92 66 26 31 83 63 91 75 99 14 89 87 1 36 69 87 41 11 26 56 31 34 68 61 20 17 46 91 49 92 39 49 98 43 93 35 86 57 47 79 14 82 88 80 70 32 33 56 71 8 31 21 41 67 21 35 92 80 43 58 51 64 72 88 72 23 77 33 97 42 76 43 43 40 37 99 10 24 11 59 20 93 33 30 95 25 73 4 93 29 99 97 8 70 13 28 61 28 18 22 96 38 50 28 5 68 39 27 55 67 69 86 16 6 58 46 21 90 78 3 60 30 18 69 58 78 35 82 86 97 67 37 41 87 87 79 80 75 62 50 59 22 11 15 28 91 69 49 47 50 43 38 21 72 57 88 73 66 65 47 39 28 87 28 39 81 32 4 2 83 21 21 4 24 88 72 89 7 31 14 96 8 24 13 44 77 44 48 18 12 14 1 73 
98 40 53 15 55 43 59 42 25 5 11 87 18 60 82 71 38 70 61 35 28 7 7 99 85 11 91 39 54 34 43 50 53 54 32 20 29 22 89 57 10 82 32 70 30 44 26 64 21 60 84 97 64 68 24 19 21 29 4 1 92 25 74 97 63 57 76 92 39 2 14 63 46 8 15 95 20 99 57 49 98 42 24 93 41 0 34 53 43 8 14 96 74 44 83 10 55 69 17 91 10 90 78 11 80 21 96 87 11 8 51 70 14 35 81 69 34 17 53 43 43 92 72 75 60 17 23 61 73 18 50 93 34 51 6 19 77 1 44 52 21 93 89 30 14 60 69 63 68 32 89 49 69 60 20 76 52 91 50 8 77 67 39 21 4 52 54 95 54 19 90 60 74 98 55 40 35 42 5 76 89 12 87 40 88 29 63 73 82 64 53 38 3 39 12 87 77 55 70 70 73 15 65 94 67 46 53 0 50 56 10 18 42 48 26 60 61 51 43 26 56 85 4 5 98 78 86 10 0 36 38 86 59 51 16 34 55 96 29 38 81 51 20 1 22 12 40 7 50 84 5 42 78 12 54 58 66 17 25 73 51 24 98 15 23 61 2 59 34 18 29 57 89 41 0 82 56 64 68 26 30 71 22 38 39 26 88 0 30 20 83 75 65 66 93 75 45 43 59 74 19 0 27 62 10 70 51 85 87 89 31 83 29 16 78 53 91 87 95 32 95 51 22 62 12 79 82 52 99 26 14 41 27 98 61 81 44 75 71 16 15 72 23 93 0 94 99 57 78 64 16 69 60 79 36 82 0 69 17 34 41 75 59 12 91 10 47 63 61 40 95 6 7 58 39 14 62 5 23 50 96 45 95 92 24 40 52 41 67 72 64 17 39 67 5 53 59 95 58 9 
23 20 70 96 30 51 28 92 3 16 90 83 88 42 4 88 2 33 43 46 65 92 79 81 63 95 7 85 54 49 56 58 71 58 92 37 2 99 89 74 84 78 84 43 95 69 47 93 63 33 67 46 19 90 73 90 75 67 6 98 68 26 39 63 66 98 39 20 98 71 75 85 43 0 69 97 21 64 21 50 44 6 69 50 39 20 29 19 71 64 56 42 73 34 78 84 23 23 78 39 16 38 74 17 41 59 17 47 57 60 93 38 68 87 15 1 69 80 25 96 47 61 94 92 25 45 1 63 95 19 78 34 82 76 89 60 53 93 8 49 47 7 61 24 90 32 25 44 67 13 14 78 81 77 24 3 84 68 65 67 68 47 46 70 79 37 29 78 8 81 91 78 0 57 17 70 78 20 67 65 57 45 0 9 93 30 56 76 75 38 10 68 31 45 70 63 18 43 18 75 39 30 53 44 95 19 54 43 86 27 35 45 93 88 37 39 45 16 99 76 91 40 25 84 57 23 55 82 44 42 90 96 64 20 8 24 42 8 12 35 15 43 21 79 31 18 86 52 6 64 75 67 53 34 82 91 87 14 76 20 78 16 42 56 98 36 54 86 48 63 87 76 45 78 49 62 73 94 60 62 36 74 30 0 80 67 12 14 94 12 27 32 36 51 92 11 37 69 17 94 28 19 93 45 80 68 16 61 69 1 94 52 47 87 43 83 42 83 77 41 99 5 71 95 13 89 58 30 52 28 79 42 59 78 88 39 79 86 4 78 99 86 80 6 24 58 59 68 19 56 8 87 65 73 87 80 34 93 3 75 22 73 52 68 34 57 10 16 17 9 72 53 30 4 56 33 20 98 41 24 44 90 1 45 76 14 48 70 68 94 37 83 27 41 52 71 36 62 91 60 
21 28 88 64 44 60 81 64 63 78 19 89 26 4 20 12 86 74 88 40 49 2 68 94 7 53 39 76 1 73 45 70 60 35 29 20 39 12 57 31 69 78 64 69 70 37 28 75 37 74 59 17 38 47 10 50 42 87 90 29 13 40 40 57 99 32 82 53 61 87 22 19 25 17 98 69 13 81 81 70 71 72 69 4 35 43 53 92 23 92 68 30 33 27 52 91 92 49 81 29 77 38 55 69 55 34 70 66 95 57 85 20 81 57 85 74 17 82 33 89 81 73 45 61 63 67 42 71 18 92 3 72 90 29 52 79 48 19 38 99 4 28 82 80 32 36 32 11 77 35 75 5 43 79 47 59 89 37 8 78 39 49 18 85 35 12 52 79 10 81 56 27 22 80 88 9 6 6 57 99 1 65 38 30 72 98 78 47 7 80 79 5 13 38 27 61 15 6 23 89 97 23 72 46 97 93 73 56 85 40 45 22 71 27 74 83 87 39 3 3 59 2 82 44 59 84 69 50 48 22 94 68 78 26 0 19 25 64 20 72 15 38 99 40 69 11 43 32 62 98 97 32 43 35 24 58 1 18 31 62 84 55 16 58 64 17 79 22 28 8 28 54 90 17 31 74 1 53 59 48 41 83 37 21 19 97 87 33 10 69 64 47 79 74 43 68 22 40 92 0 75 11 93 77 79 30 91 43 25 37 81 98 81 61 97 61 2 7 73 36 71 74 12 30 47 90 87 44 78 62 90 84 66 69 58 1 41 7 43 82 85 90 61 84 63 52 58 29 75 70 78 89 69 68 82 95 97 33 57 31 26 93 77 62 68 69 11 34 72 63 72 21 97 43 10 3 21 57 91 92 58 20 35 56 38 0 86 76 21 77 82 47 4 17 64 30 30 32 18 48 
38 22 95 75 3 5 28 55 82 73 53 87 15 65 19 77 68 93 52 94 70 40 48 21 80 74 84 96 86 16 32 29 33 87 15 52 19 79 64 63 8 28 89 77 60 74 24 42 45 17 30 86 86 96 72 48 6 19 30 24 96 50 11 65 26 24 74 24 28 28 14 53 84 48 2 26 24 23 16 83 46 3 90 6 47 89 48 92 13 39 81 95 76 10 78 27 81 57 47 28 68 12 90 22 51 76 73 41 5 64 65 87 88 15 57 15 74 0 72 2 71 87 4 76 33 27 47 7 36 42 86 88 32 69 31 38 1 86 5 61 25 71 76 20 96 35 77 64 64 72 9 72 35 38 8 94 92 8 94 7 52 42 93 37 81 56 25 28 32 78 49 7 54 60 72 63 57 25 98 88 96 6 21 78 71 16 92 58 46 65 68 45 64 79 34 54 11 56 40 41 15 8 41 57 48 78 10 76 64 30 40 92 93 88 99 66 32 58 72 68 83 0 30 71 20 58 48 78 34 27 38 90 44 31 15 81 92 4 37 72 32 4 90 62 79 17 50 82 47 53 30 72 17 4 50 51 54 9 20 51 76 87 62 29 39 48 45 44 22 50 49 37 72 31 79 98 67 39 77 64 66 74 53 63 38 9 45 74 51 87 61 73 86 45 85 96 11 63 16 46 11 11 24 68 75 50 86 2 69 56 12 64 95 85 71 90 54 95 27 85 65 73 64 35 25 26 64 75 68 20 63 42 17 8 94 6 9 68 92 80 40 45 97 43 16 92 95 71 16 3 96 63 65 44 8 20 51 75 8 43 69 39 73 53 24 80 26 39 86 74 14 7 79 93 56 63 58 62 69 70 35 96 92 49 74 96 13 95 68 47 52 54 78 72 62 59 11 65 25 47 
58 75 82 41 81 20 54 92 47 0 40 51 95 94 96 31 56 70 35 81 92 52 33 0 9 15 81 36 79 41 95 33 95 50 90 87 22 1 49 97 82 10 59 16 30 14 65 71 34 5 95 73 91 78 81 2 67 63 11 72 23 74 24 23 27 4 90 4 33 99 19 21 34 54 90 39 2 3 18 98 16 69 83 75 27 3 71 20 48 25 66 37 91 65 47 38 46 91 46 56 34 23 11 99 64 72 27 66 10 35 19 1 43 43 83 42 36 34 61 47 56 43 17 88 61 57 34 18 17 27 72 38 93 95 88 26 22 98 53 9 60 11 72 87 2 98 25 75 78 68 34 12 66 55 81 37 6 14 44 86 75 70 99 23 24 12 40 80 29 52 78 5 47 7 31 67 48 98 71 56 55 29 24 71 84 64 71 86 72 27 40 87 7 98 75 4 90 68 7 32 41 23 57 84 81 69 22 12 3 66 51 86 60 87 0 91 5 91 53 44 85 25 84 52 67 16 83 20 95 87 43 24 69 25 20 33 22 62 19 46 66 99 67 64 44 41 49 26 37 19 46 67 40 27 22 63 31 87 79 54 46 64 43 81 83 21 13 52 15 45 99 37 80 2 78 41 23 27 43 32 38 2 65 3 1 54 11 6 56 68 14 12 2 58 8 7 56 31 92 80 84 17 37 8 31 21 23 63 1 31 74 64 5 69 35 64 78 43 1 41 71 86 28 78 62 65 95 55 67 70 70 23 76 15 72 80 92 37 60 23 42 47 76 65 26 81 85 31 66 13 24 68 41 16 1 35 16 71 72 81 94 9 15 29 84 34 71 46 86 74 39 27 4 5 96 37 63 93 44 67 51 18 89 13 74 73 18 90 88 69 92 3 93 41 66 70 40 87 94 23 
32 82 4 85 3 75 61 70 23 40 83 64 35 67 51 95 18 69 3 55 93 65 70 83 20 66 70 79 40 24 23 5 32 91 49 24 88 67 3 52 46 61 66 23 45 20 95 71 33 78 73 18 32 66 77 61 72 74 55 88 78 77 32 83 80 23 50 34 15 39 5 40 57 76 64 89 97 56 99 27 25 61 35 5 85 58 5 25 53 84 19 0 60 14 78 71 81 17 75 25 39 55 67 69 44 16 46 62 19 24 20 42 5 71 56 75 64 13 57 64 67 46 83 28 22 59 28 50 23 42 40 82 48 76 34 11 30 38 68 36 27 28 6 33 48 13 9 80 60 82 80 36 26 43 27 72 75 4 1 6 76 31 69 97 62 2 74 2 57 85 25 74 18 29 88 98 3 16 75 8 29 43 64 4 62 71 43 39 19 47 20 45 34 45 40 48 38 17 88 16 50 62 8 50 18 98 16 4 26 83 4 0 31 25 39 74 97 10 72 33 44 40 31 35 37 5 82 41 72 13 22 2 8 65 8 85 8 8 26 76 64 87 70 68 3 7 49 85 48 44 82 91 7 26 94 72 35 1 50 77 78 39 53 31 90 85 80 40 96 60 4 37 9 85 87 11 83 9 80 68 44 4 43 60 55 26 19 27 16 72 11 47 56 9 58 68 24 64 78 74 53 96 53 27 65 21 52 59 81 18 20 60 3 23 64 90 80 30 97 85 72 15 83 80 81 38 92 60 52 72 75 58 69 85 10 55 23 2 38 63 65 55 70 10 56 29 61 66 60 98 58 97 51 99 98 12 91 36 34 92 86 39 28 80 80 32 90 44 87 17 19 6 76 64 57 17 7 87 84 82 30 80 51 17 49 58 63 77 23 66 14 38 7 16 68 71 22 96 58 45 
98 4 51 71 21 79 8 87 87 48 3 2 80 93 32 5 15 52 62 96 94 9 77 76 90 87 12 3 33 27 87 66 43 86 99 88 45 52 22 69 94 67 7 35 56 35 76 22 34 68 33 1 14 19 12 58 47 77 33 26 24 32 77 14 43 75 97 51 11 92 35 31 32 66 48 48 90 58 6 57 22 88 33 15 35 73 22 67 66 99 51 47 37 44 11 69 19 42 25 14 84 39 59 82 71 55 38 89 6 35 0 29 26 60 28 62 28 26 64 85 68 83 85 72 88 90 58 40 19 61 6 62 68 67 5 77 41 28 51 25 10 40 21 47 43 88 8 23 55 99 93 67 45 45 76 3 77 26 87 39 13 58 71 11 76 32 33 10 18 82 78 8 25 88 52 53 69 12 30 78 17 83 99 47 98 35 96 12 66 47 41 5 33 62 92 14 88 47 86 58 34 33 28 92 75 29 58 77 79 94 66 32 47 62 71 37 31 50 38 89 77 88 46 40 60 1 21 48 56 0 83 9 58 4 8 87 11 58 92 3 44 33 18 27 35 18 55 56 94 2 12 8 28 77 53 87 87 58 43 72 96 41 1 58 78 34 31 28 81 34 3 3 98 25 4 46 35 16 32 20 30 65 64 22 15 92 97 24 81 68 92 65 94 28 36 85 41 19 92 37 12 81 24 95 63 84 50 85 96 6 99 44 97 81 28 81 78 30 73 58 6 77 39 27 55 75 67 73 16 48 30 34 21 55 65 12 37 31 72 28 73 35 22 63 11 60 28 6 86 89 91 29 69 12 51 8 34 68 29 80 27 96 29 53 42 94 77 22 3 71 78 67 70 55 42 85 28 45 20 59 0 39 23 90 97 86 93 36 39 93 90 80 45 39 26 41 19 45 73 24 
91 40 86 72 44 86 16 77 81 21 76 12 95 99 59 34 9 89 32 86 10 80 34 83 93 44 20 76 28 47 26 20 44 61 79 3 21 37 28 75 40 90 42 63 20 95 9 70 29 20 30 45 65 55 41 31 53 96 16 74 60 74 36 66 17 44 94 56 30 34 79 57 92 20 94 86 16 26 67 26 55 79 9 98 62 32 84 44 68 88 0 60 87 31 35 45 50 69 6 87 27 66 56 39 85 48 61 94 62 17 70 43 41 90 61 42 17 69 13 24 43 21 33 78 7 82 63 64 16 88 69 96 52 43 10 2 5 60 3 37 38 19 54 79 13 50 67 25 84 16 12 92 91 57 74 70 7 82 45 4 15 16 38 92 95 73 49 11 19 46 1 59 50 32 18 10 45 20 1 89 67 27 46 11 71 10 81 15 15 81 22 47 24 22 36 0 89 31 73 38 60 55 36 50 51 54 46 57 35 37 9 94 12 54 98 55 13 54 45 79 8 33 8 92 6 26 75 77 22 54 79 26 16 15 35 37 34 15 5 30 76 10 19 36 79 98 99 6 2 9 38 12 54 44 97 48 76 80 77 51 81 46 19 49 86 40 14 24 16 20 15 32 32 97 0 25 84 95 27 47 59 41 32 72 64 3 90 0 5 45 94 38 46 54 24 31 1 86 80 52 75 19 55 7 66 36 92 96 68 15 84 99 27 81 60 65 13 9 75 35 17 58 78 37 6 85 90 30 26 38 78 84 10 99 66 68 11 45 57 7 85 53 91 18 43 48 42 15 8 71 67 32 82 63 24 28 8 20 73 66 24 5 94 40 96 85 36 71 82 49 24 74 55 1 50 32 44 68 67 36 52 84 35 28 64 56 82 64 98 87 32 65 61 17 68 1 56 96 37 40 
24 84 75 61 43 59 77 5 60 70 3 47 79 40 87 59 42 59 21 81 35 14 94 25 79 93 97 90 73 23 81 90 99 70 73 94 44 5 27 33 69 4 53 39 35 60 8 44 3 60 27 56 24 19 4 7 16 34 30 19 66 38 86 33 98 72 87 65 26 3 32 80 57 93 46 97 26 34 84 66 77 51 77 71 28 3 25 12 83 82 64 51 49 48 36 44 64 62 20 20 89 89 35 65 74 75 21 68 78 87 28 89 28 55 32 88 27 62 23 43 66 95 65 70 95 76 14 74 76 40 82 53 30 10 6 95 71 41 16 39 43 73 56 3 91 3 5 42 83 15 85 79 31 98 43 84 48 84 14 11 80 1 52 73 33 23 47 89 29 88 1 41 99 5 49 22 56 70 23 30 98 93 58 8 92 83 4 6 33 64 86 3 16 86 31 58 30 67 99 64 2 77 93 83 46 28 45 61 5 82 88 91 50 10 36 71 38 11 65 90 38 29 99 38 67 1 85 87 25 88 44 71 77 80 99 44 87 27 56 96 3 26 15 17 1 44 77 87 73 42 63 53 15 87 43 21 61 82 52 91 93 36 14 21 79 38 34 49 15 25 85 6 44 21 13 51 36 29 50 10 32 99 64 42 18 53 9 14 81 90 12 21 52 67 89 27 54 94 42 50 77 15 74 15 82 56 85 76 83 25 40 96 85 34 42 29 9 2 27 92 77 10 50 22 76 1 13 78 22 24 88 54 11 34 62 39 50 84 5 84 12 0 30 36 27 26 68 36 93 74 75 37 76 87 0 21 81 44 53 93 94 70 42 61 80 66 75 38 80 10 72 89 58 26 49 53 74 84 25 8 74 68 82 21 75 48 35 63 87 66 53 25 59 40 17 64 17 69 87 62 
64 6 86 80 40 44 85 81 56 42 30 50 36 9 39 94 1 1 7 13 89 23 88 15 58 24 47 78 57 27 35 74 13 17 41 60 86 11 95 29 95 81 50 12 59 66 1 86 39 67 7 75 22 72 10 49 94 36 80 88 45 38 93 81 33 9 45 45 68 37 74 10 87 18 56 84 85 59 28 2 42 91 9 72 17 39 84 68 97 88 94 52 66 52 17 14 21 63 29 58 35 82 73 60 21 11 89 11 75 66 87 38 78 26 19 43 95 36 17 25 55 95 19 21 68 45 19 71 67 59 46 48 46 71 96 66 85 35 86 35 61 74 94 44 10 84 39 38 65 3 49 77 12 22 90 15 81 74 78 90 45 18 19 62 26 46 46 47 28 84 82 58 90 60 44 94 47 28 27 46 28 22 51 68 86 72 53 92 74 38 20 61 44 83 71 7 46 68 82 39 19 26 32 73 36 48 17 11 55 45 19 4 19 34 4 58 40 21 39 14 13 42 11 54 49 64 95 34 33 40 6 76 93 67 79 58 33 18 53 69 77 66 36 27 71 13 51 59 52 63 46 29 78 97 7 10 36 62 85 51 91 61 93 95 45 53 24 40 63 10 39 40 0 66 64 2 15 61 14 11 54 18 15 87 50 58 17 86 84 50 66 45 34 34 76 45 79 33 34 33 9 48 47 91 57 16 56 77 48 68 25 38 71 88 35 25 60 67 97 35 17 91 33 0 20 28 33 6 44 47 32 36 95 79 5 29 71 35 34 26 81 14 67 43 20 17 54 29 68 64 53 71 9 30 75 88 51 35 56 55 81 30 45 5 23 60 10 15 78 93 36 12 25 31 44 83 1 74 99 32 29 2 44 77 88 62 38 71 19 5 88 62 57 18 53 91 2 47 61 23 
14 0 21 65 0 17 22 81 24 79 88 37 66 70 69 98 7 70 12 75 25 66 44 2 54 36 92 65 63 54 43 69 78 58 91 19 25 74 21 66 62 15 74 72 25 32 89 38 52 33 98 59 97 88 0 12 50 82 39 47 53 95 60 1 40 5 22 15 11 46 59 12 22 8 34 69 91 65 85 25 62 28 24 3 78 42 5 86 29 5 20 16 56 35 96 32 71 18 37 22 44 88 62 69 44 44 82 20 61 15 93 75 75 39 86 33 73 74 46 94 81 8 15 97 8 26 90 64 86 3 84 35 74 16 5 7 50 11 35 3 46 61 63 86 11 49 44 5 20 22 1 13 20 24 98 69 73 35 85 7 79 69 28 29 80 73 50 12 14 49 1 26 81 88 69 54 45 4 41 51 11 77 40 31 55 81 99 52 62 30 83 0 26 85 83 82 21 85 64 32 95 51 95 5 45 52 17 57 98 47 76 84 79 57 32 42 51 59 34 24 92 85 99 28 83 65 12 13 31 61 12 97 30 15 74 43 62 73 85 19 54 51 9 4 51 1 77 57 73 31 85 13 78 84 44 49 54 56 53 45 32 82 93 95 48 33 22 72 84 36 46 17 26 19 45 16 89 80 37 44 78 91 52 45 27 69 37 89 55 88 65 30 49 92 67 88 65 85 13 17 49 34 34 8 10 47 77 45 93 95 71 76 18 65 33 91 59 47 55 28 21 77 84 15 52 89 15 80 27 65 37 89 12 2 79 83 81 49 25 48 92 29 15 12 91 59 32 20 12 19 5 23 81 24 12 52 54 9 56 75 48 86 57 53 8 53 51 52 86 51 34 36 10 45 48 25 48 39 26 77 23 82 13 70 76 75 25 86 30 47 38 58 2 99 34 71 59 23 11 68 
57 63 12 61 55 44 55 3 3 38 31 57 4 52 3 35 79 49 43 1 38 86 56 56 1 25 35 57 99 49 94 19 32 96 22 81 31 95 78 93 81 84 58 25 5 98 8 25 55 48 35 61 52 41 48 11 92 44 41 28 54 29 4 60 13 36 59 92 4 15 32 18 60 12 31 28 64 1 92 57 77 49 22 24 58 92 34 17 83 8 70 90 34 59 47 88 27 14 62 80 42 7 8 46 44 80 5 99 44 2 57 29 82 41 26 60 22 71 97 45 72 63 53 57 89 6 63 49 84 16 2 88 70 49 36 20 88 7 88 27 26 25 68 91 14 88 50 19 74 62 6 81 71 71 97 68 35 95 76 16 17 10 58 87 5 55 97 51 99 44 69 64 79 83 98 87 81 80 76 42 60 25 37 14 40 54 15 6 32 51 88 49 23 22 16 7 38 6 97 50 26 75 70 21 43 79 48 76 8 90 41 38 23 67 76 47 71 22 84 71 76 67 37 97 49 23 22 62 26 22 66 23 37 71 71 51 19 25 85 37 72 4 28 71 38 61 70 41 52 73 11 22 23 42 32 33 32 58 4 42 26 45 4 71 21 90 63 4 85 66 78 1 71 62 72 27 55 92 40 80 17 86 23 82 15 40 82 18 33 52 7 82 81 25 57 61 74 75 89 40 49 59 69 77 8 36 76 17 88 25 4 23 48 12 48 82 79 28 27 27 36 25 1 86 36 24 36 69 86 11 84 79 53 37 76 54 3 28 0 20 83 85 87 32 27 81 14 31 83 32 79 94 16 29 55 19 73 10 24 31 70 34 64 7 85 61 10 57 83 12 98 53 57 48 17 25 76 16 67 28 83 9 88 50 87 18 5 51 94 60 29 80 30 94 28 14 45 23 20 78 
72 52 13 53 37 52 16 11 58 40 34 56 75 34 0 84 42 74 91 40 90 21 96 46 0 51 0 48 78 62 91 31 5 87 3 48 96 51 41 22 15 2 8 77 34 89 0 87 77 85 94 84 37 1 37 16 36 33 92 79 50 93 13 56 43 9 60 78 86 67 65 52 7 41 48 98 81 3 42 5 3 11 12 86 85 53 33 61 16 29 17 23 39 54 95 62 99 65 25 28 5 98 73 74 95 28 12 91 82 44 66 37 14 33 27 0 54 87 0 1 24 11 33 46 39 95 96 52 71 19 89 69 58 14 1 61 37 88 1 18 20 59 80 90 65 18 72 88 20 72 26 52 99 84 34 73 41 75 67 57 69 36 10 77 7 1 3 26 24 42 66 4 34 54 58 25 34 16 97 87 94 38 60 68 18 6 52 24 5 79 93 28 50 25 85 61 37 68 92 46 13 94 23 15 70 60 50 52 64 91 68 81 77 84 22 72 8 88 39 67 6 37 8 33 45 61 27 22 27 45 99 33 46 15 92 86 70 97 42 70 1 54 87 41 53 5 46 32 65 20 80 42 61 54 38 96 12 56 63 23 21 40 8 32 73 41 51 87 27 82 54 39 76 28 97 51 58 39 75 95 81 85 64 95 73 59 96 3 6 43 34 16 78 45 55 1 91 35 61 86 42 18 93 3 48 61 36 43 17 75 0 51 14 16 21 29 25 40 18 36 57 38 46 15 25 74 15 59 62 52 67 78 4 83 91 78 88 46 65 6 39 93 43 3 20 6 79 80 60 10 26 53 14 68 34 19 66 38 86 19 0 95 83 55 35 82 5 75 92 68 71 11 15 57 85 67 54 11 8 31 40 31 10 37 97 57 31 4 60 14 50 49 67 10 64 93 56 86 28 5 
11 83 18 77 90 42 78 9 11 98 65 27 8 75 45 22 30 5 37 99 66 41 59 91 62 87 44 13 62 16 89 13 14 72 87 59 23 2 48 13 44 4 14 90 24 37 15 31 72 19 8 77 10 36 69 91 17 57 21 52 51 54 87 29 54 44 41 88 3 42 37 52 81 91 34 51 66 39 80 68 14 79 92 16 8 30 17 37 89 32 5 18 57 94 21 38 90 88 17 34 74 96 58 74 43 83 0 30 83 72 53 55 45 21 70 34 22 45 1 96 78 6 4 31 68 3 5 10 83 10 21 14 15 2 53 45 9 70 77 15 68 89 26 65 23 71 9 70 53 15 56 24 7 21 58 39 4 49 6 18 51 76 9 99 68 23 90 96 91 21 52 94 49 36 91 83 91 25 62 99 13 62 61 30 24 84 32 19 82 83 34 48 61 65 51 59 65 9 83 67 44 34 82 21 5 33 64 30 72 9 77 9 98 9 47 8 69 85 58 57 1 36 76 16 38 78 69 21 75 15 41 34 64 11 76 24 12 54 30 45 16 37 19 2 19 9 95 74 24 75 72 24 7 88 93 18 27 44 69 60 51 32 61 25 23 32 2 60 15 88 43 17 52 42 21 83 43 17 99 43 59 89 83 41 68 90 44 96 33 46 93 31 67 69 17 75 6 78 9 63 45 1 19 6 34 7 49 99 34 48 41 71 91 64 79 92 89 74 6 29 86 19 97 94 13 24 95 14 11 41 54 27 86 53 18 76 31 79 67 12 79 48 57 24 46 36 76 46 24 53 37 49 2 88 81 28 89 2 34 85 54 16 95 69 15 82 52 91 2 67 62 91 8 73 93 45 20 90 23 43 32 77 0 30 56 63 52 48 41 75 23 26 99 42 53 94 62 38 28 80 
93 87 27 24 43 17 32 52 25 76 69 26 0 77 60 16 44 21 45 27 40 97 74 67 90 42 7 32 52 13 85 37 53 53 97 58 29 23 46 76 94 48 68 63 84 2 83 29 20 72 87 79 24 4 79 9 73 45 56 89 3 92 16 84 88 56 66 66 94 68 94 60 36 1 38 79 56 92 2 91 7 94 65 47 87 70 13 41 87 65 47 22 22 62 66 2 40 75 22 90 49 98 9 13 87 4 49 95 5 93 10 2 78 50 51 92 14 53 33 93 4 87 65 83 89 4 82 13 84 47 68 74 90 97 59 29 59 51 35 84 99 85 73 96 90 20 36 64 61 98 52 61 36 86 53 56 68 98 59 65 52 55 8 11 48 17 36 96 97 80 43 93 20 22 79 15 90 13 84 14 26 8 41 63 14 71 82 46 35 97 6 62 23 11 11 28 12 98 28 27 63 27 78 93 37 42 66 96 88 92 77 21 87 10 43 89 29 59 27 32 41 35 13 3 45 37 96 30 39 79 0 78 15 38 77 85 52 96 47 28 44 40 16 28 68 98 27 36 43 96 93 84 27 21 70 48 72 0 89 46 53 18 33 66 45 61 25 44 71 83 9 92 65 98 13 5 33 68 87 8 46 44 49 99 16 28 77 72 44 93 87 22 87 68 89 71 52 58 28 26 21 48 16 16 11 23 48 56 50 56 19 37 83 30 7 26 38 88 83 62 5 41 19 27 13 47 97 68 22 82 11 66 82 33 54 34 77 37 65 24 85 53 67 34 53 67 97 75 0 16 65 69 37 9 73 73 47 60 92 71 58 85 13 81 66 91 66 7 94 60 70 98 97 98 43 89 37 81 60 31 83 56 41 97 84 97 59 84 75 48 4 85 54 67 37 54 77 32 40 36 
17 44 69 14 58 4 69 33 83 90 5 68 99 31 68 83 93 25 16 93 24 55 68 78 35 59 83 59 62 89 42 95 48 73 61 4 26 3 97 16 66 2 3 30 45 79 2 43 87 64 78 47 2 86 44 34 83 65 38 69 99 33 67 86 2 73 51 84 91 27 77 54 18 81 26 57 6 56 92 66 66 99 47 60 48 86 33 8 38 22 35 37 7 49 35 86 50 58 31 61 14 81 42 34 92 26 36 99 50 12 46 23 93 57 42 70 4 35 29 64 33 62 53 37 67 99 32 24 5 8 66 20 76 17 22 31 40 71 15 73 54 26 44 81 89 5 31 12 97 55 26 31 91 53 86 62 58 68 42 60 86 34 97 38 16 43 59 95 52 67 64 20 21 90 13 95 59 31 12 27 66 94 24 32 79 59 46 96 1 23 1 16 88 33 80 48 54 40 54 15 69 19 90 49 39 62 1 6 74 8 23 90 80 14 56 91 41 51 85 8 83 85 20 30 62 86 89 65 34 49 3 48 57 22 36 33 84 40 31 49 0 34 38 86 15 3 23 24 58 96 63 92 89 26 38 89 27 97 53 44 52 1 97 56 62 97 61 16 12 15 30 78 18 4 46 4 66 15 7 74 6 81 74 30 71 38 79 49 28 26 54 1 39 86 72 52 61 44 2 92 99 55 92 93 41 67 10 91 74 62 50 88 98 37 76 17 38 8 41 99 58 84 11 43 64 53 72 13 59 85 99 71 43 17 16 27 81 50 58 7 55 40 47 64 59 30 7 94 97 53 73 9 14 23 49 55 64 72 33 93 51 47 28 88 40 43 48 49 31 74 78 57 50 93 72 5 51 25 27 2 93 53 95 64 38 11 8 66 81 42 51 28 2 15 5 76 70 25 16 1 
1 68 26 58 20 99 37 92 93 61 0 38 82 43 42 46 54 54 50 35 86 41 36 58 70 92 67 41 65 76 64 17 30 95 35 65 63 34 22 45 79 74 29 3 10 25 42 73 3 61 19 57 18 23 84 47 47 70 19 28 35 5 52 27 2 82 58 26 62 50 36 47 92 88 58 55 90 44 53 43 1 11 6 60 48 30 21 57 45 31 95 86 22 51 19 84 95 94 89 14 54 60 8 56 52 26 65 55 2 13 14 35 7 95 30 53 81 54 99 22 62 80 34 65 18 52 76 3 61 99 20 11 58 0 6 99 93 24 94 77 24 95 10 47 71 97 90 39 75 74 29 44 77 44 90 56 18 19 18 36 26 60 64 69 73 35 43 55 62 92 37 58 52 17 44 37 60 30 27 9 76 43 43 41 63 83 47 52 42 77 15 40 63 97 92 41 61 28 21 83 12 58 17 28 32 20 83 45 55 87 30 54 26 84 78 21 44 88 52 19 14 20 89 52 92 76 14 95 58 5 40 34 52 99 1 83 70 39 50 8 34 28 68 2 54 64 6 82 97 95 70 95 36 0 13 12 59 78 60 48 96 26 31 33 81 64 49 27 8 93 23 99 14 8 3 73 93 14 28 32 42 79 73 46 29 96 47 24 6 56 35 60 11 10 17 98 70 81 55 42 7 31 39 13 21 31 41 66 10 73 53 28 33 57 48 60 10 28 0 88 59 78 21 65 46 51 40 93 6 57 94 37 25 49 65 28 88 1 30 10 44 87 82 88 80 67 69 31 10 88 21 96 32 87 50 77 78 0 3 83 45 52 98 67 80 43 25 13 43 2 92 45 4 31 58 62 50 87 21 79 22 31 53 79 62 23 46 27 47 14 11 15 45 29 87 57 81 99 57 18 
17 63 31 47 86 20 40 67 69 57 66 48 37 75 43 5 38 23 80 79 32 36 20 2 93 43 26 34 15 30 78 1 69 52 68 47 54 7 75 26 65 58 0 77 79 98 42 19 51 2 39 83 21 30 61 0 63 78 96 12 89 0 5 65 83 39 92 90 99 49 92 87 73 88 58 88 6 68 15 77 53 62 68 42 37 11 45 66 64 13 7 12 74 82 20 95 77 83 75 84 62 59 48 42 44 33 93 83 65 57 3 11 83 35 46 77 74 71 12 99 85 69 51 82 29 49 53 72 77 36 8 64 4 72 27 46 44 84 19 63 59 1 59 48 4 46 18 39 22 14 83 29 68 71 71 73 32 13 73 83 4 58 48 54 81 65 34 65 45 59 72 97 36 40 0 88 49 33 67 38 34 60 42 33 34 32 3 20 82 7 75 7 0 84 62 82 23 84 44 30 93 57 21 7 23 27 54 99 13 64 61 45 96 66 30 63 9 62 43 91 81 52 68 37 39 34 95 21 94 29 53 50 89 70 3 85 33 22 46 87 62 43 68 16 81 18 72 93 90 53 23 36 65 80 76 1 26 53 9 36 17 32 40 26 29 72 92 83 70 99 7 97 85 71 98 92 4 56 40 89 75 57 76 18 11 79 11 21 19 19 80 71 16 36 13 27 30 4 28 81 27 53 8 95 40 64 64 97 60 22 51 81 87 36 80 69 18 58 62 16 42 80 9 46 8 2 0 26 80 2 58 91 92 35 84 52 17 7 67 63 29 78 35 45 13 21 17 80 20 23 2 46 56 57 47 11 7 94 86 40 66 37 37 96 23 9 39 5 52 76 59 75 85 5 20 52 59 57 34 16 98 39 99 48 75 12 37 48 99 47 85 28 49 37 5 69 61 66 12 9 
76 31 37 55 15 73 56 4 75 5 52 1 61 52 86 86 0 98 93 56 90 8 19 55 90 91 29 47 45 17 5 81 13 98 58 69 89 2 68 13 80 61 60 4 14 17 76 13 81 80 74 36 89 20 10 63 2 72 59 32 82 2 15 43 80 60 45 52 91 82 56 42 5 27 27 35 16 0 56 58 66 19 84 28 73 11 83 88 51 72 30 56 19 11 1 78 19 63 20 32 47 90 38 45 90 3 55 23 91 1 49 34 82 81 97 3 90 42 41 47 28 49 21 47 76 74 62 51 30 35 58 83 73 70 64 62 33 51 65 87 5 58 12 23 10 71 84 50 31 44 90 20 52 96 15 53 40 52 44 76 72 50 65 43 29 23 98 81 83 14 99 53 38 35 49 97 89 92 97 80 86 18 61 79 42 8 96 96 33 30 17 22 73 32 59 94 46 89 85 46 14 50 63 68 52 37 20 12 46 4 74 61 27 97 81 65 16 41 8 77 96 2 1 90 14 80 81 14 0 74 17 81 91 60 20 41 53 93 67 26 24 65 41 14 63 54 7 69 35 97 41 73 24 2 20 96 69 65 38 28 39 81 37 63 9 44 37 70 81 1 53 31 67 38 83 16 14 58 27 93 59 5 51 99 78 8 61 23 91 49 58 16 45 49 46 7 40 6 75 59 18 98 18 11 93 75 72 83 62 98 50 82 67 39 77 98 23 72 5 71 44 8 68 37 2 87 2 40 27 67 93 12 13 7 94 20 96 32 16 98 56 73 80 87 98 83 8 43 2 35 75 98 98 0 3 59 51 37 76 61 83 59 27 34 63 78 14 50 86 10 91 18 84 45 47 66 23 86 29 2 34 15 50 79 60 73 94 29 47 67 38 67 14 50 36 7 7 81 10 80 
71 76 66 11 40 80 28 68 22 6 67 13 59 3 45 93 82 39 46 89 88 83 64 64 83 45 52 18 47 79 25 7 28 67 99 75 23 38 63 92 21 10 86 16 79 71 78 41 62 15 40 57 88 18 27 36 71 30 93 36 54 7 99 61 17 8 52 48 83 76 6 55 19 61 11 65 97 92 87 55 42 11 65 84 93 70 67 61 54 21 39 81 92 40 22 41 49 93 89 91 86 56 45 3 77 67 28 54 95 30 29 81 34 76 68 4 25 31 56 55 37 93 27 10 77 75 75 47 44 84 8 3 80 99 3 63 52 80 2 69 60 34 48 11 25 76 30 18 19 82 92 72 80 86 89 24 28 23 11 88 58 19 18 87 88 96 52 59 71 55 44 51 30 18 47 68 71 40 46 66 33 50 28 55 94 30 33 51 76 77 15 95 34 47 79 72 29 2 35 49 1 61 43 69 80 99 79 4 73 26 68 86 38 10 26 80 61 74 33 51 20 88 11 16 65 56 85 53 23 56 5 1 24 9 78 91 69 8 6 54 88 8 79 22 10 59 46 27 42 90 98 75 35 59 99 36 78 53 62 38 18 4 57 83 94 78 37 12 99 20 7 74 8 2 38 65 84 46 39 60 83 4 92 14 40 37 4 97 47 70 91 41 27 69 85 47 58 84 96 64 85 44 18 91 14 41 69 43 33 10 71 30 10 77 76 25 84 53 42 19 37 70 29 59 38 31 48 53 68 64 84 21 34 46 29 33 9 50 48 73 34 5 52 28 50 41 66 58 97 74 96 70 99 26 27 97 13 73 67 12 90 77 39 6 19 39 80 97 20 5 97 10 30 24 48 72 57 23 89 1 25 6 58 82 70 31 42 66 50 24 44 7 39 64 48 65 20 46 73 46 
65 32 66 23 35 40 58 27 17 98 29 69 23 37 52 91 79 71 75 32 85 89 42 12 35 76 19 94 88 9 25 74 43 91 24 11 3 53 29 80 92 15 5 48 71 13 98 4 19 77 55 48 43 96 57 12 49 18 8 68 20 49 89 40 81 72 97 46 96 50 23 92 6 7 90 44 73 72 54 92 71 49 10 52 50 68 44 9 74 21 62 1 9 88 63 99 77 37 31 13 82 71 35 93 5 71 51 39 7 4 98 34 99 22 20 76 71 99 1 29 79 22 56 8 72 85 74 45 89 79 92 32 23 85 86 47 80 93 0 26 55 69 45 56 60 59 98 91 11 63 7 61 52 6 76 39 44 72 79 8 83 32 93 24 69 76 9 78 14 47 82 64 13 23 47 99 17 35 10 14 4 20 36 67 39 7 74 22 59 76 91 23 34 54 33 94 29 18 67 21 99 70 66 75 83 12 81 6 59 38 57 16 79 61 68 49 30 34 9 10 61 11 76 10 20 93 38 38 85 3 72 35 26 29 87 32 72 51 9 89 5 31 18 60 98 75 18 52 61 76 0 71 39 0 95 61 71 53 70 9 8 38 78 24 80 69 29 30 97 6 98 99 74 93 44 66 35 43 66 95 52 19 8 73 96 29 52 74 94 92 13 41 97 97 59 95 40 74 5 29 62 11 76 99 63 51 95 70 90 17 68 56 61 32 48 73 78 75 60 58 17 9 25 32 61 8 39 4 89 22 41 64 57 52 87 24 64 79 36 5 33 16 1 74 48 6 93 71 75 70 51 60 98 0 86 6 87 78 65 7 25 11 61 13 43 37 97 48 72 35 76 18 53 45 98 90 74 20 57 81 97 39 68 3 82 25 92 69 55 93 20 46 18 30 23 15 6 97 44 1 
79 9 57 43 38 19 99 87 79 63 17 99 5 21 50 26 30 22 12 44 63 88 57 66 49 78 28 92 92 58 71 8 16 48 49 48 37 84 31 14 44 4 78 27 82 45 87 38 44 53 88 26 13 18 50 17 56 59 99 68 50 78 38 51 99 71 80 96 41 76 8 67 57 68 81 57 19 46 63 22 30 41 61 80 43 56 41 18 93 60 58 45 83 27 89 26 70 36 23 1 95 86 91 25 63 87 32 47 66 18 68 8 9 90 42 3 25 70 41 32 77 55 82 5 56 32 88 50 27 85 88 53 83 14 52 98 45 24 71 95 75 3 38 84 20 3 2 34 35 51 90 57 82 70 8 45 56 71 18 81 49 30 46 22 17 62 78 87 96 26 7 62 57 56 49 39 52 98 8 40 11 42 6 52 32 15 78 15 75 13 99 32 77 24 28 12 6 43 21 97 30 65 21 57 40 49 39 10 84 66 68 66 11 3 88 80 65 36 63 42 88 14 8 29 42 85 77 25 19 98 7 25 85 38 68 36 71 87 36 83 39 54 76 56 49 17 2 94 30 54 90 81 27 60 28 99 46 36 67 36 27 0 59 76 66 52 64 83 63 86 32 32 4 88 68 39 79 67 34 46 7 95 32 27 78 44 33 39 18 61 35 65 87 96 0 27 83 20 38 40 56 95 13 94 67 78 42 54 33 88 5 58 99 99 97 19 59 7 10 58 61 86 54 74 5 86 62 5 64 66 33 18 28 71 20 67 25 5 0 62 49 94 83 40 36 51 54 14 94 76 1 92 32 39 44 68 25 79 31 92 22 59 73 85 37 52 19 46 59 66 12 33 5 34 13 17 93 89 2 32 13 5 98 4 83 62 30 23 33 43 17 69 57 94 46 83 14 28 54 57 
66 76 48 45 53 55 93 73 55 82 45 53 63 83 9 49 35 15 92 55 54 45 96 91 80 8 81 91 44 67 95 69 35 80 17 54 34 23 17 9 20 43 89 59 58 43 61 50 86 54 41 60 23 39 14 21 79 18 20 88 79 17 66 46 83 57 35 21 7 66 26 90 94 0 86 98 25 83 49 65 54 89 0 87 41 84 97 43 74 1 70 99 16 83 1 73 46 64 18 20 65 21 47 86 74 50 73 52 46 68 73 71 59 35 76 10 63 4 4 34 47 97 60 67 84 89 23 47 62 7 39 5 36 89 63 6 80 53 14 46 22 3 57 49 9 8 43 7 92 75 0 34 80 40 43 96 73 30 7 56 84 72 80 44 96 67 18 20 49 53 19 47 54 56 27 36 6 18 39 40 16 40 59 2 89 76 84 64 89 80 92 13 47 56 82 16 23 26 73 63 69 2 70 97 88 38 48 68 52 24 10 26 47 62 95 49 0 9 75 89 79 83 42 84 93 71 75 51 47 52 96 22 1 17 10 49 44 32 84 87 28 42 54 89 87 18 21 35 65 4 82 6 15 53 17 8 2 35 68 11 71 77 71 34 77 85 74 81 27 58 9 92 3 90 80 0 73 8 21 86 84 92 89 71 52 99 9 44 75 43 77 55 21 4 78 5 17 30 85 51 31 87 64 29 61 75 99 22 39 33 17 56 17 95 71 62 19 78 50 44 13 19 20 77 79 98 13 25 38 76 41 59 33 29 39 74 25 77 88 10 27 7 37 52 36 2 39 51 52 66 49 88 31 62 27 2 58 54 29 23 92 66 48 18 26 93 44 58 38 28 98 88 41 74 95 83 58 56 5 6 84 33 68 84 35 36 31 61 44 75 12 44 7 51 32 34 22 82 56 93 
14 68 34 98 37 5 54 99 93 69 13 30 24 54 57 6 77 26 29 94 9 71 17 62 69 16 8 96 49 45 37 63 63 9 0 78 89 13 49 15 13 11 30 89 79 22 42 87 6 82 4 82 43 50 26 76 12 57 54 91 18 92 54 68 58 80 96 55 39 46 63 35 47 21 28 95 87 6 11 17 83 5 44 84 73 98 32 96 51 65 96 58 16 53 74 90 95 66 10 52 95 73 92 5 45 43 13 87 73 43 80 65 68 15 40 88 30 36 7 14 47 38 4 31 77 66 13 16 15 23 30 58 37 1 24 50 10 12 93 74 51 86 35 75 48 11 49 53 27 22 9 77 70 94 22 24 23 84 42 40 25 24 78 94 72 64 22 39 32 61 75 81 25 62 25 77 61 47 70 35 40 80 99 5 64 60 39 35 24 17 59 76 64 68 71 90 71 58 35 49 56 18 66 12 36 13 13 85 3 30 35 19 28 7 41 81 96 84 52 36 8 95 80 54 31 39 88 78 1 86 98 57 44 86 18 26 10 81 70 25 7 65 49 75 39 99 98 62 50 24 70 69 63 39 54 33 44 74 87 91 92 98 85 58 30 75 68 12 93 71 35 85 40 46 86 72 30 29 40 70 51 83 71 41 81 47 26 94 9 39 82 68 52 58 65 32 79 97 13 26 83 70 44 47 33 12 37 42 31 38 40 4 97 18 62 19 59 98 25 4 77 4 0 55 87 18 78 15 54 96 36 59 50 85 53 73 28 56 88 59 2 86 58 82 64 54 97 13 63 13 92 96 59 94 21 78 74 86 64 16 23 57 61 25 78 98 11 37 26 71 57 91 55 18 3 66 42 71 66 29 16 93 52 20 84 7 86 61 32 45 78 86 11 59 73 24 33 74 46 43 
68 45 38 87 53 33 4 78 20 83 98 63 87 33 46 65 96 18 12 16 30 97 64 81 45 82 62 43 72 6 89 90 57 77 46 15 7 80 56 41 63 65 15 56 29 12 13 59 87 25 49 15 86 46 83 69 59 31 46 59 16 5 26 85 36 54 24 83 0 3 93 74 13 8 49 69 24 73 4 0 69 84 46 46 32 87 76 78 2 8 92 61 7 38 53 9 17 72 78 69 24 57 22 74 84 52 88 30 82 21 93 43 61 43 21 3 25 45 63 29 11 40 74 47 38 5 18 86 46 93 22 31 26 40 69 49 22 3 29 14 51 7 37 10 67 22 93 27 31 68 63 66 35 8 95 98 61 96 19 96 12 9 16 83 20 16 92 19 84 40 54 31 67 9 43 82 27 91 43 80 52 30 46 46 0 16 98 63 12 36 3 93 58 19 23 92 99 56 63 70 26 62 43 90 52 23 26 26 49 48 5 16 2 60 61 23 19 77 21 15 0 57 29 67 17 7 66 71 47 17 81 96 8 13 88 29 10 78 19 80 39 21 32 40 97 24 78 0 11 27 40 24 13 11 38 28 97 95 66 26 81 13 88 92 40 76 44 23 84 23 65 74 38 26 54 28 3 76 88 20 52 19 85 38 75 64 55 15 30 46 13 50 46 47 60 0 58 82 34 32 74 93 82 48 53 98 44 77 33 21 12 22 30 96 83 67 84 73 65 81 12 35 95 18 53 9 21 58 60 43 91 33 87 62 83 7 33 56 7 0 39 44 42 85 57 72 88 0 91 92 29 74 52 97 21 55 83 31 99 58 59 31 84 54 87 35 55 66 54 64 24 74 49 42 59 99 48 92 17 55 32 91 19 48 90 21 96 47 10 75 38 38 95 49 3 38 93 16 28 46 
0 19 24 78 35 71 1 82 97 62 5 9 12 52 25 57 63 43 91 2 55 20 58 64 72 84 34 2 6 15 80 72 14 53 71 60 59 37 8 30 71 60 83 67 6 7 17 23 13 72 44 71 71 93 59 84 25 79 47 90 60 12 44 22 87 86 45 79 73 77 47 7 98 69 80 50 7 36 89 32 4 11 32 57 9 71 19 8 78 50 5 25 4 42 44 94 96 90 35 45 51 91 47 67 12 9 18 94 77 15 48 37 58 11 97 43 56 58 19 96 73 48 56 16 55 46 76 63 71 47 75 70 48 4 83 13 98 64 54 21 73 66 16 50 59 46 35 33 16 70 74 16 15 14 95 25 24 45 76 14 72 55 81 5 13 96 75 70 57 51 20 18 41 19 8 40 12 31 39 35 64 94 61 83 93 3 6 69 17 15 59 83 37 95 63 88 20 69 9 74 94 97 40 16 71 52 53 10 3 45 13 15 51 87 30 42 71 39 73 65 57 23 75 93 25 49 39 2 29 1 97 40 17 26 4 49 66 97 18 5 65 37 76 15 98 93 65 78 67 20 83 27 49 60 65 74 13 7 62 99 14 87 33 88 70 27 61 36 91 6 5 21 79 62 94 10 88 82 16 25 6 47 48 1 22 70 12 30 97 20 61 17 37 84 76 56 93 87 28 94 88 74 23 39 56 96 75 58 54 21 28 76 8 38 98 14 84 37 58 68 69 33 44 25 54 61 19 13 27 9 26 92 90 41 7 48 34 41 67 99 83 62 8 74 94 53 26 65 10 39 71 5 23 64 77 65 28 45 60 23 68 77 93 76 32 6 96 56 42 19 5 15 62 20 16 0 0 9 73 85 46 21 17 26 95 78 24 40 52 63 39 97 76 95 57 53 98 43 67 75 
76 19 74 40 26 33 29 65 56 13 35 68 3 26 15 96 18 41 48 85 26 46 83 95 67 74 49 82 82 87 62 51 92 31 96 79 66 72 6 63 26 17 95 73 71 96 9 97 73 39 80 26 82 12 86 48 68 32 51 47 0 12 41 17 87 99 17 77 94 12 67 11 18 35 6 97 13 42 8 92 99 86 86 68 42 88 35 65 75 14 42 78 82 49 19 54 94 80 87 46 84 36 44 89 57 49 26 89 56 76 56 64 69 97 2 73 56 16 95 69 93 11 76 18 8 48 88 86 41 95 57 10 56 40 41 42 8 5 99 94 73 79 69 20 18 90 51 8 0 21 49 45 25 69 10 87 61 1 25 4 48 23 10 63 42 29 28 60 10 91 99 10 89 4 52 72 94 18 95 86 92 41 33 76 28 53 35 38 81 11 64 80 41 80 5 84 77 61 17 92 73 25 87 57 8 90 89 79 60 92 6 79 91 92 74 75 0 70 74 14 60 99 65 37 18 56 64 14 14 85 69 24 66 46 93 16 95 48 78 33 74 38 33 80 74 93 96 26 39 61 74 20 85 98 14 57 15 93 57 33 53 0 16 53 86 18 97 26 72 24 91 29 39 21 8 87 28 71 74 72 16 91 98 21 73 34 89 51 35 99 47 80 71 73 66 27 43 21 17 75 24 86 76 60 59 95 9 44 71 9 85 9 31 63 6 13 74 94 36 91 84 30 99 31 1 97 49 79 42 89 97 76 78 49 53 79 37 70 78 78 52 35 65 40 56 52 90 16 33 54 21 4 86 91 83 82 0 56 84 45 22 30 40 48 18 53 9 96 39 90 7 74 51 39 89 92 27 62 42 51 26 42 43 23 30 48 79 37 78 81 58 57 62 55 91 71 68 30 72 2 
59 27 94 75 52 82 77 5 45 30 31 4 11 70 44 38 54 5 56 19 89 41 94 24 83 22 5 21 39 37 39 22 29 29 52 15 28 15 38 85 41 25 16 92 11 22 58 64 4 65 84 0 75 67 8 90 42 92 87 90 93 32 43 59 74 65 30 35 60 90 71 74 37 53 0 71 65 21 83 45 32 74 92 92 15 96 21 39 86 44 47 46 85 64 69 35 0 15 19 34 23 24 17 10 93 84 83 53 96 10 10 73 30 89 8 64 26 32 24 84 4 59 44 35 67 49 51 50 76 39 34 75 76 49 43 92 7 68 69 69 77 84 65 96 0 3 91 13 63 28 89 10 44 46 31 85 40 24 22 29 7 58 57 33 10 64 8 84 4 26 16 31 1 35 16 49 17 13 82 63 37 14 52 56 88 30 33 85 24 61 35 17 53 82 30 52 10 66 71 67 34 40 58 42 8 52 42 78 57 4 23 74 59 16 75 39 3 32 76 36 2 95 89 65 6 81 94 86 11 60 55 87 69 48 58 16 5 31 98 12 26 28 48 82 64 80 57 37 82 71 80 15 20 39 63 67 95 47 65 59 28 56 5 35 83 28 36 4 91 62 97 19 63 96 99 94 23 1 2 5 54 52 99 22 5 55 66 37 30 41 5 3 6 65 54 96 36 38 47 66 23 66 62 55 99 48 16 48 80 21 45 12 17 48 43 25 73 33 30 1 8 2 41 87 44 95 35 68 23 41 80 39 8 57 93 14 50 39 38 20 55 30 63 79 26 17 19 18 96 28 25 45 45 10 22 86 48 91 47 35 38 75 94 62 29 39 33 37 1 46 4 44 47 6 88 32 73 53 98 63 0 89 40 36 14 26 34 31 45 58 45 27 70 32 48 73 93 78 56 79 
5 77 39 8 31 13 78 48 1 45 76 50 29 46 18 53 2 88 9 22 84 61 85 50 24 41 62 72 11 92 74 96 43 0 44 72 96 8 1 88 57 39 37 80 22 51 88 82 28 51 61 81 24 45 61 77 75 24 56 55 86 7 83 31 93 29 37 38 15 26 4 31 95 19 48 94 69 3 81 12 44 35 87 0 20 65 81 78 22 71 35 92 74 81 97 42 24 20 51 26 44 58 70 71 36 9 88 40 36 68 16 27 49 75 45 50 99 23 41 57 39 47 56 16 30 85 22 53 41 6 25 66 87 95 60 79 32 37 56 10 46 38 1 27 28 92 25 69 0 17 60 29 90 87 64 84 80 25 31 55 47 37 77 80 72 93 92 47 33 83 37 49 52 71 62 97 1 81 63 16 89 9 61 14 60 66 20 79 1 4 32 5 54 64 71 78 39 18 96 27 93 16 28 28 40 37 58 59 12 64 18 78 9 40 32 48 63 7 37 9 17 99 48 68 91 96 9 51 7 74 22 84 21 50 60 29 60 71 63 80 6 66 45 59 69 47 93 99 81 63 96 74 96 51 51 51 83 88 78 98 48 33 26 88 31 34 88 67 69 17 81 75 15 7 20 2 88 10 74 47 60 64 14 20 29 88 65 92 86 9 54 83 30 72 54 64 87 40 52 63 14 70 70 30 90 16 24 5 68 87 10 31 99 9 35 65 61 69 44 83 31 7 95 88 52 70 18 39 92 1 4 45 50 54 2 53 6 15 18 48 87 75 26 44 1 17 2 81 22 4 43 13 50 9 78 28 89 94 39 39 81 90 64 76 54 92 22 74 79 34 1 38 18 12 27 70 79 79 84 7 32 29 47 60 43 76 79 92 6 81 24 70 86 11 45 99 46 99 72 95 
10 38 57 18 54 21 87 42 39 34 13 20 78 86 96 11 29 71 68 2 19 91 76 59 33 76 63 63 70 18 62 71 61 22 4 46 12 68 22 81 26 77 67 32 53 71 65 39 73 79 59 19 14 84 74 41 85 72 50 96 73 13 35 12 96 81 52 24 4 40 3 45 64 75 32 28 92 17 5 35 2 96 14 82 76 46 79 95 48 68 83 62 20 73 6 15 37 94 38 20 98 38 70 15 69 0 13 94 96 25 29 31 5 29 62 59 59 87 26 10 18 36 37 16 44 60 79 63 42 32 86 52 88 37 75 57 96 52 18 28 74 30 86 20 59 6 60 87 55 19 94 63 3 74 98 11 33 44 19 94 19 61 72 63 70 79 28 25 19 60 24 35 9 76 47 44 65 55 21 10 85 7 13 61 59 71 89 87 45 49 5 16 61 13 12 27 18 51 49 99 63 6 56 74 37 46 76 46 55 72 44 17 78 86 57 42 67 59 36 83 24 50 95 91 2 72 45 33 44 73 3 75 83 64 51 73 61 5 52 54 44 2 60 35 20 92 98 16 13 98 22 80 9 35 42 38 61 49 53 93 44 49 62 51 38 11 58 54 58 21 15 57 12 90 77 87 81 83 46 9 78 89 19 27 39 94 68 40 94 22 99 42 29 8 48 62 32 6 14 59 44 73 46 53 26 90 17 43 88 2 91 79 65 7 38 68 49 67 96 93 34 71 28 91 47 87 54 44 12 20 70 82 22 32 73 29 80 92 26 45 73 4 48 26 29 40 4 19 62 64 59 1 17 50 33 11 71 74 49 30 58 50 14 27 63 83 55 43 89 47 70 43 48 71 45 12 19 83 19 8 30 70 98 7 45 37 44 31 47 64 54 15 44 87 86 9 6 14 6 80 
99 34 56 99 71 19 84 86 49 98 64 84 58 38 90 17 66 96 33 41 85 91 84 75 50 25 70 39 90 31 49 33 99 13 91 70 51 92 81 90 50 9 95 99 4 71 18 70 60 99 36 68 92 89 37 47 16 20 38 1 94 32 59 5 92 50 77 33 86 41 0 78 81 41 79 35 2 93 63 94 27 39 63 56 7 38 93 67 85 20 12 59 31 29 91 15 79 43 23 21 60 44 31 32 31 71 6 47 42 2 56 83 81 94 48 84 24 60 93 62 37 31 0 77 50 39 49 27 53 15 37 12 75 48 31 93 43 92 37 58 75 66 30 14 12 9 79 91 53 16 41 93 47 67 16 33 67 99 73 4 27 77 48 8 52 66 23 27 92 56 4 56 52 43 90 23 28 70 28 25 33 64 47 13 67 9 9 90 3 20 73 82 64 99 29 89 61 42 72 26 50 98 67 9 7 96 21 77 98 99 18 1 58 83 32 93 63 89 14 36 61 92 71 39 30 48 80 97 33 13 55 44 11 38 75 17 53 25 64 40 31 43 24 67 1 6 50 97 83 92 75 67 31 95 28 45 72 33 78 17 23 48 32 13 31 37 47 56 86 19 4 62 30 76 59 35 36 30 6 96 91 4 5 80 94 36 87 46 56 65 94 20 86 86 46 59 97 46 58 46 41 30 15 19 28 74 77 95 46 69 15 39 13 38 1 58 85 65 73 52 84 18 62 87 0 16 59 48 91 19 55 15 19 27 17 42 42 49 75 89 33 75 22 23 38 93 11 53 70 69 90 91 74 8 7 70 79 44 95 24 14 49 60 89 9 88 87 32 10 8 83 39 72 39 90 21 27 49 90 71 1 51 58 32 17 4 43 66 87 56 46 26 99 41 94 11 55 22 87 10 
50 21 0 50 19 56 89 60 86 27 69 38 28 64 13 39 29 73 85 61 76 16 96 23 30 73 94 0 51 41 48 98 0 63 32 79 17 1 8 89 91 3 96 10 63 70 35 65 9 44 5 23 78 62 63 26 9 49 46 94 31 95 36 0 86 64 36 47 34 61 72 86 8 48 23 85 29 89 47 66 92 77 19 90 77 11 50 61 93 38 6 12 34 34 26 30 10 44 80 17 71 1 3 43 50 96 55 26 51 46 34 30 64 29 68 36 1 52 31 59 77 33 10 56 53 76 70 21 85 84 21 65 51 10 78 58 83 48 39 0 80 29 24 80 71 63 94 70 56 10 49 49 63 36 11 23 69 47 97 20 53 56 65 73 61 33 6 91 49 29 85 68 38 82 21 45 15 81 43 14 78 58 71 4 63 74 28 49 45 98 48 42 49 15 89 1 88 99 38 85 87 93 25 21 83 80 49 99 7 20 26 85 58 85 14 82 96 56 8 33 76 28 13 65 43 5 80 36 35 26 80 0 29 15 12 33 78 20 41 2 96 52 69 32 40 73 37 8 61 81 34 71 99 61 1 76 86 14 1 34 50 0 39 73 19 11 39 93 82 6 55 71 27 59 52 98 83 2 34 18 68 19 36 15 5 40 84 11 53 86 58 22 59 57 64 31 92 88 18 17 46 90 58 31 50 13 86 94 38 83 45 68 93 40 37 16 49 81 7 9 17 92 80 14 75 10 81 34 37 45 54 37 29 0 44 42 38 34 82 93 62 47 75 18 22 52 59 64 13 86 41 22 45 88 22 30 92 29 55 80 26 35 29 5 70 12 7 63 30 53 96 83 47 13 83 18 33 39 69 13 7 91 32 70 45 29 84 2 73 70 94 29 34 66 12 4 56 91 15 71 
57 53 74 27 5 77 0 42 19 72 37 4 59 58 80 10 77 84 74 28 28 49 43 34 41 38 65 98 36 19 97 90 48 57 74 23 53 2 23 78 67 9 4 78 80 77 72 0 68 57 95 13 74 59 16 73 1 58 14 76 19 47 6 13 44 96 22 88 42 96 2 70 1 21 41 32 12 54 51 22 53 76 63 22 20 88 64 27 46 67 4 32 82 25 76 15 51 89 89 60 9 25 34 7 69 95 19 18 34 26 52 35 58 95 1 8 86 24 18 77 95 19 31 51 15 97 98 88 82 81 25 98 37 6 49 89 34 74 70 56 6 30 47 83 66 23 16 64 34 91 99 66 88 70 55 99 36 65 71 17 86 16 4 18 46 96 83 70 71 62 90 74 32 96 73 59 42 54 67 75 55 68 64 51 16 39 55 79 37 50 90 40 16 89 41 15 79 80 12 62 79 2 8 74 19 46 87 21 82 34 52 54 91 39 97 57 9 65 44 46 64 50 9 38 19 0 38 74 46 63 4 18 54 59 43 25 80 48 46 28 67 47 89 37 84 52 95 62 2 50 22 65 26 38 74 70 59 29 45 34 9 62 77 74 79 22 60 72 88 76 43 42 33 10 59 9 69 29 94 75 88 94 35 16 3 17 28 10 19 61 78 88 82 21 58 4 59 83 4 90 35 71 91 90 81 1 12 61 45 67 33 53 36 55 23 31 17 31 13 76 66 64 85 37 45 38 63 23 60 41 33 74 35 82 92 26 74 64 40 18 23 1 60 60 51 54 73 37 12 84 30 34 55 62 12 83 83 15 89 18 5 94 81 11 5 45 13 11 41 38 89 96 61 19 3 1 22 14 38 28 12 81 18 47 19 34 2 72 49 58 82 5 49 13 86 59 71 97 7 28 
31 49 67 17 49 65 85 72 99 77 7 40 20 56 20 32 22 9 73 26 48 28 8 15 40 10 72 75 1 54 68 80 12 71 84 20 69 30 30 86 41 60 49 82 3 41 93 29 66 55 27 52 12 2 75 14 33 16 97 98 65 46 63 14 15 2 98 52 85 87 84 63 20 67 11 76 8 45 55 3 40 35 13 82 24 6 55 28 81 31 47 42 46 98 84 50 0 76 53 43 38 71 6 2 39 46 54 97 48 15 58 73 91 89 97 36 1 56 64 27 90 62 13 27 81 60 25 50 64 35 34 59 13 64 52 17 78 25 95 85 42 68 7 33 45 11 68 28 60 35 55 41 43 30 55 92 90 20 70 62 16 11 37 69 68 83 41 10 49 52 30 79 67 26 51 75 94 73 92 15 60 92 93 48 5 51 13 18 93 63 90 59 7 16 2 62 46 73 71 49 40 45 55 49 2 60 96 44 83 17 0 61 22 48 5 48 12 66 66 74 56 45 64 10 83 23 64 2 64 12 35 39 29 83 92 38 42 17 16 16 85 30 93 67 86 52 27 92 59 55 87 14 77 43 12 54 72 81 29 25 67 54 3 30 94 13 42 84 77 93 83 55 80 89 18 24 20 75 95 42 64 59 13 32 87 44 98 11 61 54 67 81 42 78 21 28 40 85 36 52 23 43 4 30 95 7 13 12 33 76 78 52 24 32 60 59 95 98 63 27 83 71 94 5 12 85 77 62 72 39 71 14 89 23 65 2 15 6 23 12 65 24 4 6 4 2 47 65 40 18 36 58 45 12 28 20 1 54 65 59 56 79 36 1 86 83 39 66 67 20 91 62 8 1 54 78 20 68 31 3 93 79 81 1 89 33 2 34 73 14 99 33 23 56 86 43 71 3 18 66 
16 73 94 8 71 50 42 10 56 39 18 50 32 69 21 55 51 95 64 0 85 84 80 47 53 93 50 35 75 92 58 47 19 17 74 79 72 6 49 84 70 46 80 91 42 4 54 85 68 76 13 63 72 85 33 98 85 26 92 91 27 67 9 42 80 37 91 4 91 16 10 26 76 55 64 22 41 37 73 18 95 18 73 57 79 49 9 59 94 28 95 20 57 70 44 96 21 28 4 7 74 59 23 14 58 65 31 24 98 83 30 87 33 65 82 6 58 14 67 65 33 4 52 95 6 2 89 77 60 22 26 93 40 29 27 34 79 69 32 64 65 33 28 52 77 9 30 15 37 50 71 47 73 24 48 42 27 12 14 14 21 87 37 96 77 51 12 78 93 32 4 6 14 63 47 59 95 26 42 25 59 36 62 79 67 53 47 99 47 99 62 82 1 95 72 39 17 89 66 51 87 29 98 32 64 93 24 0 43 50 36 95 81 99 87 57 18 16 12 25 37 90 92 68 20 73 67 10 41 47 18 6 66 9 99 95 57 73 76 52 51 80 19 9 92 35 98 32 36 28 86 98 21 15 64 32 15 81 16 1 25 65 22 39 67 91 49 3 5 53 57 86 2 40 43 95 59 84 38 86 30 28 63 24 49 78 16 6 10 93 38 3 22 94 2 23 37 33 37 19 49 64 28 50 33 58 47 80 85 98 12 46 23 45 89 21 52 32 76 70 15 37 73 57 58 40 32 46 84 1 1 53 3 60 41 20 66 66 56 95 41 32 91 80 95 92 93 67 94 29 60 4 57 87 60 17 64 96 42 11 0 64 88 38 47 29 54 28 77 34 85 71 99 83 79 25 44 61 45 90 29 28 59 19 93 26 84 21 42 80 22 54 49 72 42 20 59 9 33 96 
68 12 61 98 2 28 75 11 14 21 74 29 43 83 30 74 45 43 5 60 38 11 44 34 17 70 83 91 78 62 39 33 16 92 84 41 0 61 96 78 13 44 16 40 17 85 9 17 42 87 25 95 89 51 37 42 34 14 4 84 54 0 54 73 20 6 73 38 0 63 16 23 73 43 1 63 68 0 47 58 70 91 89 15 35 57 79 97 83 32 0 61 18 73 12 64 54 20 98 43 46 54 28 53 5 51 47 44 91 28 54 0 92 65 74 45 10 78 92 77 69 81 3 73 29 15 38 46 16 82 41 81 91 0 53 84 28 57 41 61 69 51 25 69 49 80 13 46 0 27 64 94 25 87 6 1 14 12 84 71 53 22 39 15 81 2 26 85 15 34 18 46 12 41 61 34 92 82 15 11 13 21 34 83 77 76 42 59 63 99 56 68 17 83 5 51 60 96 12 15 50 4 3 2 22 33 11 25 49 33 40 74 58 99 41 60 84 53 0 15 51 14 52 69 19 96 91 2 81 78 69 10 60 46 98 92 21 39 28 68 70 17 4 47 36 71 6 28 86 89 90 66 40 49 16 30 59 93 83 7 83 93 45 5 1 99 21 3 4 20 10 52 39 80 9 64 53 4 54 83 38 7 36 39 66 62 54 67 95 92 48 29 2 12 53 57 28 69 69 55 60 52 40 8 69 51 70 12 1 83 55 18 66 31 66 1 82 5 28 97 65 12 14 58 46 31 63 70 69 15 60 39 18 60 17 46 33 73 58 54 1 40 83 80 26 79 93 62 52 34 91 44 58 52 47 95 42 54 90 29 87 13 20 62 18 41 38 92 92 80 19 90 88 74 39 93 48 40 61 83 56 97 55 9 76 10 52 98 70 19 78 83 67 29 54 74 70 30 40 30 
5 6 31 21 35 9 34 67 84 53 40 52 11 16 70 41 89 21 57 50 57 7 67 52 93 70 52 9 22 4 4 98 34 60 96 40 7 98 25 60 82 49 2 82 61 36 32 88 64 63 16 48 56 71 68 95 82 18 12 79 42 89 7 92 75 0 99 75 19 89 37 3 0 32 83 27 97 61 91 85 23 46 40 5 86 65 21 99 77 42 21 28 17 51 36 96 70 73 45 14 52 44 25 98 98 5 36 78 5 70 49 87 78 20 22 9 33 43 80 48 80 72 80 70 32 90 66 70 1 54 19 42 61 53 1 60 39 49 81 53 45 38 14 17 12 54 87 12 59 90 47 88 53 8 6 39 77 36 19 60 68 70 96 40 18 12 47 51 86 30 44 39 86 41 10 38 86 19 72 26 87 39 69 13 57 27 29 19 65 92 62 40 58 42 45 15 19 48 84 42 10 70 97 54 45 27 80 69 13 56 43 70 84 47 31 10 72 67 9 86 85 76 34 34 44 4 26 61 80 78 11 68 37 46 90 44 16 44 93 98 13 19 58 91 33 6 3 82 37 52 35 1 69 18 77 80 67 43 67 95 27 28 31 1 1 50 84 8 82 28 14 95 38 69 91 61 81 19 28 13 46 52 16 12 4 32 38 4 0 65 91 57 81 42 51 10 30 17 80 99 58 15 52 75 53 82 69 83 78 50 16 9 6 88 56 14 11 50 61 18 23 61 42 83 28 84 84 68 10 18 14 10 88 30 56 38 76 66 17 87 99 7 13 32 61 87 50 37 92 63 78 16 55 26 73 90 18 43 67 71 90 42 53 16 9 90 69 46 54 89 44 86 97 52 36 43 21 14 87 97 90 84 25 61 42 98 75 22 49 52 38 11 81 82 82 53 73 3 88 53 
96 3 71 96 41 17 39 56 84 89 34 23 6 79 60 5 35 40 99 74 18 16 30 26 42 51 21 80 2 80 92 48 53 98 10 7 1 70 90 59 9 4 55 90 84 81 21 76 37 84 94 2 21 74 67 83 50 10 67 30 58 55 73 95 7 94 55 48 93 81 67 60 46 11 86 9 61 34 37 99 3 27 52 7 73 46 80 83 95 59 89 19 55 88 95 41 80 33 29 21 53 52 95 30 66 69 76 62 19 83 27 58 60 98 64 47 54 98 65 52 36 26 39 44 18 67 96 79 69 25 45 82 14 73 80 11 93 26 62 68 0 18 43 67 78 65 41 58 6 3 29 38 1 50 55 4 83 53 22 75 65 39 44 14 96 33 90 19 63 23 40 44 16 41 77 32 45 63 69 72 18 49 70 25 40 83 14 59 85 27 57 79 36 67 94 97 92 48 17 86 31 43 27 43 7 17 12 67 85 8 49 19 46 6 92 81 63 31 56 0 66 33 41 84 89 91 23 69 77 32 24 27 67 15 81 35 36 36 24 92 51 35 82 66 37 41 62 97 75 66 26 83 55 49 6 56 84 36 96 46 89 58 72 69 20 22 99 2 38 7 74 66 85 49 93 35 38 40 85 63 58 38 90 94 3 87 59 79 68 17 15 27 60 7 21 42 5 91 35 93 15 46 87 77 97 98 11 86 37 57 10 99 63 81 12 68 16 4 9 46 11 29 92 49 19 57 31 74 59 49 94 15 51 87 40 92 78 72 22 86 57 25 98 70 70 16 4 58 50 10 72 31 96 98 91 5 28 6 24 59 86 36 59 7 39 92 9 54 34 37 26 21 83 67 68 67 17 16 32 93 53 3 68 10 62 71 95 14 60 66 12 7 59 72 13 92 94 87 2 2 
62 23 27 72 35 24 29 17 99 69 11 31 4 27 51 0 24 44 95 2 53 12 30 54 27 98 63 1 67 7 93 0 80 24 13 16 35 69 40 28 37 73 14 46 25 82 34 7 45 2 83 22 17 36 93 88 79 91 38 5 51 31 53 21 2 68 52 92 3 24 76 60 59 47 69 98 65 21 97 89 23 93 94 79 31 98 16 19 14 21 3 64 42 30 10 12 77 28 49 80 9 75 9 35 61 37 45 8 74 24 3 68 31 32 98 48 96 91 43 47 99 48 92 83 94 66 77 47 98 19 82 53 48 54 84 19 60 4 43 1 83 71 40 16 52 29 22 30 75 3 2 87 51 8 91 63 61 85 17 50 22 11 16 74 87 37 25 69 16 65 26 20 83 57 62 86 67 39 38 90 92 52 60 22 7 43 67 83 73 78 77 98 75 1 69 33 44 55 16 84 79 10 99 29 24 62 41 9 96 69 98 29 37 77 22 74 82 7 6 40 68 90 71 13 2 88 2 21 4 69 52 33 24 33 36 0 37 75 34 11 54 75 12 25 1 33 14 63 7 77 24 0 68 44 40 42 10 21 93 28 56 46 27 33 87 32 88 22 66 79 15 65 55 54 95 82 79 3 91 78 45 1 49 19 44 98 81 40 47 32 56 96 88 91 50 52 22 43 41 22 18 13 77 56 64 86 22 72 58 76 60 0 63 21 39 78 85 92 91 22 95 73 43 37 71 23 12 86 17 14 40 88 65 70 78 72 54 5 90 27 12 36 91 27 8 53 68 33 65 12 58 48 88 35 62 76 33 66 71 55 50 56 6 65 55 66 15 45 87 43 83 69 25 74 76 38 99 16 46 21 11 58 53 24 46 30 90 50 44 34 77 19 22 53 68 84 56 53 15 38 
42 90 35 10 64 81 88 59 73 88 10 34 87 18 5 81 85 25 97 17 47 36 58 47 45 59 65 55 90 37 74 73 23 17 17 43 2 85 18 37 97 73 46 37 51 64 41 95 28 81 27 59 68 77 34 12 60 27 99 55 87 88 77 5 67 44 93 33 84 7 39 95 58 86 58 51 77 38 55 19 42 77 68 19 39 77 29 91 18 53 92 89 41 76 90 15 34 0 76 82 89 2 12 92 86 42 91 16 80 41 58 36 70 30 62 10 14 6 63 8 38 35 16 53 52 82 37 44 57 28 66 5 77 97 22 86 11 35 93 52 67 80 40 47 59 17 9 27 1 8 3 75 64 91 3 74 97 31 34 4 18 46 64 42 2 76 79 7 76 83 52 11 11 82 12 77 64 1 15 19 61 0 87 61 42 87 79 50 62 54 5 16 29 40 41 49 32 68 88 85 41 73 12 15 2 41 74 0 13 95 56 16 96 51 94 76 75 23 87 79 0 37 99 43 86 90 4 13 66 86 74 62 11 40 45 14 63 96 53 34 90 86 59 23 57 96 70 26 81 71 51 5 16 64 37 81 47 50 26 24 13 11 45 43 83 82 5 85 13 11 36 44 78 57 61 76 20 91 29 21 53 3 73 21 35 22 62 18 38 44 87 16 43 4 19 32 12 73 25 19 13 7 39 72 31 65 6 25 45 69 20 43 25 52 94 40 17 98 39 44 14 93 82 32 69 24 43 11 63 3 74 7 14 34 53 23 57 80 58 64 20 33 60 58 15 96 83 82 0 14 77 15 3 88 1 7 33 33 3 26 99 27 60 0 4 13 20 36 40 70 8 34 86 61 42 80 60 2 17 45 49 31 11 81 56 28 85 58 42 65 43 15 18 66 59 45 33 94 68 75 
85 84 51 21 65 98 65 74 52 87 55 75 43 2 33 4 34 37 6 69 97 62 24 43 48 61 29 42 3 6 52 51 13 24 78 49 53 71 32 88 64 40 24 48 72 41 32 15 70 56 76 61 35 52 51 89 37 43 92 69 97 59 8 25 62 70 96 31 69 73 4 16 35 46 33 73 27 89 42 14 93 99 73 33 79 33 29 2 58 82 88 45 20 50 70 32 34 97 30 51 39 82 66 77 57 48 27 37 91 4 4 37 65 7 11 98 88 92 42 11 30 39 62 47 74 79 47 63 65 40 81 28 7 48 23 64 9 63 25 56 14 39 17 47 70 12 40 70 19 35 70 61 1 89 18 65 78 95 84 44 38 66 24 89 89 30 14 53 60 65 87 79 50 83 15 22 70 47 92 15 93 58 23 57 37 56 42 78 96 37 49 14 9 45 4 48 55 96 8 88 86 29 91 52 61 92 66 1 71 70 53 83 12 2 63 62 14 50 13 33 77 20 27 67 74 21 82 75 12 51 68 20 32 9 34 87 24 93 28 96 37 87 78 74 23 69 28 55 16 17 2 31 32 71 84 59 71 52 17 81 75 53 41 35 62 66 59 91 68 40 63 4 53 58 98 71 34 14 40 95 8 68 12 97 13 92 93 45 50 82 78 31 92 12 9 90 27 32 27 44 84 27 17 93 62 88 65 3 52 44 7 36 21 37 47 88 52 32 62 56 65 86 49 79 8 21 15 48 56 7 14 70 11 97 76 48 70 95 24 33 20 48 91 52 53 39 14 56 22 44 73 4 58 34 56 95 88 3 34 39 59 95 57 53 1 94 85 18 67 23 52 13 63 1 69 36 84 74 77 91 26 10 19 81 11 8 55 45 56 76 15 52 82 63 9 36 18 32 56 89 
39 87 7 16 53 68 23 39 0 24 39 56 26 56 28 90 59 64 52 66 31 69 33 39 78 77 59 74 72 97 93 10 14 66 90 17 94 55 90 56 59 31 98 87 41 99 2 20 24 6 34 24 4 78 99 57 69 90 93 11 15 60 74 48 79 95 33 16 6 21 26 35 13 16 18 56 47 10 28 52 0 17 66 35 45 79 97 31 98 25 38 94 44 15 35 79 20 54 49 79 25 50 97 47 94 26 20 61 98 8 30 22 49 78 70 21 54 54 42 23 1 62 79 25 98 19 12 74 84 17 83 7 95 65 84 5 73 74 72 70 49 46 24 7 99 3 50 41 13 34 65 71 98 93 87 18 74 77 96 7 19 81 46 3 55 97 25 26 21 58 16 53 91 6 23 42 48 42 56 7 40 59 23 76 70 90 50 3 49 91 39 82 48 70 14 41 39 93 63 48 78 29 58 99 79 65 67 84 48 61 10 79 90 71 21 86 99 56 88 93 63 79 45 60 37 2 22 76 47 5 16 16 79 92 79 85 89 69 36 18 47 10 40 54 62 18 22 58 61 60 29 99 15 76 51 8 86 0 96 7 92 42 23 97 75 7 71 64 31 12 99 34 76 62 8 74 44 66 70 28 43 84 52 61 31 2 80 88 18 12 59 97 67 92 2 11 37 5 70 67 83 52 71 5 80 28 18 69 32 30 52 45 14 37 32 87 20 50 52 58 95 14 21 43 91 41 59 67 89 13 8 26 31 61 94 15 38 73 24 75 93 72 62 41 62 70 58 6 15 23 37 77 81 17 7 36 88 30 53 6 33 60 98 84 65 70 66 36 95 17 83 54 53 93 80 87 83 0 75 94 84 6 7 89 42 74 74 71 74 14 11 68 86 19 77 64 79 80 73 6 
32 9 66 32 44 13 64 3 65 87 29 40 19 1 55 25 98 20 91 45 4 94 49 38 46 37 49 7 2 16 58 31 14 76 94 21 71 59 92 93 18 32 80 85 5 37 18 9 12 99 1 74 5 67 70 57 9 16 54 28 38 17 37 43 8 60 62 34 30 89 18 97 85 72 55 24 64 76 16 98 37 68 18 38 27 23 56 77 90 35 12 40 56 31 87 5 72 84 67 66 62 63 93 46 71 42 47 59 56 87 71 15 94 68 65 90 98 87 76 6 71 51 19 87 45 67 31 6 83 96 73 17 41 18 50 86 30 52 60 62 41 63 48 61 51 45 31 25 1 38 96 24 78 63 87 85 3 74 6 55 16 63 47 94 30 67 19 35 94 62 79 74 96 98 26 3 76 50 15 36 84 20 74 31 18 12 47 75 15 96 70 83 67 68 98 66 81 37 45 88 12 37 49 27 61 26 92 94 77 9 4 23 70 31 80 12 40 39 30 81 58 88 86 81 1 55 89 86 50 18 99 11 29 5 83 92 73 76 19 60 68 24 76 55 39 23 19 71 47 10 30 60 63 6 75 70 68 93 1 42 72 44 64 74 82 78 47 70 3 29 80 10 77 5 79 68 36 36 0 65 38 2 12 13 78 8 2 29 27 45 1 58 66 99 15 75 78 61 22 31 26 28 28 71 48 26 1 13 73 34 73 77 67 5 77 14 56 15 5 26 92 36 79 6 26 53 20 70 29 95 76 11 99 29 53 91 30 37 76 21 19 94 46 83 12 67 49 96 41 28 5 94 98 14 56 10 18 94 79 21 3 54 34 85 28 44 73 39 28 66 73 95 92 24 96 38 59 1 44 73 6 92 72 81 33 2 95 32 32 70 35 71 84 69 61 53 2 67 70 70 
66 43 26 53 67 88 97 16 45 7 13 74 34 39 68 48 81 97 14 99 44 0 62 26 95 18 64 76 11 70 58 41 34 64 10 34 64 7 52 59 74 94 92 34 14 3 57 7 51 10 39 47 38 49 85 55 58 45 41 5 36 27 90 1 48 82 55 79 69 15 88 79 57 24 81 62 36 67 3 47 42 33 87 7 40 68 32 88 14 17 79 91 85 51 63 81 35 60 87 59 28 7 20 56 45 49 24 33 56 4 11 59 28 81 98 70 14 29 63 64 99 27 58 90 12 69 19 94 59 24 65 2 15 72 71 97 45 21 62 79 36 65 74 27 75 41 94 57 10 50 5 27 6 76 62 97 35 27 41 4 13 15 29 72 97 38 94 89 29 31 56 89 82 80 12 53 47 42 71 76 22 58 38 53 44 95 67 8 85 82 68 87 80 42 30 96 94 94 62 22 89 93 97 30 69 35 64 38 88 59 67 31 73 0 81 29 2 81 94 50 94 17 90 23 23 27 55 35 61 95 52 36 27 68 19 46 55 72 76 84 4 12 94 29 35 36 56 58 65 32 17 85 87 23 43 38 9 78 33 70 19 89 31 45 62 6 11 43 72 81 69 51 48 94 12 43 63 79 65 88 78 20 81 68 9 66 65 79 94 70 14 21 64 5 41 6 18 39 78 84 5 73 80 81 53 75 68 89 84 53 53 33 79 24 87 84 62 51 99 75 25 42 91 90 44 86 69 6 2 21 10 81 10 25 99 15 78 67 88 98 64 4 78 1 47 57 61 71 60 23 6 96 22 13 99 96 37 52 49 4 76 80 1 22 18 33 87 42 42 46 46 94 6 63 11 36 31 99 72 67 84 3 75 68 77 45 5 6 76 40 12 50 58 44 22 2 50 92 88 57 
34 68 41 17 66 81 70 83 77 70 75 2 81 12 46 12 82 83 96 48 57 1 30 56 21 41 12 95 76 53 67 80 69 24 54 13 87 56 71 24 11 34 99 40 8 47 45 90 53 89 48 42 4 73 48 69 6 13 50 78 77 40 65 61 21 91 52 26 78 26 57 52 10 77 57 64 26 77 49 21 29 41 26 12 69 98 56 19 85 79 56 35 2 3 24 63 14 37 99 25 85 35 91 89 59 58 35 23 19 14 16 62 39 5 3 36 35 3 26 13 31 63 81 65 67 31 77 80 99 35 36 41 21 22 35 72 33 56 12 95 75 16 52 93 7 31 36 95 49 72 14 97 5 74 47 31 68 84 10 80 84 42 3 36 84 1 84 48 18 89 49 34 70 87 32 74 5 53 81 36 5 38 61 41 86 25 56 58 31 6 99 89 60 28 26 39 53 22 21 95 39 55 18 69 77 58 12 4 57 95 15 73 75 35 17 31 20 78 55 39 87 94 32 87 60 61 14 95 8 59 0 93 23 22 84 24 35 65 26 58 90 5 31 38 99 1 16 0 63 23 52 21 5 68 83 55 13 48 72 66 67 37 21 30 57 70 48 0 66 80 37 90 30 36 69 60 65 16 14 95 14 56 18 62 90 84 9 52 50 14 15 95 48 66 46 0 37 59 57 25 18 65 70 75 92 12 45 75 4 51 76 18 74 56 47 61 67 62 41 79 50 58 77 66 88 51 32 43 75 78 23 69 72 49 15 66 83 89 48 75 82 6 46 95 81 70 76 96 40 26 74 60 31 80 51 35 74 22 34 52 60 27 86 96 6 53 94 88 32 98 20 3 16 31 19 8 40 4 6 68 14 70 68 88 45 60 15 12 95 10 91 96 61 96 24 94 14 24 96 67 
20 40 45 7 81 95 48 28 9 80 72 60 22 10 99 90 27 48 85 93 4 30 52 84 39 41 35 18 48 52 90 57 53 49 12 52 38 8 97 87 52 84 50 44 19 19 42 71 41 70 29 48 28 11 10 27 63 44 17 79 86 80 72 55 62 17 83 53 11 46 18 98 82 65 28 93 76 55 83 73 80 81 6 38 35 60 44 79 55 72 82 1 46 38 27 62 40 40 59 23 54 48 38 56 48 80 61 16 43 54 95 46 89 87 29 6 74 14 71 82 79 42 8 21 65 91 76 8 67 90 50 39 9 20 49 10 1 47 9 66 20 52 7 80 22 50 40 88 18 55 67 49 44 27 52 13 99 75 84 86 86 84 59 43 71 86 52 50 77 80 63 38 9 0 10 54 59 5 89 80 67 21 91 88 58 81 46 19 54 52 16 76 18 82 62 94 5 69 14 1 36 92 40 60 71 49 23 34 96 47 3 78 59 1 21 33 6 52 49 2 9 78 74 17 59 54 3 48 58 38 36 96 94 48 44 35 83 81 92 1 80 85 89 61 98 35 6 71 95 60 25 66 51 8 11 7 67 9 15 23 28 52 34 23 15 73 8 58 4 6 67 3 53 39 36 77 80 58 10 16 24 76 49 84 44 31 50 22 61 56 39 54 68 15 18 97 23 52 44 83 75 54 73 42 54 26 93 10 28 38 74 37 35 8 34 75 68 2 78 37 44 93 92 19 65 65 77 78 8 92 87 55 52 94 48 20 46 65 36 4 99 52 28 74 2 50 20 73 25 29 97 30 57 62 1 37 62 57 5 48 33 3 95 12 40 99 52 62 43 13 11 20 20 91 14 52 65 79 8 84 74 39 4 76 1 46 43 30 40 4 48 84 34 81 44 89 9 61 17 58 
36 72 4 6 78 63 99 21 39 53 83 48 31 97 88 56 94 55 92 43 0 85 11 62 57 25 79 78 90 76 20 19 74 1 68 62 86 92 91 29 38 31 16 57 15 38 94 65 65 59 16 63 36 31 31 5 14 29 32 18 73 45 13 89 27 54 71 85 88 98 51 53 93 41 37 60 92 45 9 68 55 88 81 34 34 3 72 11 4 40 64 5 27 79 60 51 55 69 42 52 70 89 47 74 38 40 8 65 78 49 33 54 53 90 93 78 95 87 63 43 73 92 19 91 8 92 22 85 80 12 85 69 54 57 83 5 74 7 85 78 31 86 75 20 87 43 93 64 14 1 74 11 45 31 23 43 93 27 35 49 14 48 71 99 96 10 24 56 6 1 85 59 91 97 49 94 39 99 52 64 10 30 26 31 84 5 37 95 78 66 70 98 68 18 77 78 73 51 48 18 46 78 68 3 99 1 29 93 64 87 96 19 5 26 22 36 11 41 65 90 58 72 94 91 51 15 70 30 44 85 3 22 45 60 14 36 94 28 64 11 87 67 40 81 96 7 25 29 48 82 24 53 21 66 73 27 24 62 14 55 27 66 64 51 30 4 70 47 33 7 5 67 43 35 80 44 77 1 17 53 95 76 18 92 60 29 96 77 19 46 25 33 87 92 80 57 36 30 76 19 75 78 83 4 4 63 74 7 54 12 55 19 73 89 70 41 86 90 81 54 47 77 5 60 40 76 73 87 35 46 65 36 51 38 78 11 0 5 65 87 30 50 74 97 47 15 98 75 85 50 13 58 76 74 95 2 11 54 57 32 12 17 74 38 15 50 86 73 23 37 74 53 61 93 89 29 47 17 11 69 53 41 50 29 80 11 38 83 84 64 99 80 98 38 11 57 62 25 63 97 
87 32 5 61 3 35 9 87 71 99 71 11 59 81 99 64 98 12 61 90 56 96 4 57 78 90 94 92 77 51 53 82 90 25 98 92 37 84 50 92 72 57 27 21 10 18 99 27 92 78 53 51 80 46 3 84 59 86 10 86 66 76 26 45 32 28 91 12 61 72 81 25 51 46 31 86 23 97 39 70 47 38 2 23 71 42 21 85 96 8 8 84 77 86 20 86 27 91 44 0 49 45 19 97 26 98 62 3 69 94 36 88 98 55 89 72 91 13 89 79 40 75 26 75 52 15 92 30 51 14 24 7 27 15 19 74 98 11 41 23 64 30 39 4 96 33 48 86 86 42 76 95 89 22 29 73 79 89 42 46 94 80 42 21 46 51 0 23 55 97 93 6 79 49 36 82 90 80 48 49 73 3 61 88 24 54 38 73 96 80 71 63 98 73 26 12 31 54 55 29 19 3 84 44 12 77 12 51 16 55 67 53 86 2 89 12 85 20 85 87 40 28 42 24 3 45 29 29 50 27 64 38 29 99 19 16 7 44 67 2 28 94 9 91 58 37 80 35 53 31 47 19 79 11 32 51 73 36 67 22 65 58 44 42 73 61 36 39 89 6 23 97 51 24 59 97 43 70 56 93 24 64 0 47 49 7 10 0 54 68 67 79 87 86 90 88 98 33 81 80 81 52 11 39 16 67 74 10 67 35 12 17 17 53 6 25 94 63 69 1 88 12 57 25 92 12 49 65 36 39 75 61 54 47 32 59 22 34 1 87 50 29 98 59 51 12 63 98 27 57 47 16 72 40 17 68 20 87 19 70 27 89 22 35 23 4 38 61 91 39 12 59 15 65 89 26 99 25 42 33 12 96 95 40 43 22 4 37 37 75 95 65 90 21 47 63 59 98 70 90 
16 79 17 86 22 33 10 4 76 70 78 87 2 65 50 75 5 78 4 53 60 17 33 22 42 23 32 5 69 14 85 12 92 18 47 88 91 1 76 34 23 85 45 70 55 37 1 85 47 84 13 51 48 52 67 31 40 3 44 0 17 44 39 21 98 46 89 57 81 92 88 13 46 65 31 70 84 80 13 36 70 86 51 18 47 73 43 18 95 22 93 0 64 69 14 65 67 72 87 58 81 84 44 32 41 69 21 36 27 42 95 40 28 31 73 17 28 9 14 90 6 8 42 32 49 31 37 62 24 21 36 14 25 7 41 33 3 62 74 84 96 1 24 68 0 28 59 2 82 71 65 74 45 13 47 56 69 41 10 50 6 28 71 83 63 38 15 67 18 3 45 94 16 2 11 9 66 62 69 41 39 57 98 64 57 69 46 77 54 29 86 41 37 19 29 40 89 24 40 2 4 86 35 44 19 63 16 62 19 81 37 73 23 29 91 17 40 37 7 66 2 16 80 52 79 12 45 47 30 57 81 10 25 14 43 92 96 27 89 43 91 25 61 93 95 60 88 68 30 77 20 38 97 66 29 30 27 76 74 36 92 19 35 22 94 64 13 51 22 42 27 52 95 0 79 53 45 61 49 65 85 99 57 49 43 76 1 71 24 83 82 74 69 42 93 71 59 25 23 29 24 9 87 82 10 65 15 76 55 38 71 0 90 87 31 73 60 91 4 41 70 98 98 10 91 69 77 15 68 50 46 27 70 17 90 58 67 66 71 25 13 9 61 28 33 92 64 71 83 45 87 31 6 81 68 70 71 41 93 94 99 28 14 1 49 67 27 23 91 93 14 23 58 26 72 42 56 75 2 4 85 85 96 89 13 64 97 78 93 62 78 59 76 46 70 22 94 84 10 72 
45 20 29 48 0 14 23 2 62 92 84 29 33 77 62 67 42 10 73 12 29 85 87 73 99 2 53 0 41 80 98 44 33 53 83 64 37 15 34 82 91 5 68 36 21 70 5 38 43 76 0 68 12 27 42 35 57 87 43 50 56 93 73 65 17 16 89 86 9 71 98 70 2 35 95 16 42 87 95 22 57 49 74 22 4 83 21 75 62 92 90 2 1 79 38 66 49 3 48 87 63 3 1 24 66 58 86 74 54 0 48 45 31 66 49 54 89 17 20 41 13 53 34 85 25 91 97 78 91 1 61 27 43 47 4 61 77 66 53 41 10 85 43 8 93 60 93 30 54 86 16 64 73 83 18 13 6 82 56 62 18 10 33 0 30 56 9 26 47 34 61 50 25 23 48 31 91 79 19 92 56 23 8 34 68 81 58 10 74 24 77 51 7 49 69 65 35 15 97 92 99 45 91 90 61 51 14 59 0 31 79 40 97 85 54 82 63 84 32 50 60 50 96 11 20 52 89 73 54 60 69 70 1 50 51 35 98 3 9 72 74 18 21 19 16 38 78 63 10 21 79 18 41 3 24 36 75 80 70 83 88 30 2 93 99 32 67 87 94 96 45 59 1 34 53 2 46 25 42 19 76 16 17 22 71 66 87 27 41 74 80 9 3 37 63 54 27 84 14 18 46 47 39 17 28 13 23 50 88 0 40 46 7 46 9 83 91 39 86 50 81 26 22 41 94 93 65 28 29 51 3 92 23 58 76 17 13 44 56 54 76 46 75 72 38 5 97 43 56 56 87 43 37 98 58 13 39 81 59 73 41 78 1 50 16 34 23 5 25 83 45 65 46 76 10 78 73 68 49 10 50 22 68 84 88 25 6 70 49 80 31 3 79 16 63 27 1 48 4 83 
52 67 16 55 95 54 80 86 4 26 83 9 22 8 21 11 75 83 48 51 3 55 67 59 26 9 93 55 53 97 4 42 69 43 0 78 13 89 29 10 13 14 59 91 78 68 45 18 88 98 38 56 19 82 68 42 60 13 67 60 74 67 82 60 69 53 36 95 74 35 18 50 46 64 66 36 53 66 20 15 76 93 92 12 24 29 32 60 0 10 20 51 71 38 48 93 52 93 35 48 17 55 97 90 41 84 38 55 69 78 5 77 34 17 68 79 74 39 63 30 30 56 47 44 0 80 54 92 88 63 76 75 52 77 36 12 96 79 56 8 69 12 42 0 25 62 10 20 46 62 60 21 1 46 25 92 97 4 55 45 72 29 49 2 64 58 47 78 75 76 43 41 26 60 5 78 20 65 68 30 55 68 3 87 86 12 82 39 16 52 71 13 8 10 12 0 26 58 9 91 68 81 27 38 6 11 34 93 18 28 73 69 73 36 12 52 64 27 27 70 20 74 52 1 15 93 4 46 57 11 87 28 14 66 25 1 9 21 53 72 69 15 27 13 30 35 29 15 64 0 91 57 49 96 27 24 76 82 26 94 30 57 7 71 9 86 76 15 14 88 44 41 38 89 22 87 7 14 84 79 19 31 34 72 52 20 17 74 45 46 65 89 88 57 30 98 95 22 15 92 81 16 13 27 69 21 11 43 73 3 93 54 32 68 31 3 48 98 93 8 84 52 39 40 44 5 40 49 19 32 90 64 52 53 89 71 78 86 80 8 21 66 92 81 93 64 4 55 61 68 54 38 39 58 4 55 10 14 61 46 58 6 3 25 0 42 33 70 19 32 47 94 18 72 31 68 95 68 67 71 77 80 14 8 23 57 50 8 31 37 88 7 40 22 67 77 66 83 95 92 
94 32 31 79 66 84 69 88 1 88 26 49 30 2 2 69 84 89 43 33 16 88 2 38 72 11 16 18 78 84 1 56 54 84 24 31 22 18 28 11 5 90 60 10 55 80 41 70 20 81 50 5 38 40 1 59 73 65 81 4 74 66 39 67 91 74 95 59 7 65 92 78 18 81 16 94 22 24 90 72 64 55 44 3 99 2 32 77 81 52 34 46 60 29 0 6 46 10 11 20 92 87 50 18 93 24 22 34 22 53 70 27 4 46 17 51 34 2 32 21 40 42 90 4 17 99 86 0 4 93 87 5 66 48 55 39 71 93 7 55 13 45 76 96 43 51 21 42 12 25 51 66 24 43 14 6 87 62 54 46 74 43 28 36 72 90 45 79 98 16 90 88 17 9 26 21 2 10 64 38 11 88 5 90 15 95 86 20 83 78 60 65 53 33 33 57 45 85 78 87 59 77 95 82 88 20 91 89 33 69 56 43 13 12 93 26 22 86 44 41 80 65 12 89 32 25 54 20 44 5 89 12 59 64 63 91 66 7 62 49 14 1 96 7 39 41 89 62 92 28 5 30 93 62 79 97 29 40 83 90 70 72 96 29 87 2 94 32 67 69 56 39 37 73 10 95 69 95 17 94 21 70 57 5 51 0 72 25 50 76 93 87 21 69 53 44 24 23 39 65 45 12 70 85 96 22 37 59 56 71 28 40 73 55 5 87 83 74 84 26 34 94 95 83 51 0 74 10 70 28 46 66 12 59 91 92 57 51 60 65 7 0 97 21 60 88 91 67 71 76 59 60 90 52 64 88 59 97 46 82 81 77 89 42 38 13 68 2 93 12 74 43 91 27 14 44 72 49 75 89 55 48 52 43 41 70 18 48 1 43 48 10 56 76 13 36 92 1 82 74 
32 32 33 78 43 55 33 20 45 51 52 2 13 15 32 99 62 63 74 60 12 8 97 17 5 1 85 52 13 71 95 70 60 6 80 88 66 76 96 18 83 59 32 86 87 38 58 1 59 94 65 65 80 76 8 84 6 20 36 15 3 92 85 6 81 85 99 52 19 56 49 19 34 96 65 51 61 51 12 3 36 66 0 13 46 20 80 48 16 63 32 19 23 3 16 78 31 83 98 40 30 0 82 43 3 41 50 46 42 42 97 11 46 60 12 72 37 50 26 68 35 87 1 73 8 13 90 70 69 59 52 31 19 41 33 82 69 95 84 59 1 58 45 50 70 51 59 52 26 10 86 0 66 50 16 47 89 86 78 96 41 95 17 72 11 92 58 29 29 91 81 7 50 30 36 78 55 30 20 66 14 91 64 72 55 22 86 43 41 3 15 45 37 38 3 49 78 81 84 7 98 89 63 98 31 8 72 90 20 8 35 87 18 51 54 8 82 86 26 8 37 3 27 6 93 97 63 36 38 92 38 18 3 37 17 83 77 61 57 93 33 12 92 69 35 46 45 4 75 69 57 81 15 67 59 18 31 13 51 82 84 83 55 19 18 19 88 19 39 72 67 20 27 8 33 36 68 48 62 18 9 97 64 13 12 72 59 68 29 71 37 54 41 27 82 3 16 55 39 56 49 98 40 4 60 83 52 67 90 39 12 33 76 33 3 31 18 7 17 76 13 35 33 3 53 16 96 85 36 73 2 54 67 75 59 35 95 14 54 7 53 48 58 32 34 12 34 14 60 40 54 15 92 63 30 57 36 91 94 83 18 88 19 28 69 0 43 10 83 64 45 8 39 24 22 31 54 45 99 87 73 20 9 51 30 21 88 62 88 67 91 77 14 16 57 43 21 62 35 81 
4 76 2 25 40 22 50 14 78 13 52 15 18 46 34 66 30 90 22 28 25 8 55 51 65 37 91 11 32 53 73 85 46 44 25 95 37 34 99 45 82 88 55 91 20 97 56 79 62 27 48 8 43 98 67 93 53 62 71 63 46 42 38 40 31 34 47 38 77 33 0 76 3 25 98 32 19 53 34 75 23 14 46 50 64 47 32 33 44 83 76 68 81 4 45 81 17 18 88 76 7 48 43 51 6 70 79 65 15 68 82 84 77 60 78 79 67 31 29 23 61 33 28 76 82 35 84 19 14 77 73 85 73 0 38 83 35 69 99 26 66 37 74 24 49 23 54 79 13 45 74 73 21 2 6 16 97 61 12 36 36 82 74 80 47 57 8 3 83 94 42 2 87 86 31 86 75 30 52 81 20 41 64 3 9 0 6 81 8 4 50 96 91 56 99 16 80 83 45 22 59 5 86 78 23 20 60 71 70 41 76 7 0 56 72 53 22 93 5 76 76 88 83 12 46 3 17 56 67 33 12 0 97 86 65 69 81 78 88 62 41 32 25 51 38 69 98 55 41 26 54 32 22 27 42 0 89 36 78 63 18 62 93 34 4 73 98 26 65 55 72 71 6 78 76 43 7 94 93 21 90 90 25 77 45 70 75 59 26 23 1 88 75 32 9 12 54 22 37 56 99 23 17 86 49 50 83 42 81 9 41 89 77 12 50 5 15 69 33 79 54 56 85 95 17 84 42 7 95 45 11 25 47 24 19 23 0 50 29 71 64 35 98 82 88 65 71 70 91 79 96 22 49 75 50 33 65 5 98 51 4 69 14 80 52 39 83 22 67 75 2 28 22 6 51 25 63 74 30 93 4 50 35 1 48 66 71 15 78 60 91 50 78 56 79 97 13 44 84 25 
63 91 88 47 33 12 61 37 91 93 11 10 28 86 82 94 95 9 96 55 32 72 17 18 74 78 31 39 73 96 11 71 60 3 6 0 72 13 13 33 63 42 65 42 48 49 29 30 92 1 69 18 6 83 93 77 76 36 44 89 57 66 84 90 42 91 73 94 51 45 3 3 29 21 87 67 78 50 11 22 36 10 60 69 60 44 21 83 44 73 46 15 31 94 93 47 27 57 17 68 25 91 79 37 12 58 87 87 54 54 37 70 13 12 32 24 54 58 84 92 30 63 97 1 85 11 88 41 97 42 41 14 37 53 67 61 0 58 33 45 97 49 40 76 95 37 87 26 10 46 26 83 86 43 86 41 33 36 0 71 48 96 72 95 23 5 93 36 64 20 51 7 65 97 46 19 7 73 97 21 30 88 50 5 17 58 60 71 43 20 55 27 33 19 44 40 80 69 83 50 98 67 73 71 93 21 17 3 94 58 26 40 29 63 8 95 16 41 70 21 56 36 94 83 48 32 63 77 3 4 55 92 46 45 8 84 56 5 95 47 87 85 83 6 77 72 12 0 56 56 82 36 76 63 37 61 80 99 55 46 4 37 75 23 43 25 46 37 89 12 76 56 39 55 87 9 50 18 30 40 3 81 28 77 34 25 24 98 40 67 62 28 95 45 78 37 13 36 57 33 76 73 6 55 21 79 5 59 53 58 46 2 75 84 29 76 5 26 46 53 89 27 72 65 39 54 67 61 80 20 1 48 65 60 65 99 12 11 29 73 76 58 52 56 67 48 0 69 41 8 16 16 42 78 50 25 34 52 34 79 86 30 80 45 66 50 76 83 77 76 98 54 54 69 43 89 63 66 57 72 76 69 86 70 78 0 93 99 52 89 15 36 97 78 22 95 94 30 91 54 
25 76 76 72 43 59 2 60 72 39 36 74 4 79 49 62 57 63 56 4 6 77 23 47 37 19 29 33 34 65 66 86 13 27 74 9 95 35 46 87 86 79 5 30 3 40 98 82 43 35 97 46 73 81 49 29 41 70 64 4 14 63 20 80 4 43 43 43 84 59 87 85 21 74 33 43 93 82 19 97 68 54 12 82 70 63 58 12 35 36 64 82 12 87 95 45 5 87 63 15 88 94 35 47 48 9 39 39 35 93 93 91 51 19 72 69 20 3 74 9 74 6 62 81 72 23 90 20 32 53 82 4 54 70 65 2 18 43 41 54 54 2 98 96 49 34 97 82 75 20 47 31 99 45 21 67 29 87 5 3 19 43 65 10 9 27 54 98 33 77 84 96 8 30 47 43 54 90 82 15 37 89 77 40 63 1 98 99 39 10 37 27 56 4 95 96 6 46 64 25 4 97 93 83 66 9 27 21 91 64 79 76 78 21 8 18 4 7 89 89 44 70 66 12 73 78 12 5 78 26 89 96 58 23 68 33 47 71 6 95 64 26 95 24 19 77 28 7 72 74 58 97 42 4 74 74 89 24 73 19 42 97 93 9 54 30 94 5 74 47 92 26 84 50 76 52 7 53 20 56 98 7 96 98 10 92 83 34 31 62 79 30 27 35 51 33 32 61 26 18 85 90 15 38 21 92 62 29 51 16 90 3 25 15 77 85 95 97 32 48 57 88 88 15 15 23 32 79 49 83 62 82 45 12 3 70 41 53 25 54 51 87 50 10 67 65 88 69 56 54 5 30 86 6 69 74 37 36 20 76 64 0 23 90 24 60 61 73 26 73 43 6 16 77 70 56 85 52 5 47 98 49 65 24 58 37 79 27 18 25 35 1 73 53 39 18 0 5 24 71 
56 9 10 7 36 54 22 72 75 76 10 50 25 28 97 1 58 61 83 99 1 96 79 64 2 46 95 12 19 43 57 27 12 74 27 11 41 21 78 48 84 59 19 52 2 44 89 47 13 37 75 23 43 67 65 36 95 13 91 31 15 2 70 87 73 29 4 29 88 60 15 33 94 36 42 23 66 83 6 26 33 93 14 9 72 19 62 90 91 84 91 28 5 24 2 73 40 62 45 35 50 78 64 8 11 98 89 43 21 4 96 82 37 17 62 54 66 56 32 70 47 75 43 71 7 57 80 30 34 80 35 80 23 68 78 73 64 27 87 70 13 48 21 72 92 97 95 20 25 64 38 72 30 3 58 40 73 25 26 45 99 25 73 51 85 0 70 34 75 95 2 38 79 55 25 51 6 66 51 87 46 64 10 50 26 16 96 49 76 62 88 29 97 97 79 69 94 67 61 20 54 80 50 91 67 82 35 66 94 0 76 56 93 18 16 68 7 3 84 3 33 79 32 41 91 54 86 42 56 53 29 34 58 15 24 26 46 78 40 3 64 78 1 66 8 68 97 51 46 57 98 7 66 70 76 38 89 93 88 50 77 45 30 83 21 29 72 40 27 1 34 53 42 80 70 8 16 87 35 80 88 32 40 75 42 6 85 6 90 0 90 24 12 29 21 13 52 0 27 81 31 20 42 60 72 6 18 23 11 74 62 96 95 35 71 90 34 9 54 74 11 37 0 77 32 52 37 40 56 30 67 30 1 42 42 31 98 40 11 21 85 2 15 73 36 44 8 98 74 88 39 25 43 14 76 12 0 28 35 68 12 33 30 74 57 82 58 2 16 96 59 62 95 65 28 3 7 96 29 47 45 68 2 14 21 94 6 21 56 54 84 52 96 67 67 19 26 54 69 61 
63 27 81 72 85 62 46 13 76 94 84 79 98 19 11 82 7 79 64 20 86 18 57 80 32 44 5 71 24 81 50 65 77 49 33 43 9 11 4 64 32 75 51 85 16 75 12 84 54 73 12 83 42 86 6 45 68 29 87 65 21 48 36 65 66 58 31 54 25 56 97 52 97 83 62 90 59 37 83 45 37 73 52 79 85 24 40 0 39 96 91 28 45 59 97 55 5 77 43 72 11 85 97 92 94 44 82 38 32 56 23 44 86 33 2 92 87 34 28 57 5 45 21 50 59 95 73 30 95 41 80 56 64 34 92 54 99 17 64 40 27 19 11 51 50 88 85 4 3 54 52 56 2 71 9 72 35 41 41 89 52 39 47 74 62 56 69 20 71 80 4 28 8 19 80 41 87 28 51 14 54 48 98 91 84 20 36 7 9 7 43 75 3 27 60 48 74 74 85 4 48 9 29 76 51 66 79 77 80 67 80 45 44 33 5 8 75 67 44 39 20 98 35 30 2 71 86 88 3 60 44 53 26 14 14 2 55 33 1 10 74 82 86 54 57 8 57 67 71 22 56 27 78 81 47 48 97 43 46 11 68 39 25 52 32 46 1 25 99 9 57 62 27 47 42 21 91 10 98 97 25 69 95 28 1 30 18 51 94 36 3 31 34 52 75 93 93 33 79 65 22 24 1 12 98 63 44 48 81 52 19 93 59 12 97 28 68 83 62 24 22 95 83 15 81 48 80 37 62 17 1 66 78 73 64 96 45 47 86 50 65 97 96 13 22 15 25 57 7 97 47 5 56 16 8 14 50 26 84 80 26 3 58 77 61 15 33 91 78 30 70 49 27 16 86 95 42 1 10 37 14 19 30 11 55 9 88 60 3 83 44 15 2 46 47 6 83 83 11 61 
94 84 59 44 85 37 35 86 37 86 54 14 2 65 4 3 47 92 86 10 67 49 35 16 64 25 7 33 78 18 91 43 73 50 99 29 5 42 88 89 7 44 58 34 41 90 33 69 23 25 56 55 70 10 11 6 42 58 38 63 26 29 69 58 78 28 63 26 65 68 24 21 10 12 27 20 10 69 78 46 55 94 83 72 45 63 15 25 16 96 41 17 56 17 85 77 85 18 59 57 68 85 57 24 84 86 45 54 94 6 69 40 41 63 91 48 75 71 89 66 58 40 46 44 10 45 66 13 82 95 13 53 10 80 3 83 41 53 70 52 52 9 81 26 17 55 83 46 99 30 40 62 58 61 37 64 0 27 75 79 41 51 35 39 74 1 77 1 22 70 35 66 52 79 8 43 40 4 53 9 72 91 13 39 55 75 67 54 88 50 13 12 19 58 11 59 96 89 91 22 76 0 50 81 16 59 34 29 68 73 67 3 86 15 83 88 8 47 81 51 36 73 26 18 83 78 65 7 72 93 77 16 59 51 39 89 11 83 20 35 39 71 94 92 2 47 83 21 5 83 44 36 66 76 63 7 50 82 31 8 32 48 43 3 75 51 49 94 37 30 25 39 54 84 65 69 79 20 78 54 16 23 49 39 19 74 10 30 23 74 17 88 84 40 28 83 76 27 30 60 80 24 95 47 46 13 59 76 92 99 44 29 72 37 34 62 0 19 63 54 14 90 19 54 98 92 34 82 96 44 18 92 40 36 43 56 28 70 40 51 46 15 91 5 91 60 32 21 24 16 99 45 19 45 0 79 23 76 88 46 44 28 18 85 99 79 7 54 43 75 94 77 73 70 19 97 56 55 45 78 89 35 48 30 74 10 17 69 92 91 14 90 99 31 46 66 74 39 86 67 
37 42 70 45 36 97 48 24 82 50 53 70 84 73 87 86 99 83 25 50 87 38 29 97 21 37 94 49 47 36 23 69 45 24 20 45 78 8 9 56 65 2 17 89 79 51 67 6 93 59 71 39 6 76 55 17 53 18 50 21 51 48 87 66 60 41 90 71 57 73 63 24 94 83 47 18 90 57 13 83 88 75 33 4 31 93 98 76 99 56 54 44 54 57 84 85 25 4 60 79 49 98 46 67 25 96 45 9 40 31 22 30 38 73 24 72 82 82 36 89 61 5 76 69 97 90 11 71 13 35 5 73 28 24 54 16 19 39 61 61 10 90 70 46 14 39 70 99 23 3 87 59 8 72 84 94 18 3 65 65 92 55 27 73 3 60 3 54 67 20 67 63 81 50 77 4 67 67 23 65 92 74 57 39 60 79 86 74 0 43 74 91 26 5 68 95 26 55 3 5 27 58 87 62 16 30 43 58 9 6 54 8 36 36 69 40 65 74 46 78 72 34 48 70 34 12 30 22 25 87 53 4 38 96 78 48 48 71 61 24 36 78 90 12 46 66 57 68 87 21 70 60 50 13 92 2 94 98 55 42 19 71 65 87 93 43 51 14 57 85 22 37 11 55 11 2 81 49 57 7 73 97 72 9 25 79 3 25 49 15 7 31 48 98 89 77 60 22 93 61 49 80 55 58 31 32 40 27 74 29 49 48 90 66 81 63 61 84 93 49 88 69 13 7 14 39 60 26 54 16 80 27 4 70 66 76 26 85 82 18 77 84 4 50 2 9 42 87 91 57 76 31 10 97 94 57 29 72 16 11 10 64 54 49 91 23 89 43 29 6 8 0 74 98 74 87 85 37 4 73 93 6 89 61 57 35 54 14 50 35 1 38 65 17 23 50 94 52 99 77 
74 92 44 42 19 12 17 61 30 18 28 63 39 3 15 20 13 64 58 4 44 48 99 55 25 43 59 58 39 22 77 55 98 78 13 98 78 49 31 52 68 36 11 81 98 78 27 5 24 93 55 17 80 30 42 86 94 90 95 41 68 85 98 40 3 19 13 17 34 9 90 56 60 96 77 84 86 50 72 11 5 19 16 1 88 79 43 57 31 79 20 61 89 34 73 69 39 63 69 56 27 52 61 45 49 48 46 92 59 49 97 28 42 12 18 20 13 23 74 38 47 62 13 69 63 89 23 86 49 34 79 70 37 59 18 77 23 45 50 8 64 74 78 60 42 7 58 47 2 85 25 11 28 86 53 8 76 21 95 86 7 22 84 19 50 21 39 17 90 30 68 15 6 35 21 79 89 63 9 71 53 16 87 87 15 27 97 42 29 22 24 29 33 80 28 83 97 83 97 79 56 71 49 64 42 75 99 22 5 28 90 26 25 82 99 45 99 54 46 11 82 65 79 29 50 10 50 23 45 13 10 71 94 38 48 24 59 35 2 97 14 83 23 32 35 40 82 81 62 39 77 37 75 54 53 85 79 17 29 11 26 9 4 2 19 99 45 29 11 73 74 78 90 80 64 81 85 63 26 87 81 78 52 72 91 74 84 42 93 87 2 98 9 21 82 14 58 44 62 85 62 58 56 66 54 97 50 26 73 2 82 40 35 85 84 56 18 86 75 28 57 41 9 79 5 72 50 90 97 99 48 71 13 96 39 57 23 42 72 0 37 92 77 56 85 76 70 5 2 7 46 1 58 44 40 20 62 12 81 28 1 44 80 10 60 55 87 62 27 48 25 25 15 54 72 57 78 91 10 61 79 7 36 5 21 79 91 44 84 83 18 58 94 50 98 98 56 44 40 56 
79 96 84 62 38 84 27 86 85 54 55 78 34 80 12 37 88 63 91 17 43 50 70 17 27 27 39 36 26 35 86 78 54 33 46 16 98 7 28 41 51 25 78 98 83 61 97 93 71 63 49 70 22 27 0 89 31 21 91 8 60 64 11 20 83 22 7 3 84 52 67 5 81 83 86 67 33 26 30 30 89 24 47 22 6 55 66 99 3 60 22 55 82 47 70 93 65 12 22 53 92 53 60 32 36 65 55 5 89 62 84 55 97 8 17 58 32 44 6 12 3 68 20 33 72 39 7 69 23 77 64 62 61 25 17 47 77 72 11 21 78 11 49 79 69 74 78 57 76 32 80 69 56 29 58 38 7 49 69 20 90 68 41 88 85 5 45 73 2 82 43 54 4 19 37 70 57 91 8 37 94 76 70 42 9 34 77 23 66 57 47 72 39 15 81 78 22 82 29 13 67 12 31 84 39 38 41 63 96 64 5 22 7 39 31 62 59 44 0 89 21 60 0 70 15 93 81 90 87 71 61 57 77 74 94 67 6 78 96 2 32 15 34 98 62 55 24 23 82 57 64 19 94 32 85 64 61 27 48 20 26 51 73 89 1 62 39 8 45 38 82 23 17 34 69 96 21 77 23 26 74 46 25 63 93 50 47 31 21 96 81 2 97 91 44 92 60 9 34 61 36 63 75 55 96 52 21 64 17 48 86 82 54 66 31 52 8 87 66 56 11 40 0 12 3 95 12 48 62 6 63 12 90 48 33 75 83 68 92 84 50 36 78 87 30 6 71 85 13 46 80 65 36 65 5 27 89 62 91 21 10 8 37 72 90 5 57 56 35 60 24 84 47 57 33 3 50 96 1 53 75 10 27 34 79 5 90 60 8 50 85 3 95 94 7 29 79 61 97 77 
10 38 7 38 71 44 48 43 56 37 2 19 20 64 28 8 97 55 2 81 16 85 84 52 57 53 56 74 36 96 36 52 44 7 15 85 49 46 96 32 9 16 40 76 87 53 53 14 10 26 72 91 37 82 50 56 42 52 61 57 50 68 67 16 24 32 88 29 87 17 43 4 79 62 8 66 48 83 49 16 54 46 29 68 34 2 46 88 31 9 15 30 25 73 79 35 47 77 71 7 32 16 22 12 57 1 34 51 49 65 30 6 50 25 67 40 28 47 24 81 30 57 81 52 5 2 18 42 92 74 4 62 87 67 24 18 48 32 87 16 37 82 54 80 49 23 57 30 82 50 58 78 61 56 41 93 25 99 60 80 99 85 14 68 44 14 60 31 31 64 54 67 12 1 32 7 93 28 68 25 9 89 77 35 82 82 57 40 85 45 73 72 17 53 95 37 91 49 54 4 81 75 56 29 89 14 43 72 49 12 89 98 85 92 5 97 77 41 30 57 91 94 42 51 75 76 16 51 58 70 65 5 71 20 48 68 87 92 54 45 43 38 84 81 95 37 41 16 98 14 2 58 3 65 53 91 41 78 21 43 99 45 75 12 1 22 39 57 13 30 55 26 25 21 82 42 45 8 90 52 79 10 25 36 6 41 47 56 44 53 81 44 60 70 42 52 29 49 34 28 74 93 30 6 97 16 37 6 71 75 80 6 38 79 81 45 69 88 46 19 97 73 98 76 57 2 27 10 6 68 28 76 53 3 0 4 52 14 8 32 61 35 21 74 21 52 45 1 26 19 39 61 92 52 57 4 74 19 23 94 6 25 63 13 59 29 96 98 22 96 94 99 51 35 57 4 80 85 42 3 22 3 45 91 8 20 73 26 95 69 68 41 8 59 16 71 9 21 6 74 
1 19 1 54 32 59 90 11 58 7 89 92 56 94 57 88 30 43 65 81 73 5 60 6 9 72 68 6 27 95 71 9 39 34 5 44 99 4 59 32 19 74 25 94 1 56 50 71 67 30 69 59 47 88 51 74 54 32 25 26 54 92 9 76 0 77 24 86 22 77 1 87 12 30 88 86 83 34 41 80 21 57 50 36 70 92 32 64 6 67 53 19 69 78 81 57 97 59 72 56 56 58 6 42 20 38 52 30 53 92 38 95 70 53 88 50 57 57 19 10 55 44 71 19 41 69 38 30 81 65 25 46 47 51 77 28 39 50 23 50 67 57 36 44 7 30 9 62 98 94 72 55 5 47 7 63 69 87 9 0 73 4 84 8 93 23 65 9 13 5 75 75 54 39 26 80 47 6 96 44 65 54 43 2 45 11 32 77 62 78 2 54 43 44 8 25 34 43 94 55 2 52 23 4 85 24 28 38 88 47 80 97 19 41 44 42 15 78 20 5 69 71 79 42 54 86 97 94 92 43 31 55 39 52 79 57 28 70 93 17 13 62 46 11 88 88 99 5 54 77 91 47 86 92 89 98 66 48 42 91 62 12 96 13 73 92 34 20 48 56 65 17 15 92 21 42 30 54 53 33 42 10 80 12 6 3 68 79 99 33 54 60 47 60 87 4 75 64 20 36 2 73 99 65 81 14 85 60 11 30 44 16 98 13 19 38 80 2 50 38 20 91 59 49 75 89 90 72 38 22 45 60 45 35 93 25 29 96 55 9 95 58 17 78 91 2 61 77 84 94 80 46 4 47 18 63 36 28 53 62 39 52 57 7 59 66 64 78 43 83 76 90 84 58 3 85 47 78 16 53 76 54 74 15 66 4 17 39 5 74 99 19 50 2 99 17 76 87 21 79 
30 22 76 61 31 6 53 97 91 69 66 57 36 28 72 48 93 58 7 9 99 14 91 14 74 89 20 83 68 90 20 21 20 75 49 55 44 76 84 8 60 18 97 99 66 17 63 34 92 77 11 89 24 24 34 69 71 64 10 84 6 38 41 21 26 30 41 24 9 74 64 5 98 46 95 58 3 83 58 13 75 9 87 56 16 40 64 35 20 17 70 25 96 3 14 94 48 66 65 35 10 49 97 30 27 89 19 38 22 48 61 93 95 33 35 73 9 50 89 68 91 92 10 29 23 60 70 74 21 39 72 6 60 54 66 88 29 92 0 11 89 85 6 22 16 6 72 13 63 38 69 76 59 33 68 49 66 55 21 93 64 30 74 41 4 8 25 34 72 78 52 19 42 77 41 89 76 25 45 89 83 58 89 26 96 85 54 75 85 14 18 55 55 55 2 5 16 36 61 55 26 45 74 46 98 49 62 14 23 24 0 44 22 32 55 42 86 12 24 21 82 62 97 46 33 34 92 44 15 74 54 14 66 49 44 94 18 8 37 66 45 67 97 30 93 50 67 38 39 69 95 94 84 76 89 72 97 38 52 51 82 29 69 88 35 81 72 94 37 7 86 76 41 21 80 75 39 64 76 39 32 62 37 58 84 64 61 48 53 67 83 89 88 5 90 76 59 64 50 2 75 33 69 43 91 67 27 10 64 76 25 39 63 64 76 51 40 82 63 65 95 10 92 83 57 75 75 18 92 88 62 71 13 66 2 45 70 39 24 24 8 32 40 19 36 63 25 79 87 22 45 38 31 52 69 8 47 4 14 45 23 90 29 0 2 79 9 78 81 54 53 34 61 8 60 37 60 70 57 48 20 79 73 36 93 41 82 93 10 12 62 68 31 42 12 38 18 4 37 58 
4 68 46 34 7 31 37 50 32 58 30 28 79 3 10 47 34 38 66 13 24 69 3 88 41 98 6 98 33 40 27 68 9 46 29 17 56 49 17 93 13 40 7 66 71 37 40 49 88 60 98 78 67 31 46 83 41 67 89 73 58 30 13 30 0 87 71 93 67 38 75 17 60 29 68 98 30 76 9 20 78 95 25 28 7 66 58 12 47 74 67 89 10 68 85 3 11 68 32 99 89 68 26 39 48 36 66 56 33 20 49 63 83 97 6 83 92 91 82 21 22 18 23 47 98 46 27 25 11 64 64 44 91 38 91 18 50 61 98 66 34 0 39 78 39 58 79 78 36 26 37 27 91 72 10 87 81 29 49 72 64 94 25 58 83 25 24 85 8 79 22 18 66 8 53 48 45 99 73 53 66 67 95 14 15 97 91 42 55 61 55 76 32 78 79 85 60 74 94 66 2 68 1 13 64 44 62 93 1 95 37 36 91 46 81 11 78 45 51 88 24 69 3 39 19 84 81 43 26 37 83 93 52 91 3 50 1 3 52 66 0 7 48 1 98 67 3 12 77 79 88 11 46 42 97 2 80 30 62 73 1 42 82 42 35 28 46 96 17 61 14 40 75 2 68 64 65 78 15 37 25 87 17 96 15 4 63 28 88 90 3 26 58 64 94 83 85 88 40 37 36 61 43 89 40 67 60 50 87 0 18 10 20 36 43 52 39 81 92 99 70 10 91 78 0 54 13 8 58 95 26 70 52 20 98 14 96 28 90 3 16 6 3 55 5 49 35 55 19 69 36 24 17 57 61 58 3 96 3 33 23 81 93 96 42 57 55 21 53 78 22 19 34 64 42 7 72 48 69 22 22 59 71 69 99 92 20 23 14 29 63 39 33 14 48 8 79 64 76 15 
66 26 42 85 75 84 16 4 48 2 91 76 39 7 35 78 69 94 61 18 30 39 92 67 72 50 14 93 96 11 1 63 12 62 54 23 8 60 85 36 65 29 1 59 64 64 46 38 67 55 61 78 82 3 30 10 26 30 88 18 0 24 80 98 4 39 40 40 92 35 84 39 55 33 10 50 88 14 55 60 39 15 89 66 64 1 23 52 96 10 12 42 5 78 34 49 92 72 44 29 69 59 41 42 45 56 53 28 29 17 31 83 25 1 66 2 37 26 51 73 61 59 94 95 3 9 63 67 92 71 43 39 26 13 90 98 34 20 59 30 36 37 6 60 0 84 69 90 15 69 86 9 32 72 27 33 75 75 82 18 49 5 9 15 25 42 78 79 56 85 53 24 15 80 11 32 38 42 23 10 73 48 52 86 70 66 45 79 55 95 95 28 52 59 25 34 76 54 22 39 68 68 97 34 39 71 20 43 58 79 50 57 5 10 90 22 5 17 17 94 34 24 37 59 73 72 74 15 74 57 49 59 12 76 56 33 15 45 44 38 51 22 80 21 43 90 8 55 53 92 50 54 34 77 96 43 96 18 25 80 98 39 24 90 13 13 5 0 39 71 89 65 95 88 84 92 19 29 79 24 13 93 98 66 5 73 82 20 53 47 58 59 84 83 76 92 91 74 12 78 99 6 52 48 87 74 77 12 69 40 9 52 22 98 91 71 50 11 6 45 47 34 85 21 43 69 40 58 25 18 12 65 32 1 62 40 57 58 35 37 39 19 52 34 12 7 46 76 91 42 53 33 82 39 44 35 12 94 88 47 62 80 47 88 56 4 66 40 61 27 13 32 44 97 56 61 63 7 12 86 63 75 85 36 21 35 24 46 13 55 16 99 3 43 42 70 50 74 89 64 
7 0 6 95 87 59 22 39 2 37 3 12 59 89 64 82 62 60 57 45 41 5 1 42 4 40 59 59 21 36 30 8 43 86 56 80 4 18 74 61 63 78 24 3 79 71 72 15 25 48 0 35 83 76 25 46 93 27 59 62 10 14 58 23 53 68 75 97 23 70 20 92 20 80 9 55 61 12 66 73 98 67 63 36 82 67 9 63 31 16 93 41 45 82 96 83 90 11 53 60 15 53 49 24 85 47 89 37 77 32 1 20 40 50 37 9 1 76 27 8 19 88 61 85 58 13 12 44 83 71 17 11 87 9 39 23 39 62 6 4 34 71 91 77 42 64 82 93 98 41 55 71 82 68 82 22 12 73 68 72 80 22 5 88 92 61 23 19 40 50 95 74 74 9 95 79 93 13 40 58 17 5 61 95 13 33 85 13 72 14 33 30 34 84 31 82 66 86 40 12 25 70 17 43 48 67 54 63 2 35 83 99 91 7 70 43 71 91 0 55 12 98 88 23 25 10 54 65 63 2 69 72 56 27 36 64 98 40 77 97 47 96 74 98 20 29 36 17 35 26 91 25 96 45 22 11 9 46 91 51 48 29 60 87 53 65 14 49 95 35 30 34 93 18 80 98 17 96 13 2 32 95 56 54 80 34 53 41 78 53 25 99 21 57 63 4 41 44 28 68 76 34 97 10 58 85 13 34 26 93 71 88 1 10 15 35 44 89 83 58 5 9 6 5 13 68 32 37 62 66 3 42 84 27 74 61 43 16 13 72 74 30 15 63 50 23 57 74 53 45 31 42 52 79 23 84 28 57 1 60 29 74 9 49 71 57 6 58 96 98 46 53 0 63 35 76 32 57 7 49 48 33 59 71 13 42 25 39 71 49 97 15 51 66 69 40 29 39 36 40 
46 2 45 80 25 50 62 95 67 85 77 13 34 43 6 74 3 99 12 35 83 23 30 39 15 6 79 22 98 98 5 7 32 25 77 59 4 57 28 4 68 35 89 37 72 84 89 1 36 21 97 93 13 23 22 69 63 49 21 0 76 91 83 64 91 44 15 3 3 20 55 7 82 98 52 25 31 12 4 84 99 76 33 95 25 81 91 94 27 89 58 30 73 42 28 51 95 3 36 37 46 9 60 18 32 20 87 18 75 77 29 77 95 9 45 11 66 22 21 60 12 58 11 2 71 0 15 4 92 78 50 13 26 27 80 67 52 4 75 19 69 68 10 50 2 22 32 78 69 26 90 36 70 47 49 37 61 9 52 32 10 34 45 38 34 63 79 73 39 23 92 3 64 28 19 80 34 63 12 28 77 60 69 52 12 25 2 44 78 0 82 49 7 21 83 76 47 70 89 89 59 8 6 97 56 33 51 92 43 36 88 35 67 39 36 89 56 59 66 46 24 2 40 73 75 38 61 75 88 49 91 53 72 70 87 70 82 54 91 9 70 14 32 64 15 80 95 49 9 39 10 12 64 28 34 69 82 58 96 21 18 9 25 75 74 78 40 81 30 16 3 8 46 58 44 7 85 35 9 54 54 27 36 91 92 1 63 77 74 62 27 90 72 45 31 39 41 85 64 79 87 36 72 58 22 53 25 14 56 38 28 13 12 71 22 18 32 64 12 45 18 41 18 80 62 81 7 37 34 23 35 68 99 76 23 36 87 36 44 37 77 23 61 88 64 75 8 81 73 93 33 44 77 60 6 21 48 91 81 95 54 60 6 73 74 53 58 20 30 19 76 30 24 46 41 50 86 68 1 38 63 27 56 12 97 81 39 26 74 68 49 13 79 92 30 54 20 5 75 44 
20 41 39 29 22 96 26 4 32 61 81 4 55 84 87 96 10 27 64 35 31 99 21 34 65 73 52 9 98 17 47 71 59 70 48 94 77 98 56 98 32 61 85 32 95 65 76 6 55 9 82 13 24 53 31 21 85 12 69 40 92 86 96 23 35 86 1 50 6 82 24 69 40 63 30 50 35 64 47 80 46 24 51 50 43 84 7 84 13 88 87 34 86 16 72 88 57 70 25 17 37 29 83 0 41 40 7 31 9 78 55 91 8 22 42 66 8 97 41 32 99 78 69 73 71 89 87 74 49 55 22 77 81 86 83 62 64 57 1 22 4 18 86 80 88 11 25 65 5 88 31 47 53 46 50 77 3 19 53 84 25 75 1 6 18 96 91 51 6 42 75 24 87 2 18 21 63 80 79 75 16 23 1 60 68 11 35 20 79 39 7 66 59 28 59 88 7 5 96 3 94 49 25 51 17 64 43 8 81 18 28 81 8 46 97 53 37 86 25 77 90 35 32 95 58 38 56 80 38 68 92 53 71 85 16 84 21 49 17 18 82 9 24 55 70 40 84 71 15 17 69 57 78 62 93 24 23 77 80 89 51 89 54 56 37 48 30 40 99 98 39 91 48 17 4 49 55 60 90 97 37 30 38 75 42 14 63 24 80 77 96 58 39 30 54 18 15 44 89 84 77 18 43 67 95 47 3 10 8 90 82 11 15 13 59 43 1 70 18 54 15 18 55 35 68 70 78 61 76 99 70 61 61 11 92 18 35 22 62 20 69 7 12 14 33 56 26 80 14 92 93 1 9 10 88 3 2 51 47 90 13 57 87 93 24 96 81 95 51 88 68 87 61 11 56 87 84 40 63 60 29 92 20 24 11 82 21 52 82 55 70 74 8 51 12 68 52 45 58 72 
68 4 65 90 4 86 57 85 7 68 98 55 70 76 63 60 56 9 0 0 57 24 93 22 17 26 70 25 59 71 50 93 36 73 45 10 4 69 20 78 81 40 2 60 61 60 65 6 58 19 26 7 24 13 66 41 73 33 80 37 87 45 79 95 19 46 98 62 46 62 5 23 90 27 12 91 74 10 97 13 62 19 39 71 5 57 2 23 46 3 1 41 23 86 27 21 44 78 3 80 44 51 92 48 84 48 17 89 2 17 6 80 2 51 55 33 92 34 39 99 19 52 94 90 65 20 40 78 55 77 26 33 97 51 26 2 93 32 96 44 70 66 11 9 68 54 25 83 3 18 96 79 1 23 32 24 74 54 39 37 35 77 21 74 51 18 27 79 99 49 64 16 81 13 1 67 44 81 91 37 58 23 41 13 65 36 41 42 54 85 70 97 99 3 1 11 36 46 19 80 22 12 17 7 46 33 42 79 56 10 90 47 68 99 93 19 55 91 41 45 7 27 14 28 17 64 10 31 82 37 50 0 21 62 35 65 67 58 69 66 84 25 6 32 99 81 61 74 70 86 86 26 55 34 23 51 97 63 34 39 28 36 32 70 6 55 14 50 69 55 67 17 4 18 59 60 38 86 46 13 83 73 96 3 92 10 51 28 66 2 22 52 63 95 70 29 4 75 54 91 51 6 76 46 28 43 12 77 86 56 77 79 41 39 5 31 12 64 1 92 0 84 4 78 90 55 53 63 51 7 17 17 75 3 93 73 59 54 34 99 67 65 94 6 84 60 64 7 60 43 81 73 57 77 70 49 57 35 73 92 11 31 0 77 24 81 86 77 5 46 11 97 38 80 40 2 84 79 21 1 29 1 31 98 34 53 10 56 14 8 59 24 18 86 66 17 77 16 28 69 
3 74 94 53 7 84 95 45 13 50 47 83 69 76 93 7 65 37 53 65 69 4 19 94 55 87 79 7 56 6 35 67 25 0 55 91 33 74 91 23 94 20 50 43 17 80 74 11 18 0 59 27 62 28 66 25 16 92 81 30 87 84 3 9 45 7 36 96 84 62 44 1 44 16 14 23 69 86 32 24 81 36 66 71 20 55 45 3 68 28 89 73 71 29 88 87 70 87 77 18 60 95 49 32 96 59 81 56 46 29 28 61 13 65 71 85 74 38 25 13 29 8 9 97 26 47 92 49 75 56 33 29 16 3 79 28 24 34 76 58 41 22 8 98 20 1 24 42 66 16 71 85 26 33 47 80 0 40 6 46 85 32 6 67 75 55 98 29 77 0 1 31 46 11 94 82 33 17 99 21 47 22 81 35 8 3 35 58 99 70 53 60 24 30 96 30 14 25 46 31 37 9 7 71 47 1 63 23 98 89 95 54 42 63 68 69 51 88 75 84 98 84 48 83 69 67 50 60 10 41 65 7 31 56 10 86 18 33 20 55 17 97 52 25 83 33 85 76 40 78 40 42 72 51 65 22 26 22 27 66 92 24 80 25 59 19 31 2 4 37 64 78 89 26 65 62 79 36 2 64 84 17 65 12 20 62 35 5 32 94 20 16 74 83 62 99 96 93 40 64 47 89 68 34 4 97 82 35 71 54 71 52 55 3 89 19 70 22 7 64 81 35 72 44 49 11 70 85 64 13 60 83 6 99 29 1 13 2 4 45 81 79 45 18 96 89 62 96 41 29 5 95 3 3 66 6 21 0 73 68 77 58 15 40 27 76 60 11 49 25 74 89 61 37 6 28 97 9 28 79 36 64 8 50 26 64 80 5 84 79 42 54 67 9 39 53 68 43 28 45 
91 39 66 51 0 90 64 61 36 69 88 85 58 45 91 42 91 69 70 11 37 50 53 30 25 55 37 28 22 54 94 6 6 14 43 30 14 14 39 74 77 20 80 69 5 54 56 52 64 0 9 53 36 31 0 91 9 27 49 82 63 54 61 79 82 47 40 99 76 21 46 57 28 95 93 24 64 88 89 77 61 13 60 35 62 64 79 63 39 69 71 46 15 58 32 77 44 56 86 7 42 89 86 37 19 92 45 60 23 37 89 77 51 12 33 95 93 37 85 8 60 91 85 71 59 13 58 68 56 43 60 73 49 32 44 9 2 90 55 81 26 27 44 13 20 12 63 37 12 22 41 14 19 25 79 93 44 63 36 93 97 24 61 16 21 69 65 81 74 94 18 52 66 12 55 48 49 92 30 15 67 21 42 84 91 27 27 99 52 3 14 95 45 94 33 82 46 94 28 76 67 63 61 73 62 31 53 80 26 82 92 27 15 15 51 67 69 22 60 82 92 40 8 0 98 21 58 8 2 49 99 1 60 98 94 64 37 48 15 7 72 68 70 12 15 65 12 40 7 76 88 84 49 90 61 24 61 62 45 64 2 68 26 69 59 9 43 72 76 23 97 46 6 42 78 83 60 24 45 27 39 11 89 61 67 21 62 83 74 16 83 22 15 17 28 90 51 29 72 92 47 17 44 66 80 41 53 32 40 43 31 58 33 93 32 79 21 86 19 46 33 85 55 9 18 67 18 81 65 93 81 5 16 55 49 35 13 83 2 38 37 9 41 4 27 35 20 39 96 16 9 10 3 52 72 32 79 98 98 27 27 12 7 15 45 4 96 72 84 58 16 42 21 73 38 28 26 78 75 66 74 37 37 87 58 88 54 27 81 41 66 5 40 39 79 35 64 7 77 39 
25 22 47 19 47 66 5 3 42 68 60 71 61 47 78 9 92 28 38 8 63 96 35 59 76 40 92 24 60 86 0 87 37 29 23 10 65 89 60 85 47 66 25 52 4 32 72 8 18 21 30 97 32 55 12 0 98 20 34 41 26 61 64 19 44 58 25 12 30 81 23 48 27 4 12 31 86 2 38 73 91 93 24 19 15 36 74 9 68 8 74 9 54 27 87 61 54 17 59 25 83 4 3 99 44 66 48 68 76 96 64 99 20 33 81 51 86 83 4 91 20 68 20 96 47 89 39 5 55 80 41 99 53 24 50 43 53 47 87 88 3 24 67 5 98 14 78 44 20 52 19 66 58 17 96 36 51 37 71 80 12 20 66 18 61 99 82 59 45 76 38 57 17 22 97 75 87 2 48 39 67 70 63 91 49 56 57 43 41 70 3 38 90 21 23 84 7 51 8 44 46 25 19 21 19 40 8 99 51 29 16 25 7 91 32 82 8 38 10 75 85 85 94 35 44 10 81 28 31 12 92 17 48 43 98 0 39 6 40 5 99 55 42 48 70 29 14 99 39 71 45 22 97 61 59 1 83 34 15 93 27 60 55 63 18 67 4 82 57 64 33 14 73 3 31 19 89 50 84 32 34 95 53 77 78 62 91 81 91 44 50 97 17 63 66 56 69 8 91 86 26 5 12 70 89 89 23 50 14 68 73 85 70 48 51 30 11 11 53 86 75 79 39 78 33 11 8 39 56 87 85 78 54 57 98 10 26 84 40 69 28 49 98 78 98 13 97 88 9 51 32 30 35 80 92 0 75 77 47 28 76 85 86 95 34 52 24 43 47 90 37 60 26 52 29 1 29 15 78 92 42 88 55 38 69 79 91 41 5 83 57 75 39 1 91 39 31 72 8 89 
34 36 40 60 21 39 13 11 23 36 35 77 69 59 36 13 96 16 70 30 74 26 44 99 29 70 26 27 48 13 85 94 25 78 87 17 32 28 4 14 49 57 90 80 86 88 11 63 15 48 91 16 76 64 19 21 46 27 83 87 69 50 8 96 82 10 41 6 38 23 73 39 72 40 24 8 70 75 64 87 34 56 47 21 70 73 19 86 47 88 55 0 74 47 0 92 60 11 74 88 60 21 71 3 3 99 9 44 67 95 68 72 43 77 29 88 24 69 22 18 49 74 41 56 2 28 21 50 69 80 57 76 34 38 7 90 91 25 16 13 24 33 7 50 42 39 79 26 41 29 58 18 95 46 4 11 39 4 49 4 34 31 87 39 63 41 61 78 45 74 41 50 39 90 99 49 54 0 28 75 67 85 18 7 78 46 40 46 23 63 28 2 48 80 88 75 50 96 42 7 63 50 41 86 29 77 34 18 50 9 73 86 82 66 2 80 46 68 6 69 59 23 93 77 40 69 46 22 34 11 22 61 92 76 67 40 74 43 47 10 44 56 14 1 79 82 3 92 86 30 36 96 99 67 29 94 92 22 96 77 84 82 44 27 84 9 47 92 32 94 62 98 84 29 64 2 28 60 67 7 25 16 12 72 22 11 6 24 26 86 44 49 94 13 93 44 20 4 3 12 67 67 67 41 48 1 53 63 18 57 45 42 43 63 55 4 47 90 23 55 80 30 14 86 85 70 96 57 41 36 54 5 79 32 67 69 42 6 92 87 37 19 29 19 74 28 63 80 74 31 25 61 79 91 37 58 53 29 49 75 23 21 21 38 85 28 41 28 33 56 78 15 3 51 8 35 54 20 90 62 37 28 83 89 65 95 14 42 65 55 84 34 80 51 46 95 30 44 90 50 
31 75 21 1 38 94 73 12 83 8 17 15 99 48 10 99 33 10 31 44 13 90 26 41 81 48 51 85 62 11 96 25 71 84 28 69 41 43 88 9 42 65 87 52 58 4 15 60 1 26 10 82 23 40 2 95 73 25 0 47 38 23 7 1 77 98 81 53 63 97 33 8 30 74 25 81 30 92 0 88 28 99 96 54 97 62 48 22 75 44 96 38 5 65 28 47 87 71 61 10 39 83 3 49 66 54 86 99 83 78 37 35 40 30 44 96 68 58 75 89 66 21 30 85 22 60 92 60 39 35 30 39 9 22 8 6 52 28 90 80 33 38 28 80 69 91 16 46 39 60 62 73 85 96 64 72 99 18 39 50 16 73 20 61 6 36 28 8 90 60 93 75 59 87 83 86 46 52 88 22 25 51 3 91 88 55 35 32 18 17 2 34 21 35 45 48 9 61 35 65 31 68 26 66 88 65 31 93 56 22 1 32 91 10 6 51 11 76 82 38 61 3 51 48 23 71 81 2 15 7 53 23 71 30 20 86 27 55 29 22 84 63 82 25 57 52 79 42 69 79 84 20 46 11 99 70 81 7 54 65 97 75 37 91 85 60 11 7 78 12 33 18 37 12 93 85 13 35 37 28 62 65 8 18 2 13 54 71 33 70 54 90 41 87 13 40 56 31 60 45 71 23 50 12 32 9 9 24 74 91 1 60 64 5 18 56 3 41 11 34 19 61 44 23 12 14 25 8 47 41 74 9 19 53 50 63 17 25 0 82 8 45 1 99 25 93 22 71 61 20 87 27 30 72 12 69 13 48 4 43 79 74 57 33 88 85 89 66 74 1 29 40 16 2 31 62 53 69 24 70 95 63 34 17 5 82 6 1 84 85 52 83 33 98 69 8 91 73 98 72 
91 47 99 60 34 43 93 44 70 55 63 69 32 81 33 6 84 46 35 12 9 14 64 83 0 43 99 96 2 3 97 32 92 98 33 82 19 26 55 52 17 69 52 57 82 78 20 13 6 16 10 14 7 28 10 69 33 95 59 43 47 23 99 14 87 21 15 21 72 93 2 13 43 42 90 94 26 58 67 11 68 12 73 33 40 58 61 85 38 80 11 68 67 86 8 35 7 50 47 27 94 81 47 56 93 25 46 69 45 88 66 43 19 16 59 95 20 85 29 25 82 14 53 98 84 13 38 8 34 58 36 35 95 41 76 52 19 83 32 28 46 37 7 20 86 86 51 67 54 44 83 30 36 95 73 8 6 9 55 31 36 79 21 60 71 52 89 97 13 6 62 5 39 82 3 37 25 80 67 76 60 70 84 48 29 63 45 6 48 76 56 49 91 17 60 73 10 52 65 49 4 95 32 62 79 77 9 70 89 0 16 77 33 28 48 25 70 14 78 56 42 96 92 37 48 90 60 73 82 1 89 18 73 49 34 53 61 81 53 59 82 8 49 33 69 10 87 45 55 41 38 95 19 5 61 90 50 40 32 89 85 60 24 11 5 59 51 54 38 6 36 30 61 64 27 53 76 2 76 20 43 3 5 34 23 1 38 41 9 2 94 10 9 73 9 50 70 42 83 76 2 74 12 56 72 8 13 47 63 37 43 65 80 7 63 23 66 37 74 9 7 80 45 33 11 83 46 25 14 73 31 9 42 4 37 54 90 31 94 13 67 67 32 64 49 48 65 48 0 73 15 8 11 69 31 72 78 8 91 82 16 66 35 22 31 31 34 58 23 26 54 23 22 11 93 18 85 31 33 46 38 43 83 87 13 49 42 5 50 63 15 11 19 21 68 49 51 80 56 18 
97 79 83 94 27 80 90 78 14 12 7 33 84 13 88 63 74 76 49 83 3 37 34 70 59 20 44 0 60 18 3 52 78 38 69 44 47 18 95 23 79 9 33 27 19 42 61 1 63 66 35 92 73 90 96 64 8 18 91 9 69 92 83 39 34 72 73 71 51 88 68 50 20 93 94 64 40 50 10 93 25 49 30 27 17 75 97 4 61 93 74 28 59 14 26 12 45 80 3 89 37 6 80 89 48 55 16 9 40 95 79 39 38 40 93 52 75 13 86 13 54 70 27 38 57 14 5 14 50 68 60 41 85 91 75 25 25 12 26 33 90 86 97 38 23 75 5 71 97 51 46 59 86 51 60 30 33 84 77 23 18 3 45 50 5 95 34 20 53 74 30 82 3 40 15 55 60 16 62 57 69 81 23 72 31 79 39 98 10 30 99 66 98 39 13 76 31 93 81 80 91 68 20 46 19 35 0 10 98 38 90 66 92 7 41 12 5 99 99 72 32 42 19 47 3 72 1 6 16 73 91 26 91 79 19 34 74 14 13 24 81 36 89 69 0 35 58 56 62 37 1 74 16 75 73 3 22 8 0 87 31 40 63 76 53 80 71 90 13 5 14 32 73 5 30 28 14 87 32 97 43 5 72 97 2 82 23 84 61 7 50 22 5 57 16 89 20 50 81 65 65 87 75 64 41 19 38 63 28 74 80 20 40 42 13 7 7 48 10 96 0 55 18 18 2 62 83 70 88 55 90 42 58 23 60 76 0 3 97 48 19 1 13 8 77 93 87 40 81 31 14 22 98 20 76 25 46 0 62 26 85 72 53 28 77 5 44 9 43 37 89 42 70 3 37 16 84 65 12 89 45 33 62 91 60 99 28 53 46 61 50 70 39 44 95 13 85 53 37 68 
59 31 2 60 47 17 35 78 52 79 64 45 7 39 99 36 29 14 64 83 26 11 50 7 84 55 18 47 20 77 92 42 39 62 43 57 37 59 96 41 27 20 62 77 8 28 13 92 47 74 81 56 9 19 75 86 88 66 77 13 88 51 84 7 1 59 69 23 41 87 55 41 68 46 39 19 38 74 42 28 97 82 81 57 96 6 83 31 40 70 19 4 90 36 4 43 70 13 30 21 76 5 74 49 54 9 2 7 66 59 92 47 69 93 30 48 75 9 11 45 36 55 21 69 93 82 18 83 35 17 96 47 52 40 76 94 6 81 56 95 13 18 25 97 93 12 51 32 8 95 68 74 16 73 57 94 73 4 62 71 37 51 2 38 95 52 48 98 32 2 81 66 57 27 34 86 68 73 71 92 80 54 2 48 82 88 69 23 48 35 27 59 90 2 7 78 24 71 5 49 24 69 9 23 80 50 80 94 56 83 16 59 87 68 88 11 45 21 47 10 56 84 47 2 25 89 57 68 50 70 50 33 98 80 84 48 44 20 85 40 52 0 43 19 69 82 77 16 67 36 5 76 37 54 46 8 52 68 20 51 62 59 45 99 67 55 82 2 44 19 86 38 89 77 56 26 23 94 50 70 42 27 60 21 81 18 64 97 81 88 30 10 50 30 6 80 59 51 33 5 3 73 84 43 68 96 23 0 87 61 3 58 50 52 38 40 56 49 14 3 5 78 8 16 51 86 36 46 19 57 84 39 41 66 78 37 44 59 3 11 14 33 99 79 23 23 89 75 50 80 1 85 1 40 89 39 64 3 40 41 51 50 98 41 41 50 31 48 31 43 74 91 88 19 37 53 19 87 47 42 30 88 95 20 24 20 69 67 38 89 51 85 80 78 65 88 4 73 42 94 
12 92 30 16 6 94 38 28 9 81 52 45 54 56 68 20 97 62 48 83 16 96 0 14 28 26 35 97 50 41 98 98 88 70 75 48 47 69 20 25 61 15 76 88 51 52 5 80 92 63 37 52 69 56 10 91 74 40 68 39 61 39 37 81 69 8 9 9 97 95 66 85 4 6 69 23 26 72 42 91 51 61 82 96 83 59 25 12 19 82 18 83 61 78 68 47 87 96 59 4 93 39 55 5 53 15 53 27 68 13 16 74 23 94 34 1 56 71 64 54 96 57 29 73 38 43 65 93 89 2 11 35 1 25 42 72 77 4 86 50 4 89 46 49 83 28 77 50 59 8 0 6 46 20 36 42 64 38 15 97 0 87 9 94 42 51 11 94 84 97 62 90 58 91 32 12 8 83 72 2 86 6 65 82 98 57 91 48 62 20 32 40 57 80 50 66 30 18 46 67 95 81 78 44 49 20 52 96 7 61 59 77 42 35 26 16 65 4 82 43 69 28 94 16 80 14 5 24 14 86 33 30 26 4 51 86 47 39 82 81 78 38 40 74 53 36 63 21 93 78 94 5 39 70 12 63 58 49 97 48 68 37 12 93 17 57 93 76 83 10 83 65 40 26 91 43 52 36 26 47 76 37 73 15 8 62 63 79 61 77 91 69 92 70 7 40 74 75 42 83 65 75 53 80 16 70 7 89 53 45 71 60 28 60 9 75 30 86 18 77 8 78 96 14 42 81 98 56 7 54 20 87 85 50 65 30 53 56 72 9 83 45 13 96 14 4 6 47 36 55 92 34 18 18 72 75 47 94 75 84 18 67 18 5 47 97 14 29 68 34 24 43 95 62 7 0 37 29 76 58 86 41 43 17 84 35 98 67 63 62 40 68 27 27 48 18 51 62 46 55 
66 35 55 81 43 27 85 12 85 31 13 39 19 74 82 86 58 18 27 77 98 17 75 31 87 73 42 64 52 84 79 8 69 99 94 14 7 17 43 92 54 79 15 84 0 34 94 73 39 54 37 30 34 19 86 8 21 56 92 24 83 57 63 96 39 73 46 15 61 88 67 30 49 77 84 65 51 13 49 48 88 16 21 35 12 93 8 89 10 47 88 66 9 57 43 73 7 76 69 89 25 62 48 30 79 89 98 25 72 4 60 84 38 96 69 97 98 59 11 92 93 42 7 8 55 6 18 72 29 45 88 70 58 44 72 60 97 52 35 38 97 51 71 43 11 89 95 35 52 68 5 71 90 2 36 62 90 53 65 28 1 21 28 28 20 17 43 80 68 64 65 22 0 10 58 31 20 31 89 83 77 93 84 39 16 48 83 1 83 38 17 34 5 12 75 58 61 32 69 86 69 36 38 88 51 10 21 0 13 54 97 42 70 43 79 0 63 85 15 36 7 85 12 29 41 4 87 34 81 9 20 50 29 21 80 20 39 11 43 39 65 57 42 47 27 75 14 2 48 8 67 37 61 25 62 59 60 67 76 35 77 72 56 69 3 79 11 25 28 52 95 81 43 43 53 91 41 43 36 8 44 13 71 86 87 78 94 38 88 19 70 88 46 81 16 32 84 26 37 99 7 42 53 3 96 16 71 91 8 55 16 92 20 34 85 89 53 99 57 31 81 20 66 63 74 86 98 99 25 42 59 46 85 85 58 33 38 50 6 85 46 24 99 41 22 39 90 97 53 81 69 66 70 87 13 68 37 48 63 22 8 66 2 30 62 36 50 64 78 27 13 91 4 52 37 48 27 73 36 43 82 19 95 72 49 34 53 54 51 1 47 29 34 6 16 60 7 57 93 9 
98 5 60 26 43 33 17 74 29 21 12 27 25 84 83 46 83 71 65 21 25 16 42 77 8 60 50 71 66 85 18 96 92 52 23 54 7 34 47 52 31 0 12 11 60 32 79 68 43 24 43 13 0 12 1 47 71 84 63 62 42 28 2 9 0 43 43 39 23 79 10 18 94 11 22 22 31 95 27 8 3 39 84 74 92 60 43 73 87 47 26 50 80 76 61 84 84 72 15 56 83 10 28 95 78 24 93 84 22 87 9 40 88 2 60 53 24 19 66 9 5 59 6 64 72 11 80 87 48 40 84 85 15 37 15 91 9 65 22 86 20 98 35 76 35 1 60 5 31 72 84 1 12 72 98 86 87 87 88 45 62 28 73 50 13 43 50 7 81 50 99 18 6 11 87 94 5 24 5 10 93 75 6 51 43 2 82 59 65 37 85 56 52 25 37 23 98 51 28 33 90 15 77 41 96 10 89 6 25 74 47 4 72 36 50 77 58 88 70 65 44 35 84 66 64 40 16 26 33 38 50 57 82 51 65 27 65 95 75 28 86 93 24 78 54 9 98 80 65 80 48 41 22 46 13 33 39 73 34 58 26 73 70 98 57 84 29 25 20 64 80 96 94 21 23 95 25 57 93 86 89 3 66 81 19 20 15 4 58 55 68 99 10 21 91 32 57 60 21 45 57 23 82 83 71 29 40 20 4 17 75 29 86 91 19 40 8 68 4 97 53 53 4 98 61 23 40 52 16 63 53 89 61 34 38 12 14 16 40 94 50 98 29 32 18 51 66 15 72 37 13 90 64 80 13 42 83 79 21 31 36 43 86 39 20 54 78 19 72 80 80 17 4 17 5 10 11 50 69 57 96 31 71 37 95 12 68 32 36 97 1 20 71 0 70 2 9 6 74 71 
20 54 84 13 21 26 82 46 11 40 46 69 79 43 90 56 84 80 43 61 30 29 31 94 92 19 89 94 31 14 78 70 33 44 94 82 28 34 70 55 0 0 73 20 29 96 16 40 53 49 83 98 3 48 10 72 14 41 96 94 9 62 38 39 46 89 54 50 73 95 39 26 89 16 16 83 74 61 50 12 72 14 10 59 4 31 15 3 12 70 32 62 96 41 5 66 4 13 16 55 32 3 71 84 18 7 97 93 58 29 18 11 2 15 98 57 13 34 44 99 46 37 79 3 35 39 38 45 25 12 55 61 70 75 85 79 26 35 77 33 4 4 81 15 87 37 89 49 86 12 88 43 68 63 89 30 41 15 55 72 17 1 58 43 13 70 4 13 17 74 54 26 48 22 78 17 27 49 11 68 11 61 17 8 31 49 82 64 23 96 80 85 65 52 79 89 68 11 77 68 85 60 29 69 11 17 34 60 65 18 18 51 58 17 46 64 75 68 66 97 61 3 11 87 15 75 34 77 26 1 75 56 74 49 96 70 85 11 38 35 90 33 64 37 63 13 80 37 22 76 99 20 71 67 98 5 4 66 67 23 14 97 79 15 45 70 18 7 24 67 74 89 57 27 43 81 58 78 26 3 75 61 8 54 27 11 74 29 45 72 41 13 27 22 42 16 70 17 41 52 40 7 14 10 24 46 19 93 82 70 16 2 56 18 66 16 23 94 29 38 65 70 65 66 25 26 81 84 11 48 63 29 69 3 94 27 8 75 54 88 54 86 20 46 35 77 51 34 38 7 57 44 8 56 57 33 64 2 72 97 4 28 15 9 22 61 57 8 4 56 18 69 40 99 93 78 46 28 48 71 85 31 82 22 34 77 50 88 23 60 50 31 77 20 56 12 75 3 47 90 
87 57 14 1 32 82 41 19 93 87 81 20 7 77 7 36 33 30 97 30 52 18 77 19 92 20 18 8 80 9 87 31 65 34 16 7 98 69 51 61 97 39 38 0 22 59 48 92 12 32 37 63 77 39 10 90 1 46 38 79 40 32 58 91 83 62 49 9 27 48 13 23 21 32 89 31 18 30 57 58 9 13 50 38 95 41 27 36 24 29 10 32 70 81 6 29 48 68 49 26 98 47 41 82 6 17 44 51 7 45 0 47 19 28 92 59 79 31 0 68 3 21 43 83 19 14 18 52 77 89 26 94 25 10 80 60 25 17 97 28 51 17 17 87 62 90 66 71 82 73 21 4 91 58 88 93 88 73 21 14 76 26 31 96 38 12 44 47 18 99 57 49 12 82 7 17 43 8 62 35 81 95 24 25 58 78 41 64 45 88 58 67 34 61 2 30 92 96 81 86 58 72 80 4 11 63 31 37 95 96 67 80 75 15 92 66 10 43 80 25 99 64 62 28 95 18 42 14 49 88 7 85 70 99 3 55 84 71 43 40 44 73 16 18 15 27 24 92 46 58 29 11 66 56 60 70 41 29 13 54 4 0 84 19 62 29 96 69 81 19 33 32 1 17 96 3 49 90 99 24 48 0 40 27 99 37 93 11 70 84 60 66 16 87 97 14 28 45 0 40 35 11 36 90 50 61 91 72 0 48 18 86 69 40 56 98 44 44 95 67 51 13 69 35 99 31 0 38 55 0 9 18 19 9 54 35 21 1 69 62 70 49 77 30 19 6 92 3 44 85 0 39 22 44 79 61 18 82 35 29 41 71 18 53 82 78 0 44 28 53 68 55 19 61 80 5 31 97 51 28 57 44 76 84 3 1 17 32 49 53 96 52 80 35 53 6 75 72 52 83 
27 18 88 48 97 25 48 39 55 70 52 64 56 99 4 65 44 45 49 86 60 36 8 94 14 96 33 2 68 25 38 65 81 46 19 58 32 6 90 27 78 42 28 35 88 69 14 86 53 88 14 92 9 19 62 94 62 15 16 26 2 38 84 93 24 55 85 97 67 75 87 62 10 77 29 76 15 30 60 30 62 98 5 19 80 36 78 71 58 20 79 3 81 82 99 95 13 7 8 57 30 92 22 22 69 1 98 10 95 2 64 95 9 61 20 10 31 93 77 59 69 17 50 70 92 79 67 65 54 78 93 71 57 86 54 98 23 25 80 33 62 80 87 42 65 11 55 90 43 54 99 48 84 49 38 94 21 8 1 89 11 6 0 50 80 14 60 76 58 48 64 0 64 28 94 59 52 35 27 54 78 40 18 66 35 92 74 19 86 57 25 4 33 30 71 22 8 8 65 23 24 18 39 31 26 60 52 95 62 12 16 61 26 83 12 88 6 19 20 91 8 42 18 69 66 77 24 68 75 75 52 45 68 8 98 41 61 41 58 86 69 75 55 4 85 61 66 38 11 60 16 92 27 32 59 78 82 80 52 43 67 39 42 72 2 38 16 1 93 17 71 88 56 99 36 71 9 98 79 97 35 22 2 97 97 56 83 37 1 74 23 10 2 84 74 3 99 2 47 8 59 11 49 95 71 80 83 50 50 84 26 60 75 4 59 37 15 24 0 51 69 40 56 33 17 63 39 86 50 54 24 1 20 58 85 88 56 75 36 68 12 71 26 40 59 75 98 28 39 8 36 4 84 29 59 79 29 48 43 7 95 11 68 80 66 89 12 65 55 67 94 82 15 0 44 28 14 44 52 99 89 30 94 7 5 5 86 5 36 7 98 42 20 29 61 80 71 28 76 85 
98 42 92 90 64 43 74 55 34 33 78 3 94 33 50 46 29 43 30 78 47 43 82 91 29 35 53 81 73 26 82 52 26 63 11 47 16 25 85 58 16 53 46 43 52 18 68 97 23 5 0 82 15 5 88 24 41 79 62 89 49 40 44 8 89 85 39 96 1 18 22 56 28 39 5 35 32 3 98 47 11 25 99 62 28 35 95 67 0 64 60 39 95 96 6 85 61 59 47 23 91 56 2 27 71 35 30 63 69 88 93 96 21 30 86 98 71 61 16 66 81 23 68 75 3 49 30 57 23 96 14 81 40 13 60 7 39 6 44 85 83 55 41 15 46 4 4 88 95 28 77 5 8 2 50 81 52 82 29 99 43 22 41 80 46 62 90 23 64 44 57 80 65 74 92 8 94 13 86 93 28 85 21 94 90 94 68 51 47 34 40 51 21 66 64 21 98 7 93 96 58 8 0 10 84 21 71 95 94 35 56 27 76 87 51 93 46 72 80 3 79 34 27 58 19 6 6 36 61 55 47 8 0 33 23 26 43 68 89 44 0 45 99 13 96 51 97 68 55 73 2 25 74 75 70 92 91 3 71 14 45 18 95 9 31 75 95 59 12 99 11 80 55 34 69 29 57 55 88 68 12 95 69 10 41 85 91 77 39 63 53 73 24 35 85 46 41 70 58 27 59 69 16 36 57 65 71 67 68 65 50 82 92 66 16 83 49 60 6 45 74 57 4 89 59 12 21 11 17 44 63 26 89 5 86 40 61 56 54 78 1 37 20 24 95 35 77 16 70 76 61 91 4 66 1 41 55 85 61 85 7 43 59 38 55 42 5 13 4 37 76 93 65 72 60 45 44 46 17 6 39 74 8 68 3 67 57 85 78 26 13 52 80 72 83 57 45 28 25 56 
72 96 40 81 77 93 59 58 19 36 63 68 17 97 92 27 86 18 22 18 85 36 30 3 0 10 33 73 37 12 69 85 74 72 81 14 42 1 54 69 0 39 87 33 24 77 45 75 67 3 91 27 88 31 68 15 60 15 95 84 60 59 77 91 20 80 45 67 97 5 5 53 75 12 83 49 70 78 25 42 91 66 15 77 45 88 99 48 71 15 16 14 69 95 48 30 25 22 45 77 6 1 94 84 82 96 62 3 14 19 44 86 49 5 43 95 36 85 49 19 60 9 53 37 48 29 56 29 50 59 1 66 70 17 45 36 4 2 39 58 20 52 94 94 96 38 69 46 58 73 26 74 16 55 96 51 4 64 63 46 31 99 64 49 1 40 77 89 53 80 81 17 89 20 42 59 97 17 42 47 25 32 76 6 46 94 90 55 71 65 19 50 54 69 17 63 28 32 13 99 71 38 16 39 10 43 4 70 46 9 47 55 78 78 81 61 83 64 61 3 59 73 35 43 19 51 77 26 41 23 45 90 73 35 3 3 3 92 78 21 67 56 55 14 69 78 99 26 10 48 14 42 92 20 56 25 68 45 55 49 5 67 24 79 16 80 78 37 99 18 31 35 26 50 75 62 1 31 0 89 89 25 54 30 26 97 75 79 65 13 40 75 26 47 68 45 62 95 44 8 18 50 58 39 2 96 53 98 91 14 40 59 55 81 25 64 29 38 16 15 12 29 31 76 58 66 33 89 39 91 55 18 49 8 43 76 41 41 55 13 63 69 71 12 35 85 90 23 19 59 41 52 40 30 15 39 32 23 97 55 87 31 1 6 81 61 34 22 95 73 4 13 67 89 16 99 83 86 61 71 90 83 95 2 63 35 1 54 66 65 95 52 34 10 3 25 83 72 64 13 
55 46 91 91 69 19 65 19 93 55 57 77 39 19 38 71 53 40 11 89 90 56 70 0 80 27 73 56 7 21 43 83 9 61 40 55 87 75 47 59 17 31 15 65 11 83 1 15 12 55 74 95 18 20 37 52 26 71 74 67 34 93 22 79 60 87 0 68 14 93 63 28 39 90 23 92 50 30 85 99 45 96 79 65 92 95 62 78 49 31 84 23 41 64 20 57 74 73 50 43 70 89 64 27 34 61 82 55 23 55 4 66 77 11 94 61 91 48 9 90 88 72 7 58 61 74 83 71 14 16 75 34 0 60 32 72 85 99 98 78 24 39 65 38 99 62 34 33 94 17 28 81 91 8 53 10 74 77 45 27 26 7 43 50 14 8 57 76 67 4 3 34 43 65 47 15 19 93 53 96 37 28 90 10 79 92 54 33 63 87 39 63 98 15 29 26 85 47 95 54 9 15 17 75 98 24 84 34 13 91 49 30 42 55 81 70 62 15 81 95 37 72 44 45 99 52 63 41 4 35 73 14 79 86 46 41 46 13 59 35 50 82 65 6 26 95 91 39 53 52 68 79 6 43 25 67 74 34 16 13 43 61 80 33 26 56 84 27 75 31 58 44 3 71 67 97 79 17 25 64 87 28 75 10 62 40 16 28 83 73 75 22 88 29 79 10 7 69 49 36 12 68 78 69 46 95 34 56 72 26 68 43 28 39 59 52 28 55 10 29 33 83 49 19 94 42 68 10 68 56 45 57 61 15 86 70 5 44 84 29 88 60 24 45 75 4 34 15 8 23 43 78 97 12 71 0 44 58 86 7 3 73 97 55 99 92 18 50 66 42 86 17 71 36 51 48 76 27 45 93 47 92 46 88 97 44 13 69 58 25 63 43 26 87 44 85 39 21 36 86 
23 47 62 45 31 19 23 53 40 49 10 88 29 67 20 24 53 97 51 23 81 27 65 1 61 90 63 21 38 57 5 52 99 73 10 5 20 56 57 53 96 9 76 49 46 42 19 64 47 52 48 38 97 56 8 88 91 49 94 3 46 6 75 35 17 99 48 3 98 16 66 60 99 79 28 65 22 10 74 99 15 40 14 84 85 12 45 95 14 18 35 47 81 19 22 4 3 34 95 52 21 62 73 62 56 65 47 56 12 68 39 88 16 17 6 15 63 42 65 71 74 10 62 93 51 25 91 14 3 86 66 77 62 12 24 4 60 84 64 68 81 4 3 64 56 36 96 98 37 65 14 86 1 87 84 3 5 50 20 5 17 28 99 22 63 73 51 89 23 94 99 40 90 55 2 95 69 14 7 9 25 31 14 87 38 92 48 89 16 93 38 9 25 48 3 84 52 18 91 3 87 47 63 48 50 59 91 97 10 27 89 23 72 90 32 73 42 93 68 58 88 56 70 94 75 85 10 9 52 10 57 12 20 58 57 62 58 15 77 20 21 68 12 79 53 20 13 49 22 66 32 78 80 46 89 15 44 53 6 71 50 33 26 81 18 24 62 1 20 32 38 58 6 11 46 87 19 77 27 66 21 86 25 54 70 31 84 42 33 38 12 78 75 46 30 92 79 4 33 65 47 33 20 95 8 28 11 41 27 44 32 81 61 15 69 7 10 68 25 16 23 53 52 99 29 74 32 74 11 89 43 9 22 92 80 54 8 12 53 50 9 69 64 50 17 88 16 86 82 69 37 1 8 91 90 65 50 47 63 31 56 63 89 45 17 3 99 29 7 76 2 34 50 63 82 91 43 1 71 59 91 64 28 24 68 35 3 50 63 11 15 55 95 75 34 33 17 99 35 46 
70 71 84 6 87 75 67 17 9 86 98 54 91 53 74 34 95 9 45 72 92 61 86 3 66 69 34 30 25 67 40 80 29 68 13 46 50 39 81 66 18 5 82 23 3 18 26 16 0 11 62 6 60 86 27 20 76 75 42 38 36 35 2 45 1 82 99 96 70 1 24 79 45 82 49 86 94 40 94 48 98 44 70 55 90 31 66 0 79 8 96 70 23 98 45 47 30 31 63 10 24 20 87 99 73 50 67 35 4 52 10 30 8 76 16 32 18 96 46 62 80 46 69 88 30 80 98 28 85 42 10 36 56 72 62 52 62 24 41 81 95 17 67 25 88 37 54 84 79 87 98 77 6 84 27 50 9 59 35 20 35 46 76 95 45 18 27 44 53 56 56 91 47 36 45 34 17 13 34 25 50 90 20 76 26 87 96 17 65 7 17 86 71 9 11 62 65 82 87 50 92 61 16 29 82 91 1 41 82 23 9 0 75 7 35 42 23 22 27 74 35 80 6 97 29 9 60 45 57 77 73 4 85 86 20 15 40 56 74 44 60 92 85 11 89 95 95 45 91 65 72 43 83 46 68 94 60 25 18 78 4 76 91 68 65 86 5 71 31 26 76 32 63 34 47 29 2 37 36 64 22 49 39 59 36 60 11 47 0 30 36 54 22 72 58 62 71 57 35 62 47 64 3 69 95 55 98 21 99 93 21 44 93 85 41 24 10 55 5 64 26 77 62 17 83 18 30 57 31 7 66 41 89 55 35 7 84 73 18 8 48 74 66 71 44 73 75 32 82 90 58 34 51 53 73 73 4 6 5 56 92 5 88 90 55 0 77 71 3 20 29 48 74 48 61 66 94 3 96 51 46 76 5 43 23 25 0 85 24 13 30 72 69 6 11 64 9 99 80 37 
99 53 54 86 46 34 43 9 95 22 98 38 14 80 7 12 85 98 1 22 55 68 66 70 50 0 84 89 11 3 79 85 9 30 56 23 9 70 30 84 49 80 13 62 54 42 76 32 60 81 60 52 51 41 94 98 77 50 28 32 16 9 93 22 84 20 64 64 39 8 77 42 53 13 33 5 97 46 36 81 99 63 87 2 76 13 49 78 47 17 74 85 65 80 70 69 82 42 56 5 22 68 48 54 10 99 23 97 4 57 58 68 6 68 89 46 35 35 3 50 81 43 57 70 22 49 60 5 83 71 40 68 37 70 49 40 3 82 97 92 17 46 55 16 13 19 57 52 44 13 92 81 72 68 82 69 45 13 17 43 6 36 31 77 18 91 19 6 87 3 18 81 12 20 98 53 16 26 79 87 59 73 38 76 56 30 79 70 73 71 64 17 7 18 97 65 42 54 31 52 66 64 70 55 19 25 8 69 14 2 1 82 98 86 34 50 75 59 41 82 86 67 22 38 27 90 50 44 94 56 67 58 7 94 29 16 91 34 74 73 37 80 69 25 87 80 4 5 38 54 4 26 34 48 74 52 51 20 74 57 3 84 47 12 38 76 80 45 97 80 69 20 13 12 91 70 80 73 90 12 71 28 38 26 9 91 61 6 4 63 9 93 45 93 27 16 1 98 73 85 65 88 37 96 89 4 6 95 87 3 57 90 70 90 91 33 90 96 27 54 15 28 27 75 78 17 56 65 11 77 19 9 80 33 80 3 61 42 16 69 19 30 64 67 73 54 35 83 78 63 96 7 4 66 67 12 17 12 10 63 93 30 22 84 68 84 35 90 84 25 4 13 77 12 77 89 20 72 53 63 60 78 3 40 28 97 98 87 62 12 81 4 36 24 47 71 67 87 45 59 
94 72 75 77 86 90 73 68 17 8 23 16 78 57 31 41 91 60 54 64 32 11 53 19 84 43 14 40 12 18 36 10 8 30 22 59 53 64 16 35 16 10 76 69 83 46 48 6 29 99 54 0 93 70 75 89 69 98 26 50 20 40 92 85 69 11 93 35 17 77 10 0 16 74 75 51 46 99 70 10 71 34 51 13 18 22 75 76 27 89 7 50 97 8 98 91 41 88 4 46 11 57 85 48 21 89 3 92 68 74 82 54 59 93 13 24 13 48 25 51 72 99 83 23 92 37 88 28 25 9 0 19 1 57 27 89 31 4 66 32 94 22 44 0 12 81 13 42 8 55 42 12 14 55 92 75 83 64 77 85 29 57 17 83 28 71 51 92 21 34 38 31 75 99 94 33 56 97 10 67 6 92 18 97 22 72 34 9 88 6 84 33 49 53 27 10 54 44 98 71 15 41 2 21 54 57 91 29 50 58 96 70 26 1 1 6 87 37 32 19 62 13 23 65 83 77 3 98 15 98 50 2 45 84 1 99 81 55 12 77 76 98 2 48 30 4 19 59 65 2 53 49 37 29 89 77 81 56 38 64 94 94 35 19 14 89 32 0 87 23 12 58 34 52 46 18 39 44 58 16 45 48 65 69 99 34 24 47 14 43 5 40 35 83 27 94 90 87 95 36 58 8 56 71 25 18 36 82 94 79 48 60 67 62 69 47 52 24 86 29 36 37 21 84 9 31 16 1 6 46 62 1 77 24 73 92 48 44 17 74 23 93 48 97 71 28 11 81 50 22 45 87 23 70 92 51 82 21 90 72 32 32 11 43 41 9 80 29 68 61 48 73 95 56 64 97 98 8 66 45 40 87 71 6 54 91 87 64 11 42 66 23 12 42 10 9 62 77 15 55 
94 44 57 0 37 5 93 20 40 46 64 52 61 8 15 97 40 96 24 1 68 85 95 85 3 64 3 97 95 19 16 37 57 4 71 75 26 3 5 76 66 95 41 30 35 28 15 33 48 93 89 69 32 69 79 29 0 52 61 12 56 80 58 85 15 38 70 86 9 68 83 61 77 64 77 72 53 13 69 68 82 60 75 28 19 3 43 26 24 10 67 81 52 1 18 4 42 11 11 94 74 43 7 19 32 57 32 46 63 12 8 89 46 78 88 77 80 99 26 92 73 46 8 81 11 39 41 32 10 40 70 45 4 63 97 7 25 52 29 25 42 4 76 5 48 96 98 1 38 10 30 96 77 70 61 66 68 25 98 58 9 74 11 6 24 56 62 10 1 15 28 56 76 54 56 19 59 15 35 49 77 51 41 41 88 66 46 48 63 80 18 65 64 27 96 43 55 58 86 16 11 84 62 15 98 53 66 62 64 6 44 41 39 67 21 86 50 24 37 46 75 57 11 45 6 46 68 83 26 5 35 36 18 24 38 27 89 19 85 20 24 41 66 30 9 69 21 17 4 3 37 32 28 14 12 39 32 75 68 93 34 98 68 96 66 11 31 45 0 89 61 98 11 28 16 48 43 18 45 44 94 2 99 84 88 94 37 68 81 9 67 74 16 77 96 49 88 75 51 40 59 45 84 98 42 66 61 57 55 0 75 43 47 64 21 42 9 85 32 4 66 1 72 15 1 41 47 24 46 68 27 91 18 53 69 76 67 37 8 91 71 29 66 96 84 44 97 47 86 23 79 49 16 60 66 41 7 23 87 55 68 33 13 97 38 65 13 51 71 91 47 82 22 99 32 37 40 74 66 58 8 59 48 1 53 79 16 84 1 23 0 42 62 84 48 47 51 15 52 11 
24 25 40 31 11 54 54 50 47 78 93 63 80 78 34 47 76 10 72 6 81 67 9 1 92 34 64 67 98 2 71 3 75 1 9 36 56 0 48 8 41 83 87 22 76 67 46 15 85 33 79 44 53 18 24 50 72 7 18 54 61 47 68 51 34 82 2 39 89 11 66 94 44 44 33 38 81 50 47 24 79 0 83 43 44 43 84 35 53 41 38 46 59 80 57 75 11 36 21 87 76 28 31 11 7 7 7 5 8 58 73 95 76 75 83 13 40 71 52 64 80 89 15 79 82 57 18 46 80 94 15 8 88 4 58 29 10 78 11 36 89 43 6 84 22 59 49 93 50 75 68 75 28 61 45 73 89 85 50 27 72 74 77 61 12 23 18 75 58 90 14 27 55 57 3 54 63 12 97 61 98 25 40 14 71 46 57 8 56 14 94 72 65 14 33 93 42 36 70 51 46 95 34 47 87 85 2 60 28 2 19 86 33 11 13 3 52 51 82 2 79 17 5 50 35 65 8 38 24 50 0 53 60 19 16 81 71 85 20 12 55 29 1 94 35 91 85 95 91 85 30 40 85 95 45 8 43 40 4 46 47 96 2 84 37 47 97 53 94 48 38 92 68 13 83 20 56 49 73 75 91 60 53 32 2 73 84 90 70 1 96 79 29 18 15 86 29 67 96 22 8 89 1 14 91 85 81 93 39 32 59 40 4 87 19 29 26 91 40 38 47 39 90 9 48 48 54 72 20 39 67 70 95 70 5 79 77 45 0 54 65 59 17 41 47 13 17 60 64 70 11 92 15 53 84 70 57 81 94 2 24 13 43 47 3 47 42 39 48 26 20 74 66 93 7 26 54 27 0 9 85 15 77 75 69 66 52 94 24 31 10 36 4 40 24 44 58 75 62 27 
30 12 53 32 76 61 51 23 92 26 59 47 40 65 1 34 28 68 95 17 51 62 1 56 40 59 56 77 94 93 58 84 78 27 23 36 43 52 11 53 96 91 36 37 0 40 45 54 71 32 20 30 6 13 45 52 10 19 23 12 24 84 0 43 3 13 66 39 57 56 67 9 55 48 5 24 9 60 29 51 80 60 96 98 62 76 81 18 62 79 95 87 62 79 51 38 65 43 68 41 79 2 77 69 49 12 52 1 48 27 65 43 46 25 62 79 54 93 47 73 20 40 50 69 22 18 50 11 12 12 37 23 28 92 45 86 90 17 8 6 23 85 11 71 52 76 57 78 48 7 30 72 6 50 87 12 58 32 77 84 35 10 41 26 72 71 54 42 88 90 14 50 75 91 66 65 24 58 73 78 69 10 24 78 0 65 64 62 47 98 21 99 51 43 92 8 75 65 19 57 51 85 87 36 96 19 98 63 17 89 49 4 84 88 28 83 63 77 47 87 28 9 45 9 96 45 93 91 25 90 91 35 68 32 14 45 4 37 9 86 11 53 1 32 49 17 12 86 67 40 68 62 20 7 26 69 45 63 38 96 71 4 36 91 60 52 78 93 60 26 69 89 66 59 31 93 47 40 75 51 30 77 57 12 94 40 92 54 5 0 40 98 70 67 99 57 9 85 27 4 17 19 0 40 27 25 80 64 71 13 70 66 84 76 13 61 32 14 78 66 15 2 40 62 12 82 41 45 41 8 6 75 86 8 89 57 33 50 79 75 23 48 91 54 98 11 62 36 37 59 53 74 20 91 96 96 9 70 43 12 27 7 30 32 59 85 6 84 12 44 52 98 34 89 44 1 28 93 5 21 78 26 73 45 15 95 89 95 78 79 47 94 97 37 82 12 62 51 1 48 
70 0 24 48 31 42 20 56 9 63 8 94 79 34 79 1 91 96 48 1 56 35 50 69 51 5 9 18 87 74 59 45 53 64 70 99 67 17 83 11 85 70 82 83 5 21 19 3 49 21 99 16 49 55 76 43 32 54 64 23 19 90 37 72 68 22 3 50 54 34 30 60 76 53 76 8 25 68 90 6 46 75 58 2 88 82 71 89 39 71 1 18 38 39 70 74 23 25 75 37 11 45 61 91 34 52 80 54 63 28 93 6 99 83 91 97 56 37 50 62 10 63 49 56 63 53 36 39 28 5 22 10 54 51 40 11 76 86 85 41 88 43 93 67 71 0 80 76 55 45 69 84 79 16 10 16 74 30 40 94 79 22 98 10 17 6 69 80 55 2 99 84 75 92 66 59 50 43 17 51 45 48 42 21 51 6 93 69 5 26 31 51 83 61 69 26 33 27 76 6 10 13 1 63 25 31 46 96 86 10 50 62 53 8 2 85 40 61 34 65 36 48 53 0 69 11 16 2 81 89 18 16 1 38 5 15 84 51 50 50 94 97 74 35 87 3 43 9 40 4 13 62 38 71 9 36 13 34 5 79 75 89 47 90 17 77 59 0 74 28 97 30 67 19 66 27 48 37 58 50 18 37 67 26 43 98 90 44 46 10 14 10 35 18 72 71 27 70 96 46 50 55 48 49 60 23 59 99 49 55 54 74 48 13 41 26 42 74 35 82 71 25 1 58 40 98 73 3 73 64 84 94 51 81 23 19 23 16 26 80 0 76 38 99 33 73 40 28 84 21 72 84 43 98 4 63 96 19 99 66 18 44 49 30 37 52 37 84 58 41 52 18 24 79 25 96 34 43 87 95 53 53 38 22 62 1 15 8 37 75 73 94 12 45 67 46 59 7 49 27 
5 70 15 90 0 11 68 88 78 64 21 20 16 79 66 69 76 82 91 31 51 86 99 76 13 23 42 88 58 83 57 47 5 65 22 43 42 56 18 32 3 78 23 39 47 76 73 38 59 40 49 96 2 25 51 25 41 58 22 85 72 30 55 56 2 38 29 45 10 47 99 49 80 49 49 51 58 96 68 89 1 47 38 80 98 66 18 96 4 83 89 77 32 88 14 95 34 34 90 68 62 56 25 21 9 98 9 9 18 43 66 66 95 75 24 77 29 70 49 94 74 49 15 78 92 28 68 72 65 6 62 28 41 3 74 10 48 39 16 38 1 92 71 40 76 75 77 97 78 19 60 95 26 84 40 45 49 26 4 63 43 6 25 35 58 74 63 3 14 0 46 15 29 73 43 40 57 49 58 20 1 15 46 49 80 27 58 25 87 13 0 79 98 62 41 41 63 44 66 49 10 54 22 22 38 58 95 2 48 19 4 96 14 54 19 4 34 97 53 26 91 77 21 96 6 72 60 63 57 12 39 80 74 3 72 46 31 25 45 47 50 3 88 7 86 18 53 38 28 8 54 65 38 21 51 46 94 60 4 33 55 46 26 61 30 93 61 63 97 11 16 71 50 22 13 77 41 65 76 67 73 47 71 83 86 66 21 5 25 35 44 96 33 37 8 28 47 50 34 55 96 72 51 6 47 55 74 62 4 23 91 33 43 23 42 15 93 80 13 72 59 65 40 2 21 47 6 5 2 28 8 16 79 18 45 98 98 89 73 35 82 55 74 7 31 70 77 85 98 16 2 64 80 6 64 75 26 94 85 91 68 94 71 30 22 60 82 37 5 26 54 10 9 83 66 55 6 86 4 21 97 55 16 30 93 33 11 52 94 19 41 74 78 71 28 31 36 29 80 4 
39 13 60 92 28 83 57 96 52 47 32 79 84 79 67 84 81 47 37 57 2 45 18 27 13 61 88 73 87 9 72 32 1 65 18 25 65 76 69 73 52 7 88 25 1 84 0 52 71 28 73 29 37 27 15 52 71 60 29 70 58 57 78 94 82 14 1 77 60 0 84 28 49 56 48 85 68 77 79 39 43 45 8 77 7 78 90 73 51 27 99 36 0 23 81 47 37 95 90 85 83 61 1 13 22 87 80 1 20 19 43 19 83 88 1 45 7 28 76 88 86 7 95 77 34 47 16 97 21 89 26 29 85 84 90 48 36 0 50 42 12 34 58 44 89 67 67 82 25 12 39 4 47 1 46 96 52 16 21 75 89 12 92 48 42 60 46 74 40 27 79 99 20 47 62 39 25 90 84 49 6 59 65 42 52 24 66 81 73 23 45 74 89 57 67 51 84 58 17 82 73 80 27 29 63 65 20 54 5 26 91 27 38 25 73 8 54 74 11 33 6 87 48 76 31 94 36 67 47 44 5 34 71 75 94 77 87 70 22 35 52 48 42 74 11 93 57 91 55 82 31 54 97 79 82 20 28 17 44 31 46 35 66 29 18 97 97 14 25 51 46 20 4 4 6 95 97 31 5 79 34 34 48 40 89 70 67 56 15 85 44 94 24 42 9 77 26 64 40 22 49 13 24 70 16 44 6 46 71 34 45 54 21 47 33 87 31 24 30 6 82 78 17 8 95 30 47 96 49 43 55 66 0 34 95 92 66 84 38 33 23 15 92 0 59 71 59 11 59 19 84 98 67 56 75 67 17 35 23 97 65 4 6 52 55 39 92 74 11 15 89 70 76 99 34 79 54 40 34 20 77 1 98 17 14 87 69 58 12 31 90 78 62 81 97 34 47 10 62 89 
20 87 94 61 39 5 55 93 70 66 83 71 63 12 68 62 11 11 8 21 74 62 77 56 23 34 13 4 48 45 6 63 34 27 46 73 9 31 18 38 36 49 85 78 4 16 9 89 79 88 65 31 78 15 20 5 1 33 12 32 2 69 68 24 48 3 80 28 2 50 1 42 84 45 6 72 28 91 53 27 29 98 62 88 41 73 9 98 68 25 44 58 41 36 49 74 44 43 31 51 2 26 93 86 7 14 6 88 5 70 21 17 84 76 17 29 84 65 13 37 34 47 69 20 36 60 24 19 11 36 21 22 73 83 62 12 68 14 27 82 52 59 39 47 14 3 44 0 49 72 11 44 95 96 80 92 23 36 66 40 31 84 3 1 34 86 60 75 85 69 67 71 54 50 25 48 20 59 22 30 46 23 92 71 30 47 83 23 22 3 86 11 28 63 93 28 45 11 18 57 73 52 43 17 66 75 77 37 9 99 62 57 24 53 73 97 69 70 64 70 96 52 37 79 69 84 52 58 90 5 32 75 54 30 56 34 78 39 98 59 38 60 6 37 90 20 50 7 71 21 64 93 64 45 41 21 62 54 63 6 46 67 29 74 12 34 67 91 93 65 31 89 62 4 26 95 78 43 26 77 28 93 70 81 15 60 72 80 34 24 53 33 85 67 37 59 51 46 78 4 34 1 54 70 95 74 35 52 45 51 77 22 27 72 27 39 43 51 74 23 43 1 34 14 39 65 32 65 25 14 61 69 14 79 33 81 8 78 7 26 56 19 67 85 86 80 37 28 43 11 53 7 5 90 34 50 44 56 58 16 90 10 30 20 20 85 91 2 36 30 24 14 6 64 11 29 85 7 73 68 2 2 82 63 76 87 67 18 36 47 84 9 34 59 55 68 87 78 68 14 
52 96 42 62 37 47 55 40 27 30 18 34 13 66 13 63 37 85 38 67 50 83 37 1 8 18 54 52 78 64 77 21 94 54 31 37 55 67 77 64 19 46 64 45 17 38 82 95 78 64 91 78 51 18 77 55 99 15 28 11 50 36 44 3 94 83 25 73 27 69 98 88 12 33 86 75 92 92 60 98 52 88 28 0 62 97 77 35 7 20 33 63 37 47 93 17 28 25 43 81 5 3 83 99 32 78 34 7 88 4 35 17 54 14 14 68 9 69 59 48 85 27 65 82 16 50 85 44 46 6 20 36 68 38 72 98 99 77 81 98 5 87 80 53 56 40 45 54 21 91 2 0 45 21 27 0 23 4 0 58 81 67 34 21 82 89 97 31 19 2 35 96 57 15 55 96 45 12 45 84 9 99 29 99 48 83 11 51 69 24 71 31 74 94 54 21 55 34 31 2 54 34 92 76 1 19 62 49 43 66 70 17 29 96 0 59 88 35 18 36 0 66 80 65 87 92 45 67 58 2 99 8 40 47 1 14 69 94 88 46 28 55 15 79 41 86 18 98 93 33 44 52 77 28 4 84 65 99 91 41 92 49 11 57 3 28 70 92 33 8 17 32 47 33 35 54 57 79 34 70 31 16 27 70 80 22 6 33 88 14 99 47 47 45 94 5 96 59 55 67 68 16 19 68 24 40 49 34 2 55 80 2 92 94 21 66 60 91 42 70 64 36 53 69 34 53 93 66 6 95 58 13 51 33 63 79 58 92 78 77 52 22 79 63 73 71 38 14 70 61 83 70 25 66 74 55 19 68 10 44 66 89 41 73 66 18 62 41 35 73 69 85 43 93 4 63 91 54 40 9 46 71 11 27 96 47 32 34 77 64 84 41 49 74 21 16 99 23 88 9 
22 37 78 90 95 1 95 57 92 32 41 90 12 53 40 71 70 16 59 14 0 9 80 99 10 51 84 98 83 53 89 13 52 89 77 28 43 34 80 77 15 36 77 77 79 23 24 86 10 74 38 70 54 47 79 43 92 46 91 98 49 93 13 68 38 24 46 43 69 35 82 13 22 45 45 13 92 59 75 8 52 26 41 24 12 85 50 12 98 31 14 20 6 11 86 7 25 87 88 36 32 88 50 56 22 93 93 6 24 41 81 15 69 91 46 94 87 24 4 37 57 31 73 33 34 60 7 78 82 89 2 26 27 77 78 58 51 35 55 67 88 3 71 50 14 26 0 27 71 95 70 2 2 38 16 7 9 55 95 41 44 29 15 76 40 17 80 88 25 58 69 26 73 97 47 18 48 84 46 73 64 54 43 96 89 52 1 43 16 38 5 3 42 46 64 32 17 62 17 32 38 40 58 53 57 45 39 75 43 82 10 12 88 77 52 13 59 11 97 51 41 38 7 24 70 29 52 47 45 90 41 7 24 62 75 1 85 31 60 66 98 22 18 96 51 47 41 48 3 22 18 51 64 17 32 13 14 6 0 70 72 65 46 58 59 69 38 88 2 15 23 6 83 40 40 33 17 53 26 66 55 15 74 65 41 39 39 18 66 49 78 32 37 85 9 98 60 55 65 53 78 61 67 6 56 55 16 94 95 49 16 98 49 72 45 15 67 96 30 98 45 88 34 66 96 80 29 52 46 40 46 48 50 65 17 0 8 46 4 61 24 68 96 46 61 32 46 70 45 49 8 57 28 81 46 76 74 39 72 87 11 42 72 52 68 1 54 49 96 18 69 97 5 72 32 97 18 26 31 27 52 68 60 83 34 52 53 12 35 67 74 17 79 63 76 84 50 44 32 18 
83 42 96 55 96 51 38 95 40 99 22 82 91 57 14 92 16 88 72 98 96 68 67 87 56 95 96 31 31 43 9 49 21 35 34 26 33 55 36 26 59 21 29 45 87 81 79 22 77 53 63 58 91 22 36 71 19 32 26 49 85 51 99 83 41 7 99 64 61 29 14 79 2 17 39 0 69 39 73 1 93 55 34 90 99 31 62 94 93 86 36 97 87 39 51 57 69 82 72 52 71 37 7 25 13 60 87 62 98 60 43 74 54 20 78 52 54 95 22 91 66 97 38 92 0 17 59 30 63 36 66 5 39 98 21 89 49 64 56 80 59 35 54 51 30 75 95 39 45 99 13 77 52 75 89 99 96 93 65 7 1 36 64 92 26 30 99 34 48 52 10 94 84 41 84 80 14 38 30 27 24 86 31 72 14 96 93 99 7 61 48 30 23 95 16 46 78 36 70 19 5 24 37 25 98 77 87 39 13 60 83 52 17 51 85 44 69 62 95 48 77 22 79 37 88 72 72 51 72 44 63 25 83 96 25 22 45 98 48 70 8 17 72 11 21 1 25 40 69 44 53 83 57 51 56 84 31 25 62 13 31 49 41 92 36 96 44 46 52 64 49 38 42 15 53 90 1 47 93 4 19 58 41 57 89 88 49 98 71 41 8 28 22 52 11 19 19 28 44 39 20 66 27 91 10 86 10 80 9 9 42 50 32 8 74 22 62 7 79 13 94 53 47 82 51 77 73 12 12 73 64 99 42 89 61 65 11 99 42 63 83 20 92 91 17 94 85 11 12 99 3 82 99 51 94 28 43 28 41 88 74 83 83 90 64 19 61 51 98 21 16 85 91 24 12 54 86 51 54 72 40 56 92 7 72 16 97 60 39 91 92 40 64 20 65 38 7 84 16 11 
79 3 82 23 80 48 96 77 8 62 14 52 58 41 40 87 11 47 42 35 70 48 44 10 45 0 93 37 48 1 11 0 52 9 64 25 81 44 94 17 2 82 33 67 12 67 93 47 92 64 88 53 9 1 71 76 60 12 77 15 51 91 74 97 23 88 14 48 2 48 1 54 80 30 76 10 21 58 92 47 60 87 74 66 68 3 0 74 78 9 30 68 19 55 11 29 64 9 11 18 10 20 31 22 91 45 50 89 53 92 82 74 32 22 22 10 79 14 6 9 64 54 29 51 94 1 88 97 86 31 25 10 42 99 73 1 53 51 69 21 23 51 72 81 58 54 38 23 76 51 23 30 30 77 15 18 28 11 31 38 73 15 7 8 41 45 82 82 99 65 62 76 79 63 18 20 77 82 50 73 46 40 35 83 50 57 15 58 52 77 24 49 39 34 36 96 49 56 87 35 13 59 82 12 54 37 27 42 61 63 27 53 9 78 34 32 94 59 71 17 29 8 29 55 89 92 72 71 95 32 14 63 19 36 56 2 17 14 54 92 73 97 2 47 92 11 98 82 19 48 90 2 59 96 57 52 60 61 95 41 50 96 39 62 48 99 13 1 47 82 96 69 42 2 79 83 65 26 78 57 23 66 27 90 75 12 4 72 66 43 44 81 73 79 31 47 82 94 41 12 66 72 60 81 0 74 54 86 17 84 9 86 16 81 92 16 20 67 0 86 40 0 7 44 78 92 72 61 92 23 29 21 39 67 34 29 32 87 90 29 25 12 37 41 0 55 19 17 0 64 98 7 96 45 97 92 44 43 87 35 17 76 57 10 1 12 72 65 9 53 8 58 32 99 5 6 96 93 5 73 16 8 17 28 49 57 94 41 7 72 90 91 61 31 11 66 72 28 51 79 
51 91 9 26 18 81 96 36 2 58 1 79 15 32 66 94 64 7 31 75 75 91 19 10 66 39 22 77 54 52 26 41 23 47 74 22 20 74 40 62 21 33 42 43 23 53 35 48 61 8 17 34 44 79 51 18 89 51 5 71 18 90 13 35 41 41 28 18 29 48 85 0 14 33 70 32 32 43 89 20 42 95 15 88 37 63 21 32 24 13 80 74 27 89 83 15 61 3 59 18 70 48 42 89 23 77 82 4 62 28 12 57 97 95 79 21 31 71 27 25 6 18 42 69 54 80 30 89 81 33 27 76 80 8 63 14 64 52 12 44 59 91 52 53 99 66 22 28 7 53 90 63 35 82 66 58 63 77 77 48 75 3 95 5 95 6 65 39 96 85 72 43 72 95 33 70 93 80 64 29 66 15 89 3 17 78 11 73 67 74 11 44 38 53 28 59 4 26 91 0 10 40 2 20 37 35 54 66 64 12 45 85 92 16 36 30 99 84 46 33 64 3 32 23 1 48 66 32 16 42 15 83 22 42 35 51 92 24 24 78 45 72 36 23 54 7 9 0 94 35 37 42 61 25 25 97 4 39 24 77 27 0 43 90 73 4 69 60 64 73 25 55 66 69 77 20 51 50 5 62 2 7 28 2 7 63 50 57 74 36 54 29 60 31 26 24 61 87 92 81 55 85 33 82 41 5 93 16 33 12 54 96 33 57 63 46 70 44 92 3 23 13 70 91 13 5 68 40 98 47 14 5 24 74 96 43 57 14 79 80 41 17 66 99 71 33 54 34 31 28 27 74 6 57 82 49 71 44 89 60 0 40 93 84 24 27 3 44 68 81 7 13 41 1 96 50 56 32 60 59 56 61 49 54 73 11 25 56 47 62 87 3 98 70 47 31 76 33 44 86 
4 32 44 95 43 3 97 67 50 51 99 60 48 13 21 25 97 93 6 32 4 33 92 13 84 48 48 94 60 80 8 5 61 51 94 4 9 25 31 32 85 96 23 50 72 15 87 22 25 8 11 78 63 60 20 5 10 98 17 61 72 15 56 47 42 89 31 74 33 4 68 64 45 23 3 8 56 40 80 7 29 99 1 61 11 57 60 84 82 28 15 88 96 69 88 89 23 78 22 33 66 50 76 52 31 21 41 25 6 87 21 40 96 98 4 89 11 75 58 47 60 18 33 88 79 60 67 5 16 4 32 50 97 37 39 95 65 37 59 31 31 91 29 74 68 68 7 16 88 98 53 74 27 25 46 55 90 57 93 5 16 4 30 34 67 41 94 88 22 25 36 18 66 36 56 56 62 52 24 5 48 34 5 73 77 82 30 31 42 74 52 19 47 67 76 92 41 52 80 92 13 98 33 0 63 85 59 57 21 31 59 33 44 80 76 53 44 13 40 61 71 38 58 60 45 89 71 36 32 40 73 83 86 94 92 7 29 35 23 18 89 15 99 87 78 30 45 54 81 14 39 30 9 93 38 39 96 21 48 93 81 95 41 71 38 48 69 55 19 71 54 31 68 79 12 45 98 41 75 0 30 81 44 26 47 61 32 8 91 87 40 33 7 67 28 90 15 61 61 25 16 26 70 94 29 24 42 72 69 70 77 34 89 44 71 7 83 31 33 67 43 3 75 93 77 74 50 26 77 8 9 26 25 15 5 33 12 43 8 43 53 44 56 39 96 15 81 56 62 96 21 65 59 52 9 23 52 60 90 8 48 17 91 56 29 64 72 23 15 88 27 98 73 21 58 68 11 52 58 40 95 60 49 45 38 20 52 13 1 12 77 28 88 34 41 99 49 97 66 70 
16 0 55 37 29 37 11 41 40 50 52 43 15 16 91 41 13 35 35 96 43 50 20 26 41 58 16 62 6 59 56 28 25 42 63 2 27 94 93 9 82 53 23 10 8 53 45 15 62 46 26 84 66 8 27 62 23 89 82 89 3 35 3 24 2 2 97 29 9 94 53 87 57 37 77 87 87 44 34 76 56 86 22 60 72 1 0 25 42 3 33 64 71 75 63 57 49 18 0 62 59 92 43 21 11 76 42 66 93 59 58 95 60 50 33 18 63 95 89 4 54 35 48 87 81 38 85 66 61 27 72 57 66 4 56 45 46 23 81 38 58 84 13 41 80 77 54 91 94 21 3 77 4 98 77 4 96 72 65 45 56 24 1 73 60 30 46 38 32 7 9 48 98 86 12 40 37 65 82 26 1 7 96 50 34 28 20 16 82 30 20 22 0 22 7 92 65 13 99 41 44 80 1 18 94 94 82 12 78 64 46 31 69 54 36 73 71 27 20 39 38 4 60 14 21 12 46 69 45 46 4 23 4 14 38 89 5 30 90 14 91 93 17 92 19 96 87 30 30 76 37 74 89 60 15 83 47 82 37 65 61 14 8 46 28 64 65 24 46 67 14 54 36 45 5 92 86 57 19 88 62 40 39 14 8 66 64 43 89 41 92 92 74 68 67 7 20 13 31 77 41 93 34 19 10 75 16 24 75 61 41 87 21 78 91 71 30 37 69 62 20 80 37 64 65 19 26 71 23 51 89 51 11 35 89 58 52 79 63 96 29 11 13 19 68 19 67 52 55 17 33 44 54 85 61 29 84 91 14 15 85 49 74 16 62 48 25 88 20 63 63 9 9 59 64 39 93 71 82 68 87 5 6 24 70 43 4 32 22 17 61 23 98 10 97 22 76 89 3 26 
79 65 82 2 98 68 89 94 74 54 71 25 84 38 24 17 91 5 11 20 79 32 96 60 37 45 85 26 93 8 84 43 72 59 14 73 17 47 46 98 29 14 62 34 84 37 84 98 10 15 92 82 55 84 53 12 13 37 10 68 16 61 87 6 48 2 54 33 35 91 81 18 53 10 47 31 60 35 27 27 80 76 37 51 78 88 12 30 48 74 91 98 91 87 80 42 99 11 79 12 88 92 0 93 33 73 48 96 73 10 43 88 2 70 25 25 20 31 34 59 23 35 59 84 30 93 43 55 25 47 97 42 73 44 66 3 32 29 61 0 57 34 72 32 29 22 29 36 45 46 66 97 63 41 25 76 33 42 94 44 41 5 72 86 36 7 26 52 99 29 46 38 18 37 43 89 71 49 88 59 64 40 45 87 80 15 54 56 7 86 49 92 87 2 0 52 24 88 60 32 85 29 30 44 51 97 79 99 78 33 17 74 41 20 78 87 32 20 13 76 90 9 0 98 4 40 39 51 66 40 78 30 21 67 73 28 88 83 86 94 90 22 27 13 73 99 39 74 9 31 14 46 4 69 17 12 53 98 36 84 15 73 18 93 95 82 78 20 25 14 53 16 76 33 92 3 56 49 65 65 7 4 34 81 62 85 32 41 4 75 58 31 21 21 64 37 63 41 96 13 9 2 16 52 7 21 29 31 52 8 98 18 21 30 9 1 54 74 52 21 59 1 22 89 27 1 40 76 79 83 95 21 6 67 45 9 34 19 8 83 11 30 9 0 61 37 88 35 41 67 47 0 24 26 46 77 23 56 53 27 94 73 5 54 86 43 36 37 14 52 13 91 73 87 91 5 51 20 62 97 2 54 12 48 73 92 19 97 99 43 46 26 8 28 29 16 9 59 9 61 
69 49 89 48 9 79 16 74 67 70 64 76 95 23 4 75 22 82 99 88 47 31 49 22 48 25 33 66 52 74 41 91 59 92 91 68 69 70 27 20 10 29 16 63 94 38 36 44 91 68 67 68 85 55 15 75 53 80 71 0 70 1 91 51 26 93 96 87 8 71 0 31 25 87 64 62 44 83 38 29 5 94 90 20 98 68 86 96 74 35 9 64 9 46 29 21 68 59 46 49 24 39 29 42 24 61 61 19 58 36 8 99 38 45 46 48 26 4 37 29 80 25 7 97 49 74 43 41 37 57 57 98 33 56 94 50 85 10 28 3 14 51 42 55 66 21 56 92 63 10 6 79 85 94 89 79 96 15 52 21 41 34 98 46 88 36 11 15 70 78 67 52 12 43 76 18 33 67 47 28 56 59 60 81 75 73 97 60 70 66 5 35 86 59 41 99 74 48 88 8 19 88 37 88 62 22 78 22 61 28 17 50 84 74 66 21 95 49 90 35 16 82 9 41 93 59 46 13 46 9 50 89 69 70 26 96 43 93 68 93 68 57 98 12 61 88 50 34 61 85 49 8 8 17 75 48 21 15 48 38 2 38 78 93 24 16 3 44 76 56 28 45 94 55 13 10 64 41 65 6 16 81 56 54 52 41 98 94 27 22 73 21 40 83 57 82 75 10 7 96 13 3 31 3 99 48 19 10 87 43 17 49 16 18 59 31 53 99 88 18 16 14 64 16 94 86 24 16 89 22 63 27 71 56 55 59 48 59 51 84 86 54 59 30 99 30 85 95 7 59 35 0 48 23 42 7 57 80 18 80 52 33 92 65 74 50 54 69 1 56 38 87 84 72 38 94 7 53 84 92 45 72 89 42 28 32 82 41 70 77 73 99 14 6 35 69 48 93 79 23 
48 1 57 17 24 45 4 89 99 85 83 96 32 69 89 26 4 7 97 32 23 19 3 12 7 95 16 66 89 66 91 11 76 12 17 92 83 4 51 95 78 66 14 94 6 1 20 99 38 72 97 37 77 87 89 45 57 81 7 70 42 93 22 38 52 48 24 58 79 92 98 0 86 67 59 50 51 75 0 62 28 85 63 40 21 74 65 57 21 18 1 47 78 33 97 82 78 83 68 15 51 81 51 20 63 33 38 41 41 83 87 60 26 2 48 4 19 15 57 22 66 20 79 76 84 31 80 64 14 33 35 89 22 89 75 58 35 16 17 16 12 41 24 43 85 12 72 99 84 44 21 54 71 25 65 65 37 26 98 33 76 2 66 91 27 46 11 41 98 78 84 2 45 64 75 10 20 67 94 6 67 26 72 51 23 11 3 73 68 43 53 56 20 28 98 68 7 84 4 57 42 99 61 48 97 13 67 94 10 30 4 7 25 58 69 91 96 97 5 79 25 51 83 66 36 19 76 63 64 97 42 66 90 16 73 79 48 24 85 67 57 82 57 38 87 30 88 99 77 47 61 13 29 81 69 42 40 78 57 88 46 28 77 67 69 65 84 62 48 13 91 78 52 13 15 75 81 33 5 62 42 70 1 14 66 5 96 45 70 32 22 30 2 42 1 8 48 13 1 72 71 17 44 12 9 86 37 17 93 13 97 30 91 60 11 9 57 93 67 38 33 13 0 75 13 76 53 75 79 38 71 47 45 78 17 50 30 56 92 40 71 53 45 49 70 63 77 6 50 66 57 98 36 56 73 47 14 10 2 48 63 16 52 54 86 50 91 96 31 6 94 65 18 66 22 2 14 88 20 82 29 11 17 18 81 77 21 63 93 41 10 19 8 64 10 76 58 1 93 85 
40 18 7 94 81 60 94 63 55 57 5 51 94 32 98 31 41 62 65 46 96 23 96 78 57 42 34 97 73 60 39 87 45 54 60 23 60 93 9 71 20 38 16 87 31 67 53 76 59 55 38 46 83 14 77 96 85 60 35 82 71 37 52 35 85 58 70 31 83 21 28 50 1 47 86 68 76 92 71 53 78 55 10 36 31 7 58 74 28 53 83 22 38 92 18 73 21 52 43 18 12 75 40 10 33 71 19 15 23 61 1 71 52 9 76 97 37 52 7 99 26 43 7 70 44 29 52 91 45 86 97 19 8 77 92 93 95 30 4 51 1 8 14 42 9 48 74 61 54 86 86 16 25 26 38 21 84 2 61 94 85 97 1 11 45 22 30 10 7 51 28 20 78 6 88 60 29 45 26 4 51 81 90 53 87 57 12 34 41 46 75 22 69 14 81 32 34 17 60 33 37 55 95 82 98 71 63 1 51 33 19 62 31 3 60 48 57 25 95 39 46 44 97 78 52 0 15 50 8 32 50 4 96 79 45 42 49 80 93 20 24 51 81 81 91 80 96 32 78 33 52 48 60 21 72 50 9 1 58 71 52 96 60 56 37 75 1 73 59 38 17 83 46 96 33 29 53 83 99 13 31 43 46 26 57 13 15 64 7 24 71 77 28 50 75 63 11 2 54 22 53 14 47 30 0 80 74 12 20 16 95 9 16 46 67 22 55 69 45 88 84 6 41 23 15 5 50 34 34 20 23 75 21 81 20 76 20 27 0 18 4 26 49 60 69 5 52 54 92 24 6 15 76 34 49 92 20 22 93 55 78 40 86 20 14 93 68 89 44 37 62 37 84 12 97 99 33 96 37 60 86 97 39 42 18 12 15 28 72 3 70 7 7 4 5 64 24 47 54 16 
21 60 88 97 61 7 58 48 72 63 21 1 73 62 2 19 60 40 48 90 8 24 39 44 68 34 45 57 54 43 53 7 11 85 75 93 21 88 90 53 19 14 34 84 10 14 8 48 14 15 21 26 63 90 74 70 68 50 67 81 31 46 0 88 66 33 70 51 9 20 75 5 50 87 1 77 92 37 36 67 76 49 2 73 65 32 25 37 64 11 72 45 40 44 8 7 58 95 22 52 42 37 31 43 26 77 80 76 21 24 91 85 4 90 24 39 48 57 50 71 96 90 83 43 53 76 29 52 53 63 67 91 3 82 83 18 52 43 77 61 74 46 57 67 72 33 58 86 43 43 13 32 47 35 26 39 91 65 86 83 78 40 83 31 99 49 72 78 60 65 98 27 47 91 12 67 28 61 75 67 36 75 15 86 18 64 70 64 58 95 82 30 93 7 97 12 38 95 83 7 52 56 20 0 51 51 40 65 65 17 82 24 89 72 2 1 90 16 44 78 52 88 13 69 8 93 1 21 43 55 99 18 75 83 50 57 73 12 12 40 76 67 30 27 52 78 46 37 62 8 50 65 86 98 59 9 29 45 7 24 84 43 88 77 60 87 7 63 44 96 78 26 74 84 90 74 54 19 70 65 11 7 4 63 21 38 0 87 80 76 27 47 0 24 96 82 11 43 12 62 90 27 89 86 98 41 63 93 21 19 51 33 7 48 9 96 30 88 42 93 0 80 11 99 37 18 6 86 94 68 88 3 61 44 71 67 62 22 6 60 47 65 59 45 42 64 1 65 22 89 92 69 32 36 52 19 36 80 5 88 14 33 82 99 75 86 10 33 44 89 86 56 50 3 71 83 84 9 10 50 30 67 60 8 37 78 21 54 42 2 84 90 55 38 70 63 77 38 74 31 
34 35 92 52 72 68 52 97 71 72 26 76 84 19 32 69 55 4 83 32 53 61 7 95 76 97 62 17 38 56 30 23 86 35 68 43 46 80 23 97 48 41 64 97 7 22 58 29 8 70 25 34 29 9 99 38 46 60 95 83 32 58 84 52 31 90 29 11 77 0 0 77 59 95 62 46 9 33 86 22 53 19 88 89 99 1 58 80 99 34 84 29 12 93 56 30 84 46 67 88 27 41 12 34 70 34 42 78 32 96 60 47 66 4 84 28 7 50 67 42 26 10 60 75 48 42 46 21 44 99 67 25 94 22 6 98 19 54 42 41 9 12 86 10 30 70 91 6 94 94 91 16 75 35 38 69 41 62 24 84 92 93 20 24 53 72 34 30 12 80 47 0 59 26 16 84 3 60 47 26 17 90 15 87 39 98 35 66 11 17 65 30 11 15 47 75 2 40 39 36 32 98 66 55 5 36 33 11 13 16 70 65 37 65 63 48 55 97 8 89 66 92 79 75 90 62 25 58 81 78 56 37 34 93 67 41 9 19 82 64 85 30 71 66 99 5 65 28 42 89 84 41 72 60 37 42 88 22 56 51 41 55 84 99 25 33 0 84 0 28 78 19 91 67 73 81 91 41 72 66 42 93 86 17 24 94 28 89 76 79 62 26 25 34 31 53 18 32 73 4 67 47 22 14 76 69 62 81 66 80 0 4 7 92 97 75 3 83 3 31 21 28 58 2 7 7 67 70 79 83 5 45 61 95 92 48 82 25 25 15 50 32 97 3 64 68 99 96 51 64 37 81 69 69 40 34 24 43 11 85 8 79 36 77 3 15 48 15 48 37 49 39 19 76 81 2 68 76 41 20 95 39 92 50 75 25 36 30 8 56 49 59 82 15 22 99 53 57 6 72 
36 85 30 12 87 8 93 86 40 47 5 77 91 45 14 79 12 47 79 59 16 96 46 41 65 8 72 64 59 62 88 12 58 23 92 35 66 57 87 37 42 86 0 76 29 23 71 14 61 35 91 85 50 58 68 58 47 83 58 76 51 80 61 16 62 5 52 26 71 54 14 58 10 18 54 42 38 32 46 85 21 55 45 38 32 36 64 29 88 90 35 21 69 27 99 81 49 76 16 63 15 79 28 31 43 1 71 22 62 35 0 72 17 28 26 18 36 2 66 91 57 89 18 7 83 62 71 51 58 56 25 87 25 25 82 30 91 91 76 13 79 79 38 50 90 21 19 65 47 55 62 41 41 9 32 65 72 8 32 88 89 2 36 47 46 97 52 52 46 91 21 63 69 6 93 32 6 56 75 80 97 11 99 92 10 2 42 64 62 51 18 51 44 11 38 62 89 84 89 1 38 78 53 65 57 65 41 90 98 60 12 96 35 51 85 47 68 27 49 14 29 21 71 95 40 80 95 45 70 35 41 93 44 17 55 48 73 60 5 49 66 42 45 49 74 44 51 63 91 27 82 81 25 33 36 88 73 27 27 11 67 88 5 24 27 7 48 99 10 61 96 92 59 43 62 15 0 40 83 13 84 87 25 46 32 9 67 22 25 65 42 97 5 72 47 54 86 3 84 93 66 10 22 7 44 32 39 22 47 31 36 24 4 18 15 43 33 54 47 17 57 72 7 84 79 88 14 72 74 52 93 13 52 26 80 38 4 50 82 56 54 67 39 68 62 90 33 25 0 85 9 34 76 0 8 16 67 17 83 40 32 29 13 47 57 68 97 33 34 41 42 1 14 50 42 56 48 86 33 82 53 19 44 12 43 3 4 31 4 0 27 80 93 27 58 66 58 13 55 81 
42 41 77 34 10 7 97 0 74 6 21 25 18 20 20 72 15 14 96 68 1 26 96 75 43 96 54 50 24 1 62 3 30 41 9 46 43 21 18 0 76 67 65 23 60 29 79 83 58 47 16 9 57 38 6 54 57 62 75 61 11 82 69 66 33 41 30 3 31 38 41 15 14 37 92 82 97 45 55 3 89 90 28 87 51 36 30 19 72 86 71 86 29 62 88 13 28 39 11 69 34 71 91 92 15 33 47 53 53 1 80 21 24 44 42 53 38 31 3 92 65 96 11 2 65 28 17 79 84 96 57 99 2 65 78 84 55 36 39 42 38 84 73 80 21 15 61 21 28 48 33 59 63 23 15 44 82 32 30 1 81 9 65 74 83 35 47 71 59 2 22 38 79 87 44 82 34 27 51 0 80 11 4 24 23 75 79 25 78 47 94 75 65 32 9 59 62 71 59 63 48 86 24 89 3 33 2 31 47 85 29 0 11 96 10 38 53 25 55 83 55 48 76 33 33 81 26 58 21 56 0 6 95 4 48 7 32 25 85 84 26 88 43 37 14 36 47 30 34 66 84 11 49 39 57 58 25 34 41 62 35 39 65 53 82 7 84 91 49 42 31 87 41 91 87 26 32 64 49 82 4 88 65 41 85 92 16 35 3 53 7 0 30 17 81 7 27 79 56 22 94 15 87 92 87 59 40 52 89 32 44 7 69 47 59 10 90 92 90 64 75 70 38 91 15 90 3 55 28 31 81 91 48 40 79 45 18 81 99 32 68 57 83 53 83 54 87 69 18 81 11 25 11 81 81 16 17 15 61 13 1 3 90 40 98 23 67 85 91 2 63 11 16 75 25 54 62 47 76 20 53 17 75 24 48 65 44 56 2 99 11 44 25 60 41 79 93 9 65 20 
7 72 21 94 21 33 90 49 77 57 44 66 34 40 82 67 48 18 35 54 29 48 45 58 63 33 91 38 93 65 27 11 2 62 89 35 8 10 38 43 99 64 46 20 27 18 87 32 67 34 66 78 73 20 92 78 98 64 49 3 71 75 42 70 65 35 70 33 42 49 20 95 14 65 4 64 98 12 8 85 2 70 30 69 38 62 4 37 3 73 3 49 53 2 33 66 17 52 66 8 44 34 27 97 76 92 37 3 42 46 52 99 17 32 44 39 59 28 1 96 85 90 46 77 13 22 19 40 62 4 97 48 34 47 13 3 82 7 31 28 5 69 76 91 76 70 72 30 78 39 93 54 20 17 84 53 45 85 38 84 71 10 30 31 22 91 87 90 5 16 10 15 73 18 7 53 71 7 57 31 22 49 88 36 63 93 43 5 47 60 44 1 65 27 60 27 88 18 79 38 53 80 51 10 88 34 10 71 48 56 4 53 80 85 90 92 62 68 21 55 76 5 50 64 51 19 5 83 95 47 0 51 33 36 6 26 85 41 81 44 30 62 45 79 53 50 26 50 98 21 2 54 11 76 43 18 56 41 73 82 63 18 20 18 8 39 49 63 15 76 3 24 12 26 11 11 98 89 44 54 7 48 40 37 34 32 36 42 67 60 38 9 4 98 65 5 26 62 62 42 12 92 21 24 2 77 67 45 77 48 15 80 58 75 84 50 66 11 99 81 39 37 43 10 44 12 86 77 54 53 54 42 16 69 39 78 25 36 17 50 76 26 82 66 64 53 13 12 39 71 99 19 71 18 1 64 70 40 85 88 69 73 53 61 12 97 17 0 95 15 63 33 26 51 55 92 23 2 51 2 76 95 58 42 30 84 94 49 86 74 49 21 34 72 16 1 66 73 31 14 
69 89 44 13 37 16 11 54 79 14 59 32 84 57 31 39 8 38 98 96 12 20 54 36 51 63 77 76 61 2 94 52 83 78 20 91 23 29 26 46 49 80 84 18 81 69 83 82 66 40 50 70 15 59 17 72 53 49 40 38 96 38 7 79 2 66 57 40 12 47 75 46 35 43 52 40 33 99 75 51 4 38 58 72 35 29 36 97 97 89 47 50 86 96 39 56 41 65 68 57 38 16 35 63 84 65 7 55 13 95 74 78 17 93 8 10 64 81 41 44 23 69 57 48 67 85 37 56 15 20 39 80 95 77 43 41 37 61 74 91 97 72 18 92 59 61 77 97 84 4 53 56 73 43 23 20 15 76 36 72 27 21 1 99 93 88 25 58 16 39 18 73 73 94 80 53 96 45 73 95 72 65 81 7 47 89 12 99 14 98 25 95 64 1 18 54 27 92 22 39 28 37 88 32 37 30 1 45 65 61 14 78 76 39 79 40 10 46 82 42 85 46 23 26 72 69 63 97 18 30 75 2 8 28 22 66 78 32 26 43 19 51 67 8 60 78 10 10 33 56 74 5 40 11 45 49 17 86 60 39 39 29 24 68 56 37 79 16 16 37 94 72 69 79 71 46 86 33 34 84 62 42 46 68 92 60 46 88 89 60 5 61 64 66 44 83 33 83 72 58 76 97 58 45 51 53 69 58 89 69 6 84 2 1 13 97 26 13 62 91 59 14 77 60 78 28 41 42 46 87 21 29 26 39 21 56 8 53 67 45 65 3 80 74 71 17 62 75 26 1 79 18 42 27 34 39 74 33 94 70 54 16 36 62 11 42 33 56 19 89 93 95 71 25 36 39 74 97 46 27 41 17 94 8 6 14 86 15 25 93 85 8 20 72 28 24 93 65 24 93 
96 80 74 6 57 18 22 13 77 13 40 38 19 21 85 79 64 28 33 49 26 13 37 66 32 23 42 87 38 38 18 96 88 75 73 68 25 63 43 85 93 44 78 31 5 30 68 18 7 22 57 91 70 80 37 34 81 11 62 24 33 4 31 93 53 75 52 8 23 74 35 93 12 53 22 57 84 49 60 30 59 47 63 19 31 76 64 28 32 17 59 34 74 47 5 50 80 42 70 52 20 40 0 63 22 14 74 8 25 97 19 80 45 52 69 57 96 25 35 10 49 69 61 4 27 44 27 16 68 31 9 80 31 73 90 48 87 72 16 5 11 95 35 14 75 79 59 50 12 80 73 71 27 59 62 98 92 64 27 93 40 5 62 80 32 97 91 5 83 49 41 57 44 47 2 54 99 13 22 58 47 30 17 40 53 68 50 73 85 86 0 89 97 20 46 78 33 30 68 46 89 28 60 87 0 49 19 13 30 92 5 95 51 68 85 63 19 33 48 21 70 5 81 31 13 5 77 38 36 98 35 24 32 36 40 93 19 44 28 47 64 15 36 10 61 42 54 40 29 76 20 8 44 48 8 42 36 69 33 33 22 84 63 38 8 47 58 36 16 25 37 58 79 20 69 65 39 39 10 83 7 78 25 96 70 73 55 48 42 66 16 71 82 35 47 81 81 35 9 99 77 65 47 6 12 36 22 95 62 12 81 71 84 25 48 17 94 2 54 34 95 99 53 92 67 45 77 89 16 19 97 26 24 70 57 80 72 54 26 8 92 54 15 62 98 26 89 70 77 84 85 41 67 95 3 25 48 37 93 53 76 21 91 58 44 28 10 20 30 8 8 71 42 57 64 80 21 16 76 89 1 42 54 74 79 62 22 75 26 81 80 76 9 61 97 88 67 1 79 60 
76 80 44 20 1 46 80 70 70 4 2 23 10 8 66 93 84 65 83 54 11 94 71 58 64 33 63 47 10 50 79 26 15 49 93 32 74 37 19 92 19 48 83 13 77 16 74 38 65 73 25 50 22 11 63 18 69 81 9 67 11 64 47 32 87 37 28 34 25 88 56 44 74 74 86 83 14 1 85 59 30 72 55 24 84 65 83 11 14 82 15 55 10 46 54 12 11 73 98 72 14 20 32 31 67 41 34 93 79 29 7 0 27 99 52 69 89 86 62 97 88 24 78 48 19 84 20 45 83 90 30 67 14 61 75 33 23 18 65 99 67 84 0 32 72 31 0 54 56 57 72 52 5 60 73 80 33 76 83 47 29 67 92 38 15 5 34 71 16 46 80 46 55 35 11 50 31 85 64 7 8 34 54 51 30 61 45 90 82 91 23 70 3 16 3 27 61 36 66 26 40 66 44 90 7 61 50 28 18 28 74 1 73 70 83 60 57 53 7 23 73 12 46 36 69 58 67 72 89 42 88 81 50 30 56 76 0 63 32 90 80 40 84 58 67 96 93 76 27 51 11 24 27 53 70 93 92 41 24 97 92 2 82 42 0 19 36 16 40 80 27 32 25 68 97 24 93 93 24 74 82 55 66 44 94 65 87 6 68 5 88 74 75 91 82 13 89 92 81 61 6 39 65 58 67 39 11 75 13 1 62 16 7 22 39 11 2 37 41 26 40 41 68 0 86 99 38 87 73 97 4 0 33 8 57 69 68 85 4 12 64 23 37 62 57 84 89 17 38 43 9 79 74 25 59 82 62 17 2 17 5 87 36 97 29 28 28 64 2 52 72 59 68 71 86 17 0 79 86 97 26 72 14 89 98 17 18 44 96 75 60 47 44 18 69 87 49 37 47 24 
31 94 11 60 6 68 18 18 26 46 52 95 15 20 32 90 58 48 35 23 4 7 95 97 31 21 2 54 61 52 49 66 92 97 6 27 98 71 33 17 3 76 65 12 58 60 69 2 46 6 16 53 49 98 10 6 91 48 25 75 72 49 10 84 7 51 80 77 38 98 14 52 38 52 39 3 66 3 68 7 10 84 72 76 24 86 21 95 30 28 96 40 54 2 18 64 23 82 2 68 91 37 82 0 13 1 51 40 74 65 13 98 88 15 45 92 26 17 85 2 53 14 65 32 62 24 60 16 72 13 94 9 90 62 90 54 52 46 62 3 17 88 99 56 26 58 1 42 26 82 71 70 35 86 98 77 76 66 0 85 40 84 31 14 47 8 23 36 1 5 99 2 93 92 51 7 40 47 50 46 93 73 87 39 16 41 1 52 86 9 37 97 12 30 97 74 97 74 15 9 55 53 33 46 77 49 86 19 93 1 75 32 96 89 26 22 8 82 22 48 64 82 6 64 20 78 38 15 2 89 48 87 52 41 10 33 93 15 53 35 63 66 83 58 22 45 46 24 41 23 53 12 93 68 28 69 79 2 92 48 87 90 76 22 92 26 28 26 74 96 87 90 63 24 44 41 66 95 33 64 88 35 3 96 36 62 39 22 18 54 71 6 86 46 70 98 24 94 72 30 76 52 49 70 44 17 36 54 92 84 13 32 53 22 31 83 51 13 95 33 77 42 68 74 57 28 32 83 4 74 99 27 31 90 80 35 16 36 30 95 67 52 1 66 16 38 32 10 46 38 41 46 45 53 46 39 48 31 64 25 5 76 70 96 87 66 3 30 62 96 10 20 12 70 31 21 96 12 93 11 53 32 17 44 5 2 90 11 37 22 91 51 67 60 90 80 94 44 75 36 
53 47 81 60 71 71 27 84 21 99 46 27 32 82 63 70 59 93 67 83 55 44 64 98 40 75 3 99 53 27 53 28 23 11 62 14 12 68 59 11 9 19 66 18 55 65 35 63 28 62 12 20 30 85 80 8 65 65 98 97 74 26 78 65 24 88 24 64 5 97 56 12 60 64 42 53 84 74 25 76 74 1 0 96 58 8 67 72 19 70 19 63 73 43 46 92 30 60 58 79 15 28 30 75 78 62 66 26 40 19 11 19 59 96 11 6 92 63 85 1 28 85 30 34 61 10 48 81 48 88 21 97 23 40 77 54 30 37 71 40 38 7 57 6 10 81 62 48 39 53 47 34 18 49 82 11 60 85 93 93 50 73 86 9 22 81 70 16 28 38 22 80 33 3 94 89 4 90 70 76 92 69 1 4 72 99 50 35 40 40 3 13 11 49 47 10 90 80 4 22 42 33 49 86 49 19 23 70 97 59 0 81 42 26 23 52 42 20 38 30 64 27 29 26 24 59 48 85 55 84 73 30 85 72 38 38 4 67 3 30 83 9 35 24 51 12 4 40 59 72 17 25 97 49 87 41 42 83 7 17 71 98 37 92 62 77 32 65 94 44 17 69 71 55 43 68 7 81 28 69 21 45 21 50 18 83 17 49 9 29 56 19 48 3 14 12 38 8 57 3 11 3 9 47 46 78 46 79 71 92 95 2 73 13 47 49 59 40 41 80 21 8 91 47 38 72 76 89 5 37 54 63 86 90 67 93 26 55 25 63 33 31 50 41 54 91 98 57 12 90 77 2 7 39 41 55 11 28 49 13 49 51 70 19 15 75 74 45 77 54 24 35 18 24 45 25 27 57 46 75 71 40 94 88 44 38 91 4 85 94 57 54 36 46 67 90 93 56 42 86 
55 43 30 90 24 51 11 49 47 66 12 45 38 47 40 93 29 84 66 0 32 50 6 76 0 78 74 28 15 43 62 17 19 92 39 19 48 0 47 20 75 14 90 85 35 40 9 0 56 69 34 52 94 40 70 38 6 55 36 51 76 4 5 54 84 22 29 15 95 61 31 78 0 69 24 27 38 7 79 8 95 49 17 9 82 35 33 27 5 61 52 58 71 80 85 0 12 93 77 69 39 49 56 4 23 78 24 27 62 9 27 77 49 8 59 54 59 31 42 63 26 77 39 63 96 92 4 75 98 52 34 7 89 4 82 77 55 32 25 5 36 8 56 43 59 3 65 94 72 86 40 81 82 2 20 17 13 75 61 10 53 95 82 26 54 35 97 26 56 57 18 22 83 11 87 8 71 14 10 29 1 58 74 0 18 2 84 87 67 30 14 83 43 25 19 70 84 48 96 34 21 31 25 55 25 2 75 42 15 50 4 30 80 69 81 37 15 68 25 83 30 26 7 23 25 97 27 26 33 96 41 90 64 65 26 22 24 88 45 76 51 14 92 69 14 90 68 30 92 25 46 31 5 14 23 30 56 20 76 68 35 73 45 84 68 92 86 44 77 21 0 91 35 94 5 37 21 75 15 91 70 71 88 84 77 29 60 34 97 22 58 10 2 34 30 23 9 95 6 8 85 75 7 94 29 93 96 35 59 37 53 34 38 22 16 62 74 28 23 39 2 54 89 40 80 78 32 43 10 3 2 80 43 90 13 89 90 0 4 15 55 51 87 94 54 17 51 40 30 15 26 21 10 83 6 87 2 40 69 58 61 4 12 51 69 34 48 80 9 50 99 47 63 17 59 8 51 22 52 17 58 76 73 63 19 76 44 53 91 19 64 80 33 86 39 44 89 63 52 33 
35 83 24 44 98 72 78 29 10 39 67 92 17 61 81 81 20 44 41 27 45 12 38 34 51 47 73 95 46 25 99 35 83 13 10 98 23 73 79 8 16 71 18 7 52 7 94 17 93 61 24 58 42 59 78 42 81 5 94 98 75 1 8 94 78 49 55 3 34 46 70 94 6 73 39 80 18 97 41 39 87 6 25 74 40 11 6 21 91 15 51 49 43 97 38 84 8 96 57 46 25 42 32 72 98 77 87 95 88 80 21 26 72 48 44 93 14 17 70 78 82 65 22 97 3 53 73 5 78 38 68 22 89 12 76 3 75 59 75 34 7 37 67 31 86 86 15 12 33 25 33 27 92 87 0 23 68 34 62 36 54 79 93 91 24 81 69 98 42 93 99 58 99 66 41 74 42 96 56 65 93 72 80 56 95 7 10 29 41 54 68 90 50 27 48 54 5 62 64 81 78 18 80 19 56 63 9 84 70 7 44 7 22 16 35 50 98 76 60 5 70 62 81 67 25 5 69 77 30 81 46 31 17 84 37 45 26 94 38 72 54 92 61 73 49 7 14 86 58 9 20 81 39 95 26 38 45 39 81 50 62 0 93 20 59 2 69 72 36 73 77 94 43 49 21 22 47 66 68 15 18 9 85 71 58 75 12 77 32 93 18 77 78 39 67 37 60 61 15 85 99 16 25 31 84 89 83 93 50 15 32 59 2 26 99 36 2 79 8 71 9 99 18 24 74 68 83 14 3 92 16 32 96 22 77 33 14 42 87 48 90 12 4 25 85 91 37 70 65 61 35 63 5 51 60 49 18 9 22 15 39 21 15 50 76 86 14 47 2 5 25 55 42 90 7 19 97 62 8 13 35 76 42 86 68 19 32 16 25 18 85 27 91 77 98 46 61 18 40 98 
2 88 84 88 3 68 88 69 6 78 41 94 8 4 22 69 58 40 85 46 62 94 27 10 53 97 24 4 21 22 70 91 23 55 34 4 70 0 46 35 88 87 25 29 66 67 35 42 79 47 13 99 84 45 3 57 11 58 7 85 65 99 85 35 23 21 96 11 64 88 42 73 84 32 45 73 4 34 87 62 74 87 69 30 55 57 31 15 48 70 42 90 12 35 26 42 0 19 7 28 91 57 59 34 61 32 65 86 38 36 86 96 24 15 52 58 1 16 89 49 81 69 79 47 77 56 59 68 60 77 78 85 83 33 41 75 10 0 41 61 77 58 17 13 97 51 8 89 4 81 87 86 36 16 95 48 75 84 44 60 61 35 75 40 26 60 65 68 74 65 7 92 76 26 7 83 70 23 22 71 6 20 33 72 38 39 58 14 16 42 1 23 23 89 60 7 77 48 98 82 75 77 83 84 27 99 80 37 50 8 16 91 76 76 54 99 21 42 89 23 57 74 23 1 71 70 0 41 60 8 52 53 13 55 80 55 31 39 57 2 84 43 98 23 25 50 31 94 34 93 56 47 79 67 12 6 94 25 45 42 34 3 62 31 65 84 23 39 48 57 14 19 1 51 32 27 73 0 52 26 42 26 4 33 87 14 1 56 23 20 67 33 38 15 99 50 85 89 7 71 63 49 67 40 84 53 15 64 49 35 63 20 76 73 87 76 39 67 49 79 37 51 95 79 11 90 62 24 88 66 65 9 82 41 33 61 71 25 2 94 11 38 7 20 3 91 60 72 66 15 91 88 20 41 92 69 78 56 82 33 3 43 51 89 2 84 29 72 61 17 88 92 93 90 78 10 98 40 1 74 85 37 57 62 45 7 65 29 84 89 36 43 68 62 29 54 50 54 96 38 
93 65 31 58 37 61 13 29 2 64 19 63 83 13 94 52 25 7 69 69 6 6 33 42 82 48 56 97 64 48 23 86 20 29 98 15 47 28 48 67 52 6 95 80 54 7 65 7 41 80 97 74 73 3 2 20 78 14 82 89 84 12 64 11 92 92 83 7 13 41 8 14 87 95 13 49 87 60 21 42 3 31 10 38 58 46 96 43 44 86 7 58 46 59 32 16 35 48 21 94 32 96 20 56 87 74 28 43 97 37 23 91 87 96 82 83 31 81 64 58 69 1 65 75 73 74 69 12 20 33 74 15 21 79 50 86 33 70 42 42 3 77 63 96 87 15 97 32 32 33 82 33 99 87 73 45 45 72 84 40 54 26 64 37 16 75 4 2 7 8 53 8 36 15 90 70 78 79 98 18 22 6 44 59 32 25 49 12 42 17 53 82 67 68 90 71 71 21 9 30 60 1 11 32 73 43 37 62 95 1 26 40 7 39 92 88 77 82 3 38 22 12 72 95 81 27 29 74 95 53 19 51 28 86 69 97 65 77 35 95 12 88 73 10 71 98 66 19 78 14 87 16 1 71 92 53 24 56 34 65 97 54 46 40 10 83 68 32 94 55 10 58 47 3 38 68 88 42 55 59 34 33 22 38 52 90 84 3 90 6 35 95 53 49 60 19 3 33 91 7 78 96 9 22 44 26 89 94 55 61 44 6 86 77 73 76 50 21 91 94 69 85 85 50 19 11 76 79 45 30 30 47 92 19 15 27 39 62 61 19 2 43 2 23 55 10 93 71 97 66 39 78 63 33 68 27 65 45 92 46 83 24 29 32 23 23 17 94 39 16 3 55 84 6 25 35 91 82 5 21 33 61 39 25 61 78 62 29 60 97 26 14 88 21 58 56 52 57 7 74 
11 56 74 42 6 38 73 42 48 38 45 54 92 90 70 22 14 25 30 32 59 7 88 95 19 59 19 19 3 42 39 43 95 74 74 29 6 86 21 75 98 71 44 3 24 86 41 39 67 55 27 17 31 71 30 16 41 72 3 50 29 44 85 19 6 70 38 37 74 17 83 43 23 69 44 69 75 82 51 86 84 30 76 58 63 74 6 97 73 60 17 93 43 44 60 40 13 13 10 12 6 21 49 12 68 5 2 81 36 81 30 79 22 66 69 93 81 56 96 50 8 75 42 25 52 20 47 86 60 41 38 49 99 3 33 47 71 45 9 64 19 85 63 14 17 3 41 41 72 55 70 80 20 89 6 69 69 77 46 43 95 24 9 24 51 3 89 61 87 44 21 90 69 55 51 79 9 68 39 69 88 6 2 47 48 11 11 71 37 75 23 67 34 91 71 22 35 69 61 86 98 37 91 76 19 30 86 78 54 0 78 78 55 92 0 77 95 32 97 61 10 39 30 49 29 76 57 76 2 18 70 97 85 55 28 42 33 4 35 92 7 30 41 20 14 19 54 49 56 17 90 19 44 4 38 66 60 96 81 75 62 53 38 51 51 23 37 5 18 55 15 42 28 19 34 65 30 23 79 53 75 6 80 22 29 89 39 53 45 30 95 48 75 39 18 98 94 38 77 78 60 12 3 68 63 3 12 61 18 34 20 89 16 9 38 99 53 32 29 6 37 20 91 43 82 51 92 82 21 77 72 10 97 70 41 75 28 86 44 81 18 25 13 74 72 89 9 81 36 73 86 72 16 69 14 24 62 33 30 97 5 86 21 58 61 62 38 25 13 80 34 22 83 8 83 51 7 38 0 40 68 88 24 73 5 63 20 63 60 16 47 13 30 95 40 5 80 35 31 98 
76 27 79 94 84 51 54 17 78 46 80 42 5 98 95 71 72 85 10 85 14 91 13 38 46 49 97 96 80 12 40 12 54 11 48 94 73 83 34 7 60 86 66 73 96 90 34 59 2 10 82 6 82 58 40 88 9 27 62 7 43 59 56 18 83 69 1 28 7 59 23 31 44 8 27 75 30 16 67 42 58 62 15 30 86 96 41 81 68 82 89 6 0 7 52 75 72 87 69 25 10 59 76 77 86 45 90 42 55 39 55 40 46 94 63 5 78 13 78 30 86 65 10 7 97 23 62 50 2 21 36 36 36 51 97 79 37 78 59 67 72 9 23 68 46 33 8 31 59 30 56 8 31 58 7 16 85 79 95 69 2 26 18 93 83 89 3 23 15 32 54 82 34 40 0 2 69 20 62 53 84 0 37 68 27 39 87 30 68 99 43 87 9 42 61 43 14 2 56 18 68 50 7 71 93 72 91 60 91 82 52 14 57 69 6 13 61 79 46 36 51 41 61 0 72 18 62 46 88 87 87 6 62 24 38 86 11 76 12 24 33 31 32 36 6 57 84 63 15 55 24 27 41 60 81 35 0 72 17 85 68 88 48 60 82 1 4 33 83 90 19 12 91 87 54 20 33 23 63 53 57 6 67 39 4 90 0 1 43 88 8 33 76 16 6 82 40 5 86 59 68 43 35 52 89 64 44 7 17 80 36 22 29 46 78 92 12 63 1 96 51 34 96 18 14 1 72 91 41 29 90 10 44 35 75 30 82 35 45 96 69 16 21 96 77 23 31 72 8 62 81 50 44 48 96 96 24 31 24 18 72 28 77 86 62 95 45 8 57 79 29 44 28 0 61 82 68 77 81 2 55 10 69 22 35 16 63 24 33 51 87 58 40 31 98 51 9 57 70 48 
24 7 4 76 91 38 39 94 89 58 74 48 39 94 89 68 40 79 61 67 3 77 93 68 72 40 74 95 12 18 99 94 85 68 86 76 65 49 56 85 51 11 38 86 38 90 53 52 66 33 16 46 28 20 4 51 74 4 74 74 6 39 9 15 2 80 28 0 63 3 11 95 94 73 75 22 10 81 42 13 98 51 86 20 26 50 61 36 71 73 56 12 98 57 49 59 93 90 65 63 69 37 2 18 62 73 84 94 15 36 42 56 94 91 24 35 3 38 45 43 4 16 92 22 39 11 40 27 82 2 88 54 44 48 82 30 23 33 51 67 48 34 37 71 36 20 2 51 36 48 71 37 38 85 24 65 94 66 42 92 19 32 68 9 57 31 50 39 27 0 93 88 16 1 37 92 93 38 73 48 49 53 24 34 36 57 1 53 10 23 24 98 2 37 49 51 57 25 81 60 73 31 6 67 33 66 95 55 66 41 28 79 32 56 85 30 11 92 44 18 16 15 37 71 26 94 15 92 89 27 75 60 94 44 54 76 13 38 85 27 89 74 82 98 21 0 86 56 54 75 20 82 4 52 59 64 22 87 62 5 88 86 42 12 5 26 61 61 70 49 70 28 66 60 94 54 65 87 15 82 45 22 34 8 43 59 29 31 79 5 8 85 97 54 16 57 80 44 8 76 81 56 61 86 0 53 68 0 7 66 0 60 80 20 56 20 56 45 21 6 70 27 30 55 49 0 25 46 9 10 64 40 82 38 43 46 76 88 38 39 58 75 65 79 28 9 1 39 55 75 80 44 93 67 17 17 79 96 14 34 95 33 72 64 65 32 25 33 37 99 66 13 75 75 33 47 86 96 77 84 32 30 24 67 96 80 24 67 39 50 79 84 72 7 96 59 82 66 53 40 
85 95 24 30 81 95 79 70 87 24 89 45 32 29 16 81 58 38 40 34 55 8 42 58 73 81 16 84 0 35 35 50 14 9 55 25 83 73 71 37 43 29 64 86 17 81 81 64 84 48 88 90 89 19 62 77 17 19 69 55 67 28 21 78 37 94 10 30 8 65 78 23 78 95 59 84 57 37 19 3 92 34 97 29 56 62 99 77 31 55 95 55 29 61 91 79 89 50 36 28 76 22 63 99 36 29 76 16 98 37 55 22 98 45 98 69 98 28 79 17 21 74 58 4 79 55 48 34 75 89 21 11 44 40 60 77 10 56 48 42 23 98 57 95 76 18 84 48 69 68 54 25 58 9 3 51 67 51 24 87 75 3 83 10 62 44 35 81 67 23 16 44 8 24 28 99 53 30 41 68 51 76 77 26 11 19 14 88 7 14 68 93 65 16 83 75 50 59 33 84 49 26 73 1 58 3 10 42 98 29 68 3 6 60 13 2 18 33 5 60 1 24 62 65 9 41 63 26 2 62 13 59 98 41 43 20 44 91 65 53 58 62 66 7 80 22 22 5 33 27 88 47 23 56 56 41 22 74 76 24 83 62 62 53 40 95 14 4 55 73 2 44 52 62 34 55 2 29 49 23 75 67 56 65 95 70 21 3 58 46 15 4 84 23 27 86 15 35 17 10 2 41 79 78 80 36 49 74 10 5 47 14 56 27 90 60 24 27 96 68 0 29 46 34 30 28 23 80 33 29 42 13 7 62 25 39 47 50 85 87 26 45 87 22 52 20 87 3 50 32 43 32 64 43 90 38 40 3 58 94 98 99 24 65 69 46 70 56 71 55 39 3 31 97 53 71 41 62 91 59 53 75 58 81 4 85 72 45 50 27 19 69 63 6 43 25 15 87 43 19 
16 51 98 2 22 94 77 7 49 90 13 99 49 26 44 23 64 65 98 33 35 14 20 63 81 14 42 13 38 79 27 26 41 38 34 48 78 81 88 14 95 74 56 10 9 49 35 37 76 83 39 74 29 44 49 48 91 1 15 53 10 15 76 86 77 79 25 68 63 89 80 71 32 67 75 22 16 87 2 6 61 9 75 84 70 20 43 62 23 81 68 93 35 88 28 12 54 27 34 6 47 79 69 75 52 20 78 63 32 0 5 74 71 98 51 88 56 2 79 94 28 3 55 5 44 12 46 36 8 96 22 68 33 45 55 75 35 50 46 25 25 32 99 62 68 53 26 37 50 28 46 20 61 14 19 28 5 86 88 75 3 38 82 95 9 5 11 29 57 53 56 71 61 47 81 71 43 24 15 27 54 67 68 29 44 96 65 31 2 12 75 66 65 39 29 55 58 0 26 48 46 69 51 90 2 77 66 77 70 7 21 2 86 68 38 86 45 89 65 78 92 63 65 56 55 23 99 3 37 46 94 82 31 18 44 47 76 95 99 58 34 95 23 68 43 69 98 56 57 43 93 11 84 33 63 77 52 74 96 73 18 91 76 78 66 27 93 70 2 72 21 44 93 29 56 20 12 42 98 93 15 23 82 58 92 33 43 14 75 17 15 38 91 97 87 21 18 83 86 21 22 43 94 29 90 90 86 95 77 96 9 74 23 84 93 63 47 84 87 67 97 83 37 32 53 33 17 21 36 67 6 55 57 40 19 63 12 36 28 7 17 94 33 98 13 4 14 63 71 13 79 84 62 53 99 7 65 24 88 30 71 18 16 68 51 24 60 72 13 42 5 23 82 8 98 74 46 86 50 78 18 35 63 77 81 68 95 81 43 71 71 40 9 76 36 95 22 2 52 64 
67 8 69 99 60 99 94 72 34 26 59 81 54 9 91 47 28 73 11 25 30 63 60 54 82 71 60 64 85 23 59 52 42 10 77 44 46 86 55 45 25 42 58 77 0 66 44 95 49 60 31 94 80 90 28 18 94 20 20 32 49 75 49 50 96 96 29 42 61 99 81 25 49 97 81 85 24 60 57 77 83 31 88 32 52 71 8 55 87 89 44 13 10 21 90 40 47 48 39 85 86 86 28 62 22 8 20 48 84 21 77 17 23 70 0 3 87 85 34 77 10 61 52 24 25 64 31 0 77 53 66 17 6 59 38 19 70 6 21 57 77 38 19 84 43 52 32 31 58 60 11 44 96 84 9 16 20 66 62 62 64 46 27 78 51 9 80 58 39 75 90 22 65 4 48 42 69 3 96 75 89 50 28 10 91 85 18 32 39 5 55 23 89 80 89 61 39 50 2 67 32 39 70 69 18 26 4 88 48 32 26 18 52 16 26 57 34 36 68 93 45 74 47 34 67 52 48 48 40 28 77 80 32 15 23 35 65 88 60 34 6 16 65 41 70 64 53 46 15 31 84 29 69 40 49 76 3 75 81 2 42 76 38 13 99 33 63 13 93 7 22 37 72 8 14 13 53 53 17 95 22 59 63 83 86 15 77 6 14 96 94 78 29 76 85 91 41 45 22 92 64 79 40 60 2 1 45 40 61 0 18 80 79 11 68 3 62 30 70 90 83 76 17 10 16 31 81 15 99 65 65 95 58 53 57 65 58 1 77 77 52 86 68 42 3 45 42 6 33 87 11 99 23 21 92 26 82 93 10 81 1 34 44 31 88 93 90 13 84 46 36 0 74 64 86 96 70 63 99 98 78 14 71 59 29 58 47 71 57 17 96 50 66 10 54 91 43 14 84 94 
89 43 79 4 90 90 29 4 20 51 44 44 44 92 93 85 25 88 80 25 93 14 94 92 55 67 67 46 43 57 97 61 34 33 20 74 33 13 47 79 40 53 9 78 14 20 71 4 24 26 81 41 81 42 39 82 69 64 30 76 21 16 45 91 84 54 79 16 44 27 94 0 32 14 29 57 55 88 51 83 97 33 3 97 39 90 53 69 11 13 71 68 48 88 98 15 59 20 5 97 87 39 61 78 57 3 94 3 23 41 66 16 84 34 61 12 95 38 12 54 6 82 66 47 64 19 8 72 46 82 11 41 61 59 97 17 14 58 5 21 69 84 39 59 96 75 72 30 46 69 70 7 2 39 57 57 42 90 55 52 11 63 14 34 90 42 93 57 61 7 91 43 33 61 2 56 88 74 59 68 11 21 64 62 28 9 0 18 80 26 77 33 11 0 6 37 21 5 5 49 84 20 83 80 26 41 11 40 9 80 53 54 88 66 81 31 66 72 26 10 54 36 60 3 8 12 95 28 29 61 16 2 80 63 85 40 39 83 46 36 46 94 2 9 99 91 95 41 0 67 99 41 24 8 52 78 5 16 58 95 30 42 53 6 25 75 64 17 79 99 97 40 48 50 41 72 41 18 27 7 98 61 39 7 45 45 14 30 58 9 14 92 73 45 11 11 40 3 52 97 32 42 66 78 21 9 0 35 63 20 41 38 38 34 12 9 47 85 18 6 14 34 13 93 70 73 26 21 44 76 45 44 38 75 12 15 47 5 73 86 95 98 48 50 20 84 22 58 10 13 18 15 95 41 63 86 27 20 99 68 62 37 98 30 12 74 36 32 29 56 47 94 74 50 0 16 76 40 32 85 16 95 81 15 28 94 19 91 26 60 71 86 76 16 36 47 47 46 46 42 
75 46 18 92 14 43 40 51 86 52 89 84 37 91 94 25 12 14 9 53 8 52 65 8 62 62 96 87 64 26 38 4 31 75 94 11 80 85 42 55 93 76 4 61 26 35 40 66 35 46 9 34 1 70 77 10 24 20 9 75 38 11 90 93 14 89 32 6 19 77 92 95 92 93 56 17 50 7 99 68 95 43 49 72 64 47 62 86 86 66 29 31 16 74 90 52 18 38 32 1 66 69 39 78 74 80 47 3 48 29 62 5 59 36 5 61 32 41 91 94 0 60 26 43 36 14 49 29 96 66 61 32 92 1 10 74 45 58 77 21 45 47 78 28 20 64 77 47 92 76 87 75 12 6 45 59 31 55 19 1 29 19 93 9 89 19 4 20 44 43 93 84 0 32 57 58 69 21 11 90 38 6 89 90 54 58 93 68 63 20 40 18 69 27 43 66 39 70 95 2 67 69 35 29 57 11 59 11 60 15 86 42 42 70 98 84 17 17 99 94 98 96 10 96 7 36 23 71 22 87 59 38 49 45 57 40 57 79 34 40 63 67 56 79 13 16 16 84 52 57 32 90 30 50 82 23 91 74 43 97 90 19 59 53 27 96 40 15 45 56 8 34 3 2 8 49 90 10 36 5 37 34 3 56 41 10 84 23 75 42 11 9 34 69 72 51 9 66 66 27 19 55 91 37 9 37 21 55 4 57 7 19 21 83 53 0 61 61 58 24 72 66 77 79 29 15 71 92 35 51 2 18 74 46 46 80 15 36 19 25 49 7 80 39 37 59 1 2 75 46 2 20 8 87 49 12 26 97 28 18 57 92 70 53 11 60 59 23 20 37 8 4 97 53 70 24 82 14 33 83 69 93 79 24 50 88 36 67 52 78 77 6 55 80 6 57 61 67 56 47 
74 30 62 52 37 35 32 22 48 71 42 84 80 53 60 38 52 28 58 73 35 78 74 30 39 95 28 98 75 19 59 94 91 81 50 92 11 0 24 17 5 25 12 5 26 30 90 42 66 80 61 45 29 26 82 90 9 19 94 13 78 77 94 68 31 17 78 32 68 66 65 73 84 97 26 0 86 62 44 20 59 20 67 4 8 9 82 0 15 26 45 89 22 57 9 47 2 93 99 74 45 45 36 9 36 59 45 48 75 35 75 52 72 40 97 55 33 81 67 81 58 16 32 3 84 79 38 51 16 13 63 24 65 31 46 41 25 21 78 46 81 59 48 50 42 33 2 41 48 23 79 32 80 40 7 77 68 93 92 90 10 15 2 54 45 7 13 83 39 58 80 79 18 40 10 4 71 76 41 72 48 95 52 15 1 97 82 39 96 43 66 64 10 76 7 99 54 14 91 72 14 3 52 7 16 21 35 58 54 93 59 76 8 19 79 3 67 5 16 88 42 26 38 87 40 40 26 6 28 37 88 79 31 93 49 50 60 85 77 23 0 30 70 10 35 1 15 48 10 34 90 7 45 56 22 38 11 80 69 89 87 82 56 83 20 50 56 4 9 97 35 21 8 5 25 34 66 68 16 71 19 10 75 90 56 57 82 23 40 21 66 31 5 85 66 88 18 6 87 12 33 27 35 78 31 30 40 41 95 77 24 67 18 22 46 9 18 50 17 27 23 85 95 74 50 46 42 87 76 75 82 58 48 98 84 90 24 56 11 68 89 44 54 63 60 39 5 24 74 63 56 74 2 24 17 8 73 97 43 31 35 80 13 22 39 63 95 2 7 61 17 86 28 60 29 13 55 42 52 82 98 75 3 46 75 89 50 20 4 15 32 13 44 9 83 44 82 32 3 21 
87 79 17 78 70 40 44 94 62 92 89 6 77 69 96 73 24 87 9 89 14 59 95 35 56 17 7 75 52 9 62 79 31 82 54 27 68 85 96 71 33 10 67 32 55 22 72 79 18 49 52 94 85 10 32 32 45 62 10 75 85 70 28 43 7 25 30 63 24 58 10 61 20 29 27 23 44 67 25 35 72 79 4 87 47 38 65 28 8 84 27 30 36 32 75 68 90 37 51 64 60 58 63 10 14 73 60 29 86 1 19 77 88 78 65 23 28 51 99 2 16 69 68 31 78 36 20 34 22 43 76 88 47 3 23 52 14 52 62 6 79 31 29 22 56 21 8 29 1 85 33 98 26 20 25 41 12 43 88 73 8 38 30 93 38 22 64 14 69 40 19 26 37 58 20 86 42 48 4 84 39 26 82 3 87 11 72 54 12 16 3 58 61 50 8 28 13 85 69 74 15 4 17 60 60 27 86 22 43 65 63 65 29 27 67 84 67 77 49 73 56 39 60 3 33 29 69 59 70 60 92 7 23 15 10 14 60 73 14 34 53 68 42 7 70 67 89 39 90 61 3 90 37 70 59 55 62 40 55 67 33 13 5 16 49 87 36 35 29 36 83 32 48 30 50 37 85 91 97 35 22 0 72 54 93 93 24 64 35 18 25 34 59 49 3 60 38 49 79 91 50 69 79 68 73 54 36 17 78 56 82 50 8 32 4 91 80 98 26 92 66 0 74 85 86 57 25 83 9 1 76 74 45 30 89 10 31 30 90 99 45 14 14 35 64 83 55 71 75 77 28 28 73 14 60 35 12 13 60 84 18 45 6 6 29 33 89 82 70 8 55 39 47 72 97 33 32 69 93 44 47 41 35 28 11 0 77 91 58 14 0 29 20 7 20 1 57 89 99 59 
10 78 69 42 72 4 31 9 80 3 47 13 21 98 15 79 53 87 40 91 32 13 28 67 31 9 16 34 89 56 85 83 47 25 53 72 79 92 18 26 81 70 34 67 94 72 36 78 99 70 83 32 22 66 70 83 9 84 19 83 90 8 36 8 29 40 42 55 72 51 14 7 2 5 75 66 56 58 93 74 95 81 44 49 93 96 88 3 17 48 32 2 71 0 76 21 3 41 39 47 34 69 34 18 90 89 89 57 33 1 45 72 60 80 46 7 50 83 27 89 52 43 80 4 83 64 41 24 15 32 7 65 9 29 76 66 60 62 64 23 78 2 60 28 36 55 8 37 56 5 40 59 94 2 30 10 98 10 78 34 29 44 90 22 23 65 77 35 30 87 95 41 3 30 38 31 43 53 43 19 15 52 86 36 79 82 2 27 80 70 30 26 95 59 33 50 42 2 52 56 66 58 44 9 47 68 46 71 32 18 82 61 69 99 89 75 18 23 5 62 41 74 51 33 99 79 66 15 0 99 5 30 44 57 1 37 97 44 59 63 52 17 36 94 44 14 54 82 26 53 75 41 43 30 7 36 80 94 16 4 86 17 68 87 51 46 4 31 40 92 95 87 85 0 52 7 33 0 52 91 18 46 87 44 31 14 37 58 61 69 62 92 86 40 50 24 23 90 44 98 53 26 86 65 53 29 91 18 57 80 63 81 99 56 58 48 49 48 48 25 29 36 95 66 20 98 53 85 52 9 67 98 99 97 5 20 71 6 37 35 77 22 0 34 3 11 80 33 54 88 37 80 52 24 96 26 65 74 79 18 9 29 53 42 26 77 94 74 13 74 42 36 8 70 56 9 14 67 1 99 8 62 55 61 11 71 58 1 89 35 57 81 81 66 6 76 69 76 94 59 
29 40 5 92 16 69 95 30 70 92 23 28 15 9 45 30 41 42 72 56 51 67 29 77 44 80 6 2 85 20 77 9 47 6 28 36 67 45 56 75 32 13 1 14 29 32 2 75 90 50 45 23 9 0 26 59 55 29 86 98 26 55 64 14 37 3 8 19 56 1 28 69 68 49 56 48 41 52 13 73 78 14 61 53 5 7 0 23 52 80 55 70 51 19 80 86 72 92 82 28 32 2 15 93 21 32 32 56 69 29 98 15 2 67 44 27 3 40 92 58 74 28 87 52 92 68 31 32 40 88 89 68 90 63 34 12 74 56 43 28 87 90 24 56 83 58 21 6 7 19 68 88 20 36 82 24 19 78 24 35 57 36 51 27 41 4 70 5 29 3 9 17 78 35 93 68 74 87 97 59 57 43 76 62 8 46 75 65 70 15 26 76 32 18 58 67 67 76 80 95 46 91 56 6 35 36 45 74 67 50 26 39 4 78 44 56 99 17 86 23 39 63 84 30 86 13 42 87 78 49 52 39 97 67 79 27 18 66 45 58 36 83 47 50 10 69 19 45 91 80 50 14 76 72 66 90 6 66 55 56 42 23 42 7 31 8 63 62 45 33 80 40 93 0 3 48 79 31 95 76 74 78 83 23 87 66 64 15 8 50 60 83 39 40 9 75 44 35 85 40 88 63 38 14 36 55 12 5 91 13 61 62 57 75 71 48 40 1 79 1 11 77 67 53 1 22 11 38 52 37 48 75 32 25 20 57 81 67 58 27 96 41 74 2 5 13 44 53 60 94 10 6 33 1 56 37 98 47 18 37 24 73 69 61 70 11 40 87 23 49 47 31 81 70 56 62 65 58 25 26 27 73 81 57 82 15 36 83 80 94 92 34 91 51 10 42 64 36 19 10 
71 8 88 88 89 18 60 10 67 91 92 64 55 20 78 85 62 31 75 83 45 85 47 75 77 41 81 23 91 30 98 45 4 39 38 79 67 91 77 39 31 27 11 26 68 46 75 92 94 95 10 12 83 6 68 21 36 35 84 36 7 84 80 76 47 66 7 18 96 97 42 17 1 90 72 53 53 81 76 96 35 41 52 50 8 23 17 53 64 49 6 78 59 67 37 5 88 45 3 85 53 79 36 84 38 55 39 60 35 54 24 98 77 94 12 77 79 34 65 81 60 60 21 24 54 78 51 74 49 72 12 59 13 72 57 98 32 89 48 48 73 54 6 41 94 30 44 92 11 5 6 63 10 58 27 44 23 63 6 78 13 43 6 77 77 52 22 27 88 15 24 90 70 45 29 18 71 24 25 68 9 27 10 21 4 77 4 92 99 20 52 39 50 81 94 29 51 32 14 72 11 21 24 34 51 76 97 10 30 68 33 97 8 69 8 52 70 7 41 14 60 0 97 29 38 11 97 12 86 6 26 79 12 61 17 17 85 48 76 92 18 64 54 13 69 26 50 78 5 45 62 72 2 99 10 36 53 52 46 43 85 17 85 66 14 93 64 94 91 52 89 10 70 54 86 51 70 87 98 35 97 40 54 20 83 19 21 13 93 13 49 84 48 12 8 14 47 92 49 83 14 75 88 11 24 67 87 34 9 44 55 43 57 53 95 56 73 44 38 43 84 58 39 39 30 22 30 60 91 14 31 26 95 38 31 10 57 51 62 84 1 2 59 32 48 14 15 40 90 38 92 66 78 72 10 37 31 9 61 17 44 60 9 87 72 68 25 85 2 19 77 23 4 36 75 64 82 20 49 53 26 53 34 27 97 61 1 19 22 60 38 30 5 1 87 61 1 86 18 76 
92 44 85 99 42 59 54 64 0 78 57 52 28 45 1 74 36 12 70 48 64 56 64 5 28 93 70 83 71 96 84 64 18 21 67 51 84 50 5 22 89 10 58 16 72 60 0 30 11 63 79 56 10 95 49 35 59 52 91 17 20 47 14 68 7 36 22 0 88 47 28 91 20 0 80 63 16 26 73 2 83 27 90 29 24 88 5 3 67 29 51 50 79 33 62 52 90 37 50 39 17 93 38 78 50 92 36 72 76 52 66 19 59 78 53 14 3 90 90 30 1 38 12 89 70 26 42 75 3 97 9 4 50 23 70 24 7 4 94 44 47 37 30 45 42 20 81 23 52 16 0 45 64 46 58 7 53 72 3 46 28 68 73 3 80 23 1 0 69 50 52 75 88 76 19 27 2 24 93 64 40 61 39 58 17 59 68 71 80 68 66 2 8 69 49 53 89 6 9 69 34 17 23 39 83 15 3 53 81 69 1 69 29 49 21 44 80 5 44 89 3 46 59 19 87 75 16 53 98 93 2 18 85 98 25 27 6 24 12 89 8 65 47 61 97 63 47 23 32 90 42 17 41 84 10 21 58 80 96 95 18 32 8 48 86 3 70 91 78 96 49 97 30 56 6 50 72 97 28 33 9 57 26 0 95 49 5 31 55 52 66 15 66 89 34 71 49 58 31 50 50 10 68 9 85 50 88 96 59 57 61 98 7 72 79 47 77 59 10 90 27 33 78 9 92 32 60 90 71 95 31 95 76 57 95 1 83 29 21 98 81 68 6 14 62 99 28 66 48 99 72 61 64 20 69 34 25 99 10 12 90 78 1 37 83 33 13 10 88 11 16 3 7 48 11 84 49 43 17 59 41 11 80 61 71 74 84 18 27 49 52 79 82 98 43 87 65 9 77 2 
55 90 41 67 64 80 56 74 57 0 58 84 15 11 12 91 92 42 25 45 69 9 39 89 5 92 3 17 5 38 87 73 62 11 38 88 11 97 79 74 42 82 74 60 93 56 22 62 22 48 5 37 15 39 12 8 10 8 7 45 12 31 33 45 0 22 53 71 79 23 91 68 74 60 21 35 25 79 83 80 32 14 42 74 19 34 38 66 70 91 8 29 58 25 91 8 12 18 24 16 13 16 50 87 5 37 74 34 2 87 72 51 97 70 36 82 90 73 91 61 77 3 92 34 69 19 10 89 63 18 24 2 65 76 16 45 38 44 24 39 99 93 62 68 39 85 97 12 11 42 13 69 80 24 5 89 32 81 50 69 50 0 79 57 64 20 36 32 66 71 45 86 75 14 1 60 33 12 66 49 71 33 33 37 28 57 62 7 60 72 49 50 46 96 72 70 29 56 65 76 3 5 40 9 18 64 86 41 58 6 61 28 61 87 40 64 76 70 77 57 78 50 68 39 95 3 77 55 26 71 52 42 83 79 6 29 29 23 46 67 39 65 68 50 67 50 52 27 51 61 80 51 54 90 51 2 41 44 9 20 5 79 34 48 4 67 29 29 98 58 56 82 6 48 25 85 36 15 48 69 9 66 49 91 11 60 52 2 65 80 31 89 46 86 35 70 94 64 40 39 24 67 41 44 12 19 57 18 91 10 61 40 20 10 28 22 40 27 9 25 8 70 14 38 75 50 46 47 37 46 19 0 86 33 42 69 35 80 79 60 78 76 24 74 98 97 23 42 13 51 76 11 57 57 15 79 56 35 37 48 18 89 19 59 61 48 18 95 18 88 60 5 43 68 38 34 87 40 15 65 20 39 30 97 62 91 49 60 77 87 67 35 75 64 61 25 34 90 50 3 
54 41 10 36 94 85 11 64 75 48 23 62 82 53 88 82 45 25 42 34 49 36 47 35 97 73 28 44 53 43 43 64 63 2 83 32 42 98 28 7 63 72 27 46 62 38 51 80 62 1 55 39 2 87 6 92 67 69 86 39 63 1 9 55 37 34 77 15 12 50 10 80 16 66 88 13 69 33 0 13 10 41 96 72 52 27 88 1 31 40 41 98 79 22 98 10 75 38 29 54 92 63 66 39 70 62 4 42 34 15 75 71 80 75 69 95 59 40 4 0 29 78 59 56 48 54 99 23 88 55 53 67 92 25 21 47 38 47 80 81 29 13 33 69 27 7 41 79 4 12 0 87 15 37 91 80 97 81 68 21 56 72 21 3 36 1 13 94 63 45 51 11 79 77 36 53 10 13 28 62 99 15 22 22 19 62 37 37 55 46 76 3 56 78 15 99 64 34 74 13 2 72 60 62 65 80 47 19 3 32 22 90 50 64 70 80 45 78 29 34 20 90 27 47 28 71 13 20 63 23 34 58 44 53 47 50 29 19 84 66 61 65 60 19 42 24 53 82 64 78 24 44 50 75 14 7 87 84 99 22 7 23 83 51 30 44 61 23 80 48 74 86 98 65 92 5 60 31 69 10 43 95 80 13 42 66 99 63 8 89 32 66 15 17 48 42 10 4 35 6 20 41 78 94 18 44 8 40 73 2 29 18 81 32 22 33 92 60 39 22 69 56 75 99 15 36 59 62 8 95 36 54 79 50 84 80 99 38 97 61 37 73 79 51 23 92 24 85 24 78 37 0 35 11 23 15 14 54 75 16 58 27 57 50 11 66 46 80 33 48 53 79 51 95 78 18 92 16 73 1 63 22 40 3 55 54 72 29 12 36 23 50 89 26 40 89 57 41 89 63 
99 30 14 84 97 31 21 94 37 79 26 75 47 32 28 67 32 26 28 39 15 62 23 95 55 57 32 18 36 73 10 27 65 45 4 93 93 0 4 2 72 23 24 34 72 53 61 19 99 95 19 34 93 31 19 61 33 52 78 93 16 15 3 58 10 44 73 79 67 9 46 33 25 96 63 97 60 47 43 51 27 4 25 59 34 35 43 21 62 60 2 89 96 87 34 76 37 74 94 15 76 52 80 21 71 10 23 35 5 85 45 31 80 56 78 7 81 61 18 17 83 21 13 78 21 34 18 15 95 80 62 29 92 9 54 35 83 59 21 34 44 29 52 85 61 77 44 86 0 25 97 13 26 45 32 95 16 44 34 82 88 30 43 24 90 51 76 25 28 52 65 0 71 37 7 95 73 88 29 33 82 4 8 96 63 34 14 38 92 60 52 89 40 61 9 49 65 9 48 70 76 64 77 83 50 76 61 59 71 18 18 93 90 24 18 91 14 78 55 64 27 95 30 5 11 66 10 60 92 92 16 59 84 98 87 21 18 2 0 2 36 73 75 92 36 76 7 2 94 32 53 5 88 61 60 50 49 18 22 13 58 75 70 68 63 93 18 47 88 69 68 64 75 7 93 17 81 49 67 9 46 90 47 96 6 33 58 14 85 4 90 35 47 72 28 49 55 73 64 16 13 1 68 79 60 75 66 76 39 68 11 55 11 53 71 21 37 65 98 59 96 47 88 15 99 74 71 29 44 35 77 93 3 36 81 68 97 48 83 88 47 56 62 77 48 16 48 48 93 29 51 73 9 88 34 84 22 52 86 53 54 3 62 11 37 33 54 22 43 21 80 17 56 41 92 54 83 40 64 50 35 72 78 90 34 30 41 91 47 61 55 93 21 71 28 33 78 59 54 58 
43 11 61 2 48 47 5 7 71 71 99 98 87 79 24 69 50 86 62 70 98 6 1 71 30 9 81 35 44 52 53 76 54 73 22 67 61 37 64 91 67 69 80 43 12 62 47 13 91 16 83 24 84 40 11 39 97 8 24 12 73 27 42 18 72 7 71 20 22 21 64 19 21 47 5 75 44 99 5 89 31 6 76 12 35 85 14 6 58 52 39 95 79 59 68 64 22 45 3 18 20 67 64 56 66 92 81 49 81 40 49 58 8 58 7 92 93 44 88 89 32 64 92 99 37 30 47 65 39 35 63 98 88 46 77 94 72 42 96 87 50 9 49 15 9 32 48 58 38 9 45 64 23 67 99 87 7 92 91 25 43 13 59 73 15 62 55 55 13 48 65 63 63 45 71 19 1 53 77 61 42 1 76 79 49 93 42 92 55 33 74 44 62 35 64 24 32 94 55 36 40 51 2 26 69 16 33 52 34 14 27 22 83 97 74 0 28 57 50 91 60 5 37 21 39 77 29 85 56 52 15 84 18 49 64 53 29 52 44 45 17 26 52 42 84 55 72 65 0 49 60 68 91 45 66 60 92 18 18 92 69 15 97 10 23 11 77 13 4 94 31 89 56 53 8 19 50 24 53 60 14 77 46 56 8 80 11 49 25 54 40 29 50 52 99 61 75 98 48 58 14 28 88 18 57 81 36 50 21 18 35 45 76 92 72 38 30 54 88 53 79 12 40 20 71 36 32 25 36 85 15 77 37 64 42 65 78 18 48 56 6 53 18 56 14 57 0 17 48 98 57 34 83 42 78 50 20 82 38 20 69 15 43 86 75 28 12 94 62 84 83 35 52 47 42 82 19 23 5 85 63 57 29 83 20 31 4 78 56 29 3 70 6 17 21 28 94 32 36 39 
25 90 85 27 16 6 33 56 91 96 52 71 91 55 43 77 91 56 81 92 45 47 43 62 64 66 35 50 15 10 16 89 0 63 60 72 39 95 65 77 93 44 2 46 88 84 20 98 31 63 82 20 9 12 81 30 41 76 64 70 9 50 94 84 70 78 22 90 49 60 72 42 19 32 5 74 9 59 90 68 54 35 1 36 29 32 95 44 32 81 31 82 89 31 43 58 62 47 86 63 55 17 4 58 5 10 58 34 25 43 86 52 48 42 21 73 1 61 26 65 97 99 68 59 69 29 39 22 86 86 23 15 98 23 55 90 69 20 30 63 7 93 45 71 36 10 35 73 51 59 88 70 81 19 41 28 66 37 36 58 28 84 63 92 91 84 99 63 44 0 36 65 52 77 29 28 4 47 21 6 5 78 36 79 2 79 74 41 45 38 6 71 28 62 98 86 42 6 47 20 88 10 43 66 60 90 79 69 15 61 53 14 81 36 75 52 78 54 4 85 45 38 44 45 85 48 99 69 66 80 1 83 65 68 74 88 99 41 78 61 55 20 9 45 72 79 92 40 86 44 49 46 67 83 20 61 94 31 42 60 93 13 32 22 91 25 43 29 17 57 48 88 17 55 73 69 92 56 3 68 43 9 51 14 2 75 60 73 3 86 29 40 44 30 28 71 86 80 18 89 51 50 14 78 55 26 35 63 32 11 9 52 65 41 42 95 95 22 82 80 4 85 63 21 33 51 93 30 30 66 37 28 20 8 58 60 56 7 13 86 3 55 85 81 68 80 39 96 19 23 45 70 7 70 39 41 7 93 22 50 48 8 77 92 21 59 63 57 44 46 55 52 92 52 59 5 32 53 22 96 60 4 33 40 30 84 48 49 65 76 77 41 84 22 7 23 43 65 32 37 
82 56 14 42 21 51 10 81 59 53 76 33 49 41 89 15 62 64 48 78 55 47 58 89 3 72 69 91 99 38 24 67 87 24 63 26 65 97 92 4 3 27 36 19 34 17 33 77 40 97 76 53 28 28 7 46 59 18 41 84 43 60 17 30 11 72 26 63 84 82 30 63 14 52 23 32 78 9 68 99 60 21 51 11 99 60 12 39 6 48 73 31 32 28 30 26 54 91 5 58 95 86 56 14 30 31 43 40 50 26 23 93 55 71 58 64 71 15 51 15 48 73 6 28 47 79 57 26 65 53 85 74 7 50 53 30 67 1 86 63 20 21 76 25 14 73 12 2 4 2 77 22 81 0 80 55 48 75 88 43 37 81 9 11 43 92 94 68 64 47 25 66 34 23 76 70 10 11 32 19 88 85 88 18 73 6 23 42 7 81 62 32 13 55 14 36 86 82 37 13 41 18 86 17 83 53 2 61 96 94 60 12 13 50 60 15 95 25 35 51 3 95 5 5 21 86 54 39 63 17 38 62 48 97 0 17 71 55 45 96 94 47 42 33 74 41 40 19 50 81 50 33 68 39 21 73 9 49 49 35 37 14 34 18 34 62 3 8 77 15 62 76 4 90 98 2 30 97 9 97 34 39 34 85 57 68 81 84 35 62 14 33 22 56 99 38 2 51 3 44 76 6 55 67 69 48 91 29 77 24 59 82 82 67 30 42 16 93 48 91 76 46 37 17 40 15 93 12 9 54 65 17 25 63 0 20 65 85 76 91 39 74 24 24 9 3 43 66 60 25 64 49 28 71 77 33 25 63 29 64 33 37 16 77 60 62 77 25 57 86 12 23 46 77 14 35 39 1 99 26 70 99 13 34 99 42 72 33 64 54 77 57 6 19 38 93 26 79 55 85 
98 58 93 92 6 24 23 81 43 92 18 6 95 33 0 68 23 40 66 92 10 19 73 66 89 72 8 48 20 13 78 16 53 12 52 9 90 43 4 44 34 98 66 60 48 51 72 51 44 52 51 73 64 40 67 16 13 54 84 23 15 68 40 33 92 54 59 52 99 35 72 72 44 76 76 70 9 60 91 82 39 5 85 20 73 56 22 34 46 19 79 85 36 55 31 76 93 77 97 46 73 42 18 1 83 43 48 9 15 92 85 78 46 50 14 52 75 27 56 96 80 20 16 85 53 6 36 61 72 43 61 0 1 2 52 95 82 87 5 59 84 26 87 27 59 17 66 4 70 26 23 85 24 24 32 92 99 79 25 82 6 46 56 57 76 97 34 11 14 84 95 29 87 92 52 16 58 29 48 53 47 6 28 99 7 97 52 37 33 43 45 94 72 7 10 0 9 65 92 56 69 52 77 71 64 75 4 55 80 67 23 57 78 79 38 69 15 81 8 92 43 96 52 65 56 79 15 15 73 87 29 3 32 21 50 41 83 8 51 70 12 48 64 20 7 5 38 27 96 2 14 25 38 80 34 22 70 52 65 1 56 74 1 92 55 39 58 66 24 72 98 33 17 91 61 71 33 63 0 72 2 33 21 51 63 54 91 27 90 14 41 68 7 75 79 33 90 67 72 88 26 1 59 68 98 67 98 80 1 86 90 42 71 95 68 86 65 0 53 29 55 89 47 21 57 94 27 15 46 25 46 79 37 62 53 45 37 39 71 86 33 16 28 63 84 1 91 68 62 33 54 86 16 5 41 67 0 84 21 62 63 13 9 87 77 57 50 88 11 58 4 94 6 24 11 12 53 72 39 35 30 12 87 53 7 93 89 14 68 60 68 16 81 54 76 38 91 51 58 3 
29 79 58 45 61 55 85 23 4 66 52 89 53 24 53 93 40 95 9 64 56 94 58 16 19 24 75 2 81 43 59 15 72 62 45 65 17 3 66 16 27 2 1 5 11 31 1 84 31 90 11 70 33 41 63 86 4 76 63 27 96 70 47 19 0 62 91 95 59 9 14 90 90 68 1 92 68 97 55 42 75 41 23 23 83 30 15 16 76 14 53 22 58 69 46 42 83 8 87 91 62 6 29 99 37 40 3 77 38 24 39 41 1 14 67 47 30 36 59 36 63 90 86 27 62 13 61 59 77 28 57 27 62 30 25 3 46 53 89 18 9 30 16 98 56 7 10 90 84 82 71 84 3 82 13 85 21 6 25 44 29 73 13 75 31 91 10 55 68 52 83 11 26 60 17 32 26 7 93 19 7 74 12 91 41 47 26 65 88 95 57 57 4 52 67 90 9 43 66 17 92 42 38 21 19 43 23 66 45 39 43 36 74 88 37 47 92 6 43 9 37 81 50 50 60 35 72 56 17 21 11 7 22 98 52 96 16 42 2 48 81 12 96 19 73 15 50 30 91 1 58 29 82 15 78 16 5 12 47 22 64 39 99 36 60 78 6 27 84 88 68 65 3 93 43 50 32 24 85 78 42 36 62 47 14 69 42 9 12 7 86 92 84 75 68 60 53 54 2 27 42 33 64 6 39 67 52 61 21 45 69 29 10 86 54 24 32 65 69 58 85 60 91 30 47 55 20 53 21 73 88 39 69 3 94 93 85 21 67 84 35 42 96 27 75 13 38 84 49 8 18 23 28 57 96 96 91 37 53 2 29 19 10 53 99 78 76 37 31 60 72 97 76 5 2 97 28 70 79 64 97 7 96 10 22 21 73 59 10 83 17 63 47 11 93 81 10 9 92 41 
59 55 33 42 97 47 82 91 33 53 84 38 53 98 19 71 63 44 7 95 9 27 90 1 76 50 55 87 43 38 68 28 87 95 73 93 99 99 48 95 19 82 88 31 50 71 84 51 45 25 47 56 69 83 80 35 54 43 8 82 38 8 63 10 6 45 6 73 63 17 63 70 90 74 7 1 98 22 32 90 93 4 44 99 92 37 60 85 21 14 9 86 63 3 80 46 79 2 17 31 45 37 59 2 92 13 10 97 93 94 53 79 59 19 60 59 59 30 90 64 61 60 76 88 49 73 3 61 10 71 17 97 5 98 20 8 20 28 48 28 37 93 78 92 2 12 20 46 38 80 27 29 56 89 25 11 1 52 37 25 10 59 28 62 32 53 19 21 41 86 30 79 85 62 40 51 29 1 95 5 88 69 77 62 54 33 31 30 60 65 67 18 41 67 43 48 19 37 45 52 97 55 44 93 56 54 70 88 87 79 78 13 96 62 26 61 11 10 23 95 1 94 72 85 38 23 45 74 9 14 48 43 54 73 82 36 24 93 65 47 10 39 8 66 66 74 10 73 45 27 99 92 69 26 90 65 45 10 88 63 81 93 91 27 23 32 72 25 27 86 56 29 98 22 88 17 51 70 39 73 52 29 86 9 69 95 52 64 97 40 66 29 49 86 48 98 72 96 46 82 91 66 73 79 55 87 44 46 27 48 97 41 68 50 54 28 41 34 25 79 43 37 74 6 60 60 68 67 68 29 91 74 17 86 97 57 77 78 75 58 29 15 62 1 65 7 53 83 50 53 97 44 5 36 19 38 55 25 51 66 46 83 41 72 3 97 33 61 94 60 57 49 88 71 34 55 0 44 80 64 2 32 99 88 81 68 60 93 61 71 40 68 99 94 81 43 97 37 69 93 
81 14 52 66 78 25 31 43 84 39 92 32 68 54 45 6 56 11 28 72 30 36 71 45 97 66 70 89 76 28 11 47 51 74 63 30 71 46 24 16 6 8 0 40 39 59 96 80 37 41 6 32 19 69 39 73 81 30 52 99 49 17 49 94 8 91 11 67 79 11 1 67 24 93 62 97 78 17 4 82 8 63 43 0 80 49 59 54 98 73 32 8 17 53 70 50 46 77 85 58 4 40 33 64 70 96 51 58 43 24 33 79 38 31 62 32 58 94 69 33 87 59 28 79 2 25 67 57 72 5 26 9 81 4 39 76 46 9 38 87 96 46 66 90 73 97 70 81 79 78 77 20 9 10 57 97 61 72 15 5 9 40 58 90 83 28 30 82 54 82 66 83 10 34 65 50 77 44 93 68 59 6 57 78 34 20 36 38 61 19 63 66 8 89 37 62 13 50 55 38 67 49 47 86 35 75 43 65 55 91 59 58 3 33 50 54 59 80 84 53 54 34 19 79 44 42 76 75 28 39 82 25 68 3 80 32 30 35 21 34 15 74 40 14 32 84 42 36 88 27 2 48 41 87 44 62 22 64 49 56 63 28 67 92 36 80 80 76 32 57 85 38 58 18 44 12 51 18 21 90 17 45 10 11 71 52 6 99 22 78 83 79 50 34 78 64 77 1 69 20 3 20 37 96 74 46 78 47 37 25 48 50 30 42 90 71 50 44 71 81 50 44 88 46 56 60 47 10 28 55 96 33 12 32 89 45 12 13 30 41 97 65 27 19 92 15 1 75 21 15 49 52 31 21 24 18 54 10 88 27 77 84 65 27 23 5 87 90 37 8 50 48 75 72 49 79 21 40 71 13 87 49 33 17 1 28 44 60 67 95 5 64 12 28 9 73 14 12 54 75 
71 28 32 13 59 97 87 45 12 15 21 11 93 42 54 95 79 22 61 44 62 69 66 53 51 38 38 9 61 78 7 97 75 20 69 34 1 59 73 34 62 36 78 28 27 91 40 96 14 16 43 63 38 84 37 79 89 67 51 14 77 4 28 53 76 15 2 95 10 57 82 79 5 20 2 3 86 0 34 70 47 94 10 19 51 80 54 43 89 19 60 71 43 18 64 56 58 73 47 61 91 50 82 8 78 67 26 31 91 34 70 41 74 98 34 86 47 65 81 17 94 3 30 81 81 98 84 18 18 38 83 76 77 70 96 69 91 42 22 93 97 75 59 81 53 88 60 44 41 77 59 67 98 26 31 94 42 68 28 75 41 25 95 81 37 93 44 19 42 12 7 42 59 78 80 17 13 63 62 83 97 6 46 0 22 65 11 15 44 5 82 85 95 62 94 88 82 95 1 34 12 38 96 66 67 29 2 87 86 66 75 1 77 23 68 19 54 89 58 39 97 76 26 45 28 42 38 64 9 14 30 85 97 81 69 33 90 68 73 89 70 66 89 16 16 30 1 8 71 1 64 34 31 46 15 5 53 41 18 90 73 19 95 79 36 55 45 22 26 67 56 7 55 87 69 73 2 48 36 53 87 82 52 45 49 90 91 44 76 61 55 70 72 87 13 82 90 15 48 40 35 8 90 71 35 33 28 11 19 80 67 93 69 52 36 51 2 84 2 39 64 73 72 54 3 21 45 73 72 6 41 7 77 91 72 76 84 33 49 4 57 44 22 11 86 8 86 45 34 60 59 18 50 46 61 82 9 11 90 13 3 47 98 53 13 25 30 54 55 88 56 85 28 61 49 24 6 76 88 59 21 99 98 97 62 26 62 32 68 72 89 96 33 25 20 98 82 16 18 38 
47 55 13 48 44 20 45 79 84 80 54 8 40 39 14 28 41 71 72 97 2 30 51 99 30 90 33 99 56 76 42 34 27 6 29 50 35 41 99 12 67 18 58 87 36 28 15 88 87 20 98 32 27 15 28 16 91 23 80 61 10 37 37 97 79 84 22 66 46 53 22 51 13 74 20 9 31 47 50 49 73 15 37 98 40 57 9 58 75 41 23 6 94 45 21 5 17 8 40 81 74 46 61 71 49 75 55 26 88 70 76 79 23 22 83 25 47 38 7 14 13 85 65 36 73 6 22 45 74 73 8 17 74 53 96 35 61 12 64 40 32 59 67 95 63 82 62 63 84 66 77 53 89 15 87 97 77 12 22 45 65 52 82 77 5 57 25 15 29 89 16 31 54 78 40 98 53 92 42 98 73 84 95 77 85 3 75 21 84 10 4 74 55 83 17 93 59 9 23 55 2 46 96 57 53 20 24 99 90 44 7 33 52 37 90 64 80 57 97 15 60 44 75 9 43 78 23 13 48 79 60 51 14 16 68 78 21 40 22 96 16 15 68 3 63 13 68 71 25 12 80 79 46 15 62 42 25 81 84 90 87 21 29 88 77 92 62 57 71 17 63 56 96 79 28 44 63 26 2 23 19 31 6 44 67 4 97 8 73 44 91 84 37 92 75 63 73 71 16 30 63 99 17 42 49 72 62 30 33 64 37 25 75 98 50 5 92 66 46 15 84 44 91 67 25 42 92 60 92 10 99 59 49 77 65 91 31 91 38 18 38 66 11 31 41 45 35 60 65 17 18 59 80 23 4 97 93 10 76 5 29 1 32 35 67 4 86 83 68 63 61 39 77 30 31 17 55 16 74 51 7 24 61 51 39 8 53 56 43 28 28 37 17 36 99 11 35 71 14 85 
15 10 7 41 28 5 30 73 22 14 60 43 53 4 4 88 2 66 60 9 60 91 12 12 64 20 76 67 9 46 1 19 90 5 30 33 2 87 32 15 86 82 78 36 2 24 32 85 14 89 88 87 27 89 83 53 72 40 12 83 9 65 49 26 10 0 69 32 19 10 94 51 12 48 97 54 76 62 85 58 32 87 88 59 81 79 17 87 38 65 11 45 66 50 90 95 23 94 66 32 29 24 28 19 37 69 18 97 98 80 35 82 38 66 80 49 32 14 94 49 26 46 21 99 0 39 78 77 88 65 57 41 50 48 29 28 32 22 64 11 60 42 91 55 99 75 30 68 10 9 63 68 30 25 86 64 95 36 86 70 31 4 28 1 39 95 95 20 81 73 61 22 36 37 35 59 71 34 82 91 18 31 24 91 11 13 6 21 87 56 85 40 98 57 13 85 87 38 34 25 12 15 49 39 25 94 87 31 93 8 67 98 51 82 47 17 34 53 86 71 72 39 93 4 9 66 11 19 43 13 43 70 29 14 48 14 22 50 5 93 58 11 61 21 23 73 71 52 78 54 99 16 95 29 13 26 68 76 60 75 91 22 22 42 51 80 24 95 45 24 72 87 44 19 63 91 50 97 31 64 63 70 23 85 10 78 57 25 21 62 96 1 48 69 63 74 39 26 12 13 28 65 35 36 59 26 43 26 33 37 70 9 33 21 33 26 74 95 98 21 97 74 38 43 10 49 17 80 91 34 47 90 68 87 47 52 44 98 99 67 37 5 63 82 82 87 63 76 50 76 13 1 34 10 91 28 21 15 73 91 32 0 43 87 81 8 96 22 74 51 55 69 0 26 28 58 56 11 2 64 59 89 33 69 2 89 93 96 93 47 17 36 33 58 24 87 11 74 61 65 
98 66 8 14 88 35 65 69 8 87 49 89 3 56 31 69 70 53 92 75 52 70 62 68 56 61 66 24 87 26 84 83 80 51 89 21 72 46 16 77 85 21 54 74 48 80 96 28 26 54 99 97 62 27 8 65 36 32 75 65 28 31 50 37 74 11 95 50 43 23 62 71 89 8 65 19 61 72 43 59 96 60 24 83 12 48 10 52 35 53 6 26 56 78 0 77 59 64 44 56 2 34 79 48 31 71 15 12 74 15 53 79 84 14 93 65 80 9 17 46 88 23 32 57 96 2 14 95 9 77 63 86 95 11 21 14 62 69 40 0 64 4 22 4 2 41 78 76 24 8 94 59 7 82 71 55 0 61 60 2 64 74 84 83 60 79 78 33 32 65 5 22 83 87 2 38 65 48 2 64 6 74 39 30 89 49 43 81 8 63 37 82 18 98 17 43 90 19 7 29 91 27 76 38 10 91 82 16 45 3 60 67 41 37 12 8 37 42 40 29 34 66 72 72 91 0 10 68 55 69 2 29 96 50 83 23 16 27 41 21 48 31 34 63 72 5 14 74 97 45 91 54 19 20 8 60 56 51 10 87 57 17 67 70 27 60 0 73 12 7 21 29 74 98 59 91 57 29 96 12 78 66 18 22 91 78 54 27 82 20 24 2 23 61 23 45 62 90 84 57 82 5 97 52 17 56 8 49 55 96 37 79 23 31 52 27 5 31 94 95 39 37 33 86 26 64 24 32 64 89 80 3 37 45 16 15 33 4 21 65 50 77 77 48 76 87 67 72 39 14 9 16 87 54 99 72 24 53 40 46 83 45 63 6 4 48 7 17 44 85 43 95 59 73 52 74 62 9 71 75 55 96 37 77 4 58 30 66 46 25 78 25 64 54 54 41 93 12 83 78 
76 50 89 20 85 86 73 78 47 45 14 15 31 48 41 88 14 37 23 8 37 96 60 57 42 99 75 76 92 20 60 36 63 62 3 57 79 8 85 57 97 38 74 91 79 66 18 40 61 21 47 34 95 41 22 6 50 6 70 8 16 28 84 47 34 27 84 22 79 25 82 74 21 50 39 12 97 97 25 12 91 45 54 43 47 0 6 62 48 64 99 84 55 82 83 33 15 71 70 7 81 6 88 83 52 98 81 27 23 61 70 47 14 29 54 5 59 42 19 29 5 37 69 97 12 10 89 16 23 98 28 17 7 55 67 30 62 67 39 33 63 76 74 42 29 56 35 67 77 2 5 17 42 77 32 54 12 54 94 84 75 77 37 0 64 74 28 77 2 34 26 3 10 58 76 38 88 89 13 5 79 10 28 97 31 17 36 81 4 80 37 62 25 85 53 59 15 53 66 39 97 16 48 94 83 28 11 35 10 13 5 35 66 80 88 50 27 9 15 51 57 18 92 36 83 55 85 43 26 66 75 88 70 26 52 56 94 31 94 61 18 98 67 1 18 32 66 48 83 35 45 91 72 65 23 74 41 73 91 20 35 51 97 99 51 79 63 3 45 82 2 43 33 75 97 42 32 26 45 79 39 89 75 8 24 68 42 15 74 12 70 82 79 95 49 91 43 90 64 48 34 62 40 47 3 79 79 86 24 12 52 3 68 89 90 3 22 51 87 0 6 84 66 40 34 62 70 77 55 70 73 61 90 83 47 27 64 33 0 35 56 48 49 25 37 91 63 26 39 19 95 1 73 65 53 26 19 68 62 47 59 90 58 66 22 34 75 58 60 12 63 51 3 8 78 54 44 92 59 47 32 60 29 62 61 46 56 9 12 62 33 68 99 29 62 45 62 16 22 3 
16 91 79 68 86 60 98 93 72 18 37 56 8 39 27 27 18 29 59 8 38 88 37 0 11 75 9 58 39 8 48 64 1 68 71 14 18 80 94 31 18 18 51 5 78 20 23 61 81 48 65 42 78 45 11 26 80 93 8 1 35 76 84 45 68 97 99 10 36 30 76 49 95 27 89 72 47 45 35 92 26 97 94 19 91 74 54 90 89 89 69 74 62 24 92 42 51 62 53 55 87 46 71 91 38 41 91 12 1 54 53 21 93 67 69 80 38 0 84 19 0 86 28 30 48 89 40 53 49 35 7 85 51 73 83 96 13 99 54 57 38 66 94 98 55 29 26 78 80 51 87 56 0 1 60 55 42 5 66 16 76 86 82 85 54 3 5 9 53 99 61 51 18 81 20 93 23 95 48 1 23 93 56 51 43 99 7 4 46 21 60 89 52 19 60 42 37 29 79 13 47 54 70 96 80 78 23 4 98 91 52 70 76 39 24 83 67 97 24 41 81 80 48 41 63 7 32 87 22 69 75 83 45 91 77 24 68 68 91 33 28 44 57 36 96 16 16 59 52 6 50 20 35 12 76 0 1 48 17 81 6 29 98 52 57 36 64 16 94 15 2 30 57 50 58 19 71 3 41 71 81 80 57 75 75 21 95 32 44 5 45 25 69 54 8 3 53 54 73 51 27 81 20 86 29 89 3 31 26 27 14 70 11 60 38 2 62 21 12 58 91 76 30 24 42 36 33 88 17 4 91 31 43 26 78 34 79 2 48 95 37 24 99 80 17 36 92 81 57 1 63 19 62 16 49 97 13 77 31 91 17 89 20 10 72 39 72 73 81 76 45 81 32 2 21 95 1 77 49 10 91 55 33 15 41 56 3 49 15 81 52 60 76 50 3 23 7 62 18 2 
25 96 84 29 35 88 44 49 53 58 73 31 45 30 56 29 50 20 72 68 26 64 11 31 67 91 35 50 21 4 3 36 93 98 85 11 75 70 97 31 44 11 84 91 58 39 71 17 73 85 41 59 6 48 25 69 55 10 99 33 63 70 58 12 57 30 90 68 69 78 42 82 5 84 4 90 92 67 14 45 4 51 35 16 89 52 27 26 44 92 54 18 2 77 90 31 72 21 20 92 56 10 37 31 3 10 72 1 19 45 73 36 8 63 32 37 44 97 91 97 74 8 23 14 84 35 57 4 20 88 94 79 29 92 38 24 63 81 19 45 91 38 76 77 12 45 14 63 64 8 73 70 74 24 78 59 60 78 53 11 81 34 69 4 57 95 54 45 6 37 86 91 50 48 62 24 74 35 70 35 72 49 49 73 31 37 65 13 60 3 70 97 38 28 69 82 42 28 73 0 77 28 46 56 96 17 70 51 28 71 29 72 48 15 42 12 19 18 67 28 24 62 28 96 24 46 83 92 50 79 32 24 25 47 27 87 21 81 88 69 43 11 45 18 21 7 39 62 61 54 6 20 58 62 81 96 93 85 64 93 60 87 53 30 5 40 9 95 97 2 3 18 86 36 67 60 26 52 42 8 27 90 57 81 12 46 47 22 55 32 90 61 23 93 33 92 32 14 31 78 62 91 67 7 83 12 77 74 89 22 16 91 16 46 96 33 85 70 90 29 84 76 64 46 93 76 94 79 67 64 91 10 3 56 86 50 11 8 55 88 99 72 8 22 38 64 65 67 0 74 81 24 12 8 76 8 97 92 67 1 85 14 49 27 17 45 34 15 88 29 33 90 85 4 74 32 44 54 49 49 33 92 35 13 34 62 30 50 97 84 21 65 1 51 9 38 82 36 66 31 
68 56 70 58 18 93 0 2 27 85 80 67 21 17 30 60 29 38 49 63 65 89 89 90 72 37 61 80 74 41 72 64 66 79 62 27 16 41 11 6 10 20 34 54 86 65 24 9 1 5 71 16 35 61 35 0 34 96 85 89 23 38 99 42 72 14 66 0 93 11 61 61 68 14 82 62 51 33 77 26 22 29 54 66 47 38 4 93 30 1 86 14 65 2 32 54 88 81 88 22 49 7 26 36 1 85 29 44 87 84 64 52 61 69 75 56 47 27 21 38 25 34 57 40 47 55 5 97 23 41 70 32 10 5 23 56 67 89 4 80 15 26 31 6 3 74 71 99 7 44 97 42 44 95 2 72 38 66 56 32 57 49 34 4 74 32 83 96 39 0 1 49 74 15 96 67 23 63 29 23 85 79 10 28 29 32 21 12 25 58 61 37 28 17 35 99 88 50 12 4 23 3 1 61 66 18 34 5 68 45 99 60 29 98 66 5 36 28 32 48 75 56 24 76 86 16 52 76 87 62 50 91 61 20 76 38 18 85 61 87 56 61 55 42 9 38 27 57 57 68 1 64 11 98 56 91 46 44 90 34 15 80 31 70 23 36 8 68 49 65 26 22 93 52 94 33 29 53 94 4 3 96 22 54 93 44 15 33 96 95 74 92 62 67 58 54 20 3 17 62 86 20 9 50 43 32 5 7 46 20 88 42 30 37 93 14 54 45 29 22 33 45 58 77 45 63 6 19 7 85 47 21 53 62 56 1 62 6 31 82 10 40 88 92 34 14 37 71 13 39 29 82 52 63 4 76 22 27 24 78 32 66 71 9 32 72 89 46 74 6 34 96 45 25 24 88 23 42 37 8 51 32 1 75 22 34 63 70 69 95 92 27 99 65 87 67 31 93 13 7 
55 52 59 18 42 55 8 11 50 23 39 96 34 22 78 45 78 88 3 36 51 98 85 30 9 17 14 12 36 84 41 96 92 20 82 22 3 83 93 65 86 90 10 1 20 85 53 31 84 49 74 9 80 9 25 22 78 63 64 53 37 85 22 62 55 7 99 56 4 42 95 78 36 97 4 85 30 54 81 76 28 25 19 1 74 36 62 72 54 16 39 45 93 89 60 39 96 68 53 69 54 45 4 95 20 35 20 73 11 38 17 82 19 78 9 85 78 53 70 1 60 7 5 43 77 20 10 18 24 72 20 60 70 63 70 40 12 7 98 18 80 54 50 26 13 4 18 35 18 11 26 82 34 42 61 56 49 88 17 5 69 75 0 9 10 76 87 6 22 28 96 14 58 84 37 56 95 83 82 53 14 15 22 43 30 83 47 40 53 65 38 33 1 55 41 2 71 83 28 91 48 55 79 26 2 78 9 43 55 26 65 38 21 61 34 9 35 36 74 87 2 81 68 45 20 51 23 96 46 99 87 47 64 80 88 60 58 9 68 73 78 14 11 5 23 13 81 11 5 37 54 48 66 27 53 89 33 6 81 1 67 73 37 92 32 97 81 86 77 9 34 12 89 25 28 3 48 64 90 35 36 27 7 17 74 19 12 18 3 89 4 13 57 92 98 46 15 1 28 98 7 6 86 32 80 17 90 90 61 94 46 9 92 31 15 90 46 21 35 53 10 4 16 17 43 80 95 13 35 2 77 41 24 36 46 27 72 91 3 9 73 6 32 6 87 23 7 34 4 92 66 91 44 62 83 95 38 4 27 3 84 76 75 31 17 50 46 44 90 0 61 39 10 71 18 64 87 14 50 16 48 99 26 82 19 84 72 33 86 24 69 29 74 10 97 92 24 49 65 24 
36 42 13 93 2 9 25 0 83 79 82 98 99 69 6 7 82 57 13 82 34 75 68 83 55 47 66 17 25 87 50 69 85 40 99 83 13 5 82 80 96 35 56 94 17 89 63 76 85 31 81 19 17 89 34 4 22 14 97 90 22 91 52 13 15 24 37 69 51 33 75 49 20 32 9 94 9 52 32 7 83 58 56 90 92 76 39 33 57 42 53 80 43 34 36 83 28 71 46 44 51 54 46 87 44 73 24 69 11 70 50 59 34 82 57 83 87 16 20 56 41 14 55 55 13 98 11 20 52 15 16 18 64 94 65 68 82 2 38 52 97 71 67 46 3 29 82 7 73 35 97 8 74 91 56 11 18 23 58 8 10 62 20 82 71 36 7 19 87 11 59 42 57 10 52 32 72 6 62 59 97 24 96 51 49 12 87 34 32 76 92 39 17 98 21 35 34 38 6 99 51 99 89 21 64 15 38 86 35 12 50 93 72 78 60 7 38 64 30 51 33 78 99 53 55 50 77 37 66 28 58 42 96 22 68 30 46 94 27 8 59 49 80 97 20 54 40 75 81 44 54 19 78 81 26 24 41 2 93 35 67 4 42 29 84 12 14 50 11 6 12 96 40 43 24 52 47 1 54 45 33 91 18 51 43 55 40 73 46 92 86 55 87 8 90 53 10 86 35 13 31 45 21 79 87 37 76 35 11 63 25 38 89 26 73 30 67 88 46 7 27 74 55 31 75 0 20 91 73 85 87 14 11 96 99 27 95 12 83 89 4 16 55 27 37 0 22 23 12 74 94 26 67 16 76 10 22 89 0 94 16 84 55 7 8 36 96 80 66 15 40 14 1 14 89 78 66 80 92 19 7 79 29 6 78 17 89 60 33 35 91 21 1 11 66 73 18 8 97 57 
89 37 68 57 7 1 10 51 10 54 55 39 80 82 62 43 84 24 90 24 5 1 13 2 93 85 94 68 55 31 74 58 75 56 13 69 97 81 4 5 75 84 52 22 61 39 19 73 20 39 93 81 76 2 24 97 73 1 10 7 58 5 43 32 72 21 26 63 61 14 5 9 35 41 20 28 90 84 53 98 3 42 73 37 67 32 83 76 27 23 28 46 68 41 47 13 62 13 28 5 61 90 51 73 43 2 44 62 15 87 78 32 93 55 29 34 31 79 3 97 15 65 19 21 7 53 45 80 81 54 66 26 85 31 28 14 55 5 46 81 41 59 68 78 74 75 0 65 18 29 80 84 40 40 46 25 97 14 35 79 90 98 7 56 69 14 31 50 77 78 39 24 74 8 84 98 75 81 21 78 52 73 20 13 48 23 78 74 12 6 87 36 97 99 95 18 34 49 56 93 85 47 7 3 53 96 53 5 46 70 19 10 3 0 43 87 94 44 96 28 49 30 80 85 92 97 66 17 27 21 34 44 3 68 39 96 4 52 43 22 36 60 96 80 69 25 76 21 62 59 53 71 18 85 13 38 50 31 36 26 40 36 31 19 88 80 32 7 17 55 70 49 50 97 27 92 86 69 7 4 81 36 15 70 77 8 51 3 83 81 36 21 72 21 55 16 69 23 96 24 70 43 47 59 7 96 23 87 66 19 89 83 75 27 43 48 76 90 95 34 79 87 83 69 32 3 32 16 69 25 85 49 2 83 59 94 12 16 31 68 26 9 62 34 57 49 35 39 47 22 22 25 45 92 90 66 1 36 72 28 29 9 71 62 96 14 84 77 14 60 47 18 17 44 15 86 10 66 20 5 89 46 57 22 53 42 15 62 82 58 3 4 24 15 59 69 12 4 13 51 
57 78 9 14 4 63 42 5 81 3 2 16 72 20 53 20 24 79 81 41 50 73 9 40 94 11 16 6 36 36 62 6 56 6 30 55 48 0 38 23 2 29 63 18 60 72 18 61 83 25 72 84 33 39 12 92 85 75 98 83 96 56 63 64 20 2 28 74 36 37 56 34 76 6 70 68 65 99 98 94 37 18 99 25 50 98 32 15 79 80 71 14 79 34 79 10 46 51 61 30 80 48 19 4 86 62 34 51 7 85 3 86 65 44 50 98 64 23 90 46 46 23 71 97 79 94 99 43 62 63 62 9 88 33 12 53 12 99 32 85 28 67 38 79 11 52 83 54 51 15 34 66 8 41 91 66 97 71 41 94 16 68 85 78 82 98 61 39 92 25 10 5 46 12 44 58 89 68 32 79 37 10 44 84 67 18 37 3 94 6 12 79 1 41 59 84 11 55 82 21 61 82 54 93 11 64 95 3 9 28 99 22 48 90 15 70 55 44 77 7 44 33 56 28 86 13 53 49 63 24 43 3 82 44 39 74 55 30 89 98 9 26 81 17 11 59 41 16 97 47 36 72 79 2 56 26 54 66 41 53 0 79 3 59 39 2 51 84 91 96 59 17 78 82 3 88 76 45 44 91 33 19 65 4 69 62 64 84 8 94 28 77 76 95 44 1 90 91 46 3 27 9 27 92 31 53 47 23 82 29 31 41 78 56 3 51 64 26 67 36 21 10 98 50 78 96 13 66 61 31 94 85 50 50 92 38 71 48 2 1 91 76 0 25 81 14 51 65 12 2 97 23 86 25 48 58 8 0 40 99 25 3 24 97 72 38 25 72 25 35 97 50 78 51 86 67 42 6 44 20 42 58 74 16 96 56 95 17 76 25 72 97 49 38 9 19 93 76 99 7 
27 69 9 62 81 22 37 90 49 78 86 8 43 6 19 60 85 49 40 43 85 57 53 89 54 84 53 9 9 94 83 45 93 40 56 44 18 3 81 10 5 83 64 80 74 18 16 61 83 77 88 75 71 52 25 53 55 24 87 34 24 63 17 2 80 77 79 5 16 89 69 23 75 32 67 75 41 42 94 88 9 4 62 74 3 91 55 10 67 52 60 99 16 67 76 72 2 95 18 29 54 39 67 47 79 69 27 91 36 57 1 17 3 6 81 75 74 50 27 75 60 37 56 60 50 60 94 56 32 17 62 49 68 53 89 10 49 73 14 36 78 95 71 1 93 2 86 0 6 32 39 68 53 79 16 58 77 66 13 0 93 52 40 39 92 13 22 74 96 39 45 90 85 97 57 40 25 67 1 85 65 11 78 63 83 77 2 29 87 69 22 19 44 38 73 45 28 85 66 68 96 94 90 20 47 81 74 23 73 44 23 0 41 12 67 66 12 8 36 21 3 4 70 32 39 92 29 63 78 70 85 91 21 53 77 42 35 79 52 65 9 45 2 7 47 12 59 49 39 88 51 83 1 94 78 58 69 38 55 91 64 25 55 19 28 88 92 97 60 89 38 28 44 61 56 96 70 57 39 75 8 81 3 51 72 2 45 37 69 75 13 74 58 90 87 41 66 75 51 39 14 56 62 21 3 87 64 30 84 48 25 72 60 82 51 17 61 78 60 86 83 10 67 22 85 45 29 28 78 94 33 42 67 96 68 21 12 15 87 51 47 9 70 0 69 18 67 80 5 40 63 94 61 26 47 63 4 60 36 0 88 99 69 66 34 86 72 97 82 34 28 73 14 67 87 88 12 46 56 18 8 71 26 67 50 44 14 84 65 21 22 54 60 69 6 32 15 19 47 36 
53 33 75 11 14 66 85 73 8 74 31 2 53 83 48 34 61 55 63 64 48 17 6 85 31 38 89 48 43 49 62 72 16 42 96 75 99 54 22 10 76 70 81 90 35 85 46 98 71 58 81 44 11 75 98 35 67 2 30 43 47 2 44 47 91 81 91 9 21 45 8 25 22 24 9 30 97 7 50 13 94 14 16 70 25 56 57 34 66 51 14 1 61 53 44 43 1 33 97 68 7 26 69 22 93 28 29 80 93 70 50 20 14 4 75 28 91 57 30 59 69 26 29 72 61 26 50 92 22 75 56 42 6 84 68 13 43 73 54 66 16 89 51 20 22 97 90 40 81 77 39 5 70 42 74 70 99 44 53 43 71 58 47 64 44 80 69 26 46 39 49 35 81 52 20 16 82 52 50 55 4 36 77 1 67 12 72 43 74 37 28 22 2 90 98 13 22 98 99 64 96 77 19 38 45 66 60 95 95 99 19 11 94 56 54 22 64 21 79 32 67 2 1 57 49 82 68 75 25 27 38 94 70 62 99 55 63 33 7 0 25 35 44 19 36 54 31 29 41 88 98 73 62 1 89 39 59 68 65 3 30 38 42 3 70 42 14 94 4 80 58 49 96 7 31 79 74 68 83 30 4 35 52 47 56 11 57 94 28 38 32 38 35 8 63 18 76 24 72 5 33 30 53 68 75 83 69 10 52 29 64 28 51 25 99 33 96 84 90 85 87 56 95 9 27 7 54 97 61 47 39 70 23 69 18 75 67 7 98 71 24 10 44 8 91 59 13 78 80 58 42 38 82 90 43 26 90 83 97 2 80 72 42 96 79 81 77 61 37 77 3 73 9 63 10 71 61 70 38 63 76 70 65 90 14 91 17 3 37 34 98 58 29 79 0 99 23 26 72 87 
53 2 14 40 75 59 56 57 96 83 88 74 7 31 73 41 94 90 11 28 86 79 11 9 54 60 38 63 96 30 23 61 35 5 82 24 21 45 30 79 11 4 91 84 20 92 68 15 3 69 11 58 73 53 85 3 93 16 75 70 38 35 81 45 77 80 2 4 71 64 84 27 79 47 94 46 47 47 46 13 30 1 50 42 15 15 99 16 26 85 9 23 24 74 60 31 44 47 61 53 81 92 39 9 22 55 26 42 83 57 26 55 55 29 13 49 5 25 1 33 83 83 72 86 51 26 47 35 67 98 0 61 9 43 63 76 76 35 18 32 19 95 36 6 47 15 28 97 97 86 48 75 80 85 83 15 38 26 71 82 83 53 5 72 86 57 40 89 81 76 76 78 80 63 97 55 24 79 19 43 40 99 48 23 20 8 20 98 30 27 98 41 5 26 49 29 43 1 32 50 95 8 64 29 78 62 93 31 64 71 6 94 35 56 39 21 77 44 3 10 60 33 21 7 3 5 8 14 75 50 84 45 95 69 22 0 69 69 49 60 93 16 73 56 24 14 29 42 28 68 0 85 46 80 15 87 16 58 31 31 58 14 22 4 71 45 89 54 53 48 90 83 80 74 16 85 43 55 49 17 28 6 7 25 28 60 34 73 61 7 58 55 42 63 91 92 84 93 49 4 15 30 50 56 29 30 36 93 13 94 40 11 53 13 96 16 92 79 91 29 8 10 96 21 13 0 20 97 54 86 61 72 30 96 37 20 37 31 38 35 54 15 96 61 74 27 28 66 14 87 73 0 64 67 75 55 61 45 38 19 35 98 11 4 31 67 4 33 97 98 22 65 93 23 47 56 97 23 17 6 66 16 79 58 1 42 57 18 81 1 98 12 7 36 29 36 40 76 73 69 
76 69 1 18 4 65 21 98 52 85 78 67 62 50 13 66 79 12 48 65 55 80 71 82 40 46 50 82 61 74 9 98 89 9 30 12 55 38 41 10 9 41 83 54 44 78 65 95 63 49 39 26 83 27 2 56 46 56 35 34 13 4 37 0 9 46 94 0 57 60 21 76 77 64 48 40 71 34 26 61 10 19 28 89 88 28 8 33 73 58 76 59 34 2 56 36 25 44 15 90 33 42 53 49 74 27 48 72 62 97 24 39 85 49 72 9 49 96 67 59 25 6 39 67 42 65 83 55 40 41 44 62 63 61 88 76 44 68 57 16 46 86 11 31 97 35 45 15 65 16 8 91 20 12 18 24 53 46 84 66 16 55 83 86 44 31 21 89 69 42 33 19 68 56 39 42 88 7 35 68 90 67 24 0 24 13 90 80 65 50 99 55 93 85 64 27 67 19 85 99 85 28 64 7 88 98 25 67 46 31 29 62 70 89 87 34 0 50 72 52 17 99 39 11 54 18 64 19 50 12 51 64 64 26 58 67 55 78 95 27 14 35 42 94 56 93 3 84 53 3 36 39 14 65 59 67 29 62 92 97 73 3 73 22 51 53 45 40 3 31 25 82 52 37 9 9 93 55 82 44 79 46 15 77 41 8 92 76 6 68 22 40 32 52 3 50 43 7 17 26 1 85 46 31 46 87 34 16 33 33 72 83 61 54 43 74 67 8 76 42 71 83 6 86 83 8 6 55 52 15 35 10 23 56 94 16 1 96 86 34 2 57 89 66 51 48 43 39 73 30 77 1 82 93 67 98 11 40 85 12 82 88 99 82 66 69 95 87 70 57 97 77 67 69 28 23 14 99 42 30 56 83 76 34 32 85 15 72 25 19 83 26 32 12 75 12 84 63 66 93 
89 23 87 26 65 91 70 55 20 59 21 52 62 28 13 86 9 73 86 17 34 29 10 86 28 73 32 84 26 79 38 8 72 84 3 89 24 73 7 7 83 80 39 79 95 95 84 39 4 56 85 29 51 54 78 69 89 1 83 21 19 98 14 53 17 63 15 12 32 4 16 23 32 78 19 9 57 7 5 57 51 99 92 70 49 29 48 49 7 92 27 19 90 79 80 95 69 30 34 53 23 28 96 24 92 16 20 16 35 80 47 91 25 16 48 35 21 20 83 28 13 31 94 57 48 60 12 94 47 61 78 87 61 38 43 46 76 73 69 27 91 74 35 16 77 20 45 66 13 78 16 91 43 64 84 45 73 94 84 45 73 78 62 65 70 11 36 45 84 19 35 1 13 20 93 96 2 4 2 49 14 40 49 74 63 40 73 50 51 52 28 7 91 79 38 11 24 84 55 70 76 3 53 2 12 79 11 28 13 95 15 34 93 67 88 54 32 0 91 40 11 0 66 38 4 43 92 61 73 25 61 6 15 40 46 56 40 81 3 29 30 5 31 23 82 90 54 39 94 68 89 31 86 69 73 45 40 81 53 51 13 40 6 49 76 34 82 5 87 99 4 58 29 13 1 83 25 53 77 38 48 3 29 38 62 91 75 31 23 77 66 2 30 22 19 22 94 34 12 1 69 2 73 83 64 46 74 41 87 23 6 41 10 48 73 84 20 62 13 84 3 23 83 15 54 97 45 68 50 54 80 63 9 26 96 44 4 67 67 8 15 96 38 57 42 17 53 76 74 41 34 8 67 24 84 30 17 59 13 38 60 59 39 92 19 41 76 56 75 8 49 37 58 98 88 20 43 73 71 87 10 21 20 74 22 9 22 43 50 23 49 30 13 39 56 49 37 27 46 79 
57 94 1 82 50 74 54 19 88 88 54 5 56 0 31 10 97 86 81 99 51 16 64 58 58 89 55 11 68 17 64 6 86 2 55 58 46 31 2 80 96 62 76 39 30 82 76 80 42 2 34 24 89 7 97 70 20 73 5 0 14 16 41 59 73 21 7 97 22 22 54 75 99 32 68 6 15 92 40 86 54 64 25 6 10 33 40 12 34 21 58 27 73 44 70 61 67 77 71 29 59 61 38 45 24 29 75 1 94 49 52 1 99 43 58 78 8 15 85 92 12 24 48 91 68 1 86 31 2 81 77 47 12 74 75 43 23 32 51 62 32 85 96 37 60 91 44 36 42 23 83 57 51 51 86 57 25 30 11 32 59 85 27 99 54 88 13 86 90 40 41 71 84 14 57 27 29 23 70 98 23 48 45 34 49 92 0 5 60 73 18 33 55 64 30 93 17 62 1 45 92 6 37 18 58 77 26 0 16 76 92 69 21 73 78 42 42 74 73 36 33 78 12 34 86 44 17 77 35 20 64 77 36 90 26 66 30 17 93 74 1 61 90 3 14 24 53 20 68 19 69 89 34 45 65 5 81 61 87 36 32 14 65 55 2 36 31 6 21 12 18 32 10 53 38 6 22 98 54 37 10 92 51 14 76 92 7 48 14 43 9 97 13 66 53 48 11 48 37 11 9 96 31 30 45 69 60 9 64 27 15 93 96 92 36 44 56 30 62 95 20 68 4 11 15 92 1 85 96 38 81 58 5 87 51 62 84 83 48 18 47 98 57 94 59 52 99 46 90 80 83 72 71 8 61 3 74 69 63 84 63 14 24 45 84 31 86 16 95 87 69 56 54 89 87 11 71 96 25 51 85 52 16 30 46 2 30 21 13 20 1 81 10 65 30 79 39 55 28 18 
19 3 99 22 98 34 92 50 47 36 18 54 47 70 63 52 52 26 74 64 28 65 71 63 1 96 36 20 33 45 27 58 60 54 33 29 68 24 15 51 53 26 9 51 5 78 30 90 72 68 58 79 90 66 29 51 7 47 9 48 74 33 76 75 5 82 4 97 40 4 62 31 78 56 14 58 30 85 26 68 92 74 56 78 72 47 52 65 44 81 29 91 82 45 35 87 38 83 97 64 8 94 22 77 72 28 21 76 20 48 6 62 87 75 59 95 24 66 79 21 31 58 85 99 52 59 14 56 26 61 26 6 59 93 86 62 56 85 11 55 92 65 42 2 79 53 94 65 58 59 99 20 87 21 61 81 72 69 20 69 55 15 16 16 17 93 81 97 29 2 8 49 68 39 14 5 83 15 73 66 65 95 93 7 59 21 87 83 25 30 26 51 42 0 59 64 4 93 40 22 64 30 55 72 69 31 84 96 25 68 91 95 81 91 13 90 42 68 6 28 81 93 57 52 23 8 12 84 66 29 62 71 44 0 59 15 53 2 57 64 25 36 6 68 93 47 26 4 43 80 7 10 48 73 55 92 27 81 51 43 70 53 20 30 86 77 84 74 99 55 91 53 36 37 12 5 26 89 76 85 12 93 46 85 53 93 65 40 67 1 10 5 89 86 23 30 96 20 91 49 37 28 78 97 0 62 95 62 4 85 87 49 89 25 92 20 8 14 18 81 24 59 14 87 38 52 77 51 71 9 40 55 24 45 69 4 9 51 35 24 48 49 79 26 15 49 13 43 99 46 27 61 76 20 3 70 57 67 32 93 87 54 31 96 92 37 65 72 37 83 51 42 19 29 75 96 18 40 32 44 50 48 12 12 15 46 37 94 52 9 35 24 59 87 18 34 93 13 98 86 
5 22 78 55 61 46 68 79 90 38 20 5 78 4 19 95 57 94 80 32 70 40 38 72 16 79 73 52 33 98 45 65 25 99 65 33 81 45 54 9 72 87 88 48 26 45 76 72 90 5 73 6 67 8 66 98 42 23 34 28 98 51 19 17 36 57 12 9 94 57 47 35 77 68 3 51 14 7 78 48 68 6 75 74 17 62 12 30 61 86 74 59 87 68 55 14 54 61 50 32 18 23 72 34 40 89 33 16 52 49 79 19 49 79 93 43 46 39 98 31 78 90 22 37 11 56 19 86 52 52 52 39 29 62 26 57 23 57 52 71 1 3 14 74 10 32 12 31 55 52 64 87 68 41 3 2 12 12 36 95 69 56 43 49 86 13 27 19 87 46 72 10 86 31 76 18 70 6 72 28 45 91 31 57 39 65 61 48 0 36 53 92 60 97 51 95 5 83 37 18 84 88 69 61 67 55 15 9 70 89 18 34 83 64 28 68 64 21 63 53 67 52 42 39 85 54 52 79 38 64 50 63 67 21 68 73 72 8 2 85 1 41 22 68 14 72 5 99 19 0 2 73 43 56 8 23 99 78 6 53 73 81 22 92 91 51 20 57 4 87 50 19 56 51 15 22 33 90 39 27 92 57 3 17 27 79 58 64 96 51 44 97 48 10 8 52 69 56 29 26 66 91 15 72 93 21 30 84 37 24 10 86 49 74 85 67 54 48 60 51 59 74 42 53 52 27 77 19 33 14 79 76 41 77 54 65 46 9 49 68 40 46 52 42 22 6 38 84 6 66 89 43 79 48 54 14 85 2 11 91 2 51 65 44 97 40 52 81 42 74 95 39 7 1 6 54 42 18 79 6 16 80 84 67 36 23 12 47 36 25 26 79 31 40 70 53 45 2 23 5 
67 24 91 84 30 89 80 4 51 73 53 53 66 97 78 88 52 27 31 60 82 57 24 37 34 86 17 30 72 87 34 74 22 37 14 27 66 49 57 96 9 56 39 96 73 62 73 62 4 26 85 89 16 96 95 0 48 80 50 26 6 78 0 33 85 25 0 48 44 40 81 14 76 12 76 26 95 39 48 19 47 19 11 56 79 30 26 7 81 51 73 83 55 99 94 5 44 29 55 38 92 4 67 9 83 38 84 27 66 30 20 63 87 45 97 69 29 49 31 97 31 41 63 13 21 2 73 54 66 65 80 63 81 37 80 75 48 96 7 6 56 90 73 31 47 67 50 19 37 79 94 20 10 99 71 83 11 5 77 40 85 48 41 90 31 56 34 12 76 18 28 93 38 16 36 0 4 30 82 16 57 59 23 72 72 84 16 81 71 93 86 75 95 46 67 69 73 99 24 26 59 69 39 47 26 76 15 51 53 89 71 36 62 73 56 93 93 48 14 53 46 7 20 51 99 81 28 75 0 2 23 79 18 62 54 62 28 78 79 51 39 48 80 97 47 81 5 99 72 31 64 13 27 72 73 79 70 10 39 59 43 5 6 7 81 87 55 59 30 45 84 87 89 70 69 56 70 84 4 62 23 59 27 98 33 41 28 30 81 0 46 97 27 47 40 32 31 79 29 52 77 10 44 30 54 4 15 61 1 92 24 80 66 86 8 18 8 91 56 49 71 99 77 89 78 90 63 6 94 70 24 92 58 12 72 3 50 79 20 94 78 5 86 69 64 92 7 65 51 80 75 12 88 12 77 39 48 50 41 78 92 98 79 23 91 98 67 26 26 74 72 19 84 31 59 27 44 12 47 57 94 81 83 74 75 44 26 1 11 38 11 22 50 56 92 59 36 36 3 22 
75 41 68 27 77 95 17 45 79 44 60 0 52 4 34 12 80 12 71 59 65 37 42 83 2 23 54 53 74 25 92 4 65 57 14 9 39 15 60 57 22 60 21 43 46 65 48 31 38 69 78 37 62 75 85 19 78 60 1 87 29 91 1 74 55 89 77 75 95 30 55 58 13 74 35 91 49 20 54 51 69 52 93 28 48 44 10 37 82 60 59 23 4 45 83 99 35 48 81 62 71 16 83 0 56 46 51 78 64 66 28 80 14 73 29 94 51 76 55 77 14 29 49 32 87 71 4 31 40 39 47 72 21 64 28 18 33 54 97 50 30 68 40 35 96 35 89 34 27 94 38 71 2 18 81 33 16 13 11 76 32 15 33 36 25 0 21 20 57 82 26 26 57 56 11 56 71 99 6 84 40 82 5 87 97 94 57 62 14 95 63 12 76 96 74 47 74 32 25 38 32 18 99 89 29 66 6 32 93 57 96 86 3 87 92 40 98 8 79 21 39 82 87 43 60 80 78 14 52 78 49 18 4 96 71 64 53 83 97 19 68 5 37 37 24 8 86 88 95 10 92 11 74 82 36 6 52 27 97 99 18 91 36 22 18 5 73 62 74 42 64 61 73 14 2 11 44 38 1 31 98 6 39 86 6 75 6 0 70 50 84 92 14 93 11 14 80 42 11 67 77 67 24 70 1 47 21 48 2 63 27 11 24 68 70 36 55 28 8 85 54 1 86 87 10 77 67 66 15 84 62 17 38 12 19 59 65 46 89 34 27 63 72 28 92 4 44 72 97 82 36 37 96 33 7 56 87 97 90 82 66 64 51 88 16 16 71 17 16 96 79 17 81 12 59 89 76 0 84 34 80 88 37 64 23 89 60 71 96 43 51 55 99 17 17 32 49 56 87 94 
95 51 79 84 65 57 4 78 87 55 30 69 18 22 9 16 28 75 32 38 82 53 27 70 6 68 37 84 83 44 83 84 44 32 70 83 0 44 46 7 22 13 27 17 3 60 53 89 33 32 51 75 72 96 40 10 59 19 89 80 28 2 76 58 46 77 39 78 98 65 18 86 97 31 16 1 53 43 95 77 13 69 5 30 76 52 28 62 62 3 91 97 12 15 98 79 20 61 64 10 21 5 73 53 46 85 95 71 74 33 12 20 4 66 41 37 87 53 23 42 76 3 13 34 89 95 5 79 60 33 70 27 5 18 73 74 82 91 37 8 46 81 91 78 88 23 38 41 22 23 19 3 23 94 83 31 15 29 43 43 19 12 58 84 41 36 98 75 83 50 71 16 87 70 13 72 23 14 68 11 5 87 57 67 19 13 4 65 21 28 75 9 38 81 23 2 66 0 0 59 0 82 32 62 29 35 46 9 38 26 33 37 25 48 31 15 39 45 44 42 77 40 30 62 59 25 56 84 13 65 95 88 14 33 7 75 56 56 76 45 7 66 1 10 90 40 32 16 86 82 37 80 45 61 99 34 96 6 13 34 30 60 47 68 74 74 48 27 8 47 82 8 0 60 81 77 63 17 11 10 76 16 84 90 94 78 52 27 3 85 99 22 86 64 82 13 12 7 44 35 6 52 81 53 11 30 14 85 69 96 31 93 48 25 22 69 31 22 33 3 79 47 47 7 47 35 89 67 79 26 50 39 57 86 60 0 4 74 5 86 48 34 67 77 7 30 34 12 2 69 10 76 66 35 16 94 15 66 77 90 37 28 59 31 95 93 10 65 32 29 14 64 21 20 67 73 20 80 67 68 13 17 92 43 20 73 55 33 70 42 47 37 22 83 68 24 50 71 27 16 
43 64 18 17 87 99 82 44 88 14 85 42 58 50 76 88 67 77 72 32 72 68 71 20 22 60 5 60 91 25 21 71 55 72 24 0 26 36 43 38 99 19 6 55 16 88 22 0 86 93 20 98 25 3 31 23 6 77 68 44 2 70 25 89 48 29 76 8 41 23 35 84 26 4 46 64 34 80 29 54 99 44 58 18 4 27 14 32 43 65 45 33 77 95 10 22 63 56 53 19 37 44 30 6 30 57 51 40 55 12 78 94 38 44 51 83 4 24 88 69 31 57 88 34 20 67 95 53 51 5 62 31 93 49 1 30 12 17 3 69 43 51 12 97 8 20 50 27 80 5 66 65 30 33 29 57 92 28 21 96 70 11 21 56 68 31 27 8 97 51 62 99 73 52 51 79 1 52 86 87 48 40 84 38 28 57 62 75 66 22 85 82 34 29 94 57 93 62 77 26 67 84 31 95 59 97 52 6 20 94 3 59 28 84 38 5 33 62 15 70 49 16 27 28 54 71 97 54 97 3 98 6 9 5 51 83 15 75 74 37 97 24 99 32 33 90 78 98 49 67 87 32 5 74 67 85 91 33 30 46 46 51 29 25 32 13 47 27 91 68 51 35 50 95 5 32 67 68 5 8 32 74 60 44 67 56 1 1 54 20 44 30 51 53 43 56 31 55 31 80 25 23 93 71 78 46 66 5 41 92 19 27 10 11 47 90 27 78 69 45 38 27 69 8 26 12 65 22 83 58 22 17 4 72 11 84 31 5 32 66 1 73 21 46 3 75 90 53 94 75 30 25 73 88 82 96 64 42 7 27 91 2 72 55 22 61 95 80 7 17 71 53 2 20 17 11 49 43 40 30 67 24 98 2 40 77 77 1 37 8 54 2 59 46 91 51 57 36 1 70 
83 5 0 97 28 42 59 60 22 26 82 99 90 75 27 53 13 60 82 47 91 74 10 10 32 80 70 54 82 71 42 91 54 72 97 11 3 45 64 22 87 93 1 27 55 29 9 15 18 82 22 77 27 63 85 58 27 58 54 54 26 20 53 44 24 91 76 7 14 29 73 27 54 80 65 14 38 3 46 22 24 66 22 24 50 92 90 74 25 14 78 60 81 28 41 33 95 43 96 76 87 93 6 10 8 11 79 67 48 12 76 64 3 29 72 95 87 49 88 44 84 49 78 32 34 74 40 13 37 40 44 73 88 85 26 58 84 76 68 71 92 62 22 1 16 44 71 88 79 18 84 81 79 83 94 96 70 31 46 96 0 62 63 99 66 77 57 28 84 20 92 41 21 60 20 10 17 10 28 39 60 10 98 43 43 15 65 61 1 60 39 84 11 52 16 33 53 18 9 72 17 41 85 57 3 2 96 96 58 68 30 36 23 85 59 33 35 11 97 10 73 63 19 1 10 37 42 84 91 82 28 9 50 44 12 2 64 70 21 17 62 71 58 0 94 46 4 99 26 55 59 62 66 97 32 69 98 45 66 32 30 82 76 7 2 86 3 64 32 14 85 70 29 16 0 90 80 98 26 47 94 61 28 60 50 7 75 97 41 54 24 62 75 99 99 99 87 9 82 22 41 64 10 5 49 69 51 78 96 87 69 31 37 61 73 65 30 64 30 17 67 98 67 14 62 56 24 91 61 10 71 44 24 93 98 32 7 97 72 46 63 93 44 69 39 0 38 41 68 63 38 76 13 5 86 58 88 2 36 28 83 25 69 88 74 46 48 81 89 2 11 97 32 80 32 86 28 42 82 13 57 83 65 53 95 48 70 79 34 36 65 34 55 16 54 26 99 16 22 23 
71 22 5 10 47 8 4 67 2 50 59 20 5 81 1 32 42 41 7 38 98 54 99 63 15 62 11 47 62 13 43 47 69 4 55 43 31 56 35 26 94 14 11 64 90 92 19 34 24 16 95 73 36 29 21 66 20 68 48 21 83 62 25 94 27 63 55 73 49 75 59 69 5 11 53 96 97 93 43 89 50 29 95 37 34 39 57 4 91 14 38 50 28 12 71 53 90 57 34 89 47 30 83 1 70 37 23 63 68 52 71 80 92 71 98 60 58 46 68 44 52 3 65 41 64 17 67 48 78 53 99 73 59 57 6 34 83 88 70 13 9 35 26 7 73 89 67 63 26 54 26 50 99 19 97 17 60 54 33 19 75 48 38 91 78 22 67 87 99 38 90 27 65 19 93 6 4 57 8 4 35 38 37 4 5 99 83 57 90 64 57 7 5 32 85 73 17 4 48 8 97 20 52 65 21 58 25 8 36 16 20 9 51 65 88 50 79 75 71 22 59 14 43 75 75 54 29 95 67 91 97 62 81 71 31 65 62 52 56 22 18 55 4 67 71 43 20 32 10 54 29 33 62 70 57 22 55 21 33 53 42 80 85 19 5 62 15 22 55 97 51 22 54 1 43 46 73 48 42 89 42 15 40 85 26 63 12 58 76 93 28 54 59 1 42 4 72 0 4 72 61 35 41 57 41 85 36 10 98 61 54 22 34 17 50 16 75 20 20 43 60 96 79 37 4 32 43 11 61 39 77 31 68 53 75 35 80 2 68 40 80 10 2 64 46 60 22 69 20 11 60 87 12 15 93 97 34 73 34 99 95 50 52 54 73 24 39 42 50 79 64 39 83 81 92 57 95 48 50 16 64 44 77 16 99 10 38 54 32 73 79 8 95 81 48 42 6 7 44 78 
77 89 71 20 82 15 72 17 5 21 90 53 87 43 99 27 22 70 60 15 3 97 93 10 72 8 84 49 99 41 68 41 42 58 69 50 24 89 47 75 27 2 1 87 19 61 41 81 53 29 66 16 70 77 59 79 69 68 28 68 54 86 98 10 55 51 46 57 8 35 95 72 51 44 22 88 11 76 62 61 26 64 51 16 53 12 85 84 88 54 85 0 46 40 84 41 83 95 43 75 38 60 60 97 93 26 54 49 74 44 69 98 85 87 17 19 58 5 62 50 37 62 47 70 78 49 17 7 14 11 16 5 55 40 37 0 29 30 6 17 24 44 95 6 79 96 90 94 83 88 54 62 82 84 18 92 53 85 33 7 25 81 91 37 17 47 77 58 8 1 91 54 98 30 48 25 28 92 70 9 31 32 15 52 22 85 43 52 38 69 57 73 42 11 2 94 10 66 18 7 64 46 95 31 9 65 26 84 87 49 17 21 25 87 33 5 82 23 17 83 24 11 60 88 60 88 69 3 55 5 72 82 39 14 78 11 70 69 56 58 72 65 37 15 34 58 63 66 66 91 83 27 8 65 59 79 16 57 77 33 68 9 7 55 53 86 80 23 0 14 41 27 0 91 12 1 38 24 22 39 11 70 24 7 92 65 44 69 90 83 18 44 21 67 27 78 60 34 87 22 81 7 0 41 42 83 73 69 68 39 69 80 14 34 46 18 34 20 93 68 77 16 32 58 69 41 34 63 6 55 83 2 58 56 46 30 54 80 66 65 37 17 24 91 59 40 96 21 25 71 8 4 59 74 40 85 55 82 9 20 78 35 74 35 40 73 97 90 31 30 84 40 34 18 34 18 31 54 43 4 1 77 42 42 32 51 83 51 40 33 91 17 62 70 20 29 37 44 46 70 
1 92 32 46 55 55 19 87 19 16 74 59 76 47 72 91 52 51 5 6 83 87 28 73 52 86 37 32 21 17 86 95 78 40 96 57 51 50 9 95 65 65 0 24 8 20 78 45 27 93 46 33 67 96 90 69 19 24 43 54 83 77 2 75 63 66 88 5 70 62 56 17 67 29 85 70 98 65 67 48 75 54 82 34 42 68 98 13 60 50 40 84 54 63 58 4 94 81 42 80 24 69 27 71 23 24 31 69 70 48 22 10 76 0 98 85 25 96 91 71 65 93 84 57 43 24 30 23 22 14 84 72 78 91 78 52 58 22 38 24 25 57 32 2 56 39 38 51 33 75 42 51 31 12 43 82 17 20 36 24 45 89 40 61 3 32 55 94 41 94 61 4 54 49 97 70 16 42 80 46 36 28 1 44 20 91 9 19 30 8 18 25 92 61 22 80 58 8 66 89 32 64 89 43 52 34 75 94 78 70 56 87 92 79 95 8 60 23 35 43 40 37 9 64 0 32 41 37 49 41 32 53 17 82 20 30 18 48 16 34 72 99 7 21 70 45 85 86 47 28 46 21 70 1 32 50 51 68 56 91 44 23 13 12 12 85 28 0 66 89 38 46 67 11 59 30 93 21 5 85 61 32 44 44 22 92 34 94 81 3 70 84 90 0 58 22 48 68 41 87 75 60 43 26 85 31 76 37 72 27 8 26 77 89 77 95 89 41 74 61 91 11 73 74 9 37 45 39 96 75 4 64 75 84 49 62 69 27 97 34 31 76 24 40 59 55 32 52 61 12 51 79 54 4 64 32 55 57 33 18 23 6 27 3 71 11 41 75 16 2 84 47 12 26 84 10 80 95 74 11 7 27 71 32 27 55 1 56 58 43 12 42 60 64 5 39 74 33 12 52 
71 41 32 19 39 19 42 18 22 54 63 28 38 45 4 85 62 16 67 41 11 1 73 91 70 35 26 16 65 59 71 92 86 61 65 22 74 49 91 69 83 39 83 10 37 54 97 98 23 29 81 45 14 64 84 74 21 46 8 48 24 73 58 53 58 20 37 98 1 78 1 28 51 54 45 58 36 36 89 78 97 53 50 48 71 21 19 47 8 92 8 69 82 36 66 25 11 24 19 52 3 9 90 81 10 81 38 93 37 40 80 70 68 15 99 7 2 39 87 40 62 23 9 38 20 76 83 23 97 85 21 58 18 19 7 62 54 22 32 44 27 65 35 10 46 58 85 30 5 37 33 98 62 51 25 85 80 75 29 66 76 27 39 47 40 2 12 94 61 32 32 9 93 97 0 92 34 98 32 6 23 24 95 51 67 0 38 63 89 70 72 24 54 62 69 14 92 99 39 15 87 1 49 23 35 79 65 75 26 0 79 99 13 8 60 15 47 13 25 2 88 20 88 82 34 4 26 79 40 40 60 98 29 85 18 45 12 35 5 14 74 67 31 43 22 48 2 64 95 0 74 52 70 17 69 44 84 12 25 18 33 75 59 58 0 61 24 30 13 46 31 7 26 1 94 23 4 6 28 39 7 84 54 71 22 26 60 63 72 44 98 42 64 17 12 72 71 53 40 97 71 12 58 92 36 15 88 82 65 16 26 57 72 87 38 37 79 82 89 1 78 75 64 93 96 88 98 89 25 73 11 36 53 4 29 28 51 11 48 6 47 26 60 6 77 45 53 46 74 2 17 7 19 81 78 99 88 40 63 41 76 20 79 88 3 78 64 9 32 81 77 56 71 62 77 9 65 91 1 59 24 56 1 72 96 8 28 43 42 75 63 76 71 37 78 66 99 22 87 50 
75 62 21 6 42 0 5 99 74 94 41 10 67 59 31 23 60 75 47 59 10 50 34 67 85 53 79 83 3 18 78 61 77 27 80 33 42 63 87 53 29 58 62 48 21 12 5 17 40 43 34 23 32 2 85 67 80 4 71 7 44 5 34 63 64 47 84 78 85 44 68 18 30 25 84 48 4 93 52 13 40 87 18 85 80 2 44 40 54 85 32 39 63 1 13 9 58 20 8 34 90 94 12 49 87 6 83 76 13 17 31 39 65 51 10 39 44 5 42 59 85 38 84 39 35 55 3 83 23 4 55 99 87 19 42 14 23 4 61 61 81 90 65 24 53 77 90 48 75 89 91 14 14 49 4 16 4 36 26 54 19 98 25 9 98 7 38 12 75 74 35 65 0 64 93 71 54 1 3 7 73 22 89 50 44 16 52 50 76 9 77 59 41 10 80 59 23 4 69 20 94 87 55 26 24 88 97 82 69 53 12 11 98 8 8 20 24 77 29 48 97 90 33 69 85 27 82 83 63 65 27 49 89 88 73 50 9 70 34 25 8 27 97 57 73 73 50 87 24 24 2 49 33 47 48 7 50 41 65 98 69 30 29 88 12 72 28 17 42 11 95 42 92 61 76 85 25 7 55 14 77 5 6 46 33 16 54 66 48 84 84 86 86 67 11 78 67 67 39 40 6 60 40 26 93 9 93 83 26 84 7 50 21 16 24 34 93 40 39 54 20 32 58 75 26 27 9 4 54 13 30 31 91 13 57 49 77 83 12 74 70 21 65 62 3 84 67 28 10 68 80 45 9 94 79 22 97 45 67 3 62 5 31 71 33 2 64 36 28 5 0 97 2 46 69 29 80 36 32 50 36 66 86 0 39 63 33 79 1 5 71 69 12 73 44 85 16 95 76 85 
35 72 71 24 77 92 37 92 21 72 17 16 52 67 90 49 47 42 66 41 94 93 36 37 86 66 9 24 60 54 0 99 80 22 83 7 40 71 35 6 69 70 50 67 61 99 40 83 78 79 58 40 20 33 61 45 9 78 73 96 55 32 31 59 58 69 89 73 27 7 23 28 17 60 6 15 15 85 74 61 97 62 43 40 23 18 36 69 59 65 52 18 32 8 20 89 76 23 13 89 67 8 9 37 88 97 33 25 44 18 75 13 88 98 26 90 30 11 61 64 30 16 0 0 44 83 67 42 25 95 95 17 29 33 57 34 69 75 70 56 78 89 23 78 22 96 26 49 5 31 92 71 35 46 76 41 56 62 1 35 66 62 57 78 41 69 36 52 40 35 47 92 16 0 8 20 35 33 29 11 92 82 66 98 29 7 22 12 19 57 43 1 80 96 11 85 67 46 93 17 37 63 6 89 59 53 27 66 91 39 87 80 49 3 73 56 36 91 76 32 63 26 23 31 72 6 34 58 13 15 20 62 34 21 7 70 29 14 10 15 37 98 16 39 90 72 95 34 99 75 73 35 11 19 96 2 18 86 87 70 62 26 41 53 36 49 90 76 48 1 6 81 18 2 19 51 87 59 3 20 71 39 83 55 33 62 84 17 10 32 82 40 90 85 41 40 88 5 2 28 68 17 97 91 8 39 98 62 56 63 38 10 72 17 87 44 25 99 46 55 61 2 3 94 3 53 41 69 66 25 72 92 23 55 24 0 0 60 97 29 79 72 73 26 8 59 86 89 93 91 2 90 6 7 77 42 31 86 86 50 44 58 14 6 38 30 53 88 99 14 30 57 27 53 25 48 21 18 48 95 99 41 35 63 27 36 60 52 37 92 11 93 90 52 83 55 75 99 82 95 
88 41 78 25 58 50 2 76 45 63 10 39 2 64 28 91 3 94 42 14 24 59 37 24 2 59 8 20 40 26 60 99 27 15 64 83 65 60 97 42 95 16 44 66 65 52 89 67 1 34 74 93 84 95 83 15 11 97 48 79 42 59 61 9 1 65 52 67 44 5 7 6 88 29 92 96 0 98 23 79 46 52 61 3 66 68 43 31 1 81 28 6 82 61 50 10 22 69 18 93 94 55 91 18 49 93 23 18 59 19 95 55 96 82 61 51 45 95 4 5 9 12 59 84 1 81 48 58 54 77 43 46 99 95 32 94 51 42 99 31 18 89 0 20 68 3 15 37 70 37 84 17 17 49 68 42 79 67 0 13 52 96 50 32 54 46 31 34 12 85 3 70 21 79 11 64 50 40 43 17 97 42 44 56 53 89 92 26 17 61 3 62 84 70 44 69 17 15 93 88 54 90 16 82 81 66 21 92 55 70 93 74 11 73 70 90 45 71 1 7 41 55 18 50 4 8 90 1 61 90 99 65 56 73 21 40 53 17 46 25 77 94 27 29 54 98 41 38 72 61 0 68 74 71 75 99 41 56 96 45 89 37 85 25 34 56 55 41 12 52 85 10 9 54 96 10 98 4 3 99 27 86 4 52 99 70 37 2 60 38 52 42 75 69 35 68 19 26 25 16 99 16 41 21 40 41 60 79 49 71 30 66 97 24 17 54 97 6 82 89 48 89 13 46 94 59 52 39 12 84 37 56 83 39 78 22 70 92 54 66 79 51 24 17 73 18 6 55 63 51 3 13 28 15 36 14 63 72 17 99 15 37 85 20 8 74 17 14 24 90 48 90 64 1 64 39 39 17 22 97 76 89 49 54 58 5 73 43 52 55 25 79 99 40 4 4 67 78 56 64 
33 76 12 70 96 66 46 85 51 88 4 67 41 72 65 28 21 63 77 66 41 36 71 54 5 28 71 72 65 80 64 3 21 38 83 75 31 33 1 14 45 88 24 65 87 8 65 10 78 81 88 36 17 41 88 20 0 18 0 60 34 17 78 4 10 23 27 22 64 6 68 14 17 88 8 70 53 34 87 13 87 14 99 13 87 23 30 88 77 85 10 39 99 1 14 64 31 36 76 9 31 6 78 51 83 76 88 11 15 33 97 40 72 26 38 83 36 93 9 84 43 65 53 25 56 48 73 45 58 73 57 15 15 87 13 63 57 82 86 40 43 45 36 39 11 35 78 32 12 3 80 57 44 82 68 42 4 7 98 84 73 57 44 57 81 34 76 76 85 69 3 67 30 77 42 42 53 59 2 36 86 92 67 31 25 66 54 84 82 43 47 17 84 47 80 95 89 30 89 80 32 56 55 21 72 48 89 44 8 92 23 18 90 8 54 13 19 2 82 79 50 40 77 39 51 7 3 71 84 48 51 5 83 78 89 89 93 16 30 2 98 87 68 10 19 40 43 34 97 25 65 70 18 2 25 37 32 78 87 52 83 47 72 32 54 11 59 49 73 90 51 94 38 5 81 0 49 9 91 70 36 1 17 39 18 30 52 41 27 60 76 38 52 44 42 65 17 72 20 86 33 80 68 90 46 59 91 61 20 55 27 46 92 5 73 39 64 85 19 47 66 24 43 99 62 61 87 13 30 49 33 61 4 15 48 56 29 81 6 60 29 88 8 5 94 57 0 24 13 9 70 18 86 27 31 84 51 33 6 74 64 15 65 53 75 18 34 37 18 5 10 22 17 76 11 95 47 7 7 33 46 23 65 94 67 5 30 54 13 9 54 32 57 91 2 2 59 90 29 10 
84 43 88 92 6 43 15 17 75 76 74 19 40 9 25 75 53 59 39 93 9 30 4 26 45 52 22 34 32 51 49 9 25 38 80 50 15 83 67 68 22 78 29 6 30 4 10 83 96 82 4 92 4 90 56 82 55 58 2 78 89 69 94 22 82 62 75 73 49 72 78 88 31 87 17 24 73 42 16 84 79 83 58 59 45 99 21 91 48 85 65 19 63 59 52 71 58 11 80 5 14 31 26 78 69 15 60 62 79 20 41 13 75 8 40 27 10 79 87 44 88 36 32 36 62 64 1 6 30 0 28 30 61 72 81 75 20 36 47 61 90 20 29 41 58 77 26 44 0 87 3 28 86 50 49 54 99 63 72 84 25 88 1 82 94 51 16 20 95 9 31 48 83 98 63 98 65 79 63 13 9 3 49 75 8 9 96 88 31 62 64 58 39 97 6 52 57 90 74 60 99 66 35 30 17 93 23 72 7 61 52 51 27 56 65 38 29 55 11 81 10 41 63 99 21 59 40 34 59 81 24 23 91 25 62 69 9 58 87 46 33 83 74 27 39 38 46 65 40 11 90 69 10 19 5 14 0 46 52 8 71 67 0 68 70 23 47 77 41 26 97 63 83 99 67 84 56 74 38 52 51 64 11 30 19 35 42 63 66 1 28 2 2 54 5 78 8 27 73 42 39 22 5 51 19 79 0 90 78 4 94 5 17 29 85 22 26 21 39 90 98 97 61 2 22 29 83 21 75 12 40 50 7 62 69 7 91 30 80 87 80 33 3 40 54 4 32 19 11 6 78 4 67 43 97 49 69 48 53 79 97 98 36 91 87 4 19 80 9 53 59 15 73 33 92 19 62 5 0 22 48 54 97 76 40 93 20 40 31 36 27 28 55 16 19 1 28 41 30 52 
88 91 33 52 99 86 62 14 73 1 44 35 26 56 9 72 98 93 9 75 48 22 81 5 5 74 87 54 39 61 99 24 46 3 95 28 4 59 42 31 62 62 28 4 83 71 71 54 1 1 67 65 86 27 7 86 72 88 52 34 96 45 20 13 16 92 61 34 23 60 50 9 6 87 29 12 28 41 58 28 12 95 97 54 43 85 73 26 46 82 0 16 31 72 45 94 67 20 80 16 85 66 22 2 90 60 69 56 57 99 37 36 94 64 60 79 66 48 99 76 92 55 68 71 60 17 75 2 93 38 27 12 32 4 47 94 98 3 73 70 61 66 64 31 38 68 27 54 40 94 3 50 85 32 41 80 73 80 70 9 22 78 26 9 89 97 35 13 20 36 48 36 55 92 87 43 60 52 3 94 39 36 65 0 10 0 9 10 45 42 48 46 33 63 9 51 1 10 72 35 87 58 82 0 72 39 22 87 48 69 34 37 15 14 77 9 11 52 89 2 21 50 35 16 66 91 23 48 65 26 58 83 68 74 69 93 52 25 30 5 89 50 87 89 17 78 40 31 77 52 17 60 66 13 17 77 61 76 36 37 50 89 70 88 94 19 89 19 57 6 17 15 75 74 40 32 7 84 48 25 66 85 18 29 88 18 57 82 61 2 72 92 43 48 50 47 60 65 20 86 48 78 80 0 60 60 59 40 31 33 0 32 2 90 6 17 2 14 47 15 8 78 13 45 87 39 64 47 99 18 1 90 83 42 59 70 61 42 62 17 97 19 18 20 39 47 18 85 0 92 64 89 28 38 68 47 1 5 70 56 59 2 45 40 69 66 72 13 34 4 41 49 39 96 80 2 47 54 43 96 74 63 20 64 51 52 92 27 36 19 50 18 74 6 20 90 30 44 61 29 
76 2 12 52 17 64 99 93 31 13 42 42 60 46 59 75 18 39 54 97 98 30 15 17 86 15 7 63 91 9 29 78 14 70 94 58 17 55 35 89 30 27 30 38 63 96 87 4 85 61 99 59 26 44 35 38 91 4 64 10 70 77 16 9 84 33 99 98 19 63 79 51 94 90 97 78 55 45 46 8 9 35 95 37 25 53 18 12 10 85 39 71 76 49 73 3 32 66 74 59 52 69 85 46 75 55 38 69 88 40 51 42 33 93 43 26 7 32 56 63 76 22 59 45 2 43 3 63 51 24 95 56 94 38 73 40 90 91 79 74 3 4 40 65 69 90 39 9 83 80 62 57 53 81 85 3 72 81 90 64 0 50 93 37 34 14 62 40 48 53 12 55 87 97 40 45 52 64 5 69 53 24 32 1 1 67 62 62 81 44 74 8 6 59 42 82 79 18 71 79 35 75 68 37 46 43 73 10 60 33 64 0 84 44 88 36 61 8 30 38 25 41 83 33 38 88 44 43 20 18 1 19 73 88 86 58 75 1 70 78 96 20 79 26 50 8 7 76 43 55 12 86 77 43 25 70 63 13 56 44 22 76 82 34 56 87 38 19 16 37 59 22 60 34 13 84 78 36 77 11 62 76 31 59 4 29 11 84 95 74 93 77 71 15 83 23 0 96 44 33 77 69 86 54 41 17 96 34 48 15 35 5 74 60 59 75 64 33 83 54 9 65 4 10 32 12 60 5 89 66 13 14 59 81 51 63 75 8 22 0 61 99 75 70 37 12 23 46 28 77 45 43 21 10 29 85 7 82 1 4 49 90 55 61 13 80 23 69 60 40 91 9 49 11 5 12 24 42 3 90 94 52 15 97 22 75 83 24 96 8 72 14 98 92 90 88 26 73 43 74 
57 55 45 23 23 15 38 8 68 81 66 36 23 58 43 86 92 37 24 26 50 5 40 81 80 70 73 68 64 87 14 39 66 33 31 81 31 84 27 52 83 93 12 25 34 17 79 78 63 88 59 35 78 82 16 95 40 21 3 44 66 56 58 85 26 98 99 25 92 57 49 86 40 25 63 97 92 7 68 38 47 61 20 49 76 3 22 69 48 71 51 81 51 71 6 47 36 4 87 94 74 31 93 16 90 29 41 40 44 88 10 97 11 81 45 97 96 82 33 78 96 38 18 69 40 56 77 87 33 73 76 86 3 1 45 54 95 22 88 46 83 9 78 41 89 7 17 10 48 45 23 35 98 5 3 11 95 78 92 42 45 13 91 63 38 68 26 42 55 52 90 71 28 90 27 15 24 91 6 47 70 45 55 54 45 68 52 92 55 89 31 78 15 10 25 75 29 45 11 67 29 77 50 75 1 33 31 99 85 39 17 94 76 76 79 27 52 77 37 77 9 41 91 49 10 75 11 92 9 67 34 99 43 3 67 6 48 48 15 80 8 79 87 71 17 60 83 24 79 38 10 20 60 25 29 65 59 97 60 77 14 40 15 24 58 25 46 42 59 98 44 24 82 18 36 77 31 53 82 98 94 44 38 11 2 86 21 7 98 8 11 16 59 12 38 7 54 85 87 74 10 60 69 94 65 97 17 77 77 71 62 62 85 37 95 92 45 64 27 85 82 23 56 44 78 7 25 51 74 2 84 44 33 89 10 79 67 29 7 31 32 48 18 85 94 74 52 37 21 69 27 42 87 58 91 84 50 16 88 1 90 91 18 5 9 97 69 96 70 95 54 50 80 46 43 32 72 68 54 11 36 84 74 86 57 71 94 12 17 86 40 3 84 91 28 46 67 52 5 64 
57 84 12 72 93 34 15 72 56 90 48 24 82 21 39 98 85 72 64 80 11 25 96 47 63 2 30 35 58 16 25 89 64 52 7 1 86 40 51 71 16 82 94 35 80 19 43 77 20 73 98 69 77 36 38 28 81 48 83 94 93 60 59 42 51 70 77 33 18 71 62 91 49 71 0 7 27 4 48 54 69 98 71 58 18 24 82 48 55 50 53 75 53 37 56 90 1 36 74 95 76 63 70 6 27 17 61 78 69 18 50 10 73 44 68 51 24 33 89 21 65 33 33 4 37 19 99 6 32 62 50 77 55 84 36 11 66 9 41 18 11 44 39 36 93 83 79 30 66 92 44 17 66 68 8 82 25 50 84 14 81 16 82 76 46 30 9 31 96 19 42 98 41 59 60 41 8 74 81 49 58 77 43 73 0 52 68 23 63 73 46 13 21 93 38 5 40 3 4 65 49 8 83 28 38 22 38 64 62 61 27 88 36 14 41 91 56 43 55 73 78 71 0 31 22 18 96 11 97 21 12 48 63 16 68 91 72 70 77 9 4 47 64 14 37 38 45 68 99 50 60 25 15 11 63 48 72 80 42 99 22 85 60 13 52 14 65 74 97 28 8 95 47 15 69 75 89 84 33 60 52 85 62 53 42 39 65 24 91 23 60 13 99 37 41 15 23 70 47 41 27 93 0 98 4 38 44 19 14 19 88 98 85 56 79 18 21 15 6 38 75 81 2 43 90 30 40 97 47 73 62 5 25 37 94 21 82 85 42 14 55 31 79 95 30 74 84 57 16 52 2 97 92 7 16 68 78 77 60 47 89 20 20 8 42 58 7 17 61 21 36 93 70 14 59 0 97 42 70 42 9 53 2 35 85 61 92 81 36 29 82 83 67 77 83 28 9 1 93 46 
78 61 49 95 88 30 10 96 35 66 49 92 47 47 46 49 69 77 87 4 11 43 23 74 13 51 94 50 90 50 39 67 60 75 25 6 19 11 87 18 78 46 48 96 9 84 7 67 7 29 8 82 46 46 85 40 70 67 57 30 89 56 35 14 68 56 2 15 64 92 34 55 32 95 10 64 86 16 89 77 80 45 25 30 55 35 13 62 23 53 92 20 81 2 87 31 13 38 61 34 8 19 8 84 19 94 24 63 50 23 51 89 89 98 4 45 55 12 86 24 47 12 95 15 88 53 24 18 26 92 79 48 2 85 69 50 47 53 13 53 41 5 35 65 18 54 29 77 16 20 29 57 38 28 66 37 19 36 84 43 53 26 86 67 22 74 77 49 91 81 82 77 44 2 6 99 72 53 50 34 9 3 28 45 27 93 72 6 17 24 40 13 15 35 72 11 78 77 59 8 27 10 1 15 55 1 55 5 44 31 87 84 17 90 12 59 53 91 63 82 21 40 84 29 35 65 92 58 76 31 90 33 27 39 2 71 1 62 35 56 50 70 38 59 38 29 26 87 87 76 87 74 8 60 49 56 11 59 35 84 34 37 8 91 25 34 80 62 34 23 62 80 42 30 7 79 13 25 78 74 96 3 12 58 94 28 93 23 10 34 42 26 40 28 84 20 19 80 49 54 89 71 26 84 36 2 69 68 31 78 23 65 57 29 72 57 76 73 13 35 6 3 19 40 78 68 13 38 57 21 35 57 22 0 85 79 64 4 7 9 20 36 55 18 71 56 85 68 83 72 83 65 37 79 10 31 92 40 87 45 40 5 3 15 39 84 72 99 77 94 9 12 49 49 74 67 92 41 67 55 54 83 77 88 3 12 1 91 91 42 7 87 83 93 86 87 10 23 80 12 
39 95 38 21 88 96 55 36 97 38 52 15 75 24 12 43 38 53 38 7 2 3 6 99 56 64 9 95 34 18 34 30 69 99 35 10 18 70 41 77 85 79 98 15 91 39 97 5 66 21 39 64 70 47 18 73 47 3 42 81 32 88 26 61 87 50 60 80 23 76 16 74 86 50 17 75 28 6 30 89 57 61 96 77 92 25 66 8 18 39 50 63 13 5 41 18 72 56 80 69 72 84 66 81 71 95 64 37 60 4 91 58 80 64 7 34 25 22 31 55 43 89 3 42 85 90 15 51 94 51 67 72 44 61 56 84 79 13 65 89 82 88 77 35 45 85 90 63 18 16 54 86 93 10 9 5 24 25 82 77 13 8 10 33 95 32 83 45 10 95 94 18 42 39 67 40 16 90 0 80 2 31 59 9 40 11 67 51 6 49 88 24 76 25 96 32 25 96 66 71 97 19 70 94 70 92 66 0 30 55 61 81 60 50 96 78 95 61 45 19 1 42 9 32 55 68 21 94 9 50 0 36 30 57 72 73 26 71 75 37 99 3 51 77 32 58 70 57 74 64 49 26 88 94 12 62 49 34 86 88 47 73 24 10 72 71 82 53 40 96 56 25 41 91 24 6 73 93 9 83 73 48 53 48 54 42 47 68 46 49 41 5 58 75 81 2 26 95 12 11 71 76 94 38 24 57 30 74 48 75 26 27 86 55 84 93 3 43 53 82 95 49 95 85 32 86 54 13 2 77 8 95 91 91 77 11 78 67 51 33 1 15 71 10 95 8 94 68 25 43 80 37 93 62 60 38 71 2 13 73 71 85 63 78 91 85 85 12 84 68 53 1 51 57 68 47 16 57 81 86 93 58 51 49 83 14 79 14 81 88 95 53 79 34 94 32 77 30 84 44 
9 47 70 0 68 74 20 24 94 18 12 66 1 5 29 38 0 36 58 58 39 81 25 25 23 47 52 88 59 13 12 88 9 41 63 84 18 14 59 7 57 54 39 45 32 72 24 22 99 98 81 23 9 29 68 55 58 59 58 44 58 94 80 91 41 89 83 61 92 5 64 43 58 87 0 32 16 5 24 62 36 31 17 51 94 46 14 91 67 86 85 40 42 89 27 15 5 30 79 85 16 29 97 39 3 85 26 71 57 65 66 55 28 27 27 22 97 81 59 0 85 42 10 26 43 24 58 49 61 69 12 0 16 49 10 98 22 50 32 3 4 68 7 92 3 91 31 84 44 58 47 22 14 49 20 51 74 93 50 85 56 88 38 64 63 42 59 92 87 85 21 79 98 22 23 29 69 11 61 95 60 49 55 67 59 23 71 67 23 36 88 93 93 94 80 97 55 3 14 31 23 83 53 96 79 15 93 56 8 6 93 55 45 81 21 23 50 49 0 37 48 93 86 89 60 82 42 39 20 95 20 50 48 37 77 47 98 35 33 65 75 34 5 26 92 79 83 60 93 5 7 55 22 98 42 50 82 70 42 13 71 51 8 1 20 15 11 83 92 41 48 65 81 60 82 53 76 46 57 98 10 10 29 17 58 8 98 58 21 97 12 53 65 82 99 75 37 81 97 67 54 82 21 15 63 32 33 20 60 59 26 94 52 49 19 66 8 72 87 63 64 98 96 40 5 51 70 11 59 34 51 13 34 63 64 84 47 61 38 80 55 85 27 55 8 46 7 87 80 8 59 91 9 78 39 82 89 43 45 6 0 63 95 81 96 76 16 59 14 18 40 30 77 70 83 77 36 36 59 69 16 14 84 17 84 2 56 30 31 7 78 11 26 90 60 16 13 68 3 0 
68 58 20 48 90 80 41 23 69 22 34 77 55 18 84 18 75 91 8 64 89 59 42 70 6 77 78 15 29 29 80 44 63 69 9 9 85 50 74 22 25 21 73 87 87 75 0 28 56 82 2 5 76 77 26 14 26 23 81 14 97 92 39 33 56 89 66 94 79 50 40 70 85 10 66 97 37 76 57 0 20 88 47 1 59 98 50 81 13 67 60 13 78 95 96 53 58 29 54 31 73 63 12 22 97 20 18 95 82 52 88 83 72 52 26 61 91 22 41 57 7 11 28 46 74 92 92 1 4 44 82 1 50 52 27 81 16 83 3 8 99 43 91 80 62 78 19 38 8 21 48 76 57 37 31 38 25 23 89 99 85 89 64 61 7 46 82 8 91 11 35 61 84 33 56 14 22 43 2 70 32 69 62 90 66 37 16 42 79 27 49 32 74 66 85 31 8 35 58 88 70 76 9 64 79 24 79 91 69 12 33 41 80 43 75 95 84 80 20 3 82 49 10 34 29 67 23 32 25 84 35 36 15 96 14 6 1 60 44 66 36 81 21 70 8 59 46 78 67 3 18 15 88 83 2 75 16 46 22 77 7 76 16 86 42 80 76 53 75 88 64 15 40 96 54 41 79 53 93 55 40 30 31 98 25 95 44 92 82 23 95 72 3 94 26 17 42 26 17 5 62 20 8 95 41 54 57 93 60 14 33 56 49 70 13 46 54 82 77 52 84 72 65 58 78 1 47 37 68 18 6 62 92 11 3 2 52 32 58 91 90 50 66 99 68 11 69 26 21 30 15 17 18 48 84 31 21 75 20 71 76 66 59 15 78 96 87 77 34 55 63 23 11 62 91 8 20 94 83 8 99 93 17 85 38 10 79 59 8 14 46 60 59 82 6 67 31 66 84 40 
35 95 87 26 87 40 61 19 49 93 80 63 97 54 85 87 33 22 71 65 0 34 60 90 19 78 17 6 28 26 24 65 5 99 64 61 84 33 35 51 25 95 72 60 28 38 96 87 53 68 91 68 24 1 67 45 86 44 89 64 34 48 63 80 64 17 94 62 21 40 54 50 83 42 26 93 76 25 83 10 45 3 34 31 92 7 73 26 17 72 34 71 82 31 93 12 27 77 40 36 93 85 70 7 41 25 82 76 16 14 61 13 84 96 8 57 30 71 46 0 18 6 83 46 47 29 72 1 56 75 31 58 65 74 41 77 74 16 18 57 23 78 37 94 25 36 13 81 20 88 8 1 62 35 86 81 89 97 49 50 3 46 12 4 27 12 72 89 39 16 58 28 67 21 74 34 45 94 0 32 75 85 2 51 36 23 80 48 18 23 70 72 95 88 58 23 24 78 13 42 65 3 61 56 9 31 26 55 67 40 65 18 32 93 68 16 8 79 84 78 83 19 71 63 24 87 22 10 11 58 62 15 10 47 86 51 53 51 36 53 37 10 95 64 53 33 45 54 17 82 6 81 41 38 70 50 2 87 3 48 22 6 46 64 74 25 20 51 30 61 29 33 83 0 96 15 1 39 86 31 68 65 42 70 18 51 11 16 73 50 38 48 96 43 76 54 57 66 11 23 89 36 92 48 44 46 48 97 19 91 93 86 15 73 42 75 55 25 80 99 23 24 36 84 49 55 40 51 33 22 19 78 66 30 8 77 34 34 82 0 98 88 52 5 26 87 13 32 72 88 21 29 69 3 90 91 33 53 95 50 61 64 99 81 90 1 16 35 97 72 76 56 79 30 26 22 60 58 48 23 43 94 51 0 9 26 40 47 11 97 40 40 77 25 27 0 33 90 67 88 
95 95 71 34 75 75 19 0 54 94 12 87 46 90 49 48 18 1 95 83 50 3 9 70 64 38 88 23 52 21 68 96 37 6 97 36 58 3 82 97 62 36 1 61 48 98 75 62 19 25 45 87 60 57 80 16 28 91 13 72 10 80 46 4 92 94 37 54 1 76 42 62 43 90 19 61 25 48 5 22 71 84 49 92 2 67 78 52 98 49 48 61 30 84 53 39 64 92 89 1 32 10 65 79 71 49 51 88 78 53 7 50 58 37 2 2 66 62 17 14 75 2 27 82 18 33 43 86 49 4 70 55 80 4 58 52 24 44 31 44 84 58 54 46 69 60 90 79 80 48 20 61 15 92 98 78 10 33 59 71 91 49 52 95 25 2 81 4 39 49 37 66 93 19 55 47 78 15 49 7 67 76 83 77 14 20 18 45 38 33 71 41 55 28 15 48 70 50 16 40 81 65 97 28 76 88 22 27 76 65 88 37 34 70 52 45 18 75 58 11 40 20 86 43 52 43 88 27 12 43 86 41 52 70 98 40 92 72 75 74 82 43 85 73 53 16 42 67 71 85 75 22 58 7 82 0 45 78 66 98 22 49 46 81 42 47 85 92 14 81 29 8 26 80 0 45 55 76 61 86 48 23 11 5 66 76 89 50 12 53 61 53 55 61 32 64 22 21 58 23 48 94 50 14 69 88 63 23 94 29 39 70 65 20 71 6 56 9 67 54 29 82 1 67 8 48 44 60 9 99 0 34 94 77 45 45 47 55 0 21 5 32 51 47 75 50 25 78 30 12 55 48 16 62 16 24 81 80 58 63 34 26 56 96 27 68 45 28 87 43 49 69 13 68 2 64 49 13 41 16 6 45 80 68 34 62 46 62 76 16 23 76 52 86 76 22 85 33 6 0 
66 14 89 99 31 22 81 54 21 68 6 37 10 56 26 16 57 75 93 67 2 25 24 0 1 55 19 31 14 28 13 68 78 61 20 91 20 38 87 45 20 22 88 84 82 36 10 9 47 42 93 85 25 5 99 27 96 58 59 85 85 69 18 96 80 83 88 63 56 88 80 79 40 75 24 37 83 53 89 61 91 92 69 54 20 33 26 12 73 29 35 42 78 98 9 98 66 38 63 53 54 45 16 33 74 68 14 18 34 38 13 34 36 26 4 39 8 6 70 54 57 14 46 41 89 68 2 16 82 99 45 29 45 40 36 30 47 10 85 37 75 39 20 87 72 12 28 78 24 91 90 75 35 29 29 76 30 54 65 98 46 23 79 22 9 68 15 78 15 22 10 12 88 55 25 4 83 95 74 44 67 57 87 18 99 96 88 29 26 44 44 97 91 36 68 23 44 81 51 54 67 42 30 3 69 5 67 11 41 28 86 20 28 59 32 38 42 69 59 89 65 38 96 93 28 15 33 13 38 87 5 8 53 14 73 30 57 55 40 93 44 54 20 70 7 79 70 94 21 59 61 26 57 38 15 2 17 14 16 75 5 59 95 52 6 3 69 27 68 89 6 68 84 79 47 98 80 57 0 90 37 30 54 49 77 82 97 79 95 92 98 86 72 70 26 99 96 24 99 55 9 97 28 64 76 43 72 68 15 86 23 85 67 41 84 81 82 43 43 92 45 65 34 92 35 45 64 14 61 88 23 85 97 53 13 14 42 26 6 5 54 70 63 1 1 25 9 69 9 65 83 73 66 31 29 63 22 82 40 80 75 57 7 0 39 55 50 49 94 25 90 9 22 54 72 36 9 59 41 90 36 11 11 78 22 20 81 45 97 28 61 97 97 56 54 23 28 95 42 82 
24 83 28 17 10 79 43 95 52 76 47 84 24 30 90 99 49 72 90 66 3 79 90 80 20 26 89 76 19 5 61 86 41 88 47 97 2 22 31 43 91 26 49 12 51 68 19 94 64 90 70 8 11 88 35 93 72 70 67 28 42 25 57 39 31 60 87 17 47 83 76 89 2 97 70 50 70 38 8 21 69 49 23 53 44 51 10 42 45 97 89 31 92 77 91 74 7 91 22 63 38 58 35 73 85 8 44 65 13 41 97 96 42 94 85 20 34 32 9 93 11 81 60 24 75 91 97 53 11 32 93 39 40 49 13 35 47 22 41 20 15 75 9 66 59 77 73 95 52 51 27 5 99 44 71 43 31 53 28 31 47 53 52 8 79 73 21 44 8 22 21 6 13 12 2 68 61 92 58 63 51 3 31 19 93 37 87 69 48 12 56 42 91 60 95 93 22 48 71 28 66 55 42 61 45 44 98 24 41 99 79 76 67 42 67 81 37 62 45 59 49 90 78 46 75 57 49 52 52 0 52 56 2 5 48 5 68 61 4 72 28 31 42 4 82 38 49 51 52 21 55 77 95 27 52 34 49 91 10 92 62 30 51 50 74 94 38 38 29 97 86 98 30 60 61 66 55 20 61 36 12 94 96 0 85 49 70 7 48 83 75 24 30 59 70 7 74 59 41 92 3 4 26 34 7 9 4 6 56 58 69 94 75 41 87 44 64 3 30 48 83 90 13 58 37 57 71 98 55 42 91 27 82 27 46 4 84 79 91 16 32 31 21 43 68 23 65 96 81 10 26 87 72 5 92 75 19 11 22 97 97 60 37 69 35 91 0 44 48 40 48 29 36 91 49 30 95 15 59 7 79 80 53 4 4 20 78 41 65 27 98 34 13 65 34 10 94 63 27 1 
10 70 20 63 94 22 47 97 49 57 41 32 6 24 21 9 37 59 97 77 1 93 46 53 17 11 85 58 14 1 2 40 10 53 28 36 36 77 87 15 5 25 97 19 39 77 46 57 90 12 61 19 38 3 49 82 68 97 31 53 92 25 99 33 24 59 74 2 12 7 34 56 61 99 58 5 30 66 14 11 80 90 74 70 67 46 80 42 52 54 57 54 65 68 49 4 39 36 9 63 91 81 8 96 65 92 28 12 45 5 82 93 4 16 44 37 5 37 42 83 99 85 98 42 43 92 14 48 89 57 68 9 3 55 92 14 13 35 6 22 52 34 20 21 59 44 81 2 79 15 92 53 2 29 42 60 13 43 77 21 53 41 3 73 79 66 26 53 45 1 56 23 48 32 68 76 71 25 74 85 29 30 50 31 34 83 57 12 44 2 89 83 83 33 95 44 38 24 3 58 66 0 0 85 21 33 11 32 77 32 30 58 28 41 9 64 54 11 34 29 20 46 32 91 32 39 77 79 39 11 98 21 2 56 0 96 90 6 99 12 67 73 62 80 69 81 0 63 92 42 51 79 15 3 22 6 65 39 69 65 17 18 31 8 71 7 51 87 16 85 66 65 48 98 16 19 54 68 93 43 34 51 10 93 13 8 30 44 80 14 2 60 69 15 66 41 39 69 51 84 40 15 78 70 24 26 64 57 45 95 88 49 33 52 33 82 0 1 55 1 2 19 92 15 33 74 55 46 11 46 9 12 76 42 84 14 57 95 14 1 13 84 93 83 6 84 13 36 73 73 22 54 99 56 18 99 63 74 41 29 34 29 25 22 71 73 55 39 76 39 40 78 97 94 16 69 58 27 85 83 74 62 41 9 79 18 26 20 8 7 5 5 96 72 15 65 14 21 86 14 
65 53 32 12 35 81 86 49 30 20 96 28 96 94 94 91 26 25 76 45 43 45 42 33 22 4 1 57 34 53 63 5 40 80 78 89 83 75 31 31 42 39 97 77 75 51 87 62 72 91 73 0 49 1 7 26 10 53 17 40 36 93 83 23 98 55 3 27 2 56 29 25 4 21 0 13 68 48 66 57 83 10 85 36 5 21 0 66 16 7 45 17 13 94 61 50 96 0 99 55 8 93 72 16 80 17 47 47 98 57 97 45 18 57 21 67 46 56 45 82 55 62 69 46 33 77 1 21 41 95 67 47 32 87 44 29 38 17 29 82 49 3 26 96 64 69 95 38 45 18 62 6 54 72 65 69 69 32 84 1 51 83 23 58 86 73 3 27 4 68 60 65 65 54 75 42 82 5 74 73 14 36 97 7 34 70 64 53 60 84 12 30 79 94 28 63 45 45 30 96 27 67 4 18 61 20 10 36 67 31 80 7 81 26 65 83 98 60 16 54 93 49 46 76 81 35 54 25 13 29 14 49 45 95 8 64 10 94 16 38 61 7 10 5 79 73 43 11 16 30 79 60 62 92 31 58 91 83 52 67 85 53 39 5 25 78 87 2 73 79 26 27 95 73 92 59 58 67 70 78 85 34 41 6 29 51 75 29 62 75 14 53 56 48 0 89 93 70 92 11 9 2 29 47 51 69 54 1 94 84 39 82 17 46 7 58 24 5 24 13 89 69 27 52 9 89 46 81 68 33 15 98 24 0 79 40 79 25 93 92 51 22 11 6 23 79 21 73 59 90 35 18 68 51 51 15 82 57 94 68 2 95 76 59 71 21 95 24 14 88 97 9 0 44 99 83 43 19 67 72 81 5 25 33 32 56 76 7 34 2 45 31 48 3 3 71 34 48 86 1 
96 84 37 83 22 77 22 24 50 45 19 12 73 73 55 27 20 69 56 59 79 17 65 98 19 84 77 54 36 87 21 57 74 10 97 46 57 23 71 82 96 93 23 3 98 48 91 57 17 84 59 5 55 98 18 7 3 46 39 72 29 71 68 2 44 37 72 89 14 22 57 44 38 38 62 14 45 44 40 79 80 49 24 24 96 84 2 65 17 94 4 53 94 64 75 5 20 8 88 96 32 74 76 28 56 60 59 92 39 66 43 36 84 11 90 22 8 19 10 97 85 18 50 12 11 73 70 18 76 13 75 22 46 29 18 31 75 11 40 60 68 74 6 99 12 65 7 72 15 25 53 58 27 74 71 37 4 28 79 96 71 19 87 82 32 72 35 74 29 14 49 64 52 45 27 87 84 8 11 32 30 12 20 36 54 93 24 30 79 61 66 21 30 7 40 3 64 37 95 27 60 65 9 78 71 36 85 57 5 1 2 5 6 63 84 23 18 37 50 52 59 43 70 81 30 91 16 45 77 60 48 41 66 63 56 72 31 25 45 58 1 34 22 63 73 59 26 1 98 33 52 65 50 87 34 71 28 77 28 30 54 61 80 57 38 94 75 89 23 8 16 13 81 99 11 9 74 46 82 63 49 28 55 61 45 66 38 88 88 4 36 89 21 46 37 73 49 91 21 43 85 25 96 44 55 54 99 51 19 94 55 36 59 35 10 17 90 65 49 57 79 58 85 6 19 11 87 65 61 7 23 84 21 41 49 3 69 20 85 26 88 51 20 68 5 71 52 51 33 75 14 84 88 59 21 22 55 33 17 88 87 0 53 98 0 54 47 65 35 82 5 9 66 69 55 32 18 49 73 60 83 57 50 63 58 25 74 39 78 38 32 69 96 76 18 19 75 53 22 31 
29 13 15 81 10 3 87 6 91 64 87 43 64 64 29 7 19 25 64 22 9 98 57 1 40 70 40 47 46 77 13 59 54 39 63 13 24 36 87 93 64 44 37 34 41 81 65 25 25 91 60 36 61 60 72 85 23 39 65 35 18 15 39 56 34 11 92 9 88 21 40 40 39 6 40 9 84 59 62 18 12 12 30 16 73 16 89 18 38 13 42 0 38 96 43 1 42 62 22 17 55 12 78 94 13 91 71 64 30 71 80 2 50 27 56 40 38 11 81 93 2 66 87 44 63 75 26 0 34 50 54 72 52 9 90 7 96 95 2 96 85 21 84 87 24 55 69 86 80 61 28 58 8 27 40 9 53 57 17 63 92 79 96 66 36 95 81 84 30 18 85 72 56 91 82 49 83 59 66 51 21 22 27 26 83 93 16 3 38 7 99 17 68 50 40 77 75 35 71 17 26 60 26 19 0 15 58 82 50 34 38 89 73 2 77 73 76 85 18 66 16 48 67 67 58 24 24 80 15 47 62 94 13 6 36 57 37 35 71 3 59 16 3 54 11 19 70 85 55 62 60 58 59 8 56 6 31 5 88 20 34 60 82 50 2 83 39 3 40 63 1 85 84 21 92 35 73 83 41 58 65 57 27 40 6 96 59 28 4 70 16 22 44 35 2 42 85 55 36 49 90 59 42 41 33 51 41 14 64 62 77 92 46 32 26 49 24 35 48 60 96 89 9 75 30 26 85 87 9 24 72 77 26 5 75 34 51 85 15 52 10 3 70 40 30 47 70 71 73 56 27 85 29 35 70 31 50 10 56 58 13 2 69 53 71 27 97 79 33 50 21 22 64 2 71 66 83 69 17 3 15 86 99 35 7 51 12 92 80 44 39 45 39 71 4 16 9 18 97 24 
22 27 1 91 41 23 99 64 53 42 61 37 21 44 37 25 3 48 70 38 3 78 40 24 50 54 20 36 84 12 67 32 11 36 93 38 12 96 99 90 5 25 16 42 45 68 71 70 4 38 87 42 13 56 5 7 47 65 21 60 9 66 57 73 41 31 68 65 57 35 20 13 37 99 27 74 60 79 18 59 93 70 52 17 39 71 43 45 45 70 97 82 2 87 61 12 28 8 86 62 49 77 75 36 88 97 76 57 47 76 15 34 38 52 74 28 5 50 97 96 43 84 14 49 17 15 40 81 79 68 40 59 44 68 47 71 66 52 81 98 41 2 43 30 83 3 54 3 31 65 23 72 30 26 25 65 33 24 95 60 67 51 43 58 70 28 35 84 95 60 62 78 8 67 50 30 45 79 73 34 20 34 34 4 33 24 39 88 5 49 45 74 91 93 76 73 34 47 5 90 80 49 92 30 16 84 35 11 85 48 17 59 81 30 52 42 26 87 43 32 4 7 96 59 15 20 27 95 96 35 46 13 55 4 23 38 8 94 5 68 22 71 91 84 81 71 79 62 17 61 37 27 61 51 11 22 93 33 14 5 3 35 40 96 5 37 63 29 56 65 4 10 82 55 32 0 95 82 58 14 30 33 65 89 0 64 58 21 74 15 80 75 39 17 74 93 16 9 48 7 61 40 77 27 33 72 35 15 7 52 40 53 35 97 71 15 47 22 5 76 6 81 92 13 70 63 14 94 31 86 28 57 50 69 72 61 4 15 63 80 69 92 66 33 72 8 86 49 43 28 11 40 5 14 0 56 61 29 33 51 37 70 11 24 6 64 22 58 59 28 3 94 60 21 1 0 7 94 11 56 27 55 99 23 48 66 89 56 78 17 54 3 19 93 27 62 89 93 87 11 
67 2 98 9 20 14 29 10 14 37 69 8 88 12 32 87 78 71 19 99 52 36 55 75 47 22 27 76 35 61 71 52 10 11 65 53 73 67 22 79 39 41 15 50 9 55 71 45 58 40 17 34 50 63 20 78 1 67 60 70 25 9 3 65 91 66 36 14 37 97 31 18 41 11 10 90 97 51 86 68 52 52 77 77 89 29 4 57 18 33 53 25 84 71 94 11 34 51 80 76 30 49 84 71 89 12 8 4 91 35 74 1 96 28 17 59 27 86 0 22 79 86 67 73 58 66 71 2 47 54 16 55 81 49 96 11 88 95 8 85 11 6 52 44 39 61 25 76 19 56 90 98 90 55 90 47 3 39 35 11 46 3 13 30 32 89 98 74 91 6 56 0 84 16 91 9 19 96 16 18 11 63 81 89 47 28 35 60 71 43 1 45 19 97 75 49 81 85 48 52 0 67 26 24 1 18 19 62 90 77 3 62 1 80 65 97 72 34 33 2 56 53 53 18 57 29 75 46 88 31 72 90 84 91 94 26 19 9 15 86 55 88 50 85 53 97 50 43 93 27 91 95 62 73 31 54 63 71 42 58 35 43 22 16 68 35 90 38 96 73 28 68 65 23 39 44 81 35 45 56 91 3 72 46 90 15 99 57 36 81 42 11 84 15 23 79 69 60 20 81 26 61 7 10 84 74 6 31 7 64 99 36 38 32 59 58 29 67 75 17 59 50 96 80 94 9 91 40 98 22 31 64 58 36 23 15 71 70 0 19 91 38 38 54 10 50 33 76 53 53 9 43 96 75 15 73 72 42 24 54 86 94 1 59 66 4 46 19 14 47 49 88 77 72 93 37 58 62 15 48 99 39 9 52 0 54 29 55 14 41 38 86 66 42 2 89 78 13 9 55 
76 47 22 71 6 41 97 36 65 10 64 34 67 93 82 89 9 54 42 40 11 2 25 37 35 55 58 63 84 59 70 68 63 60 32 7 40 95 12 16 61 41 30 53 53 51 57 88 7 19 28 69 89 97 60 86 32 26 99 17 11 7 63 12 32 48 30 4 52 64 28 67 12 0 74 59 88 18 8 45 21 90 14 4 82 77 75 63 19 47 46 75 7 17 21 12 91 81 16 38 60 64 49 68 64 74 91 86 9 58 24 39 53 96 60 40 62 99 25 88 64 32 76 6 43 53 3 91 39 32 64 94 65 96 17 96 73 20 98 42 53 68 14 79 44 26 47 45 41 72 58 34 57 30 70 23 74 31 8 90 33 95 57 64 31 12 18 53 81 10 81 14 70 73 84 23 37 57 18 74 89 71 96 79 77 76 55 39 63 77 24 40 85 40 41 11 84 2 55 92 38 20 84 30 39 30 35 11 40 51 77 37 51 90 26 15 60 98 8 20 35 92 63 52 79 89 44 73 44 55 90 7 5 74 44 26 77 57 12 71 27 3 99 29 2 86 42 14 51 96 67 77 44 43 32 39 6 35 16 59 37 82 1 98 57 89 89 49 8 9 60 88 26 0 52 88 68 79 13 69 57 53 49 34 41 7 67 56 5 63 60 58 78 42 14 1 60 2 68 17 92 83 39 8 49 64 32 12 85 80 27 56 50 96 21 92 59 18 59 10 51 8 91 84 10 67 73 24 24 77 28 88 84 62 75 90 67 67 36 7 12 47 93 19 67 85 92 91 86 29 0 0 52 13 74 19 35 79 58 56 18 27 96 14 53 32 4 92 51 75 75 46 64 19 85 23 63 39 6 90 79 71 88 35 64 63 43 81 66 15 80 1 11 48 55 55 25 3 36 18 
5 0 29 51 32 85 60 37 43 75 22 30 67 58 76 72 26 1 34 41 60 19 19 98 24 69 67 21 96 90 18 27 45 21 61 12 42 14 44 6 68 65 30 61 69 70 97 23 26 29 7 49 83 95 13 53 39 18 71 78 68 23 38 39 38 38 74 64 22 11 59 94 11 48 69 78 58 53 66 95 41 46 3 46 13 76 88 55 18 93 83 56 33 21 91 73 45 95 42 10 38 53 95 26 73 35 70 20 7 37 42 52 22 73 26 53 68 15 90 25 35 49 96 36 15 22 32 52 98 10 4 76 44 67 43 58 25 44 0 21 21 34 38 54 88 39 83 1 87 18 97 66 50 93 4 81 44 80 77 30 94 72 39 99 56 77 3 45 87 68 1 63 74 90 96 48 44 28 57 59 93 9 11 66 55 27 89 79 56 96 14 0 14 42 56 29 81 50 58 16 27 95 24 87 78 0 13 86 83 25 65 17 21 3 19 68 53 92 1 27 23 3 64 93 6 56 38 36 78 75 65 41 89 43 0 86 61 41 92 82 59 84 34 77 70 80 25 52 11 71 76 52 61 44 33 6 44 63 34 78 0 90 69 27 51 1 94 16 61 6 8 6 52 95 20 72 31 62 65 32 36 63 97 4 85 86 18 11 13 90 64 51 55 25 63 66 53 37 59 59 94 20 90 26 46 6 95 32 32 90 49 43 22 4 63 20 37 74 94 99 58 11 23 23 93 74 17 57 82 33 50 47 47 21 1 20 97 44 77 53 22 96 72 10 86 97 61 24 40 53 97 23 35 30 93 8 53 18 60 96 10 96 56 53 66 75 96 26 55 35 52 33 95 42 52 90 49 50 92 76 88 57 11 82 10 17 85 98 21 11 60 29 32 64 50 3 7 23 79 43 
3 46 18 42 17 80 24 72 21 1 63 44 62 33 87 69 99 75 38 29 72 54 46 73 25 0 37 18 74 73 56 35 38 67 99 24 86 48 32 46 65 65 97 76 12 71 18 50 75 48 78 56 46 90 91 58 17 39 99 36 82 68 27 56 79 27 0 27 47 3 15 16 36 8 82 77 34 81 56 10 99 19 10 20 79 2 22 76 48 71 18 65 7 23 40 68 91 48 98 6 31 81 39 41 32 1 53 48 89 69 24 38 22 40 87 51 86 20 78 66 12 48 88 31 11 40 16 36 86 14 19 56 81 99 4 2 51 51 16 48 5 40 87 42 98 6 88 33 75 7 0 35 20 30 66 80 77 81 47 22 54 3 89 32 20 16 20 78 66 62 14 88 54 11 12 14 31 91 11 50 84 20 50 56 14 32 31 11 26 30 1 38 32 48 69 19 4 80 36 40 1 65 0 6 7 42 39 3 94 98 97 53 17 33 24 19 51 87 38 52 29 87 13 50 96 90 49 6 33 70 16 60 64 42 51 50 83 42 70 22 18 69 81 11 1 56 24 63 52 70 96 34 15 48 5 8 0 56 97 72 37 76 47 47 15 15 29 75 93 5 57 58 67 99 73 33 46 35 74 13 82 48 47 27 38 23 86 41 80 46 84 23 75 38 64 36 0 29 39 42 54 55 57 53 69 42 34 93 52 41 42 34 5 38 41 64 43 40 22 62 27 29 60 32 97 27 27 89 27 71 19 29 15 62 48 39 84 3 80 60 23 29 71 89 27 61 81 29 67 73 15 6 92 9 26 98 88 7 70 34 24 83 30 4 92 88 91 4 16 87 10 51 61 61 15 67 87 6 61 93 21 66 64 42 57 87 98 17 84 68 94 53 87 0 19 1 70 24 75 43 
8 11 32 15 59 23 61 78 50 81 76 21 66 29 75 5 46 36 33 95 9 30 82 36 87 57 51 77 22 56 36 84 84 91 37 42 74 3 44 27 42 45 62 64 28 26 94 61 15 2 42 88 97 96 43 65 67 33 73 55 44 25 42 74 57 23 83 86 64 14 62 85 61 68 48 88 3 5 89 29 17 91 53 0 73 39 45 54 56 93 53 10 6 10 49 76 93 26 9 57 2 26 82 22 21 91 8 58 79 17 23 78 28 84 59 32 71 79 69 52 2 19 59 47 45 10 30 19 18 91 52 62 74 93 89 39 98 37 37 35 84 50 83 11 27 15 46 10 85 68 40 39 16 12 27 15 91 34 86 20 66 45 68 76 23 25 33 92 83 62 33 30 40 91 37 3 7 63 57 95 82 58 94 20 40 73 20 79 96 89 60 88 71 90 93 32 95 6 1 41 4 10 35 61 81 29 44 66 56 54 64 28 27 89 44 91 61 85 21 10 90 1 17 4 68 20 23 71 43 12 94 61 56 17 57 78 1 62 99 62 67 65 38 9 63 77 3 28 14 96 10 51 35 25 1 75 53 18 14 52 27 90 29 50 99 86 35 84 56 27 33 13 14 94 65 11 70 71 84 14 78 75 31 93 96 22 89 24 70 52 88 18 2 70 8 20 26 1 87 7 26 10 3 20 56 4 94 54 59 69 65 52 10 79 62 42 33 19 59 29 75 49 0 12 65 66 40 43 33 27 19 40 30 97 27 16 86 43 18 18 89 82 55 31 48 71 0 9 48 9 56 29 60 92 42 54 94 22 11 57 5 7 32 97 44 38 70 77 8 26 37 33 65 8 92 15 18 16 57 47 86 51 21 72 35 31 77 74 76 51 80 41 60 39 74 54 66 33 12 58 
26 22 93 84 39 10 85 1 40 22 24 21 75 53 78 55 55 4 40 25 27 94 55 83 42 70 66 83 17 5 5 11 86 14 38 61 20 29 88 83 51 66 35 17 72 26 27 14 25 26 93 57 74 17 19 4 56 71 12 12 4 3 98 41 55 54 94 26 74 56 84 43 48 36 53 9 41 56 98 9 15 51 64 6 67 4 40 92 8 24 96 3 97 33 37 83 27 1 70 96 65 58 99 85 93 23 33 80 46 10 82 66 82 81 97 14 48 24 68 49 69 59 83 27 80 69 26 8 12 6 64 1 94 60 75 80 48 20 40 58 65 92 64 5 53 10 92 67 23 81 53 36 55 58 82 16 70 64 79 21 94 52 66 33 92 17 26 15 3 18 36 23 84 47 49 83 80 26 46 67 45 13 1 37 43 73 38 65 56 66 8 84 63 70 45 25 14 88 48 60 77 20 76 86 47 41 54 47 39 75 37 55 59 28 52 19 21 58 30 87 63 81 11 82 96 65 6 78 57 71 68 29 81 95 92 88 27 35 6 10 46 0 1 23 37 31 83 17 83 75 35 18 82 65 50 47 91 95 2 76 15 92 10 92 21 28 89 67 74 71 22 8 56 85 17 33 74 32 60 71 48 70 1 87 39 23 50 60 62 80 74 89 24 5 20 38 42 3 76 72 0 87 24 16 90 70 68 78 59 2 80 98 3 93 75 9 34 25 17 97 86 88 19 43 19 38 24 12 2 5 94 46 43 70 79 83 11 63 61 78 75 13 67 84 92 78 70 42 13 67 23 23 94 74 70 78 90 31 27 93 17 53 48 24 93 7 64 28 72 43 74 20 95 92 14 88 46 10 84 8 74 80 87 78 73 72 3 64 49 31 71 18 61 49 29 13 40 86 77 74 
99 56 60 88 8 13 85 86 91 85 3 53 72 47 45 22 64 47 64 15 39 61 75 5 42 80 78 66 63 82 81 57 48 71 67 45 77 27 36 19 87 60 2 99 0 82 88 1 45 86 26 46 6 72 66 52 90 11 34 93 60 96 90 30 66 98 40 37 21 96 53 11 89 45 63 42 7 23 25 29 77 84 27 68 27 14 23 24 42 21 25 54 28 74 57 68 61 97 84 58 73 14 22 90 12 52 18 58 52 81 30 65 9 47 79 24 7 9 47 2 5 56 69 59 50 96 42 50 75 46 48 34 6 85 47 29 3 50 58 85 10 41 63 73 6 76 38 9 71 73 62 51 61 5 19 0 79 15 45 67 42 83 90 15 98 99 53 58 57 38 55 17 75 3 94 70 2 71 92 7 71 16 82 9 52 23 1 83 14 81 53 81 36 67 72 56 27 13 18 54 59 16 27 60 74 40 43 32 49 76 61 53 14 65 95 10 37 31 17 3 93 97 35 62 61 59 58 3 31 39 25 3 63 17 0 4 78 54 58 19 35 89 24 97 50 33 18 22 53 40 28 35 76 4 99 26 64 0 18 65 29 17 47 43 64 62 54 52 66 61 42 1 85 19 37 6 75 76 41 15 39 23 67 15 17 14 82 82 59 16 52 25 81 16 32 72 93 61 21 84 8 32 21 35 33 10 18 74 45 36 15 48 49 70 77 4 3 91 49 96 23 76 54 26 88 68 27 41 8 19 71 21 88 70 21 22 72 76 76 26 24 34 58 63 88 36 99 24 49 49 92 53 28 50 40 15 50 59 61 80 54 65 87 19 32 26 22 74 64 71 79 38 8 2 87 82 54 60 85 43 10 85 32 94 17 35 36 12 8 52 33 81 46 88 11 92 85 5 44 17 
94 15 99 40 8 24 47 0 27 24 89 62 78 24 94 55 97 47 47 9 65 42 72 65 83 52 61 66 41 43 68 6 83 95 59 77 48 45 32 85 43 5 49 92 95 80 22 18 28 22 36 25 63 11 86 77 78 44 3 54 6 13 19 70 32 81 6 6 93 6 4 85 61 64 26 47 36 9 86 64 35 86 55 14 98 4 25 32 38 41 53 41 30 3 79 20 23 26 81 3 55 60 68 76 58 8 41 78 97 25 46 9 11 14 52 80 57 86 81 8 45 88 68 87 2 96 71 76 21 28 7 17 40 88 31 58 38 80 51 9 47 41 32 49 17 30 22 27 24 65 64 15 43 36 6 31 99 6 47 66 40 51 66 25 59 63 49 42 22 41 85 33 80 81 67 57 31 29 43 60 43 54 5 74 58 88 18 26 6 25 22 63 68 59 10 65 28 42 70 65 91 24 35 70 77 34 3 42 71 36 97 30 47 80 5 99 53 97 26 81 42 70 40 57 34 85 76 29 52 62 65 97 40 21 28 28 79 24 9 95 69 58 81 19 86 89 10 81 98 57 36 10 63 40 30 41 6 71 59 53 75 56 64 98 11 79 55 84 41 51 4 26 96 95 61 47 94 28 10 40 0 15 73 20 32 18 52 44 19 79 73 46 32 58 6 76 13 44 21 41 47 9 19 9 54 40 84 52 54 16 64 11 95 85 37 29 98 74 59 8 49 54 37 24 49 32 86 22 65 3 51 89 9 40 74 77 52 84 76 17 28 91 98 0 26 11 33 53 8 77 33 24 51 70 81 8 42 85 18 44 88 22 70 28 1 72 46 1 38 80 39 24 92 64 2 56 97 42 23 25 6 4 99 1 64 15 32 8 78 5 56 68 44 6 32 32 55 11 80 2 
37 68 67 92 0 56 29 63 33 10 10 18 68 20 97 88 0 42 6 54 99 77 93 58 15 17 52 36 64 93 33 5 68 98 25 1 9 23 6 20 52 49 55 40 84 52 31 75 33 50 44 77 49 4 32 21 66 10 41 5 47 58 16 30 40 33 2 10 39 42 30 33 30 39 53 57 25 67 8 11 94 59 28 94 4 59 41 11 18 57 46 59 14 81 92 64 4 17 61 89 3 84 3 21 4 16 19 97 24 25 97 65 79 26 53 97 69 33 99 5 68 63 29 14 62 22 25 37 25 53 74 70 14 38 57 43 57 99 92 25 41 9 84 7 92 3 71 35 81 4 12 48 46 96 30 37 5 7 41 32 98 61 57 32 80 14 70 33 70 76 53 16 36 3 98 97 9 74 44 28 97 7 1 32 57 33 27 37 61 89 78 41 49 22 67 33 35 10 81 17 19 93 21 74 10 19 42 58 85 7 53 59 38 5 9 17 73 98 82 27 93 93 10 17 57 56 26 38 15 64 52 63 97 36 67 63 99 86 0 71 66 15 29 61 71 23 7 60 78 30 49 62 13 58 80 77 33 76 95 18 75 88 38 16 0 40 12 19 25 1 69 74 43 26 16 41 49 84 42 70 89 55 19 78 24 43 44 50 12 2 96 41 66 78 86 95 2 82 84 11 31 3 7 36 58 16 58 37 51 22 55 83 16 70 54 51 37 9 10 15 70 67 21 23 66 87 98 81 70 2 88 7 79 46 3 63 57 62 86 64 38 48 34 80 59 70 28 0 69 27 12 74 98 59 11 95 39 76 74 23 31 70 10 47 96 12 6 36 75 21 30 22 1 80 44 98 74 0 2 85 22 7 32 53 77 90 3 68 65 10 97 27 49 25 78 65 8 48 27 60 
33 47 59 11 96 68 30 39 67 11 47 36 32 93 59 8 86 79 79 6 48 36 93 86 7 98 69 26 75 41 64 41 25 73 11 71 99 0 7 79 51 99 26 36 15 9 70 84 75 91 46 12 50 50 25 20 21 89 4 44 35 55 53 10 18 85 34 28 77 31 56 24 56 48 34 59 93 65 31 58 2 96 42 46 47 8 96 89 32 1 31 41 67 78 64 32 73 42 7 56 39 36 86 52 61 34 55 47 46 34 97 80 91 92 63 17 86 8 58 48 87 21 36 24 78 40 95 3 71 5 77 13 10 23 4 70 77 89 76 60 92 75 85 87 93 4 65 50 52 54 4 87 0 16 65 91 4 40 10 60 32 79 32 74 31 92 34 37 75 34 17 73 7 85 87 29 87 83 14 76 13 54 22 92 96 61 54 45 48 2 9 69 82 44 75 2 87 73 14 89 14 97 25 60 22 99 28 10 25 36 6 64 19 88 95 80 39 11 30 23 57 73 12 80 8 56 75 10 33 58 15 87 12 82 35 87 70 98 41 82 37 68 1 68 3 3 44 40 11 39 82 42 29 39 30 29 45 43 4 12 63 0 18 65 89 28 92 55 60 69 42 41 21 5 86 58 86 95 50 8 43 90 60 21 37 17 53 76 1 59 18 71 76 50 89 92 27 78 99 54 34 31 93 61 77 25 14 95 0 39 80 1 72 14 73 99 19 26 63 93 87 24 74 3 44 69 90 57 84 73 3 47 71 92 97 17 11 30 41 39 70 78 59 8 37 70 91 63 53 3 81 18 76 94 53 10 6 49 93 54 64 16 62 41 34 83 56 6 18 19 94 4 89 0 65 19 40 81 31 81 34 99 29 36 11 11 3 54 87 64 0 34 21 55 8 60 88 3 1 47 
50 92 73 12 23 43 29 43 92 49 81 72 98 89 3 68 99 9 27 42 65 39 31 37 21 10 52 56 77 92 82 0 85 56 63 19 44 8 19 34 77 73 86 17 14 33 33 15 66 18 2 6 73 44 89 25 21 40 16 52 5 55 52 90 76 59 14 14 3 69 4 82 72 29 68 67 55 60 48 25 15 2 50 34 56 9 8 65 40 2 68 27 14 89 0 77 69 43 88 66 42 93 66 25 75 44 70 24 54 92 32 93 12 3 81 62 34 64 88 89 29 8 59 2 27 48 34 91 30 33 1 40 15 29 98 58 66 46 75 99 8 7 34 53 9 63 67 63 46 73 21 77 42 40 39 76 99 12 32 34 48 92 83 76 62 96 95 79 47 18 30 18 13 65 7 93 83 39 20 31 5 72 81 91 67 31 5 25 39 5 96 39 73 31 41 78 18 56 79 81 42 37 45 13 64 83 4 61 59 67 30 83 42 21 94 80 30 52 79 28 99 83 45 8 21 43 75 89 83 50 39 2 76 14 28 28 99 79 48 33 26 30 69 1 72 39 10 89 79 39 3 80 34 93 25 78 41 5 65 18 47 28 54 19 57 6 17 21 42 55 4 2 29 31 42 40 13 99 38 96 58 12 94 3 86 45 42 68 24 41 84 22 86 32 8 95 96 70 42 37 89 99 43 83 20 2 90 95 77 2 71 40 84 30 65 28 97 53 10 2 48 2 32 46 8 29 47 34 58 31 6 60 55 62 2 86 7 51 9 41 1 9 12 23 80 62 97 44 68 43 63 33 89 2 74 56 69 65 43 22 52 9 44 26 20 44 87 37 58 69 52 93 95 76 21 96 51 10 62 50 53 70 54 84 68 82 58 7 32 34 83 13 86 73 20 6 6 1 44 76 
88 46 58 58 46 20 10 25 24 1 47 78 63 82 37 1 19 56 15 45 70 28 14 40 26 36 62 92 84 78 28 29 57 50 77 11 38 6 22 72 0 6 79 93 61 64 16 72 54 40 49 63 40 66 45 11 17 87 48 99 38 89 72 78 27 38 57 13 55 70 46 32 27 38 85 52 60 28 57 5 56 9 20 89 94 58 5 87 0 74 49 50 44 91 72 94 88 31 24 25 5 44 21 60 42 75 41 28 84 39 77 37 19 83 66 52 23 50 40 7 46 13 81 17 17 57 95 73 62 20 11 85 29 29 7 45 0 22 9 88 56 72 60 86 69 75 82 7 71 55 10 36 19 30 4 35 31 21 40 88 49 78 59 69 48 14 6 92 39 47 6 67 14 19 34 77 15 90 0 41 89 8 22 81 39 71 0 56 49 12 23 79 12 73 55 10 41 19 46 80 99 84 66 2 21 39 41 97 33 61 90 91 40 0 14 17 85 10 12 29 80 55 21 80 42 39 0 30 70 67 50 84 78 80 21 62 39 32 30 15 17 55 46 19 92 13 79 16 39 25 21 40 64 13 58 8 0 18 98 28 11 45 98 37 54 96 56 65 43 76 15 73 13 76 64 6 57 35 94 40 65 20 36 74 20 53 67 0 49 63 60 71 74 26 24 95 16 93 45 5 81 26 10 88 50 32 43 9 95 47 42 43 50 31 36 29 32 6 95 72 81 75 38 48 70 96 41 3 54 90 6 9 58 54 71 91 80 34 16 53 19 63 58 20 88 22 73 40 28 57 15 31 94 90 6 27 23 84 61 97 37 2 31 61 60 74 50 56 7 47 22 76 36 49 80 8 50 10 90 5 37 34 3 15 63 24 19 4 36 15 65 21 91 19 25 84 72 99 8 42 
13 67 40 8 65 7 28 76 48 93 78 37 73 44 24 97 87 89 33 29 34 17 80 34 40 4 42 32 61 93 42 71 92 91 24 10 86 68 17 74 51 39 9 45 23 84 64 59 46 8 63 5 48 40 28 94 83 48 38 53 0 52 92 93 13 82 56 98 17 21 0 32 65 55 13 88 45 56 11 7 72 25 69 92 69 55 66 16 17 69 87 82 82 60 10 14 13 33 86 67 42 60 44 95 91 87 4 4 17 15 70 9 13 77 39 88 2 9 40 31 38 68 2 83 85 49 93 40 42 60 62 19 70 35 3 31 54 91 39 19 45 99 17 48 24 33 98 65 76 66 45 92 86 58 55 38 36 89 60 96 83 6 38 74 5 14 39 78 3 71 61 49 10 84 7 17 49 26 58 67 46 98 56 75 7 49 35 73 92 79 72 18 42 68 86 81 52 96 90 55 87 6 94 78 70 52 4 22 61 99 88 36 94 76 18 78 98 66 79 23 0 74 16 65 63 6 26 43 51 22 8 53 74 17 23 18 25 97 77 23 12 40 14 83 45 16 78 24 88 90 51 72 83 49 69 69 64 74 51 49 68 12 92 69 11 38 54 33 72 14 12 86 26 14 15 77 99 25 8 5 31 53 84 54 74 52 15 45 32 75 11 74 77 82 70 69 58 67 88 60 85 95 65 76 39 95 23 87 58 85 66 44 37 19 51 15 59 36 31 95 15 10 37 64 16 58 46 33 42 61 67 40 62 51 53 64 87 45 70 82 62 69 45 5 49 40 4 8 20 73 95 77 4 4 45 43 21 20 53 1 1 0 95 77 57 55 74 60 12 25 95 26 95 32 63 35 18 44 9 80 96 16 3 21 76 38 20 45 58 34 33 20 90 88 37 61 23 17 37 74 
88 48 46 91 33 15 51 42 18 87 92 39 65 4 16 31 43 78 5 55 16 92 31 88 41 58 75 96 38 40 48 13 46 75 64 83 20 8 36 45 42 63 74 74 7 92 66 89 73 90 11 8 9 63 75 34 33 70 16 23 3 87 21 57 32 4 0 75 61 28 17 73 48 59 15 33 4 59 19 91 93 18 55 5 70 58 34 68 38 90 51 85 91 25 20 78 68 55 88 48 48 12 57 46 45 48 96 71 22 39 96 67 28 96 1 29 78 75 62 99 81 9 99 12 22 59 63 11 89 13 32 58 15 96 31 19 77 72 96 67 54 0 89 18 69 86 96 21 7 98 64 39 26 39 0 22 91 69 1 24 53 95 85 56 30 14 2 78 53 71 99 94 17 73 4 27 66 18 86 63 58 12 77 72 56 66 28 98 39 42 62 79 30 74 96 48 23 22 22 76 59 51 53 87 90 0 8 63 89 60 15 87 6 13 66 57 46 43 36 35 37 27 66 81 87 84 74 62 11 78 79 34 21 33 87 53 30 78 83 8 67 88 27 77 28 83 99 2 49 44 29 73 0 88 47 63 33 79 20 1 70 28 81 74 5 53 15 77 29 9 18 4 73 47 25 92 34 62 43 45 10 4 82 98 48 60 93 81 96 27 47 3 86 16 4 30 70 9 27 18 52 23 73 40 96 84 11 53 23 98 54 88 67 79 85 16 66 60 11 20 45 4 87 85 41 1 86 69 51 68 94 39 54 97 83 87 66 20 35 31 52 72 9 97 97 30 9 98 47 55 10 3 27 35 8 66 73 42 37 40 16 81 91 54 30 5 5 73 76 36 18 66 95 4 17 91 98 51 32 15 14 24 86 97 91 81 31 50 72 36 82 78 38 40 88 35 75 13 6 48 
67 59 28 46 74 96 24 38 66 87 86 61 43 0 50 32 13 94 34 11 37 91 33 21 3 79 81 16 65 71 41 53 29 92 71 27 95 97 50 35 43 52 1 15 55 39 82 20 54 77 14 67 78 69 26 13 73 63 71 2 32 94 9 95 75 62 26 93 34 50 26 79 24 35 61 33 48 94 33 13 28 99 42 57 64 95 63 34 48 43 30 42 62 71 70 6 43 90 85 27 5 60 56 49 10 25 22 20 86 82 26 15 35 16 37 85 1 71 78 86 4 24 11 94 54 6 32 49 67 49 73 17 37 30 73 7 30 80 10 15 17 77 95 9 79 64 22 83 86 53 85 3 35 34 47 96 31 71 65 34 57 89 88 1 95 61 26 92 46 46 98 23 64 67 13 18 71 45 56 14 46 31 80 38 1 46 68 19 56 26 66 78 8 72 11 8 40 12 27 85 72 77 70 72 11 36 76 62 4 64 80 60 77 43 34 18 42 94 45 82 78 28 47 79 45 25 43 65 0 94 74 35 94 96 2 5 44 9 96 47 88 75 25 72 99 34 51 30 48 53 58 40 41 35 24 38 44 14 30 32 42 82 14 29 99 47 77 28 62 17 68 8 1 82 72 2 21 66 49 10 87 89 30 27 55 30 84 25 49 90 36 29 0 56 4 55 82 99 14 11 20 9 25 33 17 88 68 0 15 18 75 99 48 7 18 67 24 38 44 83 66 10 93 72 87 43 44 19 75 99 98 75 99 65 90 16 48 60 70 58 23 11 76 10 45 60 54 19 15 59 66 25 79 61 53 76 48 75 81 77 29 83 97 64 7 5 8 52 65 95 95 9 14 33 57 10 70 3 81 5 84 76 83 30 87 55 8 4 42 77 47 96 52 43 12 37 73 78 56 34 
45 39 49 70 9 56 42 61 62 77 34 90 75 21 44 38 82 42 72 85 10 0 88 18 78 96 58 6 69 77 55 61 49 71 94 7 61 67 84 45 18 15 56 37 45 14 66 54 44 18 2 92 0 94 50 31 3 86 28 17 41 51 24 85 48 68 51 99 83 1 71 3 25 44 9 69 67 58 23 73 36 14 95 15 93 75 56 84 17 39 45 24 79 54 37 33 46 66 99 26 38 49 72 29 30 16 77 98 8 22 85 31 33 78 46 15 27 76 82 29 81 63 94 86 87 68 36 34 6 15 60 28 38 65 14 27 95 98 24 76 77 34 69 81 67 12 1 82 65 12 96 33 53 6 64 52 81 53 80 40 84 41 72 12 71 8 8 84 9 78 2 70 25 8 3 48 89 9 59 92 35 20 50 72 2 48 95 99 56 94 46 37 29 0 52 64 99 60 34 33 3 25 51 28 1 14 60 93 66 60 57 64 34 7 30 3 46 82 1 64 67 43 43 74 74 53 41 59 33 1 34 38 81 12 14 65 20 3 74 82 48 46 51 73 70 36 92 21 91 64 57 17 41 11 36 66 60 9 64 12 65 25 59 22 37 50 81 65 70 93 40 49 72 83 22 12 10 84 98 24 23 12 47 5 4 73 30 18 62 56 85 32 5 42 46 14 22 85 98 15 97 43 62 0 56 27 20 3 47 4 53 27 21 40 16 53 18 5 77 57 40 53 25 45 41 31 40 48 82 55 53 49 76 67 89 37 78 30 42 52 45 90 29 43 58 32 99 70 31 22 22 32 96 3 99 42 73 84 35 33 13 72 8 59 41 58 21 81 7 99 55 77 59 88 54 81 50 67 34 47 95 63 66 35 52 27 2 29 62 75 27 78 67 37 31 80 27 16 87 34 
81 12 52 90 97 6 15 58 99 87 92 38 34 31 95 36 64 49 30 97 11 97 20 2 29 45 96 76 1 55 81 39 45 4 81 58 69 46 99 27 82 77 94 38 0 4 96 18 35 74 62 97 53 7 17 24 72 81 43 27 92 32 2 87 19 47 0 86 48 28 21 94 58 88 63 82 21 31 51 31 38 37 59 14 87 74 76 7 56 23 72 61 35 95 55 79 14 78 50 11 11 59 35 17 53 71 19 25 70 53 79 43 2 64 36 75 2 22 44 23 97 92 20 18 58 37 40 49 31 76 83 60 56 4 75 4 99 28 64 23 79 84 17 46 31 94 1 53 29 90 82 77 96 49 28 24 18 32 88 42 87 30 92 20 12 44 27 57 82 22 22 48 93 28 29 81 84 72 82 84 47 37 50 77 70 0 25 92 76 72 26 5 56 80 58 98 41 37 48 91 56 57 22 64 51 9 84 93 4 90 73 78 50 21 47 4 79 46 8 11 42 34 80 18 61 93 72 49 40 74 18 41 50 96 39 88 24 5 84 34 1 97 98 11 9 71 57 24 44 76 59 4 13 38 19 46 83 83 31 86 24 20 66 88 55 99 15 7 64 54 47 32 88 31 93 92 79 35 72 17 43 99 42 99 90 79 0 6 74 55 74 34 33 84 84 7 16 27 43 64 43 26 44 37 7 57 72 20 72 89 14 84 60 27 58 39 73 38 47 45 83 62 12 8 3 27 13 20 21 28 48 10 55 23 8 84 49 40 39 95 99 50 66 31 0 55 60 4 43 24 77 5 69 4 73 82 33 56 22 61 37 37 67 22 17 28 73 8 33 41 18 23 75 87 10 90 49 58 2 2 75 27 12 60 75 24 98 75 85 91 53 59 27 69 58 32 32 39 31 61 
42 63 80 59 84 83 50 56 20 93 6 50 96 2 16 64 57 90 19 93 37 94 19 59 99 89 86 76 50 1 10 6 10 73 39 35 35 74 28 97 20 55 71 34 80 35 72 96 40 70 3 30 52 18 85 65 40 94 10 90 40 82 79 56 22 36 87 12 1 35 90 74 80 76 14 53 75 72 45 74 74 32 74 24 43 53 90 12 32 35 40 44 27 88 67 29 37 8 60 80 63 46 97 85 39 94 88 51 20 94 28 82 43 44 94 50 9 96 31 4 97 3 50 69 70 53 34 28 76 96 80 75 47 34 10 24 75 38 57 66 3 42 78 72 33 66 30 92 31 37 15 75 18 2 83 26 93 85 53 44 9 52 75 73 98 18 50 65 26 62 81 86 81 14 70 45 92 7 29 16 89 31 75 26 72 82 23 25 22 3 0 34 70 27 35 33 21 74 2 34 69 33 74 92 45 85 49 46 13 77 27 26 75 95 58 71 42 61 69 41 66 38 69 65 31 29 32 27 25 93 85 3 98 23 25 11 33 6 18 98 94 57 4 78 49 20 3 70 63 11 37 4 8 68 32 72 36 21 68 25 43 62 14 31 90 74 97 52 9 20 72 97 33 59 19 99 82 50 2 87 71 24 2 83 52 7 69 52 85 26 35 54 71 11 47 41 91 91 74 52 81 58 55 66 1 48 74 91 14 7 21 27 82 13 95 39 32 40 85 78 15 1 91 68 54 86 62 77 90 9 97 73 24 78 80 72 30 72 91 6 41 76 28 74 44 52 53 37 98 73 90 55 90 16 90 20 97 70 22 84 51 15 0 28 32 33 1 10 30 34 37 75 15 29 59 70 75 81 3 57 10 90 32 91 93 60 77 11 56 10 27 6 84 30 61 92 67 78 30 92 
73 65 54 38 51 69 66 31 5 52 69 34 65 60 56 89 76 17 54 81 52 81 39 66 26 93 21 43 53 61 87 40 19 77 50 53 49 55 26 99 55 75 77 51 37 36 34 41 81 90 15 28 24 44 31 31 41 77 46 87 25 91 4 91 28 74 51 45 51 20 14 42 12 62 24 81 22 13 44 9 57 38 2 68 30 86 77 83 47 22 1 44 28 7 33 59 84 38 93 13 57 43 68 28 6 26 84 22 97 21 97 46 33 37 22 94 77 40 40 34 71 22 85 76 0 55 55 0 25 34 27 86 18 87 88 73 17 11 32 97 80 15 38 90 37 72 47 74 46 49 64 70 12 31 40 52 72 37 10 55 2 67 69 77 6 68 42 29 74 85 38 87 21 70 28 38 15 70 66 32 2 2 83 29 93 80 82 8 84 97 27 41 95 57 27 76 8 15 69 31 83 68 76 97 92 1 47 96 21 27 62 98 95 18 5 31 90 67 56 89 96 83 91 10 47 31 9 1 81 9 44 99 27 43 47 4 18 54 42 86 70 74 88 97 15 24 22 25 53 71 72 75 57 52 32 19 12 68 16 27 85 37 14 68 8 30 97 72 56 33 63 46 10 0 61 7 60 53 1 5 99 2 15 28 80 82 78 95 81 90 54 8 82 97 61 93 30 38 82 94 20 59 23 32 44 99 52 79 47 35 97 36 86 36 73 38 23 29 84 98 97 51 53 3 22 23 94 77 94 71 14 62 13 32 37 72 17 93 31 61 14 30 89 40 41 70 8 49 87 63 79 71 69 18 47 71 75 22 12 87 50 3 68 51 96 78 55 2 54 42 50 18 8 48 86 32 3 48 83 77 92 32 82 77 96 99 80 41 98 78 30 31 96 84 82 74 66 60 68 85 
58 84 98 56 16 58 93 6 98 13 93 32 72 61 57 54 35 2 1 14 60 70 82 67 23 31 97 34 35 62 17 90 88 93 15 84 85 67 61 5 71 12 17 36 88 41 88 89 63 58 95 16 15 18 37 87 45 89 71 46 78 90 43 36 85 15 92 87 7 72 47 64 58 57 97 1 35 95 18 33 27 61 86 0 82 84 10 79 24 85 54 16 67 44 5 94 86 54 17 43 27 58 21 35 2 32 0 34 46 79 4 20 75 95 48 9 16 83 95 16 45 51 58 4 69 28 28 92 41 66 16 8 95 20 34 19 97 60 3 57 37 71 48 22 46 10 8 69 89 21 41 36 52 83 58 83 48 43 92 22 41 26 87 43 72 77 14 43 9 41 20 60 20 13 69 14 6 52 13 77 45 21 81 75 24 73 66 92 50 7 30 73 31 40 45 59 22 47 77 66 12 13 25 23 34 14 90 43 62 37 66 93 31 16 82 68 11 30 31 40 47 70 58 79 69 71 5 53 30 2 40 39 59 17 51 98 38 52 68 26 91 85 54 66 88 67 3 10 75 61 97 28 97 17 49 3 33 50 69 84 72 46 40 37 37 7 99 87 44 25 86 74 72 52 68 62 0 32 12 11 40 35 45 88 73 74 12 67 16 12 51 9 38 84 93 23 90 98 2 83 69 37 73 36 63 63 55 68 45 69 16 51 41 35 72 5 16 97 69 36 90 18 63 5 98 33 97 54 47 13 61 95 46 15 46 25 37 38 90 93 39 8 77 10 27 2 40 80 78 79 14 69 31 35 18 31 78 60 92 43 30 83 7 40 23 89 44 81 31 14 25 55 85 75 61 76 25 52 38 92 5 23 45 87 12 70 60 87 45 66 14 19 1 36 51 49 22 66 45 33 
75 81 46 27 73 61 91 7 39 94 63 50 0 80 0 57 41 45 38 64 35 48 40 39 86 70 5 76 71 91 4 71 91 75 61 61 64 40 71 40 82 89 87 28 0 90 51 40 24 81 91 8 71 72 70 42 9 44 16 10 63 45 41 61 60 59 57 92 55 33 5 45 94 74 60 18 77 56 25 98 32 62 76 75 15 95 64 62 36 12 35 3 76 30 30 46 16 4 34 63 10 60 39 65 94 54 65 38 59 72 74 10 18 86 85 74 20 15 64 38 29 74 3 61 98 89 33 42 65 66 32 88 27 60 79 66 4 83 23 79 21 24 4 25 84 72 21 48 99 33 8 59 5 77 7 75 29 49 73 83 77 88 92 67 51 83 65 30 78 13 74 40 99 67 32 62 63 13 61 32 35 80 32 84 74 13 14 18 88 98 27 37 73 9 11 35 34 45 5 79 18 77 20 72 0 75 26 95 41 22 22 68 31 66 43 81 89 45 97 22 5 49 73 49 29 33 87 64 24 75 12 97 17 25 68 5 88 14 3 64 64 70 56 87 36 39 42 55 67 85 25 34 84 2 22 5 51 50 67 96 51 0 59 37 37 35 71 62 89 13 60 9 64 69 63 72 55 35 36 98 35 1 90 31 26 76 99 22 1 0 16 24 73 27 90 0 44 76 83 35 84 61 42 25 79 26 52 47 86 7 42 92 19 48 81 31 26 59 66 8 84 37 46 7 54 82 72 35 2 93 55 37 54 4 52 4 46 80 57 33 45 50 83 88 64 10 43 8 66 73 91 65 15 61 0 73 95 7 10 23 18 23 83 36 5 60 6 76 35 94 28 85 63 12 4 39 38 20 29 54 27 34 52 82 83 82 52 66 76 88 46 3 43 89 66 42 17 50 12 19 
94 43 27 0 45 47 91 64 34 22 89 25 90 56 85 45 6 39 42 89 40 78 57 50 13 53 37 11 72 34 12 71 17 1 62 76 25 14 35 2 19 97 61 40 58 25 36 78 71 20 11 55 16 5 94 66 15 42 30 61 3 21 50 67 64 23 66 37 31 19 57 0 86 66 9 43 48 78 68 74 28 98 81 33 61 24 6 17 43 61 31 57 43 46 84 0 5 98 44 96 92 85 5 30 49 98 25 53 26 85 73 69 31 2 0 80 32 74 8 96 39 23 33 87 62 65 42 62 54 41 42 2 60 1 5 31 28 56 82 73 35 11 42 12 56 15 64 90 68 67 71 35 26 85 94 4 4 52 74 36 86 51 4 93 54 62 63 36 68 74 36 28 90 93 45 36 47 74 87 40 46 5 84 10 10 76 86 83 96 39 8 1 70 99 31 45 75 63 47 4 3 57 50 66 4 14 52 0 25 15 39 13 98 96 65 32 83 99 13 58 8 0 36 30 62 2 49 71 31 79 64 29 13 51 2 22 3 12 63 55 29 40 73 88 94 32 52 14 8 22 54 50 53 18 91 67 13 98 62 76 64 12 14 20 13 52 66 54 11 99 34 42 85 84 91 14 4 12 94 93 78 89 13 56 33 53 10 98 46 39 37 7 34 37 57 73 41 20 56 90 38 70 64 48 73 68 34 97 5 17 54 8 30 79 7 58 60 28 32 74 1 38 8 48 42 1 19 88 77 84 18 97 38 5 19 9 62 39 45 63 75 71 85 39 31 43 27 59 77 50 98 38 81 76 20 1 27 13 52 81 25 78 96 31 36 67 53 8 51 35 79 41 86 99 8 48 23 84 7 72 89 8 85 53 51 77 71 19 88 80 81 76 10 30 77 96 61 11 24 63 
26 6 18 41 6 74 69 18 97 85 95 45 65 55 3 40 26 29 76 81 28 54 73 0 87 73 45 78 54 88 89 7 53 12 23 48 87 34 34 60 20 19 52 61 97 69 31 58 90 8 66 97 51 74 42 53 14 84 4 79 48 32 62 75 65 33 48 21 48 25 99 71 62 22 28 1 72 27 9 5 59 8 62 3 61 95 43 75 60 72 99 81 2 30 28 74 4 58 55 25 22 48 51 66 7 82 24 78 28 83 58 72 32 89 44 43 97 21 80 23 20 35 62 44 32 17 65 9 23 56 98 42 27 51 80 23 4 61 2 5 27 98 61 10 96 12 45 31 88 22 47 86 18 86 76 2 54 54 49 31 55 81 11 58 57 36 62 45 56 82 85 59 13 4 37 51 84 37 36 81 67 50 98 43 41 68 2 84 42 94 43 51 75 65 13 28 2 74 41 24 31 37 38 69 89 87 53 42 58 31 19 49 60 92 9 75 23 4 85 39 69 11 62 59 13 63 56 70 5 71 93 38 76 32 69 65 56 75 5 48 11 47 49 28 19 69 58 15 18 19 23 68 31 74 83 55 20 82 20 49 38 98 84 59 35 91 86 25 55 45 53 96 25 73 19 60 73 39 4 55 89 26 33 38 76 39 1 23 55 4 55 90 1 30 77 2 78 68 29 56 71 8 33 75 55 18 78 75 83 71 81 92 92 83 60 0 58 29 21 27 31 76 65 5 56 83 37 90 81 45 16 86 88 73 33 25 10 93 88 13 91 96 85 34 8 47 24 26 71 60 13 10 77 5 9 28 37 2 95 26 9 60 91 22 96 60 2 41 5 62 93 94 61 53 33 14 89 82 85 96 19 5 94 83 11 35 13 78 20 42 78 34 26 77 8 78 92 98 60 44 
97 33 79 88 19 19 18 62 19 5 51 44 97 98 71 18 89 84 78 2 81 40 86 86 26 61 54 79 82 76 75 42 3 4 7 78 17 87 68 81 19 38 29 11 70 50 78 77 98 69 65 5 80 71 58 52 63 88 13 54 21 25 68 47 50 53 47 57 21 7 63 4 95 1 73 74 24 85 65 60 92 40 4 0 8 28 1 76 53 55 27 13 99 55 17 24 10 7 75 17 0 82 53 83 57 58 34 55 24 9 61 12 58 41 57 4 42 13 43 48 53 79 76 12 39 77 53 74 26 83 33 64 55 89 79 61 87 61 7 95 90 16 78 64 19 36 43 3 65 18 69 13 57 27 41 51 12 6 87 34 13 13 64 67 5 35 26 90 92 44 7 5 71 43 58 89 86 9 84 69 98 49 47 81 16 32 89 62 26 65 82 36 87 80 62 20 45 42 46 33 33 88 27 84 32 69 58 47 50 10 5 90 3 35 46 83 87 16 6 33 1 48 35 48 73 50 91 7 69 87 59 3 82 96 19 2 97 30 5 3 83 55 92 67 20 96 42 95 11 38 39 90 30 62 6 35 97 62 80 62 49 85 37 72 2 94 99 73 12 4 82 18 92 51 20 74 96 89 1 77 47 12 78 83 89 40 18 53 31 58 78 59 76 39 61 25 79 65 38 41 76 24 10 75 42 68 22 56 22 60 14 79 60 70 67 76 67 2 76 83 12 24 13 65 25 11 66 75 50 27 22 21 39 48 99 23 62 54 94 18 3 74 58 10 85 31 46 71 70 63 53 84 19 98 23 71 86 24 0 55 64 90 15 87 56 47 37 80 98 48 3 20 7 20 61 91 43 91 78 94 5 21 75 87 85 19 34 93 80 33 83 66 99 58 22 3 0 41 78 6 
5 59 22 67 32 73 77 44 86 94 4 25 69 71 8 75 30 76 56 61 77 36 57 87 2 47 73 20 39 84 98 82 99 11 81 33 87 37 61 27 89 16 98 41 23 31 68 71 1 99 53 2 61 50 41 48 20 90 10 97 40 19 54 17 37 58 44 19 49 16 10 23 12 3 66 64 13 31 21 55 30 78 46 73 19 20 28 53 20 17 39 25 39 87 10 2 14 45 70 42 50 55 22 11 56 79 31 49 83 17 77 68 21 93 80 87 33 91 70 24 2 40 51 89 8 49 34 4 93 53 5 31 19 99 76 13 58 77 31 75 80 9 54 2 91 21 51 43 29 74 3 20 22 47 47 89 52 63 44 24 35 49 40 99 75 94 35 2 54 86 74 43 58 62 80 1 46 23 51 51 17 12 65 76 82 93 80 37 27 8 47 22 68 71 77 83 28 53 35 10 93 64 22 63 83 62 88 12 74 52 81 57 75 40 87 36 7 16 98 59 0 1 82 24 12 7 96 34 44 73 37 91 68 18 42 79 16 85 5 93 11 29 60 79 90 69 39 22 35 88 64 99 99 18 70 38 72 93 84 18 87 24 90 31 27 8 32 64 96 40 23 20 17 86 59 49 11 27 45 20 95 24 24 64 38 81 81 25 18 48 44 73 99 76 78 15 94 42 80 35 25 89 60 77 79 78 67 40 19 82 0 97 5 84 42 83 76 5 99 97 77 89 19 69 22 96 68 37 88 6 32 19 86 77 72 44 78 24 24 52 67 29 50 52 95 79 28 15 2 78 12 82 98 67 72 55 57 86 60 56 57 36 17 52 66 20 41 80 69 90 81 92 23 15 56 96 65 70 93 6 18 2 6 12 77 48 3 47 59 28 65 73 77 79 52 15 30 75 87 98 
23 40 51 88 76 7 31 16 78 60 19 55 5 14 14 1 38 79 3 5 43 40 25 14 54 77 29 73 7 41 10 41 77 52 47 43 18 53 32 32 83 26 40 69 55 21 17 79 25 48 56 13 4 32 28 50 78 7 36 85 38 6 79 72 93 57 19 47 89 95 73 71 49 82 1 17 81 78 24 14 36 87 94 66 55 57 82 74 53 56 25 76 57 62 54 19 36 98 97 24 84 67 62 32 29 88 55 94 19 89 79 72 98 10 83 24 78 3 92 89 14 39 85 67 66 18 6 85 71 13 60 58 65 2 66 15 81 90 40 79 31 3 80 73 92 14 34 53 41 10 66 17 73 53 92 10 30 54 8 86 46 13 98 37 9 70 61 44 26 88 51 55 60 41 67 46 28 78 28 79 30 31 8 71 7 73 86 21 50 31 49 23 56 35 56 94 8 3 92 56 14 63 90 86 54 80 49 60 28 67 63 61 11 14 84 72 27 58 66 77 64 50 23 14 67 37 21 57 45 91 70 20 58 18 13 45 83 92 33 66 65 87 6 27 6 7 86 83 46 23 81 36 20 76 12 36 74 26 92 38 93 80 60 60 3 76 67 94 70 81 21 21 42 52 13 24 81 34 53 32 68 47 7 99 98 57 8 20 6 68 5 47 3 7 56 6 2 77 43 53 16 91 3 2 50 63 85 27 27 11 17 19 86 12 12 17 80 38 41 53 28 6 95 76 68 92 15 25 3 28 55 30 98 42 72 65 98 41 49 21 36 60 40 60 25 28 23 5 72 77 90 18 69 93 64 26 31 42 17 25 34 33 53 86 61 12 37 20 28 17 81 47 76 72 71 73 88 9 28 17 81 39 68 51 97 39 95 47 53 29 21 20 98 29 59 28 52 92 22 73 
72 25 89 21 85 96 60 88 35 33 48 28 30 21 33 62 15 11 3 27 83 12 57 69 65 97 77 27 4 78 85 83 81 37 30 69 84 16 74 97 10 74 82 56 23 35 54 36 54 83 74 94 70 92 55 17 62 33 66 45 45 63 63 73 69 48 13 17 55 24 55 56 0 37 97 48 64 3 35 87 43 55 94 22 70 13 41 82 75 45 92 8 67 97 93 56 94 16 72 74 91 93 98 78 94 55 11 81 87 32 11 72 25 23 61 95 5 99 44 62 5 31 48 52 1 30 27 61 59 6 0 10 60 80 63 13 39 59 82 91 27 85 20 59 63 19 98 91 91 52 68 16 94 35 52 1 35 82 8 91 5 62 62 66 83 84 35 11 12 62 76 5 74 42 66 91 32 19 93 96 61 61 78 24 62 6 56 43 24 67 11 47 98 72 2 18 76 25 23 11 54 83 26 33 40 59 83 76 4 20 28 62 69 23 21 80 92 85 20 2 39 93 0 58 21 87 29 30 26 89 35 72 61 91 78 33 70 51 11 86 57 72 72 98 47 82 12 70 52 5 99 51 28 26 60 59 96 3 50 26 90 56 80 63 64 10 81 96 31 26 92 18 66 13 7 80 49 38 48 83 53 72 1 73 8 52 44 30 96 51 13 93 56 81 73 75 1 90 0 64 81 55 84 75 11 49 75 99 3 56 66 90 96 84 25 64 21 45 10 29 11 44 51 26 50 70 17 64 2 8 83 99 32 77 0 9 21 80 97 7 49 24 20 85 46 36 62 84 3 2 5 70 69 86 93 6 85 54 94 88 80 21 80 22 54 10 59 33 77 55 25 17 26 10 27 65 31 31 79 49 78 1 89 75 76 38 25 93 12 19 57 54 73 51 12 44 1 13 3 10 
57 64 16 0 0 73 91 39 24 81 10 96 55 39 56 75 98 53 54 71 15 66 4 24 12 86 89 20 85 95 94 38 65 18 78 69 90 66 93 88 25 7 56 82 96 83 11 68 80 65 51 7 10 75 85 45 59 26 97 90 77 93 61 9 52 92 89 99 95 83 75 38 14 7 50 66 50 87 36 3 72 6 71 50 34 11 42 45 68 15 10 78 75 67 3 14 31 28 71 98 23 70 39 53 85 74 90 37 30 29 82 61 2 12 32 68 53 89 90 65 60 76 59 15 95 2 97 75 40 38 79 67 6 78 35 69 42 56 34 20 22 13 82 67 41 71 0 12 51 57 38 85 89 87 3 32 7 77 94 80 45 5 41 17 86 10 54 26 87 84 57 33 28 98 40 23 97 40 0 70 46 9 36 33 43 98 88 44 40 36 19 29 0 65 34 39 18 5 88 42 64 82 2 94 86 21 96 92 89 87 54 14 28 54 75 86 61 17 85 99 13 4 10 35 82 43 12 77 87 72 57 69 71 98 40 13 41 35 25 29 10 1 61 6 12 66 56 55 75 35 76 77 18 13 56 9 91 23 63 75 94 51 25 51 75 23 20 85 41 32 7 43 78 33 93 46 46 5 43 9 65 23 60 59 88 72 55 91 75 54 3 61 13 54 27 21 98 63 92 3 89 73 7 80 34 74 79 46 46 82 37 67 29 85 34 0 38 91 59 72 30 23 10 17 78 90 7 47 2 80 45 9 76 2 83 99 28 47 82 86 11 38 52 58 1 64 0 37 18 10 30 38 40 78 27 88 1 86 6 33 12 23 65 43 97 0 56 90 5 0 26 68 98 92 74 93 91 77 79 35 58 98 38 53 99 15 14 70 5 74 92 76 91 36 33 93 82 90 80 40 
21 78 88 9 88 39 65 38 25 30 16 59 87 70 55 90 71 68 41 84 40 61 46 8 45 17 7 24 61 5 24 92 28 18 87 40 53 40 41 81 55 17 2 23 5 93 76 13 34 6 84 9 8 66 74 28 37 96 36 84 82 6 91 21 43 96 43 50 23 75 65 60 48 55 49 11 92 63 20 94 73 34 59 36 55 70 65 58 46 32 90 31 1 42 42 46 87 75 84 39 8 28 76 11 41 8 56 13 74 82 40 81 66 76 97 53 83 15 81 12 7 30 29 61 21 71 71 27 93 94 1 36 64 64 92 22 1 89 15 10 7 57 89 66 55 6 86 76 35 80 57 24 42 45 90 22 61 68 63 42 77 42 99 74 18 80 22 79 19 15 65 16 83 13 76 0 42 32 65 66 84 89 60 4 14 23 9 0 12 65 46 97 99 46 21 28 37 88 22 58 61 49 93 79 23 28 31 97 43 24 34 14 79 0 10 83 45 25 55 73 34 89 20 39 86 8 48 35 76 72 20 51 94 21 42 61 83 35 79 36 76 38 71 69 93 90 68 45 77 84 44 47 93 2 74 63 97 31 40 22 75 25 85 18 27 61 47 36 0 36 82 3 82 23 9 71 75 95 18 76 17 67 67 73 2 31 90 98 29 91 36 27 62 23 10 70 55 67 27 99 78 15 59 73 28 97 13 51 86 7 40 89 60 89 20 8 29 5 43 81 84 49 91 5 66 19 66 42 18 42 55 67 89 14 59 11 60 66 94 74 89 17 10 42 22 26 96 51 35 94 6 15 81 80 1 60 44 55 92 30 21 77 56 36 17 57 91 75 21 31 1 61 2 29 36 3 8 71 69 49 59 99 75 53 24 96 72 21 19 52 77 26 22 29 57 58 45 48 73 2 
11 13 46 46 52 82 9 1 42 13 77 25 66 93 91 40 0 82 27 13 60 22 6 29 60 31 41 8 49 83 46 10 56 75 38 72 72 67 24 34 58 10 10 83 89 18 9 18 18 83 61 96 77 49 21 97 7 20 57 79 26 41 8 39 64 42 2 40 27 53 84 29 11 48 38 71 7 38 2 85 34 74 46 96 40 72 89 0 32 49 89 56 34 91 96 3 48 92 41 49 81 79 43 12 95 6 58 98 95 43 98 68 18 83 51 76 90 48 98 34 15 76 37 84 84 57 34 50 78 9 84 15 45 18 78 72 91 53 27 67 56 78 41 98 20 56 68 91 54 34 26 14 3 93 29 88 37 89 92 45 9 47 6 70 21 17 22 32 19 35 5 44 76 93 56 29 35 46 79 77 99 54 4 80 0 64 92 72 53 0 27 25 46 36 84 37 40 56 89 17 36 42 78 7 36 73 74 63 76 31 26 59 82 76 31 26 58 21 34 41 66 42 8 7 52 85 82 13 6 46 17 4 4 97 6 70 27 44 55 43 0 58 22 46 62 14 96 47 67 54 27 57 71 69 0 97 90 66 4 53 3 87 45 45 48 53 64 34 91 94 81 79 21 41 18 59 24 17 99 84 67 80 39 47 30 35 28 82 82 35 23 10 93 18 61 34 88 31 88 39 52 83 57 48 64 93 4 95 15 19 83 91 94 31 30 93 9 44 64 34 66 21 46 91 62 75 69 95 98 18 78 25 38 61 94 62 24 70 94 12 21 16 64 0 60 98 43 94 12 0 90 28 25 14 57 42 46 88 72 61 89 76 10 17 4 28 22 30 43 55 57 22 9 18 50 10 81 15 32 71 68 31 25 11 97 24 17 25 50 20 60 73 81 53 91 26 4 2 42 3 
87 20 45 30 12 82 70 92 87 93 75 26 38 25 85 75 89 38 10 30 94 80 0 13 42 55 1 24 36 36 79 46 35 82 48 47 12 85 56 56 59 98 7 9 55 99 66 61 20 78 63 15 63 7 5 29 41 96 64 50 36 76 68 40 96 47 13 24 10 61 6 3 54 23 67 67 82 21 80 61 90 43 85 77 34 20 72 58 86 53 94 16 52 22 40 10 8 63 13 33 12 90 50 83 30 1 72 29 71 61 4 26 94 60 16 30 63 1 94 12 0 58 14 57 4 2 75 99 2 37 5 77 39 85 68 24 14 84 63 79 80 7 84 1 23 84 5 99 97 84 13 36 12 13 21 37 12 36 85 7 83 65 42 44 1 65 8 11 87 39 91 11 36 2 57 55 60 65 92 20 90 37 97 96 56 85 1 91 62 96 97 92 44 1 98 42 13 60 33 50 63 35 16 49 10 56 91 23 46 55 89 74 68 73 71 8 79 87 62 77 31 97 11 17 96 90 62 83 65 88 51 67 48 84 50 62 43 32 91 73 13 75 80 15 54 89 60 34 55 33 25 30 39 37 38 62 16 1 85 25 36 86 55 6 43 69 64 54 18 39 92 76 69 39 33 67 60 60 60 54 78 97 54 61 48 71 42 70 63 81 22 3 74 52 50 57 76 2 12 31 57 89 19 51 82 39 90 86 24 69 14 86 83 21 25 99 24 61 96 21 74 71 75 0 91 38 36 22 41 7 23 34 73 84 45 45 87 17 10 86 91 63 79 84 97 31 84 44 24 72 45 55 47 18 93 47 45 36 92 65 63 58 14 28 66 34 6 45 87 42 23 71 85 98 92 0 91 26 25 52 57 64 83 24 51 48 14 85 71 34 30 4 70 50 49 13 62 47 79 73 
39 96 61 51 75 29 1 18 65 41 7 85 6 32 39 65 53 89 81 13 93 65 82 96 10 4 82 77 68 2 35 77 85 62 42 45 97 33 14 81 76 3 78 72 75 4 13 59 2 12 76 0 21 71 1 18 55 23 13 65 50 7 12 3 81 99 45 36 59 64 35 42 74 90 92 90 97 35 72 36 78 88 67 88 78 15 76 11 59 4 30 83 58 8 70 12 20 79 81 91 12 93 87 79 31 7 24 10 53 31 73 43 45 96 50 94 84 51 65 87 33 3 81 40 59 52 20 28 6 59 77 74 78 9 58 15 16 97 68 9 29 3 91 48 64 41 27 16 82 81 53 15 20 53 80 98 86 26 15 57 52 1 35 83 9 68 12 45 93 51 76 9 95 71 26 27 73 18 17 37 49 90 64 86 15 3 68 28 83 12 19 11 70 42 0 8 79 40 87 74 5 93 42 4 70 55 50 97 42 37 94 32 50 79 26 45 14 7 88 68 46 49 8 73 80 8 35 1 49 98 60 38 82 88 34 32 85 0 50 44 99 63 40 77 58 0 79 60 5 91 96 79 2 5 72 81 91 83 78 14 73 54 56 90 64 28 6 82 89 45 56 67 66 22 25 19 75 94 26 70 58 52 11 53 35 58 47 0 89 67 84 76 10 7 35 87 26 39 53 67 54 71 50 38 40 34 55 8 43 96 29 67 22 77 0 71 14 63 82 86 82 4 66 70 71 5 20 87 83 15 73 93 12 77 3 78 56 85 79 90 84 19 95 83 78 92 33 80 13 4 97 70 49 79 11 0 33 68 86 8 63 15 68 98 89 99 5 70 46 29 59 17 85 38 68 17 2 84 88 31 6 2 92 64 98 34 63 28 46 26 6 54 12 22 79 26 63 36 85 98 
80 27 78 17 87 96 31 14 10 84 52 34 98 35 97 68 93 67 32 87 80 5 27 26 27 99 95 10 91 23 2 60 81 80 67 71 75 67 70 94 84 45 50 8 53 98 4 41 9 67 97 80 57 36 75 2 71 32 69 23 26 98 89 52 5 60 67 66 31 97 30 81 74 91 90 36 60 97 49 99 3 94 86 40 71 37 71 26 98 1 90 1 97 26 12 68 55 38 51 50 54 92 9 92 14 50 55 71 20 32 67 13 62 72 97 40 85 6 6 60 84 52 10 83 47 48 25 69 27 52 15 0 96 71 68 50 82 69 29 83 78 7 92 51 60 27 39 18 95 31 47 6 14 7 40 9 82 38 91 51 65 84 65 29 12 28 71 95 73 60 48 57 46 69 42 15 82 10 88 21 65 98 49 63 32 99 32 58 21 25 69 8 39 10 63 24 41 42 65 79 24 2 1 26 39 79 2 15 28 82 32 62 54 48 5 10 42 76 87 99 47 90 16 60 49 41 69 89 84 74 10 94 39 11 61 6 19 45 53 89 71 49 17 91 85 85 68 20 24 77 89 74 15 80 79 45 66 74 64 14 35 61 0 81 94 39 45 30 51 2 39 26 92 34 68 8 12 57 72 0 63 69 44 54 19 70 55 72 14 93 33 96 89 43 47 17 45 23 91 69 61 49 96 60 3 50 67 43 67 96 8 7 90 73 84 30 61 19 50 65 30 11 13 51 72 82 93 84 93 94 66 29 47 2 91 53 36 33 89 85 16 15 0 40 4 92 16 23 88 57 36 60 3 28 9 57 13 51 96 95 43 70 84 8 41 5 65 57 30 74 97 29 4 81 47 85 35 82 36 76 49 17 6 26 0 95 28 18 82 4 98 6 16 86 98 81 78 54 76 12 
89 91 90 41 91 83 39 66 17 96 64 2 61 47 6 43 73 68 13 58 19 6 13 82 7 15 28 54 28 45 41 63 71 45 12 48 37 35 93 17 10 84 89 15 24 18 1 64 29 80 44 96 74 75 71 22 62 53 72 99 89 17 10 46 7 67 60 61 98 69 72 94 19 14 74 29 67 89 30 83 50 98 1 10 70 23 0 94 76 61 71 44 24 70 89 31 10 55 19 43 62 61 95 19 65 69 96 75 16 7 34 30 78 91 48 81 75 81 6 59 43 93 14 80 18 56 30 21 46 37 96 32 96 46 88 60 24 48 13 19 33 41 53 45 60 79 73 82 83 43 7 56 43 89 88 78 77 63 21 15 49 55 5 82 37 72 34 68 48 21 21 59 52 9 35 72 19 72 3 83 43 4 81 41 76 18 57 3 35 18 93 54 75 44 56 42 52 54 88 82 30 74 84 85 63 76 75 66 36 73 8 6 31 72 13 48 83 24 28 64 36 12 93 44 87 9 46 99 19 6 71 95 55 36 78 65 91 72 87 54 76 28 10 72 66 73 63 16 78 94 12 63 19 45 54 32 25 39 16 34 23 77 52 37 56 53 65 68 30 77 14 62 19 70 4 65 75 30 52 95 82 76 94 46 96 89 19 73 36 84 79 71 14 44 48 7 55 52 15 54 99 57 70 86 32 32 5 39 7 28 11 25 35 62 90 49 25 11 11 59 26 26 37 51 54 64 28 81 26 55 6 20 56 47 60 77 48 38 56 53 83 43 15 26 62 46 29 22 69 99 91 20 90 45 29 84 36 88 53 91 80 39 67 70 44 79 21 45 89 88 49 51 24 53 62 49 49 32 92 42 54 20 43 28 12 78 8 76 19 23 4 10 97 37 6 19 56 76 20 79 
46 42 52 46 34 4 87 6 94 16 78 60 71 94 58 69 78 83 35 90 20 56 17 9 48 63 86 92 28 55 35 58 84 19 35 27 33 31 43 20 39 19 14 85 55 92 68 5 34 68 4 61 39 73 53 53 3 40 19 40 42 29 31 43 35 19 18 91 8 39 14 15 34 54 62 20 39 62 93 1 14 0 92 34 63 58 25 1 30 34 71 77 22 3 71 18 53 90 90 32 35 70 21 56 15 32 12 98 68 22 33 1 28 29 2 30 15 10 99 80 99 46 77 3 85 58 96 53 46 76 54 76 81 17 88 37 37 75 59 19 70 68 84 24 46 7 56 12 1 18 65 97 1 92 77 19 83 24 98 35 30 59 99 66 40 72 67 19 17 46 27 46 6 58 36 58 35 29 75 86 68 73 93 92 48 15 29 2 34 57 98 82 22 26 81 75 81 67 87 12 67 3 49 17 64 9 27 32 86 25 95 20 32 92 43 88 22 40 86 48 30 23 69 38 77 50 8 6 17 55 56 32 94 79 15 49 23 4 93 48 9 20 45 21 54 11 12 42 38 78 31 57 94 14 54 15 99 79 92 74 11 94 42 20 6 52 79 29 12 68 0 9 64 93 78 64 93 99 1 87 25 59 82 62 38 88 54 85 58 88 82 92 55 86 93 83 74 55 43 29 12 64 57 27 98 84 52 85 80 42 33 62 48 18 47 46 5 17 63 99 62 57 34 99 7 8 71 30 65 82 60 97 38 97 29 82 75 37 19 53 45 76 41 71 79 77 66 30 64 89 12 22 42 20 85 72 20 37 53 71 37 2 28 6 17 90 65 53 29 87 28 69 70 30 34 1 26 91 38 31 69 17 6 0 86 77 93 48 79 17 89 67 60 39 96 23 11 17 39 94 
29 14 11 34 65 90 88 39 78 58 54 54 80 17 36 61 52 48 70 66 92 94 76 10 33 51 79 28 57 69 41 38 14 41 41 68 43 79 10 27 51 78 99 8 77 13 81 94 53 35 31 45 32 54 63 16 57 63 64 96 30 48 14 2 90 45 30 86 82 72 22 90 2 43 27 66 0 97 64 75 12 95 26 71 29 14 41 43 69 88 16 65 30 67 48 24 96 30 93 5 9 25 68 67 39 71 87 45 71 68 66 20 83 88 19 97 71 76 37 44 48 84 85 34 52 23 74 24 34 80 60 41 44 63 15 45 37 28 2 55 99 68 77 51 48 3 97 76 19 54 27 80 55 14 62 31 35 4 69 12 27 16 35 65 58 92 38 6 29 71 89 71 95 81 22 49 53 93 1 60 54 81 9 64 76 89 91 13 44 5 12 10 90 21 73 51 23 76 25 43 82 66 40 9 71 24 26 71 96 89 8 21 14 0 56 87 88 85 20 3 12 16 85 71 43 90 60 41 99 6 33 12 15 79 76 44 64 97 63 65 58 17 87 54 83 63 86 32 65 17 41 44 83 71 55 16 52 35 13 41 16 29 14 53 17 60 69 27 2 75 37 85 7 76 68 13 34 15 80 75 91 19 70 62 87 48 6 80 59 60 89 50 16 46 26 7 49 51 86 55 48 35 33 67 97 71 1 29 47 67 97 53 19 50 10 73 98 86 62 80 95 96 77 46 65 69 92 46 65 61 99 96 85 7 56 10 91 98 40 54 67 95 28 7 21 34 64 32 27 33 99 12 41 95 4 31 36 56 36 68 85 59 81 15 18 7 56 82 0 77 48 52 58 25 6 8 98 8 69 61 66 27 80 34 47 41 0 6 44 92 32 36 61 40 63 91 19 91 80 63 
7 91 85 72 91 88 30 32 51 84 11 6 98 31 95 72 62 11 94 52 15 4 21 84 83 92 22 54 63 14 38 68 95 8 58 96 41 36 21 51 88 65 92 70 14 94 78 41 47 61 83 96 80 94 36 29 33 5 47 91 20 45 43 60 73 38 71 26 80 56 99 26 44 67 29 19 86 91 94 88 70 96 18 6 4 24 37 16 64 10 72 94 49 83 70 40 93 37 76 56 20 70 64 27 45 19 30 70 29 53 28 14 80 62 79 28 12 51 55 72 46 70 66 49 75 22 36 83 99 56 52 91 19 56 92 74 0 46 70 79 86 18 50 89 56 61 79 34 77 28 35 39 12 11 64 21 39 2 48 61 91 14 1 72 92 67 78 80 44 77 81 24 2 18 37 2 18 55 56 50 54 96 45 44 22 8 36 30 50 31 63 18 99 10 21 93 92 18 20 56 89 43 98 77 19 48 16 19 75 38 31 20 96 75 66 25 82 39 86 19 33 42 11 71 8 43 95 56 37 62 73 83 26 36 43 32 29 12 97 64 89 60 65 76 62 6 43 98 47 32 28 13 42 92 93 9 61 98 91 18 51 86 20 0 18 35 19 20 26 21 65 43 42 87 60 95 14 65 19 45 46 5 4 48 54 4 20 28 40 53 92 85 36 89 91 91 37 72 92 50 10 68 26 71 70 43 25 56 88 87 23 70 26 53 51 31 81 0 58 68 8 31 41 84 64 93 48 11 90 63 29 10 52 98 97 85 38 26 70 63 63 16 66 33 57 58 77 90 49 11 37 3 91 33 70 1 52 20 54 81 92 64 78 17 17 77 43 84 48 48 50 78 23 62 66 8 38 96 4 62 14 71 2 19 14 60 6 64 5 3 73 90 97 55 12 8 48 59 32 0 
81 3 64 18 48 65 81 49 28 92 31 5 59 81 0 3 15 11 66 34 94 73 84 75 14 89 11 37 11 46 7 69 27 2 85 87 49 29 49 40 35 34 77 54 77 56 38 81 4 21 98 85 60 59 57 99 61 86 75 14 4 40 42 70 75 13 62 21 78 82 27 73 74 59 40 22 18 78 34 41 90 36 99 66 7 74 19 20 55 37 10 55 51 60 74 74 9 2 43 75 51 17 81 6 91 86 50 38 26 96 54 11 6 96 78 15 23 66 2 13 50 0 24 7 18 99 0 17 27 45 83 94 50 24 79 15 92 81 47 27 47 99 95 34 8 79 19 99 37 71 38 38 16 92 33 24 9 49 85 7 53 99 98 67 42 49 72 49 50 43 98 68 39 65 94 49 4 10 22 36 36 82 68 54 77 16 80 81 39 94 59 78 63 78 81 4 7 41 38 58 77 74 2 93 45 98 72 34 17 60 57 90 56 77 98 6 50 95 97 95 45 49 69 73 50 84 8 73 14 56 98 62 0 56 94 90 95 60 86 63 82 55 59 58 3 46 24 15 55 30 73 84 93 56 99 29 77 25 29 7 11 4 79 87 77 37 81 9 83 26 67 33 35 29 73 52 42 61 30 13 34 14 42 86 89 44 90 56 84 11 27 80 28 77 7 50 2 72 56 33 3 25 80 63 23 0 36 41 22 97 71 76 27 15 25 83 5 62 97 2 49 83 68 24 82 31 17 56 54 48 64 93 6 80 71 12 22 11 51 91 48 1 60 29 21 52 13 98 1 4 86 51 36 27 69 18 52 49 33 66 79 59 76 36 15 24 16 97 71 68 36 61 71 96 40 1 53 54 24 98 86 41 59 80 86 32 49 20 53 64 35 20 94 9 97 54 92 10 99 23 
45 40 80 65 11 16 16 34 56 77 83 24 57 7 26 65 15 78 73 20 28 71 28 11 21 4 25 17 52 47 27 62 69 87 46 22 22 76 93 5 68 23 66 39 99 14 10 3 61 26 23 45 27 61 50 5 84 1 18 44 6 66 49 73 44 92 9 60 82 0 80 28 41 0 54 6 61 50 94 69 75 51 48 24 70 18 72 42 76 96 9 60 39 2 13 79 93 9 85 43 5 0 40 39 69 86 31 80 5 25 49 17 16 13 67 10 85 69 89 9 47 21 30 13 59 12 37 13 9 7 65 60 47 76 11 89 17 85 21 96 53 52 67 64 4 68 85 86 60 45 29 11 36 13 93 89 68 83 66 65 8 21 44 37 37 14 4 83 73 27 57 44 24 4 16 51 16 53 65 85 26 25 38 20 9 17 30 15 10 83 94 10 26 69 75 94 84 36 14 34 39 37 23 92 49 28 77 46 2 59 38 76 82 30 16 97 9 80 89 71 4 67 71 65 32 96 75 22 8 54 81 38 98 4 19 50 1 9 98 39 17 3 18 90 53 4 49 89 32 46 55 91 72 43 73 49 7 48 29 82 28 67 69 27 79 13 39 88 56 14 73 33 44 2 73 70 15 29 1 80 14 9 19 46 6 70 82 48 88 15 8 49 99 5 61 53 58 32 39 65 93 72 73 56 97 19 72 41 80 8 51 91 70 4 57 13 62 42 48 11 15 54 75 1 40 32 62 87 43 20 53 57 69 54 51 50 9 91 29 30 92 10 85 80 8 30 34 84 64 24 57 38 82 18 68 94 77 80 81 42 40 80 29 61 19 37 52 33 39 18 46 77 29 20 58 48 69 68 29 55 9 6 53 45 96 15 8 25 48 80 77 40 34 44 7 73 81 38 97 85 
3 80 11 66 12 24 47 51 29 82 26 89 45 92 5 80 87 46 28 80 63 5 31 34 87 50 84 57 20 15 32 62 53 94 46 78 67 51 19 58 99 54 72 57 98 89 94 20 9 40 57 14 73 12 5 17 9 69 29 23 71 32 93 3 16 47 20 79 10 28 39 71 76 86 79 45 40 67 57 29 13 55 5 38 27 99 5 1 46 18 69 38 40 48 8 62 89 5 32 43 84 17 20 66 49 67 50 94 63 34 62 81 31 90 84 11 22 73 32 12 4 44 30 42 89 62 62 30 86 49 95 22 83 97 98 15 75 71 66 88 53 40 22 38 86 73 52 29 38 63 98 13 31 82 12 80 72 95 0 7 49 24 96 22 22 69 16 0 21 79 44 59 69 26 71 58 77 57 8 15 59 12 54 34 72 83 45 8 1 74 42 81 82 99 27 54 70 7 40 86 31 70 16 13 42 78 32 5 8 84 1 50 14 77 44 78 24 79 25 11 79 89 74 20 69 14 72 33 66 52 3 10 10 5 18 22 53 68 83 37 18 71 0 39 60 95 53 42 7 38 16 25 75 51 34 66 85 14 76 26 41 10 52 20 67 87 76 99 87 12 81 51 56 11 90 97 82 16 57 54 33 60 84 9 55 5 90 88 81 60 22 91 62 87 68 30 37 37 78 38 81 27 45 78 6 40 57 84 1 9 21 40 35 3 46 66 54 34 38 49 17 6 28 4 41 30 86 26 81 24 68 89 96 39 68 95 91 26 71 49 38 65 73 12 2 90 96 42 31 89 88 86 49 60 41 95 31 88 79 53 88 94 96 58 65 59 8 33 99 66 53 62 79 96 26 38 98 52 55 3 24 69 37 87 62 77 22 61 93 12 10 98 2 10 42 81 35 88 18 97 
3 43 27 58 13 61 20 57 50 12 27 14 90 43 19 50 68 67 7 91 14 22 57 19 77 43 68 2 48 62 20 32 86 48 55 44 50 55 98 26 80 48 52 8 58 5 16 75 62 76 16 50 75 33 43 8 14 84 51 89 86 44 79 63 29 83 75 73 43 58 47 52 71 43 89 53 95 47 91 7 25 25 72 71 98 74 90 73 67 38 92 59 61 27 34 11 93 19 63 5 13 72 19 43 4 23 35 34 17 12 5 9 27 23 14 38 78 81 26 2 4 29 82 59 51 35 72 87 4 72 47 53 38 85 54 18 39 77 97 88 80 95 41 4 70 31 98 92 43 99 45 90 97 91 75 68 95 63 64 91 96 5 82 96 99 23 61 86 72 87 67 77 12 86 98 67 55 87 91 20 75 48 44 31 98 52 53 27 4 97 0 14 15 13 95 74 82 51 34 9 60 27 9 45 15 58 59 41 50 42 81 0 47 54 57 71 63 23 51 94 72 81 2 64 20 84 76 14 14 80 5 29 18 2 85 98 3 34 75 1 76 77 22 46 52 70 9 80 78 90 55 48 5 24 74 76 24 50 47 14 15 6 52 9 44 13 66 86 6 26 69 36 23 22 33 40 31 28 89 29 90 80 64 64 66 51 85 82 68 38 90 95 19 31 93 53 48 32 19 92 17 16 29 51 90 66 74 89 72 72 37 61 42 3 10 46 5 39 65 92 55 67 14 91 1 9 26 94 29 69 2 89 29 93 19 37 37 85 59 3 23 22 21 20 38 74 2 75 7 17 7 12 46 16 80 52 14 96 60 48 85 88 13 73 2 85 51 81 84 93 4 49 16 55 40 3 26 24 37 24 44 17 0 39 40 34 13 45 93 10 92 71 17 31 42 10 27 82 42 7 
74 96 36 17 73 25 90 28 98 95 27 33 75 58 88 45 69 80 38 50 96 17 89 32 85 63 82 92 95 85 99 33 38 22 69 54 6 47 85 0 62 26 8 41 98 7 29 66 88 10 38 75 8 67 73 37 62 89 69 37 88 42 42 47 99 53 87 64 34 8 32 14 2 94 99 42 8 53 35 87 18 20 3 32 18 70 87 87 89 45 93 53 3 35 99 77 98 86 8 74 88 78 45 64 41 78 6 64 92 78 15 97 66 76 99 98 30 91 99 33 59 89 33 6 4 17 2 35 29 4 16 72 61 4 58 20 10 26 72 37 31 19 86 45 87 58 16 85 63 97 74 61 29 38 88 47 47 50 53 60 8 4 88 0 74 96 68 0 58 95 82 14 48 15 42 30 17 11 80 16 47 4 12 44 25 88 20 39 35 79 58 85 74 87 36 86 20 7 95 16 16 99 92 2 21 63 6 11 59 83 38 42 74 6 15 22 59 21 24 11 35 47 27 59 15 53 36 91 34 39 94 65 86 55 4 1 43 15 54 56 21 34 27 4 57 10 94 25 65 83 69 1 46 54 50 91 20 18 68 89 92 4 77 57 51 20 68 52 61 66 4 78 1 21 88 68 38 33 55 26 61 81 74 79 26 60 41 57 64 96 50 6 32 38 52 69 99 86 97 81 80 98 87 94 31 18 73 31 92 61 45 76 62 67 25 60 83 71 39 22 79 37 63 97 35 62 7 6 91 44 20 53 92 83 37 76 89 27 81 64 62 43 60 87 95 1 19 84 73 10 26 8 66 3 5 29 85 99 75 48 99 75 61 65 10 96 97 49 49 14 76 80 86 39 27 18 43 22 53 7 78 41 82 33 97 44 94 7 43 9 29 86 32 91 99 75 78 57 83 46 
58 15 29 62 23 39 44 48 74 3 29 77 70 67 9 25 31 87 98 11 43 13 47 74 13 65 56 19 16 62 34 34 78 75 12 13 43 3 59 7 77 58 35 47 81 71 22 62 76 90 11 88 71 70 31 65 63 52 29 0 19 8 0 18 96 69 67 11 36 36 23 72 58 10 10 62 98 81 2 55 49 89 78 84 9 87 15 4 94 57 18 49 10 75 45 0 30 35 0 77 53 77 9 12 68 23 24 16 60 38 71 39 81 84 61 68 96 83 53 99 36 67 23 54 14 7 74 49 99 73 98 88 41 85 55 9 98 44 11 24 82 50 23 50 21 99 91 8 49 89 11 4 25 77 47 73 58 88 25 12 66 35 84 60 8 21 25 22 53 46 62 58 87 46 21 99 72 28 36 52 73 86 33 34 4 48 44 3 59 62 51 55 12 3 41 40 4 54 88 36 33 57 99 79 51 45 25 20 76 6 94 8 55 99 35 71 37 40 40 48 49 87 2 52 20 72 4 10 83 90 62 90 52 95 92 82 42 81 31 76 8 2 33 21 22 17 86 50 57 31 70 24 65 13 7 77 48 77 12 99 73 93 98 80 60 85 77 25 54 21 3 44 61 20 44 45 87 34 67 11 5 27 68 71 45 8 52 7 50 55 96 26 53 74 71 44 95 23 51 16 7 53 93 15 75 63 26 87 11 74 3 59 47 0 11 81 80 89 93 46 65 74 99 23 2 9 13 11 69 29 58 26 84 67 12 29 28 12 48 39 54 97 78 73 89 67 8 53 34 37 80 18 32 79 84 29 94 75 78 46 56 47 54 10 87 59 94 78 58 67 11 59 75 8 37 83 11 30 33 90 46 59 82 99 47 98 84 35 52 1 72 10 60 16 20 45 75 0 85 96 
13 80 27 35 58 30 96 80 58 69 5 40 76 13 52 95 82 40 57 49 93 59 64 6 25 25 94 50 59 68 27 81 29 76 78 49 54 58 98 31 32 24 96 39 11 72 21 47 66 46 65 5 35 89 55 70 0 1 5 45 49 88 40 17 96 98 48 7 87 93 78 1 23 93 83 42 52 54 98 88 51 75 42 31 92 47 92 14 37 65 32 18 56 78 96 7 13 37 53 75 82 38 35 40 47 20 79 15 95 73 14 76 61 58 45 37 88 99 78 75 64 57 90 68 68 3 52 7 7 9 2 4 22 10 35 29 26 49 20 43 30 47 62 87 31 5 90 70 92 45 67 82 17 79 50 67 82 55 70 13 4 21 33 77 86 12 30 36 7 74 66 87 93 13 33 88 10 5 85 54 42 95 75 38 56 1 17 95 24 56 8 85 26 38 92 28 52 10 22 87 81 80 69 23 53 67 63 27 26 46 98 24 70 74 68 34 37 96 93 21 92 29 89 65 5 11 1 8 24 79 82 75 78 6 82 43 22 80 5 3 10 78 2 16 50 40 22 0 79 62 85 98 61 73 38 49 55 15 66 59 35 84 23 18 80 22 55 90 36 52 38 52 88 27 63 37 25 5 33 8 91 12 55 35 85 28 39 91 4 63 94 27 44 29 29 37 59 99 23 38 59 99 72 2 93 41 90 79 60 99 83 63 7 64 65 90 47 83 18 59 95 80 61 65 30 91 57 40 23 76 27 32 82 8 16 84 20 61 79 66 51 1 60 97 82 76 80 46 82 8 28 71 60 93 76 55 34 60 8 98 18 85 71 59 98 19 85 99 20 53 44 21 77 12 91 63 46 25 10 43 52 39 43 26 62 50 23 39 27 97 50 5 64 76 9 9 12 76 89 76 
23 64 2 31 88 41 91 57 38 68 81 77 17 84 0 84 2 93 92 58 35 91 22 56 99 25 93 35 32 36 86 50 28 27 47 92 72 56 86 74 65 90 70 77 50 97 2 56 6 96 79 12 74 28 48 45 65 2 41 30 28 58 84 55 39 50 51 41 73 85 62 60 55 37 18 32 31 14 26 6 61 27 61 85 76 88 79 70 92 55 32 55 76 30 75 55 24 68 10 21 14 2 44 94 38 61 11 49 82 75 57 39 27 2 50 10 6 76 83 23 62 11 43 1 37 5 91 45 22 67 45 74 4 72 11 71 30 24 46 65 42 8 72 55 2 84 70 98 27 72 14 10 5 9 98 46 79 44 76 57 26 15 33 15 43 75 63 98 54 41 32 9 44 24 46 91 92 82 1 62 83 13 69 33 88 79 84 95 45 9 19 0 37 51 28 35 26 28 54 10 11 65 56 59 58 76 16 34 27 38 7 30 58 47 37 33 17 55 51 69 44 50 97 39 94 53 73 91 29 45 72 51 55 67 52 90 14 92 41 65 61 83 91 62 81 72 48 32 95 11 36 56 77 47 4 31 46 58 23 35 11 68 77 29 51 70 20 42 53 33 57 64 23 66 58 48 73 43 33 5 83 81 19 50 8 43 74 78 97 18 60 79 81 74 96 75 32 7 39 23 34 12 69 45 76 69 57 28 81 3 52 74 47 60 50 35 16 9 35 95 59 75 21 89 16 73 14 4 14 19 74 42 17 35 96 72 19 13 99 93 99 0 95 94 15 48 58 94 14 78 29 83 99 24 67 94 5 32 37 39 79 81 99 0 2 14 0 11 73 81 7 1 32 44 50 12 4 43 63 15 75 74 75 42 21 36 60 82 11 57 6 13 57 1 79 65 41 65 53 77 
7 25 45 66 48 61 43 45 69 22 25 44 72 74 68 31 27 5 49 22 73 45 52 92 87 6 62 63 95 68 6 12 76 55 6 67 1 33 47 92 46 86 94 45 85 43 61 35 78 39 62 30 7 99 13 62 42 36 15 91 18 87 20 10 78 87 55 6 94 31 97 78 65 31 50 62 23 61 52 21 14 10 78 38 34 75 77 40 27 17 98 98 76 35 59 44 39 0 1 33 64 29 36 20 1 91 23 41 20 93 23 82 26 58 56 62 92 59 59 41 18 50 81 74 54 79 77 7 72 4 6 95 91 75 10 20 62 73 31 41 44 16 6 81 16 56 73 27 7 56 66 82 49 80 30 25 52 29 82 94 46 69 96 50 30 26 97 31 64 45 15 89 75 71 47 34 97 37 81 98 62 77 98 15 52 15 18 81 94 57 52 87 58 95 53 62 41 79 30 60 15 20 78 54 5 55 16 70 51 76 33 95 1 88 51 15 67 18 71 13 0 83 92 1 2 83 92 60 95 81 91 98 7 28 54 34 65 44 32 60 20 56 13 35 44 70 76 31 77 25 57 80 96 68 49 94 63 2 41 6 83 86 79 14 27 7 13 64 38 2 14 56 7 85 70 87 39 25 96 15 62 69 40 34 13 14 15 77 11 20 93 45 58 93 43 45 15 9 98 51 88 24 30 57 33 38 64 5 66 66 73 7 6 32 95 7 36 27 55 9 81 45 79 94 19 24 71 59 84 40 5 25 10 75 88 3 24 12 86 72 42 21 91 87 41 98 9 33 22 81 42 6 60 58 80 27 42 41 9 97 73 69 74 42 95 95 71 18 51 93 17 12 10 21 57 13 83 90 43 34 23 31 64 84 43 99 43 16 74 35 33 96 32 5 94 83 42 66 11 91 
36 15 23 51 73 94 33 92 42 81 13 90 11 68 97 84 27 10 90 57 75 49 31 82 16 81 47 4 22 42 80 40 79 42 94 28 60 65 57 6 67 41 34 5 70 17 98 2 32 28 71 82 39 79 1 49 41 46 92 66 89 2 22 76 33 26 21 92 76 32 48 25 85 85 80 74 99 52 20 48 34 60 35 12 83 7 90 2 4 31 10 62 74 32 66 28 94 46 49 80 44 40 74 13 65 15 32 10 93 6 31 92 9 29 16 33 2 9 18 19 50 18 15 86 69 58 46 94 43 17 37 8 25 82 94 32 3 7 84 92 69 36 7 33 38 99 29 10 32 74 71 97 93 42 45 61 90 36 58 77 93 17 85 9 18 33 95 85 43 16 46 44 54 84 25 47 20 99 51 14 86 39 59 43 91 70 68 83 3 60 83 68 0 5 59 40 45 74 86 27 73 68 32 54 66 36 84 36 83 32 6 40 68 92 46 24 7 59 31 22 90 13 24 88 79 94 72 8 35 71 41 1 68 22 64 59 85 95 72 34 49 86 3 60 47 32 53 41 45 52 39 62 26 10 32 99 42 4 38 15 84 23 94 9 36 43 70 71 22 24 27 57 48 72 34 67 88 63 25 87 5 86 52 7 37 78 12 12 98 12 45 29 23 82 51 29 86 37 35 31 23 84 71 9 3 77 45 36 21 19 32 57 69 99 8 14 75 27 16 68 96 65 40 21 30 7 19 95 0 74 88 95 41 3 30 72 22 21 31 47 52 15 42 16 63 12 76 23 71 83 69 84 59 38 23 88 53 3 0 81 66 29 41 7 91 33 41 16 74 12 46 24 26 80 46 91 16 16 2 69 73 27 79 64 67 60 33 78 32 1 53 47 84 15 27 61 93 18 92 39 
62 69 75 42 35 93 87 58 36 29 38 41 12 52 10 17 58 29 73 33 24 81 76 20 2 0 70 77 70 54 72 8 41 19 29 84 30 17 69 50 24 70 7 43 20 26 44 98 48 71 36 27 49 85 96 87 68 82 39 36 93 99 22 89 48 36 43 42 71 93 72 68 7 17 69 97 82 27 67 35 59 9 99 16 31 84 4 32 82 54 0 11 81 5 43 49 14 55 40 18 38 61 91 69 94 15 69 55 7 94 12 70 10 60 93 49 55 22 8 80 91 62 7 91 66 49 65 44 95 8 88 88 15 40 55 76 77 14 4 70 81 42 64 14 17 15 22 67 72 49 78 39 16 28 51 15 52 66 50 41 20 62 40 31 69 74 62 96 98 33 80 1 29 9 63 47 60 60 89 38 78 0 66 24 65 70 71 5 90 79 13 37 28 37 14 5 47 85 63 25 98 29 95 68 3 41 90 35 88 29 51 78 18 37 12 10 21 2 42 44 31 66 92 75 29 94 42 27 72 17 58 96 61 9 65 55 90 12 2 24 84 7 3 64 2 77 20 74 3 95 13 62 62 34 82 5 81 48 26 84 69 91 28 51 7 25 65 76 54 92 96 31 9 63 75 33 75 90 64 95 51 76 67 89 82 18 38 50 83 58 24 90 65 14 17 97 43 89 45 42 41 6 86 86 26 92 86 78 54 63 54 71 81 66 72 49 57 6 23 76 26 36 62 69 21 16 7 55 32 50 14 72 98 55 96 37 65 5 47 42 11 81 85 1 49 49 57 49 7 93 40 56 70 61 40 50 69 11 11 69 81 4 48 66 62 3 5 95 51 81 61 34 77 34 45 30 68 31 21 1 91 20 4 43 23 29 50 91 47 3 61 65 30 52 31 81 16 51 77 67 
96 33 85 93 44 89 95 4 25 79 21 5 74 43 54 0 80 55 13 84 96 1 2 40 32 53 60 66 19 24 79 95 56 62 32 90 4 13 65 95 81 84 95 11 2 79 91 41 94 56 55 85 62 79 93 44 53 44 53 26 48 63 53 44 34 51 81 86 75 24 99 90 95 86 2 95 25 2 74 17 96 42 87 67 59 81 91 91 51 58 45 44 10 23 65 98 67 77 30 70 78 8 70 37 9 29 55 1 44 23 9 1 89 48 46 76 70 14 12 0 83 51 50 28 98 72 54 89 61 27 54 32 31 51 21 76 8 12 63 95 46 48 42 93 83 96 69 54 46 0 47 92 40 94 60 62 66 44 49 42 50 34 56 90 8 75 64 44 28 1 5 74 68 16 52 49 76 59 36 80 85 96 44 65 33 91 68 97 27 38 0 41 23 25 24 38 23 48 12 34 84 84 4 52 86 17 4 30 66 94 81 86 90 45 86 22 78 6 36 16 9 9 43 10 40 36 65 91 90 11 64 59 80 62 75 76 94 21 87 79 50 4 47 18 49 33 54 82 39 58 72 10 83 7 35 65 31 17 36 8 47 50 2 64 44 60 19 74 0 75 44 9 14 16 51 5 88 19 18 34 1 79 39 96 66 59 22 11 37 53 58 74 50 95 97 93 42 7 16 96 50 10 51 96 43 5 89 97 88 64 34 16 10 34 45 0 40 48 37 85 16 36 37 93 66 51 45 61 29 61 90 22 90 46 29 60 50 68 57 70 78 24 66 17 11 34 4 71 91 46 41 92 85 89 81 50 20 88 9 63 5 31 40 93 98 16 13 53 27 30 39 14 65 74 89 13 62 27 67 13 46 21 46 31 5 46 35 80 72 0 55 19 30 41 18 94 14 24 38 95 
84 8 34 24 43 92 7 17 60 5 3 80 67 44 37 83 28 46 90 43 62 97 20 3 11 75 76 44 89 37 41 10 81 94 34 48 14 0 25 17 24 20 81 12 29 52 36 66 18 1 41 70 16 45 18 11 4 12 69 84 67 97 88 84 45 10 96 79 11 19 0 79 73 62 36 30 4 91 34 90 14 25 20 54 15 44 65 31 4 25 97 43 20 23 61 62 16 91 27 87 95 14 88 91 91 1 75 21 95 74 56 72 18 64 65 64 82 11 27 52 44 11 36 78 59 4 69 82 21 75 66 13 45 61 95 36 32 31 90 37 56 33 43 78 72 61 8 38 73 35 78 41 39 48 80 87 41 25 47 36 22 83 75 92 67 34 47 92 96 2 26 31 11 68 29 3 91 87 32 39 6 48 95 98 62 19 95 73 77 7 83 2 8 85 83 98 79 29 71 96 54 12 16 34 21 9 8 34 23 64 75 94 91 81 99 43 45 82 58 18 77 72 25 38 28 97 33 31 72 60 35 72 60 41 29 96 44 2 46 97 0 35 99 39 61 96 76 8 14 87 52 18 16 7 49 27 35 94 28 6 87 11 5 56 35 19 36 19 21 20 98 47 84 4 11 62 59 48 43 93 72 62 52 20 70 46 25 3 76 63 94 11 51 65 14 40 87 14 66 95 27 69 5 83 73 29 18 34 82 35 8 71 50 30 3 76 95 15 56 64 56 17 67 25 79 16 70 78 66 51 9 35 69 87 28 97 79 36 94 56 3 53 22 85 96 79 52 92 40 51 41 17 28 27 58 45 11 5 34 11 4 18 6 2 70 30 19 58 81 71 2 21 54 59 14 18 48 47 57 1 16 83 13 41 60 95 18 94 46 38 35 80 63 55 41 49 56 79 27 86 
80 24 8 0 50 16 33 70 79 54 20 43 81 27 97 15 50 28 36 91 37 45 91 56 26 99 67 15 66 18 43 54 72 79 43 63 63 92 12 30 92 97 73 95 17 93 49 31 37 33 44 15 7 88 62 86 46 4 76 19 0 25 61 53 41 95 63 6 23 66 52 76 31 56 27 19 95 10 64 32 29 11 16 88 6 40 17 40 11 44 66 96 93 18 2 10 38 61 26 44 27 2 62 63 43 10 71 80 63 86 3 19 53 28 58 34 41 57 2 30 96 50 3 78 64 98 15 65 65 56 16 73 2 75 54 78 24 80 58 4 29 62 70 89 74 67 33 67 21 67 60 74 11 30 67 92 16 53 3 80 53 40 58 42 80 83 80 78 26 35 96 6 29 5 94 25 3 16 16 42 24 0 60 99 64 37 20 45 54 29 94 75 88 27 38 83 8 35 73 41 91 47 22 2 15 49 31 51 34 12 2 89 18 12 59 55 32 47 46 66 40 69 40 76 40 9 12 57 25 40 56 27 90 69 62 23 91 7 80 76 71 14 13 19 74 62 37 38 14 12 29 68 27 87 45 30 75 92 40 41 72 79 5 62 85 45 59 40 54 98 78 36 14 62 98 6 92 38 52 59 64 54 53 50 32 6 82 80 19 66 63 68 56 99 90 21 75 39 46 28 50 52 38 1 87 41 97 58 11 39 29 53 13 49 22 4 45 3 39 10 71 42 24 41 48 11 85 6 33 43 18 51 5 49 31 40 58 82 78 78 13 44 87 38 98 84 42 45 71 44 68 5 55 79 83 35 2 82 31 97 23 97 25 3 79 52 96 84 34 84 4 24 66 98 44 19 41 17 3 27 12 52 68 77 76 33 84 50 68 29 49 84 82 18 41 68 61 0 14 18 
9 3 93 46 56 5 41 98 89 2 55 95 11 18 59 73 65 38 74 11 23 56 54 29 56 29 85 62 75 6 16 49 30 55 79 25 65 49 89 8 93 28 92 12 95 4 61 12 34 45 84 47 89 0 97 74 94 34 39 33 98 54 11 73 96 97 35 50 28 27 20 71 91 93 74 84 46 70 11 57 1 23 30 33 27 55 54 44 90 50 83 74 11 33 77 68 90 2 88 73 63 96 89 92 87 81 0 73 7 62 16 50 60 58 83 81 20 73 85 78 74 4 47 35 67 17 36 41 23 11 80 28 17 31 31 3 65 48 70 28 2 32 40 56 25 10 15 47 79 45 73 2 59 33 12 18 71 30 6 22 68 31 29 77 19 17 13 40 8 30 70 67 66 20 75 28 26 52 18 32 12 27 95 1 30 73 59 93 12 45 55 99 51 26 23 76 41 90 85 34 60 78 27 24 60 56 55 48 96 54 90 21 24 34 80 60 12 14 43 62 76 41 8 61 31 89 25 19 70 34 57 79 65 4 80 14 63 92 97 83 25 62 85 60 73 77 86 84 11 87 66 75 13 53 82 16 96 0 0 46 62 34 1 44 41 7 18 43 43 96 56 90 29 57 5 83 69 76 54 87 50 46 80 44 65 27 27 6 76 89 23 29 55 63 22 28 0 54 58 66 83 2 14 78 40 31 16 19 14 18 68 57 91 74 38 67 17 77 29 11 88 29 5 3 54 14 66 65 76 97 52 50 7 75 8 60 11 42 32 78 90 55 20 34 78 91 8 73 74 3 6 34 34 35 48 92 90 96 20 22 31 65 44 91 30 32 64 26 7 45 79 83 47 21 49 8 72 26 83 47 82 43 89 18 46 15 79 65 32 30 9 73 72 41 34 45 66 17 36 39 
64 69 24 99 62 83 58 39 57 1 26 71 51 86 9 28 82 72 87 84 38 2 21 83 14 32 27 57 11 21 83 12 55 39 0 51 13 44 19 36 18 86 95 24 87 81 16 69 54 11 23 69 37 47 48 53 51 58 21 50 91 42 76 28 66 93 94 39 37 53 49 27 90 46 18 50 81 93 98 12 37 40 31 89 89 4 48 99 53 79 85 59 20 3 97 77 35 25 27 92 86 58 2 78 77 42 47 44 77 67 71 10 84 3 23 48 51 45 75 87 71 83 94 65 12 56 38 5 89 82 66 59 68 40 17 60 50 15 91 0 88 39 17 72 43 73 43 82 60 7 27 44 92 63 49 29 24 46 62 88 56 26 85 80 80 54 99 19 41 30 8 74 71 55 82 93 71 20 77 63 50 59 14 29 20 54 59 59 18 45 82 93 90 40 55 29 4 42 34 91 53 4 41 57 47 69 54 57 14 31 16 31 13 80 18 27 88 37 70 84 1 70 67 92 53 48 79 30 77 84 4 76 20 26 98 45 91 31 22 84 54 77 74 49 70 12 12 46 29 76 5 58 25 99 12 29 98 43 9 66 26 97 85 54 57 34 96 3 55 23 82 31 98 73 64 94 77 92 81 62 59 93 61 63 79 68 77 92 98 38 78 86 13 10 70 49 43 21 60 87 0 99 59 93 26 54 55 90 36 91 6 56 15 24 36 48 55 23 72 95 4 33 55 47 90 68 6 48 59 11 58 38 23 59 46 55 54 12 39 51 88 92 19 53 6 94 32 72 1 20 19 42 50 67 15 41 34 29 27 33 37 15 92 51 44 71 51 60 15 97 92 15 76 75 17 99 67 44 54 51 68 66 24 29 63 60 32 86 10 7 43 98 42 77 66 63 45 49 71 89 
90 49 31 63 93 24 59 75 26 88 7 94 27 26 0 95 43 95 39 0 6 96 30 61 49 7 70 35 7 39 11 28 25 63 18 23 60 80 20 24 54 53 0 19 0 90 87 95 73 24 81 73 84 35 30 73 24 77 32 75 71 17 23 12 79 89 52 26 25 7 53 53 92 28 29 80 0 81 99 57 90 73 67 30 37 26 80 48 87 92 33 6 6 32 89 74 12 91 77 44 45 46 78 76 51 67 40 90 50 27 95 12 89 27 25 5 46 84 44 72 8 37 88 95 95 77 71 20 79 30 68 3 30 11 4 40 35 18 10 11 55 89 5 86 48 68 53 94 65 92 61 39 75 57 19 89 0 40 21 89 8 83 76 70 74 98 2 31 56 30 45 20 44 34 63 19 75 8 42 38 55 4 89 6 50 50 63 90 9 64 94 12 62 29 37 28 54 88 89 39 89 85 20 42 77 96 84 95 37 27 28 38 78 55 85 19 86 15 89 96 32 36 40 6 67 43 16 44 15 49 16 32 82 48 89 48 1 38 78 62 84 22 75 85 26 17 26 87 22 90 1 18 70 27 79 27 24 97 81 84 35 65 39 82 57 95 51 6 70 34 40 30 45 42 85 28 6 96 95 17 58 74 92 45 29 83 87 3 42 77 31 66 16 86 49 46 57 9 79 57 57 77 0 48 59 31 32 38 48 31 86 28 89 98 9 56 28 91 86 97 16 47 71 23 3 50 15 80 46 37 93 73 52 68 47 40 25 23 69 17 76 82 80 64 22 5 77 41 50 92 30 17 33 35 71 40 55 70 96 20 65 29 14 53 65 32 99 6 17 60 4 25 19 49 1 0 25 58 77 52 24 92 51 4 77 22 95 30 56 51 39 41 18 65 48 69 22 44 74 67 
94 65 48 30 33 95 24 42 72 82 69 60 82 64 38 12 65 80 73 63 17 98 28 60 99 82 18 77 58 99 23 41 98 31 35 87 4 79 71 10 49 23 46 17 50 82 93 46 3 93 81 63 18 4 1 18 6 48 95 47 80 14 37 37 51 0 8 93 76 39 31 55 97 6 4 50 90 99 57 13 20 6 63 34 77 98 85 5 64 34 63 64 40 30 32 37 83 43 27 33 9 63 54 24 14 74 50 48 6 5 25 88 0 44 27 23 20 30 88 32 32 72 85 4 20 20 92 71 94 37 80 46 93 3 86 10 9 6 15 39 67 35 69 73 22 56 76 24 77 18 30 63 5 39 58 13 48 88 44 75 73 40 0 27 44 13 10 41 81 38 83 9 78 57 8 27 17 12 33 18 57 95 60 81 51 22 7 13 28 35 71 18 65 78 74 57 21 81 47 83 63 68 89 98 69 89 5 2 98 82 36 19 77 4 61 72 52 24 44 99 49 26 29 77 95 28 2 24 85 29 34 88 30 38 72 46 98 90 3 71 23 35 41 25 80 85 68 75 53 65 83 99 9 33 55 52 50 12 78 85 93 8 84 49 98 34 42 90 75 17 54 51 54 67 2 99 34 46 88 87 34 73 69 65 9 91 65 19 95 43 56 72 62 4 16 5 76 84 8 66 51 50 44 87 60 84 5 20 10 16 62 13 92 37 6 13 89 46 8 22 77 88 85 78 42 45 25 32 45 84 60 50 0 58 66 5 39 2 23 30 49 50 91 64 45 82 77 67 69 88 79 81 20 4 38 30 45 81 88 5 79 31 21 10 37 96 7 79 20 11 77 17 2 15 82 57 62 68 26 74 46 50 75 4 0 49 4 9 28 2 77 7 33 70 1 0 87 86 11 70 
67 63 45 47 87 26 24 7 73 66 85 19 39 43 93 17 89 57 98 65 95 10 35 26 73 75 94 14 76 85 85 4 56 7 17 83 27 86 47 69 49 23 62 5 5 21 71 8 12 48 81 14 54 63 45 50 97 29 45 36 88 14 75 21 64 27 70 71 75 22 13 5 84 80 21 88 51 42 14 65 20 72 27 30 31 36 55 34 26 6 88 42 97 69 72 18 15 99 42 85 81 61 19 90 68 32 80 7 76 1 35 6 9 18 11 21 47 40 63 95 77 67 14 84 89 92 0 97 68 0 0 60 20 12 21 4 4 11 33 49 73 17 32 67 27 90 37 47 76 51 96 59 63 44 3 59 61 74 99 5 62 13 26 47 39 48 63 72 16 87 3 63 11 64 35 77 92 21 18 38 65 85 93 4 75 66 85 2 43 40 86 11 23 69 52 82 17 5 17 91 7 98 25 7 22 35 12 42 34 67 91 9 14 89 89 6 32 96 20 82 85 41 23 86 23 9 38 16 2 28 65 98 13 17 53 31 78 37 40 94 59 77 84 55 59 26 88 50 66 52 28 58 79 53 18 10 69 84 63 9 80 33 20 90 38 64 78 53 78 63 76 66 4 28 44 62 60 10 71 25 0 33 75 1 73 71 93 60 89 39 62 91 47 84 91 35 60 29 60 39 16 1 36 91 18 28 76 31 71 55 14 80 43 73 92 12 53 73 52 16 62 94 72 91 89 32 11 64 81 62 30 58 28 86 99 46 56 41 98 34 30 40 28 18 25 73 23 68 97 96 84 85 13 54 98 61 20 52 37 53 99 74 80 83 67 57 16 89 29 44 39 18 14 87 69 84 90 95 10 52 46 42 50 29 14 52 76 21 50 52 37 65 63 93 32 91 29 64 27 36 
10 73 15 87 62 11 84 12 61 39 61 32 67 98 79 65 89 20 59 53 90 10 72 1 34 84 31 32 7 85 40 10 98 48 88 12 49 81 79 1 54 47 47 31 44 92 69 11 6 20 52 60 71 19 79 69 82 82 47 39 7 16 7 29 86 42 19 75 95 21 26 55 23 25 36 4 15 12 50 74 68 10 85 48 17 64 45 35 89 30 14 67 23 19 82 12 66 39 48 24 28 52 44 87 20 43 83 10 4 70 25 73 56 39 66 37 96 20 91 93 77 57 3 53 63 91 13 47 8 37 43 28 52 21 28 79 95 71 54 3 32 53 87 9 78 35 97 30 16 12 89 94 50 12 46 76 6 84 52 92 32 16 83 51 88 75 18 25 60 77 74 65 73 19 50 95 80 97 98 69 92 86 73 32 11 29 61 42 30 93 56 85 4 74 71 53 47 47 76 7 34 14 8 39 32 20 23 50 25 32 94 57 9 27 27 42 11 46 83 95 88 5 96 37 82 0 15 1 70 98 91 31 94 83 98 2 30 46 28 53 52 27 73 33 71 58 66 44 6 46 40 38 14 60 82 51 19 16 52 36 37 7 67 44 80 32 53 39 75 33 68 3 64 81 51 43 91 44 78 99 67 21 49 94 51 3 91 75 57 63 52 0 38 63 84 65 30 59 19 87 33 25 82 20 51 56 68 54 37 48 69 20 13 12 0 28 76 48 47 71 92 65 0 27 55 51 19 51 16 43 36 18 18 18 83 16 18 90 51 33 25 68 45 30 82 60 57 79 17 1 35 41 78 50 20 52 82 96 21 44 65 78 85 11 21 31 1 85 41 21 91 65 35 72 47 53 13 30 37 46 23 65 4 27 50 45 94 79 2 43 48 98 92 33 46 59 70 44 27 9 
30 39 41 13 81 85 62 19 5 98 96 60 62 26 2 46 20 23 1 76 5 78 11 73 10 27 11 79 46 28 7 38 72 50 18 84 11 58 71 57 55 33 68 95 19 59 10 18 39 80 44 82 44 98 33 23 67 31 84 70 54 92 21 3 91 19 75 54 72 90 58 32 34 4 5 48 53 27 59 14 11 99 4 87 19 38 44 8 58 86 72 52 24 51 17 28 81 95 75 21 86 81 16 30 76 22 88 24 45 28 8 6 86 6 69 44 4 50 97 17 91 25 1 61 55 30 9 5 72 75 8 68 2 15 74 84 53 66 14 36 9 63 47 81 80 69 49 79 34 92 12 19 36 68 64 36 91 12 80 26 40 36 90 12 58 26 82 60 54 50 35 35 88 43 72 66 95 71 48 1 55 27 52 34 41 83 5 40 45 4 72 99 20 41 62 26 73 30 67 14 6 31 62 69 12 3 84 85 60 90 60 16 32 85 81 71 49 23 94 92 39 77 98 61 10 19 75 36 52 6 8 70 39 9 70 48 58 44 42 33 84 11 63 82 22 98 68 82 56 0 69 76 41 9 62 48 42 69 80 25 84 82 25 74 33 38 86 82 18 85 36 78 14 24 4 45 91 31 9 44 29 8 5 46 6 36 72 57 13 53 5 36 55 65 4 76 81 15 18 33 7 98 70 23 25 44 27 33 40 36 42 93 77 63 90 51 90 12 70 27 16 67 92 74 15 4 31 47 52 18 75 45 31 62 6 57 81 0 48 1 9 15 54 35 6 21 29 23 94 90 0 4 75 10 67 61 98 22 70 3 77 1 26 23 88 91 47 83 62 50 65 65 58 38 88 55 44 32 41 54 45 1 69 42 67 40 68 63 78 88 18 5 66 10 72 38 15 65 15 79 
32 13 25 44 85 78 1 90 16 6 71 78 79 61 74 53 78 21 56 37 38 31 6 84 12 77 38 81 62 95 55 94 64 43 19 42 61 74 46 2 12 15 59 24 0 37 16 58 66 44 74 66 97 51 32 61 7 92 29 96 6 9 80 50 1 22 8 2 76 98 74 39 51 39 93 51 29 69 88 96 18 27 62 72 47 15 17 28 32 94 51 7 57 64 99 93 36 9 24 69 67 64 44 22 10 17 66 96 89 82 7 43 12 68 76 59 55 76 4 82 78 26 52 27 95 66 63 33 54 18 73 60 46 33 33 98 4 74 34 86 33 71 70 64 69 30 82 25 76 32 81 90 87 81 93 29 46 6 42 58 8 98 51 5 31 4 97 18 94 48 27 81 92 39 42 95 0 99 41 87 70 31 10 29 31 91 53 77 52 32 14 27 81 33 70 69 3 50 86 5 25 90 26 99 99 7 7 76 40 68 59 33 86 47 48 13 90 98 27 6 45 5 53 95 13 55 42 72 85 15 85 15 29 62 79 35 43 30 53 1 78 57 89 38 27 96 70 83 42 11 16 37 28 60 53 3 67 17 58 4 55 69 37 47 57 20 62 35 47 78 64 47 3 5 58 88 3 88 69 96 77 8 26 42 29 7 26 53 96 57 85 87 31 81 91 51 44 63 6 19 90 22 93 61 28 52 60 54 68 59 58 22 51 45 20 84 78 77 38 4 21 53 10 9 2 64 70 80 84 99 57 26 67 99 12 26 49 26 69 6 37 13 83 49 78 38 99 72 85 44 22 93 25 22 24 87 64 2 97 30 73 97 31 37 66 41 38 1 53 77 31 35 20 66 55 25 16 58 55 81 40 16 75 98 13 85 68 88 50 66 44 8 30 54 89 77 87 42 60 98 
75 11 20 1 66 26 54 5 50 61 24 69 47 73 15 1 99 55 38 42 32 75 20 57 29 44 78 18 28 80 13 41 90 33 23 36 50 68 3 14 94 47 22 55 27 87 19 53 97 79 59 55 43 26 3 83 57 55 24 95 86 30 93 57 95 51 86 82 64 45 94 11 71 87 20 99 16 89 54 61 17 47 24 37 82 84 95 28 65 75 78 92 40 38 42 45 56 31 62 74 96 58 73 29 48 67 0 49 28 80 60 69 20 49 59 24 26 99 85 37 44 20 6 0 35 33 29 54 44 55 40 4 94 83 7 23 60 79 58 54 92 85 59 1 12 80 1 1 36 20 81 54 32 70 74 97 26 87 73 36 5 87 8 93 56 13 54 29 77 57 71 70 90 72 65 1 55 33 75 9 73 13 19 25 13 67 30 87 81 23 93 56 51 13 5 10 40 33 65 14 94 78 82 21 29 62 38 4 87 5 66 65 84 62 60 96 35 42 27 44 13 40 65 7 61 3 68 8 71 64 33 40 71 38 4 77 3 57 97 87 60 3 20 5 14 34 56 66 56 42 71 14 21 37 74 40 45 24 84 25 66 6 18 27 90 65 37 34 43 77 54 76 77 26 44 52 85 54 34 29 15 95 62 98 31 35 92 79 86 58 80 24 80 25 22 42 64 94 54 73 30 4 57 84 45 9 32 88 83 74 32 1 4 70 67 91 28 41 45 62 0 98 96 66 44 58 29 23 3 93 4 66 33 27 14 70 60 93 94 74 80 36 76 78 76 50 33 49 15 43 95 4 77 35 30 85 86 53 91 49 52 61 18 16 82 81 93 80 62 55 87 32 81 75 3 32 38 79 87 90 82 5 81 59 26 20 80 86 59 94 61 55 7 48 36 71 86 31 35 72 
91 47 24 44 89 89 80 11 6 71 59 44 80 6 71 76 38 0 65 28 41 63 77 67 60 90 46 32 24 59 22 72 27 91 61 72 48 0 56 47 64 96 81 57 4 11 90 87 6 0 29 42 56 73 39 41 41 11 41 52 77 87 45 42 63 42 7 34 92 17 76 11 1 56 82 97 42 80 99 90 76 79 87 47 24 61 11 61 4 99 56 56 26 26 51 13 58 22 8 28 72 23 31 33 94 98 16 35 50 75 84 51 19 8 23 68 58 99 60 91 25 7 89 22 85 75 62 47 91 48 75 24 26 25 88 78 60 18 35 29 36 35 43 67 82 46 54 89 24 67 46 77 57 44 35 97 35 40 3 43 54 68 25 80 55 5 81 27 71 67 11 41 82 93 39 73 43 23 49 90 17 73 46 20 24 47 28 4 25 23 26 39 27 2 29 63 61 1 11 8 44 63 12 26 54 44 14 32 69 36 39 36 97 18 54 17 21 8 13 13 83 52 5 57 72 55 99 16 79 80 58 21 23 85 13 69 22 44 52 75 25 20 30 95 67 22 13 59 2 62 71 55 11 17 63 4 35 28 16 24 67 14 68 4 12 49 54 92 63 17 44 63 5 60 81 88 23 2 51 13 76 91 2 39 64 48 13 79 72 2 77 39 21 24 92 42 15 15 53 98 41 72 19 47 74 35 76 63 57 6 64 5 2 95 56 61 67 50 33 44 91 64 6 55 24 65 84 29 70 27 91 19 5 64 88 62 49 25 83 28 44 44 50 21 72 84 56 9 7 26 34 17 51 60 41 68 38 8 74 14 79 10 56 41 36 32 92 96 56 11 20 15 12 99 24 33 18 27 43 86 56 95 15 90 67 76 17 11 0 58 18 75 39 86 1 48 44 70 41 84 
19 34 81 44 38 6 24 14 66 68 44 14 99 73 53 50 43 12 34 34 9 55 85 23 54 84 43 96 84 37 75 66 25 52 16 52 76 96 80 46 52 23 51 46 18 9 23 10 18 17 56 24 90 17 90 47 45 23 1 47 2 48 57 19 85 39 85 2 44 5 88 37 59 24 50 13 42 93 36 12 24 8 25 33 30 68 97 14 77 12 9 71 87 91 91 86 35 40 26 55 62 83 78 83 22 13 91 73 72 91 89 5 92 83 26 18 29 24 69 47 19 2 10 84 8 89 12 54 51 36 81 86 20 53 93 2 76 38 45 39 61 16 12 16 79 95 1 82 88 50 59 73 8 33 26 55 66 57 95 42 73 82 85 22 61 91 76 82 56 24 15 77 74 93 63 98 86 15 88 53 54 0 8 92 81 10 34 41 51 37 2 63 45 26 95 46 62 41 50 7 69 33 63 36 68 83 36 76 50 33 39 18 21 57 85 83 11 24 83 15 26 96 30 29 17 37 70 98 62 10 74 77 60 40 14 58 76 98 91 8 13 16 45 92 30 22 95 23 92 26 20 32 49 92 17 5 88 5 16 38 46 47 36 73 95 68 54 31 33 40 75 64 93 49 22 46 9 47 64 10 9 30 65 4 49 93 53 25 85 47 70 30 90 98 49 26 63 69 82 83 83 23 94 6 35 40 71 0 83 40 94 60 51 23 80 56 89 51 22 68 61 33 50 40 60 98 51 36 22 85 22 47 9 11 78 12 88 9 7 87 49 11 90 13 7 3 46 47 84 66 34 40 35 78 10 23 66 37 77 12 73 84 26 96 30 21 72 70 29 96 57 46 7 92 89 5 25 48 94 62 98 61 31 54 71 17 2 93 79 59 18 73 12 64 68 35 8 76 87 58 
78 27 72 65 38 4 62 94 34 77 21 55 22 5 28 3 1 31 70 39 39 56 82 46 76 47 30 37 18 88 18 41 55 64 83 16 43 65 43 59 90 38 27 52 21 48 19 6 61 74 63 58 35 64 56 39 36 87 80 15 80 67 96 97 86 95 83 70 93 70 44 10 81 91 15 22 75 17 17 89 93 94 44 49 38 26 19 57 8 74 40 39 9 74 12 1 56 59 44 4 83 10 17 35 91 20 67 74 74 50 83 95 60 8 19 47 14 32 94 27 12 14 4 25 30 68 61 69 62 92 43 30 1 12 13 32 29 73 57 14 30 82 6 97 88 86 51 21 2 29 79 81 22 98 98 20 85 13 61 39 13 76 19 27 66 29 32 33 11 3 39 39 19 50 62 27 25 61 5 31 34 20 4 82 64 33 95 44 19 61 27 60 55 40 26 91 10 57 13 90 24 14 19 88 19 20 1 44 40 54 79 35 28 33 55 66 68 87 61 28 4 81 95 0 28 67 26 93 79 27 80 94 32 66 41 25 60 45 70 45 41 64 17 65 79 19 98 95 20 22 30 58 61 45 13 53 49 61 99 43 25 2 54 9 55 36 55 4 77 64 20 84 59 23 85 96 32 18 57 85 59 79 29 47 50 75 72 5 91 47 58 39 51 48 92 14 86 62 15 29 24 69 90 8 25 11 8 98 29 14 58 32 18 54 24 99 29 22 73 74 76 68 61 34 82 0 62 34 63 69 93 26 10 44 41 58 63 29 76 17 37 89 86 45 55 42 89 97 58 91 6 36 80 45 43 8 48 13 70 79 33 97 55 75 31 11 6 66 87 21 73 17 38 41 58 96 84 42 63 54 23 68 79 27 71 86 5 58 24 83 73 64 56 65 53 98 45 18 63 94 
65 72 73 94 10 69 99 95 46 37 50 27 66 62 51 7 98 44 21 75 66 29 24 14 53 92 84 22 66 0 52 0 35 81 5 23 6 5 0 18 46 25 30 95 94 55 64 35 48 25 9 53 90 87 47 39 31 56 20 3 53 53 48 72 33 77 58 31 19 31 23 70 9 42 85 65 1 96 48 52 33 65 72 25 14 3 17 9 96 26 99 7 36 61 54 73 39 25 75 71 38 10 54 53 95 49 62 51 95 29 91 90 42 42 5 50 35 11 82 25 6 65 89 73 36 89 33 84 84 98 89 46 54 21 8 6 58 95 30 44 65 9 17 70 14 26 27 7 24 47 25 66 62 43 64 10 92 47 90 85 36 14 85 73 41 94 78 26 70 13 2 11 26 57 13 44 36 41 1 9 17 75 32 75 8 8 46 27 62 63 21 21 72 40 36 45 17 95 26 71 23 35 9 35 17 62 10 85 48 34 92 92 68 64 42 65 93 94 17 27 34 81 96 48 62 97 71 38 94 70 41 22 46 9 3 74 28 74 83 94 10 15 45 48 28 44 68 79 98 40 55 19 89 0 87 94 52 98 60 51 82 62 8 29 58 27 4 92 82 23 45 5 77 64 60 45 17 94 86 98 82 99 61 14 51 91 6 88 90 21 92 85 61 25 36 24 3 8 2 83 17 68 84 56 4 47 82 61 88 3 33 11 88 77 12 45 64 57 85 74 71 14 38 91 74 78 1 20 60 81 26 37 33 76 5 97 5 34 32 54 17 90 75 82 39 74 98 75 90 9 65 22 3 60 26 48 46 30 48 36 22 5 90 49 7 52 30 11 29 95 26 10 73 81 30 0 38 14 45 85 95 4 53 46 96 5 79 41 50 62 22 26 44 5 56 57 99 18 23 47 
37 42 30 27 68 95 16 40 1 34 75 20 53 43 89 51 15 53 56 29 4 98 9 67 36 99 42 3 95 59 9 41 73 57 81 58 9 38 77 57 97 49 96 16 63 35 74 63 85 0 39 50 93 52 5 74 85 70 13 52 60 55 90 9 64 47 82 85 28 51 4 85 2 21 25 38 41 3 24 90 74 53 56 21 57 32 61 14 90 74 72 28 35 40 8 24 9 26 80 30 20 47 53 62 3 88 89 10 39 5 38 52 31 36 54 28 89 29 97 0 25 34 31 50 68 21 5 91 32 23 89 10 41 91 74 70 37 81 0 71 67 56 42 31 51 59 69 29 97 66 32 28 4 97 28 40 70 84 12 63 63 13 83 89 60 32 88 35 63 1 10 43 73 73 5 89 37 34 68 63 63 80 51 28 21 7 59 32 61 27 72 69 38 23 21 95 60 91 77 59 97 60 77 9 42 8 16 72 89 55 34 18 41 34 49 1 76 72 0 80 90 54 63 21 19 35 76 79 15 78 11 5 43 18 35 14 92 86 54 36 19 61 40 25 71 29 2 2 66 96 69 10 24 82 39 18 36 5 11 5 2 23 77 91 69 35 90 49 23 60 93 61 60 67 99 55 47 13 93 65 15 93 56 51 46 99 96 98 4 53 97 33 27 40 69 89 45 29 48 89 46 12 10 36 9 86 57 41 59 60 53 90 51 14 40 16 16 46 34 81 41 19 7 58 86 53 76 86 43 0 32 28 27 78 34 64 73 78 19 8 85 68 53 92 46 0 55 20 47 73 75 0 37 24 97 24 60 17 22 28 4 8 99 64 85 59 60 66 92 55 24 20 97 98 34 38 53 37 53 54 32 40 24 18 83 7 22 21 30 42 61 79 38 55 30 49 40 1 58 75 
26 40 94 5 72 13 10 21 22 1 50 95 84 77 11 58 55 61 45 96 47 41 25 96 75 1 56 10 92 51 10 55 67 98 6 66 13 77 76 15 0 83 10 81 28 90 80 31 51 35 53 92 65 76 92 46 78 69 3 70 52 30 39 51 42 8 31 30 4 56 83 48 98 86 90 79 33 85 21 21 28 50 49 15 54 95 18 9 70 47 36 65 45 95 49 76 0 89 31 14 73 85 33 20 49 77 40 42 23 21 64 88 42 94 9 74 3 16 67 4 36 81 32 44 84 71 77 99 83 99 47 29 75 27 61 13 57 66 91 23 58 89 48 5 34 3 91 44 65 75 30 70 28 89 1 77 38 64 93 68 8 97 99 36 40 6 29 78 96 99 41 7 62 63 6 6 25 88 40 37 29 82 70 84 83 70 2 2 62 57 39 60 18 53 57 62 15 58 0 21 40 98 96 2 85 24 63 16 35 82 84 53 0 81 15 21 64 80 10 88 74 20 67 26 42 17 70 43 89 64 40 48 54 80 11 33 89 40 75 9 12 9 83 51 29 3 55 64 73 37 37 45 56 32 3 41 48 4 31 31 70 0 38 16 76 25 85 17 15 43 18 25 19 20 95 73 33 36 41 86 67 95 16 80 24 1 89 51 61 88 44 59 82 32 25 38 84 59 93 82 24 67 94 64 39 6 26 46 55 36 37 77 97 84 83 72 3 71 62 31 25 40 80 73 5 52 21 69 74 31 58 31 49 85 81 94 55 27 31 78 69 65 32 30 70 21 29 24 58 65 62 16 53 28 92 47 59 50 51 21 44 42 66 58 2 88 49 31 24 60 17 14 21 30 36 8 48 41 81 55 28 55 57 4 55 47 95 73 91 20 55 92 89 88 15 3 87 10 31 83 
59 78 96 79 87 48 74 59 11 76 37 86 18 45 88 90 3 93 1 77 78 98 95 62 5 9 82 96 11 96 0 13 60 88 79 22 41 28 11 68 9 3 60 26 18 83 12 0 40 83 45 98 70 76 73 79 53 29 24 15 49 79 83 50 19 89 15 93 93 62 22 41 78 77 9 78 20 3 0 96 30 68 37 19 62 68 83 91 19 34 21 98 11 27 24 25 20 10 99 68 82 16 70 12 6 93 98 58 90 64 14 73 77 19 94 40 49 63 53 63 69 10 51 66 92 60 79 15 79 68 8 33 67 81 63 59 81 26 81 5 37 73 72 7 64 12 53 14 6 60 63 12 74 62 47 48 13 5 67 65 27 21 30 97 32 87 93 92 76 97 59 30 26 5 7 39 99 12 4 73 81 65 32 67 94 67 22 90 45 37 40 28 23 45 45 75 69 72 99 46 61 70 87 31 91 59 91 25 58 7 47 2 36 71 56 48 43 86 93 56 84 58 61 55 32 70 8 78 67 54 58 37 1 56 95 4 77 68 4 22 26 60 96 61 41 38 32 49 73 85 71 21 9 96 47 33 17 30 53 39 49 24 6 20 10 49 15 82 86 69 74 23 30 57 99 54 74 38 38 14 65 38 80 63 52 31 57 35 28 73 13 94 41 55 58 2 31 46 83 2 34 19 24 18 34 91 63 6 4 72 76 85 56 24 22 89 84 51 53 91 75 8 15 59 63 67 46 13 70 17 48 43 58 16 76 58 22 45 97 53 38 48 69 86 41 60 87 53 70 6 92 26 99 68 66 90 68 4 0 39 46 79 61 93 44 62 70 17 38 95 93 87 19 3 55 85 69 5 44 88 21 98 56 91 74 49 6 82 49 82 12 28 29 23 34 0 43 90 7 42 
24 6 58 52 69 58 35 70 72 20 35 46 31 96 22 51 97 72 37 48 13 41 51 87 50 46 23 25 52 57 51 60 58 57 41 99 63 92 50 80 1 74 19 65 84 42 49 1 77 34 57 38 66 98 54 26 63 66 45 58 26 95 87 75 85 37 96 9 39 43 74 13 18 3 31 75 88 43 59 79 54 54 75 85 54 2 48 94 93 22 74 16 98 35 11 8 84 61 15 40 68 2 3 8 93 1 9 90 78 27 45 65 34 71 89 61 98 3 54 79 91 74 78 36 30 64 36 6 64 2 31 22 64 53 80 80 34 62 19 46 83 0 26 47 12 27 34 66 4 29 76 21 66 97 51 66 29 54 89 41 5 44 38 2 7 5 66 11 19 4 23 5 17 11 53 95 97 15 37 48 89 68 80 53 34 38 26 88 37 46 99 74 71 60 14 43 12 18 1 28 63 57 82 65 52 29 93 99 80 76 12 78 15 22 54 38 42 31 94 59 82 93 65 75 48 71 31 43 76 29 72 81 48 14 65 26 81 49 61 31 43 72 9 31 99 51 23 99 53 59 50 26 1 73 0 7 56 22 21 31 36 59 70 83 53 37 8 13 92 26 54 17 52 40 63 20 21 68 19 85 32 76 55 92 5 52 80 62 3 15 6 1 33 78 62 69 49 85 48 83 67 7 18 57 22 19 51 9 70 30 7 79 78 80 29 75 47 31 8 71 12 78 77 43 53 89 55 6 47 96 81 8 60 7 69 67 73 34 66 58 68 20 60 47 90 1 68 23 80 4 79 68 0 41 21 17 9 69 15 84 48 14 91 19 92 77 97 54 94 14 28 38 46 20 27 65 56 68 91 51 98 74 68 65 61 72 58 50 51 51 17 49 74 44 7 37 16 82 80 62 
54 35 7 89 85 66 2 69 2 76 81 3 10 70 56 16 69 69 92 74 23 0 33 45 8 1 48 70 21 17 92 7 86 11 25 9 98 14 78 13 35 32 70 32 53 2 76 14 93 38 22 91 19 89 88 36 80 65 36 86 99 11 97 0 62 19 68 44 30 70 2 91 56 99 93 77 19 13 72 93 55 56 53 68 19 17 73 63 24 28 93 74 10 16 25 69 95 13 15 78 86 46 73 6 63 86 24 15 51 54 57 81 41 31 59 56 70 4 23 54 77 16 82 5 60 94 42 97 0 16 17 92 75 85 81 43 1 92 30 79 49 61 84 50 39 10 43 88 27 71 71 66 55 50 79 94 70 18 25 15 24 44 84 45 34 26 57 21 27 76 15 72 59 31 91 47 31 39 47 7 82 13 51 82 87 68 42 74 59 52 0 13 17 26 36 51 41 78 20 0 6 47 94 88 47 87 34 56 52 19 57 45 15 44 82 33 45 1 16 18 56 76 63 73 1 29 46 95 39 73 33 1 51 35 79 2 99 77 71 22 41 68 5 21 98 63 90 71 38 92 18 52 30 73 16 78 51 94 65 89 11 60 35 17 15 96 47 90 87 6 99 15 22 49 67 61 42 9 7 87 64 56 95 0 18 54 13 57 99 47 46 37 43 92 51 60 51 79 78 27 20 69 14 67 20 16 1 97 99 72 86 88 83 32 83 18 20 61 44 4 15 32 54 27 3 91 78 10 47 62 2 98 28 69 53 34 50 74 85 18 88 79 92 56 94 43 20 49 45 26 89 4 37 12 97 24 71 49 8 41 2 79 66 44 41 55 39 59 42 68 39 55 75 89 99 66 3 76 38 33 76 73 86 17 73 20 99 69 27 56 61 42 5 68 86 71 10 56 28 10 
85 93 27 24 52 8 73 24 63 80 97 1 30 17 93 26 9 83 58 59 46 99 89 13 49 34 50 57 35 20 16 48 8 21 38 70 45 79 27 27 64 67 93 48 95 47 0 85 27 60 62 14 86 76 21 99 78 17 89 34 27 2 5 91 99 84 45 98 3 61 87 62 29 2 85 40 46 43 74 0 34 97 17 30 27 51 18 49 90 47 96 10 48 70 19 87 2 97 38 94 86 18 51 34 80 13 16 13 94 84 18 78 13 38 69 41 38 58 51 29 67 35 64 30 75 14 40 27 83 88 10 17 15 7 76 20 70 37 3 22 86 47 97 33 40 11 77 4 31 93 72 18 6 76 10 73 8 78 52 74 36 24 68 97 44 86 99 52 57 28 13 90 92 96 20 28 8 40 32 75 46 81 65 61 57 45 92 9 80 42 36 89 57 75 0 84 64 87 89 27 45 7 22 85 39 74 79 76 30 71 90 69 81 71 39 56 57 38 96 44 47 59 36 53 99 0 44 45 17 46 22 30 80 66 21 45 14 76 91 95 35 99 84 22 77 80 95 23 65 50 43 70 88 15 70 36 93 29 70 6 1 46 61 57 42 33 82 55 17 60 37 22 45 91 74 55 52 50 95 32 16 27 74 52 53 34 44 82 50 19 67 98 74 11 55 77 61 88 52 3 75 93 92 67 71 71 66 94 98 24 41 62 89 58 1 30 92 3 24 26 36 3 97 11 73 50 22 89 35 70 98 44 33 51 86 86 59 42 24 62 61 55 80 79 81 99 39 63 49 61 99 51 65 91 25 49 12 50 78 9 62 2 98 6 87 24 78 71 66 33 99 22 71 15 92 34 72 98 98 59 24 78 39 18 47 23 93 21 78 84 69 74 48 37 6 1 54 51 74 6 
98 50 46 87 74 81 89 30 58 42 56 42 96 12 17 21 35 69 48 27 29 58 73 82 28 95 41 4 38 3 41 63 60 10 2 0 14 41 82 55 57 56 3 40 28 36 52 57 20 10 61 43 47 73 65 79 95 1 14 69 63 84 2 51 29 0 5 63 79 43 18 31 16 69 42 81 11 90 26 63 94 97 2 52 36 50 22 49 25 72 88 13 27 79 32 0 87 55 9 84 22 21 98 91 8 35 89 21 48 57 21 17 32 71 44 73 35 21 47 1 77 3 30 41 47 4 19 52 68 30 99 75 66 71 68 7 29 34 12 18 61 28 96 59 18 86 35 67 52 42 59 64 63 32 98 87 11 92 43 35 47 94 4 65 63 52 3 7 19 35 29 1 36 27 43 90 56 99 85 57 30 28 57 77 89 3 2 68 49 45 91 49 61 81 36 54 19 24 53 82 39 82 78 19 68 78 14 18 69 25 33 91 19 14 3 99 27 58 12 23 94 80 50 33 15 61 34 4 21 20 56 1 55 18 83 94 32 54 89 21 81 7 77 41 38 39 17 14 86 66 60 69 56 52 78 71 46 66 33 62 99 81 35 34 32 54 24 79 93 11 61 6 72 87 32 98 83 36 91 69 95 48 33 54 37 5 27 2 65 98 39 83 36 32 49 94 87 19 93 45 45 52 69 24 62 83 75 60 88 2 88 68 63 60 58 85 16 91 75 7 56 59 22 67 6 98 22 12 92 66 55 1 11 20 28 65 7 37 9 84 46 27 81 49 51 48 18 23 34 6 84 3 18 42 52 3 6 74 42 7 85 82 97 34 46 10 49 39 50 41 86 43 88 0 78 75 9 97 31 7 87 58 22 91 96 51 59 73 48 12 90 45 25 12 87 87 44 40 52 54 
29 66 32 7 90 83 60 54 58 57 98 28 8 97 22 94 87 50 48 75 59 14 93 19 13 46 35 59 10 17 94 37 82 45 38 23 97 69 25 73 75 32 79 88 31 71 42 2 43 4 79 77 0 35 5 61 56 83 74 44 87 97 13 59 48 39 58 97 80 24 37 61 99 52 28 85 36 61 83 26 42 83 18 18 38 79 43 40 50 95 50 61 15 25 91 89 36 58 17 20 73 62 25 33 55 77 39 41 16 19 2 2 82 55 0 19 87 49 89 49 28 14 5 99 82 11 53 12 76 61 61 45 4 48 94 85 90 47 53 47 95 28 14 67 20 6 36 50 99 46 67 7 17 40 89 92 40 16 8 93 1 91 92 86 98 5 2 93 62 85 72 63 73 29 46 61 61 97 52 40 66 10 71 65 28 31 91 12 22 75 69 32 61 73 68 52 71 67 4 57 76 70 29 35 19 28 19 90 34 77 56 25 13 13 28 5 99 76 66 56 35 91 31 52 79 76 90 83 1 57 90 89 71 12 99 5 24 85 89 3 76 82 72 64 94 82 86 75 33 8 29 2 59 40 54 24 18 69 98 2 26 19 66 84 89 51 26 94 38 12 52 71 78 4 23 32 43 45 78 17 40 1 22 4 50 85 62 4 52 93 5 46 60 45 87 7 34 79 37 82 35 73 90 94 98 13 12 21 0 78 78 65 77 42 0 42 49 64 80 4 99 84 39 34 19 85 53 34 74 57 25 41 39 58 75 53 68 48 82 87 57 49 84 82 61 13 53 94 87 85 27 30 18 72 74 80 95 19 63 39 4 96 41 99 34 15 84 97 69 2 68 7 87 47 61 54 58 31 17 52 60 70 7 14 95 41 46 3 13 13 75 43 99 78 69 15 96 78 85 88 
80 7 26 18 41 97 97 22 68 70 50 71 50 10 78 56 69 71 33 1 21 24 81 47 40 9 77 60 86 69 24 49 78 48 23 74 71 38 76 79 54 69 51 92 65 37 5 69 50 77 38 5 93 32 6 84 9 82 43 90 15 70 56 73 17 23 99 47 79 90 63 90 23 63 75 58 14 28 48 66 76 17 94 98 48 32 47 39 61 54 11 71 78 24 25 63 94 35 11 82 66 26 45 36 6 91 15 79 53 47 72 50 17 6 41 65 19 92 9 30 40 48 34 96 70 17 9 99 53 93 59 32 57 83 9 81 11 3 20 47 40 84 88 8 26 24 72 12 85 74 98 79 25 67 88 47 77 2 22 49 22 28 82 60 88 34 7 55 95 63 82 1 65 16 14 39 46 93 10 52 80 1 9 89 96 58 2 33 40 37 51 19 80 45 50 46 59 73 55 51 0 40 50 20 69 67 97 26 10 58 96 68 27 87 39 10 31 15 35 93 22 75 22 53 2 67 20 13 29 46 92 11 65 67 67 18 88 64 57 2 1 57 48 61 94 34 30 5 54 77 92 7 14 90 46 69 44 68 12 10 58 80 54 44 91 55 51 44 14 56 54 7 93 4 6 68 85 20 22 0 67 31 91 42 38 11 63 86 56 83 38 0 19 68 39 52 61 81 34 30 78 23 84 93 91 79 11 12 1 52 93 5 17 99 8 41 83 31 58 19 30 47 18 45 94 26 23 63 61 58 5 55 1 69 79 93 21 21 52 5 47 34 91 64 79 98 75 50 90 67 64 25 60 35 29 12 11 29 95 25 76 87 89 96 53 4 17 11 14 68 85 30 87 58 21 51 74 14 7 70 11 58 39 63 92 47 69 91 92 72 29 26 3 40 66 70 6 64 20 39 
66 58 84 47 99 36 60 58 17 85 71 44 6 63 97 37 5 3 78 37 81 35 29 70 17 50 32 13 77 80 12 75 49 8 64 96 43 77 41 81 37 71 7 20 57 84 95 13 84 33 3 64 11 19 33 92 81 21 98 27 96 81 59 27 34 77 31 85 72 95 88 38 13 30 53 75 52 24 32 62 88 34 81 94 68 23 55 18 78 56 82 91 96 94 50 23 35 49 98 69 95 48 99 49 52 92 57 15 53 87 85 38 32 25 67 45 64 40 23 47 26 45 53 88 47 5 44 16 98 97 31 23 35 60 25 12 9 71 24 43 2 61 26 19 17 91 81 75 62 85 97 12 0 70 28 43 70 96 15 11 30 49 31 80 60 22 70 35 79 54 51 16 56 16 32 58 88 15 96 79 83 62 23 43 76 92 15 1 41 95 83 77 64 33 87 12 34 94 84 94 11 91 28 96 39 67 81 49 47 87 70 3 16 5 86 7 95 71 47 73 81 93 82 31 6 32 98 88 70 71 78 34 37 44 37 53 13 99 14 63 78 8 70 77 8 40 80 49 76 37 55 8 7 77 56 87 97 63 82 11 32 17 84 36 90 33 71 13 74 70 71 51 69 14 71 49 84 10 26 82 65 96 39 15 12 60 33 79 80 27 85 2 74 97 42 64 90 39 90 93 38 65 54 87 55 83 56 22 99 4 66 20 23 19 92 97 7 6 36 6 18 86 35 81 95 23 42 81 60 83 52 23 57 96 60 54 24 1 93 64 50 83 22 74 16 7 74 92 94 85 38 75 53 76 26 2 19 18 84 22 32 77 78 61 60 8 6 90 43 92 32 43 50 37 64 21 94 76 20 99 84 67 66 80 96 92 94 74 31 3 32 56 49 77 31 14 74 11 5 2 
8 61 36 94 14 67 19 84 12 24 38 93 58 72 69 77 6 50 92 8 29 14 20 22 11 17 40 56 68 23 36 2 67 62 10 31 65 54 98 73 94 89 99 4 88 85 35 69 20 46 55 37 45 31 0 6 40 98 33 75 59 79 66 80 98 87 12 6 15 70 17 0 37 28 77 39 0 76 83 27 19 7 31 71 3 80 95 71 36 22 17 78 58 29 35 67 65 68 65 19 76 64 45 89 92 69 78 68 66 21 64 13 41 43 5 22 55 55 50 23 95 63 31 21 81 69 89 4 54 77 87 79 4 84 71 59 88 7 22 15 33 13 10 77 8 96 31 36 50 6 83 39 64 15 63 12 20 19 51 98 10 87 27 40 63 13 56 54 54 53 29 0 27 49 51 80 59 41 10 68 25 52 6 39 80 97 6 68 83 77 44 34 43 48 96 95 3 79 96 6 89 55 96 53 9 55 71 10 26 54 44 94 40 18 5 92 40 41 85 16 92 12 20 80 19 48 43 69 27 58 1 43 87 29 62 83 95 45 54 20 78 14 34 86 52 84 93 77 57 37 89 45 45 88 90 7 27 62 45 63 0 75 57 0 83 61 17 13 54 99 36 96 67 49 62 17 48 61 45 85 45 31 4 84 36 90 26 37 63 94 87 55 50 85 54 51 78 18 66 94 0 60 70 16 29 82 40 93 13 9 5 18 64 10 69 20 3 29 1 9 89 37 60 57 19 81 1 91 50 1 90 76 48 50 10 30 13 8 97 94 96 94 78 67 77 18 48 46 89 25 11 53 5 13 23 63 39 65 67 70 23 59 35 25 14 4 38 56 34 44 24 31 14 3 19 55 70 55 30 1 76 33 67 61 60 6 4 29 58 68 20 71 41 44 86 64 14 33 63 65 
96 14 35 45 51 53 95 56 45 11 62 49 82 33 46 83 97 98 0 9 64 11 28 62 15 85 53 78 77 89 77 44 84 77 44 45 34 47 5 67 39 66 72 67 39 79 56 16 37 59 64 30 34 13 86 84 82 45 94 6 92 83 83 90 97 73 2 54 26 29 50 62 26 89 59 25 91 8 11 73 23 1 30 48 18 18 0 65 31 14 52 31 97 61 85 62 63 21 2 21 11 50 12 11 94 38 54 33 17 80 34 61 52 34 36 34 32 35 18 35 61 53 86 11 4 42 12 20 70 78 79 3 65 14 96 8 21 3 70 59 93 15 81 45 84 14 53 37 49 32 11 98 96 9 16 41 67 26 37 38 74 11 34 68 27 71 73 9 96 56 27 76 14 57 51 92 43 74 74 40 71 12 5 16 52 87 20 15 86 71 20 20 32 21 41 90 58 56 45 25 52 58 18 31 77 65 15 67 86 96 45 92 29 91 0 83 14 15 3 96 71 71 94 94 66 54 13 15 46 4 15 25 68 49 44 74 96 0 32 53 54 85 8 44 74 73 22 80 99 17 88 66 63 31 91 90 81 97 95 99 98 43 20 34 80 12 23 65 86 70 31 96 28 37 71 58 26 72 87 54 41 50 77 88 93 27 92 20 55 92 23 41 70 37 71 47 62 51 22 57 30 22 29 78 0 56 3 43 6 37 44 28 47 99 48 79 49 68 19 9 1 20 91 49 12 84 14 9 16 78 99 68 61 71 57 78 20 22 57 67 4 32 60 16 37 8 87 76 5 82 73 12 1 87 75 30 78 90 86 70 77 61 68 34 99 95 30 53 64 63 58 99 18 13 53 90 56 58 45 51 39 49 35 78 5 33 3 42 48 76 77 49 20 38 35 30 4 45 19 84 
78 47 18 34 73 4 37 26 48 56 80 18 87 41 93 94 21 34 62 50 19 0 89 96 46 18 72 22 57 11 22 27 15 61 52 50 95 73 84 17 23 16 14 22 63 1 85 14 25 96 74 32 31 82 75 21 44 69 29 81 98 55 44 93 3 7 49 86 90 79 54 43 99 19 85 94 64 30 69 76 56 58 39 8 17 3 26 28 33 5 30 40 17 30 63 16 19 74 81 73 47 70 3 67 68 38 31 24 47 95 29 83 58 65 37 57 67 83 7 88 2 52 5 71 69 98 1 38 65 88 24 81 40 57 22 42 59 86 87 33 53 79 69 71 93 41 67 4 36 93 16 98 51 79 43 33 18 84 70 40 89 24 77 3 21 57 77 43 25 90 19 3 82 31 17 76 75 35 19 99 18 44 29 32 3 84 82 13 55 19 89 86 59 95 5 58 52 89 19 53 99 64 84 13 80 14 12 82 99 24 85 53 40 63 66 11 51 83 6 26 62 91 8 24 81 83 11 63 76 85 61 83 65 1 34 90 39 3 64 48 31 2 29 85 88 29 7 91 69 47 66 29 97 22 59 92 20 60 70 25 97 17 92 67 28 4 19 38 26 71 93 32 35 9 74 75 2 45 96 90 98 20 36 82 3 39 54 67 71 89 1 40 29 96 78 88 30 63 33 58 8 84 68 12 63 39 10 55 4 49 10 42 49 54 68 58 60 36 9 70 51 60 76 70 25 38 97 41 78 3 38 48 65 90 12 77 17 20 51 59 92 28 21 26 99 40 19 91 22 77 36 94 66 95 95 77 49 11 6 27 31 33 89 35 7 44 96 91 72 27 28 46 27 74 86 93 44 62 23 81 69 65 7 44 57 22 47 73 64 98 97 84 92 66 7 38 85 7 35 63 
45 0 19 73 55 79 2 98 68 14 65 9 74 16 51 64 27 63 25 52 36 82 61 34 69 42 28 72 65 46 50 65 81 86 68 18 93 59 29 49 42 18 46 72 67 99 56 50 13 37 86 43 61 4 18 12 46 66 70 18 0 78 34 1 87 26 60 70 31 1 58 47 56 37 5 64 24 71 64 49 66 54 42 98 52 83 32 22 10 52 47 93 48 35 30 53 63 28 22 22 41 60 1 31 65 82 98 24 19 53 17 57 50 24 90 34 4 44 19 54 29 58 40 15 52 96 60 33 67 59 32 90 64 12 77 87 95 70 48 66 27 13 83 41 73 83 71 44 8 99 50 72 85 83 65 53 70 59 78 33 17 45 58 65 63 70 76 50 67 59 59 4 16 87 49 24 43 6 56 89 86 59 65 25 73 13 92 19 81 78 58 14 25 98 15 95 33 26 58 22 50 36 9 90 97 52 59 63 78 74 48 8 18 58 0 26 62 13 82 30 50 30 84 70 90 95 38 56 11 26 73 51 50 37 66 73 81 52 95 21 1 82 92 9 67 31 84 80 12 20 85 60 92 41 58 80 53 81 30 49 53 34 31 46 76 53 58 3 66 21 91 87 80 72 35 95 54 42 54 69 66 18 96 57 56 42 10 8 78 44 81 65 67 12 44 84 13 44 55 99 14 24 27 28 81 5 93 90 32 1 31 88 46 51 84 22 73 50 91 13 78 10 16 78 80 57 87 49 72 69 21 15 3 20 61 24 85 22 60 66 79 66 34 2 13 68 73 20 12 36 18 44 79 69 8 89 13 60 8 79 3 10 75 88 16 3 46 23 83 7 30 73 46 52 74 76 28 90 32 45 88 9 41 64 59 56 2 2 50 32 6 34 95 23 9 43 72 74 1 31 
69 96 42 87 43 27 85 37 17 53 51 69 15 40 69 41 71 33 2 15 11 39 12 93 57 99 91 5 55 85 70 61 1 91 80 40 11 41 25 19 31 8 65 85 47 68 38 64 28 61 28 41 14 72 83 0 5 91 63 35 14 77 45 57 18 99 67 10 90 55 18 9 23 32 40 96 86 73 62 85 52 30 99 98 74 96 7 53 43 93 3 89 62 16 61 22 44 25 15 1 29 23 1 69 66 28 35 59 1 32 23 26 23 9 54 53 13 15 39 61 66 36 90 68 52 7 89 61 98 40 56 20 39 85 99 54 19 30 28 49 20 28 37 22 82 54 96 34 50 47 10 2 32 50 31 11 59 0 80 48 35 31 74 58 79 3 84 81 59 78 17 18 5 47 15 97 24 99 3 74 54 3 20 43 51 22 93 34 30 64 85 88 45 40 39 54 46 34 56 21 98 25 23 31 62 24 99 96 39 38 15 31 61 58 2 1 38 48 7 83 36 54 63 65 57 64 41 15 96 37 26 9 76 20 56 72 96 88 10 66 7 41 31 6 64 18 38 50 59 49 40 70 7 91 10 17 44 58 25 16 21 30 13 28 55 52 30 18 82 26 32 33 17 9 83 17 21 59 55 96 85 95 59 53 37 53 36 81 60 80 79 87 69 1 75 57 45 61 36 93 93 36 17 45 14 65 26 73 27 14 31 60 32 76 36 7 81 93 75 93 94 73 9 51 31 32 67 57 42 26 30 80 51 16 95 84 74 20 85 77 52 56 41 81 82 21 34 94 24 76 73 47 77 93 57 5 98 64 67 62 74 81 45 1 75 21 1 77 46 40 34 68 91 48 71 45 86 99 96 56 60 62 25 20 52 18 79 41 36 7 40 17 35 27 63 42 6 56 74 90 
47 80 9 82 54 62 82 29 66 92 30 47 20 21 93 67 30 42 75 38 66 95 91 4 12 62 58 29 43 70 50 4 60 66 46 73 35 4 65 85 48 75 55 72 13 19 58 6 10 82 77 63 39 75 48 23 85 88 33 10 64 97 5 39 10 13 69 81 18 5 5 63 98 99 55 45 54 36 34 41 94 10 20 49 13 41 0 51 86 16 40 46 70 53 27 86 83 1 88 72 24 31 11 46 8 0 99 10 7 45 33 73 9 63 62 50 20 72 58 89 4 82 33 18 53 38 7 83 18 30 66 23 24 5 11 50 1 3 93 81 89 12 72 14 55 45 45 74 90 55 93 90 83 98 78 28 3 72 89 58 95 44 2 12 44 63 79 8 5 32 65 49 2 78 50 9 6 79 99 17 25 45 83 45 4 55 26 54 20 69 64 32 50 55 97 29 51 63 26 18 76 64 48 20 7 82 92 20 95 10 41 77 11 51 28 79 22 12 59 38 12 2 2 92 44 40 31 55 20 49 12 4 3 10 89 31 30 42 47 31 32 76 83 39 16 80 63 45 9 18 0 75 87 16 31 3 74 98 43 74 48 49 85 48 33 25 58 41 78 47 36 73 99 16 5 59 40 34 83 46 92 9 57 35 68 12 86 72 20 84 0 81 13 22 86 94 70 52 94 35 57 36 0 53 55 96 59 90 64 5 57 35 31 66 78 19 34 9 76 17 42 93 12 69 45 59 82 77 24 42 75 72 84 50 25 64 19 59 47 24 45 81 7 79 42 88 2 65 44 66 43 84 75 86 7 54 7 43 18 44 75 45 34 65 50 81 32 15 60 32 30 24 14 44 47 36 35 13 84 84 86 89 58 90 14 77 48 58 86 9 18 71 54 61 43 87 35 0 83 65 
53 62 44 33 86 71 40 39 83 23 24 22 6 89 69 70 27 32 41 58 2 67 78 11 60 66 88 42 43 22 22 16 23 87 56 78 67 56 31 98 20 58 98 67 3 79 89 29 34 81 30 37 11 6 38 33 23 61 23 55 97 0 34 10 21 9 51 33 40 56 89 62 33 32 30 81 68 1 72 75 4 7 25 2 7 2 48 18 60 30 73 29 7 39 16 18 99 19 54 70 21 25 96 72 58 47 77 54 74 73 38 83 42 88 4 27 51 4 34 87 21 80 34 38 55 81 54 38 72 57 76 23 26 87 12 19 48 79 68 41 24 41 35 25 15 59 49 73 99 64 76 45 1 15 24 84 97 30 23 49 43 78 86 23 70 88 25 10 55 7 36 71 88 81 58 79 99 49 2 33 25 50 63 19 91 89 54 58 36 71 7 93 11 94 22 3 74 1 50 25 6 78 3 17 81 47 53 74 35 47 68 90 80 80 43 82 81 17 20 24 74 58 14 25 40 7 38 44 85 45 48 92 35 36 24 1 50 68 16 89 41 59 61 36 64 45 84 89 83 52 3 5 67 71 86 51 92 23 40 21 56 22 31 5 77 62 65 20 73 6 51 48 98 7 72 32 23 34 90 71 46 82 14 17 38 50 85 21 24 33 14 18 22 34 53 16 78 71 56 18 14 26 13 48 60 32 75 11 86 3 64 33 19 81 93 43 5 44 12 66 98 91 69 39 45 38 79 22 85 9 21 62 83 94 71 21 35 22 21 67 34 83 56 97 48 59 89 92 81 51 31 84 16 53 89 69 21 88 1 59 19 17 61 37 30 95 15 44 70 70 67 90 32 41 23 49 55 71 81 19 39 75 98 22 98 12 38 3 71 63 0 37 84 78 20 60 86 0 15 48 
40 35 13 68 21 75 53 98 68 43 45 25 24 94 94 56 81 65 25 35 35 5 16 97 40 65 28 40 13 42 25 95 27 53 73 58 16 59 54 24 86 21 1 32 8 47 81 37 90 42 48 62 16 92 2 80 65 2 72 15 33 60 37 65 11 18 69 16 45 30 23 6 50 58 75 97 2 41 27 60 11 6 68 0 43 24 73 27 87 9 34 7 46 86 13 49 39 56 45 53 22 56 84 75 54 72 83 49 36 38 8 43 10 9 99 96 65 15 8 22 41 52 77 26 56 55 72 23 93 90 11 95 37 15 95 43 59 52 5 80 97 2 77 71 14 66 89 37 83 36 60 56 57 24 78 11 11 75 4 16 52 26 11 43 6 84 81 0 74 92 22 86 32 51 94 2 87 26 2 15 86 31 64 58 47 68 71 34 77 79 71 40 88 16 8 37 10 92 49 78 72 6 63 47 67 43 30 97 94 72 54 43 80 83 5 41 91 64 91 79 76 73 27 2 26 31 87 42 86 91 87 62 43 45 11 61 41 49 28 53 31 6 79 59 10 7 89 84 98 1 42 6 81 48 43 70 68 83 9 76 70 95 53 86 73 83 83 77 3 39 79 17 13 88 56 90 86 50 4 81 81 43 69 62 93 80 25 72 31 50 87 77 15 50 53 50 44 36 92 9 63 53 71 83 64 97 5 20 75 73 29 15 96 3 72 73 58 47 56 63 99 79 49 12 99 29 60 38 43 69 94 6 39 23 8 65 4 49 94 0 31 52 7 26 18 68 29 91 58 28 54 19 35 34 82 23 65 25 42 88 85 4 58 69 54 4 6 3 53 93 82 51 9 52 36 78 65 77 83 82 84 99 71 66 84 41 6 60 26 64 66 34 26 38 16 49 40 2 56 47 
33 44 7 65 81 64 0 22 96 5 39 46 55 45 95 58 79 46 32 34 51 23 96 52 26 67 65 11 55 77 91 47 80 26 46 58 61 44 64 63 51 16 88 23 21 64 58 41 72 30 25 73 24 89 0 38 63 56 52 67 5 3 68 71 86 15 98 48 25 37 94 94 28 42 17 90 33 26 17 68 98 99 66 42 56 92 96 89 85 25 37 12 46 69 90 28 84 2 71 25 74 31 19 11 39 71 43 55 33 98 63 56 61 32 75 38 15 67 76 3 30 8 83 67 94 87 50 0 66 26 56 24 15 32 19 38 81 94 28 92 23 67 92 4 62 50 57 71 36 93 79 30 11 82 11 91 95 5 41 7 72 29 77 78 21 78 5 95 43 6 63 2 19 19 20 57 96 0 60 84 13 65 88 60 42 48 70 38 50 0 66 46 51 11 26 31 62 24 53 60 34 8 97 20 79 41 35 46 90 56 27 24 67 20 56 67 75 82 53 73 81 34 76 21 13 33 46 85 57 54 78 64 87 96 22 91 68 2 29 16 31 4 42 56 96 19 4 84 49 51 50 97 28 70 89 29 41 37 8 76 35 13 62 51 38 36 49 92 56 78 82 1 86 66 47 11 43 19 76 68 52 96 33 93 19 36 56 82 7 29 99 60 38 20 21 33 14 2 22 84 89 25 71 8 44 78 88 99 41 59 13 35 96 87 42 37 99 80 29 88 4 61 50 16 60 99 85 83 58 92 13 95 31 40 63 48 11 37 85 92 29 11 84 70 44 6 94 55 23 42 21 61 38 6 62 58 78 58 19 35 54 78 20 79 18 3 95 3 80 70 62 1 93 34 12 68 11 43 86 79 7 54 81 5 26 58 2 99 37 96 17 45 4 14 25 31 3 26 56 18 
90 96 64 39 75 1 39 73 91 94 18 94 72 40 6 53 97 84 57 38 91 67 93 96 51 90 39 40 67 83 19 86 91 5 48 80 16 69 14 37 47 92 73 59 13 83 16 95 29 76 59 47 64 93 56 75 75 90 54 80 50 21 39 4 92 34 56 89 35 19 29 60 31 52 74 45 32 81 76 91 1 5 40 91 34 94 24 21 88 37 46 75 29 68 41 8 67 72 88 14 56 35 45 47 80 94 77 23 33 47 13 5 40 4 99 92 67 6 32 63 8 33 87 15 1 7 21 73 32 98 77 63 3 91 62 57 94 84 99 66 51 29 19 69 80 46 61 66 54 25 56 38 51 84 56 79 32 90 96 53 89 65 36 67 58 34 6 52 58 47 0 48 1 64 38 76 7 59 40 57 93 86 52 58 57 67 10 17 83 58 35 55 73 3 47 25 49 12 11 64 34 53 44 73 11 77 94 54 27 79 54 90 40 40 78 71 24 10 79 30 37 77 96 0 74 15 64 16 68 36 58 41 39 1 77 63 29 50 98 86 73 58 23 8 13 31 68 9 1 40 40 60 63 40 26 47 37 4 51 1 89 52 69 30 85 73 1 59 72 95 79 93 82 89 32 32 90 47 24 80 55 91 53 63 43 82 30 83 15 51 3 69 37 4 10 94 80 3 81 78 29 73 43 23 73 30 55 83 62 51 76 83 14 33 1 1 11 51 72 15 51 76 52 38 71 88 47 90 50 71 4 98 28 34 95 62 52 17 67 75 5 23 61 52 22 69 18 70 86 42 58 19 57 0 4 96 95 75 20 78 61 56 92 90 1 72 68 89 18 84 24 38 30 5 51 82 36 6 17 52 47 26 96 1 24 15 79 56 53 14 41 69 87 59 42 14 21 10 79 65 
74 77 19 55 47 5 11 5 16 71 9 75 34 73 89 7 64 55 3 34 5 54 69 33 2 10 40 71 87 98 62 56 56 89 69 53 89 27 51 38 8 74 76 55 13 98 59 48 13 59 85 42 7 8 88 79 59 92 12 12 31 66 36 16 62 2 20 69 25 6 56 31 4 49 42 36 16 42 71 76 99 17 66 95 76 83 59 43 30 65 60 96 31 74 7 29 85 66 24 40 63 64 35 27 95 47 90 99 35 98 37 73 76 22 4 53 7 36 11 96 92 98 15 27 88 25 54 96 43 73 26 33 49 24 33 85 95 55 23 64 76 17 7 84 44 33 42 78 38 90 53 24 32 1 70 14 87 93 6 23 11 75 35 42 47 79 82 91 48 49 0 2 78 67 91 36 2 22 53 74 78 97 87 69 7 45 59 33 18 28 4 59 10 34 58 70 19 86 30 12 57 30 87 78 1 78 77 80 10 27 64 78 85 40 87 80 71 21 60 34 23 66 19 18 31 35 49 61 19 84 92 90 4 19 49 11 45 13 68 20 34 92 66 52 13 18 25 85 56 15 73 55 76 96 37 27 0 75 61 42 52 71 24 96 90 44 54 52 31 13 99 57 88 17 71 32 13 81 19 26 83 41 51 73 22 21 58 51 25 8 53 7 84 15 84 6 15 25 38 42 55 24 57 92 39 7 11 18 53 13 22 54 11 14 66 57 19 47 1 42 86 39 80 23 98 65 85 65 99 95 87 71 69 78 32 12 63 59 25 12 2 92 14 62 54 16 15 80 97 3 21 98 98 66 80 36 18 71 93 48 55 22 38 7 58 65 39 73 76 43 98 6 62 40 41 30 10 18 95 36 63 25 97 36 50 15 14 16 6 1 89 8 59 61 45 28 83 87 70 73 
21 61 92 49 27 71 8 2 41 65 99 34 60 28 65 6 4 18 5 68 53 54 34 76 71 90 81 96 81 33 88 84 60 93 45 26 69 93 63 63 4 18 20 46 78 76 11 14 90 59 15 94 82 67 39 6 91 57 93 21 67 0 90 91 90 13 33 56 16 8 91 9 66 54 15 6 13 44 32 43 81 76 12 45 2 80 34 83 8 89 64 16 93 6 58 4 73 36 17 85 52 39 45 28 64 45 43 4 35 77 33 93 81 0 33 38 78 95 70 90 23 89 7 35 60 14 37 96 60 7 44 85 79 95 79 24 40 51 61 58 53 22 52 54 58 87 73 76 48 20 4 82 21 78 49 7 78 92 62 2 10 34 36 75 60 52 85 12 68 25 95 92 9 77 39 72 28 1 24 21 92 58 92 78 96 55 25 26 83 97 26 70 81 23 6 28 39 72 11 22 67 19 22 13 8 22 9 36 35 36 42 3 99 78 46 67 41 26 6 74 76 39 15 95 45 63 72 47 4 89 94 39 61 58 85 93 29 43 45 23 83 4 90 33 19 63 86 80 37 48 2 56 12 18 50 67 76 73 85 30 44 38 86 66 84 8 22 67 35 32 90 28 83 68 51 27 63 54 45 59 72 92 10 93 52 40 86 67 79 7 52 74 98 10 36 66 89 75 4 53 77 77 57 60 95 42 50 77 27 44 67 99 94 99 70 99 52 14 20 31 26 59 70 79 14 8 24 3 87 30 54 25 17 75 40 81 93 66 84 84 52 36 41 96 91 41 57 22 35 22 19 96 10 24 67 61 64 6 77 94 69 17 7 47 72 66 59 29 78 37 87 87 20 12 49 50 45 61 17 74 74 29 12 61 40 26 67 37 48 27 59 15 32 7 13 98 99 72 14 53 
92 47 63 31 69 45 13 96 85 63 66 25 19 13 72 96 40 98 59 67 6 32 34 87 9 38 84 6 64 57 23 26 7 72 76 99 80 22 9 4 86 68 33 78 58 58 43 21 74 8 54 74 74 82 18 97 63 25 47 88 1 55 91 98 84 39 3 33 93 86 32 41 38 40 40 58 59 32 60 36 72 57 62 74 21 13 46 71 29 36 77 64 46 69 10 20 36 17 41 92 42 4 5 77 86 33 52 60 87 33 4 58 16 92 99 2 40 70 13 1 4 99 46 53 35 23 28 97 94 94 91 3 64 60 60 38 56 52 46 29 11 11 86 89 86 82 92 5 15 40 20 77 74 62 81 40 97 1 19 18 33 76 98 9 86 4 29 65 72 83 25 24 49 30 35 98 78 7 37 93 97 39 73 6 18 78 65 67 64 55 11 92 15 19 30 94 57 53 50 73 95 30 79 53 4 77 56 0 2 39 93 11 55 48 95 57 31 88 95 97 80 4 79 74 69 20 58 12 30 58 53 2 23 97 98 10 33 17 94 99 65 52 43 77 90 19 52 34 74 97 89 4 34 89 91 28 7 88 48 72 53 13 10 70 81 40 84 93 63 91 38 53 24 30 22 1 26 30 20 99 16 80 93 27 38 73 44 94 83 55 78 99 2 67 13 33 71 41 25 8 40 80 3 74 12 19 25 19 24 76 31 36 9 11 41 71 33 25 0 99 42 35 44 35 14 93 11 72 65 68 59 80 73 48 31 70 25 56 6 20 75 91 65 65 21 80 1 41 41 21 95 62 21 27 6 77 12 51 3 40 95 95 53 34 87 82 48 12 59 14 58 34 47 51 79 67 7 14 39 1 61 31 93 92 55 84 66 2 50 42 11 14 9 37 17 16 25 67 71 64 
38 91 1 39 44 10 6 75 72 19 48 61 72 95 46 37 42 3 12 62 60 35 11 78 68 88 96 14 92 33 10 56 18 24 87 66 66 20 47 47 39 20 37 46 74 55 75 17 34 78 7 19 64 71 51 60 64 39 74 64 66 50 9 32 31 60 78 76 76 4 88 31 93 92 59 63 35 56 63 39 37 98 71 42 7 48 80 67 26 45 85 68 67 22 8 17 26 28 30 56 18 7 41 39 77 33 27 57 31 81 50 65 98 33 64 96 72 12 2 17 21 83 14 7 93 26 23 93 14 58 46 81 18 59 33 27 62 71 5 41 2 73 2 0 25 37 78 62 29 61 89 62 5 68 68 52 48 31 19 59 25 24 8 70 24 43 77 94 89 66 40 72 84 27 70 91 90 4 7 44 54 96 14 45 18 69 10 74 10 84 99 94 75 22 21 85 67 57 74 17 50 52 30 75 77 74 96 37 65 57 91 50 90 36 24 62 75 32 55 78 7 79 18 37 77 10 95 28 66 11 0 70 4 89 19 86 87 50 65 96 44 46 94 85 72 80 31 82 25 30 30 12 95 56 57 2 42 52 86 14 42 81 35 50 24 53 96 64 82 81 61 71 31 48 79 88 30 78 44 71 8 31 30 59 98 37 69 15 31 88 43 15 79 72 42 78 28 85 67 0 80 67 90 35 40 4 58 53 17 23 29 70 57 80 99 4 21 3 43 31 24 92 44 93 0 95 1 58 81 47 24 94 37 43 28 6 23 24 15 9 21 35 80 90 73 75 12 81 92 60 38 7 58 82 44 10 52 66 9 79 81 29 32 26 83 22 65 12 20 59 49 90 3 49 99 34 12 47 82 16 53 87 88 79 22 85 0 27 70 76 23 93 15 74 33 85 9 96 17 50 
80 22 61 66 21 71 39 61 9 55 90 60 1 74 21 40 21 10 39 9 6 89 65 29 63 33 82 26 86 53 15 1 69 28 69 96 25 53 13 30 97 34 1 56 21 49 34 19 91 53 81 52 80 49 32 54 57 73 78 83 3 33 37 78 20 34 35 41 52 82 83 47 62 3 90 48 30 75 54 25 84 61 34 9 93 92 81 18 13 84 16 92 65 36 59 92 84 89 81 72 8 2 51 23 69 31 36 69 14 36 19 20 0 88 31 13 74 45 18 79 88 51 38 62 58 54 32 29 13 82 54 56 41 88 57 93 59 94 4 28 51 36 68 32 5 55 14 6 28 70 24 96 1 93 36 75 94 49 46 43 10 3 16 40 25 21 75 54 67 11 98 85 62 6 53 49 7 50 56 30 38 77 84 16 55 39 32 76 7 82 98 75 20 15 58 35 95 94 78 73 93 69 86 64 4 37 77 62 85 50 6 16 22 47 51 1 7 79 23 96 3 47 81 65 13 58 58 55 62 86 0 89 58 65 27 40 57 51 87 75 37 53 53 91 0 4 4 99 75 90 53 93 14 34 68 40 58 46 86 0 20 19 95 58 95 78 8 18 26 65 11 56 80 99 45 86 64 1 42 2 3 71 38 5 63 36 94 79 46 11 96 51 86 67 17 73 85 71 31 72 30 15 5 58 31 72 14 6 26 61 70 54 97 14 65 59 87 77 54 75 7 74 7 61 76 46 14 71 31 5 92 8 17 28 35 55 94 76 44 50 27 2 60 35 70 39 69 83 73 28 34 90 73 28 23 36 95 81 28 44 41 32 87 44 85 78 72 43 47 71 53 35 81 96 60 47 58 51 45 82 5 79 61 85 73 86 16 45 72 5 49 92 96 27 42 88 87 69 90 90 
4 65 74 26 51 61 78 87 54 9 41 8 43 85 0 78 35 61 56 16 27 92 25 62 61 19 81 94 55 61 14 94 0 18 47 92 21 99 55 79 30 1 56 99 96 94 68 96 85 52 75 7 69 45 49 32 55 78 61 77 30 62 18 62 29 83 50 5 67 79 62 54 87 9 57 9 22 93 47 2 31 32 41 19 18 72 85 1 47 53 40 55 81 16 27 78 35 81 15 13 94 12 21 53 36 54 15 14 84 75 83 33 13 0 22 1 68 46 3 11 85 23 43 7 20 91 79 19 66 81 26 39 65 3 89 88 99 65 48 99 26 54 2 81 80 8 73 55 40 66 14 59 36 98 32 51 7 36 98 4 92 16 92 34 56 60 40 28 67 13 25 25 55 15 14 65 45 74 98 78 42 82 11 58 25 67 13 92 51 28 22 70 25 53 77 92 0 43 25 37 42 68 1 19 75 77 39 78 35 46 33 34 49 39 63 60 88 41 98 13 87 91 49 15 86 62 76 64 83 70 5 15 92 99 4 26 21 12 58 69 29 43 19 28 53 86 29 40 34 62 73 39 72 71 56 2 91 3 0 43 7 55 75 77 81 53 39 94 31 48 90 75 78 57 92 85 61 25 74 85 56 66 74 92 58 67 53 6 11 20 72 3 14 79 65 63 82 77 16 68 44 71 7 28 47 96 91 54 17 80 12 91 72 53 66 48 10 76 64 48 9 40 53 82 65 79 0 39 13 10 14 35 96 33 83 84 33 2 27 48 67 14 74 37 1 60 1 96 81 5 8 47 90 8 64 68 54 29 50 56 82 88 95 9 72 55 8 18 53 61 25 76 52 67 69 22 57 87 24 15 89 14 82 37 52 92 0 43 35 27 94 49 39 50 17 86 99 85 30 1 
18 55 7 40 85 27 66 49 13 19 62 28 69 56 87 56 24 10 11 2 51 77 83 22 52 2 92 23 73 45 92 13 39 83 28 5 18 79 7 43 30 64 14 19 81 4 1 30 43 29 14 52 41 45 26 56 41 53 4 61 43 33 91 0 1 39 83 44 80 84 3 84 47 31 62 60 99 38 93 9 59 38 17 96 13 16 11 37 46 52 56 55 10 61 10 62 47 34 72 50 92 65 25 43 5 96 86 33 10 73 8 93 52 18 24 1 59 24 23 34 19 69 11 15 38 74 93 79 76 50 25 9 40 80 29 34 13 28 82 1 39 82 47 68 94 30 26 18 30 92 34 74 33 17 4 33 48 25 48 93 97 11 79 30 44 74 66 14 32 54 5 54 17 96 77 11 60 98 51 88 11 60 5 93 53 50 29 94 93 28 3 9 54 25 57 80 51 63 4 68 4 38 98 86 0 64 60 29 38 66 37 45 99 82 47 14 1 0 85 22 36 82 82 37 22 27 19 46 24 94 41 10 82 45 91 5 41 72 26 67 70 90 27 90 21 47 69 75 57 97 27 90 96 54 55 91 3 30 99 76 32 57 89 52 19 53 53 45 27 36 83 8 41 77 54 16 44 53 56 26 53 71 10 9 97 80 73 13 15 88 72 8 76 86 35 98 66 96 70 40 44 81 52 46 80 94 88 76 33 44 57 50 81 86 8 80 31 27 24 81 57 84 15 20 70 69 97 58 53 60 32 98 69 83 75 52 23 5 87 39 27 14 63 67 4 39 51 24 56 55 6 43 95 85 15 94 62 36 58 95 15 85 83 44 54 65 48 81 49 69 62 7 54 90 54 73 81 11 36 75 66 91 31 73 86 26 51 37 11 6 56 80 59 32 16 11 89 12 52 14 
64 97 25 22 58 5 28 78 7 35 3 17 2 7 52 49 97 70 64 42 4 33 62 3 85 16 66 65 33 52 2 21 47 11 72 35 95 70 63 24 95 12 21 26 99 88 3 16 90 91 93 29 85 33 81 68 54 52 39 29 20 96 42 49 53 48 55 21 60 4 23 68 39 57 61 62 99 94 10 32 97 65 23 42 36 48 78 0 3 69 28 30 37 55 73 30 57 83 59 46 61 13 51 6 99 95 75 34 12 73 3 82 83 3 64 49 40 11 77 87 65 41 25 18 50 25 23 29 54 73 87 44 1 86 77 31 82 12 70 40 15 10 83 74 11 68 48 42 96 38 92 51 26 74 31 63 43 31 95 2 87 49 8 91 74 3 0 67 50 95 58 66 65 93 53 88 73 4 32 70 42 85 44 23 57 70 65 5 24 3 26 83 82 93 78 39 83 45 53 64 59 81 61 18 88 98 49 2 97 29 14 26 39 61 46 52 21 52 32 96 52 87 4 46 63 50 51 55 87 65 7 67 69 1 94 19 68 10 42 19 1 36 81 29 29 94 22 60 21 71 66 63 8 75 10 63 29 75 74 69 37 87 19 4 86 15 61 14 74 16 5 22 85 76 79 69 64 55 35 2 75 47 28 37 11 84 42 30 69 61 88 53 4 43 87 24 46 74 86 42 65 15 79 56 67 0 73 54 79 23 38 2 41 21 22 53 43 72 9 65 9 64 3 73 79 68 26 59 40 0 85 15 17 11 66 96 3 24 89 4 74 57 84 22 85 98 2 80 41 87 55 3 83 58 86 27 10 50 36 40 63 41 4 74 34 30 72 5 83 34 25 87 64 59 40 95 86 42 68 75 94 95 47 18 67 26 31 44 25 6 57 78 39 61 16 32 71 4 16 14 
0 64 72 62 38 16 15 87 95 81 91 41 14 24 12 54 58 92 93 39 27 79 70 10 96 85 44 14 65 65 71 14 20 92 74 10 8 34 39 18 32 8 98 43 60 25 50 51 86 58 57 11 87 27 17 73 51 8 59 27 25 76 20 59 32 24 74 46 53 53 72 40 40 5 11 20 6 9 30 46 6 71 24 66 68 98 99 46 96 13 37 76 16 61 62 26 58 71 11 42 32 49 26 11 68 66 3 87 65 99 66 31 71 43 27 21 33 4 99 94 73 62 47 36 21 2 76 40 54 27 93 70 46 80 27 50 89 55 50 26 64 50 62 20 84 11 27 37 0 20 44 13 91 64 43 12 95 31 3 92 3 33 57 47 84 9 70 40 18 41 20 55 49 79 77 89 41 13 96 57 3 42 46 1 43 9 81 65 76 34 56 42 21 17 17 20 65 98 69 48 38 52 77 84 45 17 67 19 83 60 35 90 3 72 21 50 10 90 28 89 89 16 78 14 3 6 71 25 41 72 72 60 78 14 70 4 27 45 97 76 47 95 97 68 24 18 9 10 61 72 63 43 47 3 80 35 77 20 53 89 66 47 9 13 28 33 14 63 57 48 32 94 6 62 7 57 4 81 74 65 80 17 25 9 27 46 35 76 22 11 27 47 30 83 3 65 24 88 77 80 85 25 5 40 60 49 72 76 50 55 84 99 34 60 43 91 40 69 47 23 62 97 69 52 94 77 79 60 77 68 36 35 18 20 47 37 23 86 66 56 29 98 68 67 48 78 49 87 52 62 56 91 75 87 52 83 44 37 68 15 82 36 85 16 40 84 82 35 41 76 59 11 96 8 2 73 55 58 91 2 17 31 13 13 79 1 46 32 1 55 83 9 42 73 0 17 75 16 85 19 
5 35 32 26 24 36 89 39 71 52 52 53 25 67 77 74 83 71 70 84 36 27 21 65 82 38 40 72 41 10 80 25 78 5 2 43 6 79 96 90 26 8 72 43 64 34 89 6 35 79 5 96 27 95 92 28 18 60 53 44 10 80 67 8 37 21 61 77 90 12 88 35 13 48 20 7 84 21 43 45 14 57 77 83 50 95 77 3 56 30 80 5 30 37 46 60 41 60 59 91 69 41 13 26 66 94 91 49 11 77 28 21 39 93 59 56 53 17 4 78 22 5 76 87 29 14 19 1 18 94 12 27 88 79 92 74 54 0 28 20 54 90 86 59 96 67 7 2 5 54 24 78 69 0 83 60 32 14 1 81 38 27 2 42 55 48 39 26 72 52 22 18 97 86 19 92 28 19 27 65 88 19 91 7 36 38 92 31 4 37 1 85 36 17 55 30 93 14 64 35 26 83 89 42 42 22 11 96 36 47 87 43 99 87 52 15 88 19 5 30 59 94 21 5 39 7 70 30 81 36 8 15 86 54 79 62 17 2 73 36 60 14 10 58 31 59 15 72 6 67 19 86 94 50 76 77 13 5 89 1 85 83 70 6 80 91 62 9 34 43 79 93 47 13 17 64 22 17 59 54 27 8 8 7 33 72 41 41 68 37 2 66 27 34 55 54 24 27 69 71 45 15 17 0 21 19 1 84 67 83 58 35 27 55 76 89 68 51 56 92 6 85 14 12 74 48 28 8 1 52 47 48 42 54 67 28 63 55 22 98 98 38 91 45 17 93 28 10 46 68 27 19 83 13 43 79 30 17 54 59 86 96 23 79 42 56 99 34 1 35 69 53 30 82 85 21 6 26 47 31 20 37 70 71 93 40 86 26 57 69 92 56 14 2 46 71 68 96 33 90 
22 88 61 77 30 15 51 62 35 20 82 73 78 9 89 12 63 78 64 10 93 78 71 18 97 32 89 82 90 84 94 43 11 10 84 5 25 32 59 1 98 71 54 16 25 53 42 25 71 70 99 11 64 23 0 25 21 52 72 96 30 57 11 35 59 80 21 92 43 34 77 47 27 60 91 88 71 55 84 21 47 8 36 0 99 59 39 74 64 1 18 5 48 97 70 30 66 71 33 1 71 61 20 75 84 1 59 43 64 70 36 4 96 99 79 66 28 67 17 7 24 16 42 78 87 82 38 31 31 95 91 91 72 88 54 86 37 46 55 62 89 93 82 24 11 73 78 21 89 95 85 76 74 75 86 36 26 34 7 98 4 38 67 21 78 42 83 74 71 21 68 68 59 82 17 85 82 19 90 83 93 95 78 28 32 71 18 74 44 12 18 78 59 93 26 17 68 29 60 82 14 52 20 38 32 43 25 73 74 18 44 88 92 79 24 19 40 17 76 22 79 20 49 64 13 43 69 98 43 85 23 91 95 71 19 84 98 60 83 34 97 26 43 90 81 39 49 93 45 57 52 53 76 19 85 71 83 58 13 81 32 8 92 68 63 75 94 96 27 44 75 74 84 18 97 18 8 46 94 50 20 36 82 18 90 6 78 52 13 48 85 43 58 40 35 72 59 43 57 30 81 33 56 56 43 76 57 6 45 19 13 60 59 25 23 78 18 61 44 21 48 72 97 83 4 11 43 94 90 75 62 78 18 74 32 64 93 81 2 99 84 11 50 9 69 52 13 43 24 33 63 82 28 50 69 55 5 10 74 53 36 8 45 26 88 58 78 40 7 93 34 41 1 11 28 31 50 1 91 14 70 22 53 53 86 82 94 28 78 18 43 23 62 52 53 84 23 10 46 75 
87 0 25 12 32 34 49 10 28 60 64 73 79 39 31 60 83 7 52 2 20 48 11 25 22 4 0 29 60 48 36 1 72 36 20 88 69 41 85 11 22 87 33 22 50 21 94 17 20 96 37 81 61 36 48 96 7 83 18 34 78 76 39 85 79 55 52 84 77 59 72 59 10 31 6 25 20 26 68 80 3 20 66 69 86 99 36 86 42 2 4 84 93 50 55 13 89 34 77 50 18 64 56 42 91 9 55 91 95 44 79 8 35 95 48 6 18 40 15 14 31 91 43 76 52 66 48 28 86 0 72 56 68 95 44 74 75 93 91 11 12 94 20 57 53 31 46 65 14 73 20 29 86 80 28 17 69 5 9 72 16 72 95 40 49 0 2 75 54 92 97 29 67 37 83 85 80 21 57 44 53 70 32 96 52 93 20 24 29 82 8 83 59 52 28 77 18 67 85 67 83 47 91 40 75 51 32 69 44 30 82 94 69 74 75 28 71 13 60 56 66 91 77 27 37 87 97 46 84 21 69 69 55 42 37 65 29 4 16 57 75 53 52 51 4 55 24 89 54 92 99 82 7 92 96 88 83 65 69 28 11 36 56 29 14 29 65 29 60 61 82 29 82 2 60 52 71 18 48 45 67 3 10 20 22 56 59 27 40 96 21 27 65 24 46 64 90 40 88 61 28 94 1 28 2 42 47 15 41 32 87 12 94 71 64 67 14 55 58 45 18 30 66 53 38 19 38 83 33 13 87 7 88 24 70 26 31 85 61 67 75 43 70 10 46 31 30 48 83 39 13 55 6 87 44 59 1 18 38 6 8 56 10 96 10 86 82 24 32 36 36 8 99 80 80 0 48 84 36 16 42 55 70 85 59 53 86 3 15 85 36 19 75 55 98 38 45 89 46 25 
52 63 13 6 56 12 76 24 52 72 42 80 91 82 63 76 39 74 51 18 20 12 88 41 75 18 69 77 38 70 86 60 48 33 46 17 1 27 22 23 13 15 18 88 63 21 74 95 45 54 86 39 31 45 74 65 22 44 85 3 77 49 37 72 6 19 49 19 6 8 33 39 1 68 76 8 18 11 0 52 91 3 1 8 26 76 71 11 46 83 99 36 53 92 36 40 55 68 40 20 77 14 6 40 99 2 39 36 30 14 38 87 9 38 85 54 12 99 5 61 27 12 91 80 62 58 11 9 52 93 7 0 58 0 15 20 90 68 25 28 96 80 44 28 27 12 97 18 97 11 49 46 56 75 96 32 9 59 58 11 97 51 48 76 61 98 80 3 61 61 65 45 98 90 72 70 38 11 83 60 21 70 19 75 72 68 38 44 70 73 73 88 22 43 62 18 61 47 81 77 24 13 57 46 30 42 16 32 83 71 55 63 22 37 38 10 14 92 26 48 12 55 15 55 9 31 61 1 15 87 90 85 88 53 13 86 21 89 47 3 28 56 38 10 20 91 2 13 84 28 9 30 10 63 56 85 59 63 24 36 78 49 37 24 7 18 51 95 97 80 87 7 56 49 92 85 79 92 66 36 90 9 43 94 86 59 74 49 11 39 79 2 10 94 70 48 15 45 79 99 91 30 40 75 53 31 61 3 19 54 38 58 12 25 85 37 53 91 3 62 12 58 33 99 78 18 99 11 9 74 55 83 47 34 71 89 77 98 42 95 85 50 82 83 43 85 34 84 12 10 3 7 52 85 93 66 99 59 21 37 78 14 1 68 59 10 90 6 54 19 76 69 97 61 71 37 65 35 90 83 2 44 67 82 38 49 10 37 60 76 84 15 65 67 23 79 29 41 69 79 
57 49 39 66 67 5 68 45 3 85 65 69 88 25 85 68 79 38 84 75 83 73 28 41 80 65 44 22 94 27 91 78 38 49 63 29 76 56 48 47 86 72 88 20 54 74 89 34 37 42 63 98 10 66 63 34 72 17 90 62 34 44 23 84 78 54 26 74 12 18 17 35 6 0 60 20 27 91 19 11 19 43 83 62 7 53 95 99 28 89 37 73 92 5 2 0 33 64 6 34 50 3 16 13 77 12 54 2 4 23 91 39 43 12 17 11 41 89 65 12 76 75 74 4 65 37 27 42 22 34 39 54 17 99 51 97 72 11 73 42 42 15 50 51 78 0 48 73 46 26 60 61 7 87 5 27 2 4 88 17 61 6 20 42 12 83 86 72 31 9 97 18 2 88 30 34 0 79 73 2 83 27 36 51 74 13 86 53 83 25 57 28 34 14 55 70 12 10 73 20 54 69 41 63 92 8 45 20 22 33 33 16 82 81 79 20 33 90 46 97 0 1 78 24 63 60 12 9 35 30 44 98 39 48 78 75 31 35 38 50 4 25 56 2 44 30 90 87 32 7 68 78 23 78 60 45 1 2 25 91 99 87 0 84 46 48 64 67 85 86 82 72 71 55 38 63 4 78 94 59 71 30 70 57 92 47 81 76 85 34 87 98 37 6 80 78 89 86 76 6 87 22 12 14 77 17 33 90 42 7 6 49 33 41 40 81 83 79 56 99 78 94 36 31 42 43 94 59 69 25 71 47 81 92 44 98 12 99 59 58 69 26 18 59 79 87 34 26 57 49 80 58 78 95 16 30 90 85 75 57 52 44 79 95 8 21 36 83 63 49 36 6 76 4 75 28 2 87 71 35 50 60 51 23 38 61 10 30 50 90 27 22 35 6 25 3 48 11 68 56 
47 56 25 62 30 65 12 97 24 19 95 67 41 97 6 52 80 15 88 26 68 92 51 1 47 33 37 20 1 18 14 41 42 27 98 56 21 64 60 85 27 13 82 99 37 28 12 16 2 82 32 15 85 96 76 2 50 24 4 16 72 76 57 49 88 68 87 53 9 80 8 14 19 67 60 5 28 89 29 26 89 54 87 98 24 57 82 61 89 43 84 79 48 61 37 9 24 27 52 27 49 83 9 89 21 54 31 77 54 65 6 67 10 33 41 7 73 87 33 10 78 98 51 95 48 43 65 38 95 77 61 32 74 30 99 98 28 4 12 96 53 1 69 44 11 68 64 22 27 83 76 0 68 65 79 24 8 10 82 11 91 28 61 42 83 26 95 20 62 69 82 76 28 75 46 53 5 56 22 4 88 1 38 72 42 12 67 25 41 42 13 84 30 71 74 88 25 38 81 48 80 29 75 43 19 27 9 55 8 28 78 45 65 98 69 96 51 79 36 12 31 44 79 6 42 65 75 7 54 37 23 70 39 65 56 59 99 49 11 59 40 76 44 95 92 36 11 86 97 74 30 46 83 31 45 97 40 66 4 15 62 42 79 2 90 90 72 59 22 81 37 23 85 3 16 77 65 51 95 88 30 77 88 22 11 15 72 9 38 7 87 27 31 40 48 80 28 86 66 19 69 23 98 58 3 82 95 76 45 97 11 37 15 7 16 73 64 40 21 82 58 38 61 33 62 27 23 13 27 92 1 53 12 46 53 88 15 28 79 2 87 96 51 43 40 46 43 17 69 43 20 81 97 73 21 20 48 17 80 86 59 74 86 29 57 34 31 27 23 77 97 37 11 47 86 38 50 40 61 68 2 8 57 32 89 9 16 99 51 18 4 89 7 47 59 21 35 71 5 10 
55 55 83 21 80 33 69 30 51 62 57 18 12 77 10 74 27 31 39 83 88 84 10 96 49 39 14 70 11 45 72 55 58 45 20 31 15 16 80 15 49 83 32 96 33 13 90 42 46 4 3 3 87 10 22 8 44 41 88 78 46 54 68 16 23 70 33 76 39 41 10 81 36 82 6 68 72 75 18 2 95 21 36 37 57 9 15 75 8 7 91 37 43 35 86 84 69 76 32 27 40 93 55 30 13 57 74 27 24 40 59 22 18 66 44 66 55 69 36 45 33 22 48 67 73 78 67 79 14 4 32 48 67 73 55 22 91 15 80 75 29 70 80 80 99 44 58 53 95 4 56 81 55 62 14 31 64 95 93 35 41 56 24 70 23 91 59 24 7 11 66 97 53 77 10 46 30 88 30 89 31 69 91 93 64 34 30 1 85 44 4 67 74 29 18 9 62 93 92 91 10 54 54 97 66 54 78 16 99 37 19 63 83 52 74 60 89 38 59 1 25 42 64 90 10 74 16 58 81 19 11 90 3 73 61 40 80 7 96 37 6 76 52 89 25 22 51 83 71 27 15 50 5 69 18 68 95 7 23 86 61 46 5 59 67 21 22 72 42 6 18 17 45 44 84 91 50 47 80 38 52 98 41 32 34 98 97 16 99 85 72 84 88 57 43 90 89 79 89 64 38 25 80 55 2 72 50 81 21 45 93 63 68 73 41 67 38 41 1 53 64 64 98 55 63 56 79 78 59 16 5 66 35 19 28 12 16 98 48 11 9 94 43 57 15 58 76 70 16 57 71 1 72 6 74 57 73 85 22 22 66 20 42 76 86 24 36 77 27 77 56 10 91 99 45 78 75 80 1 96 21 14 89 68 93 46 23 19 46 10 37 88 93 20 54 27 66 84 8 10 
15 89 86 96 27 88 20 93 89 36 51 81 86 16 18 53 1 93 85 45 5 92 90 18 73 22 75 57 5 5 3 71 86 71 42 33 68 96 93 1 71 68 87 54 27 25 71 89 13 58 91 89 63 31 20 4 93 8 61 6 97 33 32 73 61 10 28 35 95 81 51 37 99 60 54 92 68 75 66 95 97 68 30 78 17 78 59 92 22 78 4 37 67 26 41 72 11 37 90 70 35 63 68 78 74 26 56 22 94 35 66 77 11 64 50 26 6 30 27 75 86 17 68 74 59 69 79 56 13 92 86 82 66 10 6 2 15 75 99 18 62 97 92 78 72 55 91 1 94 39 51 27 16 46 36 65 41 17 94 38 68 64 4 40 41 68 26 43 37 27 8 46 63 96 84 77 56 12 79 4 44 13 19 48 98 91 67 27 55 21 88 2 54 17 60 5 23 24 75 84 23 26 0 69 4 24 77 86 34 46 26 29 19 13 78 87 70 58 22 0 78 23 72 83 68 46 67 66 27 51 78 95 93 37 1 57 92 79 28 81 97 65 84 97 75 51 53 98 57 18 67 62 31 95 84 69 17 3 64 45 68 40 94 85 53 29 21 20 65 44 87 96 72 52 71 29 23 86 44 36 23 44 50 21 80 38 23 78 4 52 34 71 66 66 8 88 65 95 67 46 19 43 53 17 77 25 16 64 27 95 79 23 17 48 45 72 2 1 0 5 13 59 17 3 97 57 21 58 80 17 58 6 42 42 44 77 57 64 41 39 75 46 30 2 29 82 19 29 93 67 96 85 47 88 2 98 73 42 99 43 16 30 95 96 41 65 0 11 85 64 23 94 6 2 34 31 53 32 71 22 27 31 28 98 94 28 91 84 16 48 50 2 89 44 75 31 22 89 53 2 
52 59 62 26 57 42 12 88 77 59 77 4 29 76 35 88 27 10 67 89 27 44 98 72 27 34 57 27 79 25 91 84 43 67 76 75 99 84 2 95 26 22 1 98 48 16 3 29 8 33 44 17 94 67 7 65 35 84 86 13 65 65 76 91 84 18 42 37 80 9 47 52 19 73 61 11 12 62 57 27 22 28 54 35 68 28 49 75 81 42 47 23 82 63 63 34 40 66 34 86 65 53 69 36 93 61 11 37 23 62 17 20 61 69 57 52 24 51 8 17 31 80 18 10 90 85 72 79 46 78 32 65 66 64 4 48 2 70 3 79 37 46 77 31 94 95 18 31 8 38 7 98 61 63 15 90 41 76 19 20 0 59 78 4 34 22 61 68 44 69 98 83 22 6 20 54 6 38 40 9 53 91 21 30 84 67 29 25 73 83 18 2 38 94 82 94 12 40 43 62 29 60 68 60 15 67 3 10 22 63 5 95 68 46 44 63 99 49 36 42 68 39 84 59 89 60 52 56 24 16 11 11 3 17 23 31 29 55 34 12 1 26 95 17 27 14 3 7 35 21 40 95 66 44 78 15 87 52 75 20 34 8 13 8 17 62 81 86 99 20 73 25 30 83 19 33 53 74 48 46 88 67 31 87 52 98 18 95 2 33 87 88 17 24 50 30 28 10 95 49 78 21 82 25 98 68 49 50 86 56 2 75 99 14 59 22 97 2 5 62 74 68 69 2 24 82 48 16 74 93 73 43 2 2 99 26 2 81 56 13 20 69 83 36 83 9 55 53 18 44 90 63 83 5 37 86 60 35 38 39 86 26 56 6 97 18 89 45 18 78 45 77 50 11 85 6 92 40 27 67 77 98 32 84 68 15 43 58 65 24 48 4 29 2 34 24 61 50 53 74 
9 88 89 16 73 36 89 21 83 23 42 21 64 9 84 95 17 70 66 3 9 17 26 77 48 95 8 0 60 17 79 37 54 49 79 37 95 43 69 20 5 78 18 89 4 8 73 74 30 91 49 42 54 78 69 67 9 64 33 61 5 34 17 0 13 18 6 78 6 12 63 49 4 38 75 50 24 50 52 67 92 52 78 87 60 70 87 90 15 87 36 74 4 77 8 74 32 51 76 38 29 35 98 36 15 14 22 7 59 46 97 1 88 2 67 73 77 54 56 65 90 5 18 34 97 41 46 39 98 68 70 44 25 79 92 4 60 55 36 78 63 48 56 40 0 93 84 58 39 75 25 33 9 86 30 80 89 41 20 58 57 88 27 29 74 52 44 85 85 17 89 65 75 16 11 80 70 64 86 8 30 72 0 18 86 98 78 98 50 94 78 80 38 65 58 77 19 3 57 92 72 12 31 38 80 80 90 44 14 38 29 49 30 52 72 63 65 16 16 38 66 22 97 97 70 66 43 72 72 77 31 78 60 91 48 4 41 45 36 52 84 73 53 84 99 86 29 78 79 14 42 35 42 15 99 49 11 41 94 42 60 53 60 82 47 98 11 46 64 31 88 87 19 21 40 20 92 76 74 26 68 35 59 78 21 5 8 9 49 4 56 78 15 8 33 40 6 49 14 93 54 96 54 87 64 24 32 39 9 0 96 7 11 39 27 42 22 44 59 83 33 70 3 1 86 42 28 7 6 53 14 70 39 12 42 40 17 84 20 7 70 39 58 95 99 55 59 3 34 48 75 99 45 69 17 11 81 55 49 58 29 46 83 58 86 78 38 55 79 13 41 48 0 37 57 74 9 90 43 58 9 87 71 7 99 80 20 24 97 4 67 17 26 90 74 29 60 16 45 42 
19 18 2 18 46 84 34 26 14 72 8 70 19 27 72 61 89 57 14 14 13 16 35 8 60 17 33 0 78 24 41 77 49 2 68 2 59 89 86 66 17 68 95 87 27 90 84 6 84 0 7 94 28 2 31 97 45 3 95 71 4 84 47 78 40 35 87 83 71 12 98 47 80 10 43 76 8 10 48 61 26 47 85 19 25 35 26 20 26 29 78 88 69 81 25 43 92 17 31 26 92 50 26 54 94 47 38 14 94 65 7 55 25 8 49 78 58 0 30 87 87 15 22 0 50 70 66 12 54 7 84 0 27 25 17 58 64 53 40 69 69 36 91 35 64 72 76 80 3 9 22 59 2 77 55 64 14 23 14 18 42 12 79 91 90 72 60 53 27 36 27 53 10 91 42 50 14 47 65 78 24 8 40 77 68 66 57 79 13 22 1 77 48 57 84 19 44 74 63 11 38 29 8 18 11 78 55 83 56 6 62 65 21 39 71 0 39 6 13 27 23 32 51 61 50 75 29 75 78 8 34 97 7 88 10 89 51 42 9 43 86 93 3 37 31 42 78 54 45 48 69 69 76 17 20 68 96 21 6 7 9 29 40 69 63 92 5 77 9 31 90 89 59 93 3 62 32 49 53 8 1 75 90 59 87 60 51 73 8 4 3 71 76 38 88 72 42 47 7 33 71 41 55 92 18 3 42 79 32 7 99 26 35 12 5 41 31 6 48 31 57 86 89 66 82 30 86 8 13 79 41 50 76 0 92 44 46 54 93 32 10 18 43 92 72 78 2 42 49 88 99 78 38 54 77 48 18 49 78 95 72 47 12 77 94 63 60 55 5 33 78 47 24 61 67 32 31 70 4 0 78 59 50 23 45 35 11 44 43 25 84 22 37 78 34 4 86 34 15 21 
77 46 13 28 53 79 56 13 92 60 21 15 51 17 75 7 13 0 69 64 52 71 38 89 67 36 94 98 50 36 77 99 34 27 40 41 63 40 93 96 39 47 21 40 5 18 87 83 18 9 31 79 48 63 34 51 37 53 37 53 11 33 93 45 44 23 95 95 16 72 16 59 51 85 15 40 33 39 14 38 44 73 10 64 83 83 22 90 40 3 74 62 9 76 99 97 10 87 45 14 1 16 58 3 19 20 77 95 69 82 84 69 6 18 55 47 52 60 95 18 94 51 80 70 62 0 42 43 95 97 76 88 75 83 85 55 34 27 49 59 13 96 87 98 91 12 83 51 40 85 6 10 64 18 23 16 89 30 38 44 20 54 29 45 87 57 79 75 19 21 29 51 19 94 50 26 48 23 14 80 64 76 60 53 16 77 3 64 11 76 6 72 10 28 80 0 27 94 66 9 48 62 23 56 6 94 47 19 43 63 20 9 81 33 38 30 31 66 93 42 52 53 12 84 13 31 93 94 69 44 74 16 73 21 92 22 67 55 60 14 34 18 59 25 14 3 75 85 60 2 67 3 23 96 21 25 87 48 41 92 50 12 12 22 12 22 16 26 24 13 10 77 16 38 52 23 7 63 74 80 82 76 53 52 93 19 4 42 39 3 18 63 52 31 3 1 20 95 54 58 24 33 19 22 72 33 73 49 3 43 91 72 59 22 82 4 34 28 63 37 62 73 77 68 36 40 97 42 39 99 25 63 23 49 95 99 46 37 82 97 50 18 92 55 49 95 61 29 48 18 63 63 47 14 85 28 17 11 81 80 93 87 53 64 27 86 37 94 41 47 78 63 82 69 0 31 41 24 87 82 34 6 42 81 12 58 9 30 12 39 50 86 73 28 54 61 94 5 26 18 
43 15 3 38 55 19 10 87 23 66 88 88 75 30 17 52 85 78 36 97 39 5 80 55 69 85 55 85 22 28 50 73 95 86 92 86 98 8 83 77 28 3 48 10 8 2 2 70 17 23 85 3 32 61 31 88 70 9 13 88 83 36 33 94 37 95 17 14 92 37 24 87 77 5 15 38 4 57 6 77 91 78 15 58 52 80 44 51 49 56 36 76 43 7 50 14 62 84 2 27 24 3 28 31 42 78 99 65 21 3 43 26 43 50 65 28 30 62 87 65 77 61 92 89 49 32 1 27 55 12 87 80 71 67 39 73 61 49 52 51 50 26 55 83 56 9 77 81 12 32 30 34 33 0 34 27 19 99 28 27 7 66 49 77 65 28 28 0 85 57 39 69 62 50 39 48 84 7 46 66 46 94 90 78 77 13 6 34 35 73 82 62 40 75 77 0 41 50 28 89 53 14 56 70 16 9 27 19 29 61 51 51 70 55 25 70 0 70 15 28 79 34 90 33 75 22 18 16 13 43 37 74 83 55 68 87 74 34 95 77 66 93 16 26 76 42 21 78 97 54 61 15 23 1 94 18 40 42 62 43 83 75 67 1 54 58 24 3 77 50 72 20 63 79 79 28 6 96 12 73 63 48 34 45 63 49 73 8 21 69 62 62 70 56 96 15 84 80 11 85 32 1 25 0 15 50 92 14 78 63 93 14 38 7 29 22 5 76 73 79 95 34 58 21 90 31 68 31 74 48 86 99 58 93 75 85 35 21 82 2 56 89 14 35 71 31 37 38 87 15 1 80 23 56 23 85 43 50 34 69 12 51 89 24 50 87 66 65 13 46 49 35 29 75 31 68 87 73 21 3 81 18 61 62 72 55 64 11 28 48 13 48 25 78 86 81 94 74 13 11 
77 41 6 37 74 54 85 37 30 77 16 38 52 59 67 4 30 37 47 91 70 28 30 48 14 1 35 68 62 94 84 73 93 73 17 29 32 4 9 63 17 18 34 61 48 61 10 33 19 49 84 72 95 80 4 76 91 96 25 64 11 98 45 68 20 98 29 22 93 56 13 95 91 3 81 69 85 56 34 2 72 84 95 11 46 14 1 33 46 16 86 77 23 35 54 37 4 11 35 47 25 83 82 40 97 68 11 94 78 93 0 70 65 25 3 4 3 94 28 54 2 53 43 58 29 13 14 99 91 29 24 63 67 83 37 28 49 21 95 59 73 95 42 64 47 55 25 19 33 32 9 77 46 10 39 47 69 87 95 29 7 99 60 41 85 64 52 99 73 96 31 17 18 83 68 96 75 39 24 66 11 63 46 35 77 41 21 94 24 66 5 4 98 50 32 50 2 81 97 31 15 59 69 21 57 84 20 22 40 15 24 81 94 29 39 86 83 0 59 25 49 32 42 23 3 52 94 90 86 46 65 87 79 31 78 64 0 99 4 17 63 18 11 47 89 46 99 72 21 97 3 90 48 62 46 50 57 20 6 21 66 34 32 59 91 3 14 99 72 9 35 52 13 91 65 64 86 2 85 52 72 10 57 2 1 18 55 48 3 79 29 22 45 4 67 42 86 78 81 46 16 67 69 98 6 17 43 44 49 29 47 79 89 82 64 31 58 82 38 78 75 88 11 80 16 15 81 31 16 69 86 3 87 89 54 53 22 7 24 61 32 19 26 22 83 88 67 42 67 19 81 64 0 83 72 59 83 51 44 31 52 57 8 52 70 26 49 29 59 68 8 5 6 28 30 97 18 59 29 64 12 61 85 93 32 30 34 2 12 89 92 57 75 15 57 15 56 97 63 77 
72 11 1 34 57 94 7 69 4 90 26 41 90 55 44 23 56 19 42 8 57 21 29 16 67 9 62 0 80 96 45 49 52 50 42 75 41 29 42 98 89 98 76 93 56 43 46 96 51 89 56 40 89 7 1 71 61 72 50 1 86 48 69 91 75 42 15 50 23 4 15 45 3 1 50 13 86 48 22 70 82 97 88 71 20 38 90 59 16 15 24 82 45 91 2 46 55 94 19 50 58 75 60 7 21 93 59 41 13 36 4 96 12 37 98 76 88 8 73 81 42 65 56 35 83 48 57 88 43 83 76 3 92 75 93 50 65 37 73 22 4 78 24 36 59 41 39 18 63 77 61 80 96 69 60 79 29 73 31 66 76 3 64 14 59 36 32 8 25 78 12 76 3 56 76 45 60 35 63 13 21 12 55 30 1 74 53 87 53 98 37 5 17 93 4 50 66 69 80 92 3 65 14 3 71 39 27 64 80 97 13 11 83 30 76 93 4 34 69 33 99 43 61 49 74 55 31 23 33 96 20 7 89 9 13 4 11 47 15 94 43 68 67 98 61 81 90 98 75 46 99 26 41 26 64 2 57 30 26 6 6 73 93 58 42 64 56 11 72 90 58 46 22 81 33 4 90 27 90 52 78 25 75 41 80 1 41 87 77 58 81 44 16 52 16 67 70 83 19 34 54 86 98 78 92 12 31 44 64 85 7 93 26 35 87 10 13 92 19 50 30 89 79 80 0 9 18 31 19 81 26 31 98 52 29 92 8 78 14 15 88 3 87 21 5 89 14 49 19 93 36 30 20 33 75 29 84 48 70 4 97 86 43 23 24 26 51 65 16 7 54 5 28 97 26 34 61 29 31 11 64 78 56 83 22 63 22 37 33 14 99 57 14 93 61 32 55 97 27 88 
94 31 9 30 17 46 76 50 48 26 43 67 63 57 84 72 25 81 74 30 45 34 56 52 84 43 85 69 71 18 54 39 35 66 64 85 19 71 16 41 19 61 7 93 67 1 45 76 29 84 30 99 61 2 26 37 16 10 91 79 85 85 77 34 17 68 59 35 34 38 7 52 11 18 13 36 73 86 18 98 38 65 31 94 16 91 40 11 58 16 75 19 1 43 1 99 29 2 41 93 56 1 54 19 52 56 18 19 22 17 20 53 71 24 92 72 59 82 34 61 4 19 37 82 38 13 14 71 94 84 82 87 49 23 98 77 32 53 86 11 88 71 76 49 45 33 35 97 54 91 69 93 15 79 96 74 77 29 1 89 62 18 81 49 21 75 45 18 38 94 15 66 86 58 80 75 71 98 24 60 44 9 72 17 55 4 6 34 81 64 59 50 27 64 13 33 22 75 76 28 22 69 47 15 17 24 7 3 80 35 98 40 19 31 28 13 9 76 93 83 77 95 47 87 58 9 97 62 64 10 2 25 14 61 56 2 46 13 46 71 93 49 11 80 76 74 83 71 31 28 89 19 30 57 45 84 45 64 67 70 18 4 34 91 84 1 44 12 43 98 49 99 23 72 18 83 6 74 91 66 96 60 96 7 88 48 61 1 71 97 63 96 28 74 32 96 40 26 32 44 79 44 69 20 3 68 48 77 18 33 6 2 76 34 51 14 32 44 20 50 98 53 47 13 2 89 74 85 83 45 19 43 24 84 21 25 10 41 35 67 20 23 93 95 98 88 85 60 5 45 75 58 58 60 10 27 5 25 78 52 57 62 8 90 42 17 64 68 75 57 81 95 12 23 58 82 64 33 47 72 80 69 49 53 43 0 52 59 67 37 77 84 41 59 20 32 48 58 62 75 
63 5 79 37 60 54 98 73 73 64 50 36 27 93 99 62 79 78 4 58 3 63 85 31 67 89 46 55 88 30 44 34 26 40 58 78 31 50 19 62 8 3 47 70 88 3 1 52 78 52 98 72 51 76 0 42 76 27 99 51 87 66 10 45 22 86 55 31 81 13 20 58 18 82 15 4 51 95 13 71 98 65 28 88 62 41 56 49 78 31 51 34 55 44 36 94 23 82 86 51 21 66 92 97 91 55 98 84 96 78 99 59 88 45 59 34 24 99 19 56 23 37 59 80 88 18 82 40 8 64 36 41 65 26 38 83 10 97 10 6 9 17 95 57 36 12 5 97 45 18 63 45 41 2 49 36 51 37 85 84 43 82 97 76 49 10 63 25 15 77 7 98 54 90 88 91 8 33 3 53 49 49 36 39 37 19 19 62 2 88 27 95 62 35 25 64 73 95 29 28 52 63 51 14 56 0 3 98 49 29 41 73 70 80 37 47 97 17 1 60 56 37 53 42 71 60 94 58 60 86 10 40 45 43 83 24 58 77 14 56 80 56 57 58 59 1 94 8 34 56 69 43 19 42 96 75 30 97 59 58 86 73 27 23 54 61 57 4 61 53 42 40 2 17 38 17 83 58 4 93 20 78 76 89 55 16 29 65 87 54 92 52 71 84 84 21 88 36 66 12 2 9 49 51 49 73 15 72 17 43 74 88 14 34 15 74 53 82 1 21 99 89 72 51 63 52 48 21 18 90 51 36 71 63 62 67 53 38 57 55 66 79 9 97 80 64 28 55 14 70 0 41 64 34 10 62 99 20 49 14 98 79 27 31 20 25 8 26 84 59 15 39 15 76 86 76 89 31 3 42 28 46 13 24 91 88 41 99 68 70 62 95 87 94 67 50 50 84 50 57 
94 92 93 9 27 23 83 11 6 19 84 91 89 46 14 63 78 76 32 61 1 27 19 17 95 23 54 67 18 77 66 75 77 96 25 90 99 70 61 71 92 67 26 96 91 45 62 98 27 43 6 44 89 12 5 35 11 93 70 63 85 84 70 58 61 66 52 29 81 57 41 68 46 1 48 76 10 74 51 87 69 49 93 8 98 63 74 1 65 94 70 30 81 49 96 25 19 18 30 18 90 84 97 35 6 31 32 45 44 86 60 58 61 42 80 88 30 5 66 37 8 59 4 8 17 40 68 52 25 77 57 44 48 81 97 48 59 11 64 12 65 33 1 77 65 7 18 74 22 57 34 65 67 81 48 85 94 75 85 45 4 26 61 94 50 13 51 75 66 37 22 61 19 27 59 59 23 20 91 38 68 93 10 90 25 85 49 34 71 19 10 54 5 94 18 30 78 10 37 74 97 82 56 22 43 24 32 19 94 26 39 34 56 43 32 41 67 61 90 17 27 52 94 49 18 73 72 37 63 15 74 62 1 96 37 25 18 20 77 66 4 32 85 10 25 40 53 65 87 31 31 87 11 0 84 89 74 32 34 22 36 80 41 67 49 18 69 6 88 94 15 60 71 35 54 16 21 63 80 81 41 72 99 11 87 92 48 47 25 9 10 38 75 82 82 88 89 76 38 31 60 0 30 82 16 24 38 19 76 36 23 2 33 32 44 58 26 74 44 55 43 34 66 99 22 56 35 98 76 63 38 70 51 91 94 64 57 74 56 20 73 83 14 8 22 3 65 71 41 44 4 95 75 16 76 58 51 84 91 62 30 66 29 36 14 99 28 10 21 60 0 8 71 71 35 81 40 11 3 13 80 83 78 12 18 76 27 15 66 55 54 42 75 75 45 16 82 51 39 32 
46 74 37 13 22 91 50 30 40 77 13 43 62 80 51 37 75 29 3 93 47 36 84 87 52 38 62 1 81 4 28 65 46 96 83 99 54 22 55 96 86 0 20 32 80 42 11 89 93 78 8 82 31 70 75 56 82 56 80 76 8 76 10 38 8 44 70 54 33 92 36 8 94 17 92 56 93 60 74 1 30 5 3 34 83 90 88 61 9 80 76 88 87 13 87 79 1 21 7 33 9 55 15 20 97 94 13 99 14 80 88 6 57 63 54 88 5 3 71 37 2 84 69 41 12 97 99 1 64 74 64 75 60 37 37 97 41 79 18 79 69 42 31 95 87 64 18 10 28 76 21 17 74 65 25 45 19 31 88 5 29 51 25 91 60 50 61 73 64 12 98 10 11 86 26 25 32 65 39 72 9 46 3 32 27 40 41 60 50 30 66 60 91 95 8 79 31 79 63 59 84 40 32 98 42 95 19 39 99 23 15 10 84 18 79 46 61 17 50 93 96 10 68 55 40 66 45 89 79 42 24 11 74 56 10 63 75 7 86 59 85 32 2 48 10 45 40 69 49 25 33 27 61 93 46 2 47 92 40 48 2 47 95 25 34 64 72 43 87 87 16 79 72 15 63 18 31 8 73 57 45 35 22 92 48 81 63 69 61 11 57 17 79 84 92 26 74 92 32 46 42 59 3 34 60 89 83 89 6 15 88 19 43 43 16 42 84 25 14 33 54 12 41 68 53 47 59 6 47 73 58 54 12 39 55 7 46 99 64 75 17 33 49 71 54 18 26 49 79 86 3 50 51 89 33 18 8 86 98 50 98 72 55 68 1 17 30 74 78 99 12 27 79 71 34 93 29 37 52 53 58 26 94 10 92 96 25 6 28 5 71 71 85 65 39 95 30 75 74 75 
11 92 95 21 34 44 81 43 8 8 1 66 76 25 17 21 43 96 16 40 45 12 21 89 17 66 40 5 59 49 72 66 63 79 93 4 22 84 85 65 0 34 62 86 61 88 59 93 53 56 83 87 5 57 0 64 16 81 2 31 36 61 79 38 13 41 42 16 3 85 11 55 48 80 32 89 1 70 15 23 74 33 10 98 8 26 94 45 74 22 47 78 43 16 74 3 48 27 97 46 72 91 64 12 4 70 26 61 22 30 22 5 67 47 72 47 58 83 3 91 81 50 97 73 50 63 50 31 43 57 69 91 18 33 27 33 9 32 27 78 73 95 53 26 80 54 24 9 8 29 25 83 34 8 8 94 39 60 34 72 74 95 5 21 25 64 32 56 51 62 69 16 72 68 53 25 98 12 56 57 26 42 39 45 71 41 90 47 44 38 82 86 42 21 30 71 1 7 76 83 31 46 72 56 5 73 35 69 94 83 50 61 5 88 4 27 24 75 40 31 8 68 99 71 69 27 28 20 22 88 97 77 41 43 75 45 46 32 7 65 38 77 24 13 59 77 6 83 24 7 47 19 75 57 35 31 54 76 40 17 61 81 47 14 46 78 47 75 99 76 79 39 78 42 76 13 98 71 98 97 36 57 26 61 96 53 10 81 11 66 10 51 45 44 57 60 22 11 42 44 74 73 17 23 63 34 18 30 25 67 25 9 45 46 57 32 49 47 89 98 86 63 63 28 74 63 92 98 23 40 0 40 48 72 61 96 2 9 18 31 61 27 99 90 88 35 27 62 21 3 4 36 93 52 66 57 46 15 48 77 13 25 95 23 60 48 50 92 78 5 57 62 13 27 56 55 99 47 97 4 46 35 26 81 87 35 92 78 44 96 63 13 79 39 92 90 78 63 11 6 
42 95 34 5 39 49 52 22 29 60 62 3 6 69 26 56 10 50 73 1 55 50 42 31 55 59 62 26 20 6 18 51 93 5 78 17 70 2 87 53 94 21 45 86 12 71 86 26 37 63 66 26 50 17 59 24 93 93 76 4 61 50 19 96 35 9 7 4 60 42 43 86 74 18 92 87 13 12 20 63 42 58 65 92 34 71 87 87 30 35 94 76 68 90 84 79 67 95 81 25 39 41 12 18 52 21 89 81 50 17 11 17 3 54 7 22 34 7 55 68 94 61 53 19 73 46 95 61 95 7 93 79 33 94 61 48 38 47 64 25 14 78 0 78 7 25 55 80 50 56 66 71 43 88 19 63 13 62 62 13 45 4 35 92 54 23 62 80 14 75 55 54 56 51 69 65 47 95 5 99 56 59 86 24 41 24 87 57 61 7 11 33 24 83 63 24 65 23 22 55 19 23 44 98 60 0 19 52 19 57 64 72 92 94 95 16 48 28 61 39 17 53 72 9 20 26 26 28 70 85 63 15 19 32 7 61 60 5 52 87 93 9 18 37 55 34 18 48 87 64 74 47 80 66 48 90 57 53 38 79 5 49 7 65 29 23 96 67 64 58 8 74 48 91 86 62 96 12 6 64 53 71 55 17 29 76 1 15 29 74 24 55 51 10 50 96 44 26 26 35 60 85 92 23 68 50 1 14 7 20 59 99 47 19 49 8 84 91 38 79 1 54 27 45 79 52 12 77 22 10 24 92 84 31 32 20 78 40 62 95 11 22 67 82 49 36 50 69 44 97 91 32 42 89 90 73 90 40 37 86 13 3 18 51 18 68 39 60 57 96 15 62 73 63 50 90 95 77 5 97 69 89 41 66 55 84 32 20 31 85 70 75 54 90 6 23 91 14 84 27 
62 57 54 40 54 22 54 28 22 76 80 42 1 80 91 86 69 52 88 75 38 88 40 75 62 16 83 0 57 5 62 26 75 92 41 19 49 36 39 92 44 72 91 97 48 62 19 98 90 57 52 47 24 33 94 5 96 70 58 33 96 43 36 14 43 29 76 68 90 3 60 41 30 49 83 62 48 55 44 98 30 62 84 35 70 77 4 1 55 98 24 37 19 20 19 95 64 83 91 61 13 59 19 48 78 43 86 23 77 41 86 19 82 90 95 63 81 81 33 59 62 64 65 37 97 92 5 72 40 10 13 95 93 1 88 54 18 95 56 72 73 86 68 61 82 47 54 3 1 98 17 96 88 25 73 88 76 31 43 61 90 9 98 96 18 36 97 95 36 18 88 57 25 66 82 90 37 92 44 71 43 62 37 54 35 1 83 59 49 74 24 19 74 91 96 73 74 82 9 29 19 34 1 27 99 5 56 18 93 72 83 32 13 90 29 40 50 29 39 21 84 67 83 47 94 38 64 31 9 80 22 6 49 79 2 23 7 90 42 43 58 55 52 17 45 73 98 37 55 70 48 56 70 22 71 51 80 41 13 57 85 20 60 47 31 83 70 61 24 93 40 45 7 85 78 60 1 69 48 14 85 6 91 40 37 86 90 7 43 0 73 92 38 5 11 55 72 7 17 20 81 44 6 71 79 86 81 93 6 65 55 2 23 77 27 85 54 97 36 38 36 84 20 66 9 3 22 69 11 29 94 1 86 45 14 29 62 30 20 21 74 8 93 64 11 67 36 95 26 25 77 89 32 36 62 44 99 44 88 62 32 64 33 27 0 78 94 11 48 15 66 53 55 39 47 35 79 73 99 79 40 96 80 57 83 30 65 66 94 98 33 92 6 21 9 27 49 0 21 50 
71 5 77 18 88 78 8 31 47 30 85 22 91 0 49 19 27 54 25 42 53 73 45 6 66 89 99 28 18 49 51 83 85 54 1 60 26 85 2 85 0 60 6 67 46 88 77 38 11 22 59 84 10 94 85 93 0 31 50 46 60 81 12 13 1 41 94 18 72 46 54 86 23 37 41 79 72 75 63 16 99 31 66 61 99 7 19 26 98 93 30 47 85 61 6 85 27 30 46 34 19 35 53 85 81 81 65 37 38 94 82 95 27 24 57 9 88 28 80 26 71 36 65 63 37 25 99 93 99 57 12 46 27 91 86 33 52 43 66 80 6 33 38 86 57 30 68 66 82 19 49 51 41 94 0 4 71 46 74 77 25 19 58 99 37 32 43 14 59 42 41 64 53 24 98 74 3 6 58 92 36 50 79 68 62 54 65 86 59 82 37 81 97 18 16 74 34 55 65 80 32 17 63 87 2 7 38 76 14 76 9 39 18 8 30 1 2 62 39 81 16 40 20 19 52 33 16 76 36 69 23 94 31 59 66 25 24 57 61 44 59 48 39 81 54 4 59 46 46 41 62 60 27 88 74 83 88 40 48 6 29 31 24 83 75 34 13 48 37 47 83 52 1 95 68 39 3 20 19 55 45 39 17 68 51 60 57 22 63 21 75 75 58 9 99 37 16 13 1 77 55 64 23 22 41 55 22 58 23 82 55 9 92 32 57 9 86 59 7 58 36 64 30 48 66 9 33 93 94 38 48 7 23 55 92 16 91 26 63 11 67 89 54 63 72 93 94 91 84 15 26 36 74 21 73 90 26 49 57 70 53 29 34 75 66 97 88 56 92 65 96 25 93 26 33 53 7 79 31 25 25 72 63 0 64 95 79 45 29 26 25 50 9 98 76 0 84 94 94 62 
22 56 25 79 89 62 84 21 77 59 77 27 16 87 66 23 40 81 90 28 33 16 59 29 66 48 25 6 15 77 45 74 19 5 44 84 28 31 32 23 52 70 76 51 93 29 52 33 48 19 14 73 88 26 50 22 55 44 23 49 89 58 19 66 82 31 93 53 71 62 67 66 11 72 91 40 56 18 77 92 4 86 99 63 45 56 85 40 35 31 74 34 63 15 33 57 37 11 96 4 42 25 89 30 41 15 64 80 95 53 30 29 25 17 67 61 4 9 15 8 60 51 90 94 38 16 36 37 83 46 87 36 95 57 1 39 73 45 30 26 70 20 43 36 80 52 67 2 28 85 14 67 12 99 12 38 20 89 83 9 72 51 91 44 42 65 43 39 12 1 90 27 18 85 7 85 54 29 18 65 18 76 56 18 12 6 63 56 88 51 17 2 83 16 66 47 55 18 0 72 46 29 79 89 13 42 5 39 96 91 37 12 13 94 39 48 63 26 97 96 89 97 52 40 39 11 55 56 48 27 27 47 51 88 79 78 54 89 42 76 16 73 91 11 18 68 45 4 81 25 60 38 41 58 33 94 67 84 8 63 27 24 87 76 55 45 66 92 12 72 31 98 68 70 63 62 1 58 5 17 40 13 22 25 60 67 57 17 26 6 16 54 2 10 16 29 48 72 74 2 13 28 40 51 89 87 16 4 26 88 21 37 20 2 31 38 26 10 85 83 94 11 6 13 61 90 84 91 89 58 29 60 49 10 38 62 20 68 19 4 32 70 7 82 50 58 17 37 75 1 81 42 69 14 4 13 87 4 2 84 15 47 43 99 84 74 83 99 72 70 1 9 19 23 87 1 47 11 9 39 2 95 44 13 42 29 99 12 96 95 8 98 94 37 40 94 30 70 34 3 
64 71 38 64 84 91 99 53 23 12 0 12 9 19 49 80 9 38 66 25 14 28 72 60 28 37 77 74 44 17 72 38 30 4 79 57 58 37 85 53 51 1 90 85 48 24 43 63 19 15 74 45 31 11 59 27 95 84 28 24 8 29 67 71 13 42 7 83 86 82 5 81 20 77 40 35 97 54 25 8 5 53 96 37 3 48 82 96 42 40 59 95 95 44 64 14 37 14 91 97 80 26 12 57 84 81 38 27 29 65 80 19 19 3 30 60 82 21 64 40 74 57 85 64 92 20 50 6 94 50 87 59 72 20 44 97 43 59 95 28 39 19 24 46 94 11 26 81 28 0 5 48 70 85 93 91 86 47 80 38 52 1 93 12 50 33 78 35 5 93 42 16 99 77 22 93 33 40 84 86 60 18 37 92 84 60 2 99 43 97 71 72 12 2 18 52 50 2 68 68 31 57 56 61 52 15 88 63 25 0 78 58 85 56 50 59 74 2 18 30 99 8 58 16 1 15 64 31 16 18 62 28 70 5 79 40 23 12 9 3 23 61 91 92 70 44 24 88 83 84 31 6 58 11 9 59 35 48 91 99 55 65 53 89 65 45 54 8 1 39 41 90 53 20 52 99 17 71 33 80 14 1 88 99 39 38 57 24 94 89 29 33 44 72 17 61 45 8 24 50 55 91 19 21 45 23 30 97 16 90 7 7 28 35 39 11 45 76 17 51 49 39 41 76 96 67 10 93 0 55 17 90 22 97 77 69 33 1 41 47 59 70 80 99 44 18 72 60 81 33 4 73 59 27 73 67 21 95 0 38 28 52 34 3 92 38 66 40 80 43 81 72 58 9 76 4 60 38 62 5 23 87 63 63 65 92 59 63 38 82 53 14 34 16 46 24 41 94 54 0 
39 33 96 87 92 89 68 49 12 55 75 92 95 3 25 52 66 89 21 49 79 37 94 99 67 37 21 39 41 43 48 71 15 93 28 41 41 73 66 22 94 83 18 1 62 92 11 2 92 40 70 9 41 31 13 39 93 7 95 23 78 2 41 95 49 30 12 1 37 52 25 48 49 6 23 77 87 95 42 83 43 71 67 88 51 97 55 6 93 26 78 0 51 84 89 15 65 96 54 6 85 3 67 27 25 63 49 19 97 63 31 77 37 17 27 27 29 78 85 87 80 86 96 56 92 66 7 78 60 44 53 29 60 1 78 4 49 70 60 28 44 0 3 87 11 28 20 47 57 10 6 48 1 28 72 76 5 23 3 82 65 4 51 15 43 96 86 31 93 6 49 77 90 84 50 96 6 12 21 77 38 99 83 22 2 13 86 17 59 60 36 28 5 26 39 41 86 66 41 26 0 73 5 67 58 95 86 72 54 12 96 68 9 29 9 49 89 44 66 27 56 7 74 83 73 5 98 97 37 16 33 68 95 79 69 51 44 35 27 42 78 23 49 38 22 74 37 22 82 38 18 72 84 59 96 18 95 77 88 71 94 86 30 97 62 58 99 94 36 65 23 43 76 36 84 75 79 39 41 69 66 98 17 86 52 98 20 47 35 46 74 40 56 58 57 2 35 62 51 52 92 95 98 87 38 5 34 5 14 10 48 74 24 5 53 31 61 22 71 7 73 6 60 45 72 3 7 15 21 17 59 91 56 51 98 65 91 18 47 65 97 35 15 5 87 64 1 99 55 73 83 94 51 30 70 99 78 40 26 21 41 73 21 64 63 94 92 33 62 94 72 25 69 7 78 77 90 69 34 65 14 41 92 41 2 98 53 88 24 60 14 81 22 57 14 95 24 53 84 52 
19 92 91 27 82 26 73 43 0 39 28 25 66 56 30 1 2 63 28 61 59 31 8 64 51 54 54 53 28 52 37 55 33 37 31 79 17 67 83 17 0 82 2 48 51 76 6 43 75 3 43 95 93 11 71 19 34 4 76 4 80 78 5 58 85 98 84 78 27 36 74 53 58 23 60 37 18 39 91 38 83 30 16 69 38 51 90 1 27 19 30 82 45 38 54 33 0 34 79 49 75 77 0 67 64 56 56 38 27 60 35 99 92 2 65 86 73 46 26 84 49 71 76 17 28 73 19 35 91 94 72 90 61 28 48 91 12 59 76 67 95 1 20 37 69 55 91 7 3 41 22 0 18 0 87 74 96 43 8 60 63 46 84 51 74 66 87 17 21 5 67 34 18 11 3 38 37 23 28 84 98 34 96 85 4 39 89 74 52 59 39 92 34 28 50 14 50 52 70 91 78 68 97 98 66 64 48 50 81 33 59 47 35 18 33 43 14 18 5 45 16 48 91 53 74 49 36 24 44 11 77 38 7 5 36 63 96 54 71 64 34 95 13 78 65 45 57 68 37 24 77 37 42 90 39 98 24 76 77 80 91 82 74 53 62 15 87 83 12 82 95 35 55 70 96 80 47 41 51 88 48 59 48 12 23 47 93 97 67 14 13 64 59 45 35 36 62 14 40 25 97 55 22 44 65 41 55 13 20 99 28 59 47 46 42 89 38 85 94 26 23 91 72 11 92 46 15 41 95 76 13 4 40 33 76 22 87 79 58 54 93 1 61 88 7 94 42 81 94 55 40 60 40 83 43 77 73 69 46 96 37 32 23 59 75 4 30 97 59 58 4 38 30 40 84 16 70 68 21 43 36 8 20 39 32 74 42 85 75 13 10 89 41 52 54 26 91 83 44 18 
88 47 66 8 19 38 29 41 70 38 81 60 28 62 56 50 27 5 5 24 48 72 84 4 49 88 26 16 95 8 46 23 65 52 75 19 40 87 13 68 88 93 86 9 25 83 48 79 27 18 16 67 78 94 34 87 16 20 10 65 35 2 56 94 65 54 67 36 14 50 93 30 7 69 82 18 2 21 43 56 20 17 28 12 44 81 21 35 54 23 89 36 35 90 51 3 5 55 39 37 21 56 49 79 17 54 2 79 95 59 69 37 9 48 92 82 52 6 99 91 56 69 23 69 8 19 82 44 54 38 43 4 52 0 97 27 88 76 70 72 92 21 21 94 27 91 13 18 61 96 77 54 97 56 80 52 54 35 31 22 68 11 32 71 81 74 4 93 57 63 85 16 20 47 30 60 46 33 24 60 30 45 49 2 2 54 5 66 78 23 64 4 31 3 60 80 8 67 67 6 76 29 16 69 88 29 98 59 90 23 23 44 21 12 41 25 10 47 3 70 41 92 15 25 72 47 91 88 74 27 29 19 98 78 68 35 63 66 52 2 23 19 84 16 72 14 20 2 88 59 16 24 23 63 67 66 6 83 64 30 42 67 44 92 8 32 36 15 56 54 97 29 49 12 93 32 28 56 65 63 91 45 39 98 82 25 3 64 19 16 52 90 40 74 45 87 53 96 2 30 15 61 28 75 32 84 25 73 5 68 68 40 22 53 98 57 23 30 35 4 35 98 88 69 82 77 82 67 14 67 59 84 40 97 4 91 23 11 25 5 47 24 2 10 3 25 26 83 75 84 33 82 34 63 8 99 69 6 93 61 91 99 25 7 35 2 9 54 48 88 71 45 19 31 80 60 48 71 15 75 28 41 20 82 44 63 0 54 30 7 93 14 35 59 7 16 32 78 32 69 
74 82 99 98 54 99 71 56 99 72 52 36 1 43 45 21 3 34 9 76 38 59 59 3 85 47 92 40 13 81 59 20 1 67 20 51 95 12 40 16 35 19 90 93 6 64 12 85 34 14 55 98 74 47 25 61 23 42 70 42 49 14 37 52 22 29 19 8 9 56 27 6 16 57 63 50 56 10 71 85 88 51 89 21 65 11 32 15 34 6 32 37 24 4 80 41 5 4 65 20 82 98 41 48 85 39 22 85 71 62 1 55 38 63 42 68 89 49 61 38 79 79 34 0 82 77 7 83 95 54 66 40 81 38 20 95 54 13 34 12 19 27 77 18 65 59 60 79 35 92 84 89 40 20 95 84 32 84 48 31 1 57 15 87 17 53 66 27 80 13 20 18 80 87 55 89 98 30 45 74 83 98 89 33 91 23 53 96 75 68 92 79 86 62 15 60 89 49 16 37 77 47 10 94 67 22 61 25 60 54 59 80 39 79 30 9 11 51 50 74 23 1 47 6 94 9 19 11 86 59 87 94 71 39 87 81 91 34 38 24 85 56 32 70 5 9 59 35 93 80 51 30 67 84 43 74 21 68 16 97 91 73 47 90 29 87 69 44 50 23 72 35 29 78 89 3 1 75 48 75 76 95 87 46 72 71 38 69 52 25 34 25 86 46 24 82 97 1 94 39 14 67 46 0 5 46 9 59 0 20 74 16 75 58 76 68 68 54 36 27 46 15 6 45 89 0 21 41 87 32 75 24 7 37 20 95 70 48 4 82 18 86 12 75 37 98 77 11 51 11 37 3 46 83 1 95 23 20 8 11 10 11 36 9 77 80 95 4 95 83 22 93 50 81 46 90 15 9 38 24 49 45 74 21 81 61 45 70 89 70 39 77 61 6 21 53 75 9 20 81 
52 9 65 28 38 40 5 79 90 54 64 15 69 87 75 4 54 3 0 12 57 36 83 99 71 14 56 88 43 39 9 56 76 32 81 67 75 66 41 29 91 9 53 91 83 73 10 18 53 36 71 82 15 98 99 39 47 20 85 28 45 26 31 69 17 39 33 7 23 6 58 95 39 10 32 13 75 79 95 36 3 46 82 30 13 28 90 69 51 29 29 64 96 17 79 37 20 74 75 44 16 45 92 84 30 19 20 12 2 80 23 19 46 53 37 90 4 9 37 13 11 13 22 91 50 95 18 90 9 50 65 20 25 47 9 95 35 97 33 4 79 9 38 70 70 10 59 98 76 30 79 62 16 22 70 26 61 92 10 49 44 65 57 64 92 29 69 66 46 35 80 2 44 4 43 65 88 13 81 89 53 43 56 38 53 80 61 91 11 37 78 73 46 58 59 83 47 14 2 45 65 27 14 39 2 22 45 64 30 94 61 81 74 25 81 77 66 93 14 25 16 73 2 93 76 83 3 46 20 7 79 5 52 12 86 7 77 45 2 59 68 38 77 55 77 23 60 37 0 41 57 93 50 15 48 16 65 35 86 52 61 42 35 42 56 49 59 86 50 50 94 25 0 57 12 90 52 50 31 64 12 51 41 53 37 33 4 20 99 10 25 11 0 8 46 86 53 50 19 39 6 92 57 12 87 42 17 59 62 39 57 49 77 93 93 86 59 78 86 23 72 45 66 77 10 66 62 61 8 42 51 23 36 47 95 24 84 98 69 8 31 73 17 55 38 2 65 92 77 63 53 31 73 51 95 49 1 69 53 71 72 39 71 34 65 83 12 86 98 29 39 91 74 40 71 73 22 85 60 18 16 17 46 70 59 51 19 92 27 72 71 23 60 15 27 36 39 7 25 45 
10 39 71 3 40 89 33 96 55 62 7 86 62 49 21 17 39 72 24 23 12 40 45 95 1 37 87 8 80 2 85 22 61 90 59 98 34 51 34 15 76 12 43 19 12 5 54 99 85 99 42 26 59 48 38 48 38 76 84 1 52 20 46 34 2 98 41 85 42 86 70 84 90 54 45 5 11 96 31 58 0 92 97 9 42 57 5 71 50 29 75 37 30 93 60 70 38 56 59 89 44 71 48 7 72 32 66 22 51 25 87 60 73 22 8 49 18 70 40 49 50 46 90 21 38 99 1 6 45 34 84 38 86 50 0 86 8 52 26 17 59 40 84 82 24 57 14 77 22 28 11 62 13 34 64 81 66 32 2 81 21 33 83 75 55 65 39 87 25 29 53 11 43 81 73 54 10 48 17 60 43 74 58 77 93 12 88 62 53 25 73 38 1 11 61 92 27 95 76 98 56 6 8 18 84 87 53 3 81 95 58 71 52 86 10 65 27 10 59 42 66 10 53 25 56 94 83 71 14 46 68 48 4 97 21 41 16 51 76 59 32 42 98 74 28 42 52 62 10 85 98 41 52 11 41 67 26 98 57 16 42 63 29 62 15 34 96 90 69 22 28 22 22 23 6 38 88 18 64 78 18 0 71 66 22 77 22 26 91 2 60 57 80 18 40 83 83 26 50 98 96 10 0 77 98 46 0 35 18 49 12 26 99 34 2 4 46 44 69 2 67 61 45 43 83 28 34 79 83 43 25 5 7 90 25 59 88 65 47 0 79 90 10 51 68 39 32 53 87 85 34 75 61 49 1 83 64 22 87 63 9 22 92 8 92 74 44 89 80 2 33 4 21 71 56 54 78 41 74 25 43 14 44 98 46 33 29 22 36 0 10 15 6 55 7 81 17 20 45 67 
39 39 67 8 85 13 5 38 2 23 11 45 6 70 11 74 19 56 3 31 52 75 96 93 8 16 39 31 17 61 65 32 69 4 74 86 92 18 46 64 30 57 35 36 3 67 3 67 14 51 75 88 56 76 73 78 48 35 33 18 68 18 89 49 16 73 10 60 25 77 28 33 56 51 10 91 25 26 73 41 28 86 50 89 67 72 26 35 58 49 44 42 39 32 78 43 8 42 68 60 22 86 27 90 26 88 4 28 41 10 11 22 68 97 32 34 3 39 27 38 12 52 19 22 26 61 4 48 84 71 50 66 54 93 92 81 45 75 54 30 52 90 89 87 68 35 19 83 22 61 20 48 57 29 87 98 42 85 21 82 7 48 46 58 57 24 51 56 0 2 88 11 10 39 76 41 68 4 0 57 42 83 61 82 25 20 9 73 92 98 58 48 49 66 97 3 46 24 1 24 56 57 25 33 32 90 92 97 51 2 64 34 65 79 0 26 27 58 56 88 48 11 38 45 46 19 61 42 20 41 99 8 86 5 67 91 89 45 0 48 39 18 74 29 81 30 30 22 2 5 62 86 21 63 19 84 38 14 98 13 0 6 34 90 25 90 53 28 2 16 12 34 90 91 57 40 61 0 42 41 43 88 83 87 82 72 45 28 73 65 87 24 36 53 54 45 80 16 35 54 1 1 41 36 27 43 40 9 25 13 4 26 62 69 70 10 4 59 12 30 66 26 41 1 48 85 4 65 91 71 69 50 77 34 43 49 74 99 97 13 57 83 0 9 67 52 22 2 31 20 46 6 30 45 76 10 93 82 80 87 54 12 26 35 23 70 64 80 62 79 43 25 10 53 50 90 36 4 63 77 26 67 7 74 1 15 8 53 64 57 64 40 36 56 20 59 39 42 57 30 
20 21 87 64 16 6 29 18 55 30 53 75 33 93 12 32 57 24 49 82 31 40 75 85 81 11 16 44 49 31 95 77 65 55 98 79 46 75 59 30 51 52 41 73 69 89 22 48 48 29 81 94 94 99 39 25 84 24 52 37 93 73 97 49 6 74 8 91 5 35 99 77 54 40 97 62 91 77 56 48 60 53 39 51 42 28 21 11 58 96 28 33 66 62 8 67 11 36 8 34 76 43 58 77 0 37 84 81 65 55 52 40 76 45 8 75 55 11 13 91 1 58 87 3 98 30 0 56 69 1 31 86 82 39 27 16 35 45 58 63 48 85 17 3 10 4 10 58 5 18 77 93 49 60 27 63 25 48 37 22 72 19 34 79 33 35 6 99 80 66 39 50 16 44 76 44 26 42 87 3 85 46 39 89 44 36 71 32 78 65 23 22 29 18 15 19 0 22 76 46 66 40 82 58 31 76 68 78 68 89 87 37 37 46 66 70 59 40 53 4 1 64 46 95 63 90 40 45 74 75 34 55 52 75 83 37 4 70 0 24 27 42 60 59 10 77 66 70 69 23 83 12 16 91 24 68 49 48 54 93 55 54 34 1 29 50 63 63 48 6 52 12 63 82 26 51 62 87 32 53 70 56 44 44 78 29 15 97 81 85 15 30 31 70 10 84 37 54 67 26 80 46 18 14 73 71 71 64 5 93 48 88 16 40 9 62 37 29 71 91 10 16 57 37 65 60 26 58 65 15 66 49 87 43 72 97 61 30 20 60 20 20 8 54 64 44 51 77 4 78 10 12 23 16 11 21 33 56 2 85 72 22 27 5 52 47 85 37 10 58 93 87 18 50 52 3 54 21 37 62 5 44 60 95 26 39 32 10 77 7 32 34 27 78 85 77 92 86 21 53 
18 50 71 84 38 43 23 10 62 7 40 78 28 74 51 0 92 4 81 12 33 27 76 6 32 57 69 29 50 38 79 70 27 79 27 71 74 18 61 93 64 38 91 94 1 95 35 47 45 83 25 56 7 31 67 73 99 62 76 99 21 87 33 17 77 70 43 39 93 14 14 99 17 39 78 69 29 26 36 5 61 73 54 19 93 45 69 69 39 40 79 30 76 57 15 46 68 25 85 27 85 55 42 69 24 66 0 69 37 87 31 63 80 67 62 95 83 70 51 14 34 1 55 57 18 66 98 63 14 28 46 69 62 15 99 0 47 37 39 77 17 75 81 31 50 95 87 33 72 72 20 41 9 27 4 3 83 2 62 44 1 56 0 55 31 41 32 19 92 8 4 28 39 45 99 62 40 23 79 6 75 11 44 27 66 2 91 53 43 89 75 92 13 65 68 67 96 11 71 99 27 55 25 7 67 98 78 22 44 89 66 98 87 0 3 43 55 4 40 97 93 3 34 76 89 58 62 59 23 76 4 11 30 97 75 80 82 99 90 1 13 25 38 17 84 51 72 12 63 47 81 80 17 26 66 19 84 37 64 3 92 78 67 52 46 27 49 66 90 71 29 79 43 53 69 45 33 62 92 22 89 49 32 68 27 67 48 9 68 78 65 1 71 5 13 84 92 95 7 94 69 48 68 77 63 47 16 31 76 10 45 83 30 14 28 79 33 4 21 85 18 74 2 1 35 13 69 63 22 41 11 59 96 37 93 98 38 70 13 30 4 87 99 65 98 42 51 15 28 57 8 31 11 47 67 14 72 93 44 25 97 98 16 37 11 82 7 62 3 15 58 22 20 33 11 50 32 87 75 35 47 48 56 45 66 81 86 58 58 76 40 76 16 82 32 86 3 89 62 27 
23 14 61 80 97 75 93 78 25 30 34 91 85 2 39 41 50 96 57 11 58 38 86 39 31 58 57 50 34 98 55 52 21 13 15 21 40 34 59 3 41 6 13 28 96 4 33 66 60 53 60 32 69 97 33 84 34 4 38 65 13 75 4 83 30 88 56 93 83 6 80 91 44 36 36 55 79 84 42 86 35 10 47 22 26 19 56 26 7 51 85 52 11 43 13 84 46 65 71 19 94 33 63 33 90 23 64 1 96 63 44 50 93 96 61 62 45 67 46 24 92 29 97 2 55 15 39 6 6 93 41 10 89 87 1 38 70 74 45 26 59 82 30 8 75 60 41 36 37 20 84 3 46 56 83 1 6 50 29 97 99 34 55 56 95 29 15 73 37 44 76 90 79 23 69 9 51 68 15 54 89 74 69 93 10 55 53 75 27 8 70 67 72 97 95 10 73 33 25 12 62 41 95 34 23 36 36 16 62 73 94 63 67 67 56 83 91 85 83 26 26 74 96 28 53 26 28 31 67 38 39 89 92 31 75 6 40 57 2 50 82 1 87 92 57 68 93 16 2 31 26 44 54 10 25 95 94 17 77 85 59 72 55 95 10 78 52 26 88 73 72 29 58 83 27 29 83 14 41 63 2 59 89 11 17 42 44 37 41 73 71 71 18 74 12 40 85 36 40 88 32 28 96 45 95 15 81 26 65 60 34 67 21 53 21 87 17 14 73 47 22 92 4 51 60 66 34 84 69 25 41 69 55 32 64 94 45 46 92 77 85 46 91 73 92 82 95 53 0 6 0 31 13 25 42 98 42 55 60 16 83 38 47 81 86 73 60 9 61 65 91 33 75 77 35 71 78 59 13 62 78 45 98 82 78 46 71 3 34 38 98 62 12 46 75 72 29 21 37 83 
24 71 19 27 42 40 77 3 82 62 92 14 6 72 44 62 63 30 83 33 84 71 67 81 18 94 73 84 3 38 70 26 21 54 3 9 9 85 83 18 43 22 89 56 56 70 45 40 78 29 43 25 74 48 99 97 41 54 38 3 32 93 79 47 17 29 73 90 9 39 70 42 93 12 89 88 40 52 3 90 17 61 68 49 34 89 80 3 84 12 3 87 78 82 71 92 63 71 31 26 77 67 72 34 89 73 75 63 65 76 33 81 87 62 13 80 30 89 5 97 79 2 70 82 75 26 1 19 51 98 49 82 50 68 65 50 61 86 33 70 95 16 25 0 62 52 65 55 87 54 4 13 37 71 97 87 67 81 13 72 61 62 1 26 16 91 37 46 92 22 74 91 10 87 17 36 94 92 93 80 51 70 64 1 55 44 19 77 52 57 38 96 21 20 49 35 2 98 39 5 35 84 56 35 52 38 25 75 62 77 69 60 64 8 95 98 47 52 92 46 68 68 91 32 75 25 30 60 69 43 3 31 48 94 36 35 40 79 8 29 69 48 96 89 5 98 67 10 55 40 90 61 45 70 92 48 68 76 67 12 6 92 61 99 33 96 79 80 70 51 48 1 15 94 1 2 68 20 79 98 33 1 7 21 6 84 83 43 61 9 45 36 21 49 73 21 15 79 33 44 77 61 97 34 77 46 14 54 47 84 0 4 78 66 96 75 37 23 64 72 86 63 41 93 11 12 72 63 8 12 15 0 15 73 12 65 11 9 4 90 78 28 99 29 81 27 60 65 27 96 16 21 1 82 35 74 65 54 24 79 40 82 2 57 44 30 36 59 76 69 48 3 52 41 83 43 92 34 54 16 44 21 66 13 37 14 29 15 85 13 71 59 43 12 42 4 76 1 8 39 
8 72 85 32 15 78 70 22 95 26 97 88 42 4 70 98 14 6 44 62 63 63 56 12 64 44 13 3 38 45 99 92 97 70 91 16 67 48 61 1 54 36 48 94 8 69 45 72 77 29 42 5 13 20 84 11 61 10 32 35 22 19 72 47 29 50 28 41 97 47 54 4 44 57 73 62 10 22 88 94 31 10 29 51 64 48 67 3 95 15 82 66 89 95 70 83 89 7 6 9 94 33 2 13 17 71 95 62 52 47 71 61 89 22 14 57 56 63 0 82 4 45 36 8 49 48 86 98 14 12 98 29 15 15 2 81 17 60 70 37 91 73 77 21 81 44 53 36 1 99 66 7 13 42 38 59 86 24 76 64 13 50 88 69 11 67 72 67 68 3 58 40 90 20 13 38 60 79 13 43 54 34 19 96 67 16 52 20 1 88 73 61 72 67 38 93 7 25 27 41 87 46 99 81 0 96 45 52 17 15 89 60 54 47 72 70 60 83 66 47 81 93 35 46 14 83 47 9 71 19 82 49 72 1 27 21 80 8 21 45 76 31 67 62 96 64 68 16 96 61 91 18 78 7 85 76 83 90 72 49 50 30 5 87 1 8 54 21 38 13 81 7 28 43 49 75 91 70 69 51 74 73 40 54 14 21 40 84 87 18 16 80 53 50 81 98 62 30 32 68 91 59 50 72 23 5 98 53 5 11 64 40 66 29 90 12 11 87 74 15 75 0 54 82 82 70 17 69 41 31 7 71 94 48 31 4 59 78 25 80 37 57 71 60 35 74 7 10 50 3 60 86 7 16 45 15 70 44 92 77 42 29 51 82 55 77 41 3 40 97 84 54 63 69 85 16 68 95 23 38 99 8 48 55 33 3 27 69 31 28 25 40 75 88 2 93 78 87 78 0 
89 66 55 90 61 36 28 30 40 30 51 86 95 68 51 60 36 25 2 85 3 59 48 16 63 91 13 41 76 55 10 36 70 62 93 37 50 60 39 19 68 43 1 58 12 0 9 17 23 17 46 26 89 76 35 71 54 8 57 90 79 16 85 32 63 97 42 85 33 81 16 17 45 79 74 74 50 77 64 4 9 54 40 16 33 34 69 77 88 96 36 99 47 10 91 53 93 64 36 19 18 82 12 6 40 5 59 79 81 72 47 25 46 16 12 64 9 49 85 22 29 67 3 74 51 42 82 78 53 86 8 64 91 93 65 71 30 52 41 66 75 25 88 77 37 19 69 89 82 63 1 11 30 78 2 42 50 94 58 79 39 5 59 67 74 20 84 62 89 30 57 9 10 47 37 55 69 96 58 3 46 36 33 36 54 67 17 48 15 97 19 34 95 23 91 19 53 18 10 92 26 30 26 42 22 67 74 18 42 83 65 55 88 68 57 32 57 95 41 7 92 89 47 81 81 77 48 31 78 97 97 42 59 19 78 5 48 83 19 58 34 48 78 72 73 0 68 3 35 17 22 55 92 86 80 80 62 43 27 36 97 71 78 31 81 22 86 20 8 60 85 90 73 28 92 60 49 61 8 1 48 5 66 98 87 14 53 36 68 60 58 2 73 40 73 13 98 42 82 12 15 79 59 90 35 90 81 85 55 3 78 30 18 58 5 51 74 28 86 28 81 22 96 37 65 87 50 93 83 89 52 94 44 30 27 54 47 81 77 5 87 89 46 28 4 73 0 80 15 63 22 26 7 42 82 50 77 87 25 60 90 75 85 46 33 58 7 42 18 38 9 95 87 11 94 13 43 12 96 36 25 95 2 43 28 40 70 37 65 87 48 89 0 11 22 19 89 24 1 53 
29 46 69 28 30 28 43 94 79 87 62 90 40 81 75 87 24 68 72 32 81 91 70 83 94 82 72 47 5 65 89 16 99 12 58 17 14 82 91 89 88 72 86 12 70 36 65 10 66 81 47 62 7 68 30 64 62 10 11 39 9 85 18 51 83 24 73 27 75 19 6 78 6 46 81 90 31 36 11 34 77 68 61 50 42 41 14 53 74 90 31 99 6 50 10 78 93 97 95 14 23 55 59 75 41 5 67 50 26 65 52 18 43 40 40 57 82 36 25 59 67 33 95 92 33 87 54 88 43 8 70 13 24 82 57 8 48 55 16 33 79 63 15 63 3 28 73 80 53 41 40 75 89 30 2 64 1 48 69 72 95 0 77 28 55 18 39 33 4 97 91 57 45 19 20 61 74 96 42 61 57 99 70 60 4 35 13 87 62 14 43 24 45 15 13 63 45 65 58 63 50 25 33 30 23 70 90 5 40 47 78 74 75 39 16 62 69 76 23 82 22 76 28 59 99 48 79 72 11 30 23 70 7 75 1 58 75 10 38 79 73 97 69 57 75 39 65 14 46 34 9 50 6 11 21 23 49 66 22 67 91 42 63 10 23 50 73 3 17 0 92 54 50 52 12 82 32 31 38 84 91 82 98 21 53 98 61 65 57 70 63 73 18 28 3 24 13 43 65 14 63 19 4 32 59 61 6 70 54 31 64 88 44 51 75 22 70 42 80 15 59 24 93 84 57 24 97 47 36 97 85 11 99 12 44 64 15 37 98 86 18 71 37 91 40 15 94 41 62 51 6 65 97 43 44 4 30 11 72 36 10 9 66 22 88 99 21 88 18 80 44 8 5 58 37 95 48 6 25 70 42 81 16 11 2 51 78 94 27 46 6 24 11 88 43 78 23 89 39 53 
43 61 57 86 48 79 40 53 55 97 74 58 68 44 32 38 56 86 42 90 65 41 17 35 82 80 18 34 8 99 85 78 94 28 51 57 1 84 36 23 28 96 52 17 83 67 69 16 52 97 71 22 95 91 15 82 81 49 46 13 79 48 90 29 56 86 97 86 34 91 77 89 77 82 53 77 86 10 99 38 82 86 81 12 4 79 38 98 89 79 27 75 31 1 79 73 66 23 37 68 92 2 36 83 45 6 74 15 4 32 5 66 19 55 31 66 95 39 65 29 49 21 7 21 14 72 7 39 60 8 57 78 29 4 28 95 14 40 20 2 15 96 48 19 74 1 67 48 29 88 60 44 57 18 74 32 26 10 0 97 45 25 10 97 27 76 7 70 40 37 40 93 49 48 43 48 10 87 62 40 0 50 29 58 72 89 32 34 28 76 39 58 38 5 87 22 33 4 17 71 71 3 82 76 10 27 72 32 99 96 3 23 2 4 90 77 71 42 26 69 42 40 49 68 16 24 5 98 11 63 60 61 71 89 83 82 50 22 29 80 76 16 62 36 35 34 21 45 34 80 45 17 52 47 2 96 52 72 69 93 53 52 3 86 14 78 62 46 90 39 3 7 36 25 68 86 55 15 86 43 74 45 63 96 81 4 43 51 38 16 66 38 32 61 69 31 63 79 21 96 29 49 44 25 18 66 70 75 95 40 82 80 30 89 5 1 19 52 4 50 8 77 12 72 91 41 14 87 32 17 0 6 28 80 11 94 9 57 99 69 21 61 4 0 86 60 52 29 78 79 94 5 39 25 22 65 61 54 27 0 16 77 63 98 92 59 78 76 29 46 45 62 33 32 81 94 45 39 10 87 4 38 91 97 22 21 56 5 59 16 85 32 70 62 89 49 37 27 76 61 
94 36 95 73 26 44 26 87 3 58 72 84 78 58 63 94 96 18 38 93 87 32 82 71 21 43 3 50 58 36 18 56 11 55 67 57 96 65 84 86 69 93 73 28 19 88 96 17 44 63 92 82 20 15 18 26 28 99 79 21 96 65 93 88 2 79 47 32 32 84 92 11 14 70 93 80 90 26 92 28 71 87 3 51 40 79 45 42 26 26 8 70 82 4 96 63 38 6 62 78 31 16 76 62 98 26 54 96 10 46 25 11 85 99 29 64 17 5 98 59 74 72 77 87 99 19 11 98 41 94 69 73 13 25 88 43 72 18 62 41 29 85 57 87 21 70 24 76 83 40 25 91 24 95 44 27 54 53 75 36 70 97 89 32 69 68 38 42 59 98 78 62 29 13 45 32 41 27 77 65 49 72 37 75 21 51 46 90 7 86 47 54 11 66 94 13 18 29 70 22 20 54 55 20 94 38 70 37 90 77 6 50 55 1 71 24 32 96 87 5 28 70 83 68 7 10 82 40 9 84 9 23 79 97 23 91 17 25 41 26 89 69 7 45 63 35 51 9 15 30 27 77 94 85 9 31 39 10 9 63 7 31 46 9 68 37 92 15 31 83 6 37 66 83 19 15 11 19 96 59 97 52 56 23 72 16 39 9 71 39 14 27 77 91 13 27 62 66 82 11 60 29 26 63 98 20 1 27 78 70 84 21 11 64 53 14 25 31 29 65 20 89 26 25 60 68 44 79 30 60 21 83 0 57 93 6 99 67 2 11 19 43 25 91 77 24 84 85 53 31 19 4 40 88 18 84 40 93 33 16 22 48 75 65 24 37 74 90 71 47 81 10 52 63 79 63 24 9 94 8 4 16 6 6 13 81 69 19 76 59 94 32 1 76 18 68 41 65 19 1 
30 22 84 4 69 60 87 78 73 87 74 45 88 65 95 40 72 37 75 3 42 8 63 83 41 10 3 69 32 40 73 7 53 3 99 40 56 26 78 56 6 49 83 87 96 92 46 29 56 90 20 82 21 3 99 29 61 52 32 52 70 17 35 35 92 19 0 32 67 77 83 78 95 11 79 22 96 92 48 69 48 30 98 74 31 85 68 62 5 58 85 63 64 74 74 17 58 23 18 68 4 84 27 61 61 7 11 10 38 60 16 78 3 52 21 9 89 30 84 19 81 70 98 35 8 70 53 34 25 36 70 48 14 15 42 63 42 43 24 22 74 79 18 10 59 80 45 93 24 6 22 81 60 80 79 75 83 16 71 20 74 64 10 52 62 8 48 74 15 95 20 98 39 46 28 71 57 16 48 54 7 99 58 88 71 80 47 54 30 12 28 41 65 14 8 65 42 33 93 40 69 78 34 11 15 90 86 17 62 97 98 51 78 12 65 94 35 14 19 2 80 89 77 6 2 88 42 84 78 25 29 77 66 28 68 42 31 87 57 78 9 30 23 31 38 36 70 80 11 6 2 20 17 8 57 7 63 35 99 83 15 67 92 36 11 33 88 51 4 31 70 99 7 43 34 24 60 62 96 64 92 76 60 43 80 25 85 63 17 58 67 35 78 85 49 86 35 58 33 83 85 37 40 69 61 70 37 42 53 40 39 13 34 71 9 28 72 26 71 54 80 71 91 40 80 43 74 18 23 47 16 92 96 21 56 24 30 90 32 66 88 82 21 90 66 80 53 64 73 47 89 21 7 78 78 21 35 97 89 41 56 98 19 89 82 92 69 76 15 96 53 94 28 18 97 91 62 2 21 56 32 52 55 85 14 81 0 56 96 59 86 17 39 41 98 51 0 61 58 35 
96 98 75 26 77 14 79 50 9 94 40 20 35 42 21 36 1 11 91 94 42 23 17 73 17 67 74 69 73 98 29 75 12 22 31 0 3 49 54 46 90 2 42 84 27 85 8 5 96 76 91 90 27 55 70 94 62 0 80 63 56 65 91 96 43 80 33 11 9 73 75 96 31 19 56 36 7 11 7 81 16 29 50 10 60 43 36 82 78 83 50 84 61 92 45 47 67 41 38 97 79 44 70 45 94 96 64 50 62 51 49 9 35 96 89 11 98 50 74 91 30 32 84 14 54 88 56 85 54 36 81 78 12 78 60 60 86 75 99 46 0 43 10 90 11 2 88 52 63 38 48 92 58 96 14 22 13 8 83 99 16 18 27 0 10 14 8 52 98 61 16 31 86 87 57 31 26 40 34 59 76 14 12 38 60 10 3 92 45 70 68 35 11 42 77 76 43 13 75 43 58 9 82 88 45 24 86 53 92 2 89 93 29 75 26 66 16 80 79 80 68 5 74 44 91 80 3 6 65 94 25 74 72 54 29 2 75 55 88 27 36 84 81 44 6 82 85 62 43 3 47 36 10 22 66 60 96 58 61 76 10 12 4 59 88 54 77 26 88 91 57 90 13 75 83 42 85 1 98 2 75 20 64 64 51 96 13 75 47 80 28 6 24 93 90 99 77 32 89 24 4 90 92 61 11 28 87 40 3 92 55 14 19 68 36 23 86 40 50 16 33 96 31 9 96 98 21 81 80 2 8 28 10 53 52 72 76 47 30 86 53 89 4 67 86 89 92 12 88 22 1 2 64 30 36 36 8 22 94 60 82 52 76 11 59 50 81 98 1 28 78 83 22 49 57 42 83 27 63 85 59 64 7 78 44 61 48 1 55 6 74 35 26 7 73 16 35 39 37 79 
97 34 54 22 56 26 94 42 29 19 89 44 98 34 87 37 7 83 5 33 43 21 7 86 7 34 43 21 41 60 28 52 28 85 72 83 32 93 98 65 99 50 86 17 81 48 90 36 29 85 53 88 73 18 61 74 11 74 6 51 46 74 92 78 62 44 26 13 38 4 84 5 46 87 63 49 5 43 62 21 58 99 78 51 18 63 68 78 7 55 69 97 98 4 61 96 95 24 40 0 66 50 81 82 46 98 68 90 58 6 16 87 78 28 26 60 48 33 59 78 26 85 85 91 99 29 53 20 0 82 18 20 58 32 23 67 26 56 80 78 97 23 71 71 60 19 6 32 67 15 86 85 45 69 23 76 80 33 51 63 34 95 14 11 42 36 9 53 92 10 90 78 99 99 7 82 10 30 2 96 41 88 48 39 17 66 34 54 28 4 96 85 54 9 86 46 61 45 6 98 62 55 67 86 48 53 10 64 83 53 53 92 9 78 79 15 0 24 18 61 93 64 63 19 40 0 88 89 59 99 50 12 89 80 10 89 91 90 63 36 22 61 67 75 82 79 7 91 53 17 7 40 75 47 35 4 27 99 41 24 27 35 50 40 91 44 77 85 59 76 96 7 16 99 70 8 87 11 37 24 90 12 73 97 50 13 61 29 71 41 99 37 48 99 79 40 6 18 93 24 56 2 2 53 84 4 48 40 47 59 8 26 12 82 89 2 29 39 58 1 36 55 61 9 69 36 14 34 84 19 61 54 53 89 19 57 90 68 16 90 79 99 32 70 95 84 30 27 24 0 99 10 4 20 60 19 45 14 0 89 24 70 18 48 68 84 21 48 22 98 12 26 55 0 95 34 87 54 87 35 98 26 62 86 43 46 11 80 69 4 7 98 50 26 95 83 98 0 23 12 
2 76 14 60 23 38 27 62 76 41 50 89 54 81 10 82 21 30 2 82 60 16 72 32 20 84 40 35 75 66 65 55 50 89 51 16 64 11 24 81 13 58 77 96 15 53 42 8 51 5 22 52 93 54 79 30 93 75 2 95 37 3 95 32 27 40 11 1 33 52 74 51 72 98 52 83 83 71 5 73 55 79 27 54 97 64 14 78 45 69 42 31 1 65 83 70 31 42 24 93 54 67 46 26 41 53 93 42 0 73 42 14 48 23 58 8 73 81 69 35 30 6 75 63 4 11 76 8 71 31 39 99 7 41 8 47 25 97 12 76 98 30 23 80 56 25 64 89 88 7 96 63 6 38 6 93 27 99 80 5 53 97 0 94 63 21 81 23 25 88 94 74 52 82 28 67 68 71 61 8 13 92 56 26 53 73 97 88 3 2 52 57 5 54 53 43 32 11 19 6 41 69 3 0 0 91 63 51 33 24 52 39 10 51 97 37 22 89 84 84 85 35 58 83 23 24 29 2 43 31 54 4 88 37 37 96 55 21 51 1 78 43 83 63 88 78 96 70 32 30 94 25 19 1 89 1 81 92 28 18 5 63 89 54 53 89 18 94 10 43 95 30 52 63 27 61 58 40 97 73 34 21 12 12 29 35 88 55 36 49 47 36 81 45 93 84 69 70 38 87 12 6 12 46 36 42 16 72 79 51 1 82 36 81 92 25 76 91 37 79 83 5 89 18 37 56 87 97 11 98 63 64 69 29 53 36 10 6 93 45 45 49 22 23 42 56 23 2 48 61 73 45 81 21 49 45 45 91 81 17 21 71 99 12 61 82 88 75 74 96 16 59 87 60 56 40 46 30 23 38 29 31 89 55 76 22 52 28 37 57 25 83 46 59 45 65 57 33 28 49 
2 49 4 29 5 2 82 79 7 37 2 78 92 34 79 26 88 15 47 15 71 79 39 34 94 27 11 20 45 27 32 22 76 84 51 79 35 27 79 32 14 39 97 55 32 90 60 6 83 81 84 71 27 97 61 91 16 69 62 37 84 75 29 82 77 34 48 89 85 16 36 93 77 70 34 81 97 65 98 40 3 18 50 97 67 90 55 0 96 88 48 79 87 5 23 83 49 93 69 91 73 3 28 37 40 41 10 72 17 23 7 73 38 53 74 32 51 95 15 76 68 90 17 37 80 38 35 27 19 94 34 61 97 44 70 30 87 98 63 59 80 39 88 76 47 15 16 45 80 19 54 23 24 14 60 77 85 51 46 57 98 34 2 98 60 83 70 54 7 94 6 72 71 65 47 45 22 73 97 68 43 48 41 97 57 36 27 27 35 98 35 25 3 40 91 14 22 61 98 78 19 98 88 29 88 35 62 13 46 73 23 83 75 35 84 34 78 43 14 95 70 37 81 29 2 48 91 80 88 22 63 21 58 0 39 13 9 29 98 75 13 90 36 3 87 80 86 32 58 42 88 0 67 0 27 35 89 75 85 15 27 55 88 44 41 90 67 40 22 64 23 57 88 71 5 26 66 86 60 8 90 13 82 91 73 98 94 54 13 5 73 68 77 97 13 79 47 23 69 68 98 71 85 42 17 40 63 73 73 5 21 87 42 92 85 90 28 45 66 67 42 93 14 95 62 57 59 34 62 62 97 18 70 78 63 49 9 38 9 35 13 57 3 79 74 0 7 15 50 2 55 25 41 69 7 66 29 29 28 23 50 56 42 42 63 90 46 54 46 90 40 69 45 38 7 36 43 54 18 27 1 49 87 55 25 80 30 75 22 56 24 95 76 22 67 37 16 21 42 79 
63 54 59 46 42 42 2 85 32 81 38 52 18 91 32 63 49 32 68 94 81 54 29 81 26 24 46 3 61 51 6 8 44 41 93 58 53 39 65 92 37 99 10 18 99 57 31 93 87 67 29 35 36 64 77 95 91 31 12 37 98 49 90 68 32 1 64 62 31 61 63 50 80 30 17 37 65 45 89 76 17 39 18 56 17 69 45 99 77 83 44 37 43 34 77 6 85 80 51 65 18 25 58 3 23 4 54 80 75 96 88 67 65 70 19 33 3 96 75 67 62 11 16 83 62 23 55 52 89 14 15 13 95 73 69 68 86 67 12 86 61 22 97 69 45 87 95 94 10 95 65 34 99 32 85 6 46 21 80 36 91 77 92 17 21 76 28 76 70 97 20 93 90 65 8 28 50 88 41 48 83 46 59 78 27 81 65 59 17 98 63 73 61 49 77 50 89 92 50 82 18 83 18 97 38 74 39 22 81 42 50 80 5 44 53 2 76 22 51 29 72 24 78 59 22 10 77 14 62 23 50 17 29 56 1 38 28 50 61 35 18 37 36 99 89 84 80 74 37 49 0 21 59 73 21 80 91 99 11 83 45 10 8 90 59 34 25 61 40 62 68 2 49 38 49 30 92 68 94 67 72 28 58 36 70 20 79 64 36 39 10 50 53 57 94 16 32 22 4 20 16 42 71 24 66 57 85 59 79 61 67 10 7 86 86 2 24 46 2 62 92 44 92 60 75 95 66 40 48 53 70 62 66 62 82 85 14 98 57 29 87 37 39 41 87 6 60 81 82 61 73 10 87 59 59 99 92 79 46 55 54 64 39 15 55 80 47 8 2 2 78 76 39 67 62 39 51 78 57 70 80 79 94 30 45 24 95 41 39 16 55 59 40 6 78 20 98 67 65 68 
50 31 64 68 3 49 4 87 37 8 45 88 8 25 86 27 81 97 10 82 77 22 13 26 78 19 24 73 48 58 35 66 1 83 68 42 22 10 23 93 57 5 15 7 27 80 77 63 59 30 59 85 10 88 5 43 2 92 32 46 52 22 43 18 58 29 53 15 6 18 85 85 34 30 37 68 23 54 29 93 20 1 38 50 12 54 14 47 10 80 69 97 91 4 71 21 74 74 90 16 55 63 18 59 52 0 24 19 54 53 41 61 20 72 2 12 2 31 82 54 46 49 79 83 65 26 69 54 18 53 88 91 82 27 29 48 2 6 35 55 42 96 56 43 62 68 36 67 36 69 25 23 81 89 62 66 22 57 93 84 84 70 3 47 71 42 84 46 63 0 65 55 91 0 47 17 56 48 55 4 61 93 99 52 60 4 1 40 3 90 30 82 78 44 49 55 27 1 81 55 59 36 33 40 33 38 52 55 6 85 83 35 91 68 56 29 45 22 40 93 77 71 65 46 26 4 0 30 47 44 42 82 5 50 8 65 4 38 39 47 98 80 32 26 43 94 34 70 13 95 36 14 35 41 51 55 95 27 13 4 99 76 13 78 35 73 23 53 39 81 90 85 74 82 25 94 72 25 80 25 46 45 35 63 88 80 72 34 36 38 67 88 38 54 81 74 34 32 17 59 79 21 47 17 77 80 96 24 76 83 69 67 87 83 20 39 9 93 81 7 64 31 78 92 28 66 49 28 28 82 66 13 65 47 97 15 97 17 49 42 87 66 12 96 80 28 57 71 1 17 55 48 78 56 59 32 7 81 97 34 92 6 69 61 6 71 89 63 1 87 88 15 30 29 46 71 97 43 23 83 91 69 9 95 98 81 4 3 81 60 46 9 36 49 85 51 9 54 7 5 
73 8 27 35 51 39 94 54 2 32 63 52 91 61 66 51 25 37 69 16 69 66 63 34 72 70 70 17 63 28 16 60 1 18 67 98 66 57 33 81 5 32 4 79 8 73 6 34 24 12 11 16 70 57 56 15 84 96 86 64 28 74 27 6 94 59 87 33 70 96 27 45 35 94 86 50 53 30 48 15 96 94 29 66 52 53 72 50 29 56 50 94 23 69 16 18 30 19 21 68 42 81 86 17 57 0 94 22 52 49 27 49 35 11 35 81 74 68 79 78 19 40 67 49 33 46 14 40 30 64 24 93 89 2 24 77 17 3 72 77 10 39 48 36 99 77 88 45 70 99 52 60 16 62 65 65 82 67 91 30 15 53 16 60 64 18 74 12 6 84 63 16 77 53 61 3 10 55 10 4 40 35 25 89 44 27 75 3 14 9 59 15 48 57 6 42 2 24 78 10 64 82 44 14 74 26 7 72 21 83 36 38 57 44 97 90 19 24 22 80 41 15 93 87 36 34 10 23 91 14 7 47 47 84 94 57 48 76 64 85 95 36 28 42 47 64 96 71 43 29 18 57 98 51 14 72 60 80 48 87 28 95 41 63 41 42 70 48 22 5 0 25 18 19 28 58 56 7 75 68 61 96 60 72 86 27 69 51 2 98 74 44 57 65 82 77 27 4 35 13 32 30 11 85 2 19 55 56 67 79 12 6 69 12 73 37 29 50 64 93 71 37 79 78 23 75 30 55 66 7 89 48 30 39 64 17 73 6 21 69 68 22 85 80 20 61 10 19 2 69 26 40 77 24 54 82 28 4 48 42 76 88 85 33 38 43 95 64 88 8 79 42 79 74 97 98 17 34 26 47 88 75 76 85 36 6 36 71 63 68 52 69 63 53 18 78 7 42 82 67 
67 23 83 94 54 91 56 9 77 7 0 91 3 30 94 35 35 28 22 87 3 0 49 32 81 96 60 24 98 80 51 99 29 81 16 36 60 94 43 81 83 59 50 14 39 36 29 66 25 40 18 34 37 57 46 84 72 84 97 51 87 32 17 81 46 66 57 18 1 11 93 26 66 72 34 92 21 15 51 93 37 72 95 25 14 30 63 85 25 28 93 32 36 12 48 53 28 84 20 79 66 8 67 87 52 37 31 4 2 23 35 39 29 75 68 77 42 47 66 20 12 76 77 66 14 91 90 66 56 45 49 39 44 77 36 35 70 1 8 24 88 37 95 74 97 21 83 70 60 72 27 93 75 63 62 77 50 40 80 36 52 14 35 37 6 35 75 24 69 11 21 14 75 70 96 69 99 18 73 81 95 88 29 54 30 17 0 64 32 70 81 69 78 55 16 65 76 84 13 86 15 28 27 78 9 64 59 48 36 98 28 73 55 64 53 76 68 28 70 62 18 25 48 31 74 7 97 16 30 66 43 53 65 7 38 90 65 43 97 43 40 71 40 22 35 38 34 36 73 91 78 41 51 18 71 94 53 8 77 49 37 2 65 41 43 96 6 40 26 56 99 13 45 35 35 36 68 74 92 27 68 17 32 28 65 66 85 71 72 3 41 91 56 62 69 23 62 92 31 78 71 38 80 98 85 59 84 21 26 43 96 85 92 99 1 31 27 50 63 65 61 63 71 26 15 78 15 5 69 69 62 91 93 68 7 63 36 63 96 94 35 5 49 83 8 83 35 42 35 27 75 0 72 16 95 36 18 50 21 73 49 66 68 1 71 69 24 30 80 52 63 80 91 73 32 75 36 14 81 19 38 63 95 3 10 62 67 87 14 47 91 11 31 73 18 52 0 65 46 59 
79 64 67 35 99 14 59 34 52 84 62 17 2 61 40 22 35 17 82 71 52 29 39 88 9 47 97 49 18 2 57 86 1 49 47 80 93 3 91 46 63 63 4 79 39 37 92 67 3 36 28 50 53 49 3 41 39 71 55 96 54 41 61 38 84 65 15 36 48 12 61 21 83 56 37 1 99 96 7 77 46 18 38 6 1 42 25 81 91 27 13 65 55 29 48 39 17 33 21 34 83 37 29 92 16 38 29 2 99 35 13 59 61 2 52 77 59 28 86 33 45 10 38 9 59 75 47 28 82 41 99 98 0 94 19 81 93 36 97 11 26 3 45 77 57 36 95 79 22 86 94 44 89 38 31 11 46 13 37 75 18 25 34 30 85 36 70 49 95 49 77 41 99 97 88 33 96 62 96 50 57 93 59 14 7 9 3 95 52 16 69 2 51 89 34 94 96 69 43 68 69 76 47 41 99 10 76 17 34 74 42 28 30 93 42 0 38 86 73 86 38 91 7 99 81 55 30 75 16 68 30 21 35 96 13 77 28 38 32 32 92 74 1 17 15 44 21 93 86 94 70 25 67 81 9 94 99 88 35 85 17 16 98 35 48 4 96 60 56 42 96 25 81 16 45 91 47 65 35 57 68 0 58 85 92 5 13 21 63 66 63 9 89 48 61 88 47 27 18 77 77 79 2 65 50 31 13 16 57 62 2 79 91 5 69 3 73 1 37 5 61 64 70 62 36 27 17 68 84 65 67 33 57 43 95 52 32 33 44 0 10 82 47 0 6 73 76 55 19 78 95 10 44 69 87 82 3 28 46 82 51 64 2 6 42 95 61 83 61 41 66 52 47 88 93 97 39 68 32 67 9 19 33 8 89 80 58 83 21 77 10 69 71 92 69 83 81 58 14 72 
0 75 60 13 81 39 38 30 92 84 99 22 92 84 82 77 24 59 13 61 35 34 93 3 66 42 89 62 91 64 80 29 47 14 79 28 69 27 40 98 69 92 41 99 45 83 42 10 20 23 42 76 84 95 19 34 31 11 27 25 7 1 58 48 57 18 6 74 85 26 15 89 23 93 28 53 63 51 4 63 25 53 92 2 90 34 50 1 98 46 29 31 25 43 51 48 78 43 54 7 93 8 45 96 25 28 90 24 96 11 30 1 92 72 97 99 42 94 45 44 98 46 73 70 40 42 11 64 45 32 98 3 45 38 96 91 36 32 5 96 97 8 67 97 76 67 80 47 94 77 83 99 0 75 25 78 81 38 3 39 8 10 38 25 84 60 73 83 39 82 15 80 32 99 90 25 65 12 71 73 40 79 76 21 48 88 83 6 14 37 3 34 71 50 67 99 92 25 1 83 34 27 81 64 27 50 69 73 14 31 4 53 12 54 17 94 48 66 18 9 85 46 45 22 71 69 29 0 87 85 9 36 20 86 61 26 54 71 13 54 1 43 11 65 13 14 97 47 44 13 79 69 69 71 38 72 3 80 91 58 97 9 29 95 38 86 49 43 14 91 10 3 62 26 17 69 73 68 56 53 9 96 74 57 59 90 33 32 28 30 78 96 58 70 11 43 49 53 71 98 36 18 11 67 11 61 7 74 35 39 45 16 64 61 72 37 24 10 64 36 78 82 24 43 66 68 54 63 63 56 31 40 11 63 56 13 46 72 38 95 73 49 97 16 23 73 32 78 81 55 37 20 79 40 69 23 30 38 0 76 40 4 6 52 98 7 87 26 31 42 6 8 58 79 47 77 40 95 13 53 21 67 58 76 55 22 98 97 67 40 4 66 1 11 29 47 72 70 57 46 
53 57 76 12 2 19 73 65 49 5 58 49 33 0 65 72 2 89 18 59 80 3 89 42 8 76 40 94 97 11 44 50 91 26 19 52 16 13 27 81 4 44 64 46 90 61 76 32 25 50 84 87 36 94 69 97 49 9 68 82 23 87 75 11 0 7 90 39 43 6 27 99 24 42 99 28 75 62 13 3 39 21 72 17 58 54 20 63 30 21 52 85 28 41 45 86 59 49 0 90 52 3 25 0 27 47 21 7 30 11 30 97 8 16 1 37 3 84 41 20 81 87 24 67 56 11 48 57 7 25 51 50 35 99 52 45 93 43 46 80 73 31 30 19 19 76 18 81 55 10 86 76 54 22 45 23 71 49 6 87 79 59 70 32 31 21 10 7 64 74 67 11 90 10 47 49 20 59 29 8 77 80 14 5 47 22 91 98 41 33 35 60 39 30 0 59 55 37 66 34 7 75 46 93 20 93 78 40 89 96 99 40 84 43 50 29 42 97 87 74 43 86 37 98 30 75 49 3 36 21 63 9 71 55 83 64 20 79 10 74 86 21 31 17 83 89 40 30 96 85 44 80 51 34 98 5 91 89 87 15 62 79 27 92 37 56 49 84 49 83 26 28 99 55 2 95 29 87 19 88 34 75 76 85 94 85 10 46 4 98 47 29 70 8 6 23 6 50 34 91 0 53 90 52 93 4 5 45 96 23 90 84 64 71 99 62 53 8 1 5 6 72 6 40 43 17 7 71 76 94 77 44 55 23 17 76 43 88 60 33 0 60 78 51 6 51 16 48 50 9 32 81 56 82 30 65 32 77 25 95 17 35 38 46 49 70 81 33 90 60 58 95 27 49 2 5 22 76 53 56 29 27 20 39 15 79 53 38 47 56 47 2 29 75 91 82 60 11 47 15 
48 49 91 55 29 81 63 7 8 29 66 49 90 57 61 51 52 91 57 80 12 94 4 66 52 7 35 16 34 20 0 11 62 34 18 94 83 83 25 94 66 49 25 13 54 62 31 35 25 28 63 26 9 60 6 24 86 49 69 47 79 90 95 16 94 67 17 73 17 88 33 94 7 4 87 54 65 38 65 87 41 99 92 29 73 64 6 96 50 14 77 19 44 56 0 48 92 55 65 62 13 49 54 37 30 82 5 45 39 3 44 44 73 80 0 91 91 76 62 18 72 28 67 35 5 33 7 73 75 20 11 18 91 82 43 95 54 82 95 5 52 0 97 96 51 6 60 4 80 55 11 32 23 65 2 35 30 80 25 17 72 68 81 0 41 67 37 51 23 16 30 35 56 76 72 1 74 2 51 84 40 15 36 14 46 19 96 74 98 69 42 37 50 0 30 33 3 20 62 77 24 77 5 75 19 54 88 89 10 99 90 0 71 4 67 23 25 44 33 39 14 18 94 31 98 13 33 67 41 52 38 93 36 4 26 63 83 25 44 5 3 66 13 82 99 58 49 10 39 72 32 89 85 11 78 84 55 43 69 48 8 10 39 88 67 45 57 1 94 43 0 44 4 81 62 13 17 28 83 42 57 0 67 1 95 58 37 13 28 32 29 33 66 65 24 82 61 0 13 90 18 90 60 66 50 35 84 92 82 17 71 19 35 9 66 85 72 35 64 9 59 44 34 73 44 41 39 46 46 86 82 92 61 60 31 47 9 55 11 50 64 16 73 0 95 10 78 98 62 51 43 65 24 21 75 67 49 5 40 52 75 75 24 83 54 96 55 60 58 85 24 5 10 99 77 74 77 24 4 64 99 1 78 22 54 26 31 28 84 56 64 80 29 68 85 70 28 0 63 20 
93 64 10 53 29 83 34 40 27 99 48 93 4 70 4 98 26 48 60 41 54 42 56 38 33 24 66 59 90 22 38 0 25 87 17 74 46 23 84 79 69 93 0 5 42 79 52 24 55 78 34 10 76 93 25 14 21 19 2 86 34 10 85 8 23 22 60 12 22 93 1 94 0 49 97 77 75 79 83 65 47 61 99 11 26 13 19 69 62 67 32 51 32 56 94 1 7 83 54 97 32 17 11 91 33 76 47 14 10 44 41 11 66 41 34 41 70 18 46 21 71 15 58 44 34 60 14 13 77 2 7 96 42 19 40 33 57 63 6 70 86 29 57 18 73 61 66 63 69 9 14 27 72 72 45 36 67 45 58 82 79 23 68 22 12 34 87 37 8 25 8 19 90 3 97 75 30 61 68 68 71 62 93 10 90 13 48 62 19 10 63 33 52 55 72 11 53 75 36 42 96 96 64 76 96 1 73 18 34 44 70 85 59 49 8 51 44 36 84 86 84 81 25 97 31 7 5 60 54 3 60 69 82 44 91 91 98 6 84 65 2 80 80 82 48 0 30 84 90 43 54 70 65 76 80 80 28 37 45 20 0 64 72 23 15 90 5 26 64 53 36 50 62 97 40 11 77 33 31 39 61 36 67 21 70 84 3 80 26 30 77 89 53 29 70 52 34 53 27 3 35 28 14 91 17 29 92 30 80 48 5 58 74 11 83 8 96 60 15 64 8 57 78 88 4 74 70 31 66 37 33 58 34 48 11 21 61 79 59 25 78 26 46 43 84 77 92 7 71 79 16 82 97 31 78 44 41 36 96 56 28 32 6 3 11 91 18 0 35 50 54 39 35 3 89 93 0 79 20 60 33 36 0 0 87 70 78 53 15 11 64 47 85 6 40 1 30 55 42 37 
16 17 67 27 10 14 67 52 22 44 85 8 80 42 83 18 22 10 93 32 9 47 13 14 73 13 5 43 51 49 24 82 59 3 58 96 73 19 79 88 27 17 34 1 49 36 79 82 8 14 8 45 56 97 83 88 59 27 26 96 17 68 53 40 6 92 7 33 15 65 51 37 80 46 70 97 26 9 18 24 24 61 0 98 2 81 96 2 77 88 56 82 46 2 92 27 92 63 92 75 82 47 91 41 64 13 25 56 83 9 62 29 12 78 16 76 73 19 90 31 69 76 69 66 63 16 95 76 61 98 22 93 13 52 72 51 1 63 48 86 39 88 2 23 37 42 65 59 85 84 60 69 51 13 52 97 66 4 81 41 1 63 8 46 93 85 73 83 26 13 48 35 98 50 72 49 2 20 49 67 80 7 79 30 25 34 77 91 45 39 35 38 89 48 82 8 59 48 0 79 3 7 91 71 12 58 81 55 54 11 69 72 45 30 79 74 1 73 22 16 52 67 64 51 83 43 45 70 81 12 59 45 2 51 8 4 82 82 17 84 56 19 22 38 57 23 67 99 17 58 29 25 94 91 59 93 31 99 76 78 21 45 31 50 10 78 29 40 50 38 21 33 13 58 95 85 3 48 52 70 78 11 32 18 47 99 67 8 72 90 34 7 48 8 0 37 96 10 48 69 94 74 46 75 87 48 37 39 19 81 85 60 49 82 36 94 99 68 54 98 95 14 16 84 47 12 6 80 1 27 85 87 70 77 95 89 11 70 15 61 70 33 72 79 18 72 39 5 42 13 73 39 88 61 71 60 70 59 54 36 88 30 68 31 7 25 85 11 60 89 47 53 74 51 53 84 67 55 22 63 14 31 47 7 90 50 97 3 18 28 17 85 82 84 14 53 76 55 11 28 
57 74 53 51 30 1 7 59 35 37 24 41 87 95 57 21 70 70 76 56 95 79 78 0 48 10 71 64 33 45 65 47 19 11 46 57 89 60 13 59 91 8 23 20 20 65 67 77 45 94 27 35 10 48 53 88 34 56 72 53 16 52 84 83 53 68 85 60 26 59 93 55 27 17 31 87 77 95 42 46 35 33 94 44 94 2 39 18 52 83 26 25 72 12 61 15 5 84 28 73 80 4 74 85 85 12 40 10 6 63 48 63 23 26 30 26 52 60 77 0 55 98 23 48 3 54 43 69 98 82 53 11 85 25 49 49 56 82 66 0 92 79 57 40 4 99 92 83 81 1 55 34 45 68 47 94 40 46 86 32 84 53 53 58 95 78 62 97 10 25 72 77 95 24 20 33 66 65 64 3 32 20 62 29 27 82 99 7 84 38 4 13 71 76 30 93 35 94 40 58 14 38 82 3 85 61 83 75 67 52 27 4 73 24 13 80 18 55 20 71 71 34 81 32 79 36 49 74 97 37 17 43 6 40 33 59 70 23 46 28 43 90 54 56 40 60 53 14 38 34 45 48 87 57 53 69 61 18 35 81 81 30 75 55 29 19 60 98 5 5 83 89 94 54 98 27 32 25 42 31 35 27 4 51 79 36 60 89 20 37 15 82 45 66 69 62 3 1 40 54 67 23 54 24 78 10 86 41 63 1 61 55 40 81 67 30 43 61 48 20 19 75 80 80 67 78 74 96 36 2 70 67 75 22 90 24 81 49 5 13 79 63 67 16 71 13 5 35 1 7 18 75 93 7 20 60 16 4 12 8 71 36 0 60 16 40 76 88 0 33 29 2 44 21 37 8 31 87 16 94 49 38 48 70 31 14 21 21 9 95 3 18 70 0 39 68 15 61 41 92 
53 69 77 91 33 69 69 31 12 14 90 70 31 98 6 29 58 21 94 32 3 56 32 27 12 62 96 43 62 88 52 19 82 20 27 82 81 69 83 42 94 14 26 44 66 74 25 80 5 9 36 74 28 69 86 38 90 30 70 10 47 14 19 61 29 3 69 6 97 11 54 78 30 18 84 40 65 80 34 90 37 98 49 74 79 70 91 9 4 50 57 5 61 41 1 0 58 66 8 18 62 17 78 36 28 5 87 95 9 58 33 83 95 82 88 63 67 37 45 97 22 82 87 90 72 74 31 12 65 4 42 0 32 77 12 15 36 53 90 70 77 79 81 65 18 27 47 72 87 20 10 52 30 97 63 49 24 85 22 30 29 16 4 57 49 78 5 60 36 45 1 80 65 63 33 53 80 1 74 49 44 27 89 74 19 61 4 9 85 2 85 13 75 81 26 9 85 92 3 85 52 59 59 57 86 15 22 10 48 37 63 98 0 46 6 12 36 10 48 33 49 68 72 79 34 53 35 76 2 84 19 66 51 50 85 17 89 41 39 42 73 72 64 14 99 60 69 79 63 82 39 92 34 49 57 91 78 38 85 31 84 35 8 62 7 87 79 60 82 88 74 35 3 55 84 60 7 15 64 22 36 96 8 86 32 64 91 85 31 84 89 65 91 45 13 95 78 86 39 63 15 24 89 37 35 18 27 44 73 70 60 7 59 66 49 64 56 90 70 12 82 47 35 31 65 78 13 92 5 36 82 2 33 57 60 29 42 31 69 53 21 65 70 20 79 65 98 56 54 76 40 15 26 37 1 76 64 46 17 99 91 20 27 33 42 6 57 6 72 72 23 41 95 71 17 72 74 56 5 66 98 46 99 84 13 15 92 41 41 54 8 40 0 80 28 42 8 94 38 49 
4 14 27 3 60 88 98 59 58 78 13 5 63 83 17 76 29 86 26 46 68 80 98 17 70 73 72 21 87 37 80 60 25 87 42 72 26 57 33 31 81 7 66 22 6 90 38 93 25 29 39 78 17 9 89 29 14 25 0 96 20 92 94 30 38 81 3 47 52 94 15 17 74 31 9 92 40 63 82 46 17 2 13 37 25 41 13 63 62 51 30 99 60 42 19 82 59 78 16 4 23 17 93 73 6 27 6 99 37 53 49 32 64 26 99 27 5 21 82 87 55 63 15 34 61 71 29 7 85 95 90 18 31 96 13 37 10 63 95 85 11 56 63 58 34 37 3 38 14 88 0 58 5 16 17 36 5 84 63 33 74 45 64 81 76 25 30 85 32 66 95 22 44 42 38 44 85 23 5 1 18 13 20 98 85 77 7 63 44 28 6 62 57 44 39 62 17 48 9 70 69 97 11 56 70 66 91 1 84 55 1 72 95 75 40 93 47 63 33 31 70 96 91 41 71 55 47 44 22 13 39 90 55 31 67 47 53 26 62 43 93 60 8 65 0 81 20 83 18 6 51 93 74 74 38 25 9 24 34 71 84 17 17 91 29 52 80 63 44 49 98 57 75 78 59 72 22 27 21 23 87 22 91 71 78 48 21 73 36 80 71 59 90 33 15 99 72 28 77 37 16 53 85 43 60 98 93 87 28 93 42 77 64 10 54 18 45 17 60 52 12 8 87 90 35 15 31 39 63 26 36 99 3 21 95 38 20 51 66 43 0 64 24 29 89 70 56 26 53 17 74 89 30 65 29 66 41 39 24 38 26 97 32 65 26 40 77 19 39 12 6 23 17 64 80 75 81 15 95 83 90 65 69 0 3 25 8 18 52 57 26 24 17 91 99 77 94 17 12 91 
60 97 95 98 21 38 91 34 85 52 14 34 61 39 94 52 89 76 33 88 63 6 99 95 94 20 89 58 46 45 64 15 16 44 92 91 88 88 8 28 8 32 32 94 10 24 58 67 83 37 46 80 42 52 60 35 76 46 32 41 26 36 51 4 73 83 74 38 35 47 18 62 10 92 77 32 71 27 24 80 11 32 71 72 57 7 85 99 81 8 10 18 8 3 81 43 92 68 34 97 58 13 79 14 31 77 28 39 84 79 86 49 30 51 87 46 13 79 34 58 50 95 34 23 34 99 13 10 38 77 41 47 11 36 62 66 95 76 37 51 30 27 59 39 3 85 88 77 3 78 29 21 3 88 93 54 98 70 72 78 77 72 20 47 24 14 42 69 59 68 31 81 86 17 62 61 91 54 55 82 88 87 46 99 46 94 14 47 63 19 20 52 36 51 16 59 62 98 6 95 62 77 56 15 41 2 94 57 76 73 15 91 64 7 66 27 17 40 25 82 22 34 49 41 25 75 14 18 96 12 56 18 62 20 11 92 16 32 92 44 94 76 99 89 62 23 61 17 82 31 91 76 94 33 95 34 13 61 63 65 12 56 1 94 83 72 97 23 70 22 50 55 85 0 41 31 27 93 94 18 19 82 69 55 31 58 40 15 90 68 52 38 51 57 87 31 20 68 86 12 32 45 20 8 69 21 46 56 57 14 69 93 80 22 30 37 98 76 95 14 14 40 20 99 48 54 87 55 38 2 73 74 64 85 30 22 71 59 3 50 32 92 94 56 98 92 32 80 11 62 38 61 32 96 65 61 35 27 43 93 9 68 37 42 84 84 66 27 44 23 68 53 47 4 84 59 96 36 53 27 11 79 25 46 71 51 62 82 5 73 20 17 36 42 48 37 75 13 93 94 
81 53 86 32 80 66 49 26 45 71 2 84 24 30 10 39 67 71 57 25 26 14 25 28 72 49 35 10 88 75 1 64 79 79 29 59 39 85 0 35 6 38 38 22 65 65 62 81 38 15 41 58 88 70 61 78 95 45 7 35 70 41 44 63 0 54 64 28 4 84 7 88 73 70 47 6 99 82 59 4 5 37 25 51 9 73 17 83 29 5 70 85 17 19 7 25 28 87 6 51 46 9 71 22 49 13 53 12 19 87 45 81 74 72 88 41 95 14 14 1 46 73 38 13 32 46 42 40 4 78 86 47 31 45 53 49 54 67 17 21 83 6 8 74 16 86 95 7 27 23 6 27 5 8 38 85 63 33 63 2 96 25 66 64 86 42 58 55 55 77 63 0 57 40 9 64 7 94 76 50 53 22 49 15 58 8 96 39 10 9 41 90 3 76 70 59 6 66 44 71 52 30 89 20 43 76 95 59 95 83 73 50 25 1 19 78 74 11 33 84 7 25 29 89 55 26 81 77 78 53 70 69 13 96 5 97 11 0 31 15 41 32 40 26 49 88 70 98 63 75 60 4 69 51 41 86 56 58 29 54 32 79 95 50 65 7 98 38 13 62 88 28 99 54 59 92 67 28 67 30 22 3 47 2 87 56 78 18 18 36 75 51 84 5 21 41 72 9 54 66 5 21 92 90 42 17 16 9 99 92 37 74 70 94 31 12 56 40 11 95 22 13 86 0 66 25 47 9 31 33 16 52 64 39 63 17 46 27 22 61 96 74 18 47 72 77 14 8 60 66 79 89 30 47 36 8 67 75 49 66 72 26 34 44 83 28 58 6 32 12 0 79 99 50 56 74 38 73 10 43 55 50 42 17 22 38 95 9 97 37 29 77 41 96 7 93 69 64 34 44 
59 49 73 85 2 20 99 68 64 5 9 97 74 19 40 76 33 12 58 21 67 2 88 25 43 5 54 29 6 99 31 67 28 47 86 38 88 29 9 87 13 55 17 67 59 48 73 53 1 72 6 45 98 60 3 81 39 39 70 96 46 23 56 94 64 14 71 94 82 4 72 12 52 14 72 72 67 71 37 31 31 45 95 99 67 98 52 40 14 65 71 12 18 65 69 3 99 16 84 2 3 54 19 57 81 20 67 56 76 78 8 0 97 8 26 11 58 84 90 76 43 20 68 21 33 17 21 71 2 44 51 89 91 2 73 10 68 7 3 27 3 58 75 81 21 98 76 70 32 76 89 10 42 36 73 10 80 95 89 35 80 84 35 36 56 33 9 64 54 99 56 66 53 18 18 19 35 44 36 2 17 0 59 86 37 1 54 97 35 91 84 56 91 32 14 46 39 7 9 95 80 90 77 12 47 57 13 57 40 20 92 95 85 15 57 89 78 49 67 50 27 1 31 58 68 64 76 20 93 20 38 98 58 71 49 85 37 40 7 93 78 75 8 32 40 32 81 16 94 95 92 46 73 10 20 77 10 22 93 44 4 58 81 25 59 29 2 64 28 88 94 82 78 71 4 18 89 92 19 22 61 11 2 68 27 2 8 69 62 94 54 39 30 76 76 83 5 20 28 77 32 99 75 74 64 43 95 90 94 99 62 10 5 40 88 22 93 90 47 73 79 1 18 6 50 16 0 19 51 98 37 71 99 17 43 93 43 98 27 24 23 37 92 96 61 24 5 80 8 63 17 5 90 95 35 32 15 49 88 16 5 13 12 32 89 98 12 16 8 48 40 4 40 22 34 26 6 35 23 18 15 79 5 68 55 90 56 74 30 53 7 39 16 60 90 43 25 94 0 43 
24 19 57 4 37 71 19 93 20 45 73 8 22 24 26 27 94 27 55 25 12 80 78 64 39 1 50 10 70 32 30 55 86 62 26 36 83 81 71 16 96 40 49 61 69 30 43 49 4 30 95 8 68 67 93 75 71 98 58 68 48 74 70 29 48 7 42 60 18 63 89 91 36 23 82 95 52 90 42 86 15 29 15 53 25 5 78 8 1 91 40 59 47 91 65 55 13 18 42 98 87 93 30 25 51 78 46 39 58 39 1 37 16 65 29 49 74 93 73 53 3 38 52 43 93 72 91 15 21 98 78 58 63 37 20 91 78 89 6 41 56 95 33 16 53 77 48 45 34 55 28 50 19 88 38 43 0 3 19 26 16 11 11 78 77 41 11 88 15 63 32 27 13 65 29 59 3 12 3 52 59 88 44 23 74 9 70 91 90 65 32 32 48 77 37 2 21 90 24 54 60 76 12 75 12 58 48 54 77 76 81 59 28 35 76 13 13 53 11 15 44 12 88 20 3 5 90 42 22 0 69 65 69 24 10 57 33 13 42 4 38 7 28 53 21 9 11 18 19 1 28 48 87 51 81 27 65 65 56 13 89 72 1 62 58 10 47 13 3 56 97 78 38 69 54 33 38 39 31 56 36 64 75 84 60 98 20 53 92 70 81 60 90 54 58 89 71 50 4 41 16 75 7 83 83 89 20 44 60 26 59 27 54 24 78 93 52 83 89 14 53 4 92 1 15 29 16 40 30 74 22 76 47 51 2 81 74 89 29 3 15 83 68 73 45 63 2 64 60 42 27 42 51 82 4 27 24 35 8 51 6 51 0 55 21 8 74 37 71 30 69 74 62 32 62 39 95 98 56 9 49 67 64 21 62 7 59 69 59 36 11 22 12 10 46 89 97 37 95 99 
89 74 38 68 76 68 19 45 77 69 35 35 94 19 22 58 93 57 64 84 21 85 47 57 66 66 99 45 33 63 24 84 23 96 98 12 48 81 48 13 72 25 7 23 22 56 94 46 88 21 59 10 27 10 97 46 5 11 77 6 55 55 71 41 4 59 98 84 15 45 9 16 87 95 91 85 0 83 58 59 51 89 70 64 31 72 53 35 67 59 96 59 17 44 13 67 11 16 65 16 70 18 12 63 14 23 49 33 6 37 98 84 63 8 30 15 0 61 79 86 87 58 95 89 28 70 35 76 53 62 95 87 31 71 43 50 92 18 11 56 27 51 61 56 70 60 88 77 47 24 25 3 56 81 4 59 38 14 94 85 4 57 77 48 22 36 25 69 77 53 78 47 51 70 10 59 48 2 95 2 43 19 84 55 93 76 39 59 78 86 58 15 63 85 48 92 85 32 12 93 22 95 23 16 64 94 24 6 2 96 86 66 47 20 93 72 93 80 48 85 44 58 57 78 24 56 32 65 17 57 43 58 6 98 43 26 6 4 77 65 69 46 33 15 94 39 56 60 94 43 12 77 61 86 24 16 58 57 5 76 50 65 45 30 48 57 41 68 24 93 46 7 81 76 35 30 99 89 99 4 19 43 2 79 6 50 91 25 59 19 18 60 89 28 46 39 21 60 34 98 75 9 27 90 85 54 56 67 38 95 64 18 57 8 37 47 94 58 38 59 75 74 21 76 24 35 30 89 8 36 48 56 4 72 32 92 82 16 13 74 52 92 9 48 15 67 69 4 21 67 20 53 79 40 40 10 21 1 71 92 90 69 33 40 50 89 43 7 76 55 93 0 57 30 24 69 33 75 82 46 6 13 94 28 42 21 0 86 29 68 81 39 93 99 51 8 95 77 53 54 
64 49 57 23 30 71 18 58 76 95 12 85 29 5 64 2 75 96 76 56 5 81 68 16 3 9 10 28 7 23 61 20 12 11 85 93 58 91 40 77 73 51 71 80 60 93 55 64 42 31 51 8 78 23 2 36 56 30 81 82 1 0 42 0 95 28 14 61 87 69 63 8 10 80 77 24 87 55 37 76 96 54 85 4 18 32 4 61 39 95 44 16 76 49 25 24 13 10 37 31 49 62 7 21 56 95 84 61 22 73 7 79 2 46 16 84 53 59 91 64 25 98 67 29 65 44 48 48 10 27 92 5 92 79 62 56 76 99 34 32 84 32 43 69 74 88 32 5 28 19 96 2 57 79 77 26 85 39 41 41 61 55 59 5 17 51 82 82 79 27 55 54 2 99 30 0 8 56 73 4 9 24 35 56 17 84 15 61 89 94 69 12 27 5 17 29 13 44 52 38 2 21 68 91 92 0 40 19 5 6 48 72 72 78 15 92 42 53 66 71 18 55 72 62 75 24 58 21 3 79 77 8 18 14 71 9 81 8 87 26 53 59 53 44 6 7 26 72 54 92 91 62 65 37 83 55 14 79 12 64 60 59 60 82 13 26 20 28 3 10 27 37 10 22 72 41 94 34 40 38 40 29 58 1 53 37 21 85 41 3 88 84 51 46 14 80 73 45 28 33 77 1 19 58 50 62 9 55 4 21 50 27 1 78 55 80 6 17 68 13 71 45 35 39 34 55 71 64 1 85 78 44 39 26 43 16 74 95 50 62 76 6 41 58 92 1 21 92 56 93 55 11 59 9 6 65 40 52 28 98 92 50 15 30 68 81 89 49 80 39 40 2 3 79 98 32 18 35 16 41 89 7 61 9 66 51 94 2 74 64 66 69 58 30 14 18 57 20 80 60 
76 89 73 71 59 83 83 36 67 0 89 5 79 21 78 27 21 65 28 86 77 59 4 11 57 76 82 22 26 46 36 59 38 6 75 24 27 28 6 82 76 91 51 28 21 41 31 97 9 55 39 27 85 36 22 53 31 66 5 97 76 8 22 88 70 77 35 94 53 99 53 90 55 29 9 92 13 48 8 87 9 11 74 25 39 27 38 89 98 37 56 6 91 51 16 42 54 24 93 54 57 98 94 68 99 75 12 76 13 26 12 32 56 93 24 80 76 70 60 53 81 79 79 53 44 13 71 19 17 80 24 58 93 11 22 30 81 29 92 75 79 71 91 13 7 33 64 87 75 50 99 37 28 22 9 35 59 6 29 48 33 92 10 28 77 54 40 79 39 79 30 60 13 75 4 46 13 11 26 42 99 49 5 33 7 46 15 92 98 79 56 95 55 24 68 10 42 71 38 76 22 82 6 2 1 92 44 86 75 4 85 79 28 33 30 69 23 36 9 25 4 94 34 23 31 45 22 74 91 94 7 76 90 68 43 79 29 4 91 39 45 0 47 33 95 88 36 9 64 9 76 58 90 36 90 29 67 90 56 89 72 96 97 47 15 88 8 34 5 16 24 32 2 80 38 41 29 23 63 86 19 30 91 28 22 15 14 98 55 23 81 45 63 45 74 98 77 45 45 27 18 97 65 63 97 36 3 21 24 52 88 24 86 29 18 6 12 68 84 50 26 79 51 60 31 58 17 75 63 59 24 48 56 23 73 64 44 77 4 24 99 77 77 98 5 72 78 72 92 55 12 3 77 84 56 19 28 9 48 80 53 29 51 25 53 90 57 19 45 41 40 34 63 65 67 96 85 5 83 11 87 9 31 77 5 79 64 13 70 63 67 98 2 3 90 82 80 11 87 31 
44 30 62 29 57 81 96 96 82 45 54 61 73 30 96 14 84 32 27 88 23 17 9 87 18 93 15 48 77 51 52 4 83 63 10 35 17 99 16 47 98 69 1 99 65 51 35 62 86 65 0 70 38 89 48 26 19 51 84 71 87 1 22 34 90 16 20 64 71 52 77 21 51 18 93 76 40 54 68 77 47 8 80 1 99 62 7 71 91 67 65 90 46 0 80 56 40 20 72 62 74 86 18 91 12 10 83 89 21 64 9 37 53 90 78 21 36 91 46 20 37 67 8 82 53 89 42 66 51 77 7 91 38 23 87 33 89 49 30 94 86 8 92 2 32 51 99 7 13 19 87 41 39 21 27 22 54 37 17 66 42 71 21 79 4 82 74 47 5 66 76 86 67 26 57 9 65 72 42 8 96 3 59 97 84 54 20 40 62 37 19 14 11 63 51 3 97 1 57 76 60 67 56 42 20 39 83 42 94 12 56 84 25 50 77 63 94 23 60 99 46 45 74 67 86 32 90 90 14 35 6 16 0 90 21 60 28 82 89 96 39 33 60 85 89 14 16 0 56 82 70 94 98 2 38 39 89 74 95 51 65 84 64 36 32 82 70 29 33 59 82 9 15 41 53 3 20 8 24 91 46 35 12 58 44 7 56 68 60 60 79 27 85 72 52 99 23 89 62 64 44 58 35 65 3 78 77 5 1 7 13 26 86 82 60 71 6 62 31 39 22 46 78 17 62 36 77 12 78 70 56 17 78 38 18 45 60 91 23 81 3 55 73 35 93 15 5 73 6 32 24 81 98 3 1 11 7 46 81 71 21 50 63 47 29 24 54 18 64 85 85 98 96 26 80 71 59 67 67 26 92 82 23 52 42 41 49 79 52 54 31 71 10 72 9 92 64 40 91 32 
