57 82 43 21 74 37 64 42 3 94 42 95 6 47 65 48 6 78 84 9 32 49 92 71 75 45 55 13 10 10 63 73 76 55 55 83 27 25 97 86 51 14 55 23 18 73 60 5 91 53 96 31 61 94 87 73 23 7 93 69 56 73 32 79 57 6 74 62 11 25 97 86 54 4 27 78 14 96 92 90 14 51 57 50 47 82 53 9 83 72 74 97 10 68 93 97 56 16 10 14 40 60 19 81 95 57 83 44 4 4 35 56 3 2 32 41 12 36 26 46 31 39 60 75 19 97 25 88 70 34 80 15 37 55 42 58 22 66 39 46 45 20 4 8 82 80 68 71 34 82 42 51 28 83 45 61 55 65 13 24 85 2 81 74 22 22 53 90 67 10 5 63 7 43 17 82 31 69 92 95 60 40 51 55 53 0 51 51 68 94 12 57 71 92 42 69 96 76 7 98 60 54 96 68 16 7 90 47 63 65 24 51 24 70 34 55 79 51 23 29 64 27 79 45 69 43 92 27 38 90 22 9 97 45 37 54 22 91 41 9 18 55 7 17 46 86 23 12 59 96 54 74 17 11 96 97 10 21 0 62 17 7 80 30 97 70 29 59 57 89 80 54 37 89 63 33 64 13 40 20 11 17 89 58 99 31 81 16 27 16 36 65 49 24 31 57 31 99 71 71 86 60 8 68 85 89 66 18 77 20 47 83 26 95 13 14 30 17 42 5 40 16 75 59 45 31 45 63 49 54 42 48 11 34 76 51 34 18 78 52 1 13 12 3 58 48 25 28 70 12 72 79 89 48 14 28 13 18 8 71 96 67 16 67 7 41 18 56 8 57 86 51 86 7 56 99 93 41 91 48 97 97 11 97 2 83 63 71 55 10 2 24 51 32 9 62 0 46 70 33 
60 44 44 64 24 13 74 56 16 9 12 86 11 23 61 92 12 41 50 41 41 98 5 15 58 6 57 46 97 37 60 19 99 86 93 3 95 64 19 90 11 65 35 17 38 80 27 4 3 56 51 0 39 28 73 56 85 27 26 66 8 93 49 63 18 78 98 32 37 1 47 9 91 86 72 64 22 34 10 33 63 25 69 30 16 38 1 98 57 25 44 18 34 57 3 89 54 37 71 11 41 78 82 85 97 22 2 69 82 32 99 37 33 34 96 90 56 72 16 35 56 30 63 43 34 9 23 11 50 47 22 14 28 35 29 28 79 66 8 5 59 29 32 60 46 75 5 11 24 38 95 69 53 71 84 79 54 7 33 87 6 98 76 23 1 54 87 51 98 46 11 35 16 86 90 4 79 85 76 65 3 96 28 40 13 95 49 78 22 70 65 59 38 75 95 25 89 25 2 12 92 5 33 58 11 11 73 75 7 87 47 86 93 88 57 79 98 31 70 34 1 89 54 39 17 4 10 24 3 56 94 41 44 92 34 1 15 76 38 65 98 13 53 39 91 90 80 35 12 95 23 71 76 35 32 69 27 13 70 56 99 2 78 58 69 42 7 32 92 62 80 51 91 44 11 75 12 96 17 47 97 69 91 65 33 52 72 20 39 73 54 92 51 25 7 76 71 59 95 35 36 50 1 15 11 62 40 17 28 91 11 48 6 92 87 48 82 20 78 52 89 3 92 23 69 43 81 59 50 38 95 72 73 4 54 38 43 35 88 90 34 37 95 7 96 98 56 94 52 9 98 80 88 87 64 37 42 57 12 29 33 83 64 57 54 38 2 22 44 88 26 79 93 62 94 84 24 33 18 90 39 69 46 36 46 94 32 81 31 8 7 83 17 87 22 82 50 50 7 39 
27 95 68 88 80 18 71 58 70 29 72 3 81 12 52 57 49 53 25 2 65 73 52 41 74 85 1 37 67 95 72 41 30 57 63 17 98 52 83 79 28 98 17 44 47 69 62 95 52 50 55 29 16 27 98 24 36 3 1 19 29 10 4 42 45 31 54 34 16 18 21 5 56 49 23 94 7 72 70 44 57 56 79 34 14 93 54 66 54 85 22 12 46 67 21 65 43 26 10 22 57 92 30 76 43 5 65 80 86 14 99 18 57 79 59 41 77 26 47 53 75 67 91 56 23 61 75 74 97 2 70 33 34 53 3 14 53 0 17 48 1 4 4 96 57 55 63 34 44 76 18 71 13 74 63 80 2 64 94 14 29 25 87 11 32 93 27 75 12 14 56 65 63 80 81 62 6 54 44 53 77 56 47 29 40 41 87 20 89 24 52 28 86 32 39 24 18 34 54 27 93 73 96 76 48 17 80 81 85 99 90 64 82 41 18 72 21 76 62 50 42 98 94 57 15 93 17 61 99 48 93 45 85 91 97 52 63 94 60 70 23 58 25 21 80 37 3 80 38 47 36 7 33 88 46 93 53 54 21 30 14 83 2 25 81 82 92 3 52 30 99 74 19 45 82 82 36 78 39 87 48 6 18 93 36 54 70 63 35 8 4 84 8 62 52 55 67 31 39 29 68 82 96 82 69 59 16 96 25 14 34 11 41 48 78 48 45 26 28 73 62 97 60 8 72 57 38 52 68 76 96 80 28 33 47 29 8 76 10 35 80 3 2 18 77 92 30 65 46 11 6 78 43 54 93 83 81 30 68 64 65 24 54 84 26 1 49 78 31 21 38 68 2 42 98 77 6 10 21 39 31 95 63 46 0 46 4 69 24 77 50 94 62 70 75 87 51 97 40 28 
33 61 50 77 28 5 40 79 73 44 67 45 72 73 96 8 18 6 44 79 16 22 5 26 91 95 56 12 77 18 82 3 24 73 49 55 3 64 7 75 21 31 22 33 58 17 16 30 57 71 58 98 23 10 35 62 99 47 94 11 29 65 15 9 1 1 44 59 68 3 3 20 98 4 45 54 89 80 22 76 57 94 10 6 97 73 4 4 80 30 40 98 24 34 72 14 26 83 98 70 7 73 11 63 14 65 17 57 33 39 20 96 97 64 54 27 79 63 70 9 88 62 35 94 40 5 80 80 99 33 53 63 7 44 53 5 67 7 89 47 75 45 80 10 87 33 34 52 62 94 19 67 42 58 15 77 39 25 60 53 88 51 80 92 2 80 79 20 18 75 1 1 38 14 17 48 20 12 24 91 90 72 39 83 33 95 49 71 18 27 45 64 50 19 92 63 94 47 97 25 84 89 46 86 81 35 6 19 8 62 49 76 42 35 65 3 10 94 60 38 46 71 64 40 6 21 25 94 38 83 78 65 50 4 28 78 0 44 60 62 25 55 32 93 30 12 51 89 4 34 10 37 4 72 37 19 65 99 43 99 65 57 6 96 76 6 1 89 16 4 94 40 40 23 54 54 71 66 52 37 32 26 23 78 41 25 50 63 96 61 12 52 46 74 94 17 86 28 18 67 90 55 67 87 61 76 46 43 17 64 51 97 63 8 95 94 97 7 27 79 77 52 2 76 3 73 16 56 52 3 45 68 18 28 37 42 19 38 68 60 52 56 97 89 58 53 8 81 51 39 2 5 81 91 77 81 86 10 20 90 56 93 14 29 50 42 62 84 34 17 50 53 77 44 58 79 3 79 62 55 8 51 53 77 13 23 16 5 70 13 43 79 35 21 15 66 97 91 83 55 
82 34 49 7 74 48 78 72 68 69 47 66 76 29 36 65 11 71 8 18 47 76 69 97 71 51 23 93 85 11 14 34 8 81 75 7 95 35 37 46 52 36 96 39 35 57 97 78 9 17 30 35 21 85 69 38 55 73 27 53 31 24 37 53 2 52 46 17 45 79 66 3 99 6 33 6 93 57 2 74 62 19 66 78 38 90 9 85 40 93 42 8 52 58 87 33 4 71 67 85 74 63 79 19 96 54 72 37 52 80 69 32 90 3 5 8 70 76 75 83 80 69 45 60 69 76 35 27 28 42 61 51 79 29 24 50 87 11 45 8 69 87 5 51 39 32 55 25 48 17 0 34 67 70 45 44 46 66 60 50 43 10 79 52 79 21 10 76 78 87 56 36 17 32 98 43 59 13 6 21 33 10 24 54 13 13 7 1 12 21 33 46 64 44 31 38 82 54 82 12 76 22 86 70 96 18 23 31 68 96 56 63 70 74 0 32 8 25 39 53 64 35 62 88 79 43 92 13 88 44 75 60 76 10 85 58 87 26 73 78 78 47 24 56 92 7 68 91 37 90 69 39 97 51 23 60 25 24 30 38 20 45 7 23 37 78 88 36 78 34 49 42 13 15 29 71 83 30 63 32 17 78 18 41 39 91 14 72 71 79 15 28 89 52 75 15 92 89 88 65 87 46 86 40 84 20 86 87 14 97 60 37 47 81 21 43 37 34 91 53 79 96 92 45 77 57 61 98 21 91 19 22 76 48 42 53 80 78 0 15 78 36 20 87 59 83 31 93 0 68 30 43 71 0 8 16 96 31 22 51 71 69 10 21 3 60 74 71 30 32 27 3 64 93 69 24 91 0 47 0 31 27 64 90 96 49 24 7 27 97 11 69 23 62 5 87 21 5 24 84 
44 8 67 68 8 58 34 6 44 5 40 72 63 83 79 63 60 10 55 17 56 9 78 64 44 78 35 2 22 36 59 82 50 26 45 24 98 96 12 77 0 30 85 46 97 67 56 41 99 37 85 69 48 93 71 96 44 42 44 62 43 39 84 88 16 54 39 27 68 93 73 2 70 57 21 95 89 12 9 4 70 25 9 28 78 43 33 43 52 99 65 95 63 49 72 92 65 28 74 9 50 59 17 93 43 87 89 18 85 42 43 23 46 56 28 29 10 21 87 47 14 15 54 54 96 42 98 54 0 33 84 88 96 21 96 51 54 50 72 66 16 99 17 55 55 76 90 38 33 19 73 77 3 55 3 87 13 13 27 62 26 45 15 70 58 68 32 3 9 28 79 87 44 16 63 8 85 96 7 81 76 35 16 37 21 91 77 22 41 73 84 2 19 35 35 17 56 8 20 75 38 81 77 22 52 72 94 97 78 5 80 40 23 35 89 32 68 4 10 70 5 74 50 41 79 64 13 6 25 16 72 2 5 17 97 9 5 59 45 83 93 4 82 22 4 55 93 11 73 48 19 75 14 93 89 90 73 82 23 59 98 73 65 40 32 89 33 17 7 54 44 19 60 3 90 84 56 56 21 61 59 84 57 88 30 55 36 47 24 97 43 66 73 37 87 17 35 81 73 11 90 74 1 12 30 93 91 58 81 24 53 76 27 22 49 13 74 55 47 60 81 56 58 67 6 31 53 81 39 91 24 87 33 67 33 72 89 21 63 13 31 19 95 70 98 35 81 95 18 11 36 0 96 10 51 3 37 41 76 47 10 46 51 64 84 10 38 12 86 56 20 15 31 28 65 65 46 58 40 62 0 29 28 94 16 20 89 90 87 56 13 49 80 24 21 33 84 32 20 37 
9 51 60 56 87 83 74 34 8 23 0 99 13 16 69 8 18 22 68 91 2 91 19 2 53 55 94 4 53 79 74 30 91 18 14 8 51 49 3 63 79 11 50 7 2 19 53 89 87 46 62 46 42 10 96 70 49 43 5 82 1 47 2 35 99 11 73 92 4 42 76 63 24 12 25 6 3 69 62 0 52 29 19 41 36 76 5 6 16 11 67 33 49 78 27 90 94 34 29 14 89 71 36 98 38 62 97 31 78 94 0 60 22 95 24 48 58 37 49 87 53 95 28 97 68 17 81 42 46 33 52 34 84 6 20 84 92 98 63 12 95 67 72 55 6 74 34 21 12 35 94 9 72 84 7 74 55 81 14 40 11 63 88 66 22 70 93 71 78 0 93 60 27 36 68 18 43 39 10 72 92 25 77 49 20 35 99 87 36 16 66 86 48 60 51 58 14 44 46 3 2 20 58 69 66 20 12 67 10 0 17 30 92 77 6 26 41 53 3 5 10 66 14 57 26 10 93 93 17 71 12 80 23 58 75 77 8 47 9 37 91 66 52 48 20 10 42 85 60 13 77 77 32 56 65 10 56 5 36 49 93 87 66 95 12 13 99 22 32 15 88 61 34 44 28 45 48 90 71 6 11 24 29 82 16 76 43 54 92 45 41 66 26 54 18 68 7 12 90 45 49 1 55 40 59 78 79 90 71 82 32 38 96 1 43 64 33 50 66 77 27 53 17 74 3 8 52 97 70 26 67 30 64 98 16 22 2 59 53 18 67 45 8 53 53 22 6 58 63 98 84 55 4 49 5 22 1 15 9 28 65 6 62 89 23 73 1 72 48 41 79 99 5 61 13 18 95 3 89 7 70 98 57 75 45 16 0 62 12 48 86 45 68 4 69 50 53 59 88 14 
73 18 19 43 6 33 72 30 53 94 25 22 2 46 51 83 52 6 47 92 56 57 6 83 24 54 94 84 24 56 71 37 18 15 49 5 47 75 83 48 85 23 86 71 38 73 30 50 85 81 56 14 47 52 22 55 51 60 91 91 53 88 20 85 6 95 36 73 77 13 5 64 99 87 73 9 83 75 68 61 38 1 76 28 97 59 29 3 85 72 32 35 64 29 53 64 12 92 19 56 3 42 19 14 59 58 93 98 32 9 87 20 61 95 98 37 53 77 93 97 77 1 87 67 93 71 36 21 7 80 58 74 88 90 90 43 5 65 42 58 5 41 29 13 52 11 90 57 41 90 0 83 35 40 12 38 34 63 31 43 41 39 9 17 90 60 69 23 69 41 10 41 9 89 51 75 98 39 9 48 58 36 35 34 70 0 94 25 47 0 65 94 50 17 46 37 14 41 9 13 31 40 74 25 89 67 38 42 1 20 88 99 69 58 85 69 0 41 25 92 28 75 38 67 71 66 93 63 22 69 81 90 31 59 45 0 6 44 22 30 21 92 19 26 26 69 94 36 23 10 20 33 51 47 58 18 57 47 18 43 14 15 68 61 0 42 1 70 42 21 76 2 68 89 37 7 68 47 74 6 23 73 66 88 41 42 29 27 34 51 66 42 95 59 80 52 6 77 64 94 65 36 68 52 35 5 50 96 91 17 87 40 90 35 52 46 95 23 78 61 68 7 3 27 92 44 4 87 39 17 81 69 93 37 50 11 41 78 48 67 93 79 41 46 39 25 95 63 60 79 67 50 65 22 46 52 96 72 54 1 84 24 13 68 86 89 78 85 4 29 85 1 73 66 53 61 45 64 19 13 42 63 12 2 97 24 96 78 85 5 48 88 68 29 6 32 41 70 67 44 
92 91 6 63 12 8 88 26 13 96 94 26 53 14 44 70 73 96 66 67 42 74 72 92 19 80 32 26 84 84 75 72 87 84 65 38 66 74 8 89 49 47 21 27 73 89 58 52 37 86 91 43 28 3 82 30 75 31 9 33 86 15 26 44 15 38 51 96 30 98 1 25 96 23 54 3 95 27 90 87 72 12 52 41 78 58 40 59 97 63 22 88 45 95 16 97 84 9 89 55 2 42 13 35 29 36 32 4 79 51 26 24 73 66 43 66 27 7 24 44 55 9 18 43 88 63 20 37 89 67 36 71 88 44 64 49 34 22 66 32 51 86 63 71 83 31 42 27 48 27 75 43 28 99 63 32 6 26 2 20 93 13 86 63 14 75 18 76 51 8 21 81 5 67 54 51 0 1 14 87 16 0 87 37 95 50 77 66 24 19 80 69 79 24 50 88 25 45 75 16 5 32 30 20 78 12 96 13 55 81 46 32 89 65 24 2 39 30 93 33 4 63 36 78 89 54 8 58 79 2 10 81 29 76 85 13 0 4 28 4 52 40 7 56 44 99 21 84 46 60 88 57 77 56 71 76 35 14 2 17 15 23 2 5 6 23 1 7 46 28 13 27 87 9 58 84 44 59 74 66 33 43 97 67 88 82 32 10 37 57 69 50 45 60 51 38 58 2 83 86 19 13 68 21 6 2 75 25 8 69 84 89 3 6 81 60 40 7 7 77 92 99 20 24 3 18 20 11 17 80 73 41 34 33 1 65 81 17 75 61 76 76 43 99 16 2 71 39 43 49 57 5 43 62 72 59 22 40 60 0 53 76 43 55 8 56 81 90 37 73 58 3 47 21 90 46 99 18 63 71 80 40 19 62 45 45 98 3 8 0 8 24 53 80 64 72 62 87 1 67 
0 48 85 66 88 43 68 84 26 1 60 32 35 57 50 53 85 20 74 38 77 22 63 63 31 43 89 14 87 93 43 2 4 35 53 73 36 4 18 84 13 58 54 70 24 22 16 97 66 80 44 83 98 18 69 83 59 94 14 82 21 43 34 26 71 70 65 42 90 29 97 33 20 59 4 99 87 19 31 38 3 27 52 17 14 39 60 38 56 65 68 34 59 99 90 48 12 64 27 92 70 56 68 14 13 35 42 14 86 22 66 23 99 3 67 74 26 48 57 77 84 86 59 30 73 69 2 55 81 35 24 80 98 9 88 87 52 74 38 86 4 36 51 85 9 23 6 76 94 99 70 82 94 20 0 0 53 83 87 65 79 74 56 91 82 12 56 20 74 5 34 1 67 87 50 65 56 3 75 71 56 60 71 77 7 85 93 32 26 98 73 57 58 99 67 11 2 51 43 24 9 94 68 91 20 39 20 26 53 96 9 64 14 68 51 73 85 55 15 53 3 81 11 87 84 47 0 78 84 64 15 52 83 14 73 71 13 50 57 33 34 14 92 74 97 30 91 1 89 46 41 61 60 9 85 99 9 78 42 12 83 21 27 95 95 83 1 58 11 22 93 82 22 89 98 44 44 61 0 7 50 89 81 82 21 9 37 83 50 3 71 3 13 80 85 42 19 34 3 41 72 2 40 3 58 1 44 66 73 26 6 56 18 98 24 21 58 9 30 71 9 87 95 62 68 9 42 51 3 26 50 76 59 37 66 23 76 56 11 67 37 89 52 71 94 10 72 15 75 35 63 12 83 99 93 58 87 38 85 46 63 40 10 19 87 71 4 81 45 51 12 12 99 85 92 36 11 7 6 46 37 17 41 70 22 86 48 84 86 18 74 75 43 58 94 50 88 67 45 75 
37 47 98 21 72 59 66 31 31 82 77 65 31 50 60 74 71 66 91 32 61 60 53 70 53 82 0 13 52 58 73 97 59 66 26 45 76 12 35 37 37 38 53 83 92 39 1 18 74 14 1 83 89 85 34 75 0 22 68 10 77 35 51 62 81 7 71 85 85 54 36 92 80 29 18 43 90 98 27 85 19 42 45 83 22 21 86 18 93 35 47 63 98 33 74 0 9 60 28 27 95 42 83 62 31 66 49 10 81 56 30 35 13 50 16 16 83 17 26 47 19 35 46 92 90 93 64 68 72 16 52 71 74 31 14 91 86 58 4 85 66 64 38 2 80 27 53 1 43 63 0 15 57 5 2 37 52 56 24 28 67 10 23 38 87 87 70 94 99 7 28 14 29 72 91 59 90 24 36 33 38 86 58 41 75 1 5 44 99 5 97 52 4 22 0 10 61 5 55 68 60 74 76 64 87 0 50 30 66 14 15 83 37 29 70 79 36 41 49 41 61 63 85 8 64 74 7 32 55 85 8 28 10 23 15 0 37 98 49 60 56 26 9 24 9 46 65 59 12 83 67 13 50 73 73 52 52 88 93 19 53 83 44 46 61 80 69 45 0 59 75 1 61 72 64 63 84 66 60 66 59 45 4 50 32 90 91 41 57 59 51 69 41 32 53 49 78 3 61 18 7 78 79 96 72 11 69 70 18 36 60 26 98 17 64 83 54 37 64 76 94 49 93 5 43 73 82 21 62 18 58 28 36 1 12 89 1 56 64 9 39 48 82 90 28 34 16 61 92 48 17 4 42 31 14 87 93 92 8 73 51 28 65 49 9 9 99 56 37 96 42 45 55 12 24 7 77 88 48 79 89 31 76 71 39 0 38 61 71 8 47 56 25 58 78 58 81 5 20 10 
24 60 46 53 68 4 28 80 34 58 14 71 91 15 82 92 12 91 21 82 72 71 28 86 91 19 65 79 75 79 92 95 31 64 69 22 74 61 26 83 21 8 37 90 85 69 84 44 68 61 73 12 97 87 28 24 17 13 33 78 58 76 21 5 24 32 70 59 55 92 58 85 48 83 40 69 87 87 1 50 41 27 39 97 1 88 44 77 34 42 53 13 22 34 82 81 15 91 64 6 5 39 58 12 31 87 18 9 19 40 89 62 18 40 98 99 43 97 47 29 87 29 75 19 25 57 80 68 11 5 76 1 1 26 93 17 89 14 19 48 48 24 94 12 94 71 92 38 1 43 91 54 97 29 18 97 3 25 31 8 99 19 82 72 54 26 28 54 58 40 1 26 85 98 8 97 24 60 89 8 61 6 76 84 44 22 56 13 76 75 14 53 89 91 53 87 14 96 73 95 28 79 80 79 33 97 79 4 27 3 20 83 85 60 16 91 47 36 7 6 50 39 35 35 35 5 44 37 55 59 69 94 12 27 30 40 95 91 56 85 34 54 40 72 38 77 5 90 14 21 2 9 0 85 25 5 99 9 12 74 63 98 22 50 58 32 97 88 87 6 43 90 54 96 81 38 76 6 79 7 96 70 16 77 33 48 43 28 87 62 70 71 42 78 61 27 85 61 29 12 25 17 82 93 0 17 73 7 27 43 70 88 4 1 1 0 85 10 18 30 5 56 84 63 14 45 55 60 0 39 70 80 68 84 30 91 67 91 92 22 86 80 4 94 64 98 55 27 92 24 43 10 7 25 24 95 77 86 25 37 67 28 3 74 5 17 54 41 32 20 38 99 11 44 32 51 76 93 55 93 6 92 49 51 71 2 89 41 4 29 99 61 32 14 51 31 80 42 35 10 
66 54 50 4 64 33 8 56 24 83 55 34 85 50 90 70 85 76 75 77 2 62 35 49 79 70 31 75 66 10 54 65 17 35 84 20 66 24 55 38 66 69 88 84 39 18 64 36 35 14 95 82 5 85 64 61 87 61 98 13 65 12 87 62 62 12 35 23 47 19 58 53 22 50 3 4 3 20 29 63 68 88 80 0 5 64 86 2 24 28 60 64 15 39 5 20 95 61 99 90 45 4 29 50 30 9 86 18 43 77 51 35 23 71 17 11 94 95 23 81 15 51 63 47 86 18 93 3 65 73 29 78 95 65 63 14 37 28 96 94 88 0 42 4 91 8 65 64 7 40 32 72 22 88 66 95 55 43 0 76 47 43 46 24 55 93 16 62 47 98 86 57 97 64 68 17 61 91 22 2 34 25 53 54 81 92 94 78 49 99 23 53 6 12 25 27 57 34 38 53 63 84 3 54 7 72 73 53 99 96 93 30 79 58 5 84 78 65 16 64 26 87 50 54 67 99 11 96 3 24 47 17 7 73 84 44 67 58 71 27 85 91 85 53 64 45 68 37 54 31 61 73 56 63 11 29 71 14 52 64 22 2 63 57 76 73 68 44 51 78 4 48 7 19 57 32 32 68 48 26 45 24 92 91 1 41 55 18 88 2 0 76 96 56 4 88 46 34 0 54 55 20 28 67 63 59 38 47 43 94 57 75 17 29 60 86 50 33 2 0 99 82 12 9 99 57 7 1 68 87 64 29 98 71 50 41 66 36 42 38 59 24 96 35 56 70 91 18 62 15 34 95 7 38 10 19 38 91 91 43 14 5 47 7 70 1 40 78 97 31 39 92 21 16 7 73 97 3 73 42 50 66 62 59 12 33 69 68 84 82 40 59 45 95 30 96 51 48 73 23 
27 69 71 5 21 58 72 31 24 56 60 23 74 64 53 10 68 8 73 49 45 50 77 34 48 15 90 52 91 44 39 45 37 21 75 11 0 89 39 83 21 36 71 64 84 81 18 50 83 3 88 54 36 67 71 6 21 89 70 12 77 58 75 30 8 88 71 16 29 67 80 97 85 48 46 54 4 13 69 19 91 90 19 68 44 16 75 26 91 39 68 9 93 95 97 71 97 13 94 77 3 75 21 37 91 55 40 9 69 97 15 12 19 79 54 97 96 8 45 50 8 93 20 0 3 89 61 34 74 64 25 58 48 32 43 58 82 56 81 75 14 47 64 97 31 79 69 64 30 76 83 80 64 92 15 41 51 7 47 38 59 1 92 95 22 66 14 96 72 78 2 38 78 87 27 37 49 86 10 25 28 89 83 47 9 80 83 77 9 54 98 27 62 2 15 38 23 61 32 70 41 85 50 91 58 57 71 81 55 38 35 27 42 56 2 9 59 1 20 83 89 83 66 0 87 44 64 90 60 99 24 25 89 17 80 80 34 19 28 21 56 62 1 58 94 45 46 74 35 14 97 36 9 82 35 15 87 67 35 77 45 41 91 3 2 63 11 30 56 29 24 76 32 40 61 14 96 2 63 76 78 3 77 89 44 83 78 30 66 77 44 78 64 62 60 50 27 13 69 54 10 23 68 29 68 49 72 87 68 44 3 71 99 56 70 89 52 70 69 38 55 30 6 98 94 2 70 56 88 79 3 6 34 35 55 58 62 60 98 32 59 0 66 68 8 7 72 72 56 95 76 71 19 63 45 38 20 52 83 20 24 54 80 30 99 82 80 47 66 93 51 47 0 86 45 82 90 79 0 89 6 93 78 29 66 68 31 23 27 27 50 18 13 6 36 56 63 48 48 99 
42 71 38 75 87 27 89 37 36 64 12 71 19 33 95 87 15 83 22 12 92 86 39 39 84 86 71 92 35 90 25 93 54 77 75 96 14 5 0 13 84 15 70 46 87 3 14 71 99 37 72 19 56 26 9 84 94 59 36 33 54 94 68 17 18 33 67 8 73 61 53 86 85 70 34 64 30 35 6 62 96 62 87 40 44 31 55 48 35 67 73 37 5 41 0 23 97 50 80 93 20 86 62 62 83 94 21 30 35 72 43 0 18 32 78 99 9 88 75 70 93 26 64 75 66 2 77 57 52 94 19 81 23 49 91 17 45 89 48 24 91 39 60 56 94 28 86 98 76 80 26 23 7 4 17 96 13 83 58 90 96 86 86 88 10 84 63 22 26 92 71 35 8 46 88 67 18 16 67 13 60 25 24 28 22 4 22 66 14 87 11 78 62 50 30 50 68 65 97 74 37 28 0 90 7 82 95 11 68 37 97 95 97 30 71 89 88 0 88 63 86 66 2 5 50 48 69 54 45 45 45 46 58 39 26 51 41 64 10 58 92 53 8 58 58 44 98 45 48 57 57 23 69 89 55 41 87 63 78 51 48 21 69 68 87 16 26 38 96 1 11 16 83 54 98 12 0 19 95 28 9 34 4 12 6 25 73 55 5 66 46 61 2 68 30 31 10 17 74 46 86 88 84 7 5 24 59 67 29 93 9 79 93 44 37 20 82 68 37 69 72 81 27 75 82 80 73 81 48 16 1 32 21 51 98 52 79 35 12 94 27 54 51 89 45 89 50 90 18 83 30 54 11 34 80 54 81 42 59 6 20 80 99 96 19 31 32 38 79 22 38 6 55 51 23 50 99 13 34 5 17 42 75 24 98 99 53 32 69 75 15 40 20 10 32 85 77 26 83 29 
44 64 31 86 4 46 52 14 93 37 9 20 83 72 42 66 12 93 38 16 20 0 93 53 77 5 69 96 78 75 47 30 71 38 23 16 55 98 9 77 40 56 88 74 54 40 94 73 11 17 77 9 37 75 62 96 84 6 47 56 90 42 69 55 65 29 98 12 96 7 50 77 18 93 31 9 26 3 5 80 73 90 89 44 52 13 73 37 67 65 34 93 27 30 45 88 60 18 42 69 70 13 28 23 71 91 8 51 65 83 31 97 95 81 10 32 40 59 63 77 12 60 55 58 65 34 40 59 60 83 1 54 27 33 79 18 49 46 97 57 57 30 9 13 87 85 45 7 17 9 97 72 73 91 97 10 62 63 95 80 18 94 17 55 67 38 53 56 64 9 8 43 16 70 18 18 8 43 84 99 8 77 42 53 93 5 73 96 11 53 96 40 10 82 39 4 68 47 68 10 41 13 60 49 0 75 37 16 5 53 31 52 62 48 54 6 93 98 38 65 59 47 63 99 50 61 5 22 2 87 27 50 78 42 31 27 36 49 24 18 58 51 71 37 69 48 54 7 72 85 28 63 37 27 4 79 71 54 15 6 99 67 44 41 38 89 18 42 33 86 23 45 39 5 75 72 39 13 21 94 66 68 20 7 64 98 26 46 88 28 19 89 78 93 33 39 65 28 43 9 39 18 35 12 38 81 17 32 85 27 29 8 44 70 54 75 39 79 96 67 79 41 75 59 60 62 95 61 55 48 36 58 91 38 14 31 95 74 86 91 3 37 88 33 22 3 21 36 77 38 55 30 99 41 70 32 62 46 10 89 9 78 97 85 8 22 38 69 97 55 67 71 47 80 25 56 62 19 49 67 91 4 56 35 13 76 11 7 97 59 78 36 68 74 43 94 45 92 66 4 
11 78 45 45 58 17 25 19 7 39 86 21 95 76 53 11 90 91 48 6 4 75 96 23 77 0 43 25 58 25 76 1 53 19 27 10 48 62 85 78 0 21 82 60 30 64 0 75 17 48 98 20 86 91 56 49 18 82 94 79 6 95 57 77 37 28 47 97 47 62 7 31 57 14 98 93 18 15 78 4 67 82 31 17 44 51 95 12 12 14 98 81 30 43 50 45 8 6 10 54 45 69 42 51 23 13 90 44 11 66 32 78 63 89 22 68 12 58 59 58 29 33 77 36 66 36 61 42 73 55 51 37 9 66 81 45 58 61 76 7 69 27 61 96 90 33 35 69 28 44 38 64 32 61 48 42 16 46 36 74 68 43 45 10 67 96 82 79 69 99 66 94 30 69 77 53 95 9 84 93 81 80 20 76 4 73 18 0 87 30 14 67 71 63 7 75 82 86 54 77 77 72 88 67 50 56 91 14 99 39 99 3 78 46 26 76 34 83 58 78 51 86 95 91 66 65 17 76 17 94 76 49 42 85 56 12 38 29 96 1 21 51 44 8 46 84 85 40 89 19 93 70 26 64 70 83 51 64 47 75 15 82 59 29 14 83 64 25 67 12 71 93 20 78 9 35 18 61 39 27 73 78 64 6 6 64 84 58 87 74 81 98 0 5 86 8 60 84 24 52 69 21 92 40 47 85 74 34 85 85 39 74 15 63 55 54 18 71 71 14 39 78 60 32 24 66 54 34 62 38 44 20 4 71 28 22 20 52 61 30 28 53 60 93 51 32 70 2 49 69 56 65 71 54 19 70 5 52 77 39 33 87 99 42 88 4 77 51 20 53 71 40 4 12 2 82 48 37 31 21 79 32 94 70 26 74 11 23 46 56 69 31 25 44 81 61 25 87 52 16 
62 11 98 8 22 56 45 4 94 79 25 7 93 11 52 50 84 96 84 73 19 78 70 84 22 5 80 87 83 48 76 46 84 12 48 47 30 40 10 21 51 9 90 98 13 34 71 61 43 0 85 36 0 73 96 21 59 14 82 17 73 53 8 18 39 1 84 53 52 73 95 97 92 41 97 23 15 29 9 30 64 55 86 51 12 5 55 43 1 83 3 39 95 48 73 34 71 0 61 12 81 35 12 61 82 50 58 91 54 53 40 45 85 73 57 28 13 17 1 88 88 17 78 28 24 10 39 60 87 36 41 92 28 25 36 78 50 62 11 60 68 50 94 99 43 91 98 40 60 27 11 4 70 7 21 35 78 69 40 56 2 74 89 66 48 55 80 64 20 59 81 11 0 5 33 34 89 17 83 2 67 8 98 16 37 54 23 88 23 5 19 37 43 40 25 90 59 2 16 16 32 49 34 70 88 32 9 38 98 83 34 4 5 47 26 46 80 11 30 47 69 20 33 98 56 71 55 43 89 55 23 45 96 6 14 23 29 1 2 66 55 11 96 50 88 88 15 16 27 89 10 59 73 32 82 69 14 57 26 71 0 83 57 59 27 67 80 11 26 75 84 47 71 10 58 92 77 46 42 10 23 10 60 56 5 63 89 42 2 0 26 79 10 25 31 13 15 85 38 27 30 96 93 40 54 83 16 1 40 73 46 23 56 15 22 88 63 16 69 16 52 62 83 92 53 17 59 3 33 28 36 78 18 56 83 45 75 54 94 12 79 63 23 53 27 28 61 80 51 6 98 63 14 5 32 59 59 47 92 61 11 40 16 42 94 75 11 87 82 50 29 40 51 8 52 69 54 58 69 84 44 13 0 75 78 58 92 37 40 94 65 9 76 58 23 73 74 42 56 95 
44 10 53 36 26 83 52 49 38 99 47 29 90 1 21 14 55 88 79 66 68 92 27 26 76 72 45 39 98 96 77 79 1 7 32 41 33 70 70 39 40 69 37 88 98 27 52 13 81 42 37 4 70 47 93 23 14 98 8 52 47 61 63 27 31 95 5 91 59 31 6 61 24 75 90 41 5 46 23 2 11 15 5 87 15 97 25 76 6 61 76 52 88 28 72 33 5 42 39 80 78 81 48 68 32 24 24 91 21 6 60 50 49 96 66 11 9 32 37 58 49 88 28 88 12 72 34 49 66 81 49 34 51 47 27 66 73 1 40 16 0 14 6 33 78 90 33 9 66 94 44 32 35 57 76 11 77 79 39 70 37 48 14 22 40 81 71 48 53 19 6 8 2 65 71 29 96 20 94 91 47 28 62 0 78 61 24 40 72 12 85 14 37 23 86 93 72 26 87 59 39 3 50 97 28 11 47 92 19 63 60 23 46 18 43 5 71 14 4 29 72 64 84 31 47 86 71 0 47 76 56 96 53 85 98 42 80 3 12 16 69 33 18 9 37 46 49 98 12 98 32 6 12 16 49 12 25 35 11 98 16 31 35 61 62 62 76 15 57 21 79 7 85 82 88 98 79 87 73 92 95 80 4 43 74 28 80 70 2 54 52 75 66 7 48 72 43 23 23 85 98 61 99 93 2 97 59 68 69 90 18 2 43 51 8 9 87 39 30 62 21 47 73 53 6 12 78 3 89 77 35 80 26 7 49 6 94 57 83 45 25 75 56 31 87 64 3 72 26 87 99 33 47 26 3 7 23 70 20 68 91 52 27 20 37 21 30 17 2 68 13 12 96 73 53 41 75 66 83 44 37 96 90 28 39 30 1 36 24 12 76 49 91 58 85 90 3 87 7 49 
84 2 1 32 17 89 50 25 6 34 44 11 13 22 76 83 64 52 60 15 28 7 25 36 58 10 86 18 96 20 58 7 79 75 72 48 56 69 80 86 88 58 65 36 55 43 91 84 21 99 26 25 13 20 79 67 34 75 51 2 47 27 65 27 80 24 47 18 31 52 20 58 29 48 4 34 20 90 20 52 74 30 37 17 86 35 86 77 90 56 72 52 95 0 73 65 81 74 95 8 24 68 10 12 83 94 1 26 22 94 59 12 59 27 64 18 25 87 44 14 54 36 73 8 99 57 42 93 14 95 34 99 15 98 41 18 10 48 17 58 44 12 5 34 82 54 18 81 31 28 19 42 21 59 29 46 81 12 93 83 77 76 98 43 84 69 80 80 84 64 69 86 76 29 20 99 4 68 20 11 24 83 85 87 19 5 87 9 70 33 28 46 33 88 49 6 27 75 74 81 79 77 20 50 33 24 62 66 3 11 51 91 55 54 22 24 62 1 79 18 84 94 98 61 97 13 50 21 35 70 8 25 2 74 43 73 32 62 9 94 28 26 84 61 70 89 34 76 10 8 85 37 37 64 92 26 97 76 20 52 38 67 36 41 42 23 7 33 54 78 10 24 41 7 47 91 21 48 32 24 60 39 53 59 99 99 67 60 44 17 0 41 45 83 34 91 87 18 28 41 7 65 7 66 90 41 27 17 44 14 62 95 58 54 54 67 55 7 81 89 15 49 94 76 10 73 90 91 98 43 60 77 96 10 57 10 62 52 70 11 48 20 16 71 48 72 37 23 43 95 7 98 51 29 50 91 88 9 14 26 24 3 40 33 90 23 86 77 39 34 49 95 27 87 93 50 35 58 78 87 19 67 16 8 23 58 86 38 43 13 24 86 40 73 3 73 19 11 60 43 
15 10 77 58 69 82 14 10 58 25 39 60 53 12 91 77 4 71 87 95 4 45 19 26 3 37 74 98 33 27 22 67 48 47 87 6 7 88 46 84 82 21 15 46 7 61 3 14 30 40 18 22 1 84 42 44 28 0 0 70 54 29 93 86 89 86 66 86 92 2 76 94 22 46 8 96 19 73 60 44 17 24 42 74 6 85 70 44 45 6 98 95 98 7 86 24 71 17 73 53 81 59 28 69 1 64 97 79 72 53 97 52 18 53 63 97 56 30 15 94 93 82 89 27 10 24 83 64 14 2 84 6 48 35 84 9 90 21 61 31 77 60 52 85 9 86 34 15 83 9 86 29 58 80 72 91 21 36 79 34 20 66 52 3 51 36 17 79 22 70 60 34 0 71 72 38 33 22 15 25 72 71 44 76 99 1 69 30 87 16 88 1 69 60 28 78 31 33 99 11 4 42 56 7 70 91 84 0 74 36 58 41 67 9 21 5 95 20 90 6 51 31 88 53 58 6 15 81 46 5 35 98 37 5 87 67 27 20 44 56 52 88 52 76 79 18 41 4 73 72 35 32 23 27 41 13 48 81 12 83 96 38 21 10 90 25 85 40 21 30 85 90 41 82 65 50 74 17 23 45 65 66 61 68 39 53 70 93 71 42 52 68 68 29 59 63 58 95 75 72 37 20 62 5 23 73 94 29 75 98 98 59 7 70 99 91 2 47 53 63 97 27 94 72 12 89 94 45 79 27 51 83 98 10 14 88 93 52 48 82 83 98 77 6 11 88 56 29 92 55 33 24 93 30 61 61 60 77 75 60 12 69 43 1 63 23 44 34 11 17 95 37 73 95 8 4 92 34 43 26 41 61 59 57 11 2 1 9 75 68 91 97 29 99 92 34 53 69 87 75 
16 69 9 77 13 56 54 65 76 90 33 60 82 20 80 85 28 46 79 6 76 1 94 68 63 26 30 6 13 20 79 57 40 16 95 60 2 3 42 7 79 17 46 60 89 61 58 38 5 31 76 19 28 27 89 3 83 1 78 58 41 4 78 65 11 5 7 91 24 94 2 71 36 89 29 73 7 89 48 30 59 91 91 90 80 67 51 34 18 88 8 50 56 32 25 68 26 59 58 4 47 0 3 20 50 17 69 18 24 84 59 79 48 54 45 67 39 9 17 87 90 54 3 1 73 53 73 64 59 37 44 89 59 25 63 97 76 5 29 58 44 21 12 55 14 98 61 82 59 41 67 13 16 48 82 31 57 64 15 19 78 11 5 7 63 80 78 52 72 38 25 43 17 86 67 7 8 90 41 99 52 50 12 45 94 93 82 64 88 84 8 59 85 80 71 81 48 97 11 34 51 83 45 1 98 0 1 19 51 31 39 9 89 21 4 24 79 82 62 97 71 23 93 4 98 78 16 87 4 4 84 52 96 6 34 33 54 18 25 45 59 23 17 5 83 9 36 76 6 17 15 95 76 73 62 42 2 98 45 50 34 43 94 66 44 53 70 49 60 86 73 98 2 68 55 2 76 1 49 74 10 53 68 91 84 44 9 56 54 13 67 22 45 23 55 84 55 79 95 31 95 55 48 73 94 94 73 0 47 34 97 63 54 67 57 33 1 7 30 25 78 47 14 82 40 77 60 88 28 22 44 42 51 28 48 54 79 54 33 11 40 71 67 14 37 31 61 59 47 30 81 22 95 59 72 17 77 93 11 30 85 25 38 47 83 19 28 19 2 32 26 31 45 50 81 19 59 76 33 5 86 42 93 4 4 58 43 39 3 76 57 64 30 80 36 44 62 85 96 3 
50 49 44 79 40 74 59 93 70 40 12 98 16 22 66 48 49 19 3 22 54 42 11 11 61 15 25 12 8 43 23 79 68 74 25 85 51 43 7 30 56 5 2 65 73 82 39 65 13 90 85 59 4 57 59 13 34 69 24 38 1 87 47 95 32 98 62 44 72 61 71 38 47 47 11 12 37 39 13 84 72 8 14 61 74 25 93 50 84 99 64 38 1 17 64 29 84 54 15 10 46 28 54 42 53 1 71 54 13 13 76 73 12 87 1 75 60 90 59 88 33 18 61 87 97 43 20 30 68 12 87 45 97 41 53 44 37 87 8 4 97 45 84 66 57 52 42 10 56 18 85 58 54 47 62 71 13 94 56 73 75 5 39 53 86 28 1 0 8 39 98 2 92 33 61 41 10 92 12 79 93 37 25 24 18 6 41 45 13 1 41 35 6 39 62 56 75 29 25 14 34 54 13 12 52 1 70 35 66 14 61 87 11 34 91 63 67 92 58 66 61 90 52 78 69 47 45 97 25 28 32 73 94 43 86 24 33 82 90 11 85 37 93 54 34 39 91 88 49 44 53 56 35 86 23 34 54 96 60 82 35 50 23 88 2 63 45 94 19 45 94 45 49 40 42 34 86 75 35 1 18 78 56 18 91 16 11 3 42 0 66 13 44 66 11 55 68 74 2 98 82 11 94 3 98 85 25 51 38 0 83 57 52 27 22 22 68 63 9 81 17 60 40 26 74 39 5 67 99 82 21 18 48 41 56 6 79 53 86 65 19 96 20 80 58 65 40 1 76 50 31 23 71 12 4 97 0 20 57 4 91 23 83 10 99 97 3 26 98 23 21 10 56 24 41 73 16 27 35 37 76 83 94 39 95 20 22 96 16 34 30 11 93 75 12 50 1 15 18 36 
66 24 18 39 13 6 23 37 57 4 79 13 58 81 84 46 54 58 58 76 62 79 62 52 18 22 57 8 89 57 54 89 63 41 26 34 66 93 10 98 79 37 72 64 97 46 10 35 98 21 71 62 85 72 57 67 90 86 97 42 61 4 92 69 34 72 66 91 93 32 11 8 3 30 15 58 37 57 49 85 65 19 82 86 94 79 4 97 93 75 38 57 46 21 61 23 99 5 14 66 63 34 93 96 59 3 80 44 6 42 10 39 64 66 82 78 55 15 50 87 48 1 1 58 33 27 46 74 50 50 42 34 41 67 31 6 69 18 84 78 36 62 77 76 59 53 61 11 68 15 12 87 83 23 82 55 28 54 8 44 95 3 96 86 93 53 42 74 26 81 42 91 5 85 68 61 25 98 75 66 75 57 27 92 42 0 88 90 20 63 18 51 24 68 83 96 35 35 35 6 78 21 29 93 71 37 84 72 57 37 9 91 12 0 84 90 54 40 47 86 44 52 9 71 83 68 35 82 69 66 53 33 56 72 68 83 4 32 23 95 90 13 49 16 31 68 96 84 81 82 78 99 73 35 6 39 12 5 72 10 90 53 50 40 9 4 72 92 96 61 82 45 91 2 34 74 56 2 65 53 71 25 44 48 7 2 32 99 64 97 8 36 98 41 39 5 74 97 33 87 20 53 85 81 91 99 39 84 37 45 41 22 16 60 60 10 76 91 92 99 57 64 97 24 96 22 44 83 82 43 20 16 86 89 86 43 49 19 73 18 2 83 36 87 40 28 10 10 66 1 95 78 29 9 27 20 25 0 66 75 98 44 87 14 79 12 12 8 92 16 62 59 38 93 63 37 37 53 71 50 73 8 77 70 18 38 3 48 96 48 88 61 75 70 83 70 33 42 19 36 
52 61 94 12 93 7 57 12 23 71 59 63 53 37 12 89 6 11 34 20 6 58 57 70 1 79 86 17 1 16 30 7 91 32 44 85 1 48 28 8 21 4 7 50 21 61 96 57 12 34 56 74 53 40 73 83 36 35 83 83 94 20 43 19 13 80 63 17 82 91 82 98 48 24 98 36 52 45 78 52 35 95 73 98 74 72 27 19 84 83 4 14 79 3 42 81 63 53 61 75 89 21 52 24 62 11 24 40 92 64 22 58 9 12 23 65 91 68 3 61 18 6 81 86 34 24 36 28 68 61 55 29 15 25 8 13 77 1 77 50 72 33 70 67 36 82 0 11 94 29 56 89 84 93 69 38 92 14 19 48 13 88 90 79 10 1 97 91 56 60 99 52 1 2 93 16 34 44 69 54 68 34 20 24 31 56 90 15 58 48 20 86 84 99 59 55 77 18 49 86 78 43 55 37 19 98 59 39 25 22 24 23 58 46 91 66 37 43 6 29 31 79 83 75 47 37 25 82 50 7 31 51 16 82 18 27 16 21 61 86 1 48 39 67 32 62 48 41 62 53 33 89 71 12 75 87 26 35 36 41 60 55 24 5 16 85 85 67 38 7 53 86 21 12 34 16 1 16 13 67 74 93 57 21 1 64 9 75 28 87 83 74 65 50 42 74 37 74 14 72 44 50 39 48 38 69 23 46 74 53 19 46 40 37 23 17 20 52 68 52 60 43 24 6 95 71 6 84 16 94 36 98 91 14 20 73 52 60 97 93 38 90 73 41 56 14 43 50 60 28 65 26 84 81 37 2 37 74 20 84 46 1 74 82 91 3 47 23 71 89 82 74 42 97 21 98 45 0 11 5 33 10 96 33 92 44 38 73 89 58 34 50 48 27 82 0 29 62 3 40 
20 1 79 33 66 84 24 49 55 53 59 79 42 90 27 16 2 30 5 7 54 52 50 72 38 0 34 65 8 44 32 88 48 37 85 70 96 83 59 10 72 62 44 77 48 47 54 18 14 83 93 43 55 53 55 37 45 30 69 75 93 3 24 35 11 92 59 6 51 73 47 61 39 5 19 59 38 99 22 26 46 96 92 83 23 57 47 9 98 83 77 55 70 97 70 29 25 91 61 57 9 60 83 6 37 51 91 82 48 78 14 27 78 11 39 42 74 18 23 90 13 25 48 5 83 18 93 77 18 90 37 43 91 57 71 76 49 94 23 75 95 66 37 89 53 92 18 98 39 88 96 7 72 79 43 90 85 95 80 43 67 60 46 41 54 65 29 9 71 80 29 9 46 84 30 53 92 29 98 6 42 19 17 45 11 49 81 82 55 58 87 22 48 20 91 31 7 20 0 16 79 93 92 21 60 58 45 55 49 45 33 84 46 49 91 11 75 65 98 45 40 46 51 10 10 89 69 50 31 33 57 93 84 83 34 37 97 93 62 29 53 25 37 39 54 12 44 74 17 30 26 64 88 35 60 60 96 40 56 17 53 46 47 64 55 34 8 7 24 73 86 80 76 30 34 72 76 0 25 4 88 6 58 61 59 95 54 38 34 97 87 83 74 11 80 6 96 2 56 82 32 99 30 73 37 10 62 38 21 30 69 14 78 22 58 14 48 49 20 35 78 72 90 14 14 56 52 58 70 66 86 83 37 28 57 33 81 25 2 44 78 15 36 39 75 65 78 99 36 72 73 81 96 40 94 94 69 16 37 96 35 36 95 58 38 92 73 23 95 92 80 79 50 28 36 60 48 12 88 34 81 90 81 87 3 87 42 10 28 27 36 10 77 25 5 25 53 95 74 97 
15 61 47 60 73 78 59 69 47 16 51 5 74 29 26 79 14 95 79 46 73 59 88 9 72 4 83 30 68 28 48 19 71 72 6 53 24 3 10 1 74 12 76 41 3 17 30 73 29 14 91 67 11 29 38 83 53 63 73 46 98 81 92 45 81 73 41 45 98 25 36 28 81 68 83 95 40 52 98 46 81 48 24 53 64 3 33 81 90 26 94 80 31 48 37 16 55 20 66 40 94 21 18 6 27 34 10 28 92 41 51 58 95 5 33 11 60 79 27 78 9 96 58 4 49 24 52 32 39 61 31 66 81 66 31 99 64 20 55 83 81 34 31 5 99 7 73 32 33 42 9 33 56 64 60 26 37 74 0 84 99 17 78 40 93 54 53 31 90 41 62 67 47 2 48 93 99 83 24 87 3 41 57 27 74 55 21 94 69 47 82 63 26 6 76 54 43 81 94 29 79 39 47 51 71 52 4 4 63 73 44 59 96 63 60 89 33 87 78 29 73 55 56 50 67 1 10 26 2 83 49 15 61 46 69 34 19 22 83 78 51 55 40 34 2 51 53 96 65 95 3 72 76 27 14 23 12 43 96 49 51 91 93 75 99 36 90 99 12 44 6 92 19 5 83 10 82 19 76 9 91 79 40 81 50 19 22 50 85 56 52 85 38 64 40 85 34 88 68 39 44 44 33 38 70 24 98 79 20 89 59 6 98 15 31 32 16 99 72 94 52 25 64 31 85 95 62 21 55 1 86 3 81 67 37 84 39 53 70 14 22 94 91 65 36 70 85 71 48 17 71 76 82 82 38 6 53 95 65 91 21 5 65 45 97 4 90 81 41 57 91 66 16 11 59 80 6 74 5 51 90 42 79 63 35 76 95 62 25 93 54 53 27 3 59 48 24 18 81 23 
98 77 99 5 2 40 84 83 49 84 42 92 77 74 86 66 21 35 19 30 89 86 4 66 55 68 8 62 37 68 67 34 29 63 29 94 93 43 40 18 10 3 69 64 46 90 19 99 29 44 83 71 4 60 96 63 95 9 21 59 99 60 0 42 78 47 71 85 68 59 84 52 0 69 11 36 80 64 13 68 53 50 58 59 38 73 92 5 36 12 24 26 53 25 50 66 26 14 24 53 11 76 30 99 9 70 24 64 72 21 84 93 94 70 12 60 23 61 51 23 47 3 84 51 52 32 61 44 16 10 7 71 24 67 26 44 16 72 7 16 90 51 0 3 50 22 40 31 81 66 47 96 35 94 35 94 4 90 32 98 91 28 66 7 15 98 19 6 0 45 45 27 36 41 18 30 12 43 47 97 13 71 42 96 97 19 44 26 92 74 26 90 20 53 42 46 71 7 70 41 19 10 33 52 68 86 12 38 65 24 17 57 50 34 31 41 78 25 65 95 40 22 82 33 43 85 3 87 30 99 90 21 81 14 99 28 76 72 10 60 42 55 24 39 23 12 28 7 18 99 49 68 89 55 86 38 12 41 72 10 24 40 28 76 52 40 28 11 8 89 37 90 8 83 16 9 78 86 11 69 23 13 27 49 99 51 98 82 97 62 28 17 55 86 31 94 82 51 3 84 34 14 68 72 37 12 42 93 29 47 75 55 73 86 41 3 24 61 98 94 79 63 12 8 84 23 81 25 57 62 79 95 60 87 93 32 11 76 59 22 61 80 94 88 4 72 15 60 83 50 10 32 56 23 97 52 79 35 71 5 28 98 82 41 36 47 87 57 3 59 71 53 42 18 30 94 73 90 64 52 26 27 71 19 41 78 13 80 19 23 1 58 9 30 55 32 77 69 81 45 
24 31 93 56 93 74 5 34 3 63 23 86 95 77 33 17 71 57 91 32 71 81 94 6 46 11 66 79 45 36 95 51 64 7 56 30 9 95 1 47 10 76 24 14 67 28 12 2 46 4 60 96 47 86 59 39 13 9 29 85 82 3 97 44 19 59 52 75 15 94 81 99 49 45 6 32 42 27 62 79 97 42 83 28 55 99 19 74 82 10 51 12 84 11 68 98 32 29 95 41 11 57 35 99 98 31 4 64 80 84 28 42 14 32 49 97 28 63 99 14 8 53 54 32 58 77 94 26 58 3 10 8 42 22 11 29 10 46 80 72 37 47 85 39 7 49 98 29 13 90 61 40 73 23 65 71 71 94 66 35 4 39 19 92 45 65 32 60 44 70 75 13 38 57 79 85 99 35 44 53 51 95 34 2 84 48 52 59 33 30 51 47 71 21 93 32 84 36 46 78 73 77 44 10 23 57 92 10 59 79 46 25 37 98 34 80 74 23 65 92 43 48 94 72 18 51 36 15 63 98 98 17 42 53 49 61 90 64 93 4 99 72 71 74 85 43 6 75 53 47 74 57 80 40 0 84 86 52 1 99 50 84 8 63 9 27 92 61 76 58 45 53 46 13 34 84 66 14 41 85 39 42 66 22 43 46 26 59 19 57 58 73 74 88 55 70 29 65 43 86 81 10 97 49 60 6 61 78 97 7 6 6 61 68 63 22 40 64 41 39 71 95 83 57 42 78 25 37 85 89 63 27 69 60 95 76 37 29 22 98 23 91 76 8 73 39 1 96 20 79 62 71 0 22 38 48 11 19 34 41 23 6 97 26 31 42 52 71 95 76 61 24 80 29 93 22 0 12 58 36 59 24 63 67 55 44 65 54 49 9 11 62 17 35 15 81 93 38 83 61 
95 95 99 97 17 51 2 18 92 63 1 40 0 30 85 95 24 23 42 96 84 69 94 87 25 53 15 79 96 18 12 62 9 28 3 50 14 44 31 82 54 85 44 64 81 20 16 14 84 61 86 9 92 45 46 83 49 13 20 28 83 2 72 7 98 16 31 87 41 10 66 73 72 0 97 14 50 56 85 80 19 93 18 3 70 65 79 56 17 71 51 50 89 5 58 47 54 35 94 60 66 64 44 45 39 68 46 15 54 63 55 20 81 10 84 52 4 13 65 9 63 56 87 17 24 11 31 75 0 7 32 35 35 85 69 8 27 60 32 16 29 75 54 0 1 29 69 49 44 66 85 75 33 21 75 47 44 64 25 18 40 12 83 98 1 7 3 89 61 50 96 18 74 46 98 62 40 93 10 73 98 66 50 93 64 25 98 73 26 20 41 7 81 75 61 81 17 13 64 85 65 71 3 12 59 11 56 73 29 74 92 80 19 91 44 20 68 23 97 43 59 66 35 5 10 6 24 21 89 42 40 69 77 45 69 97 63 58 90 40 80 41 87 22 81 13 53 67 75 10 71 59 86 98 63 16 1 17 15 98 97 16 49 26 25 86 90 46 0 86 18 46 33 54 35 29 67 2 77 96 21 27 96 80 30 65 40 36 62 29 13 33 9 51 3 95 1 53 51 22 3 66 57 99 71 97 42 39 24 5 77 12 0 73 98 14 95 23 90 22 84 46 72 89 2 82 12 0 13 57 82 43 84 63 1 52 43 93 26 30 35 23 34 8 27 4 92 42 9 7 51 2 60 28 44 39 14 2 19 98 46 80 90 66 8 54 66 6 1 67 26 79 88 36 48 45 52 66 78 55 3 1 27 72 91 36 40 73 7 83 56 57 53 97 83 65 77 28 95 82 
78 33 83 83 79 42 76 67 4 94 45 43 29 77 17 29 19 22 39 76 57 19 70 41 96 31 71 56 50 57 41 85 76 67 67 4 15 71 46 2 79 6 49 31 98 19 50 46 99 96 38 22 98 73 93 87 75 22 33 31 59 46 98 72 31 36 93 81 91 88 11 17 51 62 47 68 46 54 47 5 36 39 37 33 48 59 7 90 86 26 3 54 87 50 69 4 68 5 0 71 0 91 58 72 20 8 97 55 38 20 87 64 66 58 53 45 16 56 53 68 84 56 17 86 76 11 52 2 8 41 42 13 17 28 45 82 3 53 32 90 25 92 65 90 59 33 31 50 88 60 90 41 6 67 20 30 28 87 89 60 22 11 47 67 37 56 94 0 41 84 57 1 14 14 43 90 42 17 12 82 69 49 17 69 63 32 47 90 62 6 41 64 66 87 64 63 80 97 99 1 68 85 62 80 4 35 64 77 43 92 62 35 11 57 44 96 51 56 21 80 64 45 51 23 85 69 11 96 62 5 93 37 43 73 58 89 34 79 5 24 51 20 96 35 48 5 65 77 66 54 45 68 68 86 87 12 30 23 12 61 47 28 63 86 22 54 20 45 40 75 99 4 53 78 45 99 9 25 72 13 86 41 41 25 39 49 42 24 5 78 55 82 96 70 24 99 69 36 25 28 85 92 64 92 11 69 81 37 98 80 16 52 56 20 63 9 78 83 32 96 72 17 30 95 17 25 34 51 97 9 32 28 17 96 84 30 65 92 98 41 58 21 54 16 13 54 27 45 57 77 77 70 56 51 68 59 63 71 17 63 18 81 51 74 51 23 74 32 65 4 87 54 26 43 68 18 13 82 51 47 33 70 79 46 66 20 5 57 73 71 47 78 57 2 81 0 57 37 52 33 
29 13 86 91 87 77 79 24 87 67 47 47 26 54 65 74 54 99 14 69 77 27 59 80 31 87 36 52 60 77 86 7 93 12 34 5 42 47 35 12 80 92 45 41 64 70 83 19 84 41 83 2 69 46 8 0 25 23 3 93 98 3 35 71 73 79 29 42 14 13 22 49 10 96 72 43 26 59 32 34 8 16 47 9 98 46 67 5 38 28 63 9 69 86 53 65 76 66 27 47 80 76 60 37 35 67 39 93 78 44 44 65 60 29 72 48 27 53 89 37 46 46 87 42 4 59 3 97 45 84 66 26 62 22 30 51 32 32 16 63 56 32 84 2 53 58 16 87 17 59 52 21 74 32 32 10 21 62 48 15 57 88 31 0 66 49 29 96 39 43 18 88 6 39 57 19 12 6 62 19 42 66 75 1 88 65 44 40 41 0 49 72 11 17 55 39 24 87 1 96 95 89 79 74 0 5 61 82 64 80 90 88 8 37 20 51 26 93 15 21 96 71 52 98 89 60 69 51 3 93 12 4 75 87 48 15 31 34 60 42 51 23 11 51 1 89 91 74 85 51 19 18 22 62 37 14 80 5 50 91 7 10 88 47 12 1 8 39 2 64 8 36 76 65 95 97 8 35 5 79 31 16 62 4 53 27 0 78 82 77 29 70 65 27 3 98 66 1 18 46 84 86 26 23 15 26 6 70 18 66 83 69 1 36 0 19 98 50 11 56 41 50 54 35 95 91 66 8 15 7 47 58 43 53 78 42 88 31 99 12 7 89 22 79 10 31 50 25 39 44 82 7 19 62 88 96 35 36 17 72 32 74 16 93 8 52 58 39 67 76 31 85 58 34 4 7 2 60 29 72 59 17 85 88 1 98 62 84 41 14 16 4 16 10 51 76 77 17 50 13 
27 18 85 62 77 59 71 7 43 25 13 8 36 88 94 2 18 12 12 57 49 93 62 78 2 88 90 18 51 17 64 10 81 4 85 89 18 84 93 94 45 45 35 42 26 55 13 76 42 98 32 43 95 3 28 47 97 64 37 25 65 45 99 15 72 6 42 91 4 90 82 97 17 7 80 91 11 90 60 80 83 49 57 83 7 68 89 35 22 11 28 88 79 96 36 57 67 45 83 9 70 38 88 39 41 8 44 62 58 56 32 31 71 11 59 62 0 79 76 18 21 54 12 44 8 86 29 50 28 80 20 42 79 70 90 51 35 84 82 76 7 71 62 96 12 91 47 90 48 57 67 53 49 42 57 80 88 41 89 46 54 54 86 17 3 97 70 89 81 42 10 80 20 89 78 63 60 21 22 95 92 1 69 4 1 87 46 39 27 29 28 69 67 28 55 74 58 81 3 0 64 43 64 7 64 79 12 59 22 38 64 34 71 89 38 74 63 63 19 44 18 12 66 83 83 60 58 24 74 29 81 52 26 85 4 18 93 64 98 23 93 99 47 75 5 64 97 17 46 31 23 35 77 15 28 53 83 63 20 58 75 15 65 80 51 17 18 15 73 30 78 95 88 51 28 36 40 22 46 40 55 61 15 75 87 96 75 29 14 52 51 37 75 87 80 37 25 68 35 35 5 85 96 83 36 81 84 1 84 47 65 79 47 37 5 73 3 37 4 77 98 94 86 52 32 15 94 57 3 29 80 90 18 43 88 7 40 97 85 0 32 2 7 68 28 36 27 29 7 89 65 21 35 98 95 36 57 19 28 5 82 86 98 20 57 85 13 67 64 63 30 58 64 83 59 1 67 36 69 84 15 95 23 57 24 88 96 94 42 42 18 73 37 61 70 17 64 36 18 14 
10 47 71 16 90 59 94 9 85 66 26 34 28 27 0 25 69 90 46 73 1 2 79 71 78 75 22 91 75 9 63 38 23 87 10 12 47 60 45 30 23 93 5 36 98 75 16 85 64 68 14 45 24 21 54 81 18 74 85 49 88 83 3 84 64 73 52 0 15 77 28 49 56 23 38 70 72 18 5 61 61 25 47 72 98 74 27 59 19 90 20 43 6 81 77 60 28 49 25 8 35 92 77 1 29 86 37 79 46 41 7 0 37 75 55 60 53 58 17 7 6 78 32 78 90 84 10 14 29 43 51 92 1 12 47 45 7 3 12 86 77 33 86 60 48 21 46 5 53 2 89 28 75 1 20 56 89 41 8 59 46 2 78 27 17 81 40 59 88 65 71 15 6 80 44 14 72 25 95 56 99 74 53 6 8 57 60 59 95 28 81 73 85 60 77 29 59 60 9 84 83 54 71 38 85 15 73 66 97 46 63 64 45 9 76 93 40 16 43 85 73 48 87 1 26 1 20 40 13 15 41 49 80 29 31 31 16 0 44 86 76 90 59 6 64 22 45 52 47 10 92 67 74 74 49 43 81 67 92 23 45 29 43 75 63 44 90 14 66 72 19 47 47 95 63 37 50 54 61 61 36 60 1 62 0 8 93 46 14 48 58 57 76 33 67 84 0 99 42 79 93 25 37 56 7 30 50 23 34 40 99 0 72 92 5 11 19 54 66 95 42 10 91 59 52 39 11 49 33 85 50 17 88 43 70 55 37 50 57 35 41 93 47 98 24 15 8 49 88 75 8 24 65 42 73 69 21 60 60 31 95 64 5 8 14 85 23 29 79 82 17 78 17 45 5 60 59 68 85 74 24 91 61 61 12 29 91 84 75 22 29 73 11 68 43 70 41 61 80 93 
2 22 29 75 21 24 42 7 35 9 83 75 12 51 53 98 48 11 19 95 44 94 91 37 55 58 37 97 50 80 5 19 25 56 92 42 85 55 88 10 39 36 93 87 11 11 82 54 5 65 95 70 57 74 68 44 84 47 39 14 17 32 76 52 15 90 18 94 7 27 89 40 29 69 73 15 19 72 61 45 87 67 53 42 6 27 60 89 40 97 59 17 87 51 65 1 56 8 15 90 60 65 40 71 45 31 41 40 36 49 3 1 20 74 65 28 12 82 39 21 61 28 39 66 90 41 76 80 96 17 64 93 5 84 77 48 69 1 72 34 3 18 7 84 7 96 69 5 91 66 75 82 75 21 68 55 58 52 87 2 70 35 4 35 77 41 62 0 58 12 99 59 96 10 10 46 0 71 60 64 66 97 25 2 48 1 18 84 3 76 86 71 32 79 40 17 58 83 51 8 59 89 41 47 7 26 93 54 97 60 57 17 61 29 59 28 46 57 11 87 17 67 18 0 64 45 74 69 78 82 49 74 4 26 28 34 52 96 31 50 5 27 55 22 81 26 66 90 20 78 58 72 72 22 38 48 1 66 48 54 55 90 58 28 18 37 59 32 31 49 49 22 16 15 88 67 0 85 59 25 58 68 7 84 74 7 34 33 99 55 3 69 16 16 88 48 73 51 8 34 9 12 92 70 11 48 37 23 32 24 90 66 62 1 91 84 67 99 5 84 3 60 54 31 19 96 7 45 60 48 48 89 9 18 49 7 56 67 14 98 17 91 68 88 17 13 56 16 97 35 23 9 29 64 65 31 47 17 19 90 45 86 0 55 29 67 84 27 58 61 62 75 47 68 53 78 69 92 64 61 60 0 25 52 57 59 98 20 51 50 23 10 14 44 78 35 85 22 4 52 
66 50 99 69 3 57 24 27 20 27 9 3 44 74 2 97 65 80 39 8 58 65 43 36 96 60 59 81 31 19 6 59 15 90 42 20 27 28 12 50 79 22 33 18 19 60 39 49 80 38 85 72 19 36 65 78 3 46 87 56 79 46 27 0 68 89 16 59 65 98 96 90 30 28 76 91 9 95 51 19 40 8 11 78 75 78 81 1 95 28 39 30 8 5 78 43 55 98 60 30 96 27 16 0 93 18 89 73 61 81 58 1 0 10 83 14 55 86 45 65 63 65 52 56 44 41 49 61 19 65 13 19 54 65 74 96 25 63 57 5 74 90 97 22 83 21 64 9 38 63 14 7 16 60 71 38 7 79 20 83 11 40 48 8 68 25 12 37 52 95 26 75 43 35 47 64 41 37 65 15 29 36 47 10 17 19 45 40 79 78 22 53 46 64 48 25 14 69 45 41 2 31 69 25 92 58 42 33 96 24 91 85 98 93 70 20 9 74 70 85 10 80 94 21 19 72 53 64 71 68 14 85 31 26 86 20 76 19 69 98 62 19 1 1 49 64 40 98 36 26 42 2 17 3 78 38 18 3 33 6 73 67 58 19 44 15 96 53 31 2 50 9 75 55 12 14 57 40 52 31 70 9 55 65 20 21 60 98 1 60 71 49 74 33 53 54 24 7 69 76 61 73 60 30 74 94 99 65 22 36 68 47 51 57 95 34 45 3 53 39 6 4 61 8 74 17 54 64 17 25 40 14 97 88 49 34 88 18 24 98 96 42 61 3 93 92 86 41 6 68 61 12 70 62 32 68 93 96 90 7 42 20 42 33 72 15 7 19 68 67 0 10 89 80 12 66 37 83 0 67 78 44 25 33 82 35 46 56 61 67 82 59 49 56 84 72 1 67 43 5 
51 95 21 92 10 11 98 84 36 43 80 73 1 37 95 71 8 97 79 3 29 17 94 41 16 9 10 15 91 4 80 17 18 94 0 89 99 12 98 24 65 75 56 19 94 40 91 92 35 61 31 22 30 36 13 87 25 72 40 62 0 92 64 13 62 35 33 92 42 53 7 52 98 90 40 41 34 72 50 16 76 68 4 14 18 58 15 32 67 30 92 12 37 4 91 84 46 65 63 52 84 85 64 14 2 79 11 7 62 32 7 57 89 0 89 43 38 12 95 87 2 40 75 71 0 0 82 64 57 66 94 71 51 94 37 59 93 35 8 36 3 53 96 27 58 64 92 97 45 29 90 64 0 65 31 2 75 83 44 71 65 21 66 71 59 40 53 57 15 17 79 74 28 74 17 77 19 39 71 49 6 28 60 35 20 77 72 69 45 1 88 46 78 84 40 92 32 3 65 40 79 45 23 91 94 95 7 87 18 68 85 26 37 35 78 20 4 2 41 4 92 86 41 19 21 45 41 8 80 92 53 4 6 22 53 21 34 1 59 50 42 14 76 43 39 38 31 31 61 1 56 35 28 87 10 79 71 94 77 14 8 20 47 60 66 33 47 72 46 6 94 38 20 42 91 41 83 15 91 78 59 6 25 37 18 83 18 57 99 1 99 74 2 31 26 62 48 96 54 19 41 49 29 65 14 79 2 38 28 57 34 65 90 21 98 73 7 45 15 42 51 25 46 21 53 60 90 63 16 17 31 40 8 41 77 34 36 8 90 7 45 94 94 17 68 43 45 61 20 64 90 2 88 87 79 70 44 95 78 48 48 57 43 5 70 94 63 84 75 50 38 7 25 22 62 26 87 20 70 54 2 1 24 36 15 12 98 98 80 16 20 54 70 48 10 91 84 64 64 2 
85 71 40 96 17 4 94 90 75 98 71 84 70 80 84 6 91 0 21 2 54 40 34 87 14 30 34 15 42 83 24 59 95 89 71 4 85 42 82 14 72 27 26 94 44 75 49 31 13 7 66 27 97 17 4 17 59 34 79 37 99 65 75 73 47 88 99 90 65 74 9 11 92 33 56 12 70 64 35 6 22 99 28 18 64 31 23 0 72 49 9 68 48 10 34 21 4 38 72 63 66 58 65 94 7 15 81 34 96 51 51 15 74 55 52 85 97 9 65 42 95 53 53 99 21 63 48 43 51 12 3 69 97 57 46 12 86 83 37 31 11 40 5 14 6 0 43 22 30 68 15 35 51 86 7 11 70 23 31 88 32 75 68 5 73 70 73 47 44 50 43 38 78 53 90 19 54 96 90 20 43 11 94 17 22 23 92 67 97 88 71 50 63 53 16 60 12 91 48 37 57 67 53 11 93 89 89 0 69 26 39 94 13 75 95 10 30 19 15 87 37 70 85 4 33 0 94 15 19 48 57 1 28 27 45 14 73 48 27 36 42 31 59 59 97 10 96 0 89 60 11 25 70 41 33 26 43 17 63 22 51 36 32 72 96 35 69 7 60 43 2 34 87 53 62 91 77 15 46 37 55 33 2 24 0 65 52 55 60 0 90 24 6 81 15 56 6 0 38 29 69 73 29 13 73 42 37 99 11 42 80 9 12 49 68 44 78 58 20 7 0 20 59 62 57 45 1 13 55 55 42 36 62 26 57 60 91 32 41 12 28 36 41 49 59 70 67 34 1 95 6 24 79 32 27 45 14 38 64 88 62 77 79 60 65 21 28 10 3 72 46 29 44 30 79 23 21 43 98 75 36 86 21 25 80 61 64 82 43 19 30 31 94 36 64 82 97 29 7 74 
62 2 77 11 77 29 40 40 2 20 41 13 66 35 31 10 57 2 3 91 84 32 11 33 79 42 62 44 98 89 2 72 26 93 31 92 96 22 8 10 73 12 62 38 7 52 67 13 38 86 53 26 66 61 69 61 3 10 42 58 33 30 31 33 93 22 38 67 48 19 46 64 41 62 57 28 5 46 93 47 32 15 68 12 27 17 14 45 91 25 42 17 66 43 93 85 42 33 59 43 90 48 82 1 0 37 21 6 75 39 93 75 16 84 45 54 49 29 97 76 60 60 7 90 73 91 75 56 93 80 88 89 22 2 96 33 69 37 91 35 20 97 14 79 3 81 55 96 46 12 76 37 4 92 19 43 59 7 76 89 71 49 23 9 74 3 71 76 9 85 35 97 48 50 74 5 20 84 58 80 32 81 62 67 18 23 14 10 27 13 71 66 79 21 67 8 48 12 39 12 96 98 0 62 4 3 23 19 26 36 8 19 42 51 35 67 22 20 20 56 32 22 2 37 27 16 41 94 64 11 34 17 43 76 19 16 73 5 1 89 95 57 42 4 87 51 89 51 60 62 81 44 49 61 32 29 38 10 86 63 84 28 98 39 55 0 10 66 36 10 7 47 96 76 11 76 48 50 32 56 17 47 79 45 65 25 30 32 4 26 17 38 75 61 88 61 31 34 64 38 67 54 49 76 99 81 89 41 0 9 81 67 29 81 46 90 94 94 71 59 16 94 65 85 28 50 6 29 84 87 33 71 13 80 50 1 9 53 52 28 61 3 13 66 34 87 68 53 74 94 12 67 4 64 52 20 71 38 46 96 15 25 28 0 75 42 59 83 83 40 98 81 8 89 8 99 29 51 76 23 89 99 47 84 62 97 8 83 52 61 72 40 70 91 9 47 14 13 3 80 
18 89 27 94 75 34 97 4 75 32 66 83 8 2 45 79 0 91 72 49 94 82 49 14 24 47 73 45 75 95 87 46 12 65 98 49 62 6 18 64 83 27 51 9 41 8 72 21 39 97 0 32 73 93 48 74 98 66 62 35 28 27 82 77 30 44 26 32 98 58 64 45 81 8 48 62 35 11 19 51 84 46 26 19 55 36 79 50 21 54 65 93 36 36 89 28 53 66 38 42 26 13 81 90 25 50 45 57 42 81 93 34 34 72 49 47 89 40 88 48 47 77 88 45 58 40 71 19 85 82 69 59 83 2 10 50 68 18 41 96 38 23 29 40 55 88 4 68 28 61 53 9 39 98 89 10 66 32 28 47 67 25 58 60 88 29 10 97 96 45 8 82 49 39 21 3 36 7 61 35 31 32 92 29 93 53 89 70 88 92 55 0 20 12 32 99 7 0 9 63 90 97 36 82 49 58 41 28 90 47 20 96 50 86 85 49 24 96 18 57 31 3 73 7 47 52 17 54 31 84 46 56 67 98 39 40 19 28 67 26 75 12 35 56 45 5 57 88 17 34 56 4 55 70 90 98 43 7 92 37 24 6 93 52 33 55 92 36 35 55 96 3 13 18 55 35 64 36 49 19 97 90 17 11 55 87 36 29 61 19 58 7 70 3 83 9 36 15 47 52 24 21 79 46 56 63 98 75 50 74 94 50 70 11 9 42 22 96 35 86 52 89 96 8 3 16 47 34 10 39 94 75 39 32 67 98 10 95 21 28 0 90 39 21 72 66 0 89 30 21 58 22 31 46 80 72 24 74 1 33 90 69 46 9 44 84 48 45 98 41 70 76 21 36 2 68 21 77 14 84 26 32 63 12 29 45 34 99 29 66 70 38 43 83 91 95 25 31 66 99 
66 85 86 69 93 76 13 59 48 59 1 68 13 53 69 3 42 22 95 95 85 99 85 34 86 97 92 52 67 43 73 27 66 37 31 47 61 26 38 13 76 15 19 88 35 52 13 12 31 20 31 87 88 5 37 9 5 7 16 10 36 33 21 89 78 36 19 11 87 84 34 5 2 68 4 69 45 80 50 10 72 58 31 41 78 0 85 87 19 50 90 63 24 2 6 38 77 51 41 99 61 28 20 26 32 4 96 23 47 25 64 83 58 88 82 66 11 98 85 92 78 48 66 53 21 95 43 76 7 15 2 47 70 19 12 47 77 82 63 67 96 69 51 4 65 96 95 78 84 14 65 66 82 44 36 38 4 12 50 79 16 15 15 44 82 10 46 97 83 26 60 86 4 96 27 26 58 87 1 41 4 38 60 61 97 59 73 66 91 59 3 63 3 57 34 64 28 25 97 22 46 29 30 79 5 96 87 42 84 35 1 63 12 97 26 11 22 80 36 4 56 77 12 45 56 32 58 43 52 93 88 59 53 82 94 2 42 41 8 19 79 69 32 2 20 77 58 45 67 32 39 47 73 14 60 40 16 16 80 65 28 61 80 55 85 77 72 45 69 77 94 60 67 13 53 32 6 28 27 66 75 48 54 29 55 38 49 1 74 95 32 24 87 40 53 28 29 36 90 5 44 14 98 88 34 5 55 62 69 28 26 91 4 90 52 8 74 22 45 3 54 15 21 38 35 22 1 23 20 88 24 38 81 94 41 81 98 74 4 20 45 49 16 23 95 20 83 85 37 58 44 98 66 44 27 79 34 42 60 46 8 56 55 96 48 38 7 72 55 49 21 65 32 80 64 9 4 78 58 52 87 94 51 91 93 70 1 3 47 27 73 79 16 55 56 40 11 67 54 96 
83 0 35 2 1 55 60 48 60 0 17 5 64 54 76 56 42 70 62 36 98 81 46 77 50 77 76 28 78 31 17 77 45 86 11 40 9 47 65 39 38 7 57 95 56 64 61 31 4 61 38 71 99 21 40 25 24 62 99 74 12 25 0 85 97 51 32 63 51 1 62 52 20 52 17 52 42 86 38 64 67 90 22 52 18 45 5 65 70 10 6 97 36 61 72 33 45 81 29 1 50 72 6 18 72 15 45 31 73 25 66 92 70 21 7 24 4 33 59 57 48 61 27 7 20 30 45 31 95 77 95 24 47 79 27 64 91 62 21 55 89 50 85 30 36 37 50 2 4 90 14 87 64 92 86 25 99 25 17 69 76 64 89 22 85 55 44 83 5 99 60 27 30 86 60 17 57 59 2 11 24 25 9 28 37 7 15 10 5 14 87 9 83 3 42 57 67 94 63 40 61 51 71 39 88 15 31 14 50 55 12 13 30 26 29 79 13 27 53 13 47 12 80 9 30 22 90 22 21 30 41 34 53 92 26 49 38 76 52 84 44 95 60 72 70 63 2 6 56 4 80 55 69 15 74 56 78 39 33 38 63 33 3 62 23 52 72 81 62 23 47 91 52 18 39 97 34 41 96 62 14 37 51 72 35 0 80 37 64 57 7 66 38 70 93 4 58 81 21 99 99 24 40 5 6 23 92 69 91 47 0 43 68 19 28 19 30 62 87 75 73 64 30 17 43 4 1 65 14 1 86 46 6 88 16 1 42 78 21 58 83 38 36 62 20 4 38 21 9 88 20 58 7 9 40 0 54 83 64 82 33 87 11 79 56 75 54 45 24 34 93 77 76 33 32 9 42 78 14 41 32 80 42 71 94 83 63 82 76 46 27 98 94 60 74 9 47 44 71 66 
12 8 72 85 47 67 10 38 76 43 74 37 65 16 35 5 25 12 71 84 72 45 13 83 16 67 87 35 5 14 89 10 51 17 79 12 32 90 76 12 67 34 97 53 15 54 57 74 92 82 85 95 51 8 61 15 63 70 26 93 31 11 77 16 97 79 8 52 68 62 96 0 50 41 95 99 73 11 8 21 69 77 55 34 8 28 71 26 77 41 20 64 42 51 18 68 45 80 10 18 83 64 20 92 87 7 49 92 80 27 41 49 80 51 19 61 2 16 35 42 52 13 87 78 30 8 67 9 61 42 89 14 38 70 80 0 9 21 64 62 82 43 95 65 30 79 63 87 44 84 89 44 4 84 6 13 43 67 86 40 59 94 23 20 36 51 47 39 56 97 21 64 89 53 67 18 40 51 66 33 43 83 34 77 67 71 57 2 21 28 1 5 89 61 87 21 76 56 54 82 45 38 32 71 59 72 11 57 21 89 74 47 60 69 36 12 88 61 50 50 67 98 36 49 62 96 79 21 21 5 27 74 56 65 25 6 73 98 2 56 10 55 92 89 42 17 5 13 54 56 67 37 41 8 39 21 93 47 88 81 36 80 27 73 46 59 70 6 84 17 94 2 77 21 62 54 10 14 88 97 49 91 8 0 82 10 30 99 64 53 97 26 22 67 62 94 0 7 45 68 49 91 68 62 66 61 79 58 67 85 68 1 81 16 68 69 76 37 96 11 50 10 11 93 95 91 14 86 39 42 9 42 62 52 7 13 73 59 1 87 26 58 93 29 24 9 90 80 29 43 16 4 54 3 97 21 37 3 69 24 53 14 58 42 53 13 39 87 64 56 88 66 77 81 97 38 69 92 98 70 19 4 38 87 28 6 22 29 82 29 31 25 22 17 30 25 2 53 9 52 
38 83 65 81 32 26 99 25 89 6 21 91 2 85 28 54 10 43 36 3 59 30 7 59 20 2 57 64 38 98 78 79 29 15 6 70 51 24 80 30 91 19 96 44 0 93 40 67 36 70 35 15 87 89 79 48 1 74 0 17 4 83 11 22 83 18 78 38 40 89 80 25 76 9 60 84 8 47 76 90 12 49 16 71 81 46 23 51 5 10 88 7 48 28 74 67 30 16 50 30 27 26 77 48 74 17 75 21 64 32 29 69 6 94 41 29 11 83 96 19 53 25 72 76 25 36 72 33 60 62 5 83 63 77 91 7 82 48 31 49 70 20 54 40 93 65 54 5 57 39 80 21 55 67 95 67 63 20 39 67 50 80 60 95 3 91 5 69 45 65 72 52 26 93 83 7 52 89 12 61 91 69 66 47 57 49 16 41 86 63 44 90 94 46 59 1 44 88 65 87 51 9 90 60 15 9 29 1 24 25 50 80 80 28 51 42 52 20 93 0 75 54 41 87 29 40 15 66 59 6 55 46 79 28 67 80 48 27 49 40 65 41 24 97 99 42 9 41 93 1 14 24 57 80 13 29 12 69 32 9 57 24 7 91 60 24 81 43 80 49 72 14 16 14 31 11 23 24 95 3 1 39 53 22 23 83 17 24 36 43 43 50 46 83 35 10 7 44 26 33 62 65 91 77 70 27 71 5 42 51 27 14 12 89 63 8 73 82 96 97 90 50 81 64 19 10 91 60 78 47 80 3 57 49 82 47 72 12 57 42 85 81 89 89 0 48 99 54 88 72 16 37 77 55 54 51 19 86 55 93 32 63 29 41 34 15 18 97 84 41 34 89 29 13 68 60 88 95 35 69 10 2 23 18 62 58 91 63 24 11 71 90 80 95 20 70 45 81 22 46 
12 65 32 8 49 87 15 22 24 8 69 66 35 89 7 5 19 94 59 90 3 94 81 14 98 80 13 73 84 86 37 38 71 55 15 66 45 97 80 76 71 28 67 30 19 22 55 74 14 87 15 78 56 8 66 32 47 1 28 6 40 44 42 99 21 45 8 76 48 60 14 87 3 1 44 3 13 57 69 79 91 65 68 75 29 26 33 31 83 70 65 53 41 20 24 29 97 5 1 11 86 58 36 31 81 99 94 64 71 9 37 43 2 50 58 15 41 4 31 48 63 57 53 10 65 80 10 28 31 26 37 29 76 84 58 36 85 51 97 64 88 73 23 97 42 49 60 55 85 59 14 37 80 19 39 58 89 3 92 34 57 51 96 56 84 84 2 6 48 45 7 41 38 96 71 66 65 81 54 83 2 68 27 84 88 9 80 32 69 47 60 15 47 55 20 48 26 97 86 21 16 32 87 86 38 10 58 89 80 11 43 33 28 58 11 64 37 76 97 95 24 20 72 73 50 97 94 99 68 71 94 17 80 83 74 54 80 29 30 44 85 42 25 94 59 17 11 10 43 34 90 91 61 19 11 52 13 58 68 0 54 90 14 44 26 70 38 8 85 52 34 62 64 24 73 24 20 92 95 7 36 70 8 64 59 83 34 89 41 39 15 59 77 35 57 68 57 67 68 72 2 18 45 5 92 90 1 42 24 71 35 77 16 90 36 3 57 7 3 43 28 42 76 91 53 16 11 44 50 86 1 10 60 32 89 74 44 67 23 43 90 68 36 79 92 37 94 24 56 69 77 79 25 69 94 7 23 80 69 74 23 27 47 22 5 41 85 67 2 4 25 2 94 87 49 17 71 31 81 46 84 93 91 36 24 31 96 51 3 29 32 68 91 88 26 7 37 36 29 45 
81 45 70 78 14 80 73 9 69 78 74 13 41 23 57 68 10 4 97 43 66 90 53 74 58 61 11 49 82 76 50 67 46 56 3 50 34 75 80 44 17 20 59 31 75 12 68 46 89 29 49 45 65 45 67 90 20 48 52 66 63 8 80 64 37 21 1 83 73 42 5 95 87 98 41 90 15 22 37 6 11 25 84 74 23 36 4 38 27 62 51 73 7 61 50 59 81 88 97 66 75 53 54 12 95 96 57 17 92 91 88 14 73 89 84 3 11 26 15 4 97 5 99 29 66 99 97 57 29 56 16 4 88 55 97 12 29 67 87 96 6 19 96 53 75 95 54 53 33 74 72 61 41 99 5 30 42 60 51 27 70 82 20 26 41 39 40 44 28 11 55 41 60 22 27 49 69 52 79 77 41 50 54 15 20 94 49 74 11 6 13 98 86 22 40 50 92 83 25 48 28 93 97 23 42 51 38 4 22 59 3 63 26 60 35 63 25 45 27 96 4 33 70 10 35 85 29 87 23 12 99 31 17 24 34 53 11 88 4 33 83 63 6 61 67 16 31 65 64 72 42 97 29 77 74 25 70 39 70 77 36 75 13 87 95 4 91 30 49 48 22 58 29 35 94 88 79 54 82 34 35 87 87 29 23 64 81 18 33 72 10 84 46 69 56 56 58 34 42 76 51 70 79 70 20 3 20 28 10 57 68 89 48 61 72 93 48 8 46 89 85 51 58 46 99 83 95 85 28 74 44 90 51 96 45 82 83 96 4 32 13 73 91 5 65 3 70 50 21 84 91 60 18 79 37 88 88 7 21 35 7 46 74 62 25 85 56 89 23 10 82 33 66 81 74 71 94 70 58 49 15 41 23 84 25 14 20 15 47 59 74 79 96 64 94 85 82 82 64 69 
8 24 76 4 14 70 76 21 13 34 96 9 25 2 98 96 48 16 97 22 81 10 99 10 71 6 87 97 44 94 48 70 37 39 21 18 55 48 98 10 61 41 83 11 10 68 81 92 84 36 88 56 10 4 38 28 77 16 28 50 93 2 55 96 6 84 90 31 67 43 58 33 9 94 48 98 96 23 91 82 53 49 46 34 44 45 5 28 72 87 83 94 36 5 56 43 97 76 92 43 52 8 9 48 26 60 7 60 99 30 64 0 60 81 20 41 10 85 93 17 28 36 73 28 30 91 16 1 51 94 5 21 48 41 95 0 84 87 14 60 92 77 82 72 61 9 87 29 58 18 95 55 37 26 42 55 51 32 26 35 82 36 49 46 80 90 67 0 75 48 14 21 70 25 97 95 24 97 59 86 84 49 85 64 28 99 57 46 54 22 89 80 37 46 41 23 61 56 69 74 22 84 33 21 74 41 52 94 99 65 15 35 16 83 94 69 27 29 68 23 36 43 46 2 95 76 34 29 62 68 98 43 48 93 36 60 21 49 7 86 86 65 3 94 33 8 50 63 17 16 76 2 60 2 31 27 52 33 59 54 82 92 37 84 39 1 88 32 66 18 16 55 32 7 48 36 2 76 65 11 96 38 31 31 9 92 0 93 26 52 97 43 6 44 44 46 53 23 95 60 94 34 62 32 69 25 99 79 25 93 76 13 3 67 71 44 5 60 17 91 5 87 45 0 96 50 25 9 0 77 24 94 47 36 28 56 21 53 11 29 21 77 25 52 80 2 21 91 87 94 33 7 20 94 21 8 86 20 74 10 53 32 96 90 67 38 68 35 84 18 27 49 43 35 42 9 72 81 12 0 42 29 61 26 96 58 46 2 34 17 36 57 40 80 20 41 73 29 36 55 
20 30 23 94 13 56 76 36 0 60 55 76 98 46 71 27 81 54 58 94 76 85 68 11 47 45 88 22 2 82 88 13 87 68 20 59 59 88 71 55 9 61 28 25 99 92 74 9 16 17 92 99 22 1 83 88 9 64 66 50 65 30 92 59 96 14 89 52 44 96 99 94 36 57 41 61 43 11 31 56 72 95 84 9 17 57 99 19 64 62 49 96 95 15 0 43 14 13 31 44 34 56 73 16 28 14 76 89 93 79 72 43 99 69 33 68 37 62 96 21 28 28 21 4 68 66 13 15 9 97 28 47 30 45 14 58 40 45 99 94 38 65 90 83 38 56 58 62 55 82 54 68 51 25 89 99 48 39 86 16 94 74 1 37 97 34 7 84 83 34 97 70 29 88 97 44 3 56 63 20 2 66 5 24 1 7 79 84 49 51 66 60 55 52 68 95 87 93 31 32 98 8 66 71 69 74 88 8 57 28 1 70 99 3 65 25 61 19 6 34 62 86 61 89 99 8 79 96 84 8 16 82 54 48 91 32 64 63 41 62 31 64 44 69 61 23 78 12 70 94 92 14 26 82 91 8 57 44 17 27 87 33 56 33 81 32 5 15 3 49 87 98 17 69 60 60 42 92 88 58 28 89 88 50 83 35 35 93 43 7 11 21 2 27 83 82 65 2 64 89 8 37 97 67 64 33 47 27 68 62 69 75 31 30 41 57 29 97 17 83 45 27 48 93 93 17 8 3 37 73 5 43 11 85 40 38 14 43 63 85 80 78 66 44 62 7 57 14 34 68 74 54 73 91 64 15 62 74 92 85 33 86 95 94 68 17 95 30 35 99 4 75 31 47 35 68 55 75 58 32 48 59 40 45 15 16 88 16 63 15 41 57 24 37 49 32 95 25 52 63 
55 30 30 24 26 24 23 95 36 87 62 83 54 9 11 65 22 40 64 73 75 55 0 59 56 62 20 30 28 21 48 44 84 33 49 41 34 70 70 93 6 7 84 23 21 59 66 9 81 63 16 79 16 55 93 62 92 13 91 5 95 27 79 31 88 27 46 93 75 24 40 76 20 60 95 72 30 23 55 73 15 69 18 38 99 70 50 29 15 97 59 97 31 4 37 34 32 51 30 88 2 89 42 34 9 15 46 4 80 48 31 29 31 33 64 32 64 82 69 23 8 88 73 74 5 51 51 33 52 53 6 55 60 34 13 86 50 36 31 77 24 93 79 66 76 16 4 67 12 1 54 89 97 30 93 29 81 49 47 98 91 14 12 84 71 55 9 57 32 33 94 30 9 21 28 91 20 55 91 42 16 96 47 75 14 98 45 51 27 4 78 43 32 15 66 14 86 8 15 15 72 85 9 11 98 63 29 12 53 37 76 60 39 24 77 3 8 23 82 52 33 97 62 45 28 26 37 85 81 44 20 10 19 94 94 77 88 62 68 9 88 27 52 7 54 61 47 46 90 18 72 4 0 87 29 63 13 87 32 78 90 49 97 30 60 48 0 45 41 71 92 37 71 58 54 12 64 64 79 82 10 48 60 9 27 90 58 65 40 10 48 49 90 54 4 51 21 15 67 51 88 84 72 19 8 10 48 17 74 74 88 78 4 38 81 26 69 54 43 11 98 27 54 12 22 93 25 4 9 66 43 92 19 22 99 28 81 74 80 45 20 55 78 14 16 11 66 96 36 29 97 99 77 37 39 73 36 71 63 61 58 17 83 37 94 15 20 51 81 62 56 45 64 43 27 86 18 42 8 23 81 76 63 21 75 57 27 98 44 60 21 88 66 0 65 55 11 65 3 78 
49 55 53 11 39 21 32 73 38 10 60 51 75 57 27 75 79 84 38 45 4 68 1 3 94 19 19 63 50 45 97 32 10 97 6 53 8 71 33 84 59 2 58 89 72 82 34 38 15 18 34 65 48 90 3 43 3 65 75 93 14 71 72 48 55 43 93 42 0 47 34 10 61 37 17 77 72 73 39 94 85 73 85 39 32 52 79 81 15 16 5 77 43 19 93 67 65 20 1 35 11 87 61 31 5 81 19 91 31 83 17 15 93 48 16 44 4 71 1 68 82 76 32 54 77 65 39 8 36 5 97 50 49 85 66 90 96 2 86 90 53 27 35 20 54 66 66 52 63 1 58 41 84 62 82 43 53 22 64 95 46 5 22 68 90 10 74 14 10 65 1 50 63 17 91 2 27 86 34 21 51 29 94 60 61 98 27 34 66 85 14 73 52 26 4 99 88 67 89 33 86 37 97 67 63 21 37 39 10 96 46 85 50 52 61 27 62 74 67 44 54 2 43 25 68 82 50 53 93 24 26 75 48 77 0 36 49 12 66 59 40 74 18 95 49 56 71 38 95 32 60 3 33 13 48 57 16 19 82 74 15 64 5 51 24 99 16 40 74 75 19 15 36 56 89 24 84 45 96 54 51 80 21 45 27 32 65 13 73 65 89 93 38 9 70 75 46 64 79 20 60 8 28 5 6 28 76 93 41 66 32 87 67 64 13 29 48 98 46 54 93 44 96 2 42 39 89 6 99 78 65 44 85 98 92 34 79 30 16 68 14 8 74 15 47 86 57 21 93 51 58 60 93 44 88 51 94 13 53 69 3 24 60 17 15 41 33 73 27 90 25 89 40 71 56 8 83 75 79 5 53 95 47 30 99 45 85 24 46 67 61 2 8 82 73 51 46 81 60 94 
86 31 38 36 98 57 28 68 86 57 33 84 25 56 62 35 23 53 30 55 4 75 51 69 5 13 66 70 97 25 6 80 80 18 54 67 75 7 20 1 24 44 12 45 19 70 10 16 22 39 29 38 41 50 33 97 59 49 38 73 0 92 44 88 95 73 80 20 96 65 55 23 33 49 29 55 0 26 75 87 43 56 61 54 88 70 78 45 12 60 16 96 75 19 11 36 88 39 35 89 44 30 35 69 92 59 96 15 91 21 63 59 19 54 88 63 83 6 24 43 48 35 2 52 64 86 29 29 62 59 47 57 28 61 82 19 94 12 3 86 60 19 30 63 35 64 2 81 66 83 29 7 80 50 97 15 97 55 75 69 52 97 92 72 66 8 11 73 44 5 10 11 28 44 9 0 49 44 22 12 41 50 56 28 87 8 18 88 93 85 55 24 16 94 38 32 31 52 49 35 42 41 61 71 1 39 18 24 59 45 49 87 22 69 28 87 14 30 74 95 68 8 99 62 56 46 34 54 41 58 66 48 8 67 10 96 0 52 90 55 28 78 25 79 50 1 28 97 23 0 54 77 14 5 37 65 35 24 77 67 51 68 32 63 76 67 53 92 64 92 94 64 39 32 63 3 35 38 26 12 35 26 47 23 55 26 86 35 19 33 38 20 82 84 87 63 81 1 48 65 47 52 18 21 61 23 55 92 48 98 68 22 64 42 82 18 97 62 42 6 1 32 98 57 36 11 20 58 91 38 71 1 42 3 17 55 13 43 9 9 24 93 26 85 69 8 10 87 22 22 16 4 55 73 30 4 97 75 24 49 53 98 29 91 86 96 8 51 94 40 28 7 40 5 51 71 19 67 4 10 12 53 46 92 14 70 86 64 32 17 6 60 78 29 71 84 38 38 96 45 
56 96 69 56 80 93 50 32 0 41 95 21 42 66 84 6 97 51 70 64 16 65 36 81 54 44 38 33 89 46 72 33 24 40 51 14 48 36 0 73 85 95 4 61 73 23 72 63 63 12 31 83 76 31 24 93 89 99 85 2 52 38 61 4 10 39 18 32 99 42 56 32 18 61 77 36 98 13 89 28 77 76 97 13 21 9 23 89 58 1 66 46 73 83 13 44 47 66 43 87 51 94 60 4 40 65 38 63 91 21 60 7 3 30 62 0 67 64 59 65 56 34 80 11 46 92 27 77 31 97 82 85 61 57 95 12 46 95 63 41 80 2 36 87 48 87 16 15 99 38 95 44 9 43 69 42 43 36 77 46 86 3 71 44 50 12 77 56 46 2 23 97 59 60 28 91 71 28 62 67 58 26 27 43 54 54 27 13 30 62 43 66 88 47 73 61 15 23 99 20 71 19 76 56 74 51 98 5 68 6 99 54 13 53 66 74 51 62 27 89 81 45 55 19 58 4 68 66 95 57 50 42 72 68 52 83 1 53 95 30 53 45 68 18 83 11 65 64 4 82 45 63 71 22 37 80 28 76 31 61 50 98 7 26 35 74 57 28 42 74 39 20 5 5 53 67 91 36 96 17 9 43 77 43 75 55 26 80 84 35 23 49 45 7 35 13 48 91 90 2 44 89 75 91 43 65 33 65 47 22 38 7 94 45 57 99 22 50 82 59 7 5 54 89 92 37 37 42 6 16 63 53 47 96 88 19 15 91 33 6 33 58 85 77 78 50 26 48 88 6 13 15 18 66 35 72 47 0 83 70 11 61 95 85 39 79 54 74 2 12 26 40 28 41 58 90 69 19 22 25 92 70 25 97 69 69 27 90 4 62 75 50 5 77 22 5 99 5 69 41 
61 4 90 62 92 46 70 0 88 40 24 37 48 45 5 48 97 74 73 97 39 12 37 27 6 65 61 74 71 59 94 21 52 28 1 54 76 71 69 66 96 33 46 96 43 90 97 45 95 57 34 4 82 34 66 31 68 0 37 79 1 64 8 32 73 56 56 52 40 19 28 70 11 2 23 5 96 46 44 4 26 62 75 76 57 87 81 6 30 66 84 13 45 2 48 25 71 19 31 37 69 86 53 44 8 54 67 43 62 44 65 67 76 40 66 40 56 49 52 91 28 62 39 95 31 86 98 50 37 15 72 31 33 46 50 29 9 48 4 4 69 86 33 9 36 82 49 3 25 66 54 11 18 65 9 14 45 3 3 17 71 49 29 25 21 48 54 65 87 12 32 71 71 13 19 83 18 82 4 51 46 14 97 54 98 51 82 66 3 70 89 81 52 76 81 38 83 75 24 68 12 51 11 18 13 83 47 71 76 32 78 64 31 1 21 17 69 9 41 60 4 41 70 49 71 25 20 13 24 48 42 27 44 8 95 42 13 70 13 38 67 44 94 66 79 16 46 22 65 68 4 53 81 80 74 67 13 44 94 15 71 61 36 83 63 8 15 6 65 5 57 55 37 70 33 47 8 79 51 28 66 72 46 3 52 52 98 21 76 86 1 14 97 66 76 65 21 73 33 13 91 60 58 43 92 51 31 26 21 32 24 57 65 88 72 98 19 81 15 57 83 56 85 58 87 26 53 54 57 58 83 87 24 47 1 42 56 79 99 24 62 92 74 92 79 62 33 68 20 50 64 2 27 87 40 21 14 31 46 52 36 80 61 0 64 60 14 80 74 24 36 85 54 73 32 94 5 56 93 98 23 88 75 77 12 5 60 75 37 74 18 65 40 6 93 5 32 60 2 46 
97 80 82 81 23 63 62 64 89 66 52 43 64 60 7 61 91 54 95 64 52 2 50 58 26 27 43 80 19 67 59 22 1 6 90 85 20 51 36 53 23 86 34 28 90 11 61 90 55 25 48 76 20 0 78 86 4 89 8 49 85 46 2 40 87 49 75 76 24 82 48 41 67 44 82 41 50 90 50 20 23 59 94 55 17 89 65 7 41 74 57 9 65 99 89 41 59 62 0 94 59 12 80 16 76 38 70 92 51 35 29 92 97 61 18 13 89 2 61 87 76 95 46 96 18 85 32 1 77 31 28 90 0 98 60 68 9 32 26 89 20 67 95 75 92 20 1 0 42 31 9 64 49 64 15 21 70 6 6 43 81 82 29 29 24 4 59 3 64 10 39 22 71 53 65 8 10 66 66 31 92 23 30 70 95 90 85 34 35 68 78 24 54 7 98 36 7 46 6 63 20 1 14 35 79 53 74 10 79 36 65 82 60 18 69 54 74 69 45 20 21 41 22 90 59 36 34 30 70 86 25 65 63 99 73 65 89 20 63 2 17 1 36 33 14 54 31 19 4 66 54 6 70 55 26 6 50 0 85 68 26 4 78 76 95 79 58 0 46 56 20 82 33 81 47 31 80 45 67 66 77 68 17 6 49 5 31 86 55 17 17 37 16 16 14 31 38 29 73 64 93 85 7 97 24 85 88 44 18 6 94 37 63 38 27 56 55 75 57 74 66 99 72 63 24 2 98 23 60 58 48 95 38 87 5 1 8 89 93 3 19 98 59 17 62 13 23 71 63 47 12 60 21 12 83 55 96 25 67 73 87 50 55 72 95 47 68 47 63 93 81 58 41 37 70 7 56 87 14 43 68 94 23 7 5 27 70 64 61 49 50 75 58 0 62 78 25 11 82 45 
72 70 84 99 92 33 93 62 7 75 33 4 75 9 70 68 75 33 20 66 6 14 72 74 81 53 82 9 24 73 22 47 89 34 99 66 9 78 37 77 75 8 30 27 51 35 73 65 71 90 35 29 79 17 78 14 34 18 45 97 46 81 82 8 17 60 3 88 2 21 19 10 55 70 81 29 92 37 0 18 36 26 38 25 13 6 92 30 50 66 80 7 47 45 3 77 97 63 66 44 80 8 4 69 51 60 86 42 31 96 3 71 38 77 63 60 30 64 83 7 97 98 13 89 47 86 66 68 54 53 92 50 3 33 74 78 12 78 35 55 62 32 95 20 31 34 80 3 88 15 74 28 38 46 65 4 71 59 93 99 34 52 27 39 32 7 62 21 62 6 36 17 50 82 70 58 93 92 95 94 56 40 44 43 22 9 50 39 62 80 70 10 93 7 48 8 62 42 98 89 75 42 26 61 48 54 82 47 56 95 72 13 71 53 8 72 46 11 8 0 48 21 87 44 29 74 45 38 24 12 27 97 98 25 14 13 93 2 28 99 18 96 32 17 35 75 11 52 58 97 81 82 64 54 31 16 88 50 37 15 4 35 4 12 11 37 50 1 91 26 30 20 19 69 70 91 88 16 52 3 6 35 28 18 27 66 96 0 38 86 79 85 44 28 54 49 75 63 92 25 81 13 63 30 31 46 54 60 89 62 95 48 20 97 18 18 28 13 51 10 9 33 10 80 94 82 93 49 90 9 46 30 15 85 39 60 41 2 53 4 96 91 73 73 42 31 76 82 67 8 53 16 18 54 90 52 52 58 65 20 50 35 84 40 1 18 15 41 93 59 93 67 12 1 21 17 8 74 96 35 60 8 83 65 85 0 86 53 24 87 4 35 84 88 53 69 80 40 26 7 
35 21 7 30 49 10 16 34 58 18 66 10 12 67 86 93 63 50 49 1 71 63 30 9 27 49 92 57 4 57 99 2 36 65 35 53 46 77 34 57 30 16 5 91 41 55 27 48 38 25 88 65 3 10 63 44 59 38 63 14 47 28 79 16 75 25 15 44 66 52 96 6 86 7 60 71 94 80 54 36 61 28 61 1 10 1 81 10 45 58 46 14 39 76 90 16 59 71 62 89 35 56 99 34 89 12 43 88 19 30 19 80 33 53 28 90 1 27 62 59 50 3 56 89 8 70 23 53 9 24 37 69 99 62 54 90 73 35 72 44 81 95 88 53 54 77 54 57 44 25 91 6 90 25 97 52 69 47 3 57 13 88 60 46 76 14 22 59 49 31 48 58 5 50 63 12 8 81 68 57 86 4 49 92 46 62 56 99 16 59 89 95 53 74 29 84 79 3 73 93 22 0 1 8 22 47 66 90 26 19 1 5 1 82 27 96 29 40 78 50 16 40 38 82 93 63 87 11 51 1 9 71 69 99 31 78 41 54 21 11 65 40 91 97 49 12 75 41 42 47 34 72 22 70 85 53 43 3 68 99 16 61 28 35 50 70 40 16 17 59 20 78 9 31 33 23 10 59 58 40 1 88 22 90 32 26 64 36 61 30 51 64 16 46 91 60 33 5 57 84 45 44 40 67 64 70 64 54 77 95 60 4 51 70 60 86 91 82 63 41 27 35 89 59 91 43 51 17 11 96 12 14 42 2 1 74 10 30 54 48 54 98 8 62 26 56 45 28 70 76 92 44 24 97 63 43 9 40 20 39 87 62 54 33 2 61 18 95 3 4 86 81 67 67 22 47 10 94 1 33 91 0 66 91 26 55 74 4 63 0 11 44 23 36 85 79 41 79 64 78 
89 61 55 4 67 71 85 88 83 14 95 96 63 93 22 31 3 33 52 59 51 34 59 14 16 31 72 95 41 17 2 96 47 52 91 32 36 19 45 91 34 63 43 60 44 90 73 94 37 1 96 83 14 93 91 64 69 89 65 32 48 57 24 85 88 94 67 73 9 56 40 29 7 15 67 41 76 43 18 97 39 28 58 64 75 29 1 22 36 41 71 2 38 15 83 81 10 79 28 22 2 41 28 45 72 83 28 62 60 33 63 90 23 17 8 87 21 37 79 14 71 38 13 47 85 60 60 8 81 31 13 51 62 29 35 38 48 76 56 11 62 15 8 90 11 2 75 59 92 84 9 43 26 12 15 62 17 35 5 69 35 3 30 5 6 85 21 82 23 80 28 77 53 80 76 28 79 0 7 99 20 1 57 77 13 21 34 4 88 45 50 13 11 57 43 81 52 72 47 50 42 95 64 97 47 70 24 8 62 9 80 35 19 69 18 39 9 62 39 94 29 17 68 97 33 25 31 19 78 64 27 97 44 32 59 95 57 1 33 99 60 73 24 64 47 87 97 35 61 98 5 76 48 53 31 21 52 32 36 58 63 43 87 72 10 40 33 17 0 20 50 63 33 82 28 28 14 10 64 70 82 96 49 37 43 73 85 12 11 64 54 81 70 27 81 73 92 71 60 96 37 61 42 16 19 82 54 71 20 30 97 45 13 49 55 24 83 60 11 2 65 34 6 56 32 29 52 40 28 92 52 60 40 85 99 88 91 23 42 74 28 94 99 66 21 0 43 89 57 9 36 10 45 13 42 61 66 19 91 60 54 94 0 53 36 67 88 19 38 55 25 32 83 1 2 4 37 99 98 36 27 2 47 54 95 51 10 69 96 1 19 8 86 44 40 29 36 29 90 58 
87 3 64 16 70 6 30 23 8 50 7 96 23 55 30 61 23 57 13 4 5 96 91 71 43 59 78 37 17 16 66 43 33 69 30 65 28 11 98 7 29 19 40 48 0 55 74 86 13 21 58 13 16 45 36 28 1 36 42 22 22 52 49 86 96 66 58 95 28 71 44 7 57 3 52 95 14 75 16 26 68 62 25 80 39 61 24 63 70 52 31 46 16 1 71 65 11 72 50 19 21 74 4 15 86 8 75 61 30 52 1 5 57 23 11 46 89 61 10 37 77 86 8 31 17 61 92 7 24 27 9 52 60 28 36 33 80 68 92 84 34 44 46 54 41 81 65 99 9 63 27 73 61 16 46 6 85 27 24 59 75 59 41 86 50 15 13 23 25 40 95 69 11 77 73 15 8 92 81 97 77 88 71 73 60 84 70 8 89 81 65 33 13 58 53 40 89 35 95 66 22 23 42 78 4 66 5 54 99 89 66 23 99 15 72 48 98 20 47 48 25 62 95 15 26 33 83 57 2 4 91 8 37 18 57 70 70 70 99 75 82 37 30 54 30 21 33 67 86 39 59 78 34 91 75 64 68 5 2 8 62 52 93 25 38 86 2 30 14 73 13 20 45 82 11 74 44 20 34 5 82 87 81 21 62 64 48 91 0 37 19 73 33 95 81 60 42 81 0 52 48 94 16 16 48 76 46 28 19 7 96 72 59 6 81 53 85 80 69 11 79 52 3 96 42 64 71 20 20 31 84 21 52 47 91 9 98 3 80 32 77 55 78 75 45 96 94 50 34 37 22 96 2 9 34 38 22 56 26 51 97 75 36 55 25 79 94 31 75 52 68 92 20 35 86 31 0 43 19 55 82 10 53 25 25 38 12 32 25 12 54 97 88 11 8 88 32 97 18 91 
60 16 0 79 31 53 26 62 85 87 49 57 82 62 11 19 80 38 8 40 54 23 22 13 30 48 15 45 14 90 67 92 67 49 74 55 28 20 72 50 8 33 97 26 74 89 43 54 57 3 55 97 5 38 94 40 58 49 59 99 28 62 56 81 23 99 23 48 77 25 19 59 59 71 97 1 11 14 50 36 76 9 84 84 79 77 48 85 43 44 90 64 72 36 19 95 85 84 64 61 88 18 15 74 32 94 65 54 89 50 76 95 95 0 53 73 91 57 86 14 36 62 99 76 1 48 71 7 46 20 32 18 0 27 80 12 46 3 43 38 76 71 39 53 1 45 52 42 93 75 56 67 1 30 1 14 67 32 14 43 24 87 6 61 27 40 48 20 12 32 70 27 74 70 77 86 14 80 29 66 24 61 67 66 5 54 35 55 33 38 56 33 6 71 21 34 39 97 95 72 32 6 58 1 81 28 68 18 64 32 3 68 18 18 32 18 25 92 53 37 36 83 38 27 33 88 89 14 5 86 56 37 62 2 64 23 30 8 42 99 32 58 4 26 28 58 90 75 28 8 24 40 79 68 27 19 34 18 43 36 14 2 17 99 40 78 90 71 84 58 85 21 22 23 59 89 20 65 23 65 32 61 19 98 83 20 56 26 82 69 80 60 47 66 38 12 19 86 71 92 43 49 56 31 57 68 92 29 76 5 38 35 37 32 43 25 73 68 53 79 4 96 26 87 35 14 38 33 55 39 17 68 91 13 50 75 9 48 58 52 56 4 89 33 27 19 54 70 71 63 95 13 30 32 73 17 10 76 24 93 73 6 26 80 96 62 12 13 84 26 8 32 94 60 75 17 17 89 12 15 31 88 15 89 20 1 81 54 0 66 62 97 65 97 26 22 98 6 65 81 
96 72 56 70 38 89 43 76 33 45 84 39 23 62 83 93 19 86 81 27 29 0 97 7 93 6 53 45 33 59 38 18 96 32 50 41 2 20 6 68 22 96 98 71 93 56 72 44 47 98 58 81 53 23 20 17 24 89 50 74 69 46 33 83 13 67 84 14 7 5 7 31 67 51 71 81 57 94 52 1 91 63 9 94 63 35 0 20 83 57 78 10 68 72 80 72 15 24 90 89 68 46 30 98 39 57 10 15 85 68 11 12 10 63 71 68 43 84 19 47 9 1 63 48 10 31 40 42 46 28 37 8 74 17 42 47 26 47 99 86 99 56 14 95 33 54 1 95 68 76 53 16 60 19 30 86 82 67 89 34 16 96 2 40 55 14 2 35 70 60 56 17 83 70 28 63 50 28 83 32 67 76 68 78 74 39 60 66 0 43 16 71 73 74 88 26 7 20 46 98 6 65 15 44 79 3 80 9 28 41 37 86 46 51 59 86 86 54 94 85 1 8 25 26 61 75 48 3 8 3 40 38 34 98 53 2 33 51 99 36 91 79 58 87 30 79 28 76 75 62 38 66 99 15 57 97 10 63 82 16 9 46 58 88 54 94 73 62 14 24 36 84 45 19 32 16 7 80 92 33 49 74 56 12 53 91 87 93 75 26 53 68 31 18 91 74 30 28 80 17 64 49 65 44 72 28 48 96 62 87 15 83 55 75 0 42 12 78 95 23 60 0 15 0 91 13 92 93 86 78 67 51 10 86 8 99 63 76 16 89 87 44 93 93 32 71 75 85 32 5 87 70 90 43 12 16 57 69 31 56 11 90 92 1 38 18 20 16 30 17 98 18 72 39 98 33 26 8 10 78 2 78 52 73 92 9 11 93 98 36 26 90 20 57 92 94 66 92 91 55 
64 4 73 26 6 80 8 97 67 65 76 24 7 0 13 35 52 74 60 21 2 70 23 16 66 2 16 32 22 37 49 73 36 35 86 10 76 46 24 7 70 1 98 99 5 59 93 52 16 97 36 73 97 2 62 0 96 7 25 67 43 44 94 10 31 11 96 88 35 49 58 36 57 99 38 68 76 45 51 49 6 45 53 10 76 39 28 75 77 34 21 8 33 91 47 69 31 3 35 97 70 27 58 7 53 83 75 41 4 63 45 82 57 91 84 4 41 85 43 58 81 39 1 6 0 50 86 30 49 39 15 4 74 87 73 79 74 1 68 90 90 87 10 83 98 13 56 77 36 66 97 47 62 74 71 16 47 22 52 0 27 23 71 1 90 50 23 77 47 34 97 43 25 98 70 6 81 35 37 74 27 50 21 50 18 68 59 76 92 88 85 91 37 96 24 38 92 79 11 61 56 48 31 40 60 62 47 11 56 71 87 59 80 20 41 51 67 26 73 29 65 15 48 62 82 21 70 93 42 67 61 25 91 19 9 30 36 87 17 66 83 38 27 29 40 91 44 10 24 51 21 97 72 44 7 79 45 62 91 26 2 59 92 35 36 43 41 62 76 24 0 58 42 38 98 59 92 15 82 90 45 72 55 26 15 6 62 39 25 11 11 85 58 2 14 35 78 97 36 6 36 35 45 85 11 98 79 36 14 2 77 54 37 62 11 83 68 77 98 49 40 58 11 56 54 35 44 24 54 40 87 65 93 79 39 55 99 2 34 69 84 87 45 34 43 28 3 92 34 23 29 97 49 11 55 81 82 15 46 81 6 95 64 25 36 21 65 4 71 94 91 14 75 82 96 40 77 82 16 11 61 5 43 22 90 76 90 3 4 22 65 7 4 81 8 49 41 10 17 83 
7 70 3 62 52 52 48 81 66 62 14 19 98 47 82 26 36 14 32 0 37 12 4 7 65 3 5 49 42 84 64 21 26 19 99 91 61 91 27 97 45 25 42 31 90 60 0 55 29 28 12 80 66 51 18 24 23 84 47 24 91 19 49 83 47 11 16 39 65 67 56 59 17 0 29 41 74 91 40 11 54 23 89 73 90 11 20 57 16 72 62 27 83 52 52 21 13 33 55 4 7 74 38 43 7 98 72 30 79 55 20 73 1 71 89 30 12 41 64 25 81 20 15 91 83 33 32 26 42 8 79 29 54 25 61 82 60 40 5 36 92 55 60 66 60 44 90 72 53 92 9 37 47 52 91 18 57 75 74 10 46 28 3 81 55 22 11 47 5 35 65 96 62 32 25 41 23 53 66 8 57 19 67 86 0 19 76 25 54 0 66 90 68 89 2 41 11 23 24 94 99 13 38 27 29 45 94 45 95 45 38 2 52 42 44 96 54 62 28 80 59 16 78 65 82 12 63 60 40 86 13 99 75 69 47 91 47 27 4 49 49 86 13 25 10 6 93 17 78 77 34 81 20 88 90 64 60 95 57 47 99 32 49 70 15 58 70 17 96 16 43 44 95 3 97 83 8 74 59 22 26 79 85 8 7 49 86 82 18 75 46 37 12 81 61 71 66 0 86 59 55 83 49 86 8 38 52 1 46 37 12 95 60 95 24 35 41 89 35 36 71 65 15 15 67 3 18 75 25 65 12 0 5 18 57 49 44 93 49 98 74 85 24 33 71 67 43 53 85 95 72 19 31 93 74 48 79 8 66 75 5 59 15 10 92 5 41 47 75 88 68 58 74 90 63 90 61 8 60 96 69 36 10 19 62 80 97 38 58 83 76 73 96 93 58 58 5 45 29 88 
83 62 6 67 96 62 19 92 50 16 96 11 43 39 9 51 89 1 94 67 3 53 30 99 18 95 50 42 68 43 30 46 8 59 3 81 74 42 91 1 36 32 59 10 42 40 71 13 37 23 68 69 1 38 2 39 49 90 11 29 67 52 51 83 2 73 86 66 5 41 33 9 38 86 43 57 51 91 9 8 90 85 5 61 35 47 56 70 48 59 66 28 60 89 49 9 59 68 90 21 65 25 48 52 4 46 81 56 60 35 93 7 90 23 54 59 29 60 73 89 4 36 6 47 1 14 13 73 89 31 17 13 25 68 19 88 0 87 37 26 87 37 86 64 86 92 37 84 52 97 57 36 28 1 52 85 7 64 26 17 6 19 52 33 55 88 17 17 54 91 0 70 69 5 60 37 72 98 3 83 29 53 59 84 84 10 84 20 24 37 9 53 17 69 49 22 17 85 60 12 6 15 30 62 32 37 87 73 49 42 68 4 9 66 11 52 1 11 78 90 56 64 73 18 60 8 79 41 64 61 87 35 25 35 35 23 38 91 4 2 30 16 21 85 87 10 72 9 55 50 76 50 95 61 78 60 85 2 24 43 33 42 19 27 91 77 48 91 93 35 46 10 51 6 8 49 14 51 50 75 89 44 68 88 46 2 23 31 85 14 2 54 21 11 35 18 74 86 63 59 86 15 67 0 60 87 98 49 50 67 34 47 34 96 10 68 98 53 42 76 77 19 68 94 67 62 38 87 45 99 76 0 65 86 88 83 74 40 71 66 56 46 34 95 34 34 64 28 38 77 89 83 34 57 82 57 30 32 1 62 9 10 2 32 29 43 70 47 78 79 70 1 99 99 35 2 49 82 96 81 57 47 5 89 58 60 88 21 30 45 46 70 41 42 75 98 92 51 2 83 
3 98 83 55 79 87 88 58 75 53 67 13 42 50 1 19 9 63 48 42 77 96 53 85 12 6 50 85 38 16 64 91 73 47 79 32 74 96 20 16 55 22 61 45 3 7 78 62 73 64 52 76 16 7 81 37 56 92 99 76 72 72 60 14 27 25 10 54 87 81 26 85 49 5 37 10 72 22 82 18 55 61 89 82 87 90 55 6 35 93 14 50 22 42 98 21 14 60 14 59 81 29 43 93 14 52 28 21 75 53 94 71 55 7 1 10 28 46 44 76 1 63 49 68 11 81 75 6 27 62 92 30 93 93 97 24 29 77 82 94 42 38 43 39 35 42 96 96 36 8 69 87 19 45 22 44 12 95 0 20 45 58 57 95 50 46 35 66 88 6 81 86 74 45 95 55 63 87 45 33 92 98 66 64 26 43 74 30 38 3 90 35 64 43 2 0 55 1 90 43 68 13 66 16 5 26 1 23 98 67 49 24 61 39 5 87 80 34 23 79 10 20 68 12 90 51 53 0 2 52 62 0 91 84 69 90 10 60 87 92 18 38 8 17 98 24 22 11 22 53 52 33 87 56 59 62 92 90 61 33 56 7 15 80 30 48 38 48 57 29 89 28 79 36 74 96 64 86 11 81 87 56 12 73 83 16 94 45 74 29 57 35 66 77 82 60 46 11 57 33 4 52 58 87 54 19 77 66 49 13 89 54 57 20 99 22 35 58 21 87 71 80 62 81 35 54 37 44 83 8 56 60 96 41 72 8 20 31 99 54 97 72 22 49 72 2 15 33 90 17 98 35 76 6 41 80 32 5 46 81 23 69 88 49 22 32 45 15 75 8 65 23 59 28 28 10 55 0 98 42 85 35 92 29 44 1 20 88 25 10 29 48 70 34 17 98 42 27 65 15 
26 28 66 48 70 75 33 58 63 86 98 12 87 49 70 93 21 23 48 13 51 68 90 2 47 94 97 51 64 22 2 2 79 44 71 78 47 80 22 74 66 42 65 19 83 48 87 45 64 74 3 38 12 70 77 37 60 19 23 96 36 38 46 14 95 66 55 47 27 84 16 18 70 1 88 56 21 82 43 27 13 77 15 41 64 56 83 71 48 14 16 33 22 1 92 26 22 39 40 91 2 77 35 6 94 75 3 87 32 62 77 66 79 34 48 20 97 68 98 65 52 75 85 62 21 43 79 30 42 80 2 22 45 48 0 42 36 56 4 36 21 98 87 91 78 0 28 37 8 92 39 58 97 89 47 55 11 14 72 58 18 73 70 46 7 70 62 20 16 1 29 74 32 3 45 9 32 13 94 94 20 45 94 45 13 65 55 5 15 97 4 40 64 8 95 90 12 67 25 81 40 11 38 22 15 81 31 10 22 98 65 79 83 23 43 51 39 25 48 61 50 72 37 92 54 96 19 3 34 66 10 27 67 93 39 80 51 55 79 75 2 2 95 75 19 83 5 99 91 37 81 24 98 71 57 47 65 23 77 62 80 29 97 92 27 50 86 64 54 22 47 53 6 19 59 2 55 58 82 7 58 63 93 31 50 37 81 3 82 76 51 44 40 44 5 75 30 48 37 47 85 1 4 44 21 61 22 93 71 39 31 3 10 14 35 47 54 65 59 81 35 17 15 39 31 23 5 38 14 91 70 83 61 61 26 80 43 44 22 26 8 18 89 53 91 23 84 61 7 17 84 46 1 60 73 87 0 29 20 68 56 38 7 74 44 98 34 70 40 48 69 42 28 87 37 93 70 10 3 31 1 82 30 89 94 88 54 54 4 19 51 39 15 2 48 89 79 70 54 18 
64 60 84 10 47 74 26 45 81 56 91 56 90 23 5 34 96 36 60 46 59 99 97 18 9 63 32 28 33 3 22 5 37 67 57 9 21 82 35 47 58 81 48 62 64 91 24 83 76 61 92 7 58 73 92 58 61 22 66 45 76 69 87 42 2 55 93 53 82 36 96 25 44 95 37 25 75 46 56 49 13 15 5 5 52 69 17 7 18 63 72 70 0 92 57 70 27 52 70 36 64 35 95 42 53 89 24 25 85 72 38 42 67 41 6 73 83 35 75 39 94 87 31 38 12 63 41 3 36 40 98 52 68 88 6 8 46 18 4 42 84 32 5 1 75 82 38 42 48 75 98 43 26 38 49 76 59 82 62 94 15 81 12 51 33 93 69 49 17 0 37 93 5 34 74 37 46 88 38 76 69 82 98 76 22 12 21 97 9 90 75 7 51 33 10 74 55 93 64 36 79 80 63 12 67 14 88 29 75 76 80 74 12 82 43 41 83 39 56 3 92 46 56 51 73 59 26 61 32 6 73 76 76 76 90 36 44 19 89 24 60 7 83 95 59 50 42 49 34 99 78 45 91 20 92 45 49 15 56 38 11 30 10 71 68 5 57 1 42 48 79 12 57 8 92 88 95 58 41 68 79 75 65 9 70 68 85 46 22 63 9 93 12 6 81 97 73 87 12 22 6 32 88 34 6 49 25 67 75 53 18 1 9 23 74 80 37 45 66 70 30 19 78 88 60 1 67 45 36 83 33 17 71 85 3 11 0 46 72 92 45 2 86 54 53 63 36 8 5 8 82 54 14 19 60 59 90 29 47 2 86 12 10 9 42 92 60 47 67 4 65 87 33 50 22 58 29 69 27 24 38 2 43 73 14 47 86 81 10 40 81 88 4 34 14 36 29 6 5 9 
37 75 53 18 77 3 5 66 35 71 49 62 52 98 95 81 35 74 92 60 99 78 22 13 19 91 27 49 6 68 90 30 72 44 2 35 63 25 67 46 54 63 83 11 70 22 57 56 17 36 71 76 69 66 95 49 55 18 87 80 38 15 62 46 49 56 13 95 76 22 6 22 32 88 13 8 75 40 67 84 14 91 6 73 65 26 15 75 0 40 50 88 93 9 33 98 25 76 93 37 75 40 13 99 34 32 39 66 40 5 76 5 49 55 50 58 44 14 90 58 61 61 55 75 18 22 94 97 30 62 0 37 6 47 71 85 26 86 83 72 56 78 24 85 45 62 31 51 1 73 57 47 4 91 96 79 19 45 30 96 1 99 33 23 99 98 54 22 35 45 64 10 94 71 95 2 52 1 74 81 26 92 16 53 15 76 2 18 24 72 50 7 51 13 46 51 28 50 58 54 38 1 51 58 56 81 17 57 21 53 7 86 35 99 13 72 1 52 83 82 10 31 84 74 58 87 71 90 47 38 87 81 2 95 66 72 30 73 13 20 24 49 58 31 26 73 81 92 47 98 8 55 51 18 95 3 54 72 28 18 32 98 83 11 86 94 15 5 95 25 58 91 97 92 63 82 53 8 62 20 34 20 15 86 26 31 49 38 1 70 24 74 81 68 27 85 80 50 17 26 27 19 69 87 32 16 25 31 70 32 87 96 70 17 52 20 39 94 32 45 30 84 41 4 91 43 66 82 63 13 16 70 14 74 95 33 70 85 12 44 24 88 96 98 68 12 6 65 73 17 75 83 86 89 21 10 44 16 85 90 89 80 17 75 21 72 14 4 81 11 90 84 99 69 44 70 73 50 95 15 9 55 71 28 48 51 44 33 69 44 3 17 19 30 29 55 33 77 18 32 
74 60 54 29 90 21 18 82 15 18 12 39 23 77 28 46 85 9 89 40 36 54 0 79 67 79 66 41 71 87 77 74 47 11 93 60 58 11 13 96 17 50 23 98 20 50 23 68 8 85 68 55 42 36 32 22 68 84 64 27 16 43 79 18 31 58 47 99 45 51 99 22 1 16 10 86 38 16 35 76 56 85 99 96 80 94 66 84 84 76 50 45 50 10 90 83 83 44 72 5 67 79 64 61 23 88 23 78 53 86 12 38 51 29 60 37 80 25 68 5 93 70 68 18 34 7 14 39 98 14 39 30 14 21 22 90 88 61 5 59 36 18 11 97 35 35 12 38 77 92 42 71 70 91 1 84 46 65 18 21 43 73 92 74 54 22 39 55 55 4 1 12 94 27 8 54 78 64 33 97 22 97 70 24 66 57 9 76 14 66 38 90 0 85 75 5 77 1 53 55 40 6 87 72 96 69 15 41 76 0 43 67 62 87 58 67 85 35 55 41 97 78 39 88 59 91 70 42 50 63 42 99 43 34 1 60 18 64 72 89 0 34 56 32 65 33 99 90 74 16 49 53 90 44 12 52 95 23 68 47 16 1 52 85 36 21 97 8 25 3 80 60 87 67 8 88 40 92 1 19 8 7 99 25 84 57 87 16 94 1 20 50 42 21 76 81 28 36 45 8 85 46 9 71 23 32 23 17 67 26 89 5 83 50 8 21 92 34 15 67 19 36 79 32 89 38 45 75 98 60 88 79 94 59 20 19 6 6 31 2 59 77 47 24 69 27 46 61 65 16 0 86 32 99 38 15 62 21 17 43 91 69 53 43 24 91 58 27 81 2 32 24 70 60 95 77 61 11 53 64 51 46 16 57 91 16 81 80 28 79 77 0 39 37 38 85 53 52 20 68 
99 97 74 78 59 4 3 55 53 97 44 26 3 62 80 63 4 81 96 70 95 86 85 34 46 28 12 39 99 77 62 31 89 29 69 60 36 5 58 20 35 31 18 55 72 88 4 36 34 56 80 35 69 71 13 57 16 83 40 59 96 57 45 66 21 97 46 82 29 76 62 17 5 56 50 77 10 21 39 15 8 67 55 7 2 59 66 54 7 78 89 13 68 83 38 28 43 32 54 63 13 24 83 81 9 31 21 78 90 62 93 88 93 19 95 52 81 27 18 51 47 14 46 88 56 90 84 4 30 95 39 9 36 30 75 57 23 66 50 28 88 72 1 26 54 70 21 0 55 8 51 19 37 62 52 13 23 29 33 32 53 22 0 62 88 96 57 98 17 21 12 52 95 26 3 46 31 21 79 40 21 77 9 5 46 60 46 8 44 53 48 25 78 5 85 43 84 55 21 18 59 65 63 0 48 28 95 69 10 41 79 63 87 4 26 68 28 21 4 77 55 81 42 19 50 26 35 0 71 43 68 89 3 99 93 67 43 76 25 70 24 6 6 89 65 26 8 97 6 92 89 98 92 3 99 19 38 45 19 46 35 88 60 6 99 83 64 12 29 20 18 60 22 70 70 55 67 12 21 25 38 34 82 98 27 39 69 22 14 66 81 80 60 76 89 1 95 70 95 56 24 55 35 77 82 29 2 31 83 28 79 16 62 87 84 40 53 19 86 17 63 51 84 80 58 70 15 29 67 25 4 78 4 85 85 0 95 7 12 24 15 68 28 73 61 68 87 64 86 42 27 82 31 36 79 69 12 31 84 97 54 34 86 95 37 31 62 70 97 28 48 2 86 58 72 21 41 55 4 22 21 89 35 37 68 8 79 19 30 58 41 84 53 13 66 57 48 24 9 85 
52 7 21 39 50 69 13 90 49 88 92 65 26 11 56 33 76 49 37 83 70 47 11 19 81 35 39 85 61 50 63 92 47 13 72 62 26 55 82 27 49 46 85 21 73 51 41 70 14 10 86 8 99 69 8 99 52 53 28 29 36 38 83 24 74 59 76 21 34 15 15 14 5 59 84 89 86 5 59 26 87 26 35 28 27 2 36 48 33 8 72 46 5 37 42 34 37 58 81 50 29 27 70 83 97 33 6 16 32 32 85 54 26 53 85 34 2 78 38 26 17 1 48 83 41 1 83 9 60 36 97 50 79 91 81 94 94 49 34 46 41 21 14 80 72 43 63 67 75 66 93 10 4 23 57 64 29 87 49 54 8 15 57 63 54 77 66 68 98 6 82 42 53 62 0 9 98 88 10 38 3 35 29 69 83 19 87 20 3 65 86 42 84 77 17 69 37 45 85 69 99 36 35 78 52 66 41 90 56 2 43 43 31 64 92 33 15 49 4 42 18 61 29 40 65 12 56 49 88 95 12 16 85 60 56 14 73 8 26 17 82 32 23 37 86 64 31 4 13 26 5 42 19 37 83 46 99 19 83 86 12 81 56 1 83 68 17 30 46 5 77 2 24 8 23 0 88 87 94 1 88 7 58 14 70 25 86 45 94 83 96 12 22 14 75 41 45 19 29 62 66 89 1 22 96 40 7 70 85 38 61 65 78 13 91 62 5 54 12 49 25 33 19 38 24 3 55 6 82 55 53 85 77 1 39 10 44 33 75 36 26 77 29 1 35 26 57 43 40 0 87 47 46 17 83 57 60 62 1 88 16 89 1 52 10 27 29 11 85 7 48 89 33 1 93 41 38 31 63 0 11 43 89 13 98 99 50 25 46 55 13 81 71 12 54 93 49 57 81 50 
83 79 36 80 9 64 69 3 61 27 38 16 33 28 85 51 80 12 79 36 65 82 39 83 12 12 91 34 16 3 2 94 5 76 92 14 2 13 76 84 82 65 92 89 24 42 45 21 29 78 43 38 69 24 66 50 33 86 93 6 0 4 83 92 43 66 83 81 48 74 71 40 21 13 26 22 96 0 99 82 93 95 70 53 59 8 80 64 31 52 45 25 13 28 0 1 42 99 57 90 99 41 99 86 26 7 92 16 70 23 81 78 60 90 96 77 23 34 63 16 49 61 27 14 53 41 66 90 23 74 69 77 76 84 40 63 60 79 91 87 24 75 33 72 46 33 39 61 28 22 46 47 27 23 59 72 59 15 13 17 49 0 62 69 55 34 51 62 64 8 17 16 32 63 52 5 26 47 94 50 45 27 35 11 50 86 61 26 78 24 11 76 9 84 22 17 45 43 38 32 9 13 83 64 22 98 55 54 95 10 55 74 42 3 80 54 37 26 1 68 60 81 5 74 21 22 82 41 86 11 51 19 14 92 83 69 92 5 64 2 63 78 23 47 24 41 41 16 86 31 71 75 50 21 78 47 17 95 57 39 57 53 61 3 52 40 96 98 25 32 50 51 2 91 71 97 96 2 19 39 25 50 92 75 42 4 28 5 32 8 90 69 94 16 13 18 86 68 38 4 71 24 87 86 99 80 63 56 62 23 10 30 41 98 7 32 22 44 44 90 24 8 33 82 66 67 5 3 19 16 8 85 85 42 44 10 23 39 70 85 31 76 3 17 12 14 83 64 20 72 52 42 1 37 84 3 9 3 31 45 11 40 25 73 67 64 39 68 90 94 66 3 49 12 41 29 48 42 88 66 56 3 83 6 0 22 93 23 84 46 82 16 58 97 38 66 96 36 52 22 
64 1 67 54 25 45 8 63 3 39 53 60 37 8 54 25 26 82 29 61 60 9 2 36 34 52 87 97 74 60 97 78 18 75 56 83 86 84 23 6 31 56 49 59 9 9 97 27 47 71 92 26 81 60 99 24 28 76 70 93 34 63 37 57 46 54 83 13 53 60 20 26 11 96 90 9 58 21 26 55 13 22 65 83 20 48 88 80 51 39 36 71 97 33 40 67 40 8 29 56 73 83 34 7 64 1 13 99 32 50 78 11 2 43 63 4 23 7 21 51 67 62 87 80 9 18 58 8 27 74 9 99 65 39 14 2 13 45 54 62 71 12 27 27 26 31 98 43 70 17 77 45 43 81 57 86 30 40 3 97 75 57 89 10 93 63 16 64 22 45 69 12 15 77 14 80 59 86 14 88 44 16 77 12 12 13 71 33 57 16 93 58 21 61 41 47 50 7 54 44 45 41 51 21 60 2 7 20 8 66 97 26 9 35 2 58 29 94 95 3 12 4 94 97 90 33 27 60 77 69 37 21 35 90 12 46 84 7 66 56 49 60 81 63 96 24 30 45 80 39 7 64 78 17 71 93 15 98 25 80 43 16 44 59 5 77 5 29 34 11 5 0 79 90 47 22 66 19 27 21 31 10 12 25 73 97 27 92 28 84 31 73 16 43 34 46 25 66 20 40 37 93 55 5 24 15 68 21 19 18 32 63 24 41 42 17 60 75 76 54 93 75 43 55 69 61 58 4 21 15 71 78 89 39 97 6 53 74 54 70 87 83 85 57 64 61 66 66 45 99 60 67 93 38 69 84 85 10 59 98 6 7 4 30 28 16 87 41 1 80 43 26 85 84 11 51 39 55 77 11 21 77 60 32 81 12 92 77 54 77 35 11 52 2 90 48 82 71 95 64 
42 23 7 12 77 90 70 65 39 73 67 10 3 87 55 10 90 4 2 17 10 58 13 65 40 37 23 26 4 18 5 37 58 70 62 8 45 52 46 75 2 81 26 0 61 35 2 32 26 35 88 93 38 90 57 67 60 18 98 48 4 69 3 63 59 38 60 49 89 82 70 76 10 34 76 34 54 46 63 47 16 54 2 33 33 91 65 99 93 44 93 72 59 6 15 75 6 3 58 89 67 35 62 27 58 42 7 3 29 76 30 53 92 25 25 92 44 32 82 24 76 14 47 42 89 81 56 37 51 50 60 11 68 32 36 88 66 5 56 87 86 25 42 99 83 28 67 21 18 69 46 86 33 54 4 5 77 92 83 17 70 75 0 31 16 63 58 13 6 70 76 14 32 84 32 53 76 85 32 10 12 92 80 61 17 35 30 12 85 43 63 66 34 27 63 94 51 48 58 34 72 48 69 44 27 39 12 65 57 21 57 64 25 85 84 13 90 7 80 72 42 80 14 29 93 11 5 24 93 76 68 75 60 71 69 23 74 32 58 47 70 98 75 21 63 78 92 66 8 49 98 30 49 6 15 64 15 70 54 33 15 60 96 31 92 12 44 99 52 22 5 24 8 17 97 76 40 35 13 18 38 97 44 94 75 29 81 37 60 53 82 45 20 71 53 21 59 22 29 52 74 81 0 81 53 41 9 67 1 30 72 97 99 77 77 19 25 65 34 48 28 0 49 87 82 64 90 26 44 63 31 92 31 30 51 69 34 4 81 43 99 6 65 63 84 43 34 55 79 70 70 4 62 39 42 83 88 46 33 72 15 92 93 32 6 44 90 25 39 53 39 91 6 73 72 7 81 79 10 88 26 0 45 16 29 81 47 23 87 76 88 16 68 94 87 27 93 85 44 44 
77 20 76 92 62 1 57 3 4 60 67 9 49 82 21 86 47 4 58 5 63 56 10 25 5 92 23 3 33 71 51 93 38 6 7 87 11 6 21 81 48 38 43 20 46 66 33 43 79 78 86 64 15 12 55 74 37 8 79 88 0 68 11 8 17 13 50 87 3 26 65 49 43 66 12 42 84 61 44 60 42 83 61 19 31 62 42 77 74 29 77 86 65 37 54 74 68 93 29 88 34 98 88 68 52 77 77 2 14 85 76 95 37 38 20 38 86 67 62 7 86 84 65 46 0 8 26 12 50 82 11 20 69 7 43 36 27 27 32 89 63 15 27 44 1 32 15 88 47 12 77 53 93 46 39 31 99 68 73 80 38 2 69 19 26 32 45 17 22 73 56 36 49 93 90 59 94 7 63 48 20 49 71 61 53 54 21 77 75 16 18 51 43 97 23 60 33 38 61 53 35 71 49 88 85 46 41 12 7 93 48 32 27 56 0 28 35 82 81 99 23 51 32 9 60 79 18 25 71 38 6 76 83 27 90 47 8 7 5 17 50 97 82 58 71 2 85 43 10 60 85 22 53 62 39 46 25 50 13 23 85 10 10 59 18 16 49 77 32 14 49 87 70 15 14 2 17 12 3 91 6 64 5 7 62 77 9 89 55 85 72 41 70 48 86 88 78 80 74 5 53 70 93 80 88 64 16 91 52 66 61 8 9 2 89 81 84 64 87 38 72 79 96 40 57 92 51 29 63 73 88 91 15 72 3 26 20 33 70 47 53 58 3 24 81 15 89 57 21 7 25 75 19 78 27 55 12 84 12 77 92 62 1 15 41 10 90 76 91 62 43 45 30 1 32 41 30 68 26 34 1 11 19 40 98 72 34 5 65 17 41 89 78 25 70 6 39 58 95 11 
68 61 89 9 32 15 49 18 19 85 56 29 35 26 31 77 15 94 76 85 77 29 32 68 10 87 34 59 7 52 24 62 84 41 98 11 79 1 66 63 16 96 66 30 48 6 85 96 62 1 70 47 54 92 67 98 13 69 58 23 31 20 26 92 16 36 44 78 31 25 2 21 37 98 20 5 50 0 43 61 24 97 75 56 83 17 86 58 37 82 45 66 11 11 40 70 89 35 22 44 48 43 42 63 85 89 91 77 11 27 22 24 89 55 40 3 98 17 8 91 31 76 19 24 14 48 29 88 37 36 35 53 11 21 71 57 11 63 60 94 57 25 30 80 49 64 28 89 89 99 57 75 41 34 81 73 69 31 60 65 95 92 38 33 51 10 17 50 75 54 90 1 19 41 90 63 14 18 82 26 60 17 8 90 0 44 49 38 46 98 42 82 62 76 41 11 45 38 5 2 17 72 14 16 13 68 4 51 96 12 70 8 73 86 2 74 69 55 36 71 40 58 18 62 93 85 78 83 6 81 91 16 50 1 32 75 46 38 81 68 33 58 47 82 13 10 44 29 82 42 16 68 43 81 81 6 34 32 93 91 92 89 97 94 72 57 50 96 52 11 9 67 18 33 10 5 78 1 86 19 8 19 22 64 13 21 72 29 40 27 90 17 26 20 40 88 18 31 86 1 3 44 57 7 63 19 7 94 96 13 8 30 36 29 83 95 83 26 10 3 68 29 96 62 61 61 49 93 12 46 43 65 8 42 63 94 63 37 45 5 56 85 45 12 51 89 98 62 63 36 66 18 36 76 37 96 42 76 76 84 71 14 80 67 69 6 6 93 75 48 53 80 60 8 35 85 43 53 22 67 7 77 75 23 33 25 45 48 87 36 92 13 10 26 25 88 69 52 40 44 
75 82 19 15 3 63 13 76 26 48 46 25 41 39 8 25 29 32 61 71 79 93 98 88 40 83 23 27 11 69 1 83 97 80 78 32 9 21 61 86 5 74 89 99 64 54 25 27 53 52 2 74 32 80 25 92 55 28 91 99 69 90 87 85 43 48 17 62 52 84 22 11 69 43 58 63 53 94 75 13 21 38 42 61 94 79 28 31 65 26 75 11 69 3 15 10 57 56 45 71 67 99 41 40 97 34 79 51 92 40 40 85 75 28 74 17 79 75 31 16 31 20 49 66 0 7 94 69 91 89 75 55 52 4 65 63 13 67 83 2 2 89 20 15 3 23 69 3 73 93 2 18 12 64 0 64 66 30 54 55 96 70 77 32 21 10 97 45 44 98 14 93 42 6 44 35 91 69 73 51 43 53 94 38 25 22 60 90 13 64 61 45 9 40 68 0 52 15 0 86 40 62 6 71 13 38 60 47 21 17 33 12 60 61 54 37 52 7 55 13 39 3 37 44 55 52 26 75 85 28 21 47 23 19 31 61 37 26 21 85 61 16 73 63 7 0 67 34 52 52 39 70 64 44 57 69 2 24 87 0 65 65 79 5 38 88 29 83 5 47 44 55 89 19 10 28 80 19 53 47 86 98 29 68 42 66 84 4 14 68 34 14 78 40 85 64 68 84 3 62 92 57 96 7 27 83 67 99 49 9 92 81 25 93 24 50 25 51 47 50 5 58 31 28 23 75 11 86 56 28 96 47 36 44 34 73 25 21 71 16 58 91 12 21 59 85 76 93 63 83 54 62 88 5 85 57 70 6 54 49 4 87 76 45 9 80 91 28 37 5 8 0 87 12 57 71 19 15 33 59 77 38 8 78 78 81 20 27 81 63 51 83 49 80 3 31 43 13 44 77 
69 58 58 85 69 72 74 71 62 6 31 62 10 32 18 22 6 65 86 68 81 42 63 24 33 71 47 91 76 84 55 18 46 25 64 72 90 10 40 26 43 12 81 33 59 87 91 17 13 69 43 38 73 4 54 36 14 93 18 84 61 12 49 3 71 49 10 64 85 20 37 23 43 84 12 19 7 10 95 36 10 72 9 63 4 4 24 36 68 66 59 77 54 55 44 11 83 12 73 50 95 77 28 73 32 0 5 61 89 1 93 68 95 18 71 49 93 59 1 94 43 25 4 8 68 36 38 41 35 21 32 52 75 31 8 96 9 93 28 80 91 26 88 70 69 64 41 50 45 51 54 84 9 93 59 50 74 0 20 28 98 76 6 70 62 7 6 69 30 90 58 31 61 87 36 55 23 86 35 77 10 78 23 28 65 52 80 20 6 7 77 77 9 22 70 25 85 79 47 2 95 20 8 70 86 92 54 1 92 38 81 56 86 98 41 18 43 18 91 0 69 47 6 55 93 64 36 11 34 99 76 8 54 47 58 65 26 38 44 98 58 65 46 7 60 4 5 10 68 63 94 18 11 82 38 12 39 77 49 68 25 70 59 23 83 36 25 8 8 67 38 88 17 54 93 71 99 59 51 62 22 61 91 57 10 69 73 0 3 56 52 11 59 37 3 23 9 65 19 76 29 39 87 65 67 38 20 74 77 50 45 71 75 36 71 50 81 8 1 81 59 50 6 40 91 53 45 86 80 28 91 83 0 8 23 98 14 48 53 83 35 40 79 39 92 8 69 93 57 32 52 93 28 56 97 34 53 45 66 80 82 20 82 79 71 29 23 56 10 61 35 43 76 31 24 69 63 5 74 80 66 89 61 48 57 97 70 65 55 78 77 46 61 70 98 32 52 47 73 62 
76 28 71 42 0 12 77 49 9 62 91 63 77 44 49 73 2 12 46 38 28 25 40 78 8 78 18 53 37 62 70 64 25 7 49 2 44 99 27 42 65 17 82 42 36 73 69 36 1 31 30 72 9 97 26 96 82 63 43 1 69 31 59 42 38 42 77 9 84 74 29 64 2 30 79 37 74 58 69 29 23 80 15 45 10 11 94 91 7 82 19 58 46 56 53 70 57 97 58 26 72 80 12 9 65 40 35 62 71 29 47 96 77 33 16 10 59 10 18 55 81 27 71 79 89 45 56 65 25 76 39 22 52 20 60 49 2 6 39 21 95 69 48 71 43 79 2 57 92 71 88 64 16 9 38 82 57 52 6 14 7 34 92 54 9 86 75 26 68 16 63 42 91 26 98 67 10 1 49 7 53 74 39 70 26 4 63 81 92 52 25 77 88 99 36 33 79 28 38 35 14 11 12 29 31 74 93 64 36 77 43 68 47 35 37 53 43 99 45 26 8 69 10 86 18 33 31 76 40 45 65 23 88 90 53 6 95 29 55 3 44 57 45 63 20 33 51 37 1 70 47 85 51 9 47 8 73 65 30 43 22 55 9 98 95 5 86 12 99 69 12 38 5 22 9 44 78 13 80 59 38 56 30 61 36 21 2 62 29 88 93 27 8 42 58 36 48 17 66 2 1 55 53 28 71 83 51 91 23 6 49 67 38 36 38 6 90 82 12 16 84 48 57 85 77 87 87 5 95 58 47 60 69 70 88 84 13 54 22 77 89 83 75 42 63 86 84 43 19 35 70 21 96 32 3 56 63 22 28 64 71 82 26 98 2 37 37 59 66 73 85 48 64 82 64 81 13 17 86 63 68 25 12 87 36 74 61 7 67 33 24 65 84 18 71 69 72 44 10 92 
44 78 65 97 39 46 80 86 86 27 98 58 13 98 76 98 2 24 88 19 87 60 31 72 29 3 17 58 61 6 79 61 69 61 75 69 20 61 63 77 90 61 7 4 87 13 34 53 12 77 14 40 76 44 65 34 67 3 42 71 39 14 48 18 55 25 18 56 1 16 64 84 78 44 71 49 28 38 35 24 50 29 74 32 46 25 11 3 7 91 13 93 2 32 69 85 22 6 98 61 35 97 45 11 25 24 91 56 31 26 94 25 66 42 86 88 1 53 48 9 52 21 49 1 81 7 61 95 66 65 36 43 82 57 58 31 3 20 84 20 35 69 56 13 30 7 81 64 66 61 52 88 93 23 75 83 41 22 66 66 54 96 88 16 76 99 28 93 55 89 73 20 54 28 64 95 37 89 69 97 10 37 43 59 0 23 3 15 61 37 76 71 96 9 56 77 3 38 19 15 39 2 34 6 91 76 27 35 11 26 33 18 74 38 86 0 13 15 70 20 16 95 67 12 16 91 75 6 34 48 64 35 33 62 91 93 63 76 8 63 12 85 63 91 66 72 56 77 91 33 8 86 30 52 93 71 24 30 29 77 83 91 30 45 89 89 17 38 98 66 96 75 12 94 95 47 54 25 41 45 97 31 24 8 69 41 65 17 86 1 44 96 37 97 1 48 98 10 80 59 34 33 87 30 4 5 93 71 77 7 88 71 84 24 98 64 35 85 88 28 18 90 33 43 48 97 45 52 62 45 42 75 55 62 5 7 91 20 52 3 18 34 79 68 66 20 91 34 62 81 52 78 61 97 75 24 45 43 1 20 49 85 56 7 69 89 54 66 4 63 34 31 19 51 13 44 21 81 99 47 64 30 11 31 11 63 84 26 35 52 56 99 72 59 74 79 90 34 94 31 
92 35 58 40 37 78 86 1 73 48 24 41 34 13 18 97 95 57 31 30 98 45 4 27 56 49 94 84 75 86 9 67 81 21 98 25 32 78 53 58 0 96 93 95 68 39 1 33 92 35 45 74 9 69 63 67 42 46 10 14 6 65 90 18 61 53 59 9 18 39 39 1 23 2 47 67 62 51 58 51 32 7 4 26 9 62 76 2 97 30 94 41 36 10 4 39 14 76 75 48 26 25 99 84 9 9 6 4 59 79 15 66 78 61 80 33 28 59 63 29 64 1 54 84 73 44 42 71 23 41 92 53 16 40 15 60 6 84 23 44 30 31 2 19 48 17 16 77 27 12 94 8 40 49 80 15 28 99 71 27 92 6 8 8 82 38 17 32 3 77 57 40 94 87 65 22 94 90 86 0 66 55 52 17 7 77 4 52 4 55 94 37 46 82 25 35 28 42 42 77 91 51 48 51 40 69 69 30 34 57 93 22 13 76 22 16 47 8 61 66 6 19 86 58 48 10 16 3 41 7 32 69 33 17 25 31 27 98 51 82 34 89 9 46 10 22 97 19 52 4 16 45 19 28 17 90 29 53 75 41 75 23 62 11 85 83 59 71 32 93 56 3 90 98 30 94 97 3 38 74 99 23 83 26 82 49 39 21 93 58 85 75 20 32 52 46 68 3 43 44 8 55 37 36 21 98 61 80 49 72 69 32 18 10 99 63 67 10 47 68 36 35 68 64 42 17 49 86 1 55 80 75 64 31 32 87 83 60 28 64 67 2 80 20 36 51 26 11 69 87 69 66 77 22 99 2 85 49 68 62 26 3 39 61 10 16 38 79 70 1 13 87 21 27 3 20 45 95 87 5 36 6 67 14 82 96 13 99 6 59 99 40 33 81 54 89 58 41 34 23 
37 38 87 92 31 90 59 15 13 10 97 39 40 4 53 50 12 41 97 33 21 10 96 58 25 20 91 62 6 94 93 94 16 51 85 36 36 51 78 89 60 31 98 58 11 16 5 75 21 66 23 35 74 38 47 23 55 40 71 96 52 24 34 19 38 19 20 91 22 99 93 56 84 88 84 98 80 74 54 63 89 60 71 18 48 84 86 17 61 88 36 95 21 62 4 57 60 62 57 86 46 69 45 53 0 17 2 23 97 38 24 85 65 20 56 72 36 11 43 22 53 21 85 99 71 58 65 28 86 88 50 12 3 71 47 1 81 58 7 40 49 26 18 41 0 85 28 73 4 42 12 46 74 50 19 39 66 39 58 72 17 4 56 77 24 27 33 93 38 88 73 27 61 34 63 19 94 96 80 4 1 47 28 98 88 23 0 88 33 43 63 27 73 14 50 37 10 44 82 16 15 28 42 17 70 57 98 37 17 4 53 84 1 33 45 35 86 19 19 16 42 14 88 8 42 3 23 17 61 10 20 56 55 33 64 1 77 22 57 68 77 3 99 82 92 86 11 25 99 50 1 94 92 42 72 10 44 51 99 64 20 90 7 72 13 5 48 39 76 49 64 36 2 61 99 15 0 99 47 70 96 33 85 54 56 99 31 59 72 68 0 39 70 74 79 2 13 44 12 79 77 76 34 46 85 35 16 67 35 82 97 8 63 90 11 13 40 88 5 60 11 10 69 49 14 43 19 80 95 32 83 69 8 55 80 11 43 10 8 58 65 97 20 68 98 46 13 97 97 47 27 82 91 25 99 8 75 5 40 36 71 59 34 27 94 16 47 48 8 33 67 21 41 39 57 23 7 45 45 37 72 77 69 95 81 73 33 89 3 51 79 43 79 3 21 17 84 30 34 6 
38 70 1 22 75 13 45 54 65 27 52 1 9 97 93 68 11 36 26 20 49 68 23 54 38 57 53 21 57 85 34 45 33 19 42 33 82 71 23 94 54 15 45 27 66 46 11 26 19 83 79 67 59 87 33 50 18 54 22 87 17 79 41 52 41 32 34 32 47 79 52 13 21 85 93 48 97 6 81 4 48 96 33 6 4 62 81 87 38 73 63 27 81 71 74 41 88 5 35 32 46 60 80 47 11 74 10 13 57 14 51 22 42 53 16 66 94 67 47 37 1 47 44 97 22 50 33 52 44 26 22 58 1 4 30 40 46 87 66 43 68 74 79 29 62 67 17 60 58 22 84 90 39 92 49 35 27 90 18 78 32 80 51 30 99 34 81 55 68 35 98 25 58 40 43 12 40 52 47 69 4 0 16 17 42 37 61 61 95 53 20 57 81 31 26 64 70 2 23 72 31 40 50 14 28 75 58 12 74 86 88 73 25 88 68 13 88 63 99 89 37 78 53 9 30 80 83 45 66 30 77 20 15 27 35 50 80 65 65 6 31 26 32 99 36 16 99 55 78 77 59 8 9 53 65 22 81 44 99 81 57 43 80 74 11 22 90 49 40 14 85 77 41 81 83 47 28 63 7 56 46 49 7 73 66 94 69 42 22 84 26 40 2 93 75 67 51 56 71 62 35 28 65 8 71 72 38 96 49 71 0 8 39 17 99 56 56 38 23 21 86 17 84 37 13 36 71 13 36 88 88 9 97 71 77 65 47 18 17 73 6 23 5 91 21 28 31 88 85 12 8 17 35 73 30 3 8 98 20 52 22 32 33 84 77 37 95 79 97 92 2 37 91 41 20 57 92 62 3 19 63 43 97 50 43 6 35 99 79 79 63 99 71 29 68 73 59 38 9 12 
13 6 47 44 58 34 87 95 90 26 7 46 58 95 86 52 41 77 33 95 45 40 99 48 7 27 50 74 82 13 20 29 29 53 9 9 41 94 5 29 5 53 42 12 62 8 61 5 64 59 80 98 60 47 68 33 84 22 91 31 82 17 23 61 19 31 67 63 14 28 63 53 46 2 9 15 92 19 77 55 63 80 43 76 40 5 76 73 50 25 67 69 6 7 7 10 52 52 5 15 15 58 23 37 3 19 61 36 47 8 80 63 23 12 12 70 88 77 1 99 72 81 79 10 37 91 9 16 22 93 80 82 5 81 32 74 7 5 13 92 15 42 95 66 91 95 16 45 58 31 72 70 26 43 96 57 53 36 6 83 87 45 42 40 16 36 90 6 50 11 82 24 80 12 14 29 28 65 99 38 51 52 67 5 78 88 15 28 24 52 48 73 44 7 50 97 77 59 3 83 98 97 78 18 86 69 18 67 87 27 13 44 30 61 36 85 47 18 4 73 8 58 55 1 63 50 82 52 23 23 13 62 34 31 56 91 25 95 48 41 17 34 69 14 42 9 78 0 51 17 37 5 44 86 94 77 52 33 33 80 0 54 97 69 18 36 69 64 14 0 42 50 12 43 21 7 37 61 37 48 52 85 11 64 94 15 85 91 77 93 45 95 12 47 62 4 59 99 96 62 2 59 10 93 10 66 25 61 34 12 3 98 42 35 92 83 84 4 35 34 79 24 84 55 74 1 32 74 8 87 9 99 90 94 71 2 55 30 10 29 69 36 86 75 31 10 43 64 57 57 80 96 10 21 58 60 24 3 4 30 77 36 53 55 37 86 18 83 82 40 26 81 2 71 83 34 19 61 20 54 73 17 97 29 78 43 90 62 72 69 95 42 1 74 28 3 88 82 68 16 
32 1 41 91 96 52 58 19 31 64 24 11 61 46 66 11 21 45 61 41 86 21 33 79 49 59 35 46 8 23 62 82 33 30 28 2 80 20 31 93 77 24 38 61 50 34 77 62 4 75 33 11 89 85 0 38 83 33 81 53 32 11 11 6 16 32 4 97 97 7 23 16 70 1 43 85 15 57 10 69 74 30 73 59 88 54 6 0 80 53 52 28 24 33 54 36 47 79 59 61 94 68 81 36 9 81 27 7 51 35 81 55 56 78 79 41 82 0 75 77 77 78 45 20 93 48 32 77 20 63 85 62 17 9 13 72 4 33 6 54 3 16 61 65 14 66 60 12 61 65 94 16 85 49 12 20 90 54 98 3 1 12 25 4 12 92 48 43 11 99 6 64 45 3 36 24 39 43 0 6 10 2 93 81 17 20 26 80 53 11 47 86 7 75 64 68 10 69 71 86 55 76 38 43 4 95 13 10 18 77 26 53 29 86 72 10 44 53 7 83 94 57 44 78 46 67 48 63 20 89 0 84 24 91 70 27 44 98 0 89 35 94 76 85 80 45 79 2 53 32 0 13 91 98 87 74 53 19 88 37 20 2 39 63 86 33 41 64 19 36 1 27 97 18 44 30 9 79 36 66 33 10 62 48 57 69 34 33 52 73 78 54 88 38 72 64 76 63 20 58 24 3 12 52 20 61 81 19 19 23 65 2 77 44 56 66 99 49 88 16 36 29 27 82 97 37 68 42 57 40 26 54 63 40 28 95 55 73 68 49 0 68 50 71 77 12 9 9 82 26 93 30 0 37 91 38 88 48 41 83 98 89 49 59 15 67 47 29 5 88 36 46 34 32 30 47 72 40 94 11 83 12 99 13 17 39 76 35 29 23 48 30 95 27 13 47 55 30 86 30 
80 20 28 89 95 14 37 17 49 53 21 71 33 42 44 99 81 32 24 91 54 95 34 39 77 41 51 13 87 26 57 45 28 99 59 85 34 87 58 9 12 20 45 52 47 64 17 21 94 94 84 20 49 23 81 65 35 19 14 49 78 0 43 0 86 30 72 57 19 9 8 19 37 48 45 70 44 64 28 49 4 96 57 4 96 22 54 15 55 82 73 96 34 9 3 6 8 36 15 20 90 66 68 71 74 49 72 32 51 95 98 38 65 40 49 74 71 12 40 81 52 10 63 51 61 90 44 57 95 43 6 93 57 44 52 41 53 12 3 10 81 7 88 64 31 35 81 89 87 65 22 4 38 24 80 49 53 31 58 19 14 46 70 72 71 45 5 70 4 46 6 80 21 9 42 91 10 98 68 4 68 22 94 25 98 27 34 85 66 26 1 1 78 63 72 19 54 91 97 59 58 70 96 57 7 10 64 45 84 81 46 7 89 52 32 97 55 18 71 47 76 18 37 26 44 16 27 49 13 41 46 97 88 4 98 53 15 34 83 62 83 35 25 1 32 42 0 97 61 47 40 61 23 91 68 74 24 19 68 61 42 0 21 68 52 4 94 33 72 43 71 14 70 75 35 58 95 32 77 80 15 46 28 56 72 88 10 41 6 98 93 53 5 95 31 77 69 29 14 90 30 61 40 99 17 1 51 82 13 94 98 5 42 40 58 72 62 89 90 64 71 29 47 82 25 55 54 32 51 68 41 23 78 12 53 90 36 60 9 24 65 39 50 55 35 18 94 29 88 4 43 51 29 10 32 23 75 73 95 27 38 28 18 50 75 80 49 53 35 3 25 5 93 8 95 96 72 8 74 78 57 2 36 39 91 3 69 2 78 97 7 96 86 27 25 96 97 41 65 74 
3 81 17 56 9 17 95 36 5 90 88 34 12 11 58 66 88 6 98 37 38 36 91 64 46 80 76 52 57 18 59 77 6 5 49 18 88 23 61 30 87 60 42 76 65 96 59 33 13 76 90 78 38 21 96 47 78 67 5 81 28 46 91 61 0 35 96 74 8 4 78 94 39 97 97 23 47 99 71 87 63 1 17 15 0 84 38 61 13 56 80 1 78 37 6 37 27 80 15 53 36 64 26 90 8 36 67 77 58 1 34 54 87 16 97 45 23 60 52 89 78 17 39 32 86 59 9 79 93 68 73 24 88 58 85 33 78 20 69 24 6 21 26 11 64 15 82 50 66 64 77 88 75 50 68 80 31 48 96 92 72 62 61 40 66 60 94 7 23 26 93 48 32 22 57 21 16 94 72 64 35 3 99 25 91 37 6 27 24 42 54 8 10 54 4 99 19 74 87 70 78 28 72 20 21 40 0 61 59 70 36 71 56 72 66 55 63 58 40 58 77 43 81 29 63 16 64 88 42 59 17 30 4 40 22 8 82 90 69 67 71 54 8 63 73 91 88 3 9 77 56 93 51 65 62 98 93 33 40 42 3 78 12 91 99 14 85 1 3 65 61 47 46 4 82 80 87 32 77 12 68 41 14 72 39 52 12 87 45 23 23 5 68 17 45 67 34 12 54 77 78 48 27 49 53 7 50 25 6 84 81 67 58 44 57 76 99 49 52 6 96 82 23 58 31 47 60 13 53 90 36 19 93 3 97 26 13 72 7 7 98 57 65 64 44 82 98 37 85 76 57 74 54 84 48 17 81 84 3 56 52 90 10 2 13 42 11 0 87 1 30 30 41 79 62 85 86 78 59 31 93 98 95 35 1 93 56 62 19 44 69 82 84 29 54 65 5 17 15 76 
56 94 65 61 58 85 91 29 54 70 35 49 82 56 41 37 76 90 16 14 5 58 8 46 69 17 58 21 40 21 10 52 8 43 26 27 20 24 6 4 91 57 42 35 51 82 43 94 85 70 54 75 32 45 14 76 74 88 1 99 10 88 83 61 4 58 55 72 75 85 88 39 75 58 36 13 43 99 62 68 79 27 13 21 46 29 55 2 30 99 87 11 88 17 7 24 37 63 89 61 9 34 28 71 21 22 24 41 70 61 60 69 64 21 20 40 88 79 82 18 19 44 6 59 8 19 19 61 37 20 48 42 97 56 18 25 44 89 4 34 81 95 87 38 28 82 61 9 73 81 68 99 72 1 10 59 79 49 61 3 57 77 67 77 36 63 65 99 60 73 84 18 8 42 91 98 88 34 68 90 61 34 62 39 9 95 8 77 54 95 61 22 73 9 80 64 28 88 70 13 45 20 51 66 27 17 96 71 84 5 34 79 6 68 45 59 54 69 52 42 85 27 62 91 38 19 14 53 41 77 26 63 1 18 2 2 46 47 80 63 77 85 6 33 96 37 20 0 19 83 29 58 25 18 42 37 30 24 82 43 28 91 19 25 77 54 16 51 81 19 87 98 78 25 26 86 28 59 42 70 79 23 2 59 19 84 99 70 32 7 60 18 94 69 5 3 78 9 82 28 57 28 3 95 83 35 65 96 55 90 14 24 20 91 10 59 83 82 88 62 25 54 48 38 49 59 77 12 60 40 19 73 73 70 86 88 39 97 5 95 1 13 91 75 45 83 61 21 32 24 88 81 71 60 56 94 71 39 88 85 97 57 18 22 7 83 9 99 89 75 40 65 11 30 82 52 4 41 99 73 81 26 12 65 53 66 19 68 66 80 48 80 38 86 74 52 8 77 51 95 
54 48 86 0 64 56 25 23 63 52 98 37 25 55 68 83 70 86 85 68 60 97 75 80 46 73 97 37 4 52 24 52 1 99 12 7 96 61 46 11 56 28 65 78 74 69 20 98 87 20 70 87 67 46 60 39 51 36 95 11 1 7 69 70 88 39 33 25 25 68 70 84 57 10 0 50 57 53 17 28 35 97 53 87 24 56 23 14 85 54 69 39 7 32 33 38 86 20 34 12 8 75 68 75 40 97 2 33 48 91 82 83 78 93 30 91 54 35 90 15 72 61 48 66 73 2 20 78 52 96 47 35 89 17 56 24 38 93 90 98 14 69 81 70 72 39 99 36 45 17 91 59 61 2 12 36 31 55 31 33 97 37 15 70 45 35 10 96 18 34 40 42 0 82 21 66 75 1 23 51 32 19 38 45 14 88 5 84 66 99 85 47 9 22 51 81 60 37 77 21 43 58 47 68 19 77 38 66 22 37 56 72 4 45 12 53 59 67 30 15 98 77 55 44 10 18 64 75 84 21 21 32 88 79 40 93 15 43 31 67 63 8 44 67 71 25 44 31 99 8 97 12 30 2 83 35 16 29 68 64 15 35 77 51 24 73 22 88 67 11 95 45 74 76 89 46 94 1 36 85 84 3 71 85 51 52 48 18 2 52 24 26 17 54 60 22 31 5 22 20 57 17 3 73 82 9 84 66 44 37 22 89 55 37 0 66 48 75 52 19 52 92 86 39 62 54 16 30 72 89 24 87 66 51 69 90 32 44 97 44 70 97 73 10 52 34 34 24 90 79 83 82 68 96 10 25 79 37 88 50 8 79 0 9 90 24 63 22 28 72 35 83 75 38 75 30 95 56 45 75 25 81 69 22 1 78 80 94 8 86 16 70 29 74 88 98 97 14 4 3 
61 72 37 15 67 43 91 79 8 7 15 84 70 32 32 16 49 82 51 40 92 80 49 5 73 61 92 33 41 82 87 35 60 57 41 55 84 68 67 86 40 96 95 17 43 6 87 34 53 91 59 1 46 76 91 19 79 22 0 53 49 46 34 56 91 15 13 81 47 7 99 62 90 83 56 78 30 44 68 36 36 40 14 98 35 59 69 10 88 34 46 14 55 65 11 13 51 21 64 63 90 30 46 70 32 20 90 99 8 65 5 4 69 12 1 76 6 92 65 84 94 8 50 64 28 37 18 63 12 35 88 49 68 61 49 72 3 70 52 24 72 52 1 30 23 41 79 50 7 90 25 93 15 35 33 50 84 58 28 5 97 80 17 27 99 37 59 78 63 1 62 37 24 94 90 76 87 58 56 1 39 58 41 79 33 47 42 36 10 49 8 9 17 26 93 49 61 61 66 35 68 90 15 1 67 74 10 38 24 83 38 99 7 46 22 55 51 31 41 53 42 31 18 13 94 30 62 79 68 47 54 54 38 32 19 58 96 59 25 22 65 58 0 2 93 81 64 74 65 42 14 42 94 82 6 28 17 48 39 98 71 55 51 69 35 18 84 2 88 51 82 40 71 13 13 54 53 38 32 15 57 41 49 64 92 2 1 84 68 12 79 12 94 57 90 15 44 1 31 1 36 88 0 63 18 43 80 14 49 73 11 75 57 34 56 31 66 20 75 85 21 74 86 85 24 46 91 20 42 15 14 83 90 98 17 59 34 47 63 55 98 56 25 62 27 77 34 41 39 99 2 53 17 67 26 99 5 2 96 70 87 58 97 77 73 5 88 43 26 82 86 90 16 85 18 74 46 51 29 47 41 4 38 6 61 43 71 24 55 77 30 3 41 48 45 58 81 29 82 13 
28 19 81 96 63 57 58 78 43 63 20 3 49 96 3 40 14 95 89 77 20 82 9 44 69 30 85 56 26 41 96 13 15 27 91 74 13 66 90 16 99 37 97 90 80 47 68 81 2 68 80 74 42 64 43 94 37 26 67 48 53 19 37 31 90 43 22 88 21 49 54 17 58 99 75 44 71 21 84 3 80 44 58 91 77 71 27 45 79 24 87 16 90 6 27 81 13 15 63 88 60 77 26 10 34 26 72 93 72 61 62 19 7 91 82 28 77 92 75 53 51 31 93 43 48 36 44 26 29 59 35 93 79 36 75 69 4 88 21 7 18 50 93 52 73 38 8 53 27 92 15 63 21 55 56 57 28 27 22 23 47 12 92 67 78 5 26 45 79 65 36 6 75 78 41 77 22 95 79 76 30 64 98 71 89 75 71 41 70 87 40 4 56 75 42 16 11 47 63 50 76 78 87 49 93 24 17 11 64 53 87 97 70 37 81 96 59 39 79 25 88 92 77 87 30 93 8 6 47 25 73 33 64 50 89 76 47 75 4 24 12 42 24 93 31 70 86 57 45 18 86 46 79 71 41 89 27 86 8 45 73 35 7 89 29 85 64 64 5 63 37 31 48 53 77 40 82 46 46 44 20 99 74 6 6 36 31 59 50 80 43 50 2 53 41 92 6 77 54 87 86 46 7 42 19 42 83 49 49 58 62 22 76 36 70 1 3 82 64 74 50 0 40 48 4 77 84 80 42 79 44 17 95 17 78 4 32 73 60 54 51 39 8 7 46 37 85 12 97 93 20 90 80 35 98 29 42 7 95 2 54 49 90 52 4 0 8 1 45 63 58 49 7 39 8 83 5 84 98 26 26 78 31 43 67 68 35 39 5 86 15 18 78 74 88 76 4 35 74 43 
48 48 81 21 6 94 31 25 27 60 32 14 24 61 83 88 81 58 26 97 85 65 10 81 11 60 72 90 67 34 64 11 24 0 91 5 84 42 13 1 64 41 30 84 90 90 52 59 22 66 9 76 21 18 12 18 41 16 54 41 31 36 99 23 13 39 60 64 79 50 85 62 59 29 44 15 76 54 47 88 7 53 30 75 49 73 89 16 77 58 16 75 48 43 16 17 6 73 42 16 10 63 67 99 32 79 72 24 96 6 65 60 92 21 11 43 33 21 80 37 30 3 91 48 14 89 81 33 20 68 54 91 92 99 9 31 21 36 26 38 16 74 4 69 2 93 65 65 12 11 27 69 94 3 60 97 31 0 8 67 11 25 51 87 17 32 15 0 29 78 19 4 57 85 83 35 75 80 26 7 66 92 60 51 51 10 2 6 77 96 59 89 60 34 67 14 69 24 91 64 71 72 10 57 68 65 28 84 3 50 96 82 50 75 53 92 58 14 47 31 61 51 96 87 76 29 52 24 23 36 12 5 29 11 19 17 32 2 68 40 16 18 58 94 37 28 61 2 19 67 45 97 16 74 21 34 33 96 21 6 51 83 43 14 10 48 3 74 83 8 38 52 33 20 79 31 2 92 93 57 89 48 45 13 7 77 44 5 0 15 77 11 65 50 93 92 99 43 71 66 99 77 88 47 70 97 6 24 39 49 50 54 26 4 53 13 84 75 57 94 75 44 34 13 3 17 18 58 58 91 59 57 38 9 81 78 93 23 18 1 87 49 23 67 11 57 30 69 37 39 44 47 22 20 45 7 69 33 51 57 48 69 56 22 29 83 90 27 56 99 85 76 78 51 71 21 21 42 79 16 44 74 89 85 23 65 4 84 55 62 86 63 72 18 35 31 88 77 48 79 
55 41 10 15 94 56 39 25 95 51 89 50 62 98 6 89 68 90 15 81 7 54 72 11 21 41 27 82 89 15 45 87 85 4 85 49 87 77 65 24 25 14 85 19 53 5 67 78 42 1 56 37 49 92 4 39 62 29 94 38 9 37 50 7 96 70 97 90 12 36 86 83 49 66 16 45 62 72 85 67 50 7 98 20 92 68 61 25 68 89 35 75 78 51 25 10 83 46 65 74 96 63 40 61 16 56 94 97 61 66 33 95 50 67 22 72 3 81 8 41 13 15 54 14 46 93 52 79 95 44 21 26 17 97 54 87 68 55 88 39 92 1 37 26 90 50 44 95 68 93 9 3 91 85 79 59 22 77 36 19 32 55 77 72 1 34 8 45 43 68 1 21 99 10 3 77 78 72 87 69 69 89 92 92 7 83 53 46 92 19 52 90 71 24 60 98 55 73 59 66 99 53 56 74 79 79 45 11 45 65 42 24 77 93 84 33 23 30 9 21 50 81 59 44 38 53 63 91 30 0 42 32 87 76 86 93 91 76 18 43 79 54 2 16 82 54 31 70 79 80 76 61 22 60 47 71 5 52 69 75 43 26 19 69 85 33 97 47 35 46 56 39 77 94 50 13 2 71 4 42 27 49 98 28 22 1 25 33 16 68 61 47 70 36 29 20 22 44 27 81 26 27 86 33 45 24 86 12 0 89 20 45 13 85 66 5 97 65 59 29 78 26 82 66 89 47 32 8 76 6 39 64 60 26 21 86 72 54 71 41 55 15 67 39 27 65 16 45 83 27 77 21 43 9 17 48 45 21 70 70 10 34 41 74 40 29 88 20 28 16 50 82 77 86 41 67 97 72 56 48 68 15 87 64 29 65 76 54 56 8 81 68 83 81 45 33 62 13 87 31 
18 99 51 73 95 39 52 28 0 50 77 21 88 48 55 25 44 34 61 72 93 15 15 75 20 16 11 99 72 67 5 20 77 60 6 5 14 48 25 56 29 52 48 23 92 64 72 55 84 24 83 51 28 49 42 8 41 7 12 10 23 50 25 52 90 77 69 22 33 56 14 4 90 61 82 7 90 95 72 21 95 63 99 41 95 69 36 29 2 5 64 86 81 78 42 76 39 35 28 99 3 54 66 46 92 14 65 45 61 82 51 86 90 88 36 45 49 78 75 23 71 50 35 25 40 5 20 31 6 17 18 98 10 63 79 68 79 50 14 81 12 3 4 44 78 97 59 40 28 67 27 5 84 19 70 65 14 1 58 52 0 73 58 69 20 11 64 98 24 78 6 96 73 75 53 68 51 49 38 0 24 54 78 66 19 85 22 50 90 66 56 25 15 75 97 74 93 32 20 98 36 66 95 82 63 19 14 65 22 23 8 41 46 78 51 33 17 4 71 13 25 77 26 43 42 87 82 17 4 9 14 84 59 52 24 83 69 36 2 65 39 9 91 28 67 59 53 64 22 31 49 36 58 89 18 3 23 78 2 86 55 21 99 5 15 57 2 35 27 23 16 90 20 49 78 94 51 7 38 20 28 73 83 86 10 36 8 10 14 87 55 56 23 17 27 24 2 10 80 66 89 12 1 20 25 53 79 54 24 12 49 15 84 97 0 54 27 70 46 0 52 18 90 77 1 73 92 0 27 37 90 81 18 55 70 31 28 36 65 26 13 30 58 79 92 53 15 0 74 37 49 88 98 27 18 59 3 34 50 77 0 96 79 90 74 25 6 12 15 75 82 13 15 91 30 66 58 75 9 91 10 43 16 66 74 55 78 85 70 65 4 53 55 50 99 36 71 64 41 62 
3 30 11 65 91 98 67 74 56 69 15 18 55 75 58 22 30 53 24 57 48 58 77 64 88 4 44 9 50 62 83 87 80 35 10 77 46 21 10 57 34 31 60 55 24 30 54 74 24 4 77 74 26 77 57 26 97 37 60 75 95 1 15 84 7 45 90 88 84 99 90 30 34 78 39 57 3 24 50 60 96 2 22 42 98 8 81 12 94 82 45 61 5 16 48 56 80 63 34 69 80 51 76 76 74 12 8 97 94 95 58 85 41 92 81 3 50 45 94 97 36 64 95 49 97 35 1 48 62 2 67 54 14 91 10 74 67 34 37 12 5 40 67 29 96 63 70 28 8 50 98 70 17 12 71 72 51 47 74 37 31 94 9 86 92 76 33 78 65 34 99 78 78 28 4 81 74 84 52 78 9 47 78 87 51 12 11 96 43 62 24 57 20 50 20 95 74 55 28 59 5 71 5 84 30 57 97 22 22 25 26 26 80 47 91 65 10 99 64 2 94 40 28 69 39 79 65 76 56 12 41 85 26 36 14 10 74 47 92 89 40 15 89 80 96 46 79 5 29 82 0 29 46 36 92 67 7 88 55 47 72 74 22 89 90 53 78 31 50 38 4 23 27 22 29 67 29 22 55 26 41 12 65 32 34 75 13 1 34 51 93 89 90 29 68 30 16 90 1 3 93 43 72 2 46 51 85 23 6 44 84 93 8 8 53 25 70 73 55 71 68 89 59 62 19 15 97 69 92 65 76 5 21 24 77 39 74 2 52 85 23 81 49 37 83 40 18 69 49 19 4 63 2 59 59 34 80 29 78 24 96 54 99 91 67 87 66 58 0 30 16 34 35 19 65 45 6 31 56 97 88 80 6 23 69 66 8 73 37 50 59 44 67 74 55 28 98 6 4 32 
69 11 47 77 58 2 34 5 39 57 51 61 82 23 51 55 88 80 36 81 81 6 40 49 34 45 13 82 6 5 17 84 52 39 70 97 50 2 12 20 45 11 27 82 29 26 94 75 88 8 53 59 78 47 3 90 37 96 79 1 13 90 49 56 83 41 37 98 4 12 93 62 68 45 9 97 79 63 21 84 78 42 84 78 82 68 30 74 53 90 55 12 65 52 49 40 90 25 4 94 36 80 66 53 6 65 88 76 21 48 95 82 17 52 72 63 45 56 83 86 55 17 32 61 47 92 28 9 40 4 15 93 87 43 96 46 96 88 45 24 80 11 71 69 5 31 13 61 49 27 1 20 71 82 30 49 3 8 35 90 16 93 92 0 29 62 17 19 53 78 70 37 7 85 46 74 54 67 42 4 17 35 13 3 10 61 60 6 30 85 40 55 36 33 73 86 97 21 10 75 54 14 54 82 62 90 98 21 67 33 88 71 95 33 39 24 6 72 0 36 3 49 36 8 77 96 17 44 26 79 20 78 14 4 50 83 97 85 89 44 99 8 54 73 76 80 49 71 15 0 30 2 31 55 63 51 3 8 95 19 19 27 87 50 18 64 57 0 63 56 86 56 21 97 89 8 78 39 12 62 37 12 49 36 18 41 37 42 84 54 12 74 38 49 5 86 39 66 27 55 10 93 36 84 55 2 41 0 72 99 0 49 43 0 90 40 42 98 92 89 35 61 93 3 87 28 14 58 98 82 67 81 18 89 2 89 14 66 25 55 40 33 26 4 30 50 27 49 5 32 24 96 52 80 13 5 26 66 29 62 21 1 12 96 43 13 39 65 42 16 7 6 20 38 14 31 46 95 72 32 51 24 21 29 95 46 7 95 93 15 45 87 35 95 64 68 37 28 80 91 
45 57 42 34 89 49 25 8 52 32 38 2 12 51 53 55 36 80 33 74 33 70 9 86 3 13 78 70 3 7 28 52 66 57 49 53 88 92 40 91 82 11 95 23 84 73 12 77 62 34 45 36 32 58 84 48 47 50 64 49 26 60 96 19 67 85 33 84 87 16 38 44 23 50 88 62 6 53 24 71 48 76 10 77 62 12 40 45 95 33 34 52 68 33 80 65 53 98 88 96 30 13 91 45 48 18 18 82 33 56 92 21 6 20 85 45 18 72 53 54 22 87 69 86 44 13 41 40 42 92 8 84 37 9 5 87 22 4 44 62 50 81 80 98 76 39 32 71 18 44 90 7 65 37 45 28 44 53 89 55 54 36 90 29 89 7 53 41 99 41 78 27 95 84 53 76 23 11 52 21 29 68 12 58 16 97 11 50 29 46 12 49 48 79 25 3 92 38 6 16 4 37 75 42 33 60 57 22 29 53 94 81 71 36 65 66 9 82 99 88 48 85 17 20 57 33 73 2 19 69 32 57 10 57 76 75 51 23 45 18 75 66 56 58 76 86 77 20 2 52 48 8 22 63 40 56 23 93 4 47 76 50 66 22 17 2 90 83 74 68 40 14 42 60 98 66 22 85 32 62 8 39 21 83 7 96 10 90 29 74 15 43 1 96 24 25 53 62 6 65 95 8 91 69 87 65 4 80 96 10 45 3 16 97 41 13 53 51 61 59 33 97 20 32 0 21 20 93 94 99 79 25 10 89 71 53 78 20 41 76 95 70 96 32 67 86 28 14 89 78 25 92 26 14 48 59 64 48 83 77 34 28 83 59 91 2 82 9 70 28 45 88 28 85 76 0 5 12 43 32 89 76 14 41 33 22 62 13 81 94 94 66 13 24 55 15 48 34 74 26 
11 7 93 94 96 1 6 54 84 13 29 83 47 14 10 72 95 27 68 63 19 21 57 28 90 85 70 69 6 60 40 90 98 26 0 10 38 68 34 76 23 45 40 47 78 43 67 85 13 7 57 26 46 74 78 66 83 9 52 40 4 45 45 59 55 79 88 67 36 94 54 57 4 21 79 41 42 39 76 48 38 72 78 62 61 86 32 76 95 94 56 99 90 14 33 32 90 0 7 88 98 80 54 29 28 64 9 79 69 43 53 15 80 17 75 54 18 45 4 89 12 9 32 14 3 34 92 40 57 94 33 92 34 71 46 9 5 19 53 93 39 30 98 20 77 11 47 71 47 27 66 99 26 63 41 51 70 10 44 23 19 38 44 98 50 75 98 54 57 98 39 49 19 2 49 51 89 61 84 31 80 24 35 11 20 16 39 13 31 79 74 49 86 53 26 21 1 41 75 36 64 37 30 72 29 66 67 83 77 46 97 14 38 74 37 40 95 56 86 19 66 46 95 41 74 30 33 13 98 17 21 56 97 68 88 66 39 25 22 91 25 32 87 25 73 11 57 35 56 6 49 52 57 78 7 15 53 7 26 55 2 21 14 11 74 63 69 28 44 29 88 81 95 65 79 78 86 88 6 10 87 30 0 91 82 10 88 2 86 67 7 34 35 84 31 37 11 14 81 64 92 75 80 22 36 37 99 66 31 2 70 38 33 41 29 90 6 83 85 42 72 24 37 40 85 21 32 19 38 49 90 6 94 0 31 50 30 60 41 65 58 96 45 32 38 14 18 70 7 4 78 47 55 34 94 10 60 65 56 42 3 90 97 53 33 99 39 2 60 45 84 22 99 95 79 63 46 28 77 30 84 5 82 90 32 10 37 41 94 6 56 71 30 99 81 86 62 47 44 31 
3 60 39 18 87 84 18 40 64 33 79 83 0 7 29 14 91 58 78 0 53 56 70 41 24 87 8 42 67 56 12 82 96 23 17 4 41 91 81 93 17 35 61 17 34 61 73 16 6 47 86 35 29 52 86 1 55 4 20 86 27 55 7 78 62 84 98 22 39 26 5 22 11 65 82 2 66 91 23 49 43 84 75 28 84 13 86 93 34 7 66 80 46 69 10 44 63 60 72 78 47 88 60 75 21 41 74 73 38 71 61 24 68 52 86 24 36 96 49 32 10 6 8 92 13 74 74 28 23 70 40 75 74 87 35 99 34 9 34 72 97 11 14 15 43 70 80 67 36 1 0 30 55 17 66 70 89 73 76 94 70 51 41 56 88 82 58 11 11 45 61 46 42 76 29 45 82 55 20 3 41 20 27 79 75 16 16 64 46 40 58 33 66 74 53 18 16 87 41 24 29 64 42 54 1 75 53 12 14 15 27 15 79 80 29 30 1 49 14 85 65 88 35 75 75 45 49 9 80 62 4 76 59 50 56 8 61 79 39 29 10 34 50 49 84 99 94 90 93 39 40 69 2 3 35 58 80 73 61 49 22 6 52 71 18 68 80 61 98 28 67 62 74 85 50 43 69 43 8 3 99 13 37 94 20 78 90 72 55 90 72 12 45 30 61 85 73 79 94 11 80 59 45 55 57 7 59 8 29 64 90 98 79 30 24 37 92 78 43 53 31 40 66 17 31 9 70 55 34 92 45 56 44 32 87 93 18 43 9 32 18 80 3 21 97 90 39 84 78 32 16 60 81 96 18 74 89 13 36 28 13 96 16 78 3 5 72 91 90 76 85 11 75 9 82 24 17 38 30 76 11 52 34 62 68 84 95 69 25 6 8 18 2 22 19 18 30 2 7 88 
56 98 99 55 1 79 99 41 61 69 53 72 54 36 55 65 79 89 14 73 46 99 76 62 74 0 90 69 70 73 6 59 24 60 43 95 95 63 37 60 10 84 79 43 94 67 37 51 52 82 44 50 27 21 31 59 92 20 51 88 89 51 31 42 60 92 2 58 12 38 45 73 94 85 39 87 26 25 11 84 55 83 55 14 82 36 79 10 48 9 0 39 14 97 14 21 56 39 88 24 82 87 37 97 58 92 71 84 96 68 95 0 64 36 23 7 10 70 58 95 97 22 8 85 34 82 8 88 16 40 6 25 0 86 18 54 30 15 76 12 39 5 68 53 71 71 86 27 65 3 18 5 16 64 9 77 13 25 29 51 68 97 40 20 54 50 32 37 57 62 88 25 26 64 63 85 61 85 93 36 87 33 51 95 61 19 57 16 44 66 98 52 42 79 52 38 78 40 90 34 43 50 68 61 92 6 70 11 67 42 86 8 49 90 3 10 91 89 26 26 89 3 53 25 89 10 79 16 75 32 98 62 4 87 88 58 74 27 75 60 57 19 75 36 99 46 91 26 59 38 15 47 18 46 61 76 30 23 50 77 95 84 73 53 56 61 80 25 15 73 72 2 99 7 93 40 7 91 76 94 33 14 84 76 48 11 50 78 5 32 74 50 6 9 66 54 41 56 16 38 32 44 72 11 29 33 74 82 58 1 77 64 32 47 71 4 63 74 7 74 44 37 41 50 31 35 49 94 55 87 86 7 79 19 98 43 72 79 68 69 71 54 20 65 96 44 76 88 64 42 67 42 67 2 16 31 21 4 95 80 91 60 28 28 43 97 4 71 66 33 36 38 98 66 2 9 13 95 91 50 36 56 86 86 89 12 3 11 96 95 29 62 14 35 13 18 28 26 2 71 
85 68 6 4 65 59 88 53 7 40 61 62 31 69 51 70 14 75 82 40 50 72 2 44 71 65 59 27 9 10 88 32 24 24 26 65 16 9 16 2 91 95 51 74 48 34 50 2 40 70 60 23 25 67 20 27 20 71 68 23 67 60 52 74 43 95 26 45 31 81 9 40 87 17 47 71 10 63 62 63 5 6 12 45 95 85 79 78 84 77 35 0 90 21 42 94 74 59 95 70 13 27 39 14 9 90 62 55 82 69 51 87 44 95 59 15 49 51 11 80 35 42 39 9 97 76 43 23 2 82 55 78 91 66 32 37 75 22 86 85 59 75 5 51 99 27 47 31 81 67 65 60 82 24 5 23 86 83 83 62 8 26 22 74 71 85 14 96 69 39 92 27 42 10 96 87 63 12 80 0 49 61 66 32 71 0 2 53 96 72 37 37 98 2 92 23 36 5 42 53 56 21 54 11 76 88 83 49 85 27 48 77 54 53 17 15 39 75 72 51 29 62 17 83 49 37 47 99 35 88 36 25 25 71 54 62 30 59 64 13 69 99 56 21 2 6 30 10 68 6 59 64 56 25 93 98 74 37 63 37 0 24 72 98 75 39 58 14 87 86 28 59 91 32 38 45 82 31 98 1 39 87 27 94 94 98 62 42 20 33 71 28 29 24 33 8 81 45 12 7 63 33 10 72 97 68 4 40 63 65 8 13 28 40 36 60 31 83 29 40 6 42 40 99 18 71 34 18 2 31 97 40 50 23 91 15 31 76 2 51 21 84 10 4 48 96 66 71 74 84 87 4 66 59 80 74 38 79 76 63 1 75 40 11 78 4 45 84 45 78 62 9 97 98 62 0 27 26 79 23 95 53 87 22 65 52 0 51 54 36 32 79 0 86 28 33 37 18 8 39 
83 46 57 21 24 17 80 35 92 35 44 12 48 95 66 64 98 34 9 48 60 63 16 25 95 11 99 71 20 32 22 54 92 9 26 11 36 27 37 94 26 85 81 18 63 15 36 82 62 8 84 6 38 38 4 97 23 44 87 67 66 30 47 5 52 19 65 9 53 42 36 85 91 83 3 37 63 95 35 33 7 97 53 60 5 37 83 94 28 7 86 74 29 40 46 32 32 6 58 39 81 32 40 10 33 78 63 62 93 64 44 24 36 34 42 12 81 76 37 22 69 2 32 83 11 29 62 52 83 36 33 46 59 54 51 99 90 71 82 5 43 79 53 70 14 2 81 71 25 67 41 31 53 91 29 92 20 28 45 73 19 31 19 50 51 77 28 0 86 22 28 21 18 62 56 86 5 86 6 29 53 37 77 89 77 84 66 8 61 56 95 70 67 40 60 95 78 31 37 92 34 42 30 81 8 25 27 75 33 17 32 38 2 49 3 2 94 2 53 84 2 74 41 46 17 26 71 71 0 94 64 86 51 17 38 32 50 17 93 21 75 15 1 0 94 49 22 57 23 60 1 95 21 75 31 23 26 83 21 79 97 77 42 19 43 55 54 50 68 70 37 73 85 5 87 98 85 19 7 5 87 85 50 3 64 91 3 48 71 47 91 46 58 76 72 62 99 51 4 75 60 39 32 8 72 34 7 5 47 80 56 48 19 76 54 89 53 93 97 7 96 79 73 51 91 34 39 50 50 95 95 54 12 79 58 76 93 53 51 34 86 87 94 4 60 80 84 19 95 45 62 4 7 64 45 15 19 4 21 76 12 47 65 70 62 78 78 75 44 5 40 60 42 20 4 48 52 47 58 2 75 3 82 33 83 5 25 63 57 11 47 76 97 86 7 78 94 34 24 39 
41 87 89 47 50 39 41 55 97 86 45 26 85 97 77 80 75 1 23 70 6 3 7 44 44 29 67 67 43 61 55 32 74 97 30 34 46 26 89 67 13 63 17 66 82 57 26 68 83 82 5 43 9 74 39 26 5 76 57 60 13 80 6 61 22 11 31 43 72 5 18 61 38 16 4 66 68 53 85 58 34 28 55 15 5 90 64 45 33 44 60 12 37 11 81 86 89 49 90 84 82 54 14 88 19 72 40 90 28 31 88 66 15 53 3 22 36 82 34 67 34 22 35 41 2 28 91 13 63 60 68 72 50 12 94 2 68 37 83 24 91 28 60 60 13 79 6 84 56 48 48 13 2 8 98 89 76 32 73 60 38 32 32 6 33 5 96 40 23 34 90 26 84 45 81 60 63 37 62 82 77 15 64 86 17 24 68 65 83 76 64 31 95 55 76 24 16 34 42 33 53 34 81 56 0 31 65 44 60 7 1 8 53 85 45 56 60 18 63 25 52 31 9 1 55 65 59 76 16 65 56 14 12 0 50 24 44 63 64 73 17 37 18 75 25 20 59 49 87 66 51 79 58 32 4 11 6 41 12 33 51 78 60 32 47 3 87 32 88 49 12 13 31 65 3 67 79 53 39 85 73 72 54 35 61 6 3 48 14 31 7 10 50 77 12 19 11 57 15 9 85 1 80 49 46 46 8 71 57 60 77 36 58 15 30 34 13 80 79 34 91 15 41 96 33 60 24 37 20 59 73 45 51 37 89 63 29 13 24 30 16 81 68 77 82 94 64 77 23 73 32 51 81 81 41 34 9 4 66 65 66 33 88 22 50 19 34 9 71 78 56 31 51 29 35 75 96 26 8 13 25 32 77 50 81 18 86 62 71 17 1 75 93 40 60 24 7 33 32 63 
15 97 87 12 98 95 44 26 95 36 11 96 35 88 66 43 62 56 99 4 29 6 51 67 80 79 61 50 84 63 81 67 8 63 79 35 0 13 97 35 88 65 95 81 13 45 92 24 90 30 24 77 83 24 14 62 17 6 45 93 26 42 78 12 47 91 9 55 75 22 20 99 70 37 18 85 47 19 39 10 33 34 67 16 90 91 0 64 57 96 36 26 41 45 86 69 61 79 88 62 5 10 64 54 35 5 47 94 22 77 2 32 67 63 56 45 23 61 52 62 77 66 10 81 95 65 77 3 53 11 5 6 62 0 98 55 4 86 86 64 7 90 16 83 5 82 59 8 35 52 31 35 56 12 36 21 91 81 62 21 29 25 76 36 18 55 82 57 33 52 53 94 96 50 56 20 39 95 3 61 27 14 4 0 58 46 44 80 14 44 31 62 5 39 2 30 58 14 67 31 86 68 33 32 48 51 56 16 16 76 97 17 26 33 63 7 28 57 74 77 72 71 25 70 62 20 59 61 59 37 75 71 70 18 29 96 1 39 64 88 25 26 41 96 42 30 30 40 27 95 72 40 25 32 76 87 53 19 36 7 88 7 66 50 33 3 72 73 92 66 58 79 16 52 43 14 25 13 54 54 37 99 21 60 90 78 86 71 65 76 64 56 41 27 29 41 73 28 11 81 5 75 9 96 20 81 19 93 8 0 70 96 79 37 24 39 40 40 71 18 70 36 84 10 91 84 75 88 96 44 56 74 15 19 43 82 67 74 81 74 96 35 91 37 24 55 41 2 76 40 84 42 33 21 10 61 1 90 61 25 66 54 53 67 78 74 84 78 60 80 86 41 72 55 9 50 38 59 8 54 34 94 50 33 44 6 78 3 21 60 76 13 67 83 53 14 26 85 28 61 
47 73 94 72 70 49 58 82 2 35 46 62 20 16 5 67 16 81 47 19 35 47 11 92 0 31 1 59 16 51 44 25 53 48 35 59 95 84 29 93 59 3 29 35 3 17 84 39 93 80 25 61 95 57 51 18 7 90 36 42 57 30 76 84 34 72 83 54 19 69 48 12 21 36 90 61 37 51 60 65 48 39 49 4 17 9 7 39 13 71 40 88 32 14 18 75 3 45 73 22 14 57 72 62 59 53 90 85 79 40 68 68 72 9 89 37 94 54 30 92 95 35 94 89 26 97 17 31 99 69 46 21 34 55 63 61 38 7 19 86 31 97 57 25 65 7 37 11 45 25 76 68 44 23 10 66 19 41 31 88 93 98 58 82 78 39 27 38 59 91 23 49 95 46 74 29 27 12 33 33 54 28 13 43 76 17 57 32 84 71 27 8 18 48 90 57 86 45 35 24 71 82 32 34 53 20 46 37 24 66 88 40 48 8 56 94 39 33 31 27 16 15 19 41 35 0 2 97 1 55 17 50 78 33 22 50 0 58 59 70 8 74 61 65 11 96 35 25 96 60 28 97 56 73 66 68 58 71 60 85 32 88 99 51 10 97 75 51 47 14 73 14 87 88 1 45 18 27 45 47 6 39 33 79 35 80 63 21 99 43 47 14 68 53 94 94 83 30 66 48 88 78 43 87 2 63 17 0 76 66 35 41 95 87 23 72 89 31 45 29 56 10 90 54 71 14 73 73 92 45 89 83 25 70 56 74 30 73 34 51 30 67 28 36 35 97 72 82 65 69 1 89 75 16 69 25 68 22 66 71 62 97 66 77 12 3 59 37 13 94 94 21 0 84 99 27 43 52 96 86 84 83 67 28 18 33 68 21 86 38 44 43 37 13 30 80 93 15 61 86 
64 77 9 4 21 44 27 51 47 75 96 35 61 5 27 38 34 11 48 24 91 19 22 5 20 59 21 36 46 58 53 13 99 94 0 0 80 97 41 36 84 87 34 27 77 96 49 24 99 2 35 34 89 34 61 73 23 54 15 70 77 20 34 91 51 1 47 94 30 36 74 84 74 9 87 4 10 99 36 34 70 27 23 74 3 49 32 51 13 44 38 81 61 64 25 62 2 6 1 81 91 9 48 47 22 43 58 26 74 51 96 71 85 26 24 63 5 75 27 5 4 58 72 25 30 76 27 3 1 33 98 29 93 95 27 96 55 84 14 0 50 50 43 69 98 34 43 83 72 89 37 65 72 86 71 78 52 44 92 76 96 0 51 84 88 97 71 16 57 35 40 84 73 62 71 54 63 23 4 17 84 26 48 5 35 88 84 22 66 56 25 65 21 15 29 33 44 26 65 12 58 44 30 10 78 59 85 73 29 24 88 96 89 54 15 39 69 69 11 0 63 20 44 98 95 43 9 47 90 26 26 5 56 70 58 95 46 37 84 98 45 34 61 97 87 2 95 56 23 76 37 25 91 59 17 25 66 52 33 60 68 61 62 22 19 14 91 93 41 25 66 28 35 27 59 36 64 37 13 79 72 26 62 35 89 72 3 71 36 35 54 30 85 85 39 2 80 64 86 50 41 22 38 33 37 24 19 25 36 70 24 58 26 84 33 48 83 60 84 16 75 6 15 43 74 95 67 78 86 51 74 91 98 70 68 10 44 26 94 27 96 32 78 23 15 33 89 19 6 62 96 37 31 81 19 75 71 36 65 64 95 52 11 31 22 78 45 81 94 43 97 78 48 79 31 81 93 45 70 16 92 24 59 49 33 33 12 41 45 29 26 83 22 89 87 70 22 11 42 92 
84 65 9 13 79 79 36 67 94 36 18 81 34 70 74 68 25 80 9 5 39 13 1 38 42 81 27 14 2 80 61 37 96 57 58 78 81 52 53 51 29 54 68 67 62 81 26 0 32 59 74 45 80 32 0 30 99 95 34 72 31 4 67 12 67 85 48 15 55 94 53 57 65 97 33 67 5 18 71 41 17 8 76 42 87 40 14 26 82 1 60 99 8 10 45 74 41 48 5 47 57 87 45 29 99 21 30 72 85 87 46 93 35 18 92 46 38 92 63 41 66 61 44 30 31 22 73 29 77 61 53 47 69 45 63 87 94 25 1 0 3 81 23 47 38 77 74 95 96 95 90 62 43 59 82 12 85 37 88 42 82 19 77 21 21 79 31 78 52 9 86 85 31 66 3 50 65 7 34 42 2 55 15 12 40 49 53 61 19 95 31 1 76 54 92 44 67 95 80 20 35 17 94 6 4 89 29 18 13 47 62 9 14 58 53 50 1 24 95 37 59 90 81 92 49 85 92 17 54 79 65 54 57 56 1 60 63 6 7 21 40 80 81 49 46 66 12 84 97 58 25 86 66 81 31 93 41 47 61 46 81 93 53 99 91 47 21 13 89 43 68 11 19 52 80 14 1 61 98 11 87 37 70 27 6 11 8 51 18 12 21 27 46 84 51 68 37 91 4 77 99 93 18 16 16 77 13 96 72 76 90 22 19 6 23 40 81 99 19 59 98 46 19 39 60 82 77 29 21 90 79 77 96 9 44 22 17 43 80 68 63 32 60 18 27 4 17 39 6 55 65 13 34 37 32 87 36 87 64 14 58 28 30 43 73 29 95 56 95 42 79 65 61 63 45 37 38 51 4 55 73 65 78 16 1 64 7 64 20 5 58 49 44 94 92 49 80 87 69 64 
79 64 38 79 54 34 31 70 80 56 24 57 34 21 24 64 58 94 2 62 2 37 97 49 1 3 45 46 53 46 96 94 26 6 14 45 36 55 66 64 82 44 75 66 50 47 56 75 54 67 26 37 50 64 65 57 54 98 54 51 7 7 43 1 60 9 62 68 35 83 96 7 98 18 43 70 21 49 5 6 69 46 56 96 66 59 29 42 14 90 66 57 78 66 53 26 71 84 18 47 79 81 89 7 13 43 65 58 34 52 20 42 95 80 38 47 98 6 88 73 59 9 98 72 1 60 78 81 21 2 55 15 4 32 23 24 99 44 20 45 51 4 63 25 31 55 52 6 67 12 3 70 53 40 48 48 16 3 91 29 29 1 99 56 52 55 59 17 75 85 8 84 54 92 6 87 44 62 22 9 98 93 26 31 77 40 14 99 22 0 46 16 7 5 32 64 85 66 45 87 87 56 85 8 34 88 4 83 15 94 89 75 77 54 7 52 35 6 82 26 18 25 12 62 64 62 68 2 77 17 39 62 64 64 75 85 27 44 32 36 17 5 83 0 84 89 20 3 48 69 70 49 10 70 0 33 19 36 54 64 10 39 70 9 91 51 95 1 22 29 55 41 64 25 44 43 37 27 23 77 82 7 77 96 77 17 20 35 86 37 54 2 4 92 21 77 71 76 65 82 47 81 59 81 60 45 54 87 98 91 0 91 65 87 63 62 13 66 48 56 98 39 72 83 67 49 31 47 88 0 58 18 95 51 23 87 87 7 5 56 18 32 48 13 28 65 72 73 37 10 58 10 91 60 51 58 75 11 45 50 54 49 92 49 10 90 5 31 84 70 44 26 46 67 51 52 75 59 48 85 43 0 95 11 12 98 74 34 21 14 96 79 23 17 36 92 62 22 77 57 
20 83 51 75 93 17 83 71 74 4 23 31 54 99 16 54 58 41 81 9 89 33 97 11 43 79 89 71 61 55 62 12 85 33 90 67 66 53 61 17 94 22 6 27 36 1 75 2 91 24 15 25 90 63 67 67 50 62 66 11 82 99 92 1 1 73 63 56 4 45 54 17 99 45 2 53 11 17 3 56 32 84 1 43 59 26 47 56 65 0 18 36 36 65 62 36 7 57 99 64 73 22 82 37 39 47 98 64 36 64 60 94 95 15 56 75 41 26 61 57 5 43 52 83 92 71 45 62 51 28 61 13 48 56 61 17 33 86 33 97 93 55 66 47 66 67 86 96 77 33 60 5 85 7 53 51 38 29 35 25 56 92 15 37 21 94 43 4 63 60 3 63 83 94 51 99 14 81 34 26 36 41 15 63 21 32 27 13 66 65 48 64 98 80 82 20 26 95 5 13 6 12 24 85 74 88 24 9 28 99 21 64 3 56 48 41 90 25 52 9 92 31 40 52 8 49 88 82 94 85 48 6 15 6 71 94 53 56 5 96 4 2 88 92 68 44 6 56 48 73 22 77 73 92 17 69 25 68 33 8 4 78 48 51 34 84 88 62 17 24 99 10 87 28 1 64 90 73 48 75 33 30 84 7 53 24 7 43 4 83 7 9 99 52 12 7 5 55 17 76 25 94 71 16 59 93 26 96 46 72 36 93 52 43 29 74 22 4 62 38 26 65 61 6 28 41 76 66 80 27 20 32 86 79 47 31 13 67 92 49 27 2 47 51 7 76 64 67 50 40 83 82 23 77 14 78 72 57 56 2 86 77 14 73 19 61 14 54 8 30 17 72 68 4 43 42 83 46 99 50 6 35 81 60 11 36 38 74 75 57 65 7 79 1 88 47 52 97 10 37 
90 81 48 16 82 85 80 97 83 74 20 20 93 97 14 73 91 29 58 65 75 63 62 25 58 23 38 38 74 88 42 43 84 20 79 36 81 9 26 6 47 64 77 70 11 17 88 15 73 32 90 55 91 5 31 32 13 38 6 64 67 18 64 73 65 72 8 46 53 2 64 14 93 75 99 40 15 81 33 38 69 56 43 76 72 16 52 40 31 17 30 3 5 82 88 65 14 87 58 23 39 18 73 91 68 13 45 38 28 92 38 42 10 33 42 11 32 29 65 5 0 67 79 68 48 84 97 52 66 3 59 62 53 15 73 26 97 60 88 24 1 2 62 48 42 9 31 3 76 45 28 68 24 72 92 41 69 42 99 17 1 50 84 15 81 75 96 64 72 71 52 79 94 79 23 23 10 73 18 1 20 96 15 61 34 87 87 16 88 3 78 14 88 24 26 47 79 71 44 18 91 20 16 47 72 32 15 49 89 22 55 26 68 67 40 30 29 47 30 40 10 14 89 83 36 65 77 88 81 36 23 47 98 2 48 42 6 30 78 64 29 95 4 55 32 97 63 49 73 34 21 35 3 5 47 86 37 51 31 17 41 4 58 16 95 69 39 8 20 98 73 92 54 81 27 93 94 28 57 41 75 33 67 44 96 8 78 28 39 64 85 88 31 47 3 4 41 81 83 46 15 46 94 68 90 55 19 89 95 70 42 22 3 2 73 0 15 44 70 81 56 68 78 48 40 93 3 55 26 85 60 89 46 57 92 97 74 82 1 51 68 48 2 12 74 46 64 3 54 1 37 84 85 54 29 28 94 82 26 98 37 6 83 74 25 58 82 6 47 82 19 22 7 88 2 84 41 58 96 9 33 5 62 31 34 49 35 77 59 98 32 63 50 80 65 60 27 47 98 58 
97 50 23 2 59 94 6 14 47 77 2 66 39 43 35 31 77 45 89 95 30 3 45 47 58 24 60 27 33 80 0 68 6 35 72 76 17 5 86 30 41 72 56 53 33 53 48 38 23 49 12 17 6 82 54 88 82 52 75 57 70 35 14 46 21 11 9 23 18 49 69 18 34 46 38 42 88 73 1 33 51 40 88 15 48 64 31 98 5 39 35 29 86 21 36 30 19 86 29 58 61 40 76 92 32 78 44 95 84 96 7 98 88 14 65 43 61 90 22 59 50 40 96 0 86 10 62 51 20 10 15 90 54 67 12 87 27 1 3 93 46 55 68 38 53 48 20 83 19 7 56 68 34 3 3 0 24 21 75 89 67 27 83 79 31 45 30 69 94 34 38 42 53 2 44 73 49 30 67 80 21 35 20 0 8 6 73 79 20 76 88 14 9 71 0 34 24 13 44 52 89 19 98 10 90 41 77 33 89 74 67 88 95 15 7 49 83 85 47 50 88 16 75 25 32 22 48 34 50 92 31 13 83 57 61 41 86 0 5 92 73 90 27 34 59 9 44 32 4 87 92 60 80 88 52 25 16 97 73 5 50 85 71 70 25 9 71 60 15 42 90 13 64 77 51 43 7 39 2 67 33 99 9 44 69 36 90 87 62 5 19 22 12 85 46 17 91 2 79 97 42 72 60 56 0 18 89 56 2 18 77 64 36 53 24 76 26 86 20 90 44 23 43 70 78 49 83 64 14 71 80 69 52 40 14 87 7 31 90 10 71 85 34 78 39 34 83 83 13 26 59 93 90 22 47 18 21 36 46 11 14 43 23 62 10 81 20 99 98 43 20 49 48 59 79 27 31 1 79 91 98 38 15 82 52 44 73 31 26 26 33 4 3 48 56 77 73 53 35 37 
54 1 46 95 90 72 85 11 23 66 69 17 79 11 6 7 32 73 86 99 84 83 86 16 44 45 8 11 26 22 83 86 91 20 57 38 13 40 1 43 44 41 47 6 41 79 2 5 80 12 57 69 88 36 0 61 91 33 29 20 78 53 93 90 16 31 97 91 80 34 48 85 83 40 35 98 63 75 71 14 52 41 58 47 62 60 43 62 86 13 92 15 82 7 33 42 91 68 99 82 32 59 66 76 81 60 37 2 81 22 46 61 26 77 58 76 63 17 95 85 23 26 74 24 30 39 64 53 35 49 71 92 69 51 40 18 28 76 93 55 1 66 92 10 25 23 40 44 2 46 0 61 25 94 78 19 5 42 96 46 54 88 13 64 77 19 48 48 91 25 25 91 18 19 48 72 80 80 6 71 62 63 18 70 95 18 74 72 15 66 62 88 53 47 36 18 14 42 25 98 94 36 54 80 35 94 52 59 76 71 89 74 56 37 57 18 25 11 11 69 37 40 78 25 66 44 23 29 4 45 29 97 86 75 58 50 63 79 62 37 78 91 71 56 8 67 99 3 40 68 75 4 73 93 29 1 76 53 51 12 75 63 62 56 27 76 76 52 86 55 27 0 14 29 6 40 57 0 46 89 13 40 91 83 72 79 84 88 2 91 25 67 96 87 32 11 70 83 91 50 92 46 88 46 60 74 27 45 12 93 2 98 37 54 51 40 27 16 28 46 85 40 71 61 19 26 62 12 24 90 53 89 43 72 13 25 51 3 43 50 52 70 77 5 85 51 39 98 99 68 27 97 5 93 55 33 41 81 72 56 53 21 87 32 2 58 4 15 20 88 46 35 68 26 83 18 59 67 20 75 8 32 13 60 33 31 67 65 95 62 44 37 22 32 10 83 29 17 46 12 
88 92 64 80 21 93 28 36 31 83 87 32 77 82 20 38 53 32 13 78 94 84 57 94 91 10 91 59 8 79 49 88 10 32 40 38 95 25 30 62 39 54 71 39 32 83 7 5 1 82 20 4 51 33 43 52 56 63 73 67 86 64 64 83 10 24 81 10 38 50 3 17 87 35 23 93 99 5 60 23 50 78 6 50 9 85 66 12 56 31 77 61 40 64 1 51 50 32 84 53 67 79 97 78 96 91 8 6 95 2 16 2 52 80 96 14 6 83 78 26 25 65 0 80 66 45 99 92 76 0 85 58 90 82 46 72 61 58 24 75 78 38 12 21 30 49 50 78 8 99 93 60 63 88 32 74 76 30 17 27 8 80 16 14 97 25 18 16 33 33 77 29 84 76 6 80 61 40 26 85 66 35 86 3 44 44 11 36 68 60 33 45 89 68 37 64 1 40 92 90 1 67 85 84 31 57 21 9 25 95 1 14 74 11 88 77 60 41 63 58 59 38 74 39 57 26 43 89 97 6 1 52 92 52 92 66 4 10 31 94 29 36 0 21 69 60 7 55 70 91 17 81 40 83 97 28 71 44 20 67 67 25 87 63 38 11 65 46 76 52 0 62 20 66 81 25 8 41 19 74 77 42 64 89 13 76 90 82 40 64 90 54 44 21 33 43 7 17 67 94 6 50 78 60 4 59 38 59 65 80 76 52 75 57 82 63 24 30 89 17 32 13 56 55 75 57 37 70 70 97 0 58 19 70 99 70 47 93 66 18 74 80 57 30 29 35 43 92 45 48 33 66 57 57 16 50 66 87 24 52 89 75 93 64 16 66 27 57 34 46 51 98 5 4 15 53 85 93 32 96 22 45 12 82 22 67 10 59 40 44 69 31 73 31 33 25 96 41 86 11 
84 89 31 96 52 45 96 34 91 62 83 79 45 21 10 99 66 53 89 25 37 87 56 56 41 58 25 34 55 52 47 44 34 63 15 70 20 76 54 92 22 70 49 32 94 53 44 47 71 28 95 62 96 99 70 48 21 94 69 66 33 27 93 76 63 83 59 15 62 92 15 89 56 91 60 95 25 11 93 17 48 99 68 57 48 79 53 67 28 47 97 0 68 42 33 56 39 15 74 71 22 3 79 44 35 89 26 88 87 86 63 80 59 17 56 51 80 85 86 58 19 5 46 12 68 40 15 63 7 90 68 80 24 54 64 18 76 44 84 47 6 90 86 57 16 32 87 15 37 77 39 27 31 1 90 47 27 71 46 60 96 9 54 78 60 41 9 65 71 66 41 51 11 95 44 37 4 78 95 4 21 63 63 93 5 20 4 47 12 19 46 38 10 32 45 45 75 45 81 4 93 75 29 33 4 91 78 46 5 11 81 3 73 20 15 89 96 51 15 46 61 4 41 85 46 66 35 86 10 83 23 58 89 67 91 44 68 60 59 18 57 78 32 24 53 25 37 74 60 53 33 78 40 12 69 68 0 16 55 64 26 1 79 56 36 55 73 55 57 91 92 89 23 74 88 46 89 39 83 59 93 86 2 15 50 62 89 65 75 94 7 61 6 34 23 54 67 93 68 65 63 94 5 1 58 15 77 99 62 22 60 31 20 26 93 75 4 26 11 97 62 27 48 32 66 42 12 52 14 69 48 72 40 82 22 1 38 13 79 54 4 31 41 53 76 10 81 37 59 92 78 87 98 52 90 61 0 10 17 52 85 6 4 26 93 0 21 61 17 58 19 8 7 91 6 76 0 85 38 32 74 51 97 31 14 28 21 81 63 70 7 63 47 21 2 25 19 45 7 8 
77 87 98 55 63 12 45 49 63 14 51 23 81 38 31 20 37 37 13 11 85 38 68 39 41 49 16 87 10 61 70 16 67 32 96 80 32 8 17 17 50 35 51 78 0 94 5 28 27 8 9 8 1 22 32 45 75 79 51 71 17 16 56 94 10 81 16 49 11 94 31 36 51 48 57 54 77 79 51 95 30 71 45 48 21 93 10 21 32 26 75 23 97 77 98 30 52 9 78 95 2 97 36 49 23 26 20 40 11 36 10 62 56 56 64 24 83 96 20 60 44 85 31 26 77 54 70 65 24 48 21 83 25 36 35 31 38 64 95 72 1 76 42 53 82 13 69 6 99 50 92 44 7 3 10 35 3 53 99 82 13 28 14 9 59 33 67 80 97 49 40 70 48 96 16 48 22 19 80 21 15 87 30 52 27 55 22 68 42 29 57 50 86 64 96 48 46 54 97 30 49 72 31 11 32 60 6 32 98 19 58 80 28 87 42 60 37 88 93 52 19 68 67 30 82 15 10 0 38 36 58 40 98 71 44 3 73 74 89 56 62 81 38 85 62 91 3 93 27 7 12 46 87 98 18 65 15 90 64 71 70 8 79 9 48 68 4 81 13 29 87 52 86 22 25 75 74 71 21 71 68 4 23 28 30 89 24 17 35 11 10 38 87 19 76 86 80 81 0 12 46 79 45 1 69 22 10 31 84 60 39 30 87 13 73 16 68 65 90 17 95 28 62 40 13 14 89 29 64 65 83 24 85 3 9 42 69 36 90 30 74 23 36 12 9 26 60 33 24 32 67 32 3 93 45 69 0 65 91 98 68 44 8 2 38 36 17 50 49 3 78 74 55 87 73 36 14 4 68 76 94 92 21 59 57 49 64 10 74 93 20 48 50 36 44 96 71 29 56 49 
31 18 25 85 85 55 95 10 62 0 10 23 82 89 35 83 99 99 94 47 22 48 36 42 1 71 19 3 65 37 82 80 7 64 67 32 35 88 97 71 36 39 5 34 69 41 18 40 50 91 66 67 14 49 93 20 59 6 13 63 92 63 33 84 41 71 15 2 88 21 39 66 85 64 58 10 60 20 97 37 53 96 39 73 39 93 35 11 16 60 16 55 72 92 97 20 0 20 82 27 97 15 55 30 24 70 20 80 42 2 6 50 60 64 18 57 83 54 22 42 13 86 0 71 57 31 96 69 69 71 53 5 80 31 88 97 39 33 96 23 46 84 12 46 70 17 46 92 37 68 29 11 32 13 53 77 11 41 55 74 61 27 49 39 38 96 1 26 17 83 65 33 83 65 0 2 62 3 51 18 41 61 78 31 17 98 74 55 87 34 20 71 10 25 30 72 66 33 87 23 0 56 94 77 30 35 65 17 85 84 71 32 9 75 54 69 94 35 64 84 35 65 64 32 46 18 13 98 95 50 63 48 27 45 72 65 21 97 7 61 93 27 94 0 85 41 84 16 12 88 3 50 14 41 30 74 21 14 5 84 31 17 83 34 9 93 63 31 77 5 3 84 73 64 50 51 71 37 18 72 53 78 14 9 76 25 57 18 30 82 17 43 45 81 79 24 95 90 45 92 28 83 66 69 15 93 28 19 20 16 54 81 43 67 80 6 72 26 9 82 85 12 26 34 60 25 6 74 33 52 15 15 46 88 77 53 77 12 63 25 44 4 8 79 7 63 72 28 18 9 41 97 95 12 61 88 73 95 73 93 76 7 7 69 93 78 55 80 37 32 16 3 58 15 73 98 49 3 41 67 85 21 58 25 8 22 63 90 79 74 36 89 1 46 84 17 27 7 45 96 
89 58 42 58 63 73 68 37 74 73 73 60 38 5 42 25 73 27 92 77 40 25 2 47 68 32 20 47 31 55 68 22 88 15 37 62 54 35 1 92 40 77 20 73 99 76 53 86 6 9 15 36 60 13 7 21 8 79 1 78 8 14 34 79 52 41 23 81 14 92 37 64 27 45 50 13 19 31 28 52 99 20 13 97 19 52 20 19 49 96 45 8 42 29 44 58 94 94 96 46 98 78 76 43 10 53 78 68 19 19 58 66 11 4 9 56 11 21 56 93 27 37 74 22 54 19 90 30 38 95 61 54 73 19 55 82 59 69 49 57 3 36 27 22 73 6 74 32 43 17 40 47 76 75 68 27 52 95 65 58 63 51 40 24 18 41 77 80 48 94 40 25 20 18 29 75 37 99 71 36 81 57 27 93 66 37 92 36 7 32 32 38 62 4 11 76 18 61 97 27 53 86 86 43 58 83 74 68 82 58 6 31 25 43 97 74 54 61 63 34 91 29 39 79 36 2 1 38 81 77 90 99 28 69 28 69 74 11 61 70 10 95 99 18 65 3 46 63 94 32 32 37 91 8 45 92 44 56 41 62 70 10 66 32 68 75 22 59 9 81 5 83 75 55 68 68 89 27 59 44 79 24 37 93 8 21 80 30 6 86 80 61 99 71 12 69 57 1 7 32 79 85 46 68 8 48 86 7 78 95 75 20 70 2 12 87 1 54 67 81 26 63 84 62 41 57 18 63 19 85 0 77 21 92 96 59 18 6 22 5 79 92 36 72 93 20 38 21 37 46 73 19 21 59 7 83 71 72 76 1 38 76 70 48 39 57 86 47 9 83 26 37 49 72 83 41 36 21 14 56 58 53 8 57 66 73 78 89 87 42 39 24 92 98 1 66 89 26 98 45 
32 13 9 11 4 2 49 5 37 57 18 6 26 26 49 94 0 5 26 0 66 70 10 93 16 34 99 92 40 74 40 43 1 0 42 87 36 1 12 27 58 13 30 83 86 27 57 49 38 48 27 96 91 36 41 59 36 23 98 7 91 92 66 58 83 93 42 97 24 60 75 44 83 45 58 26 77 2 70 23 49 82 33 52 26 2 75 75 32 47 23 1 23 37 94 76 34 74 33 32 12 50 6 70 60 35 8 66 30 92 32 20 90 96 26 54 67 39 20 49 22 37 78 10 9 99 2 95 0 41 77 20 58 55 87 2 32 6 20 57 55 18 83 10 79 41 9 8 31 49 68 83 19 43 56 14 5 16 36 43 47 67 15 34 21 94 71 54 86 37 41 40 39 34 64 8 62 95 51 18 34 33 72 60 19 18 36 22 12 68 76 43 61 6 94 66 25 90 67 57 32 66 28 84 49 33 14 90 72 72 58 66 81 37 73 72 51 92 19 52 76 95 98 1 46 30 86 46 10 89 50 35 35 74 16 96 63 78 35 38 32 95 97 44 24 98 2 43 80 36 33 42 57 86 35 34 75 2 43 58 0 55 49 15 17 76 14 11 79 66 71 88 43 5 75 90 82 26 74 85 72 48 76 23 82 45 64 71 43 66 25 93 99 63 0 3 40 65 16 90 89 17 24 32 41 40 57 24 20 91 28 42 99 39 76 66 49 22 15 40 23 59 20 34 85 2 30 1 14 58 2 56 20 53 14 75 50 99 25 58 15 98 32 47 14 44 86 66 12 23 97 22 78 38 66 39 64 24 76 89 38 25 49 95 76 83 86 87 90 87 50 19 88 78 92 21 5 7 85 72 7 49 32 49 88 85 79 73 43 22 97 32 88 71 86 99 9 1 93 86 
89 26 27 27 27 52 60 64 7 26 37 7 43 68 31 91 60 11 93 25 44 11 63 67 11 24 97 80 79 14 82 56 90 19 2 23 67 40 71 99 77 6 12 86 86 52 55 98 84 56 17 31 48 23 68 5 90 64 75 41 68 7 39 84 89 75 38 19 67 30 57 90 34 52 50 91 42 39 86 44 53 29 62 38 20 16 35 59 30 37 49 62 17 13 13 53 88 2 7 68 75 54 11 86 81 75 93 55 52 59 67 73 12 7 20 50 33 19 96 85 92 17 32 38 17 87 91 12 48 43 81 23 44 68 4 15 10 45 10 76 10 33 57 33 45 95 54 64 28 26 63 7 34 72 52 92 55 13 50 2 93 43 65 10 53 6 25 15 41 52 77 87 53 70 98 53 20 53 70 76 51 76 15 8 45 0 15 72 14 60 69 47 86 0 89 69 14 3 81 5 24 92 15 87 8 68 8 97 62 29 6 40 60 83 16 48 84 74 86 75 61 9 27 29 13 75 87 89 80 31 31 81 51 43 90 18 78 36 14 4 12 70 38 65 90 82 92 58 67 20 3 63 78 87 58 84 71 26 38 46 2 12 41 75 53 81 35 81 48 68 85 3 97 61 1 15 7 38 49 70 48 4 53 12 82 38 82 56 89 74 88 86 69 87 17 64 9 78 7 16 79 39 53 26 28 54 29 96 91 37 56 67 23 99 55 66 77 7 36 48 51 4 59 99 88 25 33 50 58 11 62 33 24 77 26 55 16 1 88 14 77 16 93 98 88 74 65 13 4 30 66 65 80 94 12 65 34 37 0 1 90 46 28 65 58 26 93 75 80 73 63 36 31 41 38 87 58 36 87 83 74 36 87 11 16 6 81 10 28 61 63 83 50 75 44 82 63 61 59 36 
36 76 78 28 37 21 71 65 1 67 81 90 87 33 26 6 41 38 43 28 7 35 72 81 96 3 1 65 17 60 69 61 83 8 36 58 50 32 57 43 1 87 96 56 34 78 46 20 55 5 47 96 18 48 40 76 73 19 90 59 86 12 63 27 85 73 65 60 36 42 92 36 8 31 77 30 22 65 31 36 68 99 63 61 75 87 92 4 68 58 75 8 43 80 39 63 35 28 18 96 7 40 68 23 55 90 66 93 8 14 80 29 84 84 22 42 71 59 42 90 48 87 2 84 67 80 96 73 32 4 65 61 23 92 57 47 98 81 52 29 32 17 89 96 69 64 35 2 54 62 97 16 43 79 38 60 29 24 94 30 46 54 17 8 34 77 86 69 44 62 20 64 16 75 43 81 25 43 38 62 58 17 74 51 91 61 19 42 36 10 74 19 19 80 11 98 44 91 73 69 65 11 30 61 14 79 39 73 30 37 18 49 35 92 59 50 52 41 73 47 17 16 73 55 82 28 10 27 21 88 57 23 26 69 17 68 38 17 61 76 5 3 81 2 16 83 33 23 90 82 4 98 80 35 52 67 30 45 35 27 92 35 21 21 12 47 32 23 68 6 57 14 76 16 7 63 18 9 78 74 11 8 89 58 59 60 43 95 84 68 77 27 58 47 91 86 14 19 15 88 72 37 39 23 85 18 46 67 2 29 75 23 88 3 25 91 54 54 9 11 92 21 92 93 46 52 45 90 40 7 85 43 87 31 4 26 90 81 2 64 24 89 21 17 53 87 71 94 8 74 27 16 68 35 27 74 87 5 91 73 26 56 34 63 39 15 51 46 79 52 56 58 22 50 85 21 66 32 33 86 73 72 1 61 30 78 46 90 95 44 27 4 40 38 90 79 50 42 11 68 
58 8 44 4 18 40 58 55 69 45 82 94 32 15 52 1 38 51 5 71 94 7 85 47 62 44 96 20 19 5 40 41 52 2 20 12 91 73 90 42 29 94 46 41 88 57 28 52 14 72 82 29 67 35 35 57 94 94 46 76 87 2 79 57 51 34 17 9 19 74 80 47 11 97 24 6 86 38 37 3 19 93 89 25 84 10 92 41 75 20 58 16 46 35 78 89 14 41 7 99 96 70 21 44 72 29 33 76 76 6 12 54 4 17 6 61 30 25 50 26 71 32 49 25 31 98 49 86 36 97 41 12 42 52 2 10 74 82 23 40 64 60 77 31 39 19 41 65 78 76 89 71 4 14 77 59 41 24 82 98 51 72 23 83 25 20 37 29 9 80 54 25 75 79 68 96 74 85 1 39 33 74 12 59 61 39 44 92 9 20 61 47 11 38 65 83 36 29 86 4 26 36 98 3 17 66 45 64 86 48 23 8 90 63 41 39 32 53 38 47 79 61 29 31 90 27 87 11 92 93 80 74 15 85 74 40 7 79 38 90 83 68 3 12 25 8 0 9 61 0 72 39 67 16 1 33 29 22 48 49 74 40 86 43 42 1 72 65 54 34 80 12 43 29 19 78 63 96 37 72 26 63 45 55 88 65 6 70 80 29 54 4 50 78 13 69 94 23 98 54 11 71 6 71 46 84 64 20 40 51 31 97 60 50 29 37 77 78 98 45 70 67 45 67 78 92 37 92 76 98 7 33 4 60 6 6 55 11 41 32 19 81 60 88 84 27 6 65 15 86 98 16 68 54 76 54 28 85 37 89 46 94 56 1 30 79 45 40 17 71 61 3 77 11 2 45 42 95 27 9 78 18 61 16 16 63 31 15 65 49 24 72 42 43 24 9 20 10 62 90 
75 35 19 69 6 79 5 19 92 51 30 96 21 7 40 40 86 42 24 85 93 61 28 85 99 94 11 86 6 88 64 22 24 37 81 47 13 79 94 4 58 7 55 88 3 99 29 71 81 29 67 12 81 7 28 26 41 1 45 81 84 73 24 33 26 69 84 5 12 86 95 17 52 64 97 96 83 80 98 84 75 56 48 3 19 34 7 88 32 47 1 39 64 10 4 37 33 56 61 17 14 85 72 22 86 75 27 13 21 26 25 91 57 27 49 38 55 15 58 20 81 97 90 56 82 34 74 86 7 43 65 94 3 44 22 22 31 53 18 4 94 38 45 81 39 77 53 66 99 74 72 89 19 84 97 55 74 73 46 1 49 87 92 44 46 17 91 93 75 5 78 24 81 20 90 57 95 29 48 14 95 31 61 19 98 25 45 66 82 28 72 14 66 5 25 46 54 79 40 85 66 12 46 72 2 86 53 81 76 83 31 63 50 40 71 90 11 8 41 69 83 86 24 92 45 79 88 54 23 11 95 45 26 29 71 17 79 45 20 63 47 40 91 17 26 90 84 39 56 89 75 96 84 21 21 63 87 59 49 14 78 84 75 58 65 40 29 76 5 88 14 64 18 16 71 70 11 77 93 92 9 5 29 41 11 73 88 35 6 52 7 9 11 30 5 79 98 95 90 31 88 25 96 85 68 55 33 58 73 1 22 76 65 47 1 64 39 24 10 33 22 87 37 81 1 6 22 1 10 51 82 59 27 26 98 97 63 56 57 21 49 55 17 92 85 76 10 29 79 56 80 7 41 87 54 56 45 34 30 69 44 43 60 11 26 3 18 10 47 48 16 24 25 11 88 10 72 54 28 5 42 42 43 14 84 41 19 50 36 48 70 43 35 91 59 65 99 49 58 14 
53 43 11 53 10 56 72 8 17 21 70 36 38 39 62 46 67 47 79 62 36 51 3 84 8 37 94 96 65 88 8 12 84 2 46 66 63 37 89 82 17 20 35 78 12 99 94 38 48 78 47 7 4 21 89 93 25 71 87 9 78 67 97 88 60 92 86 13 19 51 11 26 44 50 72 38 19 33 86 89 54 94 75 6 15 86 38 73 27 5 50 53 52 81 35 5 55 3 93 68 95 82 11 17 60 10 84 24 46 73 23 95 56 66 35 23 74 88 87 78 59 89 8 70 6 21 1 54 23 75 7 76 14 38 30 56 11 50 49 8 68 92 99 20 15 87 5 11 30 68 2 20 43 33 11 64 21 19 32 27 77 40 20 67 19 60 36 54 96 80 60 89 80 65 57 59 64 78 62 98 46 3 76 44 17 61 22 85 34 31 56 41 39 22 2 90 94 63 9 5 72 0 60 20 43 67 54 23 34 29 98 7 49 45 90 61 87 29 78 32 95 98 19 81 24 94 53 16 33 60 34 5 40 10 52 5 35 28 38 18 36 36 76 75 77 15 10 98 96 97 78 46 62 4 95 90 99 53 69 84 69 38 26 50 48 63 6 99 15 78 67 82 42 79 26 10 35 85 63 35 90 59 76 65 68 4 10 29 91 42 49 40 17 37 6 1 95 69 54 83 58 10 51 76 28 5 61 49 56 20 38 13 80 11 91 91 75 17 96 4 34 11 33 38 41 32 20 75 2 60 17 29 29 53 76 64 11 19 56 0 18 99 61 21 86 32 54 87 30 92 79 18 18 97 98 14 80 2 44 86 5 68 78 37 0 21 82 56 10 16 35 97 13 4 1 17 85 40 1 38 97 38 91 37 34 14 7 72 21 6 98 41 77 33 43 52 98 73 92 58 
55 72 53 92 31 36 73 74 50 96 26 14 68 56 37 10 68 34 77 74 11 29 14 76 31 67 95 65 4 54 53 21 77 66 78 56 51 69 4 83 1 83 19 77 46 91 80 80 90 72 86 62 1 11 41 74 28 19 23 8 90 74 46 35 12 88 7 14 65 96 20 26 62 13 39 3 2 39 16 29 70 72 43 71 0 33 13 51 62 22 37 32 76 49 57 18 91 97 15 16 87 48 83 13 63 81 89 59 67 3 2 80 75 69 1 73 81 46 57 98 81 49 52 8 45 7 39 32 63 55 58 11 72 64 15 19 43 82 95 43 83 63 6 23 18 88 83 24 97 95 1 11 23 89 3 7 84 26 26 69 77 69 66 7 28 39 2 50 6 61 89 23 96 85 62 35 95 77 34 82 41 15 26 26 89 59 29 43 3 48 98 91 51 79 94 56 42 68 76 78 75 32 61 8 73 51 57 13 39 5 52 34 22 64 4 64 91 43 96 43 39 94 94 90 44 39 45 61 22 44 70 94 40 53 12 67 94 34 60 82 15 34 69 7 77 35 42 14 84 72 86 63 36 88 23 18 85 62 77 80 29 14 88 57 76 11 1 92 46 86 27 52 14 53 99 55 78 85 28 68 44 59 39 52 28 80 26 72 99 92 69 21 73 64 5 63 0 71 77 53 24 82 85 17 14 39 23 87 61 37 65 83 67 19 11 13 93 31 60 95 95 69 91 83 9 25 3 31 50 85 81 9 93 11 43 40 96 29 23 62 42 81 43 46 94 23 28 74 77 77 36 46 27 48 77 65 72 60 12 27 23 36 45 0 96 81 32 18 98 67 16 37 90 61 27 39 17 33 81 1 71 52 48 4 43 27 74 20 91 35 1 39 49 97 24 12 32 56 72 66 
25 51 18 0 21 49 37 53 36 50 13 19 6 34 59 29 9 64 38 51 1 59 63 89 49 37 7 13 57 61 55 67 30 22 29 71 9 6 68 70 20 60 7 80 8 77 73 40 6 17 98 63 40 49 46 90 44 73 56 48 6 0 91 79 20 8 81 85 12 98 0 57 13 35 72 55 58 72 55 76 63 28 58 81 23 25 79 50 4 20 83 83 32 27 66 9 7 31 71 53 50 32 35 78 54 4 76 80 96 67 11 90 52 58 80 56 58 12 40 64 15 42 83 23 55 56 63 37 25 47 26 26 27 18 62 4 41 34 49 1 8 16 18 41 71 54 46 85 55 99 66 9 96 99 39 94 46 40 79 13 61 26 84 96 80 22 77 66 36 32 57 21 98 64 3 58 49 22 68 94 4 22 56 70 7 80 56 39 79 95 99 96 22 45 1 53 19 71 45 2 54 53 79 95 34 17 81 13 81 69 15 34 28 51 36 8 50 79 76 77 3 43 32 83 17 1 27 46 31 67 27 39 54 8 36 81 33 37 44 93 35 41 2 29 54 34 2 59 33 84 74 47 82 26 44 14 27 21 83 64 31 52 63 11 57 35 29 57 43 49 85 51 89 21 34 28 54 63 60 61 25 89 28 42 19 10 78 60 2 24 41 91 13 91 12 71 2 83 22 17 48 58 4 88 78 73 74 9 55 13 88 47 29 78 95 48 66 53 64 76 21 99 21 50 4 93 18 83 63 55 24 31 75 49 45 43 21 99 66 76 64 54 68 11 56 24 24 25 51 11 33 7 5 73 70 34 82 52 26 87 9 70 38 44 14 40 81 40 86 73 94 15 3 12 59 85 30 35 32 60 88 58 57 5 85 98 54 78 22 29 1 22 8 90 21 53 77 37 8 86 
18 20 3 85 24 65 16 55 86 20 29 49 5 3 54 88 27 44 80 87 2 65 28 21 86 33 41 9 72 33 56 44 67 93 59 25 6 85 23 49 17 87 93 38 29 45 69 5 58 17 91 28 55 65 36 94 14 66 49 80 50 90 92 92 58 40 91 96 58 7 54 96 44 18 71 82 53 22 91 79 56 46 58 72 51 23 89 91 75 54 87 74 75 46 22 44 80 42 9 38 99 58 28 43 34 69 3 50 6 37 66 71 74 5 60 44 93 7 99 63 14 91 10 45 80 50 82 35 75 34 19 88 68 1 38 53 67 55 9 33 88 53 57 78 60 13 28 97 66 55 59 28 47 18 29 5 54 71 2 94 57 82 40 42 30 72 27 60 81 56 70 90 37 86 25 92 96 92 59 47 75 27 83 19 22 29 35 37 55 61 47 16 98 89 62 57 51 59 49 76 74 99 88 33 8 63 53 97 88 68 66 88 9 67 57 38 74 70 18 92 36 39 73 60 73 76 79 37 96 28 20 83 83 27 68 22 47 37 31 62 98 42 54 91 90 31 10 37 32 72 28 5 1 6 32 8 59 1 80 85 41 34 33 35 64 24 13 1 27 28 89 50 91 46 90 69 37 47 96 43 39 25 87 10 7 12 5 83 60 20 29 3 92 79 65 25 67 68 60 99 39 34 31 83 7 87 30 60 0 41 85 55 19 40 16 42 50 94 80 1 42 35 39 43 55 76 97 24 13 66 12 93 50 73 29 23 47 42 65 63 76 66 0 93 7 5 25 80 2 92 99 5 24 93 94 21 78 40 90 30 76 93 16 64 84 31 48 28 58 1 16 44 62 55 3 16 17 61 26 35 43 71 24 18 71 58 13 52 4 70 70 68 48 93 52 37 42 48 29 97 
65 54 89 31 85 70 53 71 4 40 16 30 54 22 48 51 51 34 55 59 2 67 30 85 9 67 90 53 77 7 44 7 43 85 17 93 63 73 65 42 83 17 19 58 3 98 83 55 64 49 84 85 20 71 51 23 27 33 84 34 90 96 28 71 30 46 91 69 33 85 22 51 84 1 2 7 27 55 27 6 28 38 70 45 12 54 82 4 23 80 33 24 59 58 86 25 4 30 20 73 37 67 10 79 45 57 86 60 74 94 3 31 29 2 25 49 78 79 1 93 99 65 87 71 10 41 78 26 50 1 66 53 15 23 90 1 96 73 5 79 27 2 76 73 15 48 96 25 53 20 94 79 55 24 80 87 32 39 35 61 88 33 56 13 21 52 57 32 72 93 92 95 36 13 10 93 68 96 33 69 31 62 66 10 90 56 34 69 68 59 47 37 98 37 84 23 8 34 32 93 29 29 7 43 63 47 72 12 30 68 94 65 64 29 41 40 58 31 11 37 13 64 2 33 60 88 17 73 84 96 64 25 38 64 71 51 85 42 79 89 26 27 82 52 30 76 46 95 96 6 62 41 84 40 69 23 75 8 46 81 92 47 86 42 55 0 39 16 14 4 63 31 25 49 57 36 43 72 64 38 82 86 27 13 42 75 75 60 30 53 4 86 29 85 68 54 79 96 53 1 74 36 2 2 38 73 49 9 36 98 38 81 73 68 91 73 37 48 14 96 13 67 18 45 23 20 53 31 22 67 33 99 34 45 57 17 50 23 60 2 39 43 18 91 63 81 64 49 51 20 3 33 97 75 48 89 24 42 37 13 28 95 64 29 76 75 97 41 93 81 23 80 51 78 67 39 24 52 56 45 88 13 54 98 77 46 46 81 50 65 12 73 68 29 3 64 83 16 38 32 
36 66 86 49 2 59 92 26 80 60 23 96 35 21 23 52 11 65 13 85 20 24 80 57 61 35 98 48 39 26 36 34 65 87 66 14 31 25 89 0 71 70 47 23 55 58 29 82 95 60 18 21 35 8 9 51 89 80 58 62 5 30 62 2 60 67 47 8 47 59 49 36 48 64 92 55 86 63 10 59 66 56 11 68 63 61 54 13 10 49 98 34 1 62 81 66 93 33 22 40 80 98 59 2 45 79 68 44 37 74 39 47 45 3 2 77 9 22 91 97 45 60 2 40 3 73 83 24 12 60 89 69 86 97 32 47 12 39 81 0 30 84 59 41 80 33 10 53 40 69 31 23 40 30 67 51 97 17 70 55 38 42 22 30 98 48 95 66 84 45 21 18 54 93 53 64 83 74 95 90 73 25 67 1 63 41 11 61 20 5 14 94 87 86 78 82 40 96 72 30 98 30 4 98 2 23 75 32 14 20 2 53 27 72 53 65 55 78 84 92 44 57 1 71 0 28 36 24 17 17 25 54 99 95 74 14 36 61 44 99 67 57 55 87 37 72 41 54 28 92 22 51 3 36 36 60 34 94 86 26 83 13 66 43 93 55 56 85 9 89 20 32 54 94 21 31 9 19 88 16 94 54 53 92 35 10 62 8 66 15 23 40 54 1 81 94 66 2 26 24 48 42 78 3 87 54 42 87 63 5 86 9 93 62 0 97 66 36 60 35 37 65 55 79 97 41 37 55 81 1 52 84 2 9 57 42 28 44 11 86 18 91 26 25 13 17 62 42 6 89 86 57 73 72 28 0 42 43 19 62 75 42 70 68 72 29 24 56 43 84 72 1 81 26 86 71 64 83 19 52 58 96 5 53 29 36 31 64 19 43 38 99 33 76 26 97 74 42 67 65 
71 47 40 23 26 91 31 13 20 90 2 80 20 77 7 85 31 88 19 24 80 24 71 52 40 96 45 39 35 61 61 1 8 43 71 76 72 43 95 47 64 54 19 59 97 58 61 93 81 60 93 97 30 94 13 73 54 26 42 3 47 57 47 84 46 93 78 91 2 66 74 85 86 77 80 15 81 65 26 63 74 48 29 84 22 74 66 61 16 43 73 78 37 19 32 80 48 73 7 78 98 53 2 95 94 60 81 34 83 29 85 96 19 60 99 40 32 60 76 75 5 11 74 46 51 59 51 31 28 81 26 34 31 80 43 76 54 38 4 6 32 3 16 87 43 89 77 34 76 39 84 8 9 60 57 30 1 65 16 37 69 56 54 98 44 23 25 75 98 33 64 59 44 81 1 3 76 82 56 19 56 63 73 80 89 28 31 85 40 21 28 85 37 60 87 97 75 22 79 13 23 5 14 23 42 58 5 45 60 22 14 62 31 35 53 30 69 86 43 71 24 47 96 59 68 65 55 78 43 81 86 26 41 9 84 53 80 30 1 67 88 30 2 83 8 33 47 31 93 11 19 97 20 15 25 57 40 60 5 72 28 97 65 12 28 31 20 89 31 42 66 65 10 88 52 70 42 90 50 19 68 99 41 4 63 11 0 55 11 71 4 53 41 52 96 34 4 85 97 1 84 97 29 31 22 40 88 39 21 98 14 98 65 44 84 67 88 37 12 91 13 68 10 72 66 70 85 4 56 5 32 49 93 59 28 91 76 12 74 47 16 24 51 95 55 15 12 85 71 71 47 15 95 30 47 0 22 19 7 58 2 45 35 52 77 17 72 20 3 41 0 96 62 70 45 58 53 82 26 76 43 67 13 17 52 86 38 18 10 12 78 6 75 99 48 90 24 1 19 10 
46 79 38 43 61 6 56 90 0 20 34 4 30 80 63 14 29 27 63 27 85 9 57 37 12 81 55 7 18 77 29 31 36 19 10 25 79 1 11 67 16 25 62 58 37 84 11 90 45 39 87 7 11 39 86 98 19 12 16 95 68 43 28 61 24 65 96 4 76 73 39 49 28 11 67 74 40 2 72 32 63 89 68 72 85 9 3 39 65 6 23 97 82 46 1 66 39 30 33 53 46 80 51 65 72 64 18 66 19 25 42 55 55 64 43 62 39 82 49 86 30 29 44 67 76 31 50 88 74 40 39 12 83 37 1 90 3 41 59 25 76 12 27 2 62 20 20 16 58 9 91 79 77 70 14 72 27 32 99 97 15 62 80 57 4 59 97 44 53 21 50 16 59 11 16 86 59 72 57 34 20 26 73 22 85 61 44 64 0 13 46 48 34 67 30 18 89 17 38 18 64 16 19 92 4 81 34 74 30 60 2 7 17 34 96 38 63 73 13 18 31 24 34 73 39 35 90 23 0 17 91 72 78 0 47 40 38 52 1 44 30 32 11 0 50 70 73 19 27 85 61 30 13 4 25 54 68 91 42 86 19 9 38 21 94 14 58 37 46 27 87 77 9 25 34 42 24 35 15 5 90 63 25 55 36 81 4 44 84 86 1 71 31 97 6 80 42 48 20 33 36 21 85 20 23 21 87 53 96 3 40 10 81 67 4 76 2 61 2 95 59 97 57 23 20 10 54 90 15 15 34 96 16 2 5 53 82 83 79 50 65 1 61 68 71 36 8 62 26 31 37 13 52 38 35 52 23 23 74 55 12 27 97 87 44 21 12 9 59 47 42 42 63 22 0 88 40 3 89 92 36 0 43 52 15 21 45 17 98 63 55 7 89 82 79 96 89 7 56 95 
51 42 45 94 26 78 35 36 39 37 63 41 39 38 68 60 10 27 39 32 61 50 78 50 42 80 64 23 77 29 17 41 45 78 39 84 98 29 66 8 87 84 49 39 72 88 47 5 1 80 39 83 51 8 31 36 73 6 46 55 9 21 28 67 15 6 82 25 2 8 83 57 95 14 28 45 66 78 26 24 76 11 19 57 8 88 80 20 77 75 26 13 58 5 35 6 71 86 28 69 15 94 58 89 89 36 96 12 21 10 42 8 23 70 60 79 2 19 61 0 19 58 63 28 9 1 56 88 56 80 31 11 47 72 78 16 77 20 62 45 30 88 17 69 10 76 84 12 8 23 47 47 32 25 47 32 15 87 3 57 58 36 64 7 8 62 98 20 59 0 57 55 70 87 78 42 20 18 62 8 23 14 21 12 22 28 45 51 97 48 73 23 25 42 41 37 40 38 22 46 25 85 51 59 31 42 89 87 71 65 76 75 1 68 2 66 53 76 15 34 14 3 68 34 24 75 7 76 24 39 42 94 30 77 74 92 40 69 28 61 16 33 95 34 31 20 99 67 70 25 64 85 85 53 36 80 77 73 44 10 15 18 19 65 77 72 43 73 73 6 52 31 6 73 26 41 2 54 63 34 86 87 34 68 21 42 67 7 72 33 74 54 61 78 76 78 14 80 89 25 71 21 8 18 83 62 19 63 32 36 64 92 90 70 39 48 60 40 8 57 5 75 15 60 13 45 6 30 19 37 40 96 14 73 89 78 65 37 75 97 53 36 25 23 16 41 50 74 16 49 85 24 86 88 58 18 5 2 40 90 34 67 97 24 43 68 65 14 57 28 46 59 80 31 65 75 50 29 27 53 43 99 53 16 66 10 45 59 18 42 8 19 45 89 11 74 86 0 8 94 
63 6 30 76 12 21 44 45 51 11 96 21 26 41 90 12 82 23 76 54 20 59 32 27 32 77 88 6 4 41 53 9 54 39 47 72 25 23 92 35 90 90 60 93 9 37 5 49 26 82 66 21 1 21 88 58 64 42 23 88 36 92 44 14 25 22 69 57 93 64 57 2 90 11 50 41 77 87 50 59 48 98 42 76 16 9 72 89 60 7 43 69 42 36 76 69 88 19 16 7 80 35 10 48 22 99 2 2 34 3 42 78 31 67 57 23 18 15 2 96 33 69 3 53 48 11 87 60 5 40 53 63 63 31 53 64 99 59 81 68 76 51 99 84 53 77 17 26 67 62 98 89 2 62 95 35 13 51 83 92 42 70 72 86 85 79 48 6 46 65 10 13 31 55 54 82 72 5 41 24 40 1 69 40 66 90 99 33 7 78 55 38 29 14 53 8 24 53 8 28 44 22 90 28 90 74 63 70 26 95 33 36 60 1 36 4 4 46 71 61 6 56 28 42 73 59 97 37 4 12 68 3 56 31 94 36 60 77 29 49 69 28 51 33 73 82 69 43 13 66 77 88 73 59 2 28 86 74 5 10 61 32 76 82 57 71 24 12 3 30 70 53 82 26 37 69 8 30 85 98 88 92 76 33 74 18 60 17 99 31 29 46 53 42 25 43 64 89 63 48 37 59 12 8 95 11 28 2 48 25 27 54 92 3 99 39 71 41 84 90 82 48 46 49 52 34 84 10 8 26 28 12 14 68 61 28 25 54 86 28 36 69 49 89 24 33 25 72 86 85 37 55 74 31 75 57 8 52 44 60 55 74 40 40 42 70 35 79 18 67 15 24 94 88 27 89 62 2 83 85 45 68 30 72 25 59 89 93 98 85 39 41 38 20 23 9 28 28 80 33 
51 44 20 8 83 45 24 54 28 72 84 16 32 42 76 38 76 39 18 36 19 88 60 89 70 64 90 57 5 33 33 90 20 52 23 41 54 16 40 97 76 49 11 31 65 6 33 77 64 78 63 50 3 48 70 5 73 24 29 2 52 41 76 20 60 58 32 25 96 62 60 84 63 83 24 12 95 36 70 43 94 19 14 16 50 99 54 37 27 68 97 69 34 84 43 43 81 85 99 17 48 69 16 53 23 28 0 8 24 48 23 27 16 71 91 24 51 34 60 33 45 99 5 99 13 69 75 43 94 24 21 47 91 14 65 35 85 90 65 73 59 45 6 35 19 78 5 46 56 76 5 24 31 63 47 4 88 18 79 58 12 29 38 38 34 64 7 82 38 97 97 47 1 63 32 16 85 39 21 86 87 30 85 51 80 73 67 89 34 55 36 10 92 32 84 71 79 27 55 28 11 25 72 84 61 63 83 17 5 53 4 19 7 58 69 11 32 73 26 32 74 36 12 62 9 95 40 56 51 17 70 83 51 96 82 47 98 76 96 28 17 14 44 52 47 47 8 84 56 73 0 94 20 82 14 39 9 31 43 51 92 57 94 20 61 68 99 80 19 96 75 10 79 31 7 22 89 81 0 68 40 55 62 87 16 76 10 90 56 11 60 34 71 82 54 89 81 45 76 86 55 9 62 5 36 84 4 44 28 82 48 79 16 78 7 26 34 73 36 8 23 31 23 2 1 66 51 53 75 10 28 48 23 59 7 29 89 88 15 81 37 29 27 43 63 32 3 42 75 59 79 54 40 94 30 14 30 39 74 7 28 86 85 55 16 7 51 5 7 50 90 59 37 81 98 89 52 78 15 75 68 95 24 24 0 72 42 91 85 29 15 12 98 73 20 97 80 16 83 96 
21 51 83 35 39 94 1 22 66 2 21 76 63 7 73 34 74 79 60 84 78 30 36 66 82 16 89 70 25 69 32 92 74 31 13 31 15 48 36 92 79 36 58 21 0 25 98 96 30 97 58 95 12 56 82 97 39 71 83 67 56 85 27 89 46 22 98 62 86 55 61 44 66 85 60 93 27 89 66 31 36 99 45 79 76 91 64 60 64 39 56 48 38 45 83 32 40 74 60 64 20 95 56 80 37 28 2 8 97 77 89 23 48 10 64 74 2 34 48 43 3 79 6 42 90 43 82 31 37 64 39 34 20 2 58 20 84 67 30 69 13 66 30 51 5 0 83 85 83 94 16 5 32 41 14 53 48 88 41 2 83 42 55 56 76 38 12 43 56 64 69 99 27 99 86 44 92 70 9 62 92 32 65 72 1 63 12 24 73 5 1 28 95 30 20 99 72 97 2 7 74 30 20 99 79 61 60 54 71 75 87 77 49 28 69 44 18 50 57 41 67 95 78 67 10 79 58 79 34 83 40 3 53 79 98 64 88 57 58 1 83 48 86 60 48 47 64 12 96 78 78 92 41 28 91 28 55 32 10 79 90 2 31 57 6 50 92 84 89 96 17 41 40 40 57 30 8 45 67 40 57 15 57 64 7 86 35 80 19 88 87 20 83 29 45 65 88 73 45 10 89 12 91 18 36 33 71 8 29 12 40 12 55 25 85 67 66 87 32 89 42 58 63 20 29 27 10 44 64 54 29 71 50 37 65 83 45 98 51 24 1 9 66 69 54 74 17 60 68 60 31 98 80 7 13 36 98 74 54 56 85 11 85 82 91 5 15 2 34 38 40 42 22 21 46 27 97 7 80 65 43 32 52 62 34 25 50 53 56 73 28 28 62 19 76 2 44 89 78 61 
36 65 16 32 18 46 18 99 96 17 68 81 0 72 8 46 95 67 2 76 17 62 78 54 2 11 38 41 96 74 28 98 47 62 48 47 61 6 89 26 52 60 35 74 49 74 62 39 79 85 78 6 6 98 62 4 58 58 49 83 19 17 70 95 57 42 84 84 86 31 64 3 36 31 77 3 59 32 59 58 11 3 93 69 89 9 27 49 65 95 2 44 64 68 66 65 61 36 78 49 42 20 25 37 5 7 5 73 68 67 12 18 90 44 26 63 18 50 4 82 35 76 39 97 92 70 61 93 59 49 1 5 82 2 86 54 6 1 17 48 36 7 75 2 5 96 75 37 18 9 10 64 81 32 57 18 84 69 46 6 63 16 14 22 98 55 42 9 58 28 50 17 96 21 41 37 27 0 73 1 20 18 82 9 21 42 34 71 38 65 76 28 57 20 8 86 8 43 44 78 63 44 18 76 7 62 38 30 47 75 17 81 51 94 17 12 80 50 75 31 71 1 97 30 68 71 9 73 29 15 8 62 10 90 77 45 12 87 35 93 45 48 47 55 86 44 0 5 69 79 24 15 81 32 41 12 91 63 73 12 53 97 15 69 77 94 6 34 94 55 59 72 57 84 26 77 27 8 3 62 7 49 95 94 58 75 97 1 94 17 25 34 29 30 44 11 42 16 15 6 32 48 32 18 48 49 51 61 94 65 28 38 41 94 71 32 43 45 0 27 25 50 48 16 36 27 29 52 43 50 79 62 77 62 4 37 41 88 41 70 60 41 96 60 19 53 98 87 90 97 68 28 17 32 50 74 78 22 24 54 41 43 82 23 64 22 80 6 51 78 40 8 66 88 4 59 69 15 56 12 83 10 46 2 47 46 0 76 52 70 77 83 81 0 59 83 73 45 88 55 
47 31 55 65 50 32 67 40 13 65 86 59 23 15 6 96 37 36 9 43 12 71 54 52 94 4 38 90 55 84 57 11 1 80 94 82 3 81 45 6 11 34 5 15 12 55 20 64 3 65 31 89 69 78 17 97 77 3 17 38 71 30 35 28 56 48 95 69 29 32 85 58 93 64 68 13 81 86 27 54 52 38 70 32 51 10 34 45 25 53 31 38 31 90 94 16 96 81 64 66 17 96 63 53 31 84 92 72 28 4 52 84 47 53 87 35 89 63 10 53 23 61 60 54 29 60 2 80 21 43 42 35 43 89 75 15 44 69 76 22 79 55 38 90 18 71 33 68 23 65 70 47 20 19 85 56 22 10 41 13 34 10 87 40 27 8 22 87 49 73 49 27 3 49 52 99 21 31 33 81 74 98 59 28 53 28 98 58 93 93 2 23 49 37 29 59 64 51 17 91 80 17 73 97 4 6 73 32 14 93 37 14 55 51 23 65 76 6 57 19 6 50 55 79 42 25 53 44 92 24 86 73 68 51 71 49 4 78 54 42 71 22 47 77 50 77 33 25 92 69 11 45 95 17 83 97 61 61 91 45 84 12 27 17 5 19 34 58 72 54 32 38 65 21 20 35 74 61 20 96 88 81 85 97 60 70 90 76 62 61 47 85 11 58 2 46 11 78 1 42 15 31 9 60 77 50 83 23 39 77 6 60 37 60 22 7 9 12 17 91 16 34 5 44 4 56 83 86 93 33 41 20 88 6 6 90 29 41 56 73 23 79 18 21 18 58 81 11 32 78 72 59 49 93 21 59 19 48 16 81 8 42 66 27 90 71 11 82 9 43 72 32 51 34 52 79 72 52 35 57 90 24 61 72 5 71 36 66 27 19 43 80 13 63 54 82 88 70 36 96 
7 63 69 6 21 45 30 21 70 55 36 96 19 34 10 36 82 19 1 70 16 81 44 71 9 57 71 19 31 61 90 15 76 61 39 92 72 41 19 63 26 93 58 61 83 88 58 13 60 7 70 65 54 16 81 57 51 85 76 61 15 26 74 17 74 84 43 51 74 17 75 64 53 1 5 72 2 99 48 18 71 70 2 81 59 32 77 12 18 52 60 79 78 9 9 26 70 92 84 21 36 38 27 70 76 78 9 52 5 46 96 68 29 60 39 61 52 21 83 17 89 83 22 55 88 55 4 52 69 50 3 53 29 43 55 46 84 47 84 54 23 66 67 81 10 65 15 69 69 49 58 87 32 17 51 85 84 53 71 65 28 16 92 22 70 96 77 13 26 95 70 78 95 68 96 51 14 71 15 70 14 74 74 93 98 44 63 71 79 14 30 61 3 40 27 63 43 74 78 37 11 16 12 0 17 47 28 85 39 19 51 21 47 55 89 39 84 40 89 62 18 94 58 12 48 54 36 72 64 11 2 15 9 95 74 67 75 34 24 8 60 26 82 68 32 99 92 78 12 89 91 95 54 10 69 30 73 79 48 75 84 48 44 56 81 42 73 86 67 43 38 25 96 43 20 6 99 23 9 21 76 78 26 85 34 80 1 94 51 54 26 79 75 36 87 0 29 35 67 98 79 81 83 49 68 18 92 34 38 48 70 80 48 6 25 22 35 45 97 39 77 35 41 99 46 4 70 44 91 32 17 93 53 62 83 23 84 24 10 44 48 0 9 17 22 37 23 80 79 93 61 46 98 37 98 68 12 25 65 33 25 84 57 9 27 36 63 88 56 51 45 55 97 74 36 18 32 73 29 12 73 67 59 78 73 66 11 32 76 81 81 68 54 40 60 69 7 75 42 44 
70 94 35 35 85 78 22 1 48 94 5 61 29 7 90 99 93 25 1 36 33 47 14 92 6 70 55 70 3 29 47 87 84 72 65 47 31 41 78 73 7 51 0 46 62 14 63 25 3 1 75 15 11 60 91 5 25 65 23 8 75 26 18 68 36 11 39 48 10 99 69 74 43 58 83 87 8 18 19 44 88 23 6 35 18 3 15 46 19 54 62 83 28 74 49 65 64 99 55 89 96 27 36 45 65 87 75 50 52 8 72 37 60 68 62 79 2 44 92 37 47 89 83 8 84 78 70 42 18 74 89 43 37 37 78 47 72 48 6 60 4 26 56 91 73 89 13 80 59 69 50 8 76 20 14 87 85 50 51 52 96 79 79 75 96 82 30 29 89 63 92 82 59 17 57 81 11 52 32 37 34 22 55 69 98 45 97 88 39 88 40 79 75 86 15 0 80 62 90 55 84 77 91 93 54 98 9 8 61 50 10 81 12 3 63 5 93 12 83 98 16 17 77 19 40 44 7 1 57 96 46 46 26 8 95 21 34 66 9 96 69 33 88 94 14 53 49 38 66 56 22 24 90 56 13 51 70 89 84 11 21 9 54 15 32 28 74 12 20 61 15 93 0 11 1 56 30 24 51 35 70 19 42 6 7 33 71 17 54 27 85 62 60 45 88 60 42 2 90 80 84 61 37 14 96 65 50 89 53 4 11 18 60 67 43 8 30 53 52 27 74 19 44 46 77 30 43 51 27 6 93 33 46 57 79 49 23 33 60 59 65 76 25 57 70 96 72 67 6 77 58 71 70 56 35 21 51 84 7 20 12 73 9 42 43 95 44 68 14 75 91 52 95 24 88 76 10 80 86 91 21 56 26 2 62 92 55 82 88 54 99 41 94 38 64 15 19 30 34 66 
57 79 75 53 55 17 22 52 90 84 89 38 5 33 78 74 88 15 24 62 28 25 11 39 37 15 32 35 92 88 27 12 21 97 52 54 76 34 64 15 33 8 86 41 58 28 69 12 13 29 60 48 41 45 17 62 50 48 26 86 17 86 60 77 84 57 53 0 71 48 31 86 81 5 43 82 90 46 81 87 41 5 84 0 40 47 98 67 38 81 82 49 19 49 28 12 12 35 83 77 26 56 54 74 45 76 11 2 49 23 20 61 91 21 40 3 52 55 57 58 72 78 3 40 12 25 64 6 0 55 1 46 24 42 40 60 44 79 17 16 21 80 80 45 89 67 48 52 54 93 59 67 47 87 80 22 23 6 62 22 9 64 91 16 58 79 16 68 82 46 9 0 20 76 55 20 34 87 0 73 11 53 8 20 73 61 45 37 31 41 93 97 91 47 91 60 24 69 81 86 72 78 2 76 10 4 96 61 58 34 3 35 84 95 76 47 37 14 87 92 53 54 75 24 89 60 79 88 27 69 34 18 6 90 75 27 69 67 71 69 36 80 42 84 31 9 67 18 48 16 95 59 59 14 93 35 46 43 27 23 45 37 66 91 61 7 57 4 46 72 47 6 64 79 7 92 50 62 72 14 56 18 21 48 45 76 80 79 45 13 17 9 84 24 20 54 53 36 70 44 6 34 7 95 30 89 43 81 35 88 57 11 1 42 78 27 82 31 95 13 12 60 2 47 47 38 46 52 28 10 93 44 75 99 72 47 31 63 63 89 59 80 19 37 95 81 25 61 65 43 14 64 58 99 87 24 44 37 51 94 44 55 97 41 33 17 30 94 22 60 54 32 12 83 82 68 30 92 72 35 95 54 53 43 45 68 11 78 62 58 29 72 46 35 60 32 27 19 83 75 
9 38 22 65 84 94 70 3 65 36 61 88 22 95 53 70 96 29 59 3 63 76 81 5 95 15 98 99 14 49 45 16 73 6 9 17 12 34 79 11 86 9 23 86 32 63 20 10 5 80 48 63 11 89 96 54 18 75 83 79 85 36 86 28 59 14 46 21 68 10 59 0 65 21 81 77 0 40 28 23 22 51 7 29 19 55 75 33 17 47 76 13 34 22 50 97 6 90 25 33 65 81 90 11 8 86 65 61 64 12 98 40 55 1 45 33 27 74 9 0 88 96 76 93 87 16 44 57 69 20 83 87 84 13 31 72 58 35 29 68 93 15 54 6 3 17 82 29 15 49 0 72 51 36 67 83 70 6 43 81 10 38 10 27 10 63 60 91 75 77 1 57 20 5 22 54 24 14 9 24 64 31 29 92 49 61 81 53 39 37 24 45 58 29 53 18 45 56 72 4 96 80 5 30 75 36 8 0 0 27 87 37 58 35 86 97 54 37 3 48 5 64 85 41 50 33 18 76 25 97 14 72 61 28 80 55 41 88 8 99 51 75 70 74 37 51 23 98 48 74 94 49 57 59 96 50 95 73 43 72 75 8 4 89 81 46 77 64 83 10 70 88 36 23 5 96 86 85 6 71 89 8 52 44 3 61 48 76 74 84 52 2 44 57 0 49 29 9 46 21 31 74 84 78 54 55 28 97 37 89 35 51 45 6 90 12 74 98 99 65 92 22 77 30 48 54 53 48 28 47 38 44 87 58 51 97 20 38 59 20 19 52 65 86 39 45 60 42 19 7 53 50 4 29 32 3 4 28 94 11 36 87 86 31 20 10 56 22 34 23 40 72 62 50 99 16 7 96 38 11 11 14 18 63 87 27 96 90 22 55 55 81 96 83 90 72 17 74 93 90 
25 48 9 79 4 71 35 52 24 53 95 25 21 99 28 92 9 61 91 33 92 33 9 58 31 63 3 6 88 30 77 98 80 22 60 8 6 16 75 20 29 52 73 56 56 92 3 74 72 95 98 20 93 74 55 9 30 96 44 25 58 81 86 4 86 73 13 64 10 85 18 15 74 44 8 42 52 90 85 89 63 6 84 42 97 68 12 57 19 32 42 59 0 46 73 79 91 91 9 4 97 59 6 76 43 70 97 77 94 24 57 69 70 84 62 89 10 63 4 17 59 38 61 90 5 2 30 41 58 37 87 33 12 31 62 14 38 33 48 48 16 70 45 21 47 22 82 72 60 48 64 26 14 90 0 73 16 67 92 21 93 67 66 60 66 53 35 39 27 61 95 9 51 5 9 81 61 74 77 90 46 15 13 49 31 5 17 44 72 30 83 32 19 65 52 43 50 65 73 81 35 19 75 5 93 89 30 50 1 68 49 29 69 87 62 98 99 79 23 31 25 84 11 24 74 58 24 34 18 55 70 45 12 35 5 32 77 55 63 40 56 37 0 7 11 78 59 39 25 48 50 38 88 81 19 15 30 39 23 63 65 14 45 4 92 84 3 17 48 62 29 64 47 44 92 28 19 99 77 16 9 41 42 5 53 94 54 68 5 2 89 43 18 32 8 7 84 46 16 91 59 73 71 8 64 94 98 50 59 85 7 33 58 52 27 99 8 73 9 2 36 50 64 72 37 64 80 37 24 72 69 31 83 68 90 61 0 14 91 13 24 15 54 46 48 52 2 67 67 52 93 96 85 12 23 46 89 81 81 89 32 23 72 62 34 12 65 71 71 90 43 1 27 63 50 57 83 70 85 21 68 53 63 33 13 6 77 38 19 23 36 28 52 99 55 64 14 33 82 97 
21 63 14 51 65 18 45 5 12 37 4 99 72 60 27 56 13 59 20 46 11 60 85 83 5 47 70 73 3 32 24 14 4 36 59 79 61 96 18 29 99 19 30 88 3 24 87 39 21 8 82 34 2 99 91 74 64 57 39 69 34 66 11 80 98 42 42 66 7 68 26 87 94 15 60 27 2 31 57 97 6 5 77 59 48 54 91 34 90 45 87 91 34 28 33 26 0 42 44 95 6 67 62 97 66 87 77 30 41 7 42 96 2 78 93 53 11 98 0 20 84 55 91 97 9 71 29 50 43 33 99 6 90 76 68 49 20 44 78 50 84 76 28 55 65 99 2 70 44 98 42 3 89 18 81 44 70 77 52 70 71 31 24 8 93 84 67 2 2 6 67 4 60 70 55 49 18 71 8 90 40 75 4 98 34 79 55 77 50 56 13 47 5 88 43 1 90 20 3 82 40 67 76 39 13 91 43 14 83 61 49 95 63 88 92 34 21 40 56 56 20 86 34 38 38 32 45 89 53 20 37 31 79 26 14 4 54 15 94 12 88 55 38 98 9 77 68 42 22 82 89 79 55 32 5 89 44 97 57 71 86 58 37 77 51 90 22 3 57 40 32 97 79 5 47 20 45 75 47 49 83 43 76 75 61 62 84 73 54 60 99 7 63 69 28 25 2 32 34 45 94 7 19 26 29 99 97 50 43 68 41 17 28 30 27 16 0 17 60 18 85 58 50 13 66 69 84 83 78 47 89 36 34 64 30 72 20 83 76 53 80 52 51 64 60 98 52 26 30 66 71 33 70 98 85 30 96 15 92 66 27 37 15 56 62 19 38 2 34 83 9 10 41 96 99 51 12 89 40 75 22 56 22 49 98 58 91 55 18 21 99 47 16 13 15 4 17 6 65 77 
33 79 99 78 86 16 30 42 4 48 78 79 71 43 11 68 66 45 49 99 49 20 64 1 59 56 36 10 9 13 22 39 59 63 47 35 69 60 46 15 65 30 28 38 31 71 7 81 29 78 24 2 72 66 56 74 49 73 28 22 10 6 87 69 42 69 22 63 48 84 27 27 82 1 78 35 12 59 17 63 58 41 35 66 73 7 29 72 97 93 9 86 6 9 64 29 68 33 0 83 72 7 15 15 43 58 43 57 52 14 25 63 86 7 7 14 44 74 74 54 11 9 83 8 4 70 33 46 8 22 93 28 59 65 70 67 69 9 25 40 45 81 16 28 79 44 42 65 72 87 88 80 22 72 51 53 94 44 41 16 17 85 33 18 59 64 66 13 77 28 18 70 1 41 2 42 29 55 92 99 87 12 11 23 34 91 33 28 11 49 72 65 99 35 43 42 79 27 38 56 35 47 99 78 51 21 43 71 30 45 1 97 21 76 59 53 15 81 8 93 49 58 85 50 54 5 92 17 47 57 31 56 36 81 66 81 47 12 59 47 22 62 23 55 7 45 39 81 3 11 55 42 95 74 88 6 29 32 95 84 48 9 53 30 84 53 75 65 75 70 17 71 80 25 75 31 53 98 51 60 23 63 60 10 41 63 2 59 18 65 97 72 39 66 25 23 98 48 15 99 28 95 65 56 33 57 72 64 34 7 96 46 42 69 41 35 59 31 17 51 68 34 62 75 90 22 65 6 96 44 72 51 74 66 92 63 96 22 53 75 69 29 28 15 77 15 15 70 10 28 54 86 60 94 7 68 70 12 61 34 27 42 18 43 51 27 96 73 61 77 67 17 87 38 1 35 13 27 56 70 65 79 70 44 72 62 79 38 49 45 15 92 47 37 86 93 20 75 33 84 
12 8 93 13 65 63 85 89 97 42 77 41 57 30 42 50 83 61 21 2 81 29 84 42 79 13 79 95 48 84 72 51 7 88 28 97 73 62 94 97 32 14 93 4 32 38 94 99 7 56 76 97 11 75 16 33 66 19 40 16 9 95 5 77 37 15 2 78 30 18 40 69 99 90 69 23 60 88 65 76 9 49 46 76 79 86 57 66 56 0 84 91 79 28 60 7 29 19 16 24 98 16 14 11 75 61 80 71 8 70 30 54 33 58 58 66 51 69 82 72 48 94 49 93 87 28 26 59 56 61 25 6 70 53 65 24 35 85 92 81 2 80 83 2 62 67 11 16 85 65 84 50 2 37 90 86 21 15 11 13 18 85 31 18 27 6 97 73 64 48 16 89 40 88 36 0 51 89 69 39 15 22 21 63 66 8 61 32 54 42 1 29 0 99 98 54 38 71 81 93 28 67 66 6 40 21 51 90 38 60 69 5 38 56 85 81 44 5 97 83 4 87 24 86 82 24 59 32 74 99 52 78 64 75 9 89 21 77 16 95 63 90 39 37 20 78 97 9 60 32 60 93 41 4 57 35 60 17 11 42 74 3 36 44 51 33 75 80 83 29 31 9 69 18 66 20 70 64 61 98 7 79 68 47 31 36 60 17 4 43 74 89 49 62 47 39 42 44 74 85 2 37 15 24 58 28 5 70 5 66 94 49 49 90 27 65 23 77 94 42 5 25 0 16 10 96 52 54 51 4 26 34 82 18 86 98 88 96 34 66 65 79 99 86 90 91 74 41 37 57 4 62 69 62 56 31 58 49 47 52 70 67 53 16 52 5 33 61 26 40 98 7 40 57 5 33 61 23 40 1 61 97 44 61 49 57 79 1 14 3 63 4 32 18 39 53 47 40 2 1 
67 3 14 52 28 22 39 3 41 63 86 66 6 39 45 26 75 33 71 18 25 29 14 39 0 86 38 8 14 54 3 71 22 34 20 91 61 8 76 80 96 20 46 42 41 59 9 87 80 57 28 67 32 3 99 75 58 67 16 35 28 64 78 27 60 23 53 91 36 39 68 51 52 73 42 90 91 84 9 23 54 75 29 21 65 69 80 70 55 15 56 1 19 34 50 46 68 18 20 30 79 65 92 79 82 80 29 50 62 71 55 12 48 68 48 24 49 94 88 63 38 29 93 35 53 43 26 94 4 51 39 2 86 91 98 21 31 54 26 2 66 73 20 5 56 77 63 67 73 31 70 44 10 49 15 9 17 73 42 41 85 57 33 52 55 75 7 9 7 36 59 1 3 63 18 47 17 42 65 57 82 9 59 36 64 34 64 85 15 69 63 6 40 38 12 72 0 79 27 10 93 1 9 27 56 76 35 77 76 55 21 26 47 83 21 52 28 56 42 20 91 64 38 47 22 93 97 8 4 21 40 54 81 79 16 86 0 75 22 62 51 26 26 87 86 98 34 56 86 45 67 20 21 40 85 86 14 58 89 62 37 50 46 26 31 44 3 51 45 6 77 44 84 59 13 13 26 8 53 2 89 88 90 78 74 52 73 75 44 35 19 21 64 4 16 7 57 47 6 85 44 51 28 7 89 34 95 55 85 22 24 50 63 18 79 50 11 13 69 42 65 2 66 5 11 31 7 12 20 40 98 45 72 73 41 76 38 72 30 94 27 26 6 0 78 22 47 16 94 59 95 55 86 52 69 88 12 99 35 61 82 26 57 90 28 52 38 61 68 95 81 37 99 19 46 21 14 17 62 27 25 12 71 18 37 66 21 61 95 36 7 2 4 82 5 24 35 55 18 76 
85 23 45 5 29 53 76 4 83 69 41 19 31 27 5 25 38 93 75 34 83 48 32 76 27 42 28 20 97 31 64 87 13 64 56 96 78 19 13 60 87 73 89 30 26 97 83 45 51 92 79 57 71 82 68 53 58 61 34 65 38 26 54 2 85 56 21 62 14 51 94 60 33 35 57 62 63 12 75 75 38 8 75 79 65 85 2 42 11 83 9 88 82 58 79 57 32 52 45 5 25 63 32 46 61 66 1 91 96 1 78 48 72 37 29 61 4 25 89 80 72 49 29 91 76 99 15 69 1 19 97 67 8 25 57 54 86 88 26 59 95 35 48 43 70 9 45 58 29 98 27 59 22 39 50 35 60 70 93 83 7 60 55 42 41 98 17 18 53 6 65 61 65 56 42 95 99 0 54 31 17 8 94 64 50 57 98 21 31 0 47 89 70 52 97 26 47 30 81 78 15 0 98 77 86 75 66 86 20 84 43 74 27 26 41 27 74 72 37 24 80 76 89 35 75 63 44 12 93 53 49 34 41 13 8 63 53 32 62 41 11 83 44 22 32 43 69 19 94 15 90 83 8 79 29 60 20 40 28 58 3 88 25 60 37 27 31 26 28 63 10 40 86 48 76 98 75 78 25 79 93 90 80 29 93 44 41 51 2 12 13 3 33 33 6 70 16 49 71 79 5 47 2 97 91 14 5 77 21 33 82 61 98 75 17 15 81 92 69 81 63 30 38 19 13 23 45 9 98 22 82 19 43 23 57 47 64 86 46 46 46 74 21 16 8 20 61 67 21 56 18 87 64 30 3 56 81 59 68 19 18 52 17 41 88 2 14 6 72 60 33 44 90 52 98 75 8 51 49 28 42 56 28 10 36 9 34 25 39 31 33 2 78 72 20 24 11 74 1 94 
92 49 78 47 73 81 13 0 92 55 72 23 37 41 86 99 91 26 4 75 62 71 96 14 89 98 78 3 36 44 37 82 60 79 24 97 44 20 35 59 85 97 54 59 78 25 87 28 97 69 61 32 0 54 13 77 16 74 81 19 15 9 33 82 90 24 83 20 38 84 29 5 90 96 53 90 29 41 63 25 89 7 29 73 9 6 38 87 30 17 56 68 35 83 99 60 72 43 3 74 19 84 47 13 59 55 45 21 18 46 31 12 1 22 57 94 94 51 44 54 5 7 67 63 12 11 61 9 56 22 92 10 18 78 91 91 51 17 23 7 97 5 5 36 24 92 86 3 86 71 39 30 6 84 42 33 62 68 63 24 64 22 90 9 27 89 40 91 8 45 77 23 85 60 66 35 57 94 42 59 3 76 35 50 29 90 90 32 63 92 29 75 80 2 20 94 12 31 63 38 8 72 97 37 61 10 87 66 4 93 13 67 62 97 12 85 29 40 13 78 14 96 33 35 8 60 81 36 90 34 51 91 36 33 56 39 5 28 98 51 55 50 13 44 3 24 85 66 47 93 92 77 81 97 32 95 32 88 48 29 2 44 43 26 52 14 79 82 34 41 48 57 24 9 57 97 43 56 57 60 20 31 79 46 14 51 86 39 72 41 44 60 65 21 42 39 42 48 27 7 93 34 57 66 35 58 99 4 26 0 14 71 60 7 51 11 1 95 83 85 72 4 33 83 50 19 39 72 30 8 52 10 93 84 8 38 63 3 93 82 15 16 34 58 57 14 5 30 73 96 43 51 27 13 86 93 56 56 5 99 13 21 76 62 10 58 92 71 63 62 35 54 97 22 23 51 78 94 47 25 20 26 1 95 29 56 26 21 19 60 19 45 6 95 25 0 2 43 32 17 
46 55 89 47 66 20 6 60 29 84 8 32 3 56 99 25 75 66 8 11 8 63 63 22 30 26 60 47 97 42 44 51 77 67 29 11 1 82 27 31 10 33 77 66 26 92 31 11 75 56 4 14 20 10 69 80 12 28 22 39 4 20 21 65 66 51 68 63 90 11 11 25 94 4 20 8 0 5 77 5 36 34 57 93 29 72 74 10 85 91 54 44 41 30 76 45 38 63 35 87 48 97 84 76 45 12 90 88 8 7 27 78 10 32 43 81 5 51 49 66 15 28 66 86 16 47 9 72 23 28 11 53 99 6 15 7 5 78 70 64 49 14 54 83 46 20 39 21 21 17 76 96 78 68 50 6 11 98 45 21 63 12 58 39 68 16 58 85 92 47 40 27 80 28 74 92 81 5 97 42 58 39 75 5 72 35 82 31 65 8 61 17 13 28 68 40 2 67 12 63 98 7 64 88 79 35 94 41 89 12 78 44 11 64 42 73 57 24 18 90 48 91 84 17 73 55 6 46 64 51 67 47 76 46 77 96 89 31 42 4 87 22 25 83 54 90 97 46 27 83 3 35 23 42 89 25 2 69 82 64 96 79 58 73 52 13 2 53 9 2 91 2 88 15 59 79 68 89 72 28 92 35 63 45 8 37 59 60 21 56 20 71 87 54 9 84 44 58 75 46 20 52 62 30 48 74 96 55 92 13 73 72 70 51 96 94 10 64 51 36 1 89 85 66 59 44 26 68 41 92 56 98 18 58 34 20 52 77 52 53 30 46 44 70 19 17 71 18 80 56 15 47 22 54 34 48 60 23 27 83 80 36 68 16 35 65 48 40 24 99 50 61 30 21 38 97 66 19 28 47 14 53 50 83 88 91 75 34 74 74 23 89 25 17 10 19 35 85 33 40 
96 29 70 5 9 57 97 87 40 5 70 66 86 8 42 64 49 70 64 62 81 40 44 22 10 10 69 69 92 75 68 17 33 82 54 82 60 87 80 42 81 98 63 44 19 91 89 43 10 23 53 54 16 84 61 52 98 84 17 23 70 35 11 36 10 55 56 34 83 30 93 0 48 89 1 44 45 4 96 78 36 90 25 32 1 71 4 56 11 88 86 81 24 60 61 73 15 80 46 47 89 3 21 90 81 36 60 66 38 70 27 45 56 9 73 50 82 72 49 8 3 6 97 50 61 76 7 22 0 65 41 40 54 38 5 21 7 26 59 70 59 46 29 52 88 71 24 20 87 7 75 18 35 0 52 0 37 11 6 61 67 99 86 25 3 4 72 16 46 37 27 32 59 85 98 18 7 17 50 44 43 50 90 41 17 84 97 8 81 29 15 38 6 2 15 12 83 22 7 74 6 2 66 43 45 57 64 43 53 56 31 16 52 59 81 74 58 84 87 97 93 38 64 81 53 50 62 19 75 39 74 4 26 11 38 29 89 5 91 2 34 18 37 6 12 4 25 37 90 7 27 54 48 88 80 5 3 32 44 22 97 96 51 50 90 62 16 22 54 41 28 46 58 57 24 76 21 69 35 63 24 38 43 13 56 78 11 56 27 90 17 26 37 49 8 92 61 94 6 94 46 73 36 5 97 27 49 13 30 84 93 84 81 28 92 42 59 77 17 91 53 68 79 65 38 14 66 92 79 72 24 35 4 63 22 90 23 83 8 58 48 61 62 29 24 72 52 1 82 4 57 53 12 73 76 90 77 48 77 81 32 28 11 78 63 77 18 49 39 82 10 16 84 94 81 20 15 44 62 11 82 8 68 5 11 22 71 81 6 83 51 36 78 23 6 95 23 27 8 96 
20 58 36 70 12 60 2 92 66 81 94 70 67 79 40 29 85 9 20 13 74 20 83 10 34 52 95 79 26 76 6 73 61 55 52 34 68 50 1 20 92 84 54 0 58 13 63 68 34 6 59 57 96 48 85 77 80 22 78 26 85 51 99 82 41 63 51 54 18 27 32 27 2 23 46 2 53 59 50 64 35 50 78 92 23 33 57 31 34 85 2 85 26 37 1 87 33 99 73 19 93 60 70 67 38 69 53 45 96 48 88 26 79 3 56 8 41 32 75 7 89 40 95 41 89 99 15 68 91 67 61 80 82 17 36 62 81 4 51 9 87 60 68 82 40 39 7 27 88 47 46 78 47 5 40 80 24 13 54 28 70 21 54 0 1 41 85 71 32 6 75 64 89 34 11 77 63 92 73 17 56 10 89 13 16 55 25 51 85 30 17 8 3 96 0 46 34 7 94 61 98 68 96 42 35 98 26 6 66 89 82 92 15 81 49 48 6 6 39 20 11 96 94 91 75 27 71 89 0 77 58 38 74 3 61 24 49 74 45 87 13 6 31 98 56 75 29 98 54 56 89 18 47 83 96 43 37 94 81 90 74 74 62 2 8 52 27 2 56 88 80 98 37 29 41 88 23 33 82 21 79 25 94 24 78 1 39 35 9 38 50 60 51 14 75 21 23 31 60 71 71 42 5 96 87 59 79 66 95 61 14 18 20 9 9 79 96 8 7 4 61 53 97 62 84 76 5 12 48 85 41 92 89 67 20 27 2 56 2 19 40 97 88 77 76 60 49 40 84 53 54 48 8 93 89 51 56 25 22 95 50 86 40 71 65 62 46 80 87 21 51 71 72 93 51 23 59 92 46 9 13 69 48 65 60 83 83 68 76 73 78 58 46 75 99 22 94 11 81 18 
1 24 19 73 55 2 38 42 72 1 10 85 76 82 10 84 33 60 72 35 17 54 77 85 75 96 80 6 12 99 17 99 17 76 73 68 92 92 77 39 19 58 13 58 91 51 11 93 83 6 28 91 60 55 43 1 77 85 26 65 41 10 93 1 67 41 9 91 26 15 38 30 80 21 76 63 29 76 60 14 21 21 4 82 79 24 39 44 3 83 29 87 10 58 60 44 5 28 64 26 56 63 59 74 86 53 12 78 96 81 76 33 87 21 45 14 38 23 0 98 13 67 4 33 24 80 82 75 54 26 79 12 5 11 92 94 53 80 94 56 83 19 4 66 4 82 0 78 23 35 67 34 30 89 62 99 74 14 69 57 21 46 8 50 6 50 37 1 50 50 71 32 45 8 6 55 60 64 55 55 57 48 92 59 93 45 85 7 52 19 58 31 47 25 72 33 5 31 66 11 37 11 86 76 19 42 24 53 54 56 29 59 41 57 26 80 99 72 91 90 35 56 49 80 85 76 67 23 3 9 80 49 97 27 92 55 6 47 40 50 5 18 59 83 46 70 19 0 54 38 48 32 36 32 67 61 72 42 80 39 40 69 87 85 69 76 48 16 65 78 43 1 21 14 62 83 30 1 84 70 74 82 92 10 19 76 89 95 73 39 98 97 22 60 63 78 44 92 12 61 13 34 20 31 27 32 32 62 45 58 59 53 25 96 80 54 56 48 45 52 79 27 89 95 39 12 1 54 47 43 42 16 65 11 74 17 20 92 49 30 93 7 35 7 39 66 44 15 77 44 8 97 57 17 49 79 38 34 92 45 58 40 22 51 87 86 84 36 70 76 69 20 68 35 26 63 58 64 28 44 61 77 16 77 69 98 32 7 60 59 58 79 27 11 61 81 95 87 74 3 
71 25 43 56 60 66 11 1 13 94 68 17 66 98 40 46 78 53 97 46 63 85 68 65 76 14 53 57 44 59 47 72 2 76 30 93 97 20 51 2 42 55 94 82 25 65 14 50 18 84 8 12 38 50 67 50 25 84 39 44 21 29 56 85 42 92 19 7 78 58 18 0 96 62 32 86 32 26 47 69 49 38 97 82 8 8 90 25 36 3 85 93 15 66 83 37 41 62 97 94 48 42 68 85 86 41 49 46 10 51 19 68 64 97 64 94 1 87 22 5 4 49 65 10 54 24 27 73 95 17 95 16 64 86 40 31 57 49 69 79 29 82 38 13 18 73 32 26 46 80 1 15 2 33 88 66 91 72 61 23 60 33 64 41 43 88 1 98 96 29 17 56 83 25 29 9 87 32 56 59 30 57 56 80 17 19 25 84 89 57 8 88 45 75 10 11 62 21 28 99 80 82 44 73 20 14 31 71 50 86 29 78 36 19 52 8 23 31 47 85 20 14 13 39 6 61 91 56 8 44 7 32 71 15 29 12 41 72 75 3 90 59 71 32 56 96 89 91 39 87 22 77 46 32 62 79 66 29 58 91 89 33 50 34 7 30 92 52 97 24 52 3 8 33 2 97 14 95 5 59 13 66 91 28 26 30 67 82 17 9 39 77 39 23 34 47 84 44 40 88 66 80 97 64 87 67 44 82 44 61 25 46 32 22 88 88 85 87 67 12 62 46 35 12 15 24 26 27 40 89 48 26 3 45 15 27 26 41 34 55 18 2 22 38 25 15 90 31 73 52 5 69 35 97 89 12 39 85 34 33 27 52 5 27 92 51 45 2 99 37 58 33 10 25 41 10 96 22 87 17 40 10 83 54 41 65 57 27 40 28 29 75 46 97 38 41 67 97 26 24 
60 76 6 35 34 84 2 20 13 79 40 99 43 42 73 54 80 9 14 68 58 27 6 18 67 11 86 4 69 11 1 75 55 14 11 60 42 53 91 99 95 26 3 84 2 5 27 19 64 94 64 6 22 68 61 66 73 0 70 12 56 0 15 51 94 1 5 36 71 25 92 88 57 43 24 80 42 83 11 77 78 56 43 99 6 47 20 60 8 31 5 71 39 25 52 48 21 84 36 66 67 63 97 51 25 97 48 11 17 25 28 15 13 63 67 25 73 36 31 95 90 69 50 3 45 26 60 19 99 94 7 40 36 3 73 22 92 13 25 68 55 82 64 13 50 97 12 7 18 90 80 91 26 12 59 66 92 38 24 39 2 56 48 79 14 60 28 63 73 52 89 35 33 1 13 6 56 44 50 48 25 74 19 39 6 9 37 68 37 67 90 70 11 41 47 12 20 22 86 12 40 30 16 92 78 26 85 61 61 17 99 26 21 85 34 88 55 86 58 29 63 91 71 10 64 79 79 35 33 55 71 6 59 32 65 25 77 17 29 3 3 52 1 75 3 94 80 80 55 54 39 0 99 45 58 82 37 44 11 39 36 63 15 16 59 27 42 66 59 10 52 82 31 91 11 42 84 5 41 36 19 18 1 80 94 28 16 93 4 52 43 79 74 25 71 23 35 61 76 22 72 28 91 88 53 72 95 25 40 55 55 64 23 77 22 53 76 78 85 33 43 27 76 50 56 20 88 36 84 31 9 91 77 49 81 51 77 88 33 4 6 93 70 60 25 54 34 25 41 61 35 8 29 60 43 48 74 11 11 23 4 63 75 30 3 42 81 42 63 34 97 42 99 68 59 31 30 59 25 94 16 67 85 78 39 54 7 92 79 93 70 48 73 0 82 20 92 37 10 29 
81 86 56 87 72 94 40 34 13 1 78 6 38 12 0 47 96 44 14 79 16 42 20 5 96 81 74 86 70 93 87 44 12 82 29 40 51 57 87 0 59 3 76 11 55 77 26 42 72 72 61 96 36 8 8 19 46 66 16 7 47 84 45 8 0 52 21 65 45 19 31 79 7 60 56 97 63 11 90 9 18 7 22 22 96 55 80 42 52 30 80 48 57 19 95 58 4 1 87 0 14 74 67 70 96 60 24 25 58 62 83 22 10 26 17 34 13 14 38 53 73 14 67 48 65 30 38 9 26 86 82 10 3 20 94 64 86 9 10 96 28 85 60 47 20 82 49 91 62 10 35 51 91 72 46 7 37 95 96 49 58 9 84 18 48 49 29 84 19 94 10 14 69 36 31 15 79 19 85 37 7 43 14 42 3 5 12 68 44 18 70 54 84 27 52 91 8 86 78 70 56 16 49 66 88 15 49 73 56 20 78 76 18 64 61 17 44 53 43 95 11 7 36 3 59 71 78 3 59 20 67 85 16 69 9 56 95 31 56 96 53 19 24 14 92 88 99 46 38 54 28 55 46 32 18 61 87 52 56 16 28 37 88 63 65 78 8 3 23 19 20 20 11 38 47 27 31 95 28 45 47 94 39 44 50 83 28 99 26 45 9 69 56 20 8 98 74 6 35 27 80 64 16 44 66 32 65 81 60 37 74 49 93 22 78 10 36 11 11 97 15 39 66 56 56 54 19 53 42 45 2 59 75 30 94 2 86 9 51 67 48 18 29 25 43 65 14 39 5 56 83 93 10 23 50 56 15 46 35 70 94 90 54 83 43 80 89 73 61 43 0 94 88 93 14 10 93 12 25 94 89 85 3 49 5 11 72 41 27 87 34 99 12 81 16 13 58 80 53 70 
16 52 12 70 9 5 9 19 63 40 0 96 68 90 72 84 2 87 36 5 27 52 30 55 85 66 19 44 60 58 50 86 35 11 17 61 68 60 30 2 24 18 91 81 5 22 5 84 93 77 64 78 26 90 30 0 96 55 77 28 15 77 16 42 56 3 82 55 67 76 7 8 45 70 82 42 29 73 70 24 95 47 31 60 42 61 53 70 12 83 0 95 80 12 8 32 94 65 9 81 41 45 19 38 53 82 17 73 23 35 6 21 94 88 11 94 13 11 60 70 92 67 95 30 97 84 16 71 31 93 46 56 8 53 37 24 99 8 61 53 64 48 62 51 26 9 80 94 59 78 88 30 57 72 25 46 50 65 43 58 83 53 18 78 85 38 45 93 6 85 14 94 50 4 11 46 70 72 40 44 24 75 93 19 4 7 18 35 59 99 36 34 2 75 35 6 68 59 95 12 46 4 48 16 98 48 83 72 64 69 89 84 16 3 74 63 78 92 84 88 42 32 5 60 94 57 84 15 45 26 57 35 78 58 16 42 76 20 52 52 78 66 37 16 93 92 85 18 90 8 25 35 16 43 66 33 19 73 59 53 69 49 33 81 36 11 10 52 1 92 86 18 4 23 24 95 94 70 6 65 1 3 53 76 7 73 19 98 49 73 66 11 75 91 66 40 28 26 80 91 60 2 16 99 75 93 42 69 23 40 76 1 21 94 72 3 90 37 48 72 92 35 99 56 72 54 0 71 24 19 74 6 54 37 50 38 91 41 66 86 19 30 70 99 91 53 47 12 71 40 79 80 12 55 91 29 85 12 97 4 31 54 38 37 29 39 23 98 26 42 29 95 52 90 91 74 25 62 48 26 96 76 44 55 97 14 88 82 55 53 36 77 57 34 56 57 75 32 59 71 
31 21 20 82 18 77 49 93 55 72 31 94 79 4 96 90 39 48 54 56 41 31 13 57 96 56 68 89 92 83 70 75 52 63 40 92 83 86 81 35 30 2 60 50 93 48 69 38 56 73 6 75 86 72 72 86 81 63 38 24 86 72 4 85 56 83 21 72 5 94 36 82 61 3 27 13 15 79 70 22 10 65 31 37 33 86 96 71 95 34 77 68 73 17 63 86 42 34 20 18 90 77 10 11 74 25 41 45 73 74 35 13 47 39 9 63 43 75 60 49 31 89 43 37 59 47 19 97 93 13 49 91 23 82 0 70 60 75 57 51 91 6 83 41 12 65 26 89 60 78 29 12 74 43 96 30 15 0 48 56 19 28 5 18 40 66 46 72 52 33 59 26 17 66 37 80 44 93 60 60 87 86 23 26 60 90 83 19 2 42 59 2 84 0 72 3 69 65 16 12 29 62 58 2 90 99 63 19 20 78 96 12 87 19 15 12 71 29 4 86 27 54 89 79 34 79 35 28 36 97 11 32 45 8 66 18 7 52 47 5 54 36 80 67 0 90 60 72 37 61 45 65 76 95 69 93 67 13 69 41 75 58 98 92 61 43 22 18 58 41 33 40 76 67 49 78 62 52 14 73 47 44 49 83 5 80 92 60 41 23 97 79 27 48 93 2 33 50 79 41 69 89 45 29 77 14 69 49 53 99 48 47 95 1 9 84 87 14 75 89 22 1 51 23 75 4 27 58 28 82 61 74 68 78 42 74 37 56 15 5 39 3 44 82 41 45 99 70 15 31 82 20 83 5 15 92 82 25 42 7 37 71 15 74 71 57 4 16 82 59 65 9 93 40 27 15 91 24 19 95 31 90 59 19 78 48 27 66 0 26 87 20 14 72 94 70 82 21 57 94 
44 7 40 95 63 43 29 18 11 20 16 78 21 31 30 43 85 46 11 90 93 53 36 69 36 63 41 76 28 27 38 22 91 82 25 9 2 68 64 36 78 99 64 29 77 82 78 93 2 8 32 98 11 65 10 11 5 99 30 59 83 51 60 7 30 92 38 67 16 15 44 84 74 44 85 83 1 7 32 14 18 16 35 66 89 28 13 35 74 64 35 20 70 0 87 34 53 91 3 52 97 8 11 1 52 22 3 97 44 2 54 4 89 19 71 0 38 16 50 35 85 84 55 39 41 10 11 34 17 4 2 29 73 72 39 24 39 66 90 78 91 90 69 15 17 99 14 80 22 53 47 95 58 25 13 95 26 80 11 51 5 46 63 81 13 43 73 28 34 91 31 71 55 59 20 39 84 30 66 40 57 59 91 77 94 1 43 93 7 23 48 90 43 75 12 51 35 41 42 42 27 8 7 33 55 1 58 21 23 58 3 41 31 93 57 22 36 29 25 53 76 61 99 62 46 10 72 64 84 53 50 63 12 16 1 45 68 30 89 47 3 10 57 47 73 2 41 54 32 66 7 43 87 38 70 38 1 47 64 91 84 78 45 17 81 26 37 34 14 95 25 99 91 24 10 22 58 17 87 40 69 81 0 34 21 53 68 91 85 37 71 73 41 48 78 90 54 78 58 60 87 61 20 61 98 25 87 22 85 7 18 89 90 18 87 7 78 32 78 17 85 11 22 92 45 60 19 82 63 70 45 7 66 85 87 26 43 50 51 35 93 27 88 83 54 13 60 80 43 24 35 16 11 84 1 16 72 12 73 87 33 97 45 33 50 20 49 35 93 76 48 63 79 99 55 67 75 47 5 87 42 7 87 73 70 93 36 61 22 16 93 21 0 39 71 24 42 72 39 36 
26 85 70 14 54 62 61 15 30 10 70 23 14 37 73 1 48 47 84 39 9 75 79 66 60 9 57 1 51 35 28 79 14 76 97 27 4 85 38 99 1 80 97 30 61 47 80 36 4 18 97 90 32 41 91 30 67 61 73 43 59 62 32 46 34 80 77 66 39 8 84 92 39 46 34 12 25 51 34 74 69 48 56 8 93 0 16 63 15 66 18 23 15 54 23 70 98 3 87 1 16 6 17 92 87 85 41 41 80 86 78 84 33 99 6 80 32 7 82 32 1 30 46 9 38 25 16 18 78 42 75 92 22 46 79 64 46 39 75 26 56 9 12 40 68 34 94 19 39 84 65 83 28 46 80 41 80 25 76 81 77 48 26 66 56 55 34 87 40 56 38 80 64 64 61 31 83 86 64 61 88 58 84 49 8 73 83 47 66 3 87 26 54 46 19 82 56 84 56 36 53 63 3 96 3 82 69 54 29 76 77 98 64 38 18 24 50 76 64 52 63 8 43 97 44 91 13 16 18 57 26 92 45 14 52 43 25 88 48 69 0 3 26 10 28 54 15 44 74 49 84 71 63 56 56 18 14 34 45 32 3 80 88 91 41 8 94 70 27 65 10 47 7 20 81 38 17 86 62 7 32 34 12 12 58 89 19 60 4 44 79 28 53 75 36 73 45 64 31 9 22 51 23 0 28 68 81 13 50 8 63 19 46 18 4 18 93 31 4 83 22 29 21 21 16 42 26 12 83 41 7 71 47 59 22 96 54 69 79 3 76 50 57 10 43 13 77 27 33 30 28 38 27 2 46 33 51 5 96 79 16 60 95 22 4 8 77 60 65 5 19 73 22 38 62 69 45 55 37 42 78 35 82 61 78 48 10 16 45 1 24 6 46 80 78 72 26 83 80 34 
80 57 19 11 65 26 32 79 98 50 61 29 91 24 90 0 43 16 45 87 29 66 71 80 84 99 32 8 86 35 58 39 53 17 4 69 85 99 96 2 88 87 91 83 78 68 72 78 43 99 47 71 31 82 43 25 22 52 66 29 9 65 87 24 74 35 75 58 41 34 97 23 72 0 76 15 45 72 50 40 55 30 96 44 5 36 25 79 99 66 62 43 39 19 74 64 54 45 9 79 12 26 70 57 75 77 77 64 17 44 66 23 16 24 30 48 93 43 76 70 81 2 11 86 40 52 9 17 25 44 44 90 60 42 77 19 58 5 53 85 88 85 49 19 60 43 99 72 10 22 37 18 81 10 93 54 28 80 9 18 57 84 72 56 76 52 75 49 52 18 4 43 29 28 68 22 84 96 39 93 70 57 79 79 49 14 38 53 52 33 27 57 99 38 14 59 16 29 47 2 37 67 12 83 34 88 59 30 94 73 92 44 21 25 75 86 68 82 49 83 38 23 57 36 22 27 99 97 60 64 2 86 88 1 40 40 91 46 24 80 81 13 40 32 91 49 36 11 79 57 49 24 56 83 49 17 68 22 97 56 15 85 61 48 51 10 76 60 62 39 79 14 34 80 16 55 33 61 72 37 20 48 85 89 96 79 35 31 53 30 25 47 26 75 40 54 10 64 29 41 18 54 46 85 47 79 25 52 88 20 35 84 37 19 54 13 35 2 28 42 59 72 9 77 39 84 43 76 84 3 65 29 31 63 55 37 92 49 74 84 77 49 16 98 81 0 27 97 93 11 61 86 81 36 69 54 1 96 41 90 79 19 82 79 32 75 88 40 56 50 59 55 5 2 63 71 44 64 90 50 42 22 89 28 29 15 3 87 85 2 70 35 9 95 15 3 88 22 10 11 
13 88 97 83 36 90 5 48 94 81 2 19 40 35 24 77 3 84 65 28 41 12 93 90 80 62 0 28 30 1 39 52 82 1 98 19 94 23 13 83 3 89 51 80 22 9 41 60 99 97 3 76 46 68 84 10 10 47 17 70 51 53 72 92 89 71 92 85 5 54 80 19 73 63 74 18 80 52 95 95 4 30 47 24 12 56 99 0 60 92 97 24 57 8 95 82 52 12 40 45 56 25 6 78 59 69 31 88 49 59 31 46 88 33 72 51 54 31 23 35 87 18 71 37 82 15 24 83 42 28 82 76 38 21 1 53 70 27 0 38 37 62 11 39 64 84 2 90 45 45 14 16 13 82 48 26 16 77 22 67 40 25 98 27 92 84 56 32 12 79 66 94 77 44 91 50 42 65 3 37 43 1 12 26 8 8 58 12 2 68 89 91 89 53 99 88 27 79 65 95 24 90 11 35 39 77 44 83 8 81 21 99 78 4 4 87 86 72 11 34 81 95 74 17 3 32 86 47 7 15 20 71 54 94 79 61 27 8 20 11 12 8 46 95 64 26 19 39 56 27 2 68 60 37 84 23 37 48 52 22 55 42 22 3 42 94 2 75 48 79 60 59 63 10 38 22 55 32 82 24 29 71 72 24 14 64 71 78 8 42 57 66 12 99 77 66 17 33 63 97 44 1 34 6 1 10 67 52 16 40 51 49 31 50 39 11 45 44 78 63 6 22 15 54 35 28 51 54 63 33 4 77 72 53 95 74 53 18 55 99 41 32 78 28 59 92 50 91 21 35 47 14 24 99 43 81 91 64 0 90 88 60 56 86 40 2 46 50 10 38 91 89 36 22 32 66 30 98 86 56 84 94 55 52 37 44 39 64 28 58 22 64 52 34 10 67 73 71 89 0 
13 39 81 32 3 37 34 12 95 94 72 1 98 13 83 24 39 44 10 89 62 41 17 43 6 17 89 91 22 40 14 84 96 83 61 20 47 2 4 98 84 65 17 32 2 47 29 93 61 8 99 98 61 67 26 52 4 5 54 6 21 37 45 25 82 34 70 61 6 26 15 38 32 78 43 91 81 52 15 75 48 20 56 17 34 92 29 93 73 9 36 72 70 71 68 47 11 7 42 38 54 60 79 86 20 93 43 24 4 65 97 96 78 68 72 53 55 20 74 57 45 51 91 83 99 87 43 60 99 5 17 48 25 6 28 59 45 17 88 79 56 57 44 26 21 47 82 46 20 77 8 11 90 4 31 22 44 14 64 39 94 46 89 59 46 9 2 28 20 91 66 91 23 32 80 92 3 74 56 94 50 0 93 10 3 12 64 61 68 12 54 78 11 49 88 56 31 63 9 58 30 8 63 21 11 16 59 49 11 39 12 11 3 12 68 2 15 86 5 29 75 50 59 91 26 69 15 97 80 7 47 26 14 39 26 59 97 49 14 3 17 84 78 39 54 93 44 79 40 70 97 21 93 73 23 92 32 56 12 3 60 33 82 16 0 9 95 21 29 68 8 62 12 54 4 3 93 64 91 41 52 9 67 40 68 11 80 60 57 12 8 52 50 10 75 35 92 85 41 24 56 28 82 21 90 16 98 38 94 29 83 30 74 8 4 39 74 3 62 68 93 3 69 3 67 5 19 29 95 96 0 99 28 69 64 29 93 51 27 44 94 0 93 56 2 3 51 7 7 86 41 56 0 83 14 18 10 65 35 72 60 43 59 39 67 0 53 76 51 39 13 39 99 42 57 84 1 23 2 80 96 88 93 67 22 85 55 94 67 18 99 74 79 5 2 58 27 0 54 38 
68 60 63 83 89 41 52 40 98 45 14 58 60 73 47 31 38 9 84 52 33 63 1 97 22 15 15 59 56 20 42 24 13 93 25 6 23 25 64 80 7 37 78 22 60 8 0 21 86 37 65 91 90 4 34 74 57 77 95 78 18 2 30 54 24 69 87 79 60 21 96 79 12 91 20 8 50 95 61 34 71 40 97 2 20 26 1 87 87 53 75 99 33 74 56 77 29 11 66 98 67 27 26 88 17 62 79 32 12 44 8 42 8 50 78 27 91 7 93 5 16 0 1 20 14 35 48 23 62 46 44 3 88 84 51 51 86 80 23 88 19 28 88 20 65 50 2 89 77 33 23 98 45 5 64 79 51 57 50 34 45 83 13 94 18 31 60 64 49 34 0 78 95 72 67 43 82 83 60 58 71 76 72 44 11 43 56 7 32 90 37 43 63 6 71 29 7 8 15 32 50 89 60 22 60 6 62 15 61 68 69 76 43 60 92 38 52 39 14 27 4 29 0 43 43 89 25 52 55 49 39 45 79 3 57 62 48 92 55 23 41 55 82 0 70 93 8 48 98 27 75 21 82 42 84 8 61 66 29 65 40 78 11 28 68 63 25 51 23 42 95 39 48 85 48 36 24 58 9 26 45 8 38 87 57 91 78 91 42 8 55 39 66 42 72 82 5 94 49 47 59 84 56 4 76 32 67 47 13 42 19 55 56 2 94 85 71 69 6 86 1 99 24 29 74 10 89 63 98 4 16 8 55 69 46 96 16 17 7 40 29 48 2 7 33 56 95 53 95 45 0 73 86 35 67 65 20 98 54 27 98 36 5 67 41 5 89 49 99 53 29 43 56 70 87 79 72 13 73 49 17 33 98 41 96 32 22 42 14 6 26 74 75 29 62 86 96 13 40 49 
81 83 63 70 19 62 74 17 7 15 55 11 90 14 90 0 41 66 11 34 80 6 57 71 55 93 46 53 76 24 73 44 75 61 7 36 84 89 58 4 41 35 24 19 69 96 13 94 42 58 87 97 48 51 55 80 69 2 13 60 33 65 20 94 48 98 90 92 48 62 63 4 53 34 58 67 46 3 3 41 49 96 96 90 73 95 71 66 90 64 57 22 62 22 50 60 76 66 89 93 88 50 84 99 83 59 96 55 60 59 10 54 83 88 38 89 31 47 53 36 41 8 97 56 97 45 27 67 25 53 23 61 9 34 14 72 16 15 58 73 7 44 68 85 71 18 93 27 13 20 58 63 65 64 82 88 15 40 33 13 60 50 17 50 46 93 35 7 35 89 43 89 86 59 82 82 13 45 11 42 88 92 29 83 18 40 15 89 89 84 80 81 72 28 96 20 76 47 0 36 85 33 42 92 34 44 28 26 94 34 65 0 45 47 30 88 50 17 56 7 66 57 19 12 62 17 71 14 24 22 45 93 90 0 80 12 75 74 7 84 33 30 78 93 46 35 98 97 18 17 95 93 51 85 62 32 66 76 75 54 18 86 90 33 38 7 93 77 64 29 11 12 28 0 71 1 37 84 14 48 20 0 77 93 36 56 2 74 21 50 23 26 32 28 55 98 75 90 5 51 50 37 23 13 51 89 4 38 46 18 81 80 88 28 97 44 7 63 46 1 65 23 61 64 87 86 36 58 66 82 48 15 48 14 41 22 4 98 37 42 15 12 94 36 69 68 49 97 82 64 41 95 16 70 33 28 5 75 87 16 98 82 31 27 53 94 64 29 65 76 11 21 36 18 31 13 44 38 27 57 88 17 21 82 96 56 28 4 54 31 80 62 10 66 63 75 72 57 32 57 
88 43 83 49 83 83 33 78 71 13 9 95 0 58 73 33 46 10 93 92 60 65 62 84 6 34 56 14 70 84 38 38 79 41 84 10 36 23 40 40 71 70 80 97 21 87 9 45 60 10 29 38 18 8 99 17 55 33 59 30 59 14 67 75 89 9 9 74 82 52 30 33 72 13 32 1 53 63 43 27 10 77 81 23 12 57 25 70 24 34 35 95 98 5 43 80 33 69 75 67 84 45 6 71 79 99 85 26 83 58 57 6 52 52 6 62 58 81 85 90 69 31 39 4 12 90 55 68 17 6 79 51 87 59 71 96 22 63 96 16 35 63 46 56 12 95 50 36 83 38 94 59 40 22 5 20 35 81 50 39 83 3 14 54 77 3 74 76 43 99 29 10 38 95 72 98 95 1 17 35 86 48 36 61 17 9 1 4 48 82 15 59 66 72 11 27 90 5 69 66 69 32 14 33 98 55 44 4 98 46 11 61 62 90 25 41 15 20 62 66 9 0 42 67 77 5 86 39 7 1 19 6 58 41 2 27 23 19 65 38 95 48 99 62 93 74 85 86 41 9 18 37 57 31 11 27 96 93 58 15 38 17 88 34 28 90 9 23 74 37 31 18 63 77 15 11 17 81 54 19 12 24 75 41 86 51 47 21 56 38 47 15 94 79 55 37 46 78 91 75 64 23 66 12 83 73 73 31 86 9 91 39 1 55 95 15 45 17 38 21 56 58 4 35 91 0 5 35 10 87 37 84 87 90 67 10 43 47 84 97 43 51 13 60 57 58 86 31 64 53 10 44 36 65 88 17 15 15 45 84 82 3 2 27 68 2 88 75 54 17 84 57 53 30 10 48 95 34 71 9 3 39 99 0 95 78 47 65 10 12 38 66 93 4 86 14 64 76 80 51 
90 90 30 99 3 13 73 80 51 45 44 24 69 82 25 88 1 8 80 12 78 58 40 6 26 59 36 52 11 9 69 58 27 64 11 2 61 51 38 89 30 85 98 33 93 9 24 22 55 67 8 98 27 65 37 57 98 87 67 73 17 54 80 83 56 40 44 66 49 12 22 59 66 10 2 62 45 24 93 72 88 42 98 15 6 42 58 15 58 87 49 64 31 38 12 15 94 39 76 26 88 99 44 93 98 33 44 32 77 68 7 39 48 51 91 35 37 53 0 48 69 69 7 48 2 35 16 72 84 32 53 47 85 64 93 94 70 26 67 42 63 96 48 72 37 43 65 99 21 4 64 11 69 73 10 64 83 30 99 56 95 4 62 95 19 12 81 27 1 84 40 95 75 0 45 73 94 48 58 12 36 94 18 36 45 49 26 53 77 9 40 96 88 87 4 28 55 12 41 22 44 1 39 30 45 30 32 44 66 81 69 79 48 19 74 1 5 33 89 48 28 49 47 71 7 50 55 3 99 59 86 60 46 64 57 46 50 81 24 73 78 53 12 37 18 52 32 35 2 15 87 44 49 95 34 57 87 77 9 46 20 29 98 47 7 19 95 31 37 61 51 49 11 83 11 37 2 18 47 59 7 46 40 95 2 44 18 35 34 72 14 82 57 62 71 35 62 79 52 90 53 36 8 92 85 51 73 34 94 68 0 68 4 81 16 13 44 64 74 15 41 52 16 59 57 13 28 70 1 21 71 11 54 0 45 94 17 52 86 70 6 14 57 93 58 18 10 48 29 68 90 29 92 68 89 12 9 46 15 88 38 91 16 42 56 12 92 90 35 49 8 48 36 14 74 64 51 17 83 42 72 92 47 83 0 92 12 30 31 61 38 80 20 72 17 42 80 17 18 66 
93 15 33 5 51 68 40 40 53 70 46 82 77 71 82 42 93 16 64 53 11 8 15 89 18 0 77 28 38 6 87 0 7 1 21 34 2 65 72 77 34 11 9 12 9 46 77 3 33 61 51 6 1 90 16 38 52 32 71 42 79 55 78 80 10 84 42 89 50 61 24 56 71 80 70 14 57 64 68 12 3 19 48 53 77 40 3 96 11 19 94 62 45 1 24 56 73 24 35 27 10 9 24 17 39 94 32 70 46 59 19 21 29 39 78 23 99 9 47 12 56 61 20 46 44 64 37 80 75 20 53 36 66 48 76 31 29 73 69 88 65 76 58 13 84 39 48 93 18 73 94 47 15 77 8 15 80 78 64 88 19 1 89 41 37 42 96 79 67 76 54 41 44 28 21 54 1 18 40 1 54 41 36 26 76 15 44 81 95 68 59 58 82 39 7 6 32 9 60 73 84 82 0 43 18 41 43 7 15 23 76 14 68 4 50 33 92 12 94 57 57 21 6 89 9 36 78 89 32 86 11 44 99 43 86 52 29 49 14 43 99 23 57 52 7 13 53 92 84 6 66 58 37 38 89 66 76 68 27 74 67 45 20 58 84 15 41 55 66 41 73 56 65 61 64 73 5 91 9 3 59 85 23 29 44 87 35 79 35 87 93 82 53 21 96 45 47 43 97 14 40 1 31 90 86 59 81 54 73 26 41 63 50 15 78 35 71 94 71 70 58 92 13 10 99 32 37 13 90 30 65 43 69 10 47 17 30 67 48 5 13 76 49 41 62 66 85 59 97 74 81 20 22 5 27 28 17 39 69 8 77 64 70 3 91 64 50 18 73 92 1 29 25 21 53 12 80 4 69 84 34 20 29 95 8 73 74 40 77 91 3 99 72 65 86 74 86 35 25 10 
12 89 4 59 35 85 23 41 12 10 72 2 45 89 10 19 41 90 20 88 57 3 15 11 2 15 66 41 95 76 28 95 60 75 56 40 20 64 70 78 70 39 25 37 33 40 34 53 91 31 52 88 41 93 30 19 94 90 76 26 11 24 28 65 47 24 83 36 23 85 53 95 34 26 91 35 84 25 18 13 14 52 55 64 79 91 96 96 70 90 23 25 47 31 95 33 55 22 3 57 2 25 43 24 5 34 36 31 87 75 67 13 78 46 3 86 57 83 18 66 67 5 4 93 59 55 83 7 52 52 26 78 3 84 98 45 63 1 57 91 31 40 7 41 42 10 59 12 72 92 50 11 55 91 21 38 16 22 15 93 61 12 39 28 65 73 95 49 63 12 59 35 34 45 47 33 58 39 57 87 68 31 38 3 84 30 46 35 48 10 11 38 87 46 7 12 54 19 45 80 97 7 65 91 85 8 77 91 47 56 96 77 31 13 43 62 13 66 46 80 95 3 49 37 91 37 27 48 83 58 2 73 94 18 24 82 0 17 55 47 59 12 26 5 84 65 74 47 58 75 16 60 28 0 18 41 96 81 34 66 80 67 5 52 79 35 31 16 28 86 75 35 74 75 28 42 63 84 47 74 36 4 17 83 33 0 75 20 1 0 71 44 50 98 92 61 86 48 63 92 14 38 26 67 76 74 21 31 72 68 95 86 89 81 73 14 15 76 55 86 42 32 54 29 10 81 36 28 45 49 12 32 37 55 67 29 55 91 68 75 54 97 56 40 20 42 5 5 65 80 71 36 76 71 43 85 56 69 35 92 70 44 29 30 71 91 96 40 20 99 43 44 61 13 8 79 85 97 9 60 30 33 13 22 58 51 87 37 49 46 36 76 79 62 11 86 13 21 0 67 
55 14 63 97 13 20 99 52 1 40 22 78 25 56 4 30 39 94 14 50 16 32 41 50 75 78 28 50 28 70 65 6 3 54 34 52 92 1 5 52 17 79 89 34 61 91 15 49 8 83 40 94 62 85 21 39 8 45 33 19 72 48 57 70 87 59 58 8 1 38 66 89 36 67 54 57 45 56 90 44 55 88 40 65 52 2 87 25 92 96 30 10 69 60 11 70 70 60 84 42 20 46 2 92 37 8 65 25 59 66 61 80 17 53 97 20 33 6 21 18 87 53 84 7 78 39 62 26 34 12 88 32 25 38 55 13 80 83 37 34 38 18 34 81 59 75 67 74 20 33 53 59 35 71 54 62 36 98 69 20 71 70 73 12 34 19 78 23 34 36 68 36 27 2 34 93 29 91 86 2 1 33 29 75 40 80 50 67 55 22 86 35 93 36 50 90 5 32 20 21 84 58 29 85 98 26 66 90 8 36 48 1 4 67 3 79 69 13 70 23 71 5 21 53 84 34 0 9 92 35 1 68 29 63 44 11 9 48 72 5 77 44 68 17 23 16 16 86 9 21 43 64 38 33 25 3 97 95 33 76 50 54 83 64 89 50 26 54 80 19 41 68 59 1 24 18 30 64 31 34 49 96 45 75 29 45 4 94 73 66 74 81 35 14 20 58 81 23 72 83 72 66 55 25 54 44 29 96 59 78 32 69 53 65 29 82 14 26 87 10 20 66 69 95 61 30 31 16 51 67 63 0 84 8 85 0 81 14 62 42 57 37 41 32 89 74 6 99 91 94 79 60 87 50 62 5 67 3 16 83 69 56 82 14 53 56 22 0 57 40 72 89 6 17 95 31 61 18 71 39 20 92 73 29 12 73 85 26 62 26 29 29 88 54 49 27 57 91 48 3 
74 56 22 63 85 21 37 24 74 89 5 62 35 71 41 33 56 7 66 70 62 12 28 77 79 52 72 5 79 91 52 74 68 34 45 62 95 32 37 50 58 78 50 77 28 69 27 67 14 99 76 58 42 2 15 67 98 24 65 60 60 33 26 40 51 1 85 46 42 70 12 54 35 99 25 52 50 99 44 61 66 85 10 68 8 78 55 68 16 61 93 78 56 46 15 57 63 43 65 10 65 67 22 30 87 49 87 33 78 79 28 20 44 56 38 37 55 76 47 37 13 56 54 59 85 63 57 73 9 63 97 75 7 31 10 78 52 33 42 77 18 11 63 48 78 14 48 96 26 7 33 88 39 99 62 19 10 28 23 67 12 40 55 10 90 82 24 42 24 48 10 49 3 24 17 11 6 19 55 23 58 10 91 13 69 71 60 70 88 32 44 42 23 55 6 74 53 51 84 72 80 96 66 69 87 89 26 96 16 10 32 43 83 35 56 73 86 84 74 86 98 45 52 23 21 53 68 62 67 62 65 78 33 28 94 14 2 7 30 44 69 23 83 14 24 52 72 77 79 58 28 46 5 95 90 33 34 22 39 80 97 2 85 62 36 78 22 57 63 51 88 45 68 62 75 23 53 37 27 9 39 77 30 34 1 38 88 16 91 39 55 68 6 4 44 68 4 3 32 57 84 13 4 89 87 18 33 56 55 89 29 76 15 38 95 51 21 3 84 19 41 8 57 97 9 45 73 34 90 44 72 42 28 25 63 23 55 93 81 9 83 24 7 57 41 84 14 89 12 69 20 13 27 94 8 92 35 39 61 19 34 10 30 76 73 69 74 65 63 40 89 31 28 35 34 8 18 40 83 21 20 11 58 27 19 40 68 10 69 74 88 91 88 87 10 21 23 66 20 99 
64 94 88 27 65 45 72 71 67 51 12 85 79 18 49 63 44 46 20 64 59 84 55 90 52 0 96 44 49 25 84 29 42 23 92 9 3 8 56 10 43 10 13 95 72 31 74 92 84 96 38 28 24 20 62 29 20 75 11 75 64 53 27 98 4 74 62 69 40 80 86 24 42 57 82 63 2 44 2 56 47 84 1 56 34 4 93 4 80 95 21 11 51 9 26 84 64 0 49 81 32 66 22 96 5 7 42 93 3 77 88 33 10 31 50 12 48 70 94 31 95 77 77 47 95 41 93 99 13 2 87 97 20 6 94 30 68 81 71 42 47 43 24 8 72 38 6 19 17 56 53 61 26 74 5 59 34 56 90 66 5 87 17 26 5 69 45 74 89 22 5 55 69 43 22 94 48 85 4 22 3 91 94 1 76 4 68 88 78 72 65 87 62 54 17 8 44 35 59 0 5 65 77 61 15 49 90 33 57 27 80 64 2 18 24 52 47 71 64 63 69 87 4 9 93 79 35 94 76 52 46 67 61 93 38 52 2 55 13 70 86 43 49 19 86 71 12 90 97 40 65 97 15 61 53 35 85 78 0 66 71 49 75 49 79 82 92 68 16 94 48 5 29 60 19 24 10 35 12 76 46 84 9 69 47 79 31 76 35 2 88 79 30 42 96 40 38 65 13 87 57 79 20 88 11 75 72 59 74 27 70 50 91 91 58 17 4 31 21 68 72 9 62 57 62 31 98 30 99 89 87 42 10 33 38 53 26 75 51 44 29 72 79 47 91 30 96 33 33 40 99 1 48 43 91 4 24 53 29 21 50 26 89 99 11 16 82 82 59 21 58 75 62 89 78 58 2 98 0 52 71 25 28 57 44 32 34 41 66 87 1 16 92 34 14 39 60 76 63 84 
84 13 55 50 91 14 74 59 2 57 80 39 70 75 8 27 87 78 63 97 6 89 16 75 81 69 5 56 71 79 41 7 50 38 42 23 46 86 35 69 59 42 62 18 87 11 72 56 68 74 15 60 94 13 6 21 73 10 39 56 1 64 17 67 68 42 19 73 32 80 11 59 36 0 93 55 66 85 87 28 45 2 57 49 51 78 73 13 81 36 25 78 13 39 96 9 79 1 59 41 58 26 76 77 43 75 10 95 60 93 6 90 62 40 84 42 44 62 25 81 10 58 53 72 41 80 92 31 26 16 37 80 63 52 84 52 67 55 81 62 8 64 86 44 90 20 70 1 59 53 60 62 68 45 71 42 47 81 53 18 60 41 56 97 61 57 70 46 69 61 61 63 54 45 71 98 11 58 58 8 57 36 26 59 83 85 84 73 44 33 42 7 73 56 39 58 45 54 75 79 1 66 97 0 72 69 1 13 50 71 44 21 78 92 47 68 98 92 56 52 68 3 8 57 49 91 74 19 0 52 53 32 28 67 40 1 92 53 13 16 63 64 59 39 4 10 29 36 70 38 54 85 41 76 53 2 46 3 51 29 28 24 71 96 23 16 19 49 33 27 10 14 60 4 52 38 87 21 30 84 34 67 24 79 23 47 38 17 67 81 66 24 42 36 94 38 8 75 19 68 91 68 94 27 34 50 11 34 31 23 46 39 4 63 31 88 62 57 28 7 31 84 85 48 34 80 96 38 5 57 20 99 87 26 38 75 78 89 61 34 26 49 17 52 77 75 29 84 56 67 41 73 60 58 80 99 22 63 31 18 62 93 43 69 35 75 80 40 90 74 38 90 19 67 29 54 34 92 32 26 81 77 34 54 96 58 80 71 12 4 44 9 51 27 77 95 36 98 88 82 
97 64 59 21 69 59 18 69 42 94 76 25 11 53 77 67 84 7 49 56 24 72 29 16 15 27 30 21 68 96 32 20 31 50 71 86 55 21 22 13 18 95 17 84 80 72 10 19 20 26 36 19 46 38 52 26 48 44 29 80 41 65 1 32 28 2 82 26 77 66 41 10 92 63 10 62 72 59 40 87 9 54 20 9 11 89 81 60 49 66 23 75 80 27 65 69 82 1 82 93 65 48 25 84 68 78 98 44 92 45 14 25 92 13 67 63 56 23 40 79 36 30 75 62 23 67 75 93 95 46 77 69 87 63 47 65 87 56 49 36 29 55 87 12 93 37 84 72 82 97 28 23 59 96 47 48 37 96 72 48 31 54 37 74 35 92 76 89 29 42 7 91 72 15 91 73 12 97 14 20 94 86 49 18 31 94 83 51 82 18 43 6 89 11 29 49 55 85 97 33 41 20 29 19 53 90 79 51 67 42 27 35 18 76 84 59 18 9 24 36 97 49 52 14 85 76 83 63 47 11 69 47 94 0 20 93 34 56 99 59 79 3 62 1 62 17 48 66 67 64 51 5 30 89 39 27 47 80 20 37 96 9 75 51 63 57 58 54 38 79 90 2 46 2 89 35 89 67 4 2 13 27 12 35 34 63 82 19 16 4 88 64 67 54 85 26 51 58 64 93 64 36 84 59 30 31 57 16 74 65 99 53 71 54 90 12 70 91 67 74 73 95 46 79 28 36 78 20 55 48 90 45 15 17 37 58 74 86 34 1 6 33 34 2 94 99 62 25 64 20 10 67 7 39 31 8 27 65 14 69 38 51 75 17 47 57 6 1 66 5 73 40 24 7 17 14 71 94 17 15 31 52 4 25 27 77 88 54 69 14 92 73 64 85 23 25 78 85 39 83 
83 2 77 54 22 12 76 20 64 53 76 37 18 63 80 0 46 75 43 44 29 50 85 39 10 62 76 49 99 20 80 65 92 44 73 88 13 52 62 98 28 15 11 19 6 93 39 85 12 20 1 16 46 99 93 27 6 54 43 5 48 1 39 16 64 46 76 67 60 95 75 55 40 64 47 52 16 68 42 4 88 30 4 83 91 45 22 19 88 68 24 86 67 59 46 3 74 16 84 51 89 3 36 12 48 75 61 8 15 45 83 83 87 21 10 80 10 31 20 15 24 5 40 15 20 77 23 87 81 44 97 47 47 97 44 45 77 62 32 4 79 60 35 46 98 78 8 75 82 6 22 38 94 72 0 28 14 96 40 84 1 27 15 58 73 57 86 94 84 4 10 36 77 1 95 73 16 4 73 19 37 30 41 62 9 41 75 0 80 35 71 28 11 25 59 83 13 23 52 3 86 53 95 44 8 95 40 45 14 3 32 18 70 8 95 97 30 37 97 37 91 70 42 25 32 62 7 46 67 17 51 49 94 6 72 71 28 62 11 8 45 58 55 76 3 27 12 0 28 95 62 42 92 51 24 59 51 32 65 60 0 60 79 12 60 99 7 91 27 76 50 56 83 45 49 86 22 99 95 98 73 92 64 3 67 48 98 7 5 87 57 30 17 83 85 82 92 86 30 5 87 90 52 81 6 9 84 17 72 10 37 10 85 35 0 19 52 76 27 20 72 24 8 62 50 68 14 91 23 50 41 29 74 48 3 6 60 87 22 71 19 65 59 88 18 10 77 28 42 28 43 59 3 46 67 49 14 25 86 24 9 61 33 84 27 43 77 81 78 79 40 83 66 55 76 25 39 88 74 56 65 90 99 47 89 88 3 48 52 53 8 57 22 16 41 92 32 29 80 53 
61 93 26 1 4 11 63 21 54 84 77 88 38 74 8 73 93 31 1 14 29 6 3 55 46 79 52 18 69 54 25 97 21 19 13 14 26 26 28 26 90 58 5 84 57 1 4 96 21 63 0 69 35 48 48 78 47 55 14 35 73 81 71 17 18 28 77 46 23 58 58 46 91 53 0 74 58 87 94 87 99 80 4 26 94 42 44 53 66 76 35 70 41 82 78 79 40 15 1 66 57 83 63 2 61 50 95 83 14 25 62 25 33 44 30 12 77 71 61 78 46 66 96 79 69 96 13 40 87 7 4 71 50 48 70 77 58 21 58 93 87 69 64 26 5 6 5 48 34 95 29 70 71 6 82 2 26 26 20 50 4 85 27 89 21 40 87 75 52 41 86 59 65 25 64 76 57 59 75 98 49 51 63 39 16 56 77 53 83 54 76 23 42 32 94 14 80 92 78 74 42 93 19 69 52 42 82 20 43 28 36 0 48 83 53 78 55 28 66 99 90 21 24 52 89 25 73 68 63 96 21 15 4 9 59 44 57 81 88 19 43 56 52 84 2 76 72 40 18 91 18 65 67 28 9 19 60 69 28 9 93 90 21 37 71 41 61 26 89 75 74 44 36 61 51 66 32 30 49 47 0 99 89 11 19 46 66 24 62 68 83 6 86 68 51 78 3 83 67 7 23 62 86 0 79 30 20 26 98 86 22 68 17 50 0 45 43 40 56 80 69 38 4 27 38 53 73 99 92 60 30 41 26 69 8 72 19 8 27 29 4 67 77 0 94 66 25 78 78 57 94 30 45 20 35 47 96 77 42 45 58 99 18 6 11 90 43 0 25 71 16 99 27 93 1 21 25 5 17 53 76 13 67 14 91 69 96 36 42 41 63 91 92 94 27 29 49 20 83 12 
56 15 25 99 93 33 59 11 17 86 32 83 64 51 49 54 49 72 15 46 46 46 28 55 31 1 81 69 77 53 54 93 13 57 82 34 54 21 56 35 24 45 31 79 7 59 36 27 57 85 7 97 67 1 90 88 24 71 20 48 4 21 45 95 30 90 91 34 81 77 85 63 25 15 31 81 34 30 5 64 54 71 37 21 64 82 14 2 3 69 67 97 93 57 15 85 76 22 17 79 54 54 68 36 28 82 48 22 1 13 58 80 98 12 8 15 53 96 57 34 42 43 53 86 25 71 57 27 75 26 30 45 84 78 2 5 25 87 54 70 62 74 22 80 9 69 95 60 98 92 73 93 25 61 78 23 55 42 50 22 13 21 57 76 61 41 90 32 54 1 51 42 17 6 25 51 89 40 57 9 13 47 9 7 23 36 68 13 56 75 94 44 65 31 5 4 80 18 97 6 82 27 66 97 59 73 53 30 77 13 68 46 46 36 92 57 17 57 4 65 18 62 74 57 86 46 84 11 67 8 56 17 57 79 48 79 7 13 71 4 63 36 64 36 83 69 33 91 25 17 38 61 10 16 10 12 55 10 62 99 5 92 86 40 81 42 2 29 76 8 70 9 47 93 60 90 57 59 7 45 25 0 74 59 49 26 47 27 88 82 67 11 8 86 58 96 58 49 72 9 83 48 68 86 14 41 85 19 96 81 47 92 36 28 27 37 43 45 82 69 90 3 93 29 96 19 26 29 27 75 58 97 25 99 80 16 18 80 65 91 33 62 79 61 77 79 67 97 35 45 42 11 40 36 11 20 42 49 43 4 51 24 64 57 57 39 84 56 45 68 59 18 80 37 21 35 5 10 64 90 68 40 75 87 4 58 53 56 95 37 75 47 63 10 19 95 50 99 11 91 
11 83 47 84 19 93 79 36 26 40 72 19 80 58 78 25 4 64 14 70 29 70 36 68 67 56 8 68 47 91 24 98 87 14 27 70 71 84 66 53 83 57 80 50 40 69 88 50 34 65 72 74 92 11 45 36 80 92 69 32 12 50 96 94 60 53 75 89 66 58 82 85 63 51 81 4 49 56 28 62 75 35 36 19 83 49 33 20 48 21 85 71 70 78 51 32 10 92 54 36 19 25 42 42 77 90 63 20 2 81 76 72 12 72 50 60 10 33 42 84 13 98 80 81 58 49 65 52 99 51 15 39 12 22 86 49 59 39 28 58 40 60 13 74 7 53 18 91 49 9 77 81 26 97 67 13 68 47 51 80 31 45 68 56 37 3 46 24 47 0 50 96 94 61 10 66 69 5 71 52 78 89 99 43 23 46 25 89 83 28 84 46 55 78 18 95 75 85 27 90 15 46 13 86 80 57 19 84 68 52 41 85 4 98 69 26 35 41 39 87 88 92 75 62 84 61 79 40 26 1 75 27 4 57 87 93 76 4 0 84 67 85 77 53 84 87 66 45 80 39 66 94 1 29 30 57 19 31 8 0 44 25 93 84 92 91 19 79 68 40 72 14 46 86 40 69 82 92 2 92 94 71 7 69 78 11 73 39 30 92 67 63 89 86 57 17 55 89 10 92 91 39 57 15 10 21 83 8 85 1 24 45 48 69 50 48 48 83 65 15 7 9 53 81 28 1 84 36 74 40 46 34 86 51 5 84 96 18 85 92 38 84 21 96 37 34 60 29 67 24 64 90 86 36 66 10 87 88 5 29 27 24 67 54 21 97 66 18 74 4 76 49 97 99 1 68 3 34 92 78 50 57 38 10 44 75 54 45 61 77 42 65 86 27 50 69 18 6 92 96 
23 7 21 51 40 25 12 12 99 42 15 86 77 2 76 58 75 80 86 44 89 54 86 22 84 8 25 14 61 30 38 3 94 91 23 10 81 57 51 90 34 24 87 39 79 74 94 43 63 6 65 93 51 96 69 53 33 8 64 9 25 80 52 30 35 83 82 81 43 45 68 92 47 2 36 61 25 46 90 60 17 90 27 93 52 53 65 68 66 7 10 23 31 43 1 10 66 88 49 41 34 46 96 22 1 20 46 73 39 48 98 73 25 76 8 86 86 49 7 69 21 62 21 44 19 33 48 77 40 65 99 6 91 57 68 56 87 75 25 12 90 77 26 55 24 93 1 64 21 65 84 9 21 87 54 48 53 2 34 39 38 55 15 38 97 76 29 14 73 82 17 46 71 70 25 84 36 7 66 46 95 92 69 10 9 26 78 78 60 95 43 54 67 59 30 57 22 65 33 79 38 82 1 69 49 5 55 71 29 30 35 18 61 81 88 76 68 71 31 23 25 43 7 63 67 77 55 66 30 85 93 14 98 96 88 70 42 50 32 28 68 98 49 47 73 44 24 97 12 90 51 82 34 64 1 87 1 89 31 76 35 63 65 15 68 14 66 12 23 10 82 69 81 74 61 58 64 64 64 40 60 48 88 8 48 1 43 77 43 52 2 29 29 39 78 28 99 58 72 67 82 91 58 81 84 71 41 50 10 38 9 98 76 94 95 28 77 97 8 6 91 71 7 37 82 76 78 71 11 57 70 21 42 93 56 6 32 78 31 92 58 6 83 45 2 83 51 56 78 21 44 6 52 19 64 5 33 88 85 99 51 10 29 46 10 59 9 84 69 70 58 77 30 33 48 73 33 98 67 67 93 47 59 61 34 79 44 37 98 47 60 27 41 1 10 66 81 11 56 73 
38 76 2 85 96 10 48 63 70 3 86 95 60 88 52 44 63 35 48 2 39 5 79 86 16 99 85 58 30 95 69 2 73 82 31 62 54 89 40 28 59 76 48 99 47 81 37 72 6 42 94 39 22 39 69 25 61 43 62 9 2 22 66 64 79 98 73 70 98 66 96 70 34 62 18 88 59 28 2 45 53 24 10 22 33 39 49 7 24 9 14 82 94 74 48 50 55 28 33 63 25 67 88 79 63 82 9 86 96 70 34 96 72 9 35 30 71 62 65 21 61 34 55 88 87 10 45 57 5 26 42 29 71 22 83 1 69 17 56 54 31 92 74 64 61 95 62 72 1 19 91 40 7 41 31 73 43 37 6 27 99 47 66 40 14 97 56 19 65 38 10 43 79 30 60 34 3 68 69 56 85 95 94 51 88 13 53 45 61 33 45 2 15 21 16 85 9 86 34 2 51 42 47 99 77 12 61 46 39 15 68 88 55 59 85 96 57 33 45 26 71 18 42 25 89 41 28 69 46 94 31 74 42 0 55 27 25 85 82 78 90 30 15 61 23 34 81 16 6 18 63 88 51 37 8 5 7 69 54 48 51 13 75 29 43 74 32 96 25 44 83 55 94 39 14 19 76 14 93 62 22 76 11 18 2 48 55 8 93 63 86 42 57 2 16 47 96 89 66 8 17 1 99 41 76 22 63 15 57 64 56 42 19 23 79 80 21 96 16 99 72 58 87 23 92 28 19 36 94 95 82 47 18 57 87 42 38 9 74 97 90 32 43 87 16 71 7 99 35 37 84 52 83 58 72 25 25 89 3 71 9 89 97 98 14 22 79 82 61 58 61 43 11 16 43 83 42 65 26 24 21 95 23 27 8 76 34 59 18 11 44 97 83 93 24 53 7 73 84 98 
80 82 1 42 91 55 5 30 90 9 10 64 30 32 77 24 53 7 46 84 1 9 66 34 14 89 42 1 87 29 1 6 20 2 3 42 15 68 14 6 20 37 75 23 63 84 20 4 24 39 7 33 12 9 13 36 69 30 70 27 2 16 28 43 26 37 65 88 18 46 52 59 71 70 33 54 23 71 19 61 4 44 25 21 85 27 62 38 4 95 20 67 11 47 12 91 46 45 0 49 91 37 45 13 27 66 87 0 97 96 41 46 21 14 17 80 54 23 38 98 18 95 91 76 38 78 18 55 14 84 65 56 8 42 10 83 30 31 65 55 13 65 10 1 98 65 1 39 96 79 11 5 67 99 68 92 51 36 18 46 33 94 26 14 23 62 32 17 23 10 27 56 79 2 59 21 43 10 85 38 92 99 83 40 64 75 92 55 38 69 93 64 27 24 86 68 46 87 64 39 32 63 52 63 99 86 52 78 24 48 43 46 51 79 48 80 53 25 96 53 20 17 43 80 5 20 51 97 58 63 15 58 41 54 71 71 4 73 61 4 90 25 90 22 14 49 71 53 11 13 62 4 63 61 70 41 2 47 25 79 31 70 53 44 71 8 31 81 68 82 25 1 45 73 96 26 4 66 0 55 57 80 42 38 74 12 43 52 39 59 65 66 82 34 43 63 85 59 35 77 87 88 21 96 51 25 9 25 20 90 16 17 50 46 2 67 3 51 38 30 19 81 44 28 62 87 73 90 7 51 28 4 16 57 66 79 66 98 89 68 60 29 41 5 84 91 23 57 40 15 94 86 41 45 39 31 19 51 42 54 8 28 81 68 62 99 44 27 76 2 55 69 86 16 99 76 33 48 82 13 71 60 38 30 45 26 84 69 3 97 72 33 70 69 61 36 68 77 50 11 
12 56 80 63 63 49 79 24 55 45 1 90 59 71 57 75 75 40 42 62 58 59 93 48 21 61 86 15 92 55 96 78 32 97 32 88 59 45 58 70 57 7 91 44 25 42 72 64 8 26 52 43 44 46 93 68 53 61 54 1 5 9 56 27 38 47 68 29 21 53 89 18 70 81 75 89 27 92 12 94 59 82 78 34 86 14 46 55 47 79 94 67 86 9 78 95 36 95 27 29 73 98 18 47 84 13 31 11 26 22 83 87 99 77 5 33 89 39 50 35 9 21 37 9 58 36 94 69 26 46 7 26 52 9 30 45 1 27 17 67 66 11 63 1 53 3 93 69 71 0 95 93 33 33 42 77 82 68 28 11 43 56 73 52 46 18 50 75 33 38 23 37 7 24 86 26 40 13 22 58 5 77 55 9 7 20 35 40 32 22 74 88 58 18 2 75 57 55 0 23 37 17 5 55 75 81 58 37 4 49 33 19 61 15 90 83 91 69 54 65 75 76 66 76 88 99 53 24 89 55 54 0 76 89 76 58 84 43 62 95 89 14 18 64 15 51 84 65 2 14 56 75 73 37 22 9 50 13 18 60 19 21 25 54 11 40 95 99 49 26 56 54 32 97 82 26 76 25 48 56 73 81 80 59 80 17 38 63 66 95 35 40 12 7 30 83 73 63 88 37 31 63 42 55 88 88 84 55 30 31 51 86 5 47 30 79 56 5 68 44 68 76 95 64 78 53 46 53 8 54 76 12 81 98 52 71 88 61 95 36 8 4 41 43 32 7 32 80 95 99 14 87 4 62 23 18 23 53 96 32 88 64 19 11 65 87 23 33 47 36 38 96 72 89 79 29 44 67 65 60 29 60 65 36 64 72 67 28 45 50 17 94 12 74 15 91 17 9 65 56 
3 47 9 27 41 77 23 37 29 9 0 4 9 77 12 81 26 96 10 30 47 85 97 10 82 40 98 86 51 13 87 54 69 21 27 37 21 73 47 85 30 49 23 83 79 31 36 72 62 54 27 80 51 90 35 19 17 48 74 51 0 65 5 66 16 46 95 96 73 18 26 91 97 46 63 29 93 95 31 93 6 97 77 49 88 42 85 49 20 9 57 36 81 64 26 20 35 15 48 48 35 95 66 17 22 14 95 20 44 10 33 12 28 47 85 1 92 53 52 91 36 61 90 22 91 68 35 93 10 42 31 11 88 61 5 0 75 71 86 90 55 26 26 14 44 2 20 96 82 11 32 61 51 8 71 75 69 35 21 19 36 14 50 7 25 84 67 24 1 54 55 1 37 21 73 84 92 63 92 80 5 83 80 87 96 27 26 92 51 56 6 44 37 33 99 87 48 6 89 61 32 75 40 98 35 40 13 89 84 19 87 75 17 5 74 78 6 39 98 12 52 80 83 61 76 25 16 88 46 3 28 56 9 31 2 43 69 51 26 6 54 27 80 75 35 95 57 73 55 11 75 29 16 67 0 9 26 82 41 83 37 1 49 60 49 14 92 14 66 59 4 63 88 28 17 46 68 67 31 51 74 27 94 9 88 48 94 48 52 81 89 68 53 11 94 62 34 15 45 99 24 7 81 49 74 94 93 80 66 91 44 87 3 51 62 11 82 61 89 44 8 80 39 10 1 50 70 40 85 31 11 73 42 6 73 92 82 77 27 49 67 26 63 22 7 6 45 40 62 68 98 79 33 5 29 18 62 50 83 96 82 7 10 53 15 42 94 3 79 36 46 34 6 83 69 39 40 72 71 40 49 44 19 44 0 46 91 55 44 57 12 97 37 50 72 84 77 0 75 75 
50 53 97 72 24 17 51 88 79 63 62 10 51 76 31 12 69 81 67 18 27 92 70 87 92 27 40 38 14 97 46 55 71 80 66 42 63 46 32 2 37 41 13 37 21 65 97 21 91 99 29 53 19 78 15 32 67 31 75 61 77 90 48 85 83 38 80 13 76 28 33 95 14 47 36 47 51 97 73 49 39 82 80 63 64 97 2 83 15 93 27 87 97 22 70 10 47 14 29 40 83 89 98 99 0 65 97 85 53 37 84 14 79 33 93 2 97 52 2 92 61 15 73 91 70 29 94 43 33 91 36 94 32 79 71 91 38 6 12 74 43 22 79 8 7 7 92 12 51 1 16 9 40 57 74 55 29 32 53 67 70 93 72 20 85 23 99 57 80 66 98 9 83 79 43 78 67 83 43 95 18 23 55 9 55 5 96 99 9 65 99 11 47 97 39 26 20 3 61 38 29 76 76 40 83 5 24 85 17 47 39 62 50 20 79 13 38 25 45 16 38 39 59 74 55 17 91 7 44 71 81 26 7 5 42 81 62 2 43 59 95 72 16 62 83 42 22 90 81 11 57 98 50 26 57 89 26 41 16 40 11 60 38 55 82 77 58 31 94 11 94 0 87 10 44 75 27 64 99 77 99 65 15 38 3 73 68 8 52 84 20 95 50 55 67 95 56 62 48 4 86 61 82 72 13 95 14 6 54 83 97 24 7 48 55 9 9 58 35 41 77 53 69 77 73 53 11 71 2 69 81 91 31 10 54 21 3 48 74 43 32 21 20 68 76 71 48 10 77 28 14 25 15 66 92 61 52 20 23 39 76 77 4 18 51 52 4 43 54 25 67 6 93 52 2 63 93 39 83 41 86 90 79 20 41 91 17 68 13 27 7 72 48 17 86 27 36 62 16 67 
26 88 2 20 65 3 95 57 42 66 74 0 0 42 2 58 75 67 85 5 74 35 12 57 85 43 8 79 69 36 80 18 26 10 12 40 36 60 43 1 71 65 21 47 11 38 68 81 38 13 25 22 79 71 29 24 91 47 99 51 83 10 6 74 42 0 60 29 26 68 15 5 5 34 42 76 0 2 25 7 52 31 36 32 43 76 40 40 36 59 37 62 58 1 38 37 88 99 31 36 86 56 97 44 58 8 41 31 40 13 96 1 62 32 8 46 16 48 68 82 75 67 0 84 16 52 58 32 56 35 7 69 17 94 85 12 71 23 48 38 9 44 56 76 65 51 26 12 66 11 0 74 0 88 25 37 41 5 38 71 65 15 66 11 4 78 63 35 46 43 45 66 17 92 45 90 33 18 41 10 44 77 11 72 21 23 18 65 65 93 55 43 38 66 10 98 97 87 0 23 80 63 7 12 32 97 31 21 15 59 12 26 96 30 20 86 53 84 30 15 0 67 58 67 99 58 43 64 14 18 23 11 71 73 98 45 55 19 78 22 84 1 97 18 29 64 72 68 33 9 87 70 12 27 92 3 45 39 97 26 11 96 27 24 20 57 67 78 9 24 34 2 92 38 5 99 38 22 73 64 58 84 69 73 11 21 49 93 86 86 77 54 79 36 23 99 86 11 48 61 60 33 76 94 41 53 11 13 61 51 44 2 17 73 61 8 7 2 96 50 54 95 31 72 98 94 43 74 34 10 94 64 56 33 21 21 69 86 35 21 48 15 23 85 52 76 99 34 24 73 99 69 3 29 21 31 82 95 64 66 3 97 72 90 69 88 8 19 48 80 6 69 64 83 81 3 40 44 59 82 6 26 87 72 27 97 9 56 74 34 11 59 47 97 22 98 61 0 26 34 
73 62 84 28 32 67 70 16 4 65 48 46 90 85 50 28 15 36 55 38 71 7 69 97 16 52 55 78 17 19 13 2 28 46 92 40 95 32 48 7 73 80 69 23 32 54 12 20 15 60 95 26 25 64 29 38 90 84 19 64 87 32 94 51 75 10 1 20 12 88 33 55 75 46 54 23 28 12 54 97 96 76 89 21 9 45 38 88 27 6 42 87 14 60 50 44 78 1 19 76 42 61 1 2 32 93 21 97 55 82 24 13 55 46 0 67 54 56 78 63 70 47 83 42 20 99 22 11 31 8 99 77 66 38 96 83 54 15 41 79 71 92 8 89 97 90 95 18 40 64 17 73 13 60 27 15 71 5 25 86 10 48 17 91 75 79 29 34 60 1 58 37 84 86 57 25 20 39 85 66 71 13 40 50 28 92 76 91 62 67 78 98 44 52 85 47 34 31 34 56 67 39 35 75 7 42 83 0 80 29 29 94 73 71 39 23 45 54 62 87 85 87 55 88 80 82 50 69 39 1 6 80 64 12 3 34 91 28 80 23 8 48 39 0 0 64 86 35 33 5 23 68 98 65 7 68 22 60 74 33 88 47 41 45 30 10 98 14 92 80 14 29 94 15 2 67 66 25 95 68 82 13 37 46 36 95 53 53 38 26 20 19 19 17 86 84 92 83 97 73 65 64 34 65 98 18 14 39 37 33 60 17 72 23 17 43 41 26 70 8 81 0 95 69 0 84 79 35 63 26 54 70 52 15 91 13 38 97 44 1 35 46 79 59 4 31 36 24 69 76 69 26 88 74 93 47 72 43 76 54 24 60 76 31 36 64 88 28 29 62 46 16 94 3 63 71 88 8 72 21 38 77 19 91 47 44 64 72 4 82 34 96 21 9 20 75 88 14 26 67 
71 84 62 65 77 68 29 27 92 98 11 52 96 35 31 68 86 50 35 84 16 11 60 41 9 85 91 28 33 24 39 5 12 65 64 46 38 1 90 64 69 61 76 91 36 30 19 93 97 36 54 75 66 41 64 32 30 75 60 66 6 77 75 58 79 10 52 99 30 48 91 71 33 82 43 36 30 62 96 63 43 97 38 9 79 19 82 5 30 58 84 63 57 35 66 43 31 2 33 15 38 21 57 39 13 37 80 28 81 80 76 34 54 4 32 73 42 0 30 2 35 25 20 3 33 47 12 26 60 17 46 24 56 55 31 43 61 71 58 69 73 87 54 52 97 76 69 67 55 53 66 47 51 31 29 67 7 0 94 71 30 87 10 25 50 0 76 48 76 88 57 60 3 41 96 53 61 89 31 71 93 81 18 48 87 12 3 93 92 41 6 42 47 62 95 11 44 88 20 58 42 10 60 77 19 61 29 71 49 69 10 40 45 56 12 89 9 95 31 51 97 53 47 5 43 35 81 34 77 72 40 83 98 25 92 81 6 30 68 10 91 9 15 95 63 90 40 83 53 94 76 24 4 32 52 61 29 81 4 19 32 67 2 61 35 8 48 55 51 24 16 85 76 18 78 47 68 50 74 55 4 93 26 22 61 71 64 2 23 44 72 30 12 36 55 48 90 63 58 0 56 47 87 86 75 78 74 60 73 4 72 76 24 18 88 15 7 9 17 17 67 10 55 1 99 42 99 85 23 9 56 70 6 72 80 47 18 35 81 3 85 29 29 95 40 45 67 34 10 20 43 65 51 25 61 11 61 16 85 89 75 16 90 32 98 36 26 11 25 45 30 55 45 54 23 72 6 10 96 0 48 50 59 12 35 50 67 79 81 14 22 83 60 96 44 48 13 21 57 73 
97 79 97 76 30 19 9 65 99 34 49 9 82 54 31 71 83 82 35 64 43 40 37 98 61 97 27 88 48 87 68 76 37 17 60 40 17 22 19 66 30 61 71 75 19 99 68 86 84 60 60 62 53 76 46 2 73 59 5 12 60 95 23 35 46 51 76 15 30 72 14 65 93 32 46 88 21 25 56 95 23 92 28 4 88 90 21 30 85 71 50 27 81 29 56 42 23 68 35 22 87 69 44 68 63 76 34 69 16 21 37 0 44 65 83 56 81 46 55 28 14 12 83 71 78 52 51 40 46 82 87 11 80 30 42 72 67 26 32 26 77 76 80 60 12 15 30 24 8 64 56 99 53 0 47 86 8 23 79 76 99 20 71 80 98 43 19 53 48 21 84 69 22 11 19 29 15 65 19 88 25 12 60 21 79 80 79 6 29 21 96 8 52 10 73 51 14 50 2 50 93 33 48 37 5 59 86 22 0 2 38 90 43 93 83 62 49 89 85 76 21 77 79 21 16 1 49 27 94 77 91 85 47 65 35 6 39 98 0 90 22 28 67 39 84 9 1 92 43 57 39 61 75 74 19 21 38 24 87 21 98 92 37 29 82 73 45 18 67 97 30 28 97 3 50 56 39 6 71 53 78 90 9 4 66 99 8 70 21 12 32 11 47 55 13 9 29 43 6 98 68 67 2 28 57 31 40 17 33 66 48 32 22 15 47 85 22 37 71 2 75 68 45 40 12 41 83 9 13 16 64 25 4 6 16 91 22 52 11 53 80 99 67 13 7 15 72 39 43 83 9 53 14 49 67 23 12 26 15 33 29 90 53 76 16 85 42 11 33 78 5 62 31 1 43 4 23 43 6 25 73 92 84 60 77 79 2 35 9 87 63 29 94 33 40 71 5 58 76 34 
71 63 25 33 72 73 51 43 99 89 92 36 71 31 14 98 43 93 69 3 46 39 61 98 55 82 66 8 30 80 59 53 93 88 6 6 73 40 9 97 3 74 86 58 80 71 76 56 38 41 96 87 18 20 69 28 60 44 38 80 89 77 96 82 2 87 56 75 65 42 55 41 22 1 63 73 54 91 38 18 18 52 35 87 71 40 80 11 19 53 48 38 98 7 46 59 81 0 41 0 80 25 28 40 90 71 57 27 92 69 64 56 20 49 93 61 16 29 48 71 51 5 97 56 16 89 62 97 43 44 56 90 89 50 91 20 68 89 17 34 95 18 13 29 39 71 49 78 85 24 24 27 73 5 19 54 37 62 86 69 23 38 28 17 33 62 79 59 31 67 4 83 32 90 86 73 34 50 63 4 10 34 35 42 93 70 91 20 14 39 98 58 64 61 27 39 53 11 78 95 74 84 67 4 53 18 35 98 73 15 7 43 40 68 66 91 54 42 47 23 72 88 41 63 88 0 96 26 73 51 92 67 21 6 83 51 84 86 60 64 71 40 66 13 42 78 40 66 9 70 83 69 7 37 65 52 65 43 48 49 59 91 87 16 25 50 63 77 3 1 76 57 93 18 63 61 26 98 51 71 59 88 47 75 97 56 18 40 84 46 72 25 84 32 34 92 52 79 57 26 29 97 33 50 9 83 17 34 58 43 25 46 36 59 24 83 16 1 14 67 31 75 87 63 63 19 28 41 91 50 55 96 38 20 88 94 54 23 86 71 52 14 88 58 18 1 74 92 33 76 35 53 13 7 95 16 22 9 36 99 6 47 68 11 8 44 79 22 95 40 46 79 66 87 65 53 4 24 1 68 57 13 42 2 40 59 67 22 16 72 20 20 54 9 64 58 33 62 50 14 
44 96 87 67 9 48 34 47 48 76 1 45 30 40 55 89 15 43 57 63 77 43 3 21 9 40 81 46 17 14 29 72 45 23 54 81 90 68 22 59 52 40 2 98 73 79 59 41 53 69 6 11 83 11 49 44 14 42 97 94 90 28 92 21 15 62 92 69 46 47 39 57 90 93 44 14 24 31 59 45 96 86 76 93 94 31 73 87 60 47 92 30 77 58 31 20 73 70 40 10 70 59 16 16 92 78 10 87 4 97 70 70 78 69 71 97 96 36 54 88 42 29 45 94 21 21 51 37 1 32 7 36 95 58 68 70 92 36 89 57 89 65 25 29 15 19 44 63 56 8 80 38 86 66 51 68 92 20 75 17 4 21 54 53 24 86 45 0 81 86 11 88 90 16 23 47 55 4 44 47 11 36 83 79 89 41 67 3 23 22 7 17 3 69 22 35 55 64 26 50 84 35 74 63 24 90 67 72 24 19 63 76 62 99 64 93 0 51 76 80 55 69 43 49 32 3 16 88 67 48 11 81 28 5 38 39 14 20 67 31 54 62 98 31 70 5 2 79 95 17 46 71 19 55 20 60 54 75 74 52 21 15 37 46 0 21 10 76 19 57 47 65 16 69 22 45 58 82 12 28 57 97 32 78 87 70 46 37 23 80 59 61 86 96 99 68 53 36 88 85 64 45 83 88 24 68 24 45 52 62 92 23 31 13 56 6 46 32 96 95 5 58 33 22 72 25 80 52 76 65 57 20 75 7 95 8 79 7 49 12 39 60 77 43 98 97 15 38 97 26 76 92 21 88 17 8 37 46 87 37 25 93 33 12 12 58 10 31 88 25 83 24 69 93 10 21 36 77 32 28 86 4 82 11 52 71 78 37 42 78 10 54 40 56 96 34 88 10 6 53 
15 34 61 50 88 33 8 49 94 65 46 85 40 12 85 94 86 94 78 76 92 74 7 4 84 24 88 54 57 19 45 70 54 98 97 12 76 94 71 94 84 73 51 44 11 84 1 70 50 58 9 58 50 95 48 10 36 14 4 5 5 41 36 73 72 33 98 81 26 78 35 95 3 29 93 0 15 22 20 41 3 4 92 82 29 69 98 78 9 73 46 76 82 45 34 92 43 74 96 17 45 14 62 68 88 48 95 43 73 47 86 71 96 35 3 94 19 40 79 83 37 78 91 82 1 49 84 50 15 86 0 84 78 94 99 11 55 64 53 50 77 70 90 10 24 87 2 70 46 59 24 72 5 65 77 26 70 58 31 0 94 98 55 14 92 65 86 32 63 82 79 70 83 54 74 62 48 68 49 56 60 14 9 54 88 9 23 91 77 15 51 84 0 12 21 92 18 68 32 85 20 46 69 90 91 78 95 84 32 66 66 0 70 98 25 31 44 44 71 1 5 78 19 98 89 58 0 91 90 4 37 68 32 74 81 7 86 6 6 58 36 93 8 41 22 25 95 52 1 40 58 33 72 24 42 47 34 43 55 96 3 26 40 91 22 28 45 54 84 83 49 23 69 87 25 82 70 77 20 80 6 57 63 25 0 12 99 95 69 80 63 72 84 1 84 53 94 30 73 21 4 74 27 2 9 65 12 24 45 92 56 56 48 24 42 11 77 45 47 78 13 76 39 9 71 71 15 44 62 52 58 87 37 16 44 18 42 59 1 72 83 67 1 87 73 18 13 51 80 13 95 86 41 50 11 61 49 26 68 68 7 6 36 39 79 53 14 96 51 56 40 55 0 28 92 16 51 98 72 73 76 28 5 8 31 80 39 78 86 40 91 93 77 15 80 3 27 31 83 15 
63 4 75 7 57 62 64 98 20 86 25 16 6 86 7 13 16 95 58 12 19 48 24 89 56 31 78 35 18 54 94 74 73 44 14 41 41 53 35 28 92 42 92 91 88 22 0 10 44 82 25 63 56 43 6 5 87 2 88 87 95 36 60 79 28 84 32 16 12 63 24 63 98 77 75 99 43 23 10 40 43 58 71 4 61 90 6 87 39 85 42 85 25 99 86 23 55 23 8 74 24 23 53 30 54 5 91 36 62 1 84 26 25 80 44 73 32 37 36 92 30 18 66 27 90 7 35 65 61 24 54 66 75 58 72 83 67 12 29 79 7 29 8 38 51 0 66 71 89 52 8 61 6 86 63 75 14 16 58 12 47 84 39 88 11 73 60 10 50 35 34 41 9 46 37 74 7 8 78 69 91 81 30 54 90 4 13 56 62 59 81 96 84 96 9 52 88 95 13 43 14 17 2 72 83 25 53 57 10 95 69 27 21 46 22 23 48 37 76 76 59 50 45 66 39 84 48 94 83 69 25 58 1 71 73 83 0 64 49 50 71 48 38 64 26 22 1 49 52 70 95 75 98 41 33 36 60 5 59 4 79 9 92 85 87 99 96 32 43 31 76 7 7 87 24 43 46 85 38 83 28 60 89 46 71 93 54 73 63 52 13 13 50 20 38 93 64 12 80 43 49 63 90 77 7 8 33 74 81 46 72 28 87 75 20 29 48 32 42 54 38 20 26 25 73 25 97 51 50 4 55 53 23 77 84 84 85 33 88 28 45 62 87 40 30 29 0 17 68 7 67 95 99 83 70 80 0 8 32 0 98 47 18 3 97 93 15 44 55 26 20 23 26 90 33 39 34 79 76 1 75 92 67 95 54 65 70 67 6 27 15 65 43 87 13 7 30 57 24 78 
34 76 64 97 30 5 86 57 73 93 95 79 71 21 92 35 93 51 59 80 17 38 24 3 48 40 38 52 83 59 64 47 15 84 72 84 94 51 90 70 65 21 61 14 16 14 24 61 69 88 29 49 4 61 76 69 62 92 49 6 32 32 99 30 62 65 52 24 3 78 97 16 52 27 39 75 67 66 21 97 97 91 96 57 97 52 96 74 39 79 22 79 37 24 14 38 32 31 75 23 35 21 88 51 6 3 61 95 60 90 28 46 62 85 86 11 90 61 20 34 96 87 59 42 66 68 89 14 26 28 36 10 63 19 29 32 92 26 54 7 15 18 18 36 80 85 58 85 68 47 10 69 42 15 29 44 55 78 64 0 41 77 61 40 82 24 10 78 55 97 43 14 51 10 39 32 90 75 69 97 89 99 90 41 25 26 2 60 69 31 69 26 55 10 45 61 20 49 92 74 68 94 99 62 53 49 27 30 46 76 52 52 29 33 6 96 38 68 70 89 42 93 69 39 10 40 48 31 97 67 28 77 85 52 86 33 48 71 67 59 56 1 1 85 31 3 49 9 6 56 21 80 45 46 99 3 67 1 74 46 47 41 97 52 22 92 95 22 74 81 1 11 96 74 34 71 50 4 29 26 33 75 17 51 46 24 98 47 46 68 41 36 56 32 76 88 39 76 4 29 0 83 41 50 95 2 30 72 55 24 24 0 0 8 62 57 80 30 22 27 51 60 96 36 11 38 90 26 33 33 4 76 12 62 27 10 60 40 39 81 9 67 68 11 72 86 79 69 90 20 22 67 16 35 26 23 70 52 55 51 81 15 17 82 34 12 35 49 40 92 49 19 44 40 42 42 88 7 70 10 65 67 71 75 72 91 76 53 58 49 10 54 30 43 39 10 76 91 43 5 
0 81 57 50 11 49 10 87 81 73 77 22 23 14 64 62 28 94 26 29 77 82 22 74 76 67 75 39 56 31 31 71 35 51 60 8 60 73 56 57 18 98 73 14 75 91 27 56 47 29 11 10 29 54 24 37 82 96 14 19 17 93 32 51 69 78 15 40 46 96 27 8 95 57 47 75 78 3 43 76 51 65 43 16 60 56 76 6 90 63 84 10 92 2 39 53 37 15 65 50 0 5 20 51 93 1 96 95 73 20 6 64 42 19 19 24 61 11 53 18 13 61 92 8 37 19 44 23 6 42 25 43 80 34 18 14 52 1 60 37 94 21 33 50 19 1 96 11 0 74 12 45 12 72 69 33 43 39 48 51 99 23 11 55 99 41 99 68 72 24 95 62 18 55 27 53 54 10 41 12 85 20 40 29 32 24 8 40 83 12 74 78 92 78 86 51 8 96 95 46 81 54 82 35 87 53 80 20 97 64 38 34 95 27 47 52 34 63 85 18 24 48 62 13 97 67 54 13 18 31 99 26 16 95 72 42 40 13 88 25 95 74 56 37 26 74 10 41 78 34 50 81 28 12 70 97 0 13 12 37 69 30 25 83 64 63 18 70 42 63 17 27 84 15 96 32 1 18 51 52 3 33 80 34 68 66 0 39 79 86 44 0 96 78 37 46 17 69 10 10 37 32 4 31 47 7 13 95 74 50 39 23 34 7 50 30 1 52 58 16 0 45 35 77 52 83 93 84 74 65 91 35 28 98 34 23 61 62 92 3 84 67 95 9 25 30 97 79 3 26 33 7 76 97 28 12 38 23 48 91 55 7 83 93 50 55 57 95 45 98 89 64 41 69 39 40 54 32 34 93 51 34 77 2 32 83 53 72 45 67 91 58 88 96 82 90 65 18 83 20 
0 78 84 45 69 61 98 20 43 52 66 1 28 32 6 21 23 1 98 30 82 20 61 11 63 14 48 89 48 22 36 43 48 12 63 94 42 15 42 98 17 74 71 50 52 57 69 12 75 24 66 32 92 39 77 17 13 39 40 82 23 45 98 95 22 29 48 78 59 11 10 33 56 35 85 59 8 28 95 68 70 47 34 63 47 41 40 10 81 98 89 75 7 97 26 66 58 99 49 71 19 2 26 22 66 27 71 4 61 7 69 68 2 5 68 27 15 23 16 77 41 21 93 56 42 9 51 30 82 64 21 18 71 6 16 67 9 57 93 75 51 76 46 50 70 33 15 74 87 20 23 54 96 74 95 68 23 81 46 82 85 95 91 86 73 42 59 20 68 26 51 13 85 93 3 48 41 27 41 24 0 89 88 11 70 97 97 14 35 70 53 54 93 90 59 42 50 21 78 56 5 37 83 14 3 34 15 96 34 36 21 46 53 11 80 47 98 56 22 96 77 2 47 0 41 60 88 92 4 92 40 23 40 48 32 24 44 10 83 87 96 32 6 81 54 45 7 57 93 0 42 61 63 23 29 2 40 88 77 83 58 0 51 82 20 27 24 48 72 22 10 75 24 25 6 38 71 63 43 57 52 13 9 19 90 61 35 24 5 41 22 22 59 11 79 31 25 35 66 74 76 96 89 92 22 92 77 97 97 75 93 96 10 21 87 52 77 6 77 7 52 51 77 3 84 24 78 94 45 59 57 47 66 85 87 99 37 26 96 50 37 93 3 39 63 71 97 94 2 92 70 40 21 26 24 66 38 31 65 7 9 2 11 23 35 41 73 60 75 90 46 21 86 64 41 25 9 29 30 37 29 32 88 82 78 76 43 83 51 14 27 25 29 60 81 74 54 62 41 29 
45 60 20 6 85 19 18 74 99 27 49 47 87 61 10 68 56 71 0 13 57 53 16 17 36 56 44 81 33 64 61 87 33 59 56 0 2 79 33 80 42 56 25 42 11 9 0 32 27 63 37 22 23 59 98 66 17 21 70 49 92 90 37 0 7 32 28 90 93 81 97 56 34 31 92 49 36 53 51 21 4 1 30 86 73 89 94 32 17 78 88 10 92 61 66 36 14 27 63 60 19 43 35 55 84 58 56 31 78 85 15 52 14 13 68 15 96 95 37 65 12 21 56 49 34 98 73 56 16 70 39 97 63 64 93 7 0 79 11 59 3 74 71 93 5 89 26 50 6 5 2 51 90 47 72 91 74 68 44 0 74 17 91 27 44 86 14 2 41 70 16 20 98 75 26 36 35 97 73 27 92 74 97 84 93 88 41 58 21 92 73 52 15 77 71 2 10 59 35 71 81 86 25 52 81 6 99 69 36 24 75 85 70 58 74 47 37 39 7 80 30 62 19 25 84 33 51 90 61 18 80 57 68 72 53 5 2 58 16 54 3 15 6 25 58 12 65 44 63 64 45 2 23 4 3 5 48 64 44 4 17 22 23 67 42 38 7 11 73 19 52 92 70 71 94 47 76 87 31 37 26 87 73 99 70 15 36 12 24 34 48 42 99 91 72 76 95 75 75 89 50 10 81 7 40 47 51 80 0 56 10 98 64 34 46 3 1 63 86 18 76 73 30 13 4 7 40 67 11 26 90 31 34 83 11 86 14 25 28 93 85 12 40 14 60 89 21 71 87 59 79 79 27 90 71 69 63 33 36 49 9 4 18 41 18 21 80 61 70 77 58 1 4 83 46 8 99 48 15 35 67 27 9 0 7 69 98 8 15 81 17 56 60 25 46 85 31 19 77 42 
62 40 57 48 4 38 11 56 18 97 38 11 31 84 97 84 70 10 1 51 18 27 37 25 97 57 50 7 62 72 16 40 44 63 2 56 45 89 83 65 11 99 17 34 49 91 86 11 49 26 10 29 68 26 31 20 6 99 91 53 91 89 13 2 99 24 0 2 84 81 75 39 29 15 62 4 32 7 75 3 90 27 16 54 22 31 16 15 79 46 9 54 83 91 63 8 7 94 8 2 59 86 6 99 2 93 2 90 68 78 75 24 42 41 35 84 26 43 21 28 80 26 49 10 2 11 71 25 23 5 99 5 83 48 32 82 82 96 63 6 70 67 75 19 70 21 2 66 50 51 59 33 25 50 45 89 66 84 79 3 13 10 84 84 33 82 37 31 35 11 62 38 1 9 72 11 10 72 81 1 38 66 6 62 74 91 13 36 68 84 24 40 52 4 48 35 79 36 78 94 38 16 69 44 71 30 13 48 47 59 73 20 56 22 82 91 55 2 91 35 68 49 79 60 82 93 95 59 85 52 14 45 0 2 59 30 42 27 19 18 90 46 18 95 14 62 53 84 65 31 5 42 19 74 94 35 97 2 94 15 97 85 19 95 15 73 41 53 92 39 23 82 54 42 76 25 8 20 80 23 54 42 23 82 93 74 64 96 96 87 61 47 92 45 5 92 31 25 45 73 58 81 47 53 94 50 40 28 92 35 86 59 42 58 27 90 41 69 48 19 13 94 87 88 57 3 80 42 54 69 43 50 75 99 84 59 90 75 97 95 82 47 97 87 90 40 87 26 78 35 85 75 53 66 61 53 95 55 81 88 11 23 62 66 87 50 96 33 25 90 5 93 40 85 80 73 36 67 76 15 74 6 53 61 19 61 21 14 30 82 87 52 26 69 52 95 53 95 53 92 
58 8 4 97 13 69 95 93 55 91 19 15 30 78 8 85 38 76 68 11 44 60 74 43 37 0 32 10 96 38 73 73 60 13 34 48 73 90 56 26 98 62 98 63 62 15 25 62 66 10 32 16 65 60 30 38 57 51 95 32 93 57 31 62 89 62 30 79 65 87 90 73 14 45 19 99 8 40 58 39 56 30 84 53 26 73 77 14 24 16 56 19 53 29 85 43 6 46 4 2 12 83 95 14 97 4 69 81 69 80 21 80 70 34 63 19 75 11 65 6 69 51 68 89 2 35 90 14 9 90 57 69 95 13 79 21 66 15 14 31 92 86 73 19 13 29 79 51 31 83 34 31 63 25 37 5 36 1 61 77 20 16 31 2 87 30 6 20 44 28 89 52 19 46 93 1 13 64 81 67 59 57 64 96 62 91 77 9 28 31 3 30 3 58 9 86 15 25 18 34 73 42 9 45 64 47 20 79 80 54 86 33 74 25 43 21 35 19 27 89 3 61 75 51 27 20 79 76 27 16 75 28 5 41 71 65 47 67 11 84 23 89 80 19 67 5 19 24 82 84 86 55 38 52 5 39 69 5 64 48 50 95 45 20 18 17 88 62 59 4 55 89 53 0 51 71 30 69 35 79 51 12 40 12 44 32 70 37 41 70 97 6 57 38 85 91 9 45 69 47 95 57 4 21 65 6 89 21 46 3 67 45 8 54 1 86 13 3 44 82 55 9 7 66 36 22 30 72 14 51 46 24 36 33 70 90 19 58 73 40 59 61 57 62 47 49 78 37 52 58 21 59 29 86 67 36 95 14 47 41 65 18 74 74 43 91 88 18 43 88 6 88 90 42 23 88 80 3 51 20 19 22 20 51 95 56 94 99 94 67 96 7 30 48 88 17 15 82 42 8 
18 70 70 52 70 82 24 55 95 46 2 26 95 36 64 46 84 4 87 21 30 11 65 65 84 57 0 19 3 33 60 40 2 76 49 36 46 70 65 4 59 10 11 44 46 26 33 16 1 60 41 1 91 8 40 94 37 63 96 35 94 24 93 46 68 73 43 24 54 12 7 56 66 48 31 5 62 98 13 36 6 22 82 10 20 64 13 22 91 67 93 80 89 42 2 29 12 53 69 20 79 55 61 24 71 4 34 63 37 10 59 40 53 68 92 80 21 30 92 23 46 41 67 63 44 96 37 29 74 93 45 64 28 74 41 86 61 75 73 21 64 0 74 35 63 98 82 93 5 28 27 70 31 59 5 84 5 74 85 42 13 44 34 46 70 81 41 76 19 11 58 94 85 0 47 57 60 19 59 53 3 15 88 58 23 79 30 91 46 84 82 26 94 86 16 81 18 34 4 44 41 85 69 49 69 41 0 70 21 46 82 8 31 8 27 39 30 13 28 61 48 36 39 92 62 52 98 46 77 8 88 63 29 80 34 54 81 48 94 68 7 40 96 1 57 58 42 28 92 49 98 33 90 67 63 14 41 25 36 14 61 11 82 63 79 59 3 2 7 23 96 30 82 21 35 63 44 10 13 54 75 60 39 42 39 68 30 90 20 41 83 40 37 31 54 92 66 62 22 2 35 75 69 66 53 85 95 28 50 21 76 27 36 26 97 12 18 80 78 8 16 1 88 23 89 45 75 76 92 87 66 41 46 24 89 92 34 7 71 39 27 28 5 98 2 30 95 50 7 66 90 34 71 90 50 52 43 14 91 79 13 64 65 8 61 51 69 71 7 8 80 21 38 61 60 50 31 35 28 88 4 11 20 55 40 61 80 72 34 99 9 1 83 33 77 22 22 0 10 80 
49 26 25 90 8 20 52 37 45 26 96 70 95 68 43 16 5 48 84 28 68 19 54 92 3 65 33 62 7 61 82 69 36 61 4 96 21 34 85 38 86 0 60 70 86 41 40 77 66 43 9 42 74 45 50 95 93 63 21 55 21 68 86 37 30 39 95 20 60 82 89 98 67 83 56 76 41 9 42 7 97 58 75 21 70 66 97 3 58 87 71 84 67 17 71 85 10 59 78 20 55 34 41 60 2 56 49 57 59 5 21 24 96 28 26 98 69 26 29 83 40 35 74 92 42 40 72 50 72 85 44 60 17 74 62 90 48 95 17 37 81 7 81 41 60 21 82 35 70 88 86 75 91 28 84 21 49 77 87 42 30 14 23 97 47 55 51 50 67 43 72 67 44 31 21 59 13 49 48 67 42 55 44 11 92 26 73 27 19 52 83 41 81 62 8 93 63 39 56 30 18 75 27 63 84 94 68 64 64 78 35 47 33 99 2 24 39 38 2 95 90 98 74 8 22 97 96 76 49 31 51 91 60 72 17 75 65 5 84 54 53 94 80 21 44 3 1 83 48 69 73 17 73 74 63 63 42 96 16 44 52 40 21 27 53 84 49 3 19 10 17 44 95 99 12 52 90 61 46 36 24 22 3 21 44 54 76 47 9 17 50 60 70 72 58 60 94 79 68 75 17 29 89 37 54 76 0 55 55 96 0 56 53 92 21 63 13 81 7 28 82 38 22 13 63 93 8 3 16 58 17 14 11 86 84 2 74 27 53 37 55 40 21 66 84 49 28 83 79 15 84 10 80 15 40 71 97 50 93 41 75 97 38 72 6 95 41 24 23 97 30 74 15 72 66 79 34 3 84 57 40 3 52 80 11 9 71 49 68 53 16 8 22 76 84 85 68 49 21 90 
2 4 74 54 47 72 51 49 44 14 29 67 46 92 2 83 51 98 63 43 44 70 95 36 59 79 17 80 82 54 93 7 38 4 86 15 78 95 74 19 1 27 93 49 47 53 75 13 18 99 64 86 71 73 89 65 4 32 64 86 78 4 58 23 53 38 47 50 16 31 74 99 45 86 80 87 11 68 23 30 47 11 27 33 27 72 25 76 43 28 11 43 36 79 10 78 39 84 63 16 95 98 86 42 84 69 74 33 18 53 73 8 9 29 9 14 88 47 27 16 45 32 26 63 54 55 91 89 8 56 45 11 32 34 49 92 70 28 98 61 60 67 34 82 78 25 11 90 54 11 53 55 24 14 36 74 29 60 85 67 53 58 86 41 62 45 25 98 57 88 3 3 10 42 88 75 95 97 85 61 16 53 46 35 44 55 33 37 62 92 56 26 66 95 78 43 23 29 26 61 50 45 9 29 56 50 82 0 69 71 88 15 2 96 12 14 51 98 31 1 58 15 88 89 71 7 4 73 5 8 96 23 72 29 31 39 19 25 13 5 44 39 6 31 25 89 11 85 20 41 20 49 14 84 68 69 0 78 77 92 72 0 78 92 37 82 86 11 86 40 55 93 81 89 7 99 59 85 17 51 62 69 71 96 70 10 72 82 83 66 93 73 67 14 26 35 6 21 42 46 69 33 26 96 94 70 75 2 90 59 92 55 30 23 58 95 54 94 71 63 3 66 14 54 54 30 31 77 64 60 23 37 45 52 4 23 90 46 78 36 32 69 93 1 70 12 97 50 1 59 35 15 9 90 95 55 33 83 10 49 85 70 21 19 91 36 65 88 32 83 86 46 90 67 92 51 34 58 3 89 78 13 48 40 32 60 45 31 90 66 91 21 40 85 21 72 84 34 49 9 
96 28 74 9 87 94 62 59 32 1 68 94 36 69 96 52 42 58 43 27 38 94 76 16 71 18 32 22 74 78 37 1 16 88 96 59 95 43 5 7 62 83 20 24 59 30 66 35 5 70 56 68 96 69 24 87 13 28 14 23 33 46 29 79 39 73 53 37 13 5 95 62 56 84 40 83 1 40 14 37 96 14 75 6 6 61 59 49 44 82 33 25 71 45 7 12 37 44 11 62 19 2 93 82 89 11 86 38 36 32 64 81 34 89 15 48 49 93 26 17 88 82 50 56 46 15 14 29 72 0 73 67 80 81 47 67 37 46 53 47 47 79 14 76 24 17 92 22 3 86 12 1 77 37 19 85 64 46 67 33 81 15 71 69 97 57 55 6 72 37 65 48 31 43 47 42 30 91 62 33 10 71 41 30 51 17 87 46 87 8 19 89 91 37 0 51 64 90 56 58 81 91 42 68 87 21 56 47 96 48 49 98 81 17 23 96 27 75 31 29 90 75 18 66 77 26 21 73 27 25 59 65 1 51 88 57 13 63 33 21 1 82 19 68 8 68 69 92 68 36 4 24 89 6 3 79 69 37 90 94 92 96 87 1 40 98 13 83 72 2 39 70 49 88 46 25 71 32 47 20 58 96 40 49 20 53 5 41 63 85 17 92 65 65 96 63 28 2 2 29 45 98 32 21 6 21 84 38 91 8 3 41 96 62 90 57 22 57 95 77 67 21 70 98 9 33 60 19 57 74 47 17 25 74 81 98 5 46 58 56 91 49 22 69 13 95 16 80 12 20 22 38 71 35 43 99 82 6 76 59 42 57 50 47 2 31 9 90 38 90 91 49 76 65 23 91 66 21 53 29 12 62 12 36 0 10 41 70 50 90 96 41 87 32 89 30 91 60 85 86 
83 92 57 43 94 37 27 65 76 6 94 41 61 5 80 24 39 61 73 10 62 34 29 64 88 16 52 74 51 34 30 59 41 75 55 23 1 46 18 38 71 87 17 62 95 40 65 22 33 2 1 4 73 3 14 76 56 75 61 25 72 18 12 65 26 37 74 81 27 93 75 93 55 32 56 53 5 96 53 97 80 58 26 28 7 61 15 59 73 14 66 25 38 3 77 32 94 68 67 89 0 91 18 1 99 14 94 6 55 82 74 20 89 58 90 32 57 65 66 4 20 55 38 15 15 27 51 36 75 39 43 55 2 16 7 29 56 2 4 45 50 32 79 82 3 91 84 27 18 66 67 73 86 69 86 55 7 17 43 96 59 77 88 52 25 35 17 25 27 81 90 20 34 70 58 44 3 34 55 24 67 89 17 66 31 0 67 75 85 0 78 29 49 47 93 70 48 13 15 3 45 71 10 22 6 61 48 85 19 18 99 41 82 29 7 77 64 33 74 86 54 42 91 24 93 58 37 26 28 97 18 85 76 98 36 7 32 84 18 97 70 85 60 50 60 63 47 12 72 73 44 19 40 28 72 43 27 95 79 87 78 83 65 94 3 31 68 9 16 56 79 20 22 18 24 77 60 53 13 0 28 93 78 75 71 37 46 65 51 7 89 7 53 18 71 43 78 81 31 37 47 99 67 87 82 12 61 30 35 4 63 13 4 87 44 34 62 34 64 82 92 13 56 6 20 55 58 99 30 17 45 25 78 84 46 28 64 70 44 97 35 21 5 58 20 13 20 76 64 5 6 53 59 78 90 25 81 61 69 67 40 66 33 44 12 37 27 72 74 96 49 63 6 33 58 75 12 99 88 91 84 84 14 41 90 38 12 41 3 80 25 92 19 94 15 26 26 32 47 31 
56 1 73 25 67 72 53 91 90 67 95 53 41 31 45 4 85 4 82 83 18 1 39 54 41 45 17 28 91 66 21 88 25 44 30 1 79 86 59 75 81 98 34 18 99 23 3 95 84 39 94 17 29 34 59 5 28 26 6 85 79 48 3 53 73 59 46 68 68 22 86 29 56 18 39 93 42 36 15 12 55 86 57 66 47 27 41 40 44 84 41 95 28 39 11 42 40 23 15 23 74 62 47 93 71 79 44 47 4 81 73 18 14 33 48 39 58 37 4 62 54 88 86 70 26 10 3 86 31 77 39 89 48 35 8 53 5 3 86 6 14 22 60 74 10 3 99 5 6 13 24 7 41 75 14 70 72 31 58 15 77 53 53 26 88 0 29 6 88 85 88 57 27 50 39 30 85 3 45 14 87 22 39 51 67 89 97 62 82 30 42 44 74 92 56 8 78 64 45 84 8 90 84 8 11 58 94 32 45 0 42 86 49 11 90 17 76 66 65 7 40 1 83 55 82 31 41 57 69 85 5 71 67 0 47 11 56 11 63 91 93 10 84 93 57 79 42 70 71 51 88 45 30 27 17 99 34 28 54 4 67 39 84 87 5 43 87 95 55 70 35 13 10 57 93 25 48 10 27 92 45 1 6 29 85 17 67 83 90 20 35 58 6 76 87 41 51 68 79 97 87 40 42 75 23 92 3 14 47 80 33 88 41 53 13 31 28 75 67 57 29 26 71 31 3 0 1 12 81 27 65 70 72 78 97 34 78 7 67 30 63 27 35 69 78 30 19 36 48 96 63 43 56 56 8 27 17 62 78 13 85 54 23 85 40 5 53 30 72 70 3 95 9 13 88 42 88 2 71 0 27 74 18 43 43 7 88 53 78 25 6 52 38 30 60 24 10 99 80 67 
2 69 59 45 74 36 60 30 43 52 14 46 82 98 9 13 43 2 81 5 54 97 97 91 68 33 54 31 28 70 2 56 38 97 1 89 73 13 1 69 85 90 88 12 66 61 94 34 87 44 90 99 92 11 99 40 39 88 83 65 99 27 78 82 40 8 43 37 77 40 57 83 54 17 94 23 68 63 57 48 28 78 43 24 7 81 23 80 69 84 80 63 89 69 85 42 47 32 11 5 20 44 32 48 42 96 49 57 63 15 80 60 11 4 94 64 30 56 4 75 75 93 83 18 53 32 89 74 93 97 43 19 36 28 82 69 46 61 91 98 93 97 62 69 27 67 3 95 52 82 34 73 89 8 27 18 44 64 80 29 73 15 18 55 7 22 25 82 6 24 3 60 29 2 65 89 84 0 67 25 51 23 98 96 29 51 25 49 88 43 84 29 68 13 71 51 74 63 43 40 80 22 38 79 82 86 46 16 77 77 70 70 10 23 97 36 61 13 42 30 84 79 6 34 55 9 26 88 49 32 56 26 32 25 25 23 48 70 27 2 56 60 22 41 20 71 83 87 70 33 58 6 37 68 32 70 43 83 16 0 98 16 25 67 84 70 70 58 89 56 42 33 0 38 13 57 2 96 3 35 78 38 47 51 89 50 57 51 70 70 67 88 99 45 0 6 10 33 83 49 36 10 95 46 39 29 84 72 43 17 45 74 62 83 51 55 51 1 84 74 55 72 69 26 34 11 2 79 26 66 75 34 92 36 61 3 2 27 48 76 19 18 19 3 67 74 49 79 23 6 29 1 36 75 67 19 6 66 22 51 36 54 42 69 19 20 18 60 51 57 26 84 9 29 49 73 42 50 91 62 85 98 35 4 19 2 59 44 32 47 48 79 39 96 64 49 84 20 79 66 
84 21 75 9 44 79 8 38 9 52 47 95 33 81 41 50 29 41 28 39 37 0 14 63 63 33 36 21 42 77 72 23 4 65 82 56 45 35 94 26 84 70 95 30 37 9 40 87 22 79 20 96 38 14 89 79 44 20 37 29 40 38 89 35 90 56 49 55 54 33 93 15 34 93 37 25 68 49 12 99 59 46 63 94 31 38 59 72 53 27 3 5 12 40 90 35 24 12 30 60 96 61 28 92 60 63 10 29 73 33 15 27 71 54 69 92 61 32 14 67 53 20 36 97 46 81 62 51 50 12 9 1 56 32 46 53 41 95 34 18 79 83 70 0 23 20 57 58 60 45 12 46 18 7 83 6 27 34 99 79 76 25 97 4 85 86 12 15 90 67 37 85 66 68 38 68 2 7 42 45 74 36 23 46 51 48 17 29 19 27 39 36 92 32 14 24 93 58 10 63 27 89 53 70 59 51 82 54 50 47 39 67 28 65 12 63 68 18 47 94 94 69 73 1 37 84 88 64 71 75 13 18 73 83 4 54 63 15 80 85 85 71 43 38 0 50 74 50 55 55 90 94 66 63 56 84 47 45 62 57 76 48 41 66 74 90 7 61 46 78 41 44 52 47 76 37 2 24 0 43 8 1 88 48 82 28 22 60 10 33 64 30 26 97 67 58 45 51 46 54 28 31 74 75 71 40 74 2 34 30 27 49 17 33 10 77 85 47 95 54 28 32 19 22 34 54 66 15 7 10 14 56 21 96 23 50 42 86 21 59 3 39 77 81 70 22 37 1 49 38 24 7 1 94 51 52 51 33 33 96 19 84 50 55 21 20 38 75 55 2 79 91 74 4 71 87 45 81 59 91 78 65 46 99 81 76 70 14 71 85 27 73 90 79 99 65 66 73 92 77 
95 35 18 23 3 2 88 35 99 25 11 81 57 7 65 97 4 90 64 55 30 61 41 16 51 43 40 37 55 1 66 2 20 84 79 14 57 17 11 42 93 18 51 57 9 70 57 25 4 9 74 33 19 46 2 55 79 57 55 1 65 92 65 15 27 96 43 17 59 70 33 67 78 28 48 31 22 63 71 25 70 79 31 79 21 63 5 88 46 66 73 66 46 7 11 77 97 77 76 56 47 58 11 73 27 81 78 24 74 14 21 89 85 59 63 68 18 70 25 24 87 31 71 77 44 18 5 50 56 61 7 59 79 28 78 76 41 54 70 87 9 7 68 72 64 14 2 58 81 24 9 11 7 74 84 54 19 86 5 9 32 11 41 88 31 89 1 38 36 84 83 34 13 82 72 69 6 23 84 1 84 53 94 96 85 93 9 90 41 89 10 45 81 27 11 32 16 15 83 39 35 93 71 10 82 95 36 61 9 49 40 0 7 94 93 86 1 3 53 26 11 98 31 46 23 40 96 35 83 88 84 2 56 58 34 64 32 84 91 98 36 38 64 6 30 34 65 68 64 73 69 24 3 10 60 3 79 87 25 69 76 18 24 99 41 9 31 40 38 31 70 56 44 26 27 43 62 3 60 15 92 92 84 52 58 0 59 82 42 25 2 10 13 3 80 34 18 13 33 29 61 50 62 65 59 7 42 31 75 18 52 50 74 46 19 72 95 55 51 21 78 86 8 13 16 86 35 58 12 12 12 96 97 71 71 77 56 63 63 72 60 80 50 71 68 24 71 30 69 49 40 58 88 58 65 55 91 54 87 0 38 30 42 8 4 65 35 37 6 47 66 18 9 7 44 95 81 65 13 58 39 9 89 79 12 64 88 2 76 2 31 67 6 98 91 82 6 82 32 10 
32 73 29 43 14 72 66 6 29 3 75 88 43 43 48 94 46 93 95 16 35 14 94 14 92 71 53 39 49 94 52 16 61 93 43 31 57 89 28 3 83 42 9 34 25 65 19 52 16 77 15 55 69 83 9 40 75 87 78 60 12 65 40 23 56 51 15 38 91 22 63 92 15 67 47 50 52 94 32 44 22 25 2 88 66 95 52 36 92 87 48 33 34 20 5 30 34 38 64 83 38 2 95 9 11 74 15 8 46 10 43 41 5 35 54 65 60 72 66 84 45 29 83 18 68 54 1 5 56 46 53 83 1 26 72 5 77 37 23 62 99 74 59 65 86 19 16 57 79 85 16 30 26 10 10 31 44 60 14 62 94 39 57 37 97 62 98 35 31 37 20 58 27 93 58 73 82 41 64 41 28 35 2 19 54 75 6 75 17 80 5 87 57 38 20 8 86 45 90 39 19 10 14 2 16 52 40 46 76 14 2 71 7 94 29 75 63 13 59 25 16 80 0 75 85 88 18 31 4 68 84 86 34 65 7 71 98 94 61 79 93 41 64 71 12 99 69 79 51 43 78 97 89 1 25 95 17 43 90 45 2 64 67 66 74 69 10 83 79 45 41 95 24 57 63 10 57 36 38 91 53 44 64 26 69 32 24 90 10 83 54 68 56 32 56 89 76 72 34 40 52 97 45 42 81 1 85 96 25 30 14 34 26 93 63 42 56 11 82 57 58 87 39 92 71 36 83 18 5 88 32 6 78 25 16 6 40 40 80 72 73 29 56 50 5 12 97 70 34 39 64 85 70 91 61 84 78 4 19 14 23 78 86 76 32 49 21 15 35 39 68 98 67 16 26 42 73 64 6 14 95 87 35 87 36 88 99 1 56 56 23 5 16 19 98 34 50 20 31 50 
60 95 23 28 60 28 78 82 74 95 53 35 37 80 78 21 54 13 63 86 83 38 57 87 22 43 95 43 56 14 7 40 36 51 1 27 83 81 56 83 38 64 42 71 23 59 91 89 38 70 30 43 92 49 14 43 28 22 69 72 55 27 27 55 98 25 10 66 45 92 99 41 48 76 81 25 54 13 91 41 98 29 77 37 97 4 32 21 10 65 66 19 10 22 52 82 5 26 61 3 32 48 58 99 51 61 43 58 93 82 50 1 16 18 19 48 43 71 87 75 83 41 63 75 10 79 73 90 23 42 30 35 80 37 16 3 11 80 12 50 31 16 75 8 28 23 99 31 67 24 58 64 70 37 81 63 36 14 48 22 30 95 83 50 90 34 81 23 67 81 95 12 53 2 24 59 65 56 71 15 26 87 83 49 59 14 98 62 46 51 19 11 3 33 36 32 37 30 68 52 14 41 78 52 84 23 46 29 82 96 42 4 39 59 95 31 85 57 65 15 61 64 53 93 20 54 74 17 42 92 96 74 6 80 92 56 82 27 78 51 74 27 96 70 88 34 95 24 10 56 82 51 2 76 40 58 46 22 2 32 43 8 62 67 12 10 76 64 20 47 39 84 75 71 76 96 18 68 85 72 11 51 99 93 52 54 59 90 61 48 78 35 87 94 24 36 99 40 19 53 62 34 53 60 22 61 41 89 24 79 73 88 28 11 62 9 81 9 22 42 64 12 94 37 53 96 53 2 89 73 40 85 40 95 30 30 46 16 12 53 50 33 69 63 62 16 34 49 48 32 45 68 19 35 52 39 77 47 80 58 66 43 94 3 4 50 90 48 2 58 98 47 69 84 44 62 60 4 2 81 13 40 86 92 92 76 46 1 75 46 70 98 56 22 73 1 68 42 25 13 
35 86 54 71 22 33 27 59 38 10 28 75 67 27 25 86 95 72 13 92 56 91 42 71 92 54 95 14 18 23 64 27 61 19 18 63 21 5 42 99 64 58 12 25 9 99 9 81 69 53 71 26 1 87 27 29 63 32 28 4 88 16 59 36 21 62 17 3 51 2 4 49 44 79 38 52 15 64 59 0 18 9 52 44 15 56 17 94 69 70 57 37 93 40 60 24 62 67 36 62 20 49 49 86 98 11 17 15 46 1 95 76 6 61 30 91 49 94 61 82 73 47 58 37 60 74 14 5 24 78 95 59 96 69 33 85 55 23 54 48 51 74 82 36 43 48 95 92 62 65 36 79 48 24 30 48 80 70 79 77 54 77 39 12 95 88 53 77 97 93 97 94 78 78 25 71 43 2 5 85 45 30 69 1 15 50 37 60 55 63 5 48 97 0 31 97 13 49 76 52 59 57 87 98 57 87 95 76 5 43 47 25 54 65 91 1 30 15 59 74 75 49 86 28 45 5 35 81 82 4 12 26 99 45 98 57 41 8 37 37 62 89 55 79 10 1 90 49 18 15 97 4 62 39 73 31 52 69 61 95 59 73 2 62 15 10 35 56 64 52 7 14 78 96 93 40 16 56 46 92 16 20 23 31 3 14 5 85 14 62 29 43 94 80 24 69 38 36 85 14 20 95 84 17 97 83 55 57 98 63 56 99 1 78 4 28 67 98 16 93 47 93 96 92 52 70 66 42 35 96 66 69 97 44 17 11 11 95 3 12 45 62 93 20 37 4 56 24 79 44 20 0 34 65 99 42 64 81 59 86 46 0 78 69 36 70 88 58 57 97 76 21 69 29 2 96 0 47 18 25 25 13 73 90 71 30 35 41 6 85 58 10 36 84 81 90 33 66 54 69 
60 6 17 32 88 57 34 22 3 77 26 49 13 3 44 18 85 5 43 95 14 10 76 39 53 49 28 67 39 85 64 6 31 60 15 68 31 41 37 35 67 53 66 3 14 43 32 1 84 81 86 32 68 87 85 99 17 19 8 57 71 88 36 39 52 74 62 69 14 24 0 10 53 12 65 83 84 32 42 78 79 61 10 55 22 69 73 38 10 75 30 47 42 46 44 2 89 12 64 88 96 17 75 24 15 43 57 67 68 52 43 94 30 69 39 98 41 83 41 52 24 74 36 8 18 7 61 82 13 97 74 86 16 29 67 94 8 4 92 43 97 33 26 56 22 90 58 82 3 10 63 68 64 29 66 47 34 50 30 72 99 58 92 53 6 80 14 62 18 55 93 45 35 60 87 31 40 42 13 63 22 46 1 45 17 66 97 27 4 51 27 65 34 86 1 88 75 23 13 82 89 67 8 30 14 73 10 47 47 1 52 5 99 12 51 83 25 79 18 19 77 36 10 84 43 4 8 60 32 82 42 90 68 46 27 90 9 60 16 16 71 35 17 22 21 77 13 18 84 64 28 44 28 16 52 10 53 98 60 72 73 31 68 10 90 94 91 88 26 81 55 30 42 4 68 79 70 6 29 80 91 82 45 69 85 9 46 1 94 84 9 14 48 35 10 40 63 16 84 33 97 71 97 80 23 93 6 76 96 50 23 98 15 91 38 74 77 64 11 95 72 7 29 51 37 45 85 38 45 55 13 80 86 74 82 33 47 20 6 25 2 64 3 6 49 44 32 10 95 58 43 98 71 2 89 91 53 28 58 68 39 90 81 11 35 36 97 28 4 23 33 26 37 79 71 22 91 31 60 63 97 18 3 63 86 6 86 99 34 14 96 28 66 51 56 16 26 23 79 31 
16 13 42 42 25 45 46 61 20 19 35 42 52 54 89 55 88 71 48 7 47 28 31 2 11 91 73 83 44 78 74 32 76 52 6 51 38 31 76 50 59 59 96 60 65 44 21 2 13 70 59 23 6 99 36 52 81 8 52 65 92 94 49 84 33 26 28 16 65 11 71 25 53 15 91 44 57 35 87 5 26 74 65 84 61 24 3 25 14 30 36 20 84 71 54 49 40 59 71 20 70 90 50 37 71 9 47 58 75 66 7 3 12 86 1 55 4 4 3 96 40 18 20 15 17 54 9 36 24 74 7 22 55 90 95 16 81 1 44 55 75 94 51 23 93 86 17 60 82 84 44 36 25 10 31 21 7 34 98 69 10 92 17 53 6 16 53 54 29 2 64 52 81 86 48 53 27 23 91 32 90 41 52 8 4 80 14 1 74 56 80 93 79 4 66 33 60 11 91 58 64 88 9 83 7 42 7 16 86 52 1 7 62 49 8 22 87 44 6 25 14 4 85 86 11 99 21 21 40 91 4 28 31 5 32 4 20 23 84 18 62 72 14 13 37 15 69 72 2 39 37 34 57 72 4 20 55 99 1 43 2 16 55 75 82 53 50 88 92 99 93 51 85 34 9 52 70 10 84 14 60 86 56 12 30 69 95 65 71 48 89 33 82 6 77 54 0 3 6 99 27 84 35 47 23 39 88 44 72 74 58 68 55 4 93 17 90 67 4 15 9 33 73 77 59 2 74 0 24 32 49 8 51 8 39 47 42 95 78 3 63 99 45 21 25 29 25 16 12 9 12 71 75 45 12 25 9 95 56 62 99 68 29 88 29 54 29 99 48 89 32 57 30 80 48 99 87 0 9 49 38 65 32 68 17 27 24 87 36 61 74 69 16 38 64 20 30 88 89 63 
78 76 24 94 11 1 58 9 16 66 84 98 48 52 56 25 20 20 82 9 74 89 50 2 42 56 78 70 31 0 44 83 45 28 27 99 15 37 38 82 73 18 98 41 34 44 47 67 25 82 1 55 38 59 98 30 58 19 7 98 67 13 47 65 32 53 91 40 35 84 32 74 91 96 86 22 63 91 21 33 32 52 36 1 20 64 59 31 2 59 43 20 63 65 88 25 39 85 37 34 71 87 19 36 54 65 45 45 92 73 81 70 26 49 20 74 86 13 47 49 57 98 28 86 52 49 55 52 1 27 21 20 11 2 79 46 77 84 47 74 2 26 38 49 50 18 83 20 43 66 89 19 7 50 44 16 7 94 20 81 99 49 45 48 25 68 69 71 42 11 41 19 86 28 58 10 23 87 6 4 68 0 9 47 26 7 63 44 45 51 13 93 8 46 12 13 76 78 4 88 48 59 11 61 10 75 53 1 11 59 49 61 62 51 50 75 32 84 48 18 54 18 42 69 55 24 16 2 36 58 10 71 13 19 34 90 30 93 53 70 13 9 5 47 52 13 51 66 0 66 13 59 33 65 65 57 6 60 91 66 36 91 93 92 39 19 51 90 56 43 11 64 64 47 74 82 13 14 53 72 44 15 21 69 57 46 18 80 14 12 66 73 46 61 64 96 5 59 35 63 77 26 11 4 95 30 87 35 53 60 52 65 96 19 33 0 81 29 26 61 66 54 92 43 87 44 43 99 83 28 47 73 99 18 66 82 1 58 51 56 4 32 5 36 52 14 82 5 80 22 77 39 83 87 13 21 96 67 0 19 87 2 19 74 10 77 39 66 71 76 75 30 12 51 20 13 13 62 8 84 18 74 56 89 73 19 0 84 5 59 8 86 4 62 20 57 36 42 76 99 
61 22 63 86 51 99 15 22 0 87 42 59 17 41 94 40 73 75 6 26 57 31 54 13 78 5 18 40 59 92 27 73 99 42 66 36 48 81 77 51 36 12 14 80 31 97 53 90 49 11 30 10 4 2 26 95 64 34 18 42 43 57 97 22 99 18 65 99 48 36 5 31 83 54 15 12 88 21 94 90 16 37 70 51 13 32 86 60 94 90 64 58 19 26 49 47 23 23 8 67 27 63 30 26 91 98 17 1 94 44 88 65 8 77 42 84 82 12 17 51 42 77 3 12 27 12 88 73 7 60 24 11 10 13 85 77 12 14 73 36 70 36 36 86 68 67 25 24 98 54 53 56 12 36 71 42 41 41 94 74 73 73 81 81 54 66 82 27 89 26 64 20 49 22 46 92 78 90 86 48 95 32 42 38 24 74 65 17 80 3 74 5 79 67 48 9 75 23 82 24 33 0 40 74 13 91 5 41 24 20 12 63 57 21 86 54 2 80 61 62 60 82 34 94 96 81 84 50 87 88 65 82 39 76 20 16 54 99 19 14 74 72 74 85 3 44 5 67 47 3 6 21 19 65 40 16 54 26 91 27 40 19 6 72 88 76 90 29 20 20 52 15 81 98 45 28 91 55 43 80 3 9 95 38 49 69 64 35 98 6 26 76 48 41 60 85 29 30 85 73 41 26 68 57 10 20 11 95 6 2 24 90 29 24 0 88 91 48 5 75 15 14 68 36 43 39 78 95 52 26 70 46 97 71 12 3 40 60 86 34 78 2 46 75 7 80 3 48 62 50 60 55 94 78 56 82 53 71 44 45 76 20 65 38 80 90 53 28 85 13 4 95 82 18 40 76 74 89 75 2 96 45 44 25 57 90 29 94 9 13 49 99 99 58 92 93 22 30 57 89 
18 81 98 19 25 51 34 18 28 18 17 60 23 39 37 23 59 46 64 40 54 60 38 60 29 4 27 73 84 27 98 60 92 55 89 79 1 44 52 3 36 72 80 84 12 39 28 39 10 48 53 34 43 7 87 75 5 26 1 42 7 94 17 43 82 94 6 31 83 40 23 15 77 35 70 86 36 56 35 34 51 64 38 61 56 18 51 47 95 18 19 33 29 31 61 68 55 86 1 20 95 39 75 15 89 7 82 22 3 48 62 47 76 13 41 26 81 58 72 17 6 92 63 18 6 40 16 98 48 36 5 99 80 74 63 14 5 26 27 90 99 74 33 64 28 43 0 29 47 47 33 85 50 78 86 86 94 7 76 75 87 77 40 61 59 28 62 75 50 27 57 39 42 52 66 59 10 93 22 29 84 3 11 31 10 27 13 47 19 8 66 2 31 35 7 20 78 38 20 0 10 3 7 2 5 58 5 7 91 29 34 41 64 89 28 0 41 32 55 64 55 62 36 42 0 70 18 47 70 76 25 74 22 68 13 5 11 80 98 94 99 11 8 4 16 91 57 30 60 67 50 49 44 2 84 56 5 72 33 6 26 11 98 61 33 60 50 34 79 28 66 69 66 41 30 70 40 49 21 21 53 13 83 44 28 40 12 47 52 45 71 39 0 3 72 6 49 35 10 29 29 87 62 34 49 62 51 51 93 99 51 13 55 0 46 82 6 7 42 19 75 49 61 45 63 58 20 70 6 23 38 82 79 26 78 47 58 43 24 19 48 65 94 86 47 95 28 18 18 94 93 95 33 31 73 27 21 70 26 56 38 94 59 21 71 99 78 61 4 44 80 64 60 98 90 22 76 38 17 46 38 96 57 89 14 65 81 43 63 84 37 94 96 80 19 22 4 73 38 69 
68 42 17 13 98 91 23 91 86 76 77 72 50 10 7 77 64 58 76 48 7 61 38 29 32 67 52 33 37 97 82 48 91 59 56 35 40 5 74 15 1 84 80 66 39 58 65 71 23 48 77 61 27 34 18 54 78 64 60 65 88 90 49 84 58 34 59 80 59 21 90 34 76 85 87 57 44 69 61 7 20 95 79 79 99 42 88 56 98 75 6 10 7 29 12 17 75 95 24 17 48 20 92 89 95 32 24 85 70 23 54 6 20 58 66 48 81 25 35 52 58 14 56 84 5 25 2 64 63 38 20 8 42 0 76 63 47 54 40 55 56 81 71 75 28 80 9 44 31 59 67 72 9 41 12 33 80 54 74 56 7 30 53 46 75 6 52 80 94 11 94 58 46 35 2 42 37 59 14 87 15 97 65 97 46 99 89 93 2 91 20 96 71 45 48 20 88 59 77 14 70 76 12 52 64 8 12 24 44 6 47 78 61 83 24 68 91 52 13 76 82 38 90 87 38 63 34 35 21 92 24 54 88 34 19 79 74 65 27 60 66 98 2 14 25 12 56 62 35 74 47 2 36 64 69 34 9 1 3 14 63 57 79 40 95 38 82 6 61 52 24 8 35 33 87 57 87 48 73 83 57 78 10 49 26 25 89 59 8 31 81 33 31 93 98 68 24 16 17 22 49 39 5 63 38 23 31 0 57 88 74 82 83 1 31 50 34 62 10 37 60 87 72 41 50 23 15 57 15 87 83 8 31 91 27 96 0 19 13 17 78 37 99 91 75 99 96 79 62 71 71 8 27 28 88 31 89 73 95 97 46 79 55 83 33 2 34 52 0 91 58 46 15 79 62 45 99 29 19 92 66 51 39 20 8 60 61 43 6 45 89 82 31 70 88 31 51 62 67 61 
11 63 58 49 35 96 42 38 46 85 26 90 75 53 76 20 58 0 69 53 59 76 0 90 35 15 72 31 8 87 39 91 38 95 31 66 86 39 51 47 44 74 46 96 98 97 68 16 64 62 22 70 82 47 89 80 34 25 19 88 27 34 5 17 40 93 4 32 67 21 13 63 89 87 70 53 78 42 96 49 59 30 46 74 16 60 36 40 3 3 71 67 87 15 98 27 6 19 95 21 91 75 12 39 17 32 81 96 40 75 11 19 66 18 20 96 57 15 42 37 78 47 43 28 50 62 48 78 27 50 61 54 14 1 36 42 38 15 62 25 24 27 43 66 58 48 52 58 53 14 67 70 52 45 74 5 93 63 39 79 43 88 58 71 55 6 6 88 52 46 40 97 48 35 70 34 79 66 88 32 90 3 92 52 94 81 48 68 95 82 25 84 79 45 48 95 99 86 9 11 82 66 60 99 91 25 89 17 32 69 52 15 54 86 54 13 47 68 70 73 13 84 36 23 96 54 27 38 63 9 4 87 55 56 8 93 60 93 2 15 1 83 75 33 64 55 58 1 67 90 64 11 59 97 9 72 16 15 15 37 45 55 19 3 26 90 66 95 84 91 13 93 13 90 63 92 1 86 96 35 74 45 87 72 43 23 38 87 68 62 62 46 23 58 82 90 77 88 36 64 34 22 38 3 49 18 32 76 54 22 74 45 93 53 12 96 13 74 57 30 19 89 14 10 28 21 42 9 0 37 88 0 53 60 69 24 45 51 4 4 37 55 48 35 93 87 2 36 63 65 85 72 19 92 23 77 96 17 57 23 46 36 38 94 68 51 73 97 80 91 59 26 95 36 20 95 4 4 12 67 83 84 96 7 28 19 37 85 84 11 5 9 9 79 96 58 51 64 37 96 
86 2 47 43 44 80 65 75 53 27 60 61 8 64 59 59 66 39 50 27 99 20 91 40 75 70 15 18 41 87 33 71 43 30 53 53 51 95 34 21 19 48 72 58 15 26 39 70 80 4 0 98 70 52 72 66 79 64 68 43 82 23 67 6 63 95 3 57 80 77 38 35 87 19 62 99 51 56 81 5 40 27 12 8 77 43 71 6 66 49 38 12 96 45 26 3 38 52 77 84 93 76 93 18 34 4 85 31 15 94 29 15 25 40 83 14 18 29 4 14 55 11 62 59 77 47 39 50 11 76 36 83 8 99 75 37 20 29 42 7 57 56 46 0 28 79 17 65 37 73 93 23 17 58 10 65 18 60 27 23 80 1 51 22 51 68 69 48 63 72 94 45 83 54 55 47 67 73 55 92 91 32 26 4 87 18 53 48 6 45 2 36 8 87 61 68 64 54 39 90 14 10 34 70 49 83 29 39 78 89 41 7 9 62 8 92 84 58 89 93 59 52 35 31 99 46 4 25 5 53 76 98 7 43 92 94 98 95 65 53 74 11 64 8 1 56 38 53 22 0 13 40 32 28 97 16 54 71 37 83 60 44 55 80 67 53 18 74 30 23 92 85 13 33 28 56 84 57 83 10 94 86 9 9 78 91 7 33 12 21 43 21 68 33 29 2 48 55 24 71 29 65 29 29 30 19 28 91 89 38 19 22 46 25 70 55 10 88 81 71 61 72 21 48 35 28 27 16 13 16 48 28 92 76 73 78 24 26 20 32 33 51 83 74 21 34 48 76 60 10 9 68 80 99 93 35 36 97 78 64 79 98 17 71 14 86 22 83 64 59 45 9 34 92 13 59 3 8 46 3 79 63 63 53 99 57 81 73 4 14 91 7 32 64 65 8 19 35 10 70 
51 73 71 27 89 30 33 2 70 16 23 96 79 13 71 39 32 68 82 89 97 83 53 63 63 9 61 77 76 77 76 98 32 39 96 49 11 15 81 69 28 22 49 21 90 62 20 73 16 92 85 48 27 84 46 91 97 63 49 53 35 40 2 98 1 84 19 67 31 15 87 87 27 8 83 23 45 64 20 34 81 36 80 16 75 87 72 79 48 13 30 93 34 98 21 56 65 96 67 90 21 58 84 1 82 11 78 73 59 76 40 79 4 89 50 4 23 56 2 33 7 35 45 81 20 17 50 65 7 73 28 81 72 91 70 19 29 29 31 30 73 28 95 57 31 62 3 3 70 34 79 31 9 20 36 55 62 95 71 22 40 72 57 7 98 80 92 35 69 76 0 63 49 20 3 70 36 94 11 88 45 25 75 90 89 32 80 54 56 68 82 66 96 92 19 53 84 44 26 45 41 73 10 35 81 97 57 62 46 50 10 20 65 4 21 60 79 82 60 41 73 58 88 61 19 79 4 86 63 66 45 71 27 52 13 65 68 82 87 42 21 64 77 37 77 12 92 42 43 46 31 27 67 38 71 88 86 20 39 71 39 8 78 88 41 93 16 10 40 60 4 35 68 96 18 80 59 98 35 64 90 27 43 52 72 94 0 92 66 42 96 40 12 22 78 47 7 20 55 75 51 30 43 95 29 31 39 88 81 24 30 78 60 87 23 74 70 15 85 75 67 9 13 94 4 81 71 80 28 22 63 62 8 96 99 36 18 18 53 96 61 79 82 86 19 23 81 85 28 28 90 12 79 8 18 76 99 84 52 50 82 11 7 56 28 41 37 2 74 26 54 55 47 4 0 63 83 67 11 96 17 47 67 10 98 70 34 68 47 68 59 21 93 65 48 61 11 62 84 5 
40 4 51 37 74 70 85 95 85 52 90 63 61 33 48 78 57 71 70 80 8 80 6 11 57 10 0 70 47 22 22 83 18 85 30 67 93 47 99 22 4 30 42 4 74 64 23 62 94 14 69 16 49 83 83 84 28 5 99 84 86 73 46 18 91 28 8 97 36 82 25 83 98 41 0 91 92 88 24 11 15 11 95 83 25 4 45 86 39 19 54 26 39 39 73 61 26 23 48 68 20 34 39 76 48 88 63 41 40 92 60 21 46 2 61 59 69 74 1 96 58 28 56 60 47 12 70 93 91 8 19 9 54 57 36 61 96 0 62 33 14 54 28 81 79 17 50 3 50 53 96 9 19 78 96 12 17 99 22 71 58 32 67 10 99 70 10 21 86 15 39 30 49 97 94 66 8 18 51 33 78 67 13 16 63 72 73 32 96 9 15 96 80 84 38 30 40 25 11 29 93 31 95 31 37 25 30 86 59 92 20 78 3 57 32 8 34 66 25 28 15 93 24 10 35 87 30 8 47 42 55 22 96 76 90 80 76 26 92 59 32 54 55 37 56 82 21 68 46 59 83 0 8 94 47 46 55 71 69 63 78 80 62 55 82 50 55 17 78 94 91 64 91 1 25 24 76 34 16 21 27 67 7 87 96 37 29 88 89 31 67 3 13 35 77 76 2 50 38 50 89 42 25 10 69 54 9 31 89 31 58 18 49 96 67 75 60 74 59 7 21 81 71 3 81 8 70 55 37 84 35 45 20 2 46 68 84 38 66 52 38 15 2 55 51 75 5 50 19 74 66 66 61 17 55 96 96 61 84 98 22 80 60 95 32 24 38 97 3 4 21 1 17 91 58 7 88 62 47 89 62 89 95 78 95 5 4 85 88 31 54 80 0 85 9 97 91 48 5 93 
0 30 97 35 91 54 38 75 30 79 42 40 79 48 53 68 0 90 1 30 95 77 96 35 49 3 63 13 37 44 2 94 39 42 47 92 94 30 47 74 65 0 94 69 6 29 66 28 39 50 5 33 58 95 54 86 80 60 55 2 34 3 27 64 5 5 97 15 73 83 87 63 88 9 9 18 14 23 69 78 61 34 86 71 68 93 11 17 84 43 47 23 71 84 44 80 12 78 58 25 88 0 51 21 15 52 72 89 73 47 24 84 50 60 26 86 10 92 67 75 29 60 77 57 91 80 26 24 40 90 56 23 52 51 62 77 13 51 61 97 20 17 5 95 11 33 12 64 13 8 27 16 43 96 31 96 52 48 5 44 9 69 84 5 27 31 24 59 57 2 75 35 87 36 10 17 76 96 20 28 11 59 76 9 96 0 15 31 77 65 41 22 73 25 50 44 85 45 64 81 20 46 57 77 69 4 25 8 87 5 61 85 57 68 14 12 97 34 68 65 48 80 32 75 50 46 48 11 44 94 39 76 42 58 36 93 26 89 37 71 71 97 33 60 38 2 61 77 84 69 6 69 61 85 5 31 10 20 8 9 71 90 95 4 73 77 8 96 14 46 92 66 29 84 75 61 56 43 86 28 99 32 66 51 12 88 96 58 76 93 16 1 98 24 45 91 39 37 40 93 62 81 73 40 17 86 53 51 76 64 15 14 76 64 7 23 48 92 69 13 58 55 59 59 43 99 54 70 31 26 93 11 85 19 67 60 72 72 65 15 69 88 65 60 99 67 52 63 27 29 1 71 98 39 80 69 24 94 4 49 80 45 71 4 51 8 39 56 17 56 25 66 73 59 7 57 14 94 8 72 47 0 63 28 27 59 23 8 24 30 5 86 33 83 30 84 85 84 77 7 
45 10 93 66 11 75 28 14 1 76 16 7 87 32 3 71 54 4 14 28 90 63 81 16 16 53 61 46 60 91 89 59 55 62 25 32 55 4 81 94 93 64 69 48 74 77 54 41 72 24 80 59 93 99 0 48 35 8 53 59 70 3 58 44 35 29 34 13 0 87 97 89 76 73 15 42 96 62 65 2 75 66 20 92 37 55 3 89 76 27 0 64 97 69 86 54 74 59 26 50 25 59 41 70 82 64 87 55 41 67 14 80 20 5 68 62 83 92 46 12 50 87 97 21 31 11 42 65 97 29 80 56 57 64 50 49 55 73 69 66 36 22 24 8 94 56 40 83 40 94 0 88 24 91 19 75 96 22 1 66 63 22 64 81 87 63 70 28 63 89 54 81 91 30 57 52 98 54 9 90 65 79 71 6 91 72 46 68 79 34 79 32 34 40 23 14 54 52 94 37 22 64 59 56 87 83 48 14 59 69 11 79 13 0 23 79 81 47 94 42 5 32 60 13 99 41 57 68 34 25 34 69 25 17 85 35 97 5 0 20 38 94 57 81 2 99 49 98 65 19 45 53 13 40 33 14 6 59 91 53 29 79 36 90 36 23 97 57 63 68 38 20 16 15 39 5 76 7 81 16 41 16 67 70 72 38 19 77 19 28 61 53 60 11 87 67 85 89 9 24 72 39 76 70 50 84 26 19 15 31 84 32 53 61 37 7 47 43 53 91 79 25 6 25 92 27 20 57 44 50 63 72 15 35 69 27 90 94 7 30 34 88 82 83 23 49 24 40 78 3 99 88 20 1 84 4 65 19 34 80 98 22 95 21 32 77 63 66 25 8 12 18 35 41 0 54 40 21 48 71 62 48 73 65 95 42 5 74 37 57 96 7 74 41 28 81 70 90 93 34 
95 14 50 74 42 41 40 47 78 7 52 28 44 92 4 47 30 80 40 31 30 37 86 65 93 19 70 61 46 36 76 29 30 55 40 86 46 73 60 12 95 56 89 5 69 54 80 16 82 79 97 0 43 13 1 81 80 99 5 11 73 67 39 21 55 75 6 31 63 8 3 59 25 94 61 79 28 1 74 72 91 67 85 21 34 58 76 96 45 71 6 22 56 16 33 59 59 75 57 1 25 24 87 93 8 21 55 34 22 33 37 84 25 90 18 14 9 52 41 14 86 12 42 18 10 5 31 90 95 16 62 89 9 40 77 89 0 88 25 78 61 80 96 21 4 58 49 54 91 82 40 24 47 3 23 77 24 56 3 89 78 37 24 22 91 84 51 97 4 13 49 0 61 37 79 88 80 24 12 63 26 92 12 98 93 42 3 46 65 87 33 5 90 28 29 83 75 28 3 85 77 76 52 89 97 15 31 77 64 57 84 93 48 0 87 6 45 60 63 85 92 82 57 81 61 70 16 39 27 36 84 60 15 10 52 4 36 92 36 87 71 33 2 68 14 90 30 22 29 87 60 6 17 24 43 53 36 17 3 17 24 53 12 6 32 11 82 27 91 42 6 74 70 17 42 92 53 98 58 18 6 36 55 33 65 85 29 53 54 86 92 83 44 27 25 57 46 32 53 78 99 91 51 64 54 53 66 12 56 71 27 25 93 94 35 60 79 51 4 91 65 54 40 48 29 59 63 97 20 8 72 4 66 94 26 97 3 22 69 74 31 3 29 36 64 65 15 2 53 98 5 70 64 22 13 32 90 79 73 64 93 19 24 81 28 11 86 93 22 4 11 79 20 19 49 92 6 84 86 12 71 87 88 6 6 27 88 31 33 65 23 34 12 10 69 11 47 64 38 60 
19 77 29 62 39 19 94 44 84 10 33 20 63 48 16 38 6 8 26 33 67 47 86 31 80 85 73 11 48 90 23 61 93 68 56 54 87 33 96 26 91 29 35 46 62 66 62 22 90 41 83 49 90 64 91 61 80 15 52 48 99 82 69 87 32 75 91 27 83 91 49 72 43 3 16 29 17 3 42 21 72 8 79 54 55 88 99 33 82 56 43 46 84 57 4 61 9 0 91 27 88 46 22 97 7 52 93 93 11 46 40 25 14 71 41 42 29 4 27 83 54 88 4 45 67 17 44 98 33 12 98 61 29 30 10 6 1 51 81 69 2 54 72 33 3 79 79 89 9 86 39 43 21 61 46 86 15 48 88 1 51 44 23 73 65 61 38 35 38 5 23 4 42 39 47 75 34 71 92 26 18 86 17 91 19 64 47 16 59 13 91 88 7 12 81 47 14 35 87 44 28 50 80 49 92 8 37 4 14 77 79 4 47 58 66 85 63 90 88 61 90 66 64 69 42 81 76 82 91 28 33 75 47 41 8 68 35 85 25 98 54 24 4 32 54 55 24 72 82 86 15 13 74 45 98 56 72 94 0 68 3 99 50 97 55 82 14 67 48 72 61 47 89 56 17 64 13 51 8 15 41 53 48 68 20 28 17 62 5 50 7 22 97 5 44 55 96 79 85 78 22 97 37 56 64 69 87 66 99 69 36 81 49 30 65 52 46 63 31 77 40 82 76 86 10 24 96 11 45 77 33 83 71 32 30 25 55 57 54 83 96 40 89 85 15 3 36 66 81 39 59 84 39 36 41 70 43 57 46 76 47 65 8 37 34 13 34 61 3 66 92 4 94 16 88 89 1 38 37 5 8 59 6 69 74 95 70 86 45 23 46 21 47 74 64 10 8 22 27 88 
12 10 0 10 89 27 26 75 62 57 10 99 29 32 26 54 49 25 98 94 31 93 30 43 54 63 3 61 43 2 77 79 83 82 55 50 11 93 90 44 61 18 89 91 56 92 97 60 4 60 5 84 6 87 89 48 56 68 48 72 58 89 9 24 26 63 79 67 11 6 71 29 75 91 56 7 95 37 34 74 44 8 36 93 69 29 14 75 44 75 14 3 30 59 20 29 51 25 72 47 6 78 3 59 23 38 55 50 63 56 82 85 54 15 22 90 79 19 1 16 76 77 65 67 41 82 81 20 5 25 61 92 28 95 88 16 88 78 38 22 16 20 32 59 83 92 69 87 64 60 6 71 64 68 12 5 78 84 88 54 65 49 20 69 16 32 36 26 86 5 55 51 91 19 24 7 69 92 5 93 56 67 13 72 10 92 89 17 46 81 5 6 46 68 32 86 62 41 34 11 61 58 82 42 63 48 21 53 6 73 44 91 92 44 33 24 41 99 27 36 38 22 12 2 97 39 49 42 32 49 9 92 89 5 3 20 41 60 7 39 47 13 12 83 81 96 92 19 6 5 76 20 97 36 68 73 76 57 98 89 57 21 27 59 44 15 82 6 77 95 28 70 99 24 77 16 26 57 13 85 17 7 46 65 12 38 41 3 0 99 47 91 99 0 32 41 44 14 32 54 56 74 58 72 59 48 71 26 40 30 43 75 77 58 89 12 14 53 55 31 15 78 35 77 19 10 88 73 50 21 28 78 61 29 7 40 9 60 94 39 49 97 4 52 10 71 37 29 50 93 39 39 60 42 1 60 60 5 37 70 95 5 64 10 29 37 18 69 72 81 6 48 22 94 10 66 20 2 46 49 81 72 25 40 16 16 35 80 5 41 1 37 14 0 70 67 52 88 57 5 
7 54 15 11 38 84 67 51 64 19 17 18 0 37 23 86 77 17 46 35 62 98 13 52 51 90 6 11 71 53 87 93 14 71 5 50 21 22 71 77 66 9 71 12 96 28 53 76 36 30 57 27 43 18 98 6 42 5 21 54 3 93 15 23 97 71 0 66 85 14 70 85 83 98 78 81 98 94 56 92 62 99 45 64 61 81 87 24 62 10 74 10 52 62 41 42 45 64 92 35 50 24 61 7 52 18 78 72 79 98 40 2 41 54 27 10 6 70 40 47 76 11 97 56 21 19 46 36 76 14 43 3 1 35 65 32 66 80 21 21 74 74 23 27 19 49 85 7 71 51 70 92 54 59 0 79 94 35 43 32 59 26 67 73 61 29 90 22 60 60 65 1 2 3 88 91 34 30 46 98 4 37 56 67 79 50 76 31 41 96 12 9 54 14 78 72 40 16 62 12 30 87 88 85 23 53 40 0 79 14 73 86 35 22 5 65 93 51 27 79 99 76 78 27 47 36 44 30 4 42 51 92 53 82 5 39 77 51 76 86 95 53 84 89 11 18 15 76 13 61 19 11 14 78 97 58 46 47 55 88 63 3 83 23 87 17 19 41 9 80 35 89 88 96 70 77 36 74 2 5 19 28 14 82 83 64 0 43 86 83 38 96 45 3 33 58 40 87 55 36 3 53 96 81 59 72 27 32 26 25 36 53 93 65 2 33 66 76 50 31 82 89 41 84 8 41 30 26 61 78 86 93 63 47 75 8 77 50 90 67 77 92 91 95 27 87 8 42 25 88 35 4 48 12 22 80 22 25 34 40 50 99 77 39 43 68 82 45 32 55 23 74 11 74 38 76 26 47 4 74 91 89 41 83 29 6 71 34 16 93 89 1 74 55 92 12 85 38 19 75 
74 2 52 68 39 80 33 51 97 82 41 66 44 63 10 63 94 85 21 46 48 1 68 40 98 77 96 94 65 19 71 30 50 71 58 58 92 37 2 30 10 86 13 79 50 32 52 89 65 97 0 70 65 95 37 3 64 14 50 53 3 22 21 3 39 88 36 37 43 67 32 47 12 80 79 95 4 35 1 43 71 78 18 18 69 80 90 75 25 61 59 23 55 59 61 8 94 63 79 3 80 98 82 89 2 62 40 43 76 12 7 84 31 20 6 17 36 22 8 93 62 2 49 58 21 22 29 4 61 1 56 18 78 52 21 39 97 39 44 54 64 83 55 29 13 36 93 40 61 17 65 43 77 94 23 43 82 19 18 89 64 61 9 79 91 74 11 92 36 73 1 21 59 7 58 9 9 87 54 88 69 14 15 17 54 89 1 70 78 49 24 50 82 49 87 10 65 76 10 9 39 71 45 48 8 51 71 75 90 24 18 15 63 92 29 28 6 31 23 63 43 57 95 47 41 19 91 0 66 78 63 70 63 70 90 83 75 95 88 24 62 14 21 88 88 47 6 35 64 79 16 48 38 10 11 98 70 72 2 9 8 70 35 19 12 38 12 21 66 73 10 27 5 44 16 19 64 60 90 41 57 54 30 90 62 45 6 77 83 94 14 93 58 44 47 15 54 58 19 62 24 61 54 24 71 51 88 5 34 70 23 54 32 58 60 19 81 62 94 61 73 37 1 87 25 98 67 46 87 18 26 60 32 59 41 33 11 77 87 84 24 85 37 25 71 71 24 44 98 78 62 21 23 12 83 46 26 37 71 33 43 76 77 76 95 1 37 5 35 83 22 76 80 32 12 28 12 69 46 44 42 87 45 75 16 22 49 42 64 35 82 99 48 62 66 98 71 18 80 59 
33 5 12 67 5 26 98 80 13 50 25 32 98 34 24 37 15 60 91 37 7 12 27 47 47 31 98 22 45 7 98 34 73 44 4 88 98 23 79 90 10 89 1 67 80 68 38 69 64 49 13 40 88 83 6 56 33 51 15 85 86 31 43 7 84 65 74 0 11 3 25 6 43 66 15 95 57 54 0 84 37 2 7 17 59 39 43 45 76 4 25 23 96 92 21 22 55 92 69 55 64 14 54 17 13 61 90 65 24 5 46 71 2 51 71 15 58 23 93 70 2 78 74 21 86 58 78 79 15 51 12 93 37 50 0 27 64 79 81 54 19 59 16 82 64 38 25 5 99 33 55 55 92 49 9 54 77 88 17 38 85 81 89 21 68 37 37 38 72 89 59 61 70 87 94 84 35 60 26 60 1 88 46 85 48 33 44 98 44 29 29 75 53 47 8 71 41 68 81 45 49 52 14 71 78 31 49 69 92 47 14 55 69 81 97 35 64 29 3 92 52 53 9 36 43 60 46 93 78 22 76 70 36 92 47 38 93 69 0 36 79 19 98 51 55 57 56 19 0 81 57 49 22 31 21 17 15 55 62 76 10 33 29 48 79 48 13 72 12 88 23 27 46 74 37 66 5 78 91 30 44 59 36 89 45 48 34 0 99 2 32 1 70 11 53 38 38 77 37 31 92 81 7 26 49 82 2 70 32 30 62 74 34 29 46 53 4 1 29 65 28 58 54 86 48 13 44 36 37 53 68 58 20 5 12 74 78 50 57 32 21 67 25 19 26 90 50 26 15 56 33 61 53 30 45 74 73 83 98 1 26 82 26 5 81 19 50 73 71 96 90 65 93 38 40 60 77 6 13 42 43 74 66 53 94 91 24 4 23 83 65 73 16 83 16 29 81 26 53 32 
74 73 93 8 62 87 43 32 34 5 95 86 64 33 13 1 50 89 0 12 76 97 30 15 3 42 87 60 69 76 64 50 59 9 14 42 31 1 94 57 16 42 37 20 6 8 53 65 45 72 83 29 0 81 18 53 81 60 68 22 71 26 53 67 49 52 35 5 83 41 85 85 2 6 44 25 53 18 12 77 11 86 79 54 17 24 77 95 78 98 43 44 65 91 22 51 33 64 47 0 25 34 75 11 39 60 44 9 79 84 93 48 63 27 28 51 57 28 63 29 93 91 56 80 11 20 28 80 35 19 58 90 75 54 61 31 10 10 56 39 44 22 11 55 17 93 53 40 17 19 92 14 38 96 84 53 18 31 92 38 25 65 72 79 83 43 7 35 47 6 14 38 34 60 50 94 45 15 32 51 34 57 32 5 66 44 1 63 76 0 8 41 18 42 41 65 59 71 60 2 12 36 27 93 11 11 64 74 11 67 79 84 17 10 34 62 29 14 12 97 23 90 52 36 81 77 87 72 68 38 37 97 40 17 6 24 50 6 95 73 20 32 76 44 13 4 53 67 5 91 95 45 87 16 89 31 64 28 41 3 94 43 45 72 89 56 53 29 32 62 97 59 86 30 53 52 56 62 10 35 6 8 65 95 17 82 0 63 18 93 60 33 68 22 17 36 82 38 39 38 49 83 99 16 53 97 90 37 77 19 80 95 59 94 44 94 78 97 16 81 50 35 84 45 68 69 61 4 78 82 40 85 12 36 1 63 16 29 78 29 20 5 39 85 59 20 88 63 65 37 7 59 1 17 0 55 35 97 24 2 51 34 33 3 62 60 32 83 95 56 45 38 52 35 32 39 26 31 65 90 94 14 8 48 96 6 31 39 4 38 10 82 96 80 30 66 25 70 6 7 
50 54 94 35 60 38 23 39 69 91 25 57 65 35 47 18 47 80 62 52 74 19 97 29 0 50 54 63 64 75 6 33 66 37 20 16 71 49 76 96 23 16 93 34 42 29 62 29 17 46 24 83 77 86 9 13 77 52 50 31 87 63 71 81 99 96 76 47 78 92 25 30 53 42 60 65 75 45 86 14 2 3 19 26 92 66 28 2 28 0 46 11 60 31 37 55 34 19 20 79 67 85 72 76 64 58 22 54 90 89 30 66 32 24 47 16 63 23 32 4 55 30 82 91 97 71 91 51 57 81 92 10 60 84 43 73 76 47 31 70 79 94 8 67 72 43 64 53 34 99 59 48 22 51 46 66 3 41 63 81 24 30 58 83 38 98 65 51 72 33 46 87 3 84 33 45 78 82 93 21 49 87 46 39 52 6 70 95 36 85 89 97 50 20 8 42 48 61 18 86 96 92 64 34 52 48 14 63 98 52 69 51 99 49 86 65 83 97 74 64 67 17 22 45 18 68 71 0 32 70 2 23 7 58 19 39 86 66 68 46 28 30 40 88 84 85 37 74 37 37 70 80 2 29 69 61 57 60 70 42 23 3 88 39 44 69 32 89 8 35 29 56 44 66 49 49 19 15 98 46 77 25 51 2 75 18 29 24 44 34 19 28 36 65 51 14 39 64 26 95 77 84 92 82 91 68 46 6 33 73 7 27 35 72 23 74 91 11 39 21 68 8 96 22 28 37 2 45 73 76 12 37 38 74 85 11 11 52 10 42 8 0 26 7 97 39 78 15 18 86 72 80 47 19 48 18 69 21 34 15 78 99 29 89 1 73 77 36 40 72 58 88 28 57 44 99 16 72 77 8 91 58 45 16 98 29 92 11 56 77 66 48 32 78 79 85 38 44 94 27 
91 86 61 85 99 85 97 34 91 70 97 33 73 4 11 1 39 8 54 72 50 28 18 89 29 52 91 18 29 84 82 15 18 11 45 58 94 14 29 81 28 66 25 58 63 48 70 58 59 67 59 56 95 72 80 88 31 90 40 7 32 4 3 1 89 73 77 86 95 49 44 68 35 34 65 51 35 24 11 4 19 21 92 33 77 20 8 55 77 99 63 29 80 77 89 54 43 87 8 58 56 59 38 62 48 2 66 14 5 63 69 10 32 27 9 15 51 41 26 83 42 8 78 29 16 41 92 34 9 82 60 14 0 44 94 25 44 63 52 84 3 83 30 32 4 43 96 14 83 50 70 72 11 83 2 46 40 74 54 75 24 61 91 49 75 83 76 97 80 67 55 35 95 30 30 88 72 73 93 83 78 8 71 89 30 9 53 74 4 32 5 37 17 60 46 27 3 41 69 88 53 11 98 78 58 87 42 55 53 44 29 29 95 43 17 32 37 82 37 20 22 2 76 43 90 26 41 77 59 4 80 42 55 40 83 32 91 40 52 47 1 5 39 28 7 36 88 36 56 13 53 63 71 80 66 51 14 2 94 92 17 88 32 37 11 61 24 38 14 68 10 34 59 61 41 90 11 54 88 29 46 12 25 96 81 96 69 95 53 9 10 34 85 98 52 10 40 95 37 61 25 54 39 20 88 26 12 11 38 24 64 61 94 21 69 16 15 70 94 0 12 9 6 89 81 92 41 29 49 8 29 84 93 27 50 78 41 47 99 48 17 76 46 29 60 5 96 22 92 5 11 73 28 63 40 53 1 70 16 77 8 70 86 88 67 45 38 10 84 76 21 47 3 20 66 61 40 70 32 36 12 94 69 6 22 24 57 19 87 67 23 61 21 41 47 45 23 21 56 47 
69 56 57 23 80 23 6 33 98 56 30 52 29 76 60 86 61 78 96 18 22 89 53 13 49 76 0 93 65 17 42 66 94 23 20 40 59 21 22 65 28 49 60 66 44 79 46 77 33 3 97 49 14 20 54 54 34 66 70 10 84 96 70 75 55 55 28 74 11 7 24 52 64 68 23 29 35 89 65 95 54 14 81 52 51 25 46 51 47 59 42 44 1 52 62 15 86 67 87 62 38 13 61 31 33 87 70 33 40 54 9 68 16 49 49 19 56 64 90 51 47 30 24 4 82 39 58 17 86 80 14 11 58 28 61 47 88 33 35 84 59 68 43 17 53 5 58 42 11 34 44 88 99 12 62 0 32 83 75 95 14 5 65 1 25 49 88 21 69 97 22 23 81 75 23 11 20 59 94 20 78 79 88 78 34 80 25 2 10 77 51 96 3 23 87 34 72 69 58 74 41 77 16 82 73 86 80 49 7 85 86 7 80 36 46 7 5 73 93 1 81 45 16 14 97 92 40 80 58 90 55 54 39 90 30 81 41 83 80 36 67 47 52 74 9 94 56 10 10 58 48 99 9 94 55 55 29 19 24 73 23 64 48 27 3 87 15 18 97 15 95 49 32 13 40 35 29 11 36 45 33 34 38 61 20 13 85 18 33 75 77 85 6 69 98 7 94 36 72 81 35 19 32 71 13 55 70 18 74 27 82 50 3 5 73 4 23 47 52 80 74 80 40 45 1 62 8 6 21 78 53 30 64 47 99 66 59 31 18 31 96 89 12 12 94 88 39 61 92 46 34 61 83 56 78 51 5 8 5 14 10 77 10 49 92 96 28 28 42 60 38 73 2 72 84 41 15 3 58 96 73 84 73 23 96 82 92 46 69 44 17 83 31 23 79 16 49 7 7 77 
99 37 56 24 70 60 15 73 62 63 8 96 2 40 73 31 34 74 98 34 54 53 63 98 43 42 24 90 55 56 39 12 69 14 48 29 61 17 90 15 2 87 25 94 52 2 18 93 46 86 34 31 64 61 77 33 45 9 72 19 38 34 20 48 58 33 74 93 30 40 53 85 61 51 1 64 12 58 99 68 64 79 58 75 96 65 12 88 96 63 52 83 79 13 31 64 24 47 6 71 89 36 93 8 80 55 38 43 64 13 30 42 59 14 12 75 84 68 11 0 29 89 45 29 76 30 25 39 80 48 47 58 42 53 16 46 31 5 99 60 61 2 28 69 3 70 75 31 1 57 37 76 26 89 15 85 31 44 28 64 4 53 5 69 28 14 5 7 3 61 28 6 96 27 10 53 65 34 13 1 75 21 76 20 54 8 60 59 9 87 32 99 56 84 42 60 50 93 25 44 60 3 48 82 21 83 8 18 56 94 55 7 57 39 49 13 44 13 43 43 36 33 34 97 60 99 83 70 34 81 93 51 72 15 33 83 49 17 49 93 67 75 78 77 13 54 20 18 57 27 63 50 21 67 56 88 58 82 4 66 30 68 21 56 86 9 52 28 10 24 89 71 54 21 66 93 87 73 89 38 47 12 5 54 14 59 35 46 94 66 65 27 67 74 12 54 84 77 28 61 67 23 87 32 66 2 21 34 65 87 10 0 55 30 51 96 53 8 74 50 96 60 13 98 4 68 12 33 80 43 7 93 46 94 94 47 4 55 91 29 78 2 84 8 5 21 29 20 41 23 5 97 56 8 61 81 56 16 18 13 47 85 2 25 57 17 28 0 43 94 90 52 45 55 24 44 87 31 17 81 88 78 54 87 36 4 63 82 42 79 67 33 63 50 34 88 28 93 21 60 
64 33 90 17 55 68 10 5 77 99 86 86 53 31 15 2 3 53 79 31 41 81 70 65 51 1 45 65 46 71 47 50 12 52 34 67 30 16 35 86 19 25 29 6 55 68 25 6 92 37 31 91 87 54 6 73 94 85 38 37 42 40 84 20 36 70 57 93 36 23 84 51 6 30 43 17 4 0 33 66 4 75 42 58 25 5 39 83 43 10 48 33 13 56 99 42 97 21 72 28 5 87 96 20 48 95 56 49 96 0 0 24 49 91 16 86 62 61 5 64 10 55 69 93 99 67 48 82 95 68 59 64 67 73 47 44 68 34 72 20 4 58 10 11 4 87 75 1 9 98 82 13 33 94 3 72 97 10 77 68 98 82 48 21 31 24 98 38 93 42 94 82 17 50 51 12 62 1 40 78 46 84 32 42 86 63 10 1 9 72 10 38 93 6 96 55 57 37 41 63 96 26 92 77 40 36 46 19 69 76 68 15 98 31 18 11 96 71 32 68 92 18 31 97 85 52 3 17 9 19 32 29 23 42 99 29 69 5 64 20 35 51 98 37 96 13 56 24 73 77 26 10 2 45 43 34 51 35 19 73 35 22 75 45 10 75 22 78 97 83 47 60 17 92 62 1 85 17 32 4 18 3 81 99 35 8 39 7 54 8 67 80 45 36 48 52 78 98 6 59 11 53 21 21 31 30 67 14 96 3 44 56 95 22 2 87 66 22 89 18 72 95 42 23 95 5 69 64 99 84 15 5 57 26 53 76 84 1 58 48 42 94 67 72 55 92 79 94 74 50 10 66 67 79 94 7 20 96 57 3 71 6 33 3 74 82 8 39 95 62 70 85 41 69 71 68 78 62 67 22 0 63 2 92 40 22 12 55 46 10 74 45 12 45 14 91 42 29 17 11 
49 77 57 63 82 48 57 61 2 94 21 27 47 38 85 56 84 36 67 11 57 79 10 17 58 94 3 99 61 15 79 38 15 21 20 49 44 57 84 3 62 48 5 83 49 59 94 54 63 88 12 25 61 68 31 40 95 38 54 38 40 93 61 1 52 99 67 77 52 1 25 83 92 42 58 81 42 75 51 25 0 42 99 49 90 27 97 24 22 30 70 21 86 65 86 89 42 57 89 9 3 28 79 35 72 60 16 3 48 82 64 35 55 96 16 91 73 51 75 73 94 95 3 73 82 62 28 89 92 1 55 34 17 52 18 79 39 50 30 19 54 23 96 76 12 48 27 6 57 66 83 10 51 20 86 10 14 37 21 24 63 33 78 34 80 8 85 99 18 82 30 43 39 34 56 38 82 14 1 88 24 13 24 57 70 74 70 71 16 64 38 53 60 92 56 16 67 73 47 70 13 31 52 77 81 60 27 37 18 44 38 90 6 19 96 67 78 20 49 45 84 60 72 70 19 62 87 84 28 24 83 87 56 57 11 44 35 92 69 46 71 91 73 33 71 9 59 42 64 93 18 24 50 35 45 30 12 29 18 9 48 75 31 88 33 79 56 9 27 93 79 96 41 74 17 41 10 5 13 39 81 44 22 24 40 65 5 59 22 14 4 85 1 76 93 34 75 28 77 27 38 83 48 73 12 1 41 85 99 52 8 16 48 1 84 24 70 25 98 1 75 38 82 6 67 34 16 83 62 61 4 10 60 75 16 49 35 69 77 99 32 15 67 44 17 3 56 95 73 81 99 87 49 25 44 88 63 73 93 22 27 90 0 95 12 78 17 0 22 84 80 34 98 16 2 11 75 14 68 93 33 57 40 93 37 83 26 81 78 5 58 70 58 74 75 5 38 21 9 95 
59 44 4 9 49 61 74 96 92 43 23 99 67 57 18 87 79 29 30 91 62 17 57 34 96 14 20 62 69 54 94 19 26 13 94 6 8 73 44 6 6 58 58 62 30 7 25 97 74 77 66 59 14 62 39 29 76 98 26 44 25 74 80 65 55 24 35 13 55 28 65 84 94 26 7 64 24 38 24 93 91 83 61 60 57 5 87 0 47 13 22 30 1 16 43 46 30 65 93 42 78 83 79 15 28 35 12 69 99 3 7 23 82 14 22 68 80 92 4 48 13 8 30 86 72 50 50 10 40 64 15 45 37 84 79 40 15 46 19 95 83 44 55 56 85 36 31 15 61 39 83 33 91 73 12 56 70 8 91 22 3 90 73 3 82 64 52 4 83 58 88 18 82 11 83 69 14 40 40 75 41 58 88 60 34 53 30 64 93 3 82 83 25 16 46 26 84 14 36 96 66 45 2 53 58 51 95 2 73 42 72 38 67 21 82 16 51 70 67 68 88 10 88 74 48 37 36 84 23 33 59 11 9 79 49 67 0 45 68 39 86 29 3 73 69 55 99 68 31 52 59 95 55 25 7 13 73 77 96 12 1 43 75 96 45 5 58 76 54 29 78 36 67 94 29 25 38 5 3 18 63 59 70 93 18 38 14 64 77 31 88 89 37 28 50 87 81 29 71 3 39 93 13 68 17 48 71 59 62 39 24 38 60 0 22 81 25 71 88 93 97 33 81 58 35 31 48 56 93 46 20 68 62 97 19 47 51 21 26 52 48 61 16 29 92 55 71 90 79 62 25 26 46 50 52 39 64 96 12 33 41 77 96 92 32 11 57 87 3 44 97 64 88 91 31 51 80 67 97 79 7 68 82 51 77 16 52 32 18 52 66 17 80 53 11 69 67 32 78 11 
78 96 75 99 35 98 45 78 65 32 25 73 99 35 1 71 71 66 37 21 70 99 24 4 49 86 12 98 96 72 74 68 39 25 74 53 50 77 22 93 6 8 52 96 38 60 84 60 90 8 45 30 43 59 92 0 96 2 38 47 37 62 23 45 47 0 22 76 66 62 37 60 72 80 87 89 18 2 35 46 11 12 40 38 7 46 65 48 41 53 71 32 37 30 95 15 51 87 95 21 14 48 7 29 33 8 18 26 20 12 24 42 12 49 9 49 78 80 4 57 57 8 68 4 21 67 45 56 84 20 48 62 58 34 30 89 54 2 1 31 26 19 8 14 48 10 5 5 98 11 90 85 91 77 16 10 59 16 62 61 78 0 88 77 23 3 66 0 55 38 43 60 98 6 59 59 21 68 51 28 1 8 43 66 89 66 96 31 62 90 77 66 64 32 29 58 61 33 79 80 31 36 13 32 42 28 66 14 9 64 66 66 92 52 36 89 81 38 60 59 78 76 68 32 76 4 78 47 70 27 6 84 67 64 28 24 9 30 25 97 48 99 28 55 93 78 46 7 91 43 10 97 4 58 45 48 98 28 40 75 92 78 19 49 85 84 4 28 58 37 25 70 90 21 26 93 80 57 29 40 14 33 15 59 30 93 73 17 89 27 86 6 86 29 90 61 45 7 62 49 52 79 94 19 53 53 56 26 89 36 43 1 25 35 30 33 52 0 32 34 14 98 15 79 82 82 58 7 40 42 10 79 40 47 12 30 10 78 65 62 63 92 97 65 85 84 51 81 21 12 81 55 75 94 59 68 20 47 34 58 55 70 67 48 14 26 83 67 24 67 65 65 22 93 62 82 73 48 90 84 36 35 61 87 46 16 22 51 25 85 19 87 56 96 20 96 52 33 25 78 
94 49 36 34 62 89 99 42 77 61 10 97 62 42 48 11 4 49 70 94 53 66 71 36 5 12 62 12 36 50 88 81 82 49 36 0 9 42 20 80 38 99 19 21 62 36 58 75 60 10 86 29 21 10 67 91 42 3 43 99 95 20 45 14 90 18 91 34 31 85 67 69 57 61 38 66 76 19 9 36 8 25 60 20 56 83 63 30 3 93 21 1 86 26 42 13 77 81 17 38 38 40 17 27 41 31 59 66 24 14 17 21 56 15 74 76 21 55 17 80 6 80 74 60 23 58 1 37 27 48 29 53 52 65 46 16 61 26 80 84 41 35 50 1 79 4 15 66 14 66 39 88 69 96 31 90 42 47 20 17 60 81 16 67 51 58 97 28 40 57 60 40 72 50 40 12 0 95 48 33 23 87 20 19 72 40 96 82 34 24 75 11 64 58 63 28 57 21 31 85 98 52 24 94 77 88 4 52 62 87 6 50 30 55 96 72 94 79 19 12 72 56 68 81 93 87 81 48 41 42 43 85 71 22 25 76 92 76 96 88 72 73 49 30 18 2 54 87 15 97 23 92 3 98 59 78 47 21 91 65 48 71 84 79 71 53 2 72 29 22 76 79 44 86 12 14 82 73 79 13 34 81 37 87 24 50 78 85 25 87 62 19 77 27 33 40 89 83 37 45 37 33 79 14 45 10 90 23 16 64 26 17 89 78 25 40 21 65 34 61 48 64 47 38 6 41 33 61 29 42 84 57 53 64 1 59 12 65 60 54 85 86 29 22 75 61 8 38 80 51 50 59 7 87 11 63 48 98 54 55 7 17 20 73 79 64 26 73 23 40 13 74 10 91 85 50 63 3 7 16 68 55 40 37 63 72 54 76 64 88 4 87 80 15 95 85 10 85 83 84 
6 59 13 11 87 80 10 85 32 97 9 29 58 61 49 84 20 38 44 73 2 56 31 23 54 62 6 75 32 37 87 20 21 2 34 10 25 73 17 60 36 61 89 22 65 95 60 94 46 84 44 80 37 50 58 92 92 88 12 40 52 61 92 33 55 25 36 86 55 34 36 86 15 28 89 69 67 60 58 8 57 76 21 49 21 41 95 0 30 7 94 23 39 87 63 14 95 57 53 19 62 41 73 97 60 27 60 86 1 9 74 86 29 92 17 98 93 6 65 9 38 28 92 78 74 40 42 89 96 35 82 46 57 94 56 75 41 86 21 39 85 59 94 21 3 35 0 38 80 98 53 48 24 78 38 67 41 3 76 85 72 9 25 44 43 32 33 80 63 49 20 46 77 61 80 48 23 60 75 54 98 89 45 33 75 39 66 0 10 52 94 73 13 57 60 11 99 83 27 53 2 64 8 38 7 56 98 98 48 77 8 56 48 77 23 96 22 85 36 34 31 29 58 37 81 95 15 2 53 26 94 36 15 35 66 76 64 35 64 5 19 15 77 43 52 89 46 85 99 98 32 95 15 46 24 21 65 65 2 66 89 38 11 38 53 7 33 77 62 47 31 24 18 4 74 58 53 80 96 55 56 88 8 99 93 3 56 87 30 23 76 85 53 65 11 30 99 1 38 37 76 69 14 74 2 95 60 35 99 11 74 71 12 32 47 1 37 67 5 8 18 96 87 67 29 30 18 67 26 60 15 54 8 94 81 97 3 63 5 21 90 25 33 91 16 98 86 63 24 14 12 33 83 94 83 92 13 25 81 97 14 37 40 96 85 44 8 35 67 50 13 72 52 46 61 92 52 25 4 90 74 67 52 7 2 50 99 27 43 46 46 13 73 68 43 95 12 50 93 71 
74 36 85 82 70 39 55 12 20 38 49 94 16 50 36 62 40 4 40 27 53 96 56 77 67 78 51 83 2 71 3 14 84 3 96 38 94 84 17 10 47 16 24 14 87 72 54 54 43 31 45 87 23 53 90 46 72 65 88 75 72 16 57 38 19 92 0 97 7 70 34 74 11 92 14 51 53 77 70 13 36 24 22 32 36 44 40 85 64 49 90 36 74 11 75 6 22 54 34 11 0 21 84 23 1 49 90 31 50 22 40 17 39 32 25 3 64 75 47 73 84 60 16 21 68 48 3 20 23 88 58 48 6 35 42 79 48 75 65 64 38 26 0 98 26 51 79 67 85 71 49 7 15 59 47 52 60 84 78 28 46 65 3 81 40 41 80 91 81 46 30 89 52 0 0 7 49 51 28 34 42 16 2 18 84 15 16 61 61 78 44 76 88 81 68 20 85 77 10 36 86 47 8 68 48 55 57 3 2 26 65 34 31 19 88 14 38 42 14 23 1 46 30 58 43 60 57 65 19 82 63 74 35 65 39 98 11 30 42 67 88 20 13 41 77 86 57 66 34 76 62 74 23 2 6 6 94 97 88 90 2 10 99 98 38 62 90 15 32 32 89 85 55 25 60 67 44 16 49 38 23 93 47 59 87 22 68 64 21 19 27 18 96 14 28 61 96 12 23 43 1 4 49 18 29 92 76 60 86 32 74 97 2 36 74 69 50 26 45 64 52 82 35 7 0 97 61 72 93 78 66 81 43 37 80 86 58 94 13 6 16 50 54 56 87 58 74 45 81 30 72 46 75 15 98 75 56 35 50 90 31 1 5 68 69 0 27 47 68 34 15 56 24 55 90 6 16 26 35 80 63 58 29 73 86 58 75 27 68 93 54 19 68 96 75 91 63 27 86 43 
45 75 92 90 12 78 40 75 38 70 6 52 81 25 5 15 55 33 53 98 16 33 64 94 35 51 79 51 59 16 58 12 69 85 29 26 82 41 79 83 89 63 17 28 84 63 31 34 17 2 3 93 94 39 89 62 1 70 98 6 49 4 24 2 69 95 78 63 35 64 27 59 7 6 46 37 70 27 6 78 91 77 38 37 19 44 94 31 27 88 14 33 3 46 53 47 64 99 91 81 55 92 19 0 93 44 74 10 35 48 45 27 61 10 83 48 30 23 10 4 5 81 67 40 92 57 0 31 88 78 72 71 27 6 29 25 46 10 69 49 42 78 86 16 98 80 62 81 57 67 25 34 72 19 37 82 44 63 0 85 22 64 77 49 29 42 50 38 56 92 91 0 52 9 10 89 41 44 41 12 53 75 48 81 97 12 14 82 4 97 20 27 35 93 51 93 27 9 40 18 55 79 56 13 77 19 5 25 30 23 30 57 42 60 71 84 62 78 71 42 61 63 77 82 34 31 6 78 29 75 74 45 79 25 66 62 31 47 82 91 58 89 36 65 90 86 51 74 12 15 52 64 40 37 35 30 43 49 48 64 61 28 32 69 56 7 86 56 83 23 98 18 74 21 16 58 54 2 23 29 81 41 43 77 0 25 50 53 14 62 37 15 48 63 37 9 72 18 56 23 78 51 57 21 11 43 8 8 72 77 80 70 13 45 78 77 77 3 6 51 90 42 1 51 17 70 85 58 62 49 96 86 56 6 24 42 55 3 81 42 91 76 98 3 30 86 39 30 38 56 5 6 47 20 21 53 66 55 21 28 16 97 19 40 9 13 23 19 3 57 39 6 6 70 87 24 88 44 69 49 14 49 75 85 8 82 33 77 53 20 70 94 41 32 24 70 18 20 83 92 
6 51 62 63 70 95 11 21 0 91 13 13 71 73 59 69 17 75 55 62 70 19 67 6 60 26 52 91 31 21 15 70 5 28 91 58 59 8 19 76 77 47 74 67 8 13 58 3 58 18 90 78 60 26 82 77 39 46 50 88 2 7 2 81 1 30 19 18 81 10 42 78 0 3 12 78 12 93 27 85 70 33 11 23 45 40 67 36 56 48 61 15 29 66 61 38 37 32 99 24 37 57 55 74 39 22 45 32 35 34 2 25 95 13 91 31 88 36 52 3 65 59 84 5 88 24 14 8 3 85 22 56 69 58 81 74 0 59 66 33 90 74 59 41 14 69 18 79 74 55 91 34 7 85 6 91 72 68 66 27 70 23 23 95 23 60 26 82 13 89 37 8 30 28 56 89 41 86 92 4 93 96 56 31 3 7 93 43 19 55 83 19 1 3 38 81 67 99 21 61 63 63 86 78 46 76 42 30 94 81 94 14 63 75 12 69 19 40 78 1 53 55 9 4 10 19 31 28 62 16 40 15 79 74 43 16 0 1 7 36 86 30 11 31 88 26 84 78 43 6 91 86 12 0 17 52 81 76 70 84 33 37 2 9 83 47 21 66 34 70 18 48 81 52 30 47 59 41 53 51 51 6 26 19 97 3 63 14 13 51 19 10 43 20 17 76 32 53 27 35 56 48 11 64 40 34 84 67 22 24 18 98 72 31 87 22 56 64 28 50 16 75 31 23 11 29 66 39 40 85 13 17 82 71 32 83 97 93 47 43 20 30 18 71 32 37 99 59 78 6 77 64 32 57 67 91 54 85 93 94 46 48 90 91 55 9 56 65 36 33 35 46 44 45 26 25 11 36 56 66 9 49 0 33 9 43 76 35 28 30 87 39 57 15 64 72 98 69 0 55 
93 39 89 34 21 88 29 12 49 47 75 23 5 82 56 18 88 87 28 94 32 61 74 47 58 0 75 53 29 51 43 99 2 45 28 13 12 84 23 77 59 68 84 67 91 11 35 12 24 45 33 5 57 66 78 80 0 75 29 42 44 3 0 43 95 45 73 3 56 4 5 79 7 2 62 75 48 0 3 75 0 81 28 35 25 5 70 90 3 22 89 82 19 99 75 95 43 93 34 3 98 65 35 24 58 17 94 31 44 37 87 80 74 34 7 38 43 54 16 72 98 2 39 34 21 32 86 44 92 23 53 70 39 93 64 16 97 31 44 62 3 35 6 38 24 57 8 19 29 16 5 96 28 46 7 6 88 28 9 61 72 2 59 12 52 40 99 45 94 65 12 87 68 27 5 99 65 46 99 18 75 80 25 56 85 12 46 0 16 74 51 54 13 97 83 32 5 90 76 94 87 29 32 21 80 34 85 11 6 18 73 74 98 59 88 80 52 73 44 89 11 19 97 74 3 58 78 7 90 79 96 77 5 26 16 64 83 86 0 64 86 56 26 93 74 28 27 72 63 51 86 25 25 91 24 65 45 11 56 92 50 14 33 45 57 56 96 81 48 53 39 64 68 67 55 34 9 3 11 51 13 66 36 59 18 54 74 46 64 21 18 91 41 92 6 65 80 55 45 16 75 86 19 97 66 1 45 87 66 40 90 43 75 90 4 14 90 93 82 31 24 42 65 93 94 81 57 32 47 59 54 46 95 35 26 82 65 40 70 6 15 62 7 20 83 55 22 0 60 70 9 17 5 82 55 90 27 93 62 56 66 16 51 22 29 78 51 43 92 84 39 34 7 95 23 22 27 41 18 53 55 2 14 76 57 51 83 85 33 59 9 87 80 18 42 34 37 5 68 41 
38 63 22 47 17 40 24 17 82 46 91 74 51 91 39 89 37 54 74 6 77 54 85 60 40 1 94 84 79 80 99 4 78 58 97 40 87 57 79 25 17 91 35 35 82 80 63 94 90 43 13 43 8 34 45 84 58 2 18 99 11 80 33 16 55 92 82 79 13 86 12 46 98 18 4 36 34 76 82 15 76 60 33 90 64 85 48 46 91 72 54 31 90 62 55 60 33 52 95 20 45 40 66 14 0 63 92 22 67 57 51 16 41 45 73 57 9 30 65 29 43 11 92 65 60 46 90 63 35 80 36 22 39 94 64 1 49 20 92 84 63 41 99 80 63 74 87 83 55 78 1 23 28 14 65 90 85 15 63 97 89 37 39 1 25 80 16 15 35 84 78 17 50 74 91 43 76 54 5 21 86 99 15 99 10 9 15 59 70 24 62 30 72 51 96 40 60 73 95 55 53 43 36 2 86 76 90 99 21 79 26 11 91 89 54 22 14 99 33 68 89 74 93 59 31 25 17 85 41 11 64 64 41 61 72 45 60 4 25 11 99 37 63 60 68 37 51 82 26 54 31 86 56 4 45 77 69 98 75 9 47 90 75 97 57 96 23 11 25 50 21 11 84 35 58 50 29 62 18 72 96 93 36 58 3 90 90 32 57 77 89 14 84 41 70 28 73 19 71 70 67 32 58 53 43 48 62 35 7 57 87 43 58 69 90 57 39 84 31 4 76 6 56 86 85 97 46 66 73 67 46 4 15 24 0 72 84 29 69 46 80 9 69 64 51 3 32 67 8 63 59 13 99 64 3 28 60 45 20 55 37 73 50 62 76 54 32 55 76 68 47 37 18 28 87 53 2 23 46 50 92 23 78 79 33 51 33 95 76 48 59 68 49 40 62 57 58 14 78 89 
78 73 78 68 80 88 61 73 60 37 49 97 29 21 27 30 41 76 24 7 18 57 19 9 38 82 2 8 62 79 80 0 58 75 13 3 45 15 3 98 82 95 18 14 37 59 91 93 7 38 11 57 21 25 91 53 56 65 41 69 97 26 39 45 61 98 30 8 4 37 61 91 58 58 41 75 51 60 41 9 35 41 24 13 48 44 8 91 2 29 51 97 84 80 33 64 25 69 27 47 1 36 94 25 22 38 54 19 31 7 8 3 77 43 82 48 18 71 38 45 5 14 30 50 26 4 19 23 95 36 2 17 80 26 61 79 58 65 27 20 4 81 56 86 91 13 82 69 69 16 9 77 64 6 83 40 34 19 53 51 91 2 43 48 57 64 94 49 71 18 40 3 85 14 66 71 4 69 59 98 48 76 96 48 31 75 75 57 41 77 23 14 33 49 89 89 76 23 63 66 14 25 58 18 0 94 87 90 14 58 33 71 94 11 88 67 25 6 45 7 99 25 23 87 95 94 34 26 45 49 82 63 31 18 46 91 60 15 39 94 72 0 66 67 31 10 66 13 16 58 4 77 26 21 56 45 84 40 82 33 94 71 91 42 26 21 26 97 37 29 23 12 49 68 48 27 41 44 29 28 47 40 66 46 83 94 52 64 13 73 95 26 3 63 73 94 63 26 77 99 18 91 7 76 45 50 92 43 69 33 53 31 4 59 49 26 69 13 41 62 91 45 45 29 33 30 60 23 12 12 51 72 90 99 84 78 71 7 51 29 44 78 70 40 79 7 49 26 61 65 81 36 79 25 31 7 28 68 33 19 16 1 9 87 70 73 25 31 21 19 3 32 51 73 29 7 88 45 66 75 74 94 45 77 55 87 79 1 82 92 53 5 71 81 82 24 34 5 16 5 
54 18 68 6 29 13 29 47 42 51 12 1 63 97 10 94 75 96 57 0 71 59 87 15 9 62 50 84 76 55 85 62 44 46 12 55 88 30 32 79 43 45 4 90 91 69 33 30 43 47 60 56 15 62 58 58 60 48 98 0 10 67 1 35 51 67 60 89 53 11 60 15 62 32 63 13 69 72 77 60 98 69 86 82 78 51 27 69 26 3 78 50 68 5 86 54 80 48 48 29 45 41 62 66 42 40 1 49 87 13 61 58 85 73 26 12 27 17 4 22 38 96 77 18 15 23 60 95 76 59 72 76 32 6 22 7 24 25 43 70 42 92 43 98 17 41 68 23 26 17 46 22 27 15 19 66 66 43 91 32 2 38 34 76 3 82 1 74 45 43 25 79 99 92 15 33 29 72 77 79 5 92 18 29 9 96 47 2 95 74 15 58 66 36 89 57 52 15 96 14 88 94 65 60 92 35 32 25 28 72 7 30 47 21 78 18 23 36 64 66 11 54 60 68 0 60 66 29 85 71 43 11 20 31 58 0 81 97 51 25 66 21 11 96 29 29 97 2 36 17 54 20 40 48 99 51 27 79 81 63 58 88 3 65 72 11 52 76 2 18 44 66 55 55 69 38 80 73 91 69 57 56 6 16 94 17 91 55 76 82 34 41 56 59 15 15 9 84 26 8 40 74 26 51 21 41 91 3 54 79 72 89 14 88 66 33 43 23 38 28 31 18 60 78 1 94 96 8 65 55 39 31 1 56 39 56 31 7 20 32 62 76 72 3 90 46 30 58 20 33 57 30 91 1 7 89 70 36 12 1 51 59 62 76 73 31 26 69 10 84 27 66 83 23 90 65 62 63 24 81 48 17 96 54 14 2 16 18 77 63 74 73 90 77 92 17 12 18 95 99 
77 67 79 2 57 86 87 95 55 4 43 98 11 26 55 36 9 44 10 62 5 95 47 17 28 48 39 53 40 59 53 55 3 38 22 25 21 30 83 23 55 61 61 39 63 92 23 18 64 89 57 18 72 75 44 67 75 51 93 41 97 91 64 29 30 43 64 5 52 63 21 18 76 63 68 75 60 64 30 99 22 48 87 47 80 49 65 44 57 68 13 33 61 17 37 98 94 35 20 49 3 82 81 25 18 49 43 84 61 1 77 36 82 89 78 80 80 13 50 53 5 53 40 52 59 20 29 92 63 53 60 12 58 30 82 71 37 10 79 0 75 25 3 68 63 11 51 22 69 95 96 63 72 98 65 17 68 84 37 80 62 33 53 73 98 4 43 29 5 81 47 90 66 17 66 72 71 1 70 67 33 23 90 6 17 45 27 10 93 54 82 2 71 98 92 93 89 27 87 78 6 5 69 6 93 12 32 76 88 31 47 81 58 71 37 88 93 37 6 43 52 48 98 21 30 84 4 89 85 23 24 2 76 40 8 46 98 12 26 86 99 26 29 37 85 99 12 23 77 49 13 50 76 24 50 28 50 31 47 70 3 72 15 2 43 50 57 1 64 52 90 78 56 54 95 48 11 50 34 81 85 62 4 11 29 15 46 7 77 91 62 92 82 43 43 9 7 66 58 0 1 91 58 92 50 20 1 40 64 1 36 3 57 22 32 78 70 84 88 70 24 55 10 54 92 57 42 75 47 90 71 73 25 84 40 89 10 37 86 66 51 92 85 90 35 67 15 79 99 6 87 74 29 85 3 83 16 54 27 21 96 85 36 35 73 54 25 57 83 14 84 5 90 32 34 48 44 41 90 43 40 36 80 15 55 76 40 8 49 67 45 95 40 88 58 42 73 18 63 68 
99 64 26 61 15 60 14 27 11 0 38 27 59 79 80 82 3 94 18 36 85 94 64 7 19 66 41 5 68 9 29 58 20 4 54 69 69 46 62 77 62 88 52 47 32 77 2 82 67 51 11 98 84 57 48 93 45 11 77 71 39 75 35 30 9 34 17 79 63 48 78 34 14 98 15 6 72 55 20 94 70 94 94 71 73 58 87 91 49 69 58 18 15 92 17 89 23 90 72 93 71 15 26 87 9 22 8 91 47 11 66 18 29 36 71 15 32 67 62 38 53 79 86 5 88 95 85 39 64 72 59 60 34 28 74 58 3 45 86 88 48 67 19 73 61 36 53 87 71 14 32 82 31 48 8 38 13 58 40 64 86 95 80 41 78 79 32 82 91 37 4 49 13 83 53 4 0 11 33 95 40 32 97 18 47 95 12 86 40 8 95 35 14 38 32 94 46 7 94 81 7 22 9 96 6 15 99 1 59 87 9 63 69 83 55 33 9 29 81 79 51 74 1 34 88 58 52 50 3 8 38 7 27 59 85 70 35 88 3 93 38 74 75 90 23 75 93 49 38 90 76 65 26 2 69 47 66 23 30 60 27 54 73 19 63 15 41 2 61 44 18 39 74 18 22 85 6 58 93 55 93 42 59 16 14 0 22 95 75 53 70 89 60 21 12 56 63 57 48 14 51 24 9 33 35 68 14 19 42 69 4 68 44 82 42 34 46 61 18 48 51 87 51 37 76 40 48 26 91 72 67 17 41 81 92 19 28 80 76 90 47 84 4 59 90 66 83 90 78 98 97 52 35 28 81 26 63 86 44 49 84 16 32 20 26 88 59 55 64 75 4 20 99 34 42 19 63 6 95 68 64 41 58 14 86 57 83 14 31 46 84 68 59 36 10 38 86 52 29 20 
85 41 53 2 99 89 50 36 43 91 96 25 96 76 36 54 87 12 87 86 24 20 10 84 24 74 66 76 84 90 24 89 87 68 92 12 75 8 86 3 44 67 60 23 61 32 82 3 17 71 14 99 68 23 51 70 81 70 25 94 38 41 48 41 65 86 68 26 46 5 71 35 60 44 90 14 66 84 39 63 17 70 81 42 16 37 57 13 41 67 47 87 64 32 67 90 57 89 53 47 39 62 40 93 68 23 58 46 13 15 42 84 2 75 20 83 27 12 27 28 20 19 38 78 82 64 49 36 49 90 19 1 58 51 72 16 97 74 69 5 81 31 84 85 17 27 94 97 85 68 84 1 40 24 99 83 87 60 51 54 7 26 45 39 65 77 43 10 70 23 58 81 51 59 5 45 46 23 5 95 59 94 41 42 90 85 79 16 3 50 84 85 51 64 85 79 78 95 89 8 85 17 4 4 29 17 30 63 93 56 90 22 60 38 79 20 62 50 66 98 67 8 43 65 39 98 32 77 35 39 95 52 0 56 71 96 86 54 37 52 96 82 45 58 15 58 40 81 40 55 93 15 75 3 44 49 69 20 78 82 81 50 88 14 45 54 78 11 8 87 49 5 48 93 29 19 88 21 40 89 54 63 56 21 94 49 41 36 8 58 66 39 32 6 77 96 54 66 82 90 51 17 25 18 17 89 21 97 38 92 15 73 15 70 36 64 14 1 96 32 83 53 26 68 99 63 18 65 98 33 15 43 11 41 25 88 23 18 26 48 88 42 65 26 65 79 40 28 44 38 51 88 31 80 76 91 16 93 3 37 76 72 69 71 94 39 2 87 79 13 66 96 45 42 76 52 75 81 66 88 75 71 19 69 37 70 57 92 18 55 52 72 78 66 95 92 62 38 51 12 
65 79 30 27 31 88 81 18 36 85 94 32 68 15 5 38 14 22 27 54 94 10 33 60 67 1 25 66 97 30 98 28 62 94 13 63 78 55 79 97 16 31 26 4 59 74 85 72 12 6 98 55 68 32 92 50 27 54 77 93 76 75 79 26 7 60 3 57 8 7 36 4 85 67 42 38 84 42 91 14 51 81 30 37 90 88 23 39 92 54 39 22 33 38 9 90 28 71 20 11 95 60 64 61 16 98 43 44 17 24 61 99 96 30 72 43 65 71 53 9 81 62 15 37 23 86 91 77 1 87 7 58 48 88 70 34 60 65 11 4 13 36 10 86 87 82 68 32 87 27 35 71 70 39 13 23 28 8 20 43 65 45 63 87 12 41 15 52 47 64 30 98 86 54 36 12 68 19 7 71 7 74 36 0 53 79 1 7 51 53 24 48 27 7 44 66 41 82 27 7 26 30 36 65 56 10 64 14 87 37 39 44 6 98 81 24 67 13 97 40 94 38 67 80 9 74 0 86 46 1 45 40 1 22 15 93 69 69 88 11 69 1 82 78 90 85 91 25 58 52 13 19 68 95 95 78 47 61 95 54 94 6 77 2 36 32 11 52 20 31 26 87 72 89 39 73 97 19 74 72 12 90 68 0 75 0 87 47 58 15 97 97 6 88 71 54 70 33 38 85 15 67 59 19 21 21 51 58 31 49 99 40 23 11 12 83 11 49 89 8 55 12 98 55 61 35 31 98 6 63 66 1 86 59 70 63 95 2 13 97 62 25 51 7 79 62 3 49 57 74 87 4 19 51 66 23 98 32 46 2 86 22 36 85 92 6 32 95 84 40 60 8 31 20 80 66 11 41 81 64 96 98 54 9 98 4 36 89 3 6 75 36 71 43 38 20 72 19 91 73 
83 51 74 53 92 42 20 95 99 72 28 78 63 29 44 12 46 53 91 98 22 10 90 22 32 94 20 6 92 62 28 52 74 18 29 76 45 37 62 89 86 60 32 35 15 5 75 54 12 82 67 55 21 70 45 12 91 29 69 91 40 49 47 38 52 35 10 80 54 42 93 55 53 62 7 72 63 73 92 80 53 97 99 12 20 19 53 73 18 78 43 62 25 69 46 99 76 58 77 50 62 67 37 5 95 21 15 98 45 14 84 81 83 64 99 57 60 46 66 67 75 17 77 16 70 72 14 53 16 53 56 11 14 20 69 0 72 88 37 98 36 41 66 3 83 22 19 3 10 40 72 25 45 71 2 53 31 62 78 94 58 73 88 46 92 44 26 24 91 65 26 27 29 11 52 59 55 18 98 59 88 55 72 23 18 90 33 54 81 77 85 7 74 46 82 2 94 28 48 29 74 49 51 24 21 11 64 50 42 87 81 34 36 1 13 37 81 24 63 21 11 70 39 59 79 20 96 46 49 37 60 35 95 82 82 61 62 50 15 76 11 6 29 89 95 77 68 98 28 86 63 93 29 82 61 37 47 91 31 0 60 80 43 79 63 57 19 92 77 17 34 64 0 43 31 24 39 30 95 65 42 56 97 41 34 24 53 30 96 56 32 72 73 40 74 19 15 32 23 24 64 75 56 9 54 30 94 10 22 95 7 28 67 69 5 48 24 84 7 40 93 92 87 51 37 43 3 77 10 74 77 65 29 57 31 76 84 27 16 89 95 14 11 96 86 67 7 65 61 36 59 89 30 24 45 98 36 36 75 51 27 88 71 31 11 64 53 15 22 72 98 29 69 4 67 62 12 77 46 10 79 21 0 74 4 39 60 25 68 96 6 52 99 76 11 37 23 36 81 60 
36 64 85 66 44 34 31 91 3 76 16 14 31 48 26 15 95 89 15 6 40 89 21 14 81 62 56 29 35 65 71 23 97 64 2 76 54 29 2 22 29 19 35 63 65 16 82 5 44 47 51 91 5 41 97 15 0 61 31 69 45 33 98 30 38 96 10 25 23 67 76 23 50 19 53 29 86 42 83 5 49 76 97 1 50 20 9 97 28 73 8 16 25 3 71 87 62 36 3 59 88 20 66 58 34 65 3 29 55 88 44 88 77 75 49 56 59 64 98 56 97 84 87 8 48 4 73 20 39 27 76 89 11 86 51 36 45 24 68 55 48 26 6 42 19 63 66 49 29 14 71 94 4 75 7 6 34 69 50 75 88 35 50 38 50 25 31 69 55 3 70 91 56 18 23 3 96 54 98 10 49 68 28 97 74 47 84 11 48 57 9 36 67 39 87 56 42 0 5 16 46 97 6 23 62 68 34 61 54 46 76 84 72 63 72 40 32 2 86 47 29 67 15 31 62 89 86 91 52 95 10 84 10 53 94 49 94 69 69 52 56 5 9 44 39 72 27 13 30 99 72 96 91 79 42 35 38 25 4 26 98 6 40 64 34 43 47 95 3 63 97 80 95 23 82 66 77 12 51 78 69 73 96 58 40 10 96 86 80 69 23 23 20 5 94 70 19 0 32 50 49 36 14 92 97 19 51 58 42 37 31 92 84 18 90 3 22 19 90 25 61 79 18 42 21 52 10 98 89 38 63 99 9 91 15 49 20 94 65 65 4 18 75 37 25 48 83 88 3 99 72 91 8 63 68 7 82 84 85 54 89 84 96 83 86 27 16 70 33 58 12 45 94 69 16 62 5 93 92 65 7 2 37 56 83 76 21 59 69 83 92 75 35 74 62 36 65 84 3 47 
13 21 82 79 11 40 29 52 47 19 74 58 29 65 56 81 39 34 98 1 96 12 55 61 44 43 26 8 66 40 85 25 51 91 37 26 2 39 81 99 24 33 62 57 71 87 82 58 49 65 73 61 44 13 2 65 15 92 8 80 10 29 70 21 66 10 67 56 22 39 52 89 45 71 35 68 35 31 84 35 98 41 36 97 29 59 98 34 40 88 75 67 74 80 25 14 4 49 99 65 91 58 54 4 38 39 26 32 36 71 10 43 36 55 64 65 43 46 11 57 20 66 91 84 3 87 61 86 48 1 3 80 4 1 94 14 31 84 97 71 81 86 47 22 30 87 72 91 17 55 37 74 7 92 38 60 76 40 62 86 70 73 51 39 16 12 98 12 23 86 90 72 81 29 85 87 89 5 93 18 35 50 30 69 22 1 85 42 63 52 56 68 56 63 98 23 36 88 31 22 45 49 20 67 88 42 5 98 29 74 58 44 60 91 74 63 93 12 26 35 12 33 16 84 17 50 42 35 57 80 2 99 90 74 88 18 97 19 51 21 83 96 28 94 95 62 6 71 37 40 55 5 84 9 39 18 85 5 20 32 67 22 7 37 69 1 70 1 58 59 70 92 29 97 7 70 37 11 33 68 20 89 78 14 61 94 98 87 20 46 49 39 92 94 20 33 14 24 80 74 37 35 74 63 39 23 5 83 58 71 41 96 17 90 14 13 59 13 52 89 90 4 19 23 72 95 30 44 17 68 80 48 21 56 25 10 88 40 71 89 83 97 89 43 55 24 88 75 0 7 47 11 3 31 90 34 42 5 89 96 14 66 13 88 91 57 71 14 19 68 30 79 32 42 26 78 83 62 2 8 43 56 9 63 77 60 79 11 16 90 78 11 71 25 74 25 83 44 0 27 
31 76 38 23 90 17 41 64 79 6 7 35 20 42 64 83 17 17 14 79 56 22 98 31 18 46 73 0 49 76 53 44 63 78 56 48 48 20 70 16 39 42 31 30 85 40 25 28 85 81 43 9 96 96 16 65 82 67 84 61 87 10 5 95 26 38 33 61 25 57 13 18 53 60 35 55 99 89 75 33 84 42 15 17 99 76 56 11 73 78 3 57 13 75 0 77 11 78 59 79 95 65 25 89 86 19 60 40 69 36 62 58 28 99 5 91 93 20 44 4 78 67 31 25 15 87 38 40 73 16 1 16 32 62 23 23 89 46 90 63 53 28 85 96 60 23 84 75 57 45 41 35 62 92 13 70 46 48 10 85 93 68 89 85 68 79 76 29 3 24 16 37 81 54 90 33 15 51 1 63 45 98 43 64 80 41 40 21 90 23 5 28 45 85 28 24 97 18 10 89 77 51 12 89 0 29 58 57 70 49 17 80 75 85 18 26 64 24 61 20 75 31 26 47 71 91 27 79 95 19 74 80 44 8 74 53 19 0 48 85 18 6 23 59 65 33 19 74 32 60 12 13 9 38 31 94 48 9 11 98 41 40 51 98 63 58 12 85 6 88 2 71 63 96 31 52 46 39 77 30 96 72 88 45 96 50 34 3 90 34 10 24 82 43 83 32 39 8 65 73 51 31 69 45 28 0 63 4 31 90 48 59 63 0 78 12 34 93 2 66 83 79 64 56 41 30 98 30 36 42 6 97 66 39 34 74 17 3 99 9 35 16 97 10 23 20 10 4 22 2 69 37 13 74 67 61 43 27 23 96 16 16 78 1 8 24 98 28 57 24 72 62 47 75 49 75 34 77 96 67 49 52 95 36 35 23 6 32 98 32 29 92 59 9 32 57 98 41 92 72 
33 10 93 46 18 33 28 60 34 94 3 58 61 41 4 75 48 86 20 42 14 74 85 13 58 66 5 24 50 79 61 98 97 84 77 76 9 20 84 12 48 92 1 53 87 6 71 62 14 56 66 8 22 53 57 70 46 38 28 20 18 67 96 35 52 29 92 32 53 99 11 55 87 82 19 97 19 11 5 61 3 76 15 75 92 58 1 73 38 93 80 83 84 47 85 87 2 79 26 44 25 5 94 39 35 54 41 84 61 29 37 54 62 39 68 34 63 99 25 1 32 15 69 2 52 9 23 62 34 7 24 34 62 69 47 7 93 89 32 16 60 39 67 55 89 8 84 63 7 52 90 20 55 0 48 41 14 83 86 71 91 98 37 32 24 24 26 73 53 71 50 69 27 50 94 57 8 17 29 6 54 61 83 81 21 42 12 20 93 26 26 40 64 47 64 94 73 11 45 18 40 40 42 5 34 52 98 56 22 43 27 3 49 51 9 36 15 54 99 26 37 24 84 50 27 94 90 43 50 86 71 80 59 60 78 46 15 32 99 58 9 3 87 1 46 54 68 28 99 37 93 27 43 52 35 29 18 49 46 84 35 58 82 38 26 5 23 75 7 59 84 3 6 82 77 8 20 39 7 31 6 67 46 49 42 35 69 16 41 87 84 35 1 60 20 20 98 47 54 42 25 43 90 84 21 12 72 43 38 10 72 78 84 55 71 93 38 39 29 24 88 27 83 78 75 99 39 3 3 43 8 95 26 88 1 59 3 28 80 60 65 97 56 38 67 53 20 34 78 35 64 78 17 10 90 69 58 87 22 33 98 42 31 40 24 76 19 85 76 1 13 80 41 80 99 33 60 93 38 94 6 74 12 76 0 37 74 96 2 62 97 28 27 69 9 56 2 90 77 28 
62 36 83 77 30 79 23 13 27 29 59 64 9 92 90 75 65 71 33 89 32 69 92 2 81 26 48 26 45 81 77 62 88 60 28 56 89 80 52 23 78 10 26 25 21 84 77 74 0 66 70 75 87 71 37 44 95 84 14 15 39 10 66 98 47 81 3 27 34 75 54 81 63 46 11 52 78 16 22 52 89 79 59 28 71 99 44 78 39 87 51 45 45 73 92 98 73 77 3 25 33 0 57 31 61 84 50 17 68 38 44 53 73 5 80 21 62 95 76 95 55 98 89 88 10 48 55 28 1 26 28 76 45 2 23 17 52 40 91 49 23 54 85 8 8 85 55 14 70 50 98 88 25 95 70 74 76 79 68 86 21 62 15 81 48 61 5 2 22 71 91 66 6 21 78 3 43 71 38 4 77 2 78 1 21 14 38 93 53 94 63 79 79 11 62 79 51 22 62 67 94 59 17 85 26 94 86 76 69 48 9 60 0 41 23 68 17 13 0 72 42 15 94 19 1 67 30 48 40 49 64 42 76 37 77 4 34 86 32 72 9 48 68 97 56 97 22 57 94 56 83 21 99 54 18 55 74 44 28 79 34 23 13 51 31 96 85 75 43 95 77 69 92 52 83 21 39 2 90 25 82 30 72 40 11 48 87 7 27 84 67 65 24 54 42 54 92 13 92 84 29 20 38 64 53 26 88 16 47 99 63 52 4 96 70 66 51 50 4 81 69 30 55 46 53 95 41 53 18 1 74 31 77 84 64 84 94 27 54 0 36 79 49 96 41 77 61 22 66 9 32 19 65 15 72 78 89 13 93 5 37 64 98 33 41 12 13 18 7 89 15 28 3 51 7 68 83 99 58 40 33 30 16 57 66 54 64 0 59 91 12 45 16 94 0 27 97 31 12 3 
10 23 43 37 89 13 81 84 40 17 10 78 61 7 80 5 14 74 72 18 86 80 80 39 74 5 13 14 18 60 45 19 92 37 71 77 27 21 84 48 17 10 22 88 99 57 25 10 24 69 48 32 43 98 63 32 16 35 10 30 95 19 48 67 28 96 17 70 57 44 74 84 66 38 33 35 77 5 24 40 79 1 75 90 83 79 62 22 66 57 32 32 43 12 81 9 80 0 6 67 98 50 85 86 64 31 18 48 58 81 93 9 15 48 33 48 33 5 79 34 2 3 69 11 38 5 74 10 50 35 81 67 71 79 38 27 1 28 5 76 41 87 90 56 19 68 94 0 69 99 71 0 47 51 65 16 16 21 79 61 13 72 32 88 67 49 94 82 49 69 97 26 37 11 23 87 64 57 28 51 69 50 76 61 61 84 9 68 72 61 83 94 92 41 47 96 58 29 56 11 99 89 69 91 29 46 80 40 68 99 25 82 55 18 61 37 51 63 53 36 12 58 57 20 26 12 27 71 57 22 22 16 21 73 36 9 17 53 67 56 80 50 88 44 14 68 33 94 63 14 16 80 35 22 43 84 94 66 44 37 8 59 26 96 99 90 33 95 84 12 31 43 9 99 44 37 19 43 51 74 15 18 75 43 82 44 54 20 32 18 42 89 92 80 23 71 90 28 99 68 94 77 65 38 44 13 42 9 58 41 23 69 96 28 62 76 95 12 41 60 3 11 12 59 93 46 29 83 38 88 31 79 25 83 84 20 69 68 16 57 99 9 32 67 93 43 34 98 20 21 90 89 82 80 91 48 6 6 0 86 21 22 82 89 55 91 41 42 65 38 30 27 8 34 54 75 28 78 30 70 13 40 69 13 53 70 6 2 66 31 67 33 25 28 95 24 36 74 46 84 
96 80 17 41 10 78 70 1 90 3 21 53 56 6 40 88 51 2 56 61 40 3 23 1 41 2 56 52 38 41 79 84 22 95 39 78 48 64 46 74 13 50 63 53 63 69 92 48 42 39 9 41 32 6 84 41 92 62 96 39 64 5 29 12 38 95 9 45 56 89 36 88 21 15 41 19 16 88 2 89 11 88 31 92 52 12 1 46 69 4 67 7 4 69 20 16 97 62 39 91 90 95 48 10 57 56 56 8 87 57 50 80 98 86 48 54 75 70 78 23 44 72 90 62 97 26 87 84 24 40 7 24 67 54 40 36 57 14 26 71 4 57 97 30 2 64 75 11 87 58 49 0 78 77 35 20 2 46 46 41 75 87 38 15 41 38 47 79 73 4 29 61 8 79 54 62 16 46 72 50 21 79 97 86 23 34 11 45 16 2 63 7 46 19 36 11 91 69 72 49 38 67 15 71 88 60 15 13 8 64 34 83 61 30 34 94 70 25 50 9 39 46 56 65 63 15 90 57 3 66 35 58 97 62 49 29 6 5 46 84 78 51 3 8 30 40 37 29 96 41 94 73 21 82 68 4 24 7 49 35 70 83 61 41 30 2 49 44 78 94 84 72 16 43 41 65 91 40 83 81 38 54 16 9 58 4 61 57 47 96 58 84 63 68 12 6 18 28 56 27 6 89 70 84 12 62 82 61 47 18 72 48 70 71 74 42 86 45 1 18 76 16 34 18 59 68 21 86 5 50 17 46 43 2 10 99 72 21 77 12 18 88 78 58 64 3 76 15 61 4 90 43 59 5 42 38 98 99 81 58 55 41 93 69 16 3 67 16 28 75 55 52 34 45 99 54 70 26 22 52 84 5 29 31 87 66 26 66 44 22 93 74 98 73 93 50 58 32 52 83 
19 79 87 30 37 4 54 42 83 53 49 74 9 60 44 76 53 21 5 8 25 43 87 18 72 71 32 20 11 52 26 2 8 84 50 21 3 75 30 6 4 75 43 25 21 16 88 16 98 2 3 41 87 35 19 97 1 73 34 78 46 0 57 73 16 65 6 4 43 91 22 60 33 13 19 78 50 76 98 60 4 9 28 29 70 30 10 66 53 91 74 35 30 63 36 42 70 45 84 10 49 79 82 63 20 98 3 2 27 30 41 79 12 94 27 20 28 80 86 10 94 29 84 21 19 80 75 83 28 46 41 60 77 84 53 97 81 3 66 71 56 87 51 27 29 12 45 58 55 66 15 37 69 52 19 18 71 46 38 96 22 16 95 73 79 39 10 19 29 59 6 74 32 70 59 46 41 74 43 1 95 23 41 36 38 27 31 53 87 55 62 66 23 65 51 62 32 96 49 54 75 50 48 0 68 27 79 4 20 38 30 7 4 87 97 48 24 67 84 78 64 94 93 96 30 71 24 33 8 37 7 67 44 47 54 42 49 43 37 66 87 58 58 97 33 21 17 66 40 28 13 33 39 37 41 11 56 34 86 4 33 87 24 45 35 47 92 77 86 86 82 20 69 72 41 92 4 2 55 64 51 78 37 52 25 47 68 78 14 47 58 91 17 90 93 94 46 30 32 12 52 43 89 75 91 45 1 19 75 37 7 48 2 17 36 17 46 38 83 43 33 16 1 93 33 77 90 56 51 3 96 0 16 23 26 62 93 31 45 63 47 45 30 98 86 16 41 86 12 85 96 40 98 95 80 76 91 2 24 62 70 75 16 34 31 59 23 74 32 45 43 85 85 55 15 16 55 91 22 52 53 24 56 39 36 55 75 9 17 8 43 30 75 91 20 98 56 13 40 94 
3 34 73 55 29 44 75 73 63 26 71 27 89 9 49 51 77 84 35 74 60 80 88 24 49 42 51 14 87 14 99 1 52 57 95 53 57 4 23 99 3 4 25 96 60 57 39 74 11 78 40 15 9 38 46 32 77 31 61 63 17 63 2 56 23 33 88 77 9 83 51 34 7 2 53 69 9 88 73 30 12 88 8 50 29 31 27 24 13 15 82 22 91 19 41 73 71 85 97 26 24 16 67 77 34 82 22 32 0 69 20 18 46 90 7 34 58 44 44 36 43 46 58 36 23 55 32 5 64 64 90 67 59 59 99 77 65 10 37 25 79 12 30 93 21 11 14 68 32 37 68 11 76 4 98 5 56 87 39 19 94 81 9 79 24 49 73 50 62 35 38 76 69 76 32 74 18 91 68 96 30 33 54 55 59 13 41 92 4 11 49 23 89 73 41 61 88 70 46 38 62 67 37 0 91 0 61 37 23 80 34 63 98 46 22 42 20 56 74 62 46 76 73 78 58 88 52 99 84 23 75 23 99 46 88 67 52 72 48 1 91 70 11 14 45 4 99 64 56 48 13 58 81 92 69 25 45 75 73 76 13 38 25 89 69 17 96 41 84 20 78 56 85 20 3 56 64 98 35 15 48 36 22 47 86 91 55 0 50 37 97 49 70 20 64 65 62 86 32 95 87 15 78 54 16 0 41 94 21 54 38 19 92 16 42 84 50 59 20 94 3 68 53 26 30 27 28 37 38 67 22 35 60 44 45 35 42 8 71 59 51 92 93 59 22 24 61 72 2 47 14 35 58 3 60 69 35 34 44 19 83 20 9 5 38 99 13 74 82 92 60 28 46 0 48 18 39 38 84 22 68 87 8 68 22 8 37 58 20 19 63 8 50 12 27 86 7 79 13 82 
14 10 3 7 14 76 82 37 74 49 90 49 60 32 41 31 1 3 71 30 74 5 71 33 57 94 55 29 68 12 46 81 57 21 92 87 41 26 83 50 36 48 5 40 79 61 80 68 79 25 22 74 62 14 69 22 23 48 90 75 12 56 2 83 27 57 67 15 44 46 47 95 23 93 22 59 40 3 60 9 65 22 12 91 58 10 63 30 47 96 38 43 27 97 18 57 45 50 72 31 32 20 36 43 79 35 76 79 40 30 89 32 66 93 6 68 13 77 31 40 81 49 70 78 15 9 83 51 68 22 82 55 27 19 36 59 78 30 66 72 47 78 7 20 84 29 22 27 4 52 76 48 64 70 78 18 0 28 8 23 57 19 78 17 51 55 14 99 59 93 9 61 61 61 21 25 64 52 83 54 10 1 12 80 27 82 92 96 95 33 54 65 10 70 41 54 49 78 83 23 2 29 22 66 48 90 96 39 17 60 13 57 98 95 60 66 13 39 91 33 57 87 35 25 70 34 35 84 54 97 61 55 10 27 22 6 15 56 83 37 18 52 54 35 68 91 2 92 12 26 67 19 46 15 39 79 17 30 10 35 60 89 43 33 38 21 75 4 72 33 99 33 33 41 64 72 7 73 36 10 26 45 84 5 31 93 65 26 27 85 70 29 18 24 44 26 8 70 68 68 23 91 60 52 9 40 93 66 55 84 80 36 1 98 70 37 23 22 18 77 84 65 63 90 8 0 27 96 16 60 6 5 9 35 96 29 71 68 79 56 76 60 83 58 94 22 65 27 15 20 27 24 19 27 58 9 70 21 73 31 50 56 78 74 48 99 41 38 75 98 31 45 67 95 74 79 95 44 46 79 13 53 36 86 22 52 16 87 49 57 27 64 60 67 94 25 10 70 94 17 
23 52 42 70 51 84 74 78 2 35 86 70 82 48 49 61 95 5 8 12 53 66 97 56 25 94 90 98 30 86 78 99 4 57 82 55 54 65 67 95 67 56 71 1 29 30 25 74 5 46 64 64 88 97 96 49 45 14 46 6 88 67 13 73 46 79 63 91 13 95 15 55 17 91 17 14 69 96 44 31 69 92 48 78 53 96 0 21 85 55 24 30 68 13 47 29 34 21 90 5 51 98 70 36 54 90 18 31 90 69 0 66 36 65 46 59 14 56 71 25 62 18 12 20 92 29 60 81 19 18 70 72 63 59 67 83 25 21 47 65 30 68 89 98 79 95 84 45 95 79 27 24 79 68 0 71 21 69 98 31 13 95 70 22 59 56 64 64 54 28 11 49 95 36 64 77 14 4 62 93 67 68 12 56 57 26 44 94 61 59 82 38 87 46 36 12 81 13 64 56 73 38 99 41 96 78 96 74 44 31 16 9 38 77 72 2 90 10 53 32 93 88 8 38 16 57 4 61 23 4 64 59 70 68 15 68 24 3 7 75 8 51 39 33 30 66 77 9 38 24 54 16 15 61 29 73 44 14 92 96 43 55 49 62 49 3 97 60 45 31 3 11 9 89 75 27 51 34 64 22 33 74 83 62 90 87 63 46 60 26 51 75 19 21 11 62 75 79 55 22 95 25 68 75 68 59 29 53 85 83 28 49 12 76 58 83 98 17 23 19 27 77 20 99 20 59 66 35 2 32 55 76 21 70 17 68 36 20 15 50 15 64 49 43 7 77 8 98 85 68 10 7 76 46 69 87 84 12 98 33 59 17 17 39 32 71 10 70 0 14 87 66 61 72 60 78 99 79 34 73 97 64 53 62 9 38 90 36 52 74 45 74 11 52 67 80 3 69 60 23 
3 73 20 52 42 4 13 69 77 26 19 39 74 84 84 48 64 77 73 33 97 71 54 84 43 74 75 29 85 1 4 83 45 49 70 38 68 23 45 43 44 99 56 82 7 42 89 40 70 56 67 32 10 11 80 80 26 55 83 85 80 97 75 48 29 75 24 72 20 43 75 2 32 40 20 41 38 93 74 64 35 84 74 55 86 56 26 80 6 82 91 95 86 20 82 88 34 13 86 74 72 93 73 39 85 63 1 58 41 83 60 80 84 8 80 81 42 51 82 54 10 94 29 18 5 39 70 27 49 49 10 45 9 95 16 70 73 71 69 38 34 14 0 30 21 65 82 25 80 47 94 9 73 59 49 96 0 8 33 88 37 69 51 67 99 84 61 77 37 86 72 60 55 51 81 53 69 66 83 73 43 53 6 38 62 2 1 28 92 16 83 18 57 43 47 75 12 70 95 79 54 11 94 70 45 92 71 85 67 63 53 36 48 28 91 28 96 11 11 45 61 29 52 35 9 79 98 50 13 0 61 44 32 98 2 35 1 7 88 9 73 73 94 89 85 1 61 46 31 52 87 77 33 57 4 80 93 82 9 15 84 90 20 10 34 29 78 71 61 7 28 27 8 54 16 30 99 17 42 33 58 79 90 33 32 78 28 48 25 69 75 47 16 7 29 39 56 70 8 42 89 31 36 93 61 29 92 8 82 41 3 47 71 93 73 56 42 1 98 58 52 80 23 8 84 66 9 46 71 55 96 75 97 66 48 53 77 24 58 61 83 46 15 3 87 68 90 28 84 69 98 68 13 15 96 44 4 75 13 69 85 39 34 81 58 85 34 34 76 20 37 21 50 63 47 54 36 4 13 7 18 32 54 34 9 11 90 93 36 80 27 90 87 82 15 10 7 59 1 2 
39 12 84 6 74 92 99 94 15 7 32 5 94 64 32 26 40 47 5 91 20 28 8 24 42 76 33 85 22 3 40 69 66 53 44 25 46 63 33 54 23 69 62 70 4 17 88 20 40 13 84 3 26 67 94 81 7 34 60 28 90 27 15 27 65 12 26 67 55 16 21 90 51 7 5 37 28 25 46 89 90 72 66 4 60 66 44 15 21 79 77 50 68 38 36 52 75 72 36 56 62 27 65 6 70 63 82 42 81 42 44 9 1 30 56 72 14 61 54 20 40 25 26 60 70 25 73 83 83 86 73 76 57 64 56 11 18 95 34 97 89 39 26 2 17 57 69 74 58 38 57 33 21 78 14 31 58 42 43 46 18 41 57 44 81 68 35 94 2 30 88 96 72 79 22 87 80 74 23 7 47 87 96 32 70 82 91 7 32 62 38 57 33 84 43 7 53 95 33 99 28 19 79 97 21 20 22 40 41 88 63 55 63 35 81 7 30 20 45 49 38 17 76 1 59 8 37 23 3 5 16 64 51 97 28 71 34 91 88 63 46 74 83 1 96 63 26 25 83 30 48 71 68 42 97 4 54 38 85 65 4 34 8 68 67 15 63 45 86 65 98 40 76 29 30 1 38 25 93 11 75 12 54 31 53 3 50 66 11 16 52 34 40 42 58 13 96 41 41 10 75 61 95 69 57 33 83 22 22 45 46 17 24 82 24 30 39 91 46 61 23 94 19 65 81 31 48 2 8 2 47 32 32 50 97 93 28 31 6 26 39 47 73 94 83 16 80 61 10 11 89 71 48 84 95 23 34 99 82 8 72 58 92 90 67 41 33 84 47 12 3 66 2 5 88 15 52 98 85 72 0 23 27 30 47 98 31 67 22 40 33 27 3 22 83 64 9 72 34 22 
23 38 71 65 10 42 69 85 13 56 76 60 62 77 74 57 31 53 50 12 60 64 66 89 0 50 76 65 56 73 22 32 42 19 39 38 17 2 13 54 45 90 38 58 70 48 3 55 12 44 0 30 66 66 75 93 46 90 50 46 54 88 95 5 96 63 76 50 9 85 10 14 38 9 17 67 9 17 28 87 48 54 9 86 2 75 50 56 26 54 45 35 90 39 49 42 38 98 95 92 71 58 25 56 99 44 35 22 54 35 76 26 58 85 74 88 47 88 11 86 53 11 81 65 27 96 52 53 87 72 22 90 36 21 23 78 86 24 92 12 5 32 67 13 80 96 52 8 16 92 53 39 8 25 47 39 74 77 37 38 61 36 93 75 13 33 80 16 49 46 10 79 82 77 5 88 53 59 48 74 9 75 91 70 49 47 63 86 6 39 26 92 73 65 50 76 21 55 21 58 59 72 42 8 47 19 71 17 32 79 50 16 2 31 79 85 78 90 32 3 68 83 61 68 60 21 30 32 86 36 68 21 22 13 62 77 79 42 12 59 67 95 27 69 93 67 97 31 97 68 11 1 41 49 21 28 83 75 86 40 7 79 55 29 96 90 59 94 75 94 69 65 55 37 84 26 31 0 49 61 0 1 85 74 0 12 8 57 11 42 96 69 29 88 2 99 94 4 64 95 12 36 65 55 49 37 7 48 94 79 21 87 33 67 68 70 79 12 17 31 93 77 13 63 68 36 82 6 74 61 89 14 21 54 14 83 82 68 63 88 87 4 32 63 74 14 63 80 51 39 66 70 97 25 3 96 77 91 17 91 50 12 66 85 82 48 90 89 44 25 21 72 70 19 64 48 5 51 92 19 84 99 95 8 54 76 66 58 49 90 44 26 89 64 58 81 74 36 12 16 
94 60 11 8 83 68 86 66 73 17 49 51 99 77 73 76 79 76 8 65 81 63 23 26 48 40 36 37 2 2 25 12 34 45 51 95 11 53 78 48 45 65 83 73 79 41 49 5 39 16 48 35 48 70 87 61 34 37 48 83 93 47 64 77 55 94 28 21 9 53 41 10 24 35 14 97 84 48 2 28 26 53 94 90 76 6 60 11 60 9 13 2 8 40 4 82 75 11 49 93 70 52 23 30 40 15 26 59 8 55 76 85 89 13 80 95 27 29 54 25 0 54 58 49 55 5 0 51 98 1 4 68 43 10 55 53 57 83 14 56 61 51 38 3 14 44 63 80 0 36 39 80 99 16 36 55 23 4 28 31 16 29 41 57 8 49 82 40 11 6 46 29 78 56 63 74 7 92 33 52 97 28 50 63 65 62 62 43 69 27 55 32 45 97 71 84 6 90 25 93 54 72 64 7 30 52 89 80 46 54 73 41 11 37 90 50 26 72 32 63 3 5 89 67 92 73 83 58 93 85 66 5 28 36 95 74 74 40 97 16 10 8 59 49 1 4 2 74 71 5 74 15 68 64 46 2 96 65 3 72 62 38 86 88 5 87 34 61 36 99 57 53 39 44 33 94 66 45 45 47 14 39 63 15 42 95 14 45 49 35 5 65 69 37 32 49 60 73 49 6 1 93 19 96 65 15 85 8 57 44 99 96 43 80 70 4 31 77 38 82 98 37 39 65 84 4 86 25 7 11 2 18 19 11 7 80 46 91 34 3 82 3 28 40 63 67 15 7 66 91 79 50 44 89 76 32 45 5 91 67 72 25 24 21 31 22 35 62 78 97 28 46 43 57 50 53 82 60 48 10 45 27 81 49 58 97 39 28 47 90 70 96 79 31 17 1 75 32 85 75 
45 26 96 99 42 62 56 19 58 87 97 76 89 91 70 3 45 59 82 75 71 86 75 28 55 60 58 1 73 46 50 0 87 65 23 44 97 10 84 85 94 66 15 96 66 38 28 87 99 92 32 95 68 5 15 30 47 92 74 53 96 49 5 64 8 8 22 11 29 94 30 36 68 9 65 7 2 42 11 61 7 16 47 87 47 0 79 78 79 68 77 20 41 3 66 81 59 97 19 5 65 86 57 27 47 82 78 97 70 18 43 32 71 9 1 16 93 34 24 84 75 24 42 21 18 24 57 84 51 69 11 56 26 23 16 32 72 73 92 49 94 19 32 45 35 45 27 44 70 82 26 7 29 49 58 74 40 17 20 45 66 7 89 76 3 26 59 51 11 41 19 64 42 62 58 25 96 52 91 73 58 50 8 36 93 21 53 84 89 36 27 17 92 24 92 25 22 22 6 53 70 48 17 48 64 82 65 91 40 2 44 24 27 51 0 41 73 63 35 90 48 96 6 26 48 23 7 87 94 60 34 19 67 35 3 98 28 77 18 16 28 33 30 69 82 51 9 62 37 79 78 69 33 91 60 3 16 99 75 90 22 85 24 75 24 71 65 50 35 80 26 59 28 18 32 94 40 62 11 97 22 32 2 33 15 40 69 34 37 48 97 42 73 37 9 49 77 5 58 28 84 77 91 24 51 4 10 27 63 77 38 53 38 60 9 71 84 92 35 58 1 1 98 92 87 85 38 53 46 86 50 71 65 63 10 91 40 83 76 0 72 23 59 84 23 13 0 4 46 1 52 31 55 11 36 11 73 83 77 40 3 33 48 43 59 67 94 65 8 27 48 30 78 52 74 46 45 52 60 35 61 48 55 63 89 23 3 54 23 45 62 88 77 75 64 44 24 32 16 71 
33 41 45 18 65 30 32 51 94 93 28 22 70 14 75 17 87 59 79 69 65 68 9 42 74 35 58 63 84 8 34 60 54 25 2 54 93 88 16 69 66 6 80 19 88 86 90 77 58 60 56 74 83 34 93 65 96 48 37 20 61 70 45 33 84 45 30 94 86 75 32 50 61 9 56 81 52 60 6 58 26 36 1 99 18 78 67 4 34 72 42 11 33 74 88 96 18 42 72 53 3 2 67 57 99 54 3 90 3 16 57 25 57 41 90 64 77 13 13 48 41 63 31 97 65 15 87 55 22 70 98 12 1 73 81 64 24 76 79 85 91 55 51 51 78 37 60 42 81 15 99 63 56 11 67 5 39 70 14 40 20 23 34 9 94 24 3 31 52 5 64 15 13 33 99 39 76 12 50 8 57 63 20 86 51 5 55 13 31 69 67 84 37 27 87 44 3 66 74 98 90 41 84 2 54 31 35 28 18 48 1 11 4 67 75 46 66 91 49 85 37 81 56 85 57 17 89 95 4 98 40 28 5 56 81 90 28 33 61 53 2 47 51 71 20 18 17 41 20 87 51 69 61 92 0 22 84 15 38 40 93 95 71 3 28 78 80 86 31 23 51 5 64 42 27 61 79 46 60 79 98 72 58 86 15 21 92 86 3 66 89 0 58 91 49 88 36 63 99 18 15 25 22 9 24 29 36 49 63 22 17 60 94 25 40 2 2 63 77 21 30 28 23 55 59 35 78 17 77 94 75 1 47 79 25 73 41 75 90 25 48 63 7 2 26 89 97 79 20 75 60 75 22 84 54 53 85 88 40 45 82 15 9 93 77 95 13 39 18 8 90 0 94 59 35 85 11 71 83 65 23 56 32 26 56 51 56 32 88 48 87 10 8 14 84 84 90 38 9 67 
5 59 29 8 58 48 14 57 79 5 5 41 13 54 65 25 36 67 90 59 25 27 27 61 6 43 51 45 1 25 16 99 10 3 30 78 24 83 30 48 29 92 5 19 22 41 72 78 84 44 67 82 59 39 3 6 31 65 93 60 32 54 10 53 6 19 46 1 81 33 80 11 61 97 85 39 93 20 35 74 60 33 29 75 4 42 18 38 42 32 71 35 71 40 13 84 55 60 96 19 84 64 81 99 32 47 29 74 34 4 25 44 79 75 33 6 57 10 70 90 21 1 22 45 58 2 86 43 95 34 95 31 95 93 9 1 82 40 0 45 71 23 77 57 93 86 66 92 47 98 54 70 98 93 36 84 67 32 61 97 92 19 24 28 33 4 92 35 7 99 32 28 16 75 65 5 92 60 67 48 51 97 32 43 65 62 60 41 63 19 39 22 18 91 7 64 22 34 94 99 55 68 59 79 12 58 10 41 51 89 59 89 63 67 8 39 7 65 69 23 74 16 68 77 69 22 78 82 57 88 0 81 17 67 34 42 8 40 77 32 1 83 17 55 84 56 76 47 39 47 22 17 88 75 90 49 75 4 95 14 99 46 91 37 5 89 14 10 35 18 73 84 64 83 59 82 67 58 43 27 11 70 34 42 54 55 56 62 35 14 26 95 68 22 19 5 11 83 84 38 24 68 18 63 83 28 96 57 89 7 37 41 6 84 20 34 41 13 46 5 43 10 90 63 23 9 80 61 52 50 5 97 58 6 37 51 82 27 44 39 5 25 4 60 57 64 82 75 70 34 96 6 48 54 53 94 33 74 49 53 71 36 45 85 47 27 34 73 98 77 2 2 15 24 94 46 77 45 81 80 17 76 61 52 76 46 61 29 17 46 33 84 68 53 41 25 51 35 16 59 
65 23 93 12 62 87 59 87 77 91 54 34 62 85 50 11 8 4 43 6 99 58 30 24 69 84 17 89 9 56 40 9 7 5 88 71 68 15 56 14 33 82 31 25 52 48 40 70 73 18 6 11 51 57 82 21 47 19 17 49 47 84 96 82 15 76 73 9 11 28 51 81 4 70 19 17 29 64 28 63 13 93 46 88 88 63 4 92 90 5 26 33 86 21 15 23 66 73 48 4 65 40 69 1 15 50 65 2 77 61 75 61 72 24 76 58 41 6 21 68 7 15 43 83 8 41 29 1 9 45 79 99 47 29 11 55 24 61 16 73 69 86 66 59 38 57 91 16 8 72 52 4 43 28 16 96 21 73 7 90 43 30 29 8 44 85 17 62 83 20 91 82 14 88 36 57 79 20 71 70 19 24 8 71 68 91 86 26 85 68 52 43 85 22 41 17 71 62 7 6 65 37 34 67 86 58 33 54 46 45 70 99 31 76 92 89 26 91 93 86 36 77 8 51 4 92 26 76 40 9 64 56 14 74 40 92 6 47 57 35 89 66 88 95 70 18 86 32 12 61 34 81 84 98 89 33 6 3 70 35 43 82 48 29 43 14 30 26 21 9 77 75 58 23 90 31 3 29 45 81 88 79 43 67 29 19 54 11 35 93 2 67 8 82 24 73 96 81 37 5 33 7 21 25 60 62 62 85 60 19 52 16 83 10 2 56 66 19 43 87 75 13 57 4 58 73 66 32 63 79 52 80 99 78 19 59 94 29 90 20 23 64 19 76 55 93 84 56 32 11 62 16 59 38 95 53 61 69 14 51 48 52 30 61 44 64 3 1 70 41 95 49 37 80 74 67 70 6 1 35 30 12 22 85 72 30 58 71 34 2 15 13 30 4 32 33 38 70 67 12 
24 24 94 38 21 6 20 82 69 33 8 86 56 3 92 0 35 45 20 54 9 71 43 97 78 48 62 73 85 57 19 10 43 53 95 47 63 20 63 56 92 8 11 87 5 92 77 49 52 18 0 44 63 8 68 59 29 74 46 86 68 53 97 87 60 51 72 22 44 57 88 38 13 1 82 36 33 86 36 68 48 48 95 76 27 66 93 48 94 80 91 51 23 63 13 25 67 34 60 25 1 3 92 35 61 13 94 93 33 90 50 36 41 49 20 76 66 60 47 19 77 34 69 53 11 25 97 74 6 29 98 43 64 11 28 96 27 0 9 82 95 33 48 48 4 60 91 19 36 8 1 44 67 85 67 67 11 76 46 59 2 16 57 38 13 81 98 46 82 64 82 97 51 90 11 8 49 57 87 61 27 32 36 78 27 44 39 79 65 83 66 82 25 83 21 57 33 6 13 57 69 96 17 44 85 5 19 37 16 58 58 89 82 60 65 21 59 54 0 66 52 46 66 18 75 1 25 37 71 36 94 7 70 38 3 39 92 36 90 54 22 77 26 64 26 81 38 69 31 7 6 69 61 87 71 98 29 78 96 98 57 22 52 54 8 50 5 90 41 69 33 39 29 6 99 24 9 87 91 69 11 31 32 69 96 7 53 61 21 88 55 55 89 44 87 91 6 21 47 5 35 71 10 60 68 56 96 41 61 34 27 38 26 5 90 87 34 35 15 4 1 81 85 32 27 94 4 21 56 14 76 88 14 61 66 15 79 26 98 50 80 86 56 30 90 8 28 10 36 13 29 9 96 90 5 78 21 30 67 69 4 53 44 86 12 69 23 6 8 42 29 2 37 8 42 73 37 5 42 46 37 76 57 70 12 61 49 56 68 13 61 30 26 82 72 55 7 32 39 44 
74 53 32 86 56 14 81 52 10 61 16 5 8 17 53 61 45 73 73 67 90 76 70 65 17 95 61 42 28 38 75 12 52 26 84 21 85 8 29 18 24 95 10 42 66 21 73 88 9 91 71 93 87 50 86 63 34 63 11 74 98 78 71 58 22 70 73 93 52 82 28 45 53 23 9 23 70 75 42 58 28 53 79 24 18 75 58 14 17 4 0 37 26 83 87 62 72 57 10 27 45 59 58 74 64 31 35 93 46 29 46 47 63 26 88 32 5 82 31 3 57 94 40 50 46 61 27 27 26 26 47 69 36 48 90 24 17 81 27 77 75 51 39 46 36 65 27 32 75 88 74 87 73 43 46 77 22 67 48 8 70 89 34 52 74 86 44 53 0 94 87 69 17 83 97 63 55 1 3 81 88 54 72 36 89 77 25 2 62 4 17 96 45 54 35 83 10 39 95 17 60 30 27 2 52 58 37 23 49 71 31 58 20 62 41 36 82 83 57 74 84 63 81 25 38 1 30 9 9 80 52 91 86 31 2 96 77 18 98 74 59 38 93 61 3 36 23 93 15 25 15 57 81 82 48 52 55 67 26 92 81 86 18 9 75 45 15 85 39 12 38 3 40 90 60 29 17 36 70 97 4 46 18 8 82 75 30 51 21 94 74 19 72 42 70 46 96 42 37 89 98 84 94 77 69 80 87 39 92 62 64 52 90 51 49 82 63 90 13 61 45 41 61 46 97 26 0 73 0 1 97 8 4 99 9 72 48 3 82 59 64 18 80 77 88 59 38 39 82 46 82 65 87 65 75 85 31 81 70 21 75 27 88 54 48 60 90 64 30 96 98 33 18 84 94 64 55 15 57 12 81 53 51 98 74 3 46 63 49 24 17 32 63 69 45 32 62 35 50 36 
84 54 33 0 18 1 91 46 71 11 74 90 60 25 65 74 89 54 73 54 43 91 92 31 7 30 74 63 9 63 54 91 72 63 50 34 38 9 52 74 23 83 81 16 90 71 68 61 56 9 27 59 93 99 64 52 86 57 39 23 39 34 20 20 51 93 28 1 91 45 58 16 21 69 13 74 23 40 45 0 87 74 53 75 64 2 48 75 86 60 80 30 80 52 35 63 65 3 79 5 85 2 33 96 99 55 35 49 24 90 71 51 88 98 34 96 43 35 50 63 85 16 85 3 37 89 95 7 19 0 54 0 45 58 66 30 80 87 37 0 96 64 9 7 3 40 63 45 45 60 87 79 35 80 26 47 95 42 19 75 30 80 0 1 14 42 92 85 98 57 61 4 95 50 37 16 78 39 99 16 86 68 42 95 42 55 55 97 6 22 41 98 59 37 59 4 49 2 86 9 36 32 27 36 66 79 33 91 78 89 0 10 22 91 64 3 46 59 56 74 80 2 34 85 80 83 49 68 20 11 61 43 36 17 71 37 77 17 70 29 16 47 94 56 93 97 12 74 92 94 8 74 15 15 19 8 18 21 42 80 5 96 34 49 44 31 69 24 21 23 32 97 89 6 19 30 8 21 18 70 7 47 5 60 36 37 65 81 79 58 52 50 29 59 48 71 62 10 94 88 26 29 65 72 17 91 94 91 63 67 66 12 55 75 27 70 70 86 16 88 32 36 13 4 97 17 47 16 8 81 74 17 31 76 68 25 29 83 22 85 1 84 9 8 28 10 85 56 36 89 57 59 81 31 88 56 3 55 45 62 85 22 76 64 95 70 81 45 60 7 72 98 15 14 48 34 44 9 15 86 44 55 49 24 1 61 59 38 94 86 83 52 71 44 99 85 24 62 16 87 
51 10 71 46 64 78 25 52 40 95 63 67 1 68 16 73 38 82 60 34 39 79 30 69 39 29 23 19 36 85 98 40 91 4 35 29 35 58 9 82 95 22 47 45 15 72 41 14 14 40 33 43 9 18 21 16 28 50 81 28 26 49 88 14 69 17 17 81 32 65 76 72 64 69 6 87 57 41 98 42 14 79 91 41 13 88 72 4 39 34 19 54 88 22 14 13 54 92 77 55 61 48 35 83 95 7 60 49 58 47 82 26 84 49 92 99 80 39 1 79 55 17 31 66 97 89 18 45 38 51 81 21 86 3 81 57 10 68 16 6 76 96 35 25 70 29 65 75 48 8 54 73 45 16 21 97 15 57 47 90 42 78 29 67 60 83 48 48 76 65 98 74 88 0 84 44 84 16 20 27 42 95 11 11 34 91 6 21 44 66 45 97 71 53 75 9 5 45 93 54 79 45 72 10 56 25 58 90 50 62 65 98 71 15 12 97 73 80 23 32 20 78 39 83 24 42 93 73 34 16 36 99 7 81 45 65 32 86 0 14 99 45 22 23 0 8 20 85 69 48 93 24 85 99 16 48 1 10 59 79 48 46 56 32 18 90 85 46 99 38 91 62 66 47 55 42 63 49 34 40 80 64 38 48 82 79 45 55 88 37 69 74 5 55 38 30 95 97 72 83 33 77 63 97 86 42 30 0 75 79 41 52 94 9 4 40 64 98 23 69 44 87 79 98 7 15 66 31 45 43 30 2 56 35 61 8 90 47 64 31 73 46 20 72 38 35 18 48 89 59 13 26 7 29 68 70 77 16 84 88 9 81 52 52 22 69 47 84 84 86 34 90 4 69 16 10 67 90 50 31 77 97 26 96 91 45 64 33 35 57 34 39 84 70 87 77 44 97 79 72 
99 20 45 89 69 33 6 57 41 21 50 17 44 55 35 39 6 97 47 19 78 11 93 64 69 65 39 95 99 21 7 11 59 39 80 74 86 74 63 8 4 71 92 99 57 26 80 40 1 36 90 93 52 79 75 21 81 11 1 51 64 14 4 74 43 8 41 68 12 22 46 9 43 7 40 50 39 38 72 28 23 62 46 36 90 65 7 83 10 27 17 54 22 20 65 49 96 39 82 70 30 33 49 68 64 10 43 67 32 4 90 48 8 56 64 70 27 39 47 11 26 23 65 91 45 92 91 41 48 45 95 24 70 7 48 79 25 79 52 0 14 19 95 73 35 90 72 33 22 96 74 59 54 59 16 44 77 61 31 16 57 36 62 39 74 69 91 65 64 70 26 14 86 76 96 53 67 11 92 81 25 61 86 86 68 24 77 62 76 52 34 58 75 31 9 70 6 59 39 82 19 81 78 79 93 3 40 84 4 42 96 59 94 91 80 43 27 6 98 86 26 36 55 57 43 72 82 22 46 92 11 75 66 42 60 21 53 90 72 22 17 58 89 1 50 66 88 98 99 60 40 64 60 57 70 31 36 4 10 1 21 37 30 22 30 62 79 94 2 83 37 2 84 27 41 20 31 7 62 83 67 8 35 70 25 68 33 89 8 21 8 3 84 22 2 43 12 65 82 38 92 77 98 44 62 85 5 33 88 48 84 65 9 47 0 17 42 41 63 23 83 65 89 84 98 64 55 52 8 68 69 41 6 39 20 48 82 73 20 67 13 13 22 17 71 18 68 30 74 65 96 87 8 91 4 89 70 78 9 88 3 48 37 34 92 65 83 40 29 68 11 9 21 38 29 71 1 83 72 49 50 23 32 33 35 79 39 21 15 47 72 43 67 34 64 33 91 21 6 67 
48 53 36 73 70 21 5 59 94 43 39 14 46 81 70 5 0 23 13 33 18 66 89 74 72 31 51 7 7 70 72 3 91 42 82 22 73 79 21 26 4 64 6 2 14 15 37 3 0 86 48 86 39 81 27 25 64 18 96 23 87 75 51 4 86 91 27 84 61 41 37 97 87 48 7 37 92 23 18 95 26 41 71 72 7 79 24 99 10 98 68 21 38 65 66 32 78 50 44 84 31 86 99 50 13 86 48 26 62 63 11 32 92 95 2 87 41 10 13 60 44 54 70 14 39 36 20 8 33 17 79 30 61 46 7 51 36 42 42 76 31 66 4 82 97 54 85 5 11 41 8 72 70 42 86 75 33 37 30 31 35 53 21 14 24 55 36 13 34 71 63 26 64 24 90 76 26 80 36 57 23 60 21 68 48 96 87 77 67 59 85 21 14 68 82 33 85 83 76 89 26 86 69 60 25 11 53 71 11 26 37 47 7 72 99 9 39 14 3 89 21 91 86 95 68 19 45 38 47 36 85 98 14 35 85 1 47 3 17 9 27 21 42 96 26 63 38 61 27 99 57 96 53 93 0 24 36 25 12 77 96 99 6 94 95 55 50 76 21 41 31 63 93 48 25 4 48 87 22 38 56 25 56 62 57 21 10 16 18 45 45 58 80 44 24 73 16 39 48 14 8 60 98 87 29 32 96 43 26 64 86 17 2 99 64 23 38 18 59 49 92 66 98 75 40 90 88 69 8 91 15 83 63 50 11 23 39 3 10 60 11 99 16 29 2 94 98 61 53 24 92 15 42 95 22 83 94 84 42 39 94 27 41 96 88 88 89 72 54 43 87 5 55 21 4 11 49 32 41 76 18 19 33 89 80 99 88 49 89 38 11 83 8 76 13 85 99 16 22 52 
71 23 14 17 9 5 39 80 27 71 28 18 17 43 42 34 72 64 36 86 19 71 10 82 77 55 94 55 15 40 94 61 77 96 73 14 50 12 97 91 78 34 9 96 77 8 4 93 2 15 66 61 10 91 79 79 95 52 92 79 2 58 49 71 99 59 21 49 90 38 56 94 1 50 41 79 24 79 95 39 52 92 1 30 2 2 6 81 44 89 81 65 89 83 86 61 95 42 53 30 82 63 32 56 9 57 3 33 48 64 9 72 63 13 17 47 85 10 98 44 92 75 96 89 26 85 97 46 5 93 65 97 54 81 4 87 6 98 91 69 48 72 50 81 17 92 66 20 20 12 13 57 74 77 75 99 22 90 67 27 63 99 24 10 78 13 53 92 96 41 53 31 53 98 31 76 18 47 34 19 30 19 8 40 93 97 99 6 26 82 25 72 74 5 25 15 30 77 64 51 81 76 92 5 15 6 41 98 18 38 9 82 81 45 21 25 14 35 93 42 36 47 60 49 90 71 18 64 96 44 68 40 19 63 65 60 72 47 64 6 25 85 14 10 34 20 93 28 77 42 88 73 57 82 24 8 64 58 71 96 95 47 68 13 81 2 57 51 31 70 57 30 82 2 3 31 73 39 97 9 66 90 36 43 25 65 90 51 76 24 56 12 9 43 15 21 82 83 91 24 15 98 36 36 22 15 76 95 5 57 52 6 15 82 5 59 48 26 15 63 82 34 58 54 27 30 91 76 27 39 82 74 57 28 54 74 97 87 94 83 25 37 77 99 61 37 31 1 79 70 72 28 37 94 73 1 78 56 89 99 76 53 36 43 16 16 16 17 74 74 66 41 28 69 49 5 83 67 32 37 97 88 35 67 97 74 73 20 21 55 3 14 54 95 20 49 99 87 21 18 
37 56 0 88 76 9 59 81 66 95 20 68 54 40 68 91 29 62 41 19 64 35 1 33 77 6 4 76 38 78 87 67 64 36 15 42 98 14 31 51 65 31 66 50 63 69 68 41 86 23 62 59 80 74 85 38 61 96 51 97 10 73 79 54 1 89 86 55 23 56 90 30 39 5 78 18 17 75 19 55 72 55 45 26 73 50 41 3 33 31 11 74 79 10 94 70 66 88 82 96 12 58 72 43 49 67 21 53 9 30 41 92 92 32 67 68 46 13 28 60 5 6 30 22 11 89 22 6 73 10 51 71 34 98 59 61 71 16 5 25 41 9 10 24 74 74 49 65 11 15 85 68 10 88 23 9 78 71 63 67 42 18 33 0 2 0 70 27 14 66 6 76 80 22 76 55 39 95 76 34 64 82 41 52 83 54 90 94 57 45 71 13 71 47 88 53 29 80 33 84 75 89 87 15 96 44 77 39 67 0 29 37 8 58 45 3 41 11 64 48 97 31 90 25 40 25 27 85 90 39 78 80 56 11 79 37 46 35 45 11 18 83 5 95 33 36 26 99 62 44 3 72 37 7 1 65 98 35 29 56 16 43 8 31 74 69 97 81 93 52 83 46 2 79 65 42 83 66 39 63 64 30 5 51 36 26 81 59 47 2 24 43 95 4 94 50 82 88 62 83 43 20 62 77 45 69 37 62 80 74 72 45 85 5 84 45 27 20 54 56 13 44 63 76 53 71 81 79 5 24 73 64 72 24 70 72 66 58 66 89 48 2 40 36 1 22 95 48 56 89 40 41 73 42 20 77 80 81 13 23 22 22 65 57 89 45 52 32 49 37 13 83 39 0 47 73 31 49 21 43 42 16 86 18 87 5 28 60 66 26 52 45 96 40 41 2 68 42 62 53 
55 22 78 58 66 35 64 65 61 0 33 19 84 7 52 75 71 3 36 56 71 92 4 61 34 38 77 52 30 68 25 95 66 35 24 46 64 62 12 60 84 20 72 19 30 45 40 8 61 57 63 21 80 94 81 12 8 94 15 82 36 45 9 58 25 38 37 7 69 3 8 86 69 44 28 93 97 76 52 10 57 48 58 64 66 5 99 21 46 56 21 44 44 88 22 86 24 67 39 0 94 21 61 17 11 31 17 80 65 63 80 74 94 9 88 12 43 54 62 30 87 59 33 61 49 65 22 42 9 39 8 96 82 36 52 8 42 95 29 74 15 77 85 25 58 22 52 80 51 24 48 3 73 55 15 24 96 62 36 62 14 60 9 22 95 41 82 82 43 13 53 54 79 19 36 87 93 36 98 11 60 2 13 85 32 59 84 3 0 81 77 55 39 99 85 30 34 76 22 65 23 6 62 67 60 17 97 31 36 9 67 2 46 65 9 46 91 44 53 52 68 6 49 85 28 23 32 1 6 87 57 64 70 49 40 93 57 41 5 97 54 20 52 23 68 69 30 54 1 15 63 64 74 25 21 7 74 32 32 32 3 87 17 46 88 22 75 71 38 53 86 31 67 31 85 58 23 98 63 78 78 49 70 37 63 70 80 30 28 56 19 82 9 62 62 76 2 42 51 9 42 25 25 26 69 25 99 46 75 32 21 19 17 83 56 78 74 13 47 37 74 68 46 96 86 40 0 45 73 43 8 25 66 71 95 48 89 65 89 28 77 10 4 90 1 5 55 37 43 65 43 92 74 1 31 27 33 68 55 96 19 55 43 53 14 40 26 24 22 24 38 58 29 61 82 34 96 28 49 82 15 93 49 79 15 35 74 93 81 83 74 65 73 74 62 74 78 61 91 98 
44 99 88 28 68 51 25 88 86 93 98 53 65 26 20 10 98 78 99 65 35 43 91 32 81 48 13 79 16 3 10 95 2 21 20 74 51 26 28 82 33 11 36 77 35 68 5 72 85 79 26 10 64 17 66 24 51 76 50 26 63 30 96 94 40 1 68 83 70 0 91 74 22 61 79 26 45 77 25 22 67 54 69 3 40 60 19 3 34 99 62 34 24 5 97 37 9 70 70 92 46 89 17 97 83 31 48 89 97 83 49 58 79 89 89 56 84 14 10 70 94 88 36 44 29 71 59 60 67 10 25 85 97 25 38 13 58 8 72 58 35 51 92 22 33 75 47 28 54 38 44 93 99 44 28 51 65 17 17 45 7 8 98 98 95 57 20 33 93 91 34 30 37 12 41 36 87 44 12 50 17 0 5 59 2 64 20 15 44 31 87 71 80 70 29 37 88 7 92 56 12 96 82 57 55 51 47 13 96 9 45 20 96 12 54 58 30 7 26 33 5 67 65 8 73 34 31 37 9 85 93 40 98 34 14 50 38 78 38 27 34 69 64 98 80 50 30 14 7 68 44 7 48 9 9 97 37 45 61 74 32 6 25 28 4 67 1 88 18 32 40 63 62 2 5 78 28 78 70 40 79 94 20 8 64 51 15 55 90 84 84 50 86 14 86 0 63 36 41 3 13 80 90 46 71 78 99 55 86 48 91 69 96 46 97 34 44 28 63 2 4 89 49 48 97 91 46 15 90 43 48 60 29 27 79 35 21 39 15 5 67 8 13 0 10 78 86 9 97 48 50 80 42 71 32 45 63 5 36 57 52 18 47 67 97 45 94 23 85 42 88 72 60 25 58 59 90 60 33 24 41 38 96 28 61 17 1 94 22 44 21 32 9 10 14 88 1 50 87 11 
19 75 47 69 20 27 31 34 92 79 83 98 69 46 84 66 94 78 13 77 82 49 49 88 92 31 24 99 21 43 84 74 80 40 77 69 81 7 63 41 72 78 63 37 98 26 51 53 39 27 31 24 79 56 38 46 45 76 13 11 61 44 99 59 31 82 48 47 85 18 51 48 98 60 8 59 73 72 84 58 53 51 81 22 99 82 53 11 41 66 1 20 13 12 46 73 23 66 43 21 97 9 20 77 46 65 79 35 12 50 3 42 70 22 7 49 45 24 42 23 54 84 38 99 51 1 64 40 23 60 6 75 82 32 88 17 52 23 94 33 78 0 28 82 49 55 33 31 34 33 32 54 17 35 21 9 29 18 71 30 67 1 82 59 31 92 29 78 68 46 33 81 14 58 4 13 6 77 50 83 3 70 16 55 58 95 51 63 84 56 3 90 29 82 38 51 25 93 86 66 30 53 40 96 10 7 92 86 49 93 85 54 25 49 25 72 28 96 51 56 79 17 5 55 41 67 64 83 75 79 79 60 5 99 33 44 3 37 51 81 63 81 78 26 66 45 61 27 10 48 71 9 70 65 2 57 1 33 83 61 59 97 38 75 51 7 4 34 20 8 69 93 55 5 59 15 44 13 47 75 24 86 20 19 50 77 70 40 52 50 90 52 73 24 87 64 46 7 88 60 89 11 17 28 70 63 92 93 65 96 95 61 50 26 51 70 13 55 90 65 59 17 35 71 30 19 73 45 78 55 99 60 13 8 2 5 96 1 97 71 18 26 19 35 77 90 38 69 66 27 67 21 62 24 37 52 13 20 10 9 1 76 24 80 22 92 35 12 76 35 79 74 42 24 24 91 21 81 52 47 76 20 16 28 36 10 53 62 27 61 33 20 24 38 21 15 36 61 47 1 
53 15 37 2 48 16 54 30 14 28 54 64 86 21 83 9 9 14 1 8 58 51 0 28 31 78 14 97 55 69 2 72 15 81 61 96 46 30 87 95 42 87 23 33 84 84 77 36 9 51 86 39 12 48 13 72 58 42 43 54 86 25 46 78 45 27 46 68 42 79 89 87 30 71 8 84 52 95 0 10 31 63 91 7 76 76 63 62 48 82 12 5 74 76 39 9 64 61 22 66 47 21 68 68 95 5 0 19 24 97 40 7 40 2 30 38 64 59 59 95 1 99 6 58 98 26 66 30 36 44 58 46 94 57 10 40 81 89 63 74 74 27 86 12 82 41 62 25 52 24 27 78 34 57 57 23 66 85 36 52 19 16 85 17 54 95 67 6 94 74 99 77 12 71 84 99 35 34 23 86 38 40 20 64 19 87 73 50 18 27 24 28 99 83 52 56 11 6 52 70 75 6 41 3 13 59 36 62 18 24 11 91 82 47 80 59 30 38 16 60 8 89 25 50 16 41 79 92 44 28 13 52 40 45 86 43 33 79 53 9 84 81 39 42 88 88 72 75 83 16 65 16 71 42 28 88 58 70 13 59 47 52 91 48 94 63 80 31 58 71 21 81 11 48 17 99 19 82 97 51 17 95 42 69 54 93 53 16 33 79 79 15 5 95 77 70 72 70 62 78 9 16 50 3 41 64 79 95 57 68 66 58 21 43 68 63 55 56 26 76 83 50 73 40 28 74 98 69 73 17 17 69 56 90 6 72 25 56 78 57 13 56 59 6 34 33 59 28 91 85 59 7 1 3 25 25 24 65 38 66 10 53 58 4 1 65 74 87 42 83 78 5 74 81 18 24 93 37 44 27 72 97 56 84 31 66 71 16 45 51 95 53 91 67 33 52 78 97 30 12 
69 53 73 31 34 46 42 45 97 66 90 40 92 16 30 99 70 32 91 5 81 47 3 86 84 67 75 44 1 46 68 53 96 92 30 2 5 19 42 88 18 20 64 14 84 33 32 10 24 86 23 28 54 75 89 17 28 39 0 99 98 0 83 42 62 79 60 84 21 59 4 34 91 33 98 27 42 82 89 79 93 1 39 16 45 6 93 60 48 77 84 9 53 30 53 57 89 25 48 29 81 66 87 3 19 57 39 41 69 11 80 5 57 40 98 56 0 80 95 87 10 76 55 16 67 85 78 33 30 46 84 30 1 33 60 98 0 25 38 88 1 72 53 15 34 67 15 35 1 19 51 25 93 22 87 97 23 13 26 7 32 24 89 1 51 44 56 85 39 60 51 31 92 51 98 25 99 1 52 88 42 67 46 70 88 25 75 12 54 6 35 15 92 63 6 37 68 9 60 67 17 50 67 74 48 20 28 49 40 36 88 96 29 60 78 41 92 89 5 82 55 72 8 38 10 55 94 57 50 71 47 98 98 98 34 48 26 2 10 2 86 33 51 95 17 55 55 11 3 16 87 86 70 25 75 23 80 89 78 28 34 20 81 19 90 71 86 90 9 65 46 73 9 46 18 1 78 42 30 38 47 5 53 12 18 55 39 11 41 43 59 86 76 9 2 67 83 51 81 51 67 18 12 85 87 11 42 21 86 60 15 45 69 16 85 34 22 77 83 65 23 53 40 12 77 50 39 40 99 16 93 86 87 99 11 7 96 52 50 90 13 79 80 24 92 19 80 25 87 10 80 54 0 27 97 59 66 4 35 29 78 41 46 12 45 51 60 34 19 8 68 73 55 56 1 92 93 31 25 74 12 38 48 37 34 97 55 21 48 25 99 38 77 47 60 56 24 75 59 40 
48 63 87 25 5 59 79 18 32 81 27 21 86 43 10 44 16 43 30 65 94 13 52 39 57 66 55 88 7 76 28 82 78 56 61 51 11 51 37 88 64 69 57 89 21 42 15 54 76 16 37 38 64 28 7 65 77 82 36 56 68 15 15 44 56 88 32 60 97 98 21 47 62 67 66 2 13 58 64 5 9 43 0 5 72 14 97 50 43 79 63 63 51 11 87 51 36 71 59 33 8 68 94 15 94 15 5 37 76 34 48 64 77 73 79 86 87 19 45 81 6 73 72 81 91 8 1 41 92 4 6 57 17 35 47 32 33 52 82 43 86 83 68 67 9 31 10 25 99 54 74 82 29 17 75 48 9 37 43 99 66 89 94 46 96 73 87 59 22 51 26 94 33 89 47 52 10 96 46 88 3 88 51 60 68 36 90 38 34 81 61 47 95 54 86 73 44 23 43 31 81 25 80 51 21 41 23 87 29 68 7 58 11 35 72 10 92 54 54 25 20 36 38 0 1 9 63 74 71 50 42 19 41 42 80 8 24 33 6 45 66 64 40 71 69 77 20 94 10 75 33 98 34 35 68 12 92 56 69 27 22 76 26 80 46 45 86 14 92 64 99 49 28 30 85 40 59 5 26 43 28 96 27 86 78 24 56 59 33 29 48 56 14 93 77 73 66 85 96 73 55 76 61 18 48 5 41 32 31 82 23 73 84 66 90 94 72 35 76 95 80 86 88 32 55 5 96 43 92 40 56 11 99 91 35 53 56 46 98 90 57 28 57 90 41 18 54 17 44 17 93 79 38 18 86 45 54 61 48 72 48 74 35 1 27 73 53 81 59 90 32 8 30 84 20 86 22 77 7 68 26 31 70 56 47 83 89 35 86 83 94 95 43 55 54 25 51 39 47 44 
10 73 66 61 46 12 96 43 69 73 40 66 65 46 23 7 83 79 74 0 70 77 42 75 85 13 53 9 88 51 43 86 94 18 36 25 38 42 67 4 37 50 4 54 47 96 88 44 74 22 86 33 34 37 55 60 67 4 52 9 87 90 93 58 63 29 33 17 15 64 8 36 30 23 87 38 22 33 77 27 95 21 21 97 59 19 3 29 48 41 41 32 94 61 50 3 95 61 93 95 70 63 27 50 46 57 46 34 75 66 45 95 52 49 54 41 15 34 45 20 69 70 22 33 16 19 39 20 42 74 4 69 59 19 26 71 60 40 49 77 41 29 62 37 25 2 14 84 60 96 56 31 67 79 62 27 85 25 13 31 94 83 50 30 33 48 71 84 81 72 39 38 24 52 61 88 0 59 49 26 44 52 11 91 88 82 88 64 65 63 42 49 27 7 50 77 26 16 93 26 91 8 12 38 76 78 88 82 30 94 63 6 52 72 23 54 18 29 39 39 19 36 30 48 65 74 28 73 29 55 34 90 71 19 21 2 96 5 26 91 30 2 51 9 89 9 50 18 1 14 13 97 96 7 48 52 99 84 34 95 99 68 52 6 51 87 3 90 10 11 66 1 62 24 22 15 26 49 77 27 6 7 87 54 86 67 35 27 48 64 51 38 56 52 23 14 8 96 89 93 8 21 64 86 76 31 92 88 97 28 27 65 26 34 69 52 79 36 45 46 91 8 30 6 90 6 45 46 27 36 31 9 32 9 27 39 93 85 59 57 87 24 88 40 29 63 21 19 40 88 79 94 6 81 28 62 67 0 82 78 34 27 91 1 8 82 61 31 40 9 48 44 98 97 68 5 12 19 53 21 29 83 46 90 28 28 65 82 98 25 76 56 36 78 84 15 37 5 92 85 
33 57 60 34 90 18 72 89 60 15 37 4 61 54 67 23 0 47 94 78 96 16 32 42 92 17 62 56 44 66 47 53 31 51 9 79 37 59 82 99 85 23 32 98 69 89 44 61 25 92 2 65 82 79 42 77 87 80 28 49 36 38 5 19 80 5 81 49 27 99 63 18 79 12 72 37 15 14 77 92 96 13 1 94 68 0 94 11 47 24 95 7 8 60 59 80 56 74 19 59 31 5 38 12 33 0 39 17 62 20 53 30 14 4 74 36 12 64 6 29 21 82 9 2 16 70 31 87 17 81 28 86 6 33 42 28 83 35 15 54 23 78 48 53 36 6 44 45 82 17 84 27 80 57 85 60 8 34 64 24 2 21 67 51 49 64 87 15 53 43 39 29 78 74 39 19 52 91 97 20 3 86 37 98 61 92 97 89 56 13 69 9 54 70 26 56 24 21 88 78 9 46 22 45 53 55 82 21 52 30 59 29 98 12 61 63 62 88 58 26 79 0 63 89 24 87 58 36 68 31 34 73 34 66 81 18 86 98 69 57 67 57 62 27 98 42 43 58 72 86 12 4 83 73 26 38 49 29 58 22 21 12 11 10 39 10 37 36 64 10 2 69 20 1 65 21 63 26 5 37 47 61 7 88 48 55 10 97 14 59 33 82 31 55 17 99 96 45 70 30 47 54 12 9 38 7 40 73 31 57 62 99 78 48 55 41 18 32 54 83 93 85 46 37 31 17 45 75 6 90 10 75 25 46 33 37 73 75 44 55 89 42 60 50 58 16 43 24 66 16 35 10 51 89 25 79 91 57 32 71 67 80 62 52 72 31 9 93 22 6 89 53 10 23 86 58 95 26 94 91 19 72 5 60 66 69 91 94 46 80 88 83 65 68 82 87 7 51 64 16 
46 56 9 2 2 19 19 60 19 71 13 97 3 35 61 16 95 44 48 27 52 89 43 46 85 58 59 3 73 77 90 99 75 67 32 98 61 71 92 75 78 34 45 37 91 41 84 98 14 94 78 71 72 55 73 18 37 44 69 52 55 25 80 11 0 24 16 69 94 8 56 25 86 57 13 27 90 59 98 67 32 28 4 1 0 2 86 56 94 73 59 82 3 0 8 65 66 87 16 96 97 14 61 17 75 13 32 96 0 28 64 72 72 90 52 42 23 56 90 89 58 57 41 2 43 45 18 14 4 63 66 19 37 18 90 17 70 71 41 56 32 78 43 36 1 28 16 61 79 62 21 56 69 85 77 19 93 7 17 24 74 22 18 48 24 98 53 71 39 97 10 65 37 89 31 45 87 94 90 11 54 22 23 60 67 21 72 34 86 29 42 85 19 49 63 32 91 23 63 76 95 96 65 22 22 64 67 96 76 55 34 49 57 30 17 67 68 57 30 22 20 72 2 32 72 92 47 48 22 18 63 80 12 4 76 7 46 30 13 52 33 95 92 61 2 46 17 52 77 15 85 33 27 10 51 38 6 87 91 39 50 76 47 94 95 34 90 31 63 11 62 98 16 60 57 41 66 54 77 29 27 18 86 75 29 21 9 34 39 66 68 61 85 5 5 19 6 3 13 21 24 14 40 21 1 62 55 79 44 3 5 13 91 19 81 59 59 35 15 52 96 25 75 19 9 86 53 31 84 74 8 65 5 6 90 12 59 52 49 85 10 32 82 35 52 1 23 80 46 43 7 95 25 64 20 47 41 91 32 36 73 86 46 81 98 19 38 1 28 11 61 44 95 19 15 28 79 98 32 62 46 76 30 8 47 54 18 78 43 61 77 99 39 8 23 24 86 4 50 44 
58 17 32 58 57 9 44 30 84 10 12 2 73 31 94 5 25 58 59 54 61 46 14 26 74 34 94 42 17 23 42 76 86 92 56 89 56 88 74 84 56 49 71 84 18 5 9 45 89 49 30 86 22 81 80 40 49 7 91 93 7 41 34 91 16 35 49 15 22 82 21 49 80 5 8 68 7 50 49 9 34 25 59 82 43 63 38 95 9 88 58 71 10 99 43 43 5 62 88 97 76 6 39 87 98 88 36 28 88 47 56 96 98 95 7 98 0 83 22 20 40 73 0 10 97 77 21 24 39 73 94 49 37 22 28 59 24 69 31 53 81 56 47 10 49 17 57 51 16 27 34 52 5 53 97 32 16 68 55 4 38 43 34 93 35 76 98 63 38 68 92 84 86 31 63 29 92 96 22 22 98 74 72 3 96 82 50 10 8 66 46 27 87 79 26 50 39 54 12 20 50 82 49 75 61 44 2 29 36 54 32 88 83 46 51 19 21 3 28 89 8 37 53 29 58 5 76 61 98 73 95 42 49 44 78 41 18 96 87 6 56 45 48 23 20 65 8 45 14 98 27 69 3 5 56 56 31 67 50 43 76 50 24 12 42 63 1 69 3 54 64 75 46 96 86 10 91 53 82 48 34 92 14 44 28 90 93 9 56 6 81 47 67 93 43 25 78 19 71 88 11 36 97 72 27 21 42 71 72 79 75 14 93 0 5 61 10 12 54 3 54 64 95 36 48 72 37 82 72 24 40 53 57 55 77 7 57 87 33 43 69 95 83 85 96 32 73 29 53 76 22 54 92 16 11 6 83 50 23 58 92 5 88 85 37 53 66 12 3 74 1 91 68 91 5 43 79 15 91 9 62 85 32 41 17 91 3 50 69 21 18 88 28 37 75 33 97 30 62 76 
86 84 13 14 48 11 81 64 43 8 6 94 63 13 71 59 89 0 81 9 98 8 2 18 25 14 33 91 51 51 79 64 64 17 94 98 21 5 58 89 41 44 55 74 97 0 51 17 0 19 1 65 31 85 8 11 0 48 67 0 51 59 1 69 85 82 78 89 15 77 48 72 93 84 55 3 16 38 84 94 75 55 58 68 9 80 50 6 67 30 33 19 11 64 25 49 93 7 83 31 74 19 51 51 94 55 2 20 6 76 14 22 56 70 62 68 15 0 98 3 12 1 34 39 70 61 41 83 81 49 18 90 1 14 22 2 1 28 4 89 93 40 28 24 37 4 6 25 14 68 33 23 81 69 51 80 15 55 27 82 78 9 28 19 41 46 67 65 98 84 23 20 72 40 66 82 73 38 67 10 76 41 16 32 53 42 52 53 74 9 87 44 87 48 94 4 20 75 25 7 47 69 3 42 90 4 61 14 87 89 38 92 89 14 15 73 43 22 15 40 16 31 3 38 96 30 27 91 10 20 17 99 38 93 70 48 87 39 0 98 24 97 79 80 2 45 24 60 54 71 57 49 4 15 7 89 93 41 15 90 78 6 2 38 29 43 64 14 16 97 40 54 71 37 22 18 18 24 47 32 96 67 29 15 25 50 61 24 92 73 36 74 41 84 63 21 85 96 35 10 55 72 27 95 4 75 66 96 43 3 58 80 78 85 61 45 7 87 18 87 0 0 7 14 65 50 96 17 97 79 47 16 52 74 26 22 62 74 99 73 88 95 20 61 82 8 16 34 1 85 62 89 57 16 75 50 28 48 36 16 63 46 53 67 45 33 4 14 41 60 60 84 5 5 95 39 12 70 73 36 10 66 27 90 44 57 82 56 58 65 11 59 2 18 48 32 91 67 87 16 
55 7 28 35 23 15 51 82 85 3 9 38 42 65 29 96 67 4 76 42 93 74 86 72 84 6 91 92 53 62 74 59 68 41 5 72 37 31 55 23 95 48 36 64 48 52 74 66 13 32 37 4 88 22 95 69 10 86 63 98 60 33 4 0 82 60 74 69 59 71 78 50 8 54 62 3 22 59 13 61 27 90 78 85 87 33 6 15 67 15 99 46 57 66 99 85 99 69 45 68 82 65 53 81 74 27 38 52 99 87 89 77 81 70 66 29 49 44 19 88 79 98 78 41 36 11 48 68 45 98 33 54 99 61 62 79 23 72 61 0 0 23 36 86 53 56 37 58 26 16 9 35 56 48 60 67 68 20 29 8 54 34 47 56 57 38 57 49 83 30 40 88 12 68 54 80 69 49 69 86 18 34 44 94 71 91 18 42 25 94 69 13 19 7 78 35 85 62 34 12 5 13 38 5 66 21 93 9 20 92 69 17 46 67 60 83 20 72 60 58 41 89 86 71 20 3 2 89 50 7 18 27 28 59 96 83 65 9 13 68 77 15 87 57 25 67 36 86 62 40 98 18 50 50 8 29 19 51 4 45 94 41 89 93 52 2 16 31 13 49 87 80 80 85 49 33 9 87 57 24 12 87 19 41 29 46 15 32 78 80 52 2 4 14 21 21 50 19 48 18 72 47 40 97 91 84 16 31 78 31 85 45 79 5 26 12 33 14 33 38 60 82 71 30 32 40 76 69 22 3 44 79 17 22 42 39 36 98 14 84 0 47 69 5 42 64 5 99 78 94 24 24 48 17 5 18 39 37 61 13 9 3 76 88 86 30 49 56 3 65 48 51 15 60 64 43 9 51 68 14 22 17 5 37 38 13 11 81 50 68 4 4 81 60 37 90 96 16 68 70 
50 11 51 1 57 75 65 88 72 66 6 42 37 73 34 21 76 99 41 54 1 45 67 60 77 24 29 81 97 31 53 84 15 83 57 54 89 46 49 16 44 59 90 70 79 7 97 30 73 36 28 75 78 56 16 8 47 46 93 1 2 47 91 82 81 70 79 33 75 23 22 33 60 0 38 73 86 57 68 19 74 62 33 25 40 19 45 59 85 88 26 76 7 49 16 16 64 46 34 29 71 63 34 78 8 58 67 1 40 63 91 14 94 65 0 84 86 42 67 55 33 12 38 34 86 46 47 94 82 92 6 12 65 98 53 68 43 71 90 48 12 88 53 38 64 98 34 63 22 7 85 10 22 85 97 36 51 32 0 48 61 14 28 45 38 14 48 68 86 45 24 90 22 70 7 67 9 51 6 41 60 73 65 66 66 82 25 25 73 54 78 9 67 43 7 0 90 12 44 1 23 19 1 32 31 77 98 32 40 56 16 22 88 23 56 26 99 8 12 6 98 29 70 46 69 73 72 97 70 43 13 83 62 76 54 34 14 54 33 33 67 25 28 77 85 5 44 58 5 86 8 87 58 51 88 84 15 11 7 36 22 22 22 28 42 26 89 68 22 42 16 57 24 88 53 71 28 33 9 9 0 99 3 35 96 34 10 77 98 48 21 47 82 68 13 71 72 64 76 42 43 14 63 42 22 72 74 23 49 4 39 24 14 25 98 83 29 95 87 39 65 53 7 34 60 52 84 37 20 41 59 80 77 54 90 28 50 26 32 41 89 92 84 11 26 26 4 45 47 76 90 76 94 73 39 98 14 83 10 9 6 85 26 85 67 94 23 79 66 33 98 87 61 34 40 2 14 56 78 59 86 97 86 62 50 3 52 95 94 27 31 61 74 75 53 87 40 86 2 83 
34 21 47 24 68 98 61 94 30 48 95 5 3 77 78 18 50 9 82 36 0 19 79 77 87 47 19 49 35 85 29 9 23 37 89 74 16 43 26 27 42 66 82 94 59 78 35 92 83 9 84 35 46 28 66 61 4 0 86 88 30 59 9 99 78 18 94 14 31 58 83 83 27 7 50 52 6 61 62 5 19 97 8 40 19 57 49 96 59 54 91 24 91 68 72 30 82 16 64 34 72 18 76 96 96 45 88 39 90 48 59 47 7 55 70 45 90 17 69 63 62 92 24 92 27 58 4 96 67 33 92 83 75 20 57 34 69 9 59 98 14 59 9 71 72 61 21 67 31 56 30 14 67 12 37 13 65 30 32 97 18 73 77 10 19 54 75 3 78 89 12 48 61 10 67 46 31 8 89 95 32 42 23 34 17 61 43 70 18 43 95 3 31 83 50 64 80 9 46 70 72 72 5 29 58 38 24 83 0 66 68 38 63 85 4 5 23 48 82 79 23 54 0 9 4 1 35 63 55 94 20 19 91 2 74 87 75 52 57 44 13 11 53 16 13 58 23 67 88 32 9 35 65 7 67 40 92 46 87 63 90 51 70 51 89 37 12 22 26 15 15 27 96 64 23 73 24 85 16 30 30 49 74 41 56 73 78 7 30 51 65 85 81 48 91 47 64 41 66 52 87 92 74 75 52 96 12 94 22 45 73 33 56 34 40 10 98 76 34 49 10 88 61 64 43 18 52 27 66 52 52 81 92 23 56 14 96 81 69 88 84 69 24 71 1 45 55 16 87 43 28 68 74 24 76 69 4 47 31 13 25 91 50 6 41 72 71 68 97 44 63 56 75 94 93 47 8 81 45 93 65 89 87 54 24 99 1 64 98 52 84 37 24 4 44 27 69 54 62 50 
41 1 94 4 88 69 71 45 72 5 16 31 25 77 36 33 72 70 65 43 6 94 5 85 56 21 31 40 84 21 3 83 66 20 6 11 79 42 83 89 15 30 75 21 49 86 86 72 78 0 26 24 93 47 52 15 94 70 87 97 35 22 32 67 16 70 59 32 52 52 46 60 8 92 14 58 38 57 27 49 27 13 3 86 10 67 9 81 64 76 6 95 51 10 81 12 10 39 20 71 18 90 98 16 59 28 31 21 16 23 47 65 96 98 3 73 5 55 71 69 43 71 66 15 97 56 94 16 81 62 24 57 95 51 25 48 67 32 1 58 92 93 65 47 74 57 93 12 69 20 53 0 59 97 46 92 45 68 24 76 42 54 57 64 1 16 84 92 13 16 47 51 5 54 26 68 58 0 31 42 80 3 90 25 50 26 0 82 72 28 0 42 0 34 62 79 21 23 38 33 71 66 31 66 60 77 35 74 41 87 83 52 39 36 47 91 96 93 58 9 97 18 29 61 8 27 16 27 1 96 72 58 52 80 0 82 91 91 25 56 38 67 97 13 80 96 65 47 75 83 58 75 4 23 48 76 35 45 97 96 16 20 7 98 18 87 2 5 9 74 97 95 82 73 37 4 43 71 90 57 61 84 43 84 41 67 30 98 14 74 20 95 51 99 80 25 16 73 91 31 43 63 84 49 58 12 81 93 85 74 80 94 65 50 17 83 75 9 86 63 55 61 61 97 80 45 71 70 17 0 25 17 96 41 25 32 97 28 70 52 63 54 74 6 66 94 28 10 53 25 70 46 80 29 60 10 20 56 61 75 2 55 39 76 93 64 15 47 5 87 3 69 13 7 2 78 99 70 42 57 29 78 34 54 45 18 37 35 62 73 81 90 30 68 19 75 92 72 54 9 
80 16 24 60 69 34 20 73 61 62 7 5 8 86 31 76 33 56 70 69 90 94 71 83 99 71 11 8 36 1 86 92 80 5 22 91 57 15 92 14 73 40 46 89 66 45 33 99 39 4 17 13 22 18 56 36 72 28 72 14 51 22 8 72 42 27 73 93 56 30 10 29 68 26 99 54 71 26 62 72 9 51 8 3 97 5 57 90 38 2 12 64 51 90 14 80 69 70 56 99 63 3 28 11 25 63 37 72 7 69 23 27 96 14 69 7 73 91 52 87 6 34 99 42 43 16 51 88 16 41 36 80 62 73 47 90 35 76 61 82 59 98 83 37 68 84 46 96 74 22 48 27 31 28 50 4 43 52 48 63 5 7 64 69 39 75 71 65 98 85 1 25 27 75 4 38 52 85 56 91 95 48 76 86 11 88 35 8 81 89 73 51 68 53 30 17 38 86 40 25 6 90 31 24 5 14 99 35 86 92 64 58 40 85 93 44 15 52 52 87 85 51 64 0 18 11 69 57 6 89 28 8 78 47 10 14 56 73 98 76 27 40 6 39 9 88 5 41 25 4 78 40 51 47 68 25 28 56 83 0 98 52 43 32 3 88 86 99 24 13 35 35 62 66 18 62 10 61 0 12 56 82 84 68 22 4 16 56 41 7 33 71 88 19 10 70 61 80 7 60 69 85 22 66 25 50 67 6 8 32 20 91 63 86 50 4 72 59 62 18 50 48 17 75 90 34 69 58 51 94 0 40 27 71 15 56 32 53 91 19 10 62 23 99 4 46 90 86 75 4 57 69 74 46 29 36 74 47 0 88 9 49 46 60 51 69 23 39 67 98 93 99 26 11 7 56 17 32 77 78 61 23 59 97 63 48 51 42 2 10 45 95 33 72 50 12 53 45 14 72 
86 80 65 3 23 46 82 56 69 24 78 18 95 70 64 82 3 19 56 78 67 61 78 20 60 2 34 40 34 51 14 28 15 45 95 84 84 33 60 39 3 85 99 71 74 79 76 25 87 58 92 16 3 63 13 28 35 62 27 83 56 44 26 22 19 64 25 35 5 31 60 9 82 46 22 94 35 34 56 12 18 25 29 92 12 88 22 61 18 82 52 33 72 76 54 92 83 93 33 95 53 68 59 57 39 25 11 13 82 30 74 92 99 36 68 22 71 73 28 81 38 43 56 19 19 27 98 19 69 79 34 87 36 88 21 42 3 0 41 55 81 87 55 83 41 24 75 2 42 20 85 2 71 5 67 51 59 88 30 14 99 34 55 48 12 64 85 88 14 97 17 13 30 70 60 68 16 75 89 59 28 70 33 19 58 48 37 17 0 64 7 10 74 61 55 7 72 39 91 98 26 15 0 26 75 59 57 0 81 28 34 14 81 51 0 14 73 92 64 91 57 89 27 6 79 50 19 56 18 57 8 30 41 9 87 27 26 70 33 97 84 50 89 24 89 84 28 58 88 18 89 60 75 52 65 73 41 16 59 17 39 0 81 10 87 99 35 18 75 86 83 81 65 28 26 62 25 17 44 74 37 70 17 29 23 96 51 61 29 60 19 53 27 7 66 2 7 98 52 51 67 15 59 63 24 6 93 32 54 29 77 54 50 91 88 48 8 75 58 21 73 74 9 57 96 8 39 93 40 52 42 34 81 78 96 17 82 51 21 3 67 4 44 3 50 28 27 66 21 88 5 74 6 78 32 17 54 16 38 22 86 41 0 40 58 95 48 19 89 44 66 84 84 0 30 48 66 66 78 45 57 64 82 50 31 95 76 80 79 13 29 58 29 51 13 46 65 24 68 0 
82 8 87 7 29 74 78 4 46 29 89 91 47 59 51 58 93 83 65 13 80 7 30 62 75 17 41 91 69 78 98 72 72 96 77 86 69 73 58 17 91 41 3 98 78 2 72 75 52 76 86 68 30 44 71 26 47 1 55 46 5 77 26 44 7 56 14 79 36 83 20 82 51 74 31 29 36 75 99 78 12 53 28 95 96 82 47 52 54 20 21 64 16 44 74 29 25 68 44 43 81 56 14 64 43 11 26 48 45 30 71 1 87 60 67 81 82 59 48 11 35 37 64 5 50 16 55 58 3 48 27 38 80 64 15 64 10 84 28 90 94 50 9 15 4 75 82 77 23 96 45 12 63 60 59 47 88 53 20 99 67 36 58 61 46 2 0 87 95 86 20 29 81 9 50 8 44 60 92 70 96 0 97 38 4 17 95 54 35 62 64 48 78 22 22 36 56 30 82 91 63 88 97 43 25 31 0 68 73 11 44 54 83 24 43 84 5 36 39 83 86 46 39 2 66 7 79 42 54 23 3 81 37 88 56 40 44 65 48 93 61 84 95 6 16 85 26 56 97 82 32 98 74 35 84 95 44 17 95 45 85 67 88 12 89 28 47 81 77 90 99 49 42 5 35 20 19 87 84 18 4 69 50 9 73 45 98 57 84 90 76 81 99 50 4 11 58 71 42 1 82 20 39 40 92 5 60 70 68 35 20 60 34 97 44 78 8 17 44 29 78 5 96 59 73 97 16 46 85 18 23 90 99 94 8 33 88 5 87 86 53 24 89 85 24 92 10 61 14 78 53 88 74 14 42 68 69 49 2 86 31 68 6 17 97 93 13 16 1 91 11 52 41 7 66 70 54 36 40 29 34 48 87 92 44 3 17 16 35 85 45 85 37 22 93 56 68 24 67 30 
94 61 4 15 88 87 13 24 12 86 47 25 27 44 23 94 60 19 90 38 82 32 14 12 71 25 6 26 50 59 45 84 51 14 13 0 35 88 7 92 4 95 2 46 98 96 34 37 29 59 49 86 33 30 37 19 97 14 8 24 71 41 26 66 44 93 93 4 53 2 67 8 28 3 59 36 39 28 78 95 76 88 0 59 56 55 8 87 46 63 70 61 17 60 40 78 24 93 34 65 75 84 5 97 17 44 2 15 50 42 76 43 95 2 64 61 15 14 87 25 88 94 80 79 37 62 60 91 37 10 90 98 57 38 29 45 44 82 57 70 44 22 79 19 91 69 63 38 52 90 52 55 7 52 67 16 85 34 14 56 84 15 64 42 61 21 55 92 64 74 83 91 78 19 22 22 59 3 41 12 38 90 5 6 24 37 48 11 89 39 27 92 93 23 96 84 93 92 71 83 81 21 46 13 30 42 9 6 19 59 61 9 80 40 93 1 23 28 80 39 43 72 61 87 69 4 12 58 42 78 57 43 80 39 71 32 93 95 33 12 40 64 15 45 48 69 29 69 82 44 74 1 79 51 40 64 3 28 81 90 28 51 15 47 25 42 31 93 60 86 2 33 17 19 91 81 34 68 79 0 37 64 79 46 35 17 38 36 43 53 48 92 72 67 12 41 85 78 54 91 39 24 91 63 73 15 33 63 86 27 89 60 32 80 52 40 0 24 56 40 77 69 51 84 22 62 8 89 98 95 67 83 25 0 48 70 25 87 0 25 95 22 19 82 98 76 70 21 52 75 46 41 26 14 23 46 86 23 80 44 80 10 99 81 35 6 28 62 89 61 80 70 72 64 63 71 59 80 69 63 5 45 3 78 28 6 57 92 26 51 80 54 94 72 46 57 36 86 74 42 
40 97 36 51 70 46 34 9 71 0 75 36 78 17 68 89 15 3 65 32 47 86 46 55 18 2 60 38 71 94 92 51 79 41 55 51 50 31 55 31 11 28 80 73 73 9 69 38 53 84 98 79 42 39 5 3 64 60 38 40 62 15 89 84 31 26 89 1 27 28 66 84 60 47 53 98 61 66 2 86 90 6 82 72 87 77 85 24 5 35 27 40 29 9 83 4 28 5 83 4 84 89 11 92 75 9 99 24 16 97 60 28 24 4 24 51 66 12 74 36 73 77 26 6 84 51 6 97 45 39 73 97 69 35 81 37 20 39 39 48 73 73 58 11 67 25 34 22 85 65 14 41 97 71 85 36 7 47 2 99 27 15 55 40 92 53 98 86 21 0 49 29 65 50 61 48 98 21 42 93 90 55 4 42 37 60 24 95 30 80 19 45 22 18 8 98 73 92 40 95 95 39 26 32 77 23 7 30 64 50 56 92 57 73 11 77 49 4 24 81 84 21 89 70 29 94 14 46 31 90 92 36 0 70 11 47 64 43 53 0 60 92 77 38 17 68 65 85 12 52 99 65 5 62 0 48 41 54 2 36 24 80 98 13 47 98 86 79 67 39 54 25 12 77 74 91 25 66 69 16 61 15 34 7 73 27 95 89 35 45 84 40 23 13 25 70 30 8 68 23 25 7 27 16 74 85 95 87 14 20 33 75 83 83 22 37 8 4 67 97 67 3 68 30 81 59 67 93 92 15 50 60 92 16 90 56 17 74 73 10 3 12 74 52 41 40 0 98 96 29 38 38 99 4 55 15 49 41 27 86 63 17 18 25 92 39 64 73 20 80 70 19 5 67 84 59 48 5 36 4 58 40 90 48 33 56 15 53 81 46 1 85 83 71 8 6 35 70 23 70 
86 26 57 77 98 32 81 87 92 77 85 42 52 85 77 91 26 14 97 84 58 61 52 39 67 0 70 42 20 88 63 74 86 58 9 55 72 88 42 3 70 10 56 77 51 41 30 64 48 96 73 78 1 96 73 87 87 47 8 61 96 90 24 34 87 34 43 68 94 33 22 97 91 17 57 40 20 92 54 70 34 0 14 99 19 38 17 77 42 40 29 82 78 34 9 85 31 41 99 76 47 24 53 94 24 30 6 21 93 88 36 21 21 4 69 74 32 35 11 13 87 57 15 85 96 86 40 94 45 52 93 88 8 41 99 14 40 53 64 74 31 27 41 82 36 60 83 11 72 41 20 81 75 8 35 18 16 9 23 81 74 51 41 66 6 18 72 29 95 78 21 70 79 41 76 81 17 42 92 75 53 42 64 55 20 9 4 31 66 72 32 45 71 97 7 53 46 67 10 54 52 65 79 91 42 49 98 86 47 31 22 38 66 10 71 37 67 64 20 1 5 60 85 19 14 91 81 37 51 99 5 31 2 85 86 50 21 38 31 29 82 0 15 31 78 1 35 35 49 86 72 29 5 66 44 25 84 82 13 58 22 92 88 95 3 90 2 27 44 90 42 87 87 27 31 7 64 19 49 89 7 39 27 69 17 85 39 76 39 41 23 80 63 32 29 97 95 72 29 79 74 4 37 24 30 45 28 89 59 98 38 30 89 61 55 96 97 45 6 20 86 31 17 99 9 2 86 98 23 2 89 88 84 56 95 62 88 5 61 23 31 87 92 94 95 81 79 53 70 24 53 98 72 75 0 70 27 36 5 66 35 70 22 22 81 15 50 72 45 72 98 0 96 59 61 56 18 62 81 78 94 24 59 32 13 52 76 6 99 80 21 26 18 11 3 67 85 52 46 64 
7 43 45 51 40 40 37 95 55 68 65 40 55 58 93 4 57 84 96 45 62 79 91 12 48 0 1 68 18 78 85 44 25 31 63 57 47 58 27 57 2 41 60 36 4 99 28 84 16 65 18 44 94 62 98 11 27 86 16 44 40 85 86 23 64 10 99 25 15 42 27 97 77 65 0 62 89 30 90 27 76 18 68 38 59 86 8 86 67 72 36 86 71 43 3 82 64 39 2 52 19 13 13 49 44 42 10 5 90 62 41 16 10 34 39 73 65 10 80 58 53 99 35 52 61 45 35 67 17 66 92 42 47 42 21 43 16 67 46 46 36 43 22 73 81 64 29 90 89 80 17 68 63 93 2 68 5 97 29 3 27 2 26 66 71 94 23 27 44 30 52 93 60 16 84 67 39 71 93 92 29 54 16 34 77 24 58 53 55 42 87 40 86 88 92 43 72 55 92 69 97 3 75 12 62 46 67 65 82 54 86 80 22 11 46 10 53 55 23 53 15 89 32 9 19 66 1 88 70 8 56 97 9 29 77 15 85 51 25 7 23 71 5 4 43 64 27 33 59 89 85 86 1 93 39 86 36 82 32 39 79 38 43 78 26 62 7 43 89 13 41 13 50 55 34 39 63 89 86 77 63 54 55 77 0 58 7 81 58 92 37 64 73 13 8 86 9 82 36 46 53 98 64 70 23 74 14 20 78 3 80 48 7 39 66 23 19 14 56 93 74 58 31 96 2 1 10 96 56 64 95 43 39 8 17 49 7 98 92 50 12 82 11 42 89 51 92 10 11 80 94 89 89 77 33 35 35 36 40 6 48 9 13 16 62 70 64 7 38 62 91 72 61 27 71 54 57 23 39 25 55 19 22 4 9 67 90 49 11 81 86 10 40 61 81 9 15 99 8 17 
13 44 54 94 91 59 85 77 86 2 27 13 97 72 13 43 45 86 9 59 82 61 79 50 56 96 88 92 94 41 38 46 91 5 19 17 28 78 42 1 22 36 29 6 10 47 92 58 50 5 17 32 38 27 81 60 67 20 54 70 65 11 72 57 64 29 36 30 74 93 20 21 50 42 72 12 55 1 39 47 65 76 99 25 42 12 56 64 1 57 75 53 32 42 93 61 76 50 21 71 55 36 1 75 11 20 83 30 10 94 9 72 69 48 55 33 38 36 30 0 25 39 21 89 93 93 97 57 34 59 50 86 71 40 81 61 54 15 1 97 88 49 19 83 63 11 57 11 53 76 98 49 68 17 1 60 98 58 37 93 23 33 76 55 89 0 31 70 82 12 48 59 97 30 79 45 35 28 20 58 30 95 67 46 39 93 63 82 98 41 96 96 74 36 39 14 22 40 0 16 65 48 70 6 12 20 11 94 10 4 45 99 65 90 82 63 14 8 86 23 45 20 26 8 88 27 57 48 81 3 73 77 94 79 82 54 84 16 95 37 17 21 19 77 36 31 44 47 80 73 76 19 44 50 23 32 54 32 12 52 12 21 8 7 24 51 93 38 96 49 65 29 4 82 34 87 23 26 17 52 99 74 61 2 43 57 72 70 80 38 78 56 56 2 7 33 73 92 51 50 26 17 30 82 92 69 14 61 54 25 34 22 69 60 94 15 67 90 16 35 50 23 76 65 75 75 36 55 15 3 27 64 89 97 67 48 7 61 81 38 72 11 71 57 49 9 27 41 4 23 86 74 18 79 11 23 12 82 83 82 56 32 56 64 61 81 81 50 34 63 70 22 15 41 96 53 4 41 1 37 52 74 90 42 85 61 69 56 52 50 85 12 87 83 42 49 22 31 49 80 
25 17 45 99 77 82 39 42 70 3 85 29 40 82 17 99 69 22 37 58 7 71 64 2 43 95 74 12 56 12 4 83 24 23 40 64 7 80 4 15 75 75 60 37 88 96 47 19 99 73 22 23 63 72 80 88 22 62 84 14 1 79 89 90 84 80 89 62 96 99 35 22 26 19 51 24 30 78 22 83 99 4 47 25 73 19 96 71 98 59 89 84 91 55 19 67 14 0 92 15 73 50 10 77 62 74 91 77 85 70 30 30 85 17 7 77 42 25 1 22 4 88 40 80 4 82 18 88 3 62 4 94 85 0 29 88 35 34 24 65 82 29 91 21 28 11 57 60 67 59 28 38 9 57 76 64 6 30 30 1 29 43 22 21 42 74 59 42 70 80 70 30 93 36 60 86 97 82 66 70 93 3 99 66 45 18 41 71 85 68 91 87 42 81 10 6 51 74 70 6 99 90 60 64 19 45 55 68 55 87 2 86 27 47 4 61 69 26 9 96 84 86 60 42 13 80 88 14 34 43 41 77 36 92 71 73 64 31 50 80 33 63 62 79 61 10 66 38 33 37 45 95 95 64 66 61 23 14 3 2 34 36 69 35 18 29 5 95 4 87 86 78 47 33 81 68 99 14 55 72 9 18 92 28 20 26 81 73 15 7 90 89 71 96 45 37 32 3 31 50 25 96 28 16 9 16 68 77 43 62 65 83 43 59 15 93 70 97 68 92 48 31 71 70 99 71 94 17 9 31 50 92 1 93 35 50 28 77 23 59 73 99 14 65 7 26 91 85 59 42 84 45 2 42 7 70 33 79 27 76 33 60 84 20 44 42 85 77 99 38 77 16 47 37 9 70 10 49 12 68 39 99 45 79 88 84 53 31 9 58 66 98 18 54 98 76 70 27 14 39 
98 38 31 73 39 5 61 27 64 38 51 84 30 66 89 2 98 99 14 89 5 14 26 41 69 80 47 71 5 60 81 14 40 50 3 1 85 36 24 54 98 46 48 16 52 54 0 10 76 25 86 12 28 44 65 66 85 61 60 2 10 47 57 53 61 11 88 12 96 27 85 45 18 42 19 76 70 58 45 7 90 13 83 84 36 45 57 5 96 77 8 0 32 97 87 85 27 49 71 67 80 56 19 61 50 21 2 26 34 74 90 61 79 19 69 41 0 36 71 94 19 14 69 96 0 55 84 36 47 0 99 89 92 38 6 8 60 0 24 32 83 25 15 80 7 44 15 13 40 92 80 70 88 11 64 88 83 48 90 52 72 67 79 77 8 81 94 61 61 55 93 72 48 58 91 42 26 80 0 92 5 58 49 64 52 52 99 3 50 21 45 81 94 74 59 88 96 16 42 94 41 4 28 90 13 37 37 28 95 9 13 41 31 68 5 43 86 55 71 89 28 7 10 8 5 63 89 37 2 79 6 3 83 64 39 95 76 31 48 63 77 13 11 80 32 9 19 45 67 44 46 13 70 96 54 5 32 45 23 70 64 3 15 17 6 18 0 15 17 61 92 45 57 82 70 31 68 31 35 30 15 48 79 30 90 47 69 15 19 55 89 2 80 8 80 25 9 82 71 10 48 68 52 56 64 91 11 84 44 93 32 76 53 22 14 65 57 39 51 65 3 98 98 25 56 80 11 28 10 0 54 80 70 45 91 27 91 37 8 19 10 50 35 49 87 45 31 63 98 48 64 13 69 92 21 53 75 48 11 40 90 86 12 12 60 37 53 11 90 40 34 94 63 45 28 13 1 11 72 86 13 31 61 30 95 16 59 3 93 74 80 24 59 22 23 75 53 40 99 29 
0 23 84 80 78 18 15 89 81 29 26 37 32 61 80 57 19 46 79 1 87 83 88 33 99 21 70 84 41 82 39 94 22 55 79 42 66 35 4 37 87 43 84 25 83 57 13 62 63 9 17 82 50 67 7 7 37 26 82 61 56 51 10 82 39 5 65 29 39 3 13 44 56 49 11 19 81 48 39 47 11 61 60 1 41 13 89 53 99 85 3 82 97 10 7 8 33 27 60 67 97 43 16 7 79 64 67 78 18 72 11 10 5 45 84 11 41 61 56 64 51 44 56 16 19 52 48 28 29 38 2 89 76 10 50 72 97 9 98 33 77 18 36 47 25 89 0 31 49 27 65 4 39 41 1 85 18 49 7 54 11 15 6 56 28 83 17 35 56 67 13 95 93 7 72 83 14 69 66 28 23 68 49 33 23 80 33 24 32 50 36 69 90 49 2 22 77 54 91 61 99 57 0 34 67 96 46 38 91 95 55 32 53 0 34 36 97 18 33 0 57 46 11 33 99 4 84 73 56 37 99 61 61 63 11 80 67 26 58 47 89 45 45 90 19 0 22 75 49 50 26 64 63 43 25 38 28 70 71 95 47 54 61 0 84 70 24 32 3 25 0 50 65 81 88 87 21 76 18 8 64 91 71 30 10 60 16 60 45 5 10 9 89 1 23 66 10 99 12 11 42 89 22 11 41 6 6 0 94 57 53 0 78 16 51 87 82 33 76 8 78 23 54 97 27 23 87 96 96 36 65 51 89 47 9 77 50 14 8 89 59 27 59 2 94 76 97 69 42 62 0 70 18 69 96 73 84 29 63 11 98 32 58 3 48 2 86 43 98 29 0 4 66 81 31 98 4 69 0 2 69 8 32 69 59 67 70 3 24 63 73 53 59 55 70 32 78 3 45 44 
83 10 94 5 90 83 89 58 86 94 95 52 90 98 9 46 94 91 29 43 21 76 56 38 71 53 94 5 7 57 40 78 48 43 64 32 10 86 81 77 7 54 79 85 21 3 52 28 16 50 88 37 35 50 37 15 22 7 16 22 45 14 56 76 21 87 32 78 55 42 52 57 13 4 97 8 25 77 53 84 10 95 40 52 57 44 0 11 24 16 57 10 28 64 90 81 3 15 11 27 50 87 46 42 14 88 65 5 84 9 16 89 23 48 72 49 53 31 49 26 12 49 54 33 51 87 13 18 27 18 58 46 38 43 97 31 81 69 22 34 45 96 11 54 21 63 25 88 52 66 41 69 70 35 26 22 5 66 49 55 42 28 59 30 32 89 59 21 47 16 24 53 90 62 98 16 26 68 14 7 49 90 18 15 47 67 56 34 34 97 72 15 51 46 35 3 73 19 78 62 81 35 35 15 95 22 48 10 13 37 17 23 16 64 51 18 16 18 16 18 11 94 32 22 11 37 73 83 4 66 9 64 85 84 73 75 72 8 36 72 47 38 90 21 18 18 31 72 95 36 10 74 96 35 26 45 69 61 17 63 16 48 84 26 77 53 23 34 54 85 53 11 46 0 12 27 1 12 8 82 1 76 19 36 31 12 10 34 48 11 23 20 11 61 59 36 46 40 25 84 16 10 38 84 97 58 55 24 95 41 2 91 4 40 18 62 29 13 13 15 32 84 65 79 52 81 58 11 27 34 58 16 14 9 38 23 20 9 8 95 95 64 72 12 91 34 88 2 53 10 58 93 97 32 44 31 28 54 15 88 98 59 71 90 14 45 56 0 98 25 46 45 19 17 0 87 37 56 26 45 59 8 96 33 97 43 40 66 52 31 55 91 13 55 86 55 80 88 63 26 
78 38 79 20 24 90 12 61 10 87 91 26 88 67 32 35 41 85 77 34 50 72 90 62 84 24 91 15 65 60 21 55 97 5 45 68 57 49 88 38 3 24 72 33 75 73 16 58 74 17 0 84 23 35 61 35 14 37 76 33 70 23 11 96 90 44 77 41 29 11 49 58 81 26 1 70 72 18 52 75 4 19 94 79 0 98 13 44 16 74 61 61 50 94 35 63 91 65 36 87 14 66 68 60 65 77 69 21 39 74 82 81 0 62 41 5 25 72 52 4 56 56 78 0 69 16 80 95 45 74 71 69 85 85 5 42 10 54 82 18 33 41 32 2 4 67 40 3 78 5 23 22 57 79 19 69 51 75 36 50 10 78 22 89 96 73 67 8 98 67 5 32 60 23 72 91 64 62 52 63 55 21 71 79 26 0 77 23 32 87 37 20 11 28 87 44 45 34 70 61 68 66 72 6 26 45 60 73 26 11 81 42 25 17 80 57 70 47 74 33 34 23 79 29 67 74 20 82 8 12 14 78 64 16 19 5 26 95 8 75 96 67 81 20 45 63 65 22 51 64 68 90 15 41 69 62 83 9 81 51 89 22 57 48 16 6 25 73 41 59 12 35 39 14 99 51 16 87 4 5 29 15 21 55 71 33 99 97 72 26 37 92 57 85 25 48 78 4 20 26 90 51 70 76 18 47 80 25 29 9 26 57 8 89 20 62 9 51 56 51 86 45 16 14 15 37 10 97 23 23 8 23 28 1 97 90 71 97 10 79 49 71 78 60 47 8 83 21 7 35 86 33 10 48 69 66 91 26 66 15 64 1 32 44 23 13 89 33 83 97 67 71 55 19 68 81 72 48 95 26 99 37 72 55 95 48 22 10 40 38 80 38 67 90 60 90 4 87 29 1 
70 28 77 74 90 5 20 68 3 33 43 91 72 72 52 14 15 65 6 35 23 25 74 11 6 4 15 57 2 68 82 23 89 95 40 1 24 57 21 71 42 29 23 49 12 77 95 51 83 27 91 7 66 67 67 4 97 39 47 3 32 25 92 52 0 88 14 85 6 58 15 59 8 61 46 50 32 18 3 28 85 57 71 1 69 20 75 82 41 81 93 74 45 19 47 29 12 66 42 86 36 0 15 42 77 43 37 14 17 93 71 49 82 13 99 97 79 94 52 11 34 10 66 10 1 86 59 43 30 76 19 71 4 69 49 47 38 21 22 56 82 46 4 73 69 90 61 70 95 64 98 35 57 20 29 71 5 57 36 71 67 73 73 49 94 93 30 4 33 79 84 39 65 33 63 70 83 4 4 19 86 70 52 94 13 90 1 34 2 56 26 24 87 29 87 38 14 42 22 25 45 87 97 21 0 51 82 6 9 37 43 11 36 73 61 26 49 16 79 59 83 56 20 4 98 33 96 66 91 23 48 10 13 34 89 36 55 33 54 22 34 29 16 75 19 89 15 52 54 47 48 80 13 32 42 62 22 39 49 72 75 12 44 9 22 91 49 40 33 55 66 61 27 43 26 99 65 23 70 17 21 33 58 20 52 60 15 69 81 34 52 19 37 82 72 59 91 22 87 18 7 70 25 69 66 66 47 5 20 78 73 91 42 86 35 93 0 60 35 31 25 76 67 76 89 22 93 41 90 45 81 12 14 93 82 79 96 88 90 39 51 5 82 55 66 48 74 79 85 8 68 91 39 25 57 49 27 20 93 15 92 55 61 91 66 49 77 43 27 83 36 53 37 99 20 56 84 32 80 35 63 8 13 27 86 34 30 48 49 1 8 63 40 83 66 77 9 78 14 19 
9 68 94 80 63 99 81 87 21 84 39 33 82 49 71 0 27 84 39 7 46 7 77 27 59 11 35 71 21 97 51 72 29 12 13 44 96 38 67 89 97 26 61 73 9 99 32 97 69 18 78 43 75 37 83 92 85 53 78 51 24 76 3 99 72 72 76 82 29 66 78 91 95 86 76 79 15 38 96 99 63 94 46 24 21 97 51 94 89 70 58 75 41 77 33 37 63 49 51 77 31 34 46 28 29 11 67 5 93 27 5 57 23 93 18 4 20 34 33 27 12 38 83 33 55 69 85 72 72 28 65 22 53 34 53 7 25 17 84 77 39 39 13 4 54 45 67 48 9 47 24 3 9 10 19 3 2 8 92 92 79 25 94 87 25 38 45 2 26 25 56 39 15 66 67 56 2 27 16 8 8 14 39 6 63 86 6 55 86 9 42 29 47 80 7 40 50 96 32 76 48 43 57 14 20 96 86 66 71 84 70 5 39 72 19 37 61 39 66 23 26 87 91 64 7 97 88 55 71 22 53 32 8 85 84 21 4 61 48 23 41 14 3 29 72 2 98 46 88 93 29 80 44 6 99 35 83 8 71 17 7 37 42 43 37 19 57 94 40 1 6 48 88 34 31 97 59 80 74 82 87 40 15 53 52 1 79 22 58 24 3 62 58 62 87 85 50 32 14 36 43 68 55 36 68 85 52 82 68 3 46 2 50 52 57 11 30 23 5 84 1 76 30 51 70 78 14 3 91 61 46 14 37 34 15 22 12 18 10 63 66 92 74 3 72 61 9 9 6 99 43 83 52 51 93 77 58 24 41 87 55 56 69 28 52 71 57 45 90 86 31 36 35 10 55 72 22 49 52 34 48 15 38 57 22 64 81 21 52 71 16 56 58 5 50 11 45 77 58 42 
79 82 2 49 98 62 12 26 51 44 38 67 35 94 40 56 97 89 76 1 1 78 72 57 32 96 83 72 42 80 48 41 41 5 32 27 13 22 9 72 22 2 13 77 9 16 45 10 76 35 39 21 38 87 31 51 0 21 49 47 25 38 46 95 30 53 15 76 2 6 20 52 9 48 2 86 26 93 1 19 96 88 92 51 32 63 49 67 64 19 26 78 34 61 68 91 24 4 89 5 25 73 73 6 78 93 39 37 15 81 74 39 79 46 81 24 85 89 36 34 21 66 67 55 30 69 27 54 76 55 9 95 34 82 22 49 22 48 78 66 76 66 76 35 36 10 1 28 2 42 32 85 8 80 61 53 10 24 17 86 34 63 60 97 12 42 78 83 58 34 8 22 91 51 64 2 16 94 11 8 15 99 32 24 71 83 17 36 24 94 57 1 21 49 81 8 59 10 52 80 28 28 81 33 82 30 11 51 69 12 95 98 61 72 63 43 69 17 45 38 96 87 33 3 89 26 53 60 21 11 37 80 87 14 37 80 37 24 8 20 13 42 15 5 84 24 4 18 50 75 43 83 61 98 61 26 57 73 16 33 89 94 38 32 23 35 55 23 59 27 79 78 91 28 39 80 81 39 59 37 55 78 48 67 68 48 23 79 53 72 25 7 87 20 0 68 37 24 70 60 38 79 94 25 44 66 44 30 14 87 71 64 88 63 73 13 62 40 83 68 62 2 82 56 61 12 9 57 21 93 66 49 96 25 19 54 24 90 51 35 41 3 18 88 16 4 24 8 72 87 28 73 9 39 21 52 35 65 24 29 97 28 9 91 24 22 73 39 76 74 57 47 43 11 61 32 27 4 98 99 29 59 39 85 20 91 27 26 69 44 93 90 64 8 45 82 48 99 65 43 
76 76 21 46 51 76 92 45 86 58 71 48 92 27 57 64 14 50 56 91 49 31 41 19 60 47 4 10 68 49 87 72 91 38 8 4 56 29 56 71 83 6 35 28 32 59 91 74 8 77 34 45 1 51 41 96 28 10 88 73 43 50 62 26 4 71 85 0 39 41 78 96 97 9 13 82 36 32 37 20 80 94 14 90 17 56 62 74 63 10 92 55 61 61 11 2 26 62 65 28 68 18 18 32 23 92 91 50 32 38 22 62 95 58 24 3 86 84 59 25 49 52 80 88 99 6 8 14 90 0 17 7 90 25 56 84 85 54 48 63 18 34 7 36 40 32 39 34 12 18 57 63 57 79 92 58 2 82 30 65 57 75 60 72 38 21 26 34 35 27 71 40 94 82 8 52 54 6 41 82 91 63 68 32 72 1 18 97 23 10 47 98 67 44 55 66 85 88 71 86 38 62 60 78 84 0 33 52 71 17 36 82 49 17 0 31 96 49 50 63 11 23 4 44 31 43 2 17 55 50 41 60 93 82 68 67 25 84 91 20 88 10 44 46 5 47 89 70 8 18 64 69 84 48 93 61 97 61 25 26 71 91 91 13 68 44 76 22 22 70 67 34 35 12 77 13 80 62 50 79 11 39 25 83 75 49 90 84 33 95 30 60 83 70 97 93 81 97 59 97 53 78 44 47 98 36 64 41 92 8 94 30 88 79 4 59 14 59 98 53 2 9 80 68 6 59 45 90 56 16 71 26 41 94 33 72 80 46 65 5 87 65 96 2 51 78 56 21 53 50 85 11 40 54 38 8 29 63 71 0 98 98 21 52 2 1 22 72 92 77 68 37 0 6 23 96 54 82 41 31 16 99 19 9 51 63 2 89 39 96 8 50 56 99 69 48 36 88 48 28 
80 59 41 83 77 80 95 76 83 73 95 1 45 52 96 83 72 19 77 23 19 25 56 85 61 44 45 23 5 28 37 86 77 97 58 83 48 77 4 77 43 70 15 17 6 29 84 86 43 88 66 32 48 77 71 53 78 57 43 38 51 7 25 74 42 13 66 19 17 16 91 64 80 43 38 80 75 16 54 44 1 92 6 69 49 32 27 26 71 34 83 77 79 20 77 57 17 79 50 93 45 5 56 15 63 85 92 63 63 84 32 81 20 22 92 84 55 49 64 86 87 20 39 41 30 26 60 2 5 79 95 54 9 93 16 63 87 63 44 15 67 36 0 1 22 22 56 44 2 86 96 7 32 68 22 78 30 96 7 58 33 37 90 44 74 57 26 72 53 86 50 66 68 78 32 38 2 60 30 84 96 69 88 50 28 24 12 36 49 7 43 37 47 59 25 53 74 10 58 92 67 68 71 73 16 30 60 99 94 94 18 33 7 23 80 10 84 55 74 62 92 15 77 75 92 61 2 93 67 91 72 93 23 90 50 43 14 76 99 95 22 21 35 19 31 99 22 18 84 31 88 86 10 29 88 39 77 64 0 91 98 24 78 69 71 60 3 0 42 1 68 10 45 2 75 56 23 27 12 49 75 95 29 11 79 52 46 31 60 12 61 5 21 56 82 84 80 42 40 66 72 46 0 55 39 6 17 0 91 95 15 96 6 15 43 71 76 98 40 25 40 82 38 96 2 11 33 45 38 5 18 45 76 70 29 37 1 17 12 35 84 6 46 28 66 37 17 60 65 55 28 87 19 61 91 29 45 73 25 59 31 54 10 43 14 79 17 93 91 3 81 11 64 22 18 28 54 67 17 80 81 46 48 67 24 7 74 98 86 43 21 33 18 58 54 6 88 45 17 5 
69 66 33 2 89 40 54 7 43 33 61 33 96 95 78 64 65 43 51 91 42 17 91 26 82 64 65 0 82 35 79 24 0 35 78 82 64 6 74 47 73 61 42 39 15 27 93 80 75 57 86 47 38 70 88 96 16 10 46 55 67 32 3 79 88 73 5 43 99 23 38 15 59 89 24 17 45 8 91 68 3 42 70 80 64 8 86 48 13 71 40 96 88 59 99 65 47 52 98 21 92 81 77 79 39 12 14 99 22 34 28 31 45 36 49 31 26 57 79 10 68 28 28 9 49 29 80 9 19 69 87 77 96 66 79 30 82 59 46 61 32 53 77 19 42 30 73 23 85 71 72 49 17 97 96 51 17 95 79 84 28 15 24 34 79 20 66 70 82 55 75 8 71 84 31 74 35 22 94 95 13 33 71 53 92 69 16 63 31 36 11 13 86 88 3 13 26 14 66 72 36 85 10 64 77 75 10 78 67 82 31 79 92 92 16 67 87 61 36 32 10 81 37 91 34 72 17 17 16 40 83 46 60 9 72 12 67 44 71 14 32 18 51 36 36 76 85 26 84 76 34 61 93 15 97 55 21 11 45 27 61 41 85 53 15 41 7 91 30 14 54 33 50 98 40 22 75 86 84 7 14 68 63 13 43 62 78 24 87 86 30 32 13 5 69 5 42 95 24 66 76 14 27 78 90 87 32 45 39 99 35 37 51 34 6 44 74 92 13 76 21 20 98 54 66 14 31 60 96 86 23 77 81 36 86 90 93 16 31 28 83 6 73 65 14 59 5 79 6 91 5 13 63 78 8 18 4 48 2 55 85 52 96 21 74 85 65 75 99 16 35 26 33 82 9 96 32 58 91 10 5 74 98 7 44 10 52 51 11 70 67 44 53 10 89 53 90 76 73 21 
88 55 0 88 14 26 3 58 68 95 56 22 9 13 29 50 71 73 22 98 40 31 1 65 92 2 2 70 48 58 55 69 56 29 66 69 22 81 15 89 10 1 96 70 48 74 39 94 64 95 37 96 83 80 41 16 52 76 99 25 37 95 1 46 42 71 59 12 54 33 50 24 88 25 92 77 24 51 8 41 37 9 90 0 6 5 42 20 42 52 59 15 82 81 23 56 52 36 95 4 7 64 25 50 36 65 88 37 72 15 23 83 70 44 76 50 83 60 8 1 50 79 80 11 47 31 69 49 39 91 85 99 99 39 64 14 8 70 6 24 97 30 95 28 41 80 13 45 66 96 71 88 34 61 90 10 7 82 47 28 77 57 19 91 12 14 64 76 16 46 67 2 97 31 46 50 95 27 7 93 8 60 27 90 93 20 33 59 23 66 60 62 83 85 4 85 70 51 8 93 70 15 13 99 56 89 21 20 99 92 33 50 9 35 75 5 78 93 51 35 44 68 82 28 93 57 90 95 94 30 74 19 19 56 56 0 28 85 38 12 90 14 61 43 88 55 55 52 58 31 48 12 9 43 4 37 60 4 94 17 44 14 6 67 42 53 71 66 88 85 54 79 95 39 99 89 44 70 37 97 96 32 31 59 59 75 58 15 13 15 7 76 13 3 86 23 7 47 58 66 1 72 63 41 56 51 74 87 82 16 80 78 54 77 54 52 86 28 34 91 17 38 88 89 78 14 56 24 25 97 80 32 11 53 95 46 4 32 53 35 22 57 28 9 82 60 56 51 91 36 13 77 19 50 22 69 78 17 82 9 92 75 63 72 46 48 10 12 41 5 41 9 76 26 68 72 73 97 90 44 52 38 21 5 0 64 57 36 65 48 77 98 83 80 10 9 67 37 41 65 
27 84 49 87 54 68 9 80 81 1 4 46 85 37 83 89 31 97 39 35 67 72 30 3 30 53 71 78 18 62 33 80 80 80 78 74 82 54 69 36 5 98 72 51 39 73 2 57 31 46 13 87 5 54 95 33 28 93 54 78 89 91 43 14 95 26 6 98 79 37 5 29 66 25 52 70 52 37 79 6 68 1 8 93 55 38 71 87 20 4 35 20 46 63 39 76 0 24 27 75 52 56 28 48 56 45 10 18 70 38 66 45 48 56 2 76 88 81 57 60 62 12 79 89 28 32 81 83 98 40 13 65 29 16 0 59 42 40 12 7 26 4 13 3 26 14 65 23 64 81 54 41 92 98 92 18 36 7 44 5 24 24 99 8 91 14 19 73 59 69 5 79 59 46 4 5 48 2 53 95 83 91 33 83 30 92 88 79 81 45 80 79 67 65 52 13 49 7 38 45 37 54 33 61 20 55 27 82 74 25 44 40 70 77 22 85 23 46 61 1 76 3 25 68 45 81 84 17 51 7 68 19 90 99 44 3 61 71 83 51 88 69 74 68 32 91 66 38 28 18 61 40 54 47 89 49 0 22 57 24 18 9 41 11 80 33 79 66 97 10 22 13 7 84 22 29 95 89 37 95 81 67 33 88 42 65 67 41 60 31 70 64 30 11 39 49 33 46 61 24 92 86 9 44 41 77 23 11 28 97 50 64 34 33 90 60 54 19 87 45 58 35 11 35 71 25 63 72 19 81 46 80 40 69 10 80 11 26 36 24 59 92 64 20 49 3 59 99 49 16 26 42 23 47 79 78 4 38 82 12 80 78 62 88 47 41 33 22 59 69 78 54 12 77 32 53 37 41 88 19 95 8 59 30 92 86 37 60 65 87 41 33 29 81 88 32 79 92 73 34 
76 57 59 80 10 39 53 75 46 54 82 30 99 27 40 67 41 13 16 51 87 45 62 38 65 48 93 49 48 56 48 71 59 95 43 20 13 31 55 17 81 7 65 76 96 96 22 10 36 88 99 2 59 85 65 17 38 84 54 82 9 67 77 99 75 52 2 5 10 71 60 12 82 2 98 59 56 73 6 34 83 52 62 90 91 25 89 56 38 3 20 2 0 67 82 74 90 11 41 59 38 78 51 34 98 18 39 39 6 0 96 82 11 91 92 63 21 89 95 84 81 25 50 71 88 4 40 66 79 69 50 25 48 98 5 56 7 21 42 52 94 78 65 67 45 73 75 68 21 62 77 52 64 12 61 52 61 36 56 53 81 36 26 60 88 1 85 22 99 69 65 45 64 12 54 96 11 16 80 18 89 81 15 73 27 32 96 44 40 37 55 0 18 60 20 96 46 8 11 46 38 21 98 95 2 45 89 63 78 54 21 75 51 13 25 49 40 83 19 63 16 15 75 61 25 70 79 48 16 24 67 74 67 82 45 26 11 51 16 3 16 82 29 77 34 44 75 41 88 4 45 83 35 95 75 75 4 48 94 66 54 23 78 10 80 72 22 45 57 29 41 67 8 97 80 30 12 27 29 57 18 71 65 86 31 89 27 27 52 64 0 47 96 11 91 55 5 11 62 23 26 72 77 25 97 64 30 10 16 55 29 10 6 39 94 78 92 6 99 28 79 17 31 74 11 97 94 75 40 64 42 84 71 3 82 33 48 42 35 95 61 88 89 46 66 58 87 20 54 83 30 13 54 24 59 67 92 56 23 64 83 53 46 99 89 85 74 7 2 75 55 45 7 99 10 42 81 81 3 67 51 61 36 6 2 17 13 87 37 70 91 45 79 87 38 46 26 39 53 90 
76 87 92 12 81 32 29 22 66 17 32 33 51 76 86 94 24 45 36 43 90 4 99 16 82 4 40 71 29 65 18 56 56 32 86 79 7 6 24 67 36 64 59 75 54 69 13 15 32 14 86 34 19 96 4 95 63 76 6 31 47 5 87 37 61 55 91 28 68 72 41 88 87 75 56 35 31 95 95 3 68 28 21 72 18 78 81 84 15 75 64 83 87 94 20 7 60 53 27 72 89 36 8 50 18 6 58 7 30 53 59 31 29 78 91 81 48 41 31 40 71 26 81 85 0 41 58 28 73 8 11 83 28 51 65 37 11 22 28 31 13 61 27 3 4 66 24 69 39 82 12 78 29 67 86 33 18 22 3 63 15 99 1 17 37 92 22 66 53 24 43 97 14 58 78 92 20 82 59 66 28 16 80 10 85 35 47 50 30 32 10 49 93 92 13 55 1 11 88 67 74 32 93 4 54 19 60 87 54 0 58 99 42 79 96 46 35 7 98 65 2 9 38 61 66 41 79 74 75 4 99 81 62 89 96 45 94 95 74 16 56 65 42 50 60 81 94 33 33 43 44 50 81 90 93 19 59 57 10 70 91 17 92 68 80 83 45 22 15 24 74 92 3 50 54 38 69 52 29 98 93 1 51 41 79 57 29 72 57 13 16 92 4 44 67 38 87 34 37 60 80 59 56 32 89 28 42 34 29 69 66 57 59 9 70 28 77 19 99 17 45 53 64 86 44 43 66 58 49 45 19 91 12 69 97 36 45 44 52 54 25 64 26 51 23 79 55 36 14 81 42 70 55 16 29 66 96 85 8 33 20 8 36 13 79 91 31 33 30 96 81 72 36 60 46 56 45 37 62 48 56 87 67 92 6 54 58 8 86 89 97 27 33 41 15 66 66 99 15 34 
56 18 17 94 94 74 47 43 60 15 11 68 17 63 23 84 40 27 10 19 74 28 14 57 92 94 61 40 52 5 99 14 45 12 66 60 48 70 43 69 23 77 50 23 59 17 50 32 3 2 1 77 61 46 31 87 2 94 77 19 25 91 53 35 53 15 46 95 72 28 0 87 81 51 3 38 99 25 93 93 10 24 94 38 3 27 93 18 82 50 16 41 15 82 97 7 7 85 19 36 62 36 61 81 91 51 2 84 47 18 66 19 93 23 25 10 23 26 64 88 26 25 53 22 25 67 72 46 34 54 25 13 94 75 65 22 59 35 78 61 69 91 84 69 19 8 96 95 53 61 73 67 55 90 1 71 52 21 56 23 47 3 65 22 70 46 32 37 85 83 7 78 81 38 79 25 39 24 2 99 51 8 60 69 13 56 75 26 96 38 76 64 95 63 44 5 76 48 9 99 55 99 86 48 32 28 54 40 96 73 64 47 5 16 53 39 96 16 74 53 57 76 41 86 36 24 54 42 2 19 59 44 53 22 15 97 32 33 18 1 99 28 82 30 20 36 7 26 59 69 65 72 77 2 97 74 45 82 76 86 59 84 38 69 83 1 84 83 54 69 31 6 25 13 16 36 59 63 63 51 32 60 50 61 63 21 43 33 85 98 46 91 66 10 11 98 53 42 62 53 24 9 48 88 78 26 35 95 37 99 40 63 78 18 57 27 25 89 9 50 63 78 25 46 82 4 23 19 38 96 7 91 88 11 53 92 65 17 29 86 23 67 93 13 16 67 89 12 92 60 12 58 61 83 74 34 82 30 15 49 50 44 40 53 70 99 63 33 44 15 65 0 65 70 85 16 50 6 54 18 60 21 44 20 73 19 47 26 30 90 13 5 5 14 11 22 62 18 85 71 
92 92 36 84 68 95 37 13 86 34 56 63 70 39 11 17 38 40 52 97 39 36 35 17 43 76 7 9 41 21 70 18 2 86 68 20 38 92 83 14 87 58 86 21 31 78 39 71 68 45 46 64 24 90 60 78 67 95 74 30 65 43 8 78 31 93 17 8 92 90 78 18 7 33 39 57 84 62 60 46 37 96 2 10 55 85 75 93 28 55 67 94 30 32 38 18 53 91 8 6 46 81 18 70 69 10 95 46 71 79 29 80 71 64 64 7 84 59 94 82 71 66 46 7 66 31 10 34 96 41 91 5 85 34 68 99 15 94 86 66 91 97 80 96 84 53 16 96 69 16 84 14 51 13 91 64 59 24 88 88 50 13 82 66 50 7 94 40 64 57 3 93 5 55 24 89 36 12 24 20 86 47 93 55 1 73 90 89 27 87 8 57 14 76 77 37 3 10 52 55 94 54 37 25 69 38 61 53 94 35 27 8 4 5 82 37 92 39 97 34 32 95 61 72 22 78 46 22 99 60 7 52 52 12 86 50 96 8 94 16 41 8 57 32 31 52 36 21 3 73 81 61 14 86 22 25 50 35 52 53 79 57 58 80 60 16 54 22 23 53 68 36 83 85 48 32 69 35 37 39 9 92 82 1 69 32 1 35 46 56 22 46 58 75 89 65 3 84 12 86 59 5 53 96 59 44 49 92 70 24 71 13 28 77 1 69 89 59 60 23 71 1 94 44 1 72 32 50 61 43 62 42 1 43 55 49 27 31 57 82 30 34 37 31 36 11 36 44 42 34 64 93 82 89 12 85 37 14 93 99 28 16 3 89 86 73 83 25 87 88 23 18 21 49 81 86 35 66 85 97 26 64 49 61 52 9 70 75 51 14 76 38 76 10 25 29 89 58 15 97 
62 60 40 84 21 46 25 75 36 83 23 18 45 63 82 18 33 60 86 66 25 97 65 34 16 48 39 15 23 83 1 18 45 14 70 50 41 48 36 82 77 72 0 47 77 62 61 85 9 0 67 10 89 9 89 42 68 37 64 59 39 35 48 87 65 39 29 18 60 66 25 47 39 53 77 33 59 20 67 27 33 65 41 40 76 68 85 62 78 98 65 17 22 30 3 19 85 56 55 17 8 38 4 79 84 26 11 48 16 85 22 74 7 32 76 16 71 95 38 58 70 76 63 25 74 1 22 43 84 0 85 55 38 26 45 17 19 59 4 54 49 92 33 56 37 16 95 74 75 23 27 76 19 18 17 94 22 37 44 43 50 85 18 31 68 71 91 35 89 81 68 63 53 49 36 20 53 4 63 16 25 28 18 50 17 67 95 48 51 7 11 52 52 14 40 74 71 42 77 16 63 71 77 96 86 88 76 93 31 38 69 87 85 37 68 10 9 9 74 6 23 91 52 1 33 95 33 78 41 7 13 4 35 70 2 56 36 97 0 16 59 97 6 59 25 16 90 51 98 82 26 12 67 26 60 39 4 3 91 74 93 91 25 63 2 62 56 87 75 54 75 40 24 78 17 11 72 62 86 22 95 29 38 35 22 29 31 6 44 70 30 15 20 31 77 33 92 49 47 81 42 73 70 9 28 47 97 98 33 51 19 59 25 27 12 34 53 6 73 77 96 81 91 43 26 85 97 5 76 51 93 13 18 40 29 48 33 2 39 23 64 74 24 23 35 3 18 58 45 98 73 50 70 62 15 65 50 31 23 9 68 86 40 89 62 6 42 78 86 11 2 31 77 47 31 46 37 7 20 5 2 34 95 75 64 50 71 87 10 16 52 91 0 39 17 16 17 24 43 38 
40 96 81 59 68 93 80 62 83 8 56 78 83 71 95 19 16 95 13 32 71 24 78 23 94 28 30 78 67 43 81 41 85 78 54 80 46 83 75 52 30 26 2 1 43 32 26 5 84 29 13 29 5 83 89 83 99 74 84 0 89 28 93 93 92 88 62 50 64 15 11 78 56 26 53 0 95 40 14 70 54 2 16 87 61 74 98 29 94 21 43 39 21 36 91 52 94 76 2 0 35 20 40 1 52 68 81 99 39 28 31 11 53 17 79 92 83 93 25 30 41 40 51 97 15 39 82 34 20 44 95 58 79 88 30 76 50 43 12 29 6 36 59 77 19 23 62 37 92 87 22 46 40 10 10 21 51 78 19 65 24 4 35 65 19 28 85 43 89 23 95 67 57 33 53 89 41 23 71 13 32 51 19 42 16 87 21 34 19 58 40 99 70 40 66 79 18 90 81 95 29 23 58 62 28 27 34 17 82 38 4 40 55 20 18 65 30 21 49 16 81 66 86 68 82 24 87 36 28 69 45 39 66 82 82 87 74 71 17 50 4 71 64 5 43 9 1 2 31 98 39 84 4 33 91 64 8 95 0 28 90 23 38 92 17 13 63 77 91 35 9 85 21 86 47 68 76 49 33 60 13 51 32 35 10 97 19 0 45 17 35 38 50 74 39 77 17 87 18 51 90 51 2 75 71 28 91 58 86 79 74 73 60 40 5 86 64 95 81 60 91 58 39 89 54 51 77 58 60 89 26 6 66 39 26 41 33 17 43 20 53 75 16 76 12 10 22 9 60 34 4 23 84 99 41 3 63 45 63 8 54 76 8 1 6 83 19 57 28 61 16 17 57 32 66 41 25 86 80 27 0 55 55 31 71 82 88 50 66 10 46 66 80 58 1 58 78 58 86 68 
82 21 14 2 19 93 65 53 30 54 34 39 98 85 35 7 37 30 27 15 34 73 35 70 72 97 40 75 93 9 28 10 41 71 77 82 75 32 32 85 62 34 99 3 20 15 61 13 2 41 84 13 36 88 89 47 90 86 33 77 70 92 24 3 55 47 52 43 69 8 53 99 31 47 90 89 47 25 43 29 17 47 33 83 22 79 38 76 72 80 58 28 67 28 31 81 48 73 1 1 76 61 81 24 64 95 24 57 86 56 57 93 72 72 25 79 83 8 43 45 66 37 71 22 76 47 91 35 97 87 60 35 66 2 9 94 61 97 43 93 69 15 74 88 73 29 30 30 76 98 79 32 48 12 25 56 66 48 51 33 5 91 7 53 29 60 89 81 10 28 80 47 24 53 96 1 78 72 63 56 83 71 83 99 59 47 60 4 45 92 24 12 26 84 62 34 90 77 28 76 47 10 48 74 62 99 38 46 77 54 40 99 63 80 26 52 5 13 34 9 17 28 52 13 61 47 79 48 58 66 71 86 11 37 35 48 50 79 87 88 75 12 65 73 29 20 52 16 29 69 63 14 53 43 34 71 45 78 3 40 49 26 63 31 8 75 29 42 32 90 83 80 13 23 87 56 29 60 54 13 99 7 12 44 27 37 17 81 97 87 13 47 26 10 80 8 18 66 59 62 69 12 79 50 69 33 55 60 20 3 72 51 21 46 33 46 92 75 91 9 71 57 78 9 40 55 36 66 73 35 53 44 20 80 89 58 23 53 96 50 30 89 4 22 61 40 10 4 66 94 33 19 61 74 76 52 81 94 26 70 31 55 11 23 48 32 44 48 84 35 53 75 61 93 62 43 99 76 26 78 60 24 45 40 50 33 47 82 1 79 40 32 69 50 21 95 97 75 65 94 
80 20 38 11 48 95 34 55 59 99 43 52 73 33 35 94 57 2 18 33 39 63 16 29 49 26 24 35 59 3 13 85 28 71 50 5 21 5 41 36 12 66 24 26 16 85 37 76 82 19 58 80 55 68 65 78 66 58 34 2 64 71 11 46 39 95 14 86 22 50 66 56 22 28 21 49 22 95 53 74 7 39 1 37 65 60 88 49 48 40 43 78 55 81 48 26 67 47 42 35 1 8 15 16 67 72 44 8 79 69 31 23 57 88 18 77 8 95 13 75 46 10 17 64 9 69 74 50 52 5 68 47 20 67 67 5 7 0 67 97 24 24 27 25 15 66 49 83 22 11 59 40 80 37 16 31 16 86 83 27 76 78 99 79 81 4 43 52 54 38 17 84 19 64 34 60 13 97 52 80 66 0 28 58 79 29 38 64 30 86 53 9 30 45 69 67 4 3 67 36 32 41 0 7 46 31 17 29 41 14 90 22 30 46 73 43 98 54 78 76 83 24 88 82 69 64 7 25 77 69 6 32 12 87 6 82 59 55 30 3 46 51 8 23 22 44 3 46 36 9 74 68 87 67 12 87 39 23 34 28 99 7 53 89 83 7 75 36 77 2 85 17 29 31 64 46 78 8 27 59 44 15 13 79 89 58 73 89 98 42 56 57 51 17 49 71 5 38 36 56 48 16 2 24 70 48 98 47 32 96 94 44 59 91 17 78 40 41 27 32 26 68 51 33 52 88 93 82 30 2 61 35 76 13 62 62 49 2 12 44 73 68 99 3 17 34 84 24 49 69 60 59 35 73 38 41 71 40 87 75 16 65 99 30 65 41 98 58 27 37 74 89 88 40 40 23 53 69 60 85 54 28 91 49 31 52 80 51 34 63 27 48 84 65 96 59 8 71 6 61 
53 32 34 42 18 83 26 96 44 78 77 29 60 61 77 68 49 17 16 23 49 46 59 54 36 44 9 45 61 84 70 9 55 86 14 65 21 11 50 53 81 75 1 4 52 61 84 68 59 20 57 11 15 58 9 86 75 97 17 47 94 42 51 16 9 41 69 2 44 67 29 98 11 65 99 13 8 64 76 91 6 3 83 76 71 86 19 56 0 44 53 56 12 67 93 22 20 88 63 25 12 8 7 19 71 74 58 80 25 95 88 56 88 10 98 31 70 60 8 73 31 76 37 49 26 17 12 38 74 47 35 15 9 29 90 6 5 22 55 10 61 72 42 99 75 43 11 69 62 90 63 50 30 25 77 67 88 72 24 53 51 54 64 46 84 78 81 41 32 73 56 42 34 13 99 36 28 22 36 26 28 7 48 42 75 52 64 16 20 49 29 28 13 55 93 79 59 27 60 30 26 90 84 82 23 60 60 94 68 65 54 11 8 76 27 68 96 20 96 24 19 3 77 63 89 76 39 46 4 18 89 80 0 49 48 83 77 41 17 60 30 73 10 42 5 45 57 36 13 77 7 87 48 62 95 52 27 14 33 27 8 76 21 55 6 67 60 88 33 91 95 17 24 12 38 72 45 0 29 93 88 67 31 32 91 1 43 85 89 32 26 98 58 50 79 57 74 52 5 17 37 81 92 61 3 1 70 67 81 62 21 61 48 39 71 87 61 52 38 61 17 21 18 10 58 35 9 60 42 60 27 97 92 72 77 84 91 14 71 23 25 88 35 62 93 40 45 45 1 68 76 74 50 21 69 64 4 78 15 6 85 90 64 76 30 68 29 28 58 71 16 71 62 93 35 66 33 69 18 21 4 22 46 48 17 57 89 44 62 84 1 85 70 72 60 93 8 71 67 88 
24 32 62 91 60 60 68 88 29 25 36 16 92 18 3 84 43 38 36 12 58 31 42 0 90 80 56 2 53 62 28 41 63 28 65 86 51 11 83 23 72 89 65 19 75 86 14 49 98 46 92 33 5 33 89 39 62 2 15 74 58 83 41 17 53 55 45 87 8 97 94 67 47 9 30 20 29 78 31 6 76 88 69 52 21 61 75 6 57 52 3 45 21 9 55 59 97 54 18 40 11 78 46 14 40 31 2 55 76 38 40 85 32 41 92 52 40 64 84 21 72 27 22 62 4 45 30 78 7 70 85 13 63 33 2 73 55 18 36 6 56 2 91 77 56 79 8 5 44 96 0 38 75 24 24 22 98 98 38 20 61 38 96 39 80 47 79 30 64 66 10 72 63 8 89 83 95 68 93 8 1 95 61 78 24 67 58 3 28 10 9 77 5 45 78 61 36 66 18 1 8 67 11 97 21 12 86 6 47 9 97 43 53 90 84 84 93 56 24 84 83 75 91 99 44 61 77 88 80 54 49 62 48 29 37 72 0 84 37 74 68 68 99 75 23 63 15 89 18 57 32 80 58 71 37 29 63 56 78 58 21 63 98 6 83 93 61 61 72 66 48 42 39 4 14 89 31 72 50 71 8 0 42 87 84 96 5 21 65 28 32 98 95 62 57 7 43 44 15 88 62 33 88 76 79 4 67 44 36 92 90 81 24 82 96 38 12 46 21 52 10 59 30 5 18 62 80 34 27 34 47 21 55 73 49 1 20 4 64 85 73 38 95 53 93 42 46 1 27 96 32 33 59 51 53 67 51 6 30 56 62 99 97 14 85 32 20 86 47 20 88 34 35 67 57 81 39 46 62 4 87 86 23 81 22 82 5 88 76 76 28 60 63 48 42 22 64 27 90 9 
50 22 33 8 78 59 88 18 1 43 8 78 16 46 23 94 38 44 89 64 32 80 54 12 91 11 64 70 96 34 86 43 41 41 16 85 81 80 34 24 65 95 34 99 21 99 18 76 35 18 78 35 49 68 87 81 22 20 34 27 25 54 95 77 21 37 12 9 97 28 31 62 9 52 13 69 21 37 75 63 56 37 90 8 91 95 40 19 75 43 13 46 15 1 77 34 16 92 74 67 31 82 30 5 1 16 25 39 37 96 29 28 72 63 99 58 69 50 22 63 49 49 35 74 17 49 34 12 49 21 39 1 93 78 78 64 22 69 72 30 93 21 45 77 69 67 98 72 96 90 83 98 99 19 61 68 4 67 7 15 99 80 53 78 6 83 81 17 9 2 6 8 86 60 61 20 3 32 16 25 4 67 20 22 78 62 73 77 95 89 14 23 48 87 62 17 49 67 27 82 8 85 95 37 16 84 5 2 13 15 14 87 70 86 66 68 14 91 92 51 66 88 34 91 1 92 92 81 26 79 92 31 89 33 86 39 4 97 40 4 4 62 39 85 9 84 33 10 63 49 75 29 99 29 15 81 78 76 79 48 26 42 85 93 76 79 10 0 76 82 49 52 43 93 88 17 58 4 92 7 91 7 79 51 23 83 65 34 7 54 89 88 25 69 79 18 61 83 8 80 74 43 82 2 89 47 11 30 65 65 67 82 6 53 69 8 21 0 30 2 72 47 58 29 82 49 83 80 27 14 9 32 39 21 12 83 27 44 53 77 57 74 3 3 57 58 89 96 96 53 75 81 49 54 47 32 60 95 25 19 91 11 89 28 56 50 72 33 66 45 68 53 5 29 65 49 59 19 40 2 9 97 12 64 37 34 67 19 34 74 75 79 98 84 16 57 83 23 51 62 
59 44 51 74 56 62 78 25 98 7 52 47 65 2 67 46 99 17 9 7 89 12 20 39 85 88 26 53 17 19 38 27 67 54 16 62 84 74 92 29 22 57 70 40 97 6 47 5 40 69 33 33 68 68 4 65 65 24 88 48 79 59 44 48 59 42 18 26 59 44 11 62 97 9 99 4 93 85 1 51 21 37 43 55 85 60 86 20 23 14 25 35 90 54 86 57 62 8 19 10 38 73 51 53 13 61 17 56 6 32 83 2 20 20 36 98 53 76 83 4 61 63 2 30 8 8 30 75 19 28 25 45 71 1 26 77 57 7 12 96 62 62 54 49 97 67 95 37 34 64 61 82 51 58 36 3 73 66 60 43 6 95 8 66 69 31 24 33 95 51 55 47 57 91 66 69 66 7 87 27 23 72 47 63 89 67 78 76 41 33 21 24 33 93 88 36 3 39 60 32 66 29 52 93 76 21 22 80 29 88 36 14 40 57 40 48 36 39 91 52 24 79 80 82 82 22 27 80 26 69 48 41 89 33 36 57 96 46 31 19 62 28 79 52 57 27 32 1 56 53 84 45 44 35 99 33 18 2 48 63 86 84 53 27 70 90 18 7 98 70 8 25 39 4 51 18 50 24 77 48 22 38 69 73 17 58 83 69 51 91 52 48 51 84 13 81 49 28 15 81 56 98 82 85 7 37 41 34 8 68 92 21 68 46 78 59 14 53 86 29 27 10 47 43 65 1 88 97 64 89 40 47 86 15 82 29 71 22 5 73 19 74 58 11 31 38 31 1 68 23 47 28 20 81 87 25 89 51 43 78 20 90 63 45 60 36 54 99 22 96 33 93 84 74 1 44 69 10 1 13 0 75 87 15 13 57 23 7 46 77 34 72 99 10 58 63 92 83 93 76 
98 65 42 14 36 69 21 84 49 81 58 68 85 12 43 28 8 93 47 83 61 75 68 74 95 72 83 34 19 62 85 21 90 95 75 59 63 53 84 19 5 26 70 29 60 29 5 52 26 27 12 97 56 95 82 83 15 94 58 42 23 99 23 37 67 41 49 15 12 48 63 41 55 67 91 31 62 29 63 70 44 21 39 76 69 45 95 70 33 29 9 86 2 31 18 90 35 54 15 48 34 68 36 18 3 49 7 98 43 43 54 95 36 79 5 45 26 57 67 11 30 5 28 6 66 19 23 75 82 63 44 15 79 32 76 68 56 78 80 73 80 39 1 32 6 47 9 68 12 1 26 95 6 99 4 43 53 25 66 9 37 60 86 52 53 92 55 28 87 13 0 52 63 16 19 82 49 61 83 47 80 79 99 88 77 55 36 42 62 17 98 12 26 60 90 17 28 41 85 84 27 34 62 96 52 15 64 78 15 84 98 1 5 62 8 3 72 6 20 34 96 50 13 0 21 40 85 83 87 53 93 92 31 59 90 79 50 51 54 55 59 40 59 49 96 33 20 62 17 19 60 77 26 23 23 14 3 96 75 74 46 78 51 35 42 17 88 81 84 21 39 41 97 52 8 3 14 21 11 44 61 17 96 4 52 1 58 62 30 62 72 29 91 44 3 55 72 73 81 5 99 1 5 57 61 53 29 2 56 23 64 64 8 73 80 36 37 12 92 51 7 68 70 73 55 28 17 57 8 89 39 8 9 94 92 56 94 5 51 89 5 2 41 48 35 73 39 26 44 89 92 5 92 23 4 61 0 84 98 27 78 56 16 57 88 27 20 77 89 39 22 53 77 91 87 38 14 56 49 8 50 9 60 40 62 7 57 29 79 62 71 4 16 37 79 92 42 65 5 78 
65 97 19 84 80 93 46 67 59 75 29 44 78 19 83 9 67 47 7 93 54 59 83 53 59 26 70 85 24 31 43 72 80 7 77 9 58 4 68 21 92 26 62 4 3 91 16 80 62 92 6 41 93 59 67 46 17 69 95 31 6 95 6 69 59 28 91 11 87 18 47 24 25 51 71 56 31 63 18 62 63 23 96 81 6 38 36 7 9 18 34 97 26 23 84 88 1 15 0 64 23 21 25 10 20 41 41 1 1 79 55 1 33 31 0 88 15 58 32 5 68 51 93 88 15 0 73 51 58 46 74 63 4 79 99 92 51 87 23 69 74 79 72 67 26 79 99 53 57 17 77 79 37 9 25 61 53 85 52 71 36 20 8 53 95 51 31 32 53 51 21 36 14 86 90 86 15 31 57 38 42 36 67 70 30 59 44 27 98 22 74 81 59 79 62 1 21 98 66 82 20 41 33 78 59 2 42 82 78 93 11 59 46 32 44 92 78 95 3 11 24 2 35 99 60 38 20 67 16 19 97 64 94 47 89 16 71 2 87 19 5 35 32 2 85 43 17 59 88 37 42 51 69 22 44 11 21 29 58 44 55 58 48 37 89 81 65 51 75 87 75 83 72 71 88 32 56 76 27 92 91 19 17 57 56 4 91 14 84 28 86 14 24 74 75 59 80 20 13 66 46 25 69 4 55 23 17 52 74 37 24 1 32 21 52 22 78 94 84 17 80 48 95 31 6 18 75 71 22 51 28 50 15 71 64 16 42 48 9 34 33 48 62 30 24 1 28 50 50 62 0 83 10 30 81 92 53 93 83 16 52 50 15 21 20 67 40 81 80 6 87 33 37 59 26 3 14 1 12 4 21 41 75 90 2 10 64 39 86 59 80 40 47 70 71 67 43 72 37 58 
88 97 51 5 81 60 7 19 54 94 39 12 84 73 85 40 67 73 28 83 43 30 72 85 87 68 74 58 5 24 0 37 15 41 87 9 7 4 67 52 17 4 6 8 74 0 65 31 36 19 29 8 50 40 7 65 82 49 1 57 7 3 46 81 38 88 10 76 13 62 20 51 27 48 59 62 48 17 64 85 21 58 46 37 81 51 47 87 87 8 89 14 52 41 0 53 33 98 2 1 99 68 33 55 65 52 77 15 33 79 18 54 62 41 95 78 57 93 93 87 54 68 52 8 75 86 79 85 19 81 63 63 98 57 48 17 74 40 85 2 4 25 38 17 69 17 20 61 53 97 35 23 3 60 34 11 31 72 54 58 14 1 32 74 52 86 75 62 32 44 13 19 68 2 66 17 34 54 6 61 73 23 71 40 4 98 92 14 4 57 0 96 65 19 69 77 93 41 18 72 10 82 50 81 27 0 91 39 66 45 80 79 98 8 94 65 87 25 82 74 58 26 23 14 19 8 66 50 74 48 78 26 93 46 33 8 41 64 24 16 11 46 68 64 87 62 50 23 50 68 97 34 67 93 70 60 66 40 31 67 96 68 7 90 8 22 50 86 96 76 16 32 86 38 40 64 30 79 85 95 16 74 87 84 67 50 52 59 86 59 71 66 31 2 13 64 60 7 58 0 22 36 78 68 23 70 53 95 93 74 59 31 36 30 90 17 64 95 49 77 96 87 92 89 33 86 76 40 96 53 61 40 6 55 49 87 25 33 16 21 23 80 94 41 90 43 79 19 6 99 2 13 77 61 56 24 73 44 3 81 69 62 64 17 73 3 50 99 38 83 93 27 73 87 92 34 32 56 10 57 33 67 77 26 31 22 70 32 99 5 72 14 81 11 12 47 52 65 4 67 
5 68 13 32 28 62 47 62 92 79 79 4 60 63 11 14 68 5 90 30 67 46 89 41 18 4 13 79 18 80 52 90 24 71 43 45 42 15 63 26 89 81 81 93 31 65 48 48 97 89 42 95 19 89 46 21 40 22 51 6 91 74 65 93 51 71 80 85 52 94 74 65 15 60 70 98 76 43 80 39 19 50 9 23 4 44 42 3 20 21 19 58 46 65 23 60 57 82 43 89 83 89 88 56 88 5 1 4 1 64 5 95 87 40 70 14 82 96 58 9 35 51 29 57 65 45 88 70 40 33 47 96 44 21 67 76 94 58 31 7 26 85 86 61 89 8 64 67 7 82 33 87 5 28 17 81 37 27 66 34 55 87 50 3 2 81 48 30 72 35 86 12 4 31 97 72 92 29 37 17 8 71 11 46 98 93 19 61 22 60 72 42 2 28 88 83 67 24 10 30 67 34 13 41 90 89 76 78 64 27 56 33 36 33 60 93 16 92 45 65 27 91 49 67 79 42 36 22 0 51 74 75 31 76 74 56 99 60 31 5 75 19 15 12 44 67 48 13 33 13 90 18 20 36 63 58 1 38 28 87 81 15 89 38 25 4 41 99 4 79 50 0 57 16 72 69 73 0 96 76 4 71 37 87 35 18 95 64 61 89 52 7 18 90 52 4 10 57 20 32 77 45 25 56 8 27 74 6 98 22 51 9 4 46 79 45 4 7 83 87 13 16 97 78 84 35 87 90 43 1 13 22 14 82 81 31 85 56 42 11 55 4 59 16 20 96 6 36 75 47 46 76 44 18 58 60 40 75 53 49 0 2 56 83 8 5 84 77 4 25 63 18 98 63 28 25 62 21 72 65 2 12 53 65 2 52 38 36 64 15 17 68 9 93 0 20 1 29 59 36 
88 22 53 60 68 33 69 9 81 54 41 96 51 46 83 52 7 98 7 27 11 78 47 32 86 33 13 28 41 10 19 30 39 44 75 81 18 75 92 15 29 0 83 35 95 69 78 83 57 73 22 28 64 4 91 51 61 81 94 97 54 9 11 86 13 2 87 79 28 75 42 29 35 3 85 78 84 18 77 34 63 29 54 29 62 66 39 79 59 74 5 99 2 7 16 84 18 99 46 61 24 4 98 55 38 49 96 55 34 89 12 57 12 49 81 84 8 92 57 35 58 13 33 94 90 68 69 3 35 13 59 15 7 43 55 11 25 63 45 80 38 47 41 63 15 32 64 76 79 78 71 83 4 89 67 0 7 64 55 79 19 38 45 4 89 67 39 81 57 31 36 6 98 97 75 55 10 0 10 80 92 74 66 91 66 44 53 32 38 6 20 69 36 49 5 91 82 0 39 14 8 30 39 73 33 69 37 26 27 15 57 38 24 64 90 26 52 25 55 4 14 59 36 14 64 92 54 51 32 75 67 20 4 61 51 44 70 5 54 48 78 65 1 5 57 68 76 97 97 46 9 27 80 70 85 35 52 34 21 94 51 88 37 61 25 78 91 43 29 53 67 74 41 46 29 14 90 24 12 87 69 66 5 69 19 46 62 40 10 2 67 97 64 45 40 5 43 21 94 66 9 57 30 4 46 14 50 41 14 75 99 21 38 3 92 85 51 19 25 92 20 12 88 85 33 89 81 19 28 81 59 46 43 0 56 17 53 35 38 56 21 44 28 36 47 73 9 48 0 77 68 48 21 22 87 10 51 31 59 0 91 89 16 57 13 61 57 76 89 5 48 32 7 58 48 40 25 8 90 85 98 81 82 56 47 32 61 91 68 52 22 58 76 78 40 63 95 42 21 70 
6 72 78 82 83 92 49 47 19 72 65 74 14 57 75 99 99 52 32 90 92 25 73 51 81 81 7 52 25 48 21 70 44 35 4 34 22 0 82 49 26 50 19 60 24 96 64 5 5 28 98 24 93 77 57 89 79 31 58 87 78 97 76 85 18 33 80 92 83 36 31 36 95 54 90 16 48 48 23 87 36 75 38 53 77 46 3 66 80 83 1 34 54 30 68 50 5 7 63 14 75 15 33 43 86 20 31 38 81 73 55 82 4 12 39 64 56 67 99 39 24 27 6 93 82 86 53 19 12 34 97 72 41 40 98 80 89 93 24 46 7 93 44 45 24 30 68 61 17 87 60 93 75 26 48 60 47 94 75 96 58 14 29 32 91 58 98 30 28 99 60 47 5 69 13 44 40 7 5 18 56 18 10 1 75 99 4 18 80 95 75 24 68 7 58 24 58 71 51 86 9 28 13 89 49 75 49 73 93 53 81 80 47 29 34 46 82 72 6 58 79 8 50 21 91 46 57 83 28 14 90 94 15 84 46 17 70 18 90 38 37 19 84 11 46 29 4 22 91 13 84 71 77 25 12 92 59 62 82 70 12 3 36 77 80 26 84 34 50 20 89 40 66 81 79 20 9 82 5 83 78 80 16 56 14 12 25 90 78 69 2 5 21 25 44 71 38 52 77 90 19 92 47 72 83 52 35 47 35 84 95 11 86 75 64 39 22 93 43 69 31 12 52 61 11 7 52 98 2 66 20 77 65 34 10 52 50 77 10 96 13 35 37 94 36 94 47 67 29 71 82 50 79 49 92 87 39 52 5 51 43 39 6 86 88 30 26 81 73 91 65 55 86 47 56 87 15 54 43 78 40 81 61 66 32 17 72 39 69 26 21 62 9 34 13 99 10 98 91 7 
61 83 56 68 88 68 29 35 36 39 47 38 2 47 96 53 39 54 94 44 84 93 59 74 58 82 98 39 44 52 65 64 67 75 94 27 9 93 72 63 46 73 52 91 85 65 65 34 86 72 85 56 92 84 0 7 88 53 79 60 61 50 92 74 51 21 52 60 6 15 41 32 30 83 76 75 16 46 74 48 8 33 76 31 2 13 77 92 64 3 82 35 55 59 77 18 46 62 12 70 25 55 35 87 33 62 16 84 90 91 23 46 65 59 27 76 57 19 47 54 25 63 46 14 23 28 3 73 85 23 42 79 38 19 78 14 96 47 18 44 59 54 63 57 75 83 0 33 84 62 91 71 61 70 36 24 22 60 50 29 61 44 19 80 13 11 45 12 71 16 63 66 63 65 58 96 76 10 56 2 90 65 15 37 73 75 34 43 54 83 13 40 24 49 48 3 55 64 38 74 14 29 24 74 52 15 40 65 36 33 17 33 77 57 26 8 3 1 78 60 58 66 12 73 7 43 36 6 85 59 1 14 77 79 61 54 77 93 11 97 72 7 20 22 40 55 98 16 21 27 88 91 84 80 94 52 12 90 90 72 70 98 48 56 63 57 64 6 10 87 49 33 28 36 39 29 34 9 22 66 62 86 73 70 9 23 95 8 53 45 76 95 91 93 33 52 54 66 68 60 57 90 67 34 97 86 57 96 64 7 33 69 23 99 79 54 22 14 0 35 64 41 70 2 78 36 18 53 32 73 66 47 77 47 42 53 69 22 34 40 41 54 71 10 43 21 71 54 54 43 84 0 77 52 96 98 42 87 69 34 97 11 91 62 22 74 95 87 37 44 99 86 26 75 5 25 59 41 89 68 12 50 43 61 20 4 76 24 27 6 41 75 87 58 13 50 18 36 68 55 
61 40 23 67 19 5 67 8 54 97 4 43 96 49 49 6 81 14 54 98 6 72 62 15 95 21 38 58 45 93 74 29 41 31 4 42 36 79 24 91 92 15 17 40 84 68 72 29 95 36 53 66 88 68 87 45 99 62 96 14 61 30 8 36 98 11 34 99 14 33 94 96 28 33 32 52 10 2 49 58 99 87 7 17 17 64 58 34 4 15 66 93 87 81 45 0 21 86 98 70 50 70 4 60 42 48 51 9 44 4 90 19 54 2 66 43 99 25 20 57 39 63 28 54 10 98 48 66 28 79 14 32 76 59 26 40 78 26 9 11 35 32 95 64 3 64 85 13 30 55 30 75 55 0 52 8 98 36 9 10 80 45 0 34 76 36 13 29 3 29 42 43 61 91 60 21 46 32 27 61 86 45 26 21 89 67 55 93 94 34 17 93 36 54 31 18 26 98 30 72 74 75 67 98 47 84 31 74 77 0 86 56 4 73 99 67 0 65 82 99 13 40 89 73 49 64 82 50 19 76 32 0 69 22 97 26 51 89 93 41 32 1 31 0 55 26 63 43 1 75 14 13 58 64 14 85 49 66 53 22 75 68 4 56 14 28 53 38 34 68 86 65 53 21 67 85 7 58 22 80 31 14 8 41 95 26 8 24 66 14 58 60 96 20 96 4 17 53 14 46 71 32 19 66 56 97 97 59 51 28 77 64 49 26 37 13 36 23 90 34 83 43 54 46 85 50 87 80 47 24 36 57 85 51 29 81 34 19 42 72 21 75 30 73 71 33 2 60 30 11 83 4 32 43 68 15 35 82 18 49 24 37 24 20 9 78 66 70 69 18 22 62 43 87 57 9 81 37 27 56 68 60 35 63 48 81 84 66 67 6 32 43 12 70 83 33 56 93 56 15 
56 22 76 44 89 88 4 80 21 19 4 48 6 0 11 97 56 49 2 2 74 93 50 84 38 19 68 1 33 86 2 15 30 81 42 85 65 90 8 26 99 66 22 56 23 80 13 1 10 76 0 19 68 52 78 84 96 81 76 77 9 93 42 46 34 68 74 49 47 23 59 17 1 56 21 40 13 36 73 12 61 62 77 30 44 57 66 38 30 7 50 48 50 50 44 46 89 95 51 0 53 53 88 30 59 68 10 53 52 8 8 18 68 75 51 8 29 92 81 41 1 8 51 98 34 37 42 85 8 8 94 30 69 69 17 46 92 76 77 12 87 43 30 21 96 74 91 0 2 22 58 20 90 89 76 36 90 73 94 95 24 28 92 40 75 26 22 77 51 50 64 61 71 33 25 7 8 47 68 29 11 69 18 26 56 29 47 94 62 14 24 61 11 53 41 67 38 89 85 41 58 13 13 35 28 79 49 61 5 1 43 39 33 96 35 96 31 25 47 48 94 50 61 35 93 60 33 35 30 53 56 8 54 61 56 97 71 69 89 5 66 39 76 13 55 26 98 3 99 21 44 40 83 19 38 42 20 97 2 45 95 75 2 68 26 60 41 85 49 48 60 88 1 72 37 53 87 36 10 39 18 16 83 22 53 37 70 36 27 64 12 37 6 31 42 14 46 44 77 45 61 50 39 65 0 9 12 60 66 18 19 7 21 38 62 31 20 27 79 39 27 59 34 59 34 81 22 81 40 30 42 68 50 50 27 47 30 62 99 52 45 13 53 65 41 10 2 68 32 76 26 84 40 30 92 88 7 13 32 84 57 20 94 34 23 3 59 27 24 72 14 13 42 8 16 27 15 76 99 34 38 17 35 28 43 11 34 3 89 44 85 12 40 92 88 87 63 93 19 43 
60 18 94 16 56 93 86 90 40 3 24 90 24 93 84 28 61 94 84 29 65 45 4 86 56 96 50 1 59 62 7 6 11 84 62 60 87 4 4 73 52 39 95 76 34 9 30 29 14 28 32 0 74 94 0 15 48 59 63 10 17 90 84 35 95 91 51 88 6 60 84 85 10 7 61 56 62 64 42 59 96 6 28 84 7 41 78 82 25 0 59 54 24 34 7 61 80 65 71 79 30 17 4 57 27 8 93 28 36 72 80 97 0 5 14 80 48 45 68 70 6 34 74 71 25 24 92 1 26 47 23 20 93 26 71 30 99 97 92 65 66 42 24 6 11 64 74 8 11 91 52 93 29 89 64 99 48 47 75 54 95 88 13 75 71 5 76 66 36 86 19 76 89 97 22 70 33 43 79 61 58 89 41 20 17 21 21 46 25 87 72 12 15 38 58 45 36 60 76 3 1 87 33 81 81 99 19 12 50 23 89 81 42 12 3 44 83 49 39 24 4 87 21 11 38 48 65 72 6 57 50 36 87 77 18 14 3 33 72 68 2 15 24 16 82 3 38 23 54 77 91 25 80 17 73 69 99 36 96 2 57 76 47 58 81 5 65 98 63 34 90 55 32 33 68 12 23 56 65 93 43 22 81 90 82 76 44 49 90 10 85 45 34 79 38 65 82 18 64 18 98 69 72 75 61 29 11 40 53 31 49 71 53 45 92 3 79 92 5 49 75 91 26 25 58 53 75 88 36 62 39 83 24 87 22 31 10 30 23 35 9 98 33 3 83 4 46 16 78 54 72 97 25 75 14 55 87 62 62 4 56 76 67 50 40 16 96 61 97 88 2 34 33 74 81 68 5 60 12 80 13 68 90 75 90 38 50 69 59 93 19 16 77 77 38 21 39 5 31 62 
79 9 75 67 78 13 4 82 8 72 30 16 93 80 30 30 45 47 67 78 30 27 55 62 42 67 38 91 93 32 47 81 63 11 77 14 29 55 36 43 77 31 63 88 47 6 83 96 64 69 22 10 31 95 10 36 39 44 7 17 51 57 22 50 6 71 59 57 52 36 49 55 8 35 8 72 65 30 19 72 3 96 21 78 42 77 3 0 21 39 50 26 30 88 88 79 95 29 37 62 44 87 9 79 39 19 27 2 21 22 32 77 87 63 94 75 28 10 4 95 0 94 72 54 42 70 4 37 11 72 39 44 90 40 24 84 66 94 32 54 65 27 26 29 25 14 18 12 78 48 32 52 16 14 58 71 15 57 65 83 87 41 21 27 39 94 29 42 98 49 92 92 98 26 72 87 84 70 99 46 65 98 13 37 31 85 15 85 70 60 77 33 13 86 53 72 39 1 25 77 78 62 44 59 36 2 31 11 86 23 40 82 27 52 5 24 98 96 23 93 54 35 79 91 27 28 91 37 5 92 63 29 73 47 58 5 72 0 58 56 45 27 32 9 58 47 88 7 58 69 27 90 23 20 62 41 79 33 63 57 97 65 52 67 9 81 18 38 43 70 29 74 21 17 41 69 91 77 45 6 68 89 63 84 34 0 7 12 38 2 60 48 69 72 93 4 92 48 42 24 75 7 56 21 89 36 0 36 30 0 67 16 27 11 37 48 59 86 93 89 29 91 46 94 89 11 57 32 47 10 74 37 11 89 24 58 19 39 48 65 9 90 1 43 93 58 60 98 13 75 14 57 1 40 43 32 79 92 2 71 26 5 80 67 15 76 34 35 36 57 95 72 11 78 51 63 76 57 36 82 59 64 28 85 3 31 14 2 77 91 3 38 11 71 45 50 6 5 26 74 
51 4 35 66 75 2 99 52 63 86 86 76 54 80 73 36 74 52 88 7 78 45 78 67 26 79 19 88 5 4 93 24 28 17 12 6 27 65 81 65 55 92 11 54 49 29 7 62 74 89 80 80 52 54 8 95 55 90 87 63 5 45 51 21 53 56 14 72 26 42 3 41 97 49 57 62 66 63 27 89 17 92 54 22 90 94 8 68 78 36 96 28 4 66 84 28 27 31 26 15 18 95 21 49 50 88 89 90 98 94 80 10 93 93 3 19 24 29 98 52 77 57 19 90 63 1 59 31 82 27 49 75 43 42 57 47 50 77 82 3 49 27 58 84 67 40 61 26 11 39 94 59 54 4 10 27 76 42 8 58 0 8 84 37 91 68 8 11 10 27 48 44 84 63 36 37 0 36 95 45 14 8 13 77 87 86 40 40 0 47 39 6 62 74 75 83 30 82 92 99 41 9 5 41 32 7 32 20 71 45 82 18 33 39 34 67 58 35 32 2 14 89 69 34 82 36 43 31 68 42 47 25 87 31 34 41 47 34 26 98 73 89 59 30 47 27 37 43 71 78 0 36 1 5 15 46 2 43 52 80 62 37 18 71 3 24 91 25 22 99 89 58 68 4 69 88 55 62 56 51 7 86 23 47 68 18 33 21 25 47 74 83 15 58 44 9 74 83 1 96 44 78 51 89 57 63 76 84 35 30 77 74 29 33 73 76 13 91 82 20 70 75 63 36 29 65 57 43 23 48 32 58 33 88 46 49 85 68 80 89 23 74 62 92 6 71 98 58 42 47 95 92 4 39 6 12 23 5 98 2 3 49 77 83 45 58 80 36 81 42 78 46 78 98 60 69 84 7 42 24 87 64 1 24 12 71 8 35 43 27 88 95 27 60 14 3 69 32 96 40 
50 36 35 1 54 43 38 59 18 41 77 17 54 82 9 27 11 60 0 89 82 91 71 3 55 58 32 11 66 12 20 12 77 34 43 94 96 69 87 99 76 75 34 84 61 96 11 21 23 44 67 76 38 87 81 3 97 77 19 68 58 36 48 93 36 62 78 32 62 8 61 13 42 28 87 4 59 99 89 40 45 41 53 0 15 25 93 68 74 7 25 36 94 3 20 96 70 38 80 48 32 8 8 73 22 24 61 21 87 28 23 75 45 43 53 57 64 43 42 73 2 80 39 48 0 83 22 65 74 92 20 11 77 9 83 91 16 64 55 70 5 14 24 0 47 63 28 53 66 89 58 29 39 5 20 14 64 52 68 9 75 96 70 1 45 6 94 93 86 64 95 93 78 69 26 80 95 11 65 96 20 27 98 97 33 33 93 77 77 72 74 29 5 49 90 4 23 49 95 44 62 76 39 82 92 50 65 8 12 64 57 67 64 67 73 4 74 5 53 7 5 13 7 80 47 66 41 15 53 96 69 0 1 55 51 21 97 64 57 34 96 39 78 13 45 82 31 18 27 56 85 76 3 54 7 89 35 49 42 60 58 42 1 96 49 16 24 48 69 10 9 67 4 59 23 10 88 18 61 70 78 51 27 42 88 10 70 87 34 46 53 84 75 15 66 4 4 83 27 59 47 0 74 41 3 9 6 76 26 31 43 97 19 34 3 39 63 43 98 97 47 79 17 69 67 47 1 20 15 67 47 73 70 15 11 63 30 29 31 74 38 42 92 1 58 68 86 59 82 37 31 99 40 86 17 35 62 79 58 5 52 45 49 83 56 51 73 75 2 45 38 45 99 54 42 96 21 10 75 22 58 20 11 78 10 39 89 31 10 73 24 91 16 49 39 69 22 65 38 99 
23 77 20 18 30 48 70 26 42 63 93 70 87 7 27 52 31 82 46 46 83 32 30 60 54 82 86 13 36 71 36 18 63 59 46 84 57 30 80 42 11 28 93 91 94 32 78 32 65 15 54 34 23 1 42 52 36 18 64 80 78 7 37 17 32 12 83 61 71 44 8 30 2 85 9 0 57 45 88 74 13 13 75 6 82 46 52 67 3 51 12 69 85 5 1 67 85 95 91 86 72 48 67 59 47 44 0 94 82 96 6 57 54 65 83 92 78 28 38 56 14 53 28 90 10 6 4 80 27 88 76 25 46 99 90 57 2 16 15 14 9 70 86 31 40 24 89 63 22 67 71 32 44 85 46 73 19 6 55 64 30 74 61 51 86 31 76 90 37 81 3 47 48 93 1 94 28 12 36 5 3 81 98 28 10 33 51 82 66 12 4 48 61 39 35 46 82 88 31 23 64 10 6 5 54 91 48 86 80 30 20 20 65 23 68 51 22 31 17 72 59 80 32 99 52 84 44 74 35 33 13 14 43 63 23 37 63 17 52 42 3 53 37 1 34 58 89 11 10 71 98 42 23 50 39 87 92 6 89 94 27 13 7 7 86 37 64 75 96 25 60 51 77 66 25 87 63 38 92 2 50 90 19 32 36 85 18 47 57 99 78 80 61 65 2 55 85 28 7 70 22 26 40 91 93 66 23 99 15 39 12 81 29 16 15 15 81 62 76 47 35 29 58 48 63 98 61 13 75 40 70 57 18 72 41 39 96 34 91 45 11 20 31 69 80 54 58 49 97 61 39 7 78 27 6 49 61 77 96 39 98 87 20 24 71 70 17 13 71 28 44 15 46 25 29 39 38 14 28 22 65 17 58 9 80 55 15 48 87 67 54 85 74 46 85 25 32 96 33 33 
76 28 83 66 97 28 27 73 35 98 67 41 62 42 93 39 59 58 96 58 38 0 52 80 66 3 90 82 68 94 16 97 44 59 61 21 78 35 10 58 98 35 24 27 66 50 83 79 44 10 84 86 67 19 41 52 15 93 97 55 65 11 91 76 70 39 36 56 86 6 57 25 50 50 57 97 79 5 98 14 44 8 15 95 78 61 46 23 92 71 6 51 87 15 93 27 69 56 27 31 10 10 89 85 82 76 71 1 96 99 1 81 71 94 35 46 10 10 1 84 10 36 98 78 80 82 34 55 84 6 0 18 34 50 43 12 75 38 8 31 42 83 55 76 46 55 44 89 16 59 8 61 3 59 75 65 38 39 26 14 90 42 96 78 38 35 19 56 70 14 2 59 8 18 31 93 26 6 57 2 36 34 53 8 18 49 14 3 47 13 45 46 61 71 69 92 16 11 63 50 41 75 1 51 80 29 72 33 4 42 55 86 31 6 23 98 70 22 2 86 67 57 38 77 74 81 69 81 35 91 14 12 49 0 79 8 75 51 54 56 8 56 94 43 80 70 81 71 86 51 90 12 90 21 59 1 49 68 77 10 15 77 54 71 97 5 82 87 14 22 98 39 98 50 53 42 47 77 70 48 52 80 24 19 50 9 19 12 26 92 87 68 54 26 67 22 31 61 80 47 95 74 60 48 61 9 26 28 47 40 18 52 69 52 47 0 98 8 90 44 13 24 91 77 98 12 29 28 32 91 94 88 70 99 23 44 78 79 97 96 36 40 43 46 82 41 57 84 24 16 4 7 46 71 46 17 98 73 18 66 88 15 78 71 22 80 94 93 32 47 85 94 23 16 39 27 64 74 54 83 89 34 11 74 31 82 27 69 95 64 60 91 48 46 78 6 98 11 63 14 
91 9 48 68 92 93 17 31 98 2 53 94 85 96 8 81 55 19 72 29 41 95 46 14 83 55 50 35 25 0 61 64 31 19 17 80 56 68 95 46 33 8 44 6 20 81 13 57 20 2 16 34 19 63 76 97 74 53 94 43 80 35 8 95 90 88 99 68 71 45 1 6 82 57 39 74 71 39 2 4 69 55 67 12 64 4 44 51 30 38 60 59 31 58 29 12 29 5 7 56 10 79 29 42 2 74 44 95 31 55 49 36 42 6 79 12 52 17 9 29 38 26 60 99 5 18 36 41 60 3 44 79 86 43 39 71 90 88 16 74 47 73 63 93 69 95 2 97 14 58 62 86 28 62 60 0 43 18 57 58 48 69 61 4 22 81 2 49 12 70 67 92 87 73 38 2 27 14 37 35 82 67 53 7 31 96 49 84 90 51 22 64 15 49 37 78 24 19 17 23 16 8 84 56 39 48 57 50 18 77 5 86 30 13 91 17 64 85 52 52 99 39 76 50 85 60 91 13 68 20 9 80 54 69 48 7 74 43 27 88 98 44 38 0 15 92 79 75 1 0 69 38 34 86 4 61 79 46 27 0 33 22 79 51 1 68 90 17 18 15 21 9 23 53 98 43 36 96 42 62 90 17 89 48 18 80 85 42 66 77 95 22 82 59 79 86 43 87 74 44 21 94 48 74 43 78 7 84 43 29 98 4 24 35 81 89 59 90 96 94 98 10 67 3 16 77 82 25 17 80 94 35 56 14 19 60 14 29 99 25 73 73 78 56 97 2 51 89 23 68 96 15 3 60 48 46 17 48 72 66 40 53 11 16 59 49 8 31 11 12 50 85 62 35 98 46 65 38 89 16 19 37 43 48 76 4 80 46 93 64 72 46 82 77 87 33 21 89 20 10 
37 5 66 36 58 44 16 22 99 14 89 23 95 7 72 17 67 29 54 42 13 48 77 97 96 54 33 44 90 4 68 46 71 23 97 18 98 1 21 49 26 50 29 41 6 87 10 24 76 42 27 51 28 58 55 52 0 27 11 36 38 15 43 97 36 31 4 37 46 61 31 38 94 92 17 77 16 95 62 84 80 61 51 65 44 68 98 91 19 71 53 49 79 52 98 20 74 79 8 28 33 57 52 17 9 72 29 80 0 8 69 30 5 97 62 74 12 13 75 62 56 83 24 63 96 12 90 55 92 95 36 47 52 22 62 2 43 47 8 63 69 20 99 69 84 22 27 80 23 15 2 4 96 35 65 24 46 49 33 5 7 5 48 54 83 16 15 88 68 29 63 91 29 80 61 74 98 6 44 84 64 77 26 58 52 23 29 76 60 67 98 32 51 2 57 92 74 86 10 68 41 67 30 74 19 73 71 9 15 36 35 88 5 97 83 17 22 89 92 92 98 58 83 95 57 56 59 29 88 54 1 26 61 59 18 97 96 9 99 57 62 70 4 22 69 43 48 58 43 51 25 62 24 3 13 62 38 26 4 41 17 86 89 88 46 20 66 14 32 23 49 38 30 60 30 1 46 73 86 34 74 38 55 90 4 5 29 49 39 56 59 61 69 22 75 53 67 1 1 24 87 88 42 16 97 4 68 89 57 62 34 69 65 58 2 19 8 99 65 38 69 6 57 96 40 85 28 77 52 88 49 45 97 35 76 28 78 94 16 44 95 82 8 18 13 32 53 81 63 70 54 84 88 22 29 34 77 34 43 62 99 23 82 81 47 93 20 99 89 32 24 9 22 32 95 79 59 71 90 38 43 15 44 66 45 22 12 27 33 14 14 44 2 74 60 28 37 11 86 25 
40 55 16 82 91 25 89 47 73 1 85 28 33 56 23 35 15 60 61 12 2 33 19 54 99 80 73 63 15 10 60 93 26 43 32 8 45 14 14 20 54 85 17 18 93 65 11 12 66 37 9 12 30 58 30 29 50 79 54 26 35 49 75 94 65 1 48 49 42 37 79 1 1 9 18 28 85 58 50 6 49 28 13 34 77 6 49 76 5 49 62 27 60 93 11 22 98 1 73 0 3 38 56 68 25 75 51 17 70 52 36 88 46 47 52 87 92 6 41 1 9 1 49 84 74 39 1 28 9 28 65 50 38 72 80 13 74 28 31 64 30 15 72 5 68 52 46 85 19 19 67 42 81 81 90 37 90 0 8 46 37 42 62 50 58 22 89 85 71 71 24 56 48 49 43 99 11 33 57 6 41 65 58 38 94 61 72 87 90 42 29 93 69 91 28 59 78 18 85 89 81 24 38 11 5 74 17 10 90 83 71 26 46 15 74 2 2 52 33 91 57 88 45 38 28 0 69 94 23 18 65 81 2 60 68 77 4 98 90 92 40 54 90 81 85 82 79 1 46 88 19 67 77 86 81 57 72 97 97 97 67 72 31 10 96 98 5 79 84 27 8 41 72 46 25 62 68 12 17 35 90 94 22 16 44 11 4 87 62 74 64 42 41 33 96 65 77 35 63 45 60 84 97 42 89 51 94 10 87 31 89 49 48 45 84 49 73 25 9 12 46 65 99 61 12 69 31 80 81 35 44 24 28 73 13 75 46 19 64 19 9 58 77 19 92 29 98 69 64 22 74 2 92 13 90 77 73 86 53 46 22 27 4 57 74 12 33 28 84 1 82 97 19 0 79 92 89 59 33 38 27 13 3 23 8 26 78 99 22 3 33 52 13 67 42 29 84 46 73 3 
9 68 20 20 63 45 13 9 82 51 11 17 15 11 70 55 72 62 24 36 36 26 76 23 75 18 84 27 38 34 53 3 85 8 39 14 88 20 28 11 58 35 58 23 64 95 63 97 81 30 47 31 74 41 26 47 97 79 31 90 16 44 15 74 7 46 93 44 5 65 26 34 44 99 63 73 93 72 41 82 7 46 63 38 42 20 73 13 66 63 20 92 67 59 47 60 44 38 74 18 93 0 31 19 71 51 53 45 2 66 24 56 34 28 40 91 37 56 31 74 67 12 74 33 2 92 65 55 42 33 61 0 35 80 10 10 85 10 93 53 91 15 87 76 73 38 37 65 93 13 52 53 70 85 14 91 95 58 42 88 93 29 35 43 33 49 83 20 64 71 60 37 45 81 3 51 84 95 33 51 33 48 33 69 0 71 38 7 39 6 8 22 10 7 18 50 42 62 48 12 42 74 84 15 69 35 66 3 1 21 17 39 35 93 82 55 5 62 58 98 35 78 95 32 30 93 92 74 34 36 50 65 90 74 18 11 18 69 70 86 91 54 69 63 4 21 46 29 4 80 40 61 82 11 37 47 20 15 53 51 42 55 9 69 1 27 44 45 96 20 98 60 62 26 3 95 76 77 53 18 38 99 95 18 9 42 94 53 27 70 14 58 87 77 9 76 12 73 81 69 95 32 71 31 15 45 39 24 15 96 20 21 97 66 67 6 66 11 50 11 29 54 13 5 17 40 82 20 86 49 86 47 11 96 71 95 82 59 76 49 24 6 23 85 84 7 7 90 15 2 8 3 79 9 98 20 12 51 37 19 5 61 64 2 19 69 29 28 86 20 41 58 31 1 20 13 18 6 48 29 40 75 36 51 17 44 13 66 1 47 58 28 21 87 18 32 36 73 40 72 
9 71 82 86 22 8 10 99 11 80 91 19 56 46 8 9 94 36 72 85 32 82 21 70 38 8 21 63 19 53 41 41 56 20 56 30 85 83 33 66 6 50 35 36 72 86 42 81 63 86 1 28 5 63 21 45 4 81 55 65 72 40 98 29 96 42 12 94 89 78 72 97 37 74 88 78 86 94 30 9 66 83 74 20 94 60 98 18 89 22 57 44 1 82 59 83 92 78 30 39 23 27 93 55 32 88 98 48 80 32 21 23 78 68 16 7 89 80 27 91 52 57 6 61 14 41 33 76 47 1 30 37 99 84 53 86 51 38 46 76 37 36 47 7 51 28 41 82 25 82 10 93 28 65 25 3 11 16 23 35 62 98 0 5 16 24 10 72 5 29 63 96 5 41 51 4 64 62 67 70 12 72 95 72 39 28 70 0 3 90 21 27 18 55 21 33 29 24 23 87 19 2 29 46 19 96 75 96 4 25 99 19 66 31 50 88 96 83 52 95 80 45 94 65 82 46 34 44 15 35 48 63 25 33 37 0 92 63 16 73 19 47 9 34 18 53 43 56 68 57 49 44 22 13 15 24 96 49 60 31 0 68 15 43 63 88 79 2 39 26 48 67 94 2 23 87 85 3 43 19 24 37 15 51 82 15 37 91 91 90 22 18 48 64 7 76 15 27 78 29 55 52 36 71 81 85 32 8 98 33 75 12 92 79 75 2 79 72 26 22 22 7 13 41 98 82 75 80 38 54 50 46 95 16 6 13 62 65 72 17 65 78 83 4 24 95 22 61 14 91 46 83 36 68 88 79 10 61 25 69 98 94 97 39 46 29 54 61 77 62 16 14 85 35 52 17 79 28 38 79 76 44 27 96 44 79 65 71 10 64 7 60 79 35 91 57 97 71 61 34 
79 51 39 96 62 49 54 77 97 88 65 77 39 95 7 3 68 66 16 67 82 13 90 33 2 68 99 31 72 67 89 25 47 13 1 41 85 52 90 81 86 77 66 81 55 35 85 94 15 93 86 40 21 44 52 79 38 52 74 27 97 88 81 4 51 61 11 55 9 81 56 22 80 71 97 52 93 71 49 49 10 64 57 32 51 93 43 66 18 79 30 38 26 37 83 30 39 52 69 66 7 90 24 57 79 67 78 14 87 3 93 71 11 25 49 74 58 40 39 50 50 1 6 26 70 85 86 10 48 10 77 34 50 63 7 18 71 98 87 40 13 36 59 90 8 89 98 45 57 49 22 32 12 50 41 15 34 37 7 1 51 92 85 34 65 90 82 66 65 60 20 36 92 34 40 54 78 83 25 37 94 41 17 95 17 22 10 60 83 34 40 1 92 55 80 1 15 66 59 51 45 72 43 50 81 90 38 21 74 0 7 64 96 48 75 57 42 47 25 63 78 9 97 85 75 54 33 60 80 94 75 25 0 35 16 8 87 10 90 72 15 62 42 57 78 94 80 70 9 56 52 61 58 2 46 89 84 28 51 68 7 62 14 69 43 71 45 90 15 12 11 14 25 89 42 58 21 54 57 93 66 45 9 10 69 71 34 63 28 34 60 61 23 41 11 87 98 37 93 15 95 41 72 15 8 18 72 91 95 93 87 31 40 40 4 85 3 64 56 29 67 1 41 53 81 33 70 1 28 41 6 36 5 30 42 58 29 84 31 39 73 38 94 52 58 55 18 67 56 90 54 93 53 63 59 62 11 80 99 49 3 57 1 74 28 35 9 73 14 93 21 92 10 78 27 27 88 95 94 79 54 69 28 48 65 64 66 37 87 2 72 48 41 7 16 96 61 47 71 96 
48 66 59 65 0 36 72 95 68 98 39 13 27 2 20 38 80 72 45 40 61 26 83 68 48 79 0 98 56 13 83 59 70 35 38 69 70 90 97 1 39 24 51 86 81 77 60 89 49 1 28 94 9 39 8 69 77 5 14 39 30 93 27 70 70 48 97 95 99 7 82 63 57 18 32 21 25 75 34 28 57 55 80 7 13 71 62 49 80 62 88 16 18 54 56 77 65 57 40 66 73 0 50 62 95 21 94 66 2 72 27 85 25 6 15 87 50 89 42 53 86 22 27 54 64 30 50 35 8 33 57 36 80 27 36 61 53 83 65 5 76 70 64 2 11 47 27 44 98 49 5 93 73 42 13 57 9 86 61 13 62 75 58 63 7 73 8 77 0 77 60 60 85 73 59 88 40 66 11 32 52 29 9 86 45 79 18 10 35 38 30 88 62 90 40 23 60 15 49 64 62 87 98 59 27 76 64 82 6 66 89 74 84 81 4 51 59 36 19 53 11 35 84 58 67 86 95 81 35 95 76 2 83 92 97 49 90 94 12 28 46 68 31 24 79 25 61 61 34 11 77 41 64 28 15 5 64 68 35 84 3 31 78 42 67 82 10 40 62 2 46 57 51 23 6 86 82 66 29 40 23 89 71 72 81 51 32 54 19 95 95 95 81 57 59 42 42 63 66 92 51 13 41 71 5 89 22 61 6 73 46 5 94 52 87 35 11 13 80 67 54 57 88 95 66 21 44 69 81 81 23 80 94 49 88 39 16 19 11 11 53 55 9 3 37 80 28 71 43 60 81 55 23 67 89 32 48 81 20 16 74 35 83 86 31 74 83 20 9 77 72 98 21 89 13 0 97 1 16 30 66 18 40 77 49 1 45 57 6 98 9 47 75 69 8 73 2 87 96 9 
89 2 32 76 62 4 48 74 68 69 72 85 85 40 30 66 58 75 84 41 0 68 88 42 91 81 48 61 92 41 99 80 23 8 76 71 31 50 38 10 20 34 27 22 12 13 33 96 70 96 6 35 25 1 55 94 36 39 33 78 80 36 1 76 27 16 90 32 60 0 95 6 14 74 84 86 23 28 62 98 48 62 86 38 58 3 84 29 50 36 10 28 20 85 9 96 45 98 86 16 57 86 17 12 69 29 38 58 68 28 97 69 55 26 23 85 47 53 55 0 88 68 29 18 54 92 64 81 16 51 94 62 34 79 76 80 44 8 3 27 77 67 62 35 23 84 26 43 1 67 42 2 1 33 24 80 83 82 48 38 8 63 13 29 79 92 45 45 88 32 17 47 26 23 97 31 15 47 31 13 48 21 85 44 26 39 66 27 34 23 58 94 52 10 36 6 69 47 39 89 53 18 82 44 36 78 5 45 35 3 51 52 44 98 20 17 70 21 68 0 89 79 59 79 37 89 34 53 65 29 34 65 70 18 0 13 89 52 75 93 24 64 32 26 88 82 16 5 88 88 81 8 1 44 7 26 72 41 57 18 92 67 78 40 52 65 7 79 43 88 74 21 1 21 82 95 63 94 4 68 6 59 27 15 48 98 25 41 69 71 97 3 83 90 5 41 24 14 19 2 50 63 14 84 68 39 5 31 14 72 76 3 30 72 9 47 44 4 10 77 30 4 67 32 31 14 21 66 37 36 20 34 91 45 25 67 24 45 74 14 60 85 24 85 5 94 77 20 90 23 77 24 46 22 90 94 80 68 81 16 55 49 48 51 69 98 56 63 61 91 54 25 30 38 49 18 44 14 17 14 67 99 71 24 52 94 8 9 13 89 65 70 97 66 20 6 29 88 84 79 
19 23 93 71 99 58 5 92 71 97 70 4 24 92 97 13 85 22 50 90 80 7 40 65 2 55 48 42 57 68 37 76 1 57 11 86 39 31 97 90 7 38 97 87 16 3 12 56 62 54 10 30 79 92 13 32 94 86 46 58 47 18 3 41 93 15 1 56 74 49 81 73 10 52 34 23 77 72 31 98 34 5 83 59 41 81 17 23 52 37 67 29 22 45 90 59 81 44 2 49 45 14 60 92 44 49 22 36 23 55 57 83 49 21 4 37 66 75 42 70 69 0 95 56 37 50 99 29 18 57 87 69 79 40 68 46 50 22 25 39 31 22 98 50 82 73 12 23 89 98 34 71 74 14 3 8 27 66 74 20 57 3 46 5 8 13 63 74 2 45 43 54 85 75 98 73 80 84 50 23 62 97 98 14 1 72 65 78 65 3 22 81 88 78 6 93 84 8 70 13 74 75 5 60 47 88 71 87 43 81 40 59 10 45 4 45 27 11 41 19 60 8 41 18 25 46 54 92 8 61 30 96 19 84 53 7 56 13 0 63 65 0 19 72 73 41 55 21 78 78 24 12 17 0 72 31 47 15 18 64 82 92 92 42 39 67 77 21 82 6 58 43 84 37 58 6 29 79 1 28 38 23 80 93 9 65 67 97 67 33 79 35 10 77 90 94 26 56 48 75 93 18 18 79 36 27 41 49 17 35 27 9 91 83 22 44 1 89 32 16 70 19 99 43 81 66 51 97 39 53 33 18 6 49 46 28 14 87 3 43 97 85 42 39 54 86 64 65 94 3 49 44 36 13 61 79 88 91 4 3 4 62 56 67 43 50 36 80 24 23 19 60 83 15 13 62 63 5 64 61 67 82 53 87 33 75 21 93 85 9 17 30 25 88 17 71 8 71 23 29 
46 81 73 71 84 2 54 47 47 87 12 66 13 48 32 81 69 92 67 23 31 62 85 65 78 57 4 2 89 90 66 50 2 38 75 88 20 62 60 38 78 8 19 78 87 85 30 52 47 68 42 79 64 3 23 24 34 23 79 78 57 22 7 86 29 58 14 66 83 83 77 80 63 81 92 90 70 85 96 36 62 79 77 22 71 60 54 98 42 64 39 85 45 74 35 70 29 25 50 37 91 57 3 96 14 31 79 35 41 8 31 76 3 61 67 37 67 79 26 90 19 59 6 19 88 64 13 39 12 40 42 36 16 21 94 64 65 20 72 13 28 60 9 8 69 77 54 94 48 17 20 20 87 51 34 59 48 66 69 78 65 63 70 51 67 24 16 30 1 26 46 59 16 66 20 9 71 4 41 61 76 86 17 62 64 59 6 37 94 9 53 54 78 16 3 26 13 82 16 85 43 84 92 52 66 49 63 66 9 52 48 83 25 70 18 46 76 47 99 10 57 39 97 97 23 67 23 43 84 46 8 79 41 43 65 58 90 24 82 93 48 79 3 91 16 35 45 18 89 37 54 29 54 82 40 67 76 58 34 3 45 24 58 68 5 93 52 41 56 1 72 92 19 29 90 44 93 6 12 5 4 68 98 69 16 34 26 25 5 36 36 51 23 94 89 96 35 36 1 23 52 65 16 94 10 62 13 47 25 42 85 36 83 97 50 80 57 57 52 7 15 23 56 15 98 28 81 34 74 44 90 17 38 58 53 25 3 60 54 98 42 10 13 78 77 20 25 9 55 27 90 18 57 70 9 64 18 6 64 74 15 44 28 85 44 80 63 5 55 5 15 76 36 97 97 29 69 52 76 61 95 86 97 14 88 3 38 87 27 29 59 65 40 40 96 30 38 10 80 28 
23 24 50 40 50 99 95 50 64 72 91 24 37 42 91 59 13 97 78 46 51 53 99 11 90 48 7 14 46 64 58 15 51 2 95 50 94 48 74 58 0 98 52 59 96 47 79 89 57 40 65 87 75 34 64 31 63 0 95 5 54 69 7 89 69 0 72 86 32 37 39 71 60 33 50 30 20 39 77 0 91 93 29 83 77 62 9 95 46 22 48 25 99 66 81 16 7 77 71 21 95 71 13 36 61 53 96 51 8 84 59 45 90 26 40 96 91 60 67 20 40 48 30 92 46 61 96 59 30 2 58 60 97 37 61 91 37 45 86 34 40 60 56 98 31 14 64 5 1 37 58 39 50 77 62 63 68 23 49 44 27 8 10 91 47 60 33 94 98 50 64 98 51 92 0 42 54 43 31 75 68 21 88 30 85 22 2 51 27 36 92 41 56 37 32 49 22 39 72 66 42 56 47 6 83 73 31 69 68 5 8 5 86 2 7 90 9 8 45 47 48 38 19 76 57 3 37 69 47 24 78 77 6 24 26 42 40 28 24 49 45 49 65 10 36 44 77 53 45 1 10 35 75 72 62 13 17 69 64 11 92 68 74 1 93 7 69 67 45 36 76 86 53 40 76 0 74 3 55 15 21 72 42 70 72 84 25 85 59 93 37 85 95 11 61 13 95 38 47 0 37 19 52 81 72 32 64 57 51 37 92 11 23 94 81 55 64 21 11 89 67 15 8 43 80 69 90 92 33 72 77 76 8 8 61 51 86 36 95 32 48 72 38 49 86 83 33 15 15 82 81 13 59 80 52 21 95 62 33 49 75 87 69 92 89 66 32 91 52 57 16 32 54 83 33 88 93 52 14 26 29 42 67 71 78 52 69 31 84 97 79 45 75 31 99 63 90 24 18 32 
28 73 94 26 37 56 20 36 17 81 74 31 79 53 36 15 64 80 34 74 57 80 31 91 92 88 64 26 41 15 98 73 90 66 95 24 27 15 34 28 41 2 89 24 16 36 48 24 97 7 80 79 94 52 94 82 9 84 25 14 47 75 37 28 26 74 1 73 15 62 93 63 6 52 19 40 56 57 78 50 74 32 21 85 9 17 52 62 27 68 53 89 50 4 31 13 83 63 77 46 98 95 86 30 34 67 1 32 56 51 85 54 21 50 96 8 13 90 65 92 28 39 36 80 5 38 82 88 55 71 10 54 12 61 13 68 44 68 83 50 63 58 12 44 52 20 87 61 46 83 76 65 9 88 11 89 36 62 26 41 40 33 50 31 20 79 4 99 45 41 7 4 94 35 54 26 86 13 38 5 58 11 21 73 4 48 5 2 37 20 64 67 81 79 65 65 59 63 66 11 83 60 20 1 38 25 95 6 60 32 38 32 72 80 46 51 18 20 71 51 11 70 82 80 91 97 13 64 69 37 99 62 25 52 82 43 17 65 67 48 60 37 58 88 29 95 40 75 64 85 76 56 35 60 54 36 49 20 27 94 12 96 21 17 71 85 23 83 99 59 43 19 68 28 57 18 54 64 94 44 7 33 96 7 23 55 56 91 0 37 91 22 18 74 20 30 22 62 75 66 5 75 42 72 18 57 7 55 71 97 7 46 93 86 48 21 65 36 95 12 72 97 45 86 7 33 41 42 18 13 18 52 1 30 27 59 86 56 69 1 87 73 35 47 59 97 71 17 34 21 72 85 60 33 63 4 57 50 91 12 88 27 15 33 25 2 58 35 52 73 95 46 37 93 80 54 40 85 9 79 69 8 61 87 91 17 68 71 61 14 90 83 7 73 50 11 2 12 71 66 
37 63 79 0 62 49 82 90 64 25 19 86 5 31 82 16 63 89 19 52 91 42 16 20 86 66 85 50 1 90 26 97 33 23 76 93 30 8 40 58 49 65 29 52 75 79 58 60 93 94 37 45 86 36 73 44 72 24 62 10 42 9 20 29 22 6 9 90 31 45 82 13 58 29 2 86 33 14 31 65 57 4 39 11 19 29 68 72 84 87 0 18 85 20 13 50 97 58 94 86 76 33 7 90 19 49 8 21 95 74 16 62 71 46 84 51 67 58 59 48 76 3 55 33 36 99 39 41 57 5 11 31 71 46 25 24 89 36 28 25 15 65 51 95 88 86 94 26 54 45 20 95 90 69 77 87 60 90 82 34 24 79 6 13 44 79 59 32 53 12 83 80 89 67 53 59 45 31 44 90 0 29 65 95 74 21 35 97 96 65 69 14 73 8 30 15 85 72 91 96 66 0 1 25 82 30 58 1 41 42 10 62 42 3 46 25 48 18 86 31 30 21 84 7 67 36 75 44 19 98 22 23 60 78 40 61 27 91 90 40 72 8 41 26 74 56 15 28 31 20 27 35 52 12 86 1 82 76 83 60 11 99 82 18 6 3 61 88 77 96 59 85 2 46 33 12 13 58 69 65 60 65 54 24 36 77 94 0 91 49 41 15 89 12 55 16 82 7 62 58 54 35 10 31 21 80 29 54 8 36 61 4 91 43 8 15 82 11 37 5 86 25 51 8 78 88 76 85 42 19 43 65 44 42 46 47 40 33 32 61 88 38 42 43 96 15 16 35 11 94 59 18 34 97 10 43 52 81 59 36 68 82 92 20 6 2 12 70 28 74 53 56 0 2 48 54 63 7 86 15 39 3 37 86 63 86 89 49 74 83 39 36 13 62 61 23 27 62 1 81 
91 17 57 48 62 1 14 83 10 19 57 64 41 18 28 91 89 59 64 60 21 60 35 94 93 63 56 90 67 31 99 47 2 68 81 50 7 94 85 12 20 27 68 31 79 91 11 31 49 50 37 26 90 71 88 24 29 15 17 68 28 20 78 14 49 69 48 45 6 6 19 41 47 80 35 39 75 16 58 61 73 72 43 56 62 15 37 87 42 0 10 60 49 4 76 53 34 17 81 15 78 55 87 91 46 35 48 67 18 10 36 92 81 45 16 38 18 6 82 58 28 64 46 38 70 33 15 28 19 73 70 67 52 13 53 84 97 86 38 11 55 8 33 35 17 1 93 87 50 32 84 33 97 47 56 17 87 7 71 90 84 58 10 0 69 39 60 57 84 87 75 57 65 91 54 49 40 5 49 25 23 31 1 86 97 51 69 28 77 0 33 54 64 22 52 34 90 45 52 74 11 24 75 54 61 73 16 85 90 54 94 11 15 40 50 11 67 26 59 74 49 77 62 10 82 79 21 18 88 31 29 98 70 92 60 14 78 55 56 66 35 40 7 43 3 81 61 41 90 45 26 78 85 41 6 95 59 35 23 59 91 88 53 70 14 35 62 14 33 88 87 81 33 8 56 70 76 89 64 76 3 27 74 13 31 55 85 20 84 59 48 5 66 69 2 90 45 74 62 59 29 97 14 94 9 80 88 44 75 89 93 11 14 83 5 69 95 17 7 57 76 66 64 24 60 53 6 21 77 97 46 41 19 30 63 52 55 71 69 88 66 44 31 83 27 98 29 65 37 45 11 19 89 60 56 78 17 16 18 7 63 24 65 98 57 89 53 72 91 8 39 73 32 58 75 95 54 82 98 11 27 21 66 3 40 2 22 36 20 19 78 42 66 34 23 14 69 88 65 33 
29 61 22 31 56 3 71 19 18 7 99 95 84 47 58 69 16 71 70 81 93 33 53 67 94 72 14 75 92 93 28 65 60 55 10 95 82 45 56 33 62 38 14 93 75 41 61 66 55 65 61 70 38 62 15 10 11 54 86 11 52 78 86 39 82 32 43 88 28 51 16 66 68 30 15 3 71 17 97 74 97 26 21 66 21 76 38 78 83 61 87 92 29 75 64 26 71 11 89 91 81 74 66 22 54 79 31 76 4 37 29 55 92 5 19 40 40 52 70 75 91 32 94 0 41 72 28 77 75 76 91 52 93 28 41 6 30 90 49 62 27 64 42 38 69 97 4 53 74 98 98 54 62 75 83 56 21 20 64 99 31 27 21 22 23 81 37 38 44 40 21 82 56 53 92 42 61 18 36 36 81 54 29 12 75 84 65 40 25 35 98 42 29 28 60 31 13 89 11 85 12 52 8 75 37 70 98 53 14 94 18 25 94 11 34 82 24 84 31 28 10 20 91 33 71 17 62 34 51 24 73 31 66 16 24 21 87 65 82 73 35 77 53 13 57 75 21 79 86 87 33 50 78 15 96 19 10 69 24 59 30 81 64 73 0 6 85 99 14 64 53 64 28 42 81 13 37 94 95 64 29 1 91 34 86 84 28 81 62 77 20 70 27 30 69 64 58 38 22 12 48 60 65 99 90 21 41 87 64 27 33 29 61 98 46 12 35 45 28 76 44 94 34 22 87 40 13 48 16 76 80 62 75 45 35 48 83 98 36 71 48 95 22 8 62 59 1 29 79 68 55 36 10 99 12 70 36 80 88 30 0 21 83 22 93 11 4 2 85 99 73 67 67 24 30 65 89 27 42 14 0 74 5 6 40 78 29 13 69 68 94 84 62 51 31 99 77 66 18 65 
14 9 62 30 64 44 51 81 71 56 86 27 50 71 6 86 94 70 69 63 54 1 14 41 56 4 89 82 73 9 92 50 48 84 2 22 77 61 16 8 73 2 95 8 27 77 47 38 59 74 42 57 65 35 16 92 43 33 73 2 32 32 36 63 87 80 28 56 71 53 95 51 88 61 61 87 36 18 63 34 99 17 6 77 5 1 37 26 76 1 57 7 28 2 10 52 92 76 50 16 99 13 69 65 81 4 45 3 39 74 53 11 75 5 99 36 17 66 24 95 62 88 45 87 53 32 52 81 35 97 73 40 23 72 42 63 67 85 41 59 27 24 87 9 39 0 98 2 50 82 31 37 2 28 59 32 17 83 1 54 92 13 50 33 66 8 14 85 98 80 44 21 29 78 99 71 45 92 39 99 34 30 55 35 3 64 29 67 74 58 23 19 95 4 67 9 71 59 54 67 98 51 42 17 20 51 25 80 41 68 43 87 1 48 58 64 37 3 8 53 26 0 85 25 49 34 34 59 36 30 28 57 17 98 71 38 17 47 89 38 35 8 10 85 63 63 39 43 28 62 50 75 59 22 83 42 68 57 7 85 34 13 12 49 23 64 8 62 82 96 42 78 21 87 29 39 7 3 19 67 68 62 12 58 17 84 90 96 84 19 37 53 67 78 99 38 31 51 90 69 30 69 65 30 41 3 49 49 39 56 60 10 32 70 7 87 59 58 44 91 55 16 13 61 38 8 95 17 72 82 73 35 83 35 12 86 70 13 59 90 79 41 90 90 95 52 86 31 78 95 5 20 30 87 1 91 30 60 33 41 88 86 99 57 49 62 58 13 47 82 87 5 48 51 46 59 54 45 99 73 26 17 83 27 78 60 7 80 5 1 4 15 17 60 49 32 47 19 21 22 
31 5 23 65 7 66 73 2 9 27 99 77 13 94 89 83 46 18 14 30 61 2 85 17 54 3 19 56 45 88 87 65 46 5 72 91 61 41 49 4 65 63 26 53 45 36 98 30 92 23 89 13 14 95 25 20 45 32 71 98 42 94 48 92 59 3 53 58 53 64 79 11 81 10 1 20 7 67 7 14 57 43 65 51 80 0 65 34 43 73 49 82 67 70 32 67 53 91 62 11 96 22 9 97 97 86 83 12 60 78 43 67 40 51 75 79 80 11 20 99 72 77 28 86 89 3 41 37 39 71 2 97 64 25 93 14 95 46 93 27 88 51 56 67 38 63 84 21 68 63 73 55 33 71 13 49 33 49 7 32 75 59 92 56 81 69 43 22 60 60 20 58 96 34 17 44 76 87 77 36 14 44 35 61 26 72 20 60 50 81 44 4 90 83 57 43 68 44 87 39 22 95 91 24 27 82 25 14 6 91 45 67 91 78 69 90 24 34 49 40 33 64 32 91 44 44 66 17 96 7 5 83 13 87 38 65 76 28 79 76 24 96 93 33 2 88 70 48 75 89 93 18 16 1 19 84 44 4 45 35 49 64 2 45 44 79 43 20 23 42 63 41 26 5 34 78 23 26 92 62 77 15 79 42 12 81 10 97 83 23 27 60 85 58 21 34 55 5 52 87 76 36 38 91 17 50 36 62 82 24 68 55 54 48 30 96 90 69 20 27 16 64 31 92 94 77 60 20 28 28 70 38 11 20 28 92 34 91 24 74 47 14 44 7 17 61 13 23 65 34 88 55 4 65 7 1 90 48 83 85 0 91 64 79 92 24 40 90 80 85 37 79 23 84 72 69 89 61 58 52 53 46 30 88 75 51 94 44 89 42 48 17 87 12 49 44 1 82 51 93 
62 99 86 80 99 38 33 16 59 61 66 78 42 63 31 27 49 43 3 7 35 61 97 7 75 14 58 44 24 38 91 99 72 32 12 79 16 13 9 36 80 88 52 51 6 63 42 72 1 84 91 1 47 45 3 76 87 0 75 99 94 88 30 27 59 6 69 28 0 61 70 25 29 72 28 37 24 84 41 17 71 55 66 55 69 48 50 94 90 51 17 95 96 23 95 41 72 96 60 70 42 2 81 97 32 66 49 45 97 83 69 14 18 47 25 53 67 35 73 89 49 3 32 59 7 49 76 93 12 81 5 1 53 8 32 63 22 56 57 86 91 84 33 72 12 31 96 33 60 17 77 58 99 75 88 80 37 82 71 60 70 31 78 65 77 58 70 93 20 44 36 90 75 63 62 63 94 10 11 81 28 77 86 67 87 39 24 78 31 42 32 38 40 5 75 94 92 75 22 36 75 84 30 86 13 15 60 66 14 15 25 65 78 34 36 68 84 75 62 60 36 39 55 38 69 83 56 90 84 49 14 18 57 55 26 53 55 11 50 34 67 16 40 92 20 15 26 64 45 51 15 39 11 32 36 9 32 59 24 24 98 60 97 85 48 22 20 13 54 10 93 80 61 30 45 72 52 76 99 44 60 26 95 6 30 6 24 26 64 8 40 47 17 80 70 90 68 63 85 6 63 45 8 47 11 10 47 16 24 55 10 82 88 90 11 51 40 67 10 23 17 71 88 83 56 73 89 47 55 66 86 49 55 1 7 93 88 49 13 47 67 11 62 7 71 44 85 24 95 16 93 39 68 25 64 80 14 22 19 94 53 48 88 69 0 73 38 98 2 30 30 82 8 91 33 86 9 25 37 47 95 90 66 56 29 59 47 18 12 77 10 94 99 1 18 71 14 78 36 50 
42 84 71 58 55 23 89 44 34 26 70 46 38 35 27 63 99 89 27 39 51 50 53 37 62 68 3 52 97 86 47 38 43 3 85 81 21 48 53 35 19 28 19 73 24 28 67 33 40 29 20 25 87 53 51 87 99 88 28 76 32 92 75 45 24 87 47 39 88 16 10 25 85 94 19 21 47 67 42 80 8 67 87 53 51 94 0 88 98 22 7 74 72 14 51 44 50 68 56 97 54 85 5 68 31 32 18 81 9 49 81 61 84 57 11 75 13 57 44 29 35 90 55 88 24 17 27 93 92 74 21 51 46 44 3 48 38 48 98 19 85 25 85 18 22 72 15 78 89 68 95 54 9 59 61 19 52 56 90 76 17 77 2 52 61 85 77 72 47 22 89 1 71 13 89 19 55 13 77 35 22 72 5 22 48 42 64 0 47 13 23 63 95 88 2 52 37 78 99 29 39 63 44 37 46 72 83 44 37 54 24 40 81 7 19 40 13 97 91 22 76 86 16 70 20 93 87 74 49 14 30 29 12 35 6 92 8 47 30 3 97 56 50 92 71 49 14 92 98 21 45 81 90 51 62 41 92 13 36 94 85 39 10 17 23 83 36 1 32 88 91 92 42 49 41 49 79 98 83 98 37 19 32 91 62 29 17 46 23 3 71 47 27 53 46 98 90 26 8 90 78 65 82 29 37 42 5 81 70 57 85 17 60 22 78 25 82 0 40 56 35 81 30 70 27 40 89 32 98 32 16 52 92 25 91 94 60 93 73 77 87 67 13 28 42 0 83 17 98 65 99 2 67 30 34 90 99 98 98 7 69 88 91 59 45 29 89 21 81 36 89 63 30 66 2 81 80 55 10 92 57 69 64 79 60 11 88 44 77 72 16 81 34 23 15 10 27 59 54 94 
70 13 28 69 72 82 33 27 60 9 14 23 65 62 30 87 99 70 36 58 56 37 19 76 17 66 69 41 72 56 72 23 51 1 49 37 61 40 31 67 13 82 0 27 47 46 61 72 33 50 69 52 29 70 2 99 8 53 57 64 53 60 20 20 13 97 23 1 91 36 47 81 72 43 28 9 96 45 98 83 25 6 41 45 59 35 33 91 29 40 89 13 17 84 20 65 77 74 6 90 33 22 91 84 64 60 95 89 27 29 31 59 82 47 26 53 72 40 26 70 45 15 65 56 42 66 29 25 73 97 91 10 92 49 61 2 56 87 82 95 20 84 86 49 94 37 17 53 2 5 92 42 19 0 50 58 38 64 32 80 51 72 3 86 59 0 49 34 4 91 70 97 22 17 12 27 43 4 33 71 61 84 40 60 12 83 44 38 14 25 64 10 25 48 3 12 84 59 81 46 41 72 27 38 45 85 17 35 63 0 45 96 57 87 51 7 25 18 3 13 87 30 69 71 17 4 71 69 43 68 75 31 68 40 68 46 21 16 86 56 70 86 25 46 68 31 33 70 77 14 11 35 74 25 66 15 59 34 74 56 40 75 69 9 5 30 45 58 97 11 31 84 39 91 74 49 79 59 83 0 4 52 11 19 85 54 29 54 79 52 5 26 57 10 68 42 69 82 30 31 55 0 94 80 26 9 66 42 94 35 27 12 33 55 58 66 26 61 90 74 80 14 50 68 10 45 2 2 63 59 16 23 39 41 65 13 96 55 15 78 70 13 33 35 84 55 64 82 23 22 2 88 11 10 80 64 90 96 1 55 20 67 42 68 38 69 22 43 36 56 90 49 64 41 83 84 1 5 90 68 35 3 39 67 52 66 83 53 40 51 8 55 81 91 16 20 10 24 71 67 
18 70 29 76 50 15 84 73 70 49 34 7 57 23 39 49 58 30 5 21 74 68 94 26 18 62 70 16 79 7 10 22 81 20 73 14 32 61 20 23 41 87 67 42 65 40 67 57 61 90 15 68 65 27 36 57 55 24 23 22 12 41 5 18 31 71 62 19 97 39 29 4 7 14 99 71 35 14 53 94 31 18 6 30 18 68 68 23 35 53 39 86 79 43 70 70 92 90 87 11 63 74 56 24 38 18 88 25 79 30 89 44 57 75 6 96 0 82 84 20 98 90 45 87 12 7 89 58 38 89 11 69 31 3 40 65 65 58 37 93 13 32 55 57 48 32 41 11 27 33 75 31 15 90 93 76 76 97 47 8 74 34 42 0 31 19 67 81 49 99 95 16 70 94 51 91 17 90 7 34 71 48 7 59 92 48 51 50 54 85 8 16 94 35 18 55 31 68 20 3 56 30 67 68 51 47 18 77 12 4 23 25 44 95 1 63 20 16 40 14 41 21 39 93 15 57 11 21 6 95 76 88 20 59 55 98 4 46 56 97 60 95 42 32 36 84 5 38 15 36 20 18 49 76 38 38 65 29 45 19 32 26 64 92 14 50 24 43 37 38 93 10 83 71 61 84 11 15 36 9 61 53 48 75 24 99 60 42 47 72 90 49 84 18 67 73 12 28 57 81 39 22 15 93 54 15 16 88 78 90 1 46 74 37 5 56 28 95 34 52 1 41 23 79 72 15 86 52 30 41 83 48 93 38 39 74 48 59 6 53 99 18 32 77 22 73 64 16 53 41 51 94 92 61 33 60 94 47 29 17 8 22 54 78 93 69 45 80 29 53 58 67 67 81 44 8 70 26 65 48 35 51 48 1 55 91 48 86 73 58 19 91 79 11 16 17 29 53 79 4 
71 8 69 73 76 60 46 63 30 68 80 45 38 10 34 17 81 4 12 82 83 27 7 84 19 26 86 3 64 58 93 83 84 75 17 9 22 9 81 24 1 87 31 54 95 59 56 77 85 39 57 10 85 85 31 33 15 94 57 49 48 69 22 6 6 52 88 29 76 57 12 51 95 20 6 83 25 55 88 53 23 79 66 76 17 62 4 68 42 29 47 46 21 23 54 2 23 76 91 88 65 68 86 23 18 55 13 1 0 70 29 10 73 83 54 60 83 47 21 64 14 85 46 29 86 73 92 49 78 41 61 97 55 19 79 59 1 24 7 47 51 25 55 86 61 81 23 20 10 41 62 65 2 32 15 49 81 12 85 6 6 0 79 75 65 98 93 2 21 38 84 0 29 64 78 97 41 3 40 71 1 54 95 44 16 67 4 89 11 25 77 52 37 67 52 6 21 23 52 42 10 82 23 38 35 58 85 48 18 12 9 25 55 47 89 84 49 3 75 61 35 46 11 85 57 21 95 80 27 81 18 82 96 43 90 77 30 21 72 30 98 17 23 24 44 19 92 82 6 84 1 79 12 31 39 18 63 64 63 13 87 84 38 1 10 34 42 69 5 48 73 64 93 33 61 82 18 95 48 60 85 65 66 30 63 72 15 58 10 73 0 25 87 17 60 69 31 92 75 29 12 72 79 2 31 89 84 73 41 80 26 43 15 58 92 52 79 33 82 24 75 11 94 93 82 27 34 78 93 14 83 74 14 9 42 13 8 4 40 80 54 43 82 96 12 53 12 20 23 29 50 35 57 79 41 81 18 22 30 42 46 42 33 23 22 72 71 53 15 45 83 91 46 5 96 45 80 98 39 31 80 57 17 88 40 75 69 96 39 23 25 28 61 37 98 57 51 88 68 86 
71 88 36 19 50 80 68 11 15 16 72 10 0 30 50 79 45 10 23 61 33 91 21 85 38 93 96 93 28 10 33 0 9 85 17 15 43 95 88 9 65 91 33 84 27 50 6 61 89 17 0 28 40 32 15 43 92 25 27 68 63 9 64 58 48 4 23 53 66 22 2 59 34 74 45 92 47 58 73 93 0 85 43 37 78 70 36 22 65 36 93 68 4 9 73 27 66 86 7 80 78 35 91 65 55 78 75 72 1 42 77 20 68 6 18 9 83 13 14 27 98 39 73 32 29 21 11 4 73 54 79 5 96 66 35 27 0 35 18 98 39 63 49 50 78 51 29 29 71 92 33 11 58 65 87 22 69 1 23 72 1 23 44 68 31 33 55 60 46 60 50 58 94 53 54 6 24 50 51 38 17 87 87 57 20 90 21 37 79 14 64 54 14 46 62 0 80 45 29 28 47 92 66 50 19 19 28 58 64 13 70 68 49 47 52 86 17 79 54 88 6 80 3 2 5 68 47 56 29 3 88 14 54 47 50 27 22 85 5 66 57 15 75 80 54 75 94 18 15 45 13 14 52 17 99 25 38 38 25 54 83 47 17 39 17 98 77 90 61 76 38 20 71 7 60 59 96 67 5 24 95 49 42 74 75 1 0 10 49 68 61 96 87 88 18 42 86 31 35 84 54 51 43 29 23 42 86 23 16 91 43 40 3 81 35 10 0 54 88 62 57 39 99 8 35 98 47 34 4 81 26 89 23 90 86 43 85 50 15 83 79 88 1 28 17 80 24 22 47 55 81 62 31 89 73 50 73 11 11 9 38 85 66 95 7 58 21 85 10 86 87 83 24 88 59 82 36 27 4 24 73 95 34 38 73 84 36 40 43 33 94 28 39 37 26 87 57 68 14 42 
3 91 94 47 89 75 49 8 92 47 3 81 57 79 99 67 0 59 8 1 47 43 91 73 60 54 26 76 94 80 63 17 77 41 98 10 61 1 99 9 1 88 29 69 65 32 33 48 98 33 3 59 13 56 56 24 74 98 23 27 41 47 45 32 47 96 95 96 58 47 40 9 80 65 25 61 1 29 1 22 35 15 62 12 99 84 80 33 55 32 6 9 65 45 50 53 24 65 24 18 73 18 61 80 83 95 0 64 82 97 54 26 62 70 8 72 90 52 58 17 55 19 43 84 19 43 16 51 15 59 8 72 73 18 9 18 19 20 55 3 97 90 62 17 49 45 57 66 83 31 71 96 20 0 42 54 80 72 84 97 49 54 33 7 70 43 84 36 79 7 86 14 22 18 39 21 14 5 20 34 55 8 44 84 81 67 38 14 56 69 81 82 46 90 29 89 80 32 19 68 72 58 12 13 49 63 49 57 85 78 60 61 94 64 46 6 83 25 25 42 34 35 54 40 70 96 12 25 94 7 6 65 15 38 24 24 67 71 89 69 30 83 23 45 68 24 80 12 39 8 93 47 20 28 83 66 85 35 65 2 94 69 79 39 26 72 69 66 30 86 3 55 69 44 76 24 3 38 5 59 86 76 26 30 2 62 43 46 47 11 75 1 0 39 86 42 23 77 43 61 79 40 50 11 24 5 37 5 79 66 6 6 68 98 62 58 29 53 34 32 49 4 48 86 19 69 19 12 67 63 8 96 58 4 37 22 84 89 17 29 12 50 22 67 25 85 69 87 81 62 99 45 86 66 53 6 65 87 30 8 62 14 40 62 54 49 12 96 56 92 59 74 51 12 89 55 80 4 47 51 3 29 92 53 85 54 75 29 72 29 78 7 39 10 30 39 12 16 75 4 
69 67 13 7 67 70 1 6 46 58 33 0 86 28 78 34 79 25 33 5 14 32 30 15 59 14 0 98 23 72 47 12 34 85 92 11 16 35 72 14 48 5 20 85 36 67 20 86 54 94 38 10 64 80 48 60 28 38 93 75 27 84 0 70 25 65 78 70 71 98 36 4 39 66 37 31 20 50 69 66 99 61 53 13 5 80 10 49 95 23 49 5 74 79 97 80 3 58 42 52 36 33 51 60 38 42 73 42 81 5 70 97 39 48 74 92 48 64 10 13 19 73 21 31 95 34 39 38 20 80 84 97 62 93 5 26 42 57 73 28 79 26 60 69 80 34 56 8 61 32 5 75 36 60 58 2 63 10 97 67 80 59 18 69 73 37 40 7 17 47 42 82 28 17 75 83 3 17 1 95 56 38 74 66 63 52 51 93 52 8 95 64 12 40 30 99 81 76 59 52 93 69 12 13 59 59 46 7 78 51 40 6 23 87 0 88 14 87 59 13 84 11 47 93 16 83 40 86 75 40 70 71 39 70 68 90 16 0 85 2 78 60 26 73 13 56 22 69 12 57 70 54 27 95 71 27 98 20 58 3 83 67 18 65 31 70 87 59 29 91 85 7 2 82 90 52 34 86 0 11 96 61 83 75 83 94 40 41 63 51 37 7 4 13 86 28 64 7 13 89 35 69 29 68 32 80 81 92 59 95 16 63 57 18 74 56 75 86 97 39 65 96 65 84 85 36 35 3 51 47 32 23 69 60 81 51 49 72 75 50 0 29 20 32 4 18 7 89 43 97 96 36 91 31 12 70 95 98 86 87 2 36 48 96 91 31 42 67 79 25 4 77 16 44 62 58 78 68 28 99 76 24 22 85 54 48 93 10 36 38 88 26 34 44 16 25 10 50 63 21 
51 35 34 27 72 66 60 24 65 33 82 57 11 44 82 70 38 10 67 33 5 78 17 43 84 75 11 8 79 33 26 89 32 56 58 86 49 86 68 31 16 6 85 93 59 11 95 86 46 27 6 97 57 30 57 24 9 26 39 64 87 50 43 49 9 75 27 38 44 48 4 48 98 31 76 33 91 94 27 6 8 84 71 40 22 77 23 20 99 2 70 83 43 33 93 43 12 11 43 70 67 72 64 48 23 38 49 90 91 27 7 92 75 77 81 67 46 99 36 73 35 72 46 87 70 23 16 79 10 83 1 7 95 87 19 44 45 31 76 63 62 37 85 36 72 31 37 78 6 24 27 69 38 84 47 10 60 80 95 47 10 72 41 30 76 45 3 26 67 89 69 76 8 82 70 4 42 94 6 26 23 75 70 71 87 35 32 53 47 59 34 67 30 65 65 77 92 47 86 21 55 75 78 28 89 61 8 33 6 31 80 27 40 59 13 98 86 52 40 7 97 27 45 3 70 70 6 68 77 95 21 45 82 87 30 63 51 61 41 38 93 39 65 35 92 79 98 13 40 43 30 18 9 46 21 27 93 82 13 68 66 96 95 71 94 57 12 6 12 33 45 31 47 39 60 49 54 56 95 86 89 73 2 62 16 40 63 99 40 23 15 45 54 18 27 85 62 67 39 9 70 9 83 84 57 24 98 85 82 61 48 9 55 99 12 76 73 82 92 4 43 97 63 84 73 64 98 53 5 29 64 78 87 29 58 24 92 0 71 88 81 71 74 81 62 10 79 76 29 33 28 69 76 59 80 89 38 26 27 27 33 10 37 56 14 67 65 26 38 75 33 28 14 43 55 24 80 82 43 13 64 71 6 42 50 25 10 77 72 73 93 33 71 99 1 18 43 10 66 70 
42 87 19 43 44 14 45 87 87 66 96 30 81 54 7 73 14 37 98 2 44 26 31 51 45 61 91 8 61 30 65 58 18 25 70 44 58 86 52 21 15 6 27 57 31 19 40 73 59 97 10 99 6 13 84 30 51 92 86 40 14 89 50 94 66 11 71 26 6 77 33 15 28 75 45 23 90 38 22 21 33 13 56 58 45 74 53 44 61 93 44 36 69 53 52 23 54 62 97 43 26 88 63 76 58 78 49 75 38 16 75 27 44 22 73 12 24 89 26 96 5 50 99 43 89 9 67 60 59 13 64 5 23 13 79 36 16 41 74 11 86 44 74 26 27 48 35 0 71 94 18 21 57 51 19 33 20 14 13 29 27 7 53 81 43 10 63 78 86 71 78 26 63 41 35 10 43 59 48 12 31 75 82 17 71 49 53 79 74 70 66 42 14 22 84 47 88 36 20 75 9 6 51 6 51 65 31 55 77 47 66 72 40 67 59 50 77 23 87 6 7 59 92 95 40 79 0 48 43 47 27 70 88 63 76 88 42 70 55 59 80 94 38 47 13 21 1 8 28 30 33 67 33 48 80 6 63 48 16 41 96 29 70 84 87 1 86 42 54 26 53 10 39 7 59 53 86 37 9 8 22 98 95 48 90 72 5 26 47 54 77 91 53 75 3 75 36 23 49 21 87 20 82 47 6 99 58 91 51 84 29 16 48 86 6 54 50 28 95 94 99 69 43 79 11 97 4 25 14 42 31 8 28 64 86 52 81 31 41 52 76 5 8 40 59 72 92 80 53 77 31 23 80 6 68 96 75 1 43 63 79 9 81 17 68 72 58 7 50 58 96 33 52 40 41 10 71 3 37 99 88 30 71 9 26 14 22 82 21 66 67 31 70 43 38 86 8 8 49 20 
21 29 72 6 8 58 83 33 60 22 5 76 67 26 97 97 47 53 85 33 24 34 72 8 36 35 35 73 77 36 61 72 69 98 3 73 21 17 66 83 35 52 53 84 65 62 49 59 55 94 61 35 20 92 61 15 23 86 21 28 34 10 75 49 29 74 8 22 11 80 19 93 72 10 28 44 45 6 50 60 93 70 95 64 55 13 22 71 8 15 16 72 95 12 55 63 29 45 59 56 38 7 56 65 58 11 11 14 59 95 92 4 27 99 10 96 46 99 21 35 59 37 85 31 98 25 19 14 23 59 94 64 22 98 89 5 36 42 82 37 74 19 26 94 1 93 6 58 5 66 23 25 68 40 64 37 89 93 3 79 18 92 40 59 59 43 98 50 14 95 58 28 30 87 6 15 70 17 21 5 25 91 3 42 42 18 35 68 7 77 75 65 34 77 88 56 18 61 21 67 39 58 34 76 15 2 43 44 12 83 84 45 83 63 16 32 45 50 32 89 34 95 32 92 22 55 27 60 51 13 88 28 72 63 20 48 62 45 49 90 64 26 98 33 49 50 88 36 53 53 69 41 81 72 88 73 24 47 83 16 91 91 31 81 47 83 87 72 50 45 17 56 16 46 64 81 88 90 5 97 74 27 7 57 24 0 27 4 29 75 49 71 3 92 56 28 91 17 8 36 79 17 74 38 25 19 75 68 59 84 59 89 99 79 52 19 75 20 2 80 54 28 3 63 50 53 27 6 78 75 28 96 92 91 84 61 35 53 61 57 74 13 38 92 41 2 39 78 39 79 19 61 99 60 15 10 56 20 17 70 41 58 47 6 21 91 64 84 62 87 1 73 84 59 66 57 66 2 71 97 0 18 1 24 10 47 93 23 29 5 21 44 88 25 91 56 90 60 18 68 
37 42 25 4 86 11 95 11 47 95 45 49 88 6 54 91 36 38 28 79 44 98 52 54 61 20 25 15 74 29 73 23 49 57 18 12 35 95 56 64 48 35 49 58 22 7 55 35 52 65 57 0 2 32 19 3 85 79 22 42 27 77 33 58 38 0 86 40 5 29 8 20 24 82 37 87 11 73 93 96 97 31 65 57 59 64 49 77 89 20 39 95 93 75 90 35 29 96 24 16 87 12 30 85 61 94 68 99 35 13 74 99 3 95 22 43 5 82 77 91 97 80 92 62 23 61 18 98 64 20 13 77 49 49 52 84 53 96 68 69 21 95 67 89 84 14 18 73 10 72 12 35 71 63 61 28 57 39 17 75 57 34 41 91 35 66 12 94 19 99 25 29 47 94 50 4 16 33 3 94 6 69 19 62 52 54 59 4 32 90 15 52 70 73 22 70 68 95 92 14 7 7 48 19 90 6 81 1 64 58 32 85 62 49 82 9 61 57 50 27 81 69 21 71 73 88 44 15 86 33 30 26 66 67 86 62 14 90 66 43 91 59 25 45 72 99 18 36 89 88 29 63 92 17 16 39 49 42 19 58 6 26 35 73 8 4 19 58 41 12 64 38 36 36 32 34 70 59 14 19 82 42 43 0 43 80 35 37 96 5 72 24 29 59 78 82 20 39 93 11 55 88 61 67 73 80 65 38 1 45 36 67 21 96 4 53 86 7 40 91 56 56 11 94 50 42 82 96 86 20 89 11 17 81 63 7 26 58 39 86 76 96 17 4 48 50 40 19 88 90 16 20 7 72 22 93 12 98 40 23 40 28 77 13 51 43 44 85 2 38 90 24 28 89 18 95 11 83 49 3 36 8 68 83 94 43 62 3 73 91 8 0 91 81 42 12 85 18 76 43 
30 74 45 88 8 81 49 39 55 59 73 52 94 76 71 61 0 90 42 95 38 43 40 93 78 72 39 67 2 21 93 50 44 77 31 64 51 32 24 90 54 97 57 35 35 21 50 40 5 44 43 12 33 45 0 81 48 25 67 94 58 0 40 35 24 65 88 65 48 12 31 71 40 37 90 94 55 63 46 82 63 83 72 58 32 67 96 52 87 31 56 50 87 42 99 60 41 16 96 22 30 42 20 45 90 87 13 80 19 82 98 37 9 59 67 32 73 46 79 22 30 25 35 12 33 18 56 32 54 78 74 48 53 29 62 99 85 80 43 48 8 2 47 16 99 69 92 25 2 39 11 15 69 33 60 20 79 46 36 38 2 12 63 89 2 58 48 8 22 55 92 39 9 16 22 95 18 71 48 18 53 15 5 12 34 20 60 20 59 85 10 38 78 82 91 4 50 78 13 78 5 90 61 47 84 33 54 86 94 55 41 41 23 61 43 41 97 39 77 80 67 37 59 12 35 77 28 20 75 52 58 75 39 36 21 24 9 30 33 40 26 99 43 57 77 59 77 49 99 0 76 43 14 9 56 41 65 98 22 40 45 90 48 86 34 29 17 89 37 94 33 58 68 56 68 28 9 9 44 60 66 18 54 63 7 5 79 91 34 25 11 31 95 93 63 13 55 97 97 38 88 95 12 37 20 43 37 15 73 12 71 30 5 64 35 18 17 35 26 14 94 60 66 56 40 20 22 64 19 66 3 43 10 90 61 41 78 66 74 98 77 17 27 40 6 32 63 23 86 51 92 45 27 20 46 62 51 10 77 17 92 9 55 6 41 75 5 60 37 59 89 87 7 74 82 15 70 47 14 63 71 0 3 20 87 16 76 3 88 41 16 7 48 13 34 50 71 88 19 30 
71 94 71 11 94 17 76 47 70 68 45 3 30 73 67 13 39 62 67 1 13 63 93 37 56 13 26 0 18 62 41 97 36 79 20 58 8 0 66 53 54 10 48 76 46 15 65 65 80 46 4 89 94 61 97 75 92 58 79 81 80 68 89 72 72 66 45 54 99 83 53 89 15 97 49 7 68 50 62 82 89 33 50 90 4 21 32 46 13 86 13 21 35 45 81 56 67 85 45 40 72 66 19 80 39 61 72 86 97 21 72 28 71 24 37 27 16 82 11 73 60 7 75 56 51 76 7 35 82 90 14 78 70 16 0 41 97 87 1 31 24 88 91 11 42 2 40 21 75 84 16 56 82 63 31 31 17 73 39 34 10 48 9 91 65 66 61 8 43 66 98 74 38 89 65 70 73 5 98 62 64 51 66 91 28 84 81 32 57 37 72 32 35 33 98 65 66 68 68 84 47 84 90 17 26 25 41 69 78 0 95 91 93 21 2 83 33 1 93 97 28 76 97 51 91 24 87 71 15 98 79 11 21 36 7 58 10 7 64 67 16 55 29 32 66 78 37 78 60 73 87 58 52 5 20 29 1 88 74 14 39 21 51 50 83 14 81 7 36 7 79 14 64 27 37 66 51 55 68 32 79 20 52 64 31 20 78 45 68 91 13 23 37 59 93 15 94 59 91 61 52 4 60 44 11 43 62 98 21 4 97 64 31 73 97 36 34 14 71 64 87 36 70 31 81 95 37 46 23 8 77 37 89 31 27 2 82 85 86 81 21 19 38 32 99 68 80 33 60 61 44 60 33 39 54 70 61 13 12 73 48 92 61 23 75 11 51 82 22 90 33 7 49 59 71 9 7 57 96 86 63 13 32 1 75 69 89 27 62 28 13 25 7 29 19 27 77 34 61 62 
72 70 80 8 43 31 11 90 85 75 1 79 18 26 27 60 20 91 90 50 90 58 36 99 61 56 21 15 87 76 8 16 89 78 14 11 17 81 1 2 13 76 0 93 5 50 84 50 41 5 46 68 74 78 74 85 15 57 80 37 54 9 79 45 47 56 29 40 68 69 1 38 94 62 57 28 7 77 17 1 62 28 68 8 66 11 15 33 44 51 3 14 68 24 42 91 77 34 1 18 54 71 72 10 87 54 87 23 5 16 86 35 97 9 79 80 35 85 57 20 49 13 47 44 53 25 85 19 23 1 55 77 16 47 86 83 96 66 42 47 43 40 36 57 78 80 87 18 18 98 98 94 15 92 95 23 66 86 74 65 89 56 94 81 90 6 48 58 8 95 74 57 54 10 11 39 23 42 12 66 23 81 46 97 26 60 15 64 85 34 79 42 18 92 71 5 13 79 26 0 74 53 47 44 5 83 37 52 89 70 26 11 83 57 0 24 78 15 73 12 76 53 50 6 25 87 42 36 58 32 47 65 62 41 84 79 22 21 78 5 79 47 99 40 59 89 55 54 70 62 4 46 93 24 71 84 94 18 72 14 56 55 61 97 23 20 48 1 35 18 65 83 73 60 17 19 47 6 23 51 71 60 62 76 72 81 7 20 87 46 57 8 41 21 25 60 97 32 28 72 28 49 18 33 65 23 90 4 1 18 1 8 73 33 4 92 81 2 74 38 79 51 8 71 34 71 88 53 55 76 35 85 84 92 89 20 65 37 24 47 72 67 56 3 99 77 60 81 46 19 5 64 35 38 31 83 38 33 73 1 72 63 53 79 96 18 94 41 99 22 75 49 7 42 61 94 9 19 0 17 28 28 38 70 35 77 10 47 29 6 48 69 4 96 5 77 87 27 68 59 
32 28 18 45 53 46 11 55 89 66 63 28 17 61 30 47 19 68 42 46 64 39 84 10 59 59 0 25 1 56 84 99 36 3 85 2 20 91 77 44 99 82 80 43 19 14 13 36 62 17 25 53 32 80 73 24 89 41 47 23 29 63 92 24 51 0 99 38 8 64 96 75 47 78 58 41 65 94 95 34 78 32 33 13 77 7 72 42 1 55 58 0 26 53 70 72 10 23 93 23 24 31 88 82 79 8 10 4 7 7 26 98 0 50 49 3 7 22 85 86 50 70 98 67 21 41 22 63 93 64 78 67 51 82 52 99 79 62 49 23 83 55 46 9 84 42 91 86 77 10 60 87 79 0 22 66 26 71 31 69 67 43 62 85 88 68 88 55 7 71 70 77 34 22 61 43 11 64 30 42 88 81 59 26 16 1 86 61 20 55 97 77 2 98 11 51 57 27 11 30 70 64 97 91 0 84 40 81 54 0 58 87 16 92 65 63 63 92 45 89 19 88 77 66 59 15 19 74 29 17 99 24 78 83 34 16 43 10 15 30 65 15 73 21 94 5 4 54 94 51 95 16 91 47 94 26 29 15 27 66 12 15 96 18 40 99 31 52 30 72 53 23 66 44 44 75 48 24 41 76 22 98 58 73 95 42 72 78 83 63 29 66 16 30 33 26 37 70 88 87 87 36 52 62 2 9 90 4 75 87 1 83 20 83 60 71 94 17 88 31 42 70 41 92 8 9 38 41 22 25 39 11 80 87 83 15 59 33 45 27 25 93 10 74 55 9 50 13 22 63 63 23 20 98 90 2 22 53 93 4 91 48 90 19 46 26 26 15 54 55 93 13 50 90 0 29 8 60 21 68 37 18 92 87 46 24 62 81 32 48 76 54 28 83 41 0 51 8 59 87 
25 71 58 29 59 74 17 91 77 13 78 32 14 35 49 55 32 88 56 49 20 50 39 9 78 19 61 49 48 3 18 93 47 21 29 60 47 53 41 7 88 60 48 64 10 41 93 59 20 47 49 68 30 94 82 80 22 7 38 15 1 7 84 17 52 23 14 30 83 13 32 56 28 56 3 95 39 99 35 24 28 96 63 38 96 24 53 30 4 29 43 78 30 0 57 11 29 73 83 61 88 82 48 36 5 28 19 24 95 60 66 58 39 4 13 92 14 55 47 11 19 50 98 24 45 28 28 77 2 21 78 14 54 95 58 33 9 13 48 89 4 9 23 27 57 68 99 47 82 9 61 35 52 98 31 46 43 51 14 88 75 40 96 9 59 4 25 15 33 32 55 48 41 28 97 6 18 89 91 21 32 20 98 20 53 97 50 71 16 70 16 79 89 22 56 43 32 43 33 84 13 15 50 75 19 43 96 14 10 96 30 15 18 94 5 59 69 42 73 22 41 44 76 87 82 58 46 92 33 39 26 67 58 8 55 31 95 74 42 2 24 60 21 50 73 24 90 55 19 66 41 36 94 3 11 21 74 77 10 11 42 43 98 65 20 21 36 30 25 14 51 57 69 49 4 7 63 16 86 32 44 38 68 60 25 37 28 96 91 2 34 27 89 89 63 51 64 45 24 30 11 55 38 39 62 70 84 7 11 5 39 59 38 16 36 11 70 0 31 80 93 92 8 90 35 22 80 12 16 27 76 66 35 85 97 23 24 57 8 46 62 79 85 75 76 86 28 45 26 43 35 12 42 51 58 81 81 71 24 91 5 97 78 67 60 12 1 8 18 29 10 6 46 65 66 98 42 35 96 41 14 64 62 50 32 20 43 60 20 85 25 41 60 1 51 72 92 33 78 38 
17 18 2 35 5 19 60 74 5 18 58 84 1 36 97 38 10 60 53 64 67 30 0 99 45 20 78 70 88 50 3 73 58 39 22 23 73 28 54 29 38 14 48 98 36 37 88 72 73 81 52 8 36 81 19 91 30 67 89 81 70 39 68 12 14 8 55 67 37 12 83 36 86 67 50 10 3 67 9 85 12 42 77 59 94 84 95 26 53 76 54 47 52 22 55 82 29 48 55 10 39 25 53 82 13 31 84 90 62 55 40 87 9 65 73 2 70 28 56 96 57 64 39 93 27 72 27 91 84 0 1 59 98 56 58 47 70 89 58 4 15 3 72 87 32 90 40 82 15 98 24 27 52 0 71 38 25 73 54 51 81 23 30 50 66 19 14 77 67 3 76 83 88 13 63 72 5 4 67 62 51 91 76 88 72 33 16 28 52 62 11 46 25 88 85 91 30 53 48 88 21 79 5 25 57 56 78 39 73 18 88 95 70 79 34 10 85 56 60 11 84 79 48 30 3 91 34 37 20 74 85 12 70 7 80 31 66 22 73 39 67 90 2 21 68 91 83 82 70 54 17 49 23 93 1 70 36 40 58 79 36 65 74 39 48 10 30 34 48 36 26 77 96 67 79 87 58 47 73 55 2 44 60 1 43 23 66 10 14 33 21 55 9 40 75 87 91 37 72 97 48 26 77 72 57 20 26 53 93 64 31 90 92 57 41 40 34 66 11 95 25 32 79 76 32 74 80 27 48 64 55 1 38 19 10 69 24 40 47 95 28 31 55 39 63 65 64 48 12 11 19 50 45 27 42 95 93 63 39 41 84 2 89 44 88 51 41 93 49 77 76 39 63 64 92 67 14 91 61 22 97 26 41 12 15 7 49 75 21 10 18 79 65 48 10 15 92 96 94 74 
49 96 51 52 22 71 7 30 41 2 98 3 83 56 60 6 86 22 38 95 23 17 93 63 50 92 23 6 2 70 44 93 18 75 18 39 79 38 69 80 44 4 65 31 57 80 43 76 3 43 23 33 66 97 43 67 54 65 52 48 39 38 69 46 54 68 31 45 84 54 6 71 30 57 63 6 14 31 98 38 61 96 10 66 94 71 97 76 31 96 36 90 56 80 23 60 71 24 8 31 76 25 45 68 49 94 12 35 43 56 4 32 58 53 89 69 24 36 97 65 82 49 24 48 65 93 44 43 15 95 38 14 51 96 87 12 80 44 16 7 54 63 61 20 72 59 37 37 65 71 24 24 31 94 23 25 25 66 6 67 96 43 99 21 42 55 80 90 19 0 26 26 80 10 94 28 65 44 50 54 37 21 29 4 22 39 77 41 5 48 3 35 41 22 41 35 67 77 49 84 98 25 18 47 84 2 78 70 23 62 91 45 87 9 14 49 27 57 40 16 18 39 23 44 7 21 8 3 47 14 85 14 15 31 59 83 30 69 37 27 74 64 35 82 79 53 69 24 22 28 11 73 67 29 36 76 86 67 69 16 28 18 70 94 96 43 21 46 47 26 99 14 37 4 27 41 90 48 71 5 20 95 54 63 8 75 46 64 70 67 60 88 89 46 45 22 44 86 66 78 73 61 64 51 82 77 93 73 66 31 94 0 97 92 13 65 11 0 53 93 83 9 10 82 38 31 0 42 85 10 23 62 20 7 15 21 98 26 41 38 94 8 39 89 29 2 85 34 83 87 91 93 10 87 5 14 14 46 68 97 83 53 75 61 6 12 38 11 54 79 65 16 44 97 98 95 54 44 27 18 77 8 91 66 1 98 89 95 6 41 71 24 17 69 23 56 56 31 64 98 
86 69 42 33 24 43 69 1 23 0 23 50 7 30 68 14 13 81 58 13 12 62 68 99 61 22 32 3 85 74 83 57 78 87 75 44 28 0 39 43 3 11 30 29 55 52 15 61 26 39 77 25 98 81 98 32 89 37 60 89 56 76 26 11 58 12 9 98 11 83 44 74 65 39 85 33 68 66 99 90 93 85 69 37 46 82 8 11 92 26 53 12 76 72 55 49 11 79 13 69 52 96 7 60 60 75 44 95 93 47 83 38 40 43 20 34 0 18 55 76 54 2 94 63 27 22 13 28 13 39 18 95 26 90 22 23 44 57 23 43 34 0 18 65 9 87 73 52 12 11 70 61 1 4 71 33 88 39 37 35 9 25 16 78 30 25 54 6 18 91 75 12 18 83 83 47 18 83 21 87 78 16 62 52 30 30 11 5 40 93 14 65 29 36 45 5 69 90 48 5 48 17 89 10 35 40 1 18 68 89 76 37 6 9 15 8 55 50 40 55 27 99 70 70 65 88 90 25 82 93 71 15 5 54 50 18 12 8 11 12 32 24 44 17 56 50 4 16 2 11 67 15 83 98 1 71 71 79 21 76 16 73 14 6 3 74 74 10 99 89 46 1 69 23 56 1 79 98 65 78 18 83 56 95 67 27 1 88 24 0 7 73 10 72 3 6 25 24 73 11 94 47 7 45 71 34 61 79 65 78 24 70 31 25 91 93 14 97 68 16 68 79 94 11 12 94 47 44 40 41 40 31 18 68 19 94 40 81 98 64 77 20 25 95 61 66 32 2 8 69 56 20 78 53 37 74 99 19 73 39 22 57 0 73 13 55 50 29 73 10 53 70 18 21 52 10 39 7 19 79 46 84 49 35 92 8 79 90 53 16 68 26 13 1 57 95 12 21 54 60 
37 55 62 92 49 65 93 52 28 98 12 2 18 63 62 11 71 8 76 91 21 93 89 55 12 57 69 96 14 13 10 0 24 50 33 88 83 52 26 28 88 12 85 47 46 66 82 64 30 43 87 20 88 85 40 91 31 75 92 12 25 84 96 97 25 92 72 54 15 89 54 56 40 73 65 52 47 60 35 11 36 73 57 84 9 67 64 83 62 21 45 59 26 65 26 37 95 9 48 31 93 26 52 4 67 37 76 76 91 68 50 82 74 21 70 95 6 62 76 73 42 74 43 73 16 18 1 18 36 45 81 0 30 54 26 0 10 21 65 65 60 17 63 37 94 44 89 86 34 41 2 52 70 23 56 68 80 40 61 47 28 77 68 10 32 34 64 4 46 16 61 11 73 72 79 23 94 52 62 50 44 71 22 50 7 36 46 15 36 96 29 91 72 89 70 1 97 8 90 26 33 88 52 41 50 74 40 79 89 36 10 47 71 98 22 49 68 80 60 19 62 19 48 17 53 13 99 3 60 64 51 63 14 28 73 64 29 6 87 71 33 51 76 58 31 24 66 11 22 7 46 40 63 80 85 0 61 59 40 28 96 72 41 77 64 65 38 33 70 85 69 45 12 86 17 30 61 87 10 33 63 50 25 58 64 50 7 69 87 96 22 43 81 52 75 77 52 82 77 69 37 72 40 37 56 97 4 50 52 7 10 63 52 26 93 8 94 0 66 14 49 52 11 82 49 30 23 8 27 23 70 12 79 95 67 94 76 4 1 48 66 19 89 91 22 57 38 99 56 29 6 52 74 22 98 83 6 23 56 8 34 13 0 60 49 11 46 21 72 58 64 68 19 77 54 16 22 75 10 53 2 53 21 92 79 97 85 5 85 67 4 9 23 7 11 40 49 79 24 67 
99 1 13 97 6 71 45 3 4 72 85 39 52 1 49 12 51 54 99 56 87 75 17 44 45 8 34 17 63 56 39 56 40 22 38 12 41 16 10 52 99 44 28 79 20 22 42 17 73 83 34 84 93 92 30 25 87 82 38 6 1 20 73 5 66 48 18 16 27 46 97 53 14 89 84 59 78 48 7 43 93 92 53 13 8 3 14 96 54 94 86 38 42 28 38 64 73 58 43 38 71 6 63 66 65 24 12 0 22 82 99 20 22 51 38 40 33 47 2 33 63 1 21 8 79 25 90 75 54 91 5 22 55 39 74 82 16 60 94 48 47 85 47 16 47 10 57 98 2 95 63 53 26 77 72 84 32 19 20 64 89 23 17 57 73 92 80 6 21 85 41 0 45 76 93 30 50 30 39 83 21 23 95 1 82 35 50 82 21 74 63 59 73 94 90 71 13 96 28 98 36 39 45 38 0 22 43 30 27 6 38 79 70 75 13 80 65 27 95 50 74 22 23 70 80 71 55 26 13 44 29 82 58 67 33 92 86 49 27 34 24 2 67 81 80 63 29 34 57 27 64 40 50 68 79 84 99 86 50 4 40 18 55 31 62 98 67 87 89 39 58 64 31 83 25 44 75 99 36 42 43 17 27 80 88 42 53 55 79 95 50 59 90 21 36 49 43 12 44 47 56 92 42 25 90 98 90 50 92 69 35 44 24 52 80 51 78 90 53 65 21 37 2 13 39 63 42 26 84 81 79 7 0 35 87 42 13 7 88 23 67 98 48 66 73 26 3 66 36 86 96 39 15 61 10 8 29 40 63 70 62 37 59 59 11 40 24 99 98 51 30 55 53 46 9 22 17 56 75 31 23 39 72 43 83 84 76 10 63 56 74 48 82 82 18 98 83 23 58 18 
31 97 67 87 34 33 11 73 84 48 47 1 92 23 4 21 91 64 22 6 26 92 52 80 89 20 20 52 70 22 2 36 21 98 48 32 77 81 59 5 97 98 14 89 42 23 38 26 45 89 24 83 43 28 57 12 27 8 5 83 48 18 21 78 22 60 54 64 1 57 98 13 83 58 57 81 90 30 78 42 27 46 16 86 92 97 0 17 79 83 82 0 31 94 90 73 34 16 17 29 56 13 89 59 8 35 87 18 26 21 54 22 44 97 28 17 59 26 41 96 53 22 70 25 76 91 25 64 77 72 42 75 87 82 13 49 58 32 57 56 23 36 43 44 7 18 5 45 46 67 10 95 67 33 21 29 27 16 34 42 30 37 25 10 95 59 62 7 76 14 23 76 10 65 14 92 43 6 72 1 19 8 19 24 98 77 46 98 99 37 34 82 78 28 40 59 49 54 16 99 16 15 30 77 73 62 13 89 47 71 90 75 0 0 12 73 85 81 60 26 71 31 80 28 59 25 56 11 33 61 7 63 98 56 95 16 58 56 72 53 44 71 8 52 97 77 3 99 17 81 79 2 38 2 40 62 57 38 25 39 67 8 33 94 95 40 35 1 32 10 42 63 48 11 97 39 97 97 9 84 25 52 64 71 63 40 73 93 59 9 70 95 48 95 89 36 5 68 66 16 67 50 25 52 33 73 80 90 29 61 3 24 15 97 72 68 13 5 64 36 55 22 47 15 16 97 86 50 74 3 35 36 67 84 51 7 85 0 19 1 31 12 25 11 14 9 41 62 35 93 95 31 66 91 83 23 38 4 51 11 16 73 14 26 41 9 13 89 45 22 87 3 7 94 86 83 37 24 38 48 92 64 68 87 61 92 53 97 4 22 23 55 14 64 27 16 69 22 57 77 
33 25 96 86 88 9 32 70 78 54 7 23 21 24 57 24 48 79 63 4 63 75 88 51 92 99 80 80 88 26 60 51 45 34 1 78 15 67 44 20 34 92 75 92 22 66 81 25 58 63 16 35 19 7 34 89 78 93 60 20 67 49 50 20 60 61 54 7 14 27 83 69 38 59 87 82 29 77 90 11 89 2 98 85 45 47 63 99 45 45 73 46 64 96 3 46 54 63 50 19 83 79 99 37 74 54 36 31 85 8 19 91 77 49 14 54 44 48 78 28 88 5 36 26 92 73 89 50 34 72 58 45 58 54 63 43 73 40 62 12 16 18 25 51 58 39 8 96 64 98 20 96 40 35 79 8 98 13 2 87 76 66 67 77 90 18 18 7 97 75 10 66 8 14 30 9 43 54 72 80 13 76 82 25 85 35 85 45 61 82 82 20 35 71 65 43 39 83 70 82 51 91 1 53 46 1 40 84 86 36 41 95 88 55 59 79 5 14 54 47 41 15 80 46 59 12 30 90 35 20 79 97 8 59 94 7 7 80 32 96 93 82 4 99 0 89 48 4 90 10 79 71 0 81 31 51 31 35 25 77 99 31 13 58 87 20 42 29 39 21 9 97 51 60 95 69 51 62 85 0 9 56 40 90 46 92 97 87 22 48 13 6 22 22 44 60 22 17 95 20 98 25 33 0 2 44 49 12 88 17 17 15 74 62 99 41 51 57 56 73 74 16 77 57 23 68 5 36 80 42 56 24 62 54 45 78 44 76 68 53 81 16 60 19 26 13 69 1 44 16 26 8 47 64 65 33 80 51 65 77 88 46 59 5 36 34 52 27 61 81 27 72 19 93 65 66 4 28 12 42 41 11 93 14 87 62 46 43 60 93 95 35 49 14 15 79 25 7 3 33 
13 39 92 50 50 76 17 29 59 59 93 15 9 31 35 50 62 69 54 6 82 50 54 9 26 28 4 24 55 79 55 50 89 90 85 31 89 77 14 13 87 73 85 66 63 30 86 53 54 51 32 85 20 65 75 43 80 1 11 16 97 75 27 39 3 64 39 12 74 63 42 92 14 43 59 38 82 67 39 4 59 65 20 5 19 73 99 85 76 84 64 81 57 83 90 1 72 87 19 6 48 85 97 0 37 35 65 88 5 24 85 64 29 23 66 18 0 73 71 60 37 45 88 81 16 44 44 37 14 19 53 75 81 70 75 7 64 34 60 73 50 75 61 0 35 17 71 12 43 42 14 53 7 27 85 67 11 67 77 19 1 43 23 86 82 34 88 96 32 98 34 96 92 32 31 39 91 79 41 17 47 10 15 11 12 51 55 40 0 77 97 64 9 80 60 30 13 49 4 21 79 17 69 40 70 20 20 71 65 86 89 79 62 55 92 24 83 71 80 83 20 80 49 81 43 71 67 1 64 27 43 64 5 80 57 77 80 78 37 68 47 15 21 40 14 28 61 42 71 14 98 17 31 64 28 57 47 42 15 25 41 4 71 51 47 64 86 89 57 67 50 40 42 41 35 90 49 95 55 56 51 94 17 56 0 16 93 60 94 34 30 31 31 99 97 84 98 30 74 70 47 88 80 11 1 59 51 91 75 22 91 48 88 69 0 8 24 58 95 86 27 89 38 83 65 95 25 10 15 79 0 56 45 93 46 92 37 39 52 10 69 59 43 72 24 44 9 63 93 48 0 37 1 13 88 70 45 49 14 14 60 77 8 22 64 29 97 93 72 84 63 65 78 50 97 75 66 25 13 71 21 36 66 24 66 58 88 98 92 98 69 27 97 75 29 38 87 35 24 19 
1 57 91 99 46 72 59 48 89 2 57 11 44 30 83 95 33 70 10 0 79 53 72 43 4 75 68 31 87 49 27 92 64 2 38 21 50 48 84 64 17 51 16 1 1 95 34 69 98 15 93 65 97 30 61 63 21 41 20 75 16 87 88 88 35 56 48 70 54 69 98 72 78 75 51 23 2 12 5 5 25 21 41 97 90 4 96 13 55 2 42 60 37 13 9 71 24 15 10 36 49 15 88 49 84 52 71 99 75 64 50 46 47 81 71 83 49 3 65 33 66 61 23 38 60 48 1 11 94 8 52 16 4 98 32 75 62 30 16 70 62 81 9 2 65 83 32 12 60 45 44 59 54 27 16 9 21 63 79 10 17 51 35 48 84 75 35 10 94 19 85 17 15 75 78 60 82 86 47 81 92 31 50 3 0 77 27 96 89 13 49 61 96 83 90 51 20 94 93 2 54 50 41 51 21 57 76 13 70 62 6 18 87 7 89 76 38 27 51 51 23 93 37 17 51 64 0 71 12 79 39 2 21 20 25 72 50 40 32 25 10 82 32 77 86 42 79 57 78 52 62 3 99 15 41 50 64 67 74 59 39 93 77 14 38 65 93 40 77 36 3 89 30 1 86 47 10 46 38 58 54 95 34 65 94 35 90 27 68 68 67 6 9 8 81 98 34 29 75 75 52 71 40 69 85 11 69 51 60 19 79 63 46 91 58 71 94 13 71 4 30 70 84 58 13 32 33 89 34 25 49 99 14 81 74 93 35 5 24 4 68 1 31 10 65 97 42 60 7 3 97 48 95 67 86 48 85 67 47 43 22 4 68 64 31 27 64 70 6 58 43 44 34 49 67 21 83 21 17 94 41 67 15 76 42 38 38 17 87 23 40 22 94 19 96 55 89 77 35 76 
86 61 54 18 82 58 74 50 56 90 14 31 34 85 43 84 32 32 10 62 77 23 54 80 26 17 64 90 70 12 46 94 26 52 55 5 44 72 35 74 48 43 0 21 46 12 42 11 42 16 86 58 52 13 6 79 82 5 51 22 24 81 48 21 91 9 33 79 84 46 56 31 23 63 2 51 1 72 39 36 6 97 86 50 49 78 64 12 30 63 48 49 58 67 28 78 39 98 33 76 67 37 94 83 1 99 87 57 80 78 60 61 10 95 96 80 19 41 94 9 19 24 60 14 66 85 17 85 67 36 4 7 5 69 13 47 10 55 86 51 77 4 13 58 96 87 58 86 98 16 61 25 32 46 95 45 18 15 65 11 9 82 75 91 54 44 30 52 81 25 11 74 56 89 22 80 32 39 13 99 71 69 89 5 62 79 65 74 52 2 1 56 14 17 18 90 94 12 48 60 84 91 96 56 99 57 60 48 51 41 97 6 18 30 29 21 36 80 86 88 92 26 45 83 32 95 21 95 6 89 81 15 98 37 29 26 75 60 49 10 93 0 49 47 22 35 49 65 46 41 10 16 3 73 84 67 86 64 35 54 40 32 30 83 41 48 85 74 88 56 69 97 17 15 38 91 20 36 73 17 64 43 74 65 70 91 66 17 94 95 99 15 20 36 67 39 65 39 53 65 40 48 48 92 7 31 89 46 17 85 84 39 59 77 49 22 54 84 35 92 67 81 10 34 93 3 66 26 21 71 52 72 51 77 72 2 10 26 96 80 85 71 21 10 38 69 66 55 91 22 44 59 81 66 63 9 10 12 28 73 1 91 99 55 66 33 89 21 71 67 64 85 8 21 38 4 68 49 70 52 96 70 55 58 69 27 82 0 58 36 43 39 7 61 47 36 27 28 72 75 
63 47 32 89 8 14 42 52 90 10 14 3 31 62 20 65 90 49 7 53 44 71 32 35 6 77 80 10 14 43 46 31 92 84 38 10 22 60 9 71 63 51 14 0 34 3 49 0 26 57 68 21 60 75 56 67 0 67 56 2 10 77 26 79 6 49 51 73 18 8 27 5 51 59 97 41 75 75 72 29 64 43 79 11 98 25 21 8 16 29 93 56 2 40 89 83 84 65 77 78 68 0 32 98 37 40 42 90 6 43 7 98 90 60 85 36 35 61 32 98 2 97 22 37 95 34 13 24 54 27 43 81 32 30 61 30 95 19 74 92 15 63 55 73 12 77 94 91 51 63 75 65 3 13 28 3 2 32 99 72 63 94 29 22 94 15 89 50 86 17 92 31 92 36 50 19 4 29 44 61 42 43 46 27 17 37 65 85 13 51 32 34 2 63 59 73 78 56 29 59 57 68 93 0 1 44 18 85 45 6 50 42 16 38 29 4 22 23 0 55 14 21 63 54 72 67 65 26 34 90 62 79 84 14 10 17 3 26 78 22 55 66 11 64 81 27 11 55 88 66 85 5 8 11 0 73 43 4 73 44 60 48 32 2 46 27 54 27 13 33 27 59 50 75 48 85 46 45 6 82 85 21 92 55 88 98 87 44 26 41 29 76 21 41 20 42 2 98 32 95 75 86 63 30 32 48 63 1 81 72 8 60 73 31 66 18 19 32 92 2 65 66 75 10 19 56 84 82 1 83 90 26 72 3 9 0 37 88 18 92 83 9 43 73 8 84 65 28 34 9 53 89 15 15 52 62 81 12 94 47 49 19 15 2 35 38 13 43 85 12 4 29 11 66 91 11 3 3 90 22 24 50 82 60 68 9 30 26 29 24 16 45 44 54 14 93 13 32 95 68 
83 95 66 97 43 9 33 68 56 93 73 74 18 94 52 70 20 74 27 52 0 34 50 90 27 23 93 84 37 53 12 82 70 89 9 78 57 5 6 72 53 67 23 19 32 73 11 21 40 79 7 3 23 39 59 69 97 40 50 72 88 71 69 91 37 18 55 65 53 90 90 30 22 6 1 16 63 18 90 47 36 3 22 7 12 76 52 26 30 82 24 73 42 13 52 84 74 18 14 55 83 53 50 37 52 5 23 32 18 78 94 19 43 18 71 67 87 41 44 9 7 41 3 50 96 62 14 84 32 47 83 31 15 71 79 62 72 93 60 44 1 25 32 14 60 17 45 49 94 80 34 81 41 23 0 59 40 57 90 42 82 53 28 64 76 83 98 6 13 43 33 41 81 63 76 75 27 71 92 18 36 42 95 39 20 95 76 8 86 71 32 60 8 38 8 87 58 34 4 94 16 31 92 48 60 63 61 31 68 87 44 17 1 28 78 68 56 76 72 38 29 50 45 84 28 45 93 1 57 44 51 42 53 88 81 28 16 52 96 44 59 24 43 28 11 11 99 69 43 14 72 61 77 56 19 86 0 24 53 38 89 64 26 51 13 93 68 15 89 35 90 26 84 41 84 74 40 18 73 16 35 68 12 95 61 72 72 62 97 50 70 94 19 58 64 93 31 73 58 62 41 62 54 49 87 7 89 72 45 33 37 27 86 16 77 25 13 24 69 64 41 32 58 24 39 81 24 29 22 27 76 66 27 26 31 58 90 24 25 57 20 11 60 83 17 19 45 81 70 28 42 25 19 66 75 65 28 53 40 91 10 17 3 55 55 71 94 55 45 29 96 10 35 7 23 90 18 14 2 94 16 36 25 29 99 82 81 73 37 81 73 87 15 90 93 31 67 2 42 6 
50 98 50 62 75 76 89 80 18 51 39 39 3 91 35 64 60 92 95 67 48 47 25 45 6 70 79 48 70 91 89 60 72 87 57 87 22 57 29 41 32 69 55 46 14 40 0 41 54 70 54 54 2 23 76 38 36 27 71 64 73 67 63 15 12 92 5 47 92 31 95 42 93 90 4 38 26 0 5 76 38 42 74 75 89 73 51 33 26 37 51 8 42 89 93 25 98 59 85 48 26 97 59 39 87 2 62 68 97 74 14 7 83 36 51 54 45 48 10 24 9 69 67 54 18 88 50 2 27 83 75 30 31 10 90 26 9 41 16 13 81 96 45 68 93 16 52 73 99 41 3 98 1 52 9 48 73 82 0 68 25 88 38 51 94 89 45 22 5 18 0 72 35 12 21 41 28 87 45 64 90 1 30 18 38 81 35 82 78 54 15 60 12 40 58 22 28 45 81 12 60 52 7 95 84 87 26 20 49 0 9 62 21 53 76 65 48 6 48 21 12 92 23 52 4 64 15 24 91 77 51 69 23 89 48 87 64 65 64 85 19 88 41 8 52 69 25 8 53 52 83 81 3 57 41 55 55 11 92 86 0 63 7 47 92 36 69 23 90 80 9 88 23 6 96 18 63 22 52 31 38 15 62 33 43 46 21 83 98 80 0 46 7 18 81 66 43 74 81 4 62 32 90 8 83 22 45 13 24 73 34 52 82 54 27 45 45 78 81 39 64 60 70 97 52 72 34 16 95 69 3 89 31 44 69 8 52 81 81 94 6 58 9 46 34 91 52 76 33 82 20 99 95 64 98 58 82 88 25 43 94 16 29 39 40 49 86 29 68 39 45 92 33 55 54 14 95 46 45 57 11 84 2 51 6 26 23 10 24 94 55 93 13 87 59 47 4 69 14 38 
69 96 0 41 28 91 53 9 68 43 15 43 6 88 80 81 95 61 11 95 54 41 62 33 39 98 76 46 57 67 13 38 82 20 71 52 64 72 8 13 8 39 32 47 18 31 21 7 22 92 93 93 89 71 28 93 33 48 97 87 60 96 39 54 7 26 99 78 23 52 71 78 42 86 90 15 63 98 91 49 33 86 47 3 22 28 69 33 75 58 22 61 32 86 15 25 20 84 35 61 50 45 80 7 41 85 11 52 80 88 20 54 84 12 71 89 58 46 94 51 8 30 96 33 44 40 39 9 6 66 77 44 41 88 81 92 62 0 37 79 43 88 46 11 39 3 16 62 52 98 37 65 73 58 46 34 28 74 4 53 44 61 40 15 3 10 35 69 19 48 10 29 79 2 28 50 9 14 3 53 0 92 83 36 71 42 6 67 57 88 54 30 98 76 48 7 83 74 64 3 59 48 8 37 51 31 91 24 64 31 99 19 88 42 16 88 34 56 39 25 29 58 55 75 52 70 64 63 11 31 26 33 95 43 94 68 98 3 50 48 95 72 22 70 52 63 62 93 9 69 85 32 43 49 0 95 79 56 86 6 12 60 69 83 94 40 95 50 1 64 57 71 63 31 31 96 46 26 84 28 66 10 25 99 71 45 81 55 8 5 65 66 60 59 98 71 75 59 1 76 60 28 43 57 56 72 18 71 2 14 55 22 48 88 43 40 45 9 8 86 0 47 19 93 23 40 62 0 19 77 90 95 60 99 24 7 65 62 49 53 29 78 33 0 27 69 24 64 24 58 1 61 59 48 65 41 4 20 38 24 5 25 91 7 25 80 46 72 14 33 92 33 23 41 57 71 47 12 97 27 71 10 35 49 69 53 95 17 14 64 36 98 23 19 99 97 13 61 30 73 
14 25 92 98 70 76 28 59 74 35 94 0 96 43 66 78 40 80 25 73 26 86 42 46 30 90 31 75 97 15 57 37 1 59 42 28 69 10 77 79 76 98 4 32 32 53 5 26 78 29 58 87 14 74 65 53 53 32 8 99 56 42 29 37 90 1 2 90 8 19 31 96 80 71 56 59 38 20 35 8 65 10 81 80 71 59 19 83 94 91 81 69 17 25 20 25 26 64 19 80 92 4 9 81 99 93 27 61 30 21 52 45 40 66 55 4 57 14 85 15 37 76 79 48 63 85 59 70 9 34 22 64 12 39 6 94 18 60 0 48 97 91 52 80 6 21 44 87 59 91 57 38 29 51 7 22 25 5 64 84 16 81 61 66 37 22 27 96 60 77 92 81 4 20 3 79 94 40 25 77 88 98 82 49 80 49 16 9 81 87 60 49 93 84 68 11 67 96 39 82 37 89 41 74 18 24 99 56 21 70 97 78 70 23 3 5 73 5 59 97 56 56 56 5 40 84 16 63 55 0 47 85 77 27 13 31 9 76 7 55 22 4 54 83 64 99 4 58 32 27 26 84 90 61 6 88 74 79 79 14 39 52 23 44 71 99 9 33 54 46 57 12 19 24 6 53 17 58 81 98 50 65 98 7 54 73 20 20 69 68 73 42 10 1 71 78 99 72 27 3 30 56 20 3 46 69 72 50 62 91 6 49 23 45 81 20 35 78 22 72 33 65 85 10 63 33 24 75 36 67 42 81 41 90 61 4 97 3 87 31 4 34 71 8 63 40 33 61 97 43 92 54 58 0 35 72 77 37 25 60 88 29 71 92 89 97 60 30 58 67 23 75 30 78 0 40 82 41 88 19 14 50 44 9 73 95 58 2 22 62 24 48 94 89 5 0 62 75 65 11 
62 31 34 43 9 27 12 68 94 84 90 41 25 23 60 3 57 60 46 70 57 29 54 63 28 46 30 84 24 23 36 38 20 4 19 0 79 63 51 15 23 15 98 25 84 41 77 38 56 2 71 51 18 15 63 32 7 21 55 35 35 1 57 37 52 74 27 67 90 43 84 57 77 94 83 42 16 77 40 90 20 93 67 35 38 28 26 35 1 1 3 68 63 28 99 93 3 1 84 40 33 11 47 52 57 10 38 38 7 62 80 63 88 91 19 47 98 67 38 65 59 58 34 91 34 34 74 6 97 84 41 25 95 75 30 17 43 93 56 49 64 94 68 28 2 23 84 62 38 61 91 91 58 73 55 2 6 15 98 63 46 5 23 72 28 34 23 70 4 35 51 34 64 94 20 58 71 43 57 66 24 35 81 65 30 12 35 84 55 73 14 39 23 31 1 62 35 75 88 76 84 56 86 94 93 17 82 31 57 51 86 46 28 82 61 41 19 73 56 44 80 45 9 8 12 66 69 81 97 80 42 26 82 5 43 42 97 98 45 91 53 56 52 10 65 5 6 13 30 34 18 4 32 43 95 8 93 36 31 59 34 38 18 96 15 56 43 77 43 87 15 78 4 31 27 22 61 45 67 84 69 90 85 34 28 91 61 94 93 13 5 55 47 31 88 3 54 45 79 2 33 40 44 24 16 61 94 9 46 17 76 57 63 22 58 50 84 48 50 2 28 85 25 66 73 91 13 10 58 51 61 88 18 41 84 25 35 87 97 78 73 5 21 33 49 26 28 8 30 93 30 74 91 6 31 13 39 28 40 4 56 91 71 67 52 55 28 74 20 42 48 28 99 50 32 80 36 89 26 60 14 25 10 71 88 37 81 51 62 95 64 89 73 17 53 33 34 62 13 38 
91 91 51 34 19 73 98 36 37 37 58 95 40 64 95 66 49 55 46 35 61 2 7 93 10 33 58 57 79 68 53 73 20 21 61 62 38 32 54 71 62 47 86 65 52 81 54 2 31 9 1 42 7 60 16 86 38 57 4 44 88 13 3 76 53 16 22 7 63 17 49 30 74 37 95 30 40 26 77 55 16 54 33 86 45 83 33 85 78 70 39 69 62 24 7 24 43 29 86 46 39 66 68 41 92 11 89 46 0 77 13 0 2 78 62 72 20 50 67 17 69 77 16 98 34 21 42 83 87 19 99 41 6 54 14 49 75 16 34 12 77 36 85 62 82 96 84 8 23 52 78 75 91 82 24 16 22 58 34 71 64 90 53 56 13 56 61 59 80 62 27 50 56 21 69 93 52 94 11 53 6 55 43 89 69 65 61 22 93 92 71 77 10 55 97 73 51 5 51 54 82 74 9 60 26 51 54 91 23 13 87 87 32 55 44 52 96 33 7 86 53 73 83 20 71 92 79 66 71 47 10 49 79 76 47 41 70 0 60 31 50 85 64 3 93 63 26 70 53 32 20 41 67 39 49 1 67 1 44 8 93 18 4 44 44 84 95 5 3 93 78 81 20 61 24 23 81 46 4 87 19 98 14 63 27 85 45 12 30 48 74 75 19 19 48 60 48 3 7 9 28 12 18 85 26 13 4 97 1 12 61 96 88 35 7 5 48 31 76 52 97 76 9 41 73 93 80 24 75 16 44 84 40 9 38 57 68 16 37 78 35 50 95 20 54 43 43 89 79 17 88 14 66 70 53 56 99 96 93 59 8 66 28 83 89 82 25 11 14 13 34 47 87 77 61 90 80 34 57 20 74 14 77 9 74 2 96 27 42 54 67 20 23 28 21 62 85 51 62 41 
20 64 2 66 41 96 80 19 49 96 98 79 82 22 65 32 82 17 6 14 19 9 1 6 6 49 58 63 71 64 84 65 74 54 73 23 48 29 64 97 76 3 26 43 3 88 99 41 92 9 48 61 55 51 14 98 16 12 66 95 72 28 65 98 33 58 2 15 66 34 71 14 64 68 82 78 18 70 67 13 33 40 78 52 77 84 7 64 10 41 60 63 7 0 22 16 39 38 21 61 37 28 53 33 71 91 38 55 4 22 64 29 87 17 97 73 34 82 62 28 20 9 23 61 92 43 46 64 93 28 78 0 76 52 61 57 88 76 65 67 28 26 48 69 43 66 55 23 0 50 58 43 14 20 87 15 76 87 76 35 21 13 9 16 53 7 51 58 32 7 88 75 38 9 6 8 91 63 59 63 68 49 6 9 77 60 52 98 83 99 8 67 9 84 87 54 44 13 37 59 69 89 17 81 80 47 6 71 3 72 70 89 10 5 73 19 53 60 10 24 21 50 58 73 66 77 28 99 23 39 35 8 4 60 75 3 72 46 0 78 50 8 50 57 6 49 58 63 11 12 85 85 88 33 7 26 14 83 2 20 56 29 89 43 10 25 65 43 84 42 78 36 70 68 17 79 81 78 70 20 53 58 93 59 93 39 78 34 27 43 61 36 92 80 3 64 7 60 36 1 89 33 93 10 64 29 97 35 53 31 74 38 68 91 88 65 29 28 1 33 7 39 37 52 39 28 80 19 48 79 18 85 2 48 37 11 66 65 59 66 9 1 41 7 84 6 60 75 89 21 26 52 82 18 27 84 5 85 26 39 18 55 42 37 84 62 4 8 7 40 46 46 81 67 47 39 2 14 85 99 0 56 89 23 7 12 65 76 95 22 95 20 53 51 14 8 39 9 58 74 
88 3 57 11 56 72 40 1 0 90 6 75 28 8 42 96 86 48 46 40 40 42 86 56 74 86 93 74 68 88 81 2 90 44 52 71 24 48 1 77 70 60 11 12 27 79 80 52 14 51 44 76 31 6 49 10 61 48 44 9 76 21 50 1 99 11 16 63 51 72 42 19 6 88 40 25 82 70 37 19 30 25 53 63 21 52 46 94 22 24 14 58 16 32 60 97 0 48 60 75 17 85 29 82 39 42 41 46 23 84 8 75 60 74 89 84 64 27 57 24 57 70 76 67 24 58 28 19 92 61 63 34 94 7 63 89 59 64 47 14 87 51 40 37 1 7 97 69 56 4 30 43 4 77 62 71 27 69 17 68 85 44 9 45 0 58 16 67 11 39 63 25 44 33 0 68 34 61 3 83 17 7 80 85 58 81 99 79 3 94 11 36 22 23 74 76 13 58 56 59 80 55 66 7 56 94 83 26 88 55 28 50 5 68 48 9 81 90 12 13 33 42 33 99 88 44 91 31 6 89 72 41 5 96 14 11 32 11 71 83 82 19 81 93 15 86 55 5 44 48 66 81 24 13 24 4 84 68 47 22 95 99 28 90 89 6 64 61 55 21 49 52 13 41 93 74 19 61 62 7 66 58 56 58 77 58 22 9 36 91 2 69 1 78 73 93 90 65 41 55 63 86 49 77 16 3 11 88 80 51 11 96 48 82 72 87 5 7 62 75 13 9 52 3 84 18 53 26 67 57 46 43 17 38 77 78 95 67 62 38 90 64 90 34 6 49 88 13 95 3 40 74 13 26 67 88 42 45 72 38 31 88 97 44 97 14 63 40 85 89 55 93 71 25 73 7 41 75 98 19 84 19 77 18 1 21 7 13 95 8 81 96 51 49 99 35 58 94 31 4 
36 34 11 23 27 61 78 78 11 29 23 92 8 51 29 44 39 30 10 27 54 37 29 65 88 3 29 21 44 81 23 16 14 29 13 47 37 79 64 88 38 58 87 4 54 47 4 33 19 43 70 0 85 1 99 75 73 99 50 17 17 86 72 80 60 80 54 27 23 98 3 47 94 28 45 6 85 52 29 44 36 48 38 65 53 3 96 83 90 17 22 17 54 55 6 85 39 20 58 88 77 40 27 86 85 94 10 94 49 89 98 60 86 58 35 88 88 7 54 73 78 2 76 89 24 99 9 84 72 64 32 10 28 18 25 20 15 55 73 51 89 42 80 50 26 30 10 98 46 16 47 80 92 10 21 65 37 83 77 40 43 83 21 12 54 80 31 79 44 26 81 23 32 48 71 79 97 45 54 61 68 22 89 83 0 66 20 74 2 53 42 67 51 32 5 94 1 85 39 19 79 29 78 13 53 18 79 49 7 75 16 4 37 28 45 37 5 47 92 85 77 21 93 46 85 2 11 20 77 3 12 86 71 20 11 16 56 17 77 37 96 41 72 55 44 89 14 20 97 90 74 29 6 65 35 41 58 48 35 8 7 70 96 33 98 92 71 80 21 4 90 71 92 43 21 22 75 19 92 26 10 77 64 92 69 58 17 58 45 28 22 61 71 25 80 43 14 28 41 67 36 24 15 66 88 1 92 31 93 12 14 6 10 12 65 38 91 12 33 51 67 59 24 54 66 85 98 17 88 87 33 87 28 21 39 41 69 95 26 91 88 86 84 75 22 66 19 72 70 90 33 40 45 89 66 73 8 53 0 48 37 91 17 43 10 33 25 5 36 9 10 59 53 59 61 73 19 1 36 61 38 6 73 90 63 55 49 13 7 83 67 68 98 34 40 61 32 54 20 40 
39 44 79 8 8 2 43 10 72 62 90 80 79 82 40 38 78 17 36 68 67 81 14 27 91 58 12 40 50 6 21 96 4 8 68 37 99 19 75 14 93 88 7 49 14 78 94 63 16 50 68 88 90 20 94 79 24 75 75 45 75 68 99 68 3 22 24 55 84 52 10 1 55 96 60 54 75 83 12 45 8 87 95 58 4 66 68 3 86 11 18 53 75 36 37 18 25 72 40 93 52 21 24 20 50 18 61 66 58 56 36 17 22 47 94 33 48 50 52 87 88 72 31 77 77 79 94 57 81 58 21 66 90 87 63 28 56 28 52 93 65 2 84 27 54 20 19 53 81 52 13 34 76 97 38 82 16 27 39 81 34 95 5 24 97 76 67 39 58 65 33 39 35 79 73 93 62 5 12 1 70 64 25 32 5 97 61 35 36 21 70 23 4 79 3 18 36 20 90 59 36 57 60 48 90 55 54 17 40 49 82 7 37 98 98 86 60 13 47 14 22 43 93 0 69 19 75 97 55 75 23 64 65 55 63 50 89 43 28 8 89 92 0 55 62 43 78 53 40 41 49 65 98 96 93 11 31 85 73 18 30 67 66 66 46 89 94 38 66 5 29 98 2 98 4 90 47 60 66 68 64 86 65 69 85 7 14 59 3 9 7 57 18 90 45 5 55 24 18 72 59 13 5 65 84 31 69 21 63 76 50 35 59 83 66 98 43 39 62 55 41 20 61 50 81 23 81 10 89 87 41 94 41 86 3 92 88 78 94 23 44 55 57 83 83 25 11 4 53 97 4 93 35 98 39 69 80 20 26 76 42 79 79 34 33 62 38 66 8 40 95 71 92 91 15 83 29 93 48 60 58 97 99 55 79 34 67 56 39 16 14 15 83 80 61 86 6 36 90 51 
22 7 68 35 68 24 71 20 68 7 20 61 25 55 71 80 67 26 19 70 21 78 46 31 38 70 56 33 82 0 76 8 3 65 39 29 49 94 23 55 59 85 88 87 39 80 12 30 55 67 94 80 65 15 53 2 84 42 20 80 45 31 2 79 15 99 27 34 80 60 3 29 29 57 56 13 96 65 51 84 1 24 53 14 14 86 39 23 5 46 24 73 43 29 39 34 29 73 43 88 25 40 53 38 79 20 11 37 73 80 25 10 2 9 8 83 95 66 58 6 91 65 77 59 77 33 28 5 44 21 40 30 88 68 52 17 91 28 75 99 48 78 61 77 1 59 0 82 95 53 91 14 69 93 51 88 7 11 67 90 35 85 8 32 21 99 90 12 89 3 2 18 40 45 12 87 74 71 55 27 21 60 4 77 37 97 5 27 18 92 26 60 22 10 35 83 39 28 48 21 38 76 56 93 24 68 62 79 85 24 91 18 66 5 7 87 44 94 64 79 59 64 1 16 12 22 90 66 0 57 34 62 3 43 25 50 80 60 57 47 85 43 2 53 28 35 55 13 36 18 26 39 75 6 20 40 9 55 17 82 35 55 37 54 83 73 35 36 20 91 85 69 10 48 41 47 38 97 98 29 56 48 15 48 48 38 99 85 70 79 57 92 44 47 47 77 50 2 58 94 47 64 60 62 24 89 53 94 37 30 83 14 72 65 1 49 64 49 43 43 54 98 42 14 28 2 30 77 11 86 63 55 61 67 81 96 75 4 41 88 21 61 7 5 84 51 82 31 91 23 26 4 78 15 37 47 12 5 71 78 80 74 35 12 63 89 82 86 15 27 95 81 23 7 70 48 4 79 34 38 5 98 37 65 68 46 86 3 44 32 67 56 72 59 83 91 7 31 24 77 
35 72 28 47 19 46 19 63 53 43 7 37 46 1 79 77 46 27 24 78 10 83 33 83 69 7 66 27 61 12 85 73 68 53 71 82 29 71 95 58 87 44 38 15 88 37 95 45 32 80 67 81 63 32 55 26 15 20 68 8 68 36 40 11 83 28 88 31 16 93 1 33 99 70 20 8 49 40 32 42 63 56 25 48 21 65 72 42 8 40 13 29 9 49 97 83 55 2 47 15 70 40 4 4 86 44 87 14 81 59 78 96 76 3 17 50 31 86 66 76 44 72 80 48 60 19 95 68 63 35 5 72 17 59 36 46 89 90 53 25 9 86 29 46 44 32 60 41 49 69 32 12 93 72 41 26 84 16 30 84 34 26 79 77 20 2 38 64 35 46 91 29 13 34 78 82 4 27 78 47 12 23 17 33 19 74 77 45 1 93 40 36 45 86 19 87 99 63 31 4 23 29 22 47 76 5 15 74 7 83 28 24 61 5 6 42 57 11 16 59 67 54 83 1 25 4 28 46 7 56 30 45 91 42 80 8 33 25 48 50 48 2 47 67 54 59 17 30 17 69 51 0 17 87 22 42 30 43 63 43 89 88 77 20 27 81 21 96 80 79 56 69 39 99 86 21 63 36 47 67 98 37 73 65 65 1 54 73 85 13 41 5 64 78 37 59 92 15 77 29 20 77 17 0 5 31 36 27 39 3 70 10 34 49 66 13 82 29 10 54 76 98 82 60 14 80 59 88 37 43 31 14 71 81 1 89 80 51 62 51 82 13 47 35 30 25 15 70 23 36 61 22 65 52 21 71 72 79 70 69 10 74 56 14 54 16 99 70 86 73 25 4 89 85 66 82 37 39 24 88 45 30 72 62 23 41 12 48 42 4 34 23 19 55 20 56 77 61 47 70 
54 68 92 60 73 19 7 14 2 25 61 63 60 34 5 74 75 33 6 91 56 28 41 56 88 78 84 79 5 42 5 74 92 46 66 52 36 22 67 8 82 86 6 58 68 75 86 66 55 37 3 4 18 60 21 58 98 1 11 32 17 18 54 96 51 14 22 87 10 56 69 79 93 77 60 35 69 15 53 59 34 48 80 87 91 25 6 94 57 49 3 10 5 94 31 51 22 65 5 55 41 84 53 99 82 70 46 64 79 82 52 35 7 25 73 34 54 61 41 55 83 26 8 45 66 85 59 79 61 2 67 40 41 79 3 46 22 38 45 52 4 29 34 68 1 31 43 18 12 98 67 16 25 48 77 97 58 16 57 95 35 19 75 71 38 54 90 17 53 59 8 29 91 26 65 44 47 26 12 72 96 8 63 38 57 72 13 81 22 61 62 71 65 79 35 86 64 76 52 4 4 65 68 41 48 19 15 13 58 9 75 27 19 80 23 78 83 53 20 28 3 63 7 5 79 27 91 61 25 12 14 87 25 73 22 38 86 0 33 49 95 77 42 94 11 20 42 59 83 46 71 82 41 11 68 89 51 92 10 85 33 34 16 83 18 69 19 16 86 46 39 70 91 19 98 98 17 23 40 4 82 34 24 43 67 84 83 52 30 45 0 42 41 63 52 39 61 25 61 4 32 50 57 39 81 96 6 68 13 2 19 89 67 47 37 41 67 37 22 48 26 97 5 25 99 61 32 4 50 62 33 22 22 76 85 40 94 78 38 36 18 81 86 71 6 21 82 93 96 52 70 17 25 72 66 70 47 54 55 88 46 5 77 52 66 64 59 38 18 59 94 96 47 74 72 98 35 54 17 0 46 5 10 56 62 26 12 40 26 75 0 12 30 63 6 47 85 11 14 77 
88 82 18 93 26 28 52 65 21 48 14 67 11 79 63 19 61 84 12 57 89 4 26 4 66 44 42 72 58 21 35 84 3 38 33 77 73 85 61 4 88 30 33 8 41 63 9 31 53 35 48 86 58 86 47 35 22 20 6 88 77 21 39 96 81 60 88 31 13 69 70 17 97 59 51 91 76 35 97 88 70 76 58 72 66 11 74 52 38 40 1 45 65 48 71 69 23 20 6 7 98 50 97 11 15 12 85 89 79 35 76 9 69 47 53 92 5 20 19 88 87 89 3 92 98 29 2 73 78 65 37 89 50 30 64 99 54 83 31 32 32 72 80 54 95 6 12 46 2 99 76 79 48 61 34 83 68 30 83 56 57 55 27 73 27 33 37 69 69 50 67 9 41 53 34 78 82 94 82 50 25 4 35 13 40 9 90 63 38 9 28 82 30 53 78 27 65 42 39 29 32 97 13 93 39 86 19 70 35 32 20 86 10 96 39 68 38 58 21 2 86 5 66 63 28 16 47 39 83 61 11 57 51 59 99 63 10 0 88 73 61 8 83 10 86 89 2 63 53 69 75 57 54 21 97 20 40 75 25 46 78 59 40 31 75 96 11 73 52 55 63 79 84 30 50 24 59 78 96 10 14 58 21 12 79 12 72 43 51 79 45 60 25 93 89 9 86 73 75 10 9 61 65 65 11 90 52 32 27 92 96 1 68 31 90 84 90 33 59 12 37 52 79 22 73 22 12 82 97 98 28 71 80 9 10 2 67 35 10 20 38 9 45 24 41 53 7 30 86 69 47 16 50 52 48 46 81 6 83 46 67 28 67 39 71 70 86 73 41 13 12 68 7 64 17 96 0 23 72 78 84 87 65 72 10 44 87 48 27 43 91 47 99 94 52 81 75 12 72 92 
84 94 12 0 11 28 94 96 58 48 84 18 9 70 29 14 1 0 8 12 98 34 5 93 31 60 64 44 24 43 53 39 99 59 29 65 6 2 36 41 97 9 54 82 26 42 29 90 50 49 67 73 66 51 27 54 40 52 93 35 45 34 32 21 39 99 40 82 71 44 5 87 83 92 83 47 93 52 23 80 58 8 98 11 19 59 90 29 41 58 81 63 81 54 32 9 46 31 61 78 73 71 26 91 23 33 25 3 90 87 52 18 14 13 29 8 95 19 56 60 22 53 78 69 53 16 4 1 56 10 40 21 75 40 85 8 25 15 2 3 63 96 1 96 53 58 75 85 71 89 83 86 61 39 66 34 96 36 29 5 29 50 88 33 51 42 30 64 57 43 29 12 43 88 47 87 50 46 8 21 0 39 57 67 17 24 23 19 90 42 42 45 41 32 57 64 73 93 38 73 85 29 50 32 68 94 59 87 42 58 44 71 59 86 32 63 69 17 47 72 62 30 49 87 66 85 24 22 8 0 93 69 3 30 61 13 85 41 10 65 4 65 66 89 66 19 39 54 33 62 10 45 97 82 10 77 64 6 2 56 52 50 62 20 51 1 66 58 84 53 96 52 2 62 98 43 11 72 12 11 26 1 56 9 42 18 50 54 75 46 84 17 94 27 0 46 72 54 53 48 35 38 32 33 87 89 64 47 95 11 60 72 23 76 36 81 0 9 98 19 58 81 73 57 39 38 86 38 84 45 98 41 72 66 74 89 51 15 57 0 92 3 50 2 52 52 24 69 82 57 76 43 60 8 70 90 71 21 50 31 8 32 14 75 84 10 69 62 57 40 43 64 43 53 57 86 80 41 12 62 22 28 50 87 81 50 85 92 92 16 41 80 54 98 42 23 16 20 73 44 
52 2 58 2 17 0 24 0 9 36 93 9 43 58 26 30 33 29 51 70 97 57 43 78 39 80 96 25 63 47 42 45 69 63 22 34 60 42 23 19 13 62 33 33 2 53 73 54 21 6 4 90 41 17 21 75 9 25 62 92 3 66 8 77 21 36 57 90 24 71 40 71 30 59 28 3 53 7 43 6 99 17 25 66 5 90 25 17 48 40 94 72 21 74 34 49 39 27 44 38 10 30 11 3 31 85 37 33 59 76 70 40 24 49 34 35 5 48 11 46 30 78 89 34 39 65 5 67 97 9 21 52 15 65 22 18 4 93 91 42 84 65 86 78 77 74 31 67 9 50 31 15 72 10 67 10 14 11 66 60 49 69 44 4 57 68 5 50 4 36 68 35 0 67 7 58 97 59 58 7 32 83 75 24 62 46 48 76 43 81 94 70 26 68 22 85 24 42 66 3 99 99 98 46 67 58 40 81 90 93 20 22 89 93 18 82 36 79 72 62 74 26 61 17 18 85 70 19 29 33 50 3 36 58 46 35 58 21 59 70 77 79 1 6 75 15 62 51 3 84 39 47 72 66 65 97 32 89 74 74 84 70 6 91 86 28 23 66 50 88 93 36 32 82 51 91 73 10 99 4 5 25 70 37 15 98 22 17 14 26 56 77 50 41 1 62 51 52 28 7 95 70 38 63 92 37 97 31 31 62 93 21 53 64 59 24 87 64 5 68 53 12 76 2 51 37 51 94 2 3 75 46 96 23 83 4 4 70 28 78 37 55 33 42 47 0 74 86 74 62 78 1 53 53 76 48 72 19 56 73 87 13 87 85 74 17 21 15 73 75 21 30 70 76 47 16 78 55 31 76 86 92 39 38 32 93 77 39 95 21 9 6 15 76 39 38 6 85 21 42 
56 65 12 51 68 6 73 38 68 82 68 35 54 51 64 32 1 26 97 32 21 49 69 26 43 70 75 21 34 96 97 16 82 10 24 23 55 36 25 58 10 61 6 72 54 75 66 6 49 58 27 3 30 54 83 17 81 69 53 17 58 60 91 45 41 47 9 54 0 99 80 26 87 72 50 91 36 86 26 59 17 78 85 74 59 35 27 75 94 12 9 14 46 65 2 21 5 70 10 46 67 68 98 18 74 1 28 94 49 16 34 44 4 44 71 22 46 32 47 81 67 9 6 56 14 51 49 43 60 34 11 64 80 39 57 19 55 6 35 40 76 77 18 35 63 2 84 55 16 75 3 53 19 54 55 40 66 55 8 90 60 78 50 89 79 10 78 55 87 81 28 33 33 36 14 53 75 63 32 51 48 78 21 79 93 99 13 15 31 20 29 66 38 4 69 51 92 78 15 25 45 45 98 82 34 11 86 25 87 2 89 81 16 19 28 76 55 80 31 76 71 53 26 29 36 3 21 35 70 52 53 44 49 1 18 60 27 75 59 23 34 40 1 63 60 95 66 11 42 76 95 75 79 24 56 11 27 92 33 60 86 80 60 19 8 77 7 18 29 87 20 31 47 11 33 27 25 6 52 33 70 42 6 19 41 77 73 94 34 33 60 19 46 18 94 94 43 91 63 69 7 46 73 62 95 4 79 67 90 12 10 20 41 36 66 51 32 88 2 87 67 39 40 16 0 78 22 65 49 69 5 42 75 4 60 20 64 67 55 67 70 88 11 17 61 19 76 74 69 35 87 48 24 82 10 70 89 22 43 19 75 95 94 53 86 27 56 31 57 78 49 41 90 71 45 78 51 52 28 58 83 11 52 64 70 74 41 77 5 52 32 45 64 80 34 1 32 17 43 76 
