38 79 61 0 81 3 0 28 87 95 47 79 19 4 57 23 22 9 63 84 88 23 79 11 3 45 98 49 31 84 98 50 90 34 77 11 6 85 47 93 1 79 42 64 66 92 15 91 60 86 40 21 23 76 16 84 57 44 60 7 83 92 14 24 50 61 23 65 35 21 61 46 13 92 97 45 86 29 80 88 83 66 1 16 30 64 87 61 93 78 23 72 29 51 5 71 20 46 39 51 49 68 45 8 40 90 58 98 35 93 74 65 11 47 5 55 58 98 68 72 77 81 37 57 27 46 53 80 24 29 90 25 44 23 62 97 61 15 46 57 53 61 42 42 62 7 59 29 47 24 70 62 58 9 52 81 65 55 86 9 88 57 90 51 92 45 56 94 85 96 35 9 22 83 66 39 9 12 16 63 50 72 58 35 26 84 0 64 98 66 36 66 16 44 53 93 33 91 85 67 
35 81 88 17 6 2 28 29 16 28 29 40 86 44 1 38 85 89 9 13 32 12 72 52 78 88 67 28 48 51 43 24 93 78 67 77 89 68 51 84 66 40 99 38 5 5 20 72 75 20 43 55 28 25 14 18 84 50 50 86 67 94 98 26 73 28 47 13 42 9 71 83 97 50 55 19 64 35 69 61 76 85 46 55 10 38 43 6 7 6 72 15 2 64 47 33 8 30 63 88 18 59 8 78 30 20 44 31 94 43 58 17 69 63 75 9 73 90 55 3 89 82 79 5 62 45 99 44 60 44 92 53 5 53 2 23 80 39 32 18 70 95 89 14 6 38 47 39 60 70 37 55 66 55 40 29 54 44 41 96 53 59 81 73 57 68 69 68 32 94 35 59 82 64 88 99 40 12 74 35 1 51 75 40 63 78 97 39 62 88 12 69 7 3 47 13 22 67 43 32 
6 76 80 78 32 41 24 87 81 55 40 11 77 94 40 51 76 79 7 87 89 19 1 4 64 87 83 7 20 8 40 37 27 45 72 2 56 3 73 6 91 38 92 28 81 73 81 14 36 21 11 84 24 29 75 25 46 63 31 11 10 11 25 26 47 68 75 56 73 6 36 6 77 61 77 15 33 76 52 83 44 34 95 70 50 15 87 87 41 35 78 70 97 89 97 78 1 15 86 77 80 29 79 32 23 50 46 26 44 0 58 38 34 86 96 37 50 30 55 87 33 89 52 25 27 69 57 68 61 49 79 85 4 95 40 56 12 21 15 81 29 27 14 73 91 7 12 5 93 88 31 9 67 92 57 16 33 23 58 32 82 60 86 33 99 76 63 62 18 96 40 64 92 6 35 64 0 54 50 97 80 12 72 7 43 66 31 75 49 96 56 36 32 81 92 45 74 88 76 33 
85 94 39 87 82 66 76 74 96 67 81 57 5 54 8 0 59 51 93 30 92 5 43 47 85 63 14 45 41 69 80 65 30 99 48 33 64 97 8 31 83 59 94 11 31 47 43 96 96 69 8 13 96 49 44 71 16 16 55 78 50 87 94 1 72 10 50 86 52 79 81 7 4 47 83 13 24 98 74 65 46 79 57 45 46 62 63 90 0 95 79 23 9 57 71 64 60 57 9 88 6 88 38 76 84 88 47 60 19 3 97 30 17 21 92 30 12 67 81 1 42 82 77 2 64 77 27 59 35 14 63 33 96 30 23 92 99 39 6 44 40 4 59 4 91 88 63 43 74 28 33 80 78 36 11 79 69 97 89 94 32 30 47 54 8 15 60 34 26 52 78 29 85 7 33 89 79 75 89 71 83 88 33 99 36 53 17 66 67 3 57 94 60 15 55 88 47 98 33 42 
94 35 75 56 54 94 54 93 50 43 48 39 89 57 44 82 95 39 99 29 15 75 42 22 56 29 25 59 45 48 11 81 20 56 85 39 92 48 80 22 27 40 1 88 84 18 2 35 4 55 76 29 51 73 96 35 5 25 23 81 63 10 63 92 34 51 6 54 55 95 96 81 79 39 34 3 48 43 87 9 4 89 14 67 89 61 54 0 13 36 45 67 5 47 82 1 8 83 5 97 83 32 35 30 74 38 73 22 97 39 63 64 9 54 32 83 68 49 86 40 74 76 49 90 54 95 18 72 38 53 73 18 66 30 78 59 55 5 13 44 76 43 44 15 75 45 98 66 21 18 43 27 61 17 42 81 25 91 11 51 31 64 27 18 48 68 33 57 84 68 92 19 51 95 58 43 71 89 17 14 22 76 12 58 8 8 58 17 76 35 89 61 84 15 27 5 50 74 3 86 
9 24 54 98 65 5 99 91 90 23 95 51 16 94 12 34 20 62 71 27 93 60 34 50 9 80 48 71 33 61 93 59 77 85 53 15 33 5 82 86 92 45 56 83 15 54 99 63 84 14 27 63 61 11 46 42 83 3 69 40 6 43 93 44 99 9 58 67 85 24 57 7 27 61 49 99 0 0 38 55 4 67 82 54 30 99 84 7 32 38 59 52 20 80 57 7 14 59 46 23 98 13 69 89 49 26 76 15 38 52 12 46 84 79 9 85 63 40 2 33 69 85 35 54 7 96 16 19 92 93 74 19 36 9 70 49 27 61 50 41 9 98 13 5 23 17 20 96 86 89 41 94 43 82 6 55 42 88 94 97 98 57 94 35 72 56 4 69 53 62 2 82 48 97 6 1 43 3 10 45 14 21 5 18 15 6 42 47 94 59 96 80 13 60 96 40 40 89 84 58 
3 78 13 83 6 94 49 41 13 33 84 68 6 93 35 7 34 26 16 49 84 7 45 88 77 55 44 98 88 97 85 58 79 83 37 24 28 54 61 72 91 57 96 72 22 28 21 60 20 23 52 29 69 6 15 49 5 84 76 25 36 77 21 17 27 47 77 27 81 69 67 42 38 77 71 81 51 12 47 86 86 53 59 70 24 75 94 79 78 39 20 15 44 24 54 30 46 21 2 80 90 15 97 99 96 25 77 99 56 86 3 3 97 4 15 7 39 45 14 56 36 65 77 71 46 17 68 5 39 66 47 4 74 86 67 53 11 28 72 57 91 20 90 77 65 31 76 15 78 31 72 0 2 21 47 86 75 98 34 63 5 92 47 3 78 74 67 72 57 9 72 6 10 38 64 98 82 56 17 85 13 59 69 58 10 41 84 82 63 39 99 0 10 19 59 38 53 20 29 3 
49 22 50 65 62 23 77 26 60 44 7 69 1 67 88 66 47 77 39 36 1 32 12 46 70 12 39 64 6 90 27 45 78 22 34 5 68 86 45 91 31 72 29 96 98 62 31 35 21 66 14 59 2 15 23 71 98 88 66 69 8 40 80 45 40 39 47 5 73 60 6 41 86 32 80 69 98 79 38 65 73 51 74 26 51 84 19 49 66 44 0 42 3 17 16 66 22 55 43 37 25 38 75 74 35 31 72 59 36 51 87 29 25 43 51 49 40 89 29 14 54 23 48 51 32 23 64 53 80 23 31 40 61 99 6 60 1 44 35 41 75 69 0 51 90 86 54 34 27 61 15 77 93 72 88 55 99 81 35 81 91 14 87 43 18 66 41 33 17 14 0 80 77 61 33 15 26 36 3 76 34 33 83 52 6 52 71 78 17 47 21 65 34 73 53 9 57 40 34 45 
35 85 65 73 89 49 74 78 70 7 11 31 74 7 43 63 44 25 31 89 18 39 62 87 31 17 85 10 74 67 71 13 38 79 89 64 81 9 61 75 91 92 35 60 96 2 42 29 17 44 40 49 67 18 97 1 76 42 37 12 12 94 52 30 10 8 57 17 9 41 76 27 29 35 5 85 53 22 30 28 60 58 23 23 43 0 5 89 63 62 43 81 43 60 20 7 76 65 45 55 70 71 5 70 77 12 14 49 93 91 57 79 59 98 41 20 65 43 73 98 97 6 2 71 88 76 35 94 0 30 44 64 63 80 29 49 45 29 45 81 14 59 96 3 85 92 21 80 75 46 25 68 92 55 76 94 40 78 83 85 24 44 38 2 74 36 19 18 45 94 53 45 58 82 99 86 25 96 73 57 65 63 73 27 20 53 99 31 18 77 91 34 86 27 86 25 69 12 2 40 
78 1 21 28 67 78 65 74 17 27 31 14 73 64 25 71 91 79 96 6 89 11 69 77 30 7 34 1 86 95 41 49 2 43 6 30 25 31 5 26 33 75 96 30 32 58 38 73 89 86 47 73 91 32 8 74 58 39 64 36 29 6 53 55 82 3 0 4 30 77 41 12 60 85 59 48 95 52 14 98 87 68 82 36 42 81 74 61 65 81 59 34 47 7 35 56 52 91 83 21 74 48 79 72 69 68 5 9 78 2 30 95 16 53 51 2 74 96 62 38 38 98 25 97 73 57 87 97 20 64 37 85 43 70 12 13 22 11 85 32 99 5 43 35 28 32 52 62 95 70 77 56 94 58 71 34 67 28 52 75 84 72 47 18 94 11 30 12 46 6 49 53 16 65 92 75 64 40 41 55 86 92 75 58 15 92 5 51 32 79 28 64 10 40 19 91 52 57 11 33 
96 96 91 20 95 56 1 34 0 80 55 11 91 79 75 7 46 52 58 74 61 89 13 16 70 24 8 98 80 91 55 68 75 67 63 86 3 12 75 78 59 95 93 95 24 96 50 3 15 50 40 56 42 96 68 29 81 43 31 38 71 29 85 69 59 63 61 81 83 67 9 39 88 17 12 53 30 20 63 71 91 52 53 75 76 11 50 44 6 57 21 55 8 62 83 10 77 2 77 22 79 25 61 28 37 95 77 94 14 55 66 14 7 80 29 32 72 26 23 72 78 67 58 90 28 60 26 68 64 91 36 46 15 37 26 94 7 17 79 25 36 88 5 39 77 26 84 91 54 7 88 87 90 61 26 0 48 71 95 38 24 19 57 27 23 19 18 33 82 32 27 69 76 80 33 49 61 72 13 50 77 85 82 53 95 96 22 76 43 32 46 90 79 60 55 45 4 41 33 28 
94 5 63 11 76 35 3 4 72 56 81 81 78 82 7 74 31 83 33 22 51 42 97 9 46 66 46 63 64 25 38 15 95 26 77 19 77 57 3 41 80 96 49 52 74 68 50 85 5 74 73 86 79 2 16 46 64 33 48 82 72 46 66 46 0 70 2 65 90 41 82 1 28 8 68 33 81 95 63 15 77 94 12 32 87 2 49 15 17 80 95 58 86 77 41 4 1 63 90 2 1 60 35 8 57 25 47 71 43 9 72 3 70 80 89 42 98 18 34 72 32 92 23 10 21 91 40 68 37 84 43 1 94 29 11 46 97 17 91 60 16 10 64 80 4 98 73 65 39 30 31 65 66 18 96 40 92 78 77 20 32 39 13 30 75 55 63 49 3 69 68 68 14 88 55 69 96 39 44 25 25 63 5 87 55 20 95 99 67 54 61 31 48 56 30 92 44 50 75 64 
74 50 32 74 31 31 68 30 31 3 70 94 28 41 82 34 87 60 50 30 6 72 52 85 49 22 73 62 14 19 58 93 53 64 0 94 44 38 70 40 95 89 63 61 64 60 79 81 9 42 92 85 28 47 38 53 90 93 71 18 44 14 96 57 71 48 94 37 15 12 34 48 73 63 86 0 64 95 13 54 35 97 42 60 43 53 84 53 41 26 84 68 26 15 6 28 8 49 40 72 0 23 21 68 79 29 30 69 17 24 61 48 34 38 24 90 15 44 30 63 64 9 55 26 37 59 26 16 98 97 48 93 95 47 57 28 65 81 18 72 60 56 47 24 64 41 66 77 22 40 95 72 6 32 34 23 54 38 9 19 61 94 27 24 19 87 8 34 50 58 56 22 59 78 14 57 27 30 50 40 45 67 28 0 1 44 36 19 64 78 98 71 36 38 53 68 12 1 95 35 
11 64 44 45 83 26 65 39 13 56 48 25 97 6 53 14 93 9 37 15 76 74 96 45 68 21 34 7 12 45 94 82 21 80 46 89 44 77 97 87 11 38 60 71 51 76 40 85 51 45 9 37 59 22 60 2 12 22 13 84 96 41 34 7 12 3 20 88 96 76 38 2 87 10 74 46 56 28 77 6 20 83 50 31 22 79 85 6 50 76 21 41 99 80 7 17 8 50 39 55 45 94 5 39 25 14 70 36 55 12 85 4 37 98 54 13 5 46 6 17 75 20 38 70 26 96 31 11 71 59 37 23 84 66 89 41 83 84 20 54 60 58 87 90 3 2 29 83 54 83 69 90 5 38 71 40 13 54 28 31 98 10 74 70 90 93 67 74 30 91 12 73 94 36 88 61 31 14 6 59 36 71 43 21 88 42 97 15 38 47 26 25 52 80 76 64 60 49 62 51 
79 15 81 29 42 24 51 94 55 86 75 61 33 88 18 72 22 96 25 0 18 15 13 45 74 93 53 78 87 76 85 11 47 0 89 12 69 5 72 25 99 51 72 74 77 60 59 45 43 11 37 46 95 67 54 49 53 23 43 31 44 54 17 75 18 34 93 96 42 9 37 86 82 73 31 29 64 63 48 80 84 38 61 38 13 10 26 44 40 9 84 18 35 92 62 6 32 76 49 85 10 84 38 13 13 35 63 67 99 77 6 3 19 99 74 13 25 40 26 25 5 27 30 35 93 83 99 46 91 97 92 34 29 2 49 37 80 71 35 19 98 88 80 58 26 21 93 36 81 75 28 92 94 70 51 22 34 5 68 40 4 2 62 97 25 34 79 53 44 40 26 21 55 28 56 26 53 86 83 79 86 61 24 52 48 99 87 45 27 0 89 8 50 71 14 89 41 4 27 60 
85 67 84 38 90 8 7 38 26 52 60 93 9 92 65 99 87 81 41 16 84 20 71 84 1 58 14 17 8 11 75 85 99 25 36 83 91 45 66 71 3 13 10 9 69 70 34 29 16 99 38 99 29 11 44 13 42 22 57 66 26 77 22 21 5 66 20 20 29 66 55 53 19 28 65 77 35 99 8 65 68 49 96 4 49 5 54 37 61 0 65 20 25 8 76 93 83 14 81 3 86 19 30 57 41 21 2 97 68 32 23 26 31 97 37 56 72 49 77 57 32 82 79 50 18 13 26 29 56 47 43 20 84 25 46 45 8 3 96 69 20 9 43 15 96 88 37 35 26 26 71 44 72 18 98 7 79 53 85 86 10 89 35 86 72 42 42 73 40 91 44 82 73 78 87 42 41 72 13 79 19 54 31 68 47 9 66 56 45 80 30 0 98 2 39 23 70 0 77 28 
1 7 59 93 24 60 63 75 6 85 54 16 91 47 37 44 14 5 70 57 82 10 33 62 10 0 2 66 94 29 32 80 9 18 93 77 32 40 63 21 75 59 73 48 74 23 59 29 35 3 20 28 79 57 48 27 68 80 23 62 76 24 62 34 30 46 23 37 87 59 89 87 32 70 58 69 86 79 9 34 6 76 34 19 78 33 57 82 51 36 48 37 38 99 97 86 32 4 36 36 74 70 78 14 54 55 79 2 70 55 31 10 86 40 40 8 35 15 69 72 43 61 46 63 65 41 81 83 74 31 92 33 80 92 96 37 19 70 63 78 1 34 16 32 11 18 2 59 5 13 66 62 59 20 82 92 9 84 12 22 89 53 57 32 78 0 13 23 71 79 87 36 92 57 37 28 67 52 74 68 41 64 64 27 27 21 49 10 79 53 92 17 74 45 67 31 74 90 61 99 
24 7 78 53 30 69 97 37 53 61 97 92 56 17 20 17 28 2 77 0 67 29 37 45 38 82 19 73 43 87 26 98 38 34 50 24 31 25 71 48 42 44 80 62 93 99 60 53 73 74 46 39 81 55 4 93 60 27 36 29 1 70 46 64 35 27 78 90 79 11 21 47 63 70 88 8 23 10 90 21 54 60 19 57 77 69 46 89 89 89 95 44 40 94 40 85 62 18 85 99 61 25 80 17 23 3 73 33 46 89 78 90 98 61 98 30 3 73 77 17 44 67 55 97 51 14 49 2 95 76 81 64 21 5 6 76 26 12 72 21 66 62 38 33 65 56 8 31 49 68 90 18 73 89 91 15 87 46 27 79 95 83 85 39 84 22 54 55 10 42 26 8 42 76 64 19 74 20 15 68 25 97 48 79 61 95 29 76 92 46 66 97 77 41 85 66 87 51 11 8 
47 56 24 96 16 66 70 20 32 44 17 72 0 81 39 53 39 97 79 28 5 58 75 41 24 34 19 7 6 81 56 41 24 47 18 34 99 33 9 87 89 58 33 98 12 15 97 90 93 28 93 62 9 36 34 12 15 15 68 1 41 86 54 2 19 53 35 69 51 68 12 85 18 43 53 52 26 53 6 83 62 70 57 81 0 56 69 22 95 51 61 17 77 73 37 7 35 13 24 74 37 41 89 70 93 99 98 61 17 35 31 52 99 5 11 96 0 55 7 67 81 97 72 12 20 61 44 89 79 0 72 1 56 90 0 4 82 30 7 88 53 85 14 77 32 33 98 7 81 70 90 58 39 40 58 59 34 81 79 25 78 3 4 53 95 13 82 0 64 6 5 38 46 12 16 15 46 44 19 24 50 93 50 2 67 64 46 2 98 71 76 23 38 63 9 39 26 23 85 67 
42 39 86 68 34 81 16 60 49 89 95 35 97 64 65 99 94 63 38 50 44 2 2 35 51 39 45 24 5 1 72 89 32 13 77 12 78 78 31 84 59 10 15 48 35 76 33 43 83 66 51 71 32 25 39 55 61 81 16 79 2 25 74 11 49 85 90 79 9 62 71 48 85 3 31 79 20 77 89 11 29 69 40 6 58 64 73 21 55 59 24 1 78 7 77 45 27 24 11 21 95 0 99 92 60 92 25 61 28 62 26 51 39 71 12 78 72 88 6 56 16 38 78 0 64 0 1 6 63 12 25 22 54 75 87 73 95 17 61 6 73 10 76 70 49 95 35 95 79 19 39 86 16 98 92 72 19 23 50 51 36 88 27 60 33 72 70 86 62 35 94 41 68 75 67 66 85 44 36 55 81 28 7 5 62 81 40 87 8 50 30 93 43 56 39 28 63 3 87 23 
32 88 51 70 98 60 28 73 37 19 83 15 14 82 97 39 87 21 17 63 49 62 75 16 55 23 89 17 39 29 61 70 47 12 86 12 25 4 49 57 77 86 8 85 30 99 78 86 30 93 34 1 41 67 44 58 40 90 83 23 58 52 70 71 55 83 64 95 34 99 9 34 81 94 35 90 28 13 82 53 14 40 35 6 48 45 84 56 91 46 64 27 0 24 71 12 85 94 77 82 29 50 34 73 19 18 15 14 51 70 28 4 18 85 16 52 88 59 16 41 37 17 60 33 54 47 32 74 25 74 34 32 13 33 88 64 96 7 26 63 93 56 76 73 60 21 47 10 69 13 5 11 95 46 16 90 61 29 65 29 23 48 8 40 27 89 16 63 6 17 37 83 53 43 74 41 38 33 32 2 79 99 26 8 26 31 62 64 57 65 50 76 18 40 12 41 55 10 59 84 
98 0 45 47 39 17 82 65 27 87 87 51 30 35 8 56 87 29 44 10 14 40 84 12 34 83 45 8 80 44 77 38 54 10 13 20 22 39 5 19 51 30 97 78 12 99 38 31 23 52 45 15 20 39 16 27 87 38 25 67 25 3 68 29 13 17 58 25 61 4 43 21 55 39 92 45 95 63 94 7 14 19 9 61 13 53 51 75 96 58 65 46 29 14 48 16 40 42 83 49 12 49 94 43 45 39 88 82 6 69 77 83 11 75 62 24 41 6 73 37 89 21 34 4 34 24 21 71 75 36 23 9 18 15 47 46 16 94 24 4 0 35 38 36 98 47 56 68 21 11 2 68 76 23 62 64 39 26 22 57 84 44 68 15 56 24 13 0 70 34 40 38 2 48 4 57 26 14 64 90 50 86 31 66 36 43 19 82 70 24 38 96 78 20 80 25 13 96 0 75 
43 77 90 47 76 10 52 58 74 68 36 94 20 36 16 54 47 43 46 52 17 38 53 59 51 87 36 46 43 85 89 22 21 29 45 4 58 11 15 81 91 97 1 62 82 33 21 19 47 55 70 71 98 96 60 29 9 23 64 21 1 24 82 87 24 53 73 91 99 52 12 89 67 22 90 33 32 46 88 54 37 0 19 61 58 91 24 53 49 9 87 78 66 56 14 88 84 69 15 4 64 92 60 84 39 54 77 12 38 31 5 22 55 22 96 74 20 29 9 36 15 30 44 46 63 40 28 43 59 13 39 38 34 7 55 62 10 3 91 75 17 96 87 47 4 90 32 27 24 60 90 61 65 81 71 9 43 74 33 62 44 9 23 39 76 73 56 73 79 2 31 11 99 65 61 29 69 79 25 17 83 48 41 98 69 70 77 79 78 54 58 50 87 78 10 36 80 56 47 97 
6 44 54 74 70 73 20 53 66 84 11 10 71 37 72 74 62 1 72 44 16 53 78 44 13 65 55 32 90 44 41 64 5 32 49 3 83 23 64 51 39 45 49 93 91 36 56 31 8 73 37 4 51 19 96 60 56 33 73 81 78 84 76 82 75 3 67 35 9 25 32 82 93 59 2 70 9 5 29 23 41 81 52 63 77 30 49 44 37 95 48 99 68 56 32 71 67 17 56 65 46 98 35 90 82 24 66 3 56 32 28 84 57 14 60 54 49 73 68 59 73 23 32 16 97 45 99 65 31 19 97 61 0 53 8 11 95 94 23 99 86 15 6 13 26 34 91 46 18 48 89 38 69 19 12 41 17 64 75 98 14 76 12 70 2 62 48 40 54 50 15 69 90 12 55 74 79 57 32 80 17 92 18 30 32 1 31 61 73 28 43 48 54 16 73 1 90 24 94 76 
1 57 77 50 36 17 85 26 72 53 64 28 63 78 60 81 1 93 65 15 45 30 57 48 63 3 54 99 72 60 58 37 31 72 20 55 29 12 90 23 35 8 23 76 1 15 98 57 22 55 35 16 27 9 67 51 46 1 57 83 55 36 55 16 89 76 24 81 48 65 22 92 50 53 36 35 16 52 98 16 99 73 37 23 33 72 97 75 6 29 3 93 74 29 83 6 59 45 72 97 60 90 74 44 7 23 63 28 71 84 15 21 48 52 94 64 51 5 2 41 99 74 35 89 67 73 57 95 51 94 48 39 86 0 20 70 63 84 3 6 44 24 81 12 44 88 62 62 52 96 32 25 43 56 72 63 17 18 97 73 29 99 2 14 77 41 41 32 51 99 47 42 53 17 75 83 79 20 69 57 3 66 53 23 55 78 94 64 19 70 63 4 6 49 75 17 56 79 33 99 
27 61 19 44 44 15 87 27 18 42 67 97 68 79 31 53 18 34 56 64 68 47 0 43 5 85 23 20 65 40 39 76 50 92 44 90 51 12 9 28 2 58 73 58 9 61 82 69 53 89 76 67 80 2 94 69 28 27 67 42 80 5 83 24 78 29 33 28 8 79 55 24 83 30 56 66 1 90 44 33 83 33 52 95 64 55 93 95 40 15 44 68 21 55 21 17 56 80 11 36 20 32 14 34 67 49 96 83 3 91 97 18 82 84 24 75 86 69 77 89 69 48 60 61 30 57 53 72 67 39 33 56 65 78 68 6 80 46 43 37 88 75 35 95 99 7 27 16 24 70 69 77 46 85 24 40 45 51 71 32 56 83 33 33 39 57 74 29 70 31 27 45 97 50 19 17 2 30 2 16 57 11 69 33 41 14 19 43 39 75 68 21 50 41 98 44 64 88 18 44 
0 72 12 94 11 42 98 48 88 8 7 13 39 16 18 48 42 91 55 76 23 49 76 41 66 92 30 32 25 32 44 4 93 95 25 66 17 39 5 16 16 56 98 54 76 36 4 33 92 37 37 31 79 66 53 63 0 67 33 82 67 64 90 44 94 78 98 1 54 14 4 79 32 87 46 79 98 42 92 57 55 83 70 23 3 96 78 35 53 61 77 17 82 38 28 5 49 72 4 39 41 8 86 0 50 40 5 46 83 7 20 84 59 82 1 54 44 15 92 41 43 77 43 80 46 89 22 21 4 39 66 64 72 84 71 26 15 86 53 15 89 4 96 85 42 39 40 86 42 1 38 12 42 60 10 29 91 76 11 97 24 65 69 92 75 79 66 24 8 91 55 62 24 5 20 51 7 31 69 23 46 1 54 18 6 3 9 15 32 84 47 15 3 51 0 84 33 44 71 75 
18 41 71 47 37 85 81 21 54 58 44 38 25 64 5 11 91 36 88 1 10 98 55 6 99 5 82 86 0 96 74 5 74 15 26 58 46 59 16 1 96 9 57 18 57 64 23 9 17 52 5 85 69 72 72 6 26 14 26 87 82 16 61 6 63 70 46 79 28 29 38 20 39 94 14 0 16 41 93 30 8 78 9 11 55 80 78 60 5 77 20 29 20 72 57 33 19 49 10 14 50 11 10 6 46 10 96 62 42 42 96 55 40 4 14 66 73 36 72 90 23 58 28 98 11 53 6 71 95 68 21 72 42 87 19 14 5 79 26 87 84 85 19 60 92 54 76 82 27 20 88 94 68 82 90 94 53 51 88 43 88 93 29 81 19 24 40 13 72 34 19 7 39 10 85 87 53 50 85 38 61 63 90 8 18 29 42 98 70 2 65 88 33 36 10 66 19 6 75 2 
9 36 85 77 89 80 94 39 69 76 47 32 31 64 7 77 57 7 83 0 63 19 20 99 36 13 72 57 58 90 75 44 58 96 8 94 73 31 39 19 99 92 55 20 27 92 52 26 57 5 57 77 51 48 72 74 18 52 55 51 21 65 65 55 31 41 10 21 56 20 58 96 94 54 20 77 52 2 27 63 23 57 5 97 15 21 99 50 21 86 17 48 32 17 72 58 0 10 59 87 68 15 62 32 30 43 54 86 85 43 34 98 33 77 44 47 96 89 14 84 25 99 34 67 57 71 94 13 16 45 99 42 67 13 77 33 17 90 83 50 89 32 56 81 71 37 28 48 0 51 19 47 8 44 0 4 38 44 90 8 39 83 71 0 97 76 22 26 56 38 34 71 65 1 76 96 41 24 85 76 11 53 24 74 63 78 57 82 2 44 69 60 95 3 90 57 69 81 19 46 
19 33 61 88 21 96 88 82 70 87 75 66 83 67 74 30 94 51 71 99 91 89 27 84 13 16 55 23 0 99 27 80 48 27 92 25 85 8 21 94 29 78 0 5 4 45 95 46 1 96 62 52 82 69 37 68 11 83 94 61 28 25 75 64 79 9 84 27 59 67 52 6 86 45 96 53 32 68 46 65 42 57 83 68 50 79 76 21 40 12 33 2 78 21 14 88 50 96 64 83 14 1 86 73 82 18 13 18 51 35 95 62 67 2 68 46 99 94 48 31 44 60 48 14 73 79 5 33 66 10 9 83 34 79 29 19 82 82 94 93 60 96 49 80 46 52 82 14 0 53 13 70 16 54 50 37 54 63 60 21 2 54 55 5 47 85 38 83 64 51 97 99 22 28 62 41 66 74 89 97 29 59 29 88 0 51 9 0 62 23 86 77 66 69 86 86 5 24 64 47 
74 58 48 51 43 32 63 74 79 89 67 88 74 98 44 19 38 42 21 81 85 65 36 92 17 70 24 81 56 12 36 54 41 18 34 1 50 98 15 86 99 54 81 59 13 92 40 95 3 87 40 92 76 65 59 12 95 24 5 15 42 5 58 18 28 3 41 7 15 89 63 48 20 30 37 57 28 14 98 26 18 9 37 24 0 2 70 35 23 39 36 31 94 25 46 9 32 69 69 76 7 12 53 44 2 25 40 87 4 32 9 75 27 99 57 35 13 52 40 27 22 62 12 55 74 66 68 68 38 92 44 51 90 92 16 68 7 67 88 8 44 7 16 8 3 93 93 80 68 95 60 70 77 23 20 33 99 2 22 91 51 4 52 53 4 5 22 17 65 75 27 68 15 13 38 84 32 58 22 92 80 63 54 38 20 69 33 4 71 85 21 94 2 41 67 94 63 36 54 88 
8 98 58 55 23 29 49 96 73 58 29 99 68 7 21 74 5 87 58 42 70 37 39 73 1 65 27 76 82 67 26 12 1 79 83 97 40 34 23 38 37 82 63 45 54 19 74 97 57 92 3 16 45 69 56 10 44 15 71 67 47 9 59 23 13 55 37 61 89 86 39 14 18 6 1 87 76 82 96 99 46 38 33 97 82 97 48 95 87 3 10 40 94 67 58 15 45 76 24 5 47 26 5 10 81 9 58 64 62 18 56 28 42 37 92 55 9 81 77 90 75 74 74 44 80 81 63 37 14 34 77 2 47 71 21 35 3 43 43 27 65 20 38 86 83 48 53 89 69 15 14 87 61 55 19 86 97 59 83 97 28 80 23 63 55 60 98 22 15 27 37 27 41 68 47 8 83 32 15 55 87 70 17 5 29 4 52 87 42 79 3 20 99 63 88 36 96 77 28 15 
61 57 92 74 4 6 79 93 65 60 73 50 68 12 27 80 18 64 69 92 94 83 57 23 7 14 65 60 39 39 83 5 63 48 96 84 96 33 76 89 70 53 6 34 94 36 16 62 78 21 12 8 50 8 81 88 59 78 44 55 78 66 51 38 67 46 14 48 35 34 98 41 49 43 76 75 9 37 64 20 96 68 72 85 7 14 40 22 87 92 82 3 92 76 8 17 8 74 57 65 52 60 89 54 10 60 2 43 74 62 45 98 69 20 22 69 1 65 37 27 30 22 89 31 32 51 63 14 71 42 58 72 9 57 33 26 44 45 99 37 45 30 43 43 39 69 16 89 53 83 70 26 52 5 83 88 82 83 80 59 64 38 33 3 1 35 17 38 89 37 68 6 29 19 18 16 75 46 97 81 30 61 90 30 26 52 9 18 10 37 62 96 33 96 71 9 33 84 8 89 
82 18 69 50 66 61 23 46 78 73 36 24 9 68 61 2 17 46 2 27 92 17 3 59 49 9 55 45 74 73 13 31 45 35 42 10 54 39 50 78 11 23 84 1 81 26 97 94 40 2 65 68 12 66 91 56 4 31 34 96 20 42 66 0 2 80 73 81 27 0 55 89 70 96 31 42 78 4 77 37 93 52 18 37 14 44 68 94 58 75 74 42 16 3 29 99 32 56 89 8 8 10 40 39 85 73 87 0 11 37 99 24 96 8 60 80 79 43 42 45 47 61 65 57 60 39 54 40 46 65 38 34 81 46 75 41 48 16 55 23 40 98 47 99 86 89 26 1 17 61 78 69 94 76 45 26 22 92 39 21 2 58 83 65 20 31 99 47 26 70 89 39 27 60 79 31 3 41 71 68 69 63 97 65 57 30 24 55 10 40 5 86 63 18 75 37 24 80 28 9 
65 67 90 50 29 78 23 73 55 71 31 0 49 55 74 73 65 91 26 75 21 48 84 93 32 7 27 5 33 85 77 60 91 66 29 48 26 57 88 23 14 97 32 78 64 89 77 70 43 65 71 31 12 76 79 4 90 51 41 10 97 68 32 67 17 97 10 53 37 2 62 28 35 3 73 64 80 58 43 74 21 92 12 15 70 86 43 5 57 55 66 98 97 90 31 88 35 36 38 19 1 91 84 22 30 52 91 50 91 10 55 23 38 5 17 32 47 70 0 15 48 76 52 46 32 36 57 81 6 88 82 29 87 99 4 85 76 79 88 58 87 44 91 92 6 92 96 17 71 62 12 16 9 55 82 36 93 1 17 41 49 5 99 87 82 10 12 96 49 55 31 12 80 30 26 17 48 78 39 52 22 96 3 98 87 31 80 68 75 47 40 14 85 96 11 57 53 77 70 82 
30 68 24 86 5 7 41 48 39 86 26 13 84 33 14 18 34 59 62 61 59 92 11 68 11 28 69 47 53 89 91 88 39 69 86 17 6 93 15 54 90 19 99 94 70 60 81 98 49 39 94 94 61 67 96 49 91 40 52 35 49 38 30 18 46 15 80 20 4 4 78 30 83 45 23 91 76 87 33 89 45 95 46 54 99 38 62 20 5 56 65 15 8 30 65 29 96 48 10 41 44 32 88 72 88 95 75 61 70 34 63 71 53 63 84 59 34 17 18 33 98 74 82 45 80 18 57 63 10 79 55 73 56 19 34 0 67 90 33 77 15 6 61 62 28 59 14 2 33 68 80 39 91 68 53 43 81 6 56 73 97 42 70 7 29 9 96 49 22 47 5 91 2 75 44 34 14 9 9 2 33 89 55 99 80 5 89 62 71 17 58 73 58 33 94 46 54 59 85 9 
76 83 4 88 40 71 31 40 29 32 88 62 88 67 11 51 90 70 42 41 65 75 46 18 14 32 25 7 72 85 12 56 54 6 86 52 62 31 58 92 44 31 72 4 29 52 20 43 41 32 49 23 26 3 45 10 42 40 89 18 50 21 4 2 76 82 67 29 46 38 31 79 85 99 53 1 20 37 44 87 35 96 21 94 29 52 56 48 6 96 16 41 37 39 32 1 21 70 57 50 58 46 23 86 73 97 15 24 47 33 93 74 13 1 18 53 2 93 16 96 97 21 82 33 10 20 67 86 49 57 3 97 72 50 70 48 24 59 85 26 19 17 68 61 65 15 83 12 63 30 24 45 10 13 89 49 30 70 60 11 57 56 74 12 50 34 99 4 50 13 35 90 64 25 47 21 36 66 96 12 53 85 43 36 7 94 53 66 66 12 40 83 61 99 91 15 10 50 46 3 
91 25 45 32 39 47 8 92 61 0 42 84 62 82 23 52 4 72 25 54 95 55 32 6 6 69 92 83 86 43 68 42 46 53 19 94 63 28 74 12 55 43 48 8 86 14 29 54 51 15 27 33 3 61 37 17 78 74 85 63 11 63 59 57 85 99 66 81 38 56 69 57 53 78 10 88 67 95 70 74 23 77 45 6 40 39 8 70 15 13 53 26 50 6 72 87 67 78 67 22 25 70 29 31 7 56 75 23 82 83 97 93 73 1 29 62 79 55 61 70 24 71 51 3 68 22 20 67 98 61 91 0 91 15 49 18 95 29 31 2 70 34 73 41 28 75 36 63 61 36 24 37 12 6 82 3 7 95 77 72 16 34 93 8 50 88 79 84 54 57 52 59 98 10 38 43 10 47 79 31 42 2 91 56 44 94 6 82 36 96 65 35 7 88 57 10 30 18 81 18 
5 84 37 66 60 85 27 75 70 74 0 49 1 62 38 52 11 54 89 81 58 46 5 33 16 99 36 32 93 20 67 44 88 63 60 93 80 42 56 33 39 13 12 45 80 58 13 3 19 93 27 72 49 24 23 15 30 26 99 59 43 92 28 3 80 99 28 47 48 84 34 30 50 41 11 20 22 67 49 35 29 69 53 24 9 41 0 4 53 39 70 58 97 37 40 93 88 39 94 73 12 41 19 37 46 37 90 90 90 33 34 76 28 0 11 84 97 80 96 34 37 66 95 82 5 31 10 15 88 59 30 34 9 22 66 96 11 83 40 93 53 14 85 36 33 21 16 16 43 23 7 47 84 57 94 89 85 82 17 27 28 76 70 39 29 29 0 44 79 84 10 61 30 66 29 78 61 70 78 52 16 82 66 5 17 52 17 57 17 61 43 64 37 65 20 95 40 1 29 80 
15 63 74 13 88 44 17 18 56 63 63 82 40 7 29 14 79 39 1 56 70 61 10 29 35 18 37 33 10 3 37 95 57 37 44 75 20 88 47 6 94 61 66 47 92 50 91 99 13 61 73 27 83 25 99 27 33 15 73 2 48 71 50 23 92 61 0 10 68 77 21 8 44 93 38 63 20 89 60 73 76 28 87 25 26 18 53 22 39 26 98 80 92 48 63 88 42 47 19 13 64 45 88 72 22 93 74 15 26 78 82 60 85 76 92 58 69 81 4 2 71 96 51 13 79 6 50 93 23 2 49 41 42 10 40 25 83 85 51 23 95 3 75 67 58 5 73 84 78 13 64 0 82 27 54 77 34 11 4 97 29 96 53 79 71 92 11 97 30 0 70 21 55 39 93 91 19 52 29 97 69 38 50 65 73 74 18 46 4 77 44 54 62 4 70 87 54 47 71 68 
85 16 88 2 95 52 84 71 46 6 66 58 20 75 1 10 9 6 91 19 81 53 97 26 61 13 26 40 85 47 7 61 8 39 87 7 58 31 7 46 52 46 83 33 56 34 38 48 61 44 81 79 83 91 10 53 76 47 18 93 75 9 65 80 40 66 48 96 44 33 33 59 32 74 61 42 95 52 17 67 85 57 17 31 19 40 69 58 89 99 24 36 84 40 22 59 17 99 23 62 97 86 74 89 37 22 26 32 27 68 57 29 64 29 83 26 7 46 96 72 47 62 55 28 52 63 56 66 11 78 67 37 95 94 88 74 23 60 22 94 59 62 32 57 96 72 27 29 96 16 90 94 3 79 49 17 41 56 34 98 39 16 69 58 84 80 33 80 92 77 36 14 70 47 99 56 41 60 19 15 78 92 96 85 9 95 7 8 67 1 85 81 9 11 31 58 61 13 35 64 
23 4 8 25 20 51 53 22 54 27 70 89 71 52 43 82 83 4 83 2 11 44 97 89 20 19 28 48 84 66 26 66 27 47 18 32 84 1 88 21 18 61 70 91 14 3 42 42 38 26 7 42 30 94 33 39 91 92 98 3 9 42 20 45 74 9 41 56 68 17 36 30 82 43 27 58 66 52 45 93 40 62 80 18 65 55 4 24 80 59 82 3 92 53 71 43 75 67 31 0 2 87 8 1 31 14 41 88 9 51 93 27 53 19 6 69 20 1 85 36 99 39 20 72 68 86 41 36 49 41 97 55 24 46 85 63 53 24 43 44 2 30 41 36 7 0 99 29 71 96 68 51 24 47 0 0 31 36 53 9 6 92 31 32 72 74 89 50 47 48 55 72 92 82 87 87 28 89 91 62 74 49 91 35 93 81 52 70 28 70 7 6 91 58 48 25 2 10 34 15 
34 83 71 66 44 82 64 52 13 71 96 8 64 52 56 81 49 48 40 30 29 11 31 57 48 94 13 66 14 74 44 58 9 70 35 52 17 22 83 9 21 78 58 39 73 97 79 13 29 91 93 47 23 47 18 34 27 89 91 92 56 55 0 39 61 46 44 45 68 1 43 6 65 92 6 66 66 62 16 16 13 40 81 86 94 77 50 89 73 73 87 38 11 6 37 7 87 18 12 83 18 56 10 14 16 82 67 96 44 35 82 54 57 98 33 16 9 83 38 3 78 73 56 54 71 70 31 40 4 50 33 31 26 99 54 84 84 81 73 74 31 36 31 87 69 26 97 25 93 71 50 72 30 68 0 86 89 19 59 50 64 39 62 96 34 45 14 76 8 4 90 24 78 12 17 79 53 94 62 14 47 55 62 67 38 79 54 45 1 41 86 51 57 90 15 48 98 62 21 44 
96 66 82 70 36 32 2 0 58 98 67 47 74 2 12 65 78 73 85 79 93 21 94 89 29 8 61 48 66 9 27 99 73 12 83 61 14 81 40 92 90 83 19 13 3 91 24 58 6 58 10 18 36 35 47 35 30 26 57 91 22 9 53 32 3 27 81 53 60 97 43 89 22 17 18 11 95 53 29 92 57 86 59 27 56 41 80 96 43 27 9 56 51 45 25 26 44 46 55 53 11 87 55 44 4 82 60 49 45 36 41 1 32 64 16 72 20 69 53 9 78 12 61 63 56 91 18 36 17 61 89 71 54 83 63 97 75 10 4 56 97 53 36 5 40 20 93 18 55 68 43 92 40 75 62 34 91 7 32 4 49 3 99 37 91 64 63 62 96 85 84 26 40 59 92 26 69 86 40 18 87 58 42 61 20 88 61 57 37 60 99 32 90 55 17 68 81 31 21 69 
78 60 46 47 50 47 10 27 81 84 81 53 20 5 91 84 49 59 26 45 95 73 88 72 84 76 1 75 90 71 26 89 72 66 69 74 91 7 63 14 2 31 85 13 71 96 50 64 71 90 95 69 79 95 43 43 16 98 19 31 36 52 97 16 69 83 75 12 3 93 13 45 79 6 0 31 37 58 6 7 0 54 26 4 81 36 63 10 20 24 35 19 31 81 2 99 26 12 25 73 13 5 9 83 0 66 35 44 58 60 57 23 15 98 12 82 65 57 1 55 22 29 18 38 19 3 82 94 6 87 57 91 62 43 88 98 1 75 22 62 45 51 30 50 53 31 4 16 33 59 7 40 59 73 96 29 35 74 57 4 0 14 7 67 18 17 7 95 56 76 31 64 50 98 63 66 91 62 31 92 66 87 87 77 48 20 74 85 83 81 48 99 67 16 46 29 27 69 84 61 
36 1 23 39 18 36 41 65 37 53 62 18 15 68 73 38 9 2 51 58 56 1 34 72 42 18 70 99 20 20 25 32 94 8 43 68 74 71 99 94 55 10 61 51 50 68 88 3 5 36 95 2 96 53 56 43 47 77 82 54 30 74 98 55 25 38 20 87 17 60 62 55 58 9 17 5 36 87 19 2 13 20 98 66 79 47 44 35 78 85 73 92 39 93 15 53 85 61 27 59 51 91 20 23 64 32 46 85 9 33 57 78 44 40 38 15 55 33 91 7 40 67 78 20 6 23 72 87 56 20 64 41 49 16 78 67 59 76 82 46 23 74 67 38 34 7 38 18 93 83 77 77 14 85 92 3 72 37 43 97 36 47 68 89 82 71 39 94 83 10 32 65 78 76 70 6 36 43 86 4 78 23 22 2 85 64 35 28 88 74 86 12 43 70 65 58 75 49 69 18 
42 93 25 63 9 94 8 30 20 30 56 69 15 18 82 47 70 62 21 13 49 18 38 84 24 30 85 77 14 32 92 81 15 97 71 56 18 82 95 45 63 6 59 82 13 86 18 19 95 1 53 74 38 47 55 47 95 0 36 80 10 64 46 90 63 26 80 26 15 29 38 62 98 85 15 93 23 54 80 8 16 23 11 95 47 65 42 44 92 96 72 65 62 98 49 47 26 68 28 24 26 22 40 50 55 13 79 90 10 32 22 96 26 8 50 20 35 57 55 7 28 26 11 69 8 91 68 72 12 24 58 58 17 46 29 66 71 76 32 49 66 71 9 2 63 46 23 65 37 31 91 3 16 29 59 52 92 35 76 77 68 8 45 97 54 11 95 67 24 42 61 51 64 78 85 25 5 25 14 41 75 58 72 39 1 96 38 57 12 79 57 98 25 60 57 36 76 34 53 12 
56 47 90 8 2 67 10 67 94 86 5 6 38 34 12 22 87 38 67 64 48 80 24 14 39 21 72 54 16 17 74 10 55 83 65 38 97 2 66 55 61 83 76 19 27 23 50 28 85 34 41 16 60 66 86 26 80 79 20 58 19 37 61 8 60 8 52 39 79 7 84 10 1 40 15 0 27 2 50 87 48 75 48 39 47 47 82 86 80 98 49 58 57 94 84 66 84 58 18 40 1 4 7 99 48 96 51 42 75 59 44 98 47 75 71 34 95 62 64 71 18 56 11 94 48 24 32 84 2 86 13 91 70 30 50 14 81 82 99 89 31 79 93 86 71 41 0 23 36 35 96 29 23 30 30 21 92 94 20 74 46 0 34 52 49 23 74 6 50 55 5 15 38 14 15 14 53 24 75 29 27 88 22 83 4 95 37 57 40 5 75 30 66 19 75 14 5 42 99 63 
15 68 7 32 10 25 35 75 80 16 97 59 61 33 46 95 81 97 19 0 46 40 59 86 93 35 59 33 16 84 68 3 31 19 74 76 58 54 61 29 21 76 45 91 56 40 64 46 99 18 87 75 57 77 34 4 40 33 64 70 63 53 77 7 7 90 15 62 83 60 31 68 62 9 20 72 81 14 65 55 52 58 4 39 53 52 96 34 18 84 1 51 75 22 50 96 84 50 89 33 2 86 82 91 28 22 88 59 20 46 76 12 9 57 97 53 70 6 3 66 39 93 31 50 30 28 85 48 69 22 37 40 20 92 16 57 81 64 34 10 46 91 99 93 37 81 68 38 26 74 80 33 51 12 11 93 14 40 48 68 82 75 13 81 89 65 17 63 91 83 58 43 9 82 69 78 87 58 93 61 0 45 82 43 66 89 41 43 82 42 46 49 99 25 33 78 31 65 82 13 
19 2 8 54 97 78 8 55 93 72 65 33 34 4 15 75 91 99 78 90 95 38 50 78 67 7 58 6 82 98 13 39 51 96 26 74 54 47 49 25 17 45 13 93 79 67 0 25 34 34 85 44 84 7 81 42 66 73 25 86 25 49 38 70 92 28 79 85 11 54 21 4 31 50 18 89 64 82 60 6 99 82 49 46 71 18 53 28 87 91 79 91 34 16 70 31 90 36 38 94 14 7 11 78 2 33 54 1 67 46 91 15 4 96 80 14 8 13 33 26 36 54 39 10 26 55 71 70 28 38 93 55 86 98 25 6 38 89 92 96 91 81 14 65 95 21 95 18 73 20 16 59 31 31 17 87 37 93 59 36 18 98 30 0 25 7 87 42 52 57 57 5 40 41 90 6 89 90 76 32 20 99 91 28 63 78 48 36 86 67 30 89 66 93 98 49 24 94 23 60 
43 12 66 8 37 80 7 86 38 86 27 1 78 46 63 27 57 32 29 16 20 70 94 78 8 62 68 55 79 47 45 89 20 11 86 85 17 11 96 39 9 31 52 3 12 58 51 59 12 10 65 8 45 34 83 73 93 92 62 32 64 8 62 70 50 38 25 78 43 31 73 0 94 32 93 65 12 60 47 57 22 65 49 15 5 76 28 94 39 11 91 22 94 38 21 18 80 44 94 85 91 78 8 87 38 75 13 32 99 22 27 40 3 81 15 22 89 86 9 36 24 25 28 22 33 4 85 18 1 38 15 87 39 77 28 60 43 66 15 41 31 44 4 35 48 61 49 36 91 84 88 44 61 56 10 25 20 41 17 46 44 44 12 71 94 0 90 88 85 34 57 51 1 74 32 78 76 32 79 22 65 12 8 24 92 98 10 80 75 22 16 99 5 92 78 99 47 83 53 13 
29 81 84 66 22 62 54 46 78 13 0 13 69 21 67 70 45 33 83 78 34 14 69 56 89 30 71 21 97 91 95 82 73 39 16 41 30 39 9 74 92 33 19 22 76 82 89 66 67 78 82 0 34 99 60 89 84 70 34 83 2 17 53 72 19 9 45 50 93 15 97 50 36 97 63 83 61 85 58 75 50 73 29 19 21 89 33 35 9 10 36 39 60 55 56 23 1 86 36 8 92 20 9 61 21 19 15 5 25 92 92 59 36 27 21 22 85 20 77 23 17 36 30 66 38 78 17 30 16 16 41 0 94 16 24 32 82 85 96 85 14 42 35 96 73 29 89 95 6 64 14 1 95 78 67 90 80 1 88 24 21 8 32 60 75 99 16 98 13 41 2 19 90 9 93 78 11 1 77 1 98 69 3 97 74 10 14 48 6 69 32 35 50 38 60 42 74 9 41 9 
40 28 90 13 69 62 28 95 14 17 46 97 16 84 69 45 80 2 54 68 47 88 68 31 7 86 64 89 44 52 97 32 45 30 49 16 19 60 30 41 64 52 62 58 39 79 39 91 19 76 30 87 11 38 62 26 79 0 45 31 41 76 56 4 36 61 65 56 91 32 56 52 20 18 46 93 36 19 47 41 25 92 48 11 77 63 41 0 1 14 73 7 90 67 44 24 1 42 96 0 19 3 37 41 97 89 83 12 10 74 61 78 50 21 32 93 84 91 34 13 26 15 98 77 62 99 35 17 46 24 24 53 80 98 52 11 77 80 75 48 16 37 19 26 61 41 6 31 35 85 94 48 67 6 36 71 34 97 12 71 38 71 1 77 11 82 54 17 2 13 90 81 2 2 3 45 94 93 44 49 20 19 2 19 96 60 0 23 56 1 30 87 50 26 50 17 1 65 68 48 
75 31 8 25 48 82 1 25 32 2 42 23 66 75 52 47 88 59 28 74 75 77 99 32 63 46 85 37 15 69 87 55 67 77 4 86 18 53 24 73 39 99 51 98 47 55 22 15 9 35 78 93 95 60 10 95 14 24 66 72 40 23 27 41 45 77 98 31 28 49 47 80 27 34 57 95 46 31 66 54 71 51 92 54 38 90 56 90 80 77 95 2 79 11 96 51 25 97 23 44 1 49 81 81 12 33 65 51 59 77 20 39 63 70 16 25 97 63 11 84 64 81 35 40 11 85 75 29 62 33 59 2 48 72 96 69 96 75 72 16 18 17 46 26 52 44 61 15 71 57 18 12 38 28 12 62 65 27 57 24 30 94 83 58 40 97 97 83 84 95 35 85 81 23 79 54 66 60 7 78 54 28 19 78 22 96 67 88 16 41 7 3 61 15 75 53 81 67 77 65 
49 18 7 89 72 90 75 32 96 49 38 36 83 95 85 82 71 22 45 53 66 5 71 78 8 13 63 77 41 77 92 59 59 30 76 7 78 70 64 72 17 28 71 79 4 60 93 63 94 51 10 98 40 85 57 28 24 49 48 8 56 65 81 8 84 3 19 90 48 11 19 80 63 16 41 53 93 73 48 6 2 46 59 68 31 74 69 96 18 48 35 38 60 10 21 96 94 11 81 99 57 61 63 86 39 26 95 15 20 31 1 31 54 17 75 2 92 84 67 52 83 88 42 75 69 35 45 47 67 81 72 65 86 60 66 71 80 35 1 58 35 67 14 17 91 45 11 81 73 1 92 58 25 91 20 31 55 33 54 32 80 67 28 8 88 7 51 43 74 53 4 83 83 27 28 34 27 53 4 30 78 80 45 27 86 91 68 22 40 98 90 30 92 61 53 22 88 9 89 22 
37 49 93 11 31 59 29 91 69 36 93 34 47 14 76 67 3 6 13 31 53 89 39 71 15 18 31 16 33 48 64 44 2 46 80 62 13 62 4 68 40 56 40 37 39 60 77 75 87 55 60 47 5 20 40 83 38 70 75 56 38 38 80 99 75 50 15 12 51 28 57 13 66 1 92 51 60 63 10 73 91 89 90 93 56 26 33 99 76 92 10 52 67 62 1 15 61 52 80 62 32 21 93 29 12 98 35 89 79 71 60 15 62 61 42 67 44 54 21 73 84 25 13 71 92 59 16 30 76 40 77 64 0 40 8 70 83 28 65 7 13 75 4 21 89 66 44 93 49 58 78 92 40 34 3 87 28 51 27 82 67 85 86 21 21 99 52 14 9 51 56 27 23 48 17 7 47 96 1 8 20 56 27 12 58 61 60 94 43 24 73 66 80 20 74 32 83 6 76 42 
25 25 67 1 19 58 32 98 33 79 69 92 97 81 51 17 60 95 27 44 21 95 22 89 61 27 57 52 57 55 13 41 58 8 49 40 38 71 12 80 55 1 23 6 62 66 34 3 96 56 16 77 65 13 24 75 45 37 24 55 13 13 96 58 58 30 88 54 39 26 73 83 23 90 4 9 30 6 26 24 91 35 47 22 78 73 82 91 44 63 88 72 41 8 95 35 66 62 89 75 36 47 43 42 83 33 19 66 97 12 72 26 57 98 23 61 60 99 62 46 55 55 24 58 17 38 4 40 27 99 49 73 79 54 61 96 38 27 79 89 33 53 64 93 57 58 56 72 94 71 60 18 89 53 54 51 77 42 5 37 1 92 89 60 91 13 81 41 72 53 85 29 1 50 38 73 61 84 75 3 10 24 11 72 75 40 39 84 19 22 19 58 44 96 35 53 83 69 5 40 
58 97 17 30 66 59 65 74 15 98 93 56 78 54 45 77 8 78 27 41 64 8 7 98 29 70 40 14 81 42 24 62 92 79 97 31 79 8 85 9 46 71 44 56 63 41 34 5 25 56 86 68 13 41 62 2 68 6 43 90 66 23 55 1 54 48 92 82 58 76 43 87 98 15 48 54 79 89 81 32 9 61 89 77 71 37 18 73 11 64 73 15 75 16 35 75 7 28 75 48 6 3 48 3 15 39 17 51 69 75 42 71 52 36 41 74 95 94 70 10 68 72 47 46 65 95 79 56 69 35 30 31 60 43 85 92 52 50 14 42 80 60 64 26 84 73 13 14 36 80 73 20 86 12 46 34 93 34 85 51 8 36 83 45 2 8 99 89 31 3 18 11 83 57 14 8 41 73 32 68 22 66 89 92 22 39 98 59 5 84 25 3 37 90 77 39 29 89 66 14 
76 94 71 75 33 84 81 65 46 37 93 3 39 13 8 2 92 4 92 62 10 22 19 41 30 6 70 85 53 37 13 14 49 9 42 95 65 87 39 35 88 27 28 29 58 51 73 59 49 45 54 61 87 21 40 53 42 44 77 44 97 25 45 94 14 44 80 90 77 14 2 48 46 35 41 91 10 74 28 95 10 0 19 74 43 13 69 85 86 11 19 81 95 51 47 62 68 89 44 23 73 76 13 13 31 3 0 36 12 75 19 20 38 27 13 6 27 85 98 62 25 58 20 56 52 85 26 54 29 42 31 42 7 43 21 51 32 54 63 12 17 18 9 78 84 78 60 29 52 68 26 36 26 66 81 11 34 93 99 82 92 44 1 20 66 32 90 92 32 9 24 3 31 93 45 49 27 26 44 85 38 19 77 12 39 84 9 52 39 81 5 64 34 54 58 4 56 80 12 7 
95 27 52 60 79 77 55 68 78 80 69 8 64 41 99 14 73 92 96 37 94 43 44 20 95 9 42 80 44 7 25 67 54 93 69 58 47 64 47 1 28 59 49 37 88 57 28 28 14 93 3 12 74 72 90 6 51 30 8 82 81 94 43 67 0 74 99 65 35 18 60 88 99 94 93 13 48 28 81 18 65 52 72 7 44 94 94 36 0 1 97 35 82 34 49 92 92 53 8 76 65 67 96 78 25 82 36 57 71 16 0 85 49 8 32 28 77 54 71 82 96 70 13 8 20 94 38 22 45 31 17 11 42 58 26 93 27 81 53 38 28 65 34 39 58 40 68 51 14 87 20 11 58 66 52 2 2 27 1 13 51 8 55 37 83 6 12 27 25 52 24 5 43 97 86 96 80 95 17 47 34 75 65 3 90 51 37 83 15 47 75 22 98 38 31 85 53 91 88 41 
85 31 55 79 19 85 96 99 83 49 75 16 90 80 76 40 38 86 45 57 2 61 79 11 92 14 23 11 49 99 62 6 98 12 69 70 31 22 7 73 51 26 67 52 10 29 51 47 4 33 6 56 94 86 3 37 97 11 11 87 9 1 21 96 22 5 96 43 31 47 12 28 23 44 98 32 4 61 42 88 79 94 82 52 28 61 30 84 84 56 89 13 52 76 75 23 26 8 3 98 22 43 67 85 16 49 49 97 1 66 62 44 99 62 95 78 39 38 81 47 85 6 77 50 58 67 42 60 29 88 41 98 1 1 45 40 30 27 47 73 37 88 71 11 44 4 28 48 39 30 6 90 78 12 40 51 34 3 54 17 31 65 76 90 78 48 77 2 33 8 88 64 66 54 94 85 89 67 47 18 12 10 69 44 88 91 69 24 47 50 58 93 94 6 70 72 71 93 98 74 
92 52 27 30 76 45 73 62 11 20 81 81 22 87 83 93 27 24 83 50 16 0 91 51 88 39 37 50 74 63 17 32 29 72 44 93 57 63 88 41 90 21 79 59 19 20 98 78 93 8 7 56 3 48 47 44 59 99 29 1 13 29 39 53 17 1 22 90 65 51 36 31 56 10 40 98 91 46 72 65 92 57 50 89 80 97 52 28 69 50 1 73 80 9 38 66 1 5 17 11 80 21 71 83 62 71 30 11 88 21 24 82 52 47 49 67 36 42 49 50 77 98 25 79 31 21 35 99 19 2 6 10 63 61 55 3 74 85 68 38 83 97 84 21 28 61 45 65 74 75 91 62 53 43 67 60 93 2 36 52 42 64 60 70 11 95 43 53 73 26 66 70 20 7 34 33 30 17 23 90 66 73 91 82 89 53 63 36 17 61 45 85 19 6 67 40 55 38 8 22 
71 90 54 32 16 63 29 34 20 20 16 50 96 71 52 45 28 15 55 25 77 47 10 88 49 20 45 74 47 5 35 75 86 37 64 81 32 86 80 36 26 92 46 95 51 13 30 98 51 7 78 21 63 76 13 93 55 32 89 37 81 95 97 46 57 98 35 92 47 19 57 48 32 76 57 90 48 88 44 14 83 23 57 25 71 40 9 99 48 56 23 5 9 71 37 56 94 62 50 13 68 35 35 52 56 38 45 87 60 91 8 37 29 64 25 51 8 44 10 88 81 99 25 72 9 45 60 24 58 47 90 33 12 46 3 27 51 84 8 37 64 12 9 15 28 45 35 59 56 25 61 11 2 49 99 48 33 15 99 76 38 93 33 74 91 75 73 16 54 72 81 30 32 55 49 4 24 58 80 76 40 35 7 76 81 56 52 54 97 16 84 47 22 72 22 37 47 8 68 8 
13 12 20 69 88 80 81 94 29 53 27 76 43 27 23 46 38 52 84 0 20 76 5 32 12 99 90 22 72 24 62 94 12 72 82 61 70 59 81 73 25 94 91 1 62 51 7 15 94 75 48 89 75 23 99 98 45 57 88 46 30 81 89 99 55 79 21 40 31 93 61 88 52 3 65 68 85 47 70 4 77 29 63 94 15 72 42 58 52 9 22 38 64 67 74 93 75 86 72 83 94 5 76 44 83 50 60 64 0 85 23 76 83 34 77 94 56 90 90 16 23 17 84 10 1 83 62 18 66 22 10 23 18 66 72 64 18 94 56 63 22 11 18 77 42 41 93 85 79 17 85 91 18 55 52 3 46 47 52 89 60 15 72 4 25 33 73 73 48 29 38 21 42 33 3 97 32 7 30 46 36 46 81 56 64 66 21 9 24 45 98 24 66 33 92 67 3 98 79 69 
1 43 14 67 48 81 10 62 6 10 39 58 87 15 45 22 86 65 68 75 34 87 69 3 41 18 98 81 98 53 52 37 15 52 86 52 15 10 48 66 65 78 50 4 69 88 52 11 79 98 76 44 68 37 77 86 84 49 46 24 95 74 30 1 28 3 87 3 0 40 26 19 20 47 81 86 44 6 75 71 27 0 15 32 98 67 91 98 80 50 29 36 81 35 24 84 66 94 9 89 71 17 43 58 54 31 78 63 69 53 8 37 32 77 10 68 56 58 96 18 49 28 65 71 18 35 45 59 87 67 17 66 95 24 90 49 14 16 27 38 59 69 8 85 72 35 15 25 18 2 95 92 75 29 28 75 82 84 27 16 45 19 76 54 0 68 79 43 85 81 57 90 98 30 17 11 98 39 19 1 48 27 81 30 62 81 11 77 28 91 91 45 33 70 49 44 73 29 25 97 
16 49 86 88 62 19 82 18 4 10 89 19 17 27 43 42 94 73 0 59 0 14 24 0 9 12 56 69 65 95 84 51 15 17 20 40 83 43 3 40 33 81 54 90 49 5 56 83 33 19 51 41 10 14 99 45 30 87 33 32 38 60 16 44 21 48 67 23 5 37 14 3 34 71 86 6 61 1 61 75 98 63 99 54 70 16 25 18 57 55 55 50 49 56 13 27 83 2 93 12 65 72 94 29 89 0 65 8 62 50 14 44 54 75 81 64 57 45 55 18 76 31 62 87 18 43 83 54 46 65 28 21 55 37 5 96 33 97 45 70 78 38 30 63 8 70 72 49 99 52 34 6 67 78 79 31 81 12 49 31 30 88 47 53 75 76 56 8 15 74 63 58 76 62 46 14 45 90 97 40 89 31 19 27 70 39 80 18 58 53 48 25 93 1 3 61 85 71 1 82 
46 64 41 26 55 4 3 71 55 27 30 32 47 63 19 82 99 17 88 52 65 86 74 35 24 99 92 4 71 76 26 91 43 33 97 23 85 13 68 38 91 34 60 55 26 38 0 30 29 40 50 94 3 53 82 46 64 29 74 70 42 50 85 43 20 83 30 31 40 80 44 10 54 18 40 9 80 43 59 75 26 10 54 58 29 88 38 50 51 29 79 19 12 33 93 44 33 62 14 54 68 80 60 96 48 64 61 84 44 70 62 91 96 27 92 72 27 0 10 78 80 32 25 83 14 71 73 82 39 0 73 76 27 38 90 65 16 11 79 94 0 97 75 88 59 72 99 27 76 21 4 11 86 21 33 17 0 23 77 7 75 36 0 46 29 34 9 68 2 18 65 3 91 75 50 56 64 82 49 20 92 55 46 38 74 22 64 74 23 66 51 24 2 27 0 16 3 26 63 26 
66 25 10 11 97 65 96 20 41 81 14 13 0 56 2 82 7 7 51 94 2 34 56 90 12 40 23 41 93 19 66 94 15 70 57 29 22 93 10 91 7 6 38 80 58 48 23 30 63 97 39 15 21 68 49 77 89 36 42 58 27 39 38 65 81 45 3 74 36 65 80 29 77 79 27 88 24 99 38 72 39 1 93 23 55 12 39 75 70 69 79 21 78 46 55 2 9 47 76 16 11 87 77 70 34 30 16 62 96 44 28 63 54 3 17 82 26 50 25 33 79 13 31 95 12 60 50 29 82 39 99 93 97 17 43 46 8 73 69 80 94 16 68 19 11 6 26 89 38 43 24 64 77 76 31 0 82 8 9 39 90 6 62 65 44 62 11 28 34 99 8 76 31 94 63 39 11 13 76 95 40 95 22 92 45 73 81 23 93 93 83 53 98 12 9 71 46 88 91 24 
97 70 37 62 79 30 96 85 14 64 40 83 67 79 87 41 58 77 57 68 22 53 78 81 11 34 15 55 75 40 11 14 98 6 78 97 10 41 3 53 87 54 38 29 58 59 3 9 56 38 84 90 70 5 51 11 58 77 18 51 48 17 68 30 7 31 38 2 81 20 83 91 15 66 3 12 60 3 21 93 97 85 9 49 30 91 80 56 44 90 58 14 12 92 4 16 79 70 45 77 84 86 64 62 36 30 11 58 35 48 76 61 52 44 82 6 77 16 51 60 97 45 32 62 50 5 10 51 38 76 70 38 85 13 42 33 91 1 60 36 91 95 49 7 60 20 99 54 21 31 10 80 74 45 99 65 1 76 36 83 8 25 25 54 13 96 28 90 86 89 93 18 70 64 59 12 20 47 84 34 93 91 96 71 75 20 7 89 76 34 81 80 79 28 27 55 23 48 77 38 
49 50 4 11 97 93 81 74 70 95 93 27 75 57 98 21 20 76 83 97 91 62 72 7 18 99 88 66 76 61 34 58 26 95 70 9 94 51 52 70 95 22 95 91 37 33 90 26 15 43 25 32 39 63 91 13 62 17 12 96 76 40 96 26 92 24 8 42 0 12 73 96 73 29 65 0 52 1 29 90 88 14 22 35 46 38 20 43 81 75 54 91 37 1 48 68 39 85 92 49 98 71 4 12 40 7 82 94 99 94 3 37 5 26 89 35 79 6 42 9 61 81 62 73 62 80 26 80 41 66 43 56 36 79 34 89 96 88 7 97 80 24 21 32 56 86 58 18 38 50 7 30 14 31 52 18 61 68 26 86 95 15 77 20 70 59 41 40 84 6 61 74 63 64 34 58 11 64 35 9 26 63 20 12 50 44 72 9 17 97 95 14 14 18 53 42 82 73 81 99 
44 9 99 73 7 85 98 16 24 74 89 4 2 75 26 38 62 89 85 21 97 11 52 58 38 18 73 23 66 19 62 33 59 11 20 57 39 1 44 10 93 57 33 9 26 79 23 73 6 66 25 19 68 52 69 77 54 87 12 84 68 13 37 44 93 79 89 35 58 53 11 67 22 62 94 14 68 91 84 44 86 34 63 6 34 66 35 41 12 62 6 84 32 81 79 95 86 71 1 59 76 82 61 28 32 7 86 85 0 93 56 16 47 46 65 31 52 90 18 98 16 61 87 37 65 24 98 35 61 91 63 2 43 68 89 81 40 74 13 35 44 10 42 33 30 36 55 34 15 15 59 41 51 42 88 85 65 10 69 50 62 11 92 40 5 49 80 28 19 56 46 70 21 1 53 87 21 79 26 91 69 61 35 11 47 32 3 98 11 11 98 26 58 51 58 28 0 52 88 50 
92 69 90 84 27 37 12 39 36 20 68 30 1 30 70 28 85 41 48 42 20 91 1 69 16 84 67 75 45 56 44 25 6 73 77 20 52 0 50 74 25 35 49 19 5 63 12 78 73 65 41 24 90 6 68 30 18 59 12 41 82 9 15 12 63 90 46 29 51 83 43 38 58 25 43 48 61 51 0 89 58 26 79 57 98 23 86 84 36 24 47 29 66 67 40 20 85 10 99 6 32 1 14 81 28 2 14 49 46 21 93 74 46 86 88 5 45 94 77 8 42 40 87 4 37 17 57 79 12 62 15 46 75 81 17 47 99 28 3 90 49 48 35 67 48 12 68 30 20 87 60 75 26 58 7 84 54 71 27 78 71 24 26 51 41 94 18 97 57 74 63 81 24 38 50 7 76 15 34 99 47 10 88 94 50 55 44 97 47 19 16 35 23 60 10 76 61 69 8 70 
42 28 75 38 11 12 33 76 8 35 8 28 50 2 98 61 5 91 10 84 91 68 52 11 43 78 3 71 96 70 14 72 99 78 91 65 51 41 83 99 76 65 78 86 37 30 67 34 49 1 33 9 16 12 17 70 82 25 6 15 72 62 96 13 85 60 81 56 4 42 2 21 2 92 15 72 32 16 52 2 98 88 0 60 76 92 29 39 22 98 58 20 71 48 23 93 88 33 6 84 83 57 89 25 7 64 16 72 49 87 5 27 82 93 69 68 90 53 72 76 81 53 50 17 88 51 13 55 50 48 56 53 64 4 2 48 80 3 9 24 89 76 51 84 4 70 68 83 39 59 68 76 35 56 98 36 58 33 59 15 93 25 52 92 40 40 60 59 79 38 96 71 17 52 28 42 28 64 24 66 67 31 43 49 94 98 90 56 3 18 7 24 86 61 17 69 78 91 28 88 
14 98 12 47 48 29 75 89 60 78 23 18 60 34 19 45 2 43 29 14 5 22 64 60 23 86 52 75 41 58 14 82 50 42 28 83 58 94 1 5 37 76 47 17 32 62 36 19 0 65 0 72 4 41 62 21 93 53 3 45 76 92 7 41 59 79 63 62 63 42 27 21 27 54 97 39 61 23 63 21 51 78 94 22 90 14 58 95 91 63 53 41 4 50 12 36 74 48 42 9 81 83 6 54 20 25 82 29 63 94 14 83 4 1 30 21 45 62 54 44 93 39 83 51 17 30 31 92 15 82 94 22 27 40 52 2 94 90 83 61 88 39 22 5 47 29 21 24 60 75 62 35 32 18 13 67 56 63 2 36 59 95 79 87 63 38 20 60 13 89 26 13 33 49 42 54 9 91 49 63 11 9 21 15 96 50 87 76 24 94 79 64 48 38 65 4 91 76 14 54 
33 76 13 69 67 45 57 46 0 80 2 72 19 57 54 65 7 56 13 14 90 95 57 59 16 85 86 47 58 79 96 18 92 13 16 9 62 42 96 50 79 22 41 62 73 61 97 95 88 56 59 7 94 27 72 20 92 75 31 39 98 25 35 35 14 83 26 13 83 35 19 29 99 93 2 32 76 45 94 84 21 52 55 54 80 77 37 93 86 10 49 69 81 58 0 91 62 11 41 27 28 46 29 61 8 75 40 13 17 18 33 55 81 98 39 88 19 59 2 7 32 37 35 64 17 90 49 30 90 18 77 67 37 50 79 34 27 20 31 43 35 92 21 54 32 22 43 77 20 59 44 92 52 75 52 9 27 97 99 33 4 17 5 59 18 84 31 18 72 93 34 88 90 22 66 12 84 5 44 5 55 38 54 50 25 55 78 34 58 28 7 42 40 21 76 98 67 5 90 75 
62 50 18 51 93 40 54 88 45 75 16 48 23 94 4 16 75 9 95 85 58 54 19 9 58 99 18 61 40 42 18 7 79 7 76 91 22 49 91 26 80 61 6 17 92 88 29 12 37 34 98 70 76 32 88 53 17 91 38 71 5 28 79 52 22 0 43 61 20 71 4 92 30 12 89 66 10 8 63 85 6 70 3 97 65 69 91 51 49 5 69 39 83 44 2 90 75 53 93 56 36 37 2 2 27 5 36 1 82 23 54 23 71 74 38 52 25 0 65 91 68 30 39 33 15 32 43 21 14 7 69 58 69 97 61 28 76 88 73 75 94 66 48 54 9 0 48 60 72 5 35 54 39 50 24 98 4 38 66 96 99 37 29 54 47 12 96 13 91 63 54 90 3 25 58 27 99 46 83 70 96 97 47 6 79 61 91 84 43 58 46 33 20 70 98 24 84 71 69 4 
26 47 39 78 18 68 55 5 53 13 3 5 65 64 80 30 58 86 59 87 51 1 7 17 30 79 32 11 93 36 44 81 48 33 3 23 69 74 81 17 77 22 34 82 28 87 81 48 4 73 13 64 57 77 96 22 36 62 73 68 50 13 18 64 42 32 74 29 99 66 34 90 65 18 65 44 79 34 96 71 27 18 49 76 57 18 11 66 85 95 16 7 91 98 14 92 53 62 93 20 6 30 37 92 53 65 31 56 99 73 93 10 85 70 32 91 82 5 16 34 87 66 26 23 55 40 21 91 53 28 15 11 64 57 35 4 44 56 72 83 6 2 58 41 45 24 47 90 44 44 5 64 94 72 6 61 1 37 38 46 29 46 31 39 23 12 8 33 84 27 32 29 19 79 51 33 57 59 95 79 74 4 40 64 88 4 82 77 39 54 32 4 59 53 58 94 4 68 78 5 
51 42 24 16 42 3 94 48 79 95 91 89 95 98 48 94 69 47 34 13 46 51 16 69 85 52 68 23 21 51 50 86 56 24 92 5 24 63 48 16 91 63 36 84 79 41 85 72 31 86 22 72 41 3 20 49 32 70 82 80 98 74 16 20 21 29 3 25 80 74 11 15 48 98 35 46 99 18 35 5 96 26 88 71 27 60 48 24 86 10 36 20 90 73 57 76 29 5 78 82 90 75 94 50 39 36 63 81 38 88 26 18 3 25 47 54 31 68 52 16 31 31 52 40 0 25 21 32 97 18 95 27 0 62 44 92 53 73 52 50 84 51 15 18 38 63 2 65 42 39 91 9 0 5 37 45 14 59 45 98 24 23 38 52 61 90 21 45 80 79 22 80 99 40 12 48 81 36 74 3 69 30 49 17 74 54 79 25 69 7 95 9 38 61 15 88 85 96 50 16 
5 70 86 25 3 84 77 83 31 86 58 16 97 94 98 98 17 18 52 50 28 27 54 29 30 85 45 86 62 41 50 55 51 49 87 45 4 42 50 51 40 5 92 96 81 51 56 50 35 89 51 39 69 55 64 9 68 73 90 91 3 3 0 79 40 1 39 16 87 33 81 67 39 46 88 29 90 24 18 3 48 62 41 73 91 70 88 23 48 44 41 5 0 14 20 66 10 49 4 29 19 44 28 97 93 82 32 55 48 25 92 38 84 34 28 55 57 93 91 29 19 33 31 72 5 58 5 62 50 91 78 20 28 40 58 80 15 84 58 21 59 15 95 82 35 47 54 59 91 64 24 57 15 34 58 11 25 73 80 6 49 81 99 53 76 85 56 1 3 88 46 26 56 92 96 35 72 8 86 26 72 31 51 87 21 60 7 84 44 57 98 31 27 38 51 11 57 29 16 97 
21 21 40 50 22 45 14 33 94 35 32 61 43 37 36 88 55 74 40 0 69 9 29 90 53 0 16 63 62 42 20 80 69 26 19 90 62 48 4 37 85 38 79 23 73 16 22 30 47 23 16 79 40 43 32 51 59 88 49 91 37 36 55 31 9 29 12 46 7 36 63 38 30 53 84 79 90 81 54 75 34 10 98 40 77 42 55 92 94 94 50 45 25 15 75 96 34 37 99 97 60 49 59 56 87 99 83 50 57 43 81 67 0 74 96 10 71 55 50 18 46 68 75 27 15 83 26 29 0 24 47 1 51 28 99 66 2 2 89 69 11 36 78 8 34 24 44 33 44 42 81 9 84 95 25 62 96 39 43 55 43 86 40 35 49 52 46 62 38 38 93 30 48 77 58 47 13 23 20 67 16 91 70 47 17 5 46 94 3 28 45 22 23 11 39 55 34 87 45 81 
92 80 32 23 62 2 84 24 3 3 2 71 63 52 82 86 26 4 2 72 55 88 18 19 53 81 87 9 93 45 8 22 1 33 37 84 77 6 33 27 62 43 54 41 13 23 81 74 4 30 45 85 51 46 42 65 14 74 25 7 76 20 95 20 28 55 49 40 24 63 36 60 61 8 64 11 19 96 69 91 67 43 13 3 21 28 87 5 75 16 18 52 9 4 86 16 68 47 89 21 92 75 43 95 66 1 91 13 72 83 9 16 68 52 59 40 63 66 31 52 20 41 97 99 47 35 95 16 57 42 63 45 66 94 77 2 97 29 2 7 45 90 3 3 24 61 75 56 1 78 7 3 81 77 23 84 33 69 35 78 77 29 36 84 94 96 41 70 45 77 29 13 73 99 7 28 47 1 59 68 12 40 22 25 51 87 29 71 32 56 70 97 94 26 94 58 54 53 36 34 
54 90 66 8 26 77 16 32 73 57 53 49 34 69 2 56 81 24 43 3 29 57 44 86 41 99 24 87 19 72 99 86 36 81 17 37 54 97 38 76 53 80 32 38 20 20 72 16 30 56 63 92 74 72 23 13 75 18 70 32 86 1 33 50 57 38 8 2 29 11 72 80 11 1 99 10 13 20 50 8 50 81 20 56 12 82 91 3 37 96 49 92 76 98 86 9 77 76 28 9 73 13 70 48 31 18 65 25 97 24 0 97 59 39 86 67 71 19 91 78 66 83 37 50 91 5 53 20 23 50 90 51 67 78 56 44 96 43 48 8 21 74 27 40 70 40 37 51 37 37 72 46 62 32 8 93 17 58 63 21 75 90 78 35 39 62 0 90 98 52 74 41 95 98 55 71 36 57 5 10 56 63 53 29 89 77 98 62 7 95 26 14 9 69 38 18 69 79 31 33 
91 7 6 74 24 25 41 12 92 20 99 16 26 4 90 54 45 36 92 37 79 3 71 1 57 0 69 74 19 71 33 18 14 26 57 95 82 23 30 1 99 46 51 95 50 75 46 16 97 45 2 44 62 47 87 82 71 37 70 50 39 32 69 8 6 34 58 18 99 90 87 37 24 29 6 36 26 22 44 0 11 57 28 22 47 26 86 98 12 83 58 21 63 20 10 29 78 41 56 93 76 61 18 20 42 51 29 51 82 6 90 67 69 47 46 48 92 78 55 72 96 2 14 35 96 86 73 27 97 75 38 90 82 95 19 49 0 70 0 82 46 13 80 74 41 17 56 92 54 3 31 83 36 39 19 91 44 45 30 54 59 71 15 35 9 11 96 50 81 43 47 48 50 76 95 45 10 77 66 43 46 40 78 39 60 77 15 2 80 3 24 29 44 96 19 91 93 0 35 47 
34 6 59 67 91 60 40 19 66 12 3 43 93 23 45 93 12 97 5 87 79 92 16 75 2 84 36 66 66 32 94 58 73 73 13 55 63 31 9 29 48 31 63 77 1 46 89 95 71 15 54 19 14 65 91 85 50 2 81 14 59 37 45 89 32 20 86 34 79 8 57 60 17 39 49 91 98 73 21 51 21 47 79 21 18 79 67 86 54 2 14 91 3 5 9 56 36 88 28 41 22 61 51 65 87 20 17 48 23 73 65 54 12 22 65 3 88 89 7 95 87 50 88 40 91 30 10 99 39 3 51 39 73 60 50 94 11 49 27 33 16 37 68 58 41 55 29 42 59 99 99 64 26 29 43 60 23 57 59 7 51 14 27 80 92 36 30 94 13 43 59 16 63 54 97 82 81 55 25 63 45 50 38 86 24 34 84 25 81 26 13 74 6 16 56 35 3 25 19 76 
45 68 14 83 28 13 93 21 85 75 23 97 96 26 73 88 35 54 94 41 40 37 24 23 41 4 1 57 67 33 79 41 98 32 81 85 77 78 80 43 47 70 91 81 12 73 24 20 70 58 99 95 80 10 6 93 67 58 96 33 5 94 61 18 39 47 53 41 27 95 88 22 75 64 29 83 44 6 78 2 85 43 70 31 15 77 2 20 40 81 47 11 32 15 22 39 12 66 52 49 41 69 95 97 31 86 21 0 79 47 3 26 93 56 84 85 66 48 17 38 86 65 44 51 68 73 59 40 73 75 85 2 69 65 60 25 93 83 43 14 51 0 54 95 90 34 5 5 61 36 99 57 38 64 45 27 40 61 76 39 58 73 32 76 67 49 94 2 12 35 57 69 61 27 67 70 16 4 59 57 93 87 10 78 79 39 4 20 2 23 85 19 14 80 43 15 73 76 17 15 
86 10 18 54 37 39 72 20 63 45 94 5 66 40 38 20 69 51 96 39 56 43 87 31 84 15 29 99 46 41 35 52 14 98 95 67 17 77 24 79 65 98 95 30 58 15 24 97 4 43 91 11 55 17 2 23 95 70 4 0 1 54 55 63 38 47 40 2 58 56 30 71 94 51 89 67 44 93 58 91 7 35 3 87 12 82 25 14 50 22 59 52 65 12 10 97 46 32 26 94 85 18 94 13 25 33 47 96 73 94 9 6 13 78 74 79 8 19 83 63 64 89 82 70 57 21 75 57 81 43 52 34 71 11 26 52 36 62 41 89 76 81 56 56 97 97 87 68 71 81 1 20 29 18 93 35 31 10 74 75 52 12 98 37 36 91 14 8 85 75 63 22 31 44 19 34 98 44 43 64 28 8 9 50 4 66 19 60 58 1 60 96 28 30 56 79 8 75 63 79 
50 61 68 39 25 74 95 38 7 73 21 57 97 81 89 69 83 56 89 96 32 37 14 9 15 42 99 80 94 24 52 70 76 81 37 91 50 63 0 28 44 72 73 48 39 72 76 44 83 92 69 46 44 69 51 46 32 45 86 0 78 6 44 24 3 26 61 42 51 68 87 3 21 49 1 30 18 41 55 42 50 37 87 36 15 36 74 73 76 79 28 89 0 95 90 89 57 76 15 75 93 45 6 75 31 87 13 27 46 87 85 15 31 27 5 60 29 94 2 42 56 23 75 78 0 10 75 83 49 92 16 52 57 36 42 81 42 72 27 99 88 98 38 12 47 91 37 80 22 3 51 87 90 52 56 30 31 39 70 36 26 32 61 75 94 50 70 32 66 59 1 62 19 28 54 15 7 25 95 18 73 18 13 8 24 91 15 67 3 80 68 83 34 38 38 74 80 67 27 40 
11 87 84 2 24 60 9 38 91 99 95 42 57 89 57 93 1 31 86 66 91 11 70 71 88 16 24 53 13 17 49 32 20 87 3 28 73 38 90 92 16 8 40 20 88 90 72 86 86 44 86 84 56 83 21 43 53 86 42 47 5 17 91 21 19 89 9 73 85 45 60 9 75 58 65 49 51 36 75 4 4 5 77 0 37 31 45 6 63 28 90 21 73 67 64 21 39 78 55 48 13 39 49 9 65 7 91 45 9 23 59 45 65 2 10 20 43 72 83 21 9 50 68 17 43 86 75 78 75 65 22 35 47 73 35 76 85 60 56 47 16 82 26 89 44 74 85 41 33 20 5 57 55 10 56 35 6 10 5 41 56 72 19 10 81 15 43 52 10 66 5 37 58 63 36 44 86 93 45 99 78 41 77 53 84 87 62 67 19 51 69 11 15 77 70 39 28 75 79 75 
65 46 48 38 51 43 74 44 49 71 88 44 5 27 72 84 20 46 90 70 74 95 78 56 59 13 58 70 90 41 26 21 64 71 15 3 70 15 20 53 87 99 33 42 43 28 15 68 50 28 68 36 15 15 87 6 1 8 56 47 39 62 94 90 37 46 98 57 73 68 27 56 17 14 67 57 2 70 58 54 67 95 53 73 82 56 29 87 75 58 22 20 76 26 31 88 49 43 31 20 36 7 6 16 69 55 95 61 55 86 85 33 71 51 70 72 7 31 7 40 29 0 38 76 97 3 29 36 68 13 43 79 94 33 90 7 24 55 66 32 71 3 90 7 5 3 66 94 81 3 35 25 48 98 73 4 31 54 47 88 76 79 59 79 45 68 85 3 99 95 74 88 14 67 25 98 18 85 13 24 48 54 11 27 72 43 87 92 71 79 19 65 3 5 75 8 69 96 5 53 
43 25 26 28 39 57 39 63 99 38 68 47 51 97 59 61 61 91 67 32 80 78 69 51 30 28 22 4 38 44 17 73 99 65 2 96 27 54 52 90 52 72 90 82 87 45 53 23 61 73 65 99 72 16 34 59 88 41 48 2 9 6 39 37 67 24 35 27 46 20 8 4 9 89 24 86 0 32 27 10 85 56 16 33 0 66 69 13 87 2 59 23 76 83 51 51 64 46 50 74 41 88 48 47 77 31 68 32 77 91 16 79 87 7 36 84 83 62 92 35 58 7 3 72 30 56 34 4 20 82 9 22 46 91 87 72 13 25 22 47 91 78 59 71 74 32 43 74 30 2 53 11 95 55 69 2 90 81 27 10 28 39 28 13 41 32 2 31 66 56 76 71 73 34 23 43 9 84 34 4 71 40 86 83 78 93 62 89 10 94 61 55 70 67 32 89 98 29 1 20 
91 9 74 9 78 57 24 24 86 81 60 77 39 12 17 66 95 41 52 49 83 26 59 65 92 79 66 82 25 43 98 8 75 72 41 64 14 87 64 48 38 46 50 12 66 5 40 74 53 46 33 26 53 30 21 2 46 77 5 11 48 49 35 77 80 31 1 23 51 64 20 82 6 92 89 84 35 58 60 25 10 61 61 59 30 84 6 84 51 16 30 39 40 9 18 37 99 21 8 74 79 51 72 58 20 82 27 68 78 32 58 10 66 58 69 2 48 20 2 75 29 19 96 35 6 38 21 57 66 27 8 1 91 75 7 31 86 2 68 18 30 37 66 22 83 14 9 80 81 84 11 94 3 87 63 51 19 20 27 16 13 67 79 56 74 64 40 15 89 58 4 97 53 80 44 7 42 24 16 24 19 54 1 99 85 49 92 93 27 1 0 55 67 7 59 74 45 2 5 50 
70 82 2 26 12 40 46 83 97 49 42 4 80 44 53 53 47 76 69 76 48 43 83 47 35 15 20 38 42 2 44 19 61 86 54 93 18 41 33 17 7 92 22 4 15 49 9 60 44 3 48 2 0 69 29 27 8 48 21 1 42 24 17 71 57 51 39 26 43 45 79 36 10 82 27 18 22 47 79 80 70 63 46 51 98 48 35 89 98 34 60 30 10 29 89 51 54 94 4 35 18 9 79 15 56 63 97 69 61 54 16 18 33 71 27 15 58 27 57 52 18 1 27 10 86 20 41 11 3 31 71 46 22 12 28 51 87 92 81 83 44 62 92 59 40 4 0 60 20 80 11 10 46 43 30 88 39 30 19 69 44 49 81 79 5 5 64 33 83 89 33 16 58 17 96 9 6 74 41 8 73 77 2 32 11 19 72 69 0 59 95 53 89 2 1 10 56 48 67 58 
70 32 92 49 16 20 34 28 94 17 66 20 93 86 69 70 28 77 89 24 95 80 6 75 74 1 62 69 85 10 58 17 6 44 64 31 67 79 31 78 79 47 58 83 49 6 83 47 20 82 68 52 7 92 51 68 34 19 31 73 56 98 91 43 47 26 2 20 57 18 61 41 28 73 55 70 0 24 32 12 1 27 43 96 73 58 75 29 42 9 60 58 5 84 12 77 52 18 72 47 30 0 81 18 58 13 69 26 86 32 2 12 93 79 48 65 53 65 14 79 60 7 36 79 19 5 63 64 35 6 44 73 72 50 19 53 55 58 88 77 31 88 35 39 50 60 35 17 82 23 58 64 52 74 25 77 16 38 97 84 40 95 34 69 99 73 41 4 42 2 16 16 91 98 10 23 47 99 63 95 98 48 5 30 84 95 58 70 30 92 4 60 82 10 56 63 11 4 79 71 
78 94 19 58 19 39 55 13 82 36 50 69 12 58 27 28 31 5 63 19 95 56 8 53 45 27 17 9 1 11 65 58 28 76 90 27 56 99 7 35 69 2 59 19 99 39 76 4 59 97 3 76 82 68 36 31 59 18 49 12 48 19 52 68 55 38 56 79 91 68 91 38 40 31 56 58 62 29 79 67 33 19 9 51 16 97 62 0 4 90 17 96 57 91 7 53 78 37 30 32 49 20 38 8 96 16 11 32 55 47 68 4 98 35 58 11 5 21 90 2 32 30 87 55 90 5 68 89 18 50 52 46 69 7 82 60 80 76 93 63 94 91 69 77 59 1 26 66 57 79 32 28 61 28 95 50 59 80 55 32 18 44 20 82 42 48 56 66 34 77 25 56 29 17 82 12 44 49 31 3 45 31 54 9 49 55 98 59 47 83 96 44 5 78 75 43 49 76 87 69 
40 73 5 16 95 79 29 4 27 78 81 8 26 50 72 67 82 41 2 20 33 68 60 18 59 78 91 60 67 67 49 78 35 98 68 58 98 56 77 47 81 41 66 56 27 58 77 96 23 53 21 73 43 77 18 9 19 17 20 95 68 58 48 47 30 34 59 41 52 24 79 63 83 78 53 16 98 83 41 59 72 33 97 76 11 74 61 53 79 93 61 3 52 7 82 15 36 17 7 57 23 26 68 19 67 18 84 82 63 41 5 98 46 67 78 26 16 40 29 30 36 6 56 44 36 89 92 87 61 29 2 47 67 97 48 69 40 60 53 7 39 74 8 1 96 86 44 20 59 22 54 29 91 95 79 20 15 33 83 42 79 87 78 81 13 40 94 55 20 43 66 3 66 47 31 9 92 22 89 26 32 61 88 96 54 55 97 24 69 67 27 81 57 11 33 39 49 70 99 30 
78 79 20 87 6 67 11 47 40 12 17 82 86 46 34 2 42 92 2 84 41 90 34 1 22 35 24 0 46 32 56 25 13 57 14 65 73 20 37 80 7 95 20 65 24 91 45 99 1 59 85 30 96 17 77 18 59 36 15 82 45 36 56 79 45 70 75 73 4 36 63 22 98 68 90 78 89 85 28 49 34 12 72 93 49 12 29 11 66 93 99 28 46 69 80 45 70 77 34 54 44 34 90 50 42 96 99 69 19 90 40 75 14 64 8 47 79 38 63 52 26 80 44 99 84 2 11 6 91 62 45 58 91 74 60 7 22 23 88 96 2 53 50 13 10 1 1 84 33 45 73 7 20 74 16 14 54 63 23 93 29 23 83 22 23 67 69 42 67 19 81 54 42 87 25 56 79 48 34 4 64 82 46 42 56 50 7 95 48 70 33 59 63 76 84 41 97 38 45 56 
93 81 99 28 10 62 34 65 2 77 78 19 71 3 3 44 28 82 4 39 20 76 55 55 40 73 75 1 28 4 90 97 76 10 20 10 73 17 17 75 35 46 39 0 60 45 96 85 62 90 30 74 82 83 66 56 60 90 54 20 8 97 8 80 43 98 26 9 29 2 25 47 66 5 99 3 67 19 86 17 59 17 90 18 83 85 94 67 80 89 33 81 59 18 96 73 66 18 10 89 16 21 66 62 94 38 92 34 50 32 24 32 9 52 30 92 77 44 7 37 49 24 56 21 78 16 44 15 35 89 21 93 9 76 91 63 71 90 72 61 26 3 80 4 26 86 40 88 9 60 34 3 75 24 82 12 88 77 17 46 79 15 17 61 50 71 41 44 64 72 96 47 13 64 55 85 69 82 32 56 80 81 81 11 56 54 46 67 35 39 30 38 27 58 87 33 80 59 96 88 
40 52 2 16 70 16 31 66 16 77 78 66 81 80 39 47 77 34 91 61 57 54 73 38 57 25 51 87 5 11 24 69 16 86 4 13 5 7 31 89 52 45 89 30 54 76 19 39 60 9 50 70 25 73 55 45 6 32 82 39 79 60 62 88 16 29 92 13 86 9 95 47 87 78 2 18 8 56 66 26 6 30 88 90 6 6 48 67 73 47 54 76 67 14 19 9 48 29 14 29 12 13 93 36 26 94 66 54 14 20 37 15 8 55 11 38 10 33 25 93 54 1 47 61 96 86 78 68 53 56 42 47 73 55 80 87 67 11 27 72 86 26 94 63 41 48 31 30 25 29 35 7 84 1 6 6 85 42 71 41 13 3 66 81 66 26 57 13 37 54 4 36 36 74 62 16 18 26 38 32 47 6 66 14 56 37 77 15 86 97 78 54 67 47 0 45 64 87 18 36 
58 95 96 93 36 20 62 68 0 67 41 22 67 23 51 63 32 72 71 68 9 3 58 48 5 11 69 73 78 77 70 30 98 26 33 83 12 50 28 37 82 33 61 27 43 93 91 89 91 80 82 28 2 87 88 31 37 60 41 95 51 30 85 15 5 44 76 4 47 36 77 76 90 57 75 80 85 57 40 86 96 78 28 82 56 17 84 81 18 8 21 63 21 11 58 43 23 87 34 7 30 83 30 53 66 74 52 76 81 54 83 95 97 84 0 70 53 71 13 6 56 63 53 45 43 13 49 76 1 74 26 38 75 80 85 44 83 82 23 13 68 49 24 77 22 2 71 90 99 63 16 13 13 57 52 4 88 28 16 93 40 83 66 49 80 76 13 99 16 86 4 17 94 66 47 65 23 65 98 43 7 0 64 62 53 7 9 2 52 96 70 23 64 95 98 93 9 23 23 13 
32 55 70 71 55 76 5 23 55 81 44 76 32 87 10 69 35 81 65 47 44 32 76 62 21 9 72 17 43 74 98 89 61 10 29 81 41 81 78 77 56 74 79 1 82 92 90 20 18 58 67 51 53 34 55 55 92 83 47 17 35 24 49 56 0 99 40 37 90 37 41 97 36 85 29 93 45 83 85 55 75 14 59 10 51 93 8 13 73 64 8 77 16 13 56 91 70 4 90 8 91 82 33 58 84 19 70 56 82 9 89 91 33 81 29 51 59 11 49 77 24 88 88 26 88 46 12 96 29 18 20 33 19 94 4 96 30 47 20 89 28 94 59 60 58 24 22 85 69 47 23 42 98 85 35 48 93 45 56 98 75 12 60 91 55 9 28 27 10 25 50 31 22 20 48 8 70 81 91 3 31 69 39 8 67 20 74 73 93 95 25 31 89 74 97 58 8 66 2 42 
61 1 71 20 17 26 36 31 6 41 71 28 80 38 80 18 98 55 74 58 96 13 34 61 90 73 23 10 74 33 7 80 14 74 91 13 2 95 32 63 6 77 28 83 41 35 78 75 18 53 28 91 23 64 32 26 75 11 88 49 83 50 3 13 61 25 30 70 4 76 8 85 78 28 36 36 30 68 90 25 1 6 61 76 4 60 1 83 71 61 62 85 87 67 15 21 70 33 95 72 98 97 10 13 83 36 46 52 29 87 96 28 82 74 38 84 59 43 27 62 51 18 87 56 77 49 93 84 51 69 38 49 13 95 90 44 14 53 67 32 99 55 1 45 88 20 95 25 55 25 38 67 97 86 40 40 83 34 34 15 78 38 19 51 58 25 92 13 25 91 11 23 50 97 49 48 1 81 29 39 54 64 51 60 62 47 21 10 84 18 92 47 88 92 67 55 22 31 24 21 
23 19 6 81 48 58 52 95 92 67 5 80 7 1 13 29 93 9 49 17 88 54 53 28 65 70 85 87 82 55 81 39 21 34 81 14 30 26 14 40 12 76 14 4 34 42 3 41 5 62 74 51 49 49 56 62 70 57 15 65 6 32 72 69 55 91 23 70 52 84 82 89 35 46 21 48 58 27 68 24 83 91 75 6 4 7 30 76 8 24 13 28 2 60 21 50 90 10 29 39 81 23 89 32 29 46 34 4 16 8 7 49 23 72 36 79 1 41 36 85 48 49 64 81 92 24 5 62 47 80 9 15 20 38 90 54 97 82 41 65 96 27 0 37 64 58 57 99 42 71 4 80 66 87 35 46 60 71 77 89 58 33 58 69 71 20 96 25 65 93 7 60 84 10 8 31 30 50 97 27 48 34 83 57 46 99 65 26 40 84 98 94 38 73 5 43 46 24 46 32 
17 29 39 9 50 14 43 80 43 76 92 32 22 85 87 77 53 22 24 74 53 83 2 79 42 41 71 61 85 47 46 31 91 64 35 4 71 34 83 49 80 82 34 25 22 62 60 31 4 17 85 91 71 9 46 52 17 98 8 47 0 49 95 27 77 42 29 70 39 12 10 25 16 6 19 81 35 8 64 0 14 72 21 6 21 6 76 74 25 67 36 72 6 32 44 49 85 71 28 72 0 23 14 95 40 78 8 18 91 62 36 37 70 26 29 23 46 21 45 30 21 88 75 14 91 70 58 58 77 59 87 62 67 48 48 49 31 88 4 11 65 62 75 13 20 39 52 89 15 51 68 48 24 3 18 53 90 66 40 59 10 46 13 30 23 17 10 52 83 42 72 85 16 87 59 93 36 83 22 26 3 48 83 54 30 74 33 45 29 53 33 5 45 82 23 84 31 31 11 51 
93 4 9 66 7 3 10 0 31 42 53 71 7 30 28 24 96 62 78 81 32 64 39 64 68 0 88 46 39 74 40 10 65 89 21 70 70 77 46 91 56 27 59 78 70 4 42 83 32 4 32 98 25 88 63 19 68 68 14 59 84 0 74 79 16 48 65 28 49 51 34 79 80 79 91 92 94 10 41 99 45 10 89 33 3 87 34 26 40 0 76 74 58 40 93 74 83 96 51 67 20 61 60 45 26 78 48 65 23 9 54 38 24 88 17 11 22 71 60 83 90 53 8 49 1 40 23 91 2 5 36 93 81 19 43 6 18 25 55 34 26 2 24 3 67 59 30 54 23 54 19 3 30 64 21 97 3 89 95 55 35 46 37 83 72 87 87 95 54 18 17 14 4 24 37 36 77 28 36 84 48 90 73 62 8 88 16 12 28 0 91 82 52 75 36 88 36 0 65 38 
2 61 17 12 46 41 37 92 73 25 79 5 62 36 80 55 65 86 36 21 71 66 39 58 95 73 85 6 62 46 16 83 32 78 32 17 25 46 66 55 31 20 34 49 33 7 66 92 60 30 52 76 73 67 59 43 90 20 0 80 99 10 55 26 35 82 30 79 21 85 17 26 84 71 53 56 69 3 77 54 39 2 71 18 57 53 10 18 22 78 18 62 28 64 27 70 6 41 96 91 87 49 13 37 87 61 19 60 76 97 30 69 62 11 71 43 6 10 82 52 77 11 69 76 75 57 61 80 28 7 96 13 23 81 66 93 13 18 44 6 3 96 54 47 99 80 48 8 68 31 76 76 7 77 33 60 12 1 38 18 91 60 21 85 8 16 23 25 93 98 11 45 97 30 69 54 8 83 68 32 96 91 70 61 82 71 45 54 74 24 1 16 96 93 8 12 46 88 80 3 
3 91 37 12 77 89 46 65 64 19 72 50 24 51 25 59 34 79 48 6 0 34 35 41 75 5 53 77 85 92 1 19 1 83 0 1 40 11 40 46 93 70 91 19 20 49 2 17 15 23 83 76 74 71 91 52 75 67 86 35 16 98 5 69 84 33 55 6 48 14 79 70 88 43 95 52 47 68 66 29 56 39 83 25 42 21 53 47 23 95 33 34 18 7 53 99 65 85 82 39 56 63 9 46 19 69 41 20 42 87 52 38 38 0 80 67 40 17 56 9 15 51 58 7 25 5 67 10 47 72 71 12 66 26 33 72 32 95 68 82 44 7 55 39 51 4 63 97 32 23 21 61 76 91 98 33 19 33 19 41 53 81 0 75 48 97 90 39 0 16 91 0 4 91 51 2 65 44 77 15 13 15 34 27 55 32 75 32 30 20 15 55 30 17 58 30 11 89 59 62 
39 17 85 41 65 56 54 13 36 28 88 27 41 24 44 79 56 17 93 95 95 3 18 62 90 84 17 13 91 38 89 89 22 46 62 83 56 76 1 71 90 66 51 51 7 41 6 7 87 41 29 74 70 45 92 15 62 92 13 8 76 70 29 33 68 4 31 24 34 81 69 21 65 96 74 72 77 94 25 42 79 83 79 47 0 67 77 17 92 4 54 77 88 21 95 10 74 35 48 84 20 68 87 13 75 34 6 16 79 4 9 47 48 70 35 72 18 63 52 76 90 31 70 50 99 11 45 98 52 5 53 77 81 68 5 37 97 83 57 34 16 89 22 9 6 28 14 68 31 21 74 52 57 60 40 60 53 66 59 60 67 6 8 7 53 78 95 7 77 1 20 76 20 36 18 74 11 58 63 39 56 77 62 5 46 62 55 56 75 94 77 88 94 13 72 68 75 40 5 99 
77 59 33 68 6 23 71 24 68 87 56 4 10 38 19 98 37 40 24 63 68 98 83 86 68 11 67 43 34 2 72 32 13 43 13 30 96 0 86 28 33 72 94 75 45 30 17 85 20 97 82 55 16 69 42 24 5 94 15 53 54 7 44 83 20 78 18 95 77 77 48 68 0 7 87 78 64 85 64 52 64 12 94 85 42 49 85 11 1 38 55 90 65 39 20 72 83 21 59 6 17 59 96 17 57 7 20 47 55 52 98 56 59 52 13 59 56 72 92 19 12 4 62 97 32 52 76 93 1 9 65 48 38 17 49 26 94 69 85 89 70 30 51 73 1 4 76 10 16 71 60 56 77 71 62 53 35 98 82 93 83 49 40 0 21 77 78 49 4 79 16 11 19 32 6 17 0 52 0 28 46 13 40 88 23 40 29 77 23 89 88 55 76 7 76 64 26 64 62 20 
83 81 66 66 61 27 70 91 94 99 79 50 2 41 37 23 52 4 5 45 56 41 6 66 19 41 95 49 83 44 38 36 49 64 80 13 14 99 7 27 95 87 43 1 37 34 82 41 5 16 60 76 62 38 54 35 64 72 5 97 16 75 46 15 39 51 76 18 65 48 25 82 66 8 46 87 6 59 27 6 8 92 36 21 76 45 2 74 67 92 63 25 26 63 86 57 69 46 75 55 63 12 8 76 25 75 59 95 91 48 32 47 95 17 40 84 7 68 50 33 54 7 42 39 86 73 90 33 10 64 19 77 76 21 93 67 40 74 89 23 62 4 23 44 64 71 81 99 5 86 78 35 83 47 82 36 22 53 43 35 79 40 73 11 97 40 12 83 67 34 72 8 71 3 86 2 59 44 96 73 69 94 94 22 80 13 88 20 92 41 84 59 98 30 37 24 56 40 37 83 
91 74 21 21 95 14 3 89 26 32 7 47 96 63 9 48 49 4 34 89 71 49 58 89 27 18 42 14 8 45 17 54 8 13 62 56 25 86 93 25 51 57 51 35 22 42 47 49 64 54 22 15 73 77 37 23 10 92 82 84 75 51 21 12 89 9 0 25 77 61 8 58 16 34 15 1 76 46 62 48 51 24 60 17 80 22 22 6 65 62 97 1 12 3 50 26 86 48 58 89 94 67 52 10 46 87 14 72 80 60 54 45 56 51 34 65 59 74 59 35 39 12 61 61 80 43 34 59 84 6 4 48 44 50 85 30 98 77 15 48 84 60 45 8 22 17 31 50 30 89 40 29 67 83 94 33 55 39 47 31 56 48 27 94 87 5 28 90 27 59 56 40 13 61 96 69 96 23 46 38 15 2 40 45 18 38 86 50 44 68 79 72 85 20 47 85 89 40 5 2 
57 49 75 14 95 50 3 42 79 4 74 33 74 10 44 61 92 0 32 29 68 72 20 56 29 40 6 18 34 66 27 58 69 73 83 43 37 17 74 10 72 5 24 93 49 57 47 69 10 74 22 32 13 67 35 63 7 80 56 92 52 67 0 83 58 32 29 7 53 2 55 83 86 94 85 92 48 9 3 77 26 3 86 48 29 42 9 25 48 75 50 24 55 91 63 84 45 1 27 32 86 58 16 28 8 15 34 16 76 34 10 62 73 78 28 7 8 2 38 60 30 84 10 25 59 44 27 81 82 55 54 67 35 64 89 75 17 95 65 95 47 68 42 3 46 0 66 81 4 17 36 82 21 81 28 6 73 91 27 45 70 88 85 6 77 46 95 38 15 44 35 70 31 13 12 51 85 45 85 1 40 88 26 26 26 27 11 6 13 39 15 96 26 0 9 3 38 92 50 64 
76 88 84 72 65 78 75 99 56 4 97 14 17 48 73 17 47 14 86 54 66 37 25 22 93 30 87 22 87 81 42 29 28 31 41 1 38 10 33 40 26 40 30 32 90 40 93 59 82 83 44 88 46 59 70 78 66 27 99 47 20 71 40 62 85 23 61 79 2 96 6 41 80 26 85 50 13 8 67 23 51 55 28 31 81 80 32 28 46 42 27 66 25 21 21 76 84 26 5 32 4 34 15 97 96 59 96 22 28 95 23 29 31 77 6 45 19 34 83 90 5 21 86 57 67 92 20 15 58 32 98 82 82 11 0 40 6 91 98 26 88 73 23 62 53 26 46 79 98 2 34 13 75 42 75 78 63 33 39 89 55 76 25 33 75 89 20 41 48 0 60 66 2 22 26 87 7 63 79 13 72 38 55 69 61 69 17 89 57 91 33 70 1 81 38 32 31 46 78 94 
49 97 14 18 43 10 25 10 53 54 46 21 27 63 54 22 35 77 11 31 87 84 69 10 16 66 54 60 79 35 4 83 98 62 26 73 22 76 30 97 55 73 54 39 12 9 6 47 25 84 7 68 15 56 8 60 5 52 4 54 66 29 92 76 53 95 81 10 94 82 60 54 63 70 79 88 43 22 94 36 84 21 93 68 2 42 3 71 94 27 22 78 65 65 46 50 20 82 5 19 77 9 48 78 14 16 25 59 89 91 55 97 96 38 98 18 21 0 80 2 78 11 52 79 65 88 91 69 54 47 94 54 43 66 53 53 69 66 15 21 76 99 37 21 87 74 4 16 99 24 79 26 74 24 24 31 81 99 8 38 95 32 38 49 1 6 12 49 42 45 92 14 68 54 34 87 25 85 6 74 13 41 84 17 13 12 46 97 25 73 60 47 40 3 52 12 64 7 24 8 
60 36 91 54 60 6 82 27 13 4 75 25 46 69 35 30 12 18 78 52 59 53 43 38 61 88 14 63 71 59 5 7 32 14 38 23 69 18 1 43 95 39 4 82 71 63 90 43 8 62 62 36 65 51 3 99 86 47 12 52 39 12 25 44 80 74 34 78 80 69 42 1 95 55 87 41 57 40 33 31 53 77 44 8 2 48 3 13 6 94 96 95 58 15 62 40 27 14 26 61 18 99 34 57 75 72 18 10 61 50 43 68 11 24 28 65 59 24 7 28 87 45 3 12 98 66 3 66 38 10 31 89 78 76 7 43 32 59 63 41 31 85 44 35 27 86 37 55 33 16 48 48 75 46 84 76 5 76 84 17 91 55 68 98 99 74 6 43 42 90 62 70 29 28 62 44 48 0 23 77 62 21 48 12 31 30 8 39 22 30 73 67 29 1 79 57 4 65 17 15 
81 6 23 19 94 8 55 35 36 60 79 34 83 46 82 81 34 86 47 85 27 84 61 15 58 71 30 33 17 6 87 32 40 21 53 85 11 41 81 34 8 88 72 2 58 6 78 53 56 47 48 24 78 62 72 13 21 66 26 53 97 92 23 44 86 86 66 38 77 16 65 71 34 67 78 98 12 89 93 81 34 6 47 15 56 36 0 28 86 35 13 41 78 0 12 21 65 76 87 73 78 56 82 65 3 35 44 21 68 81 95 85 16 34 46 41 12 30 31 52 65 41 14 2 90 75 50 84 18 90 81 45 71 1 74 72 72 63 58 54 5 75 15 10 23 72 49 33 72 17 41 52 21 72 26 11 34 19 80 43 59 47 55 88 97 51 79 86 45 44 16 53 75 35 80 5 81 83 85 80 87 40 67 44 41 38 18 12 84 68 55 43 20 45 59 25 66 13 49 7 
81 55 1 30 27 34 20 62 89 23 59 12 60 8 34 59 56 3 75 90 42 21 47 55 36 74 52 29 57 73 68 69 27 60 88 20 31 1 31 26 43 96 81 33 96 60 78 93 57 78 19 27 32 4 27 52 30 11 39 30 53 44 8 90 23 58 84 6 77 11 44 84 96 74 53 31 69 63 68 63 29 20 71 85 84 58 81 34 93 65 85 77 68 31 10 90 74 46 71 65 63 56 95 17 32 47 24 31 12 28 58 38 32 20 24 42 58 4 59 44 13 97 72 7 69 83 11 81 25 45 57 6 75 10 60 90 7 62 94 85 32 13 9 95 24 92 87 96 50 46 86 66 17 71 86 78 5 98 11 58 39 53 41 76 88 10 40 95 13 52 42 15 75 85 62 33 50 64 94 22 35 63 30 33 74 94 30 69 97 67 13 52 95 66 79 0 58 51 9 49 
12 87 75 75 49 95 81 52 59 47 85 42 1 27 45 86 20 34 42 64 7 85 25 7 27 33 40 50 30 13 25 86 81 47 58 19 75 21 25 31 59 86 57 74 61 2 49 48 74 36 29 71 87 29 71 38 50 89 52 0 35 87 46 42 80 55 37 66 55 79 66 71 1 0 46 96 41 33 84 74 74 43 93 29 66 55 66 27 6 15 91 67 91 29 63 28 84 2 67 4 27 64 65 83 1 91 27 93 60 40 94 10 85 23 99 94 72 55 70 38 63 50 80 4 20 26 55 56 78 2 67 18 96 89 78 91 29 44 69 80 37 73 61 11 75 82 92 51 86 55 92 0 63 1 52 35 94 16 57 81 84 14 6 51 88 85 78 14 93 33 10 26 58 11 56 14 82 57 59 44 86 89 85 14 3 38 99 43 51 37 86 30 86 37 18 30 61 62 55 68 
49 76 25 43 93 7 55 14 56 41 86 42 85 92 37 36 53 23 44 31 54 92 26 97 52 83 2 98 38 43 56 73 13 18 60 80 41 1 28 17 52 30 36 20 64 92 45 71 95 20 53 12 50 19 25 69 46 73 36 40 15 27 90 3 24 68 30 10 20 78 82 71 10 88 16 90 93 31 78 86 76 18 86 77 58 36 25 22 95 13 66 64 84 26 87 53 56 63 94 74 99 97 27 92 89 81 82 91 79 55 80 41 84 4 69 84 29 65 70 47 23 8 22 10 37 69 38 52 81 85 43 27 32 54 29 71 46 77 34 81 40 20 49 86 33 26 64 60 32 87 82 54 88 86 19 65 47 38 67 89 86 50 58 99 75 59 43 78 33 51 28 69 23 86 2 88 51 19 87 92 32 59 53 80 30 97 1 94 15 63 22 18 75 88 94 60 60 3 89 94 
90 58 26 76 94 91 18 71 98 77 33 24 60 68 50 1 33 14 31 3 85 50 99 15 50 59 28 56 55 0 8 35 83 68 89 84 43 31 93 18 56 99 66 49 23 41 75 68 92 15 40 28 38 1 88 65 88 65 66 78 9 76 93 13 75 40 1 56 74 47 66 51 84 6 55 40 10 1 73 90 92 75 96 4 30 65 62 81 14 96 2 62 23 69 18 11 1 34 78 35 56 61 82 37 17 73 87 14 75 85 34 55 54 13 15 31 68 60 89 18 72 5 49 33 37 22 5 41 2 84 75 57 64 16 62 51 11 80 24 25 14 90 87 53 76 83 27 81 77 98 79 33 83 59 90 18 24 48 1 38 24 4 84 62 34 44 70 68 0 18 31 29 28 51 24 24 47 80 34 56 63 94 58 64 24 40 21 10 2 29 3 83 40 59 69 32 60 48 52 75 
44 93 67 51 80 95 54 60 69 49 44 71 90 17 87 0 88 20 38 5 39 56 20 25 58 86 31 11 71 95 42 51 89 4 40 20 44 39 14 8 50 25 7 54 41 92 74 4 85 18 31 46 12 29 65 74 8 57 79 51 64 97 12 32 24 52 15 46 87 82 54 74 61 62 50 83 32 67 23 61 15 84 3 9 17 43 74 58 37 25 36 21 51 37 9 33 67 0 72 0 39 15 99 30 26 35 16 10 37 58 72 23 18 84 63 52 87 44 75 32 79 34 1 51 35 64 43 47 1 30 87 22 5 50 47 45 34 73 49 57 0 66 43 45 8 45 55 15 45 30 37 55 68 84 43 90 73 3 83 95 44 34 4 39 47 37 35 38 51 63 28 86 95 77 87 61 59 47 3 57 32 31 68 74 95 46 24 49 13 95 53 9 32 24 78 35 87 95 12 86 
75 97 56 82 9 18 12 20 37 43 91 13 21 3 24 31 55 87 11 96 73 47 44 20 48 54 0 1 32 22 12 70 86 33 58 50 29 9 93 75 56 42 61 71 49 54 66 74 74 15 76 83 62 96 59 53 81 47 59 23 55 95 16 40 64 27 39 48 51 68 52 53 92 98 49 90 99 40 90 39 95 3 67 75 72 73 68 6 51 88 90 31 36 45 62 76 40 35 31 93 74 16 73 28 75 46 81 93 20 96 67 94 70 33 26 42 32 56 52 24 16 47 39 1 80 69 82 7 21 63 40 3 30 93 42 25 55 70 35 86 65 43 43 44 30 81 59 20 79 69 40 88 3 21 46 91 61 84 39 81 81 99 1 29 15 3 57 26 54 32 15 41 65 11 62 60 73 31 82 10 41 22 39 15 91 25 1 57 80 62 6 54 48 7 18 65 97 45 32 99 
51 49 91 22 89 71 36 22 87 48 61 38 99 58 30 39 67 73 84 34 87 88 93 73 38 2 86 20 3 66 86 40 49 92 30 42 48 10 57 74 51 45 88 20 70 93 67 64 47 87 3 64 42 48 93 70 6 1 13 55 31 17 34 58 82 18 91 46 13 58 97 57 15 12 93 10 14 66 86 87 39 20 44 70 33 73 81 58 92 28 17 45 97 72 72 15 27 46 16 49 24 73 99 20 24 47 42 24 77 90 11 14 61 39 43 2 44 49 33 21 65 70 51 97 93 34 6 17 96 86 99 72 45 89 9 8 45 16 16 10 45 94 78 38 50 89 37 84 38 86 52 86 59 76 46 1 47 20 81 42 84 52 3 0 23 98 5 47 8 32 65 24 22 52 36 77 63 59 52 37 28 17 31 5 40 89 14 98 78 4 29 23 72 28 28 58 40 79 4 88 
34 19 37 43 80 95 14 52 44 75 84 1 8 94 20 18 62 77 67 48 92 18 40 27 90 61 62 48 67 82 49 1 13 33 48 1 83 33 78 34 1 37 78 89 7 82 71 47 10 64 76 58 64 58 7 43 79 59 83 60 26 39 33 4 36 91 91 70 24 47 93 83 79 62 72 29 95 35 0 69 44 31 0 63 17 39 41 68 70 8 91 68 82 61 72 69 21 80 39 35 86 60 17 36 76 54 1 89 51 46 94 73 66 31 64 40 33 17 33 37 38 93 91 5 92 9 62 27 87 99 36 18 63 46 95 59 86 22 99 60 87 47 40 89 60 11 1 5 40 94 8 69 42 72 66 65 51 42 23 38 95 69 43 62 26 28 40 77 33 8 52 42 16 61 16 9 23 85 15 47 0 99 23 69 75 16 98 94 51 77 93 19 51 34 53 38 18 50 98 26 
21 37 2 79 56 40 77 57 8 37 6 81 92 82 8 64 54 91 42 29 99 34 89 28 3 91 58 98 52 2 66 41 96 35 99 83 92 4 24 25 16 75 14 17 1 90 30 18 6 7 84 80 79 78 62 89 66 16 22 97 24 8 84 42 68 61 95 11 75 64 50 96 36 58 90 6 28 43 32 92 24 61 84 85 96 98 11 74 37 84 27 59 28 96 58 65 66 44 43 56 9 6 65 89 20 89 24 66 55 62 19 39 20 12 16 53 26 10 52 18 44 63 57 48 66 9 73 81 99 28 38 3 80 7 55 27 97 76 77 52 9 45 85 97 58 91 86 64 43 10 5 54 19 28 7 42 42 65 25 62 87 37 76 69 77 77 50 17 79 93 79 37 46 66 38 74 68 14 59 73 30 53 90 6 10 58 86 53 89 79 54 80 56 47 23 30 18 42 91 53 
54 65 68 12 20 73 88 57 8 20 80 4 99 60 39 61 89 47 53 54 79 60 52 97 91 69 97 2 82 27 2 65 6 9 91 59 78 35 94 55 51 98 96 74 59 50 74 81 35 97 10 45 74 5 51 47 40 26 55 7 10 15 52 74 70 39 13 26 16 70 65 67 31 59 13 32 88 24 93 36 19 0 76 88 29 70 55 49 30 65 99 69 48 81 82 86 65 66 14 97 65 93 27 61 38 18 26 83 56 96 89 11 73 75 44 19 36 10 31 62 33 6 7 43 49 67 0 93 95 79 26 79 62 91 12 45 81 96 19 66 85 46 71 79 3 30 20 41 73 64 48 53 39 6 69 17 84 86 93 88 49 74 30 56 68 43 37 38 94 87 85 36 40 14 66 23 20 21 13 2 63 99 52 43 28 35 70 50 30 90 36 26 29 82 56 72 30 66 60 18 
83 80 92 83 53 61 93 49 3 39 73 68 81 22 26 96 15 67 24 61 3 10 98 14 86 46 28 69 97 29 24 91 24 24 17 96 42 8 79 1 45 15 87 86 62 23 87 65 51 41 7 51 92 89 83 10 38 51 32 27 64 79 26 60 83 80 68 26 47 45 38 68 95 33 10 14 71 57 24 32 64 42 31 72 27 1 39 26 82 37 66 4 39 93 52 28 45 2 93 79 93 86 38 19 32 18 74 83 17 28 40 6 41 53 18 79 92 97 63 67 90 64 71 34 13 5 7 55 37 93 22 98 75 88 85 96 64 53 47 87 39 56 6 58 46 56 24 27 45 17 40 7 9 82 17 41 42 51 92 38 71 52 42 45 72 85 95 4 93 69 73 53 27 6 35 23 43 90 69 6 59 57 1 90 20 94 92 13 11 64 23 33 29 71 94 17 42 8 83 93 
43 98 32 33 26 76 39 85 26 67 62 25 70 22 67 35 21 41 81 90 62 38 95 36 48 29 84 51 39 83 15 50 50 21 98 10 99 48 64 40 24 6 98 54 97 54 75 1 66 90 13 51 18 50 15 58 6 9 60 28 3 43 62 13 56 3 27 84 12 44 10 15 20 32 22 77 9 11 16 89 84 27 33 9 80 97 84 96 44 29 3 6 73 77 45 69 38 18 93 92 13 50 20 79 28 41 63 94 63 73 29 26 72 0 15 67 69 56 89 12 78 48 46 36 83 65 29 37 93 21 7 64 86 84 53 99 93 79 78 51 81 51 36 2 12 50 68 64 48 87 66 95 25 6 79 6 30 67 93 79 6 98 77 28 67 25 80 47 72 46 71 45 59 49 7 26 51 38 29 49 82 8 4 47 80 79 58 53 10 0 4 69 68 72 32 23 59 80 10 40 
61 44 49 50 26 37 89 35 0 21 79 97 71 54 44 43 86 34 62 0 60 58 58 58 70 22 56 7 44 48 39 30 51 98 43 54 30 37 58 81 96 32 29 72 83 72 50 82 99 59 54 42 44 17 77 82 97 84 1 59 32 3 6 74 91 26 23 77 59 83 93 97 91 73 76 61 14 50 10 70 18 30 92 39 40 29 0 22 28 85 93 19 33 80 29 74 90 28 52 0 93 89 80 98 28 60 82 0 60 82 67 62 78 67 53 55 80 76 52 0 72 19 82 44 38 58 75 28 88 66 88 48 3 71 90 27 57 34 3 67 20 45 95 57 69 85 62 8 4 92 96 11 59 27 79 6 32 16 27 3 24 18 24 10 69 64 31 32 4 3 51 55 20 73 78 7 56 21 44 98 53 77 32 61 22 41 60 37 16 57 82 81 43 23 19 43 93 87 32 28 
11 65 19 23 25 93 87 87 8 87 79 93 85 72 81 83 24 38 39 6 69 27 33 25 24 2 31 25 20 82 65 20 23 13 34 52 85 92 82 4 31 22 44 3 64 42 85 54 93 74 42 47 39 62 87 19 7 21 51 50 18 79 48 26 23 77 6 57 28 57 74 1 31 91 18 11 4 8 24 86 27 54 83 37 79 96 48 58 37 24 66 34 3 8 38 70 50 86 40 58 9 29 96 37 13 61 36 63 12 1 53 20 47 15 66 10 28 12 58 75 16 50 45 98 33 59 57 40 66 18 26 1 81 3 87 34 42 43 71 14 41 28 18 47 34 33 35 54 90 47 74 47 72 94 39 41 19 73 15 3 16 81 34 80 69 47 91 45 52 3 99 70 17 27 47 90 67 2 26 98 53 39 44 79 77 49 94 69 22 19 23 94 21 41 95 39 27 79 39 82 
96 47 83 81 86 59 89 61 32 7 70 87 94 60 94 4 55 16 26 27 61 41 13 78 37 66 12 29 37 74 21 19 88 72 64 47 64 20 34 35 15 64 74 75 68 30 68 99 71 90 7 85 42 25 19 99 27 66 75 7 24 27 78 3 16 87 93 13 52 31 25 34 77 19 98 89 78 66 80 13 14 73 24 47 73 89 33 83 24 36 55 46 34 58 41 81 84 34 63 10 80 9 72 78 48 33 23 59 52 48 20 6 22 83 60 39 33 11 94 76 4 33 14 99 73 97 51 30 65 81 22 66 88 5 40 40 12 69 46 58 7 68 38 76 64 9 75 82 36 38 22 79 63 4 50 20 55 94 7 92 63 38 10 62 69 31 89 91 80 24 26 42 52 0 32 5 36 22 41 15 99 80 97 88 13 75 74 23 94 9 25 20 9 43 36 26 85 30 61 58 
54 98 5 92 54 37 62 0 30 71 22 85 99 64 35 78 10 18 67 1 35 80 21 82 3 67 59 52 83 97 49 38 9 92 17 64 26 22 24 57 62 53 14 5 37 31 58 45 91 42 44 59 4 94 31 93 14 50 66 12 67 40 57 57 61 72 72 49 99 45 20 8 20 44 98 57 62 60 63 38 41 31 32 99 64 89 32 14 48 62 36 10 60 28 78 43 27 68 53 10 99 80 63 20 15 24 10 8 92 33 60 59 57 3 20 95 95 7 64 74 86 70 71 83 49 39 10 50 34 84 96 61 73 73 3 2 18 23 75 89 52 18 70 76 78 25 60 53 57 97 53 61 37 62 93 24 75 6 62 89 96 81 71 50 89 95 84 19 72 61 11 14 74 8 10 34 39 4 35 83 18 70 22 59 81 56 38 73 10 19 19 85 37 6 87 24 75 59 28 71 
10 90 19 40 0 58 89 6 28 82 46 92 78 32 26 42 99 20 88 82 9 70 77 16 91 82 98 68 36 84 22 75 55 34 94 94 34 93 86 12 11 86 51 28 29 38 94 39 53 88 19 8 23 63 2 60 10 25 1 44 30 71 0 76 40 85 39 99 75 73 39 95 29 73 82 65 46 62 83 31 20 52 32 57 20 56 51 29 81 72 80 82 95 24 63 54 54 66 85 69 66 91 36 19 68 39 21 51 48 3 56 14 3 31 81 60 93 31 91 62 1 41 75 43 12 55 70 39 12 37 76 43 17 60 60 86 64 3 17 12 58 3 2 39 47 23 97 29 59 34 67 70 82 29 72 25 38 10 4 14 76 22 76 9 33 65 55 79 98 36 73 74 63 53 8 67 74 64 38 88 96 52 86 2 68 57 35 40 55 66 70 43 17 98 58 7 2 85 30 93 
56 75 52 84 89 76 76 4 31 62 46 55 62 52 48 39 41 9 19 72 30 52 93 51 80 26 40 47 54 37 88 3 50 7 49 28 45 64 76 93 11 11 82 32 85 35 21 51 76 60 36 93 57 12 28 84 72 32 11 57 39 28 32 77 57 34 36 10 84 6 59 37 98 81 55 73 19 40 47 72 34 58 49 61 17 61 9 51 94 95 53 57 98 89 36 59 80 35 85 79 86 84 89 82 32 24 47 18 90 94 56 76 72 25 86 5 61 57 59 68 82 1 97 9 33 35 36 73 53 17 2 26 62 94 52 34 30 85 44 48 42 79 24 3 86 2 42 27 85 27 77 87 22 52 51 5 16 91 27 72 80 46 10 56 25 75 99 45 29 10 58 6 15 42 57 25 74 61 76 77 60 18 31 35 35 68 49 20 11 59 98 50 71 5 42 99 1 52 81 98 
84 86 67 94 72 74 19 26 3 61 30 75 36 86 28 64 14 32 28 39 1 87 84 79 58 38 64 11 79 43 96 76 63 36 30 81 54 81 4 83 5 64 22 83 38 92 58 84 96 7 96 88 96 4 49 68 62 8 69 66 59 81 24 92 71 37 40 12 6 86 2 28 58 73 23 53 19 71 40 2 44 31 8 96 45 3 4 92 66 0 38 95 84 93 28 4 21 41 29 14 73 13 49 5 0 51 22 54 38 24 64 37 35 55 3 6 23 92 95 15 3 72 31 17 23 41 97 17 58 71 3 65 75 39 17 23 77 48 82 15 66 97 38 9 84 59 58 57 12 65 19 77 70 52 73 72 82 8 80 56 44 10 92 19 33 14 6 42 8 38 84 93 32 6 8 12 77 39 41 74 22 18 7 18 34 37 42 9 73 5 53 95 72 9 71 15 50 99 36 39 
67 20 33 77 20 55 54 42 8 77 9 32 49 98 87 78 11 85 40 85 51 9 79 51 90 57 67 81 22 45 46 89 82 59 33 26 55 59 2 89 52 54 9 34 96 92 67 92 58 62 77 10 15 47 78 0 69 3 52 35 26 40 72 40 29 22 79 21 99 4 85 47 77 7 37 10 36 73 26 58 85 98 69 66 17 30 88 75 97 42 69 84 29 2 59 82 88 45 15 59 86 21 62 66 62 51 12 9 77 70 9 10 88 34 39 89 52 4 79 14 40 97 55 10 22 56 61 66 7 16 78 85 66 27 43 88 63 74 79 64 96 39 64 75 87 16 3 73 37 80 38 38 53 66 87 25 57 77 83 99 8 45 49 27 42 97 57 26 52 68 29 47 83 98 45 71 20 44 72 10 54 64 50 66 87 55 72 12 24 61 49 64 19 25 16 96 34 48 26 9 
22 33 41 57 98 53 52 47 29 25 90 44 60 37 21 33 93 58 48 12 88 45 14 40 10 3 50 22 25 24 51 47 81 45 88 17 42 90 0 79 83 42 41 22 1 34 28 39 31 15 14 17 37 74 11 49 77 57 95 3 16 7 14 45 2 79 65 54 38 35 39 93 41 38 62 54 88 37 23 92 98 92 44 19 56 1 30 63 95 77 74 5 85 80 45 4 6 4 64 5 73 59 35 83 50 1 57 93 63 2 79 70 79 54 7 50 35 5 92 69 80 81 99 5 7 45 67 52 35 59 69 24 23 12 38 14 43 20 67 99 57 53 75 56 95 90 90 23 75 83 61 71 53 31 70 59 24 60 76 31 88 76 11 71 56 21 37 71 0 96 56 17 11 88 54 96 81 23 77 94 10 62 76 87 22 54 76 45 70 48 25 9 62 68 44 84 8 94 18 28 
70 66 85 4 99 51 95 13 37 93 35 71 65 24 90 68 9 73 0 38 39 12 17 85 86 19 69 89 96 40 53 6 92 55 25 66 2 31 82 20 31 80 39 84 29 87 15 84 56 88 8 17 48 53 81 32 65 64 30 41 10 24 53 16 27 69 36 4 20 90 24 19 38 11 72 83 57 94 41 88 64 14 97 97 81 10 70 36 58 62 32 1 92 31 55 46 60 88 16 6 94 79 36 74 97 25 93 13 22 78 17 77 11 15 25 18 3 29 84 69 6 15 9 85 62 60 63 63 90 95 9 85 35 68 43 10 53 14 18 9 41 44 26 10 99 48 4 66 89 37 57 76 56 18 7 74 11 87 23 26 78 70 98 34 19 1 47 46 56 74 88 10 84 97 0 10 2 53 64 80 54 20 46 40 28 72 41 45 95 73 25 69 58 75 2 83 3 35 98 76 
82 17 82 44 49 14 8 11 27 42 83 8 85 6 4 6 54 63 32 23 1 4 71 72 75 67 95 43 23 58 42 67 27 22 44 30 60 82 96 22 9 70 37 54 12 75 52 33 62 16 66 54 85 21 19 43 89 53 23 5 64 41 23 40 24 68 56 6 35 52 57 14 75 27 82 6 1 85 36 56 34 21 99 93 90 88 95 83 15 46 94 98 80 99 3 68 79 29 37 9 92 1 99 9 67 64 94 43 27 74 98 58 29 80 23 0 37 22 92 35 41 9 45 49 68 99 88 50 51 89 15 31 94 97 35 4 84 19 88 91 35 1 85 93 84 91 20 94 31 88 12 5 17 58 32 38 35 85 30 10 48 57 77 22 14 88 85 10 95 5 15 16 79 76 55 40 88 26 76 58 35 46 36 74 90 3 25 38 5 37 17 35 3 92 79 75 53 95 13 93 
42 74 77 31 87 43 35 61 92 21 82 65 21 71 55 20 18 38 18 65 7 12 82 32 76 52 14 97 25 87 49 67 76 70 38 39 70 8 76 10 96 6 24 37 31 60 13 28 88 88 38 18 75 87 17 3 51 15 75 35 1 88 95 8 45 38 47 7 82 79 94 5 96 43 68 31 49 76 58 43 47 83 4 65 83 15 55 80 66 78 9 26 10 25 83 69 78 76 10 78 36 73 96 75 79 46 51 57 25 93 33 71 16 41 3 15 15 73 90 55 99 23 36 85 55 98 35 57 46 71 9 48 72 58 58 70 61 16 66 72 83 46 19 51 58 11 76 96 98 43 91 73 37 59 55 21 58 90 50 56 56 10 91 9 87 84 19 66 63 54 48 29 43 63 56 88 0 45 39 84 84 28 5 10 33 57 90 6 69 98 1 97 47 29 76 62 98 22 19 62 
40 66 37 11 15 5 82 87 6 42 41 3 0 94 66 73 62 11 90 42 26 6 22 24 56 40 34 86 51 71 25 50 9 70 57 94 68 75 43 2 83 55 18 80 0 84 59 27 52 11 29 70 26 42 8 86 47 54 20 43 91 39 23 28 1 67 93 87 65 64 12 82 98 17 22 66 16 27 17 60 59 16 63 23 99 80 34 65 78 97 96 33 93 21 94 72 99 6 34 75 45 16 75 74 3 95 7 84 26 7 21 37 84 14 30 88 40 39 18 60 65 87 69 86 11 22 74 59 87 97 36 5 19 47 54 10 84 53 64 37 64 65 56 66 16 35 93 5 40 0 57 34 32 34 95 3 85 29 79 42 72 55 90 50 10 9 78 31 31 56 96 66 79 64 52 73 84 45 8 6 63 77 6 97 74 92 73 11 41 86 16 85 96 6 68 67 77 48 46 93 
66 65 17 95 80 95 38 6 46 37 25 77 34 23 23 7 10 97 34 7 18 64 45 12 36 71 56 44 43 11 0 67 93 40 71 63 89 2 12 49 1 11 67 34 3 12 29 58 7 99 14 65 52 8 18 53 90 77 5 35 76 12 48 22 35 82 98 38 63 67 19 97 23 46 24 43 83 21 36 76 84 81 26 42 94 44 13 92 96 42 71 81 64 21 43 15 15 87 61 81 54 30 25 65 42 71 51 68 13 28 38 48 11 13 78 6 44 86 54 96 30 73 68 54 86 42 70 66 77 85 1 71 0 80 19 48 66 7 4 76 95 91 88 49 4 87 74 5 10 33 76 87 17 77 29 80 71 88 14 75 40 56 66 97 4 11 99 39 43 68 17 21 70 31 37 1 25 52 15 52 27 75 25 72 72 89 68 37 53 35 40 50 55 85 37 38 34 83 49 58 
47 83 47 86 57 70 15 30 49 66 5 96 73 17 66 19 46 99 86 87 41 4 36 51 19 11 0 45 37 31 27 42 25 65 19 79 95 52 14 46 68 19 21 60 88 28 88 39 48 33 38 82 0 79 16 94 21 75 70 25 13 82 78 66 28 94 47 15 14 89 78 38 87 59 31 62 39 56 61 49 70 47 51 51 54 0 99 72 83 16 84 93 79 32 42 29 40 47 17 80 45 68 95 31 60 3 63 98 60 69 96 76 37 53 81 83 65 19 31 55 36 77 99 71 7 52 52 90 30 80 95 8 92 57 51 57 4 85 32 56 13 99 45 12 51 70 33 30 65 59 72 15 90 53 57 52 39 42 63 12 40 16 82 72 44 46 45 71 20 89 26 72 53 31 34 49 58 5 48 29 13 46 65 47 62 76 58 61 68 88 20 82 63 88 43 29 27 40 5 47 
97 85 95 43 88 34 90 16 83 70 46 98 70 39 46 32 89 50 95 89 98 61 64 0 68 41 6 1 42 15 84 71 80 8 22 98 86 28 87 67 85 18 30 82 5 72 0 66 2 19 19 14 89 61 78 11 68 76 7 73 2 53 16 64 71 3 84 16 97 3 70 16 94 62 46 44 31 26 27 56 37 79 71 59 81 12 12 98 92 30 62 6 43 55 22 81 42 75 30 57 61 49 61 77 25 29 35 87 34 1 72 70 42 62 90 39 24 4 6 78 47 27 90 89 83 3 16 24 62 30 98 76 48 28 14 94 41 26 37 11 4 71 66 88 24 59 46 38 16 77 3 1 29 50 8 7 68 34 24 3 93 93 91 67 49 25 38 39 24 53 10 65 14 89 28 55 48 73 5 68 61 17 50 71 34 68 23 33 52 51 88 42 72 33 41 86 27 60 69 53 
90 26 95 10 85 11 89 16 52 81 53 29 48 3 5 82 32 71 47 97 3 52 57 16 65 47 89 14 31 70 56 52 63 72 10 68 20 23 79 41 25 75 26 26 76 22 50 79 53 60 84 95 46 93 99 60 50 43 79 3 37 3 83 91 56 88 90 85 68 4 35 60 39 78 43 38 43 61 32 66 86 28 38 72 30 84 5 17 56 86 32 74 68 89 85 38 28 89 9 33 3 29 62 47 62 85 55 90 48 35 2 5 72 1 32 68 46 34 67 95 55 32 35 61 96 55 0 3 79 30 76 75 63 39 84 26 64 2 90 47 63 83 54 16 46 11 31 35 9 98 58 15 73 5 92 34 43 38 14 7 38 78 37 19 38 33 87 4 16 64 41 88 89 52 12 27 66 36 30 52 24 77 98 92 92 42 98 67 8 28 98 16 22 77 75 6 59 35 4 78 
77 99 77 36 48 47 35 94 63 92 31 43 68 1 63 33 77 8 86 42 5 3 64 82 37 60 56 63 90 7 38 93 57 52 30 1 83 60 70 29 45 46 19 36 96 57 36 67 51 95 87 9 47 98 57 81 38 3 0 59 45 12 1 18 85 26 53 31 41 86 20 22 97 45 53 41 48 70 73 28 9 64 96 66 96 18 34 40 28 3 2 96 72 10 59 67 96 78 27 8 71 6 29 92 91 52 72 21 68 98 84 48 26 95 4 70 29 35 34 99 36 6 95 2 78 33 34 85 38 26 13 48 55 77 12 6 51 62 24 30 95 38 12 57 37 43 44 37 31 55 15 3 41 90 97 73 45 6 20 85 75 23 8 11 29 74 14 31 10 43 35 24 98 77 72 92 85 23 20 51 97 36 2 79 18 16 15 77 25 36 27 23 13 4 93 13 76 56 67 70 
36 40 9 84 34 20 32 77 19 91 30 6 42 59 43 39 15 87 20 93 73 60 20 59 0 71 96 62 50 97 67 67 44 80 30 72 76 72 40 97 55 79 14 64 67 71 44 0 25 45 24 11 45 8 14 70 49 32 62 66 61 88 14 47 74 55 78 65 84 85 10 9 10 1 37 40 78 36 71 11 38 43 7 86 74 36 65 78 13 89 55 9 1 2 84 75 81 22 35 19 3 19 80 74 6 65 30 59 62 66 34 47 5 26 85 75 25 42 89 62 54 50 91 43 82 83 54 91 27 15 84 11 30 18 40 69 10 13 61 7 76 2 64 40 91 84 56 84 11 81 0 12 1 2 9 85 35 23 79 5 58 14 5 76 81 59 11 46 65 67 48 47 41 16 87 9 6 16 80 15 36 33 4 91 69 47 32 18 44 95 51 93 2 82 44 26 59 74 61 30 
32 39 54 64 13 15 62 56 7 73 37 48 56 17 38 58 31 25 97 3 3 59 73 27 5 93 41 79 57 13 13 13 84 28 23 66 52 64 21 61 44 8 7 64 12 77 95 50 40 48 66 91 7 90 94 31 64 82 31 97 15 53 87 63 36 5 12 44 93 46 98 28 78 54 76 78 30 48 44 86 33 66 56 49 60 5 50 1 73 84 37 72 77 67 89 39 72 5 28 0 17 54 92 72 31 76 94 60 88 49 72 66 18 98 1 65 38 48 0 68 92 58 42 86 75 77 22 42 9 20 46 97 28 98 72 93 29 32 37 53 47 55 98 93 9 98 31 13 70 77 19 68 31 85 97 2 41 40 46 27 86 31 47 60 97 58 80 14 94 3 7 36 75 83 99 19 55 1 66 87 0 36 93 37 8 85 53 63 14 85 75 77 9 59 17 2 94 27 39 12 
5 71 82 83 79 80 70 54 44 93 72 77 96 53 45 40 45 60 35 42 28 46 3 2 50 16 22 92 7 33 63 56 24 13 67 79 61 81 23 0 48 69 24 12 40 74 23 47 27 6 78 38 44 59 99 1 72 24 22 17 67 72 89 97 31 65 14 71 81 15 82 74 7 51 69 77 82 61 65 50 61 20 47 89 66 84 26 10 34 86 90 0 99 56 53 65 81 8 29 6 74 30 65 95 74 79 86 60 48 41 17 89 8 82 22 89 56 33 68 9 49 33 41 24 35 11 16 93 72 25 0 96 62 56 21 9 42 31 75 60 19 41 94 41 18 64 28 18 69 85 28 45 30 73 59 60 18 80 72 13 61 54 26 13 41 0 38 70 80 21 15 95 83 97 34 31 3 36 56 45 97 24 77 6 65 36 55 80 61 80 44 50 60 7 55 49 80 24 69 97 
28 6 77 69 2 45 79 64 75 28 66 68 82 16 87 16 35 45 25 36 40 44 86 83 53 14 15 34 64 75 45 65 12 50 16 95 98 5 50 72 86 17 38 32 5 63 42 92 44 63 86 72 43 82 39 19 29 15 69 26 86 78 73 91 64 26 86 67 20 67 0 66 65 98 63 5 40 7 8 10 39 64 71 80 78 79 13 34 83 44 48 0 51 86 77 59 75 73 1 87 40 58 24 41 0 22 89 17 76 1 64 57 77 94 8 14 16 6 42 99 52 99 69 65 71 68 33 0 24 7 52 52 78 9 18 58 97 26 51 92 93 45 97 38 82 51 79 95 46 67 19 90 81 52 27 95 73 75 74 71 23 79 57 55 15 26 27 13 35 37 26 75 48 56 22 34 68 30 15 98 18 65 2 43 35 19 59 19 28 64 95 12 75 10 53 84 0 90 23 37 
80 51 8 35 45 81 69 18 69 2 4 14 0 27 1 98 31 40 1 89 71 81 79 18 65 68 45 41 48 21 88 88 12 71 70 44 88 92 74 12 2 69 28 8 5 80 15 26 38 91 95 81 41 15 57 64 48 43 29 74 68 0 89 60 72 77 81 56 99 53 4 33 51 29 0 91 78 25 69 63 74 26 95 63 6 34 22 96 14 42 8 68 23 88 60 71 61 89 31 11 44 72 1 32 15 17 29 95 71 7 35 8 41 36 57 24 17 16 16 9 33 57 72 74 48 57 35 20 65 17 60 48 98 54 22 48 99 59 31 99 93 74 27 50 58 70 47 29 82 59 96 77 70 61 19 52 51 33 56 47 11 42 47 81 25 32 77 77 53 96 5 39 6 45 60 24 68 73 46 69 77 93 52 52 1 44 35 37 98 44 61 71 5 26 54 98 38 81 84 58 
65 58 8 98 35 27 67 85 65 99 13 6 48 97 46 59 20 54 26 34 41 28 87 45 27 5 59 81 46 65 63 38 4 29 71 80 67 95 97 17 6 40 10 45 23 37 67 16 0 26 55 71 1 63 55 11 22 71 92 90 13 72 60 11 41 79 96 70 89 32 36 71 66 0 87 6 84 35 79 40 75 2 14 25 92 78 28 23 23 60 66 8 46 73 99 96 89 40 53 81 98 1 62 5 97 74 36 72 88 78 19 74 64 78 31 84 69 2 26 98 70 11 73 56 55 34 51 76 40 76 58 69 23 40 61 37 71 96 93 88 74 50 79 57 51 96 21 39 7 83 27 16 96 20 18 83 5 88 20 87 79 28 30 60 97 86 94 32 40 26 28 88 52 41 39 40 74 48 44 65 1 64 74 56 11 12 28 46 86 47 43 66 14 41 57 81 25 4 41 2 
9 2 55 65 45 49 60 86 50 23 71 9 30 84 89 3 1 33 2 29 36 7 80 90 87 22 28 22 74 70 14 93 8 97 38 19 62 25 6 28 58 53 38 42 9 46 52 11 99 47 8 42 24 87 38 87 64 63 16 89 21 55 79 18 72 84 93 7 25 82 3 28 30 94 23 74 78 95 39 30 57 12 68 65 20 36 48 67 10 20 5 47 22 92 72 82 37 30 82 46 72 89 32 76 71 49 80 51 79 16 60 18 55 24 86 29 32 72 74 39 66 51 4 95 64 71 92 73 35 40 88 35 26 85 92 89 95 38 65 2 46 23 76 24 94 31 77 94 13 1 76 96 92 61 84 4 48 82 46 86 37 3 24 66 14 32 91 13 77 30 58 41 71 69 21 87 7 29 31 9 66 35 42 14 27 14 2 87 87 37 40 96 99 31 34 43 63 65 95 64 
68 67 76 9 2 72 91 74 33 87 82 82 32 44 5 21 67 67 17 53 85 1 84 62 95 8 46 77 39 81 5 27 92 61 90 52 95 45 49 85 42 90 2 10 28 77 21 47 45 23 86 69 98 81 76 6 0 4 50 15 24 36 56 65 58 58 37 24 59 46 44 96 99 66 52 32 71 28 72 27 57 94 29 11 66 0 65 65 57 23 92 72 24 98 20 92 4 67 97 11 77 25 2 73 65 7 94 49 73 97 68 86 67 49 11 59 5 41 26 70 50 68 54 5 92 40 30 71 79 16 67 9 36 83 92 43 38 7 93 23 16 27 37 41 29 24 53 79 24 51 62 98 11 69 28 81 97 38 36 77 76 42 51 40 67 23 70 49 43 78 1 10 20 18 61 69 10 88 90 42 49 95 91 70 18 5 25 78 33 99 94 47 25 99 88 75 7 1 57 50 
86 50 87 4 99 76 3 66 52 64 82 97 18 51 65 55 37 11 51 3 43 2 18 38 74 27 95 75 81 10 18 92 78 17 62 80 3 35 56 21 15 2 18 71 80 74 96 52 84 24 63 53 51 22 22 23 62 81 96 31 3 50 16 72 49 32 12 81 30 44 14 93 31 67 83 88 99 50 73 64 86 39 32 42 65 41 66 93 31 86 76 60 21 15 64 19 89 18 82 65 75 3 14 13 31 91 37 54 79 82 4 65 62 18 59 95 35 39 58 68 51 91 7 86 94 19 32 29 85 51 59 33 31 80 6 99 22 57 90 37 42 2 68 18 4 74 6 26 50 40 59 1 23 99 93 26 16 42 40 87 36 52 41 88 80 40 11 25 60 75 84 30 21 58 84 7 13 89 62 8 21 17 54 43 25 49 55 38 76 85 63 81 31 86 86 97 88 71 92 5 
86 41 29 5 99 9 48 98 20 6 44 9 12 43 74 29 90 42 49 87 87 20 76 4 77 63 40 95 61 49 67 74 71 47 94 42 79 41 26 40 83 24 97 39 12 55 20 46 13 89 12 10 42 52 40 27 45 41 51 26 75 74 73 51 10 86 80 36 70 50 87 28 71 63 26 3 75 54 53 76 55 61 44 56 6 77 4 51 36 97 39 8 62 90 96 36 47 82 36 52 94 47 70 64 60 66 70 41 72 43 64 0 66 37 91 91 86 46 20 99 35 73 35 69 48 33 19 18 3 61 7 3 2 96 67 43 17 61 14 67 63 55 3 70 26 42 58 16 72 75 54 66 3 98 59 69 27 68 96 67 7 41 79 78 46 80 35 50 86 56 39 73 57 75 41 92 69 45 76 87 46 97 7 88 63 53 36 33 45 94 15 68 31 59 76 22 60 51 16 64 
90 0 18 23 41 5 34 76 84 61 46 58 28 13 77 77 81 63 17 18 48 87 86 47 42 70 45 40 28 73 53 41 64 26 6 51 96 35 11 69 24 34 19 87 38 88 88 7 69 92 61 86 56 99 17 92 16 60 57 40 34 42 63 90 24 36 99 2 92 8 80 55 24 59 7 22 95 16 42 55 35 94 43 28 16 15 92 78 65 23 58 47 33 96 19 16 89 59 66 66 85 93 73 84 69 51 14 66 94 80 33 34 3 25 13 5 92 84 10 83 48 84 57 13 27 82 35 73 34 26 67 74 61 85 48 23 97 40 26 92 83 23 63 18 47 88 50 46 84 58 89 21 41 34 12 78 17 47 25 74 70 30 19 10 12 23 93 32 19 91 22 89 92 94 93 26 67 53 66 37 20 85 92 1 98 97 98 98 92 45 44 96 71 27 95 46 43 89 46 85 
49 46 86 99 40 5 62 55 40 88 71 90 13 52 32 84 75 51 48 27 96 71 13 37 17 93 61 61 14 37 19 24 54 98 74 45 13 7 99 61 35 2 17 88 10 32 95 39 35 49 2 16 20 21 47 90 69 50 11 25 97 12 14 6 6 3 66 12 96 60 35 82 94 73 27 44 86 1 77 59 22 83 6 48 90 59 44 12 97 3 92 55 61 71 26 85 91 98 99 32 20 50 81 32 58 73 78 47 32 71 70 89 40 69 20 59 89 39 2 27 9 96 86 26 95 70 49 56 59 82 52 92 99 18 65 44 71 44 88 37 88 57 74 40 20 76 72 73 23 77 38 50 48 60 91 92 19 18 63 58 72 78 53 91 47 27 17 99 5 16 4 74 88 45 57 78 53 61 6 36 69 23 84 60 61 29 60 55 88 80 16 50 22 31 79 64 2 78 21 85 
34 32 40 18 55 76 40 34 6 91 55 78 70 33 38 87 93 62 60 45 35 64 87 11 44 70 54 26 11 36 73 38 77 97 72 3 11 47 63 47 68 28 15 89 36 2 68 52 62 57 89 59 45 64 40 93 45 22 76 51 30 40 73 9 10 52 3 43 50 66 4 47 88 45 61 90 79 25 86 41 63 50 68 50 27 85 19 60 2 37 75 70 52 20 35 41 18 54 65 15 37 64 55 92 56 41 92 59 77 1 54 27 90 64 37 74 82 91 9 81 22 81 1 17 56 50 14 10 10 35 89 71 5 0 15 46 82 39 37 29 75 6 20 3 96 25 92 55 26 51 75 77 8 54 74 48 17 34 76 29 2 0 1 52 19 33 79 43 52 59 70 60 22 23 84 90 92 32 56 33 4 82 17 35 45 84 0 94 66 50 82 70 41 48 58 48 2 72 30 41 
62 76 79 16 57 25 99 60 14 87 74 34 52 69 85 38 56 88 56 68 40 42 94 84 48 43 92 45 42 4 81 82 10 28 2 48 65 59 58 67 43 15 58 35 30 91 71 66 63 11 22 10 86 93 77 16 4 21 90 62 45 32 61 32 74 29 28 61 30 15 80 48 42 92 55 8 33 47 17 80 8 11 89 58 36 94 47 84 54 54 77 79 90 59 66 36 44 58 8 1 56 78 72 44 39 15 38 18 17 44 56 3 6 99 54 92 50 51 82 62 25 2 52 90 89 46 88 34 86 59 88 42 47 57 9 31 39 36 80 63 30 89 14 0 26 21 15 95 2 6 70 71 99 61 31 54 23 54 37 7 83 1 83 10 76 83 14 56 28 19 42 20 55 11 89 50 15 90 31 24 14 53 74 43 93 56 26 96 19 23 40 65 63 65 32 67 84 88 40 48 
77 88 98 32 98 26 35 32 64 38 5 43 27 88 9 36 48 99 90 45 46 20 92 25 1 90 51 84 82 60 12 22 75 16 41 77 7 11 48 12 17 16 62 68 75 35 26 85 43 23 61 28 98 93 21 67 75 45 10 81 63 38 3 53 85 54 3 82 46 12 41 26 6 93 47 89 18 39 55 8 84 36 89 90 11 84 51 90 62 24 15 13 58 81 90 98 11 19 78 84 72 9 71 15 87 61 98 92 81 57 67 5 55 24 51 79 26 74 2 0 0 15 50 91 14 46 4 48 43 91 71 10 36 15 13 41 16 70 63 68 6 97 67 94 47 89 89 46 82 1 86 25 77 19 67 92 0 12 45 6 79 24 82 14 28 16 50 23 89 78 53 32 98 24 36 86 70 54 5 41 13 5 21 35 7 72 64 77 65 2 6 21 84 6 14 18 6 93 14 87 
87 7 65 6 1 63 3 86 96 69 0 58 28 17 13 9 69 58 53 42 84 39 13 34 28 8 32 47 58 74 45 8 66 59 72 5 94 48 87 0 40 94 28 99 19 36 98 21 50 67 26 10 56 4 4 76 90 64 34 64 9 37 55 39 91 77 59 11 99 32 51 93 28 28 74 97 20 85 61 76 26 5 79 31 10 81 74 76 43 95 49 8 80 60 33 36 32 39 90 97 88 69 47 27 7 82 42 7 3 89 28 85 90 17 45 52 34 48 44 0 4 58 62 79 55 44 81 10 35 51 76 54 95 81 64 98 10 32 16 42 17 85 91 40 67 80 96 98 21 26 22 14 49 67 71 46 31 0 33 74 14 97 59 4 6 61 77 24 37 57 14 66 64 21 50 80 14 42 38 19 80 24 39 70 12 45 15 10 4 80 43 7 15 13 89 28 46 99 16 71 
44 22 95 76 22 56 71 85 65 74 51 49 80 65 94 34 48 51 13 77 79 31 17 72 96 93 2 89 27 34 55 58 25 94 90 12 53 93 9 8 48 76 92 73 17 80 9 32 12 10 24 6 25 72 9 22 89 80 97 61 73 36 11 69 26 38 27 51 22 4 59 1 75 10 44 50 76 12 97 29 71 81 0 99 64 58 82 80 97 24 9 53 45 99 50 56 55 71 67 7 52 71 88 50 8 40 60 85 84 19 27 17 44 68 9 81 40 55 99 84 54 92 18 91 11 52 62 0 74 83 72 7 72 5 33 91 53 20 49 81 5 43 39 68 24 6 2 11 54 30 71 14 80 51 96 6 7 48 57 34 96 61 73 92 92 44 22 51 70 78 81 15 31 44 99 93 76 47 92 91 18 98 17 65 54 46 71 58 86 93 59 75 57 59 79 8 69 7 81 23 
70 5 61 56 84 11 22 20 45 13 30 93 64 18 9 64 68 93 12 31 50 50 39 84 37 23 44 14 83 8 89 61 42 34 52 87 53 38 70 87 28 58 69 9 28 93 27 27 9 22 48 72 52 49 98 17 71 51 6 72 23 0 64 49 8 4 95 58 67 75 59 13 28 75 66 39 49 36 79 20 5 9 98 76 91 49 70 17 17 20 11 66 86 43 14 10 21 17 33 86 13 69 25 5 92 9 7 23 14 85 12 91 14 4 40 40 38 1 83 44 0 77 15 20 66 85 91 89 19 56 87 97 92 70 41 40 75 6 83 80 67 83 83 10 9 23 90 41 73 33 19 29 38 76 51 4 47 13 53 83 7 41 94 80 11 97 84 65 3 93 67 61 28 46 14 78 67 79 59 45 43 50 3 71 44 33 10 33 13 24 41 67 40 71 30 62 65 26 72 51 
13 32 73 51 28 22 32 65 16 30 88 85 47 12 34 83 98 83 35 81 29 60 23 11 78 66 92 58 71 23 71 48 3 20 44 53 69 80 97 26 12 80 53 35 40 72 20 23 79 74 31 16 65 15 98 49 82 10 8 64 61 72 9 18 19 94 61 34 8 82 79 81 40 48 46 61 88 35 25 44 27 45 96 5 91 1 76 82 38 60 60 34 34 77 17 65 37 15 46 28 53 0 63 34 28 28 54 21 12 90 9 56 4 59 13 2 93 32 3 62 85 82 19 23 14 15 90 28 96 88 4 78 30 26 59 93 20 94 16 31 70 97 79 27 51 48 80 57 72 43 40 5 47 59 34 3 82 54 89 18 97 55 47 86 51 29 54 75 73 86 62 78 92 12 89 54 0 17 24 86 88 87 66 63 17 32 88 32 15 19 13 17 24 91 78 67 9 93 50 68 
49 1 43 11 28 57 35 60 61 32 11 16 99 91 63 77 82 88 74 75 74 85 73 89 71 37 22 28 20 60 39 74 85 90 80 59 39 62 51 58 82 10 32 40 62 69 61 54 88 23 93 29 30 17 28 84 0 44 2 28 7 24 19 88 75 45 7 97 73 52 88 47 93 76 25 51 65 73 49 40 26 76 44 39 13 12 87 96 32 44 70 69 11 8 27 73 81 4 48 78 45 83 39 14 16 39 78 74 87 54 69 47 14 38 49 58 96 37 11 70 62 72 1 27 43 51 71 69 50 39 61 36 27 13 91 53 46 80 33 37 80 29 22 62 6 79 78 46 74 6 66 3 4 38 35 13 73 23 53 94 0 93 37 89 49 59 2 35 23 70 68 20 51 16 54 97 30 35 7 89 11 59 77 93 78 71 44 97 70 44 66 16 40 70 96 79 69 82 57 74 
76 53 80 14 79 57 63 97 26 67 38 14 69 94 45 46 16 64 50 16 99 93 57 6 16 7 10 97 89 90 13 35 41 58 71 3 99 56 56 24 44 63 40 71 72 52 59 97 78 55 57 5 35 0 84 36 40 81 33 88 60 50 15 67 3 68 26 5 49 54 59 22 33 24 77 99 63 64 8 58 85 60 28 32 84 91 88 96 33 85 20 62 27 23 66 89 85 28 52 87 54 60 32 37 72 2 87 18 20 9 33 38 40 21 70 68 3 26 79 40 37 40 58 27 88 1 55 82 82 47 46 54 26 6 10 98 34 95 13 58 50 69 33 30 7 5 17 74 60 54 93 95 45 98 36 98 89 30 8 84 54 66 41 10 1 50 38 35 1 65 83 38 30 27 32 7 35 87 89 46 99 86 90 20 38 52 27 8 48 57 73 90 19 99 80 26 40 40 0 0 
41 2 21 0 9 0 84 27 47 64 29 97 46 72 18 27 83 45 89 62 87 80 67 29 96 37 16 29 78 80 97 65 68 92 52 39 3 83 81 68 79 17 65 64 65 3 80 14 88 24 25 29 72 55 71 7 41 74 29 62 60 41 0 3 35 83 59 59 66 60 77 82 75 38 33 24 51 89 60 89 89 50 53 98 64 32 1 75 98 70 55 87 67 12 61 96 49 13 29 91 22 47 76 71 43 88 15 18 13 34 41 84 34 63 74 18 61 79 36 19 6 17 72 37 48 62 29 52 73 10 69 55 99 44 30 57 74 91 69 3 83 36 91 4 18 6 93 98 64 19 32 75 56 2 70 18 22 94 82 18 10 21 78 18 88 56 46 96 66 74 21 59 65 34 39 24 4 6 28 83 74 83 64 83 57 17 22 38 3 89 23 57 61 1 26 37 44 23 99 25 
89 42 35 33 82 21 53 42 98 29 83 24 98 68 92 52 40 98 48 82 73 30 86 93 89 10 58 75 43 80 8 88 9 40 46 77 62 33 72 47 12 44 46 21 28 2 3 96 59 38 57 12 64 70 92 14 16 2 86 19 34 39 14 72 18 53 31 59 23 29 8 5 60 68 15 18 15 70 83 98 25 66 90 93 99 4 16 14 61 66 65 42 86 88 5 71 61 1 4 5 21 39 86 88 36 71 82 47 90 7 94 50 49 87 89 29 63 93 55 10 8 86 75 8 78 46 36 92 91 92 7 77 99 74 39 70 13 0 2 50 26 33 28 68 92 65 54 5 96 85 40 71 33 96 5 49 46 84 78 31 58 31 70 58 14 14 37 58 76 51 26 75 14 3 75 64 57 44 14 29 17 14 68 59 68 70 28 41 56 38 18 44 82 88 2 61 36 34 44 64 
6 82 17 15 34 91 59 12 96 57 53 79 58 83 7 9 46 92 92 87 95 48 10 30 82 65 84 37 35 91 46 45 54 6 56 45 51 26 77 67 65 40 57 49 99 3 71 56 71 71 8 98 86 86 50 29 86 59 62 69 65 96 81 90 68 65 68 32 22 22 40 14 68 91 72 95 72 41 22 56 88 74 1 89 90 78 69 22 94 18 25 52 90 35 68 76 63 52 32 39 81 72 98 43 23 81 25 68 89 29 55 53 1 58 78 5 33 22 78 24 56 0 41 21 41 20 42 48 41 95 31 97 7 39 15 73 96 66 42 40 11 39 42 89 33 31 36 51 70 32 20 57 1 69 76 87 95 50 68 94 64 43 58 29 56 29 62 98 53 26 87 96 36 46 17 39 88 74 41 31 79 24 1 62 28 67 8 25 91 5 72 36 87 26 0 22 97 64 43 19 
67 36 4 89 69 23 22 52 66 4 27 84 98 77 26 32 80 36 88 61 28 18 16 61 86 99 39 76 86 4 91 35 6 15 32 42 37 79 3 38 27 32 6 3 49 64 7 27 7 29 83 35 56 13 73 28 90 67 14 41 42 24 59 47 91 31 47 11 97 8 63 43 67 7 86 19 86 43 80 2 79 73 47 30 24 9 32 13 0 61 94 20 16 96 75 94 89 35 26 31 54 34 81 73 71 33 56 21 28 95 79 20 41 22 96 9 95 98 51 46 0 17 18 31 15 17 84 6 48 62 0 38 96 40 53 86 16 92 6 74 33 27 55 63 5 14 95 17 89 53 78 26 35 89 34 4 43 59 77 51 38 61 71 5 32 57 86 57 83 80 11 93 88 82 24 7 24 74 82 71 23 46 0 3 77 26 96 24 83 77 12 13 36 13 6 1 11 95 34 26 
16 99 8 74 84 21 11 26 74 8 2 98 4 42 70 26 41 30 54 39 31 62 8 70 21 75 6 37 14 68 94 65 74 35 96 76 96 26 63 84 66 6 98 63 51 93 59 49 36 17 27 55 54 57 59 66 11 71 13 41 12 94 83 4 43 2 77 51 66 78 93 46 30 64 21 46 86 61 50 69 69 24 61 29 96 94 46 88 93 2 61 8 14 69 83 2 13 96 6 54 83 52 3 54 41 30 32 94 31 68 9 8 18 38 84 50 36 63 51 40 8 77 37 13 98 63 10 42 40 91 43 65 71 50 58 96 16 77 11 58 69 3 73 26 83 79 84 42 35 22 84 94 55 58 16 88 77 20 5 45 60 62 35 44 53 89 59 42 38 96 95 55 48 93 69 3 71 62 66 64 69 94 58 72 97 94 65 23 82 37 15 14 60 72 74 53 17 26 30 27 
88 89 39 85 49 32 31 77 12 73 82 62 41 28 82 30 61 45 76 48 83 62 53 94 50 39 66 73 79 0 75 68 81 63 18 93 47 35 75 38 51 39 88 94 98 47 69 83 57 7 16 1 78 2 10 36 8 86 72 30 56 77 24 66 35 3 92 57 99 35 24 35 20 66 99 3 67 0 82 83 85 21 7 27 11 80 24 0 9 45 0 97 89 36 2 85 82 94 95 40 73 2 70 53 29 76 40 37 29 0 19 38 53 54 72 92 46 49 43 99 46 9 88 0 94 88 9 24 7 1 94 9 60 53 75 68 69 0 80 35 2 39 55 95 8 39 47 67 89 42 59 12 53 78 17 83 88 29 6 52 93 0 38 56 71 95 77 62 11 60 49 3 37 38 43 45 28 15 24 29 47 26 44 65 7 11 45 40 4 37 98 39 62 72 94 0 16 72 63 18 
27 78 15 82 73 79 71 88 68 75 5 63 69 3 78 78 49 5 85 43 91 48 16 97 90 79 90 83 73 78 63 82 91 76 0 46 59 78 57 16 63 65 54 44 49 8 26 44 62 59 3 53 2 75 89 37 85 97 83 47 91 41 13 87 25 90 8 17 55 89 40 98 96 41 96 93 69 22 53 74 20 43 95 51 21 49 60 30 57 65 49 35 7 30 70 94 72 73 75 38 17 53 29 35 63 64 77 22 6 1 47 16 24 54 31 60 99 89 20 98 17 62 26 47 84 78 82 63 18 38 26 36 90 60 73 27 16 24 97 66 83 94 72 99 50 82 96 72 33 49 26 83 30 74 93 15 40 45 16 28 33 28 16 48 79 59 75 48 81 8 54 33 69 81 7 12 48 80 74 16 19 64 94 76 14 44 16 85 40 51 72 84 8 45 70 15 50 39 69 39 
74 73 83 68 60 13 53 80 66 48 85 83 10 23 55 47 53 83 85 62 40 69 63 34 77 84 95 87 90 78 53 61 41 74 52 11 7 4 89 95 32 79 44 69 57 96 43 45 38 60 38 43 79 82 2 47 35 36 31 63 83 0 50 73 30 67 7 41 47 92 10 77 41 82 50 68 85 52 85 72 69 23 93 29 74 34 85 85 39 96 42 33 48 97 74 47 20 41 18 47 57 10 32 10 51 8 79 41 9 53 96 36 0 58 74 60 2 58 47 56 27 84 30 32 85 76 46 74 67 94 90 0 86 81 78 15 95 25 52 28 37 35 32 15 54 0 78 99 81 48 67 75 88 63 11 63 22 61 33 7 85 61 54 42 40 37 43 63 19 51 59 13 50 49 1 91 3 17 45 94 39 9 25 92 2 90 29 60 65 50 22 48 62 56 59 86 84 74 96 31 
17 65 80 3 10 41 55 19 34 73 31 65 2 10 22 3 65 10 80 96 7 69 86 60 39 71 4 53 47 48 25 41 7 72 80 4 10 56 73 80 40 32 55 87 2 40 53 13 91 73 43 68 77 83 25 33 2 39 27 12 72 44 55 8 9 72 74 27 64 52 9 70 81 56 74 72 43 38 96 17 35 80 82 78 93 87 43 12 98 33 69 94 33 82 86 26 63 28 84 24 39 37 64 76 30 45 60 69 16 96 14 87 1 61 36 2 61 86 36 20 35 68 88 43 44 7 55 86 9 30 96 90 85 26 64 29 75 39 5 18 15 78 25 96 95 68 39 13 9 72 16 79 48 49 70 80 37 38 12 99 60 98 71 52 35 41 43 82 98 18 16 76 39 59 26 17 57 27 41 74 2 27 43 4 43 78 2 69 14 50 62 1 88 61 78 99 73 3 8 40 
77 32 66 91 91 23 55 58 18 65 92 83 81 64 39 2 41 63 76 10 28 72 67 54 42 74 8 1 64 91 19 22 21 95 0 0 49 59 34 29 28 0 64 34 45 90 86 48 63 45 15 94 57 80 84 0 77 44 80 85 86 50 63 76 84 65 68 52 2 4 99 35 1 72 63 94 0 2 11 49 51 9 71 16 63 78 2 60 75 87 52 30 23 20 70 98 1 91 39 84 50 10 86 15 90 49 29 47 25 29 91 28 82 90 56 76 10 32 40 57 96 62 94 70 25 84 64 65 38 78 84 85 65 25 85 28 76 65 58 89 9 96 89 0 40 56 20 14 25 99 9 99 95 2 90 93 37 69 1 53 5 42 63 96 41 63 53 45 3 51 34 70 88 70 90 95 40 48 83 89 36 79 19 12 0 64 66 7 13 86 32 84 76 21 46 17 59 49 88 77 
41 72 74 7 58 38 49 21 25 44 99 29 9 14 78 44 54 6 47 92 52 69 26 69 43 3 2 91 18 7 93 31 62 5 78 13 1 46 33 57 62 48 6 52 99 8 45 93 90 31 68 10 49 15 34 72 81 20 63 78 12 23 20 78 81 81 24 28 77 82 97 36 47 36 36 25 26 50 25 41 18 58 61 67 14 35 19 57 21 9 9 85 85 32 14 17 62 72 46 48 88 54 12 24 37 41 55 21 73 99 54 94 4 17 57 97 50 4 26 11 64 53 76 44 69 13 73 33 44 12 94 90 48 58 51 39 24 55 99 80 10 98 58 60 64 99 22 66 34 72 31 95 6 51 96 94 72 29 73 84 57 16 8 7 57 43 87 72 56 8 50 47 29 62 49 14 82 62 76 70 97 58 68 58 53 9 44 63 80 47 53 96 80 76 65 96 69 69 77 62 
97 0 88 15 89 25 47 28 88 51 81 36 78 36 44 91 66 95 91 0 61 60 97 46 72 60 55 55 45 61 62 94 95 47 76 95 40 13 31 43 62 15 71 84 83 23 38 19 49 2 97 54 42 54 92 80 31 78 19 42 62 34 45 88 82 89 53 66 20 13 89 0 62 7 26 39 33 20 89 62 20 28 25 56 73 91 4 66 8 35 47 2 16 72 76 63 34 86 32 51 95 37 17 90 22 86 28 96 19 64 58 98 30 88 23 74 4 31 59 45 95 55 58 52 40 19 15 64 67 68 10 67 25 77 37 74 47 5 64 23 65 48 57 92 6 16 99 31 94 60 43 62 30 89 6 96 40 7 51 97 47 3 89 85 66 78 23 9 10 99 69 66 80 69 75 55 29 38 90 44 33 74 35 71 3 0 47 90 93 39 71 84 42 30 41 72 38 21 10 86 
26 99 12 52 86 16 38 14 77 81 45 58 70 42 44 12 94 15 99 93 34 17 77 16 75 9 60 57 80 95 95 10 37 36 49 88 33 40 41 97 62 30 69 89 66 62 45 96 16 60 11 6 98 51 18 63 81 23 75 38 85 52 22 58 85 66 42 4 51 64 45 50 33 54 82 89 40 54 63 98 53 19 94 22 36 50 28 50 91 34 58 35 43 4 5 52 60 8 51 40 70 94 31 69 25 31 93 66 57 19 90 32 25 0 2 59 24 64 38 19 47 44 99 4 75 57 20 92 81 71 54 4 67 63 34 35 5 44 17 30 78 33 32 12 21 15 3 66 37 56 62 3 11 7 94 87 88 73 22 44 94 89 81 83 30 77 53 96 61 75 14 18 26 19 59 85 85 86 0 35 59 60 2 38 74 19 49 14 42 83 29 84 18 55 95 48 71 60 64 71 
90 13 30 27 16 61 53 59 14 95 17 60 51 87 97 53 70 47 25 78 68 62 41 37 15 62 5 91 49 20 45 49 79 68 8 15 63 49 45 60 86 62 16 60 41 4 57 72 37 55 14 30 72 75 15 54 48 4 6 81 76 37 75 61 12 8 11 15 75 7 3 88 15 97 70 47 70 54 86 51 44 99 10 44 42 67 35 45 53 81 94 83 34 55 31 64 90 71 5 32 53 22 63 43 74 53 5 72 22 33 40 81 51 49 80 49 38 41 66 96 71 99 58 94 0 12 43 95 50 86 60 41 5 61 88 35 3 56 30 10 53 88 65 95 68 39 40 83 60 29 89 21 84 88 89 42 72 76 22 12 20 41 72 58 76 94 78 85 79 91 20 26 71 1 8 74 69 45 62 83 83 69 70 85 30 51 10 17 73 76 13 69 98 54 10 88 21 47 31 69 
13 99 89 51 16 9 15 74 46 4 69 87 80 21 83 0 48 29 30 42 69 94 37 30 21 41 82 6 48 81 98 33 96 76 30 90 67 17 75 0 3 83 24 67 48 47 88 53 40 60 81 28 15 42 67 60 61 35 73 79 33 77 97 98 7 30 24 70 64 75 51 30 34 66 66 69 18 58 76 16 43 76 94 56 33 65 61 83 86 92 75 35 58 48 24 45 30 41 53 37 38 23 36 35 63 83 28 15 45 6 21 98 74 62 13 78 13 25 67 60 90 68 95 15 87 95 49 29 77 5 15 51 65 69 84 76 1 64 62 6 28 27 51 27 84 42 60 37 11 56 79 71 27 96 88 48 95 2 76 90 14 84 12 62 83 19 30 48 61 73 92 90 13 96 98 75 58 96 51 2 69 0 86 9 34 82 59 34 36 93 86 63 15 2 1 49 62 60 8 59 
98 92 89 57 67 72 2 47 91 22 67 59 70 0 60 85 75 30 70 78 44 13 31 48 82 41 80 87 18 23 19 13 98 98 98 37 15 26 1 20 0 80 49 2 79 57 4 56 79 73 21 1 73 46 35 17 94 28 48 37 91 98 3 22 89 10 81 67 77 64 10 81 80 94 77 18 7 92 6 74 0 32 12 78 38 50 1 39 24 24 78 57 68 66 80 4 44 6 64 44 98 68 90 7 66 45 83 48 10 80 79 47 18 84 10 35 11 3 19 77 45 90 25 68 86 57 52 38 76 96 57 62 76 84 48 86 1 88 79 85 59 84 10 94 6 18 65 14 73 80 32 40 37 60 47 33 8 71 13 21 12 50 96 27 42 50 20 44 12 3 58 4 52 89 42 79 4 34 46 7 6 34 22 80 39 99 4 18 25 30 5 94 28 20 31 30 47 4 45 14 
0 53 2 7 76 17 53 52 85 45 36 78 87 34 97 34 75 13 28 54 20 89 87 54 29 11 54 35 54 37 23 39 50 50 73 66 12 32 69 84 84 65 82 53 43 69 62 23 34 89 93 88 63 65 5 15 39 76 95 16 56 15 82 13 10 59 8 43 4 25 91 14 86 39 22 32 92 3 86 24 44 68 73 51 69 10 72 77 13 96 54 77 12 81 56 75 10 83 27 57 12 20 48 85 60 66 88 68 70 40 34 14 71 32 30 11 84 58 35 64 63 42 70 39 92 85 29 8 97 73 56 38 90 58 0 14 57 30 62 94 7 94 69 71 13 0 0 52 2 67 92 45 11 48 14 85 81 83 23 7 63 9 22 48 45 32 39 83 77 53 19 73 43 52 89 74 94 51 1 59 52 30 13 65 36 65 9 56 73 84 81 36 14 38 72 10 90 81 29 34 
61 58 15 70 63 86 99 55 84 15 66 13 69 94 68 61 61 84 41 64 96 5 51 66 2 28 63 81 4 41 69 91 70 31 78 36 91 63 58 69 91 71 22 23 39 83 40 94 34 21 96 32 2 66 49 34 15 8 85 9 99 2 62 24 71 77 55 89 19 36 68 77 20 80 57 35 97 32 35 18 69 87 66 52 50 41 93 88 1 26 47 53 18 6 0 44 97 32 92 70 4 73 11 94 88 85 3 69 84 23 17 91 52 44 9 8 86 11 22 83 23 31 11 94 73 12 3 37 16 83 0 43 57 18 2 10 79 35 26 44 67 26 27 92 46 64 22 12 82 78 19 80 51 93 78 81 9 74 28 45 50 54 78 35 69 1 46 17 87 57 82 0 40 7 40 93 79 29 50 80 58 78 4 77 47 9 12 26 76 71 6 1 38 11 85 36 57 18 51 19 
31 16 56 60 51 57 2 44 38 35 49 49 87 60 67 14 11 49 10 26 40 13 89 58 9 39 51 20 85 46 82 52 27 36 37 89 59 81 19 37 10 90 52 14 30 36 56 67 66 94 43 67 25 73 15 85 79 30 9 4 12 39 90 92 34 6 15 44 2 86 62 32 72 81 89 19 95 64 87 23 15 53 27 53 64 8 18 93 36 97 34 85 41 75 17 34 95 17 19 4 11 77 6 73 72 65 0 88 69 5 13 64 26 79 95 15 67 68 31 52 0 74 86 4 26 4 8 83 54 90 60 11 2 99 49 52 92 17 33 98 44 41 32 98 19 78 95 50 85 41 17 66 41 85 30 63 20 70 89 76 7 8 31 44 68 31 19 52 87 54 67 69 18 60 56 16 53 58 44 84 87 50 89 92 66 85 0 98 23 80 29 13 99 66 62 9 56 3 14 58 
72 72 86 45 35 81 24 60 67 93 9 97 63 78 68 31 35 62 88 55 59 84 34 70 1 36 96 50 40 64 20 89 64 63 7 37 61 64 14 8 26 41 53 51 93 29 37 19 21 65 10 97 67 76 70 97 46 95 19 30 86 20 19 94 6 34 99 72 43 41 58 75 9 71 2 1 18 72 14 91 27 2 12 20 31 37 36 29 23 19 44 26 28 82 28 9 49 56 82 68 25 45 65 57 15 8 9 44 39 21 82 14 89 40 57 40 12 25 69 40 14 88 43 13 81 51 25 86 62 68 59 75 50 69 60 75 19 59 35 4 58 15 81 99 79 88 7 13 36 17 33 54 0 26 57 71 22 0 29 22 23 37 92 90 12 65 38 35 53 32 51 67 97 84 67 93 26 96 34 37 41 30 92 36 96 52 44 53 87 75 50 89 11 45 13 12 1 21 73 26 
71 89 24 95 4 12 92 28 91 12 41 23 51 39 95 75 33 17 90 86 91 91 8 27 48 66 63 36 46 26 87 56 85 55 13 36 33 85 35 57 75 40 54 21 20 56 92 52 33 21 99 2 89 25 35 71 24 45 80 17 56 22 57 84 52 45 51 4 89 19 73 89 43 73 14 25 3 0 71 14 50 40 30 20 51 79 97 39 8 16 26 4 76 45 51 37 53 96 31 6 22 51 75 41 20 81 3 0 9 17 12 62 96 68 62 66 47 3 8 26 16 57 97 81 30 63 16 20 59 87 61 60 69 87 54 88 82 36 31 41 79 81 13 32 62 50 73 81 29 65 50 10 19 95 9 68 28 86 12 92 52 28 71 17 83 1 80 64 64 9 65 37 96 80 6 53 90 75 97 2 50 85 69 76 75 88 36 90 83 74 68 6 15 51 73 74 69 75 78 40 
98 51 25 76 89 71 84 8 99 62 84 71 19 99 16 45 60 15 19 33 62 79 95 63 76 2 19 63 21 75 19 3 92 38 15 24 32 45 68 34 18 37 87 43 50 98 91 76 16 23 15 84 13 83 37 16 15 32 2 2 25 70 36 38 22 93 98 82 70 90 95 28 13 13 7 48 44 64 4 5 60 27 15 69 12 93 1 31 23 38 79 76 61 87 47 53 91 67 27 29 59 26 5 55 92 24 62 8 15 17 74 91 94 20 42 51 62 63 73 99 76 52 21 63 0 74 53 79 54 39 44 36 19 4 41 41 53 47 49 20 24 72 72 48 74 61 61 82 80 84 11 24 39 32 86 51 65 47 64 42 32 49 46 91 38 57 35 34 88 51 20 48 23 55 14 60 71 62 25 8 59 35 89 66 78 97 82 74 42 79 30 82 1 71 29 30 73 66 99 87 
27 51 60 35 43 26 74 38 3 13 17 18 11 80 11 48 69 60 81 72 47 38 23 45 48 14 90 81 99 89 56 48 3 14 68 7 39 20 32 9 17 91 26 52 74 40 97 57 84 53 35 87 42 78 86 25 94 47 6 97 21 96 7 71 3 63 12 0 17 13 42 46 66 5 39 59 86 86 83 55 70 2 29 37 95 14 84 26 93 37 34 12 13 33 9 43 37 42 96 28 10 84 16 9 89 15 35 69 69 50 16 67 45 31 97 4 87 39 90 26 92 5 74 29 81 6 61 19 31 58 71 71 2 26 26 97 27 99 94 3 40 88 12 46 74 83 12 51 61 69 14 78 16 48 33 46 8 58 41 88 81 42 32 33 87 73 72 55 27 11 60 11 70 34 98 64 13 0 70 69 99 8 29 96 38 81 35 67 67 80 49 3 50 36 27 34 3 27 13 84 
23 81 65 59 16 69 7 50 4 40 77 46 50 71 45 93 11 89 8 36 22 62 94 28 31 27 23 74 90 36 16 21 1 22 29 5 79 21 13 46 22 20 5 27 86 45 40 24 69 64 19 99 51 51 81 62 87 94 83 71 10 16 67 51 34 65 40 29 86 70 71 10 61 20 80 97 21 41 81 19 66 85 63 20 96 75 86 83 36 23 66 84 14 90 37 2 9 40 9 76 72 4 78 62 20 28 46 53 9 9 56 3 38 37 95 24 90 85 61 83 88 94 92 13 63 94 95 40 81 97 78 6 69 49 99 71 81 43 95 9 59 99 44 28 66 92 83 5 6 13 86 49 89 32 44 75 21 67 26 94 6 93 60 4 44 20 0 30 74 30 7 54 42 54 0 1 61 92 56 31 87 19 68 54 89 98 52 3 54 76 84 24 43 59 24 58 62 13 88 24 
49 70 63 66 19 77 95 7 83 97 25 6 44 42 96 38 76 8 14 65 98 75 66 77 28 88 21 53 9 31 88 31 12 47 73 10 4 94 79 39 79 73 15 83 79 17 45 40 10 35 96 47 20 9 72 40 91 20 24 40 59 2 64 79 87 0 45 4 50 47 93 22 50 11 81 39 68 41 93 7 32 35 13 10 15 61 6 72 36 51 94 59 86 4 64 89 22 40 8 52 1 37 39 89 14 1 89 26 12 81 81 31 93 20 68 24 59 72 89 2 1 87 73 25 9 24 22 81 66 27 87 82 48 82 39 31 57 93 47 17 49 43 17 28 89 31 70 64 14 85 79 63 40 11 80 69 72 3 68 96 25 83 24 59 56 42 4 68 94 86 21 51 20 69 74 50 57 60 16 70 35 55 30 45 36 12 14 82 41 84 30 68 97 20 77 66 1 60 63 43 
80 30 45 80 16 46 70 71 18 70 79 23 58 43 89 58 19 44 99 11 6 58 75 52 54 5 26 58 37 97 98 73 84 81 87 4 64 16 87 53 96 56 49 12 1 10 33 67 35 58 58 72 11 9 54 6 61 15 44 14 40 71 91 16 69 62 19 4 21 50 69 75 28 95 97 82 41 18 42 96 95 40 17 11 58 53 68 40 99 98 2 65 9 66 64 67 60 67 42 34 8 23 8 51 73 67 11 11 9 51 73 39 7 88 86 89 9 56 54 62 41 5 80 58 45 21 60 13 49 53 1 54 58 71 31 12 8 57 77 61 99 54 61 71 51 47 42 91 50 26 34 80 17 70 1 70 12 59 11 69 18 28 65 64 17 93 27 98 67 83 88 92 78 83 7 85 67 46 76 8 58 81 60 58 50 28 65 4 20 57 31 87 2 27 33 13 19 76 56 95 
79 52 23 73 4 80 30 48 30 21 36 52 90 97 65 26 69 43 37 68 66 84 38 94 57 84 52 40 55 48 85 24 45 2 84 93 76 21 44 22 90 12 23 82 20 20 38 5 85 55 26 84 48 84 59 43 60 46 71 53 39 42 8 36 59 47 29 78 19 79 15 5 66 9 50 56 0 30 63 58 97 76 31 35 42 34 91 83 40 46 99 94 33 77 68 92 25 48 67 77 90 9 55 57 48 81 37 7 2 94 59 14 22 66 43 81 61 31 57 77 51 62 38 29 67 59 37 10 31 77 41 77 56 34 60 52 46 85 4 77 28 52 43 70 45 64 82 59 76 54 69 55 29 77 23 40 30 19 31 81 93 69 44 65 84 55 75 50 55 41 1 43 3 79 66 27 13 85 55 31 52 13 42 78 59 65 3 16 47 48 50 30 6 25 97 12 8 94 35 58 
68 18 9 31 28 53 50 35 82 36 11 41 41 71 9 15 42 93 47 49 49 25 11 69 38 57 72 89 43 69 64 81 87 50 85 61 2 78 22 23 98 50 15 63 53 93 19 95 72 82 45 50 95 51 16 58 55 73 2 75 67 80 53 89 14 93 8 46 90 32 71 31 51 23 33 69 28 30 79 77 7 9 61 53 51 14 43 70 54 60 20 65 89 14 38 67 96 6 35 27 80 0 74 57 22 58 36 89 71 98 20 81 67 7 92 7 63 49 42 32 91 82 28 49 3 59 15 97 50 32 31 33 25 16 32 81 37 0 66 3 91 59 62 66 17 71 97 17 49 68 39 43 93 57 29 54 3 85 6 38 39 52 94 6 9 50 32 78 57 8 65 17 99 0 68 32 93 57 4 0 77 52 80 27 41 22 92 47 6 24 45 6 28 74 64 5 52 39 70 13 
80 51 82 64 78 56 41 29 56 26 68 56 30 2 56 70 51 39 52 66 44 21 4 39 3 1 23 67 64 47 30 5 47 86 23 28 1 98 23 99 47 42 75 95 4 7 76 61 59 64 28 48 52 43 57 28 19 75 4 50 26 89 80 75 61 64 10 95 52 21 52 11 18 85 49 40 18 30 45 69 49 71 25 19 91 48 86 26 82 81 83 4 80 70 9 89 34 35 66 18 5 88 28 38 98 84 64 28 92 80 31 16 68 76 76 23 15 56 40 30 57 1 55 31 33 19 90 68 56 62 62 80 21 51 17 55 23 75 3 91 33 46 77 66 19 36 16 99 44 55 52 35 62 32 76 56 86 73 69 24 75 81 90 97 62 18 1 70 81 46 22 34 71 37 1 73 20 78 22 2 94 25 24 96 42 49 34 75 31 2 17 98 85 24 82 19 69 11 0 90 
69 76 73 59 44 41 70 25 31 98 16 53 99 30 72 5 84 57 22 4 75 93 24 38 13 52 36 73 10 69 68 61 44 28 96 40 88 75 72 24 14 86 6 11 55 59 59 28 17 98 86 54 11 90 81 71 60 78 25 86 47 95 92 56 6 12 82 46 81 8 54 20 19 91 28 85 65 19 44 11 14 18 30 49 26 45 11 72 13 56 64 64 20 40 57 33 60 39 32 47 83 94 0 16 9 59 45 5 53 57 72 32 85 11 57 49 37 64 63 6 97 39 48 11 59 63 38 71 20 89 64 27 19 83 25 74 27 23 87 91 29 54 69 85 65 24 60 80 55 64 68 66 6 69 83 11 43 14 72 25 94 8 28 92 94 72 13 73 20 8 95 85 51 59 90 32 34 69 83 70 59 89 89 14 35 13 81 3 75 15 47 42 24 81 71 58 22 6 10 97 
8 40 79 0 85 34 3 51 8 35 95 48 91 38 70 58 76 80 20 95 95 63 4 16 87 49 75 49 79 59 77 66 28 8 18 79 49 18 34 82 30 22 48 65 85 87 7 48 37 49 88 14 87 30 90 11 16 90 56 90 11 44 7 84 29 65 63 89 51 99 58 72 32 44 52 28 28 85 34 63 10 32 60 25 63 5 24 3 34 11 6 38 12 53 9 5 27 71 33 4 29 47 19 90 72 3 71 10 81 4 48 4 3 11 57 58 56 89 10 47 7 33 75 64 18 59 53 93 78 33 3 93 92 65 86 95 68 57 62 25 5 2 21 24 99 99 80 71 40 9 89 74 55 23 56 95 11 19 77 59 14 78 68 9 90 34 51 70 23 92 78 5 40 72 29 19 29 43 49 5 87 69 61 75 86 90 19 41 72 54 16 52 20 64 52 91 45 37 62 34 
9 34 44 46 28 24 50 71 28 2 10 80 10 89 82 55 49 85 82 33 33 36 70 21 14 74 50 99 55 77 27 96 88 43 67 95 53 87 55 42 51 63 75 25 50 86 26 89 96 39 6 33 30 58 42 22 67 99 74 87 17 46 0 80 82 86 52 93 40 32 81 34 13 97 32 91 29 32 30 40 36 28 42 51 96 32 97 22 48 59 63 36 77 24 0 47 82 41 39 66 4 74 70 70 30 76 67 25 59 11 60 48 88 27 27 2 91 22 88 58 51 26 16 29 19 19 60 19 68 13 34 39 32 86 94 38 13 65 90 54 91 45 2 76 20 53 66 9 12 27 92 19 62 91 30 43 11 2 22 85 6 97 98 25 45 81 27 89 66 56 61 6 58 0 41 88 77 90 1 55 30 64 19 14 6 2 28 69 45 19 12 74 58 93 73 85 43 10 78 4 
17 12 3 48 34 16 75 65 31 98 72 24 76 7 91 87 46 88 93 86 87 36 47 72 9 98 46 83 61 23 59 81 80 68 41 88 15 83 85 1 20 24 99 35 35 36 77 95 10 25 61 50 19 92 10 70 34 27 1 99 30 74 3 49 80 91 10 34 11 54 37 25 24 66 35 37 61 60 48 15 16 1 52 10 84 17 28 82 90 18 24 16 53 79 66 76 17 36 5 85 60 19 84 30 26 45 40 33 90 56 45 52 67 38 57 68 20 72 60 57 48 85 8 55 21 81 3 7 58 52 31 13 99 41 74 95 54 46 87 54 96 91 11 21 16 11 14 56 3 66 88 7 55 7 67 41 60 14 13 55 71 13 45 13 98 70 70 56 76 44 23 87 15 22 75 86 60 93 95 33 85 73 69 72 39 64 99 35 15 35 2 13 87 67 4 3 24 22 18 81 
70 27 45 90 20 60 4 45 28 62 95 25 50 2 46 39 44 41 12 67 45 83 67 37 68 81 35 53 14 77 61 53 44 42 13 4 62 72 61 54 67 80 38 84 97 72 55 38 30 7 9 6 10 79 13 47 41 41 12 92 64 76 1 51 88 88 36 67 20 22 51 11 20 65 65 69 45 50 64 54 13 39 97 98 63 80 5 59 58 51 87 59 36 99 90 55 33 73 36 77 57 69 11 6 6 5 70 39 23 20 88 39 83 94 94 32 61 63 54 63 92 88 77 33 44 79 23 76 78 62 55 86 39 96 72 36 62 40 57 92 14 8 25 78 85 64 93 11 26 82 74 62 93 9 18 46 31 16 82 19 7 28 37 24 29 86 7 29 21 45 4 2 46 4 75 44 25 73 98 34 97 46 63 90 11 69 85 71 96 84 18 79 34 30 44 91 63 31 69 58 
